summary_version,scenario,alpha,pi1,label,m,log10_neff_left,log10_neff_right,mean_neff,log10_mean_neff,power,discovery_probability,certified_no_rank_rate,mean_auroc,count
power-config-v2,alpha_010_pi1_001,0.1,0.01,"$\alpha=0.10,\ \pi_1=0.01$",50,1.6,1.7000000000000002,45.34726171340664,1.6565510673903334,0.07402949142341259,0.07402949142341259,0.931086367739994,0.9992630214890649,3323
power-config-v2,alpha_005_pi1_001,0.05,0.01,"$\alpha=0.05,\ \pi_1=0.01$",50,1.6,1.7000000000000002,45.34726171340664,1.6565510673903334,0.03581101414384592,0.03581101414384592,0.9644899187481192,0.9992630214890649,3323
power-config-v2,alpha_010_pi1_005,0.1,0.05,"$\alpha=0.10,\ \pi_1=0.05$",50,1.6,1.7000000000000002,45.34726171340664,1.6565510673903334,0.08320794462834788,0.1318086066807102,0.8760156485103822,0.9992852843815829,3323
power-config-v2,alpha_005_pi1_005,0.05,0.05,"$\alpha=0.05,\ \pi_1=0.05$",50,1.6,1.7000000000000002,45.34726171340664,1.6565510673903334,0.03806801083358411,0.06620523623232019,0.9349984953355401,0.9992852843815829,3323
power-config-v2,alpha_010_pi1_001,0.1,0.01,"$\alpha=0.10,\ \pi_1=0.01$",100,1.6,1.7000000000000002,45.34726171340664,1.6565510673903334,0.03490821546795065,0.03490821546795065,0.9668973818838399,0.9993221410615329,3323
power-config-v2,alpha_005_pi1_001,0.05,0.01,"$\alpha=0.05,\ \pi_1=0.01$",100,1.6,1.7000000000000002,45.34726171340664,1.6565510673903334,0.015949443274149863,0.015949443274149863,0.9855552211856756,0.9993221410615329,3323
power-config-v2,alpha_010_pi1_005,0.1,0.05,"$\alpha=0.10,\ \pi_1=0.05$",100,1.6,1.7000000000000002,45.34726171340664,1.6565510673903334,0.0609690039121276,0.15708696960577792,0.8546494131808606,0.9993316122083724,3323
power-config-v2,alpha_005_pi1_005,0.05,0.05,"$\alpha=0.05,\ \pi_1=0.05$",100,1.6,1.7000000000000002,45.34726171340664,1.6565510673903334,0.022931086367739995,0.07102016250376166,0.9304845019560638,0.9993316122083724,3323
power-config-v2,alpha_010_pi1_001,0.1,0.01,"$\alpha=0.10,\ \pi_1=0.01$",200,1.6,1.7000000000000002,45.34726171340664,1.6565510673903334,0.019861570869696057,0.034607282575985554,0.9684020463436653,0.9992947835259003,3323
power-config-v2,alpha_005_pi1_001,0.05,0.01,"$\alpha=0.05,\ \pi_1=0.01$",200,1.6,1.7000000000000002,45.34726171340664,1.6565510673903334,0.006169124285284382,0.012037315678603671,0.9885645501053265,0.9992947835259003,3323
power-config-v2,alpha_010_pi1_005,0.1,0.05,"$\alpha=0.10,\ \pi_1=0.05$",200,1.6,1.7000000000000002,45.34726171340664,1.6565510673903334,0.041318086066807105,0.1543785735780921,0.8549503460728257,0.9993442830669818,3323
power-config-v2,alpha_005_pi1_005,0.05,0.05,"$\alpha=0.05,\ \pi_1=0.05$",200,1.6,1.7000000000000002,45.34726171340664,1.6565510673903334,0.012669274751730367,0.07011736382786639,0.9319891664158892,0.9993442830669818,3323
power-config-v2,alpha_010_pi1_001,0.1,0.01,"$\alpha=0.10,\ \pi_1=0.01$",500,1.6,1.7000000000000002,45.34726171340664,1.6565510673903334,0.007523322299127295,0.027685826060788444,0.9756244357508276,0.9993501065424027,3323
power-config-v2,alpha_005_pi1_001,0.05,0.01,"$\alpha=0.05,\ \pi_1=0.01$",500,1.6,1.7000000000000002,45.34726171340664,1.6565510673903334,0.003009328919650918,0.012940114354498947,0.9873608185374662,0.9993501065424027,3323
power-config-v2,alpha_010_pi1_005,0.1,0.05,"$\alpha=0.10,\ \pi_1=0.05$",500,1.6,1.7000000000000002,45.34726171340664,1.6565510673903334,0.0255552211856756,0.1432440565753837,0.862473668371953,0.9993563203826602,3323
power-config-v2,alpha_005_pi1_005,0.05,0.05,"$\alpha=0.05,\ \pi_1=0.05$",500,1.6,1.7000000000000002,45.34726171340664,1.6565510673903334,0.0059103219981944035,0.05657538368943726,0.9446283478784231,0.9993563203826602,3323
power-config-v2,alpha_010_pi1_001,0.1,0.01,"$\alpha=0.10,\ \pi_1=0.01$",1000,1.6,1.7000000000000002,45.34726171340664,1.6565510673903334,0.0031898886548299725,0.024375564249172435,0.9777309659945832,0.99931271791037,3323
power-config-v2,alpha_005_pi1_001,0.05,0.01,"$\alpha=0.05,\ \pi_1=0.01$",1000,1.6,1.7000000000000002,45.34726171340664,1.6565510673903334,0.0010532651218778215,0.00842612097502257,0.9918748119169425,0.99931271791037,3323
power-config-v2,alpha_010_pi1_005,0.1,0.05,"$\alpha=0.10,\ \pi_1=0.05$",1000,1.6,1.7000000000000002,45.34726171340664,1.6565510673903334,0.020403250075233217,0.13391513692446586,0.8718025880228709,0.9993278109507893,3323
power-config-v2,alpha_005_pi1_005,0.05,0.05,"$\alpha=0.05,\ \pi_1=0.05$",1000,1.6,1.7000000000000002,45.34726171340664,1.6565510673903334,0.0028408065001504675,0.04664459825458923,0.9548600662052362,0.9993278109507893,3323
power-config-v2,alpha_010_pi1_001,0.1,0.01,"$\alpha=0.10,\ \pi_1=0.01$",2000,1.6,1.7000000000000002,45.34726171340664,1.6565510673903334,0.0011736382786638583,0.017755040625940414,0.98344869094192,0.9993250288014038,3323
power-config-v2,alpha_005_pi1_001,0.05,0.01,"$\alpha=0.05,\ \pi_1=0.01$",2000,1.6,1.7000000000000002,45.34726171340664,1.6565510673903334,0.00033102618116160107,0.005717724947336744,0.9942822750526633,0.9993250288014038,3323
power-config-v2,alpha_010_pi1_005,0.1,0.05,"$\alpha=0.10,\ \pi_1=0.05$",2000,1.6,1.7000000000000002,45.34726171340664,1.6565510673903334,0.014953355401745413,0.11585916340656034,0.8883538970809509,0.9993316122083712,3323
power-config-v2,alpha_005_pi1_005,0.05,0.05,"$\alpha=0.05,\ \pi_1=0.05$",2000,1.6,1.7000000000000002,45.34726171340664,1.6565510673903334,0.0008847427023773697,0.03219981944026482,0.9690039121275955,0.9993316122083712,3323
power-config-v2,alpha_010_pi1_001,0.1,0.01,"$\alpha=0.10,\ \pi_1=0.01$",50,1.5,1.6,35.59450816359278,1.551382996337119,0.07870540639941155,0.07870540639941155,0.9279146745126885,0.9994896082743505,2719
power-config-v2,alpha_005_pi1_001,0.05,0.01,"$\alpha=0.05,\ \pi_1=0.01$",50,1.5,1.6,35.59450816359278,1.551382996337119,0.041191614564178004,0.041191614564178004,0.9617506436189776,0.9994896082743505,2719
power-config-v2,alpha_010_pi1_005,0.1,0.05,"$\alpha=0.10,\ \pi_1=0.05$",50,1.5,1.6,35.59450816359278,1.551382996337119,0.09360058845163663,0.15226186097830086,0.8569326958440603,0.9996015692043645,2719
power-config-v2,alpha_005_pi1_005,0.05,0.05,"$\alpha=0.05,\ \pi_1=0.05$",50,1.5,1.6,35.59450816359278,1.551382996337119,0.04652445752114748,0.08091210003677823,0.9227657226921663,0.9996015692043645,2719
power-config-v2,alpha_010_pi1_001,0.1,0.01,"$\alpha=0.10,\ \pi_1=0.01$",100,1.5,1.6,35.59450816359278,1.551382996337119,0.04707613093048915,0.04707613093048915,0.9551305627068776,0.9995802081127569,2719
power-config-v2,alpha_005_pi1_001,0.05,0.01,"$\alpha=0.05,\ \pi_1=0.01$",100,1.5,1.6,35.59450816359278,1.551382996337119,0.022434718646561234,0.022434718646561234,0.9783008458992276,0.9995802081127569,2719
power-config-v2,alpha_010_pi1_005,0.1,0.05,"$\alpha=0.10,\ \pi_1=0.05$",100,1.5,1.6,35.59450816359278,1.551382996337119,0.07112909157778594,0.18646561235748438,0.8260389849209269,0.999473490640909,2719
power-config-v2,alpha_005_pi1_005,0.05,0.05,"$\alpha=0.05,\ \pi_1=0.05$",100,1.5,1.6,35.59450816359278,1.551382996337119,0.027436557557925706,0.09084222140492829,0.9106289076866495,0.999473490640909,2719
power-config-v2,alpha_010_pi1_001,0.1,0.01,"$\alpha=0.10,\ \pi_1=0.01$",200,1.5,1.6,35.59450816359278,1.551382996337119,0.020779698418536226,0.038249356381022434,0.9639573372563442,0.9995412009019952,2719
power-config-v2,alpha_005_pi1_001,0.05,0.01,"$\alpha=0.05,\ \pi_1=0.01$",200,1.5,1.6,35.59450816359278,1.551382996337119,0.00735564545788893,0.013975726369988967,0.986024273630011,0.9995412009019952,2719
power-config-v2,alpha_010_pi1_005,0.1,0.05,"$\alpha=0.10,\ \pi_1=0.05$",200,1.5,1.6,35.59450816359278,1.551382996337119,0.047296800294225824,0.182052225082751,0.8234645090106657,0.999537368614623,2719
power-config-v2,alpha_005_pi1_005,0.05,0.05,"$\alpha=0.05,\ \pi_1=0.05$",200,1.5,1.6,35.59450816359278,1.551382996337119,0.016954762780433976,0.09231335049650607,0.9091577785950717,0.999537368614623,2719
power-config-v2,alpha_010_pi1_001,0.1,0.01,"$\alpha=0.10,\ \pi_1=0.01$",500,1.5,1.6,35.59450816359278,1.551382996337119,0.009709452004413387,0.039352703199705776,0.9624862081647665,0.9994799038565133,2719
power-config-v2,alpha_005_pi1_001,0.05,0.01,"$\alpha=0.05,\ \pi_1=0.01$",500,1.5,1.6,35.59450816359278,1.551382996337119,0.0032364840014711305,0.015446855461566752,0.9852887090842222,0.9994799038565133,2719
power-config-v2,alpha_010_pi1_005,0.1,0.05,"$\alpha=0.10,\ \pi_1=0.05$",500,1.5,1.6,35.59450816359278,1.551382996337119,0.028289812431040815,0.16550202280250093,0.8425891872011769,0.9994928476026397,2719
power-config-v2,alpha_005_pi1_005,0.05,0.05,"$\alpha=0.05,\ \pi_1=0.05$",500,1.5,1.6,35.59450816359278,1.551382996337119,0.006723059948510482,0.06767193821257815,0.9345347554247885,0.9994928476026397,2719
power-config-v2,alpha_010_pi1_001,0.1,0.01,"$\alpha=0.10,\ \pi_1=0.01$",1000,1.5,1.6,35.59450816359278,1.551382996337119,0.0027215888194189043,0.02206693637366679,0.9786686281721221,0.9995125956141031,2719
power-config-v2,alpha_005_pi1_001,0.05,0.01,"$\alpha=0.05,\ \pi_1=0.01$",1000,1.5,1.6,35.59450816359278,1.551382996337119,0.0008826774549466717,0.007723427730783376,0.9926443545421111,0.9995125956141031,2719
power-config-v2,alpha_010_pi1_005,0.1,0.05,"$\alpha=0.10,\ \pi_1=0.05$",1000,1.5,1.6,35.59450816359278,1.551382996337119,0.02122839279146746,0.16550202280250093,0.8433247517469658,0.9994889762102928,2719
power-config-v2,alpha_005_pi1_005,0.05,0.05,"$\alpha=0.05,\ \pi_1=0.05$",1000,1.5,1.6,35.59450816359278,1.551382996337119,0.003641044501655021,0.06730415593968371,0.9345347554247885,0.9994889762102928,2719
power-config-v2,alpha_010_pi1_001,0.1,0.01,"$\alpha=0.10,\ \pi_1=0.01$",2000,1.5,1.6,35.59450816359278,1.551382996337119,0.0014159617506436187,0.020595807282089002,0.9797719749908055,0.9995112953737438,2719
power-config-v2,alpha_005_pi1_001,0.05,0.01,"$\alpha=0.05,\ \pi_1=0.01$",2000,1.5,1.6,35.59450816359278,1.551382996337119,0.0003493931592497242,0.005516734093416698,0.9948510481794778,0.9995112953737438,2719
power-config-v2,alpha_010_pi1_005,0.1,0.05,"$\alpha=0.10,\ \pi_1=0.05$",2000,1.5,1.6,35.59450816359278,1.551382996337119,0.014130194924604638,0.13166605369621184,0.8727473335785215,0.999496718994985,2719
power-config-v2,alpha_005_pi1_005,0.05,0.05,"$\alpha=0.05,\ \pi_1=0.05$",2000,1.5,1.6,35.59450816359278,1.551382996337119,0.0014453843324751749,0.049650606840750275,0.9521883045237219,0.999496718994985,2719
power-config-v2,alpha_010_pi1_001,0.1,0.01,"$\alpha=0.10,\ \pi_1=0.01$",50,1.4,1.5,28.326777596484014,1.4521971727674137,0.06482546988876103,0.06482546988876103,0.9393939393939394,0.9994207118981077,2607
power-config-v2,alpha_005_pi1_001,0.05,0.01,"$\alpha=0.05,\ \pi_1=0.01$",50,1.4,1.5,28.326777596484014,1.4521971727674137,0.023782125047947834,0.023782125047947834,0.9773686229382432,0.9994207118981077,2607
power-config-v2,alpha_010_pi1_005,0.1,0.05,"$\alpha=0.10,\ \pi_1=0.05$",50,1.4,1.5,28.326777596484014,1.4521971727674137,0.09282700421940929,0.1518987341772152,0.8592251630226314,0.9995285129778803,2607
power-config-v2,alpha_005_pi1_005,0.05,0.05,"$\alpha=0.05,\ \pi_1=0.05$",50,1.4,1.5,28.326777596484014,1.4521971727674137,0.046413502109704644,0.08016877637130802,0.9213655542769467,0.9995285129778803,2607
power-config-v2,alpha_010_pi1_001,0.1,0.01,"$\alpha=0.10,\ \pi_1=0.01$",100,1.4,1.5,28.326777596484014,1.4521971727674137,0.04027617951668585,0.04027617951668585,0.9624088991177598,0.9994536852994852,2607
power-config-v2,alpha_005_pi1_001,0.05,0.01,"$\alpha=0.05,\ \pi_1=0.01$",100,1.4,1.5,28.326777596484014,1.4521971727674137,0.01802838511699271,0.01802838511699271,0.9819716148830073,0.9994536852994852,2607
power-config-v2,alpha_010_pi1_005,0.1,0.05,"$\alpha=0.10,\ \pi_1=0.05$",100,1.4,1.5,28.326777596484014,1.4521971727674137,0.06421173762945917,0.18450326045262755,0.8262370540851554,0.9995356630932911,2607
power-config-v2,alpha_005_pi1_005,0.05,0.05,"$\alpha=0.05,\ \pi_1=0.05$",100,1.4,1.5,28.326777596484014,1.4521971727674137,0.02639048714998082,0.09205983889528194,0.9106252397391638,0.9995356630932911,2607
power-config-v2,alpha_010_pi1_001,0.1,0.01,"$\alpha=0.10,\ \pi_1=0.01$",200,1.4,1.5,28.326777596484014,1.4521971727674137,0.020713463751438434,0.0364403528960491,0.965861143076333,0.9994246260069045,2607
power-config-v2,alpha_005_pi1_001,0.05,0.01,"$\alpha=0.05,\ \pi_1=0.01$",200,1.4,1.5,28.326777596484014,1.4521971727674137,0.009014192558496356,0.01726121979286536,0.9827387802071347,0.9994246260069045,2607
power-config-v2,alpha_010_pi1_005,0.1,0.05,"$\alpha=0.10,\ \pi_1=0.05$",200,1.4,1.5,28.326777596484014,1.4521971727674137,0.04296125815113159,0.17683160721135405,0.8339087073264289,0.9995013425393179,2607
power-config-v2,alpha_005_pi1_005,0.05,0.05,"$\alpha=0.05,\ \pi_1=0.05$",200,1.4,1.5,28.326777596484014,1.4521971727674137,0.01653241273494438,0.09397775220560031,0.9090909090909091,0.9995013425393179,2607
power-config-v2,alpha_010_pi1_001,0.1,0.01,"$\alpha=0.10,\ \pi_1=0.01$",500,1.4,1.5,28.326777596484014,1.4521971727674137,0.00820866896816264,0.03222094361334868,0.969313387034906,0.9994660839309863,2607
power-config-v2,alpha_005_pi1_001,0.05,0.01,"$\alpha=0.05,\ \pi_1=0.01$",500,1.4,1.5,28.326777596484014,1.4521971727674137,0.0024549290372075194,0.011507479861910242,0.9888761028001535,0.9994660839309863,2607
power-config-v2,alpha_010_pi1_005,0.1,0.05,"$\alpha=0.10,\ \pi_1=0.05$",500,1.4,1.5,28.326777596484014,1.4521971727674137,0.023444572305331802,0.16072113540467972,0.8461833525124665,0.9994888256313964,2607
power-config-v2,alpha_005_pi1_005,0.05,0.05,"$\alpha=0.05,\ \pi_1=0.05$",500,1.4,1.5,28.326777596484014,1.4521971727674137,0.006352128883774456,0.07249712313003452,0.9298043728423475,0.9994888256313964,2607
power-config-v2,alpha_010_pi1_001,0.1,0.01,"$\alpha=0.10,\ \pi_1=0.01$",1000,1.4,1.5,28.326777596484014,1.4521971727674137,0.0037207518220176454,0.028768699654775604,0.9735327963176065,0.9994924310229253,2607
power-config-v2,alpha_005_pi1_001,0.05,0.01,"$\alpha=0.05,\ \pi_1=0.01$",1000,1.4,1.5,28.326777596484014,1.4521971727674137,0.0009205983889528193,0.008822401227464518,0.9911775987725355,0.9994924310229253,2607
power-config-v2,alpha_010_pi1_005,0.1,0.05,"$\alpha=0.10,\ \pi_1=0.05$",1000,1.4,1.5,28.326777596484014,1.4521971727674137,0.018780207134637517,0.14767932489451477,0.8576908323743767,0.9994690408414579,2607
power-config-v2,alpha_005_pi1_005,0.05,0.05,"$\alpha=0.05,\ \pi_1=0.05$",1000,1.4,1.5,28.326777596484014,1.4521971727674137,0.00336018411967779,0.05753739930955121,0.9439969313387034,0.9994690408414579,2607
power-config-v2,alpha_010_pi1_001,0.1,0.01,"$\alpha=0.10,\ \pi_1=0.01$",2000,1.4,1.5,28.326777596484014,1.4521971727674137,0.0014959723820483315,0.019562715765247412,0.9815880322209436,0.9994835195065338,2607
power-config-v2,alpha_005_pi1_001,0.05,0.01,"$\alpha=0.05,\ \pi_1=0.01$",2000,1.4,1.5,28.326777596484014,1.4521971727674137,0.0004219409282700423,0.007671653241273495,0.9927119294207902,0.9994835195065338,2607
power-config-v2,alpha_010_pi1_005,0.1,0.05,"$\alpha=0.10,\ \pi_1=0.05$",2000,1.4,1.5,28.326777596484014,1.4521971727674137,0.011902570003835827,0.13195243574990412,0.8738013041810511,0.9994714634687977,2607
power-config-v2,alpha_005_pi1_005,0.05,0.05,"$\alpha=0.05,\ \pi_1=0.05$",2000,1.4,1.5,28.326777596484014,1.4521971727674137,0.0013693901035673188,0.046413502109704644,0.953970080552359,0.9994714634687977,2607
power-config-v2,alpha_010_pi1_001,0.1,0.01,"$\alpha=0.10,\ \pi_1=0.01$",50,1.3,1.4,22.451547157631122,1.351246274019516,0.06653465346534654,0.06653465346534654,0.9370297029702971,0.9995150535461711,2525
power-config-v2,alpha_005_pi1_001,0.05,0.01,"$\alpha=0.05,\ \pi_1=0.01$",50,1.3,1.4,22.451547157631122,1.351246274019516,0.03683168316831683,0.03683168316831683,0.9643564356435643,0.9995150535461711,2525
power-config-v2,alpha_010_pi1_005,0.1,0.05,"$\alpha=0.10,\ \pi_1=0.05$",50,1.3,1.4,22.451547157631122,1.351246274019516,0.08594059405940593,0.13821782178217823,0.8720792079207921,0.9994966996699673,2525
power-config-v2,alpha_005_pi1_005,0.05,0.05,"$\alpha=0.05,\ \pi_1=0.05$",50,1.3,1.4,22.451547157631122,1.351246274019516,0.04,0.06772277227722773,0.9358415841584159,0.9994966996699673,2525
power-config-v2,alpha_010_pi1_001,0.1,0.01,"$\alpha=0.10,\ \pi_1=0.01$",100,1.3,1.4,22.451547157631122,1.351246274019516,0.03603960396039604,0.03603960396039604,0.9659405940594059,0.9995319531953197,2525
power-config-v2,alpha_005_pi1_001,0.05,0.01,"$\alpha=0.05,\ \pi_1=0.01$",100,1.3,1.4,22.451547157631122,1.351246274019516,0.016633663366336635,0.016633663366336635,0.9837623762376237,0.9995319531953197,2525
power-config-v2,alpha_010_pi1_005,0.1,0.05,"$\alpha=0.10,\ \pi_1=0.05$",100,1.3,1.4,22.451547157631122,1.351246274019516,0.058059405940594055,0.17227722772277226,0.8376237623762376,0.9995080771235014,2525
power-config-v2,alpha_005_pi1_005,0.05,0.05,"$\alpha=0.05,\ \pi_1=0.05$",100,1.3,1.4,22.451547157631122,1.351246274019516,0.024633663366336628,0.08554455445544555,0.9168316831683169,0.9995080771235014,2525
power-config-v2,alpha_010_pi1_001,0.1,0.01,"$\alpha=0.10,\ \pi_1=0.01$",200,1.3,1.4,22.451547157631122,1.351246274019516,0.022376237623762375,0.04,0.9631683168316831,0.999569956995699,2525
power-config-v2,alpha_005_pi1_001,0.05,0.01,"$\alpha=0.05,\ \pi_1=0.01$",200,1.3,1.4,22.451547157631122,1.351246274019516,0.008514851485148515,0.016237623762376238,0.9841584158415841,0.999569956995699,2525
power-config-v2,alpha_010_pi1_005,0.1,0.05,"$\alpha=0.10,\ \pi_1=0.05$",200,1.3,1.4,22.451547157631122,1.351246274019516,0.038257425742574264,0.16673267326732674,0.8407920792079208,0.9994955706096932,2525
power-config-v2,alpha_005_pi1_005,0.05,0.05,"$\alpha=0.05,\ \pi_1=0.05$",200,1.3,1.4,22.451547157631122,1.351246274019516,0.014574257425742573,0.08594059405940593,0.9168316831683169,0.9994955706096932,2525
power-config-v2,alpha_010_pi1_001,0.1,0.01,"$\alpha=0.10,\ \pi_1=0.01$",500,1.3,1.4,22.451547157631122,1.351246274019516,0.007366336633663367,0.030495049504950494,0.9718811881188119,0.9995383538353833,2525
power-config-v2,alpha_005_pi1_001,0.05,0.01,"$\alpha=0.05,\ \pi_1=0.01$",500,1.3,1.4,22.451547157631122,1.351246274019516,0.0030099009900990117,0.013861386138613862,0.9865346534653465,0.9995383538353833,2525
power-config-v2,alpha_010_pi1_005,0.1,0.05,"$\alpha=0.10,\ \pi_1=0.05$",500,1.3,1.4,22.451547157631122,1.351246274019516,0.022495049504950498,0.16237623762376238,0.8475247524752475,0.9995180823345484,2525
power-config-v2,alpha_005_pi1_005,0.05,0.05,"$\alpha=0.05,\ \pi_1=0.05$",500,1.3,1.4,22.451547157631122,1.351246274019516,0.005386138613861386,0.0700990099009901,0.9326732673267327,0.9995180823345484,2525
power-config-v2,alpha_010_pi1_001,0.1,0.01,"$\alpha=0.10,\ \pi_1=0.01$",1000,1.3,1.4,22.451547157631122,1.351246274019516,0.004475247524752476,0.03287128712871287,0.9699009900990099,0.9995295529552951,2525
power-config-v2,alpha_005_pi1_001,0.05,0.01,"$\alpha=0.05,\ \pi_1=0.01$",1000,1.3,1.4,22.451547157631122,1.351246274019516,0.001346534653465347,0.011881188118811881,0.9881188118811881,0.9995295529552951,2525
power-config-v2,alpha_010_pi1_005,0.1,0.05,"$\alpha=0.10,\ \pi_1=0.05$",1000,1.3,1.4,22.451547157631122,1.351246274019516,0.015065346534653468,0.13782178217821783,0.8685148514851485,0.9995339239187063,2525
power-config-v2,alpha_005_pi1_005,0.05,0.05,"$\alpha=0.05,\ \pi_1=0.05$",1000,1.3,1.4,22.451547157631122,1.351246274019516,0.0029861386138613864,0.0594059405940594,0.9413861386138613,0.9995339239187063,2525
power-config-v2,alpha_010_pi1_001,0.1,0.01,"$\alpha=0.10,\ \pi_1=0.01$",2000,1.3,1.4,22.451547157631122,1.351246274019516,0.001326732673267327,0.021386138613861388,0.979009900990099,0.999517151715171,2525
power-config-v2,alpha_005_pi1_001,0.05,0.01,"$\alpha=0.05,\ \pi_1=0.01$",2000,1.3,1.4,22.451547157631122,1.351246274019516,0.0004950495049504952,0.008712871287128714,0.9916831683168317,0.999517151715171,2525
power-config-v2,alpha_010_pi1_005,0.1,0.05,"$\alpha=0.10,\ \pi_1=0.05$",2000,1.3,1.4,22.451547157631122,1.351246274019516,0.010689108910891093,0.1188118811881188,0.8851485148514852,0.9995241271495562,2525
power-config-v2,alpha_005_pi1_005,0.05,0.05,"$\alpha=0.05,\ \pi_1=0.05$",2000,1.3,1.4,22.451547157631122,1.351246274019516,0.0012396039603960398,0.04475247524752475,0.9556435643564356,0.9995241271495562,2525
power-config-v2,alpha_010_pi1_001,0.1,0.01,"$\alpha=0.10,\ \pi_1=0.01$",50,1.2,1.3,17.858295888297196,1.2518400143722934,0.059727711901624944,0.059727711901624944,0.9446640316205533,0.9994353472614342,2277
power-config-v2,alpha_005_pi1_001,0.05,0.01,"$\alpha=0.05,\ \pi_1=0.01$",50,1.2,1.3,17.858295888297196,1.2518400143722934,0.032498902064119456,0.032498902064119456,0.9683794466403162,0.9994353472614342,2277
power-config-v2,alpha_010_pi1_005,0.1,0.05,"$\alpha=0.10,\ \pi_1=0.05$",50,1.2,1.3,17.858295888297196,1.2518400143722934,0.06499780412823891,0.11198945981554677,0.8959156785243741,0.9993778363343582,2277
power-config-v2,alpha_005_pi1_005,0.05,0.05,"$\alpha=0.05,\ \pi_1=0.05$",50,1.2,1.3,17.858295888297196,1.2518400143722934,0.032498902064119456,0.056214317083882304,0.9446640316205533,0.9993778363343582,2277
power-config-v2,alpha_010_pi1_001,0.1,0.01,"$\alpha=0.10,\ \pi_1=0.01$",100,1.2,1.3,17.858295888297196,1.2518400143722934,0.03337725076855512,0.03337725076855512,0.9675010979358806,0.9994366147198827,2277
power-config-v2,alpha_005_pi1_001,0.05,0.01,"$\alpha=0.05,\ \pi_1=0.01$",100,1.2,1.3,17.858295888297196,1.2518400143722934,0.015371102327624066,0.015371102327624066,0.9846288976723759,0.9994366147198827,2277
power-config-v2,alpha_010_pi1_005,0.1,0.05,"$\alpha=0.10,\ \pi_1=0.05$",100,1.2,1.3,17.858295888297196,1.2518400143722934,0.04391743522178303,0.13526570048309178,0.8708827404479579,0.9994498763377482,2277
power-config-v2,alpha_005_pi1_005,0.05,0.05,"$\alpha=0.05,\ \pi_1=0.05$",100,1.2,1.3,17.858295888297196,1.2518400143722934,0.01800614844093105,0.06719367588932806,0.9363197189284146,0.9994498763377482,2277
power-config-v2,alpha_010_pi1_001,0.1,0.01,"$\alpha=0.10,\ \pi_1=0.01$",200,1.2,1.3,17.858295888297196,1.2518400143722934,0.016908212560386472,0.030303030303030304,0.9701361440491876,0.9994477049813015,2277
power-config-v2,alpha_005_pi1_001,0.05,0.01,"$\alpha=0.05,\ \pi_1=0.01$",200,1.2,1.3,17.858295888297196,1.2518400143722934,0.00966183574879227,0.01756697408871322,0.9824330259112868,0.9994477049813015,2277
power-config-v2,alpha_010_pi1_005,0.1,0.05,"$\alpha=0.10,\ \pi_1=0.05$",200,1.2,1.3,17.858295888297196,1.2518400143722934,0.03201581027667984,0.15371102327624067,0.8533157663592447,0.999466056445462,2277
power-config-v2,alpha_005_pi1_005,0.05,0.05,"$\alpha=0.05,\ \pi_1=0.05$",200,1.2,1.3,17.858295888297196,1.2518400143722934,0.011330698287220022,0.07114624505928854,0.932806324110672,0.999466056445462,2277
power-config-v2,alpha_010_pi1_001,0.1,0.01,"$\alpha=0.10,\ \pi_1=0.01$",500,1.2,1.3,17.858295888297196,1.2518400143722934,0.006236275801493193,0.025472112428634168,0.976723759332455,0.999390479232376,2277
power-config-v2,alpha_005_pi1_001,0.05,0.01,"$\alpha=0.05,\ \pi_1=0.01$",500,1.2,1.3,17.858295888297196,1.2518400143722934,0.0018445322793148881,0.00834431269213878,0.9920948616600791,0.999390479232376,2277
power-config-v2,alpha_010_pi1_005,0.1,0.05,"$\alpha=0.10,\ \pi_1=0.05$",500,1.2,1.3,17.858295888297196,1.2518400143722934,0.01719806763285024,0.13043478260869565,0.8726394378568292,0.9994119686568189,2277
power-config-v2,alpha_005_pi1_005,0.05,0.05,"$\alpha=0.05,\ \pi_1=0.05$",500,1.2,1.3,17.858295888297196,1.2518400143722934,0.0051119894598155476,0.05928853754940711,0.9411506368028107,0.9994119686568189,2277
power-config-v2,alpha_010_pi1_001,0.1,0.01,"$\alpha=0.10,\ \pi_1=0.01$",1000,1.2,1.3,17.858295888297196,1.2518400143722934,0.0033816425120772944,0.024154589371980676,0.9771629336846728,0.9994419380453641,2277
power-config-v2,alpha_005_pi1_001,0.05,0.01,"$\alpha=0.05,\ \pi_1=0.01$",1000,1.2,1.3,17.858295888297196,1.2518400143722934,0.0014931927975406242,0.011857707509881422,0.9885814668423364,0.9994419380453641,2277
power-config-v2,alpha_010_pi1_005,0.1,0.05,"$\alpha=0.10,\ \pi_1=0.05$",1000,1.2,1.3,17.858295888297196,1.2518400143722934,0.01249890206411945,0.11857707509881422,0.8880105401844532,0.9994350830964098,2277
power-config-v2,alpha_005_pi1_005,0.05,0.05,"$\alpha=0.05,\ \pi_1=0.05$",1000,1.2,1.3,17.858295888297196,1.2518400143722934,0.002916117698726395,0.05665349143610013,0.9451032059727712,0.9994350830964098,2277
power-config-v2,alpha_010_pi1_001,0.1,0.01,"$\alpha=0.10,\ \pi_1=0.01$",2000,1.2,1.3,17.858295888297196,1.2518400143722934,0.0012736056214317087,0.01756697408871322,0.9833113746157225,0.9994434906819613,2277
power-config-v2,alpha_005_pi1_001,0.05,0.01,"$\alpha=0.05,\ \pi_1=0.01$",2000,1.2,1.3,17.858295888297196,1.2518400143722934,0.00024154589371980678,0.004830917874396135,0.9951690821256038,0.9994434906819613,2277
power-config-v2,alpha_010_pi1_005,0.1,0.05,"$\alpha=0.10,\ \pi_1=0.05$",2000,1.2,1.3,17.858295888297196,1.2518400143722934,0.008888888888888889,0.1067193675889328,0.8976723759332454,0.9994286110533243,2277
power-config-v2,alpha_005_pi1_005,0.05,0.05,"$\alpha=0.05,\ \pi_1=0.05$",2000,1.2,1.3,17.858295888297196,1.2518400143722934,0.001396574440052701,0.037768994290733424,0.9648660518225736,0.9994286110533243,2277
power-config-v2,alpha_010_pi1_001,0.1,0.01,"$\alpha=0.10,\ \pi_1=0.01$",50,1.1,1.2,14.137302300972246,1.1503665447100162,0.05672761368963901,0.05672761368963901,0.9474917955930614,0.9993876594238257,2133
power-config-v2,alpha_005_pi1_001,0.05,0.01,"$\alpha=0.05,\ \pi_1=0.01$",50,1.1,1.2,14.137302300972246,1.1503665447100162,0.030473511486169714,0.030473511486169714,0.9695264885138303,0.9993876594238257,2133
power-config-v2,alpha_010_pi1_005,0.1,0.05,"$\alpha=0.10,\ \pi_1=0.05$",50,1.1,1.2,14.137302300972246,1.1503665447100162,0.06305672761368963,0.10595405532114392,0.90014064697609,0.9994628066885453,2133
power-config-v2,alpha_005_pi1_005,0.05,0.05,"$\alpha=0.05,\ \pi_1=0.05$",50,1.1,1.2,14.137302300972246,1.1503665447100162,0.03164556962025317,0.053914674167838725,0.9465541490857946,0.9994628066885453,2133
power-config-v2,alpha_010_pi1_001,0.1,0.01,"$\alpha=0.10,\ \pi_1=0.01$",100,1.1,1.2,14.137302300972246,1.1503665447100162,0.03187998124706985,0.03187998124706985,0.9714017815283638,0.999417522624274,2133
power-config-v2,alpha_005_pi1_001,0.05,0.01,"$\alpha=0.05,\ \pi_1=0.01$",100,1.1,1.2,14.137302300972246,1.1503665447100162,0.014533520862634786,0.014533520862634786,0.9868729488982654,0.999417522624274,2133
power-config-v2,alpha_010_pi1_005,0.1,0.05,"$\alpha=0.10,\ \pi_1=0.05$",100,1.1,1.2,14.137302300972246,1.1503665447100162,0.045850914205344574,0.14486638537271448,0.8645100796999531,0.9995015668566635,2133
power-config-v2,alpha_005_pi1_005,0.05,0.05,"$\alpha=0.05,\ \pi_1=0.05$",100,1.1,1.2,14.137302300972246,1.1503665447100162,0.019971870604782,0.06891701828410689,0.9320206282231599,0.9995015668566635,2133
power-config-v2,alpha_010_pi1_001,0.1,0.01,"$\alpha=0.10,\ \pi_1=0.01$",200,1.1,1.2,14.137302300972246,1.1503665447100162,0.012892639474917957,0.02390998593530239,0.9784341303328645,0.9994767174795299,2133
power-config-v2,alpha_005_pi1_001,0.05,0.01,"$\alpha=0.05,\ \pi_1=0.01$",200,1.1,1.2,14.137302300972246,1.1503665447100162,0.005391467416783873,0.010314111579934365,0.9896858884200657,0.9994767174795299,2133
power-config-v2,alpha_010_pi1_005,0.1,0.05,"$\alpha=0.10,\ \pi_1=0.05$",200,1.1,1.2,14.137302300972246,1.1503665447100162,0.029442100328176287,0.1373652133145804,0.869198312236287,0.9995040343474723,2133
power-config-v2,alpha_005_pi1_005,0.05,0.05,"$\alpha=0.05,\ \pi_1=0.05$",200,1.1,1.2,14.137302300972246,1.1503665447100162,0.010454758556024377,0.06282231598687295,0.9399906235349273,0.9995040343474723,2133
power-config-v2,alpha_010_pi1_001,0.1,0.01,"$\alpha=0.10,\ \pi_1=0.01$",500,1.1,1.2,14.137302300972246,1.1503665447100162,0.005625879043600563,0.02437880918893577,0.9756211908110642,0.9994913978036337,2133
power-config-v2,alpha_005_pi1_001,0.05,0.01,"$\alpha=0.05,\ \pi_1=0.01$",500,1.1,1.2,14.137302300972246,1.1503665447100162,0.002719174871073606,0.011720581340834505,0.9887482419127989,0.9994913978036337,2133
power-config-v2,alpha_010_pi1_005,0.1,0.05,"$\alpha=0.10,\ \pi_1=0.05$",500,1.1,1.2,14.137302300972246,1.1503665447100162,0.015846225972808253,0.11673699015471167,0.8870135958743554,0.9994472820588732,2133
power-config-v2,alpha_005_pi1_005,0.05,0.05,"$\alpha=0.05,\ \pi_1=0.05$",500,1.1,1.2,14.137302300972246,1.1503665447100162,0.00547585560243788,0.05672761368963901,0.9446788560712611,0.9994472820588732,2133
power-config-v2,alpha_010_pi1_001,0.1,0.01,"$\alpha=0.10,\ \pi_1=0.01$",1000,1.1,1.2,14.137302300972246,1.1503665447100162,0.002719174871073605,0.02015939990623535,0.9812470698546648,0.9994724554499526,2133
power-config-v2,alpha_005_pi1_001,0.05,0.01,"$\alpha=0.05,\ \pi_1=0.01$",1000,1.1,1.2,14.137302300972246,1.1503665447100162,0.0008438818565400846,0.007501172058134084,0.992498827941866,0.9994724554499526,2133
power-config-v2,alpha_010_pi1_005,0.1,0.05,"$\alpha=0.10,\ \pi_1=0.05$",1000,1.1,1.2,14.137302300972246,1.1503665447100162,0.010276605719643695,0.10548523206751055,0.9010782934833568,0.9994156981765241,2133
power-config-v2,alpha_005_pi1_005,0.05,0.05,"$\alpha=0.05,\ \pi_1=0.05$",1000,1.1,1.2,14.137302300972246,1.1503665447100162,0.002494139709329583,0.04688232536333802,0.9545241443975622,0.9994156981765241,2133
power-config-v2,alpha_010_pi1_001,0.1,0.01,"$\alpha=0.10,\ \pi_1=0.01$",2000,1.1,1.2,14.137302300972246,1.1503665447100162,0.0011251758087201128,0.017346460384435068,0.9840600093764651,0.9994573015670063,2133
power-config-v2,alpha_005_pi1_001,0.05,0.01,"$\alpha=0.05,\ \pi_1=0.01$",2000,1.1,1.2,14.137302300972246,1.1503665447100162,0.0003281762775433662,0.006094702297233943,0.993905297702766,0.9994573015670063,2133
power-config-v2,alpha_010_pi1_005,0.1,0.05,"$\alpha=0.10,\ \pi_1=0.05$",2000,1.1,1.2,14.137302300972246,1.1503665447100162,0.00835911861228317,0.0829817158931083,0.9193624003750586,0.9994428405754181,2133
power-config-v2,alpha_005_pi1_005,0.05,0.05,"$\alpha=0.05,\ \pi_1=0.05$",2000,1.1,1.2,14.137302300972246,1.1503665447100162,0.0012048757618377869,0.03234880450070324,0.9690576652601969,0.9994428405754181,2133
power-config-v2,alpha_010_pi1_001,0.1,0.01,"$\alpha=0.10,\ \pi_1=0.01$",50,1.0,1.1,11.28614266014922,1.052545535578185,0.056818181818181816,0.056818181818181816,0.9448863636363637,0.9994202226345085,1760
power-config-v2,alpha_005_pi1_001,0.05,0.01,"$\alpha=0.05,\ \pi_1=0.01$",50,1.0,1.1,11.28614266014922,1.052545535578185,0.029545454545454545,0.029545454545454545,0.9704545454545455,0.9994202226345085,1760
power-config-v2,alpha_010_pi1_005,0.1,0.05,"$\alpha=0.10,\ \pi_1=0.05$",50,1.0,1.1,11.28614266014922,1.052545535578185,0.06988636363636364,0.11306818181818182,0.8948863636363636,0.9992660984848486,1760
power-config-v2,alpha_005_pi1_005,0.05,0.05,"$\alpha=0.05,\ \pi_1=0.05$",50,1.0,1.1,11.28614266014922,1.052545535578185,0.035227272727272725,0.05738636363636364,0.9454545454545454,0.9992660984848486,1760
power-config-v2,alpha_010_pi1_001,0.1,0.01,"$\alpha=0.10,\ \pi_1=0.01$",100,1.0,1.1,11.28614266014922,1.052545535578185,0.03068181818181818,0.03068181818181818,0.9727272727272728,0.9993227731864096,1760
power-config-v2,alpha_005_pi1_001,0.05,0.01,"$\alpha=0.05,\ \pi_1=0.01$",100,1.0,1.1,11.28614266014922,1.052545535578185,0.015909090909090907,0.015909090909090907,0.9840909090909091,0.9993227731864096,1760
power-config-v2,alpha_010_pi1_005,0.1,0.05,"$\alpha=0.10,\ \pi_1=0.05$",100,1.0,1.1,11.28614266014922,1.052545535578185,0.03795454545454546,0.12272727272727273,0.884090909090909,0.9992045454545452,1760
power-config-v2,alpha_005_pi1_005,0.05,0.05,"$\alpha=0.05,\ \pi_1=0.05$",100,1.0,1.1,11.28614266014922,1.052545535578185,0.015227272727272723,0.056818181818181816,0.9443181818181818,0.9992045454545452,1760
power-config-v2,alpha_010_pi1_001,0.1,0.01,"$\alpha=0.10,\ \pi_1=0.01$",200,1.0,1.1,11.28614266014922,1.052545535578185,0.015625,0.02784090909090909,0.9727272727272728,0.9993371212121213,1760
power-config-v2,alpha_005_pi1_001,0.05,0.01,"$\alpha=0.05,\ \pi_1=0.01$",200,1.0,1.1,11.28614266014922,1.052545535578185,0.007954545454545454,0.01534090909090909,0.9863636363636363,0.9993371212121213,1760
power-config-v2,alpha_010_pi1_005,0.1,0.05,"$\alpha=0.10,\ \pi_1=0.05$",200,1.0,1.1,11.28614266014922,1.052545535578185,0.02551136363636364,0.13125,0.8761363636363636,0.9993301435406701,1760
power-config-v2,alpha_005_pi1_005,0.05,0.05,"$\alpha=0.05,\ \pi_1=0.05$",200,1.0,1.1,11.28614266014922,1.052545535578185,0.009602272727272723,0.06306818181818181,0.9386363636363636,0.9993301435406701,1760
power-config-v2,alpha_010_pi1_001,0.1,0.01,"$\alpha=0.10,\ \pi_1=0.01$",500,1.0,1.1,11.28614266014922,1.052545535578185,0.006250000000000001,0.026704545454545453,0.9761363636363637,0.9993376951331492,1760
power-config-v2,alpha_005_pi1_001,0.05,0.01,"$\alpha=0.05,\ \pi_1=0.01$",500,1.0,1.1,11.28614266014922,1.052545535578185,0.0027272727272727275,0.011931818181818182,0.9880681818181818,0.9993376951331492,1760
power-config-v2,alpha_010_pi1_005,0.1,0.05,"$\alpha=0.10,\ \pi_1=0.05$",500,1.0,1.1,11.28614266014922,1.052545535578185,0.015295454545454546,0.11363636363636363,0.8931818181818182,0.9992882775119608,1760
power-config-v2,alpha_005_pi1_005,0.05,0.05,"$\alpha=0.05,\ \pi_1=0.05$",500,1.0,1.1,11.28614266014922,1.052545535578185,0.0049772727272727295,0.056818181818181816,0.9454545454545454,0.9992882775119608,1760
power-config-v2,alpha_010_pi1_001,0.1,0.01,"$\alpha=0.10,\ \pi_1=0.01$",1000,1.0,1.1,11.28614266014922,1.052545535578185,0.002727272727272727,0.020454545454545454,0.9806818181818182,0.9993296602387518,1760
power-config-v2,alpha_005_pi1_001,0.05,0.01,"$\alpha=0.05,\ \pi_1=0.01$",1000,1.0,1.1,11.28614266014922,1.052545535578185,0.0010795454545454548,0.008522727272727272,0.9914772727272727,0.9993296602387518,1760
power-config-v2,alpha_010_pi1_005,0.1,0.05,"$\alpha=0.10,\ \pi_1=0.05$",1000,1.0,1.1,11.28614266014922,1.052545535578185,0.009227272727272728,0.10170454545454545,0.9051136363636364,0.9993498803827751,1760
power-config-v2,alpha_005_pi1_005,0.05,0.05,"$\alpha=0.05,\ \pi_1=0.05$",1000,1.0,1.1,11.28614266014922,1.052545535578185,0.0022840909090909092,0.03920454545454546,0.9619318181818182,0.9993498803827751,1760
power-config-v2,alpha_010_pi1_001,0.1,0.01,"$\alpha=0.10,\ \pi_1=0.01$",2000,1.0,1.1,11.28614266014922,1.052545535578185,0.0009659090909090912,0.013636363636363636,0.9869318181818182,0.9993279384756656,1760
power-config-v2,alpha_005_pi1_001,0.05,0.01,"$\alpha=0.05,\ \pi_1=0.01$",2000,1.0,1.1,11.28614266014922,1.052545535578185,0.0002556818181818182,0.005113636363636364,0.9948863636363636,0.9993279384756656,1760
power-config-v2,alpha_010_pi1_005,0.1,0.05,"$\alpha=0.10,\ \pi_1=0.05$",2000,1.0,1.1,11.28614266014922,1.052545535578185,0.005892045454545453,0.08863636363636364,0.9142045454545454,0.9993331339712908,1760
power-config-v2,alpha_005_pi1_005,0.05,0.05,"$\alpha=0.05,\ \pi_1=0.05$",2000,1.0,1.1,11.28614266014922,1.052545535578185,0.001215909090909091,0.03579545454545455,0.9653409090909091,0.9993331339712908,1760
power-config-v2,alpha_010_pi1_001,0.1,0.01,"$\alpha=0.10,\ \pi_1=0.01$",50,1.8,1.9,71.00117633469917,1.8512655440914225,0.09044016506189821,0.09044016506189821,0.9171251719394773,0.9995438340398054,2908
power-config-v2,alpha_005_pi1_001,0.05,0.01,"$\alpha=0.05,\ \pi_1=0.01$",50,1.8,1.9,71.00117633469917,1.8512655440914225,0.04607977991746905,0.04607977991746905,0.9556396148555708,0.9995438340398054,2908
power-config-v2,alpha_010_pi1_005,0.1,0.05,"$\alpha=0.10,\ \pi_1=0.05$",50,1.8,1.9,71.00117633469917,1.8512655440914225,0.1172627235213205,0.1764099037138927,0.8352819807427786,0.999527166437414,2908
power-config-v2,alpha_005_pi1_005,0.05,0.05,"$\alpha=0.05,\ \pi_1=0.05$",50,1.8,1.9,71.00117633469917,1.8512655440914225,0.05364511691884457,0.08700137551581844,0.9160935350756534,0.999527166437414,2908
power-config-v2,alpha_010_pi1_001,0.1,0.01,"$\alpha=0.10,\ \pi_1=0.01$",100,1.8,1.9,71.00117633469917,1.8512655440914225,0.042297111416781295,0.042297111416781295,0.9632049518569463,0.999631806371834,2908
power-config-v2,alpha_005_pi1_001,0.05,0.01,"$\alpha=0.05,\ \pi_1=0.01$",100,1.8,1.9,71.00117633469917,1.8512655440914225,0.01891334250343879,0.01891334250343879,0.9817744154057771,0.999631806371834,2908
power-config-v2,alpha_010_pi1_005,0.1,0.05,"$\alpha=0.10,\ \pi_1=0.05$",100,1.8,1.9,71.00117633469917,1.8512655440914225,0.09181568088033011,0.20598349381017883,0.8074277854195323,0.9996126837037574,2908
power-config-v2,alpha_005_pi1_005,0.05,0.05,"$\alpha=0.05,\ \pi_1=0.05$",100,1.8,1.9,71.00117633469917,1.8512655440914225,0.033837689133425025,0.09594222833562586,0.9085281980742779,0.9996126837037574,2908
power-config-v2,alpha_010_pi1_001,0.1,0.01,"$\alpha=0.10,\ \pi_1=0.01$",200,1.8,1.9,71.00117633469917,1.8512655440914225,0.025103163686382393,0.04470426409903714,0.9587345254470426,0.9995901240743061,2908
power-config-v2,alpha_005_pi1_001,0.05,0.01,"$\alpha=0.05,\ \pi_1=0.01$",200,1.8,1.9,71.00117633469917,1.8512655440914225,0.009972489683631361,0.01925722145804677,0.9814305364511692,0.9995901240743061,2908
power-config-v2,alpha_010_pi1_005,0.1,0.05,"$\alpha=0.10,\ \pi_1=0.05$",200,1.8,1.9,71.00117633469917,1.8512655440914225,0.061795048143053644,0.1829436038514443,0.8239339752407153,0.9995873452544708,2908
power-config-v2,alpha_005_pi1_005,0.05,0.05,"$\alpha=0.05,\ \pi_1=0.05$",200,1.8,1.9,71.00117633469917,1.8512655440914225,0.01939477303988996,0.08940852819807428,0.9129986244841816,0.9995873452544708,2908
power-config-v2,alpha_010_pi1_001,0.1,0.01,"$\alpha=0.10,\ \pi_1=0.01$",500,1.8,1.9,71.00117633469917,1.8512655440914225,0.00763411279229711,0.028541953232462173,0.9735213204951857,0.9995797034999239,2908
power-config-v2,alpha_005_pi1_001,0.05,0.01,"$\alpha=0.05,\ \pi_1=0.01$",500,1.8,1.9,71.00117633469917,1.8512655440914225,0.0023383768913342504,0.009972489683631361,0.9903713892709766,0.9995797034999239,2908
power-config-v2,alpha_010_pi1_005,0.1,0.05,"$\alpha=0.10,\ \pi_1=0.05$",500,1.8,1.9,71.00117633469917,1.8512655440914225,0.04308115543328749,0.16678129298486932,0.8411279229711142,0.9995960327227971,2908
power-config-v2,alpha_005_pi1_005,0.05,0.05,"$\alpha=0.05,\ \pi_1=0.05$",500,1.8,1.9,71.00117633469917,1.8512655440914225,0.008514442916093533,0.06808803301237965,0.9339752407152683,0.9995960327227971,2908
power-config-v2,alpha_010_pi1_001,0.1,0.01,"$\alpha=0.10,\ \pi_1=0.01$",1000,1.8,1.9,71.00117633469917,1.8512655440914225,0.0039202200825309485,0.026822558459422285,0.9745529573590096,0.9995890820168668,2908
power-config-v2,alpha_005_pi1_001,0.05,0.01,"$\alpha=0.05,\ \pi_1=0.01$",1000,1.8,1.9,71.00117633469917,1.8512655440914225,0.0007909215955983496,0.0068775790921595595,0.9931224209078404,0.9995890820168668,2908
power-config-v2,alpha_010_pi1_005,0.1,0.05,"$\alpha=0.10,\ \pi_1=0.05$",1000,1.8,1.9,71.00117633469917,1.8512655440914225,0.032489683631361774,0.15371389270976615,0.8521320495185695,0.9996050821689707,2908
power-config-v2,alpha_005_pi1_005,0.05,0.05,"$\alpha=0.05,\ \pi_1=0.05$",1000,1.8,1.9,71.00117633469917,1.8512655440914225,0.004119669876203577,0.04745529573590096,0.953920220082531,0.9996050821689707,2908
power-config-v2,alpha_010_pi1_001,0.1,0.01,"$\alpha=0.10,\ \pi_1=0.01$",2000,1.8,1.9,71.00117633469917,1.8512655440914225,0.00140990371389271,0.018225584594222834,0.9824621733149931,0.9995863031970318,2908
power-config-v2,alpha_005_pi1_001,0.05,0.01,"$\alpha=0.05,\ \pi_1=0.01$",2000,1.8,1.9,71.00117633469917,1.8512655440914225,0.0003094910591471802,0.006189821182943604,0.9938101788170564,0.9995863031970318,2908
power-config-v2,alpha_010_pi1_005,0.1,0.05,"$\alpha=0.10,\ \pi_1=0.05$",2000,1.8,1.9,71.00117633469917,1.8512655440914225,0.024673314993122426,0.12551581843191198,0.8803301237964236,0.9995893361326281,2908
power-config-v2,alpha_005_pi1_005,0.05,0.05,"$\alpha=0.05,\ \pi_1=0.05$",2000,1.8,1.9,71.00117633469917,1.8512655440914225,0.0011348005502063274,0.03404401650618982,0.967331499312242,0.9995893361326281,2908
power-config-v2,alpha_010_pi1_001,0.1,0.01,"$\alpha=0.10,\ \pi_1=0.01$",50,1.7000000000000002,1.8,56.35366749787755,1.7509221851959782,0.1033091202582728,0.1033091202582728,0.9043583535108959,0.9996540989277066,2478
power-config-v2,alpha_005_pi1_001,0.05,0.01,"$\alpha=0.05,\ \pi_1=0.01$",50,1.7000000000000002,1.8,56.35366749787755,1.7509221851959782,0.05084745762711865,0.05084745762711865,0.9519774011299436,0.9996540989277066,2478
power-config-v2,alpha_010_pi1_005,0.1,0.05,"$\alpha=0.10,\ \pi_1=0.05$",50,1.7000000000000002,1.8,56.35366749787755,1.7509221851959782,0.13297013720742534,0.20742534301856336,0.8103309120258273,0.9996384853376382,2478
power-config-v2,alpha_005_pi1_005,0.05,0.05,"$\alpha=0.05,\ \pi_1=0.05$",50,1.7000000000000002,1.8,56.35366749787755,1.7509221851959782,0.0599273607748184,0.09927360774818401,0.9023405972558515,0.9996384853376382,2478
power-config-v2,alpha_010_pi1_001,0.1,0.01,"$\alpha=0.10,\ \pi_1=0.01$",100,1.7000000000000002,1.8,56.35366749787755,1.7509221851959782,0.046811945117029866,0.046811945117029866,0.9552058111380145,0.9996861268047712,2478
power-config-v2,alpha_005_pi1_001,0.05,0.01,"$\alpha=0.05,\ \pi_1=0.01$",100,1.7000000000000002,1.8,56.35366749787755,1.7509221851959782,0.01977401129943503,0.01977401129943503,0.9810330912025828,0.9996861268047712,2478
power-config-v2,alpha_010_pi1_005,0.1,0.05,"$\alpha=0.10,\ \pi_1=0.05$",100,1.7000000000000002,1.8,56.35366749787755,1.7509221851959782,0.09596448748991124,0.23083131557707828,0.7824858757062146,0.9996686631833819,2478
power-config-v2,alpha_005_pi1_005,0.05,0.05,"$\alpha=0.05,\ \pi_1=0.05$",100,1.7000000000000002,1.8,56.35366749787755,1.7509221851959782,0.03583535108958838,0.11218724778046812,0.8918482647296206,0.9996686631833819,2478
power-config-v2,alpha_010_pi1_001,0.1,0.01,"$\alpha=0.10,\ \pi_1=0.01$",200,1.7000000000000002,1.8,56.35366749787755,1.7509221851959782,0.02804681194511703,0.04923325262308313,0.9531880548829701,0.9996800123918768,2478
power-config-v2,alpha_005_pi1_001,0.05,0.01,"$\alpha=0.05,\ \pi_1=0.01$",200,1.7000000000000002,1.8,56.35366749787755,1.7509221851959782,0.012510088781275222,0.023002421307506054,0.9778046811945117,0.9996800123918768,2478
power-config-v2,alpha_010_pi1_005,0.1,0.05,"$\alpha=0.10,\ \pi_1=0.05$",200,1.7000000000000002,1.8,56.35366749787755,1.7509221851959782,0.06876513317191287,0.2271993543179984,0.7804681194511703,0.9997026464466255,2478
power-config-v2,alpha_005_pi1_005,0.05,0.05,"$\alpha=0.05,\ \pi_1=0.05$",200,1.7000000000000002,1.8,56.35366749787755,1.7509221851959782,0.02142857142857143,0.10734463276836158,0.8962873284907183,0.9997026464466255,2478
power-config-v2,alpha_010_pi1_001,0.1,0.01,"$\alpha=0.10,\ \pi_1=0.01$",500,1.7000000000000002,1.8,56.35366749787755,1.7509221851959782,0.009927360774818402,0.03914447134786118,0.9636803874092009,0.9996698217037201,2478
power-config-v2,alpha_005_pi1_001,0.05,0.01,"$\alpha=0.05,\ \pi_1=0.01$",500,1.7000000000000002,1.8,56.35366749787755,1.7509221851959782,0.002986279257465699,0.013317191283292978,0.9874899112187248,0.9996698217037201,2478
power-config-v2,alpha_010_pi1_005,0.1,0.05,"$\alpha=0.10,\ \pi_1=0.05$",500,1.7000000000000002,1.8,56.35366749787755,1.7509221851959782,0.04379338175948346,0.2050040355125101,0.8050847457627118,0.9996941506308135,2478
power-config-v2,alpha_005_pi1_005,0.05,0.05,"$\alpha=0.05,\ \pi_1=0.05$",500,1.7000000000000002,1.8,56.35366749787755,1.7509221851959782,0.00887812752219532,0.08151735270379339,0.9209039548022598,0.9996941506308135,2478
power-config-v2,alpha_010_pi1_001,0.1,0.01,"$\alpha=0.10,\ \pi_1=0.01$",1000,1.7000000000000002,1.8,56.35366749787755,1.7509221851959782,0.004842615012106538,0.029459241323648102,0.9737691686844229,0.9996685988211406,2478
power-config-v2,alpha_005_pi1_001,0.05,0.01,"$\alpha=0.05,\ \pi_1=0.01$",1000,1.7000000000000002,1.8,56.35366749787755,1.7509221851959782,0.0014931396287328493,0.010492332526230832,0.9895076674737692,0.9996685988211406,2478
power-config-v2,alpha_010_pi1_005,0.1,0.05,"$\alpha=0.10,\ \pi_1=0.05$",1000,1.7000000000000002,1.8,56.35366749787755,1.7509221851959782,0.031178369652945927,0.18523002421307505,0.8232445520581114,0.9996678136018007,2478
power-config-v2,alpha_005_pi1_005,0.05,0.05,"$\alpha=0.05,\ \pi_1=0.05$",1000,1.7000000000000002,1.8,56.35366749787755,1.7509221851959782,0.003914447134786117,0.06497175141242938,0.9362389023405973,0.9996678136018007,2478
power-config-v2,alpha_010_pi1_001,0.1,0.01,"$\alpha=0.10,\ \pi_1=0.01$",2000,1.7000000000000002,1.8,56.35366749787755,1.7509221851959782,0.0017958030669895074,0.020581113801452784,0.9798224374495561,0.9996812352744548,2478
power-config-v2,alpha_005_pi1_001,0.05,0.01,"$\alpha=0.05,\ \pi_1=0.01$",2000,1.7000000000000002,1.8,56.35366749787755,1.7509221851959782,0.00034301856335754654,0.00645682001614205,0.993543179983858,0.9996812352744548,2478
power-config-v2,alpha_010_pi1_005,0.1,0.05,"$\alpha=0.10,\ \pi_1=0.05$",2000,1.7000000000000002,1.8,56.35366749787755,1.7509221851959782,0.02405165456012914,0.16101694915254236,0.844632768361582,0.9996875663735597,2478
power-config-v2,alpha_005_pi1_005,0.05,0.05,"$\alpha=0.05,\ \pi_1=0.05$",2000,1.7000000000000002,1.8,56.35366749787755,1.7509221851959782,0.0018765133171912834,0.04923325262308313,0.9511702986279258,0.9996875663735597,2478
power-config-v2,alpha_010_pi1_001,0.1,0.01,"$\alpha=0.10,\ \pi_1=0.01$",50,2.0,2.1,111.941340294462,2.0489905024903488,0.15643352909770422,0.15643352909770422,0.8601174586225308,0.9998365603582597,1873
power-config-v2,alpha_005_pi1_001,0.05,0.01,"$\alpha=0.05,\ \pi_1=0.01$",50,2.0,2.1,111.941340294462,2.0489905024903488,0.06567004805125468,0.06567004805125468,0.9375333689268553,0.9998365603582597,1873
power-config-v2,alpha_010_pi1_005,0.1,0.05,"$\alpha=0.10,\ \pi_1=0.05$",50,2.0,2.1,111.941340294462,2.0489905024903488,0.2199679658302189,0.29738387613454353,0.7303790710090764,0.999822032390105,1873
power-config-v2,alpha_005_pi1_005,0.05,0.05,"$\alpha=0.05,\ \pi_1=0.05$",50,2.0,2.1,111.941340294462,2.0489905024903488,0.09369994660971703,0.14628937533368927,0.8617191671115857,0.999822032390105,1873
power-config-v2,alpha_010_pi1_001,0.1,0.01,"$\alpha=0.10,\ \pi_1=0.01$",100,2.0,2.1,111.941340294462,2.0489905024903488,0.07100907634810465,0.07100907634810465,0.9343299519487454,0.9998436042216077,1873
power-config-v2,alpha_005_pi1_001,0.05,0.01,"$\alpha=0.05,\ \pi_1=0.01$",100,2.0,2.1,111.941340294462,2.0489905024903488,0.036305392418579815,0.036305392418579815,0.9642285104111051,0.9998436042216077,1873
power-config-v2,alpha_010_pi1_005,0.1,0.05,"$\alpha=0.10,\ \pi_1=0.05$",100,2.0,2.1,111.941340294462,2.0489905024903488,0.18441003737319808,0.3411639081687133,0.6844634276561665,0.9998651192851321,1873
power-config-v2,alpha_005_pi1_005,0.05,0.05,"$\alpha=0.05,\ \pi_1=0.05$",100,2.0,2.1,111.941340294462,2.0489905024903488,0.0611852642819007,0.15429791777896423,0.8489054991991457,0.9998651192851321,1873
power-config-v2,alpha_010_pi1_001,0.1,0.01,"$\alpha=0.10,\ \pi_1=0.01$",200,2.0,2.1,111.941340294462,2.0489905024903488,0.041110517885744796,0.06620395088093967,0.9407367859049653,0.9998463007005451,1873
power-config-v2,alpha_005_pi1_001,0.05,0.01,"$\alpha=0.05,\ \pi_1=0.01$",200,2.0,2.1,111.941340294462,2.0489905024903488,0.017351841964762412,0.030966364121729845,0.9717031500266952,0.9998463007005451,1873
power-config-v2,alpha_010_pi1_005,0.1,0.05,"$\alpha=0.10,\ \pi_1=0.05$",200,2.0,2.1,111.941340294462,2.0489905024903488,0.1343299519487453,0.3059263214095035,0.7132941804591564,0.9998398291510946,1873
power-config-v2,alpha_005_pi1_005,0.05,0.05,"$\alpha=0.05,\ \pi_1=0.05$",200,2.0,2.1,111.941340294462,2.0489905024903488,0.03651895355045382,0.13027229044313934,0.8734650293646556,0.9998398291510946,1873
power-config-v2,alpha_010_pi1_001,0.1,0.01,"$\alpha=0.10,\ \pi_1=0.01$",500,2.0,2.1,111.941340294462,2.0489905024903488,0.014522156967431922,0.050720768820074744,0.9535504538174052,0.9998220323901048,1873
power-config-v2,alpha_005_pi1_001,0.05,0.01,"$\alpha=0.05,\ \pi_1=0.01$",500,2.0,2.1,111.941340294462,2.0489905024903488,0.0027762947143619866,0.012279765082754938,0.98825413774693,0.9998220323901048,1873
power-config-v2,alpha_010_pi1_005,0.1,0.05,"$\alpha=0.10,\ \pi_1=0.05$",500,2.0,2.1,111.941340294462,2.0489905024903488,0.09057127602776298,0.26962092899092366,0.7437266417512013,0.9998437631719445,1873
power-config-v2,alpha_005_pi1_005,0.05,0.05,"$\alpha=0.05,\ \pi_1=0.05$",500,2.0,2.1,111.941340294462,2.0489905024903488,0.014265883609183126,0.09610250934329952,0.9081687132941805,0.9998437631719445,1873
power-config-v2,alpha_010_pi1_001,0.1,0.01,"$\alpha=0.10,\ \pi_1=0.01$",1000,2.0,2.1,111.941340294462,2.0489905024903488,0.0037907100907634815,0.027229044313934865,0.9738387613454351,0.9998101678827791,1873
power-config-v2,alpha_005_pi1_001,0.05,0.01,"$\alpha=0.05,\ \pi_1=0.01$",1000,2.0,2.1,111.941340294462,2.0489905024903488,0.0008008542445274963,0.007474639615589963,0.9925253603844101,0.9998101678827791,1873
power-config-v2,alpha_010_pi1_005,0.1,0.05,"$\alpha=0.10,\ \pi_1=0.05$",1000,2.0,2.1,111.941340294462,2.0489905024903488,0.07346502936465561,0.23384943940202882,0.7789642285104111,0.9998572512434315,1873
power-config-v2,alpha_005_pi1_005,0.05,0.05,"$\alpha=0.05,\ \pi_1=0.05$",1000,2.0,2.1,111.941340294462,2.0489905024903488,0.0063427656166577685,0.062466631073144686,0.9391350774159103,0.9998572512434315,1873
power-config-v2,alpha_010_pi1_001,0.1,0.01,"$\alpha=0.10,\ \pi_1=0.01$",2000,2.0,2.1,111.941340294462,2.0489905024903488,0.0016284036305392418,0.020822210357714897,0.9797116924719701,0.9998247288690425,1873
power-config-v2,alpha_005_pi1_001,0.05,0.01,"$\alpha=0.05,\ \pi_1=0.01$",2000,2.0,2.1,111.941340294462,2.0489905024903488,0.00021356113187399894,0.004271222637479978,0.996262680192205,0.9998247288690425,1873
power-config-v2,alpha_010_pi1_005,0.1,0.05,"$\alpha=0.10,\ \pi_1=0.05$",2000,2.0,2.1,111.941340294462,2.0489905024903488,0.05920448478376936,0.20288307528029897,0.8120662039508809,0.9998294320959897,1873
power-config-v2,alpha_005_pi1_005,0.05,0.05,"$\alpha=0.05,\ \pi_1=0.05$",2000,2.0,2.1,111.941340294462,2.0489905024903488,0.0026481580352375866,0.030432461292044848,0.9727709556860651,0.9998294320959897,1873
power-config-v2,alpha_010_pi1_001,0.1,0.01,"$\alpha=0.10,\ \pi_1=0.01$",50,1.9,2.0,90.31094859417775,1.9557404039768505,0.125,0.125,0.8877627627627628,0.9997088925660353,2664
power-config-v2,alpha_005_pi1_001,0.05,0.01,"$\alpha=0.05,\ \pi_1=0.01$",50,1.9,2.0,90.31094859417775,1.9557404039768505,0.05818318318318318,0.05818318318318318,0.9440690690690691,0.9997088925660353,2664
power-config-v2,alpha_010_pi1_005,0.1,0.05,"$\alpha=0.10,\ \pi_1=0.05$",50,1.9,2.0,90.31094859417775,1.9557404039768505,0.1420795795795796,0.20195195195195195,0.8179429429429429,0.9996793668668669,2664
power-config-v2,alpha_005_pi1_005,0.05,0.05,"$\alpha=0.05,\ \pi_1=0.05$",50,1.9,2.0,90.31094859417775,1.9557404039768505,0.06156156156156156,0.09684684684684684,0.9076576576576577,0.9996793668668669,2664
power-config-v2,alpha_010_pi1_001,0.1,0.01,"$\alpha=0.10,\ \pi_1=0.01$",100,1.9,2.0,90.31094859417775,1.9557404039768505,0.059684684684684686,0.059684684684684686,0.9451951951951952,0.9997156247156246,2664
power-config-v2,alpha_005_pi1_001,0.05,0.01,"$\alpha=0.05,\ \pi_1=0.01$",100,1.9,2.0,90.31094859417775,1.9557404039768505,0.02515015015015015,0.02515015015015015,0.9763513513513513,0.9997156247156246,2664
power-config-v2,alpha_010_pi1_005,0.1,0.05,"$\alpha=0.10,\ \pi_1=0.05$",100,1.9,2.0,90.31094859417775,1.9557404039768505,0.11816816816816808,0.24737237237237236,0.7687687687687688,0.9997155049786629,2664
power-config-v2,alpha_005_pi1_005,0.05,0.05,"$\alpha=0.05,\ \pi_1=0.05$",100,1.9,2.0,90.31094859417775,1.9557404039768505,0.04166666666666668,0.11486486486486487,0.8877627627627628,0.9997155049786629,2664
power-config-v2,alpha_010_pi1_001,0.1,0.01,"$\alpha=0.10,\ \pi_1=0.01$",200,1.9,2.0,90.31094859417775,1.9557404039768505,0.02702702702702703,0.04804804804804805,0.9557057057057057,0.9997194163860832,2664
power-config-v2,alpha_005_pi1_001,0.05,0.01,"$\alpha=0.05,\ \pi_1=0.01$",200,1.9,2.0,90.31094859417775,1.9557404039768505,0.00975975975975976,0.018018018018018018,0.9831081081081081,0.9997194163860832,2664
power-config-v2,alpha_010_pi1_005,0.1,0.05,"$\alpha=0.10,\ \pi_1=0.05$",200,1.9,2.0,90.31094859417775,1.9557404039768505,0.08415915915915918,0.22147147147147148,0.7909159159159159,0.9997313102576265,2664
power-config-v2,alpha_005_pi1_005,0.05,0.05,"$\alpha=0.05,\ \pi_1=0.05$",200,1.9,2.0,90.31094859417775,1.9557404039768505,0.024512012012012013,0.10097597597597598,0.9012762762762763,0.9997313102576265,2664
power-config-v2,alpha_010_pi1_001,0.1,0.01,"$\alpha=0.10,\ \pi_1=0.01$",500,1.9,2.0,90.31094859417775,1.9557404039768505,0.009309309309309309,0.03528528528528529,0.9665915915915916,0.9997398914065582,2664
power-config-v2,alpha_005_pi1_001,0.05,0.01,"$\alpha=0.05,\ \pi_1=0.01$",500,1.9,2.0,90.31094859417775,1.9557404039768505,0.002552552552552553,0.01126126126126126,0.9894894894894894,0.9997398914065582,2664
power-config-v2,alpha_010_pi1_005,0.1,0.05,"$\alpha=0.10,\ \pi_1=0.05$",500,1.9,2.0,90.31094859417775,1.9557404039768505,0.060390390390390375,0.1981981981981982,0.8108108108108109,0.9997597597597595,2664
power-config-v2,alpha_005_pi1_005,0.05,0.05,"$\alpha=0.05,\ \pi_1=0.05$",500,1.9,2.0,90.31094859417775,1.9557404039768505,0.011066066066066065,0.07582582582582582,0.9271771771771772,0.9997597597597595,2664
power-config-v2,alpha_010_pi1_001,0.1,0.01,"$\alpha=0.10,\ \pi_1=0.01$",1000,1.9,2.0,90.31094859417775,1.9557404039768505,0.004054054054054055,0.027402402402402402,0.9737237237237237,0.9997311705645041,2664
power-config-v2,alpha_005_pi1_001,0.05,0.01,"$\alpha=0.05,\ \pi_1=0.01$",1000,1.9,2.0,90.31094859417775,1.9557404039768505,0.0010885885885885888,0.009009009009009009,0.990990990990991,0.9997311705645041,2664
power-config-v2,alpha_010_pi1_005,0.1,0.05,"$\alpha=0.10,\ \pi_1=0.05$",1000,1.9,2.0,90.31094859417775,1.9557404039768505,0.04574324324324324,0.1737987987987988,0.8352102102102102,0.9997234076181446,2664
power-config-v2,alpha_005_pi1_005,0.05,0.05,"$\alpha=0.05,\ \pi_1=0.05$",1000,1.9,2.0,90.31094859417775,1.9557404039768505,0.0039564564564564565,0.04804804804804805,0.9530780780780781,0.9997234076181446,2664
power-config-v2,alpha_010_pi1_001,0.1,0.01,"$\alpha=0.10,\ \pi_1=0.01$",2000,1.9,2.0,90.31094859417775,1.9557404039768505,0.0012762762762762762,0.01463963963963964,0.9861111111111112,0.999733635150301,2664
power-config-v2,alpha_005_pi1_001,0.05,0.01,"$\alpha=0.05,\ \pi_1=0.01$",2000,1.9,2.0,90.31094859417775,1.9557404039768505,0.00024399399399399404,0.0045045045045045045,0.9954954954954955,0.999733635150301,2664
power-config-v2,alpha_010_pi1_005,0.1,0.05,"$\alpha=0.10,\ \pi_1=0.05$",2000,1.9,2.0,90.31094859417775,1.9557404039768505,0.038183183183183186,0.16366366366366367,0.8430930930930931,0.9997277540698588,2664
power-config-v2,alpha_005_pi1_005,0.05,0.05,"$\alpha=0.05,\ \pi_1=0.05$",2000,1.9,2.0,90.31094859417775,1.9557404039768505,0.002132132132132132,0.03415915915915916,0.9680930930930931,0.9997277540698588,2664
power-config-v2,alpha_010_pi1_001,0.1,0.01,"$\alpha=0.10,\ \pi_1=0.01$",50,2.1,2.2,142.04359248197466,2.1524216476859563,0.1420576840292725,0.1420576840292725,0.8773138183383555,0.9997627979301921,2323
power-config-v2,alpha_005_pi1_001,0.05,0.01,"$\alpha=0.05,\ \pi_1=0.01$",50,2.1,2.2,142.04359248197466,2.1524216476859563,0.057684029272492464,0.057684029272492464,0.9440378820490745,0.9997627979301921,2323
power-config-v2,alpha_010_pi1_005,0.1,0.05,"$\alpha=0.10,\ \pi_1=0.05$",50,2.1,2.2,142.04359248197466,2.1524216476859563,0.2225570383125269,0.2901420576840293,0.7563495479982781,0.9998206342373368,2323
power-config-v2,alpha_005_pi1_005,0.05,0.05,"$\alpha=0.05,\ \pi_1=0.05$",50,2.1,2.2,142.04359248197466,2.1524216476859563,0.07705553164012054,0.1149375807145932,0.8906586310804994,0.9998206342373368,2323
power-config-v2,alpha_010_pi1_001,0.1,0.01,"$\alpha=0.10,\ \pi_1=0.01$",100,2.1,2.2,142.04359248197466,2.1524216476859563,0.06973740852346104,0.06973740852346104,0.9375807145931985,0.999786935215261,2323
power-config-v2,alpha_005_pi1_001,0.05,0.01,"$\alpha=0.05,\ \pi_1=0.01$",100,2.1,2.2,142.04359248197466,2.1524216476859563,0.02324580284115368,0.02324580284115368,0.977184674989238,0.999786935215261,2323
power-config-v2,alpha_010_pi1_005,0.1,0.05,"$\alpha=0.10,\ \pi_1=0.05$",100,2.1,2.2,142.04359248197466,2.1524216476859563,0.19681446405510106,0.31209642703400775,0.7322427894963409,0.9997870267575955,2323
power-config-v2,alpha_005_pi1_005,0.05,0.05,"$\alpha=0.05,\ \pi_1=0.05$",100,2.1,2.2,142.04359248197466,2.1524216476859563,0.05398191993112355,0.1274214377959535,0.8786052518295308,0.9997870267575955,2323
power-config-v2,alpha_010_pi1_001,0.1,0.01,"$\alpha=0.10,\ \pi_1=0.01$",200,2.1,2.2,142.04359248197466,2.1524216476859563,0.030133448127421438,0.04950495049504951,0.9552303056392596,0.9998304178243911,2323
power-config-v2,alpha_005_pi1_001,0.05,0.01,"$\alpha=0.05,\ \pi_1=0.01$",200,2.1,2.2,142.04359248197466,2.1524216476859563,0.008824795523030563,0.016358157554885924,0.9853637537666811,0.9998304178243911,2323
power-config-v2,alpha_010_pi1_005,0.1,0.05,"$\alpha=0.10,\ \pi_1=0.05$",200,2.1,2.2,142.04359248197466,2.1524216476859563,0.13960396039603962,0.27378390012914333,0.758071459319845,0.9998278088678436,2323
power-config-v2,alpha_005_pi1_005,0.05,0.05,"$\alpha=0.05,\ \pi_1=0.05$",200,2.1,2.2,142.04359248197466,2.1524216476859563,0.028885062419285405,0.10202324580284115,0.9052948773138183,0.9998278088678436,2323
power-config-v2,alpha_010_pi1_001,0.1,0.01,"$\alpha=0.10,\ \pi_1=0.01$",500,2.1,2.2,142.04359248197466,2.1524216476859563,0.010073181231166595,0.03745157124408093,0.9668532070598365,0.9998208516503824,2323
power-config-v2,alpha_005_pi1_001,0.05,0.01,"$\alpha=0.05,\ \pi_1=0.01$",500,2.1,2.2,142.04359248197466,2.1524216476859563,0.0018941024537236335,0.008179078777442962,0.991820921222557,0.9998208516503824,2323
power-config-v2,alpha_010_pi1_005,0.1,0.05,"$\alpha=0.10,\ \pi_1=0.05$",500,2.1,2.2,142.04359248197466,2.1524216476859563,0.09694360740421866,0.22427894963409384,0.7959535083943177,0.999806964678161,2323
power-config-v2,alpha_005_pi1_005,0.05,0.05,"$\alpha=0.05,\ \pi_1=0.05$",500,2.1,2.2,142.04359248197466,2.1524216476859563,0.01072750753336203,0.06284976323719328,0.9388721480843737,0.999806964678161,2323
power-config-v2,alpha_010_pi1_001,0.1,0.01,"$\alpha=0.10,\ \pi_1=0.01$",1000,2.1,2.2,142.04359248197466,2.1524216476859563,0.003443822643133878,0.020662935858803272,0.9827808867843306,0.9998117203024648,2323
power-config-v2,alpha_005_pi1_001,0.05,0.01,"$\alpha=0.05,\ \pi_1=0.01$",1000,2.1,2.2,142.04359248197466,2.1524216476859563,0.0005165733964700819,0.004304778303917348,0.9956952216960826,0.9998117203024648,2323
power-config-v2,alpha_010_pi1_005,0.1,0.05,"$\alpha=0.10,\ \pi_1=0.05$",1000,2.1,2.2,142.04359248197466,2.1524216476859563,0.0830047352561343,0.20361601377529057,0.8179078777442962,0.9998191993112351,2323
power-config-v2,alpha_005_pi1_005,0.05,0.05,"$\alpha=0.05,\ \pi_1=0.05$",1000,2.1,2.2,142.04359248197466,2.1524216476859563,0.004063710718897977,0.03659061558329746,0.965992251399053,0.9998191993112351,2323
power-config-v2,alpha_010_pi1_001,0.1,0.01,"$\alpha=0.10,\ \pi_1=0.01$",2000,2.1,2.2,142.04359248197466,2.1524216476859563,0.00047352561343090837,0.008609556607834697,0.9913904433921653,0.9998119377155105,2323
power-config-v2,alpha_005_pi1_001,0.05,0.01,"$\alpha=0.05,\ \pi_1=0.01$",2000,2.1,2.2,142.04359248197466,2.1524216476859563,0.00019371502367628067,0.0034438226431338786,0.9965561773568661,0.9998119377155105,2323
power-config-v2,alpha_010_pi1_005,0.1,0.05,"$\alpha=0.10,\ \pi_1=0.05$",2000,2.1,2.2,142.04359248197466,2.1524216476859563,0.06712440809298321,0.17778734395178647,0.8420146362462333,0.999814667965652,2323
power-config-v2,alpha_005_pi1_005,0.05,0.05,"$\alpha=0.05,\ \pi_1=0.05$",2000,2.1,2.2,142.04359248197466,2.1524216476859563,0.0013301764959104607,0.017649591046061126,0.9832113646147224,0.999814667965652,2323
power-config-v2,alpha_010_pi1_001,0.1,0.01,"$\alpha=0.10,\ \pi_1=0.01$",50,2.3,2.4000000000000004,222.72697559588084,2.3477728198313237,0.3022222222222222,0.3022222222222222,0.7422222222222222,1.0,1350
power-config-v2,alpha_005_pi1_001,0.05,0.01,"$\alpha=0.05,\ \pi_1=0.01$",50,2.3,2.4000000000000004,222.72697559588084,2.3477728198313237,0.11925925925925926,0.11925925925925926,0.8837037037037037,1.0,1350
power-config-v2,alpha_010_pi1_005,0.1,0.05,"$\alpha=0.10,\ \pi_1=0.05$",50,2.3,2.4000000000000004,222.72697559588084,2.3477728198313237,0.4762962962962963,0.5637037037037037,0.49703703703703705,0.999969135802469,1350
power-config-v2,alpha_005_pi1_005,0.05,0.05,"$\alpha=0.05,\ \pi_1=0.05$",50,2.3,2.4000000000000004,222.72697559588084,2.3477728198313237,0.16592592592592592,0.2311111111111111,0.782962962962963,0.999969135802469,1350
power-config-v2,alpha_010_pi1_001,0.1,0.01,"$\alpha=0.10,\ \pi_1=0.01$",100,2.3,2.4000000000000004,222.72697559588084,2.3477728198313237,0.1259259259259259,0.1259259259259259,0.8881481481481481,0.9999401421623644,1350
power-config-v2,alpha_005_pi1_001,0.05,0.01,"$\alpha=0.05,\ \pi_1=0.01$",100,2.3,2.4000000000000004,222.72697559588084,2.3477728198313237,0.04666666666666667,0.04666666666666667,0.96,0.9999401421623644,1350
power-config-v2,alpha_010_pi1_005,0.1,0.05,"$\alpha=0.10,\ \pi_1=0.05$",100,2.3,2.4000000000000004,222.72697559588084,2.3477728198313237,0.5536296296296296,0.7118518518518518,0.34296296296296297,0.9999064327485381,1350
power-config-v2,alpha_005_pi1_005,0.05,0.05,"$\alpha=0.05,\ \pi_1=0.05$",100,2.3,2.4000000000000004,222.72697559588084,2.3477728198313237,0.12192592592592594,0.24296296296296296,0.7674074074074074,0.9999064327485381,1350
power-config-v2,alpha_010_pi1_001,0.1,0.01,"$\alpha=0.10,\ \pi_1=0.01$",200,2.3,2.4000000000000004,222.72697559588084,2.3477728198313237,0.061481481481481484,0.09037037037037036,0.92,0.9999139543583988,1350
power-config-v2,alpha_005_pi1_001,0.05,0.01,"$\alpha=0.05,\ \pi_1=0.01$",200,2.3,2.4000000000000004,222.72697559588084,2.3477728198313237,0.015555555555555555,0.028148148148148148,0.9740740740740741,0.9999139543583988,1350
power-config-v2,alpha_010_pi1_005,0.1,0.05,"$\alpha=0.10,\ \pi_1=0.05$",200,2.3,2.4000000000000004,222.72697559588084,2.3477728198313237,0.47970370370370363,0.677037037037037,0.39555555555555555,0.9999298245614036,1350
power-config-v2,alpha_005_pi1_005,0.05,0.05,"$\alpha=0.05,\ \pi_1=0.05$",200,2.3,2.4000000000000004,222.72697559588084,2.3477728198313237,0.07229629629629629,0.18074074074074073,0.8303703703703704,0.9999298245614036,1350
power-config-v2,alpha_010_pi1_001,0.1,0.01,"$\alpha=0.10,\ \pi_1=0.01$",500,2.3,2.4000000000000004,222.72697559588084,2.3477728198313237,0.01674074074074074,0.04962962962962963,0.9562962962962963,0.9998937523381966,1350
power-config-v2,alpha_005_pi1_001,0.05,0.01,"$\alpha=0.05,\ \pi_1=0.01$",500,2.3,2.4000000000000004,222.72697559588084,2.3477728198313237,0.0026666666666666666,0.011111111111111112,0.9903703703703703,0.9998937523381966,1350
power-config-v2,alpha_010_pi1_005,0.1,0.05,"$\alpha=0.10,\ \pi_1=0.05$",500,2.3,2.4000000000000004,222.72697559588084,2.3477728198313237,0.38589629629629624,0.5755555555555556,0.482962962962963,0.999904873294347,1350
power-config-v2,alpha_005_pi1_005,0.05,0.05,"$\alpha=0.05,\ \pi_1=0.05$",500,2.3,2.4000000000000004,222.72697559588084,2.3477728198313237,0.02962962962962963,0.10592592592592592,0.9007407407407407,0.999904873294347,1350
power-config-v2,alpha_010_pi1_001,0.1,0.01,"$\alpha=0.10,\ \pi_1=0.01$",1000,2.3,2.4000000000000004,222.72697559588084,2.3477728198313237,0.0036296296296296294,0.02148148148148148,0.9814814814814815,0.9999094650205761,1350
power-config-v2,alpha_005_pi1_001,0.05,0.01,"$\alpha=0.05,\ \pi_1=0.01$",1000,2.3,2.4000000000000004,222.72697559588084,2.3477728198313237,0.0005925925925925926,0.003703703703703704,0.997037037037037,0.9999094650205761,1350
power-config-v2,alpha_010_pi1_005,0.1,0.05,"$\alpha=0.10,\ \pi_1=0.05$",1000,2.3,2.4000000000000004,222.72697559588084,2.3477728198313237,0.34402962962962963,0.5237037037037037,0.5407407407407407,0.9999235867446395,1350
power-config-v2,alpha_005_pi1_005,0.05,0.05,"$\alpha=0.05,\ \pi_1=0.05$",1000,2.3,2.4000000000000004,222.72697559588084,2.3477728198313237,0.013481481481481478,0.05851851851851852,0.9451851851851852,0.9999235867446395,1350
power-config-v2,alpha_010_pi1_001,0.1,0.01,"$\alpha=0.10,\ \pi_1=0.01$",2000,2.3,2.4000000000000004,222.72697559588084,2.3477728198313237,0.0012592592592592594,0.013333333333333334,0.9866666666666667,0.9999199401421626,1350
power-config-v2,alpha_005_pi1_001,0.05,0.01,"$\alpha=0.05,\ \pi_1=0.01$",2000,2.3,2.4000000000000004,222.72697559588084,2.3477728198313237,7.407407407407407e-05,0.0014814814814814814,0.9985185185185185,0.9999199401421626,1350
power-config-v2,alpha_010_pi1_005,0.1,0.05,"$\alpha=0.10,\ \pi_1=0.05$",2000,2.3,2.4000000000000004,222.72697559588084,2.3477728198313237,0.3108444444444444,0.48,0.5718518518518518,0.9999146198830409,1350
power-config-v2,alpha_005_pi1_005,0.05,0.05,"$\alpha=0.05,\ \pi_1=0.05$",2000,2.3,2.4000000000000004,222.72697559588084,2.3477728198313237,0.002903703703703704,0.017777777777777778,0.9829629629629629,0.9999146198830409,1350
power-config-v2,alpha_010_pi1_001,0.1,0.01,"$\alpha=0.10,\ \pi_1=0.01$",50,2.2,2.3,181.23282917293002,2.2582368701467583,0.1905759162303665,0.1905759162303665,0.8418848167539267,0.9999038358799017,1910
power-config-v2,alpha_005_pi1_001,0.05,0.01,"$\alpha=0.05,\ \pi_1=0.01$",50,2.2,2.3,181.23282917293002,2.2582368701467583,0.07905759162303665,0.07905759162303665,0.9256544502617801,0.9999038358799017,1910
power-config-v2,alpha_010_pi1_005,0.1,0.05,"$\alpha=0.10,\ \pi_1=0.05$",50,2.2,2.3,181.23282917293002,2.2582368701467583,0.30732984293193716,0.3738219895287958,0.6979057591623037,0.999836387434555,1910
power-config-v2,alpha_005_pi1_005,0.05,0.05,"$\alpha=0.05,\ \pi_1=0.05$",50,2.2,2.3,181.23282917293002,2.2582368701467583,0.09895287958115183,0.1424083769633508,0.8638743455497382,0.999836387434555,1910
power-config-v2,alpha_010_pi1_001,0.1,0.01,"$\alpha=0.10,\ \pi_1=0.01$",100,2.2,2.3,181.23282917293002,2.2582368701467583,0.07853403141361257,0.07853403141361257,0.9282722513089006,0.9998942302607223,1910
power-config-v2,alpha_005_pi1_001,0.05,0.01,"$\alpha=0.05,\ \pi_1=0.01$",100,2.2,2.3,181.23282917293002,2.2582368701467583,0.030890052356020943,0.030890052356020943,0.9712041884816754,0.9998942302607223,1910
power-config-v2,alpha_010_pi1_005,0.1,0.05,"$\alpha=0.10,\ \pi_1=0.05$",100,2.2,2.3,181.23282917293002,2.2582368701467583,0.28890052356020934,0.41361256544502617,0.6712041884816754,0.999889776798016,1910
power-config-v2,alpha_005_pi1_005,0.05,0.05,"$\alpha=0.05,\ \pi_1=0.05$",100,2.2,2.3,181.23282917293002,2.2582368701467583,0.06439790575916232,0.13979057591623037,0.8664921465968587,0.999889776798016,1910
power-config-v2,alpha_010_pi1_001,0.1,0.01,"$\alpha=0.10,\ \pi_1=0.01$",200,2.2,2.3,181.23282917293002,2.2582368701467583,0.03795811518324607,0.0581151832460733,0.9518324607329843,0.9998704320693849,1910
power-config-v2,alpha_005_pi1_001,0.05,0.01,"$\alpha=0.05,\ \pi_1=0.01$",200,2.2,2.3,181.23282917293002,2.2582368701467583,0.007853403141361256,0.015183246073298429,0.9869109947643979,0.9998704320693849,1910
power-config-v2,alpha_010_pi1_005,0.1,0.05,"$\alpha=0.10,\ \pi_1=0.05$",200,2.2,2.3,181.23282917293002,2.2582368701467583,0.2264921465968588,0.3680628272251309,0.687434554973822,0.9998539542573714,1910
power-config-v2,alpha_005_pi1_005,0.05,0.05,"$\alpha=0.05,\ \pi_1=0.05$",200,2.2,2.3,181.23282917293002,2.2582368701467583,0.04832460732984293,0.13403141361256546,0.8712041884816754,0.9998539542573714,1910
power-config-v2,alpha_010_pi1_001,0.1,0.01,"$\alpha=0.10,\ \pi_1=0.01$",500,2.2,2.3,181.23282917293002,2.2582368701467583,0.014136125654450264,0.04450261780104712,0.9586387434554974,0.9998635570363317,1910
power-config-v2,alpha_005_pi1_001,0.05,0.01,"$\alpha=0.05,\ \pi_1=0.01$",500,2.2,2.3,181.23282917293002,2.2582368701467583,0.0014659685863874347,0.007329842931937173,0.993193717277487,0.9998635570363317,1910
power-config-v2,alpha_010_pi1_005,0.1,0.05,"$\alpha=0.10,\ \pi_1=0.05$",500,2.2,2.3,181.23282917293002,2.2582368701467583,0.1680418848167539,0.31675392670157065,0.7256544502617801,0.999852300909341,1910
power-config-v2,alpha_005_pi1_005,0.05,0.05,"$\alpha=0.05,\ \pi_1=0.05$",500,2.2,2.3,181.23282917293002,2.2582368701467583,0.01698429319371728,0.07329842931937172,0.9314136125654451,0.999852300909341,1910
power-config-v2,alpha_010_pi1_001,0.1,0.01,"$\alpha=0.10,\ \pi_1=0.01$",1000,2.2,2.3,181.23282917293002,2.2582368701467583,0.0030366492146596856,0.016753926701570682,0.9842931937172775,0.9998751917076528,1910
power-config-v2,alpha_005_pi1_001,0.05,0.01,"$\alpha=0.05,\ \pi_1=0.01$",1000,2.2,2.3,181.23282917293002,2.2582368701467583,0.0004712041884816754,0.0036649214659685864,0.9963350785340314,0.9998751917076528,1910
power-config-v2,alpha_010_pi1_005,0.1,0.05,"$\alpha=0.10,\ \pi_1=0.05$",1000,2.2,2.3,181.23282917293002,2.2582368701467583,0.14663874345549738,0.28219895287958113,0.7638743455497382,0.9998737944337284,1910
power-config-v2,alpha_005_pi1_005,0.05,0.05,"$\alpha=0.05,\ \pi_1=0.05$",1000,2.2,2.3,181.23282917293002,2.2582368701467583,0.005643979057591624,0.03455497382198953,0.9680628272251309,0.9998737944337284,1910
power-config-v2,alpha_010_pi1_001,0.1,0.01,"$\alpha=0.10,\ \pi_1=0.01$",2000,2.2,2.3,181.23282917293002,2.2582368701467583,0.0010209424083769633,0.011518324607329843,0.9900523560209424,0.9998699032206885,1910
power-config-v2,alpha_005_pi1_001,0.05,0.01,"$\alpha=0.05,\ \pi_1=0.01$",2000,2.2,2.3,181.23282917293002,2.2582368701467583,0.00010471204188481676,0.0015706806282722514,0.9984293193717277,0.9998699032206885,1910
power-config-v2,alpha_010_pi1_005,0.1,0.05,"$\alpha=0.10,\ \pi_1=0.05$",2000,2.2,2.3,181.23282917293002,2.2582368701467583,0.13529842931937178,0.256020942408377,0.7842931937172775,0.9998740699917332,1910
power-config-v2,alpha_005_pi1_005,0.05,0.05,"$\alpha=0.05,\ \pi_1=0.05$",2000,2.2,2.3,181.23282917293002,2.2582368701467583,0.002052356020942408,0.014136125654450262,0.9863874345549738,0.9998740699917332,1910
power-config-v2,alpha_010_pi1_001,0.1,0.01,"$\alpha=0.10,\ \pi_1=0.01$",50,2.4000000000000004,2.5,283.63139555718703,2.452754301837477,0.29439252336448596,0.29439252336448596,0.7879672897196262,0.9999284760633226,1712
power-config-v2,alpha_005_pi1_001,0.05,0.01,"$\alpha=0.05,\ \pi_1=0.01$",50,2.4000000000000004,2.5,283.63139555718703,2.452754301837477,0.0905373831775701,0.0905373831775701,0.9129672897196262,0.9999284760633226,1712
power-config-v2,alpha_010_pi1_005,0.1,0.05,"$\alpha=0.10,\ \pi_1=0.05$",50,2.4000000000000004,2.5,283.63139555718703,2.452754301837477,0.7026869158878505,0.758177570093458,0.27511682242990654,0.9998783099688474,1712
power-config-v2,alpha_005_pi1_005,0.05,0.05,"$\alpha=0.05,\ \pi_1=0.05$",50,2.4000000000000004,2.5,283.63139555718703,2.452754301837477,0.14573598130841123,0.19217289719626168,0.8165887850467289,0.9998783099688474,1712
power-config-v2,alpha_010_pi1_001,0.1,0.01,"$\alpha=0.10,\ \pi_1=0.01$",100,2.4000000000000004,2.5,283.63139555718703,2.452754301837477,0.10689252336448599,0.10689252336448599,0.9129672897196262,0.9999173982818844,1712
power-config-v2,alpha_005_pi1_001,0.05,0.01,"$\alpha=0.05,\ \pi_1=0.01$",100,2.4000000000000004,2.5,283.63139555718703,2.452754301837477,0.027453271028037383,0.027453271028037383,0.9731308411214953,0.9999173982818844,1712
power-config-v2,alpha_010_pi1_005,0.1,0.05,"$\alpha=0.10,\ \pi_1=0.05$",100,2.4000000000000004,2.5,283.63139555718703,2.452754301837477,0.7857476635514018,0.883177570093458,0.1425233644859813,0.9999446630595178,1712
power-config-v2,alpha_005_pi1_005,0.05,0.05,"$\alpha=0.05,\ \pi_1=0.05$",100,2.4000000000000004,2.5,283.63139555718703,2.452754301837477,0.12371495327102802,0.21261682242990654,0.8049065420560748,0.9999446630595178,1712
power-config-v2,alpha_010_pi1_001,0.1,0.01,"$\alpha=0.10,\ \pi_1=0.01$",200,2.4000000000000004,2.5,283.63139555718703,2.452754301837477,0.04410046728971963,0.06483644859813084,0.9462616822429907,0.999938048711413,1712
power-config-v2,alpha_005_pi1_001,0.05,0.01,"$\alpha=0.05,\ \pi_1=0.01$",200,2.4000000000000004,2.5,283.63139555718703,2.452754301837477,0.008761682242990653,0.014018691588785047,0.9871495327102804,0.999938048711413,1712
power-config-v2,alpha_010_pi1_005,0.1,0.05,"$\alpha=0.10,\ \pi_1=0.05$",200,2.4000000000000004,2.5,283.63139555718703,2.452754301837477,0.7494742990654205,0.8738317757009346,0.18282710280373832,0.9999169945892771,1712
power-config-v2,alpha_005_pi1_005,0.05,0.05,"$\alpha=0.05,\ \pi_1=0.05$",200,2.4000000000000004,2.5,283.63139555718703,2.452754301837477,0.07219626168224298,0.15654205607476634,0.8580607476635514,0.9999169945892771,1712
power-config-v2,alpha_010_pi1_001,0.1,0.01,"$\alpha=0.10,\ \pi_1=0.01$",500,2.4000000000000004,2.5,283.63139555718703,2.452754301837477,0.013200934579439254,0.036214953271028034,0.967873831775701,0.9999256584536957,1712
power-config-v2,alpha_005_pi1_001,0.05,0.01,"$\alpha=0.05,\ \pi_1=0.01$",500,2.4000000000000004,2.5,283.63139555718703,2.452754301837477,0.0012850467289719624,0.005841121495327103,0.9941588785046729,0.9999256584536957,1712
power-config-v2,alpha_010_pi1_005,0.1,0.05,"$\alpha=0.10,\ \pi_1=0.05$",500,2.4000000000000004,2.5,283.63139555718703,2.452754301837477,0.7003738317757013,0.8317757009345794,0.23130841121495327,0.999907771765863,1712
power-config-v2,alpha_005_pi1_005,0.05,0.05,"$\alpha=0.05,\ \pi_1=0.05$",500,2.4000000000000004,2.5,283.63139555718703,2.452754301837477,0.029813084112149533,0.0911214953271028,0.9141355140186916,0.999907771765863,1712
power-config-v2,alpha_010_pi1_001,0.1,0.01,"$\alpha=0.10,\ \pi_1=0.01$",1000,2.4000000000000004,2.5,283.63139555718703,2.452754301837477,0.0030373831775700934,0.014018691588785047,0.9877336448598131,0.9999120881714342,1712
power-config-v2,alpha_005_pi1_001,0.05,0.01,"$\alpha=0.05,\ \pi_1=0.01$",1000,2.4000000000000004,2.5,283.63139555718703,2.452754301837477,5.841121495327103e-05,0.0005841121495327102,0.9994158878504673,0.9999120881714342,1712
power-config-v2,alpha_010_pi1_005,0.1,0.05,"$\alpha=0.10,\ \pi_1=0.05$",1000,2.4000000000000004,2.5,283.63139555718703,2.452754301837477,0.6741121495327104,0.804322429906542,0.272196261682243,0.9999102311854402,1712
power-config-v2,alpha_005_pi1_005,0.05,0.05,"$\alpha=0.05,\ \pi_1=0.05$",1000,2.4000000000000004,2.5,283.63139555718703,2.452754301837477,0.012149532710280374,0.04205607476635514,0.9620327102803738,0.9999102311854402,1712
power-config-v2,alpha_010_pi1_001,0.1,0.01,"$\alpha=0.10,\ \pi_1=0.01$",2000,2.4000000000000004,2.5,283.63139555718703,2.452754301837477,0.00035046728971962614,0.0035046728971962616,0.9964953271028038,0.9999188733125649,1712
power-config-v2,alpha_005_pi1_001,0.05,0.01,"$\alpha=0.05,\ \pi_1=0.01$",2000,2.4000000000000004,2.5,283.63139555718703,2.452754301837477,0.0,0.0,1.0,0.9999188733125649,1712
power-config-v2,alpha_010_pi1_005,0.1,0.05,"$\alpha=0.10,\ \pi_1=0.05$",2000,2.4000000000000004,2.5,283.63139555718703,2.452754301837477,0.6328621495327101,0.7593457943925234,0.3253504672897196,0.9999191465814069,1712
power-config-v2,alpha_005_pi1_005,0.05,0.05,"$\alpha=0.05,\ \pi_1=0.05$",2000,2.4000000000000004,2.5,283.63139555718703,2.452754301837477,0.00370911214953271,0.015186915887850467,0.9889018691588785,0.9999191465814069,1712
power-config-v2,alpha_010_pi1_001,0.1,0.01,"$\alpha=0.10,\ \pi_1=0.01$",50,2.6,2.7,460.4689757973985,2.6632003748284596,0.5892526250772081,0.5892526250772081,0.46819024088943795,0.999949578348943,1619
power-config-v2,alpha_005_pi1_001,0.05,0.01,"$\alpha=0.05,\ \pi_1=0.01$",50,2.6,2.7,460.4689757973985,2.6632003748284596,0.13341568869672638,0.13341568869672638,0.8962322421247684,0.999949578348943,1619
power-config-v2,alpha_010_pi1_005,0.1,0.05,"$\alpha=0.10,\ \pi_1=0.05$",50,2.6,2.7,460.4689757973985,2.6632003748284596,0.9286596664607782,0.9573810994441013,0.053119209388511425,0.9999613959234094,1619
power-config-v2,alpha_005_pi1_005,0.05,0.05,"$\alpha=0.05,\ \pi_1=0.05$",50,2.6,2.7,460.4689757973985,2.6632003748284596,0.4061148857319333,0.4515132798023471,0.6009882643607165,0.9999613959234094,1619
power-config-v2,alpha_010_pi1_001,0.1,0.01,"$\alpha=0.10,\ \pi_1=0.01$",100,2.6,2.7,460.4689757973985,2.6632003748284596,0.16676961087090797,0.16676961087090797,0.891290920321186,0.9999688047865937,1619
power-config-v2,alpha_005_pi1_001,0.05,0.01,"$\alpha=0.05,\ \pi_1=0.01$",100,2.6,2.7,460.4689757973985,2.6632003748284596,0.03705991352686844,0.03705991352686844,0.967881408276714,0.9999688047865937,1619
power-config-v2,alpha_010_pi1_005,0.1,0.05,"$\alpha=0.10,\ \pi_1=0.05$",100,2.6,2.7,460.4689757973985,2.6632003748284596,0.9605929586164299,0.9956763434218654,0.006176652254478073,0.9999544878254931,1619
power-config-v2,alpha_005_pi1_005,0.05,0.05,"$\alpha=0.05,\ \pi_1=0.05$",100,2.6,2.7,460.4689757973985,2.6632003748284596,0.5378628783199506,0.6189005558987029,0.4150710315009265,0.9999544878254931,1619
power-config-v2,alpha_010_pi1_001,0.1,0.01,"$\alpha=0.10,\ \pi_1=0.01$",200,2.6,2.7,460.4689757973985,2.6632003748284596,0.06485484867201977,0.08400247066090179,0.9444101297096974,0.9999594462225715,1619
power-config-v2,alpha_005_pi1_001,0.05,0.01,"$\alpha=0.05,\ \pi_1=0.01$",200,2.6,2.7,460.4689757973985,2.6632003748284596,0.007103150092649784,0.01173563928350834,0.9894996911673872,0.9999594462225715,1619
power-config-v2,alpha_010_pi1_005,0.1,0.05,"$\alpha=0.10,\ \pi_1=0.05$",200,2.6,2.7,460.4689757973985,2.6632003748284596,0.9629400864731317,0.9987646695491044,0.0018529956763434219,0.9999219791294174,1619
power-config-v2,alpha_005_pi1_005,0.05,0.05,"$\alpha=0.05,\ \pi_1=0.05$",200,2.6,2.7,460.4689757973985,2.6632003748284596,0.41457689932056835,0.48672019765287217,0.5645460160592959,0.9999219791294174,1619
power-config-v2,alpha_010_pi1_001,0.1,0.01,"$\alpha=0.10,\ \pi_1=0.01$",500,2.6,2.7,460.4689757973985,2.6632003748284596,0.01964175416924027,0.033353922174181594,0.980852378011118,0.9999438486158682,1619
power-config-v2,alpha_005_pi1_001,0.05,0.01,"$\alpha=0.05,\ \pi_1=0.01$",500,2.6,2.7,460.4689757973985,2.6632003748284596,0.00024706609017912295,0.0012353304508956147,0.9987646695491044,0.9999438486158682,1619
power-config-v2,alpha_010_pi1_005,0.1,0.05,"$\alpha=0.10,\ \pi_1=0.05$",500,2.6,2.7,460.4689757973985,2.6632003748284596,0.961680049413218,0.9993823347745522,0.0006176652254478073,0.9999622899125514,1619
power-config-v2,alpha_005_pi1_005,0.05,0.05,"$\alpha=0.05,\ \pi_1=0.05$",500,2.6,2.7,460.4689757973985,2.6632003748284596,0.30364422483014203,0.3650401482396541,0.6825200741198271,0.9999622899125514,1619
power-config-v2,alpha_010_pi1_001,0.1,0.01,"$\alpha=0.10,\ \pi_1=0.01$",1000,2.6,2.7,460.4689757973985,2.6632003748284596,0.005373687461395923,0.008029647930821495,0.9969116738727609,0.9999475920414772,1619
power-config-v2,alpha_005_pi1_001,0.05,0.01,"$\alpha=0.05,\ \pi_1=0.01$",1000,2.6,2.7,460.4689757973985,2.6632003748284596,0.0,0.0,1.0,0.9999475920414772,1619
power-config-v2,alpha_010_pi1_005,0.1,0.05,"$\alpha=0.10,\ \pi_1=0.05$",1000,2.6,2.7,460.4689757973985,2.6632003748284596,0.9646942557134032,1.0,0.0,0.9999336822600043,1619
power-config-v2,alpha_005_pi1_005,0.05,0.05,"$\alpha=0.05,\ \pi_1=0.05$",1000,2.6,2.7,460.4689757973985,2.6632003748284596,0.2532798023471278,0.29277331686226066,0.7510809141445337,0.9999336822600043,1619
power-config-v2,alpha_010_pi1_001,0.1,0.01,"$\alpha=0.10,\ \pi_1=0.01$",2000,2.6,2.7,460.4689757973985,2.6632003748284596,0.0025941939468807906,0.0037059913526868438,0.9987646695491044,0.9999485278978792,1619
power-config-v2,alpha_005_pi1_001,0.05,0.01,"$\alpha=0.05,\ \pi_1=0.01$",2000,2.6,2.7,460.4689757973985,2.6632003748284596,0.0,0.0,1.0,0.9999485278978792,1619
power-config-v2,alpha_010_pi1_005,0.1,0.05,"$\alpha=0.10,\ \pi_1=0.05$",2000,2.6,2.7,460.4689757973985,2.6632003748284596,0.9632489190858554,1.0,0.0,0.9999457104775528,1619
power-config-v2,alpha_005_pi1_005,0.05,0.05,"$\alpha=0.05,\ \pi_1=0.05$",2000,2.6,2.7,460.4689757973985,2.6632003748284596,0.22387893761581226,0.24397776405188387,0.7906114885731933,0.9999457104775528,1619
power-config-v2,alpha_010_pi1_001,0.1,0.01,"$\alpha=0.10,\ \pi_1=0.01$",50,2.5,2.6,357.2170223815223,2.55293214604579,0.5134553283100107,0.5134553283100107,0.5328310010764262,1.0,929
power-config-v2,alpha_005_pi1_001,0.05,0.01,"$\alpha=0.05,\ \pi_1=0.01$",50,2.5,2.6,357.2170223815223,2.55293214604579,0.2023681377825619,0.2023681377825619,0.813778256189451,1.0,929
power-config-v2,alpha_010_pi1_005,0.1,0.05,"$\alpha=0.10,\ \pi_1=0.05$",50,2.5,2.6,357.2170223815223,2.55293214604579,0.7739504843918191,0.8546824542518837,0.17115177610333693,0.9999102978112667,929
power-config-v2,alpha_005_pi1_005,0.05,0.05,"$\alpha=0.05,\ \pi_1=0.05$",50,2.5,2.6,357.2170223815223,2.55293214604579,0.3455328310010764,0.43057050592034446,0.5952637244348762,0.9999102978112667,929
power-config-v2,alpha_010_pi1_001,0.1,0.01,"$\alpha=0.10,\ \pi_1=0.01$",100,2.5,2.6,357.2170223815223,2.55293214604579,0.23143164693218515,0.23143164693218515,0.8083961248654468,0.9999782540148524,929
power-config-v2,alpha_005_pi1_001,0.05,0.01,"$\alpha=0.05,\ \pi_1=0.01$",100,2.5,2.6,357.2170223815223,2.55293214604579,0.05597416576964478,0.05597416576964478,0.9494079655543596,0.9999782540148524,929
power-config-v2,alpha_010_pi1_005,0.1,0.05,"$\alpha=0.10,\ \pi_1=0.05$",100,2.5,2.6,357.2170223815223,2.55293214604579,0.8284176533907426,0.946178686759957,0.06781485468245425,0.9999546767888504,929
power-config-v2,alpha_005_pi1_005,0.05,0.05,"$\alpha=0.05,\ \pi_1=0.05$",100,2.5,2.6,357.2170223815223,2.55293214604579,0.303767491926803,0.45748116254036597,0.5705059203444564,0.9999546767888504,929
power-config-v2,alpha_010_pi1_001,0.1,0.01,"$\alpha=0.10,\ \pi_1=0.01$",200,2.5,2.6,357.2170223815223,2.55293214604579,0.0861141011840689,0.1216361679224973,0.8945102260495156,0.9999238890519839,929
power-config-v2,alpha_005_pi1_001,0.05,0.01,"$\alpha=0.05,\ \pi_1=0.01$",200,2.5,2.6,357.2170223815223,2.55293214604579,0.014531754574811625,0.024757804090419805,0.9752421959095802,0.9999238890519839,929
power-config-v2,alpha_010_pi1_005,0.1,0.05,"$\alpha=0.10,\ \pi_1=0.05$",200,2.5,2.6,357.2170223815223,2.55293214604579,0.8194833153928953,0.9741657696447793,0.04736275565123789,0.9999716729930314,929
power-config-v2,alpha_005_pi1_005,0.05,0.05,"$\alpha=0.05,\ \pi_1=0.05$",200,2.5,2.6,357.2170223815223,2.55293214604579,0.1667384284176534,0.3078579117330463,0.7158234660925726,0.9999716729930314,929
power-config-v2,alpha_010_pi1_001,0.1,0.01,"$\alpha=0.10,\ \pi_1=0.01$",500,2.5,2.6,357.2170223815223,2.55293214604579,0.02131324004305705,0.05597416576964478,0.9537136706135629,0.9999543334311902,929
power-config-v2,alpha_005_pi1_001,0.05,0.01,"$\alpha=0.05,\ \pi_1=0.01$",500,2.5,2.6,357.2170223815223,2.55293214604579,0.0015069967707212056,0.004305705059203444,0.9956942949407965,0.9999543334311902,929
power-config-v2,alpha_010_pi1_005,0.1,0.05,"$\alpha=0.10,\ \pi_1=0.05$",500,2.5,2.6,357.2170223815223,2.55293214604579,0.8062432723358455,0.9569429494079655,0.060279870828848225,0.9999660075916379,929
power-config-v2,alpha_005_pi1_005,0.05,0.05,"$\alpha=0.05,\ \pi_1=0.05$",500,2.5,2.6,357.2170223815223,2.55293214604579,0.08465016146393972,0.1991388589881593,0.8245425188374597,0.9999660075916379,929
power-config-v2,alpha_010_pi1_001,0.1,0.01,"$\alpha=0.10,\ \pi_1=0.01$",1000,2.5,2.6,357.2170223815223,2.55293214604579,0.004305705059203444,0.011840688912809472,0.9924650161463939,0.9999641191245066,929
power-config-v2,alpha_005_pi1_001,0.05,0.01,"$\alpha=0.05,\ \pi_1=0.01$",1000,2.5,2.6,357.2170223815223,2.55293214604579,0.0,0.0,1.0,0.9999641191245066,929
power-config-v2,alpha_010_pi1_005,0.1,0.05,"$\alpha=0.10,\ \pi_1=0.05$",1000,2.5,2.6,357.2170223815223,2.55293214604579,0.8173519913885897,0.9795479009687836,0.03659849300322928,0.9999558098691292,929
power-config-v2,alpha_005_pi1_005,0.05,0.05,"$\alpha=0.05,\ \pi_1=0.05$",1000,2.5,2.6,357.2170223815223,2.55293214604579,0.0330032292787944,0.08180839612486544,0.9311087190527448,0.9999558098691292,929
power-config-v2,alpha_010_pi1_001,0.1,0.01,"$\alpha=0.10,\ \pi_1=0.01$",2000,2.5,2.6,357.2170223815223,2.55293214604579,0.0012378902045209904,0.004305705059203444,0.9978471474703983,0.9999700992704222,929
power-config-v2,alpha_005_pi1_001,0.05,0.01,"$\alpha=0.05,\ \pi_1=0.01$",2000,2.5,2.6,357.2170223815223,2.55293214604579,0.0,0.0,1.0,0.9999700992704222,929
power-config-v2,alpha_010_pi1_005,0.1,0.05,"$\alpha=0.10,\ \pi_1=0.05$",2000,2.5,2.6,357.2170223815223,2.55293214604579,0.8197524219590957,0.9838536060279871,0.03444564047362755,0.9999592091099656,929
power-config-v2,alpha_005_pi1_005,0.05,0.05,"$\alpha=0.05,\ \pi_1=0.05$",2000,2.5,2.6,357.2170223815223,2.55293214604579,0.01378902045209903,0.03552206673842842,0.9773950484391819,0.9999592091099656,929
power-config-v2,alpha_010_pi1_001,0.1,0.01,"$\alpha=0.10,\ \pi_1=0.01$",50,2.8,2.9000000000000004,712.0778389238933,2.852527469995569,0.9007692307692308,0.9007692307692308,0.11076923076923077,1.0,1300
power-config-v2,alpha_005_pi1_001,0.05,0.01,"$\alpha=0.05,\ \pi_1=0.01$",50,2.8,2.9000000000000004,712.0778389238933,2.852527469995569,0.22384615384615383,0.22384615384615383,0.8253846153846154,1.0,1300
power-config-v2,alpha_010_pi1_005,0.1,0.05,"$\alpha=0.10,\ \pi_1=0.05$",50,2.8,2.9000000000000004,712.0778389238933,2.852527469995569,0.9957692307692307,0.9992307692307693,0.0007692307692307692,0.999951923076923,1300
power-config-v2,alpha_005_pi1_005,0.05,0.05,"$\alpha=0.05,\ \pi_1=0.05$",50,2.8,2.9000000000000004,712.0778389238933,2.852527469995569,0.8657692307692307,0.8892307692307693,0.1276923076923077,0.999951923076923,1300
power-config-v2,alpha_010_pi1_001,0.1,0.01,"$\alpha=0.10,\ \pi_1=0.01$",100,2.8,2.9000000000000004,712.0778389238933,2.852527469995569,0.26692307692307693,0.26692307692307693,0.8376923076923077,0.9999378399378399,1300
power-config-v2,alpha_005_pi1_001,0.05,0.01,"$\alpha=0.05,\ \pi_1=0.01$",100,2.8,2.9000000000000004,712.0778389238933,2.852527469995569,0.03230769230769231,0.03230769230769231,0.9753846153846154,0.9999378399378399,1300
power-config-v2,alpha_010_pi1_005,0.1,0.05,"$\alpha=0.10,\ \pi_1=0.05$",100,2.8,2.9000000000000004,712.0778389238933,2.852527469995569,0.9975384615384615,1.0,0.0,0.9999757085020243,1300
power-config-v2,alpha_005_pi1_005,0.05,0.05,"$\alpha=0.05,\ \pi_1=0.05$",100,2.8,2.9000000000000004,712.0778389238933,2.852527469995569,0.9215384615384614,0.9561538461538461,0.04846153846153846,0.9999757085020243,1300
power-config-v2,alpha_010_pi1_001,0.1,0.01,"$\alpha=0.10,\ \pi_1=0.01$",200,2.8,2.9000000000000004,712.0778389238933,2.852527469995569,0.16384615384615384,0.18307692307692308,0.92,0.9999766899766899,1300
power-config-v2,alpha_005_pi1_001,0.05,0.01,"$\alpha=0.05,\ \pi_1=0.01$",200,2.8,2.9000000000000004,712.0778389238933,2.852527469995569,0.0057692307692307696,0.006923076923076923,0.9953846153846154,0.9999766899766899,1300
power-config-v2,alpha_010_pi1_005,0.1,0.05,"$\alpha=0.10,\ \pi_1=0.05$",200,2.8,2.9000000000000004,712.0778389238933,2.852527469995569,0.9979230769230769,1.0,0.0,0.9999716599190284,1300
power-config-v2,alpha_005_pi1_005,0.05,0.05,"$\alpha=0.05,\ \pi_1=0.05$",200,2.8,2.9000000000000004,712.0778389238933,2.852527469995569,0.9215384615384615,0.9661538461538461,0.043076923076923075,0.9999716599190284,1300
power-config-v2,alpha_010_pi1_001,0.1,0.01,"$\alpha=0.10,\ \pi_1=0.01$",500,2.8,2.9000000000000004,712.0778389238933,2.852527469995569,0.04492307692307692,0.052307692307692305,0.9907692307692307,0.999979797979798,1300
power-config-v2,alpha_005_pi1_001,0.05,0.01,"$\alpha=0.05,\ \pi_1=0.01$",500,2.8,2.9000000000000004,712.0778389238933,2.852527469995569,0.0,0.0,1.0,0.999979797979798,1300
power-config-v2,alpha_010_pi1_005,0.1,0.05,"$\alpha=0.10,\ \pi_1=0.05$",500,2.8,2.9000000000000004,712.0778389238933,2.852527469995569,0.998123076923077,1.0,0.0,0.9999676113360323,1300
power-config-v2,alpha_005_pi1_005,0.05,0.05,"$\alpha=0.05,\ \pi_1=0.05$",500,2.8,2.9000000000000004,712.0778389238933,2.852527469995569,0.9112307692307695,0.96,0.05384615384615385,0.9999676113360323,1300
power-config-v2,alpha_010_pi1_001,0.1,0.01,"$\alpha=0.10,\ \pi_1=0.01$",1000,2.8,2.9000000000000004,712.0778389238933,2.852527469995569,0.025461538461538463,0.027692307692307693,0.9992307692307693,0.9999611499611502,1300
power-config-v2,alpha_005_pi1_001,0.05,0.01,"$\alpha=0.05,\ \pi_1=0.01$",1000,2.8,2.9000000000000004,712.0778389238933,2.852527469995569,0.0,0.0,1.0,0.9999611499611502,1300
power-config-v2,alpha_010_pi1_005,0.1,0.05,"$\alpha=0.10,\ \pi_1=0.05$",1000,2.8,2.9000000000000004,712.0778389238933,2.852527469995569,0.9984153846153847,1.0,0.0,0.9999676113360323,1300
power-config-v2,alpha_005_pi1_005,0.05,0.05,"$\alpha=0.05,\ \pi_1=0.05$",1000,2.8,2.9000000000000004,712.0778389238933,2.852527469995569,0.9181384615384617,0.9738461538461538,0.046153846153846156,0.9999676113360323,1300
power-config-v2,alpha_010_pi1_001,0.1,0.01,"$\alpha=0.10,\ \pi_1=0.01$",2000,2.8,2.9000000000000004,712.0778389238933,2.852527469995569,0.011538461538461539,0.011538461538461539,1.0,0.9999716394716393,1300
power-config-v2,alpha_005_pi1_001,0.05,0.01,"$\alpha=0.05,\ \pi_1=0.01$",2000,2.8,2.9000000000000004,712.0778389238933,2.852527469995569,0.0,0.0,1.0,0.9999716394716393,1300
power-config-v2,alpha_010_pi1_005,0.1,0.05,"$\alpha=0.10,\ \pi_1=0.05$",2000,2.8,2.9000000000000004,712.0778389238933,2.852527469995569,0.9980999999999998,1.0,0.0,0.9999647773279352,1300
power-config-v2,alpha_005_pi1_005,0.05,0.05,"$\alpha=0.05,\ \pi_1=0.05$",2000,2.8,2.9000000000000004,712.0778389238933,2.852527469995569,0.9110153846153843,0.9684615384615385,0.054615384615384614,0.9999647773279352,1300
power-config-v2,alpha_010_pi1_001,0.1,0.01,"$\alpha=0.10,\ \pi_1=0.01$",50,2.7,2.8,566.8183964623386,2.7534439371160486,0.7453083109919572,0.7453083109919572,0.2868632707774799,0.9999726432127811,746
power-config-v2,alpha_005_pi1_001,0.05,0.01,"$\alpha=0.05,\ \pi_1=0.01$",50,2.7,2.8,566.8183964623386,2.7534439371160486,0.306970509383378,0.306970509383378,0.7184986595174263,0.9999726432127811,746
power-config-v2,alpha_010_pi1_005,0.1,0.05,"$\alpha=0.10,\ \pi_1=0.05$",50,2.7,2.8,566.8183964623386,2.7534439371160486,0.9336461126005362,0.967828418230563,0.04289544235924933,0.999944146559428,746
power-config-v2,alpha_005_pi1_005,0.05,0.05,"$\alpha=0.05,\ \pi_1=0.05$",50,2.7,2.8,566.8183964623386,2.7534439371160486,0.5764075067024129,0.646112600536193,0.3753351206434316,0.999944146559428,746
power-config-v2,alpha_010_pi1_001,0.1,0.01,"$\alpha=0.10,\ \pi_1=0.01$",100,2.7,2.8,566.8183964623386,2.7534439371160486,0.3257372654155496,0.3257372654155496,0.7305630026809652,0.9999864597719825,746
power-config-v2,alpha_005_pi1_001,0.05,0.01,"$\alpha=0.05,\ \pi_1=0.01$",100,2.7,2.8,566.8183964623386,2.7534439371160486,0.049597855227882036,0.049597855227882036,0.9571045576407506,0.9999864597719825,746
power-config-v2,alpha_010_pi1_005,0.1,0.05,"$\alpha=0.10,\ \pi_1=0.05$",100,2.7,2.8,566.8183964623386,2.7534439371160486,0.971313672922252,1.0,0.0,0.9999717793142373,746
power-config-v2,alpha_005_pi1_005,0.05,0.05,"$\alpha=0.05,\ \pi_1=0.05$",100,2.7,2.8,566.8183964623386,2.7534439371160486,0.6351206434316353,0.7640750670241286,0.26541554959785524,0.9999717793142373,746
power-config-v2,alpha_010_pi1_001,0.1,0.01,"$\alpha=0.10,\ \pi_1=0.01$",200,2.7,2.8,566.8183964623386,2.7534439371160486,0.15147453083109919,0.1876675603217158,0.8806970509383378,0.9999593793159477,746
power-config-v2,alpha_005_pi1_001,0.05,0.01,"$\alpha=0.05,\ \pi_1=0.01$",200,2.7,2.8,566.8183964623386,2.7534439371160486,0.00804289544235925,0.012064343163538873,0.9892761394101877,0.9999593793159477,746
power-config-v2,alpha_010_pi1_005,0.1,0.05,"$\alpha=0.10,\ \pi_1=0.05$",200,2.7,2.8,566.8183964623386,2.7534439371160486,0.9709115281501338,0.9986595174262735,0.002680965147453083,0.9999717793142373,746
power-config-v2,alpha_005_pi1_005,0.05,0.05,"$\alpha=0.05,\ \pi_1=0.05$",200,2.7,2.8,566.8183964623386,2.7534439371160486,0.5380697050938337,0.675603217158177,0.3632707774798928,0.9999717793142373,746
power-config-v2,alpha_010_pi1_001,0.1,0.01,"$\alpha=0.10,\ \pi_1=0.01$",500,2.7,2.8,566.8183964623386,2.7534439371160486,0.03190348525469169,0.05361930294906166,0.9651474530831099,0.9999647954071548,746
power-config-v2,alpha_005_pi1_001,0.05,0.01,"$\alpha=0.05,\ \pi_1=0.01$",500,2.7,2.8,566.8183964623386,2.7534439371160486,0.0,0.0,1.0,0.9999647954071548,746
power-config-v2,alpha_010_pi1_005,0.1,0.05,"$\alpha=0.10,\ \pi_1=0.05$",500,2.7,2.8,566.8183964623386,2.7534439371160486,0.9710455764075065,1.0,0.0,0.9999661351770848,746
power-config-v2,alpha_005_pi1_005,0.05,0.05,"$\alpha=0.05,\ \pi_1=0.05$",500,2.7,2.8,566.8183964623386,2.7534439371160486,0.436514745308311,0.5817694369973191,0.46380697050938335,0.9999661351770848,746
power-config-v2,alpha_010_pi1_001,0.1,0.01,"$\alpha=0.10,\ \pi_1=0.01$",1000,2.7,2.8,566.8183964623386,2.7534439371160486,0.00549597855227882,0.010723860589812333,0.9959785522788204,0.9999769816123703,746
power-config-v2,alpha_005_pi1_001,0.05,0.01,"$\alpha=0.05,\ \pi_1=0.01$",1000,2.7,2.8,566.8183964623386,2.7534439371160486,0.0,0.0,1.0,0.9999769816123703,746
power-config-v2,alpha_010_pi1_005,0.1,0.05,"$\alpha=0.10,\ \pi_1=0.05$",1000,2.7,2.8,566.8183964623386,2.7534439371160486,0.9745576407506704,1.0,0.0,0.9999647241427966,746
power-config-v2,alpha_005_pi1_005,0.05,0.05,"$\alpha=0.05,\ \pi_1=0.05$",1000,2.7,2.8,566.8183964623386,2.7534439371160486,0.3415549597855228,0.46380697050938335,0.6219839142091153,0.9999647241427966,746
power-config-v2,alpha_010_pi1_001,0.1,0.01,"$\alpha=0.10,\ \pi_1=0.01$",2000,2.7,2.8,566.8183964623386,2.7534439371160486,0.0005361930294906167,0.0013404825737265416,1.0,0.9999790126465731,746
power-config-v2,alpha_005_pi1_001,0.05,0.01,"$\alpha=0.05,\ \pi_1=0.01$",2000,2.7,2.8,566.8183964623386,2.7534439371160486,0.0,0.0,1.0,0.9999790126465731,746
power-config-v2,alpha_010_pi1_005,0.1,0.05,"$\alpha=0.10,\ \pi_1=0.05$",2000,2.7,2.8,566.8183964623386,2.7534439371160486,0.9747184986595171,1.0,0.0,0.9999746013828137,746
power-config-v2,alpha_005_pi1_005,0.05,0.05,"$\alpha=0.05,\ \pi_1=0.05$",2000,2.7,2.8,566.8183964623386,2.7534439371160486,0.2694235924932975,0.3726541554959786,0.7091152815013405,0.9999746013828137,746
power-config-v2,alpha_010_pi1_001,0.1,0.01,"$\alpha=0.10,\ \pi_1=0.01$",50,3.0,3.1,1000.0,3.0,1.0,1.0,0.0,1.0,100
power-config-v2,alpha_005_pi1_001,0.05,0.01,"$\alpha=0.05,\ \pi_1=0.01$",50,3.0,3.1,1000.0,3.0,1.0,1.0,0.0,1.0,100
power-config-v2,alpha_010_pi1_005,0.1,0.05,"$\alpha=0.10,\ \pi_1=0.05$",50,3.0,3.1,1000.0,3.0,1.0,1.0,0.0,1.0,100
power-config-v2,alpha_005_pi1_005,0.05,0.05,"$\alpha=0.05,\ \pi_1=0.05$",50,3.0,3.1,1000.0,3.0,1.0,1.0,0.0,1.0,100
power-config-v2,alpha_010_pi1_001,0.1,0.01,"$\alpha=0.10,\ \pi_1=0.01$",100,3.0,3.1,1000.0,3.0,1.0,1.0,0.0,1.0,100
power-config-v2,alpha_005_pi1_001,0.05,0.01,"$\alpha=0.05,\ \pi_1=0.01$",100,3.0,3.1,1000.0,3.0,0.1,0.1,1.0,1.0,100
power-config-v2,alpha_010_pi1_005,0.1,0.05,"$\alpha=0.10,\ \pi_1=0.05$",100,3.0,3.1,1000.0,3.0,1.0,1.0,0.0,0.9997894736842105,100
power-config-v2,alpha_005_pi1_005,0.05,0.05,"$\alpha=0.05,\ \pi_1=0.05$",100,3.0,3.1,1000.0,3.0,1.0,1.0,0.0,0.9997894736842105,100
power-config-v2,alpha_010_pi1_001,0.1,0.01,"$\alpha=0.10,\ \pi_1=0.01$",200,3.0,3.1,1000.0,3.0,1.0,1.0,0.0,0.9999494949494949,100
power-config-v2,alpha_005_pi1_001,0.05,0.01,"$\alpha=0.05,\ \pi_1=0.01$",200,3.0,3.1,1000.0,3.0,0.04,0.04,1.0,0.9999494949494949,100
power-config-v2,alpha_010_pi1_005,0.1,0.05,"$\alpha=0.10,\ \pi_1=0.05$",200,3.0,3.1,1000.0,3.0,1.0,1.0,0.0,0.9999473684210526,100
power-config-v2,alpha_005_pi1_005,0.05,0.05,"$\alpha=0.05,\ \pi_1=0.05$",200,3.0,3.1,1000.0,3.0,1.0,1.0,0.0,0.9999473684210526,100
power-config-v2,alpha_010_pi1_001,0.1,0.01,"$\alpha=0.10,\ \pi_1=0.01$",500,3.0,3.1,1000.0,3.0,1.0,1.0,0.0,0.9999595959595959,100
power-config-v2,alpha_005_pi1_001,0.05,0.01,"$\alpha=0.05,\ \pi_1=0.01$",500,3.0,3.1,1000.0,3.0,0.0,0.0,1.0,0.9999595959595959,100
power-config-v2,alpha_010_pi1_005,0.1,0.05,"$\alpha=0.10,\ \pi_1=0.05$",500,3.0,3.1,1000.0,3.0,1.0,1.0,0.0,0.9999368421052631,100
power-config-v2,alpha_005_pi1_005,0.05,0.05,"$\alpha=0.05,\ \pi_1=0.05$",500,3.0,3.1,1000.0,3.0,1.0,1.0,0.0,0.9999368421052631,100
power-config-v2,alpha_010_pi1_001,0.1,0.01,"$\alpha=0.10,\ \pi_1=0.01$",1000,3.0,3.1,1000.0,3.0,1.0,1.0,0.0,0.999929292929293,100
power-config-v2,alpha_005_pi1_001,0.05,0.01,"$\alpha=0.05,\ \pi_1=0.01$",1000,3.0,3.1,1000.0,3.0,0.0,0.0,1.0,0.999929292929293,100
power-config-v2,alpha_010_pi1_005,0.1,0.05,"$\alpha=0.10,\ \pi_1=0.05$",1000,3.0,3.1,1000.0,3.0,1.0,1.0,0.0,0.9999789473684211,100
power-config-v2,alpha_005_pi1_005,0.05,0.05,"$\alpha=0.05,\ \pi_1=0.05$",1000,3.0,3.1,1000.0,3.0,1.0,1.0,0.0,0.9999789473684211,100
power-config-v2,alpha_010_pi1_001,0.1,0.01,"$\alpha=0.10,\ \pi_1=0.01$",2000,3.0,3.1,1000.0,3.0,1.0,1.0,0.0,0.9999898989898989,100
power-config-v2,alpha_005_pi1_001,0.05,0.01,"$\alpha=0.05,\ \pi_1=0.01$",2000,3.0,3.1,1000.0,3.0,0.0,0.0,1.0,0.9999898989898989,100
power-config-v2,alpha_010_pi1_005,0.1,0.05,"$\alpha=0.10,\ \pi_1=0.05$",2000,3.0,3.1,1000.0,3.0,1.0,1.0,0.0,0.9999684210526317,100
power-config-v2,alpha_005_pi1_005,0.05,0.05,"$\alpha=0.05,\ \pi_1=0.05$",2000,3.0,3.1,1000.0,3.0,1.0,1.0,0.0,0.9999684210526317,100
power-config-v2,alpha_010_pi1_001,0.1,0.01,"$\alpha=0.10,\ \pi_1=0.01$",50,2.9000000000000004,3.0,924.7796584260458,2.9660382683834605,0.9845984598459846,0.9845984598459846,0.0176017601760176,0.9999550975505714,909
power-config-v2,alpha_005_pi1_001,0.05,0.01,"$\alpha=0.05,\ \pi_1=0.01$",50,2.9000000000000004,3.0,924.7796584260458,2.9660382683834605,0.4807480748074808,0.4807480748074808,0.5566556655665567,0.9999550975505714,909
power-config-v2,alpha_010_pi1_005,0.1,0.05,"$\alpha=0.10,\ \pi_1=0.05$",50,2.9000000000000004,3.0,924.7796584260458,2.9660382683834605,1.0,1.0,0.0,0.9999770810414375,909
power-config-v2,alpha_005_pi1_005,0.05,0.05,"$\alpha=0.05,\ \pi_1=0.05$",50,2.9000000000000004,3.0,924.7796584260458,2.9660382683834605,0.9642464246424642,0.976897689768977,0.0231023102310231,0.9999770810414375,909
power-config-v2,alpha_010_pi1_001,0.1,0.01,"$\alpha=0.10,\ \pi_1=0.01$",100,2.9000000000000004,3.0,924.7796584260458,2.9660382683834605,0.5159515951595159,0.5159515951595159,0.55995599559956,0.9999666633329999,909
power-config-v2,alpha_005_pi1_001,0.05,0.01,"$\alpha=0.05,\ \pi_1=0.01$",100,2.9000000000000004,3.0,924.7796584260458,2.9660382683834605,0.03850385038503851,0.03850385038503851,0.9867986798679867,0.9999666633329999,909
power-config-v2,alpha_010_pi1_005,0.1,0.05,"$\alpha=0.10,\ \pi_1=0.05$",100,2.9000000000000004,3.0,924.7796584260458,2.9660382683834605,1.0,1.0,0.0,0.999976839789242,909
power-config-v2,alpha_005_pi1_005,0.05,0.05,"$\alpha=0.05,\ \pi_1=0.05$",100,2.9000000000000004,3.0,924.7796584260458,2.9660382683834605,0.9933993399339934,1.0,0.0033003300330033004,0.999976839789242,909
power-config-v2,alpha_010_pi1_001,0.1,0.01,"$\alpha=0.10,\ \pi_1=0.01$",200,2.9000000000000004,3.0,924.7796584260458,2.9660382683834605,0.3140814081408141,0.3201320132013201,0.8162816281628162,0.9999722194441666,909
power-config-v2,alpha_005_pi1_001,0.05,0.01,"$\alpha=0.05,\ \pi_1=0.01$",200,2.9000000000000004,3.0,924.7796584260458,2.9660382683834605,0.007150715071507151,0.007700770077007701,0.9988998899889989,0.9999722194441666,909
power-config-v2,alpha_010_pi1_005,0.1,0.05,"$\alpha=0.10,\ \pi_1=0.05$",200,2.9000000000000004,3.0,924.7796584260458,2.9660382683834605,1.0,1.0,0.0,0.9999594696311737,909
power-config-v2,alpha_005_pi1_005,0.05,0.05,"$\alpha=0.05,\ \pi_1=0.05$",200,2.9000000000000004,3.0,924.7796584260458,2.9660382683834605,0.9929592959295931,0.9988998899889989,0.0022002200220022,0.9999594696311737,909
power-config-v2,alpha_010_pi1_001,0.1,0.01,"$\alpha=0.10,\ \pi_1=0.01$",500,2.9000000000000004,3.0,924.7796584260458,2.9660382683834605,0.18129812981298127,0.18701870187018702,0.9680968096809681,0.9999777755553333,909
power-config-v2,alpha_005_pi1_001,0.05,0.01,"$\alpha=0.05,\ \pi_1=0.01$",500,2.9000000000000004,3.0,924.7796584260458,2.9660382683834605,0.0,0.0,1.0,0.9999777755553333,909
power-config-v2,alpha_010_pi1_005,0.1,0.05,"$\alpha=0.10,\ \pi_1=0.05$",500,2.9000000000000004,3.0,924.7796584260458,2.9660382683834605,1.0,1.0,0.0,0.9999791558103179,909
power-config-v2,alpha_005_pi1_005,0.05,0.05,"$\alpha=0.05,\ \pi_1=0.05$",500,2.9000000000000004,3.0,924.7796584260458,2.9660382683834605,0.9927832783278328,1.0,0.0,0.9999791558103179,909
power-config-v2,alpha_010_pi1_001,0.1,0.01,"$\alpha=0.10,\ \pi_1=0.01$",1000,2.9000000000000004,3.0,924.7796584260458,2.9660382683834605,0.11320132013201321,0.11551155115511551,1.0,0.9999788867775666,909
power-config-v2,alpha_005_pi1_001,0.05,0.01,"$\alpha=0.05,\ \pi_1=0.01$",1000,2.9000000000000004,3.0,924.7796584260458,2.9660382683834605,0.0,0.0,1.0,0.9999788867775666,909
power-config-v2,alpha_010_pi1_005,0.1,0.05,"$\alpha=0.10,\ \pi_1=0.05$",1000,2.9000000000000004,3.0,924.7796584260458,2.9660382683834605,0.9999559955995599,1.0,0.0,0.9999745237681665,909
power-config-v2,alpha_005_pi1_005,0.05,0.05,"$\alpha=0.05,\ \pi_1=0.05$",1000,2.9000000000000004,3.0,924.7796584260458,2.9660382683834605,0.9921672167216722,1.0,0.0,0.9999745237681665,909
power-config-v2,alpha_010_pi1_001,0.1,0.01,"$\alpha=0.10,\ \pi_1=0.01$",2000,2.9000000000000004,3.0,924.7796584260458,2.9660382683834605,0.08481848184818482,0.0858085808580858,1.0,0.9999733306664,909
power-config-v2,alpha_005_pi1_001,0.05,0.01,"$\alpha=0.05,\ \pi_1=0.01$",2000,2.9000000000000004,3.0,924.7796584260458,2.9660382683834605,0.0,0.0,1.0,0.9999733306664,909
power-config-v2,alpha_010_pi1_005,0.1,0.05,"$\alpha=0.10,\ \pi_1=0.05$",2000,2.9000000000000004,3.0,924.7796584260458,2.9660382683834605,0.9999559955995599,1.0,0.0,0.9999693127207457,909
power-config-v2,alpha_005_pi1_005,0.05,0.05,"$\alpha=0.05,\ \pi_1=0.05$",2000,2.9000000000000004,3.0,924.7796584260458,2.9660382683834605,0.9930033003300327,1.0,0.0,0.9999693127207457,909
