seed,dataset,model,approach,train_size,test_size,n_train,n_test,n_test_normal,n_test_anomaly,actual_anomaly_rate,fdr,power,severity,weight_mode,n_normal_model_selection_excluded,n_anomaly_model_selection_excluded,n_normal_evaluation_pool,n_anomaly_evaluation_pool,target_test_probability,propensity_mean,propensity_std,propensity_min_observed,propensity_max_observed,normal_test_assignment_rate,target_test_size,n_normal_rejection_pool,n_normal_accepted_pool,n_anomaly_accepted_pool,oracle_calib_weight_mean,oracle_calib_weight_std,oracle_calib_weight_min,oracle_calib_weight_max,oracle_calib_weight_ess,oracle_test_weight_mean,oracle_test_weight_std,oracle_test_weight_min,oracle_test_weight_max,oracle_test_weight_ess,used_calib_weight_mean,used_calib_weight_std,used_calib_weight_min,used_calib_weight_max,used_calib_weight_ess,used_test_weight_mean,used_test_weight_std,used_test_weight_min,used_test_weight_max,used_test_weight_ess
1,breastw,iforest,empirical,105,122,105,122,116,6,0.049,0.0,0.0,0.0,estimated,177,95,267,144,0.6,0.5999999999999998,1.1102230246251565e-16,0.5999999999999999,0.5999999999999999,0.6067415730337079,122,105,162,81,1.4999999999999996,4.440892098500626e-16,1.4999999999999991,1.4999999999999991,105.00000000000007,1.4999999999999996,4.440892098500626e-16,1.4999999999999991,1.4999999999999991,122.0000000000001,,,,,0.0,,,,,0.0
1,breastw,iforest,empirical_randomized,105,122,105,122,116,6,0.049,0.0,0.0,0.0,estimated,177,95,267,144,0.6,0.5999999999999998,1.1102230246251565e-16,0.5999999999999999,0.5999999999999999,0.6067415730337079,122,105,162,81,1.4999999999999996,4.440892098500626e-16,1.4999999999999991,1.4999999999999991,105.00000000000007,1.4999999999999996,4.440892098500626e-16,1.4999999999999991,1.4999999999999991,122.0000000000001,,,,,0.0,,,,,0.0
1,breastw,iforest,empirical_randomized_weighted,105,122,105,122,116,6,0.049,0.0,0.0,0.0,estimated,177,95,267,144,0.6,0.5999999999999998,1.1102230246251565e-16,0.5999999999999999,0.5999999999999999,0.6067415730337079,122,105,162,81,1.4999999999999996,4.440892098500626e-16,1.4999999999999991,1.4999999999999991,105.00000000000007,1.4999999999999996,4.440892098500626e-16,1.4999999999999991,1.4999999999999991,122.0000000000001,0.9767085183468934,0.20679180459090887,0.7432916983562016,1.6252200223454736,50.72611599927058,1.2685572774860965,0.4893283514590146,0.7432916983562016,2.54202074500841,106.19847898616061
1,breastw,iforest,empirical_weighted,105,122,105,122,116,6,0.049,0.0,0.0,0.0,estimated,177,95,267,144,0.6,0.5999999999999998,1.1102230246251565e-16,0.5999999999999999,0.5999999999999999,0.6067415730337079,122,105,162,81,1.4999999999999996,4.440892098500626e-16,1.4999999999999991,1.4999999999999991,105.00000000000007,1.4999999999999996,4.440892098500626e-16,1.4999999999999991,1.4999999999999991,122.0000000000001,0.9767085183468934,0.20679180459090887,0.7432916983562016,1.6252200223454736,50.72611599927058,1.2685572774860965,0.4893283514590146,0.7432916983562016,2.54202074500841,106.19847898616061
2,breastw,iforest,empirical,106,126,106,126,120,6,0.048,0.0,0.0,0.0,estimated,177,95,267,144,0.6,0.5999999999999998,1.1102230246251565e-16,0.5999999999999999,0.5999999999999999,0.602996254681648,126,106,161,91,1.4999999999999996,4.440892098500626e-16,1.4999999999999991,1.4999999999999991,106.00000000000007,1.4999999999999996,4.440892098500626e-16,1.4999999999999991,1.4999999999999991,126.0000000000001,,,,,0.0,,,,,0.0
2,breastw,iforest,empirical_randomized,106,126,106,126,120,6,0.048,0.0,0.0,0.0,estimated,177,95,267,144,0.6,0.5999999999999998,1.1102230246251565e-16,0.5999999999999999,0.5999999999999999,0.602996254681648,126,106,161,91,1.4999999999999996,4.440892098500626e-16,1.4999999999999991,1.4999999999999991,106.00000000000007,1.4999999999999996,4.440892098500626e-16,1.4999999999999991,1.4999999999999991,126.0000000000001,,,,,0.0,,,,,0.0
2,breastw,iforest,empirical_randomized_weighted,106,126,106,126,120,6,0.048,0.0,0.0,0.0,estimated,177,95,267,144,0.6,0.5999999999999998,1.1102230246251565e-16,0.5999999999999999,0.5999999999999999,0.602996254681648,126,106,161,91,1.4999999999999996,4.440892098500626e-16,1.4999999999999991,1.4999999999999991,106.00000000000007,1.4999999999999996,4.440892098500626e-16,1.4999999999999991,1.4999999999999991,126.0000000000001,0.9460538801054055,0.2368360759549682,0.7497876465107176,1.6619551626971008,49.8743440789067,1.1121195412934262,0.2841955738721013,0.7497876465107176,1.6619551626971008,118.27623306787478
2,breastw,iforest,empirical_weighted,106,126,106,126,120,6,0.048,0.0,0.0,0.0,estimated,177,95,267,144,0.6,0.5999999999999998,1.1102230246251565e-16,0.5999999999999999,0.5999999999999999,0.602996254681648,126,106,161,91,1.4999999999999996,4.440892098500626e-16,1.4999999999999991,1.4999999999999991,106.00000000000007,1.4999999999999996,4.440892098500626e-16,1.4999999999999991,1.4999999999999991,126.0000000000001,0.9460538801054055,0.2368360759549682,0.7497876465107176,1.6619551626971008,49.8743440789067,1.1121195412934262,0.2841955738721013,0.7497876465107176,1.6619551626971008,118.27623306787478
3,breastw,iforest,empirical,109,120,109,120,114,6,0.05,0.0,0.0,0.0,estimated,177,95,267,144,0.6,0.5999999999999998,1.1102230246251565e-16,0.5999999999999999,0.5999999999999999,0.5917602996254682,120,109,158,81,1.4999999999999996,4.440892098500626e-16,1.4999999999999991,1.4999999999999991,109.00000000000007,1.4999999999999996,4.440892098500626e-16,1.4999999999999991,1.4999999999999991,120.0000000000001,,,,,0.0,,,,,0.0
3,breastw,iforest,empirical_randomized,109,120,109,120,114,6,0.05,0.0,0.0,0.0,estimated,177,95,267,144,0.6,0.5999999999999998,1.1102230246251565e-16,0.5999999999999999,0.5999999999999999,0.5917602996254682,120,109,158,81,1.4999999999999996,4.440892098500626e-16,1.4999999999999991,1.4999999999999991,109.00000000000007,1.4999999999999996,4.440892098500626e-16,1.4999999999999991,1.4999999999999991,120.0000000000001,,,,,0.0,,,,,0.0
3,breastw,iforest,empirical_randomized_weighted,109,120,109,120,114,6,0.05,0.0,0.167,0.0,estimated,177,95,267,144,0.6,0.5999999999999998,1.1102230246251565e-16,0.5999999999999999,0.5999999999999999,0.5917602996254682,120,109,158,81,1.4999999999999996,4.440892098500626e-16,1.4999999999999991,1.4999999999999991,109.00000000000007,1.4999999999999996,4.440892098500626e-16,1.4999999999999991,1.4999999999999991,120.0000000000001,0.9813749822449938,0.18751531966873966,0.7660454187296841,1.4226994565303284,53.06271717064386,1.1400652498862487,0.22511892460010968,0.7660454187296841,1.533741900733747,115.4966671611213
3,breastw,iforest,empirical_weighted,109,120,109,120,114,6,0.05,0.0,0.0,0.0,estimated,177,95,267,144,0.6,0.5999999999999998,1.1102230246251565e-16,0.5999999999999999,0.5999999999999999,0.5917602996254682,120,109,158,81,1.4999999999999996,4.440892098500626e-16,1.4999999999999991,1.4999999999999991,109.00000000000007,1.4999999999999996,4.440892098500626e-16,1.4999999999999991,1.4999999999999991,120.0000000000001,0.9813749822449938,0.18751531966873966,0.7660454187296841,1.4226994565303284,53.06271717064386,1.1400652498862487,0.22511892460010968,0.7660454187296841,1.533741900733747,115.4966671611213
4,breastw,iforest,empirical,124,118,124,118,112,6,0.051,0.0,0.0,0.0,estimated,177,95,267,144,0.6,0.5999999999999998,1.1102230246251565e-16,0.5999999999999999,0.5999999999999999,0.5355805243445693,118,124,143,93,1.4999999999999996,4.440892098500626e-16,1.4999999999999991,1.4999999999999991,124.0000000000001,1.4999999999999996,4.440892098500626e-16,1.4999999999999991,1.4999999999999991,118.0000000000001,,,,,0.0,,,,,0.0
4,breastw,iforest,empirical_randomized,124,118,124,118,112,6,0.051,0.0,0.0,0.0,estimated,177,95,267,144,0.6,0.5999999999999998,1.1102230246251565e-16,0.5999999999999999,0.5999999999999999,0.5355805243445693,118,124,143,93,1.4999999999999996,4.440892098500626e-16,1.4999999999999991,1.4999999999999991,124.0000000000001,1.4999999999999996,4.440892098500626e-16,1.4999999999999991,1.4999999999999991,118.0000000000001,,,,,0.0,,,,,0.0
4,breastw,iforest,empirical_randomized_weighted,124,118,124,118,112,6,0.051,0.0,0.0,0.0,estimated,177,95,267,144,0.6,0.5999999999999998,1.1102230246251565e-16,0.5999999999999999,0.5999999999999999,0.5355805243445693,118,124,143,93,1.4999999999999996,4.440892098500626e-16,1.4999999999999991,1.4999999999999991,124.0000000000001,1.4999999999999996,4.440892098500626e-16,1.4999999999999991,1.4999999999999991,118.0000000000001,0.893156820445444,0.26493815639789486,0.6499246732181767,1.6497556424396345,56.98581508164332,1.3616718252808935,0.7422731095537235,0.6499246732181767,3.0998620608135967,90.96833492904706
4,breastw,iforest,empirical_weighted,124,118,124,118,112,6,0.051,0.0,0.0,0.0,estimated,177,95,267,144,0.6,0.5999999999999998,1.1102230246251565e-16,0.5999999999999999,0.5999999999999999,0.5355805243445693,118,124,143,93,1.4999999999999996,4.440892098500626e-16,1.4999999999999991,1.4999999999999991,124.0000000000001,1.4999999999999996,4.440892098500626e-16,1.4999999999999991,1.4999999999999991,118.0000000000001,0.893156820445444,0.26493815639789486,0.6499246732181767,1.6497556424396345,56.98581508164332,1.3616718252808935,0.7422731095537235,0.6499246732181767,3.0998620608135967,90.96833492904706
5,breastw,iforest,empirical,99,131,99,131,124,7,0.053,0.0,0.0,0.0,estimated,177,95,267,144,0.6,0.5999999999999998,1.1102230246251565e-16,0.5999999999999999,0.5999999999999999,0.6292134831460674,131,99,168,94,1.4999999999999993,2.220446049250313e-16,1.4999999999999991,1.4999999999999991,99.00000000000006,1.4999999999999991,0.0,1.4999999999999991,1.4999999999999991,131.00000000000003,,,,,0.0,,,,,0.0
5,breastw,iforest,empirical_randomized,99,131,99,131,124,7,0.053,0.333,0.286,0.0,estimated,177,95,267,144,0.6,0.5999999999999998,1.1102230246251565e-16,0.5999999999999999,0.5999999999999999,0.6292134831460674,131,99,168,94,1.4999999999999993,2.220446049250313e-16,1.4999999999999991,1.4999999999999991,99.00000000000006,1.4999999999999991,0.0,1.4999999999999991,1.4999999999999991,131.00000000000003,,,,,0.0,,,,,0.0
5,breastw,iforest,empirical_randomized_weighted,99,131,99,131,124,7,0.053,0.0,0.0,0.0,estimated,177,95,267,144,0.6,0.5999999999999998,1.1102230246251565e-16,0.5999999999999999,0.5999999999999999,0.6292134831460674,131,99,168,94,1.4999999999999993,2.220446049250313e-16,1.4999999999999991,1.4999999999999991,99.00000000000006,1.4999999999999991,0.0,1.4999999999999991,1.4999999999999991,131.00000000000003,1.0095469620358648,0.2528346661553137,0.6976758811141076,1.6006219686768706,47.04899120956893,1.2965315052623747,0.4660464439882588,0.6976758811141076,2.4130597468942843,116.01042663047075
5,breastw,iforest,empirical_weighted,99,131,99,131,124,7,0.053,0.0,0.0,0.0,estimated,177,95,267,144,0.6,0.5999999999999998,1.1102230246251565e-16,0.5999999999999999,0.5999999999999999,0.6292134831460674,131,99,168,94,1.4999999999999993,2.220446049250313e-16,1.4999999999999991,1.4999999999999991,99.00000000000006,1.4999999999999991,0.0,1.4999999999999991,1.4999999999999991,131.00000000000003,1.0095469620358648,0.2528346661553137,0.6976758811141076,1.6006219686768706,47.04899120956893,1.2965315052623747,0.4660464439882588,0.6976758811141076,2.4130597468942843,116.01042663047075
6,breastw,iforest,empirical,114,123,114,123,117,6,0.049,0.0,0.0,0.0,estimated,177,95,267,144,0.6,0.5999999999999998,1.1102230246251565e-16,0.5999999999999999,0.5999999999999999,0.5730337078651685,123,114,153,93,1.4999999999999996,4.440892098500626e-16,1.4999999999999991,1.4999999999999991,114.0000000000001,1.4999999999999996,4.440892098500626e-16,1.4999999999999991,1.4999999999999991,123.0000000000001,,,,,0.0,,,,,0.0
6,breastw,iforest,empirical_randomized,114,123,114,123,117,6,0.049,1.0,0.0,0.0,estimated,177,95,267,144,0.6,0.5999999999999998,1.1102230246251565e-16,0.5999999999999999,0.5999999999999999,0.5730337078651685,123,114,153,93,1.4999999999999996,4.440892098500626e-16,1.4999999999999991,1.4999999999999991,114.0000000000001,1.4999999999999996,4.440892098500626e-16,1.4999999999999991,1.4999999999999991,123.0000000000001,,,,,0.0,,,,,0.0
6,breastw,iforest,empirical_randomized_weighted,114,123,114,123,117,6,0.049,0.0,0.0,0.0,estimated,177,95,267,144,0.6,0.5999999999999998,1.1102230246251565e-16,0.5999999999999999,0.5999999999999999,0.5730337078651685,123,114,153,93,1.4999999999999996,4.440892098500626e-16,1.4999999999999991,1.4999999999999991,114.0000000000001,1.4999999999999996,4.440892098500626e-16,1.4999999999999991,1.4999999999999991,123.0000000000001,0.9781176992120019,0.18880757891929947,0.7420926101967447,1.4770243324667274,54.95240838559662,1.1124705389283522,0.24227820752783014,0.7429737111156758,1.6413564409874077,117.4302995885393
6,breastw,iforest,empirical_weighted,114,123,114,123,117,6,0.049,0.0,0.0,0.0,estimated,177,95,267,144,0.6,0.5999999999999998,1.1102230246251565e-16,0.5999999999999999,0.5999999999999999,0.5730337078651685,123,114,153,93,1.4999999999999996,4.440892098500626e-16,1.4999999999999991,1.4999999999999991,114.0000000000001,1.4999999999999996,4.440892098500626e-16,1.4999999999999991,1.4999999999999991,123.0000000000001,0.9781176992120019,0.18880757891929947,0.7420926101967447,1.4770243324667274,54.95240838559662,1.1124705389283522,0.24227820752783014,0.7429737111156758,1.6413564409874077,117.4302995885393
7,breastw,iforest,empirical,108,122,108,122,116,6,0.049,0.0,0.0,0.0,estimated,177,95,267,144,0.6,0.5999999999999998,1.1102230246251565e-16,0.5999999999999999,0.5999999999999999,0.5955056179775281,122,108,159,85,1.4999999999999996,4.440892098500626e-16,1.4999999999999991,1.4999999999999991,108.00000000000007,1.4999999999999996,4.440892098500626e-16,1.4999999999999991,1.4999999999999991,122.0000000000001,,,,,0.0,,,,,0.0
7,breastw,iforest,empirical_randomized,108,122,108,122,116,6,0.049,0.0,0.0,0.0,estimated,177,95,267,144,0.6,0.5999999999999998,1.1102230246251565e-16,0.5999999999999999,0.5999999999999999,0.5955056179775281,122,108,159,85,1.4999999999999996,4.440892098500626e-16,1.4999999999999991,1.4999999999999991,108.00000000000007,1.4999999999999996,4.440892098500626e-16,1.4999999999999991,1.4999999999999991,122.0000000000001,,,,,0.0,,,,,0.0
7,breastw,iforest,empirical_randomized_weighted,108,122,108,122,116,6,0.049,0.0,0.0,0.0,estimated,177,95,267,144,0.6,0.5999999999999998,1.1102230246251565e-16,0.5999999999999999,0.5999999999999999,0.5955056179775281,122,108,159,85,1.4999999999999996,4.440892098500626e-16,1.4999999999999991,1.4999999999999991,108.00000000000007,1.4999999999999996,4.440892098500626e-16,1.4999999999999991,1.4999999999999991,122.0000000000001,0.9544225418113716,0.2671309638175541,0.7025838677808849,1.7480055280462945,50.07710821601739,1.206711726942851,0.3564277089693506,0.7025838677808849,1.7524357404239395,112.21031675644787
7,breastw,iforest,empirical_weighted,108,122,108,122,116,6,0.049,0.0,0.0,0.0,estimated,177,95,267,144,0.6,0.5999999999999998,1.1102230246251565e-16,0.5999999999999999,0.5999999999999999,0.5955056179775281,122,108,159,85,1.4999999999999996,4.440892098500626e-16,1.4999999999999991,1.4999999999999991,108.00000000000007,1.4999999999999996,4.440892098500626e-16,1.4999999999999991,1.4999999999999991,122.0000000000001,0.9544225418113716,0.2671309638175541,0.7025838677808849,1.7480055280462945,50.07710821601739,1.206711726942851,0.3564277089693506,0.7025838677808849,1.7524357404239395,112.21031675644787
8,breastw,iforest,empirical,107,126,107,126,120,6,0.048,0.0,0.0,0.0,estimated,177,95,267,144,0.6,0.5999999999999998,1.1102230246251565e-16,0.5999999999999999,0.5999999999999999,0.599250936329588,126,107,160,92,1.4999999999999996,4.440892098500626e-16,1.4999999999999991,1.4999999999999991,107.00000000000007,1.4999999999999996,4.440892098500626e-16,1.4999999999999991,1.4999999999999991,126.0000000000001,,,,,0.0,,,,,0.0
8,breastw,iforest,empirical_randomized,107,126,107,126,120,6,0.048,0.0,0.0,0.0,estimated,177,95,267,144,0.6,0.5999999999999998,1.1102230246251565e-16,0.5999999999999999,0.5999999999999999,0.599250936329588,126,107,160,92,1.4999999999999996,4.440892098500626e-16,1.4999999999999991,1.4999999999999991,107.00000000000007,1.4999999999999996,4.440892098500626e-16,1.4999999999999991,1.4999999999999991,126.0000000000001,,,,,0.0,,,,,0.0
8,breastw,iforest,empirical_randomized_weighted,107,126,107,126,120,6,0.048,0.0,0.0,0.0,estimated,177,95,267,144,0.6,0.5999999999999998,1.1102230246251565e-16,0.5999999999999999,0.5999999999999999,0.599250936329588,126,107,160,92,1.4999999999999996,4.440892098500626e-16,1.4999999999999991,1.4999999999999991,107.00000000000007,1.4999999999999996,4.440892098500626e-16,1.4999999999999991,1.4999999999999991,126.0000000000001,0.9557653546466276,0.42905436949070785,0.5941346688010988,2.853478435425893,44.943003788295776,1.3052229886525542,0.5916151911291174,0.5941346688010988,2.853478435425893,104.52515550404499
8,breastw,iforest,empirical_weighted,107,126,107,126,120,6,0.048,0.0,0.0,0.0,estimated,177,95,267,144,0.6,0.5999999999999998,1.1102230246251565e-16,0.5999999999999999,0.5999999999999999,0.599250936329588,126,107,160,92,1.4999999999999996,4.440892098500626e-16,1.4999999999999991,1.4999999999999991,107.00000000000007,1.4999999999999996,4.440892098500626e-16,1.4999999999999991,1.4999999999999991,126.0000000000001,0.9557653546466276,0.42905436949070785,0.5941346688010988,2.853478435425893,44.943003788295776,1.3052229886525542,0.5916151911291174,0.5941346688010988,2.853478435425893,104.52515550404499
9,breastw,iforest,empirical,115,116,115,116,110,6,0.052,0.0,0.0,0.0,estimated,177,95,267,144,0.6,0.5999999999999998,1.1102230246251565e-16,0.5999999999999999,0.5999999999999999,0.5692883895131086,116,115,152,79,1.4999999999999996,4.440892098500626e-16,1.4999999999999991,1.4999999999999991,115.0000000000001,1.4999999999999996,4.440892098500626e-16,1.4999999999999991,1.4999999999999991,116.00000000000011,,,,,0.0,,,,,0.0
9,breastw,iforest,empirical_randomized,115,116,115,116,110,6,0.052,0.0,0.0,0.0,estimated,177,95,267,144,0.6,0.5999999999999998,1.1102230246251565e-16,0.5999999999999999,0.5999999999999999,0.5692883895131086,116,115,152,79,1.4999999999999996,4.440892098500626e-16,1.4999999999999991,1.4999999999999991,115.0000000000001,1.4999999999999996,4.440892098500626e-16,1.4999999999999991,1.4999999999999991,116.00000000000011,,,,,0.0,,,,,0.0
9,breastw,iforest,empirical_randomized_weighted,115,116,115,116,110,6,0.052,0.0,0.0,0.0,estimated,177,95,267,144,0.6,0.5999999999999998,1.1102230246251565e-16,0.5999999999999999,0.5999999999999999,0.5692883895131086,116,115,152,79,1.4999999999999996,4.440892098500626e-16,1.4999999999999991,1.4999999999999991,115.0000000000001,1.4999999999999996,4.440892098500626e-16,1.4999999999999991,1.4999999999999991,116.00000000000011,0.9409182089605889,0.3886296536422205,0.4816411291680559,2.05510097364086,49.547421997163624,1.2682656677876853,0.484152493677669,0.4816411291680559,2.124996148883817,101.24564510105802
9,breastw,iforest,empirical_weighted,115,116,115,116,110,6,0.052,0.0,0.0,0.0,estimated,177,95,267,144,0.6,0.5999999999999998,1.1102230246251565e-16,0.5999999999999999,0.5999999999999999,0.5692883895131086,116,115,152,79,1.4999999999999996,4.440892098500626e-16,1.4999999999999991,1.4999999999999991,115.0000000000001,1.4999999999999996,4.440892098500626e-16,1.4999999999999991,1.4999999999999991,116.00000000000011,0.9409182089605889,0.3886296536422205,0.4816411291680559,2.05510097364086,49.547421997163624,1.2682656677876853,0.484152493677669,0.4816411291680559,2.124996148883817,101.24564510105802
10,breastw,iforest,empirical,98,126,98,126,120,6,0.048,0.0,0.0,0.0,estimated,177,95,267,144,0.6,0.5999999999999998,1.1102230246251565e-16,0.5999999999999999,0.5999999999999999,0.6329588014981273,126,98,169,84,1.4999999999999993,2.220446049250313e-16,1.4999999999999991,1.4999999999999991,98.00000000000006,1.4999999999999996,4.440892098500626e-16,1.4999999999999991,1.4999999999999991,126.0000000000001,,,,,0.0,,,,,0.0
10,breastw,iforest,empirical_randomized,98,126,98,126,120,6,0.048,0.0,0.0,0.0,estimated,177,95,267,144,0.6,0.5999999999999998,1.1102230246251565e-16,0.5999999999999999,0.5999999999999999,0.6329588014981273,126,98,169,84,1.4999999999999993,2.220446049250313e-16,1.4999999999999991,1.4999999999999991,98.00000000000006,1.4999999999999996,4.440892098500626e-16,1.4999999999999991,1.4999999999999991,126.0000000000001,,,,,0.0,,,,,0.0
10,breastw,iforest,empirical_randomized_weighted,98,126,98,126,120,6,0.048,0.0,0.0,0.0,estimated,177,95,267,144,0.6,0.5999999999999998,1.1102230246251565e-16,0.5999999999999999,0.5999999999999999,0.6329588014981273,126,98,169,84,1.4999999999999993,2.220446049250313e-16,1.4999999999999991,1.4999999999999991,98.00000000000006,1.4999999999999996,4.440892098500626e-16,1.4999999999999991,1.4999999999999991,126.0000000000001,0.9538687662895377,0.25728746173287026,0.7346881507411689,2.338645492196846,45.67680585106253,1.1901774079232506,0.4879737015759488,0.7346881507411689,2.338645492196846,107.86741574634573
10,breastw,iforest,empirical_weighted,98,126,98,126,120,6,0.048,0.0,0.0,0.0,estimated,177,95,267,144,0.6,0.5999999999999998,1.1102230246251565e-16,0.5999999999999999,0.5999999999999999,0.6329588014981273,126,98,169,84,1.4999999999999993,2.220446049250313e-16,1.4999999999999991,1.4999999999999991,98.00000000000006,1.4999999999999996,4.440892098500626e-16,1.4999999999999991,1.4999999999999991,126.0000000000001,0.9538687662895377,0.25728746173287026,0.7346881507411689,2.338645492196846,45.67680585106253,1.1901774079232506,0.4879737015759488,0.7346881507411689,2.338645492196846,107.86741574634573
11,breastw,iforest,empirical,102,123,102,123,117,6,0.049,0.0,0.0,0.0,estimated,177,95,267,144,0.6,0.5999999999999998,1.1102230246251565e-16,0.5999999999999999,0.5999999999999999,0.6179775280898876,123,102,165,81,1.4999999999999993,2.220446049250313e-16,1.4999999999999991,1.4999999999999991,102.00000000000006,1.4999999999999996,4.440892098500626e-16,1.4999999999999991,1.4999999999999991,123.0000000000001,,,,,0.0,,,,,0.0
11,breastw,iforest,empirical_randomized,102,123,102,123,117,6,0.049,0.0,0.333,0.0,estimated,177,95,267,144,0.6,0.5999999999999998,1.1102230246251565e-16,0.5999999999999999,0.5999999999999999,0.6179775280898876,123,102,165,81,1.4999999999999993,2.220446049250313e-16,1.4999999999999991,1.4999999999999991,102.00000000000006,1.4999999999999996,4.440892098500626e-16,1.4999999999999991,1.4999999999999991,123.0000000000001,,,,,0.0,,,,,0.0
11,breastw,iforest,empirical_randomized_weighted,102,123,102,123,117,6,0.049,0.0,0.0,0.0,estimated,177,95,267,144,0.6,0.5999999999999998,1.1102230246251565e-16,0.5999999999999999,0.5999999999999999,0.6179775280898876,123,102,165,81,1.4999999999999993,2.220446049250313e-16,1.4999999999999991,1.4999999999999991,102.00000000000006,1.4999999999999996,4.440892098500626e-16,1.4999999999999991,1.4999999999999991,123.0000000000001,0.9963470418097439,0.28063122721771977,0.6542692791996098,1.890832746900981,47.25142959442656,1.2397524786338643,0.43747186041465846,0.6542692791996098,2.221856710067163,109.38024856659631
11,breastw,iforest,empirical_weighted,102,123,102,123,117,6,0.049,0.0,0.0,0.0,estimated,177,95,267,144,0.6,0.5999999999999998,1.1102230246251565e-16,0.5999999999999999,0.5999999999999999,0.6179775280898876,123,102,165,81,1.4999999999999993,2.220446049250313e-16,1.4999999999999991,1.4999999999999991,102.00000000000006,1.4999999999999996,4.440892098500626e-16,1.4999999999999991,1.4999999999999991,123.0000000000001,0.9963470418097439,0.28063122721771977,0.6542692791996098,1.890832746900981,47.25142959442656,1.2397524786338643,0.43747186041465846,0.6542692791996098,2.221856710067163,109.38024856659631
12,breastw,iforest,empirical,117,120,117,120,114,6,0.05,0.0,0.0,0.0,estimated,177,95,267,144,0.6,0.5999999999999998,1.1102230246251565e-16,0.5999999999999999,0.5999999999999999,0.5617977528089888,120,117,150,91,1.4999999999999996,4.440892098500626e-16,1.4999999999999991,1.4999999999999991,117.00000000000011,1.4999999999999996,4.440892098500626e-16,1.4999999999999991,1.4999999999999991,120.0000000000001,,,,,0.0,,,,,0.0
12,breastw,iforest,empirical_randomized,117,120,117,120,114,6,0.05,0.0,0.0,0.0,estimated,177,95,267,144,0.6,0.5999999999999998,1.1102230246251565e-16,0.5999999999999999,0.5999999999999999,0.5617977528089888,120,117,150,91,1.4999999999999996,4.440892098500626e-16,1.4999999999999991,1.4999999999999991,117.00000000000011,1.4999999999999996,4.440892098500626e-16,1.4999999999999991,1.4999999999999991,120.0000000000001,,,,,0.0,,,,,0.0
12,breastw,iforest,empirical_randomized_weighted,117,120,117,120,114,6,0.05,0.0,0.0,0.0,estimated,177,95,267,144,0.6,0.5999999999999998,1.1102230246251565e-16,0.5999999999999999,0.5999999999999999,0.5617977528089888,120,117,150,91,1.4999999999999996,4.440892098500626e-16,1.4999999999999991,1.4999999999999991,117.00000000000011,1.4999999999999996,4.440892098500626e-16,1.4999999999999991,1.4999999999999991,120.0000000000001,0.9534127274006852,0.3513323803146897,0.5873620431251937,1.8076797726153815,51.94612696274884,1.2458119766221962,0.36461818206450697,0.5873620431251937,1.8076797726153815,110.53197151333508
12,breastw,iforest,empirical_weighted,117,120,117,120,114,6,0.05,0.0,0.0,0.0,estimated,177,95,267,144,0.6,0.5999999999999998,1.1102230246251565e-16,0.5999999999999999,0.5999999999999999,0.5617977528089888,120,117,150,91,1.4999999999999996,4.440892098500626e-16,1.4999999999999991,1.4999999999999991,117.00000000000011,1.4999999999999996,4.440892098500626e-16,1.4999999999999991,1.4999999999999991,120.0000000000001,0.9534127274006852,0.3513323803146897,0.5873620431251937,1.8076797726153815,51.94612696274884,1.2458119766221962,0.36461818206450697,0.5873620431251937,1.8076797726153815,110.53197151333508
13,breastw,iforest,empirical,104,126,104,126,120,6,0.048,0.0,0.0,0.0,estimated,177,95,267,144,0.6,0.5999999999999998,1.1102230246251565e-16,0.5999999999999999,0.5999999999999999,0.6104868913857678,126,104,163,90,1.4999999999999996,4.440892098500626e-16,1.4999999999999991,1.4999999999999991,104.00000000000007,1.4999999999999996,4.440892098500626e-16,1.4999999999999991,1.4999999999999991,126.0000000000001,,,,,0.0,,,,,0.0
13,breastw,iforest,empirical_randomized,104,126,104,126,120,6,0.048,0.0,0.0,0.0,estimated,177,95,267,144,0.6,0.5999999999999998,1.1102230246251565e-16,0.5999999999999999,0.5999999999999999,0.6104868913857678,126,104,163,90,1.4999999999999996,4.440892098500626e-16,1.4999999999999991,1.4999999999999991,104.00000000000007,1.4999999999999996,4.440892098500626e-16,1.4999999999999991,1.4999999999999991,126.0000000000001,,,,,0.0,,,,,0.0
13,breastw,iforest,empirical_randomized_weighted,104,126,104,126,120,6,0.048,0.0,0.0,0.0,estimated,177,95,267,144,0.6,0.5999999999999998,1.1102230246251565e-16,0.5999999999999999,0.5999999999999999,0.6104868913857678,126,104,163,90,1.4999999999999996,4.440892098500626e-16,1.4999999999999991,1.4999999999999991,104.00000000000007,1.4999999999999996,4.440892098500626e-16,1.4999999999999991,1.4999999999999991,126.0000000000001,0.9679506623017206,0.3648317468211121,0.7123198018862312,3.0537338433654844,45.531667214664076,1.3913064707015628,0.7575502750824119,0.7123198018862312,3.1867018088697883,97.18715312449734
13,breastw,iforest,empirical_weighted,104,126,104,126,120,6,0.048,0.0,0.0,0.0,estimated,177,95,267,144,0.6,0.5999999999999998,1.1102230246251565e-16,0.5999999999999999,0.5999999999999999,0.6104868913857678,126,104,163,90,1.4999999999999996,4.440892098500626e-16,1.4999999999999991,1.4999999999999991,104.00000000000007,1.4999999999999996,4.440892098500626e-16,1.4999999999999991,1.4999999999999991,126.0000000000001,0.9679506623017206,0.3648317468211121,0.7123198018862312,3.0537338433654844,45.531667214664076,1.3913064707015628,0.7575502750824119,0.7123198018862312,3.1867018088697883,97.18715312449734
14,breastw,iforest,empirical,111,122,111,122,116,6,0.049,0.0,0.0,0.0,estimated,177,95,267,144,0.6,0.5999999999999998,1.1102230246251565e-16,0.5999999999999999,0.5999999999999999,0.5842696629213483,122,111,156,87,1.4999999999999996,4.440892098500626e-16,1.4999999999999991,1.4999999999999991,111.00000000000009,1.4999999999999996,4.440892098500626e-16,1.4999999999999991,1.4999999999999991,122.0000000000001,,,,,0.0,,,,,0.0
14,breastw,iforest,empirical_randomized,111,122,111,122,116,6,0.049,0.0,0.167,0.0,estimated,177,95,267,144,0.6,0.5999999999999998,1.1102230246251565e-16,0.5999999999999999,0.5999999999999999,0.5842696629213483,122,111,156,87,1.4999999999999996,4.440892098500626e-16,1.4999999999999991,1.4999999999999991,111.00000000000009,1.4999999999999996,4.440892098500626e-16,1.4999999999999991,1.4999999999999991,122.0000000000001,,,,,0.0,,,,,0.0
14,breastw,iforest,empirical_randomized_weighted,111,122,111,122,116,6,0.049,0.0,0.167,0.0,estimated,177,95,267,144,0.6,0.5999999999999998,1.1102230246251565e-16,0.5999999999999999,0.5999999999999999,0.5842696629213483,122,111,156,87,1.4999999999999996,4.440892098500626e-16,1.4999999999999991,1.4999999999999991,111.00000000000009,1.4999999999999996,4.440892098500626e-16,1.4999999999999991,1.4999999999999991,122.0000000000001,0.9777150846493017,0.1955000573476017,0.7729599955169694,1.72244579411802,53.84706373575935,1.179109665570997,0.29615603310564037,0.7729599955169694,1.7828978807197424,114.760239247889
14,breastw,iforest,empirical_weighted,111,122,111,122,116,6,0.049,0.0,0.0,0.0,estimated,177,95,267,144,0.6,0.5999999999999998,1.1102230246251565e-16,0.5999999999999999,0.5999999999999999,0.5842696629213483,122,111,156,87,1.4999999999999996,4.440892098500626e-16,1.4999999999999991,1.4999999999999991,111.00000000000009,1.4999999999999996,4.440892098500626e-16,1.4999999999999991,1.4999999999999991,122.0000000000001,0.9777150846493017,0.1955000573476017,0.7729599955169694,1.72244579411802,53.84706373575935,1.179109665570997,0.29615603310564037,0.7729599955169694,1.7828978807197424,114.760239247889
15,breastw,iforest,empirical,109,119,109,119,113,6,0.05,0.0,0.0,0.0,estimated,177,95,267,144,0.6,0.5999999999999998,1.1102230246251565e-16,0.5999999999999999,0.5999999999999999,0.5917602996254682,119,109,158,80,1.4999999999999996,4.440892098500626e-16,1.4999999999999991,1.4999999999999991,109.00000000000007,1.4999999999999996,4.440892098500626e-16,1.4999999999999991,1.4999999999999991,119.0000000000001,,,,,0.0,,,,,0.0
15,breastw,iforest,empirical_randomized,109,119,109,119,113,6,0.05,0.0,0.0,0.0,estimated,177,95,267,144,0.6,0.5999999999999998,1.1102230246251565e-16,0.5999999999999999,0.5999999999999999,0.5917602996254682,119,109,158,80,1.4999999999999996,4.440892098500626e-16,1.4999999999999991,1.4999999999999991,109.00000000000007,1.4999999999999996,4.440892098500626e-16,1.4999999999999991,1.4999999999999991,119.0000000000001,,,,,0.0,,,,,0.0
15,breastw,iforest,empirical_randomized_weighted,109,119,109,119,113,6,0.05,0.0,0.0,0.0,estimated,177,95,267,144,0.6,0.5999999999999998,1.1102230246251565e-16,0.5999999999999999,0.5999999999999999,0.5917602996254682,119,109,158,80,1.4999999999999996,4.440892098500626e-16,1.4999999999999991,1.4999999999999991,109.00000000000007,1.4999999999999996,4.440892098500626e-16,1.4999999999999991,1.4999999999999991,119.0000000000001,0.8978687061175065,0.21450369009482087,0.6131957815037112,1.457090254526867,52.03038010692542,1.3872471099854042,0.7787050881443914,0.6131957815037112,3.423551229370392,90.4879164103199
15,breastw,iforest,empirical_weighted,109,119,109,119,113,6,0.05,0.0,0.0,0.0,estimated,177,95,267,144,0.6,0.5999999999999998,1.1102230246251565e-16,0.5999999999999999,0.5999999999999999,0.5917602996254682,119,109,158,80,1.4999999999999996,4.440892098500626e-16,1.4999999999999991,1.4999999999999991,109.00000000000007,1.4999999999999996,4.440892098500626e-16,1.4999999999999991,1.4999999999999991,119.0000000000001,0.8978687061175065,0.21450369009482087,0.6131957815037112,1.457090254526867,52.03038010692542,1.3872471099854042,0.7787050881443914,0.6131957815037112,3.423551229370392,90.4879164103199
16,breastw,iforest,empirical,98,129,98,129,123,6,0.047,0.0,0.0,0.0,estimated,177,95,267,144,0.6,0.5999999999999998,1.1102230246251565e-16,0.5999999999999999,0.5999999999999999,0.6329588014981273,129,98,169,89,1.4999999999999993,2.220446049250313e-16,1.4999999999999991,1.4999999999999991,98.00000000000006,1.4999999999999991,0.0,1.4999999999999991,1.4999999999999991,129.00000000000003,,,,,0.0,,,,,0.0
16,breastw,iforest,empirical_randomized,98,129,98,129,123,6,0.047,0.667,0.167,0.0,estimated,177,95,267,144,0.6,0.5999999999999998,1.1102230246251565e-16,0.5999999999999999,0.5999999999999999,0.6329588014981273,129,98,169,89,1.4999999999999993,2.220446049250313e-16,1.4999999999999991,1.4999999999999991,98.00000000000006,1.4999999999999991,0.0,1.4999999999999991,1.4999999999999991,129.00000000000003,,,,,0.0,,,,,0.0
16,breastw,iforest,empirical_randomized_weighted,98,129,98,129,123,6,0.047,0.0,0.0,0.0,estimated,177,95,267,144,0.6,0.5999999999999998,1.1102230246251565e-16,0.5999999999999999,0.5999999999999999,0.6329588014981273,129,98,169,89,1.4999999999999993,2.220446049250313e-16,1.4999999999999991,1.4999999999999991,98.00000000000006,1.4999999999999991,0.0,1.4999999999999991,1.4999999999999991,129.00000000000003,0.9715076343713197,0.25497566717696724,0.718152996369294,1.6908002592245324,45.84229612265979,1.4136325555574425,0.7843085601906452,0.718152996369294,3.6274273524169582,98.63721335574043
16,breastw,iforest,empirical_weighted,98,129,98,129,123,6,0.047,0.0,0.0,0.0,estimated,177,95,267,144,0.6,0.5999999999999998,1.1102230246251565e-16,0.5999999999999999,0.5999999999999999,0.6329588014981273,129,98,169,89,1.4999999999999993,2.220446049250313e-16,1.4999999999999991,1.4999999999999991,98.00000000000006,1.4999999999999991,0.0,1.4999999999999991,1.4999999999999991,129.00000000000003,0.9715076343713197,0.25497566717696724,0.718152996369294,1.6908002592245324,45.84229612265979,1.4136325555574425,0.7843085601906452,0.718152996369294,3.6274273524169582,98.63721335574043
17,breastw,iforest,empirical,95,126,95,126,120,6,0.048,0.0,0.0,0.0,estimated,177,95,267,144,0.6,0.5999999999999998,1.1102230246251565e-16,0.5999999999999999,0.5999999999999999,0.6441947565543071,126,95,172,79,1.4999999999999993,2.220446049250313e-16,1.4999999999999991,1.4999999999999991,95.00000000000006,1.4999999999999996,4.440892098500626e-16,1.4999999999999991,1.4999999999999991,126.0000000000001,,,,,0.0,,,,,0.0
17,breastw,iforest,empirical_randomized,95,126,95,126,120,6,0.048,0.0,0.0,0.0,estimated,177,95,267,144,0.6,0.5999999999999998,1.1102230246251565e-16,0.5999999999999999,0.5999999999999999,0.6441947565543071,126,95,172,79,1.4999999999999993,2.220446049250313e-16,1.4999999999999991,1.4999999999999991,95.00000000000006,1.4999999999999996,4.440892098500626e-16,1.4999999999999991,1.4999999999999991,126.0000000000001,,,,,0.0,,,,,0.0
17,breastw,iforest,empirical_randomized_weighted,95,126,95,126,120,6,0.048,0.0,0.0,0.0,estimated,177,95,267,144,0.6,0.5999999999999998,1.1102230246251565e-16,0.5999999999999999,0.5999999999999999,0.6441947565543071,126,95,172,79,1.4999999999999993,2.220446049250313e-16,1.4999999999999991,1.4999999999999991,95.00000000000006,1.4999999999999996,4.440892098500626e-16,1.4999999999999991,1.4999999999999991,126.0000000000001,1.007908889559693,0.2296748223275123,0.7856771806654577,1.8191378514321648,45.630589511941054,1.2144478464101909,0.3277471910611321,0.7856771806654577,1.8191378514321648,117.44619822966243
17,breastw,iforest,empirical_weighted,95,126,95,126,120,6,0.048,0.0,0.0,0.0,estimated,177,95,267,144,0.6,0.5999999999999998,1.1102230246251565e-16,0.5999999999999999,0.5999999999999999,0.6441947565543071,126,95,172,79,1.4999999999999993,2.220446049250313e-16,1.4999999999999991,1.4999999999999991,95.00000000000006,1.4999999999999996,4.440892098500626e-16,1.4999999999999991,1.4999999999999991,126.0000000000001,1.007908889559693,0.2296748223275123,0.7856771806654577,1.8191378514321648,45.630589511941054,1.2144478464101909,0.3277471910611321,0.7856771806654577,1.8191378514321648,117.44619822966243
18,breastw,iforest,empirical,112,121,112,121,115,6,0.05,0.0,0.0,0.0,estimated,177,95,267,144,0.6,0.5999999999999998,1.1102230246251565e-16,0.5999999999999999,0.5999999999999999,0.5805243445692884,121,112,155,87,1.4999999999999996,4.440892098500626e-16,1.4999999999999991,1.4999999999999991,112.00000000000009,1.4999999999999996,4.440892098500626e-16,1.4999999999999991,1.4999999999999991,121.0000000000001,,,,,0.0,,,,,0.0
18,breastw,iforest,empirical_randomized,112,121,112,121,115,6,0.05,0.0,0.167,0.0,estimated,177,95,267,144,0.6,0.5999999999999998,1.1102230246251565e-16,0.5999999999999999,0.5999999999999999,0.5805243445692884,121,112,155,87,1.4999999999999996,4.440892098500626e-16,1.4999999999999991,1.4999999999999991,112.00000000000009,1.4999999999999996,4.440892098500626e-16,1.4999999999999991,1.4999999999999991,121.0000000000001,,,,,0.0,,,,,0.0
18,breastw,iforest,empirical_randomized_weighted,112,121,112,121,115,6,0.05,0.0,0.0,0.0,estimated,177,95,267,144,0.6,0.5999999999999998,1.1102230246251565e-16,0.5999999999999999,0.5999999999999999,0.5805243445692884,121,112,155,87,1.4999999999999996,4.440892098500626e-16,1.4999999999999991,1.4999999999999991,112.00000000000009,1.4999999999999996,4.440892098500626e-16,1.4999999999999991,1.4999999999999991,121.0000000000001,0.9580367479188341,0.25752012423145454,0.6894486210047465,1.9734057977080057,52.22646289834563,1.2176771992583326,0.4815710627215943,0.6894486210047465,2.3468535194768263,104.63443345962816
18,breastw,iforest,empirical_weighted,112,121,112,121,115,6,0.05,0.0,0.0,0.0,estimated,177,95,267,144,0.6,0.5999999999999998,1.1102230246251565e-16,0.5999999999999999,0.5999999999999999,0.5805243445692884,121,112,155,87,1.4999999999999996,4.440892098500626e-16,1.4999999999999991,1.4999999999999991,112.00000000000009,1.4999999999999996,4.440892098500626e-16,1.4999999999999991,1.4999999999999991,121.0000000000001,0.9580367479188341,0.25752012423145454,0.6894486210047465,1.9734057977080057,52.22646289834563,1.2176771992583326,0.4815710627215943,0.6894486210047465,2.3468535194768263,104.63443345962816
19,breastw,iforest,empirical,111,120,111,120,114,6,0.05,0.0,0.0,0.0,estimated,177,95,267,144,0.6,0.5999999999999998,1.1102230246251565e-16,0.5999999999999999,0.5999999999999999,0.5842696629213483,120,111,156,84,1.4999999999999996,4.440892098500626e-16,1.4999999999999991,1.4999999999999991,111.00000000000009,1.4999999999999996,4.440892098500626e-16,1.4999999999999991,1.4999999999999991,120.0000000000001,,,,,0.0,,,,,0.0
19,breastw,iforest,empirical_randomized,111,120,111,120,114,6,0.05,0.0,0.0,0.0,estimated,177,95,267,144,0.6,0.5999999999999998,1.1102230246251565e-16,0.5999999999999999,0.5999999999999999,0.5842696629213483,120,111,156,84,1.4999999999999996,4.440892098500626e-16,1.4999999999999991,1.4999999999999991,111.00000000000009,1.4999999999999996,4.440892098500626e-16,1.4999999999999991,1.4999999999999991,120.0000000000001,,,,,0.0,,,,,0.0
19,breastw,iforest,empirical_randomized_weighted,111,120,111,120,114,6,0.05,0.0,0.0,0.0,estimated,177,95,267,144,0.6,0.5999999999999998,1.1102230246251565e-16,0.5999999999999999,0.5999999999999999,0.5842696629213483,120,111,156,84,1.4999999999999996,4.440892098500626e-16,1.4999999999999991,1.4999999999999991,111.00000000000009,1.4999999999999996,4.440892098500626e-16,1.4999999999999991,1.4999999999999991,120.0000000000001,0.9708210081393973,0.3855942013174008,0.5352401381875556,1.8095137117643354,48.3694809022437,1.243418146325951,0.3984404280252472,0.5352401381875556,1.8095137117643354,108.82561748649161
19,breastw,iforest,empirical_weighted,111,120,111,120,114,6,0.05,0.0,0.0,0.0,estimated,177,95,267,144,0.6,0.5999999999999998,1.1102230246251565e-16,0.5999999999999999,0.5999999999999999,0.5842696629213483,120,111,156,84,1.4999999999999996,4.440892098500626e-16,1.4999999999999991,1.4999999999999991,111.00000000000009,1.4999999999999996,4.440892098500626e-16,1.4999999999999991,1.4999999999999991,120.0000000000001,0.9708210081393973,0.3855942013174008,0.5352401381875556,1.8095137117643354,48.3694809022437,1.243418146325951,0.3984404280252472,0.5352401381875556,1.8095137117643354,108.82561748649161
20,breastw,iforest,empirical,108,121,108,121,115,6,0.05,0.0,0.0,0.0,estimated,177,95,267,144,0.6,0.5999999999999998,1.1102230246251565e-16,0.5999999999999999,0.5999999999999999,0.5955056179775281,121,108,159,83,1.4999999999999996,4.440892098500626e-16,1.4999999999999991,1.4999999999999991,108.00000000000007,1.4999999999999996,4.440892098500626e-16,1.4999999999999991,1.4999999999999991,121.0000000000001,,,,,0.0,,,,,0.0
20,breastw,iforest,empirical_randomized,108,121,108,121,115,6,0.05,0.0,0.0,0.0,estimated,177,95,267,144,0.6,0.5999999999999998,1.1102230246251565e-16,0.5999999999999999,0.5999999999999999,0.5955056179775281,121,108,159,83,1.4999999999999996,4.440892098500626e-16,1.4999999999999991,1.4999999999999991,108.00000000000007,1.4999999999999996,4.440892098500626e-16,1.4999999999999991,1.4999999999999991,121.0000000000001,,,,,0.0,,,,,0.0
20,breastw,iforest,empirical_randomized_weighted,108,121,108,121,115,6,0.05,0.0,0.0,0.0,estimated,177,95,267,144,0.6,0.5999999999999998,1.1102230246251565e-16,0.5999999999999999,0.5999999999999999,0.5955056179775281,121,108,159,83,1.4999999999999996,4.440892098500626e-16,1.4999999999999991,1.4999999999999991,108.00000000000007,1.4999999999999996,4.440892098500626e-16,1.4999999999999991,1.4999999999999991,121.0000000000001,1.010353491117035,0.20581941767905645,0.8129643246825898,1.4467985619783728,51.8484008528236,1.1610966242696044,0.20949248569661916,0.8129643246825898,1.451819914626014,117.18519007692039
20,breastw,iforest,empirical_weighted,108,121,108,121,115,6,0.05,0.0,0.0,0.0,estimated,177,95,267,144,0.6,0.5999999999999998,1.1102230246251565e-16,0.5999999999999999,0.5999999999999999,0.5955056179775281,121,108,159,83,1.4999999999999996,4.440892098500626e-16,1.4999999999999991,1.4999999999999991,108.00000000000007,1.4999999999999996,4.440892098500626e-16,1.4999999999999991,1.4999999999999991,121.0000000000001,1.010353491117035,0.20581941767905645,0.8129643246825898,1.4467985619783728,51.8484008528236,1.1610966242696044,0.20949248569661916,0.8129643246825898,1.451819914626014,117.18519007692039
21,breastw,iforest,empirical,106,125,106,125,119,6,0.048,0.0,0.0,0.0,estimated,177,95,267,144,0.6,0.5999999999999998,1.1102230246251565e-16,0.5999999999999999,0.5999999999999999,0.602996254681648,125,106,161,89,1.4999999999999996,4.440892098500626e-16,1.4999999999999991,1.4999999999999991,106.00000000000007,1.4999999999999996,4.440892098500626e-16,1.4999999999999991,1.4999999999999991,125.0000000000001,,,,,0.0,,,,,0.0
21,breastw,iforest,empirical_randomized,106,125,106,125,119,6,0.048,0.0,0.0,0.0,estimated,177,95,267,144,0.6,0.5999999999999998,1.1102230246251565e-16,0.5999999999999999,0.5999999999999999,0.602996254681648,125,106,161,89,1.4999999999999996,4.440892098500626e-16,1.4999999999999991,1.4999999999999991,106.00000000000007,1.4999999999999996,4.440892098500626e-16,1.4999999999999991,1.4999999999999991,125.0000000000001,,,,,0.0,,,,,0.0
21,breastw,iforest,empirical_randomized_weighted,106,125,106,125,119,6,0.048,0.0,0.0,0.0,estimated,177,95,267,144,0.6,0.5999999999999998,1.1102230246251565e-16,0.5999999999999999,0.5999999999999999,0.602996254681648,125,106,161,89,1.4999999999999996,4.440892098500626e-16,1.4999999999999991,1.4999999999999991,106.00000000000007,1.4999999999999996,4.440892098500626e-16,1.4999999999999991,1.4999999999999991,125.0000000000001,0.9682173828070715,0.19185554460898682,0.7199301263280964,1.6818081240362541,50.99759174666786,1.122048376700824,0.27397970510200137,0.7199301263280964,1.6818081240362541,117.96648736371436
21,breastw,iforest,empirical_weighted,106,125,106,125,119,6,0.048,0.0,0.0,0.0,estimated,177,95,267,144,0.6,0.5999999999999998,1.1102230246251565e-16,0.5999999999999999,0.5999999999999999,0.602996254681648,125,106,161,89,1.4999999999999996,4.440892098500626e-16,1.4999999999999991,1.4999999999999991,106.00000000000007,1.4999999999999996,4.440892098500626e-16,1.4999999999999991,1.4999999999999991,125.0000000000001,0.9682173828070715,0.19185554460898682,0.7199301263280964,1.6818081240362541,50.99759174666786,1.122048376700824,0.27397970510200137,0.7199301263280964,1.6818081240362541,117.96648736371436
22,breastw,iforest,empirical,98,124,98,124,118,6,0.048,0.0,0.0,0.0,estimated,177,95,267,144,0.6,0.5999999999999998,1.1102230246251565e-16,0.5999999999999999,0.5999999999999999,0.6329588014981273,124,98,169,80,1.4999999999999993,2.220446049250313e-16,1.4999999999999991,1.4999999999999991,98.00000000000006,1.4999999999999996,4.440892098500626e-16,1.4999999999999991,1.4999999999999991,124.0000000000001,,,,,0.0,,,,,0.0
22,breastw,iforest,empirical_randomized,98,124,98,124,118,6,0.048,0.0,0.0,0.0,estimated,177,95,267,144,0.6,0.5999999999999998,1.1102230246251565e-16,0.5999999999999999,0.5999999999999999,0.6329588014981273,124,98,169,80,1.4999999999999993,2.220446049250313e-16,1.4999999999999991,1.4999999999999991,98.00000000000006,1.4999999999999996,4.440892098500626e-16,1.4999999999999991,1.4999999999999991,124.0000000000001,,,,,0.0,,,,,0.0
22,breastw,iforest,empirical_randomized_weighted,98,124,98,124,118,6,0.048,0.0,0.0,0.0,estimated,177,95,267,144,0.6,0.5999999999999998,1.1102230246251565e-16,0.5999999999999999,0.5999999999999999,0.6329588014981273,124,98,169,80,1.4999999999999993,2.220446049250313e-16,1.4999999999999991,1.4999999999999991,98.00000000000006,1.4999999999999996,4.440892098500626e-16,1.4999999999999991,1.4999999999999991,124.0000000000001,0.9310962832372567,0.3182885916097191,0.5947601810766248,2.0940179078956125,43.87313768839128,1.4121432228378548,0.9290288202789159,0.5947601810766248,4.099376785747847,86.5430098475428
22,breastw,iforest,empirical_weighted,98,124,98,124,118,6,0.048,0.0,0.0,0.0,estimated,177,95,267,144,0.6,0.5999999999999998,1.1102230246251565e-16,0.5999999999999999,0.5999999999999999,0.6329588014981273,124,98,169,80,1.4999999999999993,2.220446049250313e-16,1.4999999999999991,1.4999999999999991,98.00000000000006,1.4999999999999996,4.440892098500626e-16,1.4999999999999991,1.4999999999999991,124.0000000000001,0.9310962832372567,0.3182885916097191,0.5947601810766248,2.0940179078956125,43.87313768839128,1.4121432228378548,0.9290288202789159,0.5947601810766248,4.099376785747847,86.5430098475428
23,breastw,hbos,empirical,114,116,114,116,110,6,0.052,0.0,0.0,0.0,estimated,177,95,267,144,0.6,0.5999999999999998,1.1102230246251565e-16,0.5999999999999999,0.5999999999999999,0.5730337078651685,116,114,153,79,1.4999999999999996,4.440892098500626e-16,1.4999999999999991,1.4999999999999991,114.0000000000001,1.4999999999999996,4.440892098500626e-16,1.4999999999999991,1.4999999999999991,116.00000000000011,,,,,0.0,,,,,0.0
23,breastw,hbos,empirical_randomized,114,116,114,116,110,6,0.052,0.0,0.0,0.0,estimated,177,95,267,144,0.6,0.5999999999999998,1.1102230246251565e-16,0.5999999999999999,0.5999999999999999,0.5730337078651685,116,114,153,79,1.4999999999999996,4.440892098500626e-16,1.4999999999999991,1.4999999999999991,114.0000000000001,1.4999999999999996,4.440892098500626e-16,1.4999999999999991,1.4999999999999991,116.00000000000011,,,,,0.0,,,,,0.0
23,breastw,hbos,empirical_randomized_weighted,114,116,114,116,110,6,0.052,0.0,0.0,0.0,estimated,177,95,267,144,0.6,0.5999999999999998,1.1102230246251565e-16,0.5999999999999999,0.5999999999999999,0.5730337078651685,116,114,153,79,1.4999999999999996,4.440892098500626e-16,1.4999999999999991,1.4999999999999991,114.0000000000001,1.4999999999999996,4.440892098500626e-16,1.4999999999999991,1.4999999999999991,116.00000000000011,0.9437432177541626,0.35973154718362504,0.5915049493180102,2.086634063015899,49.768855826167346,1.3540591051348274,0.6683366380219649,0.5915049493180102,2.830491362287433,93.27598195992447
23,breastw,hbos,empirical_weighted,114,116,114,116,110,6,0.052,0.0,0.0,0.0,estimated,177,95,267,144,0.6,0.5999999999999998,1.1102230246251565e-16,0.5999999999999999,0.5999999999999999,0.5730337078651685,116,114,153,79,1.4999999999999996,4.440892098500626e-16,1.4999999999999991,1.4999999999999991,114.0000000000001,1.4999999999999996,4.440892098500626e-16,1.4999999999999991,1.4999999999999991,116.00000000000011,0.9437432177541626,0.35973154718362504,0.5915049493180102,2.086634063015899,49.768855826167346,1.3540591051348274,0.6683366380219649,0.5915049493180102,2.830491362287433,93.27598195992447
24,breastw,iforest,empirical,109,122,109,122,116,6,0.049,0.0,0.0,0.0,estimated,177,95,267,144,0.6,0.5999999999999998,1.1102230246251565e-16,0.5999999999999999,0.5999999999999999,0.5917602996254682,122,109,158,87,1.4999999999999996,4.440892098500626e-16,1.4999999999999991,1.4999999999999991,109.00000000000007,1.4999999999999996,4.440892098500626e-16,1.4999999999999991,1.4999999999999991,122.0000000000001,,,,,0.0,,,,,0.0
24,breastw,iforest,empirical_randomized,109,122,109,122,116,6,0.049,1.0,0.0,0.0,estimated,177,95,267,144,0.6,0.5999999999999998,1.1102230246251565e-16,0.5999999999999999,0.5999999999999999,0.5917602996254682,122,109,158,87,1.4999999999999996,4.440892098500626e-16,1.4999999999999991,1.4999999999999991,109.00000000000007,1.4999999999999996,4.440892098500626e-16,1.4999999999999991,1.4999999999999991,122.0000000000001,,,,,0.0,,,,,0.0
24,breastw,iforest,empirical_randomized_weighted,109,122,109,122,116,6,0.049,0.0,0.0,0.0,estimated,177,95,267,144,0.6,0.5999999999999998,1.1102230246251565e-16,0.5999999999999999,0.5999999999999999,0.5917602996254682,122,109,158,87,1.4999999999999996,4.440892098500626e-16,1.4999999999999991,1.4999999999999991,109.00000000000007,1.4999999999999996,4.440892098500626e-16,1.4999999999999991,1.4999999999999991,122.0000000000001,0.9901331067691462,0.3289920811619864,0.648151494184338,1.9570911409921177,49.531534146387145,1.2206243815367845,0.3794751703562096,0.648151494184338,1.9570911409921177,111.24787347780797
24,breastw,iforest,empirical_weighted,109,122,109,122,116,6,0.049,0.0,0.0,0.0,estimated,177,95,267,144,0.6,0.5999999999999998,1.1102230246251565e-16,0.5999999999999999,0.5999999999999999,0.5917602996254682,122,109,158,87,1.4999999999999996,4.440892098500626e-16,1.4999999999999991,1.4999999999999991,109.00000000000007,1.4999999999999996,4.440892098500626e-16,1.4999999999999991,1.4999999999999991,122.0000000000001,0.9901331067691462,0.3289920811619864,0.648151494184338,1.9570911409921177,49.531534146387145,1.2206243815367845,0.3794751703562096,0.648151494184338,1.9570911409921177,111.24787347780797
25,breastw,iforest,empirical,109,126,109,126,120,6,0.048,0.0,0.0,0.0,estimated,177,95,267,144,0.6,0.5999999999999998,1.1102230246251565e-16,0.5999999999999999,0.5999999999999999,0.5917602996254682,126,109,158,94,1.4999999999999996,4.440892098500626e-16,1.4999999999999991,1.4999999999999991,109.00000000000007,1.4999999999999996,4.440892098500626e-16,1.4999999999999991,1.4999999999999991,126.0000000000001,,,,,0.0,,,,,0.0
25,breastw,iforest,empirical_randomized,109,126,109,126,120,6,0.048,0.0,0.0,0.0,estimated,177,95,267,144,0.6,0.5999999999999998,1.1102230246251565e-16,0.5999999999999999,0.5999999999999999,0.5917602996254682,126,109,158,94,1.4999999999999996,4.440892098500626e-16,1.4999999999999991,1.4999999999999991,109.00000000000007,1.4999999999999996,4.440892098500626e-16,1.4999999999999991,1.4999999999999991,126.0000000000001,,,,,0.0,,,,,0.0
25,breastw,iforest,empirical_randomized_weighted,109,126,109,126,120,6,0.048,0.0,0.0,0.0,estimated,177,95,267,144,0.6,0.5999999999999998,1.1102230246251565e-16,0.5999999999999999,0.5999999999999999,0.5917602996254682,126,109,158,94,1.4999999999999996,4.440892098500626e-16,1.4999999999999991,1.4999999999999991,109.00000000000007,1.4999999999999996,4.440892098500626e-16,1.4999999999999991,1.4999999999999991,126.0000000000001,0.9442029236378918,0.2631540504037127,0.7022274484552499,2.387559678134204,51.0357254135985,1.164935172721449,0.4508055956667782,0.7022274484552499,2.387559678134204,109.58876997992182
25,breastw,iforest,empirical_weighted,109,126,109,126,120,6,0.048,0.0,0.0,0.0,estimated,177,95,267,144,0.6,0.5999999999999998,1.1102230246251565e-16,0.5999999999999999,0.5999999999999999,0.5917602996254682,126,109,158,94,1.4999999999999996,4.440892098500626e-16,1.4999999999999991,1.4999999999999991,109.00000000000007,1.4999999999999996,4.440892098500626e-16,1.4999999999999991,1.4999999999999991,126.0000000000001,0.9442029236378918,0.2631540504037127,0.7022274484552499,2.387559678134204,51.0357254135985,1.164935172721449,0.4508055956667782,0.7022274484552499,2.387559678134204,109.58876997992182
1,breastw,iforest,empirical_randomized_weighted,103,130,103,130,124,6,0.046,0.0,0.0,0.5,estimated,177,95,267,144,0.6,0.6,0.05335758892385105,0.4996006280944563,0.7,0.6142322097378277,130,103,164,95,1.483312318200681,0.3647063108035463,0.9984037873428063,2.333333333333333,97.12825819237466,1.6351158984242515,0.40409481380922496,1.0761061730737702,2.333333333333333,122.51716108975828,0.9262535376269275,0.3519587364844031,0.5517738649985288,2.4896934386730774,45.43923144137139,1.2634026953909157,0.6280146320877489,0.5517738649985288,3.022860608797279,104.24264093471467
1,breastw,iforest,empirical_weighted,103,130,103,130,124,6,0.046,0.0,0.0,0.5,estimated,177,95,267,144,0.6,0.6,0.05335758892385105,0.4996006280944563,0.7,0.6142322097378277,130,103,164,95,1.483312318200681,0.3647063108035463,0.9984037873428063,2.333333333333333,97.12825819237466,1.6351158984242515,0.40409481380922496,1.0761061730737702,2.333333333333333,122.51716108975828,0.9262535376269275,0.3519587364844031,0.5517738649985288,2.4896934386730774,45.43923144137139,1.2634026953909157,0.6280146320877489,0.5517738649985288,3.022860608797279,104.24264093471467
2,breastw,iforest,empirical_randomized_weighted,101,137,101,137,130,7,0.051,0.0,0.0,0.5,estimated,177,95,267,144,0.6,0.5999999999999999,0.05106820495510769,0.514289481771706,0.7,0.6217228464419475,137,101,166,108,1.4873915599323004,0.35896918832377517,1.0588394989831766,2.333333333333333,95.44097547555135,1.602419545879532,0.3781815870041793,1.0983483074014928,2.333333333333333,129.7718242729688,0.9427516856146559,0.529569013019119,0.4987564806594342,2.276048198033979,38.76743435387043,1.4864611481598549,0.6827727031602495,0.4987564806594342,2.6006408828114367,113.13133691241075
2,breastw,iforest,empirical_weighted,101,137,101,137,130,7,0.051,0.0,0.0,0.5,estimated,177,95,267,144,0.6,0.5999999999999999,0.05106820495510769,0.514289481771706,0.7,0.6217228464419475,137,101,166,108,1.4873915599323004,0.35896918832377517,1.0588394989831766,2.333333333333333,95.44097547555135,1.602419545879532,0.3781815870041793,1.0983483074014928,2.333333333333333,129.7718242729688,0.9427516856146559,0.529569013019119,0.4987564806594342,2.276048198033979,38.76743435387043,1.4864611481598549,0.6827727031602495,0.4987564806594342,2.6006408828114367,113.13133691241075
3,breastw,iforest,empirical_randomized_weighted,104,130,104,130,124,6,0.046,0.0,0.0,0.5,estimated,177,95,267,144,0.6,0.6,0.05485074573551245,0.505191764531479,0.7,0.6104868913857678,130,104,163,96,1.4694303377196323,0.3519390384637019,1.020984956026704,2.333333333333333,98.35783425695465,1.6584463713317983,0.4282859823806122,1.020984956026704,2.333333333333333,121.87226143553515,1.0120661441344359,0.2478128473862656,0.7956620794549403,1.9013950393327161,49.05865812035128,1.194672766605207,0.33607757353029644,0.7956620794549403,1.9013950393327161,120.46660048584734
3,breastw,iforest,empirical_weighted,104,130,104,130,124,6,0.046,0.0,0.0,0.5,estimated,177,95,267,144,0.6,0.6,0.05485074573551245,0.505191764531479,0.7,0.6104868913857678,130,104,163,96,1.4694303377196323,0.3519390384637019,1.020984956026704,2.333333333333333,98.35783425695465,1.6584463713317983,0.4282859823806122,1.020984956026704,2.333333333333333,121.87226143553515,1.0120661441344359,0.2478128473862656,0.7956620794549403,1.9013950393327161,49.05865812035128,1.194672766605207,0.33607757353029644,0.7956620794549403,1.9013950393327161,120.46660048584734
4,breastw,iforest,empirical_randomized_weighted,119,127,119,127,121,6,0.047,0.0,0.0,0.5,estimated,177,95,267,144,0.6,0.5999999999999999,0.05359575411495141,0.4942808497560266,0.7,0.5543071161048689,127,119,148,106,1.4860990992861431,0.32187388834849245,0.9773821092548529,2.333333333333333,113.66771819950408,1.6348832041604082,0.4299528108689195,0.9773821092548529,2.333333333333333,118.7846080209472,0.9180755879385499,0.29919709331677247,0.5709278998867536,1.84501046237896,54.23933983190525,1.4657394860805713,0.9226810668718881,0.5709278998867536,4.106928330379496,90.95671238221695
4,breastw,iforest,empirical_weighted,119,127,119,127,121,6,0.047,0.0,0.0,0.5,estimated,177,95,267,144,0.6,0.5999999999999999,0.05359575411495141,0.4942808497560266,0.7,0.5543071161048689,127,119,148,106,1.4860990992861431,0.32187388834849245,0.9773821092548529,2.333333333333333,113.66771819950408,1.6348832041604082,0.4299528108689195,0.9773821092548529,2.333333333333333,118.7846080209472,0.9180755879385499,0.29919709331677247,0.5709278998867536,1.84501046237896,54.23933983190525,1.4657394860805713,0.9226810668718881,0.5709278998867536,4.106928330379496,90.95671238221695
5,breastw,iforest,empirical_randomized_weighted,98,139,98,139,132,7,0.05,0.0,0.0,0.5,estimated,177,95,267,144,0.6,0.6,0.049779968973067246,0.5152361793808646,0.7,0.6329588014981273,139,98,169,109,1.5331597821120655,0.34440231565432367,1.105619798341177,2.333333333333333,93.29235871778772,1.6055087037042817,0.39488524166207467,1.0628602165953933,2.333333333333333,131.0709195656931,0.9440120975881715,0.22922782906651024,0.6219596035913815,1.441764316697444,46.27168282222156,1.594636046283785,1.3628862161136273,0.6219596035913815,5.79579532044718,80.32549339086196
5,breastw,iforest,empirical_weighted,98,139,98,139,132,7,0.05,0.0,0.0,0.5,estimated,177,95,267,144,0.6,0.6,0.049779968973067246,0.5152361793808646,0.7,0.6329588014981273,139,98,169,109,1.5331597821120655,0.34440231565432367,1.105619798341177,2.333333333333333,93.29235871778772,1.6055087037042817,0.39488524166207467,1.0628602165953933,2.333333333333333,131.0709195656931,0.9440120975881715,0.22922782906651024,0.6219596035913815,1.441764316697444,46.27168282222156,1.594636046283785,1.3628862161136273,0.6219596035913815,5.79579532044718,80.32549339086196
6,breastw,iforest,empirical_randomized_weighted,116,126,116,126,120,6,0.048,0.0,0.0,0.5,estimated,177,95,267,144,0.6,0.6,0.05072519412855463,0.5104279970823412,0.7,0.5655430711610487,126,116,151,100,1.5225342194535167,0.3432359455071257,1.042600463344286,2.333333333333333,110.3897753592926,1.600611493279419,0.39293981704830466,1.1124423122514278,2.333333333333333,118.8379808280771,0.9433153639666664,0.2105496048266081,0.6809875538787415,1.412529528486131,55.24761863636145,1.1378554848508586,0.3666492194514902,0.6809875538787415,2.104688282101845,114.14790163292332
6,breastw,iforest,empirical_weighted,116,126,116,126,120,6,0.048,0.0,0.0,0.5,estimated,177,95,267,144,0.6,0.6,0.05072519412855463,0.5104279970823412,0.7,0.5655430711610487,126,116,151,100,1.5225342194535167,0.3432359455071257,1.042600463344286,2.333333333333333,110.3897753592926,1.600611493279419,0.39293981704830466,1.1124423122514278,2.333333333333333,118.8379808280771,0.9433153639666664,0.2105496048266081,0.6809875538787415,1.412529528486131,55.24761863636145,1.1378554848508586,0.3666492194514902,0.6809875538787415,2.104688282101845,114.14790163292332
7,breastw,iforest,empirical_randomized_weighted,108,128,108,128,122,6,0.047,0.0,0.0,0.5,estimated,177,95,267,144,0.6,0.6,0.0491975785666386,0.5100607838213559,0.7,0.5955056179775281,128,108,159,97,1.5205510562620381,0.31906979271950525,1.0410695183775103,2.333333333333333,103.44509555025638,1.6203736363769412,0.40793286495074177,1.0410695183775103,2.333333333333333,120.37097840121213,0.93276603240505,0.3628335009672676,0.5617329529870058,2.3139247904872953,46.90306911818248,1.3162644235539358,0.4886367251438443,0.5617329529870058,2.3139247904872953,112.49665121317135
7,breastw,iforest,empirical_weighted,108,128,108,128,122,6,0.047,0.0,0.0,0.5,estimated,177,95,267,144,0.6,0.6,0.0491975785666386,0.5100607838213559,0.7,0.5955056179775281,128,108,159,97,1.5205510562620381,0.31906979271950525,1.0410695183775103,2.333333333333333,103.44509555025638,1.6203736363769412,0.40793286495074177,1.0410695183775103,2.333333333333333,120.37097840121213,0.93276603240505,0.3628335009672676,0.5617329529870058,2.3139247904872953,46.90306911818248,1.3162644235539358,0.4886367251438443,0.5617329529870058,2.3139247904872953,112.49665121317135
8,breastw,iforest,empirical_randomized_weighted,106,137,106,137,130,7,0.051,0.0,0.0,0.5,estimated,177,95,267,144,0.6,0.6,0.05107370273570507,0.50897696135409,0.7,0.602996254681648,137,106,161,113,1.4845047667062956,0.32877522941484266,1.0365643183621105,2.333333333333333,101.04384532732045,1.625937101610112,0.39689983169008825,1.0365643183621105,2.333333333333333,129.2956122146825,0.9078692040719064,0.3984453373455641,0.6070876955081792,2.348281582759144,44.44014519572828,1.5698511749002808,0.956804375644859,0.6070876955081792,3.7976029547364476,99.89246716818346
8,breastw,iforest,empirical_weighted,106,137,106,137,130,7,0.051,0.0,0.0,0.5,estimated,177,95,267,144,0.6,0.6,0.05107370273570507,0.50897696135409,0.7,0.602996254681648,137,106,161,113,1.4845047667062956,0.32877522941484266,1.0365643183621105,2.333333333333333,101.04384532732045,1.625937101610112,0.39689983169008825,1.0365643183621105,2.333333333333333,129.2956122146825,0.9078692040719064,0.3984453373455641,0.6070876955081792,2.348281582759144,44.44014519572828,1.5698511749002808,0.956804375644859,0.6070876955081792,3.7976029547364476,99.89246716818346
9,breastw,iforest,empirical_randomized_weighted,117,124,117,124,118,6,0.048,0.0,0.0,0.5,estimated,177,95,267,144,0.6,0.5999999999999999,0.05048591063197545,0.5066079836111558,0.7,0.5617977528089888,124,117,150,98,1.4994660619846516,0.33315670408312226,1.026785936503472,2.333333333333333,111.49594330389074,1.6415465683802701,0.3994196439066016,1.026785936503472,2.333333333333333,117.06902358071714,0.9305900028851498,0.3964133608504924,0.5900052685099758,3.219567166243089,49.938231550781495,1.3495458143979444,0.7228999515401597,0.5900052685099758,3.219567166243089,96.35308138290976
9,breastw,iforest,empirical_weighted,117,124,117,124,118,6,0.048,0.0,0.0,0.5,estimated,177,95,267,144,0.6,0.5999999999999999,0.05048591063197545,0.5066079836111558,0.7,0.5617977528089888,124,117,150,98,1.4994660619846516,0.33315670408312226,1.026785936503472,2.333333333333333,111.49594330389074,1.6415465683802701,0.3994196439066016,1.026785936503472,2.333333333333333,117.06902358071714,0.9305900028851498,0.3964133608504924,0.5900052685099758,3.219567166243089,49.938231550781495,1.3495458143979444,0.7228999515401597,0.5900052685099758,3.219567166243089,96.35308138290976
10,breastw,iforest,empirical_randomized_weighted,99,132,99,132,125,7,0.053,0.0,0.0,0.5,estimated,177,95,267,144,0.6,0.6,0.05399563077325898,0.4999889801591867,0.7,0.6292134831460674,132,99,168,95,1.4805414036237723,0.3608945861557896,0.9999559216082204,2.333333333333333,93.44751520226625,1.6277113395354286,0.42302896112105787,1.0379929645392882,2.333333333333333,123.64832364266199,0.954114018126259,0.45709555926764434,0.6777772122947093,3.739296608146067,40.666400103472334,1.369356934991388,0.8206608403303105,0.6777772122947093,3.739296608146067,97.11844660528428
10,breastw,iforest,empirical_weighted,99,132,99,132,125,7,0.053,0.0,0.0,0.5,estimated,177,95,267,144,0.6,0.6,0.05399563077325898,0.4999889801591867,0.7,0.6292134831460674,132,99,168,95,1.4805414036237723,0.3608945861557896,0.9999559216082204,2.333333333333333,93.44751520226625,1.6277113395354286,0.42302896112105787,1.0379929645392882,2.333333333333333,123.64832364266199,0.954114018126259,0.45709555926764434,0.6777772122947093,3.739296608146067,40.666400103472334,1.369356934991388,0.8206608403303105,0.6777772122947093,3.739296608146067,97.11844660528428
11,breastw,iforest,empirical_randomized_weighted,99,134,99,134,127,7,0.052,0.0,0.0,0.5,estimated,177,95,267,144,0.6,0.6,0.05343861572300942,0.5011775143231342,0.7,0.6292134831460674,134,99,168,99,1.5048024612217092,0.3750765545996227,1.0047211757967822,2.333333333333333,93.20918662982321,1.623619377658108,0.41979834622429957,1.0047211757967822,2.333333333333333,125.60320199414267,0.9136780443373265,0.32225656165418426,0.7052308636262931,2.1009001886730303,44.46819727587299,1.3674719974528926,0.8190218206418193,0.7052308636262931,3.566371499070543,98.62232438479172
11,breastw,iforest,empirical_weighted,99,134,99,134,127,7,0.052,0.0,0.0,0.5,estimated,177,95,267,144,0.6,0.6,0.05343861572300942,0.5011775143231342,0.7,0.6292134831460674,134,99,168,99,1.5048024612217092,0.3750765545996227,1.0047211757967822,2.333333333333333,93.20918662982321,1.623619377658108,0.41979834622429957,1.0047211757967822,2.333333333333333,125.60320199414267,0.9136780443373265,0.32225656165418426,0.7052308636262931,2.1009001886730303,44.46819727587299,1.3674719974528926,0.8190218206418193,0.7052308636262931,3.566371499070543,98.62232438479172
12,breastw,iforest,empirical_randomized_weighted,114,130,114,130,124,6,0.046,0.0,0.0,0.5,estimated,177,95,267,144,0.6,0.5999999999999999,0.05582648412404858,0.5008891608240144,0.7,0.5730337078651685,130,114,153,108,1.5014425781399465,0.3793661897396111,1.0035629794194907,2.333333333333333,107.15886892938241,1.6264843726539513,0.4230602209661758,1.0035629794194907,2.333333333333333,121.76209630681204,0.9067133505819382,0.2991589522856607,0.6457164557854974,1.8022567705088373,51.40419527007593,1.349512963705014,0.6271755735503651,0.6457164557854974,2.709000595714325,106.90918908241696
12,breastw,iforest,empirical_weighted,114,130,114,130,124,6,0.046,0.0,0.0,0.5,estimated,177,95,267,144,0.6,0.5999999999999999,0.05582648412404858,0.5008891608240144,0.7,0.5730337078651685,130,114,153,108,1.5014425781399465,0.3793661897396111,1.0035629794194907,2.333333333333333,107.15886892938241,1.6264843726539513,0.4230602209661758,1.0035629794194907,2.333333333333333,121.76209630681204,0.9067133505819382,0.2991589522856607,0.6457164557854974,1.8022567705088373,51.40419527007593,1.349512963705014,0.6271755735503651,0.6457164557854974,2.709000595714325,106.90918908241696
13,breastw,iforest,empirical_randomized_weighted,106,132,106,132,125,7,0.053,0.0,0.0,0.5,estimated,177,95,267,144,0.6,0.5999999999999999,0.05409679484756585,0.5032044282324799,0.7,0.602996254681648,132,106,161,102,1.5282032477645517,0.3898081650423241,1.0129003896756932,2.333333333333333,99.52455146831254,1.6136627422805956,0.392518644488124,1.0129003896756932,2.333333333333333,124.62599101991711,0.95755345692949,0.2605630461348107,0.6967916185022326,2.056045838408257,49.34613316944952,1.2081311388251292,0.365241787911754,0.6967916185022326,2.056045838408257,120.94588774814842
13,breastw,iforest,empirical_weighted,106,132,106,132,125,7,0.053,0.0,0.0,0.5,estimated,177,95,267,144,0.6,0.5999999999999999,0.05409679484756585,0.5032044282324799,0.7,0.602996254681648,132,106,161,102,1.5282032477645517,0.3898081650423241,1.0129003896756932,2.333333333333333,99.52455146831254,1.6136627422805956,0.392518644488124,1.0129003896756932,2.333333333333333,124.62599101991711,0.95755345692949,0.2605630461348107,0.6967916185022326,2.056045838408257,49.34613316944952,1.2081311388251292,0.365241787911754,0.6967916185022326,2.056045838408257,120.94588774814842
14,breastw,iforest,empirical_randomized_weighted,112,128,112,128,122,6,0.047,0.0,0.0,0.5,estimated,177,95,267,144,0.6,0.6,0.050820869633061524,0.5046452684040933,0.7,0.5805243445692884,128,112,155,102,1.5327002645820151,0.35287446753032736,1.0187553206128765,2.333333333333333,106.36215496122483,1.6029771992931634,0.40914068195168984,1.0757956923928194,2.333333333333333,120.17127042120157,0.9404002235059704,0.17475837733938113,0.754921961689725,1.7004366978573213,54.13063677082735,1.1244643496584161,0.28620376183308976,0.754921961689725,1.7004366978573213,120.21231706082128
14,breastw,iforest,empirical_weighted,112,128,112,128,122,6,0.047,0.0,0.0,0.5,estimated,177,95,267,144,0.6,0.6,0.050820869633061524,0.5046452684040933,0.7,0.5805243445692884,128,112,155,102,1.5327002645820151,0.35287446753032736,1.0187553206128765,2.333333333333333,106.36215496122483,1.6029771992931634,0.40914068195168984,1.0757956923928194,2.333333333333333,120.17127042120157,0.9404002235059704,0.17475837733938113,0.754921961689725,1.7004366978573213,54.13063677082735,1.1244643496584161,0.28620376183308976,0.754921961689725,1.7004366978573213,120.21231706082128
15,breastw,iforest,empirical_randomized_weighted,111,127,111,127,121,6,0.047,0.0,0.0,0.5,estimated,177,95,267,144,0.6,0.6,0.051063952208722646,0.5119769623266518,0.7,0.5842696629213483,127,111,156,98,1.5425020136273515,0.3510653901285604,1.0490835940194627,2.333333333333333,105.53343366508123,1.5941755272811275,0.4121498994970295,1.0490835940194627,2.333333333333333,119.04312664198629,0.9300008845507018,0.2068870925558632,0.7225341200573691,2.0286597608664168,53.35935140317862,1.4261900348262018,0.9160033632964851,0.7225341200573691,3.9979218246340875,89.91057403402493
15,breastw,iforest,empirical_weighted,111,127,111,127,121,6,0.047,0.0,0.0,0.5,estimated,177,95,267,144,0.6,0.6,0.051063952208722646,0.5119769623266518,0.7,0.5842696629213483,127,111,156,98,1.5425020136273515,0.3510653901285604,1.0490835940194627,2.333333333333333,105.53343366508123,1.5941755272811275,0.4121498994970295,1.0490835940194627,2.333333333333333,119.04312664198629,0.9300008845507018,0.2068870925558632,0.7225341200573691,2.0286597608664168,53.35935140317862,1.4261900348262018,0.9160033632964851,0.7225341200573691,3.9979218246340875,89.91057403402493
16,breastw,iforest,empirical_randomized_weighted,93,136,93,136,129,7,0.051,0.0,0.0,0.5,estimated,177,95,267,144,0.6,0.6,0.05232370793949039,0.507120630842659,0.7,0.651685393258427,136,93,174,99,1.4736318662087002,0.3273362721423138,1.0288940105358149,2.333333333333333,88.62703044459701,1.598335326374438,0.40039721448099197,1.0288940105358149,2.333333333333333,127.96932278961079,0.9044328400814637,0.2883464676204967,0.7056753388084575,2.0524283966091392,42.663556606760444,1.6410475994363396,1.4691862116006846,0.7056753388084575,5.833187599347553,75.49204143062198
16,breastw,iforest,empirical_weighted,93,136,93,136,129,7,0.051,0.0,0.0,0.5,estimated,177,95,267,144,0.6,0.6,0.05232370793949039,0.507120630842659,0.7,0.651685393258427,136,93,174,99,1.4736318662087002,0.3273362721423138,1.0288940105358149,2.333333333333333,88.62703044459701,1.598335326374438,0.40039721448099197,1.0288940105358149,2.333333333333333,127.96932278961079,0.9044328400814637,0.2883464676204967,0.7056753388084575,2.0524283966091392,42.663556606760444,1.6410475994363396,1.4691862116006846,0.7056753388084575,5.833187599347553,75.49204143062198
17,breastw,iforest,empirical_randomized_weighted,93,138,93,138,131,7,0.051,0.0,0.0,0.5,estimated,177,95,267,144,0.6,0.5999999999999999,0.048519230045718426,0.5083983208847123,0.7,0.651685393258427,138,93,174,102,1.491633116665407,0.29102026713402873,1.0341671773775318,2.333333333333333,89.58979127531833,1.586310491408688,0.39216042638717624,1.0341671773775318,2.333333333333333,130.05182207796224,0.9380025290172125,0.1836916928565067,0.7355997179077871,1.3795502250020237,45.26409922686857,1.469658962140646,1.0805686019491503,0.7355997179077871,4.83293560772718,89.57581488169012
17,breastw,iforest,empirical_weighted,93,138,93,138,131,7,0.051,0.0,0.0,0.5,estimated,177,95,267,144,0.6,0.5999999999999999,0.048519230045718426,0.5083983208847123,0.7,0.651685393258427,138,93,174,102,1.491633116665407,0.29102026713402873,1.0341671773775318,2.333333333333333,89.58979127531833,1.586310491408688,0.39216042638717624,1.0341671773775318,2.333333333333333,130.05182207796224,0.9380025290172125,0.1836916928565067,0.7355997179077871,1.3795502250020237,45.26409922686857,1.469658962140646,1.0805686019491503,0.7355997179077871,4.83293560772718,89.57581488169012
18,breastw,iforest,empirical_randomized_weighted,107,130,107,130,124,6,0.046,0.0,0.0,0.5,estimated,177,95,267,144,0.6,0.6,0.05135097042689998,0.5105514568077437,0.7,0.599250936329588,130,107,160,99,1.4940794629975256,0.3316800331891554,1.0431156939968624,2.333333333333333,101.97446061452256,1.6028996453442705,0.40111439391112547,1.0431156939968624,2.333333333333333,122.33894535153203,0.9097728111666555,0.20320709550634938,0.681182825369603,1.603517326721375,51.43396917164827,1.241247220340054,0.6089653500186536,0.681182825369603,2.9123301093197353,104.77991115572335
18,breastw,iforest,empirical_weighted,107,130,107,130,124,6,0.046,0.0,0.0,0.5,estimated,177,95,267,144,0.6,0.6,0.05135097042689998,0.5105514568077437,0.7,0.599250936329588,130,107,160,99,1.4940794629975256,0.3316800331891554,1.0431156939968624,2.333333333333333,101.97446061452256,1.6028996453442705,0.40111439391112547,1.0431156939968624,2.333333333333333,122.33894535153203,0.9097728111666555,0.20320709550634938,0.681182825369603,1.603517326721375,51.43396917164827,1.241247220340054,0.6089653500186536,0.681182825369603,2.9123301093197353,104.77991115572335
19,breastw,iforest,empirical_randomized_weighted,106,130,106,130,124,6,0.046,0.0,0.0,0.5,estimated,177,95,267,144,0.6,0.5999999999999999,0.05022857051767031,0.502829482283509,0.7,0.602996254681648,130,106,161,100,1.4810544268279844,0.32841772987687246,1.0113823414007124,2.333333333333333,101.03212521512268,1.6063228023114702,0.38532275734517474,1.069641599194303,2.333333333333333,122.92657964400594,0.9631818081941683,0.3705323647120336,0.5204006939718768,2.114218779210605,46.16760318024681,1.258611162041126,0.42124823304852776,0.5204006939718768,2.114218779210605,116.90444114977667
19,breastw,iforest,empirical_weighted,106,130,106,130,124,6,0.046,0.0,0.0,0.5,estimated,177,95,267,144,0.6,0.5999999999999999,0.05022857051767031,0.502829482283509,0.7,0.602996254681648,130,106,161,100,1.4810544268279844,0.32841772987687246,1.0113823414007124,2.333333333333333,101.03212521512268,1.6063228023114702,0.38532275734517474,1.069641599194303,2.333333333333333,122.92657964400594,0.9631818081941683,0.3705323647120336,0.5204006939718768,2.114218779210605,46.16760318024681,1.258611162041126,0.42124823304852776,0.5204006939718768,2.114218779210605,116.90444114977667
20,breastw,iforest,empirical_randomized_weighted,103,131,103,131,124,7,0.053,0.0,0.143,0.5,estimated,177,95,267,144,0.6,0.5999999999999999,0.05091860882791201,0.5060313982292995,0.7,0.6142322097378277,131,103,164,98,1.5220671235313934,0.32818061626441813,1.0957619457476326,2.333333333333333,98.42426945689468,1.6093992472048761,0.4218878509117214,1.0244201684385572,2.333333333333333,122.57684323835386,0.9532568358482755,0.3414655772229241,0.579883544066296,2.5471795262563255,46.086462246395435,1.3974817447934182,0.7752359765435926,0.579883544066296,3.404062024563649,100.17327308297597
20,breastw,iforest,empirical_weighted,103,131,103,131,124,7,0.053,0.0,0.0,0.5,estimated,177,95,267,144,0.6,0.5999999999999999,0.05091860882791201,0.5060313982292995,0.7,0.6142322097378277,131,103,164,98,1.5220671235313934,0.32818061626441813,1.0957619457476326,2.333333333333333,98.42426945689468,1.6093992472048761,0.4218878509117214,1.0244201684385572,2.333333333333333,122.57684323835386,0.9532568358482755,0.3414655772229241,0.579883544066296,2.5471795262563255,46.086462246395435,1.3974817447934182,0.7752359765435926,0.579883544066296,3.404062024563649,100.17327308297597
21,breastw,iforest,empirical_randomized_weighted,107,130,107,130,124,6,0.046,0.0,0.0,0.5,estimated,177,95,267,144,0.6,0.6,0.05004768993862021,0.5065502751233966,0.7,0.599250936329588,130,107,160,99,1.4686706300278936,0.30697860554859485,1.026548905767592,2.333333333333333,102.5210082113817,1.628583707111139,0.3943020719732856,1.0798167052350653,2.333333333333333,122.80150610970529,0.9718433838578057,0.3278645220081623,0.5797681020651212,2.6604435800459463,48.482055721355046,1.2342099656738064,0.5096731742413038,0.5797681020651212,2.6604435800459463,111.06062782903133
21,breastw,iforest,empirical_weighted,107,130,107,130,124,6,0.046,0.0,0.0,0.5,estimated,177,95,267,144,0.6,0.6,0.05004768993862021,0.5065502751233966,0.7,0.599250936329588,130,107,160,99,1.4686706300278936,0.30697860554859485,1.026548905767592,2.333333333333333,102.5210082113817,1.628583707111139,0.3943020719732856,1.0798167052350653,2.333333333333333,122.80150610970529,0.9718433838578057,0.3278645220081623,0.5797681020651212,2.6604435800459463,48.482055721355046,1.2342099656738064,0.5096731742413038,0.5797681020651212,2.6604435800459463,111.06062782903133
22,breastw,iforest,empirical_randomized_weighted,106,130,106,130,124,6,0.046,0.0,0.0,0.5,estimated,177,95,267,144,0.6,0.6,0.052458130963885845,0.5124880818640549,0.7,0.602996254681648,130,106,161,99,1.4425347450583734,0.31381522462673195,1.0512319038755173,2.333333333333333,101.21017517567661,1.6680991439208395,0.40953619246857675,1.108923598047642,2.333333333333333,122.60964191744263,0.8692488768523873,0.39071443102471687,0.532103911304891,2.8372555986427526,44.091825633801044,1.8549134184716654,1.8522774284339014,0.532103911304891,7.254391840193763,65.09243617224101
22,breastw,iforest,empirical_weighted,106,130,106,130,124,6,0.046,0.0,0.0,0.5,estimated,177,95,267,144,0.6,0.6,0.052458130963885845,0.5124880818640549,0.7,0.602996254681648,130,106,161,99,1.4425347450583734,0.31381522462673195,1.0512319038755173,2.333333333333333,101.21017517567661,1.6680991439208395,0.40953619246857675,1.108923598047642,2.333333333333333,122.60964191744263,0.8692488768523873,0.39071443102471687,0.532103911304891,2.8372555986427526,44.091825633801044,1.8549134184716654,1.8522774284339014,0.532103911304891,7.254391840193763,65.09243617224101
23,breastw,hbos,empirical_randomized_weighted,114,123,114,123,117,6,0.049,0.0,0.0,0.5,estimated,177,95,267,144,0.6,0.6,0.05074067671074245,0.5164534288529891,0.7,0.5730337078651685,123,114,153,93,1.4936251314778661,0.32263913370707076,1.0680531300799434,2.333333333333333,108.91782269864463,1.614527450330595,0.41085552107724205,1.0680531300799434,2.333333333333333,115.51930488176137,0.9145879331835695,0.5005662875299929,0.4276391231802544,3.3249969120688636,43.861268266891585,1.6533538844962838,1.1427378086572968,0.4276391231802544,4.533898091886702,83.23707254309177
23,breastw,hbos,empirical_weighted,114,123,114,123,117,6,0.049,0.0,0.0,0.5,estimated,177,95,267,144,0.6,0.6,0.05074067671074245,0.5164534288529891,0.7,0.5730337078651685,123,114,153,93,1.4936251314778661,0.32263913370707076,1.0680531300799434,2.333333333333333,108.91782269864463,1.614527450330595,0.41085552107724205,1.0680531300799434,2.333333333333333,115.51930488176137,0.9145879331835695,0.5005662875299929,0.4276391231802544,3.3249969120688636,43.861268266891585,1.6533538844962838,1.1427378086572968,0.4276391231802544,4.533898091886702,83.23707254309177
24,breastw,iforest,empirical_randomized_weighted,106,132,106,132,125,7,0.053,0.0,0.143,0.5,estimated,177,95,267,144,0.6,0.5999999999999999,0.05279818397903019,0.4980068645025574,0.7,0.602996254681648,132,106,161,102,1.4666971330005065,0.3355117027426739,0.9920591125395866,2.333333333333333,100.7290465220901,1.6322756148599697,0.42121219250677616,1.0481583371296865,2.333333333333333,123.75879077718666,0.9693540647639097,0.371065336690091,0.7460070623106334,3.001438834018162,46.22631256520233,1.2904833839428382,0.668878625974481,0.7460070623106334,3.001438834018162,104.04745961215556
24,breastw,iforest,empirical_weighted,106,132,106,132,125,7,0.053,0.0,0.0,0.5,estimated,177,95,267,144,0.6,0.5999999999999999,0.05279818397903019,0.4980068645025574,0.7,0.602996254681648,132,106,161,102,1.4666971330005065,0.3355117027426739,0.9920591125395866,2.333333333333333,100.7290465220901,1.6322756148599697,0.42121219250677616,1.0481583371296865,2.333333333333333,123.75879077718666,0.9693540647639097,0.371065336690091,0.7460070623106334,3.001438834018162,46.22631256520233,1.2904833839428382,0.668878625974481,0.7460070623106334,3.001438834018162,104.04745961215556
25,breastw,iforest,empirical_randomized_weighted,104,134,104,134,127,7,0.052,1.0,0.0,0.5,estimated,177,95,267,144,0.6,0.5999999999999999,0.05300893290300151,0.504077888685943,0.7,0.6104868913857678,134,104,163,105,1.470339925382607,0.3258682079896834,1.0164456820654266,2.333333333333333,99.13080553517393,1.6471286444755933,0.41934233721249636,1.0164456820654266,2.333333333333333,125.84333541845979,0.8608816379236417,0.42845430264582757,0.5490441772366164,2.541812272516017,41.6767590000879,1.621477492303852,1.1729256317098349,0.5490441772366164,4.498204161567421,87.96911481458044
25,breastw,iforest,empirical_weighted,104,134,104,134,127,7,0.052,0.0,0.0,0.5,estimated,177,95,267,144,0.6,0.5999999999999999,0.05300893290300151,0.504077888685943,0.7,0.6104868913857678,134,104,163,105,1.470339925382607,0.3258682079896834,1.0164456820654266,2.333333333333333,99.13080553517393,1.6471286444755933,0.41934233721249636,1.0164456820654266,2.333333333333333,125.84333541845979,0.8608816379236417,0.42845430264582757,0.5490441772366164,2.541812272516017,41.6767590000879,1.621477492303852,1.1729256317098349,0.5490441772366164,4.498204161567421,87.96911481458044
1,breastw,iforest,empirical_randomized_weighted,100,131,100,131,124,7,0.053,0.0,0.0,1.0,estimated,177,95,267,144,0.6,0.6,0.07779513299134881,0.418420737869697,0.7,0.6254681647940075,131,100,167,95,1.4793367501228636,0.5083651371184292,0.7194560829714554,2.333333333333333,89.43814480377954,1.7096477854294632,0.5108082016886444,0.8357994764365729,2.333333333333333,120.2641005561454,0.9994908238223934,0.47113092366026715,0.5313283733034513,3.6024868143158546,40.91015077537599,1.3707081634918117,0.7363402247960237,0.5313283733034513,3.6024868143158546,101.66225173954192
1,breastw,iforest,empirical_weighted,100,131,100,131,124,7,0.053,0.0,0.0,1.0,estimated,177,95,267,144,0.6,0.6,0.07779513299134881,0.418420737869697,0.7,0.6254681647940075,131,100,167,95,1.4793367501228636,0.5083651371184292,0.7194560829714554,2.333333333333333,89.43814480377954,1.7096477854294632,0.5108082016886444,0.8357994764365729,2.333333333333333,120.2641005561454,0.9994908238223934,0.47113092366026715,0.5313283733034513,3.6024868143158546,40.91015077537599,1.3707081634918117,0.7363402247960237,0.5313283733034513,3.6024868143158546,101.66225173954192
2,breastw,iforest,empirical_randomized_weighted,102,137,102,137,130,7,0.051,0.0,0.0,1.0,estimated,177,95,267,144,0.6,0.5999999999999999,0.07311907204481252,0.4460977543376188,0.7,0.6179775280898876,137,102,165,109,1.4807376546169952,0.48732725030698415,0.8053727130211488,2.333333333333333,92.03166898951653,1.6745465827752983,0.4906475569634804,0.866596266335292,2.333333333333333,126.1683357586324,0.9483736973629024,0.42805555652962163,0.5841644335202647,2.584097943689426,42.368531526658046,1.3789919213780277,0.6000383336472755,0.5841644335202647,2.584097943689426,115.1902676407545
2,breastw,iforest,empirical_weighted,102,137,102,137,130,7,0.051,0.0,0.0,1.0,estimated,177,95,267,144,0.6,0.5999999999999999,0.07311907204481252,0.4460977543376188,0.7,0.6179775280898876,137,102,165,109,1.4807376546169952,0.48732725030698415,0.8053727130211488,2.333333333333333,92.03166898951653,1.6745465827752983,0.4906475569634804,0.866596266335292,2.333333333333333,126.1683357586324,0.9483736973629024,0.42805555652962163,0.5841644335202647,2.584097943689426,42.368531526658046,1.3789919213780277,0.6000383336472755,0.5841644335202647,2.584097943689426,115.1902676407545
3,breastw,iforest,empirical_randomized_weighted,107,128,107,128,122,6,0.047,0.0,0.0,1.0,estimated,177,95,267,144,0.6,0.6,0.07767141015713332,0.4313281849256852,0.7,0.599250936329588,128,107,160,96,1.4408826140403421,0.4834598222558625,0.7584834934527547,2.333333333333333,96.17280728001643,1.7578449937637295,0.5056959618739436,0.7584834934527547,2.333333333333333,118.21646533267521,0.913348068808071,0.41194142356304864,0.5336549033767553,2.744650630881483,44.87203323859131,1.4814115784721997,0.8480089018151715,0.5336549033767553,3.536091411101731,96.40880508278825
3,breastw,iforest,empirical_weighted,107,128,107,128,122,6,0.047,0.0,0.0,1.0,estimated,177,95,267,144,0.6,0.6,0.07767141015713332,0.4313281849256852,0.7,0.599250936329588,128,107,160,96,1.4408826140403421,0.4834598222558625,0.7584834934527547,2.333333333333333,96.17280728001643,1.7578449937637295,0.5056959618739436,0.7584834934527547,2.333333333333333,118.21646533267521,0.913348068808071,0.41194142356304864,0.5336549033767553,2.744650630881483,44.87203323859131,1.4814115784721997,0.8480089018151715,0.5336549033767553,3.536091411101731,96.40880508278825
4,breastw,iforest,empirical_randomized_weighted,118,128,118,128,122,6,0.047,0.0,0.0,1.0,estimated,177,95,267,144,0.6,0.5999999999999999,0.0793040214530177,0.4076251885895235,0.7,0.5580524344569289,128,118,149,106,1.5021823413517188,0.49885940322487066,0.6881203939427233,2.333333333333333,106.27915035902367,1.708787233058053,0.5277344690058057,0.6881203939427233,2.333333333333333,116.85448064241587,0.9049675895102836,0.3277475775199733,0.5348797895439935,2.0445960691337715,52.15868533982048,1.4398304112406564,0.8696458288944572,0.5348797895439935,3.7949014292840664,93.78621273603166
4,breastw,iforest,empirical_weighted,118,128,118,128,122,6,0.047,0.0,0.0,1.0,estimated,177,95,267,144,0.6,0.5999999999999999,0.0793040214530177,0.4076251885895235,0.7,0.5580524344569289,128,118,149,106,1.5021823413517188,0.49885940322487066,0.6881203939427233,2.333333333333333,106.27915035902367,1.708787233058053,0.5277344690058057,0.6881203939427233,2.333333333333333,116.85448064241587,0.9049675895102836,0.3277475775199733,0.5348797895439935,2.0445960691337715,52.15868533982048,1.4398304112406564,0.8696458288944572,0.5348797895439935,3.7949014292840664,93.78621273603166
5,breastw,iforest,empirical_randomized_weighted,97,140,97,140,133,7,0.05,0.0,0.0,1.0,estimated,177,95,267,144,0.6,0.5999999999999999,0.07156393631376144,0.446781147394378,0.7,0.6367041198501873,140,97,170,109,1.543873199988192,0.4671835214581501,0.8738908227320161,2.333333333333333,88.86285530437843,1.6692547854995927,0.5033942161083694,0.8076028958342076,2.333333333333333,128.329297475575,0.8827396823148117,0.35539897227294825,0.6145893638502048,2.4058716511291554,42.165262446658424,1.9096306541099564,2.0488031333449706,0.6145893638502048,8.129655101792638,65.08389096139364
5,breastw,iforest,empirical_weighted,97,140,97,140,133,7,0.05,0.0,0.0,1.0,estimated,177,95,267,144,0.6,0.5999999999999999,0.07156393631376144,0.446781147394378,0.7,0.6367041198501873,140,97,170,109,1.543873199988192,0.4671835214581501,0.8738908227320161,2.333333333333333,88.86285530437843,1.6692547854995927,0.5033942161083694,0.8076028958342076,2.333333333333333,128.329297475575,0.8827396823148117,0.35539897227294825,0.6145893638502048,2.4058716511291554,42.165262446658424,1.9096306541099564,2.0488031333449706,0.6145893638502048,8.129655101792638,65.08389096139364
6,breastw,iforest,empirical_randomized_weighted,114,126,114,126,120,6,0.048,0.0,0.0,1.0,estimated,177,95,267,144,0.6,0.5999999999999999,0.07406236811260168,0.43778815200443694,0.7,0.5730337078651685,126,114,153,100,1.56401698983239,0.5019095699673121,0.7786889471740408,2.333333333333333,103.35602560989467,1.6605406730495667,0.5058782318431105,0.8865090659352555,2.333333333333333,115.29913245997929,0.9880644178874087,0.22079286898003814,0.6939501495496845,1.4320344682729786,54.2891076673401,1.1712469390258549,0.3639917261332622,0.6939501495496845,2.078672583219643,114.90272346312167
6,breastw,iforest,empirical_weighted,114,126,114,126,120,6,0.048,0.0,0.0,1.0,estimated,177,95,267,144,0.6,0.5999999999999999,0.07406236811260168,0.43778815200443694,0.7,0.5730337078651685,126,114,153,100,1.56401698983239,0.5019095699673121,0.7786889471740408,2.333333333333333,103.35602560989467,1.6605406730495667,0.5058782318431105,0.8865090659352555,2.333333333333333,115.29913245997929,0.9880644178874087,0.22079286898003814,0.6939501495496845,1.4320344682729786,54.2891076673401,1.1712469390258549,0.3639917261332622,0.6939501495496845,2.078672583219643,114.90272346312167
7,breastw,iforest,empirical_randomized_weighted,110,127,110,127,121,6,0.047,0.0,0.0,1.0,estimated,177,95,267,144,0.6,0.6,0.0716561502207124,0.43593063190613807,0.7,0.5880149812734082,127,110,157,97,1.5410176154953152,0.45311541061033855,0.7728315993815827,2.333333333333333,101.24648622785578,1.6863284274503545,0.5274538720877607,0.7728315993815827,2.333333333333333,115.68245704408994,0.8984668015853207,0.39704761047416465,0.49986393790760897,2.7506078128675235,46.01391901781674,1.4566372006881216,0.7698893933569446,0.49986393790760897,3.306322011900789,99.26890043472373
7,breastw,iforest,empirical_weighted,110,127,110,127,121,6,0.047,0.0,0.0,1.0,estimated,177,95,267,144,0.6,0.6,0.0716561502207124,0.43593063190613807,0.7,0.5880149812734082,127,110,157,97,1.5410176154953152,0.45311541061033855,0.7728315993815827,2.333333333333333,101.24648622785578,1.6863284274503545,0.5274538720877607,0.7728315993815827,2.333333333333333,115.68245704408994,0.8984668015853207,0.39704761047416465,0.49986393790760897,2.7506078128675235,46.01391901781674,1.4566372006881216,0.7698893933569446,0.49986393790760897,3.306322011900789,99.26890043472373
8,breastw,iforest,empirical_randomized_weighted,107,136,107,136,129,7,0.051,0.0,0.0,1.0,estimated,177,95,267,144,0.6,0.5999999999999998,0.07521992565148787,0.4346613556900354,0.7,0.599250936329588,136,107,160,113,1.484993776856502,0.4837183800369643,0.7688513072029067,2.333333333333333,96.73584200697064,1.6942582927211447,0.49233426934017044,0.7688513072029067,2.333333333333333,125.41006520313658,0.8915152540269865,0.23337818277167466,0.616886438416331,1.4715384765562698,50.536851368247994,1.5209580421331959,1.157851272952747,0.616886438416331,5.025865283865925,86.10191354331074
8,breastw,iforest,empirical_weighted,107,136,107,136,129,7,0.051,0.0,0.0,1.0,estimated,177,95,267,144,0.6,0.5999999999999998,0.07521992565148787,0.4346613556900354,0.7,0.599250936329588,136,107,160,113,1.484993776856502,0.4837183800369643,0.7688513072029067,2.333333333333333,96.73584200697064,1.6942582927211447,0.49233426934017044,0.7688513072029067,2.333333333333333,125.41006520313658,0.8915152540269865,0.23337818277167466,0.616886438416331,1.4715384765562698,50.536851368247994,1.5209580421331959,1.157851272952747,0.616886438416331,5.025865283865925,86.10191354331074
9,breastw,iforest,empirical_randomized_weighted,115,125,115,125,119,6,0.048,0.0,0.0,1.0,estimated,177,95,267,144,0.6,0.5999999999999999,0.07364256314280174,0.42990758620556224,0.7,0.5692883895131086,125,115,152,98,1.521889180085941,0.47177605386484484,0.7541015733645196,2.333333333333333,104.91780857433145,1.7163133912712416,0.5099125223535328,0.7541015733645196,2.333333333333333,114.86152250526305,0.9318823989120844,0.3489132785407231,0.5570806295914817,2.4847481638497237,50.86877619105302,1.3261124109577627,0.5750580951693133,0.5570806295914817,2.4847481638497237,105.21483248034787
9,breastw,iforest,empirical_weighted,115,125,115,125,119,6,0.048,0.0,0.0,1.0,estimated,177,95,267,144,0.6,0.5999999999999999,0.07364256314280174,0.42990758620556224,0.7,0.5692883895131086,125,115,152,98,1.521889180085941,0.47177605386484484,0.7541015733645196,2.333333333333333,104.91780857433145,1.7163133912712416,0.5099125223535328,0.7541015733645196,2.333333333333333,114.86152250526305,0.9318823989120844,0.3489132785407231,0.5570806295914817,2.4847481638497237,50.86877619105302,1.3261124109577627,0.5750580951693133,0.5570806295914817,2.4847481638497237,105.21483248034787
10,breastw,iforest,empirical_randomized_weighted,103,130,103,130,124,6,0.046,0.0,0.0,1.0,estimated,177,95,267,144,0.6,0.5999999999999999,0.07756008715940305,0.4199932350795802,0.7,0.6142322097378277,130,103,164,95,1.4527597904711798,0.4875652930732192,0.724117821517488,2.333333333333333,92.57293722792794,1.6886754706368614,0.526245348326429,0.7802546091565138,2.333333333333333,118.49264420866507,0.9558912756432705,0.5793058163089463,0.6036233286362339,3.996353216909701,38.03167725701324,1.5207503897434795,0.9986741430451803,0.6036233286362339,3.996353216909701,90.82952857555368
10,breastw,iforest,empirical_weighted,103,130,103,130,124,6,0.046,0.0,0.0,1.0,estimated,177,95,267,144,0.6,0.5999999999999999,0.07756008715940305,0.4199932350795802,0.7,0.6142322097378277,130,103,164,95,1.4527597904711798,0.4875652930732192,0.724117821517488,2.333333333333333,92.57293722792794,1.6886754706368614,0.526245348326429,0.7802546091565138,2.333333333333333,118.49264420866507,0.9558912756432705,0.5793058163089463,0.6036233286362339,3.996353216909701,38.03167725701324,1.5207503897434795,0.9986741430451803,0.6036233286362339,3.996353216909701,90.82952857555368
11,breastw,iforest,empirical_randomized_weighted,98,134,98,134,127,7,0.052,0.0,0.0,1.0,estimated,177,95,267,144,0.6,0.6,0.07577525771907785,0.42235878037139885,0.7,0.6329588014981273,134,98,169,99,1.4892483666244267,0.49227828851790695,0.731178395895912,2.333333333333333,88.34666737747064,1.6995206554936846,0.5142231524490343,0.731178395895912,2.333333333333333,122.7614005498379,0.8860897635092253,0.31513208762905426,0.5003024064072976,1.9065373560186964,43.498241599233225,1.6587750223891284,1.4655890618834568,0.5003024064072976,6.104576858799444,75.25394349080398
11,breastw,iforest,empirical_weighted,98,134,98,134,127,7,0.052,0.0,0.0,1.0,estimated,177,95,267,144,0.6,0.6,0.07577525771907785,0.42235878037139885,0.7,0.6329588014981273,134,98,169,99,1.4892483666244267,0.49227828851790695,0.731178395895912,2.333333333333333,88.34666737747064,1.6995206554936846,0.5142231524490343,0.731178395895912,2.333333333333333,122.7614005498379,0.8860897635092253,0.31513208762905426,0.5003024064072976,1.9065373560186964,43.498241599233225,1.6587750223891284,1.4655890618834568,0.5003024064072976,6.104576858799444,75.25394349080398
12,breastw,iforest,empirical_randomized_weighted,112,132,112,132,125,7,0.053,0.0,0.286,1.0,estimated,177,95,267,144,0.6,0.5999999999999999,0.07998787102746648,0.4233536067889137,0.7,0.5805243445692884,132,112,155,108,1.4902258185806205,0.5004634426598935,0.7341650130358858,2.333333333333333,100.64862672779515,1.709250737223043,0.5406634106132889,0.7341650130358858,2.333333333333333,119.9939095457913,0.9140617933154965,0.26895436661058153,0.6949656027280438,1.7110171656143924,51.53796140352449,1.4063199131416546,0.7227779234527081,0.6949656027280438,2.957997023235289,104.41844603119348
12,breastw,iforest,empirical_weighted,112,132,112,132,125,7,0.053,0.0,0.0,1.0,estimated,177,95,267,144,0.6,0.5999999999999999,0.07998787102746648,0.4233536067889137,0.7,0.5805243445692884,132,112,155,108,1.4902258185806205,0.5004634426598935,0.7341650130358858,2.333333333333333,100.64862672779515,1.709250737223043,0.5406634106132889,0.7341650130358858,2.333333333333333,119.9939095457913,0.9140617933154965,0.26895436661058153,0.6949656027280438,1.7110171656143924,51.53796140352449,1.4063199131416546,0.7227779234527081,0.6949656027280438,2.957997023235289,104.41844603119348
13,breastw,iforest,empirical_randomized_weighted,112,128,112,128,122,6,0.047,0.0,0.0,1.0,estimated,177,95,267,144,0.6,0.6,0.07999338579422544,0.4254474010718462,0.7,0.5805243445692884,128,112,155,102,1.5202133042770711,0.5315414920369481,0.740484686459572,2.333333333333333,99.7990989614146,1.7088378584438122,0.5095416961788046,0.9058061273576309,2.333333333333333,117.54858377103278,0.9745013378655337,0.2975125960524073,0.6679001653930298,2.6459378149021138,51.22545832401603,1.231840697944306,0.4905637160479377,0.6679001653930298,2.6459378149021138,110.47890966528568
13,breastw,iforest,empirical_weighted,112,128,112,128,122,6,0.047,0.0,0.0,1.0,estimated,177,95,267,144,0.6,0.6,0.07999338579422544,0.4254474010718462,0.7,0.5805243445692884,128,112,155,102,1.5202133042770711,0.5315414920369481,0.740484686459572,2.333333333333333,99.7990989614146,1.7088378584438122,0.5095416961788046,0.9058061273576309,2.333333333333333,117.54858377103278,0.9745013378655337,0.2975125960524073,0.6679001653930298,2.6459378149021138,51.22545832401603,1.231840697944306,0.4905637160479377,0.6679001653930298,2.6459378149021138,110.47890966528568
14,breastw,iforest,empirical_randomized_weighted,115,127,115,127,121,6,0.047,0.0,0.0,1.0,estimated,177,95,267,144,0.6,0.6,0.07365118802699681,0.4264798660098223,0.7,0.5692883895131086,127,115,152,102,1.5455683625429348,0.46809005460041503,0.743617949456551,2.333333333333333,105.3379913499979,1.6542619987408913,0.5136246934913191,0.8292198434883129,2.333333333333333,115.83349267612287,0.9567469907100694,0.1302849150826385,0.7883557114014252,1.3073235813567377,56.94405225308614,1.0726317542958328,0.13728448166571455,0.7883557114014252,1.3073235813567377,124.9531370677567
14,breastw,iforest,empirical_weighted,115,127,115,127,121,6,0.047,0.0,0.0,1.0,estimated,177,95,267,144,0.6,0.6,0.07365118802699681,0.4264798660098223,0.7,0.5692883895131086,127,115,152,102,1.5455683625429348,0.46809005460041503,0.743617949456551,2.333333333333333,105.3379913499979,1.6542619987408913,0.5136246934913191,0.8292198434883129,2.333333333333333,115.83349267612287,0.9567469907100694,0.1302849150826385,0.7883557114014252,1.3073235813567377,56.94405225308614,1.0726317542958328,0.13728448166571455,0.7883557114014252,1.3073235813567377,124.9531370677567
15,breastw,iforest,empirical_randomized_weighted,110,128,110,128,122,6,0.047,0.0,0.0,1.0,estimated,177,95,267,144,0.6,0.5999999999999998,0.07306423606404149,0.44148931541568487,0.7,0.5880149812734082,128,110,157,98,1.5449364480487893,0.4829407374687177,0.7904760420908936,2.333333333333333,100.20805272185916,1.6584277608194733,0.507521644919253,0.7904760420908936,2.333333333333333,117.03908204753178,1.0049772782243622,0.42382765808061884,0.5394026120193925,2.9416768955185995,46.69505120307779,1.3399345811009855,0.5795693478325541,0.5394026120193925,2.9416768955185995,107.82697418744759
15,breastw,iforest,empirical_weighted,110,128,110,128,122,6,0.047,0.0,0.0,1.0,estimated,177,95,267,144,0.6,0.5999999999999998,0.07306423606404149,0.44148931541568487,0.7,0.5880149812734082,128,110,157,98,1.5449364480487893,0.4829407374687177,0.7904760420908936,2.333333333333333,100.20805272185916,1.6584277608194733,0.507521644919253,0.7904760420908936,2.333333333333333,117.03908204753178,1.0049772782243622,0.42382765808061884,0.5394026120193925,2.9416768955185995,46.69505120307779,1.3399345811009855,0.5795693478325541,0.5394026120193925,2.9416768955185995,107.82697418744759
16,breastw,iforest,empirical_randomized_weighted,90,138,90,138,131,7,0.051,0.0,0.0,1.0,estimated,177,95,267,144,0.6,0.5999999999999999,0.07588470917718018,0.43254955555670754,0.7,0.6629213483146067,138,90,177,99,1.4790119312678567,0.47798719228755054,0.7622684232471932,2.333333333333333,81.48886581017474,1.658714470637168,0.5122290138705501,0.7622684232471932,2.333333333333333,125.98550141849996,0.9769259918408485,0.38674845631027366,0.7720365967449899,3.161406445822665,38.902990933757195,1.3485774501924999,0.731841416182564,0.7720365967449899,3.24756781372364,106.60504094511644
16,breastw,iforest,empirical_weighted,90,138,90,138,131,7,0.051,0.0,0.0,1.0,estimated,177,95,267,144,0.6,0.5999999999999999,0.07588470917718018,0.43254955555670754,0.7,0.6629213483146067,138,90,177,99,1.4790119312678567,0.47798719228755054,0.7622684232471932,2.333333333333333,81.48886581017474,1.658714470637168,0.5122290138705501,0.7622684232471932,2.333333333333333,125.98550141849996,0.9769259918408485,0.38674845631027366,0.7720365967449899,3.161406445822665,38.902990933757195,1.3485774501924999,0.731841416182564,0.7720365967449899,3.24756781372364,106.60504094511644
17,breastw,iforest,empirical_randomized_weighted,93,138,93,138,131,7,0.051,0.0,0.0,1.0,estimated,177,95,267,144,0.6,0.6,0.07189982642460238,0.4314865240284999,0.7,0.651685393258427,138,93,174,102,1.5022991303045425,0.4496418263810393,0.7589732561592447,2.333333333333333,85.35383583852459,1.640779416071557,0.5010136578138592,0.8657763673238538,2.333333333333333,126.23037552949145,1.0073035319857384,0.26416382567132896,0.7018796085169632,1.958997575998111,43.97560963194652,1.2330706642835485,0.3447281755357628,0.7018796085169632,1.9792261826082032,127.99599262687323
17,breastw,iforest,empirical_weighted,93,138,93,138,131,7,0.051,0.0,0.0,1.0,estimated,177,95,267,144,0.6,0.6,0.07189982642460238,0.4314865240284999,0.7,0.651685393258427,138,93,174,102,1.5022991303045425,0.4496418263810393,0.7589732561592447,2.333333333333333,85.35383583852459,1.640779416071557,0.5010136578138592,0.8657763673238538,2.333333333333333,126.23037552949145,1.0073035319857384,0.26416382567132896,0.7018796085169632,1.958997575998111,43.97560963194652,1.2330706642835485,0.3447281755357628,0.7018796085169632,1.9792261826082032,127.99599262687323
18,breastw,iforest,empirical_randomized_weighted,109,128,109,128,122,6,0.047,0.0,0.0,1.0,estimated,177,95,267,144,0.6,0.5999999999999999,0.07501918691913982,0.43810219354479124,0.7,0.5917602996254682,128,109,158,99,1.473460237001042,0.45244805172502034,0.7796830464753101,2.333333333333333,99.60806441995763,1.6928684476452074,0.5204294960622883,0.7796830464753101,2.333333333333333,116.94731855678211,0.9486920346861907,0.47262565895495723,0.5258797505273819,2.7930013916649323,44.06380833714543,1.369918910837046,0.6525843961269917,0.5258797505273819,2.7930013916649323,104.32579732715472
18,breastw,iforest,empirical_weighted,109,128,109,128,122,6,0.047,0.0,0.0,1.0,estimated,177,95,267,144,0.6,0.5999999999999999,0.07501918691913982,0.43810219354479124,0.7,0.5917602996254682,128,109,158,99,1.473460237001042,0.45244805172502034,0.7796830464753101,2.333333333333333,99.60806441995763,1.6928684476452074,0.5204294960622883,0.7796830464753101,2.333333333333333,116.94731855678211,0.9486920346861907,0.47262565895495723,0.5258797505273819,2.7930013916649323,44.06380833714543,1.369918910837046,0.6525843961269917,0.5258797505273819,2.7930013916649323,104.32579732715472
19,breastw,iforest,empirical_randomized_weighted,104,132,104,132,125,7,0.053,0.0,0.0,1.0,estimated,177,95,267,144,0.6,0.6,0.0736695024585032,0.422370994825072,0.7,0.6104868913857678,132,104,163,100,1.4876024810357473,0.4814255341252868,0.7312150031267249,2.333333333333333,94.14037540250266,1.6720397377708176,0.49092967294650797,0.817882526134425,2.333333333333333,121.52373478965947,0.9884151763005313,0.5320048104218381,0.4587362408125951,3.173148111561703,40.31937461521067,1.4471516603440697,0.6954219802250761,0.4587362408125951,3.173148111561703,107.23653073075526
19,breastw,iforest,empirical_weighted,104,132,104,132,125,7,0.053,0.0,0.0,1.0,estimated,177,95,267,144,0.6,0.6,0.0736695024585032,0.422370994825072,0.7,0.6104868913857678,132,104,163,100,1.4876024810357473,0.4814255341252868,0.7312150031267249,2.333333333333333,94.14037540250266,1.6720397377708176,0.49092967294650797,0.817882526134425,2.333333333333333,121.52373478965947,0.9884151763005313,0.5320048104218381,0.4587362408125951,3.173148111561703,40.31937461521067,1.4471516603440697,0.6954219802250761,0.4587362408125951,3.173148111561703,107.23653073075526
20,breastw,iforest,empirical_randomized_weighted,102,132,102,132,125,7,0.053,0.0,0.0,1.0,estimated,177,95,267,144,0.6,0.5999999999999999,0.07384125477461348,0.42928953374462664,0.7,0.6179775280898876,132,102,165,98,1.5555503459594004,0.48118820386413313,0.8606184470629159,2.333333333333333,93.09211319193338,1.6560859748759493,0.5214227338697001,0.752201964266298,2.333333333333333,120.09475825409775,0.9692032693766098,0.2721035436704001,0.6899056465180524,1.8975884787933324,47.27385561850899,1.2855848793926024,0.6019492501478831,0.6899056465180524,2.817153920664395,108.2642340129236
20,breastw,iforest,empirical_weighted,102,132,102,132,125,7,0.053,0.0,0.0,1.0,estimated,177,95,267,144,0.6,0.5999999999999999,0.07384125477461348,0.42928953374462664,0.7,0.6179775280898876,132,102,165,98,1.5555503459594004,0.48118820386413313,0.8606184470629159,2.333333333333333,93.09211319193338,1.6560859748759493,0.5214227338697001,0.752201964266298,2.333333333333333,120.09475825409775,0.9692032693766098,0.2721035436704001,0.6899056465180524,1.8975884787933324,47.27385561850899,1.2855848793926024,0.6019492501478831,0.6899056465180524,2.817153920664395,108.2642340129236
21,breastw,iforest,empirical_randomized_weighted,107,130,107,130,124,6,0.046,0.0,0.0,1.0,estimated,177,95,267,144,0.6,0.5999999999999999,0.07411402028108029,0.42906352260712816,0.7,0.599250936329588,130,107,160,99,1.4557303951534615,0.44572197186250884,0.7515083369106258,2.333333333333333,97.82866970754469,1.7041387269656345,0.511879794706757,0.8315236347079515,2.333333333333333,119.24145935906762,0.8784582194594978,0.2919612865097015,0.5305847916851487,1.8817360846061337,48.62845979977564,1.356566509596475,0.7166248085723173,0.5305847916851487,3.372536059544527,101.6369403709255
21,breastw,iforest,empirical_weighted,107,130,107,130,124,6,0.046,0.0,0.0,1.0,estimated,177,95,267,144,0.6,0.5999999999999999,0.07411402028108029,0.42906352260712816,0.7,0.599250936329588,130,107,160,99,1.4557303951534615,0.44572197186250884,0.7515083369106258,2.333333333333333,97.82866970754469,1.7041387269656345,0.511879794706757,0.8315236347079515,2.333333333333333,119.24145935906762,0.8784582194594978,0.2919612865097015,0.5305847916851487,1.8817360846061337,48.62845979977564,1.356566509596475,0.7166248085723173,0.5305847916851487,3.372536059544527,101.6369403709255
22,breastw,iforest,empirical_randomized_weighted,109,128,109,128,122,6,0.047,0.0,0.0,1.0,estimated,177,95,267,144,0.6,0.6,0.07430960829193363,0.4439957844192253,0.7,0.5917602996254682,128,109,158,99,1.4122008613384003,0.4527091550840395,0.7985475145281932,2.333333333333333,98.84244695991241,1.7835121323528353,0.48617097749592186,0.9710638144776351,2.333333333333333,119.14664761538045,0.8168373411111821,0.39717240143268256,0.41147485119404775,2.3672911439152586,44.48321241094967,2.3159639069397047,2.8213889840124926,0.41147485119404775,10.924729903131409,51.527773419059486
22,breastw,iforest,empirical_weighted,109,128,109,128,122,6,0.047,0.0,0.0,1.0,estimated,177,95,267,144,0.6,0.6,0.07430960829193363,0.4439957844192253,0.7,0.5917602996254682,128,109,158,99,1.4122008613384003,0.4527091550840395,0.7985475145281932,2.333333333333333,98.84244695991241,1.7835121323528353,0.48617097749592186,0.9710638144776351,2.333333333333333,119.14664761538045,0.8168373411111821,0.39717240143268256,0.41147485119404775,2.3672911439152586,44.48321241094967,2.3159639069397047,2.8213889840124926,0.41147485119404775,10.924729903131409,51.527773419059486
23,breastw,hbos,empirical_randomized_weighted,113,124,113,124,118,6,0.048,0.0,0.0,1.0,estimated,177,95,267,144,0.6,0.5999999999999999,0.07159719315116701,0.45074415148496,0.7,0.5767790262172284,124,113,154,93,1.5060020910923926,0.4519140862321488,0.8206451559934868,2.333333333333333,103.66542518875733,1.6660299059275985,0.5167198534253262,0.8206451559934868,2.333333333333333,113.11873811951767,0.9191177602273755,0.5359523355091164,0.48618956123343543,3.7546338218955313,42.536540467657794,1.7560420256955005,1.350647446438928,0.48618956123343543,5.163984910796045,77.90995403168685
23,breastw,hbos,empirical_weighted,113,124,113,124,118,6,0.048,0.0,0.0,1.0,estimated,177,95,267,144,0.6,0.5999999999999999,0.07159719315116701,0.45074415148496,0.7,0.5767790262172284,124,113,154,93,1.5060020910923926,0.4519140862321488,0.8206451559934868,2.333333333333333,103.66542518875733,1.6660299059275985,0.5167198534253262,0.8206451559934868,2.333333333333333,113.11873811951767,0.9191177602273755,0.5359523355091164,0.48618956123343543,3.7546338218955313,42.536540467657794,1.7560420256955005,1.350647446438928,0.48618956123343543,5.163984910796045,77.90995403168685
24,breastw,iforest,empirical_randomized_weighted,106,132,106,132,125,7,0.053,0.0,0.0,1.0,estimated,177,95,267,144,0.6,0.5999999999999999,0.07749373489076912,0.41450961463695357,0.7,0.602996254681648,132,106,161,102,1.4662443613505627,0.4699861463382826,0.7079699769620087,2.333333333333333,96.12383179623232,1.695183187736259,0.535753503796294,0.7903028092598471,2.333333333333333,120.0126347770992,0.9354315122998789,0.47732735663353504,0.7207866187307758,3.9230277942823033,42.05078935057649,1.4702932587251678,1.0171221101509473,0.7207866187307758,3.9230277942823033,89.2759284555233
24,breastw,iforest,empirical_weighted,106,132,106,132,125,7,0.053,0.0,0.0,1.0,estimated,177,95,267,144,0.6,0.5999999999999999,0.07749373489076912,0.41450961463695357,0.7,0.602996254681648,132,106,161,102,1.4662443613505627,0.4699861463382826,0.7079699769620087,2.333333333333333,96.12383179623232,1.695183187736259,0.535753503796294,0.7903028092598471,2.333333333333333,120.0126347770992,0.9354315122998789,0.47732735663353504,0.7207866187307758,3.9230277942823033,42.05078935057649,1.4702932587251678,1.0171221101509473,0.7207866187307758,3.9230277942823033,89.2759284555233
25,breastw,iforest,empirical_randomized_weighted,104,134,104,134,127,7,0.052,1.0,0.0,1.0,estimated,177,95,267,144,0.6,0.6,0.07563187896068702,0.42745558689115715,0.7,0.6104868913857678,134,104,163,105,1.4761802678329445,0.4669397079202934,0.7465893948211424,2.333333333333333,94.54064778052577,1.716829073330634,0.5080037680580821,0.7465893948211424,2.333333333333333,123.2121868719552,0.8178451855468254,0.3139059233200077,0.5755400375102828,2.1381540627276125,45.32307917818142,1.9649260656032597,2.0596602492832057,0.5755400375102828,7.7500330569289755,63.84753914119459
25,breastw,iforest,empirical_weighted,104,134,104,134,127,7,0.052,0.0,0.0,1.0,estimated,177,95,267,144,0.6,0.6,0.07563187896068702,0.42745558689115715,0.7,0.6104868913857678,134,104,163,105,1.4761802678329445,0.4669397079202934,0.7465893948211424,2.333333333333333,94.54064778052577,1.716829073330634,0.5080037680580821,0.7465893948211424,2.333333333333333,123.2121868719552,0.8178451855468254,0.3139059233200077,0.5755400375102828,2.1381540627276125,45.32307917818142,1.9649260656032597,2.0596602492832057,0.5755400375102828,7.7500330569289755,63.84753914119459
1,breastw,iforest,empirical_randomized_weighted,99,132,99,132,125,7,0.053,0.0,0.0,4.0,estimated,177,95,267,144,0.6,0.6,0.1388179610649599,0.3,0.7,0.6292134831460674,132,99,168,95,1.4693654370129063,0.8060805839005026,0.4285714285714286,2.333333333333333,76.09811700928101,1.94722869881658,0.6088858966749705,0.4285714285714286,2.333333333333333,120.24297062466817,0.8956297880843198,0.3418341221016669,0.49597084086497767,2.1515765983696844,43.642538115773995,1.4762496118243145,1.0586947613157278,0.5427830664508646,4.469699391059238,87.16862011219045
1,breastw,iforest,empirical_weighted,99,132,99,132,125,7,0.053,0.0,0.0,4.0,estimated,177,95,267,144,0.6,0.6,0.1388179610649599,0.3,0.7,0.6292134831460674,132,99,168,95,1.4693654370129063,0.8060805839005026,0.4285714285714286,2.333333333333333,76.09811700928101,1.94722869881658,0.6088858966749705,0.4285714285714286,2.333333333333333,120.24297062466817,0.8956297880843198,0.3418341221016669,0.49597084086497767,2.1515765983696844,43.642538115773995,1.4762496118243145,1.0586947613157278,0.5427830664508646,4.469699391059238,87.16862011219045
2,breastw,iforest,empirical_randomized_weighted,105,136,105,136,129,7,0.051,0.0,0.0,4.0,estimated,177,95,267,144,0.6,0.5999999999999998,0.13102327171431338,0.3,0.7,0.6067415730337079,136,105,162,109,1.4579984922371396,0.7376374612133708,0.4285714285714286,2.333333333333333,83.60140122629898,1.9207549355624147,0.6326522052204646,0.4285714285714286,2.333333333333333,122.68952312717123,0.9071689579897232,0.4401227463663028,0.5473375145819077,2.4553230398039037,42.901747055901076,1.5826724413501958,0.8325171320515482,0.5473375145819077,3.096647276031789,106.52489327328699
2,breastw,iforest,empirical_weighted,105,136,105,136,129,7,0.051,0.0,0.0,4.0,estimated,177,95,267,144,0.6,0.5999999999999998,0.13102327171431338,0.3,0.7,0.6067415730337079,136,105,162,109,1.4579984922371396,0.7376374612133708,0.4285714285714286,2.333333333333333,83.60140122629898,1.9207549355624147,0.6326522052204646,0.4285714285714286,2.333333333333333,122.68952312717123,0.9071689579897232,0.4401227463663028,0.5473375145819077,2.4553230398039037,42.901747055901076,1.5826724413501958,0.8325171320515482,0.5473375145819077,3.096647276031789,106.52489327328699
3,breastw,iforest,empirical_randomized_weighted,105,129,105,129,123,6,0.047,1.0,0.0,4.0,estimated,177,95,267,144,0.6,0.6,0.13976609846275206,0.3,0.7,0.6067415730337079,129,105,162,96,1.4078951250700515,0.782902073737331,0.4285714285714286,2.333333333333333,80.20013242121576,2.0088385260749164,0.5800115117216457,0.4285714285714286,2.333333333333333,119.07345482334738,0.8174112359736364,0.3919908833431095,0.44316543983224194,1.9346160936910712,43.0904903832881,2.0059659898547357,1.5693210845514394,0.44316543983224194,5.60658707309534,80.02306033726047
3,breastw,iforest,empirical_weighted,105,129,105,129,123,6,0.047,0.0,0.0,4.0,estimated,177,95,267,144,0.6,0.6,0.13976609846275206,0.3,0.7,0.6067415730337079,129,105,162,96,1.4078951250700515,0.782902073737331,0.4285714285714286,2.333333333333333,80.20013242121576,2.0088385260749164,0.5800115117216457,0.4285714285714286,2.333333333333333,119.07345482334738,0.8174112359736364,0.3919908833431095,0.44316543983224194,1.9346160936910712,43.0904903832881,2.0059659898547357,1.5693210845514394,0.44316543983224194,5.60658707309534,80.02306033726047
4,breastw,iforest,empirical_randomized_weighted,118,128,118,128,122,6,0.047,0.0,0.0,4.0,estimated,177,95,267,144,0.6,0.5999999999999999,0.13837489447932436,0.3,0.7,0.5580524344569289,128,118,149,106,1.5018789034842464,0.7932763754347528,0.4285714285714286,2.333333333333333,92.26073608455226,1.9356239520684697,0.6043997666662528,0.4285714285714286,2.333333333333333,116.6286542340235,0.8604512928603657,0.46138597203458953,0.380198119129148,2.18062064398008,45.82433932544154,1.9158690686109323,1.5880703269317544,0.380198119129148,6.581905997450785,75.87069942176689
4,breastw,iforest,empirical_weighted,118,128,118,128,122,6,0.047,0.0,0.0,4.0,estimated,177,95,267,144,0.6,0.5999999999999999,0.13837489447932436,0.3,0.7,0.5580524344569289,128,118,149,106,1.5018789034842464,0.7932763754347528,0.4285714285714286,2.333333333333333,92.26073608455226,1.9356239520684697,0.6043997666662528,0.4285714285714286,2.333333333333333,116.6286542340235,0.8604512928603657,0.46138597203458953,0.380198119129148,2.18062064398008,45.82433932544154,1.9158690686109323,1.5880703269317544,0.380198119129148,6.581905997450785,75.87069942176689
5,breastw,iforest,empirical_randomized_weighted,105,136,105,136,129,7,0.051,0.0,0.143,4.0,estimated,177,95,267,144,0.6,0.6,0.13375469516310348,0.3,0.7,0.6067415730337079,136,105,162,109,1.5045948589775304,0.784667082134746,0.4285714285714286,2.333333333333333,82.54868107823917,1.9297435799071034,0.6096884075704532,0.4285714285714286,2.333333333333333,123.65662160786394,0.9020672949214192,0.4191197577540314,0.5049529099908018,2.3266401111598887,43.59007770497252,1.538687210853835,0.9956300073698167,0.5049529099908018,4.171252572920478,95.86291048464403
5,breastw,iforest,empirical_weighted,105,136,105,136,129,7,0.051,0.0,0.0,4.0,estimated,177,95,267,144,0.6,0.6,0.13375469516310348,0.3,0.7,0.6067415730337079,136,105,162,109,1.5045948589775304,0.784667082134746,0.4285714285714286,2.333333333333333,82.54868107823917,1.9297435799071034,0.6096884075704532,0.4285714285714286,2.333333333333333,123.65662160786394,0.9020672949214192,0.4191197577540314,0.5049529099908018,2.3266401111598887,43.59007770497252,1.538687210853835,0.9956300073698167,0.5049529099908018,4.171252572920478,95.86291048464403
6,breastw,iforest,empirical_randomized_weighted,119,124,119,124,118,6,0.048,0.0,0.0,4.0,estimated,177,95,267,144,0.6,0.5999999999999998,0.13157291666592286,0.3,0.7,0.5543071161048689,124,119,148,100,1.6004020893163142,0.7512818681613643,0.4285714285714286,2.333333333333333,97.51160817118385,1.8859324374522857,0.6449126943126086,0.4706890389967471,2.333333333333333,111.01796293505147,0.9356541689145482,0.34156105917894153,0.5810421666135381,1.852020476276916,52.94451369968262,1.2416751567099829,0.47507374533768143,0.5810421666135381,2.2604644789515813,108.1658026440518
6,breastw,iforest,empirical_weighted,119,124,119,124,118,6,0.048,0.0,0.0,4.0,estimated,177,95,267,144,0.6,0.5999999999999998,0.13157291666592286,0.3,0.7,0.5543071161048689,124,119,148,100,1.6004020893163142,0.7512818681613643,0.4285714285714286,2.333333333333333,97.51160817118385,1.8859324374522857,0.6449126943126086,0.4706890389967471,2.333333333333333,111.01796293505147,0.9356541689145482,0.34156105917894153,0.5810421666135381,1.852020476276916,52.94451369968262,1.2416751567099829,0.47507374533768143,0.5810421666135381,2.2604644789515813,108.1658026440518
7,breastw,iforest,empirical_randomized_weighted,103,130,103,130,124,6,0.046,0.0,0.0,4.0,estimated,177,95,267,144,0.6,0.6,0.12996477385267932,0.3,0.7,0.6142322097378277,130,103,164,97,1.5536253073975739,0.7516979410186743,0.4285714285714286,2.333333333333333,83.4618968468539,1.8842054104676025,0.6330974556023564,0.4285714285714286,2.333333333333333,116.81218651263413,0.9291840868867391,0.41223818906321164,0.5549785017901502,2.3678018825389957,43.44808203812545,1.4355505703184508,0.7488022179157854,0.5549785017901502,3.043462542224693,102.19479864675058
7,breastw,iforest,empirical_weighted,103,130,103,130,124,6,0.046,0.0,0.0,4.0,estimated,177,95,267,144,0.6,0.6,0.12996477385267932,0.3,0.7,0.6142322097378277,130,103,164,97,1.5536253073975739,0.7516979410186743,0.4285714285714286,2.333333333333333,83.4618968468539,1.8842054104676025,0.6330974556023564,0.4285714285714286,2.333333333333333,116.81218651263413,0.9291840868867391,0.41223818906321164,0.5549785017901502,2.3678018825389957,43.44808203812545,1.4355505703184508,0.7488022179157854,0.5549785017901502,3.043462542224693,102.19479864675058
8,breastw,iforest,empirical_randomized_weighted,109,136,109,136,129,7,0.051,0.0,0.0,4.0,estimated,177,95,267,144,0.6,0.6,0.13943023516478018,0.3,0.7,0.5917602996254682,136,109,158,113,1.4520906007331824,0.7979975859569397,0.4285714285714286,2.333333333333333,83.71696517361433,2.0030152263980217,0.569136440155277,0.4285714285714286,2.333333333333333,125.84023190820223,0.9689472877574669,0.6015122576989193,0.36776949621444266,3.0466254243087834,39.700311840258216,1.5028821279936528,0.72471131656894,0.36776949621444266,3.0466254243087834,110.3420816391941
8,breastw,iforest,empirical_weighted,109,136,109,136,129,7,0.051,0.0,0.0,4.0,estimated,177,95,267,144,0.6,0.6,0.13943023516478018,0.3,0.7,0.5917602996254682,136,109,158,113,1.4520906007331824,0.7979975859569397,0.4285714285714286,2.333333333333333,83.71696517361433,2.0030152263980217,0.569136440155277,0.4285714285714286,2.333333333333333,125.84023190820223,0.9689472877574669,0.6015122576989193,0.36776949621444266,3.0466254243087834,39.700311840258216,1.5028821279936528,0.72471131656894,0.36776949621444266,3.0466254243087834,110.3420816391941
9,breastw,iforest,empirical_randomized_weighted,115,125,115,125,119,6,0.048,0.0,0.0,4.0,estimated,177,95,267,144,0.6,0.6,0.13563794688991776,0.3,0.7,0.5692883895131086,125,115,152,98,1.5338134876035359,0.7741717801865993,0.4285714285714286,2.333333333333333,91.6510646587266,1.9561959819906776,0.5787867686727093,0.4285714285714286,2.333333333333333,114.93817497452926,0.8731447748526896,0.5204948668868006,0.4614807813604061,3.397651905620196,42.79326943664106,1.7165133367694398,1.1759258306970077,0.4614807813604061,4.7130642562958505,85.07359036999482
9,breastw,iforest,empirical_weighted,115,125,115,125,119,6,0.048,0.0,0.0,4.0,estimated,177,95,267,144,0.6,0.6,0.13563794688991776,0.3,0.7,0.5692883895131086,125,115,152,98,1.5338134876035359,0.7741717801865993,0.4285714285714286,2.333333333333333,91.6510646587266,1.9561959819906776,0.5787867686727093,0.4285714285714286,2.333333333333333,114.93817497452926,0.8731447748526896,0.5204948668868006,0.4614807813604061,3.397651905620196,42.79326943664106,1.7165133367694398,1.1759258306970077,0.4614807813604061,4.7130642562958505,85.07359036999482
10,breastw,iforest,empirical_randomized_weighted,104,129,104,129,123,6,0.047,0.0,0.0,4.0,estimated,177,95,267,144,0.6,0.5999999999999999,0.1436300014139777,0.3,0.7,0.6104868913857678,129,104,163,95,1.454083304962822,0.805299471617162,0.4285714285714286,2.333333333333333,79.58883958203367,1.9337190755231255,0.639807189319053,0.4285714285714286,2.333333333333333,116.27130142163836,0.904387207756453,0.6192906687760726,0.5102468678982349,4.474731624771809,35.400639458879304,1.66606639816447,1.1619107825435815,0.5102468678982349,4.474731624771809,86.78900023060119
10,breastw,iforest,empirical_weighted,104,129,104,129,123,6,0.047,0.0,0.0,4.0,estimated,177,95,267,144,0.6,0.5999999999999999,0.1436300014139777,0.3,0.7,0.6104868913857678,129,104,163,95,1.454083304962822,0.805299471617162,0.4285714285714286,2.333333333333333,79.58883958203367,1.9337190755231255,0.639807189319053,0.4285714285714286,2.333333333333333,116.27130142163836,0.904387207756453,0.6192906687760726,0.5102468678982349,4.474731624771809,35.400639458879304,1.66606639816447,1.1619107825435815,0.5102468678982349,4.474731624771809,86.78900023060119
11,breastw,iforest,empirical_randomized_weighted,91,138,91,138,131,7,0.051,0.0,0.286,4.0,estimated,177,95,267,144,0.6,0.5999999999999998,0.1354629209768917,0.3,0.7,0.6591760299625468,138,91,176,99,1.4795215444002559,0.7704188470010532,0.4285714285714286,2.333333333333333,71.5886625807816,1.908848385073416,0.6511427572866594,0.4285714285714286,2.333333333333333,123.61586439217503,0.9082808682173824,0.3894999093536361,0.5728946592528419,2.17223014609789,38.8547349999253,1.4345698513520555,0.5470118225974041,0.5728946592528419,2.274882975779627,120.48243411206165
11,breastw,iforest,empirical_weighted,91,138,91,138,131,7,0.051,0.0,0.0,4.0,estimated,177,95,267,144,0.6,0.5999999999999998,0.1354629209768917,0.3,0.7,0.6591760299625468,138,91,176,99,1.4795215444002559,0.7704188470010532,0.4285714285714286,2.333333333333333,71.5886625807816,1.908848385073416,0.6511427572866594,0.4285714285714286,2.333333333333333,123.61586439217503,0.9082808682173824,0.3894999093536361,0.5728946592528419,2.17223014609789,38.8547349999253,1.4345698513520555,0.5470118225974041,0.5728946592528419,2.274882975779627,120.48243411206165
12,breastw,iforest,empirical_randomized_weighted,109,133,109,133,126,7,0.053,0.0,0.0,4.0,estimated,177,95,267,144,0.6,0.6,0.1394403139484356,0.3,0.7,0.5917602996254682,133,109,158,108,1.5259735910555088,0.7572547597029332,0.4285714285714286,2.333333333333333,87.46184003914897,1.906962336397972,0.670988586212044,0.4285714285714286,2.333333333333333,118.34769836839689,0.9025217318570646,0.31287248404683216,0.6618143158330057,2.226839935922995,49.099407102386174,1.4153111938790983,0.8300821254827971,0.6618143158330057,3.4383720940183142,98.95951149775203
12,breastw,iforest,empirical_weighted,109,133,109,133,126,7,0.053,0.0,0.0,4.0,estimated,177,95,267,144,0.6,0.6,0.1394403139484356,0.3,0.7,0.5917602996254682,133,109,158,108,1.5259735910555088,0.7572547597029332,0.4285714285714286,2.333333333333333,87.46184003914897,1.906962336397972,0.670988586212044,0.4285714285714286,2.333333333333333,118.34769836839689,0.9025217318570646,0.31287248404683216,0.6618143158330057,2.226839935922995,49.099407102386174,1.4153111938790983,0.8300821254827971,0.6618143158330057,3.4383720940183142,98.95951149775203
13,breastw,iforest,empirical_randomized_weighted,112,128,112,128,122,6,0.047,0.0,0.0,4.0,estimated,177,95,267,144,0.6,0.5999999999999999,0.14273751506106735,0.3,0.7,0.5805243445692884,128,112,155,102,1.478987028674539,0.808776722457335,0.4285714285714286,2.333333333333333,86.21754772651786,2.0061865544682007,0.5866175356518657,0.4285714285714286,2.333333333333333,117.91798154746908,0.9861332327228897,0.3787791068575337,0.6470139818814375,2.732003137219008,48.800170945718804,1.3245397445059965,0.5534621715591562,0.6470139818814375,2.732003137219008,108.97320567873439
13,breastw,iforest,empirical_weighted,112,128,112,128,122,6,0.047,0.0,0.0,4.0,estimated,177,95,267,144,0.6,0.5999999999999999,0.14273751506106735,0.3,0.7,0.5805243445692884,128,112,155,102,1.478987028674539,0.808776722457335,0.4285714285714286,2.333333333333333,86.21754772651786,2.0061865544682007,0.5866175356518657,0.4285714285714286,2.333333333333333,117.91798154746908,0.9861332327228897,0.3787791068575337,0.6470139818814375,2.732003137219008,48.800170945718804,1.3245397445059965,0.5534621715591562,0.6470139818814375,2.732003137219008,108.97320567873439
14,breastw,iforest,empirical_randomized_weighted,113,128,113,128,122,6,0.047,0.0,0.0,4.0,estimated,177,95,267,144,0.6,0.6,0.13612152023774785,0.3,0.7,0.5767790262172284,128,113,154,102,1.5932014529194045,0.7679430912979606,0.4285714285714286,2.333333333333333,91.69576413058326,1.8683665092714046,0.6655294625225953,0.4285714285714286,2.333333333333333,113.58745154807134,0.9198663188756847,0.32918464864794705,0.5756336059161021,1.6573409428523065,50.52901298818542,1.232914537869954,0.41574807321152857,0.5756336059161021,1.8993161839330288,114.9312872023365
14,breastw,iforest,empirical_weighted,113,128,113,128,122,6,0.047,0.0,0.0,4.0,estimated,177,95,267,144,0.6,0.6,0.13612152023774785,0.3,0.7,0.5767790262172284,128,113,154,102,1.5932014529194045,0.7679430912979606,0.4285714285714286,2.333333333333333,91.69576413058326,1.8683665092714046,0.6655294625225953,0.4285714285714286,2.333333333333333,113.58745154807134,0.9198663188756847,0.32918464864794705,0.5756336059161021,1.6573409428523065,50.52901298818542,1.232914537869954,0.41574807321152857,0.5756336059161021,1.8993161839330288,114.9312872023365
15,breastw,iforest,empirical_randomized_weighted,116,124,116,124,118,6,0.048,0.0,0.0,4.0,estimated,177,95,267,144,0.6,0.5999999999999998,0.13749590430895484,0.3,0.7,0.5655430711610487,124,116,151,98,1.5118918610784122,0.7821439775364275,0.4285714285714286,2.333333333333333,91.50947848714885,1.9313060632768446,0.6309765143873936,0.4285714285714286,2.333333333333333,112.04084345144554,0.8698803306950142,0.3176461787373687,0.5022634116361824,1.7436018052970657,51.17606144448752,1.7993271050233242,1.6508026032957048,0.5022634116361824,6.592297951774152,67.32819696829999
15,breastw,iforest,empirical_weighted,116,124,116,124,118,6,0.048,0.0,0.0,4.0,estimated,177,95,267,144,0.6,0.5999999999999998,0.13749590430895484,0.3,0.7,0.5655430711610487,124,116,151,98,1.5118918610784122,0.7821439775364275,0.4285714285714286,2.333333333333333,91.50947848714885,1.9313060632768446,0.6309765143873936,0.4285714285714286,2.333333333333333,112.04084345144554,0.8698803306950142,0.3176461787373687,0.5022634116361824,1.7436018052970657,51.17606144448752,1.7993271050233242,1.6508026032957048,0.5022634116361824,6.592297951774152,67.32819696829999
16,breastw,iforest,empirical_randomized_weighted,98,134,98,134,127,7,0.052,0.0,0.0,4.0,estimated,177,95,267,144,0.6,0.6,0.1357161011141887,0.3,0.7,0.6329588014981273,134,98,169,99,1.3686577103929767,0.7878047741185105,0.4285714285714286,2.333333333333333,73.61115844231942,1.9348437678558041,0.5983393998479551,0.4285714285714286,2.333333333333333,122.30383534675926,0.9580216700144993,0.6595261948353437,0.5127677289165505,4.731521932625678,33.24447418615163,1.6652952934432557,1.169421671635728,0.5127677289165505,4.791104204392275,89.74447563342143
16,breastw,iforest,empirical_weighted,98,134,98,134,127,7,0.052,0.0,0.0,4.0,estimated,177,95,267,144,0.6,0.6,0.1357161011141887,0.3,0.7,0.6329588014981273,134,98,169,99,1.3686577103929767,0.7878047741185105,0.4285714285714286,2.333333333333333,73.61115844231942,1.9348437678558041,0.5983393998479551,0.4285714285714286,2.333333333333333,122.30383534675926,0.9580216700144993,0.6595261948353437,0.5127677289165505,4.731521932625678,33.24447418615163,1.6652952934432557,1.169421671635728,0.5127677289165505,4.791104204392275,89.74447563342143
17,breastw,iforest,empirical_randomized_weighted,91,139,91,139,132,7,0.05,0.0,0.0,4.0,estimated,177,95,267,144,0.6,0.5999999999999999,0.13338038402355112,0.3,0.7,0.6591760299625468,139,91,176,102,1.4680043987132172,0.7684142514197071,0.4285714285714286,2.333333333333333,71.42908272876663,1.870830502368853,0.6246077738915945,0.4285714285714286,2.333333333333333,125.05995562146089,1.0025331112539426,0.5029964070167177,0.682657191415317,3.6250661164473352,36.749184467233995,1.4630573733757462,0.8314638499206028,0.682657191415317,3.697785306415577,105.06652136908934
17,breastw,iforest,empirical_weighted,91,139,91,139,132,7,0.05,0.0,0.0,4.0,estimated,177,95,267,144,0.6,0.5999999999999999,0.13338038402355112,0.3,0.7,0.6591760299625468,139,91,176,102,1.4680043987132172,0.7684142514197071,0.4285714285714286,2.333333333333333,71.42908272876663,1.870830502368853,0.6246077738915945,0.4285714285714286,2.333333333333333,125.05995562146089,1.0025331112539426,0.5029964070167177,0.682657191415317,3.6250661164473352,36.749184467233995,1.4630573733757462,0.8314638499206028,0.682657191415317,3.697785306415577,105.06652136908934
18,breastw,iforest,empirical_randomized_weighted,108,129,108,129,123,6,0.047,0.0,0.0,4.0,estimated,177,95,267,144,0.6,0.5999999999999999,0.13195623543824933,0.3,0.7,0.5955056179775281,129,108,159,99,1.533191559847819,0.7500833258355084,0.4285714285714286,2.333333333333333,87.14273460473675,1.8757953152108464,0.6539193709839558,0.4285714285714286,2.333333333333333,115.0216157241597,0.9267692011843804,0.5516345861748069,0.44778902132162635,3.1064190745401827,39.87327003264638,1.453231052856028,0.7614850313729181,0.44778902132162635,3.1064190745401827,101.2105883411654
18,breastw,iforest,empirical_weighted,108,129,108,129,123,6,0.047,0.0,0.0,4.0,estimated,177,95,267,144,0.6,0.5999999999999999,0.13195623543824933,0.3,0.7,0.5955056179775281,129,108,159,99,1.533191559847819,0.7500833258355084,0.4285714285714286,2.333333333333333,87.14273460473675,1.8757953152108464,0.6539193709839558,0.4285714285714286,2.333333333333333,115.0216157241597,0.9267692011843804,0.5516345861748069,0.44778902132162635,3.1064190745401827,39.87327003264638,1.453231052856028,0.7614850313729181,0.44778902132162635,3.1064190745401827,101.2105883411654
19,breastw,iforest,empirical_randomized_weighted,104,132,104,132,125,7,0.053,0.0,0.0,4.0,estimated,177,95,267,144,0.6,0.6,0.13205942639650017,0.3,0.7,0.6104868913857678,132,104,163,100,1.4422656011211314,0.7341351634297919,0.4285714285714286,2.333333333333333,82.5989106038355,1.9115327547144008,0.6122482564791676,0.4285714285714286,2.333333333333333,119.71846204354092,0.9787236836486788,0.46428606870643724,0.561863492549273,3.261520654443331,42.44774813017384,1.4017765665589912,0.7096189875349419,0.561863492549273,3.261520654443331,105.07319614419814
19,breastw,iforest,empirical_weighted,104,132,104,132,125,7,0.053,0.0,0.0,4.0,estimated,177,95,267,144,0.6,0.6,0.13205942639650017,0.3,0.7,0.6104868913857678,132,104,163,100,1.4422656011211314,0.7341351634297919,0.4285714285714286,2.333333333333333,82.5989106038355,1.9115327547144008,0.6122482564791676,0.4285714285714286,2.333333333333333,119.71846204354092,0.9787236836486788,0.46428606870643724,0.561863492549273,3.261520654443331,42.44774813017384,1.4017765665589912,0.7096189875349419,0.561863492549273,3.261520654443331,105.07319614419814
20,breastw,iforest,empirical_randomized_weighted,101,132,101,132,125,7,0.053,0.0,0.0,4.0,estimated,177,95,267,144,0.6,0.5999999999999999,0.13543181398806892,0.3,0.7,0.6217228464419475,132,101,166,98,1.594625225974095,0.7748564028411717,0.4285714285714286,2.333333333333333,81.70755010748702,1.8506816599089069,0.6630411705556001,0.4285714285714286,2.333333333333333,116.98431385884611,0.9572908273085456,0.2942679104583138,0.7507319723659336,2.3644483321461327,46.59693249822125,1.3364671638795658,0.7677876889894264,0.7507319723659336,3.311401894319488,99.24518515052033
20,breastw,iforest,empirical_weighted,101,132,101,132,125,7,0.053,0.0,0.0,4.0,estimated,177,95,267,144,0.6,0.5999999999999999,0.13543181398806892,0.3,0.7,0.6217228464419475,132,101,166,98,1.594625225974095,0.7748564028411717,0.4285714285714286,2.333333333333333,81.70755010748702,1.8506816599089069,0.6630411705556001,0.4285714285714286,2.333333333333333,116.98431385884611,0.9572908273085456,0.2942679104583138,0.7507319723659336,2.3644483321461327,46.59693249822125,1.3364671638795658,0.7677876889894264,0.7507319723659336,3.311401894319488,99.24518515052033
21,breastw,iforest,empirical_randomized_weighted,102,132,102,132,125,7,0.053,0.0,0.0,4.0,estimated,177,95,267,144,0.6,0.6,0.13195888609219117,0.3,0.7,0.6179775280898876,132,102,165,99,1.4846813879510092,0.755080462938959,0.4285714285714286,2.333333333333333,81.03892278183578,1.918068090481026,0.5947207345599316,0.4285714285714286,2.333333333333333,120.42271963274955,0.924697957879913,0.3339723009589464,0.48522229184152665,1.50082906372911,45.115052803654685,1.3025454839279411,0.4957483371320613,0.48522229184152665,2.6184492812633327,115.29833484209465
21,breastw,iforest,empirical_weighted,102,132,102,132,125,7,0.053,0.0,0.0,4.0,estimated,177,95,267,144,0.6,0.6,0.13195888609219117,0.3,0.7,0.6179775280898876,132,102,165,99,1.4846813879510092,0.755080462938959,0.4285714285714286,2.333333333333333,81.03892278183578,1.918068090481026,0.5947207345599316,0.4285714285714286,2.333333333333333,120.42271963274955,0.924697957879913,0.3339723009589464,0.48522229184152665,1.50082906372911,45.115052803654685,1.3025454839279411,0.4957483371320613,0.48522229184152665,2.6184492812633327,115.29833484209465
22,breastw,iforest,empirical_randomized_weighted,106,130,106,130,124,6,0.046,0.0,0.0,4.0,estimated,177,95,267,144,0.6,0.5999999999999999,0.13482862778923954,0.3,0.7,0.602996254681648,130,106,161,99,1.40917411895842,0.7694024200091707,0.4285714285714286,2.333333333333333,81.65712519473243,2.0143685156407782,0.5794015039810564,0.49428463081451396,2.333333333333333,120.06648011101109,0.7879559127453479,0.4542554445996409,0.41929810638293447,2.2342880220500967,39.77931984942529,2.4131249142554028,2.569386175868069,0.41929810638293447,9.687367840746813,60.92695268882323
22,breastw,iforest,empirical_weighted,106,130,106,130,124,6,0.046,0.0,0.0,4.0,estimated,177,95,267,144,0.6,0.5999999999999999,0.13482862778923954,0.3,0.7,0.602996254681648,130,106,161,99,1.40917411895842,0.7694024200091707,0.4285714285714286,2.333333333333333,81.65712519473243,2.0143685156407782,0.5794015039810564,0.49428463081451396,2.333333333333333,120.06648011101109,0.7879559127453479,0.4542554445996409,0.41929810638293447,2.2342880220500967,39.77931984942529,2.4131249142554028,2.569386175868069,0.41929810638293447,9.687367840746813,60.92695268882323
23,breastw,hbos,empirical_randomized_weighted,109,126,109,126,120,6,0.048,0.0,0.0,4.0,estimated,177,95,267,144,0.6,0.6,0.13189407134876355,0.3,0.7,0.5917602996254682,126,109,158,93,1.533419413129753,0.7579758434186397,0.4285714285714286,2.333333333333333,87.59686546216543,1.8839847512961472,0.641231268744516,0.4285714285714286,2.333333333333333,112.91898124047468,0.9389502036764531,0.593153860332865,0.4636571136798328,4.412954391829925,39.31181513508866,1.6086224803266673,1.0718441080313013,0.4636571136798328,4.412954391829925,87.2593467196105
23,breastw,hbos,empirical_weighted,109,126,109,126,120,6,0.048,0.0,0.0,4.0,estimated,177,95,267,144,0.6,0.6,0.13189407134876355,0.3,0.7,0.5917602996254682,126,109,158,93,1.533419413129753,0.7579758434186397,0.4285714285714286,2.333333333333333,87.59686546216543,1.8839847512961472,0.641231268744516,0.4285714285714286,2.333333333333333,112.91898124047468,0.9389502036764531,0.593153860332865,0.4636571136798328,4.412954391829925,39.31181513508866,1.6086224803266673,1.0718441080313013,0.4636571136798328,4.412954391829925,87.2593467196105
24,breastw,iforest,empirical_randomized_weighted,106,132,106,132,125,7,0.053,0.0,0.143,4.0,estimated,177,95,267,144,0.6,0.5999999999999999,0.13705194227138728,0.3,0.7,0.602996254681648,132,106,161,102,1.493299206125373,0.7856354863786216,0.4285714285714286,2.333333333333333,83.02077827423089,1.8800334331871833,0.655909088117626,0.4285714285714286,2.333333333333333,117.6765957835869,0.9351611072944677,0.5744791040074774,0.5251886999469346,4.073498809237201,38.478930785663955,1.5427963763433639,1.013896593096842,0.5251886999469346,4.073498809237201,92.18604698139339
24,breastw,iforest,empirical_weighted,106,132,106,132,125,7,0.053,0.0,0.0,4.0,estimated,177,95,267,144,0.6,0.5999999999999999,0.13705194227138728,0.3,0.7,0.602996254681648,132,106,161,102,1.493299206125373,0.7856354863786216,0.4285714285714286,2.333333333333333,83.02077827423089,1.8800334331871833,0.655909088117626,0.4285714285714286,2.333333333333333,117.6765957835869,0.9351611072944677,0.5744791040074774,0.5251886999469346,4.073498809237201,38.478930785663955,1.5427963763433639,1.013896593096842,0.5251886999469346,4.073498809237201,92.18604698139339
25,breastw,iforest,empirical_randomized_weighted,103,134,103,134,127,7,0.052,0.0,0.0,4.0,estimated,177,95,267,144,0.6,0.5999999999999998,0.13952625459343568,0.3,0.7,0.6142322097378277,134,103,164,105,1.4701826309827104,0.7967188027680638,0.4285714285714286,2.333333333333333,79.61811794100004,1.9580394562565582,0.6014580311139186,0.4285714285714286,2.333333333333333,122.44648576145194,0.9389304072045888,0.5673019264290751,0.600044552493587,4.355083685555567,38.093623248023164,1.5018638626778098,1.0797988280402908,0.600044552493587,4.355083685555567,88.33680773249557
25,breastw,iforest,empirical_weighted,103,134,103,134,127,7,0.052,0.0,0.0,4.0,estimated,177,95,267,144,0.6,0.5999999999999998,0.13952625459343568,0.3,0.7,0.6142322097378277,134,103,164,105,1.4701826309827104,0.7967188027680638,0.4285714285714286,2.333333333333333,79.61811794100004,1.9580394562565582,0.6014580311139186,0.4285714285714286,2.333333333333333,122.44648576145194,0.9389304072045888,0.5673019264290751,0.600044552493587,4.355083685555567,38.093623248023164,1.5018638626778098,1.0797988280402908,0.600044552493587,4.355083685555567,88.33680773249557
1,breastw,iforest,empirical_randomized_weighted,101,130,101,130,124,6,0.046,0.0,0.0,16.0,estimated,177,95,267,144,0.6,0.5999999999999999,0.16457074651412534,0.3,0.7,0.6217228464419475,130,101,166,95,1.4469599384150107,0.9062033772757845,0.4285714285714286,2.333333333333333,72.54560079011807,2.08739503827636,0.5817516675638497,0.4285714285714286,2.333333333333333,120.63036602193878,0.9451098291143734,0.4978827202591284,0.5087699047439692,2.990388291478044,39.92119175747928,1.4604820057861119,0.6738122124371226,0.5087699047439692,2.990388291478044,107.18504876141057
1,breastw,iforest,empirical_weighted,101,130,101,130,124,6,0.046,0.0,0.0,16.0,estimated,177,95,267,144,0.6,0.5999999999999999,0.16457074651412534,0.3,0.7,0.6217228464419475,130,101,166,95,1.4469599384150107,0.9062033772757845,0.4285714285714286,2.333333333333333,72.54560079011807,2.08739503827636,0.5817516675638497,0.4285714285714286,2.333333333333333,120.63036602193878,0.9451098291143734,0.4978827202591284,0.5087699047439692,2.990388291478044,39.92119175747928,1.4604820057861119,0.6738122124371226,0.5087699047439692,2.990388291478044,107.18504876141057
2,breastw,iforest,empirical_randomized_weighted,101,138,101,138,131,7,0.051,0.0,0.0,16.0,estimated,177,95,267,144,0.6,0.6,0.16266987081045367,0.3,0.7,0.6217228464419475,138,101,166,109,1.462184692309501,0.9001909765433667,0.4285714285714286,2.333333333333333,73.24029115321547,2.040144451699941,0.6076850786414554,0.4285714285714286,2.333333333333333,126.75402610946661,0.8922199615589324,0.5771818786832528,0.42497078009600564,2.3406502974645567,35.953812898359836,1.744707934944244,0.8409811309365132,0.42497078009600564,3.0101531573646687,111.9819347992098
2,breastw,iforest,empirical_weighted,101,138,101,138,131,7,0.051,0.0,0.0,16.0,estimated,177,95,267,144,0.6,0.6,0.16266987081045367,0.3,0.7,0.6217228464419475,138,101,166,109,1.462184692309501,0.9001909765433667,0.4285714285714286,2.333333333333333,73.24029115321547,2.040144451699941,0.6076850786414554,0.4285714285714286,2.333333333333333,126.75402610946661,0.8922199615589324,0.5771818786832528,0.42497078009600564,2.3406502974645567,35.953812898359836,1.744707934944244,0.8409811309365132,0.42497078009600564,3.0101531573646687,111.9819347992098
3,breastw,iforest,empirical_randomized_weighted,102,130,102,130,124,6,0.046,0.0,0.0,16.0,estimated,177,95,267,144,0.6,0.5999999999999999,0.167188457712609,0.3,0.7,0.6179775280898876,130,102,165,96,1.3909154619662536,0.8997668223124436,0.4285714285714286,2.333333333333333,71.90875044473505,2.119387164686773,0.5851565698229324,0.4285714285714286,2.333333333333333,120.79207027887273,0.9188793836136017,0.4045128176701982,0.43309722900194136,1.661494355958369,42.72082295236219,1.299749879639954,0.414207924613695,0.43309722900194136,1.9020798621821973,118.01458894386805
3,breastw,iforest,empirical_weighted,102,130,102,130,124,6,0.046,0.0,0.0,16.0,estimated,177,95,267,144,0.6,0.5999999999999999,0.167188457712609,0.3,0.7,0.6179775280898876,130,102,165,96,1.3909154619662536,0.8997668223124436,0.4285714285714286,2.333333333333333,71.90875044473505,2.119387164686773,0.5851565698229324,0.4285714285714286,2.333333333333333,120.79207027887273,0.9188793836136017,0.4045128176701982,0.43309722900194136,1.661494355958369,42.72082295236219,1.299749879639954,0.414207924613695,0.43309722900194136,1.9020798621821973,118.01458894386805
4,breastw,iforest,empirical_randomized_weighted,120,126,120,126,120,6,0.048,0.0,0.0,16.0,estimated,177,95,267,144,0.6,0.6,0.16735592003798147,0.3,0.7,0.550561797752809,126,120,147,106,1.4977371614584023,0.9116039120272935,0.4285714285714286,2.333333333333333,87.56184997745797,2.106643682153746,0.5856747817731068,0.4285714285714286,2.333333333333333,116.96000371966616,0.8910034855681351,0.49312940540378236,0.3558295930619773,2.642985418419436,45.93085948794101,1.715951718561175,1.1171774992731964,0.3558295930619773,4.627144034096446,88.49113045844845
4,breastw,iforest,empirical_weighted,120,126,120,126,120,6,0.048,0.0,0.0,16.0,estimated,177,95,267,144,0.6,0.6,0.16735592003798147,0.3,0.7,0.550561797752809,126,120,147,106,1.4977371614584023,0.9116039120272935,0.4285714285714286,2.333333333333333,87.56184997745797,2.106643682153746,0.5856747817731068,0.4285714285714286,2.333333333333333,116.96000371966616,0.8910034855681351,0.49312940540378236,0.3558295930619773,2.642985418419436,45.93085948794101,1.715951718561175,1.1171774992731964,0.3558295930619773,4.627144034096446,88.49113045844845
5,breastw,iforest,empirical_randomized_weighted,106,135,106,135,128,7,0.052,0.0,0.0,16.0,estimated,177,95,267,144,0.6,0.5999999999999998,0.16679691929861323,0.3,0.7,0.602996254681648,135,106,161,109,1.480093711741476,0.9217536598517089,0.4285714285714286,2.333333333333333,76.3777435207911,2.0966825705408763,0.6022979547721854,0.4285714285714286,2.333333333333333,124.70905197662665,0.887987280106836,0.3893652534154217,0.5723651956188549,2.626998739673117,44.45319365687897,1.9098151328169113,1.9576221510578387,0.5723651956188549,7.771557222065226,65.83146320264837
5,breastw,iforest,empirical_weighted,106,135,106,135,128,7,0.052,0.0,0.0,16.0,estimated,177,95,267,144,0.6,0.5999999999999998,0.16679691929861323,0.3,0.7,0.602996254681648,135,106,161,109,1.480093711741476,0.9217536598517089,0.4285714285714286,2.333333333333333,76.3777435207911,2.0966825705408763,0.6022979547721854,0.4285714285714286,2.333333333333333,124.70905197662665,0.887987280106836,0.3893652534154217,0.5723651956188549,2.626998739673117,44.45319365687897,1.9098151328169113,1.9576221510578387,0.5723651956188549,7.771557222065226,65.83146320264837
6,breastw,iforest,empirical_randomized_weighted,116,126,116,126,120,6,0.048,0.0,0.0,16.0,estimated,177,95,267,144,0.6,0.5999999999999999,0.16794728329247963,0.3,0.7,0.5655430711610487,126,116,151,100,1.653553902238705,0.8974538005978119,0.4285714285714286,2.333333333333333,89.60509075232608,2.0175515910780426,0.6767733104782625,0.4285714285714286,2.333333333333333,113.25619504857919,0.925307650345218,0.29794781055701347,0.5760881853836922,1.8210821814331664,52.5513152523144,1.2413959951108082,0.5014005843570277,0.5760881853836922,2.418657486574817,108.32785957915323
6,breastw,iforest,empirical_weighted,116,126,116,126,120,6,0.048,0.0,0.0,16.0,estimated,177,95,267,144,0.6,0.5999999999999999,0.16794728329247963,0.3,0.7,0.5655430711610487,126,116,151,100,1.653553902238705,0.8974538005978119,0.4285714285714286,2.333333333333333,89.60509075232608,2.0175515910780426,0.6767733104782625,0.4285714285714286,2.333333333333333,113.25619504857919,0.925307650345218,0.29794781055701347,0.5760881853836922,1.8210821814331664,52.5513152523144,1.2413959951108082,0.5014005843570277,0.5760881853836922,2.418657486574817,108.32785957915323
7,breastw,iforest,empirical_randomized_weighted,102,131,102,131,124,7,0.053,0.0,0.0,16.0,estimated,177,95,267,144,0.6,0.5999999999999998,0.16754736634503836,0.3,0.7,0.6179775280898876,131,102,165,97,1.5894835771747728,0.9080876848182198,0.4285714285714286,2.333333333333333,76.90016992895012,2.039131868863833,0.6473153699185301,0.4285714285714286,2.333333333333333,119.0073540303545,0.9733269492315989,0.33193981534555667,0.658955398695007,2.0673914707332184,45.686407898467664,1.2776819769775012,0.4580156513100511,0.658955398695007,2.2048394890897574,116.0829319994283
7,breastw,iforest,empirical_weighted,102,131,102,131,124,7,0.053,0.0,0.0,16.0,estimated,177,95,267,144,0.6,0.5999999999999998,0.16754736634503836,0.3,0.7,0.6179775280898876,131,102,165,97,1.5894835771747728,0.9080876848182198,0.4285714285714286,2.333333333333333,76.90016992895012,2.039131868863833,0.6473153699185301,0.4285714285714286,2.333333333333333,119.0073540303545,0.9733269492315989,0.33193981534555667,0.658955398695007,2.0673914707332184,45.686407898467664,1.2776819769775012,0.4580156513100511,0.658955398695007,2.2048394890897574,116.0829319994283
8,breastw,iforest,empirical_randomized_weighted,107,136,107,136,129,7,0.051,0.0,0.0,16.0,estimated,177,95,267,144,0.6,0.5999999999999999,0.16424622091087168,0.3,0.7,0.599250936329588,136,107,160,113,1.4623293515095386,0.9153620550175537,0.4285714285714286,2.333333333333333,76.87731783342198,2.114994555067394,0.5506385120082573,0.4285714285714286,2.333333333333333,127.3668168637965,0.8304089779146482,0.35943554776941866,0.37701446318271964,1.7774681507542431,45.4793582082682,1.9035665215784339,1.797980545561377,0.37701446318271964,7.15529610413666,71.87622202014292
8,breastw,iforest,empirical_weighted,107,136,107,136,129,7,0.051,0.0,0.0,16.0,estimated,177,95,267,144,0.6,0.5999999999999999,0.16424622091087168,0.3,0.7,0.599250936329588,136,107,160,113,1.4623293515095386,0.9153620550175537,0.4285714285714286,2.333333333333333,76.87731783342198,2.114994555067394,0.5506385120082573,0.4285714285714286,2.333333333333333,127.3668168637965,0.8304089779146482,0.35943554776941866,0.37701446318271964,1.7774681507542431,45.4793582082682,1.9035665215784339,1.797980545561377,0.37701446318271964,7.15529610413666,71.87622202014292
9,breastw,iforest,empirical_randomized_weighted,116,124,116,124,118,6,0.048,0.0,0.0,16.0,estimated,177,95,267,144,0.6,0.6,0.16754804443571372,0.3,0.7,0.5655430711610487,124,116,151,98,1.5624071494959209,0.9108286328100553,0.4285714285714286,2.333333333333333,86.57697495945413,2.11271828212011,0.5758391088202595,0.4285714285714286,2.333333333333333,115.42527774307293,0.8525532914863614,0.45028311412543676,0.4018828560926622,2.2846267853238693,45.34965798753647,1.7076015980191417,1.0596431066582408,0.4018828560926622,4.376814946856969,89.52579180014646
9,breastw,iforest,empirical_weighted,116,124,116,124,118,6,0.048,0.0,0.0,16.0,estimated,177,95,267,144,0.6,0.6,0.16754804443571372,0.3,0.7,0.5655430711610487,124,116,151,98,1.5624071494959209,0.9108286328100553,0.4285714285714286,2.333333333333333,86.57697495945413,2.11271828212011,0.5758391088202595,0.4285714285714286,2.333333333333333,115.42527774307293,0.8525532914863614,0.45028311412543676,0.4018828560926622,2.2846267853238693,45.34965798753647,1.7076015980191417,1.0596431066582408,0.4018828560926622,4.376814946856969,89.52579180014646
10,breastw,iforest,empirical_randomized_weighted,105,128,105,128,122,6,0.047,0.0,0.0,16.0,estimated,177,95,267,144,0.6,0.5999999999999999,0.16838386794404958,0.3,0.7,0.6067415730337079,128,105,162,95,1.486118082276148,0.9268248250137366,0.4285714285714286,2.333333333333333,75.59692219905193,2.0502389796773666,0.6605921549458126,0.4285714285714286,2.333333333333333,115.96151761410331,0.9136834826104422,0.7525504632343012,0.47305212210234243,5.522178159977358,31.577873260811323,1.772059914887524,1.4326842997874687,0.47305212210234243,5.522178159977358,77.40460444282049
10,breastw,iforest,empirical_weighted,105,128,105,128,122,6,0.047,0.0,0.0,16.0,estimated,177,95,267,144,0.6,0.5999999999999999,0.16838386794404958,0.3,0.7,0.6067415730337079,128,105,162,95,1.486118082276148,0.9268248250137366,0.4285714285714286,2.333333333333333,75.59692219905193,2.0502389796773666,0.6605921549458126,0.4285714285714286,2.333333333333333,115.96151761410331,0.9136834826104422,0.7525504632343012,0.47305212210234243,5.522178159977358,31.577873260811323,1.772059914887524,1.4326842997874687,0.47305212210234243,5.522178159977358,77.40460444282049
11,breastw,iforest,empirical_randomized_weighted,95,136,95,136,129,7,0.051,0.0,0.0,16.0,estimated,177,95,267,144,0.6,0.6,0.16578870864947048,0.3,0.7,0.6441947565543071,136,95,172,99,1.465398271684669,0.9099062420145407,0.4285714285714286,2.333333333333333,68.56477576175425,2.0622168379408974,0.621208435635601,0.4285714285714286,2.333333333333333,124.68581966420919,0.8834091621816803,0.5812054759044951,0.43174967791537405,2.848975720120079,33.49971102835574,1.692258845999662,0.8710250389766574,0.43174967791537405,3.2988058713497295,107.51600959794713
11,breastw,iforest,empirical_weighted,95,136,95,136,129,7,0.051,0.0,0.0,16.0,estimated,177,95,267,144,0.6,0.6,0.16578870864947048,0.3,0.7,0.6441947565543071,136,95,172,99,1.465398271684669,0.9099062420145407,0.4285714285714286,2.333333333333333,68.56477576175425,2.0622168379408974,0.621208435635601,0.4285714285714286,2.333333333333333,124.68581966420919,0.8834091621816803,0.5812054759044951,0.43174967791537405,2.848975720120079,33.49971102835574,1.692258845999662,0.8710250389766574,0.43174967791537405,3.2988058713497295,107.51600959794713
12,breastw,iforest,empirical_randomized_weighted,109,133,109,133,126,7,0.053,0.0,0.0,16.0,estimated,177,95,267,144,0.6,0.6,0.16495612766632145,0.3,0.7,0.5917602996254682,133,109,158,108,1.5586608653695175,0.8977580382323105,0.4285714285714286,2.333333333333333,81.84698648321401,2.0276631745430325,0.6773980842528647,0.4285714285714286,2.333333333333333,119.64646712186573,0.9029397601184004,0.3867883113511966,0.577552314006105,2.2205405800667704,46.47244298875921,1.5325300505669044,1.0123401797951983,0.577552314006105,4.038979882562682,92.5958177171976
12,breastw,iforest,empirical_weighted,109,133,109,133,126,7,0.053,0.0,0.0,16.0,estimated,177,95,267,144,0.6,0.6,0.16495612766632145,0.3,0.7,0.5917602996254682,133,109,158,108,1.5586608653695175,0.8977580382323105,0.4285714285714286,2.333333333333333,81.84698648321401,2.0276631745430325,0.6773980842528647,0.4285714285714286,2.333333333333333,119.64646712186573,0.9029397601184004,0.3867883113511966,0.577552314006105,2.2205405800667704,46.47244298875921,1.5325300505669044,1.0123401797951983,0.577552314006105,4.038979882562682,92.5958177171976
13,breastw,iforest,empirical_randomized_weighted,110,130,110,130,124,6,0.046,0.0,0.0,16.0,estimated,177,95,267,144,0.6,0.5999999999999999,0.1677015977647464,0.3,0.7,0.5880149812734082,130,110,157,102,1.4742809491782891,0.9225330553250384,0.4285714285714286,2.333333333333333,79.04771651539815,2.1224770705965836,0.5640222011907146,0.4285714285714286,2.333333333333333,121.4253620646579,0.9565601177879994,0.31490025744173616,0.5300226225180481,2.106781903522044,49.62227976865476,1.2177102768565782,0.3764777352603618,0.5300226225180481,2.106781903522044,118.65804688691595
13,breastw,iforest,empirical_weighted,110,130,110,130,124,6,0.046,0.0,0.0,16.0,estimated,177,95,267,144,0.6,0.5999999999999999,0.1677015977647464,0.3,0.7,0.5880149812734082,130,110,157,102,1.4742809491782891,0.9225330553250384,0.4285714285714286,2.333333333333333,79.04771651539815,2.1224770705965836,0.5640222011907146,0.4285714285714286,2.333333333333333,121.4253620646579,0.9565601177879994,0.31490025744173616,0.5300226225180481,2.106781903522044,49.62227976865476,1.2177102768565782,0.3764777352603618,0.5300226225180481,2.106781903522044,118.65804688691595
14,breastw,iforest,empirical_randomized_weighted,111,129,111,129,123,6,0.047,0.0,0.0,16.0,estimated,177,95,267,144,0.6,0.5999999999999998,0.15974868946855417,0.3,0.7,0.5842696629213483,129,111,156,102,1.6106459253336867,0.8723186944218734,0.4285714285714286,2.333333333333333,85.8252448962164,1.9909969167892902,0.6583942485721053,0.4285714285714286,2.333333333333333,116.28399142001955,0.9366135632701197,0.26705742164910407,0.668531268481085,1.7381597404486213,51.78953169749135,1.1671373590844825,0.3619271854545448,0.668531268481085,1.8231435624234695,117.68345440462737
14,breastw,iforest,empirical_weighted,111,129,111,129,123,6,0.047,0.0,0.0,16.0,estimated,177,95,267,144,0.6,0.5999999999999998,0.15974868946855417,0.3,0.7,0.5842696629213483,129,111,156,102,1.6106459253336867,0.8723186944218734,0.4285714285714286,2.333333333333333,85.8252448962164,1.9909969167892902,0.6583942485721053,0.4285714285714286,2.333333333333333,116.28399142001955,0.9366135632701197,0.26705742164910407,0.668531268481085,1.7381597404486213,51.78953169749135,1.1671373590844825,0.3619271854545448,0.668531268481085,1.8231435624234695,117.68345440462737
15,breastw,iforest,empirical_randomized_weighted,115,125,115,125,119,6,0.048,0.0,0.0,16.0,estimated,177,95,267,144,0.6,0.5999999999999999,0.1681880358824686,0.3,0.7,0.5692883895131086,125,115,152,98,1.4904677299921445,0.9271290763375413,0.4285714285714286,2.333333333333333,82.91679455213884,2.115171716184417,0.5841818670840423,0.4285714285714286,2.333333333333333,116.14089114898451,0.9505044283651076,0.7462188576658334,0.40188623170806803,5.209983427339634,35.883419737150966,1.8437309644893682,1.2703432883798644,0.40188623170806803,5.209983427339634,84.76125204046562
15,breastw,iforest,empirical_weighted,115,125,115,125,119,6,0.048,0.0,0.0,16.0,estimated,177,95,267,144,0.6,0.5999999999999999,0.1681880358824686,0.3,0.7,0.5692883895131086,125,115,152,98,1.4904677299921445,0.9271290763375413,0.4285714285714286,2.333333333333333,82.91679455213884,2.115171716184417,0.5841818670840423,0.4285714285714286,2.333333333333333,116.14089114898451,0.9505044283651076,0.7462188576658334,0.40188623170806803,5.209983427339634,35.883419737150966,1.8437309644893682,1.2703432883798644,0.40188623170806803,5.209983427339634,84.76125204046562
16,breastw,iforest,empirical_randomized_weighted,98,134,98,134,127,7,0.052,0.0,0.0,16.0,estimated,177,95,267,144,0.6,0.6,0.1659769363289263,0.3,0.7,0.6329588014981273,134,98,169,99,1.3390148016279133,0.915127266757514,0.4285714285714286,2.333333333333333,66.79930933298895,2.104681426016738,0.5912264046613747,0.4285714285714286,2.333333333333333,124.1993636012456,0.9287695322132322,0.42516820824686813,0.48503050418241106,2.418208229510194,40.51064324587348,1.5429489420099773,1.1465592233559159,0.48503050418241106,5.050655237520497,86.32954291711157
16,breastw,iforest,empirical_weighted,98,134,98,134,127,7,0.052,0.0,0.0,16.0,estimated,177,95,267,144,0.6,0.6,0.1659769363289263,0.3,0.7,0.6329588014981273,134,98,169,99,1.3390148016279133,0.915127266757514,0.4285714285714286,2.333333333333333,66.79930933298895,2.104681426016738,0.5912264046613747,0.4285714285714286,2.333333333333333,124.1993636012456,0.9287695322132322,0.42516820824686813,0.48503050418241106,2.418208229510194,40.51064324587348,1.5429489420099773,1.1465592233559159,0.48503050418241106,5.050655237520497,86.32954291711157
17,breastw,iforest,empirical_randomized_weighted,95,137,95,137,130,7,0.051,0.0,0.0,16.0,estimated,177,95,267,144,0.6,0.6,0.16916197378224032,0.3,0.7,0.6441947565543071,137,95,172,102,1.4389111462007624,0.9431857909062951,0.4285714285714286,2.333333333333333,66.4492910292971,2.071778099819765,0.6243467771902306,0.4285714285714286,2.333333333333333,125.59398079264308,0.9419863077987115,0.46716168405513886,0.6271340005667552,3.2928460539538342,38.52484802458588,1.5078844615112463,0.7879100066402751,0.6271340005667552,3.2928460539538342,107.61690186054412
17,breastw,iforest,empirical_weighted,95,137,95,137,130,7,0.051,0.0,0.0,16.0,estimated,177,95,267,144,0.6,0.6,0.16916197378224032,0.3,0.7,0.6441947565543071,137,95,172,102,1.4389111462007624,0.9431857909062951,0.4285714285714286,2.333333333333333,66.4492910292971,2.071778099819765,0.6243467771902306,0.4285714285714286,2.333333333333333,125.59398079264308,0.9419863077987115,0.46716168405513886,0.6271340005667552,3.2928460539538342,38.52484802458588,1.5078844615112463,0.7879100066402751,0.6271340005667552,3.2928460539538342,107.61690186054412
18,breastw,iforest,empirical_randomized_weighted,107,130,107,130,124,6,0.046,0.0,0.0,16.0,estimated,177,95,267,144,0.6,0.5999999999999999,0.1613042443467902,0.3,0.7,0.599250936329588,130,107,160,99,1.539222913546914,0.890648026835085,0.4285714285714286,2.333333333333333,80.16072329895765,2.0197385714796776,0.653063780713714,0.4285714285714286,2.333333333333333,117.69506995546301,0.9438419216340934,0.5204484720674801,0.46558382034241885,2.8148749889860682,41.40918967182966,1.378643491626919,0.6681729058280393,0.46558382034241885,2.8148749889860682,105.27210815209472
18,breastw,iforest,empirical_weighted,107,130,107,130,124,6,0.046,0.0,0.0,16.0,estimated,177,95,267,144,0.6,0.5999999999999999,0.1613042443467902,0.3,0.7,0.599250936329588,130,107,160,99,1.539222913546914,0.890648026835085,0.4285714285714286,2.333333333333333,80.16072329895765,2.0197385714796776,0.653063780713714,0.4285714285714286,2.333333333333333,117.69506995546301,0.9438419216340934,0.5204484720674801,0.46558382034241885,2.8148749889860682,41.40918967182966,1.378643491626919,0.6681729058280393,0.46558382034241885,2.8148749889860682,105.27210815209472
19,breastw,iforest,empirical_randomized_weighted,106,130,106,130,124,6,0.046,0.0,0.0,16.0,estimated,177,95,267,144,0.6,0.5999999999999998,0.1637173345253393,0.3,0.7,0.602996254681648,130,106,161,100,1.4539261342948697,0.881179300597269,0.4285714285714286,2.333333333333333,77.52394839881953,2.088247629336081,0.5954305203415866,0.4285714285714286,2.333333333333333,120.22549520394537,0.9000136669929332,0.5127520755734408,0.4361371540911573,2.3013701505462394,40.01279864571389,1.5976934535188436,0.765629008570808,0.4361371540911573,3.030625359829875,105.72189491013513
19,breastw,iforest,empirical_weighted,106,130,106,130,124,6,0.046,0.0,0.0,16.0,estimated,177,95,267,144,0.6,0.5999999999999998,0.1637173345253393,0.3,0.7,0.602996254681648,130,106,161,100,1.4539261342948697,0.881179300597269,0.4285714285714286,2.333333333333333,77.52394839881953,2.088247629336081,0.5954305203415866,0.4285714285714286,2.333333333333333,120.22549520394537,0.9000136669929332,0.5127520755734408,0.4361371540911573,2.3013701505462394,40.01279864571389,1.5976934535188436,0.765629008570808,0.4361371540911573,3.030625359829875,105.72189491013513
20,breastw,iforest,empirical_randomized_weighted,103,131,103,131,124,7,0.053,0.0,0.0,16.0,estimated,177,95,267,144,0.6,0.5999999999999999,0.16732906611394668,0.3,0.7,0.6142322097378277,131,103,164,98,1.5626245711001763,0.9121627671501762,0.4285714285714286,2.333333333333333,76.82269546395791,2.0347225689688346,0.6724058841859206,0.4285714285714286,2.333333333333333,118.10233506380203,0.9658110010600989,0.3657983756526556,0.6892356213048678,2.4799047645787544,45.47642623176485,1.3667194478919682,0.7452985904464867,0.6892356213048678,3.0984558920370966,100.97325756515285
20,breastw,iforest,empirical_weighted,103,131,103,131,124,7,0.053,0.0,0.0,16.0,estimated,177,95,267,144,0.6,0.5999999999999999,0.16732906611394668,0.3,0.7,0.6142322097378277,131,103,164,98,1.5626245711001763,0.9121627671501762,0.4285714285714286,2.333333333333333,76.82269546395791,2.0347225689688346,0.6724058841859206,0.4285714285714286,2.333333333333333,118.10233506380203,0.9658110010600989,0.3657983756526556,0.6892356213048678,2.4799047645787544,45.47642623176485,1.3667194478919682,0.7452985904464867,0.6892356213048678,3.0984558920370966,100.97325756515285
21,breastw,iforest,empirical_randomized_weighted,101,132,101,132,125,7,0.053,0.0,0.0,16.0,estimated,177,95,267,144,0.6,0.6,0.15913873900179734,0.3,0.7,0.6217228464419475,132,101,166,99,1.4466174742769784,0.8772491242721976,0.4285714285714286,2.333333333333333,73.8445537774177,2.0523758680437636,0.6073548900677765,0.4285714285714286,2.333333333333333,121.371139766196,0.957308991461926,0.4225731789319839,0.4606823882355658,2.609397083011442,42.68319527650809,1.3147760648269091,0.49893589828541335,0.4606823882355658,2.609397083011442,115.3838316672913
21,breastw,iforest,empirical_weighted,101,132,101,132,125,7,0.053,0.0,0.0,16.0,estimated,177,95,267,144,0.6,0.6,0.15913873900179734,0.3,0.7,0.6217228464419475,132,101,166,99,1.4466174742769784,0.8772491242721976,0.4285714285714286,2.333333333333333,73.8445537774177,2.0523758680437636,0.6073548900677765,0.4285714285714286,2.333333333333333,121.371139766196,0.957308991461926,0.4225731789319839,0.4606823882355658,2.609397083011442,42.68319527650809,1.3147760648269091,0.49893589828541335,0.4606823882355658,2.609397083011442,115.3838316672913
22,breastw,iforest,empirical_randomized_weighted,104,131,104,131,124,7,0.053,0.0,0.0,16.0,estimated,177,95,267,144,0.6,0.5999999999999999,0.1652888799673373,0.3,0.7,0.6104868913857678,131,104,163,99,1.4061541170588197,0.8979110202603582,0.4285714285714286,2.333333333333333,73.8764192153492,2.1180451311250352,0.5717554667235716,0.4285714285714286,2.333333333333333,122.10237031522325,0.9090271213070117,0.6075017077512884,0.4478959802749232,3.354367701135338,35.945779323097575,1.6568255566492789,0.9909309276666931,0.4478959802749232,3.8993870848299736,96.48587098252149
22,breastw,iforest,empirical_weighted,104,131,104,131,124,7,0.053,0.0,0.0,16.0,estimated,177,95,267,144,0.6,0.5999999999999999,0.1652888799673373,0.3,0.7,0.6104868913857678,131,104,163,99,1.4061541170588197,0.8979110202603582,0.4285714285714286,2.333333333333333,73.8764192153492,2.1180451311250352,0.5717554667235716,0.4285714285714286,2.333333333333333,122.10237031522325,0.9090271213070117,0.6075017077512884,0.4478959802749232,3.354367701135338,35.945779323097575,1.6568255566492789,0.9909309276666931,0.4478959802749232,3.8993870848299736,96.48587098252149
23,breastw,hbos,empirical_randomized_weighted,113,124,113,124,118,6,0.048,0.0,0.0,16.0,estimated,177,95,267,144,0.6,0.6,0.16601072817210397,0.3,0.7,0.5767790262172284,124,113,154,93,1.547831971140369,0.9108513166524297,0.4285714285714286,2.333333333333333,83.93399968598472,2.042890802152958,0.634936078960534,0.4285714285714286,2.333333333333333,113.07695299491829,0.8586018766375668,0.5257782128884317,0.4026186223174691,3.1210209285090085,41.45479959958873,1.981731291625937,1.6538791395866905,0.4026186223174691,6.612557754630657,73.09187458322367
23,breastw,hbos,empirical_weighted,113,124,113,124,118,6,0.048,0.0,0.0,16.0,estimated,177,95,267,144,0.6,0.6,0.16601072817210397,0.3,0.7,0.5767790262172284,124,113,154,93,1.547831971140369,0.9108513166524297,0.4285714285714286,2.333333333333333,83.93399968598472,2.042890802152958,0.634936078960534,0.4285714285714286,2.333333333333333,113.07695299491829,0.8586018766375668,0.5257782128884317,0.4026186223174691,3.1210209285090085,41.45479959958873,1.981731291625937,1.6538791395866905,0.4026186223174691,6.612557754630657,73.09187458322367
24,breastw,iforest,empirical_randomized_weighted,110,130,110,130,124,6,0.046,0.0,0.0,16.0,estimated,177,95,267,144,0.6,0.6,0.16087515007794165,0.3,0.7,0.5880149812734082,130,110,157,102,1.4516801785895057,0.8871173542149402,0.4285714285714286,2.333333333333333,80.09089570520949,2.044091771178814,0.6384924056584801,0.4285714285714286,2.333333333333333,118.44360665145814,0.8660150560561869,0.4975290029596137,0.4423308295671104,3.830410341164782,41.35168278510508,1.6865961451601108,1.3259590081595896,0.4423308295671104,5.156559483459504,80.34260743410256
24,breastw,iforest,empirical_weighted,110,130,110,130,124,6,0.046,0.0,0.0,16.0,estimated,177,95,267,144,0.6,0.6,0.16087515007794165,0.3,0.7,0.5880149812734082,130,110,157,102,1.4516801785895057,0.8871173542149402,0.4285714285714286,2.333333333333333,80.09089570520949,2.044091771178814,0.6384924056584801,0.4285714285714286,2.333333333333333,118.44360665145814,0.8660150560561869,0.4975290029596137,0.4423308295671104,3.830410341164782,41.35168278510508,1.6865961451601108,1.3259590081595896,0.4423308295671104,5.156559483459504,80.34260743410256
25,breastw,iforest,empirical_randomized_weighted,100,136,100,136,129,7,0.051,0.0,0.0,16.0,estimated,177,95,267,144,0.6,0.5999999999999999,0.16592583355855364,0.3,0.7,0.6254681647940075,136,100,167,105,1.4939038881993922,0.9253422866170653,0.4285714285714286,2.333333333333333,72.27149099747646,2.085906935723357,0.5907448139483185,0.4285714285714286,2.333333333333333,125.90184411713614,0.8452972021500931,0.5656054868228809,0.5333057274922509,4.132816062302593,34.53701919996471,2.0495488857635924,1.999776122576102,0.5333057274922509,7.311089229647419,69.67140776118285
25,breastw,iforest,empirical_weighted,100,136,100,136,129,7,0.051,0.0,0.0,16.0,estimated,177,95,267,144,0.6,0.5999999999999999,0.16592583355855364,0.3,0.7,0.6254681647940075,136,100,167,105,1.4939038881993922,0.9253422866170653,0.4285714285714286,2.333333333333333,72.27149099747646,2.085906935723357,0.5907448139483185,0.4285714285714286,2.333333333333333,125.90184411713614,0.8452972021500931,0.5656054868228809,0.5333057274922509,4.132816062302593,34.53701919996471,2.0495488857635924,1.999776122576102,0.5333057274922509,7.311089229647419,69.67140776118285
