seed,dataset,model,approach,train_size,test_size,n_train,n_test,n_test_normal,n_test_anomaly,actual_anomaly_rate,fdr,power,severity,weight_mode,n_normal_model_selection_excluded,n_anomaly_model_selection_excluded,n_normal_evaluation_pool,n_anomaly_evaluation_pool,target_test_probability,propensity_mean,propensity_std,propensity_min_observed,propensity_max_observed,normal_test_assignment_rate,target_test_size,n_normal_rejection_pool,n_normal_accepted_pool,n_anomaly_accepted_pool,oracle_calib_weight_mean,oracle_calib_weight_std,oracle_calib_weight_min,oracle_calib_weight_max,oracle_calib_weight_ess,oracle_test_weight_mean,oracle_test_weight_std,oracle_test_weight_min,oracle_test_weight_max,oracle_test_weight_ess,used_calib_weight_mean,used_calib_weight_std,used_calib_weight_min,used_calib_weight_max,used_calib_weight_ess,used_test_weight_mean,used_test_weight_std,used_test_weight_min,used_test_weight_max,used_test_weight_ess
1,musk,hbos,empirical,707,554,707,554,526,28,0.051,0.034,1.0,0.0,estimated,1186,38,1779,59,0.6,0.5999999999999998,1.1102230246251565e-16,0.5999999999999999,0.5999999999999999,0.6025857223159078,554,707,1072,35,1.4999999999999993,2.220446049250313e-16,1.4999999999999991,1.4999999999999991,707.0000000000005,1.4999999999999991,0.0,1.4999999999999991,1.4999999999999991,554.0000000000002,,,,,0.0,,,,,0.0
1,musk,hbos,empirical_randomized,707,554,707,554,526,28,0.051,0.034,1.0,0.0,estimated,1186,38,1779,59,0.6,0.5999999999999998,1.1102230246251565e-16,0.5999999999999999,0.5999999999999999,0.6025857223159078,554,707,1072,35,1.4999999999999993,2.220446049250313e-16,1.4999999999999991,1.4999999999999991,707.0000000000005,1.4999999999999991,0.0,1.4999999999999991,1.4999999999999991,554.0000000000002,,,,,0.0,,,,,0.0
1,musk,hbos,empirical_randomized_weighted,707,554,707,554,526,28,0.051,0.0,0.0,0.0,estimated,1186,38,1779,59,0.6,0.5999999999999998,1.1102230246251565e-16,0.5999999999999999,0.5999999999999999,0.6025857223159078,554,707,1072,35,1.4999999999999993,2.220446049250313e-16,1.4999999999999991,1.4999999999999991,707.0000000000005,1.4999999999999991,0.0,1.4999999999999991,1.4999999999999991,554.0000000000002,0.859085215941599,0.21032520895842144,0.6134697096711081,1.72012247552051,333.9814545090392,1.2804786556266352,0.39193234488220413,0.6134697096711081,2.080269603346007,506.5436432467635
1,musk,hbos,empirical_weighted,707,554,707,554,526,28,0.051,0.0,0.0,0.0,estimated,1186,38,1779,59,0.6,0.5999999999999998,1.1102230246251565e-16,0.5999999999999999,0.5999999999999999,0.6025857223159078,554,707,1072,35,1.4999999999999993,2.220446049250313e-16,1.4999999999999991,1.4999999999999991,707.0000000000005,1.4999999999999991,0.0,1.4999999999999991,1.4999999999999991,554.0000000000002,0.859085215941599,0.21032520895842144,0.6134697096711081,1.72012247552051,333.9814545090392,1.2804786556266352,0.39193234488220413,0.6134697096711081,2.080269603346007,506.5436432467635
2,musk,hbos,empirical,726,543,726,543,516,27,0.05,0.1,1.0,0.0,estimated,1186,38,1779,59,0.6,0.5999999999999998,1.1102230246251565e-16,0.5999999999999999,0.5999999999999999,0.5919055649241147,543,726,1053,33,1.4999999999999993,2.220446049250313e-16,1.4999999999999991,1.4999999999999991,726.0000000000005,1.4999999999999991,0.0,1.4999999999999991,1.4999999999999991,543.0000000000002,,,,,0.0,,,,,0.0
2,musk,hbos,empirical_randomized,726,543,726,543,516,27,0.05,0.1,1.0,0.0,estimated,1186,38,1779,59,0.6,0.5999999999999998,1.1102230246251565e-16,0.5999999999999999,0.5999999999999999,0.5919055649241147,543,726,1053,33,1.4999999999999993,2.220446049250313e-16,1.4999999999999991,1.4999999999999991,726.0000000000005,1.4999999999999991,0.0,1.4999999999999991,1.4999999999999991,543.0000000000002,,,,,0.0,,,,,0.0
2,musk,hbos,empirical_randomized_weighted,726,543,726,543,516,27,0.05,0.214,0.407,0.0,estimated,1186,38,1779,59,0.6,0.5999999999999998,1.1102230246251565e-16,0.5999999999999999,0.5999999999999999,0.5919055649241147,543,726,1053,33,1.4999999999999993,2.220446049250313e-16,1.4999999999999991,1.4999999999999991,726.0000000000005,1.4999999999999991,0.0,1.4999999999999991,1.4999999999999991,543.0000000000002,0.8673142016565416,0.15335364799882592,0.6927793407608205,1.5174602249603097,351.9954482981719,1.1822588388426183,0.2939726745999253,0.6927793407608205,1.802592081265323,511.382011629095
2,musk,hbos,empirical_weighted,726,543,726,543,516,27,0.05,0.0,0.0,0.0,estimated,1186,38,1779,59,0.6,0.5999999999999998,1.1102230246251565e-16,0.5999999999999999,0.5999999999999999,0.5919055649241147,543,726,1053,33,1.4999999999999993,2.220446049250313e-16,1.4999999999999991,1.4999999999999991,726.0000000000005,1.4999999999999991,0.0,1.4999999999999991,1.4999999999999991,543.0000000000002,0.8673142016565416,0.15335364799882592,0.6927793407608205,1.5174602249603097,351.9954482981719,1.1822588388426183,0.2939726745999253,0.6927793407608205,1.802592081265323,511.382011629095
3,musk,hbos,empirical,704,554,704,554,526,28,0.051,0.0,1.0,0.0,estimated,1186,38,1779,59,0.6,0.5999999999999998,1.1102230246251565e-16,0.5999999999999999,0.5999999999999999,0.6042720629567172,554,704,1075,32,1.4999999999999993,2.220446049250313e-16,1.4999999999999991,1.4999999999999991,704.0000000000005,1.4999999999999991,0.0,1.4999999999999991,1.4999999999999991,554.0000000000002,,,,,0.0,,,,,0.0
3,musk,hbos,empirical_randomized,704,554,704,554,526,28,0.051,0.097,1.0,0.0,estimated,1186,38,1779,59,0.6,0.5999999999999998,1.1102230246251565e-16,0.5999999999999999,0.5999999999999999,0.6042720629567172,554,704,1075,32,1.4999999999999993,2.220446049250313e-16,1.4999999999999991,1.4999999999999991,704.0000000000005,1.4999999999999991,0.0,1.4999999999999991,1.4999999999999991,554.0000000000002,,,,,0.0,,,,,0.0
3,musk,hbos,empirical_randomized_weighted,704,554,704,554,526,28,0.051,0.133,0.464,0.0,estimated,1186,38,1779,59,0.6,0.5999999999999998,1.1102230246251565e-16,0.5999999999999999,0.5999999999999999,0.6042720629567172,554,704,1075,32,1.4999999999999993,2.220446049250313e-16,1.4999999999999991,1.4999999999999991,704.0000000000005,1.4999999999999991,0.0,1.4999999999999991,1.4999999999999991,554.0000000000002,0.8545711457853865,0.23477122680251325,0.5028405701835623,1.5524253475515752,327.2977607945405,1.278853944919514,0.367885933807287,0.5028405701835623,2.1264465668488883,511.65864185850944
3,musk,hbos,empirical_weighted,704,554,704,554,526,28,0.051,0.0,0.0,0.0,estimated,1186,38,1779,59,0.6,0.5999999999999998,1.1102230246251565e-16,0.5999999999999999,0.5999999999999999,0.6042720629567172,554,704,1075,32,1.4999999999999993,2.220446049250313e-16,1.4999999999999991,1.4999999999999991,704.0000000000005,1.4999999999999991,0.0,1.4999999999999991,1.4999999999999991,554.0000000000002,0.8545711457853865,0.23477122680251325,0.5028405701835623,1.5524253475515752,327.2977607945405,1.278853944919514,0.367885933807287,0.5028405701835623,2.1264465668488883,511.65864185850944
4,musk,hbos,empirical,733,543,733,543,516,27,0.05,0.206,1.0,0.0,estimated,1186,38,1779,59,0.6,0.5999999999999998,1.1102230246251565e-16,0.5999999999999999,0.5999999999999999,0.5879707700955593,543,733,1046,40,1.4999999999999993,2.220446049250313e-16,1.4999999999999991,1.4999999999999991,733.0000000000005,1.4999999999999991,0.0,1.4999999999999991,1.4999999999999991,543.0000000000002,,,,,0.0,,,,,0.0
4,musk,hbos,empirical_randomized,733,543,733,543,516,27,0.05,0.206,1.0,0.0,estimated,1186,38,1779,59,0.6,0.5999999999999998,1.1102230246251565e-16,0.5999999999999999,0.5999999999999999,0.5879707700955593,543,733,1046,40,1.4999999999999993,2.220446049250313e-16,1.4999999999999991,1.4999999999999991,733.0000000000005,1.4999999999999991,0.0,1.4999999999999991,1.4999999999999991,543.0000000000002,,,,,0.0,,,,,0.0
4,musk,hbos,empirical_randomized_weighted,733,543,733,543,516,27,0.05,0.0,0.0,0.0,estimated,1186,38,1779,59,0.6,0.5999999999999998,1.1102230246251565e-16,0.5999999999999999,0.5999999999999999,0.5879707700955593,543,733,1046,40,1.4999999999999993,2.220446049250313e-16,1.4999999999999991,1.4999999999999991,733.0000000000005,1.4999999999999991,0.0,1.4999999999999991,1.4999999999999991,543.0000000000002,0.8632543849423887,0.20995839394298835,0.6288903825774137,1.8431810218223492,346.502750645331,1.2519845861001209,0.3455336450704765,0.6288903825774137,1.9450402811399765,504.56722397469537
4,musk,hbos,empirical_weighted,733,543,733,543,516,27,0.05,0.0,0.0,0.0,estimated,1186,38,1779,59,0.6,0.5999999999999998,1.1102230246251565e-16,0.5999999999999999,0.5999999999999999,0.5879707700955593,543,733,1046,40,1.4999999999999993,2.220446049250313e-16,1.4999999999999991,1.4999999999999991,733.0000000000005,1.4999999999999991,0.0,1.4999999999999991,1.4999999999999991,543.0000000000002,0.8632543849423887,0.20995839394298835,0.6288903825774137,1.8431810218223492,346.502750645331,1.2519845861001209,0.3455336450704765,0.6288903825774137,1.9450402811399765,504.56722397469537
5,musk,hbos,empirical,676,572,676,572,543,29,0.051,0.0,1.0,0.0,estimated,1186,38,1779,59,0.6,0.5999999999999998,1.1102230246251565e-16,0.5999999999999999,0.5999999999999999,0.6200112422709387,572,676,1103,41,1.4999999999999993,2.220446049250313e-16,1.4999999999999991,1.4999999999999991,676.0000000000005,1.4999999999999991,0.0,1.4999999999999991,1.4999999999999991,572.0000000000002,,,,,0.0,,,,,0.0
5,musk,hbos,empirical_randomized,676,572,676,572,543,29,0.051,0.033,1.0,0.0,estimated,1186,38,1779,59,0.6,0.5999999999999998,1.1102230246251565e-16,0.5999999999999999,0.5999999999999999,0.6200112422709387,572,676,1103,41,1.4999999999999993,2.220446049250313e-16,1.4999999999999991,1.4999999999999991,676.0000000000005,1.4999999999999991,0.0,1.4999999999999991,1.4999999999999991,572.0000000000002,,,,,0.0,,,,,0.0
5,musk,hbos,empirical_randomized_weighted,676,572,676,572,543,29,0.051,0.0,0.0,0.0,estimated,1186,38,1779,59,0.6,0.5999999999999998,1.1102230246251565e-16,0.5999999999999999,0.5999999999999999,0.6200112422709387,572,676,1103,41,1.4999999999999993,2.220446049250313e-16,1.4999999999999991,1.4999999999999991,676.0000000000005,1.4999999999999991,0.0,1.4999999999999991,1.4999999999999991,572.0000000000002,0.8767347374998324,0.15535117025683387,0.6942004536168414,1.496134203662706,327.71075923078473,1.1883591662092965,0.26178011387208505,0.6942004536168414,1.7276449189503824,545.527525866477
5,musk,hbos,empirical_weighted,676,572,676,572,543,29,0.051,0.0,0.0,0.0,estimated,1186,38,1779,59,0.6,0.5999999999999998,1.1102230246251565e-16,0.5999999999999999,0.5999999999999999,0.6200112422709387,572,676,1103,41,1.4999999999999993,2.220446049250313e-16,1.4999999999999991,1.4999999999999991,676.0000000000005,1.4999999999999991,0.0,1.4999999999999991,1.4999999999999991,572.0000000000002,0.8767347374998324,0.15535117025683387,0.6942004536168414,1.496134203662706,327.71075923078473,1.1883591662092965,0.26178011387208505,0.6942004536168414,1.7276449189503824,545.527525866477
6,musk,hbos,empirical,743,535,743,535,508,27,0.05,0.0,1.0,0.0,estimated,1186,38,1779,59,0.6,0.5999999999999998,1.1102230246251565e-16,0.5999999999999999,0.5999999999999999,0.5823496346261945,535,743,1036,34,1.4999999999999993,2.220446049250313e-16,1.4999999999999991,1.4999999999999991,743.0000000000005,1.4999999999999993,2.220446049250313e-16,1.4999999999999991,1.4999999999999991,535.0000000000003,,,,,0.0,,,,,0.0
6,musk,hbos,empirical_randomized,743,535,743,535,508,27,0.05,0.0,1.0,0.0,estimated,1186,38,1779,59,0.6,0.5999999999999998,1.1102230246251565e-16,0.5999999999999999,0.5999999999999999,0.5823496346261945,535,743,1036,34,1.4999999999999993,2.220446049250313e-16,1.4999999999999991,1.4999999999999991,743.0000000000005,1.4999999999999993,2.220446049250313e-16,1.4999999999999991,1.4999999999999991,535.0000000000003,,,,,0.0,,,,,0.0
6,musk,hbos,empirical_randomized_weighted,743,535,743,535,508,27,0.05,0.0,0.0,0.0,estimated,1186,38,1779,59,0.6,0.5999999999999998,1.1102230246251565e-16,0.5999999999999999,0.5999999999999999,0.5823496346261945,535,743,1036,34,1.4999999999999993,2.220446049250313e-16,1.4999999999999991,1.4999999999999991,743.0000000000005,1.4999999999999993,2.220446049250313e-16,1.4999999999999991,1.4999999999999991,535.0000000000003,0.8465676107003837,0.18671959990004508,0.626086151950105,1.7246913954618424,354.7428084729331,1.2203339311161039,0.35819856599963185,0.626086151950105,1.9929812015275798,492.5623321995275
6,musk,hbos,empirical_weighted,743,535,743,535,508,27,0.05,0.0,0.0,0.0,estimated,1186,38,1779,59,0.6,0.5999999999999998,1.1102230246251565e-16,0.5999999999999999,0.5999999999999999,0.5823496346261945,535,743,1036,34,1.4999999999999993,2.220446049250313e-16,1.4999999999999991,1.4999999999999991,743.0000000000005,1.4999999999999993,2.220446049250313e-16,1.4999999999999991,1.4999999999999991,535.0000000000003,0.8465676107003837,0.18671959990004508,0.626086151950105,1.7246913954618424,354.7428084729331,1.2203339311161039,0.35819856599963185,0.626086151950105,1.9929812015275798,492.5623321995275
7,musk,hbos,empirical,702,557,702,557,529,28,0.05,0.0,1.0,0.0,estimated,1186,38,1779,59,0.6,0.5999999999999998,1.1102230246251565e-16,0.5999999999999999,0.5999999999999999,0.6053962900505903,557,702,1077,37,1.4999999999999993,2.220446049250313e-16,1.4999999999999991,1.4999999999999991,702.0000000000005,1.4999999999999991,0.0,1.4999999999999991,1.4999999999999991,557.0000000000001,,,,,0.0,,,,,0.0
7,musk,hbos,empirical_randomized,702,557,702,557,529,28,0.05,0.067,1.0,0.0,estimated,1186,38,1779,59,0.6,0.5999999999999998,1.1102230246251565e-16,0.5999999999999999,0.5999999999999999,0.6053962900505903,557,702,1077,37,1.4999999999999993,2.220446049250313e-16,1.4999999999999991,1.4999999999999991,702.0000000000005,1.4999999999999991,0.0,1.4999999999999991,1.4999999999999991,557.0000000000001,,,,,0.0,,,,,0.0
7,musk,hbos,empirical_randomized_weighted,702,557,702,557,529,28,0.05,0.0,0.0,0.0,estimated,1186,38,1779,59,0.6,0.5999999999999998,1.1102230246251565e-16,0.5999999999999999,0.5999999999999999,0.6053962900505903,557,702,1077,37,1.4999999999999993,2.220446049250313e-16,1.4999999999999991,1.4999999999999991,702.0000000000005,1.4999999999999991,0.0,1.4999999999999991,1.4999999999999991,557.0000000000001,0.869348250825939,0.16788734191803165,0.6613000024537816,1.601118209073259,338.3801773748867,1.2005195850927843,0.2930052276346006,0.6613000024537816,1.8180239115916104,525.6859930144615
7,musk,hbos,empirical_weighted,702,557,702,557,529,28,0.05,0.0,0.0,0.0,estimated,1186,38,1779,59,0.6,0.5999999999999998,1.1102230246251565e-16,0.5999999999999999,0.5999999999999999,0.6053962900505903,557,702,1077,37,1.4999999999999993,2.220446049250313e-16,1.4999999999999991,1.4999999999999991,702.0000000000005,1.4999999999999991,0.0,1.4999999999999991,1.4999999999999991,557.0000000000001,0.869348250825939,0.16788734191803165,0.6613000024537816,1.601118209073259,338.3801773748867,1.2005195850927843,0.2930052276346006,0.6613000024537816,1.8180239115916104,525.6859930144615
8,musk,hbos,empirical,677,570,677,570,542,28,0.049,0.282,1.0,0.0,estimated,1186,38,1779,59,0.6,0.5999999999999998,1.1102230246251565e-16,0.5999999999999999,0.5999999999999999,0.6194491287240023,570,677,1102,37,1.4999999999999993,2.220446049250313e-16,1.4999999999999991,1.4999999999999991,677.0000000000005,1.4999999999999991,0.0,1.4999999999999991,1.4999999999999991,570.0000000000002,,,,,0.0,,,,,0.0
8,musk,hbos,empirical_randomized,677,570,677,570,542,28,0.049,0.3,1.0,0.0,estimated,1186,38,1779,59,0.6,0.5999999999999998,1.1102230246251565e-16,0.5999999999999999,0.5999999999999999,0.6194491287240023,570,677,1102,37,1.4999999999999993,2.220446049250313e-16,1.4999999999999991,1.4999999999999991,677.0000000000005,1.4999999999999991,0.0,1.4999999999999991,1.4999999999999991,570.0000000000002,,,,,0.0,,,,,0.0
8,musk,hbos,empirical_randomized_weighted,677,570,677,570,542,28,0.049,0.4,0.536,0.0,estimated,1186,38,1779,59,0.6,0.5999999999999998,1.1102230246251565e-16,0.5999999999999999,0.5999999999999999,0.6194491287240023,570,677,1102,37,1.4999999999999993,2.220446049250313e-16,1.4999999999999991,1.4999999999999991,677.0000000000005,1.4999999999999991,0.0,1.4999999999999991,1.4999999999999991,570.0000000000002,0.8790300638008226,0.16739887789605665,0.6535886302381986,1.6083822618926606,327.1361363224295,1.2200284705959827,0.25670886525671077,0.6535886302381986,1.7205822160690796,545.834127020651
8,musk,hbos,empirical_weighted,677,570,677,570,542,28,0.049,0.0,0.0,0.0,estimated,1186,38,1779,59,0.6,0.5999999999999998,1.1102230246251565e-16,0.5999999999999999,0.5999999999999999,0.6194491287240023,570,677,1102,37,1.4999999999999993,2.220446049250313e-16,1.4999999999999991,1.4999999999999991,677.0000000000005,1.4999999999999991,0.0,1.4999999999999991,1.4999999999999991,570.0000000000002,0.8790300638008226,0.16739887789605665,0.6535886302381986,1.6083822618926606,327.1361363224295,1.2200284705959827,0.25670886525671077,0.6535886302381986,1.7205822160690796,545.834127020651
9,musk,hbos,empirical,712,551,712,551,523,28,0.051,0.0,1.0,0.0,estimated,1186,38,1779,59,0.6,0.5999999999999998,1.1102230246251565e-16,0.5999999999999999,0.5999999999999999,0.5997751545812254,551,712,1067,35,1.4999999999999993,2.220446049250313e-16,1.4999999999999991,1.4999999999999991,712.0000000000005,1.4999999999999991,0.0,1.4999999999999991,1.4999999999999991,551.0000000000002,,,,,0.0,,,,,0.0
9,musk,hbos,empirical_randomized,712,551,712,551,523,28,0.051,0.034,1.0,0.0,estimated,1186,38,1779,59,0.6,0.5999999999999998,1.1102230246251565e-16,0.5999999999999999,0.5999999999999999,0.5997751545812254,551,712,1067,35,1.4999999999999993,2.220446049250313e-16,1.4999999999999991,1.4999999999999991,712.0000000000005,1.4999999999999991,0.0,1.4999999999999991,1.4999999999999991,551.0000000000002,,,,,0.0,,,,,0.0
9,musk,hbos,empirical_randomized_weighted,712,551,712,551,523,28,0.051,0.0,0.0,0.0,estimated,1186,38,1779,59,0.6,0.5999999999999998,1.1102230246251565e-16,0.5999999999999999,0.5999999999999999,0.5997751545812254,551,712,1067,35,1.4999999999999993,2.220446049250313e-16,1.4999999999999991,1.4999999999999991,712.0000000000005,1.4999999999999991,0.0,1.4999999999999991,1.4999999999999991,551.0000000000002,0.8577847050481768,0.1703166024141126,0.6553889945115068,1.5522997935127214,342.4974822521907,1.1932417579232895,0.29287803579599114,0.6553889945115068,1.7746199988078302,519.6914950554813
9,musk,hbos,empirical_weighted,712,551,712,551,523,28,0.051,0.0,0.0,0.0,estimated,1186,38,1779,59,0.6,0.5999999999999998,1.1102230246251565e-16,0.5999999999999999,0.5999999999999999,0.5997751545812254,551,712,1067,35,1.4999999999999993,2.220446049250313e-16,1.4999999999999991,1.4999999999999991,712.0000000000005,1.4999999999999991,0.0,1.4999999999999991,1.4999999999999991,551.0000000000002,0.8577847050481768,0.1703166024141126,0.6553889945115068,1.5522997935127214,342.4974822521907,1.1932417579232895,0.29287803579599114,0.6553889945115068,1.7746199988078302,519.6914950554813
10,musk,hbos,empirical,700,557,700,557,529,28,0.05,0.0,1.0,0.0,estimated,1186,38,1779,59,0.6,0.5999999999999998,1.1102230246251565e-16,0.5999999999999999,0.5999999999999999,0.6065205171444632,557,700,1079,35,1.4999999999999993,2.220446049250313e-16,1.4999999999999991,1.4999999999999991,700.0000000000005,1.4999999999999991,0.0,1.4999999999999991,1.4999999999999991,557.0000000000001,,,,,0.0,,,,,0.0
10,musk,hbos,empirical_randomized,700,557,700,557,529,28,0.05,0.067,1.0,0.0,estimated,1186,38,1779,59,0.6,0.5999999999999998,1.1102230246251565e-16,0.5999999999999999,0.5999999999999999,0.6065205171444632,557,700,1079,35,1.4999999999999993,2.220446049250313e-16,1.4999999999999991,1.4999999999999991,700.0000000000005,1.4999999999999991,0.0,1.4999999999999991,1.4999999999999991,557.0000000000001,,,,,0.0,,,,,0.0
10,musk,hbos,empirical_randomized_weighted,700,557,700,557,529,28,0.05,0.0,0.0,0.0,estimated,1186,38,1779,59,0.6,0.5999999999999998,1.1102230246251565e-16,0.5999999999999999,0.5999999999999999,0.6065205171444632,557,700,1079,35,1.4999999999999993,2.220446049250313e-16,1.4999999999999991,1.4999999999999991,700.0000000000005,1.4999999999999991,0.0,1.4999999999999991,1.4999999999999991,557.0000000000001,0.8521100208683396,0.20884235637977847,0.607717293932742,1.9694371436040257,330.16738444276467,1.2494916569324108,0.40376859980951857,0.607717293932742,2.195061153583382,504.3355070137704
10,musk,hbos,empirical_weighted,700,557,700,557,529,28,0.05,0.0,0.0,0.0,estimated,1186,38,1779,59,0.6,0.5999999999999998,1.1102230246251565e-16,0.5999999999999999,0.5999999999999999,0.6065205171444632,557,700,1079,35,1.4999999999999993,2.220446049250313e-16,1.4999999999999991,1.4999999999999991,700.0000000000005,1.4999999999999991,0.0,1.4999999999999991,1.4999999999999991,557.0000000000001,0.8521100208683396,0.20884235637977847,0.607717293932742,1.9694371436040257,330.16738444276467,1.2494916569324108,0.40376859980951857,0.607717293932742,2.195061153583382,504.3355070137704
11,musk,hbos,empirical,691,560,691,560,532,28,0.05,0.0,1.0,0.0,estimated,1186,38,1779,59,0.6,0.5999999999999998,1.1102230246251565e-16,0.5999999999999999,0.5999999999999999,0.6115795390668916,560,691,1088,32,1.4999999999999993,2.220446049250313e-16,1.4999999999999991,1.4999999999999991,691.0000000000005,1.4999999999999991,0.0,1.4999999999999991,1.4999999999999991,560.0000000000001,,,,,0.0,,,,,0.0
11,musk,hbos,empirical_randomized,691,560,691,560,532,28,0.05,0.0,1.0,0.0,estimated,1186,38,1779,59,0.6,0.5999999999999998,1.1102230246251565e-16,0.5999999999999999,0.5999999999999999,0.6115795390668916,560,691,1088,32,1.4999999999999993,2.220446049250313e-16,1.4999999999999991,1.4999999999999991,691.0000000000005,1.4999999999999991,0.0,1.4999999999999991,1.4999999999999991,560.0000000000001,,,,,0.0,,,,,0.0
11,musk,hbos,empirical_randomized_weighted,691,560,691,560,532,28,0.05,0.286,0.357,0.0,estimated,1186,38,1779,59,0.6,0.5999999999999998,1.1102230246251565e-16,0.5999999999999999,0.5999999999999999,0.6115795390668916,560,691,1088,32,1.4999999999999993,2.220446049250313e-16,1.4999999999999991,1.4999999999999991,691.0000000000005,1.4999999999999991,0.0,1.4999999999999991,1.4999999999999991,560.0000000000001,0.8507359505239146,0.247040666733379,0.5260255188114142,1.8395713826109805,319.0930383646728,1.3069872494229136,0.4180305512594149,0.5260255188114142,2.2145779920880284,508.0289158930029
11,musk,hbos,empirical_weighted,691,560,691,560,532,28,0.05,0.0,0.0,0.0,estimated,1186,38,1779,59,0.6,0.5999999999999998,1.1102230246251565e-16,0.5999999999999999,0.5999999999999999,0.6115795390668916,560,691,1088,32,1.4999999999999993,2.220446049250313e-16,1.4999999999999991,1.4999999999999991,691.0000000000005,1.4999999999999991,0.0,1.4999999999999991,1.4999999999999991,560.0000000000001,0.8507359505239146,0.247040666733379,0.5260255188114142,1.8395713826109805,319.0930383646728,1.3069872494229136,0.4180305512594149,0.5260255188114142,2.2145779920880284,508.0289158930029
12,musk,hbos,empirical,725,544,725,544,517,27,0.05,0.036,1.0,0.0,estimated,1186,38,1779,59,0.6,0.5999999999999998,1.1102230246251565e-16,0.5999999999999999,0.5999999999999999,0.5924676784710512,544,725,1054,33,1.4999999999999993,2.220446049250313e-16,1.4999999999999991,1.4999999999999991,725.0000000000005,1.4999999999999991,0.0,1.4999999999999991,1.4999999999999991,544.0000000000002,,,,,0.0,,,,,0.0
12,musk,hbos,empirical_randomized,725,544,725,544,517,27,0.05,0.036,1.0,0.0,estimated,1186,38,1779,59,0.6,0.5999999999999998,1.1102230246251565e-16,0.5999999999999999,0.5999999999999999,0.5924676784710512,544,725,1054,33,1.4999999999999993,2.220446049250313e-16,1.4999999999999991,1.4999999999999991,725.0000000000005,1.4999999999999991,0.0,1.4999999999999991,1.4999999999999991,544.0000000000002,,,,,0.0,,,,,0.0
12,musk,hbos,empirical_randomized_weighted,725,544,725,544,517,27,0.05,0.067,0.519,0.0,estimated,1186,38,1779,59,0.6,0.5999999999999998,1.1102230246251565e-16,0.5999999999999999,0.5999999999999999,0.5924676784710512,544,725,1054,33,1.4999999999999993,2.220446049250313e-16,1.4999999999999991,1.4999999999999991,725.0000000000005,1.4999999999999991,0.0,1.4999999999999991,1.4999999999999991,544.0000000000002,0.8682575620626742,0.21374234570406622,0.6156361468030955,1.6871534728873543,342.2585866686007,1.2681616554994652,0.3665229251532554,0.6156361468030955,2.011549775337926,502.06176034228207
12,musk,hbos,empirical_weighted,725,544,725,544,517,27,0.05,0.0,0.0,0.0,estimated,1186,38,1779,59,0.6,0.5999999999999998,1.1102230246251565e-16,0.5999999999999999,0.5999999999999999,0.5924676784710512,544,725,1054,33,1.4999999999999993,2.220446049250313e-16,1.4999999999999991,1.4999999999999991,725.0000000000005,1.4999999999999991,0.0,1.4999999999999991,1.4999999999999991,544.0000000000002,0.8682575620626742,0.21374234570406622,0.6156361468030955,1.6871534728873543,342.2585866686007,1.2681616554994652,0.3665229251532554,0.6156361468030955,2.011549775337926,502.06176034228207
13,musk,hbos,empirical,700,557,700,557,529,28,0.05,0.034,1.0,0.0,estimated,1186,38,1779,59,0.6,0.5999999999999998,1.1102230246251565e-16,0.5999999999999999,0.5999999999999999,0.6065205171444632,557,700,1079,35,1.4999999999999993,2.220446049250313e-16,1.4999999999999991,1.4999999999999991,700.0000000000005,1.4999999999999991,0.0,1.4999999999999991,1.4999999999999991,557.0000000000001,,,,,0.0,,,,,0.0
13,musk,hbos,empirical_randomized,700,557,700,557,529,28,0.05,0.067,1.0,0.0,estimated,1186,38,1779,59,0.6,0.5999999999999998,1.1102230246251565e-16,0.5999999999999999,0.5999999999999999,0.6065205171444632,557,700,1079,35,1.4999999999999993,2.220446049250313e-16,1.4999999999999991,1.4999999999999991,700.0000000000005,1.4999999999999991,0.0,1.4999999999999991,1.4999999999999991,557.0000000000001,,,,,0.0,,,,,0.0
13,musk,hbos,empirical_randomized_weighted,700,557,700,557,529,28,0.05,0.0,0.0,0.0,estimated,1186,38,1779,59,0.6,0.5999999999999998,1.1102230246251565e-16,0.5999999999999999,0.5999999999999999,0.6065205171444632,557,700,1079,35,1.4999999999999993,2.220446049250313e-16,1.4999999999999991,1.4999999999999991,700.0000000000005,1.4999999999999991,0.0,1.4999999999999991,1.4999999999999991,557.0000000000001,0.8705879199737143,0.223557729612016,0.5375123632429335,1.647772832940291,328.34844599630435,1.264121813866899,0.33812695219114985,0.5375123632429335,2.011041326188125,519.8099855969326
13,musk,hbos,empirical_weighted,700,557,700,557,529,28,0.05,0.0,0.0,0.0,estimated,1186,38,1779,59,0.6,0.5999999999999998,1.1102230246251565e-16,0.5999999999999999,0.5999999999999999,0.6065205171444632,557,700,1079,35,1.4999999999999993,2.220446049250313e-16,1.4999999999999991,1.4999999999999991,700.0000000000005,1.4999999999999991,0.0,1.4999999999999991,1.4999999999999991,557.0000000000001,0.8705879199737143,0.223557729612016,0.5375123632429335,1.647772832940291,328.34844599630435,1.264121813866899,0.33812695219114985,0.5375123632429335,2.011041326188125,519.8099855969326
14,musk,hbos,empirical,745,536,745,536,509,27,0.05,0.0,1.0,0.0,estimated,1186,38,1779,59,0.6,0.5999999999999998,1.1102230246251565e-16,0.5999999999999999,0.5999999999999999,0.5812254075323215,536,745,1034,38,1.4999999999999993,2.220446049250313e-16,1.4999999999999991,1.4999999999999991,745.0000000000005,1.4999999999999991,0.0,1.4999999999999991,1.4999999999999991,536.0000000000002,,,,,0.0,,,,,0.0
14,musk,hbos,empirical_randomized,745,536,745,536,509,27,0.05,0.0,1.0,0.0,estimated,1186,38,1779,59,0.6,0.5999999999999998,1.1102230246251565e-16,0.5999999999999999,0.5999999999999999,0.5812254075323215,536,745,1034,38,1.4999999999999993,2.220446049250313e-16,1.4999999999999991,1.4999999999999991,745.0000000000005,1.4999999999999991,0.0,1.4999999999999991,1.4999999999999991,536.0000000000002,,,,,0.0,,,,,0.0
14,musk,hbos,empirical_randomized_weighted,745,536,745,536,509,27,0.05,0.0,0.0,0.0,estimated,1186,38,1779,59,0.6,0.5999999999999998,1.1102230246251565e-16,0.5999999999999999,0.5999999999999999,0.5812254075323215,536,745,1034,38,1.4999999999999993,2.220446049250313e-16,1.4999999999999991,1.4999999999999991,745.0000000000005,1.4999999999999991,0.0,1.4999999999999991,1.4999999999999991,536.0000000000002,0.8498525730244925,0.21525958107883508,0.5644971218917466,1.691654128913174,350.51249375655266,1.2504573398715702,0.34360270183351244,0.5644971218917466,1.9353453349006453,498.37055964388406
14,musk,hbos,empirical_weighted,745,536,745,536,509,27,0.05,0.0,0.0,0.0,estimated,1186,38,1779,59,0.6,0.5999999999999998,1.1102230246251565e-16,0.5999999999999999,0.5999999999999999,0.5812254075323215,536,745,1034,38,1.4999999999999993,2.220446049250313e-16,1.4999999999999991,1.4999999999999991,745.0000000000005,1.4999999999999991,0.0,1.4999999999999991,1.4999999999999991,536.0000000000002,0.8498525730244925,0.21525958107883508,0.5644971218917466,1.691654128913174,350.51249375655266,1.2504573398715702,0.34360270183351244,0.5644971218917466,1.9353453349006453,498.37055964388406
15,musk,hbos,empirical,739,538,739,538,511,27,0.05,0.1,1.0,0.0,estimated,1186,38,1779,59,0.6,0.5999999999999998,1.1102230246251565e-16,0.5999999999999999,0.5999999999999999,0.5845980888139404,538,739,1040,35,1.4999999999999993,2.220446049250313e-16,1.4999999999999991,1.4999999999999991,739.0000000000005,1.4999999999999991,0.0,1.4999999999999991,1.4999999999999991,538.0000000000002,,,,,0.0,,,,,0.0
15,musk,hbos,empirical_randomized,739,538,739,538,511,27,0.05,0.1,1.0,0.0,estimated,1186,38,1779,59,0.6,0.5999999999999998,1.1102230246251565e-16,0.5999999999999999,0.5999999999999999,0.5845980888139404,538,739,1040,35,1.4999999999999993,2.220446049250313e-16,1.4999999999999991,1.4999999999999991,739.0000000000005,1.4999999999999991,0.0,1.4999999999999991,1.4999999999999991,538.0000000000002,,,,,0.0,,,,,0.0
15,musk,hbos,empirical_randomized_weighted,739,538,739,538,511,27,0.05,0.1,1.0,0.0,estimated,1186,38,1779,59,0.6,0.5999999999999998,1.1102230246251565e-16,0.5999999999999999,0.5999999999999999,0.5845980888139404,538,739,1040,35,1.4999999999999993,2.220446049250313e-16,1.4999999999999991,1.4999999999999991,739.0000000000005,1.4999999999999991,0.0,1.4999999999999991,1.4999999999999991,538.0000000000002,0.8756736751240871,0.147545003028502,0.7034382581273769,1.4510981932298246,359.78570658395114,1.176071694962616,0.24840569109925303,0.7090811186257877,1.6695592516719933,515.0235678670214
15,musk,hbos,empirical_weighted,739,538,739,538,511,27,0.05,0.1,1.0,0.0,estimated,1186,38,1779,59,0.6,0.5999999999999998,1.1102230246251565e-16,0.5999999999999999,0.5999999999999999,0.5845980888139404,538,739,1040,35,1.4999999999999993,2.220446049250313e-16,1.4999999999999991,1.4999999999999991,739.0000000000005,1.4999999999999991,0.0,1.4999999999999991,1.4999999999999991,538.0000000000002,0.8756736751240871,0.147545003028502,0.7034382581273769,1.4510981932298246,359.78570658395114,1.176071694962616,0.24840569109925303,0.7090811186257877,1.6695592516719933,515.0235678670214
16,musk,hbos,empirical,745,538,745,538,511,27,0.05,0.0,1.0,0.0,estimated,1186,38,1779,59,0.6,0.5999999999999998,1.1102230246251565e-16,0.5999999999999999,0.5999999999999999,0.5812254075323215,538,745,1034,41,1.4999999999999993,2.220446049250313e-16,1.4999999999999991,1.4999999999999991,745.0000000000005,1.4999999999999991,0.0,1.4999999999999991,1.4999999999999991,538.0000000000002,,,,,0.0,,,,,0.0
16,musk,hbos,empirical_randomized,745,538,745,538,511,27,0.05,0.0,1.0,0.0,estimated,1186,38,1779,59,0.6,0.5999999999999998,1.1102230246251565e-16,0.5999999999999999,0.5999999999999999,0.5812254075323215,538,745,1034,41,1.4999999999999993,2.220446049250313e-16,1.4999999999999991,1.4999999999999991,745.0000000000005,1.4999999999999991,0.0,1.4999999999999991,1.4999999999999991,538.0000000000002,,,,,0.0,,,,,0.0
16,musk,hbos,empirical_randomized_weighted,745,538,745,538,511,27,0.05,0.0,0.0,0.0,estimated,1186,38,1779,59,0.6,0.5999999999999998,1.1102230246251565e-16,0.5999999999999999,0.5999999999999999,0.5812254075323215,538,745,1034,41,1.4999999999999993,2.220446049250313e-16,1.4999999999999991,1.4999999999999991,745.0000000000005,1.4999999999999991,0.0,1.4999999999999991,1.4999999999999991,538.0000000000002,0.8741064652651176,0.2094379683052226,0.5454608602604158,1.5830115239493594,352.7489345065285,1.2030347831185397,0.2745816771692978,0.5454608602604158,1.701569215402478,511.36120853402093
16,musk,hbos,empirical_weighted,745,538,745,538,511,27,0.05,0.0,0.0,0.0,estimated,1186,38,1779,59,0.6,0.5999999999999998,1.1102230246251565e-16,0.5999999999999999,0.5999999999999999,0.5812254075323215,538,745,1034,41,1.4999999999999993,2.220446049250313e-16,1.4999999999999991,1.4999999999999991,745.0000000000005,1.4999999999999991,0.0,1.4999999999999991,1.4999999999999991,538.0000000000002,0.8741064652651176,0.2094379683052226,0.5454608602604158,1.5830115239493594,352.7489345065285,1.2030347831185397,0.2745816771692978,0.5454608602604158,1.701569215402478,511.36120853402093
17,musk,hbos,empirical,682,565,682,565,537,28,0.05,0.067,1.0,0.0,estimated,1186,38,1779,59,0.6,0.5999999999999998,1.1102230246251565e-16,0.5999999999999999,0.5999999999999999,0.6166385609893198,565,682,1097,33,1.4999999999999993,2.220446049250313e-16,1.4999999999999991,1.4999999999999991,682.0000000000005,1.4999999999999991,0.0,1.4999999999999991,1.4999999999999991,565.0000000000001,,,,,0.0,,,,,0.0
17,musk,hbos,empirical_randomized,682,565,682,565,537,28,0.05,0.067,1.0,0.0,estimated,1186,38,1779,59,0.6,0.5999999999999998,1.1102230246251565e-16,0.5999999999999999,0.5999999999999999,0.6166385609893198,565,682,1097,33,1.4999999999999993,2.220446049250313e-16,1.4999999999999991,1.4999999999999991,682.0000000000005,1.4999999999999991,0.0,1.4999999999999991,1.4999999999999991,565.0000000000001,,,,,0.0,,,,,0.0
17,musk,hbos,empirical_randomized_weighted,682,565,682,565,537,28,0.05,0.0,0.0,0.0,estimated,1186,38,1779,59,0.6,0.5999999999999998,1.1102230246251565e-16,0.5999999999999999,0.5999999999999999,0.6166385609893198,565,682,1097,33,1.4999999999999993,2.220446049250313e-16,1.4999999999999991,1.4999999999999991,682.0000000000005,1.4999999999999991,0.0,1.4999999999999991,1.4999999999999991,565.0000000000001,0.8847558962893591,0.16911829899791606,0.6619248496528365,1.453466048805684,328.98001866259784,1.2472084965289782,0.2755746853654783,0.6619248496528365,1.7731587005851028,538.7004765780343
17,musk,hbos,empirical_weighted,682,565,682,565,537,28,0.05,0.0,0.0,0.0,estimated,1186,38,1779,59,0.6,0.5999999999999998,1.1102230246251565e-16,0.5999999999999999,0.5999999999999999,0.6166385609893198,565,682,1097,33,1.4999999999999993,2.220446049250313e-16,1.4999999999999991,1.4999999999999991,682.0000000000005,1.4999999999999991,0.0,1.4999999999999991,1.4999999999999991,565.0000000000001,0.8847558962893591,0.16911829899791606,0.6619248496528365,1.453466048805684,328.98001866259784,1.2472084965289782,0.2755746853654783,0.6619248496528365,1.7731587005851028,538.7004765780343
18,musk,hbos,empirical,752,533,752,533,506,27,0.051,0.069,1.0,0.0,estimated,1186,38,1779,59,0.6,0.5999999999999998,1.1102230246251565e-16,0.5999999999999999,0.5999999999999999,0.5772906127037661,533,752,1027,39,1.4999999999999993,2.220446049250313e-16,1.4999999999999991,1.4999999999999991,752.0000000000005,1.4999999999999993,2.220446049250313e-16,1.4999999999999991,1.4999999999999991,533.0000000000003,,,,,0.0,,,,,0.0
18,musk,hbos,empirical_randomized,752,533,752,533,506,27,0.051,0.069,1.0,0.0,estimated,1186,38,1779,59,0.6,0.5999999999999998,1.1102230246251565e-16,0.5999999999999999,0.5999999999999999,0.5772906127037661,533,752,1027,39,1.4999999999999993,2.220446049250313e-16,1.4999999999999991,1.4999999999999991,752.0000000000005,1.4999999999999993,2.220446049250313e-16,1.4999999999999991,1.4999999999999991,533.0000000000003,,,,,0.0,,,,,0.0
18,musk,hbos,empirical_randomized_weighted,752,533,752,533,506,27,0.051,0.111,0.593,0.0,estimated,1186,38,1779,59,0.6,0.5999999999999998,1.1102230246251565e-16,0.5999999999999999,0.5999999999999999,0.5772906127037661,533,752,1027,39,1.4999999999999993,2.220446049250313e-16,1.4999999999999991,1.4999999999999991,752.0000000000005,1.4999999999999993,2.220446049250313e-16,1.4999999999999991,1.4999999999999991,533.0000000000003,0.8619375116240378,0.202037952715029,0.5946248006898719,1.6935423434867811,356.4172760633099,1.2179144822613595,0.3148024452442921,0.5946248006898719,1.8106949334945182,499.6202818831063
18,musk,hbos,empirical_weighted,752,533,752,533,506,27,0.051,0.0,0.0,0.0,estimated,1186,38,1779,59,0.6,0.5999999999999998,1.1102230246251565e-16,0.5999999999999999,0.5999999999999999,0.5772906127037661,533,752,1027,39,1.4999999999999993,2.220446049250313e-16,1.4999999999999991,1.4999999999999991,752.0000000000005,1.4999999999999993,2.220446049250313e-16,1.4999999999999991,1.4999999999999991,533.0000000000003,0.8619375116240378,0.202037952715029,0.5946248006898719,1.6935423434867811,356.4172760633099,1.2179144822613595,0.3148024452442921,0.5946248006898719,1.8106949334945182,499.6202818831063
19,musk,hbos,empirical,714,550,714,550,522,28,0.051,0.067,1.0,0.0,estimated,1186,38,1779,59,0.6,0.5999999999999998,1.1102230246251565e-16,0.5999999999999999,0.5999999999999999,0.5986509274873525,550,714,1065,35,1.4999999999999993,2.220446049250313e-16,1.4999999999999991,1.4999999999999991,714.0000000000005,1.4999999999999991,0.0,1.4999999999999991,1.4999999999999991,550.0000000000002,,,,,0.0,,,,,0.0
19,musk,hbos,empirical_randomized,714,550,714,550,522,28,0.051,0.067,1.0,0.0,estimated,1186,38,1779,59,0.6,0.5999999999999998,1.1102230246251565e-16,0.5999999999999999,0.5999999999999999,0.5986509274873525,550,714,1065,35,1.4999999999999993,2.220446049250313e-16,1.4999999999999991,1.4999999999999991,714.0000000000005,1.4999999999999991,0.0,1.4999999999999991,1.4999999999999991,550.0000000000002,,,,,0.0,,,,,0.0
19,musk,hbos,empirical_randomized_weighted,714,550,714,550,522,28,0.051,0.0,0.0,0.0,estimated,1186,38,1779,59,0.6,0.5999999999999998,1.1102230246251565e-16,0.5999999999999999,0.5999999999999999,0.5986509274873525,550,714,1065,35,1.4999999999999993,2.220446049250313e-16,1.4999999999999991,1.4999999999999991,714.0000000000005,1.4999999999999991,0.0,1.4999999999999991,1.4999999999999991,550.0000000000002,0.8356410557238274,0.20157333138934544,0.6255029641325296,1.7328503287843275,337.3694545195947,1.2723937828625949,0.4498987288548453,0.6255029641325296,2.2305580343122138,488.8793269175772
19,musk,hbos,empirical_weighted,714,550,714,550,522,28,0.051,0.0,0.0,0.0,estimated,1186,38,1779,59,0.6,0.5999999999999998,1.1102230246251565e-16,0.5999999999999999,0.5999999999999999,0.5986509274873525,550,714,1065,35,1.4999999999999993,2.220446049250313e-16,1.4999999999999991,1.4999999999999991,714.0000000000005,1.4999999999999991,0.0,1.4999999999999991,1.4999999999999991,550.0000000000002,0.8356410557238274,0.20157333138934544,0.6255029641325296,1.7328503287843275,337.3694545195947,1.2723937828625949,0.4498987288548453,0.6255029641325296,2.2305580343122138,488.8793269175772
20,musk,hbos,empirical,709,553,709,553,525,28,0.051,0.0,1.0,0.0,estimated,1186,38,1779,59,0.6,0.5999999999999998,1.1102230246251565e-16,0.5999999999999999,0.5999999999999999,0.6014614952220348,553,709,1070,36,1.4999999999999993,2.220446049250313e-16,1.4999999999999991,1.4999999999999991,709.0000000000005,1.4999999999999991,0.0,1.4999999999999991,1.4999999999999991,553.0000000000002,,,,,0.0,,,,,0.0
20,musk,hbos,empirical_randomized,709,553,709,553,525,28,0.051,0.0,1.0,0.0,estimated,1186,38,1779,59,0.6,0.5999999999999998,1.1102230246251565e-16,0.5999999999999999,0.5999999999999999,0.6014614952220348,553,709,1070,36,1.4999999999999993,2.220446049250313e-16,1.4999999999999991,1.4999999999999991,709.0000000000005,1.4999999999999991,0.0,1.4999999999999991,1.4999999999999991,553.0000000000002,,,,,0.0,,,,,0.0
20,musk,hbos,empirical_randomized_weighted,709,553,709,553,525,28,0.051,0.0,0.536,0.0,estimated,1186,38,1779,59,0.6,0.5999999999999998,1.1102230246251565e-16,0.5999999999999999,0.5999999999999999,0.6014614952220348,553,709,1070,36,1.4999999999999993,2.220446049250313e-16,1.4999999999999991,1.4999999999999991,709.0000000000005,1.4999999999999991,0.0,1.4999999999999991,1.4999999999999991,553.0000000000002,0.8623030277911108,0.19295476508385898,0.6137676429775977,1.5624782242318036,338.07219500194856,1.2306657616177403,0.3491692398959992,0.6137676429775977,1.9742641697151473,511.80045795429106
20,musk,hbos,empirical_weighted,709,553,709,553,525,28,0.051,0.0,0.0,0.0,estimated,1186,38,1779,59,0.6,0.5999999999999998,1.1102230246251565e-16,0.5999999999999999,0.5999999999999999,0.6014614952220348,553,709,1070,36,1.4999999999999993,2.220446049250313e-16,1.4999999999999991,1.4999999999999991,709.0000000000005,1.4999999999999991,0.0,1.4999999999999991,1.4999999999999991,553.0000000000002,0.8623030277911108,0.19295476508385898,0.6137676429775977,1.5624782242318036,338.07219500194856,1.2306657616177403,0.3491692398959992,0.6137676429775977,1.9742641697151473,511.80045795429106
21,musk,hbos,empirical,711,552,711,552,524,28,0.051,0.0,1.0,0.0,estimated,1186,38,1779,59,0.6,0.5999999999999998,1.1102230246251565e-16,0.5999999999999999,0.5999999999999999,0.6003372681281619,552,711,1068,37,1.4999999999999993,2.220446049250313e-16,1.4999999999999991,1.4999999999999991,711.0000000000005,1.4999999999999991,0.0,1.4999999999999991,1.4999999999999991,552.0000000000002,,,,,0.0,,,,,0.0
21,musk,hbos,empirical_randomized,711,552,711,552,524,28,0.051,0.067,1.0,0.0,estimated,1186,38,1779,59,0.6,0.5999999999999998,1.1102230246251565e-16,0.5999999999999999,0.5999999999999999,0.6003372681281619,552,711,1068,37,1.4999999999999993,2.220446049250313e-16,1.4999999999999991,1.4999999999999991,711.0000000000005,1.4999999999999991,0.0,1.4999999999999991,1.4999999999999991,552.0000000000002,,,,,0.0,,,,,0.0
21,musk,hbos,empirical_randomized_weighted,711,552,711,552,524,28,0.051,0.0,0.0,0.0,estimated,1186,38,1779,59,0.6,0.5999999999999998,1.1102230246251565e-16,0.5999999999999999,0.5999999999999999,0.6003372681281619,552,711,1068,37,1.4999999999999993,2.220446049250313e-16,1.4999999999999991,1.4999999999999991,711.0000000000005,1.4999999999999991,0.0,1.4999999999999991,1.4999999999999991,552.0000000000002,0.8747518357841092,0.13273411031061785,0.7113968291509011,1.3380589377685344,347.9876629793695,1.1542715391604719,0.2565408086524743,0.7113968291509011,1.6875451869637361,526.0165763608127
21,musk,hbos,empirical_weighted,711,552,711,552,524,28,0.051,0.0,0.0,0.0,estimated,1186,38,1779,59,0.6,0.5999999999999998,1.1102230246251565e-16,0.5999999999999999,0.5999999999999999,0.6003372681281619,552,711,1068,37,1.4999999999999993,2.220446049250313e-16,1.4999999999999991,1.4999999999999991,711.0000000000005,1.4999999999999991,0.0,1.4999999999999991,1.4999999999999991,552.0000000000002,0.8747518357841092,0.13273411031061785,0.7113968291509011,1.3380589377685344,347.9876629793695,1.1542715391604719,0.2565408086524743,0.7113968291509011,1.6875451869637361,526.0165763608127
22,musk,hbos,empirical,712,546,712,546,522,24,0.044,0.0,1.0,0.0,estimated,1186,38,1779,59,0.6,0.5999999999999998,1.1102230246251565e-16,0.5999999999999999,0.5999999999999999,0.5997751545812254,546,712,1067,24,1.4999999999999993,2.220446049250313e-16,1.4999999999999991,1.4999999999999991,712.0000000000005,1.4999999999999991,0.0,1.4999999999999991,1.4999999999999991,546.0000000000002,,,,,0.0,,,,,0.0
22,musk,hbos,empirical_randomized,712,546,712,546,522,24,0.044,0.0,1.0,0.0,estimated,1186,38,1779,59,0.6,0.5999999999999998,1.1102230246251565e-16,0.5999999999999999,0.5999999999999999,0.5997751545812254,546,712,1067,24,1.4999999999999993,2.220446049250313e-16,1.4999999999999991,1.4999999999999991,712.0000000000005,1.4999999999999991,0.0,1.4999999999999991,1.4999999999999991,546.0000000000002,,,,,0.0,,,,,0.0
22,musk,hbos,empirical_randomized_weighted,712,546,712,546,522,24,0.044,0.0,0.0,0.0,estimated,1186,38,1779,59,0.6,0.5999999999999998,1.1102230246251565e-16,0.5999999999999999,0.5999999999999999,0.5997751545812254,546,712,1067,24,1.4999999999999993,2.220446049250313e-16,1.4999999999999991,1.4999999999999991,712.0000000000005,1.4999999999999991,0.0,1.4999999999999991,1.4999999999999991,546.0000000000002,0.8669457910543439,0.21796977218551605,0.5835831535371191,1.802370172043862,334.834026820981,1.238258632570482,0.3239698287441952,0.5835831535371191,1.904977370587623,511.0196610415099
22,musk,hbos,empirical_weighted,712,546,712,546,522,24,0.044,0.0,0.0,0.0,estimated,1186,38,1779,59,0.6,0.5999999999999998,1.1102230246251565e-16,0.5999999999999999,0.5999999999999999,0.5997751545812254,546,712,1067,24,1.4999999999999993,2.220446049250313e-16,1.4999999999999991,1.4999999999999991,712.0000000000005,1.4999999999999991,0.0,1.4999999999999991,1.4999999999999991,546.0000000000002,0.8669457910543439,0.21796977218551605,0.5835831535371191,1.802370172043862,334.834026820981,1.238258632570482,0.3239698287441952,0.5835831535371191,1.904977370587623,511.0196610415099
23,musk,hbos,empirical,701,556,701,556,528,28,0.05,0.0,1.0,0.0,estimated,1186,38,1779,59,0.6,0.5999999999999998,1.1102230246251565e-16,0.5999999999999999,0.5999999999999999,0.6059584035975267,556,701,1078,35,1.4999999999999993,2.220446049250313e-16,1.4999999999999991,1.4999999999999991,701.0000000000005,1.4999999999999991,0.0,1.4999999999999991,1.4999999999999991,556.0000000000001,,,,,0.0,,,,,0.0
23,musk,hbos,empirical_randomized,701,556,701,556,528,28,0.05,0.067,1.0,0.0,estimated,1186,38,1779,59,0.6,0.5999999999999998,1.1102230246251565e-16,0.5999999999999999,0.5999999999999999,0.6059584035975267,556,701,1078,35,1.4999999999999993,2.220446049250313e-16,1.4999999999999991,1.4999999999999991,701.0000000000005,1.4999999999999991,0.0,1.4999999999999991,1.4999999999999991,556.0000000000001,,,,,0.0,,,,,0.0
23,musk,hbos,empirical_randomized_weighted,701,556,701,556,528,28,0.05,0.0,0.0,0.0,estimated,1186,38,1779,59,0.6,0.5999999999999998,1.1102230246251565e-16,0.5999999999999999,0.5999999999999999,0.6059584035975267,556,701,1078,35,1.4999999999999993,2.220446049250313e-16,1.4999999999999991,1.4999999999999991,701.0000000000005,1.4999999999999991,0.0,1.4999999999999991,1.4999999999999991,556.0000000000001,0.8603805938737293,0.176610288113168,0.6311684847174422,1.4554458360903921,336.8083266845013,1.2077036729201998,0.28284343961825836,0.6311684847174422,1.7237464806966456,527.0894868805547
23,musk,hbos,empirical_weighted,701,556,701,556,528,28,0.05,0.0,0.0,0.0,estimated,1186,38,1779,59,0.6,0.5999999999999998,1.1102230246251565e-16,0.5999999999999999,0.5999999999999999,0.6059584035975267,556,701,1078,35,1.4999999999999993,2.220446049250313e-16,1.4999999999999991,1.4999999999999991,701.0000000000005,1.4999999999999991,0.0,1.4999999999999991,1.4999999999999991,556.0000000000001,0.8603805938737293,0.176610288113168,0.6311684847174422,1.4554458360903921,336.8083266845013,1.2077036729201998,0.28284343961825836,0.6311684847174422,1.7237464806966456,527.0894868805547
24,musk,hbos,empirical,733,542,733,542,515,27,0.05,0.27,1.0,0.0,estimated,1186,38,1779,59,0.6,0.5999999999999998,1.1102230246251565e-16,0.5999999999999999,0.5999999999999999,0.5879707700955593,542,733,1046,39,1.4999999999999993,2.220446049250313e-16,1.4999999999999991,1.4999999999999991,733.0000000000005,1.4999999999999991,0.0,1.4999999999999991,1.4999999999999991,542.0000000000002,,,,,0.0,,,,,0.0
24,musk,hbos,empirical_randomized,733,542,733,542,515,27,0.05,0.27,1.0,0.0,estimated,1186,38,1779,59,0.6,0.5999999999999998,1.1102230246251565e-16,0.5999999999999999,0.5999999999999999,0.5879707700955593,542,733,1046,39,1.4999999999999993,2.220446049250313e-16,1.4999999999999991,1.4999999999999991,733.0000000000005,1.4999999999999991,0.0,1.4999999999999991,1.4999999999999991,542.0000000000002,,,,,0.0,,,,,0.0
24,musk,hbos,empirical_randomized_weighted,733,542,733,542,515,27,0.05,0.389,0.407,0.0,estimated,1186,38,1779,59,0.6,0.5999999999999998,1.1102230246251565e-16,0.5999999999999999,0.5999999999999999,0.5879707700955593,542,733,1046,39,1.4999999999999993,2.220446049250313e-16,1.4999999999999991,1.4999999999999991,733.0000000000005,1.4999999999999991,0.0,1.4999999999999991,1.4999999999999991,542.0000000000002,0.8688622669644289,0.17935008760309246,0.6220633628136368,1.4950129820884122,352.0015662838128,1.1937970590588582,0.26420040418432295,0.6220633628136368,1.7278015577262695,516.6931189425734
24,musk,hbos,empirical_weighted,733,542,733,542,515,27,0.05,0.0,0.0,0.0,estimated,1186,38,1779,59,0.6,0.5999999999999998,1.1102230246251565e-16,0.5999999999999999,0.5999999999999999,0.5879707700955593,542,733,1046,39,1.4999999999999993,2.220446049250313e-16,1.4999999999999991,1.4999999999999991,733.0000000000005,1.4999999999999991,0.0,1.4999999999999991,1.4999999999999991,542.0000000000002,0.8688622669644289,0.17935008760309246,0.6220633628136368,1.4950129820884122,352.0015662838128,1.1937970590588582,0.26420040418432295,0.6220633628136368,1.7278015577262695,516.6931189425734
25,musk,hbos,empirical,709,553,709,553,525,28,0.051,0.034,1.0,0.0,estimated,1186,38,1779,59,0.6,0.5999999999999998,1.1102230246251565e-16,0.5999999999999999,0.5999999999999999,0.6014614952220348,553,709,1070,36,1.4999999999999993,2.220446049250313e-16,1.4999999999999991,1.4999999999999991,709.0000000000005,1.4999999999999991,0.0,1.4999999999999991,1.4999999999999991,553.0000000000002,,,,,0.0,,,,,0.0
25,musk,hbos,empirical_randomized,709,553,709,553,525,28,0.051,0.067,1.0,0.0,estimated,1186,38,1779,59,0.6,0.5999999999999998,1.1102230246251565e-16,0.5999999999999999,0.5999999999999999,0.6014614952220348,553,709,1070,36,1.4999999999999993,2.220446049250313e-16,1.4999999999999991,1.4999999999999991,709.0000000000005,1.4999999999999991,0.0,1.4999999999999991,1.4999999999999991,553.0000000000002,,,,,0.0,,,,,0.0
25,musk,hbos,empirical_randomized_weighted,709,553,709,553,525,28,0.051,0.167,0.357,0.0,estimated,1186,38,1779,59,0.6,0.5999999999999998,1.1102230246251565e-16,0.5999999999999999,0.5999999999999999,0.6014614952220348,553,709,1070,36,1.4999999999999993,2.220446049250313e-16,1.4999999999999991,1.4999999999999991,709.0000000000005,1.4999999999999991,0.0,1.4999999999999991,1.4999999999999991,553.0000000000002,0.858572325805805,0.19852273839823484,0.6302606834594356,1.7107367295133453,336.98330494177395,1.2149997616044068,0.3290138558292637,0.6302606834594356,1.8787789288375056,515.219452919232
25,musk,hbos,empirical_weighted,709,553,709,553,525,28,0.051,0.0,0.0,0.0,estimated,1186,38,1779,59,0.6,0.5999999999999998,1.1102230246251565e-16,0.5999999999999999,0.5999999999999999,0.6014614952220348,553,709,1070,36,1.4999999999999993,2.220446049250313e-16,1.4999999999999991,1.4999999999999991,709.0000000000005,1.4999999999999991,0.0,1.4999999999999991,1.4999999999999991,553.0000000000002,0.858572325805805,0.19852273839823484,0.6302606834594356,1.7107367295133453,336.98330494177395,1.2149997616044068,0.3290138558292637,0.6302606834594356,1.8787789288375056,515.219452919232
1,musk,hbos,empirical_randomized_weighted,717,548,717,548,521,27,0.049,0.0,0.0,0.5,estimated,1186,38,1779,59,0.6,0.5999999999999998,0.0990285119786859,0.4402819956202017,0.7,0.596964586846543,548,717,1062,34,1.502856773970598,0.6385034477037713,0.7866139594849393,2.333333333333333,607.3667433210697,1.7454202910529457,0.6403218102735347,0.8069363280122512,2.333333333333333,482.995999860965,0.8141913058132586,0.28810012604356694,0.5396154266032374,2.147696267381833,319.0519668379133,1.5926704241476888,0.8772137143006538,0.5396154266032374,3.564667189534087,420.4516023877689
1,musk,hbos,empirical_weighted,717,548,717,548,521,27,0.049,0.0,0.0,0.5,estimated,1186,38,1779,59,0.6,0.5999999999999998,0.0990285119786859,0.4402819956202017,0.7,0.596964586846543,548,717,1062,34,1.502856773970598,0.6385034477037713,0.7866139594849393,2.333333333333333,607.3667433210697,1.7454202910529457,0.6403218102735347,0.8069363280122512,2.333333333333333,482.995999860965,0.8141913058132586,0.28810012604356694,0.5396154266032374,2.147696267381833,319.0519668379133,1.5926704241476888,0.8772137143006538,0.5396154266032374,3.564667189534087,420.4516023877689
2,musk,hbos,empirical_randomized_weighted,714,549,714,549,522,27,0.049,0.769,0.111,0.5,estimated,1186,38,1779,59,0.6,0.6000000000000001,0.10174590034131499,0.43915590988901826,0.7,0.5986509274873525,549,714,1065,33,1.4964304731576872,0.6504956900315538,0.7843192493746471,2.333333333333333,600.5235363405623,1.797578430049278,0.634843616544017,0.7830267228136729,2.333333333333333,488.1187814658697,0.8372184907748981,0.4316850952137059,0.4095782188734409,2.192815461584906,282.0212333300873,1.6128403897076744,0.7614988940599183,0.4095782188734409,3.144949495674586,448.9242529049446
2,musk,hbos,empirical_weighted,714,549,714,549,522,27,0.049,0.0,0.0,0.5,estimated,1186,38,1779,59,0.6,0.6000000000000001,0.10174590034131499,0.43915590988901826,0.7,0.5986509274873525,549,714,1065,33,1.4964304731576872,0.6504956900315538,0.7843192493746471,2.333333333333333,600.5235363405623,1.797578430049278,0.634843616544017,0.7830267228136729,2.333333333333333,488.1187814658697,0.8372184907748981,0.4316850952137059,0.4095782188734409,2.192815461584906,282.0212333300873,1.6128403897076744,0.7614988940599183,0.4095782188734409,3.144949495674586,448.9242529049446
3,musk,hbos,empirical_randomized_weighted,714,550,714,550,522,28,0.051,0.0,0.429,0.5,estimated,1186,38,1779,59,0.6,0.6,0.09991015532033207,0.43801350383774423,0.7,0.5986509274873525,550,714,1065,35,1.4979589227738261,0.6446464542816406,0.7794021864028592,2.333333333333333,602.4294481705284,1.8110133528943904,0.6212119180482623,0.8236057041858384,2.333333333333333,492.09868133001555,0.8161963021310983,0.44996512476133754,0.34034483189465403,2.4631042734873,273.7884537458329,1.6442086651888774,0.7308301976936307,0.34034483189465403,2.9987012398556683,459.26367259071526
3,musk,hbos,empirical_weighted,714,550,714,550,522,28,0.051,0.0,0.0,0.5,estimated,1186,38,1779,59,0.6,0.6,0.09991015532033207,0.43801350383774423,0.7,0.5986509274873525,550,714,1065,35,1.4979589227738261,0.6446464542816406,0.7794021864028592,2.333333333333333,602.4294481705284,1.8110133528943904,0.6212119180482623,0.8236057041858384,2.333333333333333,492.09868133001555,0.8161963021310983,0.44996512476133754,0.34034483189465403,2.4631042734873,273.7884537458329,1.6442086651888774,0.7308301976936307,0.34034483189465403,2.9987012398556683,459.26367259071526
4,musk,hbos,empirical_randomized_weighted,739,541,739,541,514,27,0.05,0.0,0.0,0.5,estimated,1186,38,1779,59,0.6,0.5999999999999998,0.09866126409926379,0.4408772636357199,0.7,0.5845980888139404,541,739,1040,42,1.5177600328088572,0.6414784979158272,0.7973188304893009,2.333333333333333,626.9983588183084,1.7462624845144843,0.6323183883520933,0.7987053480639862,2.333333333333333,478.28909678071545,0.8315651125502022,0.31644506817616036,0.4657880735002301,2.2016522331971173,323.19720982184805,1.4623150997452607,0.6535127825307008,0.4657880735002301,2.8326082613317314,450.9377421742095
4,musk,hbos,empirical_weighted,739,541,739,541,514,27,0.05,0.0,0.0,0.5,estimated,1186,38,1779,59,0.6,0.5999999999999998,0.09866126409926379,0.4408772636357199,0.7,0.5845980888139404,541,739,1040,42,1.5177600328088572,0.6414784979158272,0.7973188304893009,2.333333333333333,626.9983588183084,1.7462624845144843,0.6323183883520933,0.7987053480639862,2.333333333333333,478.28909678071545,0.8315651125502022,0.31644506817616036,0.4657880735002301,2.2016522331971173,323.19720982184805,1.4623150997452607,0.6535127825307008,0.4657880735002301,2.8326082613317314,450.9377421742095
5,musk,hbos,empirical_randomized_weighted,695,564,695,564,536,28,0.05,0.0,0.0,0.5,estimated,1186,38,1779,59,0.6,0.6,0.10002359622059451,0.44225540763425875,0.7,0.6093310848791456,564,695,1084,44,1.5276120127754864,0.6497363172465025,0.792935357308224,2.333333333333333,588.5321783710456,1.7472074836132636,0.6362063767636028,0.7978898597072045,2.333333333333333,497.97416728565656,0.835470448564424,0.3522469149955487,0.4128599307383931,1.9904539672826949,295.476346180874,1.475709682346071,0.6007235715205452,0.4128599307383931,2.7472405669230295,483.82550203650044
5,musk,hbos,empirical_weighted,695,564,695,564,536,28,0.05,0.0,0.0,0.5,estimated,1186,38,1779,59,0.6,0.6,0.10002359622059451,0.44225540763425875,0.7,0.6093310848791456,564,695,1084,44,1.5276120127754864,0.6497363172465025,0.792935357308224,2.333333333333333,588.5321783710456,1.7472074836132636,0.6362063767636028,0.7978898597072045,2.333333333333333,497.97416728565656,0.835470448564424,0.3522469149955487,0.4128599307383931,1.9904539672826949,295.476346180874,1.475709682346071,0.6007235715205452,0.4128599307383931,2.7472405669230295,483.82550203650044
6,musk,hbos,empirical_randomized_weighted,743,536,743,536,509,27,0.05,0.0,0.0,0.5,estimated,1186,38,1779,59,0.6,0.5999999999999998,0.10385295010822057,0.43194523205233104,0.7,0.5823496346261945,536,743,1036,35,1.4508192590159708,0.6492943643056073,0.7642871132331424,2.333333333333333,619.0176949582685,1.8294755905746003,0.6296517785243924,0.777122263477074,2.333333333333333,479.2331866816769,0.8099920389559757,0.465673544739989,0.3505166434033668,2.59137654660329,279.58931310997804,1.7016187490385655,0.8120698499418108,0.3505166434033668,3.117778197301024,436.5702427537507
6,musk,hbos,empirical_weighted,743,536,743,536,509,27,0.05,0.0,0.0,0.5,estimated,1186,38,1779,59,0.6,0.5999999999999998,0.10385295010822057,0.43194523205233104,0.7,0.5823496346261945,536,743,1036,35,1.4508192590159708,0.6492943643056073,0.7642871132331424,2.333333333333333,619.0176949582685,1.8294755905746003,0.6296517785243924,0.777122263477074,2.333333333333333,479.2331866816769,0.8099920389559757,0.465673544739989,0.3505166434033668,2.59137654660329,279.58931310997804,1.7016187490385655,0.8120698499418108,0.3505166434033668,3.117778197301024,436.5702427537507
7,musk,hbos,empirical_randomized_weighted,709,554,709,554,526,28,0.051,0.0,0.0,0.5,estimated,1186,38,1779,59,0.6,0.5999999999999998,0.1002871100025216,0.4390312618178604,0.7,0.6014614952220348,554,709,1070,39,1.4806375448074376,0.6343407757450188,0.7826305316773506,2.333333333333333,599.0466669702205,1.7628911730321926,0.6409619806870049,0.7913616386944137,2.333333333333333,489.31519999720786,0.8100724920375577,0.3770234630000426,0.4340784111833135,1.9893881647162948,291.7931581754685,1.5909803201026569,0.7369241519877079,0.4340784111833135,2.9897298545722015,456.1383465108466
7,musk,hbos,empirical_weighted,709,554,709,554,526,28,0.051,0.0,0.0,0.5,estimated,1186,38,1779,59,0.6,0.5999999999999998,0.1002871100025216,0.4390312618178604,0.7,0.6014614952220348,554,709,1070,39,1.4806375448074376,0.6343407757450188,0.7826305316773506,2.333333333333333,599.0466669702205,1.7628911730321926,0.6409619806870049,0.7913616386944137,2.333333333333333,489.31519999720786,0.8100724920375577,0.3770234630000426,0.4340784111833135,1.9893881647162948,291.7931581754685,1.5909803201026569,0.7369241519877079,0.4340784111833135,2.9897298545722015,456.1383465108466
8,musk,hbos,empirical_randomized_weighted,688,566,688,566,538,28,0.049,0.0,0.0,0.5,estimated,1186,38,1779,59,0.6,0.5999999999999998,0.09942871299796287,0.4407315423256967,0.7,0.613265879707701,566,688,1091,40,1.519444568504432,0.6458203969221092,0.7999953712891549,2.333333333333333,582.7266029071498,1.7922522934398113,0.6321883154105278,0.788050061250481,2.333333333333333,503.3700568553567,0.8298025162473512,0.3295522384222842,0.4786131578418284,2.3405371753089534,297.1346060457201,1.5107922483886331,0.6387332472812316,0.4786131578418284,2.784423159412545,480.17243781934525
8,musk,hbos,empirical_weighted,688,566,688,566,538,28,0.049,0.0,0.0,0.5,estimated,1186,38,1779,59,0.6,0.5999999999999998,0.09942871299796287,0.4407315423256967,0.7,0.613265879707701,566,688,1091,40,1.519444568504432,0.6458203969221092,0.7999953712891549,2.333333333333333,582.7266029071498,1.7922522934398113,0.6321883154105278,0.788050061250481,2.333333333333333,503.3700568553567,0.8298025162473512,0.3295522384222842,0.4786131578418284,2.3405371753089534,297.1346060457201,1.5107922483886331,0.6387332472812316,0.4786131578418284,2.784423159412545,480.17243781934525
9,musk,hbos,empirical_randomized_weighted,705,556,705,556,528,28,0.05,0.0,0.0,0.5,estimated,1186,38,1779,59,0.6,0.5999999999999998,0.09871819829434615,0.4434222306491774,0.7,0.6037099494097807,556,705,1074,37,1.4872255446535634,0.6328804972825101,0.7966941100906226,2.333333333333333,596.9072413935909,1.7764714814619937,0.6262273002939207,0.8208967048422038,2.333333333333333,494.54549013109573,0.8259255541933939,0.40800409982328184,0.38630927940743465,2.0605763843073075,283.7546987220428,1.5631801919479063,0.612336801992572,0.39345358075624515,2.546464794138716,482.03279277007636
9,musk,hbos,empirical_weighted,705,556,705,556,528,28,0.05,0.0,0.0,0.5,estimated,1186,38,1779,59,0.6,0.5999999999999998,0.09871819829434615,0.4434222306491774,0.7,0.6037099494097807,556,705,1074,37,1.4872255446535634,0.6328804972825101,0.7966941100906226,2.333333333333333,596.9072413935909,1.7764714814619937,0.6262273002939207,0.8208967048422038,2.333333333333333,494.54549013109573,0.8259255541933939,0.40800409982328184,0.38630927940743465,2.0605763843073075,283.7546987220428,1.5631801919479063,0.612336801992572,0.39345358075624515,2.546464794138716,482.03279277007636
10,musk,hbos,empirical_randomized_weighted,714,552,714,552,524,28,0.051,0.0,0.0,0.5,estimated,1186,38,1779,59,0.6,0.5999999999999998,0.10095123752089313,0.43738992562744927,0.7,0.5986509274873525,552,714,1065,38,1.487632578095551,0.6420836986941314,0.7924996416482465,2.333333333333333,601.8759193656432,1.7749625774333462,0.6377530333932935,0.7886002864072426,2.333333333333333,488.8848983482299,0.790600647723395,0.3976031516817872,0.4267045080297416,2.427893285107064,284.93411092705867,1.7384189163284625,0.939711956437314,0.4267045080297416,3.6170828854990993,427.17836291001896
10,musk,hbos,empirical_weighted,714,552,714,552,524,28,0.051,0.0,0.0,0.5,estimated,1186,38,1779,59,0.6,0.5999999999999998,0.10095123752089313,0.43738992562744927,0.7,0.5986509274873525,552,714,1065,38,1.487632578095551,0.6420836986941314,0.7924996416482465,2.333333333333333,601.8759193656432,1.7749625774333462,0.6377530333932935,0.7886002864072426,2.333333333333333,488.8848983482299,0.790600647723395,0.3976031516817872,0.4267045080297416,2.427893285107064,284.93411092705867,1.7384189163284625,0.939711956437314,0.4267045080297416,3.6170828854990993,427.17836291001896
11,musk,hbos,empirical_randomized_weighted,671,570,671,570,542,28,0.049,0.143,0.214,0.5,estimated,1186,38,1779,59,0.6,0.5999999999999998,0.10314864722766223,0.43175012287833625,0.7,0.6228218100056211,570,671,1108,32,1.461737875187783,0.6460649569042526,0.7745751469606298,2.333333333333333,561.3418760031839,1.7832762472238104,0.6397817892121183,0.7793790429950412,2.333333333333333,504.99940065428893,0.8183927072256645,0.44089505630363757,0.41838600623903693,2.522022420525299,260.41805713138825,1.7533680077228957,0.9371346557052451,0.41838600623903693,3.59065441118014,443.35014522943254
11,musk,hbos,empirical_weighted,671,570,671,570,542,28,0.049,0.0,0.0,0.5,estimated,1186,38,1779,59,0.6,0.5999999999999998,0.10314864722766223,0.43175012287833625,0.7,0.6228218100056211,570,671,1108,32,1.461737875187783,0.6460649569042526,0.7745751469606298,2.333333333333333,561.3418760031839,1.7832762472238104,0.6397817892121183,0.7793790429950412,2.333333333333333,504.99940065428893,0.8183927072256645,0.44089505630363757,0.41838600623903693,2.522022420525299,260.41805713138825,1.7533680077228957,0.9371346557052451,0.41838600623903693,3.59065441118014,443.35014522943254
12,musk,hbos,empirical_randomized_weighted,729,542,729,542,515,27,0.05,0.0,0.407,0.5,estimated,1186,38,1779,59,0.6,0.5999999999999998,0.10288539656322314,0.4320752941736927,0.7,0.5902192242833052,542,729,1050,35,1.4894826557444567,0.6537193229217847,0.7792003356605911,2.333333333333333,611.2568881404824,1.731883549180754,0.6512485463445981,0.7607967917948574,2.333333333333333,474.8545263123371,0.8323701042126405,0.38407458309769105,0.4348026584604693,2.6709502214193868,300.9289114270888,1.5591951312527983,0.6849226829180444,0.4348026584604693,2.84220509918741,454.32956568336687
12,musk,hbos,empirical_weighted,729,542,729,542,515,27,0.05,0.0,0.0,0.5,estimated,1186,38,1779,59,0.6,0.5999999999999998,0.10288539656322314,0.4320752941736927,0.7,0.5902192242833052,542,729,1050,35,1.4894826557444567,0.6537193229217847,0.7792003356605911,2.333333333333333,611.2568881404824,1.731883549180754,0.6512485463445981,0.7607967917948574,2.333333333333333,474.8545263123371,0.8323701042126405,0.38407458309769105,0.4348026584604693,2.6709502214193868,300.9289114270888,1.5591951312527983,0.6849226829180444,0.4348026584604693,2.84220509918741,454.32956568336687
13,musk,hbos,empirical_randomized_weighted,712,552,712,552,524,28,0.051,0.0,0.0,0.5,estimated,1186,38,1779,59,0.6,0.6,0.10057441244803585,0.44166494915809895,0.7,0.5997751545812254,552,712,1067,36,1.5119087880277313,0.648906145560784,0.7975827241743251,2.333333333333333,601.2448432215251,1.7653887422389498,0.6383071727108895,0.7910392666412795,2.333333333333333,488.1797495737824,0.8466745491301712,0.4410691077984173,0.37132888605521447,2.289348077605203,280.0103620873907,1.5624378621461956,0.6354766118751483,0.37132888605521447,2.6752164036519672,473.6481153598348
13,musk,hbos,empirical_weighted,712,552,712,552,524,28,0.051,0.0,0.0,0.5,estimated,1186,38,1779,59,0.6,0.6,0.10057441244803585,0.44166494915809895,0.7,0.5997751545812254,552,712,1067,36,1.5119087880277313,0.648906145560784,0.7975827241743251,2.333333333333333,601.2448432215251,1.7653887422389498,0.6383071727108895,0.7910392666412795,2.333333333333333,488.1797495737824,0.8466745491301712,0.4410691077984173,0.37132888605521447,2.289348077605203,280.0103620873907,1.5624378621461956,0.6354766118751483,0.37132888605521447,2.6752164036519672,473.6481153598348
14,musk,hbos,empirical_randomized_weighted,719,548,719,548,521,27,0.049,0.0,0.0,0.5,estimated,1186,38,1779,59,0.6,0.5999999999999998,0.10136693857237751,0.43575615767711967,0.7,0.59584035975267,548,719,1060,36,1.5430222304543582,0.6570134251625642,0.7722834083278565,2.333333333333333,608.65012679303,1.7797272579202366,0.6426062435809635,0.778517853889978,2.333333333333333,484.79632945725376,0.8212486357109907,0.3307901750231876,0.5092945610598588,2.1272618529482035,309.74690074412223,1.4884705055390985,0.6524565739270375,0.5189853538976839,2.681862512634542,459.67670690342237
14,musk,hbos,empirical_weighted,719,548,719,548,521,27,0.049,0.0,0.0,0.5,estimated,1186,38,1779,59,0.6,0.5999999999999998,0.10136693857237751,0.43575615767711967,0.7,0.59584035975267,548,719,1060,36,1.5430222304543582,0.6570134251625642,0.7722834083278565,2.333333333333333,608.65012679303,1.7797272579202366,0.6426062435809635,0.778517853889978,2.333333333333333,484.79632945725376,0.8212486357109907,0.3307901750231876,0.5092945610598588,2.1272618529482035,309.74690074412223,1.4884705055390985,0.6524565739270375,0.5189853538976839,2.681862512634542,459.67670690342237
15,musk,hbos,empirical_randomized_weighted,736,542,736,542,515,27,0.05,0.0,0.0,0.5,estimated,1186,38,1779,59,0.6,0.5999999999999998,0.10031438475704227,0.4380072374998948,0.7,0.5862844294547499,542,736,1043,40,1.5038627693836972,0.6413120379448001,0.7793823456931313,2.333333333333333,622.7504646607246,1.7554695511024683,0.6428455595908297,0.7956965837770933,2.333333333333333,477.91227174122406,0.8175621930205652,0.36551422768286534,0.4945337343619222,2.7816316168474624,306.6976149106214,1.5527555415315937,0.7858000656683438,0.513004523042656,3.3506352841077804,431.4926127849684
15,musk,hbos,empirical_weighted,736,542,736,542,515,27,0.05,0.0,0.0,0.5,estimated,1186,38,1779,59,0.6,0.5999999999999998,0.10031438475704227,0.4380072374998948,0.7,0.5862844294547499,542,736,1043,40,1.5038627693836972,0.6413120379448001,0.7793823456931313,2.333333333333333,622.7504646607246,1.7554695511024683,0.6428455595908297,0.7956965837770933,2.333333333333333,477.91227174122406,0.8175621930205652,0.36551422768286534,0.4945337343619222,2.7816316168474624,306.6976149106214,1.5527555415315937,0.7858000656683438,0.513004523042656,3.3506352841077804,431.4926127849684
16,musk,hbos,empirical_randomized_weighted,727,547,727,547,520,27,0.049,0.0,0.0,0.5,estimated,1186,38,1779,59,0.6,0.6,0.10126299106421913,0.4366364149912801,0.7,0.5913434513771781,547,727,1052,42,1.5051271718899184,0.6537139073807631,0.7750526065409813,2.333333333333333,611.6244252877974,1.7645564886106437,0.6345522541848663,0.7882456390923324,2.333333333333333,484.36253232125256,0.837762547005653,0.3747679450179964,0.42824642515742584,2.433973434169405,303.30387659416357,1.5106376092505598,0.6242267136968308,0.42824642515742584,2.6725964335776355,467.22133243644095
16,musk,hbos,empirical_weighted,727,547,727,547,520,27,0.049,0.0,0.0,0.5,estimated,1186,38,1779,59,0.6,0.6,0.10126299106421913,0.4366364149912801,0.7,0.5913434513771781,547,727,1052,42,1.5051271718899184,0.6537139073807631,0.7750526065409813,2.333333333333333,611.6244252877974,1.7645564886106437,0.6345522541848663,0.7882456390923324,2.333333333333333,484.36253232125256,0.837762547005653,0.3747679450179964,0.42824642515742584,2.433973434169405,303.30387659416357,1.5106376092505598,0.6242267136968308,0.42824642515742584,2.6725964335776355,467.22133243644095
17,musk,hbos,empirical_randomized_weighted,667,574,667,574,545,29,0.051,0.0,0.0,0.5,estimated,1186,38,1779,59,0.6,0.5999999999999998,0.10267796609244349,0.43465735884455675,0.7,0.6250702641933671,574,667,1112,35,1.5061942030842113,0.6593060001248565,0.7688388018215063,2.333333333333333,559.7481526018797,1.766252815317228,0.6418825201292925,0.777995034088442,2.333333333333333,507.03562246122675,0.8347780484349798,0.4032001796020868,0.43371570035599877,2.084395455155819,270.81994036666555,1.618353658943261,0.7562290869908517,0.43371570035599877,3.080753383642383,471.1276850571785
17,musk,hbos,empirical_weighted,667,574,667,574,545,29,0.051,0.0,0.0,0.5,estimated,1186,38,1779,59,0.6,0.5999999999999998,0.10267796609244349,0.43465735884455675,0.7,0.6250702641933671,574,667,1112,35,1.5061942030842113,0.6593060001248565,0.7688388018215063,2.333333333333333,559.7481526018797,1.766252815317228,0.6418825201292925,0.777995034088442,2.333333333333333,507.03562246122675,0.8347780484349798,0.4032001796020868,0.43371570035599877,2.084395455155819,270.81994036666555,1.618353658943261,0.7562290869908517,0.43371570035599877,3.080753383642383,471.1276850571785
18,musk,hbos,empirical_randomized_weighted,772,524,772,524,498,26,0.05,0.0,0.0,0.5,estimated,1186,38,1779,59,0.6,0.6,0.10182835781138713,0.4363165413210757,0.7,0.5660483417650365,524,772,1007,41,1.5263186714973027,0.6554225472744161,0.7760243463184986,2.333333333333333,651.8088305246877,1.76552167252125,0.6402592249342401,0.7848953214196818,2.333333333333333,463.09714071397576,0.8240820711010008,0.37691579557851485,0.44430823125966257,2.236180516087243,319.22109064691284,1.5261617853778857,0.6941260324075291,0.44430823125966257,2.7758638161207685,434.1847503781888
18,musk,hbos,empirical_weighted,772,524,772,524,498,26,0.05,0.0,0.0,0.5,estimated,1186,38,1779,59,0.6,0.6,0.10182835781138713,0.4363165413210757,0.7,0.5660483417650365,524,772,1007,41,1.5263186714973027,0.6554225472744161,0.7760243463184986,2.333333333333333,651.8088305246877,1.76552167252125,0.6402592249342401,0.7848953214196818,2.333333333333333,463.09714071397576,0.8240820711010008,0.37691579557851485,0.44430823125966257,2.236180516087243,319.22109064691284,1.5261617853778857,0.6941260324075291,0.44430823125966257,2.7758638161207685,434.1847503781888
19,musk,hbos,empirical_randomized_weighted,706,556,706,556,528,28,0.05,0.0,0.0,0.5,estimated,1186,38,1779,59,0.6,0.6,0.10362454886962648,0.4308448132392927,0.7,0.6031478358628443,556,706,1073,40,1.467078622871499,0.6491991189512584,0.7569900499218939,2.333333333333333,590.391634557855,1.8199211626487235,0.6347099254120234,0.7815971170752893,2.333333333333333,495.70655597888714,0.7814095787833422,0.44681248210348345,0.3939959013463525,2.4840933994737395,266.0218083477522,2.14494556101285,1.6185804387557738,0.3939959013463525,5.942303376986404,354.27002507484025
19,musk,hbos,empirical_weighted,706,556,706,556,528,28,0.05,0.0,0.0,0.5,estimated,1186,38,1779,59,0.6,0.6,0.10362454886962648,0.4308448132392927,0.7,0.6031478358628443,556,706,1073,40,1.467078622871499,0.6491991189512584,0.7569900499218939,2.333333333333333,590.391634557855,1.8199211626487235,0.6347099254120234,0.7815971170752893,2.333333333333333,495.70655597888714,0.7814095787833422,0.44681248210348345,0.3939959013463525,2.4840933994737395,266.0218083477522,2.14494556101285,1.6185804387557738,0.3939959013463525,5.942303376986404,354.27002507484025
20,musk,hbos,empirical_randomized_weighted,702,558,702,558,530,28,0.05,0.077,0.429,0.5,estimated,1186,38,1779,59,0.6,0.6,0.10110905593059345,0.43971147020451856,0.7,0.6053962900505903,558,702,1077,38,1.5475933515887685,0.6535383475916364,0.784794702766847,2.333333333333333,595.7575669380184,1.7586339300299523,0.6467391043684166,0.7934950860010872,2.333333333333333,491.5257264886933,0.8239752562156135,0.368146951864029,0.4330043326715225,2.167366690450504,292.5915302726373,1.515519999978578,0.6432430540445462,0.4330043326715225,2.7392039931372087,472.822481351093
20,musk,hbos,empirical_weighted,702,558,702,558,530,28,0.05,0.0,0.0,0.5,estimated,1186,38,1779,59,0.6,0.6,0.10110905593059345,0.43971147020451856,0.7,0.6053962900505903,558,702,1077,38,1.5475933515887685,0.6535383475916364,0.784794702766847,2.333333333333333,595.7575669380184,1.7586339300299523,0.6467391043684166,0.7934950860010872,2.333333333333333,491.5257264886933,0.8239752562156135,0.368146951864029,0.4330043326715225,2.167366690450504,292.5915302726373,1.515519999978578,0.6432430540445462,0.4330043326715225,2.7392039931372087,472.822481351093
21,musk,hbos,empirical_randomized_weighted,713,552,713,552,524,28,0.051,0.0,0.0,0.5,estimated,1186,38,1779,59,0.6,0.5999999999999998,0.10298661871828153,0.4327605482368598,0.7,0.599213041034289,552,713,1066,37,1.5031158902353927,0.655156028897157,0.768585152302535,2.333333333333333,599.1704677573534,1.7961072235251032,0.6370952546305987,0.762923923735766,2.333333333333333,490.3099744891268,0.8267506775564967,0.3813176008682353,0.45600000804523105,1.9853944925920093,294.3776431416158,1.5176462038775906,0.6580296054838964,0.45600000804523105,2.7583338078261366,464.6478296457648
21,musk,hbos,empirical_weighted,713,552,713,552,524,28,0.051,0.0,0.0,0.5,estimated,1186,38,1779,59,0.6,0.5999999999999998,0.10298661871828153,0.4327605482368598,0.7,0.599213041034289,552,713,1066,37,1.5031158902353927,0.655156028897157,0.768585152302535,2.333333333333333,599.1704677573534,1.7961072235251032,0.6370952546305987,0.762923923735766,2.333333333333333,490.3099744891268,0.8267506775564967,0.3813176008682353,0.45600000804523105,1.9853944925920093,294.3776431416158,1.5176462038775906,0.6580296054838964,0.45600000804523105,2.7583338078261366,464.6478296457648
22,musk,hbos,empirical_randomized_weighted,719,545,719,545,518,27,0.05,0.0,0.0,0.5,estimated,1186,38,1779,59,0.6,0.6,0.09857724683963323,0.44107590740742847,0.7,0.59584035975267,545,719,1060,30,1.503279029593311,0.6347893615434609,0.7986513970887402,2.333333333333333,610.1950270948447,1.774854916357574,0.6334271925330867,0.8035667257388658,2.333333333333333,483.42595877127576,0.8350344565242346,0.38055094093533026,0.4002944987048019,2.2186421426087004,298.0895974414215,1.5382147280512832,0.6489162928492946,0.4002944987048019,2.761543059697823,462.6608824605459
22,musk,hbos,empirical_weighted,719,545,719,545,518,27,0.05,0.0,0.0,0.5,estimated,1186,38,1779,59,0.6,0.6,0.09857724683963323,0.44107590740742847,0.7,0.59584035975267,545,719,1060,30,1.503279029593311,0.6347893615434609,0.7986513970887402,2.333333333333333,610.1950270948447,1.774854916357574,0.6334271925330867,0.8035667257388658,2.333333333333333,483.42595877127576,0.8350344565242346,0.38055094093533026,0.4002944987048019,2.2186421426087004,298.0895974414215,1.5382147280512832,0.6489162928492946,0.4002944987048019,2.761543059697823,462.6608824605459
23,musk,hbos,empirical_randomized_weighted,706,554,706,554,526,28,0.051,0.0,0.0,0.5,estimated,1186,38,1779,59,0.6,0.5999999999999998,0.10324276485301745,0.4340511567513068,0.7,0.6031478358628443,554,706,1073,36,1.4587036168253904,0.6492320373848331,0.766944153926953,2.333333333333333,589.2705357886114,1.7751261973301928,0.6409524516350446,0.7722848805144458,2.333333333333333,490.10299323151935,0.8203073304944551,0.4352565818729316,0.3990102872732694,2.7203263921274825,275.45021126253124,1.6822196004646977,0.8477446191531678,0.40087185343722215,3.377173406463815,441.80050257426217
23,musk,hbos,empirical_weighted,706,554,706,554,526,28,0.051,0.0,0.0,0.5,estimated,1186,38,1779,59,0.6,0.5999999999999998,0.10324276485301745,0.4340511567513068,0.7,0.6031478358628443,554,706,1073,36,1.4587036168253904,0.6492320373848331,0.766944153926953,2.333333333333333,589.2705357886114,1.7751261973301928,0.6409524516350446,0.7722848805144458,2.333333333333333,490.10299323151935,0.8203073304944551,0.4352565818729316,0.3990102872732694,2.7203263921274825,275.45021126253124,1.6822196004646977,0.8477446191531678,0.40087185343722215,3.377173406463815,441.80050257426217
24,musk,hbos,empirical_randomized_weighted,723,549,723,549,522,27,0.049,0.0,0.0,0.5,estimated,1186,38,1779,59,0.6,0.5999999999999998,0.1011466537520994,0.4368038622865486,0.7,0.5935919055649241,549,723,1056,42,1.4836355571771198,0.6399112531478086,0.7843315286077271,2.333333333333333,609.5962721339673,1.7664089744193006,0.6438412645213124,0.7925811327518422,2.333333333333333,484.6166694685838,0.8077570123503368,0.412941729482695,0.43891318516937294,2.534624328792324,286.99497452865324,1.8687328791488222,1.2657910062689846,0.43891318516937294,4.9268624664359555,376.3350394683951
24,musk,hbos,empirical_weighted,723,549,723,549,522,27,0.049,0.0,0.0,0.5,estimated,1186,38,1779,59,0.6,0.5999999999999998,0.1011466537520994,0.4368038622865486,0.7,0.5935919055649241,549,723,1056,42,1.4836355571771198,0.6399112531478086,0.7843315286077271,2.333333333333333,609.5962721339673,1.7664089744193006,0.6438412645213124,0.7925811327518422,2.333333333333333,484.6166694685838,0.8077570123503368,0.412941729482695,0.43891318516937294,2.534624328792324,286.99497452865324,1.8687328791488222,1.2657910062689846,0.43891318516937294,4.9268624664359555,376.3350394683951
25,musk,hbos,empirical_randomized_weighted,713,552,713,552,524,28,0.051,0.0,0.0,0.5,estimated,1186,38,1779,59,0.6,0.5999999999999998,0.10302579799349852,0.43114285419895326,0.7,0.599213041034289,552,713,1066,39,1.5191046981959881,0.6607220173670084,0.7725302983534671,2.333333333333333,599.5756868386579,1.7974139752488718,0.6380596718861228,0.7579105885922053,2.333333333333333,490.2238548214816,0.8207497652075125,0.438234463604724,0.3948634986971721,2.248720085520733,277.8002012050674,1.6784010239247422,0.8974670530394002,0.3948634986971721,3.6185769607321996,429.2644264883199
25,musk,hbos,empirical_weighted,713,552,713,552,524,28,0.051,0.0,0.0,0.5,estimated,1186,38,1779,59,0.6,0.5999999999999998,0.10302579799349852,0.43114285419895326,0.7,0.599213041034289,552,713,1066,39,1.5191046981959881,0.6607220173670084,0.7725302983534671,2.333333333333333,599.5756868386579,1.7974139752488718,0.6380596718861228,0.7579105885922053,2.333333333333333,490.2238548214816,0.8207497652075125,0.438234463604724,0.3948634986971721,2.248720085520733,277.8002012050674,1.6784010239247422,0.8974670530394002,0.3948634986971721,3.6185769607321996,429.2644264883199
1,musk,hbos,empirical_randomized_weighted,719,550,719,550,522,28,0.051,0.0,0.0,1.0,estimated,1186,38,1779,59,0.6,0.6,0.10392836815334927,0.37744610726670524,0.7,0.59584035975267,550,719,1060,39,1.5001376830432263,0.6554607294372142,0.6062866390723944,2.333333333333333,603.7394544619889,1.7830240594125903,0.6478317693651172,0.6380184453876764,2.333333333333333,485.8610088760141,0.8149327379816823,0.35344040497602575,0.4573502098644443,1.9122698504869768,303.00479018158643,1.561742705334058,0.6882586286307018,0.4573502098644443,2.836963922967454,460.5533114944958
1,musk,hbos,empirical_weighted,719,550,719,550,522,28,0.051,0.0,0.0,1.0,estimated,1186,38,1779,59,0.6,0.6,0.10392836815334927,0.37744610726670524,0.7,0.59584035975267,550,719,1060,39,1.5001376830432263,0.6554607294372142,0.6062866390723944,2.333333333333333,603.7394544619889,1.7830240594125903,0.6478317693651172,0.6380184453876764,2.333333333333333,485.8610088760141,0.8149327379816823,0.35344040497602575,0.4573502098644443,1.9122698504869768,303.00479018158643,1.561742705334058,0.6882586286307018,0.4573502098644443,2.836963922967454,460.5533114944958
2,musk,hbos,empirical_randomized_weighted,709,555,709,555,527,28,0.05,0.538,0.214,1.0,estimated,1186,38,1779,59,0.6,0.6,0.10668889900176408,0.3805300358415516,0.7,0.6014614952220348,555,709,1070,40,1.5013609716306033,0.6692187919913837,0.6163129149551843,2.333333333333333,591.4812884101909,1.8329715725206839,0.6410590328957827,0.6142832709548761,2.333333333333333,494.5129681297023,0.8524932351190093,0.41053261005121067,0.4090830546780504,2.4521528165772235,288.1711562655812,1.5797500784326706,0.7647074434975286,0.42114125044643336,3.4436967169233377,449.6394022900294
2,musk,hbos,empirical_weighted,709,555,709,555,527,28,0.05,0.0,0.0,1.0,estimated,1186,38,1779,59,0.6,0.6,0.10668889900176408,0.3805300358415516,0.7,0.6014614952220348,555,709,1070,40,1.5013609716306033,0.6692187919913837,0.6163129149551843,2.333333333333333,591.4812884101909,1.8329715725206839,0.6410590328957827,0.6142832709548761,2.333333333333333,494.5129681297023,0.8524932351190093,0.41053261005121067,0.4090830546780504,2.4521528165772235,288.1711562655812,1.5797500784326706,0.7647074434975286,0.42114125044643336,3.4436967169233377,449.6394022900294
3,musk,hbos,empirical_randomized_weighted,712,554,712,554,526,28,0.051,0.091,0.357,1.0,estimated,1186,38,1779,59,0.6,0.5999999999999998,0.10493317898535368,0.3746760197481604,0.7,0.5997751545812254,554,712,1067,40,1.4935476831600294,0.6652965909478273,0.5991710402618262,2.333333333333333,594.1140077602753,1.8540199867097267,0.6162105821897209,0.6950248354044808,2.333333333333333,498.8895578867542,0.8224853960605084,0.45127092848328637,0.31045539386711685,2.138262434313491,273.62810969222807,1.6474353917199458,0.7109699834895244,0.31045539386711685,2.898095856824104,467.0196920381747
3,musk,hbos,empirical_weighted,712,554,712,554,526,28,0.051,0.0,0.0,1.0,estimated,1186,38,1779,59,0.6,0.5999999999999998,0.10493317898535368,0.3746760197481604,0.7,0.5997751545812254,554,712,1067,40,1.4935476831600294,0.6652965909478273,0.5991710402618262,2.333333333333333,594.1140077602753,1.8540199867097267,0.6162105821897209,0.6950248354044808,2.333333333333333,498.8895578867542,0.8224853960605084,0.45127092848328637,0.31045539386711685,2.138262434313491,273.62810969222807,1.6474353917199458,0.7109699834895244,0.31045539386711685,2.898095856824104,467.0196920381747
4,musk,hbos,empirical_randomized_weighted,739,542,739,542,515,27,0.05,0.0,0.0,1.0,estimated,1186,38,1779,59,0.6,0.5999999999999998,0.10369002583270623,0.3778140915208108,0.7,0.5845980888139404,542,739,1040,44,1.5143945948648738,0.6597854944958637,0.6208703553448722,2.333333333333333,621.1056700045174,1.7919330035403094,0.6358050100465508,0.6391348951556266,2.333333333333333,481.39531301777436,0.8166206249811582,0.36386625986304155,0.4157729548068486,2.4029047859564803,308.7095336097785,1.5383483077045552,0.6943113454097101,0.4157729548068486,2.9207836874545845,450.2768805685629
4,musk,hbos,empirical_weighted,739,542,739,542,515,27,0.05,0.0,0.0,1.0,estimated,1186,38,1779,59,0.6,0.5999999999999998,0.10369002583270623,0.3778140915208108,0.7,0.5845980888139404,542,739,1040,44,1.5143945948648738,0.6597854944958637,0.6208703553448722,2.333333333333333,621.1056700045174,1.7919330035403094,0.6358050100465508,0.6391348951556266,2.333333333333333,481.39531301777436,0.8166206249811582,0.36386625986304155,0.4157729548068486,2.4029047859564803,308.7095336097785,1.5383483077045552,0.6943113454097101,0.4157729548068486,2.9207836874545845,450.2768805685629
5,musk,hbos,empirical_randomized_weighted,696,564,696,564,536,28,0.05,0.0,0.0,1.0,estimated,1186,38,1779,59,0.6,0.5999999999999998,0.10489720055160447,0.38305750552374823,0.7,0.6087689713322091,564,696,1083,45,1.519412335411653,0.6706837193875633,0.620896613466287,2.333333333333333,582.5034338139448,1.7966089634784637,0.6365364194413368,0.6286799576109194,2.333333333333333,501.09830824201737,0.8401576470522867,0.35010471660116926,0.4082842356026523,1.9387559585433634,296.51092866212434,1.4554653174916992,0.5370639998809846,0.4082842356026523,2.4892584871663583,496.4091182304267
5,musk,hbos,empirical_weighted,696,564,696,564,536,28,0.05,0.0,0.0,1.0,estimated,1186,38,1779,59,0.6,0.5999999999999998,0.10489720055160447,0.38305750552374823,0.7,0.6087689713322091,564,696,1083,45,1.519412335411653,0.6706837193875633,0.620896613466287,2.333333333333333,582.5034338139448,1.7966089634784637,0.6365364194413368,0.6286799576109194,2.333333333333333,501.09830824201737,0.8401576470522867,0.35010471660116926,0.4082842356026523,1.9387559585433634,296.51092866212434,1.4554653174916992,0.5370639998809846,0.4082842356026523,2.4892584871663583,496.4091182304267
6,musk,hbos,empirical_randomized_weighted,741,538,741,538,511,27,0.05,0.0,0.0,1.0,estimated,1186,38,1779,59,0.6,0.5999999999999998,0.1088381320526175,0.3709071705360252,0.7,0.5834738617200674,538,741,1038,37,1.4541531760862292,0.6693031623299315,0.595643789697077,2.333333333333333,611.4625595647268,1.8715733470946594,0.6364520180890695,0.6158178120422743,2.333333333333333,482.2333134587767,0.8122248776729313,0.4656630687400064,0.3580763486174666,2.36844178764558,279.2216721993978,1.7208068803242904,0.8754026488358513,0.3580763486174666,3.3907229424942336,427.39376136047645
6,musk,hbos,empirical_weighted,741,538,741,538,511,27,0.05,0.0,0.0,1.0,estimated,1186,38,1779,59,0.6,0.5999999999999998,0.1088381320526175,0.3709071705360252,0.7,0.5834738617200674,538,741,1038,37,1.4541531760862292,0.6693031623299315,0.595643789697077,2.333333333333333,611.4625595647268,1.8715733470946594,0.6364520180890695,0.6158178120422743,2.333333333333333,482.2333134587767,0.8122248776729313,0.4656630687400064,0.3580763486174666,2.36844178764558,279.2216721993978,1.7208068803242904,0.8754026488358513,0.3580763486174666,3.3907229424942336,427.39376136047645
7,musk,hbos,empirical_randomized_weighted,711,556,711,556,528,28,0.05,0.0,0.0,1.0,estimated,1186,38,1779,59,0.6,0.6,0.10519750119961246,0.37748043956298644,0.7,0.6003372681281619,556,711,1068,43,1.486532024197356,0.6491654106040629,0.6063752266643514,2.333333333333333,597.1252052944645,1.801001785458762,0.6525416730487342,0.6600597035529698,2.333333333333333,491.4800383005729,0.8216881203791818,0.42192506120962414,0.43599554424445325,2.4686503186714583,281.7196734774734,1.7226043030576257,0.9053169466428862,0.43599554424445325,3.484310296514335,435.66696406352213
7,musk,hbos,empirical_weighted,711,556,711,556,528,28,0.05,0.0,0.0,1.0,estimated,1186,38,1779,59,0.6,0.6,0.10519750119961246,0.37748043956298644,0.7,0.6003372681281619,556,711,1068,43,1.486532024197356,0.6491654106040629,0.6063752266643514,2.333333333333333,597.1252052944645,1.801001785458762,0.6525416730487342,0.6600597035529698,2.333333333333333,491.4800383005729,0.8216881203791818,0.42192506120962414,0.43599554424445325,2.4686503186714583,281.7196734774734,1.7226043030576257,0.9053169466428862,0.43599554424445325,3.484310296514335,435.66696406352213
8,musk,hbos,empirical_randomized_weighted,696,566,696,566,538,28,0.049,0.0,0.0,1.0,estimated,1186,38,1779,59,0.6,0.6,0.10444923121942784,0.37894516805662726,0.7,0.6087689713322091,566,696,1083,48,1.5109967592354934,0.6658428602794552,0.6288017806157298,2.333333333333333,582.824105747624,1.8462623150417432,0.6289638653272485,0.6101637867800683,2.333333333333333,507.1433771589632,0.8242388288932689,0.40170891465791325,0.3689435477490136,2.4567670099664474,281.20551153749994,1.643105454197597,0.7210861553085589,0.37255832121801546,3.073104643345258,474.5955919909212
8,musk,hbos,empirical_weighted,696,566,696,566,538,28,0.049,0.0,0.0,1.0,estimated,1186,38,1779,59,0.6,0.6,0.10444923121942784,0.37894516805662726,0.7,0.6087689713322091,566,696,1083,48,1.5109967592354934,0.6658428602794552,0.6288017806157298,2.333333333333333,582.824105747624,1.8462623150417432,0.6289638653272485,0.6101637867800683,2.333333333333333,507.1433771589632,0.8242388288932689,0.40170891465791325,0.3689435477490136,2.4567670099664474,281.20551153749994,1.643105454197597,0.7210861553085589,0.37255832121801546,3.073104643345258,474.5955919909212
9,musk,hbos,empirical_randomized_weighted,710,554,710,554,526,28,0.051,0.0,0.0,1.0,estimated,1186,38,1779,59,0.6,0.5999999999999998,0.1036422149078122,0.38282146599541533,0.7,0.6008993816750984,554,710,1069,40,1.4835239783728766,0.6520350715716792,0.6202767026122324,2.333333333333333,595.05060877444,1.8175421416215478,0.6295038299063461,0.6585356359630858,2.333333333333333,494.6615827936989,0.8006888791305867,0.44130429049578634,0.3350924411772357,2.4695171155746007,272.2867311425333,1.6994337618007744,0.8022138574101089,0.3350924411772357,3.196576126905227,453.0477860026851
9,musk,hbos,empirical_weighted,710,554,710,554,526,28,0.051,0.0,0.0,1.0,estimated,1186,38,1779,59,0.6,0.5999999999999998,0.1036422149078122,0.38282146599541533,0.7,0.6008993816750984,554,710,1069,40,1.4835239783728766,0.6520350715716792,0.6202767026122324,2.333333333333333,595.05060877444,1.8175421416215478,0.6295038299063461,0.6585356359630858,2.333333333333333,494.6615827936989,0.8006888791305867,0.44130429049578634,0.3350924411772357,2.4695171155746007,272.2867311425333,1.6994337618007744,0.8022138574101089,0.3350924411772357,3.196576126905227,453.0477860026851
10,musk,hbos,empirical_randomized_weighted,722,548,722,548,521,27,0.049,0.0,0.0,1.0,estimated,1186,38,1779,59,0.6,0.5999999999999998,0.1057895505113539,0.37563137062871654,0.7,0.5941540191118606,548,722,1057,40,1.485445668576139,0.6587335501944414,0.6251674922957711,2.333333333333333,603.3482654530295,1.8196712930303982,0.6387123519394904,0.619030573742932,2.333333333333333,487.8900084756008,0.793809237427812,0.4482357575588461,0.35059630393699337,2.695796573725774,273.7241911769336,1.7851083355353095,0.9199149788224643,0.35059630393699337,3.443600981771325,433.0091469797998
10,musk,hbos,empirical_weighted,722,548,722,548,521,27,0.049,0.0,0.0,1.0,estimated,1186,38,1779,59,0.6,0.5999999999999998,0.1057895505113539,0.37563137062871654,0.7,0.5941540191118606,548,722,1057,40,1.485445668576139,0.6587335501944414,0.6251674922957711,2.333333333333333,603.3482654530295,1.8196712930303982,0.6387123519394904,0.619030573742932,2.333333333333333,487.8900084756008,0.793809237427812,0.4482357575588461,0.35059630393699337,2.695796573725774,273.7241911769336,1.7851083355353095,0.9199149788224643,0.35059630393699337,3.443600981771325,433.0091469797998
11,musk,hbos,empirical_randomized_weighted,668,574,668,574,545,29,0.051,0.357,0.31,1.0,estimated,1186,38,1779,59,0.6,0.5999999999999998,0.10818956740319335,0.36911551539185505,0.7,0.6245081506464306,574,668,1111,38,1.4670946143582366,0.6663794196474172,0.5850762293213156,2.333333333333333,553.7533939518898,1.8218924828657803,0.6457695785606982,0.6156355106026995,2.333333333333333,509.93451942634846,0.8315005235111538,0.43891213842085436,0.3520237725911864,2.2788057567059306,261.2167884101468,1.68507286527675,0.7838946153643479,0.3520237725911864,3.1676813235176313,471.8802403375521
11,musk,hbos,empirical_weighted,668,574,668,574,545,29,0.051,0.0,0.0,1.0,estimated,1186,38,1779,59,0.6,0.5999999999999998,0.10818956740319335,0.36911551539185505,0.7,0.6245081506464306,574,668,1111,38,1.4670946143582366,0.6663794196474172,0.5850762293213156,2.333333333333333,553.7533939518898,1.8218924828657803,0.6457695785606982,0.6156355106026995,2.333333333333333,509.93451942634846,0.8315005235111538,0.43891213842085436,0.3520237725911864,2.2788057567059306,261.2167884101468,1.68507286527675,0.7838946153643479,0.3520237725911864,3.1676813235176313,471.8802403375521
12,musk,hbos,empirical_randomized_weighted,729,545,729,545,518,27,0.05,0.0,0.407,1.0,estimated,1186,38,1779,59,0.6,0.5999999999999998,0.10791156057246946,0.3692186919999357,0.7,0.5902192242833052,545,729,1050,40,1.4880133032703746,0.6710411122485482,0.6139963379073505,2.333333333333333,605.7992478710611,1.7747856724956328,0.6614331299056063,0.5853354995102328,2.333333333333333,478.5348980800467,0.8241859113411035,0.38046798785602604,0.4417885705930789,2.424367314817411,300.88174315319185,1.5716858010078194,0.7137998719051452,0.4560413595248778,2.95333916607583,451.8085770153804
12,musk,hbos,empirical_weighted,729,545,729,545,518,27,0.05,0.0,0.0,1.0,estimated,1186,38,1779,59,0.6,0.5999999999999998,0.10791156057246946,0.3692186919999357,0.7,0.5902192242833052,545,729,1050,40,1.4880133032703746,0.6710411122485482,0.6139963379073505,2.333333333333333,605.7992478710611,1.7747856724956328,0.6614331299056063,0.5853354995102328,2.333333333333333,478.5348980800467,0.8241859113411035,0.38046798785602604,0.4417885705930789,2.424367314817411,300.88174315319185,1.5716858010078194,0.7137998719051452,0.4560413595248778,2.95333916607583,451.8085770153804
13,musk,hbos,empirical_randomized_weighted,706,558,706,558,530,28,0.05,0.0,0.0,1.0,estimated,1186,38,1779,59,0.6,0.5999999999999998,0.10533891422669275,0.3831451566551862,0.7,0.6031478358628443,558,706,1073,43,1.5143508950222515,0.6694105733194567,0.6211269325172715,2.333333333333333,590.5956137690439,1.8046108302067485,0.6402668380079151,0.6216661843367816,2.333333333333333,495.6125552838314,0.8467003341427313,0.401702583319198,0.40082034659618637,1.964666287273585,288.14287758035556,1.538608261183955,0.56147681334119,0.40082034659618637,2.4577894076623408,492.4237571551191
13,musk,hbos,empirical_weighted,706,558,706,558,530,28,0.05,0.0,0.0,1.0,estimated,1186,38,1779,59,0.6,0.5999999999999998,0.10533891422669275,0.3831451566551862,0.7,0.6031478358628443,558,706,1073,43,1.5143508950222515,0.6694105733194567,0.6211269325172715,2.333333333333333,590.5956137690439,1.8046108302067485,0.6402668380079151,0.6216661843367816,2.333333333333333,495.6125552838314,0.8467003341427313,0.401702583319198,0.40082034659618637,1.964666287273585,288.14287758035556,1.538608261183955,0.56147681334119,0.40082034659618637,2.4577894076623408,492.4237571551191
14,musk,hbos,empirical_randomized_weighted,721,550,721,550,522,28,0.051,0.0,0.0,1.0,estimated,1186,38,1779,59,0.6,0.6,0.10639409664116184,0.3731972821855439,0.7,0.5947161326587971,550,721,1058,42,1.5381529729584544,0.6734036367630472,0.5953983152574912,2.333333333333333,605.0337849395258,1.8239492971650875,0.649557896863378,0.6050501121704428,2.333333333333333,488.0964114631613,0.8169158816499013,0.3860798404401812,0.4577817740272478,2.2582937085133765,295.0896585502204,1.6267396459189,0.8541996866126979,0.4577817740272478,3.4593863206814266,431.12598898049754
14,musk,hbos,empirical_weighted,721,550,721,550,522,28,0.051,0.0,0.0,1.0,estimated,1186,38,1779,59,0.6,0.6,0.10639409664116184,0.3731972821855439,0.7,0.5947161326587971,550,721,1058,42,1.5381529729584544,0.6734036367630472,0.5953983152574912,2.333333333333333,605.0337849395258,1.8239492971650875,0.649557896863378,0.6050501121704428,2.333333333333333,488.0964114631613,0.8169158816499013,0.3860798404401812,0.4577817740272478,2.2582937085133765,295.0896585502204,1.6267396459189,0.8541996866126979,0.4577817740272478,3.4593863206814266,431.12598898049754
15,musk,hbos,empirical_randomized_weighted,738,542,738,542,515,27,0.05,0.0,0.0,1.0,estimated,1186,38,1779,59,0.6,0.5999999999999998,0.1053572311483506,0.3754110817380892,0.7,0.5851602023608768,542,738,1041,42,1.5075429014344157,0.6600195230380307,0.6010530618807214,2.333333333333333,619.2943657989333,1.786326313673932,0.6511985274113375,0.6264792235143958,2.333333333333333,478.4207712964986,0.8320168226087428,0.3753590179045796,0.466281937291945,2.2617261506380175,306.59796396364726,1.5088036131808729,0.6512489216802732,0.466281937291945,2.7799102415369843,456.88014277733043
15,musk,hbos,empirical_weighted,738,542,738,542,515,27,0.05,0.0,0.0,1.0,estimated,1186,38,1779,59,0.6,0.5999999999999998,0.1053572311483506,0.3754110817380892,0.7,0.5851602023608768,542,738,1041,42,1.5075429014344157,0.6600195230380307,0.6010530618807214,2.333333333333333,619.2943657989333,1.786326313673932,0.6511985274113375,0.6264792235143958,2.333333333333333,478.4207712964986,0.8320168226087428,0.3753590179045796,0.466281937291945,2.2617261506380175,306.59796396364726,1.5088036131808729,0.6512489216802732,0.466281937291945,2.7799102415369843,456.88014277733043
16,musk,hbos,empirical_randomized_weighted,727,548,727,548,521,27,0.049,0.0,0.0,1.0,estimated,1186,38,1779,59,0.6,0.5999999999999998,0.10619896238998904,0.37482006106196597,0.7,0.5913434513771781,548,727,1052,44,1.5041704956810966,0.6731071297285777,0.5995394889008379,2.333333333333333,605.7067428923016,1.8112177477980524,0.636883425682062,0.6201240639375507,2.333333333333333,487.6982691564623,0.8382379963387261,0.3361006392801606,0.40643299833235974,1.8624761351045656,313.5850500017553,1.4252595701018702,0.49455152190453644,0.40643299833235974,2.2793815316612944,489.1099828639634
16,musk,hbos,empirical_weighted,727,548,727,548,521,27,0.049,0.0,0.0,1.0,estimated,1186,38,1779,59,0.6,0.5999999999999998,0.10619896238998904,0.37482006106196597,0.7,0.5913434513771781,548,727,1052,44,1.5041704956810966,0.6731071297285777,0.5995394889008379,2.333333333333333,605.7067428923016,1.8112177477980524,0.636883425682062,0.6201240639375507,2.333333333333333,487.6982691564623,0.8382379963387261,0.3361006392801606,0.40643299833235974,1.8624761351045656,313.5850500017553,1.4252595701018702,0.49455152190453644,0.40643299833235974,2.2793815316612944,489.1099828639634
17,musk,hbos,empirical_randomized_weighted,669,576,669,576,547,29,0.05,0.0,0.0,1.0,estimated,1186,38,1779,59,0.6,0.5999999999999998,0.10760790152506776,0.3737290312937642,0.7,0.6239460370994941,576,669,1110,41,1.5050696448825829,0.6786163443659293,0.5967529232048259,2.333333333333333,555.9714994327603,1.8080855815955283,0.6527958605471869,0.6110512241258267,2.333333333333333,509.5758973997123,0.8238409851029463,0.3927653125088281,0.407592586080738,2.347380289004511,272.95922199690085,1.6975874813743437,0.8287623971650214,0.407592586080738,3.3297615397603937,465.13905955274373
17,musk,hbos,empirical_weighted,669,576,669,576,547,29,0.05,0.0,0.0,1.0,estimated,1186,38,1779,59,0.6,0.5999999999999998,0.10760790152506776,0.3737290312937642,0.7,0.6239460370994941,576,669,1110,41,1.5050696448825829,0.6786163443659293,0.5967529232048259,2.333333333333333,555.9714994327603,1.8080855815955283,0.6527958605471869,0.6110512241258267,2.333333333333333,509.5758973997123,0.8238409851029463,0.3927653125088281,0.407592586080738,2.347380289004511,272.95922199690085,1.6975874813743437,0.8287623971650214,0.407592586080738,3.3297615397603937,465.13905955274373
18,musk,hbos,empirical_randomized_weighted,771,526,771,526,500,26,0.049,0.333,0.385,1.0,estimated,1186,38,1779,59,0.6,0.5999999999999998,0.10698098932730195,0.3751464141259586,0.7,0.5666104553119731,526,771,1008,45,1.5306405889398536,0.6727837108945489,0.6034488329222405,2.333333333333333,646.1622176422314,1.8074901389327553,0.6470114381086796,0.6194806949776529,2.333333333333333,466.25573407277983,0.83121288612933,0.3800400108239886,0.43872144440696575,2.0607274986600816,319.260963976226,1.4976367995451283,0.6640426570664311,0.43932218236104936,2.6627541138245667,439.57956526066613
18,musk,hbos,empirical_weighted,771,526,771,526,500,26,0.049,0.0,0.0,1.0,estimated,1186,38,1779,59,0.6,0.5999999999999998,0.10698098932730195,0.3751464141259586,0.7,0.5666104553119731,526,771,1008,45,1.5306405889398536,0.6727837108945489,0.6034488329222405,2.333333333333333,646.1622176422314,1.8074901389327553,0.6470114381086796,0.6194806949776529,2.333333333333333,466.25573407277983,0.83121288612933,0.3800400108239886,0.43872144440696575,2.0607274986600816,319.260963976226,1.4976367995451283,0.6640426570664311,0.43932218236104936,2.6627541138245667,439.57956526066613
19,musk,hbos,empirical_randomized_weighted,707,557,707,557,529,28,0.05,0.0,0.0,1.0,estimated,1186,38,1779,59,0.6,0.5999999999999998,0.10886198779390213,0.3682410202654114,0.7,0.6025857223159078,557,707,1072,42,1.4710217408325383,0.6694587025695203,0.5828821308089913,2.333333333333333,585.6944875621422,1.8642802715306377,0.6412082463782065,0.6213929147725127,2.333333333333333,498.07852527981004,0.8117785560963446,0.48986582805908,0.3679745313042124,2.4150689279532638,259.5024413688919,1.9032976104710797,1.0708598198986203,0.3679745313042124,3.9330076196992625,423.07323145723143
19,musk,hbos,empirical_weighted,707,557,707,557,529,28,0.05,0.0,0.0,1.0,estimated,1186,38,1779,59,0.6,0.5999999999999998,0.10886198779390213,0.3682410202654114,0.7,0.6025857223159078,557,707,1072,42,1.4710217408325383,0.6694587025695203,0.5828821308089913,2.333333333333333,585.6944875621422,1.8642802715306377,0.6412082463782065,0.6213929147725127,2.333333333333333,498.07852527981004,0.8117785560963446,0.48986582805908,0.3679745313042124,2.4150689279532638,259.5024413688919,1.9032976104710797,1.0708598198986203,0.3679745313042124,3.9330076196992625,423.07323145723143
20,musk,hbos,empirical_randomized_weighted,697,562,697,562,534,28,0.05,0.176,0.5,1.0,estimated,1186,38,1779,59,0.6,0.6,0.10554822967538234,0.3806369229034279,0.7,0.6082068577852726,562,697,1082,42,1.5532892719268883,0.6669907270534265,0.6145618571384073,2.333333333333333,588.4891075010842,1.7883374165495536,0.6601773262749585,0.6282636881150084,2.333333333333333,494.59774663554174,0.8511321696223115,0.3204694865800527,0.46308916543074674,1.8011340036660552,305.6661998758027,1.4143550287099815,0.5007223855888465,0.46308916543074674,2.329383917016993,499.4062321100507
20,musk,hbos,empirical_weighted,697,562,697,562,534,28,0.05,0.0,0.0,1.0,estimated,1186,38,1779,59,0.6,0.6,0.10554822967538234,0.3806369229034279,0.7,0.6082068577852726,562,697,1082,42,1.5532892719268883,0.6669907270534265,0.6145618571384073,2.333333333333333,588.4891075010842,1.7883374165495536,0.6601773262749585,0.6282636881150084,2.333333333333333,494.59774663554174,0.8511321696223115,0.3204694865800527,0.46308916543074674,1.8011340036660552,305.6661998758027,1.4143550287099815,0.5007223855888465,0.46308916543074674,2.329383917016993,499.4062321100507
21,musk,hbos,empirical_randomized_weighted,711,554,711,554,526,28,0.051,0.0,0.0,1.0,estimated,1186,38,1779,59,0.6,0.5999999999999998,0.10813369573252656,0.37065329881078135,0.7,0.6003372681281619,554,711,1068,40,1.508932448374956,0.6750378283153976,0.5977222505616488,2.333333333333333,592.4348115451181,1.8352208598605924,0.6451634919951984,0.5889492995043779,2.333333333333333,493.06496830058,0.8284427072362305,0.4512863200309757,0.3749579750292556,2.422580429126426,274.5341266881087,1.6162498381223989,0.7090904214345302,0.3749579750292556,2.870362506336876,464.5779119491574
21,musk,hbos,empirical_weighted,711,554,711,554,526,28,0.051,0.0,0.0,1.0,estimated,1186,38,1779,59,0.6,0.5999999999999998,0.10813369573252656,0.37065329881078135,0.7,0.6003372681281619,554,711,1068,40,1.508932448374956,0.6750378283153976,0.5977222505616488,2.333333333333333,592.4348115451181,1.8352208598605924,0.6451634919951984,0.5889492995043779,2.333333333333333,493.06496830058,0.8284427072362305,0.4512863200309757,0.3749579750292556,2.422580429126426,274.5341266881087,1.6162498381223989,0.7090904214345302,0.3749579750292556,2.870362506336876,464.5779119491574
22,musk,hbos,empirical_randomized_weighted,713,550,713,550,522,28,0.051,0.0,0.0,1.0,estimated,1186,38,1779,59,0.6,0.5999999999999998,0.10350694319873263,0.3780785470506882,0.7,0.599213041034289,550,713,1066,35,1.5082050850058022,0.6528697600231743,0.6226442719832451,2.333333333333333,600.4797537547228,1.8055219011874009,0.6421875591232987,0.6303320296766842,2.333333333333333,488.23440439788044,0.8369596827020951,0.3971038500656716,0.38483326958523983,1.960144598709574,291.4018706610724,1.5817844638760516,0.6864790843296084,0.38483326958523983,2.939314025782634,462.8275569930307
22,musk,hbos,empirical_weighted,713,550,713,550,522,28,0.051,0.0,0.0,1.0,estimated,1186,38,1779,59,0.6,0.5999999999999998,0.10350694319873263,0.3780785470506882,0.7,0.599213041034289,550,713,1066,35,1.5082050850058022,0.6528697600231743,0.6226442719832451,2.333333333333333,600.4797537547228,1.8055219011874009,0.6421875591232987,0.6303320296766842,2.333333333333333,488.23440439788044,0.8369596827020951,0.3971038500656716,0.38483326958523983,1.960144598709574,291.4018706610724,1.5817844638760516,0.6864790843296084,0.38483326958523983,2.939314025782634,462.8275569930307
23,musk,hbos,empirical_randomized_weighted,708,555,708,555,527,28,0.05,0.0,0.0,1.0,estimated,1186,38,1779,59,0.6,0.5999999999999998,0.10844047602299439,0.37359718813970955,0.7,0.6020236087689713,555,708,1071,39,1.4538782327830029,0.6686846303390241,0.5964168440275691,2.333333333333333,584.3815933460913,1.8174096525667223,0.6469821292866744,0.6047522356620971,2.333333333333333,492.5759281871348,0.8271251246790089,0.4296933785778306,0.3700556871642802,2.7234349313319197,278.76592534171607,1.6306803697968004,0.7849780868527092,0.3700556871642802,3.2994493560362756,450.5867142826655
23,musk,hbos,empirical_weighted,708,555,708,555,527,28,0.05,0.0,0.0,1.0,estimated,1186,38,1779,59,0.6,0.5999999999999998,0.10844047602299439,0.37359718813970955,0.7,0.6020236087689713,555,708,1071,39,1.4538782327830029,0.6686846303390241,0.5964168440275691,2.333333333333333,584.3815933460913,1.8174096525667223,0.6469821292866744,0.6047522356620971,2.333333333333333,492.5759281871348,0.8271251246790089,0.4296933785778306,0.3700556871642802,2.7234349313319197,278.76592534171607,1.6306803697968004,0.7849780868527092,0.3700556871642802,3.2994493560362756,450.5867142826655
24,musk,hbos,empirical_randomized_weighted,725,548,725,548,521,27,0.049,0.0,0.0,1.0,estimated,1186,38,1779,59,0.6,0.5999999999999998,0.106018505016601,0.3748687464388569,0.7,0.5924676784710512,548,725,1054,42,1.4819099578553663,0.6573044285502172,0.6132728861606062,2.333333333333333,605.8131871232845,1.8080357858335432,0.6494497278130744,0.6373216488381787,2.333333333333333,485.37414442275525,0.8260076536246369,0.43917096634066627,0.40575786553830967,2.3671184345436234,283.000639363524,1.6536730390924008,0.7849613925257324,0.40721309930186944,3.0599453916275063,447.2305734353643
24,musk,hbos,empirical_weighted,725,548,725,548,521,27,0.049,0.0,0.0,1.0,estimated,1186,38,1779,59,0.6,0.5999999999999998,0.106018505016601,0.3748687464388569,0.7,0.5924676784710512,548,725,1054,42,1.4819099578553663,0.6573044285502172,0.6132728861606062,2.333333333333333,605.8131871232845,1.8080357858335432,0.6494497278130744,0.6373216488381787,2.333333333333333,485.37414442275525,0.8260076536246369,0.43917096634066627,0.40575786553830967,2.3671184345436234,283.000639363524,1.6536730390924008,0.7849613925257324,0.40721309930186944,3.0599453916275063,447.2305734353643
25,musk,hbos,empirical_randomized_weighted,718,552,718,552,524,28,0.051,0.625,0.107,1.0,estimated,1186,38,1779,59,0.6,0.6,0.10814124245329332,0.36765663841622714,0.7,0.5964024732996065,552,718,1061,42,1.51514355177554,0.6802379073559943,0.596617946170859,2.333333333333333,597.5542602392687,1.842305112892304,0.6446463711360602,0.5814193059533211,2.333333333333333,491.7861664176124,0.8056341054698439,0.49218600758808145,0.350319731965958,2.995929205784474,261.4264076589485,1.8184361006914007,1.028763250229901,0.350319731965958,4.04683363965579,418.1620185638326
25,musk,hbos,empirical_weighted,718,552,718,552,524,28,0.051,0.0,0.0,1.0,estimated,1186,38,1779,59,0.6,0.6,0.10814124245329332,0.36765663841622714,0.7,0.5964024732996065,552,718,1061,42,1.51514355177554,0.6802379073559943,0.596617946170859,2.333333333333333,597.5542602392687,1.842305112892304,0.6446463711360602,0.5814193059533211,2.333333333333333,491.7861664176124,0.8056341054698439,0.49218600758808145,0.350319731965958,2.995929205784474,261.4264076589485,1.8184361006914007,1.028763250229901,0.350319731965958,4.04683363965579,418.1620185638326
1,musk,hbos,empirical_randomized_weighted,710,554,710,554,526,28,0.051,0.0,0.0,4.0,estimated,1186,38,1779,59,0.6,0.5999999999999998,0.14151221871851186,0.3,0.7,0.6008993816750984,554,710,1069,39,1.5074973482875207,0.8001408773537786,0.4285714285714286,2.333333333333333,553.9425438069954,1.9149227805376525,0.6685795205130545,0.4285714285714286,2.333333333333333,493.8051640959919,0.8356866513025619,0.38900587129654635,0.33441193955599013,1.8332977888589603,291.7768400104966,1.4853994699693112,0.5202804037349146,0.33441193955599013,2.398870843085431,493.4602550689731
1,musk,hbos,empirical_weighted,710,554,710,554,526,28,0.051,0.0,0.0,4.0,estimated,1186,38,1779,59,0.6,0.5999999999999998,0.14151221871851186,0.3,0.7,0.6008993816750984,554,710,1069,39,1.5074973482875207,0.8001408773537786,0.4285714285714286,2.333333333333333,553.9425438069954,1.9149227805376525,0.6685795205130545,0.4285714285714286,2.333333333333333,493.8051640959919,0.8356866513025619,0.38900587129654635,0.33441193955599013,1.8332977888589603,291.7768400104966,1.4853994699693112,0.5202804037349146,0.33441193955599013,2.398870843085431,493.4602550689731
2,musk,hbos,empirical_randomized_weighted,700,560,700,560,532,28,0.05,0.417,0.25,4.0,estimated,1186,38,1779,59,0.6,0.6,0.1413818318550195,0.3,0.7,0.6065205171444632,560,700,1079,42,1.4977025662519223,0.8121318325055786,0.4285714285714286,2.333333333333333,540.9428195647611,1.9753404018995764,0.6191839806608925,0.4285714285714286,2.333333333333333,509.8997041196818,0.8324336816619085,0.4818503661053288,0.29412136806564004,2.2150594455453922,262.1601212741681,1.656925676350403,0.6542175461879143,0.29412136806564004,2.8643401362796554,484.47214788754513
2,musk,hbos,empirical_weighted,700,560,700,560,532,28,0.05,0.0,0.0,4.0,estimated,1186,38,1779,59,0.6,0.6,0.1413818318550195,0.3,0.7,0.6065205171444632,560,700,1079,42,1.4977025662519223,0.8121318325055786,0.4285714285714286,2.333333333333333,540.9428195647611,1.9753404018995764,0.6191839806608925,0.4285714285714286,2.333333333333333,509.8997041196818,0.8324336816619085,0.4818503661053288,0.29412136806564004,2.2150594455453922,262.1601212741681,1.656925676350403,0.6542175461879143,0.29412136806564004,2.8643401362796554,484.47214788754513
3,musk,hbos,empirical_randomized_weighted,712,554,712,554,526,28,0.051,0.25,0.429,4.0,estimated,1186,38,1779,59,0.6,0.5999999999999998,0.14208901804878551,0.3,0.7,0.5997751545812254,554,712,1067,41,1.47541504288185,0.8133142713871194,0.4285714285714286,2.333333333333333,546.066549101301,2.0142212232039904,0.5908393575355199,0.4285714285714286,2.333333333333333,510.10788245121853,0.8373255274772465,0.48580452849075506,0.21254390325477157,1.8565278129434557,266.3443068825067,1.5735217744257364,0.4828728775640508,0.21254390325477157,2.3397810960814267,506.3191023357752
3,musk,hbos,empirical_weighted,712,554,712,554,526,28,0.051,0.0,0.0,4.0,estimated,1186,38,1779,59,0.6,0.5999999999999998,0.14208901804878551,0.3,0.7,0.5997751545812254,554,712,1067,41,1.47541504288185,0.8133142713871194,0.4285714285714286,2.333333333333333,546.066549101301,2.0142212232039904,0.5908393575355199,0.4285714285714286,2.333333333333333,510.10788245121853,0.8373255274772465,0.48580452849075506,0.21254390325477157,1.8565278129434557,266.3443068825067,1.5735217744257364,0.4828728775640508,0.21254390325477157,2.3397810960814267,506.3191023357752
4,musk,hbos,empirical_randomized_weighted,736,544,736,544,517,27,0.05,0.0,0.0,4.0,estimated,1186,38,1779,59,0.6,0.6000000000000001,0.14090348840748773,0.3,0.7,0.5862844294547499,544,736,1043,44,1.5102241102426763,0.8004112614785596,0.4285714285714286,2.333333333333333,574.598353951176,1.9338625562336222,0.6467957209141287,0.4285714285714286,2.333333333333333,489.26929657782955,0.8200633701957765,0.41171503057230774,0.29813557356862136,1.996106097945715,293.9163511718928,1.5166432243792034,0.5239378438796412,0.29813557356862136,2.431021792347763,485.99988613821904
4,musk,hbos,empirical_weighted,736,544,736,544,517,27,0.05,0.0,0.0,4.0,estimated,1186,38,1779,59,0.6,0.6000000000000001,0.14090348840748773,0.3,0.7,0.5862844294547499,544,736,1043,44,1.5102241102426763,0.8004112614785596,0.4285714285714286,2.333333333333333,574.598353951176,1.9338625562336222,0.6467957209141287,0.4285714285714286,2.333333333333333,489.26929657782955,0.8200633701957765,0.41171503057230774,0.29813557356862136,1.996106097945715,293.9163511718928,1.5166432243792034,0.5239378438796412,0.29813557356862136,2.431021792347763,485.99988613821904
5,musk,hbos,empirical_randomized_weighted,701,562,701,562,534,28,0.05,0.0,0.0,4.0,estimated,1186,38,1779,59,0.6,0.5999999999999998,0.14087891345431455,0.3,0.7,0.6059584035975267,562,701,1078,45,1.500384313658928,0.8087246150522699,0.4285714285714286,2.333333333333333,543.1861875293243,1.9424190916946127,0.6376824343522697,0.4285714285714286,2.333333333333333,507.3226697135069,0.8156570500414784,0.4382284207324504,0.29442574424473933,2.150107724995566,272.3760570690179,1.5912787636538612,0.5997501567480439,0.32284274519783523,2.6701153773463573,492.096561795423
5,musk,hbos,empirical_weighted,701,562,701,562,534,28,0.05,0.0,0.0,4.0,estimated,1186,38,1779,59,0.6,0.5999999999999998,0.14087891345431455,0.3,0.7,0.6059584035975267,562,701,1078,45,1.500384313658928,0.8087246150522699,0.4285714285714286,2.333333333333333,543.1861875293243,1.9424190916946127,0.6376824343522697,0.4285714285714286,2.333333333333333,507.3226697135069,0.8156570500414784,0.4382284207324504,0.29442574424473933,2.150107724995566,272.3760570690179,1.5912787636538612,0.5997501567480439,0.32284274519783523,2.6701153773463573,492.096561795423
6,musk,hbos,empirical_randomized_weighted,734,541,734,541,514,27,0.05,0.0,0.0,4.0,estimated,1186,38,1779,59,0.6,0.6,0.1424999331483843,0.3,0.7,0.5874086565486228,541,734,1045,37,1.4716676712280872,0.7998313603481074,0.4285714285714286,2.333333333333333,566.6302066387902,1.981294939052127,0.6238159699830224,0.4285714285714286,2.333333333333333,492.20649078922685,0.7998676248105967,0.518892754352183,0.2942114345094886,2.376999687581989,258.2975624236796,1.8202706927863959,0.8445051706682031,0.2942114345094886,3.2051641751997058,445.17779389933133
6,musk,hbos,empirical_weighted,734,541,734,541,514,27,0.05,0.0,0.0,4.0,estimated,1186,38,1779,59,0.6,0.6,0.1424999331483843,0.3,0.7,0.5874086565486228,541,734,1045,37,1.4716676712280872,0.7998313603481074,0.4285714285714286,2.333333333333333,566.6302066387902,1.981294939052127,0.6238159699830224,0.4285714285714286,2.333333333333333,492.20649078922685,0.7998676248105967,0.518892754352183,0.2942114345094886,2.376999687581989,258.2975624236796,1.8202706927863959,0.8445051706682031,0.2942114345094886,3.2051641751997058,445.17779389933133
7,musk,hbos,empirical_randomized_weighted,711,556,711,556,528,28,0.05,0.0,0.0,4.0,estimated,1186,38,1779,59,0.6,0.6,0.14070195703426544,0.3,0.7,0.6003372681281619,556,711,1068,43,1.513877432742986,0.7885111884906504,0.4285714285714286,2.333333333333333,559.2742991252786,1.9157622593174115,0.6662697681159636,0.4285714285714286,2.333333333333333,496.00648063315293,0.8358082967912754,0.4886855977569406,0.3047360311379967,2.130883274334718,265.30378393053604,1.6508565437814908,0.6427911021504222,0.3047360311379967,2.7011266933622227,482.8033336912285
7,musk,hbos,empirical_weighted,711,556,711,556,528,28,0.05,0.0,0.0,4.0,estimated,1186,38,1779,59,0.6,0.6,0.14070195703426544,0.3,0.7,0.6003372681281619,556,711,1068,43,1.513877432742986,0.7885111884906504,0.4285714285714286,2.333333333333333,559.2742991252786,1.9157622593174115,0.6662697681159636,0.4285714285714286,2.333333333333333,496.00648063315293,0.8358082967912754,0.4886855977569406,0.3047360311379967,2.130883274334718,265.30378393053604,1.6508565437814908,0.6427911021504222,0.3047360311379967,2.7011266933622227,482.8033336912285
8,musk,hbos,empirical_randomized_weighted,708,560,708,560,532,28,0.05,0.0,0.0,4.0,estimated,1186,38,1779,59,0.6,0.5999999999999998,0.14149537315868602,0.3,0.7,0.6020236087689713,560,708,1071,48,1.4867278000978528,0.8135087517003862,0.4285714285714286,2.333333333333333,544.8640465065055,1.9869772058806927,0.6138296720397374,0.4285714285714286,2.333333333333333,511.21220400879315,0.813411512234675,0.5391601368564239,0.2398746515272729,2.8370652356797716,245.94360836883985,1.853691886913063,0.8095377014464734,0.24801818365601702,3.2653537383077738,470.30319226810246
8,musk,hbos,empirical_weighted,708,560,708,560,532,28,0.05,0.0,0.0,4.0,estimated,1186,38,1779,59,0.6,0.5999999999999998,0.14149537315868602,0.3,0.7,0.6020236087689713,560,708,1071,48,1.4867278000978528,0.8135087517003862,0.4285714285714286,2.333333333333333,544.8640465065055,1.9869772058806927,0.6138296720397374,0.4285714285714286,2.333333333333333,511.21220400879315,0.813411512234675,0.5391601368564239,0.2398746515272729,2.8370652356797716,245.94360836883985,1.853691886913063,0.8095377014464734,0.24801818365601702,3.2653537383077738,470.30319226810246
9,musk,hbos,empirical_randomized_weighted,704,558,704,558,530,28,0.05,0.0,0.0,4.0,estimated,1186,38,1779,59,0.6,0.5999999999999998,0.14079166272392246,0.3,0.7,0.6042720629567172,558,704,1075,42,1.4712206782205448,0.8036452166596187,0.4285714285714286,2.333333333333333,542.2131746027537,1.9841803482153366,0.611629541487851,0.4285714285714286,2.333333333333333,509.5797751413394,0.811601394556861,0.472988650274855,0.2840033829906532,2.3275645642017,262.75761300596776,1.721971710511884,0.6653585047724622,0.2840033829906532,2.760822802897927,485.51298007467625
9,musk,hbos,empirical_weighted,704,558,704,558,530,28,0.05,0.0,0.0,4.0,estimated,1186,38,1779,59,0.6,0.5999999999999998,0.14079166272392246,0.3,0.7,0.6042720629567172,558,704,1075,42,1.4712206782205448,0.8036452166596187,0.4285714285714286,2.333333333333333,542.2131746027537,1.9841803482153366,0.611629541487851,0.4285714285714286,2.333333333333333,509.5797751413394,0.811601394556861,0.472988650274855,0.2840033829906532,2.3275645642017,262.75761300596776,1.721971710511884,0.6653585047724622,0.2840033829906532,2.760822802897927,485.51298007467625
10,musk,hbos,empirical_randomized_weighted,729,545,729,545,518,27,0.05,0.0,0.0,4.0,estimated,1186,38,1779,59,0.6,0.5999999999999998,0.14083761172375803,0.3,0.7,0.5902192242833052,545,729,1050,40,1.4891207493245415,0.7962153373981171,0.4285714285714286,2.333333333333333,566.9218579148347,1.9639319202770262,0.6288746219853314,0.4285714285714286,2.333333333333333,494.3150402991552,0.803005466041226,0.5455524650289679,0.2140453640759853,2.6361609987548045,249.73173137359234,1.858998684594718,0.8959589099880899,0.2140453640759853,3.5607609493203114,442.2684233019163
10,musk,hbos,empirical_weighted,729,545,729,545,518,27,0.05,0.0,0.0,4.0,estimated,1186,38,1779,59,0.6,0.5999999999999998,0.14083761172375803,0.3,0.7,0.5902192242833052,545,729,1050,40,1.4891207493245415,0.7962153373981171,0.4285714285714286,2.333333333333333,566.9218579148347,1.9639319202770262,0.6288746219853314,0.4285714285714286,2.333333333333333,494.3150402991552,0.803005466041226,0.5455524650289679,0.2140453640759853,2.6361609987548045,249.73173137359234,1.858998684594718,0.8959589099880899,0.2140453640759853,3.5607609493203114,442.2684233019163
11,musk,hbos,empirical_randomized_weighted,674,572,674,572,543,29,0.051,0.7,0.103,4.0,estimated,1186,38,1779,59,0.6,0.6,0.14197117646809704,0.3,0.7,0.6211354693648117,572,674,1105,39,1.4800752115872464,0.8052521037722675,0.4285714285714286,2.333333333333333,520.0605099511697,1.9402039818611174,0.6410939985070555,0.4285714285714286,2.333333333333333,515.695631479745,0.7872469216731782,0.4952712158334565,0.30288463094342094,2.4897744841403835,241.4404231235584,1.9737858441990745,1.0586078870053721,0.30288463094342094,4.051228363606824,444.21876274044286
11,musk,hbos,empirical_weighted,674,572,674,572,543,29,0.051,0.0,0.0,4.0,estimated,1186,38,1779,59,0.6,0.6,0.14197117646809704,0.3,0.7,0.6211354693648117,572,674,1105,39,1.4800752115872464,0.8052521037722675,0.4285714285714286,2.333333333333333,520.0605099511697,1.9402039818611174,0.6410939985070555,0.4285714285714286,2.333333333333333,515.695631479745,0.7872469216731782,0.4952712158334565,0.30288463094342094,2.4897744841403835,241.4404231235584,1.9737858441990745,1.0586078870053721,0.30288463094342094,4.051228363606824,444.21876274044286
12,musk,hbos,empirical_randomized_weighted,731,546,731,546,519,27,0.049,0.556,0.296,4.0,estimated,1186,38,1779,59,0.6,0.5999999999999998,0.14207946306338273,0.3,0.7,0.5890949971894323,546,731,1048,43,1.504743681735861,0.805534296416138,0.4285714285714286,2.333333333333333,568.1738203138074,1.9102542470776889,0.6579203431845002,0.4285714285714286,2.333333333333333,488.1006523464393,0.810468879025153,0.45241089079038316,0.3445332304417414,2.522481999902855,279.04910604968137,1.6580825667207628,0.7579787052369543,0.3445332304417414,3.121584392615302,451.62091735663097
12,musk,hbos,empirical_weighted,731,546,731,546,519,27,0.049,0.0,0.0,4.0,estimated,1186,38,1779,59,0.6,0.5999999999999998,0.14207946306338273,0.3,0.7,0.5890949971894323,546,731,1048,43,1.504743681735861,0.805534296416138,0.4285714285714286,2.333333333333333,568.1738203138074,1.9102542470776889,0.6579203431845002,0.4285714285714286,2.333333333333333,488.1006523464393,0.810468879025153,0.45241089079038316,0.3445332304417414,2.522481999902855,279.04910604968137,1.6580825667207628,0.7579787052369543,0.3445332304417414,3.121584392615302,451.62091735663097
13,musk,hbos,empirical_randomized_weighted,713,554,713,554,526,28,0.051,0.0,0.0,4.0,estimated,1186,38,1779,59,0.6,0.5999999999999998,0.14022715597130342,0.3,0.7,0.599213041034289,554,713,1066,43,1.4882992154882049,0.8035272705630969,0.4285714285714286,2.333333333333333,552.0763487596085,1.964198939271936,0.6220257969317173,0.4285714285714286,2.333333333333333,503.50486691949305,0.8257593377663384,0.47252688667842296,0.24232552486182718,2.3167695086984925,268.93651997484676,1.6237342929066094,0.5739448027084845,0.26224487151739795,2.5734273683948587,492.46959779351147
13,musk,hbos,empirical_weighted,713,554,713,554,526,28,0.051,0.0,0.0,4.0,estimated,1186,38,1779,59,0.6,0.5999999999999998,0.14022715597130342,0.3,0.7,0.599213041034289,554,713,1066,43,1.4882992154882049,0.8035272705630969,0.4285714285714286,2.333333333333333,552.0763487596085,1.964198939271936,0.6220257969317173,0.4285714285714286,2.333333333333333,503.50486691949305,0.8257593377663384,0.47252688667842296,0.24232552486182718,2.3167695086984925,268.93651997484676,1.6237342929066094,0.5739448027084845,0.26224487151739795,2.5734273683948587,492.46959779351147
14,musk,hbos,empirical_randomized_weighted,723,549,723,549,522,27,0.049,0.0,0.0,4.0,estimated,1186,38,1779,59,0.6,0.6,0.14182337026168162,0.3,0.7,0.5935919055649241,549,723,1056,42,1.5364204140793407,0.8121930084523249,0.4285714285714286,2.333333333333333,565.0881971271084,1.946802472683739,0.6486319463281378,0.4285714285714286,2.333333333333333,494.1460144380818,0.8134147369768676,0.4342562219510286,0.27396298421038734,2.1829230229226977,281.70872930738017,1.6347084119034119,0.6614691785780794,0.27396298421038734,2.8727973187381433,471.7573284211941
14,musk,hbos,empirical_weighted,723,549,723,549,522,27,0.049,0.0,0.0,4.0,estimated,1186,38,1779,59,0.6,0.6,0.14182337026168162,0.3,0.7,0.5935919055649241,549,723,1056,42,1.5364204140793407,0.8121930084523249,0.4285714285714286,2.333333333333333,565.0881971271084,1.946802472683739,0.6486319463281378,0.4285714285714286,2.333333333333333,494.1460144380818,0.8134147369768676,0.4342562219510286,0.27396298421038734,2.1829230229226977,281.70872930738017,1.6347084119034119,0.6614691785780794,0.27396298421038734,2.8727973187381433,471.7573284211941
15,musk,hbos,empirical_randomized_weighted,731,546,731,546,519,27,0.049,0.0,0.0,4.0,estimated,1186,38,1779,59,0.6,0.5999999999999998,0.14136543422967107,0.3,0.7,0.5890949971894323,546,731,1048,43,1.5165496889773282,0.8100818874024648,0.4285714285714286,2.333333333333333,568.7263788825402,1.9145848770037417,0.6539449008882314,0.4285714285714286,2.333333333333333,488.95683800146946,0.8466210788955264,0.36674943065917165,0.38230282478408384,2.028337600820477,308.1702345174766,1.447966183629596,0.4755552685457364,0.38230282478408384,2.353397567354747,492.8393223782302
15,musk,hbos,empirical_weighted,731,546,731,546,519,27,0.049,0.0,0.0,4.0,estimated,1186,38,1779,59,0.6,0.5999999999999998,0.14136543422967107,0.3,0.7,0.5890949971894323,546,731,1048,43,1.5165496889773282,0.8100818874024648,0.4285714285714286,2.333333333333333,568.7263788825402,1.9145848770037417,0.6539449008882314,0.4285714285714286,2.333333333333333,488.95683800146946,0.8466210788955264,0.36674943065917165,0.38230282478408384,2.028337600820477,308.1702345174766,1.447966183629596,0.4755552685457364,0.38230282478408384,2.353397567354747,492.8393223782302
16,musk,hbos,empirical_randomized_weighted,734,545,734,545,518,27,0.05,0.0,0.0,4.0,estimated,1186,38,1779,59,0.6,0.5999999999999998,0.1408471864222755,0.3,0.7,0.5874086565486228,545,734,1045,45,1.5028647065708873,0.8049513659550533,0.4285714285714286,2.333333333333333,570.3719743278193,1.949652683571617,0.6369315880926664,0.4285714285714286,2.333333333333333,492.4433856498248,0.8359128421443436,0.45674747570197144,0.28603554935966535,2.456086281763813,282.62094441101874,1.5698268810266378,0.5898342798345447,0.28603554935966535,2.6228686410480813,477.57811201622326
16,musk,hbos,empirical_weighted,734,545,734,545,518,27,0.05,0.0,0.0,4.0,estimated,1186,38,1779,59,0.6,0.5999999999999998,0.1408471864222755,0.3,0.7,0.5874086565486228,545,734,1045,45,1.5028647065708873,0.8049513659550533,0.4285714285714286,2.333333333333333,570.3719743278193,1.949652683571617,0.6369315880926664,0.4285714285714286,2.333333333333333,492.4433856498248,0.8359128421443436,0.45674747570197144,0.28603554935966535,2.456086281763813,282.62094441101874,1.5698268810266378,0.5898342798345447,0.28603554935966535,2.6228686410480813,477.57811201622326
17,musk,hbos,empirical_randomized_weighted,688,566,688,566,538,28,0.049,0.0,0.0,4.0,estimated,1186,38,1779,59,0.6,0.6,0.14166027874993006,0.3,0.7,0.613265879707701,566,688,1091,42,1.4831281673573917,0.8108248186482184,0.4285714285714286,2.333333333333333,529.687158109843,1.950694150659621,0.6434696289009912,0.4285714285714286,2.333333333333333,510.45612638599823,0.8306095885016278,0.4648357411515311,0.26557922791287647,1.9813584536440667,261.95791749439167,1.5914263057484246,0.5678107339003499,0.26557922791287647,2.4944559642325514,502.08387922955853
17,musk,hbos,empirical_weighted,688,566,688,566,538,28,0.049,0.0,0.0,4.0,estimated,1186,38,1779,59,0.6,0.6,0.14166027874993006,0.3,0.7,0.613265879707701,566,688,1091,42,1.4831281673573917,0.8108248186482184,0.4285714285714286,2.333333333333333,529.687158109843,1.950694150659621,0.6434696289009912,0.4285714285714286,2.333333333333333,510.45612638599823,0.8306095885016278,0.4648357411515311,0.26557922791287647,1.9813584536440667,261.95791749439167,1.5914263057484246,0.5678107339003499,0.26557922791287647,2.4944559642325514,502.08387922955853
18,musk,hbos,empirical_randomized_weighted,761,532,761,532,505,27,0.051,0.206,1.0,4.0,estimated,1186,38,1779,59,0.6,0.5999999999999998,0.1417126400727753,0.3,0.7,0.5722315907813378,532,761,1018,46,1.5403138321189254,0.8032785894104125,0.4285714285714286,2.333333333333333,598.2866271271565,1.9428219457620408,0.6428891420904225,0.4285714285714286,2.333333333333333,479.4961331417058,0.8403980048133621,0.32167124803569286,0.41759955046912767,1.7180186465301737,332.31409719165646,1.3530618767794353,0.3970019027556793,0.41759955046912767,1.975836467601359,489.83074737700514
18,musk,hbos,empirical_weighted,761,532,761,532,505,27,0.051,0.206,1.0,4.0,estimated,1186,38,1779,59,0.6,0.5999999999999998,0.1417126400727753,0.3,0.7,0.5722315907813378,532,761,1018,46,1.5403138321189254,0.8032785894104125,0.4285714285714286,2.333333333333333,598.2866271271565,1.9428219457620408,0.6428891420904225,0.4285714285714286,2.333333333333333,479.4961331417058,0.8403980048133621,0.32167124803569286,0.41759955046912767,1.7180186465301737,332.31409719165646,1.3530618767794353,0.3970019027556793,0.41759955046912767,1.975836467601359,489.83074737700514
19,musk,hbos,empirical_randomized_weighted,710,557,710,557,529,28,0.05,0.0,0.0,4.0,estimated,1186,38,1779,59,0.6,0.5999999999999998,0.14207485969159547,0.3,0.7,0.6008993816750984,557,710,1069,45,1.4883255274478893,0.8018336593124374,0.4285714285714286,2.333333333333333,550.2808175556424,1.9742447239494376,0.6301970584062367,0.4285714285714286,2.333333333333333,505.49303640243664,0.8078351910459723,0.5203030750641664,0.27383155871844583,2.5108926960814424,250.91402980500615,1.8397479756119495,0.8834142247996012,0.27383155871844583,3.584275461443336,452.63395252064635
19,musk,hbos,empirical_weighted,710,557,710,557,529,28,0.05,0.0,0.0,4.0,estimated,1186,38,1779,59,0.6,0.5999999999999998,0.14207485969159547,0.3,0.7,0.6008993816750984,557,710,1069,45,1.4883255274478893,0.8018336593124374,0.4285714285714286,2.333333333333333,550.2808175556424,1.9742447239494376,0.6301970584062367,0.4285714285714286,2.333333333333333,505.49303640243664,0.8078351910459723,0.5203030750641664,0.27383155871844583,2.5108926960814424,250.91402980500615,1.8397479756119495,0.8834142247996012,0.27383155871844583,3.584275461443336,452.63395252064635
20,musk,hbos,empirical_randomized_weighted,701,560,701,560,532,28,0.05,0.071,0.464,4.0,estimated,1186,38,1779,59,0.6,0.5999999999999998,0.13993183738504233,0.3,0.7,0.6059584035975267,560,701,1078,43,1.57668941497103,0.7893715409949609,0.4285714285714286,2.333333333333333,560.5077811279513,1.9003343919782634,0.6787083262300284,0.4285714285714286,2.333333333333333,496.6486910193771,0.8340817390679764,0.41063624370374036,0.3974680314410035,2.107193955986815,282.52218589302237,1.562002111855841,0.633879253256713,0.3974680314410035,2.6765141755808677,480.8173593616181
20,musk,hbos,empirical_weighted,701,560,701,560,532,28,0.05,0.0,0.0,4.0,estimated,1186,38,1779,59,0.6,0.5999999999999998,0.13993183738504233,0.3,0.7,0.6059584035975267,560,701,1078,43,1.57668941497103,0.7893715409949609,0.4285714285714286,2.333333333333333,560.5077811279513,1.9003343919782634,0.6787083262300284,0.4285714285714286,2.333333333333333,496.6486910193771,0.8340817390679764,0.41063624370374036,0.3974680314410035,2.107193955986815,282.52218589302237,1.562002111855841,0.633879253256713,0.3974680314410035,2.6765141755808677,480.8173593616181
21,musk,hbos,empirical_randomized_weighted,702,560,702,560,532,28,0.05,0.0,0.0,4.0,estimated,1186,38,1779,59,0.6,0.5999999999999998,0.1422393493669814,0.3,0.7,0.6053962900505903,560,702,1077,43,1.5211390163034861,0.809267380751649,0.4285714285714286,2.333333333333333,547.1384796225715,1.9605541035399399,0.6366375551291137,0.4285714285714286,2.333333333333333,506.58322667293413,0.8303987055191622,0.4770068650917102,0.31143297497944616,2.383298466115532,263.915505013559,1.657293868006184,0.7017813105269786,0.31143297497944616,2.935320500294516,474.8539335707804
21,musk,hbos,empirical_weighted,702,560,702,560,532,28,0.05,0.0,0.0,4.0,estimated,1186,38,1779,59,0.6,0.5999999999999998,0.1422393493669814,0.3,0.7,0.6053962900505903,560,702,1077,43,1.5211390163034861,0.809267380751649,0.4285714285714286,2.333333333333333,547.1384796225715,1.9605541035399399,0.6366375551291137,0.4285714285714286,2.333333333333333,506.58322667293413,0.8303987055191622,0.4770068650917102,0.31143297497944616,2.383298466115532,263.915505013559,1.657293868006184,0.7017813105269786,0.31143297497944616,2.935320500294516,474.8539335707804
22,musk,hbos,empirical_randomized_weighted,703,556,703,556,528,28,0.05,0.0,0.0,4.0,estimated,1186,38,1779,59,0.6,0.6,0.14094936593708832,0.3,0.7,0.6048341765036538,556,703,1076,35,1.5163904962968002,0.8022479218530993,0.4285714285714286,2.333333333333333,549.2638196929811,1.9366978982882277,0.6538086333241666,0.4285714285714286,2.333333333333333,499.117304668791,0.823843393874827,0.4356115854536671,0.3099261786308641,1.8566721975375076,275.08979128079864,1.6214973570525446,0.6252321219596918,0.3099261786308641,2.7060314790064957,484.0342050471158
22,musk,hbos,empirical_weighted,703,556,703,556,528,28,0.05,0.0,0.0,4.0,estimated,1186,38,1779,59,0.6,0.6,0.14094936593708832,0.3,0.7,0.6048341765036538,556,703,1076,35,1.5163904962968002,0.8022479218530993,0.4285714285714286,2.333333333333333,549.2638196929811,1.9366978982882277,0.6538086333241666,0.4285714285714286,2.333333333333333,499.117304668791,0.823843393874827,0.4356115854536671,0.3099261786308641,1.8566721975375076,275.08979128079864,1.6214973570525446,0.6252321219596918,0.3099261786308641,2.7060314790064957,484.0342050471158
23,musk,hbos,empirical_randomized_weighted,698,562,698,562,534,28,0.05,0.0,0.0,4.0,estimated,1186,38,1779,59,0.6,0.5999999999999998,0.14213164267751413,0.3,0.7,0.6076447442383361,562,698,1081,42,1.4544552811748799,0.8089722489360208,0.4285714285714286,2.333333333333333,533.0841864881372,1.954655204913971,0.6407760582854072,0.4285714285714286,2.333333333333333,507.46465878817276,0.8150177958744645,0.47487114703232686,0.29232094482796767,2.132052305961877,260.54838484400966,1.6844623046516916,0.7046302646047284,0.29232094482796767,2.885505456013818,478.30411446466417
23,musk,hbos,empirical_weighted,698,562,698,562,534,28,0.05,0.0,0.0,4.0,estimated,1186,38,1779,59,0.6,0.5999999999999998,0.14213164267751413,0.3,0.7,0.6076447442383361,562,698,1081,42,1.4544552811748799,0.8089722489360208,0.4285714285714286,2.333333333333333,533.0841864881372,1.954655204913971,0.6407760582854072,0.4285714285714286,2.333333333333333,507.46465878817276,0.8150177958744645,0.47487114703232686,0.29232094482796767,2.132052305961877,260.54838484400966,1.6844623046516916,0.7046302646047284,0.29232094482796767,2.885505456013818,478.30411446466417
24,musk,hbos,empirical_randomized_weighted,725,548,725,548,521,27,0.049,0.647,0.222,4.0,estimated,1186,38,1779,59,0.6,0.5999999999999998,0.14157932357603528,0.3,0.7,0.5924676784710512,548,725,1054,42,1.4973157079520591,0.7938344296620866,0.4285714285714286,2.333333333333333,565.9278453964023,1.9434738010842558,0.6459169101566508,0.4285714285714286,2.333333333333333,493.49021445268926,0.8344401255149664,0.47966546905922086,0.2685918336633994,2.4332045913894196,272.8430133546174,1.644964869177505,0.660665922445504,0.2685918336633994,2.7792886272092794,471.88251306217757
24,musk,hbos,empirical_weighted,725,548,725,548,521,27,0.049,0.0,0.0,4.0,estimated,1186,38,1779,59,0.6,0.5999999999999998,0.14157932357603528,0.3,0.7,0.5924676784710512,548,725,1054,42,1.4973157079520591,0.7938344296620866,0.4285714285714286,2.333333333333333,565.9278453964023,1.9434738010842558,0.6459169101566508,0.4285714285714286,2.333333333333333,493.49021445268926,0.8344401255149664,0.47966546905922086,0.2685918336633994,2.4332045913894196,272.8430133546174,1.644964869177505,0.660665922445504,0.2685918336633994,2.7792886272092794,471.88251306217757
25,musk,hbos,empirical_randomized_weighted,729,546,729,546,519,27,0.049,0.0,0.037,4.0,estimated,1186,38,1779,59,0.6,0.5999999999999998,0.14258482294527064,0.3,0.7,0.5902192242833052,546,729,1050,42,1.5058338134652711,0.8069508484113888,0.4285714285714286,2.333333333333333,566.3584630723778,1.976669611321516,0.6345795936471227,0.4285714285714286,2.333333333333333,494.98519374987654,0.8069408178470969,0.4726354728921376,0.2783399823511645,2.155384477914456,271.7675881087504,1.6860109510040358,0.693591190800256,0.2783399823511645,2.8867506115668524,466.97259070069646
25,musk,hbos,empirical_weighted,729,546,729,546,519,27,0.049,0.0,0.0,4.0,estimated,1186,38,1779,59,0.6,0.5999999999999998,0.14258482294527064,0.3,0.7,0.5902192242833052,546,729,1050,42,1.5058338134652711,0.8069508484113888,0.4285714285714286,2.333333333333333,566.3584630723778,1.976669611321516,0.6345795936471227,0.4285714285714286,2.333333333333333,494.98519374987654,0.8069408178470969,0.4726354728921376,0.2783399823511645,2.155384477914456,271.7675881087504,1.6860109510040358,0.693591190800256,0.2783399823511645,2.8867506115668524,466.97259070069646
1,musk,hbos,empirical_randomized_weighted,707,556,707,556,528,28,0.05,0.0,0.0,16.0,estimated,1186,38,1779,59,0.6,0.5999999999999998,0.16459653566772167,0.3,0.7,0.6025857223159078,556,707,1072,39,1.5053663353529696,0.9052059625605533,0.4285714285714286,2.333333333333333,519.2477862714595,2.0146863318572996,0.6712394256753822,0.4285714285714286,2.333333333333333,500.4480814093713,0.832922681141696,0.4374685663254597,0.31535528453326034,2.344843633147783,277.46051759517064,1.5454367012563572,0.5301600091957841,0.31535528453326034,2.3827252153307446,497.4579576803092
1,musk,hbos,empirical_weighted,707,556,707,556,528,28,0.05,0.0,0.0,16.0,estimated,1186,38,1779,59,0.6,0.5999999999999998,0.16459653566772167,0.3,0.7,0.6025857223159078,556,707,1072,39,1.5053663353529696,0.9052059625605533,0.4285714285714286,2.333333333333333,519.2477862714595,2.0146863318572996,0.6712394256753822,0.4285714285714286,2.333333333333333,500.4480814093713,0.832922681141696,0.4374685663254597,0.31535528453326034,2.344843633147783,277.46051759517064,1.5454367012563572,0.5301600091957841,0.31535528453326034,2.3827252153307446,497.4579576803092
2,musk,hbos,empirical_randomized_weighted,693,564,693,564,536,28,0.05,0.214,0.393,16.0,estimated,1186,38,1779,59,0.6,0.5999999999999998,0.16495139128084294,0.3,0.7,0.6104553119730185,564,693,1086,42,1.5029909500352492,0.910392518476074,0.4285714285714286,2.333333333333333,506.98757800929883,2.072353702037209,0.6215764609679583,0.4285714285714286,2.333333333333333,517.449010476641,0.8184386692730788,0.4632358735409319,0.28887177428051947,2.077533423696702,262.8080231549756,1.6123329627727667,0.5916514030300876,0.2907852389827724,2.55000677679622,497.06741124079707
2,musk,hbos,empirical_weighted,693,564,693,564,536,28,0.05,0.0,0.0,16.0,estimated,1186,38,1779,59,0.6,0.5999999999999998,0.16495139128084294,0.3,0.7,0.6104553119730185,564,693,1086,42,1.5029909500352492,0.910392518476074,0.4285714285714286,2.333333333333333,506.98757800929883,2.072353702037209,0.6215764609679583,0.4285714285714286,2.333333333333333,517.449010476641,0.8184386692730788,0.4632358735409319,0.28887177428051947,2.077533423696702,262.8080231549756,1.6123329627727667,0.5916514030300876,0.2907852389827724,2.55000677679622,497.06741124079707
3,musk,hbos,empirical_randomized_weighted,709,556,709,556,528,28,0.05,0.267,0.393,16.0,estimated,1186,38,1779,59,0.6,0.6,0.16558238538928266,0.3,0.7,0.6014614952220348,556,709,1070,41,1.4813057800070986,0.9119889741898969,0.4285714285714286,2.333333333333333,514.1242402159816,2.1133227495318287,0.5693252729110135,0.4285714285714286,2.333333333333333,518.3784884424874,0.8372509253177799,0.5241858034111205,0.210188338378956,2.18421999334908,255.03317239073405,1.6350086933763714,0.5414106977510907,0.210188338378956,2.462965007371148,501.0583341327203
3,musk,hbos,empirical_weighted,709,556,709,556,528,28,0.05,0.0,0.0,16.0,estimated,1186,38,1779,59,0.6,0.6,0.16558238538928266,0.3,0.7,0.6014614952220348,556,709,1070,41,1.4813057800070986,0.9119889741898969,0.4285714285714286,2.333333333333333,514.1242402159816,2.1133227495318287,0.5693252729110135,0.4285714285714286,2.333333333333333,518.3784884424874,0.8372509253177799,0.5241858034111205,0.210188338378956,2.18421999334908,255.03317239073405,1.6350086933763714,0.5414106977510907,0.210188338378956,2.462965007371148,501.0583341327203
4,musk,hbos,empirical_randomized_weighted,735,544,735,544,517,27,0.05,0.0,0.0,16.0,estimated,1186,38,1779,59,0.6,0.6000000000000001,0.16495494635906544,0.3,0.7,0.5868465430016864,544,735,1044,44,1.515176167062119,0.9012814714806193,0.4285714285714286,2.333333333333333,542.9042140970864,2.0432140388835194,0.6485753241717372,0.4285714285714286,2.333333333333333,494.20348826202553,0.7916858891453545,0.43970608651666393,0.2700617760222991,2.329498456866913,281.24355847001135,1.6562190441542715,0.6466754690691847,0.2700617760222991,2.8365998656459097,472.03642387385213
4,musk,hbos,empirical_weighted,735,544,735,544,517,27,0.05,0.0,0.0,16.0,estimated,1186,38,1779,59,0.6,0.6000000000000001,0.16495494635906544,0.3,0.7,0.5868465430016864,544,735,1044,44,1.515176167062119,0.9012814714806193,0.4285714285714286,2.333333333333333,542.9042140970864,2.0432140388835194,0.6485753241717372,0.4285714285714286,2.333333333333333,494.20348826202553,0.7916858891453545,0.43970608651666393,0.2700617760222991,2.329498456866913,281.24355847001135,1.6562190441542715,0.6466754690691847,0.2700617760222991,2.8365998656459097,472.03642387385213
5,musk,hbos,empirical_randomized_weighted,709,558,709,558,530,28,0.05,0.0,0.0,16.0,estimated,1186,38,1779,59,0.6,0.6,0.16487374287976075,0.3,0.7,0.6014614952220348,558,709,1070,45,1.485411805390032,0.9097670118892736,0.4285714285714286,2.333333333333333,515.5925296996447,2.0628878866228817,0.6238540321425612,0.4285714285714286,2.333333333333333,511.24344805323886,0.8209708917703832,0.43005845321036074,0.2723783424643948,1.977077276872116,278.5603405393874,1.5681053138807999,0.5884350775052103,0.2723783424643948,2.6760224618912014,489.12431832739867
5,musk,hbos,empirical_weighted,709,558,709,558,530,28,0.05,0.0,0.0,16.0,estimated,1186,38,1779,59,0.6,0.6,0.16487374287976075,0.3,0.7,0.6014614952220348,558,709,1070,45,1.485411805390032,0.9097670118892736,0.4285714285714286,2.333333333333333,515.5925296996447,2.0628878866228817,0.6238540321425612,0.4285714285714286,2.333333333333333,511.24344805323886,0.8209708917703832,0.43005845321036074,0.2723783424643948,1.977077276872116,278.5603405393874,1.5681053138807999,0.5884350775052103,0.2723783424643948,2.6760224618912014,489.12431832739867
6,musk,hbos,empirical_randomized_weighted,722,547,722,547,520,27,0.049,0.0,0.0,16.0,estimated,1186,38,1779,59,0.6,0.5999999999999998,0.16478866704395256,0.3,0.7,0.5941540191118606,547,722,1057,37,1.4777964905751286,0.9106523274383359,0.4285714285714286,2.333333333333333,523.2904462934349,2.088131780397533,0.5967061979339413,0.4285714285714286,2.333333333333333,505.7045544440099,0.7868322922502423,0.4955044943550772,0.25533677001415267,2.232086331590243,258.4885873558241,1.80139019111872,0.8142217480008246,0.25533677001415267,3.450594214739074,454.2055067179177
6,musk,hbos,empirical_weighted,722,547,722,547,520,27,0.049,0.0,0.0,16.0,estimated,1186,38,1779,59,0.6,0.5999999999999998,0.16478866704395256,0.3,0.7,0.5941540191118606,547,722,1057,37,1.4777964905751286,0.9106523274383359,0.4285714285714286,2.333333333333333,523.2904462934349,2.088131780397533,0.5967061979339413,0.4285714285714286,2.333333333333333,505.7045544440099,0.7868322922502423,0.4955044943550772,0.25533677001415267,2.232086331590243,258.4885873558241,1.80139019111872,0.8142217480008246,0.25533677001415267,3.450594214739074,454.2055067179177
7,musk,hbos,empirical_randomized_weighted,697,562,697,562,534,28,0.05,0.0,0.0,16.0,estimated,1186,38,1779,59,0.6,0.5999999999999998,0.16474875687698762,0.3,0.7,0.6082068577852726,562,697,1082,43,1.5208778790524928,0.9010746915366342,0.4285714285714286,2.333333333333333,515.906180698385,2.005925002180986,0.6847617680116653,0.4285714285714286,2.333333333333333,503.34374852639684,0.8272223116109991,0.44226075334779663,0.30647438703380836,1.9938054141033072,271.41938949544294,1.6259207453474789,0.6356283293404094,0.30647438703380836,2.7316860608672595,487.4961172467427
7,musk,hbos,empirical_weighted,697,562,697,562,534,28,0.05,0.0,0.0,16.0,estimated,1186,38,1779,59,0.6,0.5999999999999998,0.16474875687698762,0.3,0.7,0.6082068577852726,562,697,1082,43,1.5208778790524928,0.9010746915366342,0.4285714285714286,2.333333333333333,515.906180698385,2.005925002180986,0.6847617680116653,0.4285714285714286,2.333333333333333,503.34374852639684,0.8272223116109991,0.44226075334779663,0.30647438703380836,1.9938054141033072,271.41938949544294,1.6259207453474789,0.6356283293404094,0.30647438703380836,2.7316860608672595,487.4961172467427
8,musk,hbos,empirical_randomized_weighted,706,560,706,560,532,28,0.05,0.0,0.0,16.0,estimated,1186,38,1779,59,0.6,0.5999999999999998,0.16508425745882596,0.3,0.7,0.6031478358628443,560,706,1073,48,1.466768107481167,0.9163711770333963,0.4285714285714286,2.333333333333333,507.79705520911295,2.1033334083886195,0.5836482968461502,0.4285714285714286,2.333333333333333,519.9632467082181,0.7939333993534008,0.5051644890835558,0.22507470991114525,2.2278542681933113,251.27182101564046,1.7938781096822287,0.7198969987526367,0.2505230927459812,3.0656596392538655,482.32293939710456
8,musk,hbos,empirical_weighted,706,560,706,560,532,28,0.05,0.0,0.0,16.0,estimated,1186,38,1779,59,0.6,0.5999999999999998,0.16508425745882596,0.3,0.7,0.6031478358628443,560,706,1073,48,1.466768107481167,0.9163711770333963,0.4285714285714286,2.333333333333333,507.79705520911295,2.1033334083886195,0.5836482968461502,0.4285714285714286,2.333333333333333,519.9632467082181,0.7939333993534008,0.5051644890835558,0.22507470991114525,2.2278542681933113,251.27182101564046,1.7938781096822287,0.7198969987526367,0.2505230927459812,3.0656596392538655,482.32293939710456
9,musk,hbos,empirical_randomized_weighted,708,556,708,556,528,28,0.05,0.0,0.0,16.0,estimated,1186,38,1779,59,0.6,0.5999999999999998,0.1642060965822715,0.3,0.7,0.6020236087689713,556,708,1071,42,1.4646344264097313,0.9046856990147851,0.4285714285714286,2.333333333333333,512.4726002818487,2.093479629690261,0.5910974759772605,0.4285714285714286,2.333333333333333,514.947143221333,0.8113722395220776,0.5460955327796717,0.2166354373457516,2.831793757417568,243.63407843957157,1.879762916909912,0.8282521764618526,0.2166354373457516,3.5184187870898818,465.60635217232095
9,musk,hbos,empirical_weighted,708,556,708,556,528,28,0.05,0.0,0.0,16.0,estimated,1186,38,1779,59,0.6,0.5999999999999998,0.1642060965822715,0.3,0.7,0.6020236087689713,556,708,1071,42,1.4646344264097313,0.9046856990147851,0.4285714285714286,2.333333333333333,512.4726002818487,2.093479629690261,0.5910974759772605,0.4285714285714286,2.333333333333333,514.947143221333,0.8113722395220776,0.5460955327796717,0.2166354373457516,2.831793757417568,243.63407843957157,1.879762916909912,0.8282521764618526,0.2166354373457516,3.5184187870898818,465.60635217232095
10,musk,hbos,empirical_randomized_weighted,724,548,724,548,521,27,0.049,0.0,0.0,16.0,estimated,1186,38,1779,59,0.6,0.5999999999999998,0.16481192116841542,0.3,0.7,0.5930297920179877,548,724,1055,40,1.5042304390807408,0.9016706347515988,0.4285714285714286,2.333333333333333,532.6238815403972,2.0659140205572744,0.6259428952068876,0.4285714285714286,2.333333333333333,501.9232094536959,0.8072825569299815,0.5020141894184053,0.24108619218732144,2.3632167271544238,261.05029801807837,1.7136237858836243,0.7052904118235164,0.24108619218732144,2.9419018637884773,468.6176989969836
10,musk,hbos,empirical_weighted,724,548,724,548,521,27,0.049,0.0,0.0,16.0,estimated,1186,38,1779,59,0.6,0.5999999999999998,0.16481192116841542,0.3,0.7,0.5930297920179877,548,724,1055,40,1.5042304390807408,0.9016706347515988,0.4285714285714286,2.333333333333333,532.6238815403972,2.0659140205572744,0.6259428952068876,0.4285714285714286,2.333333333333333,501.9232094536959,0.8072825569299815,0.5020141894184053,0.24108619218732144,2.3632167271544238,261.05029801807837,1.7136237858836243,0.7052904118235164,0.24108619218732144,2.9419018637884773,468.6176989969836
11,musk,hbos,empirical_randomized_weighted,671,574,671,574,545,29,0.051,0.0,0.276,16.0,estimated,1186,38,1779,59,0.6,0.5999999999999998,0.16536490270100196,0.3,0.7,0.6228218100056211,574,671,1108,39,1.4689258226129416,0.9133184651010269,0.4285714285714286,2.333333333333333,483.9228097838453,2.0610596648930257,0.6282495489970477,0.4285714285714286,2.333333333333333,525.2012195539414,0.8200482035456541,0.49707398861306173,0.3069776761282901,2.577859957853609,245.71813494162137,1.872643443429369,0.98548135409377,0.3069776761282901,3.911222894619822,449.511902415625
11,musk,hbos,empirical_weighted,671,574,671,574,545,29,0.051,0.0,0.0,16.0,estimated,1186,38,1779,59,0.6,0.5999999999999998,0.16536490270100196,0.3,0.7,0.6228218100056211,574,671,1108,39,1.4689258226129416,0.9133184651010269,0.4285714285714286,2.333333333333333,483.9228097838453,2.0610596648930257,0.6282495489970477,0.4285714285714286,2.333333333333333,525.2012195539414,0.8200482035456541,0.49707398861306173,0.3069776761282901,2.577859957853609,245.71813494162137,1.872643443429369,0.98548135409377,0.3069776761282901,3.911222894619822,449.511902415625
12,musk,hbos,empirical_randomized_weighted,730,546,730,546,519,27,0.049,0.429,0.296,16.0,estimated,1186,38,1779,59,0.6,0.6,0.16531895141765943,0.3,0.7,0.5896571107363687,546,730,1049,43,1.5208112686709483,0.9026171166074448,0.4285714285714286,2.333333333333333,539.8392298855484,2.0291622715581012,0.6652426827820287,0.4285714285714286,2.333333333333333,493.0112709531671,0.8173598028653599,0.4230232724981019,0.32697863431060115,2.176583472728148,287.88750069293457,1.683323051858381,0.7409580007539802,0.32697863431060115,3.166414165544262,457.3803988711653
12,musk,hbos,empirical_weighted,730,546,730,546,519,27,0.049,0.0,0.0,16.0,estimated,1186,38,1779,59,0.6,0.6,0.16531895141765943,0.3,0.7,0.5896571107363687,546,730,1049,43,1.5208112686709483,0.9026171166074448,0.4285714285714286,2.333333333333333,539.8392298855484,2.0291622715581012,0.6652426827820287,0.4285714285714286,2.333333333333333,493.0112709531671,0.8173598028653599,0.4230232724981019,0.32697863431060115,2.176583472728148,287.88750069293457,1.683323051858381,0.7409580007539802,0.32697863431060115,3.166414165544262,457.3803988711653
13,musk,hbos,empirical_randomized_weighted,705,558,705,558,530,28,0.05,0.0,0.0,16.0,estimated,1186,38,1779,59,0.6,0.5999999999999998,0.1646331516580759,0.3,0.7,0.6037099494097807,558,705,1074,43,1.4859074429989214,0.9110330587144846,0.4285714285714286,2.333333333333333,512.387881972593,2.088896434174757,0.5975197880163379,0.4285714285714286,2.333333333333333,515.7964380789899,0.8282411701484637,0.5739522234263194,0.18967519952136025,2.298370029302011,238.47848936234774,1.7530081676929206,0.6153896286823649,0.21379517523174144,2.6520200489348555,496.7795928673392
13,musk,hbos,empirical_weighted,705,558,705,558,530,28,0.05,0.0,0.0,16.0,estimated,1186,38,1779,59,0.6,0.5999999999999998,0.1646331516580759,0.3,0.7,0.6037099494097807,558,705,1074,43,1.4859074429989214,0.9110330587144846,0.4285714285714286,2.333333333333333,512.387881972593,2.088896434174757,0.5975197880163379,0.4285714285714286,2.333333333333333,515.7964380789899,0.8282411701484637,0.5739522234263194,0.18967519952136025,2.298370029302011,238.47848936234774,1.7530081676929206,0.6153896286823649,0.21379517523174144,2.6520200489348555,496.7795928673392
14,musk,hbos,empirical_randomized_weighted,724,548,724,548,521,27,0.049,0.0,0.0,16.0,estimated,1186,38,1779,59,0.6,0.5999999999999998,0.16473450332962075,0.3,0.7,0.5930297920179877,548,724,1055,42,1.5300783696967293,0.9057666932190672,0.4285714285714286,2.333333333333333,536.1242286606521,2.053205257851224,0.6412363884685092,0.4285714285714286,2.333333333333333,499.2995720810719,0.8297472901726948,0.4324819532972507,0.2963665388194055,2.1954736319462413,284.6646810718913,1.5273740802596925,0.5266886738443899,0.30946549961627207,2.414142120341411,489.7625082147467
14,musk,hbos,empirical_weighted,724,548,724,548,521,27,0.049,0.0,0.0,16.0,estimated,1186,38,1779,59,0.6,0.5999999999999998,0.16473450332962075,0.3,0.7,0.5930297920179877,548,724,1055,42,1.5300783696967293,0.9057666932190672,0.4285714285714286,2.333333333333333,536.1242286606521,2.053205257851224,0.6412363884685092,0.4285714285714286,2.333333333333333,499.2995720810719,0.8297472901726948,0.4324819532972507,0.2963665388194055,2.1954736319462413,284.6646810718913,1.5273740802596925,0.5266886738443899,0.30946549961627207,2.414142120341411,489.7625082147467
15,musk,hbos,empirical_randomized_weighted,725,548,725,548,521,27,0.049,0.0,0.0,16.0,estimated,1186,38,1779,59,0.6,0.6,0.16427734836127156,0.3,0.7,0.5924676784710512,548,725,1054,43,1.517561187655443,0.9011235858913403,0.4285714285714286,2.333333333333333,536.0066669892295,2.0235153695714487,0.663949814689168,0.4285714285714286,2.333333333333333,494.7363068347218,0.8422755280288917,0.408734848805229,0.31962380572900895,2.265820746263574,293.81023056721637,1.5171386590882414,0.4895028235959471,0.31962380572900895,2.3417697274861964,496.3308709521597
15,musk,hbos,empirical_weighted,725,548,725,548,521,27,0.049,0.0,0.0,16.0,estimated,1186,38,1779,59,0.6,0.6,0.16427734836127156,0.3,0.7,0.5924676784710512,548,725,1054,43,1.517561187655443,0.9011235858913403,0.4285714285714286,2.333333333333333,536.0066669892295,2.0235153695714487,0.663949814689168,0.4285714285714286,2.333333333333333,494.7363068347218,0.8422755280288917,0.408734848805229,0.31962380572900895,2.265820746263574,293.81023056721637,1.5171386590882414,0.4895028235959471,0.31962380572900895,2.3417697274861964,496.3308709521597
16,musk,hbos,empirical_randomized_weighted,742,541,742,541,514,27,0.05,0.0,0.0,16.0,estimated,1186,38,1779,59,0.6,0.5999999999999998,0.1647373768184362,0.3,0.7,0.582911748173131,541,742,1037,45,1.4975343060143078,0.907401153198733,0.4285714285714286,2.333333333333333,542.7343625886817,2.0684367649978994,0.6267782134951049,0.4285714285714286,2.333333333333333,495.50234610888486,0.8371378681207369,0.48813198407796704,0.26404552512654184,2.2991726302015,276.86540676826377,1.5754034257957485,0.5452054465759105,0.26404552512654184,2.4518881000240715,483.1362679875381
16,musk,hbos,empirical_weighted,742,541,742,541,514,27,0.05,0.0,0.0,16.0,estimated,1186,38,1779,59,0.6,0.5999999999999998,0.1647373768184362,0.3,0.7,0.582911748173131,541,742,1037,45,1.4975343060143078,0.907401153198733,0.4285714285714286,2.333333333333333,542.7343625886817,2.0684367649978994,0.6267782134951049,0.4285714285714286,2.333333333333333,495.50234610888486,0.8371378681207369,0.48813198407796704,0.26404552512654184,2.2991726302015,276.86540676826377,1.5754034257957485,0.5452054465759105,0.26404552512654184,2.4518881000240715,483.1362679875381
17,musk,hbos,empirical_randomized_weighted,673,574,673,574,545,29,0.051,0.0,0.0,16.0,estimated,1186,38,1779,59,0.6,0.6,0.1646481394419825,0.3,0.7,0.6216975829117481,574,673,1106,42,1.4540342590295794,0.9155529175569936,0.4285714285714286,2.333333333333333,481.9271388284508,2.0675202215105863,0.6175922126783201,0.4285714285714286,2.333333333333333,526.9784494458962,0.8390766769039092,0.420039226217205,0.2981043165356888,2.2018976400841974,269.4712342541012,1.5253001061988773,0.5006126335660382,0.2981043165356888,2.4026889411962182,518.1818768627708
17,musk,hbos,empirical_weighted,673,574,673,574,545,29,0.051,0.0,0.0,16.0,estimated,1186,38,1779,59,0.6,0.6,0.1646481394419825,0.3,0.7,0.6216975829117481,574,673,1106,42,1.4540342590295794,0.9155529175569936,0.4285714285714286,2.333333333333333,481.9271388284508,2.0675202215105863,0.6175922126783201,0.4285714285714286,2.333333333333333,526.9784494458962,0.8390766769039092,0.420039226217205,0.2981043165356888,2.2018976400841974,269.4712342541012,1.5253001061988773,0.5006126335660382,0.2981043165356888,2.4026889411962182,518.1818768627708
18,musk,hbos,empirical_randomized_weighted,757,534,757,534,507,27,0.051,0.2,0.444,16.0,estimated,1186,38,1779,59,0.6,0.6,0.16515224331812356,0.3,0.7,0.5744800449690838,534,757,1022,46,1.547174566780722,0.9018224062255706,0.4285714285714286,2.333333333333333,565.029488725148,2.0567325711530113,0.6353609711728858,0.4285714285714286,2.333333333333333,487.47975436523114,0.8301347009880302,0.37863787507042906,0.3178122854955956,2.020273539287829,313.73082005680766,1.4320952341195874,0.4665232296314275,0.3178122854955956,2.2175604045816137,482.7680092522129
18,musk,hbos,empirical_weighted,757,534,757,534,507,27,0.051,0.0,0.0,16.0,estimated,1186,38,1779,59,0.6,0.6,0.16515224331812356,0.3,0.7,0.5744800449690838,534,757,1022,46,1.547174566780722,0.9018224062255706,0.4285714285714286,2.333333333333333,565.029488725148,2.0567325711530113,0.6353609711728858,0.4285714285714286,2.333333333333333,487.47975436523114,0.8301347009880302,0.37863787507042906,0.3178122854955956,2.020273539287829,313.73082005680766,1.4320952341195874,0.4665232296314275,0.3178122854955956,2.2175604045816137,482.7680092522129
19,musk,hbos,empirical_randomized_weighted,701,562,701,562,534,28,0.05,0.0,0.0,16.0,estimated,1186,38,1779,59,0.6,0.6,0.16509019752214338,0.3,0.7,0.6059584035975267,562,701,1078,45,1.5018656952095972,0.9087517670817649,0.4285714285714286,2.333333333333333,513.1305342961771,2.0631513691998706,0.6301275870353967,0.4285714285714286,2.333333333333333,514.0488331567776,0.8188672150744835,0.5583734021722937,0.2782823736516066,2.6986864758792612,239.5957799230772,1.884874412387143,0.9057360229313275,0.2782823736516066,3.6192631598867537,456.57362697023126
19,musk,hbos,empirical_weighted,701,562,701,562,534,28,0.05,0.0,0.0,16.0,estimated,1186,38,1779,59,0.6,0.6,0.16509019752214338,0.3,0.7,0.6059584035975267,562,701,1078,45,1.5018656952095972,0.9087517670817649,0.4285714285714286,2.333333333333333,513.1305342961771,2.0631513691998706,0.6301275870353967,0.4285714285714286,2.333333333333333,514.0488331567776,0.8188672150744835,0.5583734021722937,0.2782823736516066,2.6986864758792612,239.5957799230772,1.884874412387143,0.9057360229313275,0.2782823736516066,3.6192631598867537,456.57362697023126
20,musk,hbos,empirical_randomized_weighted,705,558,705,558,530,28,0.05,0.083,0.393,16.0,estimated,1186,38,1779,59,0.6,0.5999999999999998,0.16460769947854287,0.3,0.7,0.6037099494097807,558,705,1074,43,1.5915815440435026,0.8908123339843399,0.4285714285714286,2.333333333333333,536.8291426030767,2.0136886895533856,0.679095576974776,0.4285714285714286,2.333333333333333,501.0188502271532,0.8298226837625662,0.38764781781184493,0.3722099788847676,1.9078959017595603,289.7658980349851,1.5305197510488182,0.5505953550189842,0.3722099788847676,2.4588053463201525,494.06074672229033
20,musk,hbos,empirical_weighted,705,558,705,558,530,28,0.05,0.0,0.0,16.0,estimated,1186,38,1779,59,0.6,0.5999999999999998,0.16460769947854287,0.3,0.7,0.6037099494097807,558,705,1074,43,1.5915815440435026,0.8908123339843399,0.4285714285714286,2.333333333333333,536.8291426030767,2.0136886895533856,0.679095576974776,0.4285714285714286,2.333333333333333,501.0188502271532,0.8298226837625662,0.38764781781184493,0.3722099788847676,1.9078959017595603,289.7658980349851,1.5305197510488182,0.5505953550189842,0.3722099788847676,2.4588053463201525,494.06074672229033
21,musk,hbos,empirical_randomized_weighted,705,558,705,558,530,28,0.05,0.0,0.0,16.0,estimated,1186,38,1779,59,0.6,0.6000000000000001,0.16463149924901554,0.3,0.7,0.6037099494097807,558,705,1074,43,1.5060829779817464,0.9056284638654386,0.4285714285714286,2.333333333333333,517.7814697155762,2.0968836698828732,0.5973517068490428,0.4285714285714286,2.333333333333333,516.115044208232,0.8339999826127363,0.44969102169046987,0.2701610989509135,1.9973033124093182,273.48772368522725,1.534843326208473,0.4995761580955033,0.27220069731739455,2.4384567545388425,504.5464601355854
21,musk,hbos,empirical_weighted,705,558,705,558,530,28,0.05,0.0,0.0,16.0,estimated,1186,38,1779,59,0.6,0.6000000000000001,0.16463149924901554,0.3,0.7,0.6037099494097807,558,705,1074,43,1.5060829779817464,0.9056284638654386,0.4285714285714286,2.333333333333333,517.7814697155762,2.0968836698828732,0.5973517068490428,0.4285714285714286,2.333333333333333,516.115044208232,0.8339999826127363,0.44969102169046987,0.2701610989509135,1.9973033124093182,273.48772368522725,1.534843326208473,0.4995761580955033,0.27220069731739455,2.4384567545388425,504.5464601355854
22,musk,hbos,empirical_randomized_weighted,703,556,703,556,528,28,0.05,0.0,0.0,16.0,estimated,1186,38,1779,59,0.6,0.5999999999999998,0.1649473268931813,0.3,0.7,0.6048341765036538,556,703,1076,35,1.5194114782409152,0.9034969726739548,0.4285714285714286,2.333333333333333,519.3588092753396,2.0447494793798975,0.6518530390939287,0.4285714285714286,2.333333333333333,504.7069566534221,0.8496899201071589,0.4435236697955019,0.3025894282628881,2.2213515689149284,276.62816789544974,1.5691689384504683,0.5538302898498086,0.3025894282628881,2.6103232354221917,494.41112923394525
22,musk,hbos,empirical_weighted,703,556,703,556,528,28,0.05,0.0,0.0,16.0,estimated,1186,38,1779,59,0.6,0.5999999999999998,0.1649473268931813,0.3,0.7,0.6048341765036538,556,703,1076,35,1.5194114782409152,0.9034969726739548,0.4285714285714286,2.333333333333333,519.3588092753396,2.0447494793798975,0.6518530390939287,0.4285714285714286,2.333333333333333,504.7069566534221,0.8496899201071589,0.4435236697955019,0.3025894282628881,2.2213515689149284,276.62816789544974,1.5691689384504683,0.5538302898498086,0.3025894282628881,2.6103232354221917,494.41112923394525
23,musk,hbos,empirical_randomized_weighted,703,559,703,559,531,28,0.05,0.0,0.0,16.0,estimated,1186,38,1779,59,0.6,0.6000000000000001,0.16485775490248716,0.3,0.7,0.6048341765036538,559,703,1076,42,1.4477436129590824,0.908529518537296,0.4285714285714286,2.333333333333333,504.370271198043,2.0564944329956694,0.6351984559167009,0.4285714285714286,2.333333333333333,510.31428867544156,0.8189654435186803,0.48244776008140644,0.28761244621070614,2.6786301012851275,261.3152608396489,1.6667556347723118,0.6862880066836415,0.28761244621070614,2.9865779726488073,477.9662102816517
23,musk,hbos,empirical_weighted,703,559,703,559,531,28,0.05,0.0,0.0,16.0,estimated,1186,38,1779,59,0.6,0.6000000000000001,0.16485775490248716,0.3,0.7,0.6048341765036538,559,703,1076,42,1.4477436129590824,0.908529518537296,0.4285714285714286,2.333333333333333,504.370271198043,2.0564944329956694,0.6351984559167009,0.4285714285714286,2.333333333333333,510.31428867544156,0.8189654435186803,0.48244776008140644,0.28761244621070614,2.6786301012851275,261.3152608396489,1.6667556347723118,0.6862880066836415,0.28761244621070614,2.9865779726488073,477.9662102816517
24,musk,hbos,empirical_randomized_weighted,715,553,715,553,525,28,0.051,0.0,0.0,16.0,estimated,1186,38,1779,59,0.6,0.6,0.1647494692797708,0.3,0.7,0.5980888139404159,553,715,1064,42,1.5144769756806893,0.903200427268928,0.4285714285714286,2.333333333333333,527.4158641008016,2.053816347753583,0.6338020789931301,0.4285714285714286,2.333333333333333,504.91573204629685,0.8135201084283332,0.4413089121258704,0.27444263913194744,1.9398239892687212,276.60339112505227,1.6679056341700882,0.6764119097079457,0.27444263913194744,2.9895572416558887,474.8952625088283
24,musk,hbos,empirical_weighted,715,553,715,553,525,28,0.051,0.0,0.0,16.0,estimated,1186,38,1779,59,0.6,0.6,0.1647494692797708,0.3,0.7,0.5980888139404159,553,715,1064,42,1.5144769756806893,0.903200427268928,0.4285714285714286,2.333333333333333,527.4158641008016,2.053816347753583,0.6338020789931301,0.4285714285714286,2.333333333333333,504.91573204629685,0.8135201084283332,0.4413089121258704,0.27444263913194744,1.9398239892687212,276.60339112505227,1.6679056341700882,0.6764119097079457,0.27444263913194744,2.9895572416558887,474.8952625088283
25,musk,hbos,empirical_randomized_weighted,722,550,722,550,522,28,0.051,0.0,0.179,16.0,estimated,1186,38,1779,59,0.6,0.5999999999999998,0.16506395403635746,0.3,0.7,0.5941540191118606,550,722,1057,42,1.5153585559701601,0.9049976606056616,0.4285714285714286,2.333333333333333,532.1862233900531,2.0657754367201684,0.6234749422526377,0.4285714285714286,2.333333333333333,504.0829675536383,0.8038493611541658,0.5183771461165562,0.28649387186776376,2.4974867573363735,254.96953900743458,1.8263128305792655,0.8552952164684954,0.28649387186776376,3.4235596205960386,451.0704333390961
25,musk,hbos,empirical_weighted,722,550,722,550,522,28,0.051,0.0,0.0,16.0,estimated,1186,38,1779,59,0.6,0.5999999999999998,0.16506395403635746,0.3,0.7,0.5941540191118606,550,722,1057,42,1.5153585559701601,0.9049976606056616,0.4285714285714286,2.333333333333333,532.1862233900531,2.0657754367201684,0.6234749422526377,0.4285714285714286,2.333333333333333,504.0829675536383,0.8038493611541658,0.5183771461165562,0.28649387186776376,2.4974867573363735,254.96953900743458,1.8263128305792655,0.8552952164684954,0.28649387186776376,3.4235596205960386,451.0704333390961
