seed,dataset,model,approach,train_size,test_size,n_train,n_test,n_test_normal,n_test_anomaly,actual_anomaly_rate,fdr,power,severity,weight_mode,n_normal_model_selection_excluded,n_anomaly_model_selection_excluded,n_normal_evaluation_pool,n_anomaly_evaluation_pool,target_test_probability,propensity_mean,propensity_std,propensity_min_observed,propensity_max_observed,normal_test_assignment_rate,target_test_size,n_normal_rejection_pool,n_normal_accepted_pool,n_anomaly_accepted_pool,oracle_calib_weight_mean,oracle_calib_weight_std,oracle_calib_weight_min,oracle_calib_weight_max,oracle_calib_weight_ess,oracle_test_weight_mean,oracle_test_weight_std,oracle_test_weight_min,oracle_test_weight_max,oracle_test_weight_ess,used_calib_weight_mean,used_calib_weight_std,used_calib_weight_min,used_calib_weight_max,used_calib_weight_ess,used_test_weight_mean,used_test_weight_std,used_test_weight_min,used_test_weight_max,used_test_weight_ess
1,vowels,inne,empirical,341,261,341,261,248,13,0.05,0.0,0.0,0.0,estimated,562,20,844,30,0.6,0.6000000000000003,1.1102230246251565e-16,0.6000000000000002,0.6000000000000002,0.5959715639810427,261,341,503,19,1.5000000000000018,4.440892098500626e-16,1.5000000000000013,1.5000000000000013,341.00000000000017,1.5000000000000013,0.0,1.5000000000000013,1.5000000000000013,261.0,,,,,0.0,,,,,0.0
1,vowels,inne,empirical_randomized,341,261,341,261,248,13,0.05,0.5,0.385,0.0,estimated,562,20,844,30,0.6,0.6000000000000003,1.1102230246251565e-16,0.6000000000000002,0.6000000000000002,0.5959715639810427,261,341,503,19,1.5000000000000018,4.440892098500626e-16,1.5000000000000013,1.5000000000000013,341.00000000000017,1.5000000000000013,0.0,1.5000000000000013,1.5000000000000013,261.0,,,,,0.0,,,,,0.0
1,vowels,inne,empirical_randomized_weighted,341,261,341,261,248,13,0.05,0.0,0.0,0.0,estimated,562,20,844,30,0.6,0.6000000000000003,1.1102230246251565e-16,0.6000000000000002,0.6000000000000002,0.5959715639810427,261,341,503,19,1.5000000000000018,4.440892098500626e-16,1.5000000000000013,1.5000000000000013,341.00000000000017,1.5000000000000013,0.0,1.5000000000000013,1.5000000000000013,261.0,0.8603892513977823,0.24781962152853082,0.5489480587813675,1.9241884463445682,157.90021556261212,1.3527263844847282,0.37131211482603216,0.5489480587813675,1.9619378121767408,242.71265188765824
1,vowels,inne,empirical_weighted,341,261,341,261,248,13,0.05,0.0,0.0,0.0,estimated,562,20,844,30,0.6,0.6000000000000003,1.1102230246251565e-16,0.6000000000000002,0.6000000000000002,0.5959715639810427,261,341,503,19,1.5000000000000018,4.440892098500626e-16,1.5000000000000013,1.5000000000000013,341.00000000000017,1.5000000000000013,0.0,1.5000000000000013,1.5000000000000013,261.0,0.8603892513977823,0.24781962152853082,0.5489480587813675,1.9241884463445682,157.90021556261212,1.3527263844847282,0.37131211482603216,0.5489480587813675,1.9619378121767408,242.71265188765824
2,vowels,inne,empirical,347,257,347,257,244,13,0.051,0.0,0.0,0.0,estimated,562,20,844,30,0.6,0.6000000000000003,1.1102230246251565e-16,0.6000000000000002,0.6000000000000002,0.5888625592417062,257,347,497,17,1.5000000000000016,2.220446049250313e-16,1.5000000000000013,1.5000000000000013,347.0000000000001,1.5000000000000013,0.0,1.5000000000000013,1.5000000000000013,257.0,,,,,0.0,,,,,0.0
2,vowels,inne,empirical_randomized,347,257,347,257,244,13,0.051,0.0,0.0,0.0,estimated,562,20,844,30,0.6,0.6000000000000003,1.1102230246251565e-16,0.6000000000000002,0.6000000000000002,0.5888625592417062,257,347,497,17,1.5000000000000016,2.220446049250313e-16,1.5000000000000013,1.5000000000000013,347.0000000000001,1.5000000000000013,0.0,1.5000000000000013,1.5000000000000013,257.0,,,,,0.0,,,,,0.0
2,vowels,inne,empirical_randomized_weighted,347,257,347,257,244,13,0.051,0.0,0.0,0.0,estimated,562,20,844,30,0.6,0.6000000000000003,1.1102230246251565e-16,0.6000000000000002,0.6000000000000002,0.5888625592417062,257,347,497,17,1.5000000000000016,2.220446049250313e-16,1.5000000000000013,1.5000000000000013,347.0000000000001,1.5000000000000013,0.0,1.5000000000000013,1.5000000000000013,257.0,0.8502034593892707,0.24305798779005383,0.5589217249627583,1.8486897448370645,160.8536558617979,1.4024981818843918,0.4162367533625597,0.5589217249627583,2.1036111747834694,236.19591501436923
2,vowels,inne,empirical_weighted,347,257,347,257,244,13,0.051,0.0,0.0,0.0,estimated,562,20,844,30,0.6,0.6000000000000003,1.1102230246251565e-16,0.6000000000000002,0.6000000000000002,0.5888625592417062,257,347,497,17,1.5000000000000016,2.220446049250313e-16,1.5000000000000013,1.5000000000000013,347.0000000000001,1.5000000000000013,0.0,1.5000000000000013,1.5000000000000013,257.0,0.8502034593892707,0.24305798779005383,0.5589217249627583,1.8486897448370645,160.8536558617979,1.4024981818843918,0.4162367533625597,0.5589217249627583,2.1036111747834694,236.19591501436923
3,vowels,inne,empirical,331,265,331,265,252,13,0.049,0.0,0.0,0.0,estimated,562,20,844,30,0.6,0.6000000000000003,1.1102230246251565e-16,0.6000000000000002,0.6000000000000002,0.6078199052132701,265,331,513,17,1.5000000000000018,4.440892098500626e-16,1.5000000000000013,1.5000000000000013,331.0000000000001,1.5000000000000013,0.0,1.5000000000000013,1.5000000000000013,264.99999999999994,,,,,0.0,,,,,0.0
3,vowels,inne,empirical_randomized,331,265,331,265,252,13,0.049,0.0,0.0,0.0,estimated,562,20,844,30,0.6,0.6000000000000003,1.1102230246251565e-16,0.6000000000000002,0.6000000000000002,0.6078199052132701,265,331,513,17,1.5000000000000018,4.440892098500626e-16,1.5000000000000013,1.5000000000000013,331.0000000000001,1.5000000000000013,0.0,1.5000000000000013,1.5000000000000013,264.99999999999994,,,,,0.0,,,,,0.0
3,vowels,inne,empirical_randomized_weighted,331,265,331,265,252,13,0.049,0.0,0.0,0.0,estimated,562,20,844,30,0.6,0.6000000000000003,1.1102230246251565e-16,0.6000000000000002,0.6000000000000002,0.6078199052132701,265,331,513,17,1.5000000000000018,4.440892098500626e-16,1.5000000000000013,1.5000000000000013,331.0000000000001,1.5000000000000013,0.0,1.5000000000000013,1.5000000000000013,264.99999999999994,0.8606381854614064,0.2493962799998246,0.5094956037249732,1.8223559434573717,153.14037167148075,1.4249059770517074,0.4338740214089177,0.5094956037249732,2.3171148887348716,242.51497196737517
3,vowels,inne,empirical_weighted,331,265,331,265,252,13,0.049,0.0,0.0,0.0,estimated,562,20,844,30,0.6,0.6000000000000003,1.1102230246251565e-16,0.6000000000000002,0.6000000000000002,0.6078199052132701,265,331,513,17,1.5000000000000018,4.440892098500626e-16,1.5000000000000013,1.5000000000000013,331.0000000000001,1.5000000000000013,0.0,1.5000000000000013,1.5000000000000013,264.99999999999994,0.8606381854614064,0.2493962799998246,0.5094956037249732,1.8223559434573717,153.14037167148075,1.4249059770517074,0.4338740214089177,0.5094956037249732,2.3171148887348716,242.51497196737517
4,vowels,inne,empirical,369,247,369,247,235,12,0.049,0.0,0.0,0.0,estimated,562,20,844,30,0.6,0.6000000000000003,1.1102230246251565e-16,0.6000000000000002,0.6000000000000002,0.5627962085308057,247,369,475,19,1.5000000000000016,2.220446049250313e-16,1.5000000000000013,1.5000000000000013,369.00000000000017,1.500000000000001,2.220446049250313e-16,1.5000000000000013,1.5000000000000013,246.99999999999997,,,,,0.0,,,,,0.0
4,vowels,inne,empirical_randomized,369,247,369,247,235,12,0.049,0.0,0.0,0.0,estimated,562,20,844,30,0.6,0.6000000000000003,1.1102230246251565e-16,0.6000000000000002,0.6000000000000002,0.5627962085308057,247,369,475,19,1.5000000000000016,2.220446049250313e-16,1.5000000000000013,1.5000000000000013,369.00000000000017,1.500000000000001,2.220446049250313e-16,1.5000000000000013,1.5000000000000013,246.99999999999997,,,,,0.0,,,,,0.0
4,vowels,inne,empirical_randomized_weighted,369,247,369,247,235,12,0.049,0.0,0.0,0.0,estimated,562,20,844,30,0.6,0.6000000000000003,1.1102230246251565e-16,0.6000000000000002,0.6000000000000002,0.5627962085308057,247,369,475,19,1.5000000000000016,2.220446049250313e-16,1.5000000000000013,1.5000000000000013,369.00000000000017,1.500000000000001,2.220446049250313e-16,1.5000000000000013,1.5000000000000013,246.99999999999997,0.8313563673838686,0.15630837353134314,0.639465152789234,1.5018342891258136,178.68352832671636,1.3064699491870047,0.29883631093325974,0.7181378542826923,1.8337764980418483,234.7194729825732
4,vowels,inne,empirical_weighted,369,247,369,247,235,12,0.049,0.0,0.0,0.0,estimated,562,20,844,30,0.6,0.6000000000000003,1.1102230246251565e-16,0.6000000000000002,0.6000000000000002,0.5627962085308057,247,369,475,19,1.5000000000000016,2.220446049250313e-16,1.5000000000000013,1.5000000000000013,369.00000000000017,1.500000000000001,2.220446049250313e-16,1.5000000000000013,1.5000000000000013,246.99999999999997,0.8313563673838686,0.15630837353134314,0.639465152789234,1.5018342891258136,178.68352832671636,1.3064699491870047,0.29883631093325974,0.7181378542826923,1.8337764980418483,234.7194729825732
5,vowels,inne,empirical,305,280,305,280,266,14,0.05,0.0,0.0,0.0,estimated,562,20,844,30,0.6,0.6000000000000003,1.1102230246251565e-16,0.6000000000000002,0.6000000000000002,0.6386255924170616,280,305,539,22,1.5000000000000016,2.220446049250313e-16,1.5000000000000013,1.5000000000000013,305.0000000000001,1.5000000000000016,2.220446049250313e-16,1.5000000000000013,1.5000000000000013,280.0000000000001,,,,,0.0,,,,,0.0
5,vowels,inne,empirical_randomized,305,280,305,280,266,14,0.05,0.0,0.0,0.0,estimated,562,20,844,30,0.6,0.6000000000000003,1.1102230246251565e-16,0.6000000000000002,0.6000000000000002,0.6386255924170616,280,305,539,22,1.5000000000000016,2.220446049250313e-16,1.5000000000000013,1.5000000000000013,305.0000000000001,1.5000000000000016,2.220446049250313e-16,1.5000000000000013,1.5000000000000013,280.0000000000001,,,,,0.0,,,,,0.0
5,vowels,inne,empirical_randomized_weighted,305,280,305,280,266,14,0.05,0.0,0.0,0.0,estimated,562,20,844,30,0.6,0.6000000000000003,1.1102230246251565e-16,0.6000000000000002,0.6000000000000002,0.6386255924170616,280,305,539,22,1.5000000000000016,2.220446049250313e-16,1.5000000000000013,1.5000000000000013,305.0000000000001,1.5000000000000016,2.220446049250313e-16,1.5000000000000013,1.5000000000000013,280.0000000000001,0.8477101934865969,0.2921974268826917,0.5469413470532579,2.0272017991634876,136.75227621871815,1.5572816707502695,0.5677154041766408,0.5817815109582297,2.6606201464837254,247.15318768290882
5,vowels,inne,empirical_weighted,305,280,305,280,266,14,0.05,0.0,0.0,0.0,estimated,562,20,844,30,0.6,0.6000000000000003,1.1102230246251565e-16,0.6000000000000002,0.6000000000000002,0.6386255924170616,280,305,539,22,1.5000000000000016,2.220446049250313e-16,1.5000000000000013,1.5000000000000013,305.0000000000001,1.5000000000000016,2.220446049250313e-16,1.5000000000000013,1.5000000000000013,280.0000000000001,0.8477101934865969,0.2921974268826917,0.5469413470532579,2.0272017991634876,136.75227621871815,1.5572816707502695,0.5677154041766408,0.5817815109582297,2.6606201464837254,247.15318768290882
6,vowels,inne,empirical,340,262,340,262,249,13,0.05,0.0,0.0,0.0,estimated,562,20,844,30,0.6,0.6000000000000003,1.1102230246251565e-16,0.6000000000000002,0.6000000000000002,0.5971563981042654,262,340,504,19,1.5000000000000018,4.440892098500626e-16,1.5000000000000013,1.5000000000000013,340.00000000000017,1.5000000000000013,0.0,1.5000000000000013,1.5000000000000013,262.0,,,,,0.0,,,,,0.0
6,vowels,inne,empirical_randomized,340,262,340,262,249,13,0.05,0.0,0.0,0.0,estimated,562,20,844,30,0.6,0.6000000000000003,1.1102230246251565e-16,0.6000000000000002,0.6000000000000002,0.5971563981042654,262,340,504,19,1.5000000000000018,4.440892098500626e-16,1.5000000000000013,1.5000000000000013,340.00000000000017,1.5000000000000013,0.0,1.5000000000000013,1.5000000000000013,262.0,,,,,0.0,,,,,0.0
6,vowels,inne,empirical_randomized_weighted,340,262,340,262,249,13,0.05,0.0,0.0,0.0,estimated,562,20,844,30,0.6,0.6000000000000003,1.1102230246251565e-16,0.6000000000000002,0.6000000000000002,0.5971563981042654,262,340,504,19,1.5000000000000018,4.440892098500626e-16,1.5000000000000013,1.5000000000000013,340.00000000000017,1.5000000000000013,0.0,1.5000000000000013,1.5000000000000013,262.0,0.8328238943367661,0.2972232327034166,0.5306972891275498,1.7692928325323685,150.79375325805114,1.535743393639629,0.5838281538519209,0.5344691570950437,2.6292571945028542,228.91660614889025
6,vowels,inne,empirical_weighted,340,262,340,262,249,13,0.05,0.0,0.0,0.0,estimated,562,20,844,30,0.6,0.6000000000000003,1.1102230246251565e-16,0.6000000000000002,0.6000000000000002,0.5971563981042654,262,340,504,19,1.5000000000000018,4.440892098500626e-16,1.5000000000000013,1.5000000000000013,340.00000000000017,1.5000000000000013,0.0,1.5000000000000013,1.5000000000000013,262.0,0.8328238943367661,0.2972232327034166,0.5306972891275498,1.7692928325323685,150.79375325805114,1.535743393639629,0.5838281538519209,0.5344691570950437,2.6292571945028542,228.91660614889025
7,vowels,inne,empirical,337,263,337,263,250,13,0.049,0.0,0.0,0.0,estimated,562,20,844,30,0.6,0.6000000000000003,1.1102230246251565e-16,0.6000000000000002,0.6000000000000002,0.6007109004739336,263,337,507,19,1.5000000000000018,4.440892098500626e-16,1.5000000000000013,1.5000000000000013,337.00000000000017,1.5000000000000013,0.0,1.5000000000000013,1.5000000000000013,263.0,,,,,0.0,,,,,0.0
7,vowels,inne,empirical_randomized,337,263,337,263,250,13,0.049,0.0,0.154,0.0,estimated,562,20,844,30,0.6,0.6000000000000003,1.1102230246251565e-16,0.6000000000000002,0.6000000000000002,0.6007109004739336,263,337,507,19,1.5000000000000018,4.440892098500626e-16,1.5000000000000013,1.5000000000000013,337.00000000000017,1.5000000000000013,0.0,1.5000000000000013,1.5000000000000013,263.0,,,,,0.0,,,,,0.0
7,vowels,inne,empirical_randomized_weighted,337,263,337,263,250,13,0.049,0.0,0.0,0.0,estimated,562,20,844,30,0.6,0.6000000000000003,1.1102230246251565e-16,0.6000000000000002,0.6000000000000002,0.6007109004739336,263,337,507,19,1.5000000000000018,4.440892098500626e-16,1.5000000000000013,1.5000000000000013,337.00000000000017,1.5000000000000013,0.0,1.5000000000000013,1.5000000000000013,263.0,0.8659733623196718,0.2822876013588934,0.5709213369368705,1.906313660546325,152.76682085269073,1.4754562730308705,0.43459281508854153,0.5709213369368705,2.2532432047277293,242.0040721541812
7,vowels,inne,empirical_weighted,337,263,337,263,250,13,0.049,0.0,0.0,0.0,estimated,562,20,844,30,0.6,0.6000000000000003,1.1102230246251565e-16,0.6000000000000002,0.6000000000000002,0.6007109004739336,263,337,507,19,1.5000000000000018,4.440892098500626e-16,1.5000000000000013,1.5000000000000013,337.00000000000017,1.5000000000000013,0.0,1.5000000000000013,1.5000000000000013,263.0,0.8659733623196718,0.2822876013588934,0.5709213369368705,1.906313660546325,152.76682085269073,1.4754562730308705,0.43459281508854153,0.5709213369368705,2.2532432047277293,242.0040721541812
8,vowels,inne,empirical,317,272,317,272,258,14,0.051,0.0,0.0,0.0,estimated,562,20,844,30,0.6,0.6000000000000003,1.1102230246251565e-16,0.6000000000000002,0.6000000000000002,0.6244075829383886,272,317,527,18,1.5000000000000013,0.0,1.5000000000000013,1.5000000000000013,317.0000000000001,1.5000000000000018,4.440892098500626e-16,1.5000000000000013,1.5000000000000013,272.0000000000001,,,,,0.0,,,,,0.0
8,vowels,inne,empirical_randomized,317,272,317,272,258,14,0.051,0.0,0.071,0.0,estimated,562,20,844,30,0.6,0.6000000000000003,1.1102230246251565e-16,0.6000000000000002,0.6000000000000002,0.6244075829383886,272,317,527,18,1.5000000000000013,0.0,1.5000000000000013,1.5000000000000013,317.0000000000001,1.5000000000000018,4.440892098500626e-16,1.5000000000000013,1.5000000000000013,272.0000000000001,,,,,0.0,,,,,0.0
8,vowels,inne,empirical_randomized_weighted,317,272,317,272,258,14,0.051,0.0,0.071,0.0,estimated,562,20,844,30,0.6,0.6000000000000003,1.1102230246251565e-16,0.6000000000000002,0.6000000000000002,0.6244075829383886,272,317,527,18,1.5000000000000013,0.0,1.5000000000000013,1.5000000000000013,317.0000000000001,1.5000000000000018,4.440892098500626e-16,1.5000000000000013,1.5000000000000013,272.0000000000001,0.8477154786642861,0.2021272663138459,0.6234347845251991,1.8265897487893104,150.44672721176727,1.4497191599067791,0.4431115742741374,0.6369762371801055,2.302769904396558,248.75986026118215
8,vowels,inne,empirical_weighted,317,272,317,272,258,14,0.051,0.0,0.0,0.0,estimated,562,20,844,30,0.6,0.6000000000000003,1.1102230246251565e-16,0.6000000000000002,0.6000000000000002,0.6244075829383886,272,317,527,18,1.5000000000000013,0.0,1.5000000000000013,1.5000000000000013,317.0000000000001,1.5000000000000018,4.440892098500626e-16,1.5000000000000013,1.5000000000000013,272.0000000000001,0.8477154786642861,0.2021272663138459,0.6234347845251991,1.8265897487893104,150.44672721176727,1.4497191599067791,0.4431115742741374,0.6369762371801055,2.302769904396558,248.75986026118215
9,vowels,inne,empirical,337,262,337,262,249,13,0.05,0.0,0.0,0.0,estimated,562,20,844,30,0.6,0.6000000000000003,1.1102230246251565e-16,0.6000000000000002,0.6000000000000002,0.6007109004739336,262,337,507,17,1.5000000000000018,4.440892098500626e-16,1.5000000000000013,1.5000000000000013,337.00000000000017,1.5000000000000013,0.0,1.5000000000000013,1.5000000000000013,262.0,,,,,0.0,,,,,0.0
9,vowels,inne,empirical_randomized,337,262,337,262,249,13,0.05,0.0,0.0,0.0,estimated,562,20,844,30,0.6,0.6000000000000003,1.1102230246251565e-16,0.6000000000000002,0.6000000000000002,0.6007109004739336,262,337,507,17,1.5000000000000018,4.440892098500626e-16,1.5000000000000013,1.5000000000000013,337.00000000000017,1.5000000000000013,0.0,1.5000000000000013,1.5000000000000013,262.0,,,,,0.0,,,,,0.0
9,vowels,inne,empirical_randomized_weighted,337,262,337,262,249,13,0.05,0.0,0.0,0.0,estimated,562,20,844,30,0.6,0.6000000000000003,1.1102230246251565e-16,0.6000000000000002,0.6000000000000002,0.6007109004739336,262,337,507,17,1.5000000000000018,4.440892098500626e-16,1.5000000000000013,1.5000000000000013,337.00000000000017,1.5000000000000013,0.0,1.5000000000000013,1.5000000000000013,262.0,0.8743143392709685,0.232569498528132,0.6032115862258698,1.6873808955472331,157.83224099419863,1.323710018786574,0.27680029642205006,0.7438903072240373,1.7544334297299067,251.02355112444232
9,vowels,inne,empirical_weighted,337,262,337,262,249,13,0.05,0.0,0.0,0.0,estimated,562,20,844,30,0.6,0.6000000000000003,1.1102230246251565e-16,0.6000000000000002,0.6000000000000002,0.6007109004739336,262,337,507,17,1.5000000000000018,4.440892098500626e-16,1.5000000000000013,1.5000000000000013,337.00000000000017,1.5000000000000013,0.0,1.5000000000000013,1.5000000000000013,262.0,0.8743143392709685,0.232569498528132,0.6032115862258698,1.6873808955472331,157.83224099419863,1.323710018786574,0.27680029642205006,0.7438903072240373,1.7544334297299067,251.02355112444232
10,vowels,inne,empirical,341,262,341,262,249,13,0.05,0.0,0.0,0.0,estimated,562,20,844,30,0.6,0.6000000000000003,1.1102230246251565e-16,0.6000000000000002,0.6000000000000002,0.5959715639810427,262,341,503,21,1.5000000000000018,4.440892098500626e-16,1.5000000000000013,1.5000000000000013,341.00000000000017,1.5000000000000013,0.0,1.5000000000000013,1.5000000000000013,262.0,,,,,0.0,,,,,0.0
10,vowels,inne,empirical_randomized,341,262,341,262,249,13,0.05,0.0,0.0,0.0,estimated,562,20,844,30,0.6,0.6000000000000003,1.1102230246251565e-16,0.6000000000000002,0.6000000000000002,0.5959715639810427,262,341,503,21,1.5000000000000018,4.440892098500626e-16,1.5000000000000013,1.5000000000000013,341.00000000000017,1.5000000000000013,0.0,1.5000000000000013,1.5000000000000013,262.0,,,,,0.0,,,,,0.0
10,vowels,inne,empirical_randomized_weighted,341,262,341,262,249,13,0.05,0.0,0.0,0.0,estimated,562,20,844,30,0.6,0.6000000000000003,1.1102230246251565e-16,0.6000000000000002,0.6000000000000002,0.5959715639810427,262,341,503,21,1.5000000000000018,4.440892098500626e-16,1.5000000000000013,1.5000000000000013,341.00000000000017,1.5000000000000013,0.0,1.5000000000000013,1.5000000000000013,262.0,0.8333854915956825,0.20744258152851558,0.6129636892643073,1.5893783481488917,161.02317550067457,1.3687846584443437,0.4535625469277627,0.6339275204369172,2.307887647498257,236.07847737419996
10,vowels,inne,empirical_weighted,341,262,341,262,249,13,0.05,0.0,0.0,0.0,estimated,562,20,844,30,0.6,0.6000000000000003,1.1102230246251565e-16,0.6000000000000002,0.6000000000000002,0.5959715639810427,262,341,503,21,1.5000000000000018,4.440892098500626e-16,1.5000000000000013,1.5000000000000013,341.00000000000017,1.5000000000000013,0.0,1.5000000000000013,1.5000000000000013,262.0,0.8333854915956825,0.20744258152851558,0.6129636892643073,1.5893783481488917,161.02317550067457,1.3687846584443437,0.4535625469277627,0.6339275204369172,2.307887647498257,236.07847737419996
11,vowels,inne,empirical,307,278,307,278,264,14,0.05,0.0,0.0,0.0,estimated,562,20,844,30,0.6,0.6000000000000003,1.1102230246251565e-16,0.6000000000000002,0.6000000000000002,0.6362559241706162,278,307,537,18,1.5000000000000016,2.220446049250313e-16,1.5000000000000013,1.5000000000000013,307.00000000000006,1.5000000000000016,2.220446049250313e-16,1.5000000000000013,1.5000000000000013,278.0000000000001,,,,,0.0,,,,,0.0
11,vowels,inne,empirical_randomized,307,278,307,278,264,14,0.05,0.0,0.0,0.0,estimated,562,20,844,30,0.6,0.6000000000000003,1.1102230246251565e-16,0.6000000000000002,0.6000000000000002,0.6362559241706162,278,307,537,18,1.5000000000000016,2.220446049250313e-16,1.5000000000000013,1.5000000000000013,307.00000000000006,1.5000000000000016,2.220446049250313e-16,1.5000000000000013,1.5000000000000013,278.0000000000001,,,,,0.0,,,,,0.0
11,vowels,inne,empirical_randomized_weighted,307,278,307,278,264,14,0.05,0.0,0.0,0.0,estimated,562,20,844,30,0.6,0.6000000000000003,1.1102230246251565e-16,0.6000000000000002,0.6000000000000002,0.6362559241706162,278,307,537,18,1.5000000000000016,2.220446049250313e-16,1.5000000000000013,1.5000000000000013,307.00000000000006,1.5000000000000016,2.220446049250313e-16,1.5000000000000013,1.5000000000000013,278.0000000000001,0.8263458269050495,0.25011942958420796,0.5634313996878064,1.8609459030522961,141.07525382092297,1.5406476929044817,0.6563013938351194,0.5634313996878064,2.9990918248428278,235.30049685465454
11,vowels,inne,empirical_weighted,307,278,307,278,264,14,0.05,0.0,0.0,0.0,estimated,562,20,844,30,0.6,0.6000000000000003,1.1102230246251565e-16,0.6000000000000002,0.6000000000000002,0.6362559241706162,278,307,537,18,1.5000000000000016,2.220446049250313e-16,1.5000000000000013,1.5000000000000013,307.00000000000006,1.5000000000000016,2.220446049250313e-16,1.5000000000000013,1.5000000000000013,278.0000000000001,0.8263458269050495,0.25011942958420796,0.5634313996878064,1.8609459030522961,141.07525382092297,1.5406476929044817,0.6563013938351194,0.5634313996878064,2.9990918248428278,235.30049685465454
12,vowels,inne,empirical,350,255,350,255,242,13,0.051,0.0,0.0,0.0,estimated,562,20,844,30,0.6,0.6000000000000003,1.1102230246251565e-16,0.6000000000000002,0.6000000000000002,0.5853080568720379,255,350,494,16,1.5000000000000016,2.220446049250313e-16,1.5000000000000013,1.5000000000000013,350.0000000000001,1.5000000000000013,0.0,1.5000000000000013,1.5000000000000013,255.00000000000006,,,,,0.0,,,,,0.0
12,vowels,inne,empirical_randomized,350,255,350,255,242,13,0.051,0.0,0.0,0.0,estimated,562,20,844,30,0.6,0.6000000000000003,1.1102230246251565e-16,0.6000000000000002,0.6000000000000002,0.5853080568720379,255,350,494,16,1.5000000000000016,2.220446049250313e-16,1.5000000000000013,1.5000000000000013,350.0000000000001,1.5000000000000013,0.0,1.5000000000000013,1.5000000000000013,255.00000000000006,,,,,0.0,,,,,0.0
12,vowels,inne,empirical_randomized_weighted,350,255,350,255,242,13,0.051,0.0,0.0,0.0,estimated,562,20,844,30,0.6,0.6000000000000003,1.1102230246251565e-16,0.6000000000000002,0.6000000000000002,0.5853080568720379,255,350,494,16,1.5000000000000016,2.220446049250313e-16,1.5000000000000013,1.5000000000000013,350.0000000000001,1.5000000000000013,0.0,1.5000000000000013,1.5000000000000013,255.00000000000006,0.8451922192690567,0.23419909690006094,0.5877321559763309,2.022000614249591,162.52128945956306,1.3548558581181551,0.3813459625209755,0.59131056731968,2.143201205216695,236.2810689187721
12,vowels,inne,empirical_weighted,350,255,350,255,242,13,0.051,0.0,0.0,0.0,estimated,562,20,844,30,0.6,0.6000000000000003,1.1102230246251565e-16,0.6000000000000002,0.6000000000000002,0.5853080568720379,255,350,494,16,1.5000000000000016,2.220446049250313e-16,1.5000000000000013,1.5000000000000013,350.0000000000001,1.5000000000000013,0.0,1.5000000000000013,1.5000000000000013,255.00000000000006,0.8451922192690567,0.23419909690006094,0.5877321559763309,2.022000614249591,162.52128945956306,1.3548558581181551,0.3813459625209755,0.59131056731968,2.143201205216695,236.2810689187721
13,vowels,inne,empirical,330,266,330,266,253,13,0.049,0.0,0.0,0.0,estimated,562,20,844,30,0.6,0.6000000000000003,1.1102230246251565e-16,0.6000000000000002,0.6000000000000002,0.6090047393364929,266,330,514,17,1.5000000000000018,4.440892098500626e-16,1.5000000000000013,1.5000000000000013,330.0000000000001,1.5000000000000013,0.0,1.5000000000000013,1.5000000000000013,265.99999999999994,,,,,0.0,,,,,0.0
13,vowels,inne,empirical_randomized,330,266,330,266,253,13,0.049,0.0,0.0,0.0,estimated,562,20,844,30,0.6,0.6000000000000003,1.1102230246251565e-16,0.6000000000000002,0.6000000000000002,0.6090047393364929,266,330,514,17,1.5000000000000018,4.440892098500626e-16,1.5000000000000013,1.5000000000000013,330.0000000000001,1.5000000000000013,0.0,1.5000000000000013,1.5000000000000013,265.99999999999994,,,,,0.0,,,,,0.0
13,vowels,inne,empirical_randomized_weighted,330,266,330,266,253,13,0.049,0.0,0.0,0.0,estimated,562,20,844,30,0.6,0.6000000000000003,1.1102230246251565e-16,0.6000000000000002,0.6000000000000002,0.6090047393364929,266,330,514,17,1.5000000000000018,4.440892098500626e-16,1.5000000000000013,1.5000000000000013,330.0000000000001,1.5000000000000013,0.0,1.5000000000000013,1.5000000000000013,265.99999999999994,0.8591683038822201,0.23570677288062386,0.5621704762448193,1.6083481614178567,153.45067918922118,1.4218643326648843,0.4444577052669239,0.5621704762448193,2.3093727475759094,242.32237808222013
13,vowels,inne,empirical_weighted,330,266,330,266,253,13,0.049,0.0,0.0,0.0,estimated,562,20,844,30,0.6,0.6000000000000003,1.1102230246251565e-16,0.6000000000000002,0.6000000000000002,0.6090047393364929,266,330,514,17,1.5000000000000018,4.440892098500626e-16,1.5000000000000013,1.5000000000000013,330.0000000000001,1.5000000000000013,0.0,1.5000000000000013,1.5000000000000013,265.99999999999994,0.8591683038822201,0.23570677288062386,0.5621704762448193,1.6083481614178567,153.45067918922118,1.4218643326648843,0.4444577052669239,0.5621704762448193,2.3093727475759094,242.32237808222013
14,vowels,inne,empirical,364,250,364,250,238,12,0.048,0.0,0.0,0.0,estimated,562,20,844,30,0.6,0.6000000000000003,1.1102230246251565e-16,0.6000000000000002,0.6000000000000002,0.5687203791469194,250,364,480,19,1.5000000000000016,2.220446049250313e-16,1.5000000000000013,1.5000000000000013,364.00000000000017,1.5000000000000013,0.0,1.5000000000000013,1.5000000000000013,250.00000000000006,,,,,0.0,,,,,0.0
14,vowels,inne,empirical_randomized,364,250,364,250,238,12,0.048,0.0,0.0,0.0,estimated,562,20,844,30,0.6,0.6000000000000003,1.1102230246251565e-16,0.6000000000000002,0.6000000000000002,0.5687203791469194,250,364,480,19,1.5000000000000016,2.220446049250313e-16,1.5000000000000013,1.5000000000000013,364.00000000000017,1.5000000000000013,0.0,1.5000000000000013,1.5000000000000013,250.00000000000006,,,,,0.0,,,,,0.0
14,vowels,inne,empirical_randomized_weighted,364,250,364,250,238,12,0.048,0.0,0.0,0.0,estimated,562,20,844,30,0.6,0.6000000000000003,1.1102230246251565e-16,0.6000000000000002,0.6000000000000002,0.5687203791469194,250,364,480,19,1.5000000000000016,2.220446049250313e-16,1.5000000000000013,1.5000000000000013,364.00000000000017,1.5000000000000013,0.0,1.5000000000000013,1.5000000000000013,250.00000000000006,0.8102346781869117,0.34605305532194347,0.3179506082277377,1.9681433497689937,153.92209569518116,1.5763346133018126,0.552640742927932,0.3179506082277377,2.468013333103396,222.6357315378316
14,vowels,inne,empirical_weighted,364,250,364,250,238,12,0.048,0.0,0.0,0.0,estimated,562,20,844,30,0.6,0.6000000000000003,1.1102230246251565e-16,0.6000000000000002,0.6000000000000002,0.5687203791469194,250,364,480,19,1.5000000000000016,2.220446049250313e-16,1.5000000000000013,1.5000000000000013,364.00000000000017,1.5000000000000013,0.0,1.5000000000000013,1.5000000000000013,250.00000000000006,0.8102346781869117,0.34605305532194347,0.3179506082277377,1.9681433497689937,153.92209569518116,1.5763346133018126,0.552640742927932,0.3179506082277377,2.468013333103396,222.6357315378316
15,vowels,inne,empirical,339,262,339,262,249,13,0.05,0.0,0.0,0.0,estimated,562,20,844,30,0.6,0.6000000000000003,1.1102230246251565e-16,0.6000000000000002,0.6000000000000002,0.5983412322274881,262,339,505,18,1.5000000000000018,4.440892098500626e-16,1.5000000000000013,1.5000000000000013,339.00000000000017,1.5000000000000013,0.0,1.5000000000000013,1.5000000000000013,262.0,,,,,0.0,,,,,0.0
15,vowels,inne,empirical_randomized,339,262,339,262,249,13,0.05,1.0,0.0,0.0,estimated,562,20,844,30,0.6,0.6000000000000003,1.1102230246251565e-16,0.6000000000000002,0.6000000000000002,0.5983412322274881,262,339,505,18,1.5000000000000018,4.440892098500626e-16,1.5000000000000013,1.5000000000000013,339.00000000000017,1.5000000000000013,0.0,1.5000000000000013,1.5000000000000013,262.0,,,,,0.0,,,,,0.0
15,vowels,inne,empirical_randomized_weighted,339,262,339,262,249,13,0.05,0.0,0.0,0.0,estimated,562,20,844,30,0.6,0.6000000000000003,1.1102230246251565e-16,0.6000000000000002,0.6000000000000002,0.5983412322274881,262,339,505,18,1.5000000000000018,4.440892098500626e-16,1.5000000000000013,1.5000000000000013,339.00000000000017,1.5000000000000013,0.0,1.5000000000000013,1.5000000000000013,262.0,0.8315831992288294,0.22909344439015017,0.561139739859487,1.7806229751983667,158.00796492273116,1.3825605700610182,0.3930791334239056,0.561139739859487,2.083439274488055,242.40550293532746
15,vowels,inne,empirical_weighted,339,262,339,262,249,13,0.05,0.0,0.0,0.0,estimated,562,20,844,30,0.6,0.6000000000000003,1.1102230246251565e-16,0.6000000000000002,0.6000000000000002,0.5983412322274881,262,339,505,18,1.5000000000000018,4.440892098500626e-16,1.5000000000000013,1.5000000000000013,339.00000000000017,1.5000000000000013,0.0,1.5000000000000013,1.5000000000000013,262.0,0.8315831992288294,0.22909344439015017,0.561139739859487,1.7806229751983667,158.00796492273116,1.3825605700610182,0.3930791334239056,0.561139739859487,2.083439274488055,242.40550293532746
16,vowels,inne,empirical,355,257,355,257,244,13,0.051,0.0,0.0,0.0,estimated,562,20,844,30,0.6,0.6000000000000003,1.1102230246251565e-16,0.6000000000000002,0.6000000000000002,0.5793838862559242,257,355,489,25,1.5000000000000016,2.220446049250313e-16,1.5000000000000013,1.5000000000000013,355.0000000000001,1.5000000000000013,0.0,1.5000000000000013,1.5000000000000013,257.0,,,,,0.0,,,,,0.0
16,vowels,inne,empirical_randomized,355,257,355,257,244,13,0.051,0.5,0.077,0.0,estimated,562,20,844,30,0.6,0.6000000000000003,1.1102230246251565e-16,0.6000000000000002,0.6000000000000002,0.5793838862559242,257,355,489,25,1.5000000000000016,2.220446049250313e-16,1.5000000000000013,1.5000000000000013,355.0000000000001,1.5000000000000013,0.0,1.5000000000000013,1.5000000000000013,257.0,,,,,0.0,,,,,0.0
16,vowels,inne,empirical_randomized_weighted,355,257,355,257,244,13,0.051,0.0,0.0,0.0,estimated,562,20,844,30,0.6,0.6000000000000003,1.1102230246251565e-16,0.6000000000000002,0.6000000000000002,0.5793838862559242,257,355,489,25,1.5000000000000016,2.220446049250313e-16,1.5000000000000013,1.5000000000000013,355.0000000000001,1.5000000000000013,0.0,1.5000000000000013,1.5000000000000013,257.0,0.8491499266679717,0.24736968668315407,0.5804399070315317,1.7441678296163114,164.0758448344781,1.3682369019415652,0.3874869771835505,0.5804399070315317,2.0735154247764878,237.91820205628346
16,vowels,inne,empirical_weighted,355,257,355,257,244,13,0.051,0.0,0.0,0.0,estimated,562,20,844,30,0.6,0.6000000000000003,1.1102230246251565e-16,0.6000000000000002,0.6000000000000002,0.5793838862559242,257,355,489,25,1.5000000000000016,2.220446049250313e-16,1.5000000000000013,1.5000000000000013,355.0000000000001,1.5000000000000013,0.0,1.5000000000000013,1.5000000000000013,257.0,0.8491499266679717,0.24736968668315407,0.5804399070315317,1.7441678296163114,164.0758448344781,1.3682369019415652,0.3874869771835505,0.5804399070315317,2.0735154247764878,237.91820205628346
17,vowels,inne,empirical,329,267,329,267,254,13,0.049,0.0,0.0,0.0,estimated,562,20,844,30,0.6,0.6000000000000003,1.1102230246251565e-16,0.6000000000000002,0.6000000000000002,0.6101895734597157,267,329,515,19,1.5000000000000018,4.440892098500626e-16,1.5000000000000013,1.5000000000000013,329.0000000000001,1.5000000000000013,0.0,1.5000000000000013,1.5000000000000013,266.99999999999994,,,,,0.0,,,,,0.0
17,vowels,inne,empirical_randomized,329,267,329,267,254,13,0.049,1.0,0.0,0.0,estimated,562,20,844,30,0.6,0.6000000000000003,1.1102230246251565e-16,0.6000000000000002,0.6000000000000002,0.6101895734597157,267,329,515,19,1.5000000000000018,4.440892098500626e-16,1.5000000000000013,1.5000000000000013,329.0000000000001,1.5000000000000013,0.0,1.5000000000000013,1.5000000000000013,266.99999999999994,,,,,0.0,,,,,0.0
17,vowels,inne,empirical_randomized_weighted,329,267,329,267,254,13,0.049,0.0,0.0,0.0,estimated,562,20,844,30,0.6,0.6000000000000003,1.1102230246251565e-16,0.6000000000000002,0.6000000000000002,0.6101895734597157,267,329,515,19,1.5000000000000018,4.440892098500626e-16,1.5000000000000013,1.5000000000000013,329.0000000000001,1.5000000000000013,0.0,1.5000000000000013,1.5000000000000013,266.99999999999994,0.8122139631267211,0.23152563861194742,0.5317110792071652,1.6320319225620021,152.60026069956618,1.4460480407872995,0.46465066509726827,0.5317110792071652,2.2809575668050104,242.0123605294439
17,vowels,inne,empirical_weighted,329,267,329,267,254,13,0.049,0.0,0.0,0.0,estimated,562,20,844,30,0.6,0.6000000000000003,1.1102230246251565e-16,0.6000000000000002,0.6000000000000002,0.6101895734597157,267,329,515,19,1.5000000000000018,4.440892098500626e-16,1.5000000000000013,1.5000000000000013,329.0000000000001,1.5000000000000013,0.0,1.5000000000000013,1.5000000000000013,266.99999999999994,0.8122139631267211,0.23152563861194742,0.5317110792071652,1.6320319225620021,152.60026069956618,1.4460480407872995,0.46465066509726827,0.5317110792071652,2.2809575668050104,242.0123605294439
18,vowels,inne,empirical,350,257,350,257,244,13,0.051,0.0,0.0,0.0,estimated,562,20,844,30,0.6,0.6000000000000003,1.1102230246251565e-16,0.6000000000000002,0.6000000000000002,0.5853080568720379,257,350,494,20,1.5000000000000016,2.220446049250313e-16,1.5000000000000013,1.5000000000000013,350.0000000000001,1.5000000000000013,0.0,1.5000000000000013,1.5000000000000013,257.0,,,,,0.0,,,,,0.0
18,vowels,inne,empirical_randomized,350,257,350,257,244,13,0.051,0.0,0.0,0.0,estimated,562,20,844,30,0.6,0.6000000000000003,1.1102230246251565e-16,0.6000000000000002,0.6000000000000002,0.5853080568720379,257,350,494,20,1.5000000000000016,2.220446049250313e-16,1.5000000000000013,1.5000000000000013,350.0000000000001,1.5000000000000013,0.0,1.5000000000000013,1.5000000000000013,257.0,,,,,0.0,,,,,0.0
18,vowels,inne,empirical_randomized_weighted,350,257,350,257,244,13,0.051,0.0,0.0,0.0,estimated,562,20,844,30,0.6,0.6000000000000003,1.1102230246251565e-16,0.6000000000000002,0.6000000000000002,0.5853080568720379,257,350,494,20,1.5000000000000016,2.220446049250313e-16,1.5000000000000013,1.5000000000000013,350.0000000000001,1.5000000000000013,0.0,1.5000000000000013,1.5000000000000013,257.0,0.8479945232102614,0.21272780375323203,0.6087377210273469,1.5618486038071202,164.63914669988412,1.3880428046685054,0.39898389012004376,0.6335103184731942,2.099925020944621,237.38625304407608
18,vowels,inne,empirical_weighted,350,257,350,257,244,13,0.051,0.0,0.0,0.0,estimated,562,20,844,30,0.6,0.6000000000000003,1.1102230246251565e-16,0.6000000000000002,0.6000000000000002,0.5853080568720379,257,350,494,20,1.5000000000000016,2.220446049250313e-16,1.5000000000000013,1.5000000000000013,350.0000000000001,1.5000000000000013,0.0,1.5000000000000013,1.5000000000000013,257.0,0.8479945232102614,0.21272780375323203,0.6087377210273469,1.5618486038071202,164.63914669988412,1.3880428046685054,0.39898389012004376,0.6335103184731942,2.099925020944621,237.38625304407608
19,vowels,inne,empirical,347,258,347,258,245,13,0.05,0.0,0.0,0.0,estimated,562,20,844,30,0.6,0.6000000000000003,1.1102230246251565e-16,0.6000000000000002,0.6000000000000002,0.5888625592417062,258,347,497,18,1.5000000000000016,2.220446049250313e-16,1.5000000000000013,1.5000000000000013,347.0000000000001,1.5000000000000013,0.0,1.5000000000000013,1.5000000000000013,258.0,,,,,0.0,,,,,0.0
19,vowels,inne,empirical_randomized,347,258,347,258,245,13,0.05,0.0,0.0,0.0,estimated,562,20,844,30,0.6,0.6000000000000003,1.1102230246251565e-16,0.6000000000000002,0.6000000000000002,0.5888625592417062,258,347,497,18,1.5000000000000016,2.220446049250313e-16,1.5000000000000013,1.5000000000000013,347.0000000000001,1.5000000000000013,0.0,1.5000000000000013,1.5000000000000013,258.0,,,,,0.0,,,,,0.0
19,vowels,inne,empirical_randomized_weighted,347,258,347,258,245,13,0.05,0.0,0.0,0.0,estimated,562,20,844,30,0.6,0.6000000000000003,1.1102230246251565e-16,0.6000000000000002,0.6000000000000002,0.5888625592417062,258,347,497,18,1.5000000000000016,2.220446049250313e-16,1.5000000000000013,1.5000000000000013,347.0000000000001,1.5000000000000013,0.0,1.5000000000000013,1.5000000000000013,258.0,0.8422567739994694,0.2564258080427313,0.5560473152784242,2.0135275474386805,159.23999216923937,1.4442686678520256,0.49127008894945734,0.5560473152784242,2.315775183602111,231.24433395660978
19,vowels,inne,empirical_weighted,347,258,347,258,245,13,0.05,0.0,0.0,0.0,estimated,562,20,844,30,0.6,0.6000000000000003,1.1102230246251565e-16,0.6000000000000002,0.6000000000000002,0.5888625592417062,258,347,497,18,1.5000000000000016,2.220446049250313e-16,1.5000000000000013,1.5000000000000013,347.0000000000001,1.5000000000000013,0.0,1.5000000000000013,1.5000000000000013,258.0,0.8422567739994694,0.2564258080427313,0.5560473152784242,2.0135275474386805,159.23999216923937,1.4442686678520256,0.49127008894945734,0.5560473152784242,2.315775183602111,231.24433395660978
20,vowels,inne,empirical,328,268,328,268,255,13,0.049,0.0,0.0,0.0,estimated,562,20,844,30,0.6,0.6000000000000003,1.1102230246251565e-16,0.6000000000000002,0.6000000000000002,0.6113744075829384,268,328,516,20,1.5000000000000018,4.440892098500626e-16,1.5000000000000013,1.5000000000000013,328.00000000000017,1.5000000000000013,0.0,1.5000000000000013,1.5000000000000013,267.99999999999994,,,,,0.0,,,,,0.0
20,vowels,inne,empirical_randomized,328,268,328,268,255,13,0.049,0.0,0.0,0.0,estimated,562,20,844,30,0.6,0.6000000000000003,1.1102230246251565e-16,0.6000000000000002,0.6000000000000002,0.6113744075829384,268,328,516,20,1.5000000000000018,4.440892098500626e-16,1.5000000000000013,1.5000000000000013,328.00000000000017,1.5000000000000013,0.0,1.5000000000000013,1.5000000000000013,267.99999999999994,,,,,0.0,,,,,0.0
20,vowels,inne,empirical_randomized_weighted,328,268,328,268,255,13,0.049,0.0,0.0,0.0,estimated,562,20,844,30,0.6,0.6000000000000003,1.1102230246251565e-16,0.6000000000000002,0.6000000000000002,0.6113744075829384,268,328,516,20,1.5000000000000018,4.440892098500626e-16,1.5000000000000013,1.5000000000000013,328.00000000000017,1.5000000000000013,0.0,1.5000000000000013,1.5000000000000013,267.99999999999994,0.8788536799004846,0.23910185085952268,0.5883915910049875,1.887767604303391,152.69773901887655,1.3844793676580824,0.3767299145854747,0.6320636917211578,2.082302306216362,249.52433238480378
20,vowels,inne,empirical_weighted,328,268,328,268,255,13,0.049,0.0,0.0,0.0,estimated,562,20,844,30,0.6,0.6000000000000003,1.1102230246251565e-16,0.6000000000000002,0.6000000000000002,0.6113744075829384,268,328,516,20,1.5000000000000018,4.440892098500626e-16,1.5000000000000013,1.5000000000000013,328.00000000000017,1.5000000000000013,0.0,1.5000000000000013,1.5000000000000013,267.99999999999994,0.8788536799004846,0.23910185085952268,0.5883915910049875,1.887767604303391,152.69773901887655,1.3844793676580824,0.3767299145854747,0.6320636917211578,2.082302306216362,249.52433238480378
21,vowels,inne,empirical,334,264,334,264,251,13,0.049,0.0,0.0,0.0,estimated,562,20,844,30,0.6,0.6000000000000003,1.1102230246251565e-16,0.6000000000000002,0.6000000000000002,0.6042654028436019,264,334,510,19,1.5000000000000018,4.440892098500626e-16,1.5000000000000013,1.5000000000000013,334.00000000000017,1.5000000000000013,0.0,1.5000000000000013,1.5000000000000013,263.99999999999994,,,,,0.0,,,,,0.0
21,vowels,inne,empirical_randomized,334,264,334,264,251,13,0.049,0.0,0.0,0.0,estimated,562,20,844,30,0.6,0.6000000000000003,1.1102230246251565e-16,0.6000000000000002,0.6000000000000002,0.6042654028436019,264,334,510,19,1.5000000000000018,4.440892098500626e-16,1.5000000000000013,1.5000000000000013,334.00000000000017,1.5000000000000013,0.0,1.5000000000000013,1.5000000000000013,263.99999999999994,,,,,0.0,,,,,0.0
21,vowels,inne,empirical_randomized_weighted,334,264,334,264,251,13,0.049,0.0,0.0,0.0,estimated,562,20,844,30,0.6,0.6000000000000003,1.1102230246251565e-16,0.6000000000000002,0.6000000000000002,0.6042654028436019,264,334,510,19,1.5000000000000018,4.440892098500626e-16,1.5000000000000013,1.5000000000000013,334.00000000000017,1.5000000000000013,0.0,1.5000000000000013,1.5000000000000013,263.99999999999994,0.8718642054338365,0.2636379872735363,0.5542582313603461,1.7004613167790497,153.00939849634076,1.4138846092175041,0.44473972456098465,0.5542582313603461,2.189379612448392,240.23089790586485
21,vowels,inne,empirical_weighted,334,264,334,264,251,13,0.049,0.0,0.0,0.0,estimated,562,20,844,30,0.6,0.6000000000000003,1.1102230246251565e-16,0.6000000000000002,0.6000000000000002,0.6042654028436019,264,334,510,19,1.5000000000000018,4.440892098500626e-16,1.5000000000000013,1.5000000000000013,334.00000000000017,1.5000000000000013,0.0,1.5000000000000013,1.5000000000000013,263.99999999999994,0.8718642054338365,0.2636379872735363,0.5542582313603461,1.7004613167790497,153.00939849634076,1.4138846092175041,0.44473972456098465,0.5542582313603461,2.189379612448392,240.23089790586485
22,vowels,inne,empirical,328,264,328,264,252,12,0.045,0.0,0.0,0.0,estimated,562,20,844,30,0.6,0.6000000000000003,1.1102230246251565e-16,0.6000000000000002,0.6000000000000002,0.6113744075829384,264,328,516,12,1.5000000000000018,4.440892098500626e-16,1.5000000000000013,1.5000000000000013,328.00000000000017,1.5000000000000013,0.0,1.5000000000000013,1.5000000000000013,263.99999999999994,,,,,0.0,,,,,0.0
22,vowels,inne,empirical_randomized,328,264,328,264,252,12,0.045,0.0,0.0,0.0,estimated,562,20,844,30,0.6,0.6000000000000003,1.1102230246251565e-16,0.6000000000000002,0.6000000000000002,0.6113744075829384,264,328,516,12,1.5000000000000018,4.440892098500626e-16,1.5000000000000013,1.5000000000000013,328.00000000000017,1.5000000000000013,0.0,1.5000000000000013,1.5000000000000013,263.99999999999994,,,,,0.0,,,,,0.0
22,vowels,inne,empirical_randomized_weighted,328,264,328,264,252,12,0.045,0.0,0.0,0.0,estimated,562,20,844,30,0.6,0.6000000000000003,1.1102230246251565e-16,0.6000000000000002,0.6000000000000002,0.6113744075829384,264,328,516,12,1.5000000000000018,4.440892098500626e-16,1.5000000000000013,1.5000000000000013,328.00000000000017,1.5000000000000013,0.0,1.5000000000000013,1.5000000000000013,263.99999999999994,0.8294862526213832,0.2705123912916827,0.5937927927761701,2.418663875801107,148.2345825023634,1.5268997790308967,0.6193865122832768,0.5937927927761701,2.7963064346460684,226.69667280810432
22,vowels,inne,empirical_weighted,328,264,328,264,252,12,0.045,0.0,0.0,0.0,estimated,562,20,844,30,0.6,0.6000000000000003,1.1102230246251565e-16,0.6000000000000002,0.6000000000000002,0.6113744075829384,264,328,516,12,1.5000000000000018,4.440892098500626e-16,1.5000000000000013,1.5000000000000013,328.00000000000017,1.5000000000000013,0.0,1.5000000000000013,1.5000000000000013,263.99999999999994,0.8294862526213832,0.2705123912916827,0.5937927927761701,2.418663875801107,148.2345825023634,1.5268997790308967,0.6193865122832768,0.5937927927761701,2.7963064346460684,226.69667280810432
23,vowels,inne,empirical,342,258,342,258,245,13,0.05,0.0,0.0,0.0,estimated,562,20,844,30,0.6,0.6000000000000003,1.1102230246251565e-16,0.6000000000000002,0.6000000000000002,0.5947867298578199,258,342,502,14,1.5000000000000016,2.220446049250313e-16,1.5000000000000013,1.5000000000000013,342.00000000000017,1.5000000000000013,0.0,1.5000000000000013,1.5000000000000013,258.0,,,,,0.0,,,,,0.0
23,vowels,inne,empirical_randomized,342,258,342,258,245,13,0.05,0.0,0.0,0.0,estimated,562,20,844,30,0.6,0.6000000000000003,1.1102230246251565e-16,0.6000000000000002,0.6000000000000002,0.5947867298578199,258,342,502,14,1.5000000000000016,2.220446049250313e-16,1.5000000000000013,1.5000000000000013,342.00000000000017,1.5000000000000013,0.0,1.5000000000000013,1.5000000000000013,258.0,,,,,0.0,,,,,0.0
23,vowels,inne,empirical_randomized_weighted,342,258,342,258,245,13,0.05,0.0,0.0,0.0,estimated,562,20,844,30,0.6,0.6000000000000003,1.1102230246251565e-16,0.6000000000000002,0.6000000000000002,0.5947867298578199,258,342,502,14,1.5000000000000016,2.220446049250313e-16,1.5000000000000013,1.5000000000000013,342.00000000000017,1.5000000000000013,0.0,1.5000000000000013,1.5000000000000013,258.0,0.8185343964610778,0.31069511814966433,0.5220877569922344,2.205876305908849,149.4654498369331,1.5108025725851844,0.6127418219538815,0.5752721886033226,2.68441265233026,221.5562094393184
23,vowels,inne,empirical_weighted,342,258,342,258,245,13,0.05,0.0,0.0,0.0,estimated,562,20,844,30,0.6,0.6000000000000003,1.1102230246251565e-16,0.6000000000000002,0.6000000000000002,0.5947867298578199,258,342,502,14,1.5000000000000016,2.220446049250313e-16,1.5000000000000013,1.5000000000000013,342.00000000000017,1.5000000000000013,0.0,1.5000000000000013,1.5000000000000013,258.0,0.8185343964610778,0.31069511814966433,0.5220877569922344,2.205876305908849,149.4654498369331,1.5108025725851844,0.6127418219538815,0.5752721886033226,2.68441265233026,221.5562094393184
24,vowels,inne,empirical,339,262,339,262,249,13,0.05,0.0,0.0,0.0,estimated,562,20,844,30,0.6,0.6000000000000003,1.1102230246251565e-16,0.6000000000000002,0.6000000000000002,0.5983412322274881,262,339,505,19,1.5000000000000018,4.440892098500626e-16,1.5000000000000013,1.5000000000000013,339.00000000000017,1.5000000000000013,0.0,1.5000000000000013,1.5000000000000013,262.0,,,,,0.0,,,,,0.0
24,vowels,inne,empirical_randomized,339,262,339,262,249,13,0.05,0.0,0.0,0.0,estimated,562,20,844,30,0.6,0.6000000000000003,1.1102230246251565e-16,0.6000000000000002,0.6000000000000002,0.5983412322274881,262,339,505,19,1.5000000000000018,4.440892098500626e-16,1.5000000000000013,1.5000000000000013,339.00000000000017,1.5000000000000013,0.0,1.5000000000000013,1.5000000000000013,262.0,,,,,0.0,,,,,0.0
24,vowels,inne,empirical_randomized_weighted,339,262,339,262,249,13,0.05,0.0,0.0,0.0,estimated,562,20,844,30,0.6,0.6000000000000003,1.1102230246251565e-16,0.6000000000000002,0.6000000000000002,0.5983412322274881,262,339,505,19,1.5000000000000018,4.440892098500626e-16,1.5000000000000013,1.5000000000000013,339.00000000000017,1.5000000000000013,0.0,1.5000000000000013,1.5000000000000013,262.0,0.8635993832329224,0.3823586115132517,0.38241008742358273,2.118401023253811,142.13719447317146,1.486866099828404,0.4699442938104713,0.38241008742358273,2.186010549377855,238.2042923404571
24,vowels,inne,empirical_weighted,339,262,339,262,249,13,0.05,0.0,0.0,0.0,estimated,562,20,844,30,0.6,0.6000000000000003,1.1102230246251565e-16,0.6000000000000002,0.6000000000000002,0.5983412322274881,262,339,505,19,1.5000000000000018,4.440892098500626e-16,1.5000000000000013,1.5000000000000013,339.00000000000017,1.5000000000000013,0.0,1.5000000000000013,1.5000000000000013,262.0,0.8635993832329224,0.3823586115132517,0.38241008742358273,2.118401023253811,142.13719447317146,1.486866099828404,0.4699442938104713,0.38241008742358273,2.186010549377855,238.2042923404571
25,vowels,inne,empirical,365,250,365,250,238,12,0.048,0.0,0.0,0.0,estimated,562,20,844,30,0.6,0.6000000000000003,1.1102230246251565e-16,0.6000000000000002,0.6000000000000002,0.5675355450236966,250,365,479,21,1.5000000000000016,2.220446049250313e-16,1.5000000000000013,1.5000000000000013,365.00000000000017,1.5000000000000013,0.0,1.5000000000000013,1.5000000000000013,250.00000000000006,,,,,0.0,,,,,0.0
25,vowels,inne,empirical_randomized,365,250,365,250,238,12,0.048,0.0,0.167,0.0,estimated,562,20,844,30,0.6,0.6000000000000003,1.1102230246251565e-16,0.6000000000000002,0.6000000000000002,0.5675355450236966,250,365,479,21,1.5000000000000016,2.220446049250313e-16,1.5000000000000013,1.5000000000000013,365.00000000000017,1.5000000000000013,0.0,1.5000000000000013,1.5000000000000013,250.00000000000006,,,,,0.0,,,,,0.0
25,vowels,inne,empirical_randomized_weighted,365,250,365,250,238,12,0.048,0.0,0.167,0.0,estimated,562,20,844,30,0.6,0.6000000000000003,1.1102230246251565e-16,0.6000000000000002,0.6000000000000002,0.5675355450236966,250,365,479,21,1.5000000000000016,2.220446049250313e-16,1.5000000000000013,1.5000000000000013,365.00000000000017,1.5000000000000013,0.0,1.5000000000000013,1.5000000000000013,250.00000000000006,0.8489114358027945,0.23314079345159736,0.5098998077705061,1.4599625050049836,170.16538095435178,1.372705010616397,0.32248383534997555,0.5098998077705061,1.919899388301476,236.9241253461754
25,vowels,inne,empirical_weighted,365,250,365,250,238,12,0.048,0.0,0.0,0.0,estimated,562,20,844,30,0.6,0.6000000000000003,1.1102230246251565e-16,0.6000000000000002,0.6000000000000002,0.5675355450236966,250,365,479,21,1.5000000000000016,2.220446049250313e-16,1.5000000000000013,1.5000000000000013,365.00000000000017,1.5000000000000013,0.0,1.5000000000000013,1.5000000000000013,250.00000000000006,0.8489114358027945,0.23314079345159736,0.5098998077705061,1.4599625050049836,170.16538095435178,1.372705010616397,0.32248383534997555,0.5098998077705061,1.919899388301476,236.9241253461754
1,vowels,inne,empirical_randomized_weighted,333,266,333,266,253,13,0.049,0.0,0.0,0.5,estimated,562,20,844,30,0.6,0.6,0.10123217739589119,0.3466038483575214,0.7,0.6054502369668247,266,333,511,21,1.5627911107809882,0.6361534259641092,0.5304650899553721,2.333333333333333,285.6653246155611,1.7191731691183763,0.6095441120265406,0.647683384710015,2.333333333333333,236.29524260106396,0.8390866709782198,0.22798725638941175,0.5702833170088561,1.7865888017391276,155.518723332418,1.3788231662822676,0.43228570547314055,0.5702833170088561,2.222820127879201,242.19392228428978
1,vowels,inne,empirical_weighted,333,266,333,266,253,13,0.049,0.0,0.0,0.5,estimated,562,20,844,30,0.6,0.6,0.10123217739589119,0.3466038483575214,0.7,0.6054502369668247,266,333,511,21,1.5627911107809882,0.6361534259641092,0.5304650899553721,2.333333333333333,285.6653246155611,1.7191731691183763,0.6095441120265406,0.647683384710015,2.333333333333333,236.29524260106396,0.8390866709782198,0.22798725638941175,0.5702833170088561,1.7865888017391276,155.518723332418,1.3788231662822676,0.43228570547314055,0.5702833170088561,2.222820127879201,242.19392228428978
2,vowels,inne,empirical_randomized_weighted,341,262,341,262,249,13,0.05,0.0,0.0,0.5,estimated,562,20,844,30,0.6,0.6,0.09283538515437634,0.4205435610674536,0.7,0.5959715639810427,262,341,503,20,1.4531372915713423,0.5727982200825641,0.7682110942527737,2.333333333333333,295.1414581145031,1.7646535719887901,0.5729098200593465,0.725755264437416,2.333333333333333,237.01759728149744,0.7834974603420763,0.4678741083062985,0.4021960520532572,2.718230113712879,126.05030573654349,2.0236274781079753,1.2764273252781582,0.4789041494113472,4.551481641153792,187.42926152715603
2,vowels,inne,empirical_weighted,341,262,341,262,249,13,0.05,0.0,0.0,0.5,estimated,562,20,844,30,0.6,0.6,0.09283538515437634,0.4205435610674536,0.7,0.5959715639810427,262,341,503,20,1.4531372915713423,0.5727982200825641,0.7682110942527737,2.333333333333333,295.1414581145031,1.7646535719887901,0.5729098200593465,0.725755264437416,2.333333333333333,237.01759728149744,0.7834974603420763,0.4678741083062985,0.4021960520532572,2.718230113712879,126.05030573654349,2.0236274781079753,1.2764273252781582,0.4789041494113472,4.551481641153792,187.42926152715603
3,vowels,inne,empirical_randomized_weighted,325,268,325,268,255,13,0.049,0.0,0.077,0.5,estimated,562,20,844,30,0.6,0.5999999999999999,0.10274251724346867,0.3463209166407272,0.7,0.6149289099526066,268,325,519,18,1.5395175298904362,0.6490849793010743,0.5298026592207534,2.333333333333333,275.9475806756163,1.7132123203602996,0.6013927020315717,0.635455873038058,2.333333333333333,238.59897309400264,0.8349003178491328,0.34467425110712063,0.43171731014934167,2.059200230218608,139.2649450901835,1.6439945277032428,0.6341310956099286,0.4448873358746082,2.7060554716184235,233.29007831638992
3,vowels,inne,empirical_weighted,325,268,325,268,255,13,0.049,0.0,0.0,0.5,estimated,562,20,844,30,0.6,0.5999999999999999,0.10274251724346867,0.3463209166407272,0.7,0.6149289099526066,268,325,519,18,1.5395175298904362,0.6490849793010743,0.5298026592207534,2.333333333333333,275.9475806756163,1.7132123203602996,0.6013927020315717,0.635455873038058,2.333333333333333,238.59897309400264,0.8349003178491328,0.34467425110712063,0.43171731014934167,2.059200230218608,139.2649450901835,1.6439945277032428,0.6341310956099286,0.4448873358746082,2.7060554716184235,233.29007831638992
4,vowels,inne,empirical_randomized_weighted,366,248,366,248,236,12,0.048,0.0,0.0,0.5,estimated,562,20,844,30,0.6,0.5999999999999999,0.1020172372377959,0.3491490452452719,0.7,0.566350710900474,248,366,478,19,1.5171707773715504,0.6279862043363986,0.5364500776938217,2.333333333333333,312.4655431012575,1.7313353201774302,0.598587882131844,0.5758852488793252,2.333333333333333,221.520630369088,0.8189009854665018,0.3973846954046965,0.28535643309739644,2.059342428065866,148.12021363626758,1.6365115860116133,0.6917379774576381,0.3018179343189184,2.984366593279238,210.40712702501378
4,vowels,inne,empirical_weighted,366,248,366,248,236,12,0.048,0.0,0.0,0.5,estimated,562,20,844,30,0.6,0.5999999999999999,0.1020172372377959,0.3491490452452719,0.7,0.566350710900474,248,366,478,19,1.5171707773715504,0.6279862043363986,0.5364500776938217,2.333333333333333,312.4655431012575,1.7313353201774302,0.598587882131844,0.5758852488793252,2.333333333333333,221.520630369088,0.8189009854665018,0.3973846954046965,0.28535643309739644,2.059342428065866,148.12021363626758,1.6365115860116133,0.6917379774576381,0.3018179343189184,2.984366593279238,210.40712702501378
5,vowels,inne,empirical_randomized_weighted,314,276,314,276,262,14,0.051,0.0,0.0,0.5,estimated,562,20,844,30,0.6,0.6,0.09035344663366202,0.43968889399657496,0.7,0.6279620853080569,276,314,530,23,1.4920868819098267,0.5859632819950595,0.7847227893317668,2.333333333333333,272.04419615102984,1.7258771981832772,0.5616834030129766,0.7994958484116709,2.333333333333333,249.56677418971927,0.8454461845743786,0.3283022513245354,0.4329202355085439,2.17925231648136,136.42788550357912,1.6355385661262638,0.6199939198700026,0.4329202355085439,2.731063623241369,241.32226836447748
5,vowels,inne,empirical_weighted,314,276,314,276,262,14,0.051,0.0,0.0,0.5,estimated,562,20,844,30,0.6,0.6,0.09035344663366202,0.43968889399657496,0.7,0.6279620853080569,276,314,530,23,1.4920868819098267,0.5859632819950595,0.7847227893317668,2.333333333333333,272.04419615102984,1.7258771981832772,0.5616834030129766,0.7994958484116709,2.333333333333333,249.56677418971927,0.8454461845743786,0.3283022513245354,0.4329202355085439,2.17925231648136,136.42788550357912,1.6355385661262638,0.6199939198700026,0.4329202355085439,2.731063623241369,241.32226836447748
6,vowels,inne,empirical_randomized_weighted,337,263,337,263,250,13,0.049,0.0,0.0,0.5,estimated,562,20,844,30,0.6,0.5999999999999999,0.10162604028892482,0.3431834856140514,0.7,0.6007109004739336,263,337,507,19,1.4947721116034327,0.6420144319559494,0.5224952145651975,2.333333333333333,284.51402306978366,1.7725414499781067,0.5693922062560526,0.5897347663904544,2.333333333333333,238.3999290862072,0.7907073079205128,0.44047668152069946,0.28196138748465793,1.8518238416844204,128.97580638069633,1.825305461112256,0.7723035468452525,0.283061868848661,3.1907909514126604,223.06634951477838
6,vowels,inne,empirical_weighted,337,263,337,263,250,13,0.049,0.0,0.0,0.5,estimated,562,20,844,30,0.6,0.5999999999999999,0.10162604028892482,0.3431834856140514,0.7,0.6007109004739336,263,337,507,19,1.4947721116034327,0.6420144319559494,0.5224952145651975,2.333333333333333,284.51402306978366,1.7725414499781067,0.5693922062560526,0.5897347663904544,2.333333333333333,238.3999290862072,0.7907073079205128,0.44047668152069946,0.28196138748465793,1.8518238416844204,128.97580638069633,1.825305461112256,0.7723035468452525,0.283061868848661,3.1907909514126604,223.06634951477838
7,vowels,inne,empirical_randomized_weighted,333,266,333,266,253,13,0.049,0.0,0.0,0.5,estimated,562,20,844,30,0.6,0.5999999999999999,0.10127885609475917,0.3509598956756996,0.7,0.6054502369668247,266,333,511,20,1.5063265681740379,0.6211227754077552,0.6195094547316812,2.333333333333333,284.6089363066367,1.7299352550015856,0.6051621003196489,0.6481624351558833,2.333333333333333,236.99797161762854,0.8489869740756046,0.2868060391757541,0.5220381800324124,1.8258050698101884,149.89363545688525,1.5484745581534565,0.5733200555429742,0.5473549774690907,2.6097795014816185,233.93174810014042
7,vowels,inne,empirical_weighted,333,266,333,266,253,13,0.049,0.0,0.0,0.5,estimated,562,20,844,30,0.6,0.5999999999999999,0.10127885609475917,0.3509598956756996,0.7,0.6054502369668247,266,333,511,20,1.5063265681740379,0.6211227754077552,0.6195094547316812,2.333333333333333,284.6089363066367,1.7299352550015856,0.6051621003196489,0.6481624351558833,2.333333333333333,236.99797161762854,0.8489869740756046,0.2868060391757541,0.5220381800324124,1.8258050698101884,149.89363545688525,1.5484745581534565,0.5733200555429742,0.5473549774690907,2.6097795014816185,233.93174810014042
8,vowels,inne,empirical_randomized_weighted,317,272,317,272,258,14,0.051,0.0,0.0,0.5,estimated,562,20,844,30,0.6,0.5999999999999999,0.10231333748899507,0.3471311739048618,0.7,0.6244075829383886,272,317,527,17,1.4982198531233655,0.6383874435055978,0.5317012545706643,2.333333333333333,268.2896266539587,1.7377868533108334,0.5945489019915648,0.6451767934656799,2.333333333333333,243.49787011668397,0.8296768687071805,0.31460867274223364,0.4566505322153263,2.006460314969674,139.01174377522497,1.627144254959647,0.6472328471824526,0.45925469554523385,2.8399014033448435,234.8425595697984
8,vowels,inne,empirical_weighted,317,272,317,272,258,14,0.051,0.0,0.0,0.5,estimated,562,20,844,30,0.6,0.5999999999999999,0.10231333748899507,0.3471311739048618,0.7,0.6244075829383886,272,317,527,17,1.4982198531233655,0.6383874435055978,0.5317012545706643,2.333333333333333,268.2896266539587,1.7377868533108334,0.5945489019915648,0.6451767934656799,2.333333333333333,243.49787011668397,0.8296768687071805,0.31460867274223364,0.4566505322153263,2.006460314969674,139.01174377522497,1.627144254959647,0.6472328471824526,0.45925469554523385,2.8399014033448435,234.8425595697984
9,vowels,inne,empirical_randomized_weighted,333,264,333,264,251,13,0.049,0.0,0.0,0.5,estimated,562,20,844,30,0.6,0.5999999999999999,0.10226682990935061,0.3551164832819905,0.7,0.6054502369668247,264,333,511,17,1.4974484327060902,0.6241628094233826,0.5759671560897612,2.333333333333333,283.709240945435,1.7751586033242068,0.5834349748518463,0.626473253451133,2.333333333333333,238.26250366442696,0.8226951625657364,0.38983133807130194,0.3871551742558059,1.9522479614731274,136.37878453703772,1.7265334614338412,0.7044137655204366,0.4794325018069893,2.904827608348699,226.32612020494653
9,vowels,inne,empirical_weighted,333,264,333,264,251,13,0.049,0.0,0.0,0.5,estimated,562,20,844,30,0.6,0.5999999999999999,0.10226682990935061,0.3551164832819905,0.7,0.6054502369668247,264,333,511,17,1.4974484327060902,0.6241628094233826,0.5759671560897612,2.333333333333333,283.709240945435,1.7751586033242068,0.5834349748518463,0.626473253451133,2.333333333333333,238.26250366442696,0.8226951625657364,0.38983133807130194,0.3871551742558059,1.9522479614731274,136.37878453703772,1.7265334614338412,0.7044137655204366,0.4794325018069893,2.904827608348699,226.32612020494653
10,vowels,inne,empirical_randomized_weighted,339,263,339,263,250,13,0.049,0.0,0.0,0.5,estimated,562,20,844,30,0.6,0.5999999999999999,0.10311647278581779,0.3450770924950837,0.7,0.5983412322274881,263,339,505,21,1.5305477479644665,0.6524316165336635,0.5268972707180705,2.333333333333333,286.87267744229246,1.72773790221639,0.6042904818748006,0.5998342648353733,2.333333333333333,234.33376501858143,0.8262702894468066,0.312096093216887,0.4222751676796156,1.5841711646005345,148.77437337536534,1.5179211750495412,0.5169929086918028,0.4222751676796156,2.3360846734552543,235.6623636185726
10,vowels,inne,empirical_weighted,339,263,339,263,250,13,0.049,0.0,0.0,0.5,estimated,562,20,844,30,0.6,0.5999999999999999,0.10311647278581779,0.3450770924950837,0.7,0.5983412322274881,263,339,505,21,1.5305477479644665,0.6524316165336635,0.5268972707180705,2.333333333333333,286.87267744229246,1.72773790221639,0.6042904818748006,0.5998342648353733,2.333333333333333,234.33376501858143,0.8262702894468066,0.312096093216887,0.4222751676796156,1.5841711646005345,148.77437337536534,1.5179211750495412,0.5169929086918028,0.4222751676796156,2.3360846734552543,235.6623636185726
11,vowels,inne,empirical_randomized_weighted,319,271,319,271,257,14,0.052,0.0,0.0,0.5,estimated,562,20,844,30,0.6,0.5999999999999999,0.1020912634034954,0.380891550526024,0.7,0.6220379146919431,271,319,525,17,1.4639760862844116,0.6182453054303256,0.6152258959632155,2.333333333333333,270.7193613708795,1.8044097192284836,0.5978692977751265,0.6808084002256428,2.333333333333333,244.1914879890584,0.7869064542565273,0.4053445075984223,0.37970826920445655,2.27343724296489,126.44824898169104,1.8904360617127631,1.036244391882456,0.37970826920445655,3.8406297372942486,208.38627833851672
11,vowels,inne,empirical_weighted,319,271,319,271,257,14,0.052,0.0,0.0,0.5,estimated,562,20,844,30,0.6,0.5999999999999999,0.1020912634034954,0.380891550526024,0.7,0.6220379146919431,271,319,525,17,1.4639760862844116,0.6182453054303256,0.6152258959632155,2.333333333333333,270.7193613708795,1.8044097192284836,0.5978692977751265,0.6808084002256428,2.333333333333333,244.1914879890584,0.7869064542565273,0.4053445075984223,0.37970826920445655,2.27343724296489,126.44824898169104,1.8904360617127631,1.036244391882456,0.37970826920445655,3.8406297372942486,208.38627833851672
12,vowels,inne,empirical_randomized_weighted,351,256,351,256,243,13,0.051,0.0,0.0,0.5,estimated,562,20,844,30,0.6,0.5999999999999999,0.10187539903965254,0.3580561978123522,0.7,0.5841232227488151,256,351,493,19,1.506085631907958,0.6288130696292245,0.557768758872896,2.333333333333333,298.89673284864074,1.7325608485410346,0.6039344641987016,0.6322158155052056,2.333333333333333,228.26421468700408,0.78397857542546,0.4281260176485415,0.3881756350118138,2.2439405442867013,135.57037947061625,1.755522106953929,0.7914267932354893,0.4074441444019977,2.9882042892402505,212.7589086750272
12,vowels,inne,empirical_weighted,351,256,351,256,243,13,0.051,0.0,0.0,0.5,estimated,562,20,844,30,0.6,0.5999999999999999,0.10187539903965254,0.3580561978123522,0.7,0.5841232227488151,256,351,493,19,1.506085631907958,0.6288130696292245,0.557768758872896,2.333333333333333,298.89673284864074,1.7325608485410346,0.6039344641987016,0.6322158155052056,2.333333333333333,228.26421468700408,0.78397857542546,0.4281260176485415,0.3881756350118138,2.2439405442867013,135.57037947061625,1.755522106953929,0.7914267932354893,0.4074441444019977,2.9882042892402505,212.7589086750272
13,vowels,inne,empirical_randomized_weighted,337,262,337,262,249,13,0.05,0.0,0.0,0.5,estimated,562,20,844,30,0.6,0.5999999999999999,0.10209897389245545,0.35429141894329325,0.7,0.6007109004739336,262,337,507,17,1.466213133008341,0.6268119438003887,0.5486862484675251,2.333333333333333,284.92686589442866,1.7618113293040276,0.6066101293335426,0.6020539975251887,2.333333333333333,234.2318773749473,0.7784113483191597,0.47561007605571415,0.31480865789568724,3.0578625305184444,123.05925316127727,2.037369060274491,1.2024749217513713,0.3598563662458129,4.496028061715073,194.31193272844797
13,vowels,inne,empirical_weighted,337,262,337,262,249,13,0.05,0.0,0.0,0.5,estimated,562,20,844,30,0.6,0.5999999999999999,0.10209897389245545,0.35429141894329325,0.7,0.6007109004739336,262,337,507,17,1.466213133008341,0.6268119438003887,0.5486862484675251,2.333333333333333,284.92686589442866,1.7618113293040276,0.6066101293335426,0.6020539975251887,2.333333333333333,234.2318773749473,0.7784113483191597,0.47561007605571415,0.31480865789568724,3.0578625305184444,123.05925316127727,2.037369060274491,1.2024749217513713,0.3598563662458129,4.496028061715073,194.31193272844797
14,vowels,inne,empirical_randomized_weighted,352,256,352,256,243,13,0.051,0.0,0.0,0.5,estimated,562,20,844,30,0.6,0.6,0.0912532145492359,0.43686067877634516,0.7,0.5829383886255924,256,352,492,21,1.4996122915485457,0.5822095311067199,0.7757595009119294,2.333333333333333,305.89269441949335,1.7348063580765802,0.5783227400323966,0.7974866014576607,2.333333333333333,230.395700493812,0.8124876921240033,0.4576177540287676,0.30604636565666926,2.363544984636533,133.61387546913463,1.7766184933725546,0.815861862149227,0.330104778960764,3.3267105599874194,211.41568383400448
14,vowels,inne,empirical_weighted,352,256,352,256,243,13,0.051,0.0,0.0,0.5,estimated,562,20,844,30,0.6,0.6,0.0912532145492359,0.43686067877634516,0.7,0.5829383886255924,256,352,492,21,1.4996122915485457,0.5822095311067199,0.7757595009119294,2.333333333333333,305.89269441949335,1.7348063580765802,0.5783227400323966,0.7974866014576607,2.333333333333333,230.395700493812,0.8124876921240033,0.4576177540287676,0.30604636565666926,2.363544984636533,133.61387546913463,1.7766184933725546,0.815861862149227,0.330104778960764,3.3267105599874194,211.41568383400448
15,vowels,inne,empirical_randomized_weighted,336,263,336,263,250,13,0.049,0.0,0.0,0.5,estimated,562,20,844,30,0.6,0.6,0.10175172128059023,0.341508905699857,0.7,0.6018957345971564,263,336,508,18,1.4980248683679034,0.6231801037449429,0.5232899359521623,2.333333333333333,286.4310998375852,1.7387558676486856,0.6015591267341693,0.5186234235450355,2.333333333333333,234.88519550246417,0.8038155548826937,0.4943449848012671,0.35076462079496573,2.7383303593519988,121.89613087910713,1.9572627389494666,1.0163713545268844,0.43997399399499554,3.8519533956179948,207.1430778924521
15,vowels,inne,empirical_weighted,336,263,336,263,250,13,0.049,0.0,0.0,0.5,estimated,562,20,844,30,0.6,0.6,0.10175172128059023,0.341508905699857,0.7,0.6018957345971564,263,336,508,18,1.4980248683679034,0.6231801037449429,0.5232899359521623,2.333333333333333,286.4310998375852,1.7387558676486856,0.6015591267341693,0.5186234235450355,2.333333333333333,234.88519550246417,0.8038155548826937,0.4943449848012671,0.35076462079496573,2.7383303593519988,121.89613087910713,1.9572627389494666,1.0163713545268844,0.43997399399499554,3.8519533956179948,207.1430778924521
16,vowels,inne,empirical_randomized_weighted,349,260,349,260,247,13,0.05,0.0,0.0,0.5,estimated,562,20,844,30,0.6,0.6,0.1012689965969036,0.3645165555990578,0.7,0.5864928909952607,260,349,495,24,1.483351141148016,0.6310225845713683,0.581975186920388,2.333333333333333,295.5202767772297,1.7503152352792506,0.5987532844597636,0.5736051171918105,2.333333333333333,232.76199235933305,0.8209353156175309,0.3297313857261554,0.4777447359217911,1.981385793824634,150.68989531967048,1.575285281670463,0.6080293181986016,0.4777447359217911,2.522115803209585,226.2874854135212
16,vowels,inne,empirical_weighted,349,260,349,260,247,13,0.05,0.0,0.0,0.5,estimated,562,20,844,30,0.6,0.6,0.1012689965969036,0.3645165555990578,0.7,0.5864928909952607,260,349,495,24,1.483351141148016,0.6310225845713683,0.581975186920388,2.333333333333333,295.5202767772297,1.7503152352792506,0.5987532844597636,0.5736051171918105,2.333333333333333,232.76199235933305,0.8209353156175309,0.3297313857261554,0.4777447359217911,1.981385793824634,150.68989531967048,1.575285281670463,0.6080293181986016,0.4777447359217911,2.522115803209585,226.2874854135212
17,vowels,inne,empirical_randomized_weighted,328,268,328,268,255,13,0.049,0.0,0.0,0.5,estimated,562,20,844,30,0.6,0.6,0.10177722488039723,0.35425112367647676,0.7,0.6113744075829384,268,328,516,20,1.5091932546667997,0.631955505828554,0.5718339688317379,2.333333333333333,279.0679649320709,1.7428056445041025,0.5965016115649573,0.6609976152501084,2.333333333333333,239.89714709136098,0.8175630051136703,0.3129447047833322,0.4195239095946607,1.9743410329315925,143.041726833232,1.5314502908544632,0.5687913135404357,0.45343647988085506,2.556719709448978,235.51264650287695
17,vowels,inne,empirical_weighted,328,268,328,268,255,13,0.049,0.0,0.0,0.5,estimated,562,20,844,30,0.6,0.6,0.10177722488039723,0.35425112367647676,0.7,0.6113744075829384,268,328,516,20,1.5091932546667997,0.631955505828554,0.5718339688317379,2.333333333333333,279.0679649320709,1.7428056445041025,0.5965016115649573,0.6609976152501084,2.333333333333333,239.89714709136098,0.8175630051136703,0.3129447047833322,0.4195239095946607,1.9743410329315925,143.041726833232,1.5314502908544632,0.5687913135404357,0.45343647988085506,2.556719709448978,235.51264650287695
18,vowels,inne,empirical_randomized_weighted,358,253,358,253,240,13,0.051,0.0,0.0,0.5,estimated,562,20,844,30,0.6,0.5999999999999999,0.10153861844751659,0.35924086194901234,0.7,0.5758293838862559,253,358,486,20,1.4984965343531775,0.6208160306786806,0.6552420939879292,2.333333333333333,305.55503455605816,1.8265385993958667,0.5856152900308084,0.5855079908685944,2.333333333333333,229.41731261097445,0.7684305396238785,0.4504696486346563,0.3513823380144957,2.3527526843050484,133.21878575697198,2.0634939271889383,1.283398249736241,0.47507574001021446,4.561492190947655,182.4308628437808
18,vowels,inne,empirical_weighted,358,253,358,253,240,13,0.051,0.0,0.0,0.5,estimated,562,20,844,30,0.6,0.5999999999999999,0.10153861844751659,0.35924086194901234,0.7,0.5758293838862559,253,358,486,20,1.4984965343531775,0.6208160306786806,0.6552420939879292,2.333333333333333,305.55503455605816,1.8265385993958667,0.5856152900308084,0.5855079908685944,2.333333333333333,229.41731261097445,0.7684305396238785,0.4504696486346563,0.3513823380144957,2.3527526843050484,133.21878575697198,2.0634939271889383,1.283398249736241,0.47507574001021446,4.561492190947655,182.4308628437808
19,vowels,inne,empirical_randomized_weighted,351,256,351,256,243,13,0.051,0.0,0.0,0.5,estimated,562,20,844,30,0.6,0.5999999999999999,0.10291857874984107,0.3426345029491332,0.7,0.5841232227488151,256,351,493,19,1.5028685110278326,0.6388860321117217,0.5212237400446045,2.333333333333333,297.2763850313717,1.716922387797009,0.5929353726238333,0.6624776809224617,2.333333333333333,228.72150576741808,0.8481899573353245,0.3079579683132265,0.44653412987588154,1.7946799382527177,155.5011188416749,1.4954748637936364,0.5309946705995786,0.4795129389205465,2.462709607192217,227.3387248308446
19,vowels,inne,empirical_weighted,351,256,351,256,243,13,0.051,0.0,0.0,0.5,estimated,562,20,844,30,0.6,0.5999999999999999,0.10291857874984107,0.3426345029491332,0.7,0.5841232227488151,256,351,493,19,1.5028685110278326,0.6388860321117217,0.5212237400446045,2.333333333333333,297.2763850313717,1.716922387797009,0.5929353726238333,0.6624776809224617,2.333333333333333,228.72150576741808,0.8481899573353245,0.3079579683132265,0.44653412987588154,1.7946799382527177,155.5011188416749,1.4954748637936364,0.5309946705995786,0.4795129389205465,2.462709607192217,227.3387248308446
20,vowels,inne,empirical_randomized_weighted,326,269,326,269,256,13,0.048,0.0,0.0,0.5,estimated,562,20,844,30,0.6,0.6,0.10354232924115038,0.3429615915077806,0.7,0.6137440758293838,269,326,518,20,1.4972027798930603,0.6332033267235693,0.5219810395785134,2.333333333333333,276.53720096395267,1.7645821585374863,0.5949210348245066,0.6355149420664613,2.333333333333333,241.5443480043562,0.8036665639513877,0.3747121879664343,0.410481001960209,2.5526390672220294,133.89276520717078,1.8230657063521265,0.9478145808421151,0.410481001960209,3.9311572803555777,211.7614078510952
20,vowels,inne,empirical_weighted,326,269,326,269,256,13,0.048,0.0,0.0,0.5,estimated,562,20,844,30,0.6,0.6,0.10354232924115038,0.3429615915077806,0.7,0.6137440758293838,269,326,518,20,1.4972027798930603,0.6332033267235693,0.5219810395785134,2.333333333333333,276.53720096395267,1.7645821585374863,0.5949210348245066,0.6355149420664613,2.333333333333333,241.5443480043562,0.8036665639513877,0.3747121879664343,0.410481001960209,2.5526390672220294,133.89276520717078,1.8230657063521265,0.9478145808421151,0.410481001960209,3.9311572803555777,211.7614078510952
21,vowels,inne,empirical_randomized_weighted,341,261,341,261,248,13,0.05,0.0,0.0,0.5,estimated,562,20,844,30,0.6,0.6,0.10228632661061103,0.350817584610895,0.7,0.5959715639810427,261,341,503,19,1.535495876324003,0.637787981263943,0.5403990870587938,2.333333333333333,290.8250287102356,1.7397620382706587,0.5963179020749929,0.616568615290656,2.333333333333333,233.5605453819935,0.8633997955685666,0.4019207609370766,0.29762744703939326,1.9140498535243151,140.54420502299718,1.5933764997116653,0.5664560580183616,0.29762744703939326,2.528010660822066,231.7147272161795
21,vowels,inne,empirical_weighted,341,261,341,261,248,13,0.05,0.0,0.0,0.5,estimated,562,20,844,30,0.6,0.6,0.10228632661061103,0.350817584610895,0.7,0.5959715639810427,261,341,503,19,1.535495876324003,0.637787981263943,0.5403990870587938,2.333333333333333,290.8250287102356,1.7397620382706587,0.5963179020749929,0.616568615290656,2.333333333333333,233.5605453819935,0.8633997955685666,0.4019207609370766,0.29762744703939326,1.9140498535243151,140.54420502299718,1.5933764997116653,0.5664560580183616,0.29762744703939326,2.528010660822066,231.7147272161795
22,vowels,inne,empirical_randomized_weighted,319,269,319,269,256,13,0.048,0.0,0.0,0.5,estimated,562,20,844,30,0.6,0.6,0.10122541512137498,0.34792940868152034,0.7,0.6220379146919431,269,319,525,13,1.5216559403463545,0.6119356905956477,0.5573145072067596,2.333333333333333,274.5915333271834,1.7644925113911742,0.6071516885962284,0.5335762926802309,2.333333333333333,240.52199436440586,0.80391830067115,0.3697868019223219,0.42186512229847994,1.9651717478555433,132.0587322656764,1.5969199063688575,0.6495247208056616,0.42186512229847994,2.760164999408401,230.81527653026316
22,vowels,inne,empirical_weighted,319,269,319,269,256,13,0.048,0.0,0.0,0.5,estimated,562,20,844,30,0.6,0.6,0.10122541512137498,0.34792940868152034,0.7,0.6220379146919431,269,319,525,13,1.5216559403463545,0.6119356905956477,0.5573145072067596,2.333333333333333,274.5915333271834,1.7644925113911742,0.6071516885962284,0.5335762926802309,2.333333333333333,240.52199436440586,0.80391830067115,0.3697868019223219,0.42186512229847994,1.9651717478555433,132.0587322656764,1.5969199063688575,0.6495247208056616,0.42186512229847994,2.760164999408401,230.81527653026316
23,vowels,inne,empirical_randomized_weighted,346,257,346,257,244,13,0.051,0.0,0.0,0.5,estimated,562,20,844,30,0.6,0.6,0.10130249487598958,0.34664959962337843,0.7,0.590047393364929,257,346,498,16,1.4514354310199955,0.6111569421752093,0.5305722617198267,2.333333333333333,293.8926708316986,1.7778091758599162,0.5903194489619374,0.653708409013374,2.333333333333333,231.47805747815954,0.7933383083877372,0.48645486001324845,0.344593144746895,2.8150303967555375,125.7282949192094,1.9144212934118991,1.035798132223174,0.344593144746895,3.9762180925843533,198.80325387732867
23,vowels,inne,empirical_weighted,346,257,346,257,244,13,0.051,0.0,0.0,0.5,estimated,562,20,844,30,0.6,0.6,0.10130249487598958,0.34664959962337843,0.7,0.590047393364929,257,346,498,16,1.4514354310199955,0.6111569421752093,0.5305722617198267,2.333333333333333,293.8926708316986,1.7778091758599162,0.5903194489619374,0.653708409013374,2.333333333333333,231.47805747815954,0.7933383083877372,0.48645486001324845,0.344593144746895,2.8150303967555375,125.7282949192094,1.9144212934118991,1.035798132223174,0.344593144746895,3.9762180925843533,198.80325387732867
24,vowels,inne,empirical_randomized_weighted,317,274,317,274,260,14,0.051,0.0,0.0,0.5,estimated,562,20,844,30,0.6,0.6,0.09065523544629131,0.4301709213387318,0.7,0.6244075829383886,274,317,527,20,1.4445702923502635,0.5639077873786172,0.7909538580677304,2.333333333333333,275.0819626913502,1.785153829338674,0.5780345431731979,0.8009947473368879,2.333333333333333,247.99812367343392,0.8275223045306075,0.4586127242331593,0.4496716027789109,3.2992164423062116,121.639846826556,1.8841865358094732,1.1412856217745657,0.5587489030267624,4.3535763351197545,200.45442503611415
24,vowels,inne,empirical_weighted,317,274,317,274,260,14,0.051,0.0,0.0,0.5,estimated,562,20,844,30,0.6,0.6,0.09065523544629131,0.4301709213387318,0.7,0.6244075829383886,274,317,527,20,1.4445702923502635,0.5639077873786172,0.7909538580677304,2.333333333333333,275.0819626913502,1.785153829338674,0.5780345431731979,0.8009947473368879,2.333333333333333,247.99812367343392,0.8275223045306075,0.4586127242331593,0.4496716027789109,3.2992164423062116,121.639846826556,1.8841865358094732,1.1412856217745657,0.5587489030267624,4.3535763351197545,200.45442503611415
25,vowels,inne,empirical_randomized_weighted,366,250,366,250,238,12,0.048,0.0,0.083,0.5,estimated,562,20,844,30,0.6,0.5999999999999999,0.10264562424551171,0.3552070712646083,0.7,0.566350710900474,250,366,478,22,1.5079280558768047,0.6270636516146908,0.6048265213655261,2.333333333333333,312.03996404537423,1.7598302437917483,0.6150519375317615,0.6224119171035015,2.333333333333333,222.78725398253485,0.8165853846012459,0.40974124033546216,0.4501355329949584,2.4759514771432802,146.19216671368437,1.6943829982239518,0.7840627353306068,0.4998509501126463,2.989739356757084,205.90867913359125
25,vowels,inne,empirical_weighted,366,250,366,250,238,12,0.048,0.0,0.0,0.5,estimated,562,20,844,30,0.6,0.5999999999999999,0.10264562424551171,0.3552070712646083,0.7,0.566350710900474,250,366,478,22,1.5079280558768047,0.6270636516146908,0.6048265213655261,2.333333333333333,312.03996404537423,1.7598302437917483,0.6150519375317615,0.6224119171035015,2.333333333333333,222.78725398253485,0.8165853846012459,0.40974124033546216,0.4501355329949584,2.4759514771432802,146.19216671368437,1.6943829982239518,0.7840627353306068,0.4998509501126463,2.989739356757084,205.90867913359125
1,vowels,inne,empirical_randomized_weighted,338,264,338,264,251,13,0.049,0.0,0.0,1.0,estimated,562,20,844,30,0.6,0.5999999999999999,0.13010237080472822,0.3,0.7,0.5995260663507109,264,338,506,22,1.568741055786842,0.7625106813968766,0.4285714285714286,2.333333333333333,273.40537438648124,1.8321229194232476,0.6730208748319947,0.4285714285714286,2.333333333333333,232.6109603565615,0.8285261736555622,0.25489735846514733,0.5253057429345379,1.5641456025187406,154.3873212606963,1.3956679353374017,0.42907783659244947,0.5869291979812593,2.059685309006456,241.2023780343793
1,vowels,inne,empirical_weighted,338,264,338,264,251,13,0.049,0.0,0.0,1.0,estimated,562,20,844,30,0.6,0.5999999999999999,0.13010237080472822,0.3,0.7,0.5995260663507109,264,338,506,22,1.568741055786842,0.7625106813968766,0.4285714285714286,2.333333333333333,273.40537438648124,1.8321229194232476,0.6730208748319947,0.4285714285714286,2.333333333333333,232.6109603565615,0.8285261736555622,0.25489735846514733,0.5253057429345379,1.5641456025187406,154.3873212606963,1.3956679353374017,0.42907783659244947,0.5869291979812593,2.059685309006456,241.2023780343793
2,vowels,inne,empirical_randomized_weighted,332,266,332,266,253,13,0.049,0.0,0.0,1.0,estimated,562,20,844,30,0.6,0.5999999999999999,0.11669407767947677,0.31948822244020963,0.7,0.6066350710900474,266,332,512,20,1.4518039851581315,0.6859264154658755,0.5260172266744598,2.333333333333333,271.4141080099512,1.8800275712627665,0.6319092543570343,0.4694822822697423,2.333333333333333,238.99915475970673,0.8066286773759821,0.4088408406969499,0.36534989337373497,2.153202658712957,132.07114695776386,1.6936225549330959,0.7049450476559584,0.40712676880044435,2.838616330019458,226.72033734295132
2,vowels,inne,empirical_weighted,332,266,332,266,253,13,0.049,0.0,0.0,1.0,estimated,562,20,844,30,0.6,0.5999999999999999,0.11669407767947677,0.31948822244020963,0.7,0.6066350710900474,266,332,512,20,1.4518039851581315,0.6859264154658755,0.5260172266744598,2.333333333333333,271.4141080099512,1.8800275712627665,0.6319092543570343,0.4694822822697423,2.333333333333333,238.99915475970673,0.8066286773759821,0.4088408406969499,0.36534989337373497,2.153202658712957,132.07114695776386,1.6936225549330959,0.7049450476559584,0.40712676880044435,2.838616330019458,226.72033734295132
3,vowels,inne,empirical_randomized_weighted,333,264,333,264,251,13,0.049,0.0,0.0,1.0,estimated,562,20,844,30,0.6,0.6,0.13154081897348038,0.3,0.7,0.6054502369668247,264,333,511,18,1.5313633780315459,0.7895223704741059,0.4285714285714286,2.333333333333333,263.07252340002464,1.8788789398278067,0.6521885992672887,0.4285714285714286,2.333333333333333,235.6113339134843,0.8435799621901197,0.4063515129072289,0.42639239788264105,2.1157787066032636,135.5482293332845,1.7152390915334685,0.6912075332830583,0.43720435425709275,2.834101959807745,227.1176577049414
3,vowels,inne,empirical_weighted,333,264,333,264,251,13,0.049,0.0,0.0,1.0,estimated,562,20,844,30,0.6,0.6,0.13154081897348038,0.3,0.7,0.6054502369668247,264,333,511,18,1.5313633780315459,0.7895223704741059,0.4285714285714286,2.333333333333333,263.07252340002464,1.8788789398278067,0.6521885992672887,0.4285714285714286,2.333333333333333,235.6113339134843,0.8435799621901197,0.4063515129072289,0.42639239788264105,2.1157787066032636,135.5482293332845,1.7152390915334685,0.6912075332830583,0.43720435425709275,2.834101959807745,227.1176577049414
4,vowels,inne,empirical_randomized_weighted,362,251,362,251,238,13,0.052,0.0,0.0,1.0,estimated,562,20,844,30,0.6,0.6,0.13171484303036518,0.3,0.7,0.5710900473933649,251,362,482,20,1.5375258663856939,0.7712761162701582,0.4285714285714286,2.333333333333333,289.2211815863001,1.8487366680218438,0.662249134459576,0.4285714285714286,2.333333333333333,222.45471964841636,0.8182906954207453,0.34439401523841506,0.3752257659945025,1.7889651340545587,153.76361063190578,1.535092830566326,0.5306394804580464,0.39901968961911577,2.379156577284111,224.2093334502597
4,vowels,inne,empirical_weighted,362,251,362,251,238,13,0.052,0.0,0.0,1.0,estimated,562,20,844,30,0.6,0.6,0.13171484303036518,0.3,0.7,0.5710900473933649,251,362,482,20,1.5375258663856939,0.7712761162701582,0.4285714285714286,2.333333333333333,289.2211815863001,1.8487366680218438,0.662249134459576,0.4285714285714286,2.333333333333333,222.45471964841636,0.8182906954207453,0.34439401523841506,0.3752257659945025,1.7889651340545587,153.76361063190578,1.535092830566326,0.5306394804580464,0.39901968961911577,2.379156577284111,224.2093334502597
5,vowels,inne,empirical_randomized_weighted,320,274,320,274,260,14,0.051,0.0,0.0,1.0,estimated,562,20,844,30,0.6,0.5999999999999999,0.11517876310615911,0.35006862246383835,0.7,0.6208530805687204,274,320,524,24,1.4696434938376899,0.7028991058679624,0.5386239756432759,2.333333333333333,260.4271645389475,1.8618248448843293,0.6203271451504034,0.5916075414528351,2.333333333333333,246.6223389965739,0.8254895982536146,0.4119905644588076,0.35536233431377606,2.0669041451068377,128.09354382519723,1.6878935473096575,0.6482767726420746,0.3763920622030631,2.7887044640640575,238.77721446641533
5,vowels,inne,empirical_weighted,320,274,320,274,260,14,0.051,0.0,0.0,1.0,estimated,562,20,844,30,0.6,0.5999999999999999,0.11517876310615911,0.35006862246383835,0.7,0.6208530805687204,274,320,524,24,1.4696434938376899,0.7028991058679624,0.5386239756432759,2.333333333333333,260.4271645389475,1.8618248448843293,0.6203271451504034,0.5916075414528351,2.333333333333333,246.6223389965739,0.8254895982536146,0.4119905644588076,0.35536233431377606,2.0669041451068377,128.09354382519723,1.6878935473096575,0.6482767726420746,0.3763920622030631,2.7887044640640575,238.77721446641533
6,vowels,inne,empirical_randomized_weighted,343,260,343,260,247,13,0.05,0.0,0.0,1.0,estimated,562,20,844,30,0.6,0.6,0.13081477868794358,0.3,0.7,0.5936018957345972,260,343,501,19,1.4719187395438127,0.7586291681668145,0.4285714285714286,2.333333333333333,271.0094044703257,1.934681699353483,0.604382657728762,0.4285714285714286,2.333333333333333,236.88264293874414,0.8032663564524019,0.44078932932525194,0.2479559187401636,2.081941072350359,132.193563588454,1.7964200363160319,0.69921855944946,0.27251790851790686,2.9296096308655737,225.79261693172813
6,vowels,inne,empirical_weighted,343,260,343,260,247,13,0.05,0.0,0.0,1.0,estimated,562,20,844,30,0.6,0.6,0.13081477868794358,0.3,0.7,0.5936018957345972,260,343,501,19,1.4719187395438127,0.7586291681668145,0.4285714285714286,2.333333333333333,271.0094044703257,1.934681699353483,0.604382657728762,0.4285714285714286,2.333333333333333,236.88264293874414,0.8032663564524019,0.44078932932525194,0.2479559187401636,2.081941072350359,132.193563588454,1.7964200363160319,0.69921855944946,0.27251790851790686,2.9296096308655737,225.79261693172813
7,vowels,inne,empirical_randomized_weighted,337,264,337,264,251,13,0.049,0.0,0.0,1.0,estimated,562,20,844,30,0.6,0.6,0.12940802217177907,0.3,0.7,0.6007109004739336,264,337,507,21,1.5194107604895473,0.7591459528019578,0.4285714285714286,2.333333333333333,269.67940473597054,1.8650629317741911,0.6487638338923221,0.4285714285714286,2.333333333333333,235.50396090195463,0.8230333038329523,0.3344811006301308,0.37573124183555134,1.7845589377361768,145.04429291952138,1.580302770874551,0.5629982929787621,0.37573124183555134,2.4808565239637073,234.2666392430196
7,vowels,inne,empirical_weighted,337,264,337,264,251,13,0.049,0.0,0.0,1.0,estimated,562,20,844,30,0.6,0.6,0.12940802217177907,0.3,0.7,0.6007109004739336,264,337,507,21,1.5194107604895473,0.7591459528019578,0.4285714285714286,2.333333333333333,269.67940473597054,1.8650629317741911,0.6487638338923221,0.4285714285714286,2.333333333333333,235.50396090195463,0.8230333038329523,0.3344811006301308,0.37573124183555134,1.7845589377361768,145.04429291952138,1.580302770874551,0.5629982929787621,0.37573124183555134,2.4808565239637073,234.2666392430196
8,vowels,inne,empirical_randomized_weighted,323,270,323,270,256,14,0.052,0.0,0.071,1.0,estimated,562,20,844,30,0.6,0.6,0.1313393765060033,0.3,0.7,0.6172985781990521,270,323,521,19,1.480886464229608,0.7665035231003365,0.4285714285714286,2.333333333333333,254.75045604701134,1.8834793604736966,0.6540244191379114,0.4285714285714286,2.333333333333333,240.94719486819108,0.8021261710814844,0.41802110568172035,0.3471995351163934,1.8961681045718777,127.39972584059583,1.8046727980432797,0.7635724717074027,0.3722287633857391,3.007725824508624,229.00358647317182
8,vowels,inne,empirical_weighted,323,270,323,270,256,14,0.052,0.0,0.0,1.0,estimated,562,20,844,30,0.6,0.6,0.1313393765060033,0.3,0.7,0.6172985781990521,270,323,521,19,1.480886464229608,0.7665035231003365,0.4285714285714286,2.333333333333333,254.75045604701134,1.8834793604736966,0.6540244191379114,0.4285714285714286,2.333333333333333,240.94719486819108,0.8021261710814844,0.41802110568172035,0.3471995351163934,1.8961681045718777,127.39972584059583,1.8046727980432797,0.7635724717074027,0.3722287633857391,3.007725824508624,229.00358647317182
9,vowels,inne,empirical_randomized_weighted,339,262,339,262,249,13,0.05,0.0,0.0,1.0,estimated,562,20,844,30,0.6,0.5999999999999999,0.13067616607313004,0.3,0.7,0.5983412322274881,262,339,505,18,1.5027459600385498,0.7695894678481493,0.4285714285714286,2.333333333333333,268.5639736787039,1.9427148868356774,0.6345190486898581,0.45854761850102205,2.333333333333333,236.74475643012008,0.8075990536199543,0.5047012667100963,0.26253363209930136,2.12878740155993,122.25374141351772,1.85340512316841,0.7517005739836364,0.3352153228549374,2.950203181862777,224.99049938101297
9,vowels,inne,empirical_weighted,339,262,339,262,249,13,0.05,0.0,0.0,1.0,estimated,562,20,844,30,0.6,0.5999999999999999,0.13067616607313004,0.3,0.7,0.5983412322274881,262,339,505,18,1.5027459600385498,0.7695894678481493,0.4285714285714286,2.333333333333333,268.5639736787039,1.9427148868356774,0.6345190486898581,0.45854761850102205,2.333333333333333,236.74475643012008,0.8075990536199543,0.5047012667100963,0.26253363209930136,2.12878740155993,122.25374141351772,1.85340512316841,0.7517005739836364,0.3352153228549374,2.950203181862777,224.99049938101297
10,vowels,inne,empirical_randomized_weighted,335,265,335,265,252,13,0.049,0.0,0.0,1.0,estimated,562,20,844,30,0.6,0.6,0.13311359361215352,0.3,0.7,0.6030805687203792,265,335,509,21,1.5275653198719286,0.7856095429390099,0.4285714285714286,2.333333333333333,264.92834860332323,1.851080451535285,0.6745335287714579,0.4285714285714286,2.333333333333333,233.93624139155685,0.8120536354380754,0.4034504587959028,0.3461551477195334,1.9198897066519038,134.74090316966897,1.675333950827759,0.6624783778956459,0.3461551477195334,2.6871786586377855,229.16631878463542
10,vowels,inne,empirical_weighted,335,265,335,265,252,13,0.049,0.0,0.0,1.0,estimated,562,20,844,30,0.6,0.6,0.13311359361215352,0.3,0.7,0.6030805687203792,265,335,509,21,1.5275653198719286,0.7856095429390099,0.4285714285714286,2.333333333333333,264.92834860332323,1.851080451535285,0.6745335287714579,0.4285714285714286,2.333333333333333,233.93624139155685,0.8120536354380754,0.4034504587959028,0.3461551477195334,1.9198897066519038,134.74090316966897,1.675333950827759,0.6624783778956459,0.3461551477195334,2.6871786586377855,229.16631878463542
11,vowels,inne,empirical_randomized_weighted,318,272,318,272,258,14,0.051,0.0,0.0,1.0,estimated,562,20,844,30,0.6,0.6,0.1295165472309016,0.3,0.7,0.6232227488151659,272,318,526,18,1.4654992681323349,0.762687820795668,0.4285714285714286,2.333333333333333,250.22701600729772,1.9255774263155885,0.6343140671842611,0.4359439665268585,2.333333333333333,245.37348405406766,0.7632798168698034,0.44540667367314685,0.2891545390472978,2.7982563285683373,118.61046237353412,2.0439587217121584,1.0567766566157921,0.29820464050419476,3.7845008294721736,214.62710664627588
11,vowels,inne,empirical_weighted,318,272,318,272,258,14,0.051,0.0,0.0,1.0,estimated,562,20,844,30,0.6,0.6,0.1295165472309016,0.3,0.7,0.6232227488151659,272,318,526,18,1.4654992681323349,0.762687820795668,0.4285714285714286,2.333333333333333,250.22701600729772,1.9255774263155885,0.6343140671842611,0.4359439665268585,2.333333333333333,245.37348405406766,0.7632798168698034,0.44540667367314685,0.2891545390472978,2.7982563285683373,118.61046237353412,2.0439587217121584,1.0567766566157921,0.29820464050419476,3.7845008294721736,214.62710664627588
12,vowels,inne,empirical_randomized_weighted,356,254,356,254,241,13,0.051,0.0,0.0,1.0,estimated,562,20,844,30,0.6,0.5999999999999999,0.12985276321268713,0.3,0.7,0.5781990521327014,254,356,488,20,1.5136579649717374,0.7607409275407603,0.4285714285714286,2.333333333333333,284.21086257551303,1.870053612955765,0.6679873749339998,0.4285714285714286,2.333333333333333,225.25849111821856,0.7845967162128908,0.4104576936338759,0.31101883447382694,2.049240032349662,139.75247503425445,1.7001143133848282,0.6932986748189645,0.3548983682698147,2.8800605475523624,217.78328632255062
12,vowels,inne,empirical_weighted,356,254,356,254,241,13,0.051,0.0,0.0,1.0,estimated,562,20,844,30,0.6,0.5999999999999999,0.12985276321268713,0.3,0.7,0.5781990521327014,254,356,488,20,1.5136579649717374,0.7607409275407603,0.4285714285714286,2.333333333333333,284.21086257551303,1.870053612955765,0.6679873749339998,0.4285714285714286,2.333333333333333,225.25849111821856,0.7845967162128908,0.4104576936338759,0.31101883447382694,2.049240032349662,139.75247503425445,1.7001143133848282,0.6932986748189645,0.3548983682698147,2.8800605475523624,217.78328632255062
13,vowels,inne,empirical_randomized_weighted,342,262,342,262,249,13,0.05,0.0,0.0,1.0,estimated,562,20,844,30,0.6,0.6,0.12908316619801993,0.3,0.7,0.5947867298578199,262,342,502,21,1.4434689159461147,0.7538703775249316,0.4285714285714286,2.333333333333333,268.7076673939625,1.9142433384347943,0.6415932970784577,0.4285714285714286,2.333333333333333,235.53999023922267,0.7579833837036373,0.524543007479954,0.31909489301693644,3.2352875713747453,115.6266518818805,2.2517508696795576,1.6387911094420684,0.3681261896503536,5.974328589169851,171.27861625055567
13,vowels,inne,empirical_weighted,342,262,342,262,249,13,0.05,0.0,0.0,1.0,estimated,562,20,844,30,0.6,0.6,0.12908316619801993,0.3,0.7,0.5947867298578199,262,342,502,21,1.4434689159461147,0.7538703775249316,0.4285714285714286,2.333333333333333,268.7076673939625,1.9142433384347943,0.6415932970784577,0.4285714285714286,2.333333333333333,235.53999023922267,0.7579833837036373,0.524543007479954,0.31909489301693644,3.2352875713747453,115.6266518818805,2.2517508696795576,1.6387911094420684,0.3681261896503536,5.974328589169851,171.27861625055567
14,vowels,inne,empirical_randomized_weighted,352,256,352,256,243,13,0.051,0.0,0.0,1.0,estimated,562,20,844,30,0.6,0.6,0.11454931883726772,0.347306881437424,0.7,0.5829383886255924,256,352,492,21,1.5023328510425507,0.6961026664568191,0.5321135945209547,2.333333333333333,289.78558225372245,1.8655975346190954,0.6278345804685208,0.5623373611150224,2.333333333333333,229.9564521798414,0.7771738905384766,0.44115112731825057,0.3214659848839218,2.3891119811393757,133.11052133084542,1.9681869747518532,1.1070979917515569,0.3313030760895348,4.086014055806685,194.46944913693045
14,vowels,inne,empirical_weighted,352,256,352,256,243,13,0.051,0.0,0.0,1.0,estimated,562,20,844,30,0.6,0.6,0.11454931883726772,0.347306881437424,0.7,0.5829383886255924,256,352,492,21,1.5023328510425507,0.6961026664568191,0.5321135945209547,2.333333333333333,289.78558225372245,1.8655975346190954,0.6278345804685208,0.5623373611150224,2.333333333333333,229.9564521798414,0.7771738905384766,0.44115112731825057,0.3214659848839218,2.3891119811393757,133.11052133084542,1.9681869747518532,1.1070979917515569,0.3313030760895348,4.086014055806685,194.46944913693045
15,vowels,inne,empirical_randomized_weighted,337,262,337,262,249,13,0.05,0.0,0.0,1.0,estimated,562,20,844,30,0.6,0.5999999999999999,0.1314912296937361,0.3,0.7,0.6007109004739336,262,337,507,18,1.490420043283788,0.7555587011837783,0.4285714285714286,2.333333333333333,268.1004227953645,1.8846033794666293,0.6617166127210801,0.4285714285714286,2.333333333333333,233.24481635650116,0.814265742444417,0.4405901024350817,0.34467847208145386,2.306275495040733,130.72632268974453,1.7274136359564278,0.7750208454508059,0.36675437166903313,3.0524116497088682,218.09787731068798
15,vowels,inne,empirical_weighted,337,262,337,262,249,13,0.05,0.0,0.0,1.0,estimated,562,20,844,30,0.6,0.5999999999999999,0.1314912296937361,0.3,0.7,0.6007109004739336,262,337,507,18,1.490420043283788,0.7555587011837783,0.4285714285714286,2.333333333333333,268.1004227953645,1.8846033794666293,0.6617166127210801,0.4285714285714286,2.333333333333333,233.24481635650116,0.814265742444417,0.4405901024350817,0.34467847208145386,2.306275495040733,130.72632268974453,1.7274136359564278,0.7750208454508059,0.36675437166903313,3.0524116497088682,218.09787731068798
16,vowels,inne,empirical_randomized_weighted,341,264,341,264,251,13,0.049,0.0,0.0,1.0,estimated,562,20,844,30,0.6,0.6,0.1296038673037927,0.3,0.7,0.5959715639810427,264,341,503,24,1.4782384987063868,0.755253012138845,0.4285714285714286,2.333333333333333,270.4131602706584,1.8828026949015246,0.6619588890885888,0.4285714285714286,2.333333333333333,234.95704000133844,0.8018472652960136,0.4260691985870628,0.29848756992852865,2.2093704148449382,133.34966107361697,1.7623966141413152,0.71656799774271,0.29943500828433206,2.878464788040975,226.54853761370995
16,vowels,inne,empirical_weighted,341,264,341,264,251,13,0.049,0.0,0.0,1.0,estimated,562,20,844,30,0.6,0.6,0.1296038673037927,0.3,0.7,0.5959715639810427,264,341,503,24,1.4782384987063868,0.755253012138845,0.4285714285714286,2.333333333333333,270.4131602706584,1.8828026949015246,0.6619588890885888,0.4285714285714286,2.333333333333333,234.95704000133844,0.8018472652960136,0.4260691985870628,0.29848756992852865,2.2093704148449382,133.34966107361697,1.7623966141413152,0.71656799774271,0.29943500828433206,2.878464788040975,226.54853761370995
17,vowels,inne,empirical_randomized_weighted,330,268,330,268,255,13,0.049,0.0,0.0,1.0,estimated,562,20,844,30,0.6,0.5999999999999999,0.12944173303404496,0.3,0.7,0.6090047393364929,268,330,514,22,1.5046466299803165,0.7748804054150344,0.4285714285714286,2.333333333333333,260.8249530965251,1.9084269917389503,0.6261298158054984,0.48348830299012063,2.333333333333333,241.95565464100648,0.7643124815616192,0.48305977522312027,0.23062357843729572,2.506504193326145,117.90366194809835,1.957184466116396,0.7946444713099913,0.2574985601829463,3.3970646610884163,230.0730468001561
17,vowels,inne,empirical_weighted,330,268,330,268,255,13,0.049,0.0,0.0,1.0,estimated,562,20,844,30,0.6,0.5999999999999999,0.12944173303404496,0.3,0.7,0.6090047393364929,268,330,514,22,1.5046466299803165,0.7748804054150344,0.4285714285714286,2.333333333333333,260.8249530965251,1.9084269917389503,0.6261298158054984,0.48348830299012063,2.333333333333333,241.95565464100648,0.7643124815616192,0.48305977522312027,0.23062357843729572,2.506504193326145,117.90366194809835,1.957184466116396,0.7946444713099913,0.2574985601829463,3.3970646610884163,230.0730468001561
18,vowels,inne,empirical_randomized_weighted,345,260,345,260,247,13,0.05,0.0,0.0,1.0,estimated,562,20,844,30,0.6,0.5999999999999999,0.12952994949211905,0.3,0.7,0.5912322274881516,260,345,499,21,1.498229763832741,0.7502164377101549,0.4285714285714286,2.333333333333333,275.8376356120916,1.9693708677021873,0.6105016129400659,0.4285714285714286,2.333333333333333,237.20486326010553,0.7738495201437907,0.475598662543533,0.2929489707136945,2.3825313811946796,125.56992202712581,1.905107017289352,0.8618892644764646,0.4459175329396804,3.4037282681113727,215.8258966465109
18,vowels,inne,empirical_weighted,345,260,345,260,247,13,0.05,0.0,0.0,1.0,estimated,562,20,844,30,0.6,0.5999999999999999,0.12952994949211905,0.3,0.7,0.5912322274881516,260,345,499,21,1.498229763832741,0.7502164377101549,0.4285714285714286,2.333333333333333,275.8376356120916,1.9693708677021873,0.6105016129400659,0.4285714285714286,2.333333333333333,237.20486326010553,0.7738495201437907,0.475598662543533,0.2929489707136945,2.3825313811946796,125.56992202712581,1.905107017289352,0.8618892644764646,0.4459175329396804,3.4037282681113727,215.8258966465109
19,vowels,inne,empirical_randomized_weighted,347,258,347,258,245,13,0.05,0.0,0.0,1.0,estimated,562,20,844,30,0.6,0.6,0.13269226076389473,0.3,0.7,0.5888625592417062,258,347,497,20,1.5100926286769307,0.7765689977963689,0.4285714285714286,2.333333333333333,274.42638099623827,1.8541939182894327,0.6588997017489079,0.43031325189059644,2.333333333333333,229.07306947038924,0.8405838912309596,0.3490901509918645,0.4201075611871816,1.8209508312450826,148.40467500746067,1.5397735985153813,0.52924989036609,0.4201075611871816,2.381209222040791,230.73972758781133
19,vowels,inne,empirical_weighted,347,258,347,258,245,13,0.05,0.0,0.0,1.0,estimated,562,20,844,30,0.6,0.6,0.13269226076389473,0.3,0.7,0.5888625592417062,258,347,497,20,1.5100926286769307,0.7765689977963689,0.4285714285714286,2.333333333333333,274.42638099623827,1.8541939182894327,0.6588997017489079,0.43031325189059644,2.333333333333333,229.07306947038924,0.8405838912309596,0.3490901509918645,0.4201075611871816,1.8209508312450826,148.40467500746067,1.5397735985153813,0.52924989036609,0.4201075611871816,2.381209222040791,230.73972758781133
20,vowels,inne,empirical_randomized_weighted,326,269,326,269,256,13,0.048,0.0,0.0,1.0,estimated,562,20,844,30,0.6,0.6,0.13292161205501726,0.3,0.7,0.6137440758293838,269,326,518,20,1.5078996501382842,0.7661496435097415,0.4285714285714286,2.333333333333333,259.1093505538931,1.8963270276682993,0.6409411390675582,0.43841296868370294,2.333333333333333,241.42063778343106,0.7958813826426787,0.4943757434053161,0.26135528622956977,2.5405354820817707,117.61741373388547,1.9796988436621412,0.899481410635457,0.261546002721539,3.480254346072362,222.97073928906502
20,vowels,inne,empirical_weighted,326,269,326,269,256,13,0.048,0.0,0.0,1.0,estimated,562,20,844,30,0.6,0.6,0.13292161205501726,0.3,0.7,0.6137440758293838,269,326,518,20,1.5078996501382842,0.7661496435097415,0.4285714285714286,2.333333333333333,259.1093505538931,1.8963270276682993,0.6409411390675582,0.43841296868370294,2.333333333333333,241.42063778343106,0.7958813826426787,0.4943757434053161,0.26135528622956977,2.5405354820817707,117.61741373388547,1.9796988436621412,0.899481410635457,0.261546002721539,3.480254346072362,222.97073928906502
21,vowels,inne,empirical_randomized_weighted,341,262,341,262,249,13,0.05,0.0,0.0,1.0,estimated,562,20,844,30,0.6,0.5999999999999999,0.1319019616019776,0.3,0.7,0.5959715639810427,262,341,503,20,1.5429672964647871,0.7680351435140306,0.4285714285714286,2.333333333333333,273.2875421838692,1.8709850355282622,0.6557065753518027,0.4285714285714286,2.333333333333333,233.34050209254488,0.8405562826096329,0.36747587356511097,0.3047246251044432,1.9833125125784692,143.5614105489033,1.57836512540178,0.5363420358071385,0.3047246251044432,2.5227681148382435,234.8785963587079
21,vowels,inne,empirical_weighted,341,262,341,262,249,13,0.05,0.0,0.0,1.0,estimated,562,20,844,30,0.6,0.5999999999999999,0.1319019616019776,0.3,0.7,0.5959715639810427,262,341,503,20,1.5429672964647871,0.7680351435140306,0.4285714285714286,2.333333333333333,273.2875421838692,1.8709850355282622,0.6557065753518027,0.4285714285714286,2.333333333333333,233.34050209254488,0.8405562826096329,0.36747587356511097,0.3047246251044432,1.9833125125784692,143.5614105489033,1.57836512540178,0.5363420358071385,0.3047246251044432,2.5227681148382435,234.8785963587079
22,vowels,inne,empirical_randomized_weighted,318,270,318,270,256,14,0.052,0.0,0.0,1.0,estimated,562,20,844,30,0.6,0.5999999999999999,0.13059154084436397,0.3,0.7,0.6232227488151659,270,318,526,14,1.5211814996375461,0.7509259347949905,0.4285714285714286,2.333333333333333,255.69136936053664,1.9024126154101546,0.6649908966857396,0.4285714285714286,2.333333333333333,240.60179410276112,0.797681807014357,0.33317650736178755,0.4478877894375653,1.9323822852502954,135.3816677306708,1.6545155557196476,0.6792766942529563,0.49010393340451425,2.885159459413045,231.0538195719435
22,vowels,inne,empirical_weighted,318,270,318,270,256,14,0.052,0.0,0.0,1.0,estimated,562,20,844,30,0.6,0.5999999999999999,0.13059154084436397,0.3,0.7,0.6232227488151659,270,318,526,14,1.5211814996375461,0.7509259347949905,0.4285714285714286,2.333333333333333,255.69136936053664,1.9024126154101546,0.6649908966857396,0.4285714285714286,2.333333333333333,240.60179410276112,0.797681807014357,0.33317650736178755,0.4478877894375653,1.9323822852502954,135.3816677306708,1.6545155557196476,0.6792766942529563,0.49010393340451425,2.885159459413045,231.0538195719435
23,vowels,inne,empirical_randomized_weighted,351,254,351,254,241,13,0.051,0.0,0.0,1.0,estimated,562,20,844,30,0.6,0.5999999999999999,0.1292295765785221,0.3,0.7,0.5841232227488151,254,351,493,16,1.4591378211903197,0.7375402870602485,0.4285714285714286,2.333333333333333,279.57146943256913,1.9256504876461649,0.6301346179047806,0.4285714285714286,2.333333333333333,229.4322075556226,0.7887368174582036,0.5028972378194437,0.32522720780147835,2.7133657508397095,125.13050133088939,2.0086575589658806,1.1202760943549956,0.3256943487280543,4.211497284108421,193.73698380592188
23,vowels,inne,empirical_weighted,351,254,351,254,241,13,0.051,0.0,0.0,1.0,estimated,562,20,844,30,0.6,0.5999999999999999,0.1292295765785221,0.3,0.7,0.5841232227488151,254,351,493,16,1.4591378211903197,0.7375402870602485,0.4285714285714286,2.333333333333333,279.57146943256913,1.9256504876461649,0.6301346179047806,0.4285714285714286,2.333333333333333,229.4322075556226,0.7887368174582036,0.5028972378194437,0.32522720780147835,2.7133657508397095,125.13050133088939,2.0086575589658806,1.1202760943549956,0.3256943487280543,4.211497284108421,193.73698380592188
24,vowels,inne,empirical_randomized_weighted,326,269,326,269,256,13,0.048,0.0,0.0,1.0,estimated,562,20,844,30,0.6,0.5999999999999999,0.11292136490411019,0.33486328480463295,0.7,0.6137440758293838,269,326,518,20,1.4367683565019604,0.6822715673889209,0.5526701713050468,2.333333333333333,266.0144927911559,1.9049795200454904,0.6150294470826257,0.5667911549001563,2.333333333333333,243.60769106578664,0.7935284476571498,0.5457970972816866,0.3401086640903929,3.1169264164919213,110.6522768718461,2.0850220712559095,1.1229528864362874,0.41647114888566794,3.9673293045619267,208.51593103623884
24,vowels,inne,empirical_weighted,326,269,326,269,256,13,0.048,0.0,0.0,1.0,estimated,562,20,844,30,0.6,0.5999999999999999,0.11292136490411019,0.33486328480463295,0.7,0.6137440758293838,269,326,518,20,1.4367683565019604,0.6822715673889209,0.5526701713050468,2.333333333333333,266.0144927911559,1.9049795200454904,0.6150294470826257,0.5667911549001563,2.333333333333333,243.60769106578664,0.7935284476571498,0.5457970972816866,0.3401086640903929,3.1169264164919213,110.6522768718461,2.0850220712559095,1.1229528864362874,0.41647114888566794,3.9673293045619267,208.51593103623884
25,vowels,inne,empirical_randomized_weighted,362,252,362,252,239,13,0.052,0.0,0.0,1.0,estimated,562,20,844,30,0.6,0.5999999999999999,0.1313116573855768,0.3,0.7,0.5710900473933649,252,362,482,23,1.5160686470298044,0.7607794340056568,0.4285714285714286,2.333333333333333,289.18035177773965,1.8975740017394476,0.663287355301595,0.4285714285714286,2.333333333333333,224.56257374429677,0.8312708912467471,0.3986707964396633,0.3742792167487047,1.85629700235181,147.15346630454422,1.5855441766907161,0.5592808776319046,0.3835062115236274,2.4663470554276197,224.11479880413495
25,vowels,inne,empirical_weighted,362,252,362,252,239,13,0.052,0.0,0.0,1.0,estimated,562,20,844,30,0.6,0.5999999999999999,0.1313116573855768,0.3,0.7,0.5710900473933649,252,362,482,23,1.5160686470298044,0.7607794340056568,0.4285714285714286,2.333333333333333,289.18035177773965,1.8975740017394476,0.663287355301595,0.4285714285714286,2.333333333333333,224.56257374429677,0.8312708912467471,0.3986707964396633,0.3742792167487047,1.85629700235181,147.15346630454422,1.5855441766907161,0.5592808776319046,0.3835062115236274,2.4663470554276197,224.11479880413495
1,vowels,inne,empirical_randomized_weighted,347,259,347,259,246,13,0.05,0.0,0.0,4.0,estimated,562,20,844,30,0.6,0.5999999999999999,0.1617105320506578,0.3,0.7,0.5888625592417062,259,347,497,21,1.5403474552853937,0.8883342887850133,0.4285714285714286,2.333333333333333,260.3942315096721,2.0082113158347603,0.6525563409887716,0.4285714285714286,2.333333333333333,234.26434564102044,0.8106970140748659,0.3571603668401581,0.34945357101989494,1.9847447962682225,145.71732058749473,1.5672354168887541,0.5495946970564122,0.34945357101989494,2.578311477949301,230.63738337480893
1,vowels,inne,empirical_weighted,347,259,347,259,246,13,0.05,0.0,0.0,4.0,estimated,562,20,844,30,0.6,0.5999999999999999,0.1617105320506578,0.3,0.7,0.5888625592417062,259,347,497,21,1.5403474552853937,0.8883342887850133,0.4285714285714286,2.333333333333333,260.3942315096721,2.0082113158347603,0.6525563409887716,0.4285714285714286,2.333333333333333,234.26434564102044,0.8106970140748659,0.3571603668401581,0.34945357101989494,1.9847447962682225,145.71732058749473,1.5672354168887541,0.5495946970564122,0.34945357101989494,2.578311477949301,230.63738337480893
2,vowels,inne,empirical_randomized_weighted,330,268,330,268,255,13,0.049,0.0,0.0,4.0,estimated,562,20,844,30,0.6,0.6,0.15651965571557755,0.3,0.7,0.6090047393364929,268,330,514,22,1.4701998752583545,0.8604036903301755,0.4285714285714286,2.333333333333333,245.81132801917298,2.05260105285927,0.6149208587229201,0.4285714285714286,2.333333333333333,245.92820306777747,0.7862579442932794,0.5501051996646059,0.24381076986521313,2.5904663110034596,110.77469782264036,2.0140141774193174,0.9323681689875132,0.32026415347536774,3.476059964505572,220.70080520999932
2,vowels,inne,empirical_weighted,330,268,330,268,255,13,0.049,0.0,0.0,4.0,estimated,562,20,844,30,0.6,0.6,0.15651965571557755,0.3,0.7,0.6090047393364929,268,330,514,22,1.4701998752583545,0.8604036903301755,0.4285714285714286,2.333333333333333,245.81132801917298,2.05260105285927,0.6149208587229201,0.4285714285714286,2.333333333333333,245.92820306777747,0.7862579442932794,0.5501051996646059,0.24381076986521313,2.5904663110034596,110.77469782264036,2.0140141774193174,0.9323681689875132,0.32026415347536774,3.476059964505572,220.70080520999932
3,vowels,inne,empirical_randomized_weighted,334,266,334,266,253,13,0.049,0.0,0.0,4.0,estimated,562,20,844,30,0.6,0.5999999999999999,0.1603892185990809,0.3,0.7,0.6042654028436019,266,334,510,21,1.5225614857692662,0.8999475931786977,0.4285714285714286,2.333333333333333,247.52304351563436,2.0085001324867258,0.6578922420786096,0.4285714285714286,2.333333333333333,240.22578632714027,0.8120085221457376,0.41761365597930666,0.29022499007718505,2.064170498748586,132.06784998272394,1.6960342658390604,0.6362927310846381,0.3117445918037799,2.6905152779468473,233.1801722023647
3,vowels,inne,empirical_weighted,334,266,334,266,253,13,0.049,0.0,0.0,4.0,estimated,562,20,844,30,0.6,0.5999999999999999,0.1603892185990809,0.3,0.7,0.6042654028436019,266,334,510,21,1.5225614857692662,0.8999475931786977,0.4285714285714286,2.333333333333333,247.52304351563436,2.0085001324867258,0.6578922420786096,0.4285714285714286,2.333333333333333,240.22578632714027,0.8120085221457376,0.41761365597930666,0.29022499007718505,2.064170498748586,132.06784998272394,1.6960342658390604,0.6362927310846381,0.3117445918037799,2.6905152779468473,233.1801722023647
4,vowels,inne,empirical_randomized_weighted,362,251,362,251,238,13,0.052,0.0,0.0,4.0,estimated,562,20,844,30,0.6,0.6,0.16090973813624995,0.3,0.7,0.5710900473933649,251,362,482,20,1.5600447497273553,0.8803613753132927,0.4285714285714286,2.333333333333333,274.5638228958422,1.9828655321490078,0.67770209983309,0.4285714285714286,2.333333333333333,224.74666981090567,0.8079790562319786,0.3778996389571095,0.3445456715362448,1.976226694628924,148.5125329370808,1.5893959890303073,0.5479950066589436,0.4039659147096192,2.4203733694940546,224.33256204453005
4,vowels,inne,empirical_weighted,362,251,362,251,238,13,0.052,0.0,0.0,4.0,estimated,562,20,844,30,0.6,0.6,0.16090973813624995,0.3,0.7,0.5710900473933649,251,362,482,20,1.5600447497273553,0.8803613753132927,0.4285714285714286,2.333333333333333,274.5638228958422,1.9828655321490078,0.67770209983309,0.4285714285714286,2.333333333333333,224.74666981090567,0.8079790562319786,0.3778996389571095,0.3445456715362448,1.976226694628924,148.5125329370808,1.5893959890303073,0.5479950066589436,0.4039659147096192,2.4203733694940546,224.33256204453005
5,vowels,inne,empirical_randomized_weighted,324,272,324,272,258,14,0.051,0.0,0.0,4.0,estimated,562,20,844,30,0.6,0.5999999999999999,0.15569492167721752,0.3,0.7,0.6161137440758294,272,324,520,25,1.4475753978897998,0.8702753532376961,0.4285714285714286,2.333333333333333,237.9840729561679,2.0536855405088126,0.5950017324486548,0.4285714285714286,2.333333333333333,250.93641637174406,0.7917987116898118,0.5595324377590096,0.25901188962283656,3.0019047415291302,108.0455026805326,2.0412891300485088,0.9703542535701747,0.28719463518942556,3.694514715598581,221.86506037218683
5,vowels,inne,empirical_weighted,324,272,324,272,258,14,0.051,0.0,0.0,4.0,estimated,562,20,844,30,0.6,0.5999999999999999,0.15569492167721752,0.3,0.7,0.6161137440758294,272,324,520,25,1.4475753978897998,0.8702753532376961,0.4285714285714286,2.333333333333333,237.9840729561679,2.0536855405088126,0.5950017324486548,0.4285714285714286,2.333333333333333,250.93641637174406,0.7917987116898118,0.5595324377590096,0.25901188962283656,3.0019047415291302,108.0455026805326,2.0412891300485088,0.9703542535701747,0.28719463518942556,3.694514715598581,221.86506037218683
6,vowels,inne,empirical_randomized_weighted,345,258,345,258,245,13,0.05,0.0,0.0,4.0,estimated,562,20,844,30,0.6,0.6,0.16134164244062554,0.3,0.7,0.5912322274881516,258,345,499,18,1.478742693685855,0.8879173098062004,0.4285714285714286,2.333333333333333,253.57480092449893,2.067417429660505,0.6005908186126383,0.4285714285714286,2.333333333333333,237.92135269277898,0.8215469009259092,0.5253046533498688,0.1547475432621716,2.441547017468014,122.79569872237485,1.843731199939354,0.7107141842312111,0.23948991166178854,3.031748193950798,224.62288754048112
6,vowels,inne,empirical_weighted,345,258,345,258,245,13,0.05,0.0,0.0,4.0,estimated,562,20,844,30,0.6,0.6,0.16134164244062554,0.3,0.7,0.5912322274881516,258,345,499,18,1.478742693685855,0.8879173098062004,0.4285714285714286,2.333333333333333,253.57480092449893,2.067417429660505,0.6005908186126383,0.4285714285714286,2.333333333333333,237.92135269277898,0.8215469009259092,0.5253046533498688,0.1547475432621716,2.441547017468014,122.79569872237485,1.843731199939354,0.7107141842312111,0.23948991166178854,3.031748193950798,224.62288754048112
7,vowels,inne,empirical_randomized_weighted,347,259,347,259,246,13,0.05,0.0,0.0,4.0,estimated,562,20,844,30,0.6,0.5999999999999999,0.15996310260653449,0.3,0.7,0.5888625592417062,259,347,497,21,1.5032451849178297,0.8896677142512031,0.4285714285714286,2.333333333333333,256.9867027818883,2.0409872859406093,0.6240024816716404,0.4285714285714286,2.333333333333333,236.85971358066624,0.7797219099360696,0.41437531840976394,0.26982935098347727,2.227516064605991,135.6800951146712,1.7928876909749898,0.7475910679752801,0.3322197782470481,3.1612113795154353,220.63791664351834
7,vowels,inne,empirical_weighted,347,259,347,259,246,13,0.05,0.0,0.0,4.0,estimated,562,20,844,30,0.6,0.5999999999999999,0.15996310260653449,0.3,0.7,0.5888625592417062,259,347,497,21,1.5032451849178297,0.8896677142512031,0.4285714285714286,2.333333333333333,256.9867027818883,2.0409872859406093,0.6240024816716404,0.4285714285714286,2.333333333333333,236.85971358066624,0.7797219099360696,0.41437531840976394,0.26982935098347727,2.227516064605991,135.6800951146712,1.7928876909749898,0.7475910679752801,0.3322197782470481,3.1612113795154353,220.63791664351834
8,vowels,inne,empirical_randomized_weighted,334,266,334,266,253,13,0.049,0.0,0.0,4.0,estimated,562,20,844,30,0.6,0.5999999999999999,0.16077334180397257,0.3,0.7,0.6042654028436019,266,334,510,21,1.452127237122803,0.8882531719530887,0.4285714285714286,2.333333333333333,243.05653553826903,2.0313400202197607,0.6360700195702095,0.4285714285714286,2.333333333333333,242.24776997933532,0.8087727990258683,0.48754601784541723,0.26832322603985903,3.054724781098587,122.48840673664323,1.8439857774966124,0.8257278106967997,0.3105394379177942,3.387665885994955,221.57056802150896
8,vowels,inne,empirical_weighted,334,266,334,266,253,13,0.049,0.0,0.0,4.0,estimated,562,20,844,30,0.6,0.5999999999999999,0.16077334180397257,0.3,0.7,0.6042654028436019,266,334,510,21,1.452127237122803,0.8882531719530887,0.4285714285714286,2.333333333333333,243.05653553826903,2.0313400202197607,0.6360700195702095,0.4285714285714286,2.333333333333333,242.24776997933532,0.8087727990258683,0.48754601784541723,0.26832322603985903,3.054724781098587,122.48840673664323,1.8439857774966124,0.8257278106967997,0.3105394379177942,3.387665885994955,221.57056802150896
9,vowels,inne,empirical_randomized_weighted,339,262,339,262,249,13,0.05,0.0,0.0,4.0,estimated,562,20,844,30,0.6,0.5999999999999999,0.15870727075471863,0.3,0.7,0.5983412322274881,262,339,505,20,1.4868046954268876,0.8731221825226106,0.4285714285714286,2.333333333333333,252.07094094732088,2.0868220069968273,0.5749346960584298,0.4285714285714286,2.333333333333333,243.51608853639613,0.8011873962306116,0.5287809848578515,0.19295322205173435,2.2127474719767726,118.41775293616473,1.891804018497079,0.6689972715356746,0.19295322205173435,2.7763807265442475,232.877781206009
9,vowels,inne,empirical_weighted,339,262,339,262,249,13,0.05,0.0,0.0,4.0,estimated,562,20,844,30,0.6,0.5999999999999999,0.15870727075471863,0.3,0.7,0.5983412322274881,262,339,505,20,1.4868046954268876,0.8731221825226106,0.4285714285714286,2.333333333333333,252.07094094732088,2.0868220069968273,0.5749346960584298,0.4285714285714286,2.333333333333333,243.51608853639613,0.8011873962306116,0.5287809848578515,0.19295322205173435,2.2127474719767726,118.41775293616473,1.891804018497079,0.6689972715356746,0.19295322205173435,2.7763807265442475,232.877781206009
10,vowels,inne,empirical_randomized_weighted,338,264,338,264,251,13,0.049,0.0,0.0,4.0,estimated,562,20,844,30,0.6,0.6,0.16206870563772893,0.3,0.7,0.5995260663507109,264,338,506,21,1.5141935620595055,0.8947890712313962,0.4285714285714286,2.333333333333333,250.51818153732006,1.9857307215480609,0.6843070800136243,0.4285714285714286,2.333333333333333,235.97605376967158,0.7960848985146837,0.3734242122187327,0.3896915011405001,2.074209260126989,138.520937874279,1.6976451130635681,0.7131949466004321,0.3896915011405001,2.9531889036407084,224.39609622345043
10,vowels,inne,empirical_weighted,338,264,338,264,251,13,0.049,0.0,0.0,4.0,estimated,562,20,844,30,0.6,0.6,0.16206870563772893,0.3,0.7,0.5995260663507109,264,338,506,21,1.5141935620595055,0.8947890712313962,0.4285714285714286,2.333333333333333,250.51818153732006,1.9857307215480609,0.6843070800136243,0.4285714285714286,2.333333333333333,235.97605376967158,0.7960848985146837,0.3734242122187327,0.3896915011405001,2.074209260126989,138.520937874279,1.6976451130635681,0.7131949466004321,0.3896915011405001,2.9531889036407084,224.39609622345043
11,vowels,inne,empirical_randomized_weighted,316,274,316,274,260,14,0.051,0.0,0.0,4.0,estimated,562,20,844,30,0.6,0.5999999999999999,0.1606217031681843,0.3,0.7,0.6255924170616114,274,316,528,19,1.4710330885129184,0.8871333093386922,0.4285714285714286,2.333333333333333,231.72400125837277,2.030073765575238,0.6356524365030006,0.4285714285714286,2.333333333333333,249.53489519351118,0.819056883149064,0.48355467512001155,0.2574196556295595,2.258524218350079,117.16302108687331,1.9026180598070956,0.8042994656482233,0.27612270882633216,3.199915611645317,232.45885806454015
11,vowels,inne,empirical_weighted,316,274,316,274,260,14,0.051,0.0,0.0,4.0,estimated,562,20,844,30,0.6,0.5999999999999999,0.1606217031681843,0.3,0.7,0.6255924170616114,274,316,528,19,1.4710330885129184,0.8871333093386922,0.4285714285714286,2.333333333333333,231.72400125837277,2.030073765575238,0.6356524365030006,0.4285714285714286,2.333333333333333,249.53489519351118,0.819056883149064,0.48355467512001155,0.2574196556295595,2.258524218350079,117.16302108687331,1.9026180598070956,0.8042994656482233,0.27612270882633216,3.199915611645317,232.45885806454015
12,vowels,inne,empirical_randomized_weighted,355,255,355,255,242,13,0.051,0.0,0.0,4.0,estimated,562,20,844,30,0.6,0.5999999999999999,0.15912459025321604,0.3,0.7,0.5793838862559242,255,355,489,21,1.5432031374952968,0.8782248011915569,0.4285714285714286,2.333333333333333,268.15405149170374,1.973013999623593,0.6760297225156956,0.4285714285714286,2.333333333333333,228.2081668395748,0.7725676558674566,0.3870098710748117,0.28124040066415046,2.1528223777219413,142.29292030295886,1.6858718027543542,0.6673209956025948,0.36503656591258843,2.916014271535792,220.45807785874078
12,vowels,inne,empirical_weighted,355,255,355,255,242,13,0.051,0.0,0.0,4.0,estimated,562,20,844,30,0.6,0.5999999999999999,0.15912459025321604,0.3,0.7,0.5793838862559242,255,355,489,21,1.5432031374952968,0.8782248011915569,0.4285714285714286,2.333333333333333,268.15405149170374,1.973013999623593,0.6760297225156956,0.4285714285714286,2.333333333333333,228.2081668395748,0.7725676558674566,0.3870098710748117,0.28124040066415046,2.1528223777219413,142.29292030295886,1.6858718027543542,0.6673209956025948,0.36503656591258843,2.916014271535792,220.45807785874078
13,vowels,inne,empirical_randomized_weighted,334,266,334,266,253,13,0.049,0.0,0.0,4.0,estimated,562,20,844,30,0.6,0.5999999999999999,0.15861707800425698,0.3,0.7,0.6042654028436019,266,334,510,21,1.454492232206485,0.878073092481163,0.4285714285714286,2.333333333333333,244.78719098569817,2.0359074958951577,0.6301029943299303,0.4285714285714286,2.333333333333333,242.74788516555267,0.8119047267627735,0.4993272530266848,0.3340622669122902,2.8524214933383036,121.16956727031564,1.8882476281851996,0.9938651877920678,0.3340622669122902,3.8495847943311987,208.29474387896246
13,vowels,inne,empirical_weighted,334,266,334,266,253,13,0.049,0.0,0.0,4.0,estimated,562,20,844,30,0.6,0.5999999999999999,0.15861707800425698,0.3,0.7,0.6042654028436019,266,334,510,21,1.454492232206485,0.878073092481163,0.4285714285714286,2.333333333333333,244.78719098569817,2.0359074958951577,0.6301029943299303,0.4285714285714286,2.333333333333333,242.74788516555267,0.8119047267627735,0.4993272530266848,0.3340622669122902,2.8524214933383036,121.16956727031564,1.8882476281851996,0.9938651877920678,0.3340622669122902,3.8495847943311987,208.29474387896246
14,vowels,inne,empirical_randomized_weighted,362,252,362,252,239,13,0.052,0.0,0.0,4.0,estimated,562,20,844,30,0.6,0.5999999999999999,0.15595887106262724,0.3,0.7,0.5710900473933649,252,362,482,21,1.50202951274969,0.8708364145185842,0.4285714285714286,2.333333333333333,270.9303153883642,2.061491864134002,0.590791202492303,0.4285714285714286,2.333333333333333,232.873933241505,0.8072664754552038,0.491786048517468,0.22093004320789908,2.677554105206788,132.0085219548233,1.7228776592684896,0.6475331895392279,0.2783339736106464,2.8131538075019256,220.80883262268966
14,vowels,inne,empirical_weighted,362,252,362,252,239,13,0.052,0.0,0.0,4.0,estimated,562,20,844,30,0.6,0.5999999999999999,0.15595887106262724,0.3,0.7,0.5710900473933649,252,362,482,21,1.50202951274969,0.8708364145185842,0.4285714285714286,2.333333333333333,270.9303153883642,2.061491864134002,0.590791202492303,0.4285714285714286,2.333333333333333,232.873933241505,0.8072664754552038,0.491786048517468,0.22093004320789908,2.677554105206788,132.0085219548233,1.7228776592684896,0.6475331895392279,0.2783339736106464,2.8131538075019256,220.80883262268966
15,vowels,inne,empirical_randomized_weighted,341,261,341,261,248,13,0.05,0.0,0.0,4.0,estimated,562,20,844,30,0.6,0.5999999999999999,0.16178923974307294,0.3,0.7,0.5959715639810427,261,341,503,19,1.5197707283355644,0.8830368814825672,0.4285714285714286,2.333333333333333,254.9343443087109,2.0212097201906642,0.6639016321491364,0.4285714285714286,2.333333333333333,235.58276886634712,0.816533413281214,0.45158100188344114,0.3037056372709808,2.496793812660495,130.9481366218354,1.7961970272277736,0.7937040412525123,0.3037056372709808,3.231302360950615,218.36286452614863
15,vowels,inne,empirical_weighted,341,261,341,261,248,13,0.05,0.0,0.0,4.0,estimated,562,20,844,30,0.6,0.5999999999999999,0.16178923974307294,0.3,0.7,0.5959715639810427,261,341,503,19,1.5197707283355644,0.8830368814825672,0.4285714285714286,2.333333333333333,254.9343443087109,2.0212097201906642,0.6639016321491364,0.4285714285714286,2.333333333333333,235.58276886634712,0.816533413281214,0.45158100188344114,0.3037056372709808,2.496793812660495,130.9481366218354,1.7961970272277736,0.7937040412525123,0.3037056372709808,3.231302360950615,218.36286452614863
16,vowels,inne,empirical_randomized_weighted,344,262,344,262,249,13,0.05,0.0,0.0,4.0,estimated,562,20,844,30,0.6,0.6,0.15986191098677038,0.3,0.7,0.5924170616113744,262,344,500,24,1.478546790131467,0.893688366542525,0.4285714285714286,2.333333333333333,251.95114354676463,2.0381251928977786,0.6336720614673929,0.4285714285714286,2.333333333333333,238.90622789190746,0.790807164898976,0.41899566146862477,0.22953010601666546,2.0300658920192736,134.299151136642,1.8054831958576305,0.6936414784894755,0.28821511694604607,2.8160643317673384,228.302757304105
16,vowels,inne,empirical_weighted,344,262,344,262,249,13,0.05,0.0,0.0,4.0,estimated,562,20,844,30,0.6,0.6,0.15986191098677038,0.3,0.7,0.5924170616113744,262,344,500,24,1.478546790131467,0.893688366542525,0.4285714285714286,2.333333333333333,251.95114354676463,2.0381251928977786,0.6336720614673929,0.4285714285714286,2.333333333333333,238.90622789190746,0.790807164898976,0.41899566146862477,0.22953010601666546,2.0300658920192736,134.299151136642,1.8054831958576305,0.6936414784894755,0.28821511694604607,2.8160643317673384,228.302757304105
17,vowels,inne,empirical_randomized_weighted,332,268,332,268,255,13,0.049,0.0,0.0,4.0,estimated,562,20,844,30,0.6,0.5999999999999999,0.15987151918200576,0.3,0.7,0.6066350710900474,268,332,512,23,1.4650107112256578,0.9002407538460268,0.4285714285714286,2.333333333333333,240.9982676428171,2.0731611717061416,0.5841404909891285,0.4285714285714286,2.333333333333333,248.28827207212626,0.7927951714945674,0.45007998671145494,0.22456965994671055,2.007518325505442,125.53903777761036,1.9269800268341604,0.7825248141354334,0.300025049011973,3.3968128263154997,230.06107998705733
17,vowels,inne,empirical_weighted,332,268,332,268,255,13,0.049,0.0,0.0,4.0,estimated,562,20,844,30,0.6,0.5999999999999999,0.15987151918200576,0.3,0.7,0.6066350710900474,268,332,512,23,1.4650107112256578,0.9002407538460268,0.4285714285714286,2.333333333333333,240.9982676428171,2.0731611717061416,0.5841404909891285,0.4285714285714286,2.333333333333333,248.28827207212626,0.7927951714945674,0.45007998671145494,0.22456965994671055,2.007518325505442,125.53903777761036,1.9269800268341604,0.7825248141354334,0.300025049011973,3.3968128263154997,230.06107998705733
18,vowels,inne,empirical_randomized_weighted,336,266,336,266,253,13,0.049,0.0,0.0,4.0,estimated,562,20,844,30,0.6,0.5999999999999999,0.16105082769747295,0.3,0.7,0.6018957345971564,266,336,508,23,1.5169742716937527,0.8851323903266929,0.4285714285714286,2.333333333333333,250.66110917267352,2.070448445597004,0.6024237083952451,0.4285714285714286,2.333333333333333,245.23827117550272,0.7772018442822924,0.4891427116254603,0.20724405424788475,2.0742907532438504,120.33532282421481,2.021981454923319,0.961654189166694,0.27939917824452426,3.611253920365956,216.931190696053
18,vowels,inne,empirical_weighted,336,266,336,266,253,13,0.049,0.0,0.0,4.0,estimated,562,20,844,30,0.6,0.5999999999999999,0.16105082769747295,0.3,0.7,0.6018957345971564,266,336,508,23,1.5169742716937527,0.8851323903266929,0.4285714285714286,2.333333333333333,250.66110917267352,2.070448445597004,0.6024237083952451,0.4285714285714286,2.333333333333333,245.23827117550272,0.7772018442822924,0.4891427116254603,0.20724405424788475,2.0742907532438504,120.33532282421481,2.021981454923319,0.961654189166694,0.27939917824452426,3.611253920365956,216.931190696053
19,vowels,inne,empirical_randomized_weighted,345,260,345,260,247,13,0.05,0.0,0.0,4.0,estimated,562,20,844,30,0.6,0.6,0.16150064306279285,0.3,0.7,0.5912322274881516,260,345,499,21,1.5234081940027546,0.8886671420749434,0.4285714285714286,2.333333333333333,257.40750816025366,1.9983426260852328,0.6624997703845531,0.4285714285714286,2.333333333333333,234.25352943130932,0.8362488262602394,0.465870326588445,0.25144150805894844,2.1698209328477183,132.02526858480346,1.6680574499841612,0.5744141467149968,0.25144150805894844,2.5542442287304525,232.4366015613864
19,vowels,inne,empirical_weighted,345,260,345,260,247,13,0.05,0.0,0.0,4.0,estimated,562,20,844,30,0.6,0.6,0.16150064306279285,0.3,0.7,0.5912322274881516,260,345,499,21,1.5234081940027546,0.8886671420749434,0.4285714285714286,2.333333333333333,257.40750816025366,1.9983426260852328,0.6624997703845531,0.4285714285714286,2.333333333333333,234.25352943130932,0.8362488262602394,0.465870326588445,0.25144150805894844,2.1698209328477183,132.02526858480346,1.6680574499841612,0.5744141467149968,0.25144150805894844,2.5542442287304525,232.4366015613864
20,vowels,inne,empirical_randomized_weighted,321,272,321,272,258,14,0.051,0.0,0.0,4.0,estimated,562,20,844,30,0.6,0.5999999999999999,0.1606705786506317,0.3,0.7,0.6196682464454977,272,321,523,21,1.5192161703882203,0.8862971998957291,0.4285714285714286,2.333333333333333,239.4905465730985,2.0367432307346522,0.6195864596928378,0.4285714285714286,2.333333333333333,248.96105009684655,0.7780008459889534,0.5319089935409861,0.20910560335467232,2.6352975119194597,109.71579055404956,2.0703496198959295,0.8925529589690644,0.2944280255446571,3.4548374012761567,229.36984370276429
20,vowels,inne,empirical_weighted,321,272,321,272,258,14,0.051,0.0,0.0,4.0,estimated,562,20,844,30,0.6,0.5999999999999999,0.1606705786506317,0.3,0.7,0.6196682464454977,272,321,523,21,1.5192161703882203,0.8862971998957291,0.4285714285714286,2.333333333333333,239.4905465730985,2.0367432307346522,0.6195864596928378,0.4285714285714286,2.333333333333333,248.96105009684655,0.7780008459889534,0.5319089935409861,0.20910560335467232,2.6352975119194597,109.71579055404956,2.0703496198959295,0.8925529589690644,0.2944280255446571,3.4548374012761567,229.36984370276429
21,vowels,inne,empirical_randomized_weighted,337,264,337,264,251,13,0.049,0.0,0.0,4.0,estimated,562,20,844,30,0.6,0.5999999999999999,0.161769234088027,0.3,0.7,0.6007109004739336,264,337,507,21,1.5193068166797392,0.89663905768184,0.4285714285714286,2.333333333333333,249.9457334724795,2.0249905164966977,0.6375660248960379,0.4285714285714286,2.333333333333333,240.19000641344712,0.822782059232413,0.4602703020654042,0.23038818296575542,2.391602861929154,128.71909221630432,1.785634395367665,0.7744640830538597,0.23038818296575542,3.2070087977442348,222.2011948531105
21,vowels,inne,empirical_weighted,337,264,337,264,251,13,0.049,0.0,0.0,4.0,estimated,562,20,844,30,0.6,0.5999999999999999,0.161769234088027,0.3,0.7,0.6007109004739336,264,337,507,21,1.5193068166797392,0.89663905768184,0.4285714285714286,2.333333333333333,249.9457334724795,2.0249905164966977,0.6375660248960379,0.4285714285714286,2.333333333333333,240.19000641344712,0.822782059232413,0.4602703020654042,0.23038818296575542,2.391602861929154,128.71909221630432,1.785634395367665,0.7744640830538597,0.23038818296575542,3.2070087977442348,222.2011948531105
22,vowels,inne,empirical_randomized_weighted,329,265,329,265,252,13,0.049,0.0,0.0,4.0,estimated,562,20,844,30,0.6,0.5999999999999999,0.1595877602994671,0.3,0.7,0.6101895734597157,265,329,515,15,1.5360776059312977,0.8702399456208577,0.4285714285714286,2.333333333333333,249.06117702780313,2.042569836574578,0.6337521572043171,0.4285714285714286,2.333333333333333,241.72905953011528,0.7771235339394645,0.5187163124066781,0.27118886728204833,2.3608091863867102,114.14476320498972,1.9657364907389399,0.9308514187757883,0.31011722978644485,3.574551317318973,216.46109436895568
22,vowels,inne,empirical_weighted,329,265,329,265,252,13,0.049,0.0,0.0,4.0,estimated,562,20,844,30,0.6,0.5999999999999999,0.1595877602994671,0.3,0.7,0.6101895734597157,265,329,515,15,1.5360776059312977,0.8702399456208577,0.4285714285714286,2.333333333333333,249.06117702780313,2.042569836574578,0.6337521572043171,0.4285714285714286,2.333333333333333,241.72905953011528,0.7771235339394645,0.5187163124066781,0.27118886728204833,2.3608091863867102,114.14476320498972,1.9657364907389399,0.9308514187757883,0.31011722978644485,3.574551317318973,216.46109436895568
23,vowels,inne,empirical_randomized_weighted,352,256,352,256,243,13,0.051,0.0,0.0,4.0,estimated,562,20,844,30,0.6,0.6,0.16148201822756383,0.3,0.7,0.5829383886255924,256,352,492,19,1.4642727673452582,0.8889333815525287,0.4285714285714286,2.333333333333333,257.20684438714244,2.0889536258982124,0.584876297465259,0.4285714285714286,2.333333333333333,237.39053671610063,0.7725667182346327,0.5851730697792326,0.242790393967497,3.2681457471750637,111.83723286047565,2.266472532328865,1.4284733480893654,0.3012637880717524,5.30459884953716,183.21949733071605
23,vowels,inne,empirical_weighted,352,256,352,256,243,13,0.051,0.0,0.0,4.0,estimated,562,20,844,30,0.6,0.6,0.16148201822756383,0.3,0.7,0.5829383886255924,256,352,492,19,1.4642727673452582,0.8889333815525287,0.4285714285714286,2.333333333333333,257.20684438714244,2.0889536258982124,0.584876297465259,0.4285714285714286,2.333333333333333,237.39053671610063,0.7725667182346327,0.5851730697792326,0.242790393967497,3.2681457471750637,111.83723286047565,2.266472532328865,1.4284733480893654,0.3012637880717524,5.30459884953716,183.21949733071605
24,vowels,inne,empirical_randomized_weighted,317,274,317,274,260,14,0.051,0.0,0.0,4.0,estimated,562,20,844,30,0.6,0.5999999999999999,0.15510765901458504,0.3,0.7,0.6244075829383886,274,317,527,21,1.4534046386371786,0.8736546151185033,0.4285714285714286,2.333333333333333,232.86016331742627,2.0494597833937545,0.6007905136465825,0.4285714285714286,2.333333333333333,252.31725403110588,0.7855701629851054,0.6449291112354176,0.27254878560469625,3.387935654084673,94.9825979315967,2.4112553986685583,1.3626100320868901,0.29162746505731363,4.997282574540488,207.6792018520839
24,vowels,inne,empirical_weighted,317,274,317,274,260,14,0.051,0.0,0.0,4.0,estimated,562,20,844,30,0.6,0.5999999999999999,0.15510765901458504,0.3,0.7,0.6244075829383886,274,317,527,21,1.4534046386371786,0.8736546151185033,0.4285714285714286,2.333333333333333,232.86016331742627,2.0494597833937545,0.6007905136465825,0.4285714285714286,2.333333333333333,252.31725403110588,0.7855701629851054,0.6449291112354176,0.27254878560469625,3.387935654084673,94.9825979315967,2.4112553986685583,1.3626100320868901,0.29162746505731363,4.997282574540488,207.6792018520839
25,vowels,inne,empirical_randomized_weighted,354,258,354,258,245,13,0.05,0.0,0.0,4.0,estimated,562,20,844,30,0.6,0.6000000000000001,0.16083259468496588,0.3,0.7,0.580568720379147,258,354,490,25,1.5314420263296202,0.8875813869973905,0.4285714285714286,2.333333333333333,264.98908948790427,1.9991324413538356,0.6770918222409347,0.4285714285714286,2.333333333333333,231.44974426316736,0.8197861339111407,0.5054404321761428,0.26120801129673993,2.254404329521769,128.24824502537558,1.8714008788588055,0.7918397441008961,0.3215053565420256,3.073877306953283,218.82279149116283
25,vowels,inne,empirical_weighted,354,258,354,258,245,13,0.05,0.0,0.0,4.0,estimated,562,20,844,30,0.6,0.6000000000000001,0.16083259468496588,0.3,0.7,0.580568720379147,258,354,490,25,1.5314420263296202,0.8875813869973905,0.4285714285714286,2.333333333333333,264.98908948790427,1.9991324413538356,0.6770918222409347,0.4285714285714286,2.333333333333333,231.44974426316736,0.8197861339111407,0.5054404321761428,0.26120801129673993,2.254404329521769,128.24824502537558,1.8714008788588055,0.7918397441008961,0.3215053565420256,3.073877306953283,218.82279149116283
1,vowels,inne,empirical_randomized_weighted,345,260,345,260,247,13,0.05,0.0,0.0,16.0,estimated,562,20,844,30,0.6,0.6,0.16989215470428645,0.3,0.7,0.5912322274881516,260,345,499,21,1.5531149849124002,0.9205830206029071,0.4285714285714286,2.333333333333333,255.30350417653602,2.0490165685512913,0.6611832280878065,0.4285714285714286,2.333333333333333,235.48070166458032,0.8228676095540695,0.33841186938594914,0.3682369295695367,1.8535639550265735,147.972757295092,1.507550027370843,0.47898784764709484,0.3722951942438022,2.284730445166176,236.15972010959445
1,vowels,inne,empirical_weighted,345,260,345,260,247,13,0.05,0.0,0.0,16.0,estimated,562,20,844,30,0.6,0.6,0.16989215470428645,0.3,0.7,0.5912322274881516,260,345,499,21,1.5531149849124002,0.9205830206029071,0.4285714285714286,2.333333333333333,255.30350417653602,2.0490165685512913,0.6611832280878065,0.4285714285714286,2.333333333333333,235.48070166458032,0.8228676095540695,0.33841186938594914,0.3682369295695367,1.8535639550265735,147.972757295092,1.507550027370843,0.47898784764709484,0.3722951942438022,2.284730445166176,236.15972010959445
2,vowels,inne,empirical_randomized_weighted,329,268,329,268,255,13,0.049,0.0,0.0,16.0,estimated,562,20,844,30,0.6,0.6,0.16985062644584112,0.3,0.7,0.6101895734597157,268,329,515,22,1.484214693842589,0.927956892056013,0.4285714285714286,2.333333333333333,236.5380326206335,2.114033023041784,0.606428949780291,0.4285714285714286,2.333333333333333,247.6235613063627,0.7510813024929842,0.46756905173199387,0.27342535930634454,2.2904544415006813,118.91540822102421,2.032206534574968,1.0800689533638181,0.27342535930634454,4.142853275836882,208.9722852490002
2,vowels,inne,empirical_weighted,329,268,329,268,255,13,0.049,0.0,0.0,16.0,estimated,562,20,844,30,0.6,0.6,0.16985062644584112,0.3,0.7,0.6101895734597157,268,329,515,22,1.484214693842589,0.927956892056013,0.4285714285714286,2.333333333333333,236.5380326206335,2.114033023041784,0.606428949780291,0.4285714285714286,2.333333333333333,247.6235613063627,0.7510813024929842,0.46756905173199387,0.27342535930634454,2.2904544415006813,118.91540822102421,2.032206534574968,1.0800689533638181,0.27342535930634454,4.142853275836882,208.9722852490002
3,vowels,inne,empirical_randomized_weighted,337,264,337,264,251,13,0.049,0.0,0.077,16.0,estimated,562,20,844,30,0.6,0.6,0.16957620243111277,0.3,0.7,0.6007109004739336,264,337,507,21,1.5047628956362618,0.9319891562368723,0.4285714285714286,2.333333333333333,243.56642090870025,2.074734246080708,0.6358026227414214,0.4285714285714286,2.333333333333333,241.33575060334812,0.7727724960227785,0.4657146691669718,0.30721123934703387,2.835605879234896,123.97371335350336,1.8519973331607296,0.9407281068923085,0.36605250760160774,3.7533589866635624,209.85415869087166
3,vowels,inne,empirical_weighted,337,264,337,264,251,13,0.049,0.0,0.0,16.0,estimated,562,20,844,30,0.6,0.6,0.16957620243111277,0.3,0.7,0.6007109004739336,264,337,507,21,1.5047628956362618,0.9319891562368723,0.4285714285714286,2.333333333333333,243.56642090870025,2.074734246080708,0.6358026227414214,0.4285714285714286,2.333333333333333,241.33575060334812,0.7727724960227785,0.4657146691669718,0.30721123934703387,2.835605879234896,123.97371335350336,1.8519973331607296,0.9407281068923085,0.36605250760160774,3.7533589866635624,209.85415869087166
4,vowels,inne,empirical_randomized_weighted,360,252,360,252,239,13,0.052,0.0,0.0,16.0,estimated,562,20,844,30,0.6,0.5999999999999999,0.16992427369557142,0.3,0.7,0.5734597156398105,252,360,484,21,1.569749902874191,0.9157221793518471,0.4285714285714286,2.333333333333333,268.59586247728936,2.02437482355741,0.6819301434431178,0.4285714285714286,2.333333333333333,226.31862794696124,0.8178105930229358,0.3932972013250361,0.3443390773894718,2.167943513065494,146.1894471289661,1.6102570207381122,0.5422384182646763,0.34616872861399417,2.394935367552185,226.33496732827655
4,vowels,inne,empirical_weighted,360,252,360,252,239,13,0.052,0.0,0.0,16.0,estimated,562,20,844,30,0.6,0.5999999999999999,0.16992427369557142,0.3,0.7,0.5734597156398105,252,360,484,21,1.569749902874191,0.9157221793518471,0.4285714285714286,2.333333333333333,268.59586247728936,2.02437482355741,0.6819301434431178,0.4285714285714286,2.333333333333333,226.31862794696124,0.8178105930229358,0.3932972013250361,0.3443390773894718,2.167943513065494,146.1894471289661,1.6102570207381122,0.5422384182646763,0.34616872861399417,2.394935367552185,226.33496732827655
5,vowels,inne,empirical_randomized_weighted,325,272,325,272,258,14,0.051,0.0,0.0,16.0,estimated,562,20,844,30,0.6,0.5999999999999999,0.16991579397963577,0.3,0.7,0.6149289099526066,272,325,519,25,1.4599137688439752,0.9289227865180822,0.4285714285714286,2.333333333333333,231.33978489043767,2.1318082329238717,0.5718572749893673,0.4285714285714286,2.333333333333333,253.74128673354647,0.8038370633336046,0.5235198775738141,0.24786556571316756,2.40585196635803,114.4533860268034,1.9496225889017518,0.8345894359358356,0.2522281844413477,3.2739591554957945,229.87528702243617
5,vowels,inne,empirical_weighted,325,272,325,272,258,14,0.051,0.0,0.0,16.0,estimated,562,20,844,30,0.6,0.5999999999999999,0.16991579397963577,0.3,0.7,0.6149289099526066,272,325,519,25,1.4599137688439752,0.9289227865180822,0.4285714285714286,2.333333333333333,231.33978489043767,2.1318082329238717,0.5718572749893673,0.4285714285714286,2.333333333333333,253.74128673354647,0.8038370633336046,0.5235198775738141,0.24786556571316756,2.40585196635803,114.4533860268034,1.9496225889017518,0.8345894359358356,0.2522281844413477,3.2739591554957945,229.87528702243617
6,vowels,inne,empirical_randomized_weighted,347,258,347,258,245,13,0.05,0.0,0.0,16.0,estimated,562,20,844,30,0.6,0.6,0.170031568120387,0.3,0.7,0.5888625592417062,258,347,497,18,1.4865751408010945,0.9289021806651533,0.4285714285714286,2.333333333333333,249.55936514067193,2.1292262367478685,0.5722857113809073,0.4285714285714286,2.333333333333333,240.617606025668,0.8112266070298649,0.4849965957432473,0.18333670887111223,2.1164260608719645,128.18324946640854,1.7997960932789083,0.6257583388032869,0.25610959434176434,2.7304297452972643,230.17559098855563
6,vowels,inne,empirical_weighted,347,258,347,258,245,13,0.05,0.0,0.0,16.0,estimated,562,20,844,30,0.6,0.6,0.170031568120387,0.3,0.7,0.5888625592417062,258,347,497,18,1.4865751408010945,0.9289021806651533,0.4285714285714286,2.333333333333333,249.55936514067193,2.1292262367478685,0.5722857113809073,0.4285714285714286,2.333333333333333,240.617606025668,0.8112266070298649,0.4849965957432473,0.18333670887111223,2.1164260608719645,128.18324946640854,1.7997960932789083,0.6257583388032869,0.25610959434176434,2.7304297452972643,230.17559098855563
7,vowels,inne,empirical_randomized_weighted,349,258,349,258,245,13,0.05,0.0,0.0,16.0,estimated,562,20,844,30,0.6,0.6,0.16962576790769443,0.3,0.7,0.5864928909952607,258,349,495,21,1.4884575684502739,0.9310948683108511,0.4285714285714286,2.333333333333333,250.84370527882143,2.1015868969766838,0.6049035413621554,0.4285714285714286,2.333333333333333,238.26077488625157,0.7924435376823612,0.4583961989412068,0.26490936044595514,2.0035447107298086,131.12396059025085,1.8408690540675718,0.7415487408568031,0.26490936044595514,3.1122735160846435,221.97973253960777
7,vowels,inne,empirical_weighted,349,258,349,258,245,13,0.05,0.0,0.0,16.0,estimated,562,20,844,30,0.6,0.6,0.16962576790769443,0.3,0.7,0.5864928909952607,258,349,495,21,1.4884575684502739,0.9310948683108511,0.4285714285714286,2.333333333333333,250.84370527882143,2.1015868969766838,0.6049035413621554,0.4285714285714286,2.333333333333333,238.26077488625157,0.7924435376823612,0.4583961989412068,0.26490936044595514,2.0035447107298086,131.12396059025085,1.8408690540675718,0.7415487408568031,0.26490936044595514,3.1122735160846435,221.97973253960777
8,vowels,inne,empirical_randomized_weighted,336,265,336,265,252,13,0.049,0.0,0.0,16.0,estimated,562,20,844,30,0.6,0.5999999999999999,0.17033083948643687,0.3,0.7,0.6018957345971564,265,336,508,22,1.451565204919841,0.9324163117532123,0.4285714285714286,2.333333333333333,237.8564826126388,2.1033776646425,0.6041473195872895,0.4285714285714286,2.333333333333333,244.80381364923298,0.8021315579600845,0.49819424317931205,0.25695368398522467,2.81797208042709,121.2339679167361,1.90189167733913,0.7970873579551525,0.25695368398522467,3.243788397185371,225.40783163957065
8,vowels,inne,empirical_weighted,336,265,336,265,252,13,0.049,0.0,0.0,16.0,estimated,562,20,844,30,0.6,0.5999999999999999,0.17033083948643687,0.3,0.7,0.6018957345971564,265,336,508,22,1.451565204919841,0.9324163117532123,0.4285714285714286,2.333333333333333,237.8564826126388,2.1033776646425,0.6041473195872895,0.4285714285714286,2.333333333333333,244.80381364923298,0.8021315579600845,0.49819424317931205,0.25695368398522467,2.81797208042709,121.2339679167361,1.90189167733913,0.7970873579551525,0.25695368398522467,3.243788397185371,225.40783163957065
9,vowels,inne,empirical_randomized_weighted,340,262,340,262,249,13,0.05,0.0,0.0,16.0,estimated,562,20,844,30,0.6,0.5999999999999999,0.17037709364336487,0.3,0.7,0.5971563981042654,262,340,504,20,1.4881367317297987,0.930192637102921,0.4285714285714286,2.333333333333333,244.4785536682034,2.147802761619574,0.5570756861834104,0.4285714285714286,2.333333333333333,245.48549891503808,0.7856479061087362,0.512088835299933,0.19483895281344465,2.1760208623475266,119.3108802262122,1.8558376272409096,0.6590882981472809,0.19483895281344465,2.7390640127735377,232.65586839580055
9,vowels,inne,empirical_weighted,340,262,340,262,249,13,0.05,0.0,0.0,16.0,estimated,562,20,844,30,0.6,0.5999999999999999,0.17037709364336487,0.3,0.7,0.5971563981042654,262,340,504,20,1.4881367317297987,0.930192637102921,0.4285714285714286,2.333333333333333,244.4785536682034,2.147802761619574,0.5570756861834104,0.4285714285714286,2.333333333333333,245.48549891503808,0.7856479061087362,0.512088835299933,0.19483895281344465,2.1760208623475266,119.3108802262122,1.8558376272409096,0.6590882981472809,0.19483895281344465,2.7390640127735377,232.65586839580055
10,vowels,inne,empirical_randomized_weighted,338,264,338,264,251,13,0.049,0.0,0.0,16.0,estimated,562,20,844,30,0.6,0.5999999999999999,0.1701011871471767,0.3,0.7,0.5995260663507109,264,338,506,21,1.5112809270363665,0.9266606128242971,0.4285714285714286,2.333333333333333,245.64522855414714,2.033046096917943,0.6826911584759722,0.4285714285714286,2.333333333333333,237.24797734696008,0.7805553118508625,0.40354746074971465,0.32582364967717053,2.014933876740211,133.35548213937486,1.7429484050503865,0.6615043920341834,0.32582364967717053,2.7914990724729445,230.76027317834252
10,vowels,inne,empirical_weighted,338,264,338,264,251,13,0.049,0.0,0.0,16.0,estimated,562,20,844,30,0.6,0.5999999999999999,0.1701011871471767,0.3,0.7,0.5995260663507109,264,338,506,21,1.5112809270363665,0.9266606128242971,0.4285714285714286,2.333333333333333,245.64522855414714,2.033046096917943,0.6826911584759722,0.4285714285714286,2.333333333333333,237.24797734696008,0.7805553118508625,0.40354746074971465,0.32582364967717053,2.014933876740211,133.35548213937486,1.7429484050503865,0.6615043920341834,0.32582364967717053,2.7914990724729445,230.76027317834252
11,vowels,inne,empirical_randomized_weighted,315,274,315,274,260,14,0.051,1.0,0.0,16.0,estimated,562,20,844,30,0.6,0.5999999999999999,0.17169259107614565,0.3,0.7,0.6267772511848341,274,315,529,19,1.4800099157946036,0.9419270706081373,0.4285714285714286,2.333333333333333,224.1918054241411,2.0941127286931787,0.6213886375850485,0.4285714285714286,2.333333333333333,251.82679649120473,0.7782634026012015,0.45980463828260504,0.24718618924846722,2.4553812657033145,117.11904718251304,2.0353240077083328,1.0197799192936254,0.24718618924846722,4.165367633431967,219.0174862783684
11,vowels,inne,empirical_weighted,315,274,315,274,260,14,0.051,0.0,0.0,16.0,estimated,562,20,844,30,0.6,0.5999999999999999,0.17169259107614565,0.3,0.7,0.6267772511848341,274,315,529,19,1.4800099157946036,0.9419270706081373,0.4285714285714286,2.333333333333333,224.1918054241411,2.0941127286931787,0.6213886375850485,0.4285714285714286,2.333333333333333,251.82679649120473,0.7782634026012015,0.45980463828260504,0.24718618924846722,2.4553812657033145,117.11904718251304,2.0353240077083328,1.0197799192936254,0.24718618924846722,4.165367633431967,219.0174862783684
12,vowels,inne,empirical_randomized_weighted,355,255,355,255,242,13,0.051,0.0,0.0,16.0,estimated,562,20,844,30,0.6,0.6,0.1704101672664724,0.3,0.7,0.5793838862559242,255,355,489,21,1.5566162196445763,0.9235740684174092,0.4285714285714286,2.333333333333333,262.56803082021105,2.0317530612572257,0.6761585959748958,0.4285714285714286,2.333333333333333,229.57400209869013,0.7765934319449949,0.3465455615141781,0.32812482456418834,1.7714455824157982,148.44114818400243,1.6134518596384568,0.5862974083007392,0.3619419809086707,2.6148354501031705,225.2559443200168
12,vowels,inne,empirical_weighted,355,255,355,255,242,13,0.051,0.0,0.0,16.0,estimated,562,20,844,30,0.6,0.6,0.1704101672664724,0.3,0.7,0.5793838862559242,255,355,489,21,1.5566162196445763,0.9235740684174092,0.4285714285714286,2.333333333333333,262.56803082021105,2.0317530612572257,0.6761585959748958,0.4285714285714286,2.333333333333333,229.57400209869013,0.7765934319449949,0.3465455615141781,0.32812482456418834,1.7714455824157982,148.44114818400243,1.6134518596384568,0.5862974083007392,0.3619419809086707,2.6148354501031705,225.2559443200168
13,vowels,inne,empirical_randomized_weighted,329,268,329,268,255,13,0.049,0.0,0.0,16.0,estimated,562,20,844,30,0.6,0.5999999999999999,0.16924401257785987,0.3,0.7,0.6101895734597157,268,329,515,21,1.4584323601579277,0.9332496229326201,0.4285714285714286,2.333333333333333,233.42092112750296,2.083724411227567,0.6260322409747187,0.4285714285714286,2.333333333333333,245.8121047645839,0.7811139617045417,0.5081248860119584,0.28506199533970766,2.5893935262932453,115.93858055974376,2.0725125213318565,1.1806363583052135,0.2924664325989876,4.598301543534838,202.33784854441728
13,vowels,inne,empirical_weighted,329,268,329,268,255,13,0.049,0.0,0.0,16.0,estimated,562,20,844,30,0.6,0.5999999999999999,0.16924401257785987,0.3,0.7,0.6101895734597157,268,329,515,21,1.4584323601579277,0.9332496229326201,0.4285714285714286,2.333333333333333,233.42092112750296,2.083724411227567,0.6260322409747187,0.4285714285714286,2.333333333333333,245.8121047645839,0.7811139617045417,0.5081248860119584,0.28506199533970766,2.5893935262932453,115.93858055974376,2.0725125213318565,1.1806363583052135,0.2924664325989876,4.598301543534838,202.33784854441728
14,vowels,inne,empirical_randomized_weighted,367,249,367,249,237,12,0.048,0.0,0.0,16.0,estimated,562,20,844,30,0.6,0.6,0.16919984291487514,0.3,0.7,0.5651658767772512,249,367,477,21,1.5236823001524922,0.9266570833334423,0.4285714285714286,2.333333333333333,267.90860915763795,2.1117556600653513,0.5804557609879012,0.4285714285714286,2.333333333333333,231.50884432762604,0.7985270211440131,0.4844626596491112,0.2597680414301685,2.8074980312841613,134.4951283826493,1.7538649353000695,0.7490048442184325,0.31279744575224566,3.174462997971323,210.59221403704865
14,vowels,inne,empirical_weighted,367,249,367,249,237,12,0.048,0.0,0.0,16.0,estimated,562,20,844,30,0.6,0.6,0.16919984291487514,0.3,0.7,0.5651658767772512,249,367,477,21,1.5236823001524922,0.9266570833334423,0.4285714285714286,2.333333333333333,267.90860915763795,2.1117556600653513,0.5804557609879012,0.4285714285714286,2.333333333333333,231.50884432762604,0.7985270211440131,0.4844626596491112,0.2597680414301685,2.8074980312841613,134.4951283826493,1.7538649353000695,0.7490048442184325,0.31279744575224566,3.174462997971323,210.59221403704865
15,vowels,inne,empirical_randomized_weighted,340,262,340,262,249,13,0.05,0.0,0.0,16.0,estimated,562,20,844,30,0.6,0.6,0.16970969334007455,0.3,0.7,0.5971563981042654,262,340,504,19,1.5309309544179681,0.9230945496304301,0.4285714285714286,2.333333333333333,249.3465206460579,2.043444677673736,0.656772686944529,0.4285714285714286,2.333333333333333,237.46920124830086,0.7891023136188766,0.4997955511052259,0.2547390472881718,2.267768207216352,121.32800121873834,1.9032260934558667,0.8795005619846304,0.2547390472881718,3.4813166894697343,215.89622171435036
15,vowels,inne,empirical_weighted,340,262,340,262,249,13,0.05,0.0,0.0,16.0,estimated,562,20,844,30,0.6,0.6,0.16970969334007455,0.3,0.7,0.5971563981042654,262,340,504,19,1.5309309544179681,0.9230945496304301,0.4285714285714286,2.333333333333333,249.3465206460579,2.043444677673736,0.656772686944529,0.4285714285714286,2.333333333333333,237.46920124830086,0.7891023136188766,0.4997955511052259,0.2547390472881718,2.267768207216352,121.32800121873834,1.9032260934558667,0.8795005619846304,0.2547390472881718,3.4813166894697343,215.89622171435036
16,vowels,inne,empirical_randomized_weighted,343,263,343,263,250,13,0.049,0.0,0.0,16.0,estimated,562,20,844,30,0.6,0.5999999999999999,0.17084703690725012,0.3,0.7,0.5936018957345972,263,343,501,25,1.4801459749431587,0.9335131917123027,0.4285714285714286,2.333333333333333,245.39090531118242,2.0913716352596348,0.6238778010818534,0.4285714285714286,2.333333333333333,241.50839407659933,0.7652303653650904,0.4802157367244014,0.20059146014739793,2.2501577633247636,123.4026272342254,2.011007704652399,0.935338983406636,0.20059146014739793,3.6677218268445912,216.22475990508576
16,vowels,inne,empirical_weighted,343,263,343,263,250,13,0.049,0.0,0.0,16.0,estimated,562,20,844,30,0.6,0.5999999999999999,0.17084703690725012,0.3,0.7,0.5936018957345972,263,343,501,25,1.4801459749431587,0.9335131917123027,0.4285714285714286,2.333333333333333,245.39090531118242,2.0913716352596348,0.6238778010818534,0.4285714285714286,2.333333333333333,241.50839407659933,0.7652303653650904,0.4802157367244014,0.20059146014739793,2.2501577633247636,123.4026272342254,2.011007704652399,0.935338983406636,0.20059146014739793,3.6677218268445912,216.22475990508576
17,vowels,inne,empirical_randomized_weighted,333,267,333,267,254,13,0.049,0.0,0.0,16.0,estimated,562,20,844,30,0.6,0.5999999999999999,0.17030064961805594,0.3,0.7,0.6054502369668247,267,333,511,23,1.4465130998408586,0.9393960192874098,0.4285714285714286,2.333333333333333,234.2187771479854,2.1482891656240235,0.5461988087563527,0.4285714285714286,2.333333333333333,250.7884846392681,0.8067544018392722,0.42627743572269805,0.32202584529393097,2.2991993435546147,130.55122392780672,1.7988310076678977,0.7453923361871335,0.3365110792424057,3.0398177647417977,227.87258204738893
17,vowels,inne,empirical_weighted,333,267,333,267,254,13,0.049,0.0,0.0,16.0,estimated,562,20,844,30,0.6,0.5999999999999999,0.17030064961805594,0.3,0.7,0.6054502369668247,267,333,511,23,1.4465130998408586,0.9393960192874098,0.4285714285714286,2.333333333333333,234.2187771479854,2.1482891656240235,0.5461988087563527,0.4285714285714286,2.333333333333333,250.7884846392681,0.8067544018392722,0.42627743572269805,0.32202584529393097,2.2991993435546147,130.55122392780672,1.7988310076678977,0.7453923361871335,0.3365110792424057,3.0398177647417977,227.87258204738893
18,vowels,inne,empirical_randomized_weighted,337,265,337,265,252,13,0.049,0.0,0.0,16.0,estimated,562,20,844,30,0.6,0.6,0.17045252684616655,0.3,0.7,0.6007109004739336,265,337,507,23,1.5270798037361724,0.9251845138449011,0.4285714285714286,2.333333333333333,246.5149996507507,2.100485741890786,0.6155317425151838,0.4285714285714286,2.333333333333333,244.0430589216271,0.7665362658760008,0.4873843985581678,0.19917815707260322,2.6802618707350456,120.3467226322079,2.0478597543322024,0.9226460795922748,0.30275104416590287,3.6916459056857747,220.28486736870684
18,vowels,inne,empirical_weighted,337,265,337,265,252,13,0.049,0.0,0.0,16.0,estimated,562,20,844,30,0.6,0.6,0.17045252684616655,0.3,0.7,0.6007109004739336,265,337,507,23,1.5270798037361724,0.9251845138449011,0.4285714285714286,2.333333333333333,246.5149996507507,2.100485741890786,0.6155317425151838,0.4285714285714286,2.333333333333333,244.0430589216271,0.7665362658760008,0.4873843985581678,0.19917815707260322,2.6802618707350456,120.3467226322079,2.0478597543322024,0.9226460795922748,0.30275104416590287,3.6916459056857747,220.28486736870684
19,vowels,inne,empirical_randomized_weighted,343,262,343,262,249,13,0.05,0.0,0.0,16.0,estimated,562,20,844,30,0.6,0.5999999999999999,0.1698634405648983,0.3,0.7,0.5936018957345972,262,343,501,22,1.5294483085777009,0.9259142232467555,0.4285714285714286,2.333333333333333,251.00654193312278,2.0508098012488425,0.6622851221648932,0.4285714285714286,2.333333333333333,237.25669514936897,0.8231047282210735,0.4052311212458601,0.3137902844782018,2.0545802676728235,138.4440408876989,1.6722038333590035,0.65735176545709,0.33437976878204617,2.8508155781328006,226.93186146631356
19,vowels,inne,empirical_weighted,343,262,343,262,249,13,0.05,0.0,0.0,16.0,estimated,562,20,844,30,0.6,0.5999999999999999,0.1698634405648983,0.3,0.7,0.5936018957345972,262,343,501,22,1.5294483085777009,0.9259142232467555,0.4285714285714286,2.333333333333333,251.00654193312278,2.0508098012488425,0.6622851221648932,0.4285714285714286,2.333333333333333,237.25669514936897,0.8231047282210735,0.4052311212458601,0.3137902844782018,2.0545802676728235,138.4440408876989,1.6722038333590035,0.65735176545709,0.33437976878204617,2.8508155781328006,226.93186146631356
20,vowels,inne,empirical_randomized_weighted,315,275,315,275,261,14,0.051,0.0,0.0,16.0,estimated,562,20,844,30,0.6,0.5999999999999999,0.16954788415219585,0.3,0.7,0.6267772511848341,275,315,529,21,1.5154453389329514,0.9279788697750866,0.4285714285714286,2.333333333333333,229.0960371050537,2.0890557881893543,0.6184183085882536,0.4285714285714286,2.333333333333333,252.84278524476693,0.7804434827866996,0.5623821913495319,0.18749226184311177,2.8340022008365415,103.99838094204864,2.206375126252022,1.0334393372615762,0.31402619344582494,4.0646287569770685,225.52311648682874
20,vowels,inne,empirical_weighted,315,275,315,275,261,14,0.051,0.0,0.0,16.0,estimated,562,20,844,30,0.6,0.5999999999999999,0.16954788415219585,0.3,0.7,0.6267772511848341,275,315,529,21,1.5154453389329514,0.9279788697750866,0.4285714285714286,2.333333333333333,229.0960371050537,2.0890557881893543,0.6184183085882536,0.4285714285714286,2.333333333333333,252.84278524476693,0.7804434827866996,0.5623821913495319,0.18749226184311177,2.8340022008365415,103.99838094204864,2.206375126252022,1.0334393372615762,0.31402619344582494,4.0646287569770685,225.52311648682874
21,vowels,inne,empirical_randomized_weighted,339,263,339,263,250,13,0.049,0.0,0.0,16.0,estimated,562,20,844,30,0.6,0.6,0.17074171839863947,0.3,0.7,0.5983412322274881,263,339,505,21,1.5114771931653832,0.9344600210234391,0.4285714285714286,2.333333333333333,245.2568722152079,2.087702836811327,0.618806671296759,0.4285714285714286,2.333333333333333,241.75988553063777,0.8314089913475177,0.39129843783009766,0.303021029549522,1.8754241383900818,139.17238862465004,1.670147403753756,0.6367144809659948,0.303021029549522,2.8824029844199193,229.62649327967654
21,vowels,inne,empirical_weighted,339,263,339,263,250,13,0.049,0.0,0.0,16.0,estimated,562,20,844,30,0.6,0.6,0.17074171839863947,0.3,0.7,0.5983412322274881,263,339,505,21,1.5114771931653832,0.9344600210234391,0.4285714285714286,2.333333333333333,245.2568722152079,2.087702836811327,0.618806671296759,0.4285714285714286,2.333333333333333,241.75988553063777,0.8314089913475177,0.39129843783009766,0.303021029549522,1.8754241383900818,139.17238862465004,1.670147403753756,0.6367144809659948,0.303021029549522,2.8824029844199193,229.62649327967654
22,vowels,inne,empirical_randomized_weighted,326,266,326,266,253,13,0.049,0.0,0.0,16.0,estimated,562,20,844,30,0.6,0.5999999999999999,0.17029067735208725,0.3,0.7,0.6137440758293838,266,326,518,15,1.5441509672895486,0.9278005019688921,0.4285714285714286,2.333333333333333,239.52646753972823,2.082535929872179,0.6278060972649853,0.4285714285714286,2.333333333333333,243.83994171321243,0.8028949857881675,0.45269002010862175,0.31175054931667456,2.10780464242275,123.68203914314628,1.7761265779531368,0.7038922663873066,0.3555223876082928,2.806356767077054,229.8930788365262
22,vowels,inne,empirical_weighted,326,266,326,266,253,13,0.049,0.0,0.0,16.0,estimated,562,20,844,30,0.6,0.5999999999999999,0.17029067735208725,0.3,0.7,0.6137440758293838,266,326,518,15,1.5441509672895486,0.9278005019688921,0.4285714285714286,2.333333333333333,239.52646753972823,2.082535929872179,0.6278060972649853,0.4285714285714286,2.333333333333333,243.83994171321243,0.8028949857881675,0.45269002010862175,0.31175054931667456,2.10780464242275,123.68203914314628,1.7761265779531368,0.7038922663873066,0.3555223876082928,2.806356767077054,229.8930788365262
23,vowels,inne,empirical_randomized_weighted,350,256,350,256,243,13,0.051,0.0,0.0,16.0,estimated,562,20,844,30,0.6,0.5999999999999999,0.17056424789936467,0.3,0.7,0.5853080568720379,256,350,494,19,1.45858927446787,0.9357231891367782,0.4285714285714286,2.333333333333333,247.9533531230808,2.1255819553962003,0.5781248505957862,0.4285714285714286,2.333333333333333,238.3667168519895,0.7738346805677276,0.5364405936702195,0.2538234274973161,2.5530995510981684,118.19858385769092,2.0466965005595155,0.954998705851006,0.27552920349916155,3.749541248381871,210.2289224834449
23,vowels,inne,empirical_weighted,350,256,350,256,243,13,0.051,0.0,0.0,16.0,estimated,562,20,844,30,0.6,0.5999999999999999,0.17056424789936467,0.3,0.7,0.5853080568720379,256,350,494,19,1.45858927446787,0.9357231891367782,0.4285714285714286,2.333333333333333,247.9533531230808,2.1255819553962003,0.5781248505957862,0.4285714285714286,2.333333333333333,238.3667168519895,0.7738346805677276,0.5364405936702195,0.2538234274973161,2.5530995510981684,118.19858385769092,2.0466965005595155,0.954998705851006,0.27552920349916155,3.749541248381871,210.2289224834449
24,vowels,inne,empirical_randomized_weighted,322,272,322,272,258,14,0.051,0.0,0.0,16.0,estimated,562,20,844,30,0.6,0.5999999999999999,0.16862402730005652,0.3,0.7,0.6184834123222749,272,322,522,21,1.4408708947862767,0.9318037153799212,0.4285714285714286,2.333333333333333,227.0461035038678,2.1040914251048957,0.5958516961191369,0.4285714285714286,2.333333333333333,251.8063930435197,0.7829888035458247,0.6049771627274012,0.2614411968867025,3.164504287830971,100.81467480669234,2.3115963177336756,1.3447597231901052,0.365873053702351,4.852279693829216,203.2235882793346
24,vowels,inne,empirical_weighted,322,272,322,272,258,14,0.051,0.0,0.0,16.0,estimated,562,20,844,30,0.6,0.5999999999999999,0.16862402730005652,0.3,0.7,0.6184834123222749,272,322,522,21,1.4408708947862767,0.9318037153799212,0.4285714285714286,2.333333333333333,227.0461035038678,2.1040914251048957,0.5958516961191369,0.4285714285714286,2.333333333333333,251.8063930435197,0.7829888035458247,0.6049771627274012,0.2614411968867025,3.164504287830971,100.81467480669234,2.3115963177336756,1.3447597231901052,0.365873053702351,4.852279693829216,203.2235882793346
25,vowels,inne,empirical_randomized_weighted,360,254,360,254,241,13,0.051,0.0,0.077,16.0,estimated,562,20,844,30,0.6,0.5999999999999999,0.17052508350277126,0.3,0.7,0.5734597156398105,254,360,484,25,1.5233165909240205,0.9264697069353329,0.4285714285714286,2.333333333333333,262.7932686823458,2.053348035693899,0.6635890313092051,0.4285714285714286,2.333333333333333,229.98048424692283,0.836497211605368,0.5418286739134454,0.29401153594167145,2.359333703445021,126.79977607857509,1.8221061680933954,0.7453306174313992,0.3671438003938671,2.87916162846507,217.5922392239269
25,vowels,inne,empirical_weighted,360,254,360,254,241,13,0.051,0.0,0.0,16.0,estimated,562,20,844,30,0.6,0.5999999999999999,0.17052508350277126,0.3,0.7,0.5734597156398105,254,360,484,25,1.5233165909240205,0.9264697069353329,0.4285714285714286,2.333333333333333,262.7932686823458,2.053348035693899,0.6635890313092051,0.4285714285714286,2.333333333333333,229.98048424692283,0.836497211605368,0.5418286739134454,0.29401153594167145,2.359333703445021,126.79977607857509,1.8221061680933954,0.7453306174313992,0.3671438003938671,2.87916162846507,217.5922392239269
