seed,dataset,model,approach,train_size,test_size,n_train,n_test,n_test_normal,n_test_anomaly,actual_anomaly_rate,fdr,power,severity,weight_mode,n_normal_model_selection_excluded,n_anomaly_model_selection_excluded,n_normal_evaluation_pool,n_anomaly_evaluation_pool,target_test_probability,propensity_mean,propensity_std,propensity_min_observed,propensity_max_observed,normal_test_assignment_rate,target_test_size,n_normal_rejection_pool,n_normal_accepted_pool,n_anomaly_accepted_pool,oracle_calib_weight_mean,oracle_calib_weight_std,oracle_calib_weight_min,oracle_calib_weight_max,oracle_calib_weight_ess,oracle_test_weight_mean,oracle_test_weight_std,oracle_test_weight_min,oracle_test_weight_max,oracle_test_weight_ess,used_calib_weight_mean,used_calib_weight_std,used_calib_weight_min,used_calib_weight_max,used_calib_weight_ess,used_test_weight_mean,used_test_weight_std,used_test_weight_min,used_test_weight_max,used_test_weight_ess
1,wbc,iforest,empirical,53,40,53,40,38,2,0.05,0.0,0.0,0.0,estimated,85,4,128,6,0.6,0.6000000000000002,0.0,0.6000000000000002,0.6000000000000002,0.5859375,40,53,75,4,1.5000000000000013,0.0,1.5000000000000013,1.5000000000000013,53.00000000000001,1.5000000000000013,0.0,1.5000000000000013,1.5000000000000013,40.00000000000001,,,,,0.0,,,,,0.0
1,wbc,iforest,empirical_randomized,53,40,53,40,38,2,0.05,0.5,0.5,0.0,estimated,85,4,128,6,0.6,0.6000000000000002,0.0,0.6000000000000002,0.6000000000000002,0.5859375,40,53,75,4,1.5000000000000013,0.0,1.5000000000000013,1.5000000000000013,53.00000000000001,1.5000000000000013,0.0,1.5000000000000013,1.5000000000000013,40.00000000000001,,,,,0.0,,,,,0.0
1,wbc,iforest,empirical_randomized_weighted,53,40,53,40,38,2,0.05,1.0,0.0,0.0,estimated,85,4,128,6,0.6,0.6000000000000002,0.0,0.6000000000000002,0.6000000000000002,0.5859375,40,53,75,4,1.5000000000000013,0.0,1.5000000000000013,1.5000000000000013,53.00000000000001,1.5000000000000013,0.0,1.5000000000000013,1.5000000000000013,40.00000000000001,0.9550480627276063,0.178711581826759,0.7924654055358838,1.3497244390735479,26.086576807029427,1.0625119725510115,0.19591876891998858,0.7924654055358838,1.506534769436382,38.68470341344409
1,wbc,iforest,empirical_weighted,53,40,53,40,38,2,0.05,0.0,0.0,0.0,estimated,85,4,128,6,0.6,0.6000000000000002,0.0,0.6000000000000002,0.6000000000000002,0.5859375,40,53,75,4,1.5000000000000013,0.0,1.5000000000000013,1.5000000000000013,53.00000000000001,1.5000000000000013,0.0,1.5000000000000013,1.5000000000000013,40.00000000000001,0.9550480627276063,0.178711581826759,0.7924654055358838,1.3497244390735479,26.086576807029427,1.0625119725510115,0.19591876891998858,0.7924654055358838,1.506534769436382,38.68470341344409
2,wbc,iforest,empirical,51,40,51,40,38,2,0.05,0.0,0.0,0.0,estimated,85,4,128,6,0.6,0.6000000000000002,0.0,0.6000000000000002,0.6000000000000002,0.6015625,40,51,77,3,1.5000000000000013,0.0,1.5000000000000013,1.5000000000000013,51.000000000000014,1.5000000000000013,0.0,1.5000000000000013,1.5000000000000013,40.00000000000001,,,,,0.0,,,,,0.0
2,wbc,iforest,empirical_randomized,51,40,51,40,38,2,0.05,0.0,0.0,0.0,estimated,85,4,128,6,0.6,0.6000000000000002,0.0,0.6000000000000002,0.6000000000000002,0.6015625,40,51,77,3,1.5000000000000013,0.0,1.5000000000000013,1.5000000000000013,51.000000000000014,1.5000000000000013,0.0,1.5000000000000013,1.5000000000000013,40.00000000000001,,,,,0.0,,,,,0.0
2,wbc,iforest,empirical_randomized_weighted,51,40,51,40,38,2,0.05,0.0,0.0,0.0,estimated,85,4,128,6,0.6,0.6000000000000002,0.0,0.6000000000000002,0.6000000000000002,0.6015625,40,51,77,3,1.5000000000000013,0.0,1.5000000000000013,1.5000000000000013,51.000000000000014,1.5000000000000013,0.0,1.5000000000000013,1.5000000000000013,40.00000000000001,0.9628867513031432,0.21839128583952072,0.7002422654737365,1.4021973705555888,24.727938522832822,1.1600289446380396,0.22422250255263546,0.7490667138450254,1.4726970621327464,38.559375709093345
2,wbc,iforest,empirical_weighted,51,40,51,40,38,2,0.05,0.0,0.0,0.0,estimated,85,4,128,6,0.6,0.6000000000000002,0.0,0.6000000000000002,0.6000000000000002,0.6015625,40,51,77,3,1.5000000000000013,0.0,1.5000000000000013,1.5000000000000013,51.000000000000014,1.5000000000000013,0.0,1.5000000000000013,1.5000000000000013,40.00000000000001,0.9628867513031432,0.21839128583952072,0.7002422654737365,1.4021973705555888,24.727938522832822,1.1600289446380396,0.22422250255263546,0.7490667138450254,1.4726970621327464,38.559375709093345
3,wbc,hbos,empirical,53,39,53,39,37,2,0.051,0.0,0.0,0.0,estimated,85,4,128,6,0.6,0.6000000000000002,0.0,0.6000000000000002,0.6000000000000002,0.5859375,39,53,75,3,1.5000000000000013,0.0,1.5000000000000013,1.5000000000000013,53.00000000000001,1.500000000000001,2.220446049250313e-16,1.5000000000000013,1.5000000000000013,39.0,,,,,0.0,,,,,0.0
3,wbc,hbos,empirical_randomized,53,39,53,39,37,2,0.051,0.0,0.0,0.0,estimated,85,4,128,6,0.6,0.6000000000000002,0.0,0.6000000000000002,0.6000000000000002,0.5859375,39,53,75,3,1.5000000000000013,0.0,1.5000000000000013,1.5000000000000013,53.00000000000001,1.500000000000001,2.220446049250313e-16,1.5000000000000013,1.5000000000000013,39.0,,,,,0.0,,,,,0.0
3,wbc,hbos,empirical_randomized_weighted,53,39,53,39,37,2,0.051,0.0,0.0,0.0,estimated,85,4,128,6,0.6,0.6000000000000002,0.0,0.6000000000000002,0.6000000000000002,0.5859375,39,53,75,3,1.5000000000000013,0.0,1.5000000000000013,1.5000000000000013,53.00000000000001,1.500000000000001,2.220446049250313e-16,1.5000000000000013,1.5000000000000013,39.0,0.9831340922635187,0.18446918407350998,0.8021347710353105,1.4839263305262023,26.08175422469749,1.1075877837904575,0.2404053931886567,0.8021347710353105,1.520986285530231,37.24529730216895
3,wbc,hbos,empirical_weighted,53,39,53,39,37,2,0.051,0.0,0.0,0.0,estimated,85,4,128,6,0.6,0.6000000000000002,0.0,0.6000000000000002,0.6000000000000002,0.5859375,39,53,75,3,1.5000000000000013,0.0,1.5000000000000013,1.5000000000000013,53.00000000000001,1.500000000000001,2.220446049250313e-16,1.5000000000000013,1.5000000000000013,39.0,0.9831340922635187,0.18446918407350998,0.8021347710353105,1.4839263305262023,26.08175422469749,1.1075877837904575,0.2404053931886567,0.8021347710353105,1.520986285530231,37.24529730216895
4,wbc,iforest,empirical,52,40,52,40,38,2,0.05,0.0,0.0,0.0,estimated,85,4,128,6,0.6,0.6000000000000002,0.0,0.6000000000000002,0.6000000000000002,0.59375,40,52,76,5,1.5000000000000013,0.0,1.5000000000000013,1.5000000000000013,52.000000000000014,1.5000000000000013,0.0,1.5000000000000013,1.5000000000000013,40.00000000000001,,,,,0.0,,,,,0.0
4,wbc,iforest,empirical_randomized,52,40,52,40,38,2,0.05,0.0,0.0,0.0,estimated,85,4,128,6,0.6,0.6000000000000002,0.0,0.6000000000000002,0.6000000000000002,0.59375,40,52,76,5,1.5000000000000013,0.0,1.5000000000000013,1.5000000000000013,52.000000000000014,1.5000000000000013,0.0,1.5000000000000013,1.5000000000000013,40.00000000000001,,,,,0.0,,,,,0.0
4,wbc,iforest,empirical_randomized_weighted,52,40,52,40,38,2,0.05,0.0,0.0,0.0,estimated,85,4,128,6,0.6,0.6000000000000002,0.0,0.6000000000000002,0.6000000000000002,0.59375,40,52,76,5,1.5000000000000013,0.0,1.5000000000000013,1.5000000000000013,52.000000000000014,1.5000000000000013,0.0,1.5000000000000013,1.5000000000000013,40.00000000000001,0.9261307494918269,0.18494165150649164,0.720342930822542,1.4226801907761513,25.00295183305994,1.1948116503183939,0.31025052830618505,0.720342930822542,1.6967486904438716,37.47333040415174
4,wbc,iforest,empirical_weighted,52,40,52,40,38,2,0.05,0.0,0.0,0.0,estimated,85,4,128,6,0.6,0.6000000000000002,0.0,0.6000000000000002,0.6000000000000002,0.59375,40,52,76,5,1.5000000000000013,0.0,1.5000000000000013,1.5000000000000013,52.000000000000014,1.5000000000000013,0.0,1.5000000000000013,1.5000000000000013,40.00000000000001,0.9261307494918269,0.18494165150649164,0.720342930822542,1.4226801907761513,25.00295183305994,1.1948116503183939,0.31025052830618505,0.720342930822542,1.6967486904438716,37.47333040415174
5,wbc,iforest,empirical,54,39,54,39,37,2,0.051,0.0,0.0,0.0,estimated,85,4,128,6,0.6,0.6000000000000002,0.0,0.6000000000000002,0.6000000000000002,0.578125,39,54,74,4,1.5000000000000013,0.0,1.5000000000000013,1.5000000000000013,54.000000000000014,1.500000000000001,2.220446049250313e-16,1.5000000000000013,1.5000000000000013,39.0,,,,,0.0,,,,,0.0
5,wbc,iforest,empirical_randomized,54,39,54,39,37,2,0.051,0.0,0.0,0.0,estimated,85,4,128,6,0.6,0.6000000000000002,0.0,0.6000000000000002,0.6000000000000002,0.578125,39,54,74,4,1.5000000000000013,0.0,1.5000000000000013,1.5000000000000013,54.000000000000014,1.500000000000001,2.220446049250313e-16,1.5000000000000013,1.5000000000000013,39.0,,,,,0.0,,,,,0.0
5,wbc,iforest,empirical_randomized_weighted,54,39,54,39,37,2,0.051,0.0,0.0,0.0,estimated,85,4,128,6,0.6,0.6000000000000002,0.0,0.6000000000000002,0.6000000000000002,0.578125,39,54,74,4,1.5000000000000013,0.0,1.5000000000000013,1.5000000000000013,54.000000000000014,1.500000000000001,2.220446049250313e-16,1.5000000000000013,1.5000000000000013,39.0,0.9251693080125386,0.2217525481163087,0.7189820769195493,1.5414853571888154,25.533106893875818,1.1649613801582532,0.3227176562604047,0.7189820769195493,1.6548019843693573,36.22043960948593
5,wbc,iforest,empirical_weighted,54,39,54,39,37,2,0.051,0.0,0.0,0.0,estimated,85,4,128,6,0.6,0.6000000000000002,0.0,0.6000000000000002,0.6000000000000002,0.578125,39,54,74,4,1.5000000000000013,0.0,1.5000000000000013,1.5000000000000013,54.000000000000014,1.500000000000001,2.220446049250313e-16,1.5000000000000013,1.5000000000000013,39.0,0.9251693080125386,0.2217525481163087,0.7189820769195493,1.5414853571888154,25.533106893875818,1.1649613801582532,0.3227176562604047,0.7189820769195493,1.6548019843693573,36.22043960948593
6,wbc,iforest,empirical,56,38,56,38,36,2,0.053,0.0,0.0,0.0,estimated,85,4,128,6,0.6,0.6000000000000002,0.0,0.6000000000000002,0.6000000000000002,0.5625,38,56,72,4,1.5000000000000016,2.220446049250313e-16,1.5000000000000013,1.5000000000000013,56.00000000000002,1.500000000000001,2.220446049250313e-16,1.5000000000000013,1.5000000000000013,38.0,,,,,0.0,,,,,0.0
6,wbc,iforest,empirical_randomized,56,38,56,38,36,2,0.053,0.0,0.0,0.0,estimated,85,4,128,6,0.6,0.6000000000000002,0.0,0.6000000000000002,0.6000000000000002,0.5625,38,56,72,4,1.5000000000000016,2.220446049250313e-16,1.5000000000000013,1.5000000000000013,56.00000000000002,1.500000000000001,2.220446049250313e-16,1.5000000000000013,1.5000000000000013,38.0,,,,,0.0,,,,,0.0
6,wbc,iforest,empirical_randomized_weighted,56,38,56,38,36,2,0.053,0.0,0.0,0.0,estimated,85,4,128,6,0.6,0.6000000000000002,0.0,0.6000000000000002,0.6000000000000002,0.5625,38,56,72,4,1.5000000000000016,2.220446049250313e-16,1.5000000000000013,1.5000000000000013,56.00000000000002,1.500000000000001,2.220446049250313e-16,1.5000000000000013,1.5000000000000013,38.0,0.8833725267488403,0.25544147630765807,0.6035608237590484,1.6930461309090439,25.839385733387108,1.3499376216175076,0.47707619484629143,0.6035608237590484,2.1874449507397546,33.78090441809748
6,wbc,iforest,empirical_weighted,56,38,56,38,36,2,0.053,0.0,0.0,0.0,estimated,85,4,128,6,0.6,0.6000000000000002,0.0,0.6000000000000002,0.6000000000000002,0.5625,38,56,72,4,1.5000000000000016,2.220446049250313e-16,1.5000000000000013,1.5000000000000013,56.00000000000002,1.500000000000001,2.220446049250313e-16,1.5000000000000013,1.5000000000000013,38.0,0.8833725267488403,0.25544147630765807,0.6035608237590484,1.6930461309090439,25.839385733387108,1.3499376216175076,0.47707619484629143,0.6035608237590484,2.1874449507397546,33.78090441809748
7,wbc,iforest,empirical,50,40,50,40,38,2,0.05,0.0,0.0,0.0,estimated,85,4,128,6,0.6,0.6000000000000002,0.0,0.6000000000000002,0.6000000000000002,0.609375,40,50,78,3,1.5000000000000013,0.0,1.5000000000000013,1.5000000000000013,50.000000000000014,1.5000000000000013,0.0,1.5000000000000013,1.5000000000000013,40.00000000000001,,,,,0.0,,,,,0.0
7,wbc,iforest,empirical_randomized,50,40,50,40,38,2,0.05,0.0,0.0,0.0,estimated,85,4,128,6,0.6,0.6000000000000002,0.0,0.6000000000000002,0.6000000000000002,0.609375,40,50,78,3,1.5000000000000013,0.0,1.5000000000000013,1.5000000000000013,50.000000000000014,1.5000000000000013,0.0,1.5000000000000013,1.5000000000000013,40.00000000000001,,,,,0.0,,,,,0.0
7,wbc,iforest,empirical_randomized_weighted,50,40,50,40,38,2,0.05,0.0,0.0,0.0,estimated,85,4,128,6,0.6,0.6000000000000002,0.0,0.6000000000000002,0.6000000000000002,0.609375,40,50,78,3,1.5000000000000013,0.0,1.5000000000000013,1.5000000000000013,50.000000000000014,1.5000000000000013,0.0,1.5000000000000013,1.5000000000000013,40.00000000000001,0.9481955001807156,0.2432431563709149,0.7025770775453797,1.5386693084069656,23.456359749272146,1.2246375530156537,0.32791673349084105,0.7025770775453797,1.8240182378985805,37.32391902049316
7,wbc,iforest,empirical_weighted,50,40,50,40,38,2,0.05,0.0,0.0,0.0,estimated,85,4,128,6,0.6,0.6000000000000002,0.0,0.6000000000000002,0.6000000000000002,0.609375,40,50,78,3,1.5000000000000013,0.0,1.5000000000000013,1.5000000000000013,50.000000000000014,1.5000000000000013,0.0,1.5000000000000013,1.5000000000000013,40.00000000000001,0.9481955001807156,0.2432431563709149,0.7025770775453797,1.5386693084069656,23.456359749272146,1.2246375530156537,0.32791673349084105,0.7025770775453797,1.8240182378985805,37.32391902049316
8,wbc,hbos,empirical,44,44,44,44,42,2,0.045,0.0,0.0,0.0,estimated,85,4,128,6,0.6,0.6000000000000002,0.0,0.6000000000000002,0.6000000000000002,0.65625,44,44,84,3,1.5000000000000013,0.0,1.5000000000000013,1.5000000000000013,44.00000000000001,1.5000000000000013,0.0,1.5000000000000013,1.5000000000000013,44.00000000000001,,,,,0.0,,,,,0.0
8,wbc,hbos,empirical_randomized,44,44,44,44,42,2,0.045,0.0,0.0,0.0,estimated,85,4,128,6,0.6,0.6000000000000002,0.0,0.6000000000000002,0.6000000000000002,0.65625,44,44,84,3,1.5000000000000013,0.0,1.5000000000000013,1.5000000000000013,44.00000000000001,1.5000000000000013,0.0,1.5000000000000013,1.5000000000000013,44.00000000000001,,,,,0.0,,,,,0.0
8,wbc,hbos,empirical_randomized_weighted,44,44,44,44,42,2,0.045,0.0,0.0,0.0,estimated,85,4,128,6,0.6,0.6000000000000002,0.0,0.6000000000000002,0.6000000000000002,0.65625,44,44,84,3,1.5000000000000013,0.0,1.5000000000000013,1.5000000000000013,44.00000000000001,1.5000000000000013,0.0,1.5000000000000013,1.5000000000000013,44.00000000000001,0.9875164623733025,0.10188113829640204,0.8642049070244633,1.203821402880761,21.768301388905797,1.0657378323898383,0.12296965626667551,0.8749911744831406,1.2578691216592388,43.421898678942554
8,wbc,hbos,empirical_weighted,44,44,44,44,42,2,0.045,0.0,0.0,0.0,estimated,85,4,128,6,0.6,0.6000000000000002,0.0,0.6000000000000002,0.6000000000000002,0.65625,44,44,84,3,1.5000000000000013,0.0,1.5000000000000013,1.5000000000000013,44.00000000000001,1.5000000000000013,0.0,1.5000000000000013,1.5000000000000013,44.00000000000001,0.9875164623733025,0.10188113829640204,0.8642049070244633,1.203821402880761,21.768301388905797,1.0657378323898383,0.12296965626667551,0.8749911744831406,1.2578691216592388,43.421898678942554
9,wbc,iforest,empirical,60,36,60,36,34,2,0.056,0.0,0.0,0.0,estimated,85,4,128,6,0.6,0.6000000000000002,0.0,0.6000000000000002,0.6000000000000002,0.53125,36,60,68,4,1.5000000000000013,0.0,1.5000000000000013,1.5000000000000013,60.000000000000014,1.500000000000001,2.220446049250313e-16,1.5000000000000013,1.5000000000000013,36.0,,,,,0.0,,,,,0.0
9,wbc,iforest,empirical_randomized,60,36,60,36,34,2,0.056,0.0,0.5,0.0,estimated,85,4,128,6,0.6,0.6000000000000002,0.0,0.6000000000000002,0.6000000000000002,0.53125,36,60,68,4,1.5000000000000013,0.0,1.5000000000000013,1.5000000000000013,60.000000000000014,1.500000000000001,2.220446049250313e-16,1.5000000000000013,1.5000000000000013,36.0,,,,,0.0,,,,,0.0
9,wbc,iforest,empirical_randomized_weighted,60,36,60,36,34,2,0.056,0.0,0.0,0.0,estimated,85,4,128,6,0.6,0.6000000000000002,0.0,0.6000000000000002,0.6000000000000002,0.53125,36,60,68,4,1.5000000000000013,0.0,1.5000000000000013,1.5000000000000013,60.000000000000014,1.500000000000001,2.220446049250313e-16,1.5000000000000013,1.5000000000000013,36.0,0.8813036526330831,0.27256446194694456,0.5352897770062962,1.4107172205573297,27.38099379759704,1.2205314658096864,0.3215068923692698,0.5352897770062962,1.717695195667906,33.66412325458112
9,wbc,iforest,empirical_weighted,60,36,60,36,34,2,0.056,0.0,0.0,0.0,estimated,85,4,128,6,0.6,0.6000000000000002,0.0,0.6000000000000002,0.6000000000000002,0.53125,36,60,68,4,1.5000000000000013,0.0,1.5000000000000013,1.5000000000000013,60.000000000000014,1.500000000000001,2.220446049250313e-16,1.5000000000000013,1.5000000000000013,36.0,0.8813036526330831,0.27256446194694456,0.5352897770062962,1.4107172205573297,27.38099379759704,1.2205314658096864,0.3215068923692698,0.5352897770062962,1.717695195667906,33.66412325458112
10,wbc,iforest,empirical,48,42,48,42,40,2,0.048,0.0,0.0,0.0,estimated,85,4,128,6,0.6,0.6000000000000002,0.0,0.6000000000000002,0.6000000000000002,0.625,42,48,80,3,1.5000000000000016,2.220446049250313e-16,1.5000000000000013,1.5000000000000013,48.00000000000001,1.5000000000000013,0.0,1.5000000000000013,1.5000000000000013,42.00000000000001,,,,,0.0,,,,,0.0
10,wbc,iforest,empirical_randomized,48,42,48,42,40,2,0.048,0.0,0.0,0.0,estimated,85,4,128,6,0.6,0.6000000000000002,0.0,0.6000000000000002,0.6000000000000002,0.625,42,48,80,3,1.5000000000000016,2.220446049250313e-16,1.5000000000000013,1.5000000000000013,48.00000000000001,1.5000000000000013,0.0,1.5000000000000013,1.5000000000000013,42.00000000000001,,,,,0.0,,,,,0.0
10,wbc,iforest,empirical_randomized_weighted,48,42,48,42,40,2,0.048,0.0,0.0,0.0,estimated,85,4,128,6,0.6,0.6000000000000002,0.0,0.6000000000000002,0.6000000000000002,0.625,42,48,80,3,1.5000000000000016,2.220446049250313e-16,1.5000000000000013,1.5000000000000013,48.00000000000001,1.5000000000000013,0.0,1.5000000000000013,1.5000000000000013,42.00000000000001,0.9749600148792457,0.16881980057497883,0.722334763469127,1.4225968867161687,23.3013584712235,1.1843855979975575,0.21494686390087778,0.722334763469127,1.5055326306260293,40.660780687656285
10,wbc,iforest,empirical_weighted,48,42,48,42,40,2,0.048,0.0,0.0,0.0,estimated,85,4,128,6,0.6,0.6000000000000002,0.0,0.6000000000000002,0.6000000000000002,0.625,42,48,80,3,1.5000000000000016,2.220446049250313e-16,1.5000000000000013,1.5000000000000013,48.00000000000001,1.5000000000000013,0.0,1.5000000000000013,1.5000000000000013,42.00000000000001,0.9749600148792457,0.16881980057497883,0.722334763469127,1.4225968867161687,23.3013584712235,1.1843855979975575,0.21494686390087778,0.722334763469127,1.5055326306260293,40.660780687656285
11,wbc,iforest,empirical,44,44,44,44,42,2,0.045,0.0,0.0,0.0,estimated,85,4,128,6,0.6,0.6000000000000002,0.0,0.6000000000000002,0.6000000000000002,0.65625,44,44,84,4,1.5000000000000013,0.0,1.5000000000000013,1.5000000000000013,44.00000000000001,1.5000000000000013,0.0,1.5000000000000013,1.5000000000000013,44.00000000000001,,,,,0.0,,,,,0.0
11,wbc,iforest,empirical_randomized,44,44,44,44,42,2,0.045,0.0,0.0,0.0,estimated,85,4,128,6,0.6,0.6000000000000002,0.0,0.6000000000000002,0.6000000000000002,0.65625,44,44,84,4,1.5000000000000013,0.0,1.5000000000000013,1.5000000000000013,44.00000000000001,1.5000000000000013,0.0,1.5000000000000013,1.5000000000000013,44.00000000000001,,,,,0.0,,,,,0.0
11,wbc,iforest,empirical_randomized_weighted,44,44,44,44,42,2,0.045,0.0,0.0,0.0,estimated,85,4,128,6,0.6,0.6000000000000002,0.0,0.6000000000000002,0.6000000000000002,0.65625,44,44,84,4,1.5000000000000013,0.0,1.5000000000000013,1.5000000000000013,44.00000000000001,1.5000000000000013,0.0,1.5000000000000013,1.5000000000000013,44.00000000000001,1.0286631303710414,0.19528675837732482,0.7717477092888524,1.4848565538999932,21.234676763449592,1.1541285231510503,0.19021445321424796,0.7717477092888524,1.4848565538999932,42.836431482160094
11,wbc,iforest,empirical_weighted,44,44,44,44,42,2,0.045,0.0,0.0,0.0,estimated,85,4,128,6,0.6,0.6000000000000002,0.0,0.6000000000000002,0.6000000000000002,0.65625,44,44,84,4,1.5000000000000013,0.0,1.5000000000000013,1.5000000000000013,44.00000000000001,1.5000000000000013,0.0,1.5000000000000013,1.5000000000000013,44.00000000000001,1.0286631303710414,0.19528675837732482,0.7717477092888524,1.4848565538999932,21.234676763449592,1.1541285231510503,0.19021445321424796,0.7717477092888524,1.4848565538999932,42.836431482160094
12,wbc,hbos,empirical,60,36,60,36,34,2,0.056,0.0,0.0,0.0,estimated,85,4,128,6,0.6,0.6000000000000002,0.0,0.6000000000000002,0.6000000000000002,0.53125,36,60,68,4,1.5000000000000013,0.0,1.5000000000000013,1.5000000000000013,60.000000000000014,1.500000000000001,2.220446049250313e-16,1.5000000000000013,1.5000000000000013,36.0,,,,,0.0,,,,,0.0
12,wbc,hbos,empirical_randomized,60,36,60,36,34,2,0.056,0.667,0.5,0.0,estimated,85,4,128,6,0.6,0.6000000000000002,0.0,0.6000000000000002,0.6000000000000002,0.53125,36,60,68,4,1.5000000000000013,0.0,1.5000000000000013,1.5000000000000013,60.000000000000014,1.500000000000001,2.220446049250313e-16,1.5000000000000013,1.5000000000000013,36.0,,,,,0.0,,,,,0.0
12,wbc,hbos,empirical_randomized_weighted,60,36,60,36,34,2,0.056,0.0,0.0,0.0,estimated,85,4,128,6,0.6,0.6000000000000002,0.0,0.6000000000000002,0.6000000000000002,0.53125,36,60,68,4,1.5000000000000013,0.0,1.5000000000000013,1.5000000000000013,60.000000000000014,1.500000000000001,2.220446049250313e-16,1.5000000000000013,1.5000000000000013,36.0,0.7904141252460981,0.3482346615802722,0.484867618701896,1.8537906957100148,25.123438685421643,1.5791998032871752,0.6846781157752829,0.5500620591762858,2.6990971381571263,30.303683047498453
12,wbc,hbos,empirical_weighted,60,36,60,36,34,2,0.056,0.0,0.0,0.0,estimated,85,4,128,6,0.6,0.6000000000000002,0.0,0.6000000000000002,0.6000000000000002,0.53125,36,60,68,4,1.5000000000000013,0.0,1.5000000000000013,1.5000000000000013,60.000000000000014,1.500000000000001,2.220446049250313e-16,1.5000000000000013,1.5000000000000013,36.0,0.7904141252460981,0.3482346615802722,0.484867618701896,1.8537906957100148,25.123438685421643,1.5791998032871752,0.6846781157752829,0.5500620591762858,2.6990971381571263,30.303683047498453
13,wbc,iforest,empirical,54,40,54,40,38,2,0.05,0.0,0.0,0.0,estimated,85,4,128,6,0.6,0.6000000000000002,0.0,0.6000000000000002,0.6000000000000002,0.578125,40,54,74,5,1.5000000000000013,0.0,1.5000000000000013,1.5000000000000013,54.000000000000014,1.5000000000000013,0.0,1.5000000000000013,1.5000000000000013,40.00000000000001,,,,,0.0,,,,,0.0
13,wbc,iforest,empirical_randomized,54,40,54,40,38,2,0.05,0.0,0.0,0.0,estimated,85,4,128,6,0.6,0.6000000000000002,0.0,0.6000000000000002,0.6000000000000002,0.578125,40,54,74,5,1.5000000000000013,0.0,1.5000000000000013,1.5000000000000013,54.000000000000014,1.5000000000000013,0.0,1.5000000000000013,1.5000000000000013,40.00000000000001,,,,,0.0,,,,,0.0
13,wbc,iforest,empirical_randomized_weighted,54,40,54,40,38,2,0.05,0.0,0.0,0.0,estimated,85,4,128,6,0.6,0.6000000000000002,0.0,0.6000000000000002,0.6000000000000002,0.578125,40,54,74,5,1.5000000000000013,0.0,1.5000000000000013,1.5000000000000013,54.000000000000014,1.5000000000000013,0.0,1.5000000000000013,1.5000000000000013,40.00000000000001,0.9818541936624592,0.24758548051398113,0.7049565757951509,1.5825814881559943,25.385835446437465,1.1694353745817883,0.2659128706490078,0.7049565757951509,1.58369644288786,38.033506004357555
13,wbc,iforest,empirical_weighted,54,40,54,40,38,2,0.05,0.0,0.0,0.0,estimated,85,4,128,6,0.6,0.6000000000000002,0.0,0.6000000000000002,0.6000000000000002,0.578125,40,54,74,5,1.5000000000000013,0.0,1.5000000000000013,1.5000000000000013,54.000000000000014,1.5000000000000013,0.0,1.5000000000000013,1.5000000000000013,40.00000000000001,0.9818541936624592,0.24758548051398113,0.7049565757951509,1.5825814881559943,25.385835446437465,1.1694353745817883,0.2659128706490078,0.7049565757951509,1.58369644288786,38.033506004357555
14,wbc,iforest,empirical,54,38,54,38,36,2,0.053,0.0,0.0,0.0,estimated,85,4,128,6,0.6,0.6000000000000002,0.0,0.6000000000000002,0.6000000000000002,0.578125,38,54,74,3,1.5000000000000013,0.0,1.5000000000000013,1.5000000000000013,54.000000000000014,1.500000000000001,2.220446049250313e-16,1.5000000000000013,1.5000000000000013,38.0,,,,,0.0,,,,,0.0
14,wbc,iforest,empirical_randomized,54,38,54,38,36,2,0.053,0.0,0.0,0.0,estimated,85,4,128,6,0.6,0.6000000000000002,0.0,0.6000000000000002,0.6000000000000002,0.578125,38,54,74,3,1.5000000000000013,0.0,1.5000000000000013,1.5000000000000013,54.000000000000014,1.500000000000001,2.220446049250313e-16,1.5000000000000013,1.5000000000000013,38.0,,,,,0.0,,,,,0.0
14,wbc,iforest,empirical_randomized_weighted,54,38,54,38,36,2,0.053,0.0,0.0,0.0,estimated,85,4,128,6,0.6,0.6000000000000002,0.0,0.6000000000000002,0.6000000000000002,0.578125,38,54,74,3,1.5000000000000013,0.0,1.5000000000000013,1.5000000000000013,54.000000000000014,1.500000000000001,2.220446049250313e-16,1.5000000000000013,1.5000000000000013,38.0,0.9244810977115433,0.2589765601340008,0.6562494293026426,1.4695396237480531,25.035378023340268,1.227777555106708,0.38728808407516113,0.6562494293026426,1.8715460790005238,34.56112232657386
14,wbc,iforest,empirical_weighted,54,38,54,38,36,2,0.053,0.0,0.0,0.0,estimated,85,4,128,6,0.6,0.6000000000000002,0.0,0.6000000000000002,0.6000000000000002,0.578125,38,54,74,3,1.5000000000000013,0.0,1.5000000000000013,1.5000000000000013,54.000000000000014,1.500000000000001,2.220446049250313e-16,1.5000000000000013,1.5000000000000013,38.0,0.9244810977115433,0.2589765601340008,0.6562494293026426,1.4695396237480531,25.035378023340268,1.227777555106708,0.38728808407516113,0.6562494293026426,1.8715460790005238,34.56112232657386
15,wbc,iforest,empirical,54,40,54,40,38,2,0.05,0.0,0.0,0.0,estimated,85,4,128,6,0.6,0.6000000000000002,0.0,0.6000000000000002,0.6000000000000002,0.578125,40,54,74,6,1.5000000000000013,0.0,1.5000000000000013,1.5000000000000013,54.000000000000014,1.5000000000000013,0.0,1.5000000000000013,1.5000000000000013,40.00000000000001,,,,,0.0,,,,,0.0
15,wbc,iforest,empirical_randomized,54,40,54,40,38,2,0.05,0.0,0.5,0.0,estimated,85,4,128,6,0.6,0.6000000000000002,0.0,0.6000000000000002,0.6000000000000002,0.578125,40,54,74,6,1.5000000000000013,0.0,1.5000000000000013,1.5000000000000013,54.000000000000014,1.5000000000000013,0.0,1.5000000000000013,1.5000000000000013,40.00000000000001,,,,,0.0,,,,,0.0
15,wbc,iforest,empirical_randomized_weighted,54,40,54,40,38,2,0.05,0.0,0.0,0.0,estimated,85,4,128,6,0.6,0.6000000000000002,0.0,0.6000000000000002,0.6000000000000002,0.578125,40,54,74,6,1.5000000000000013,0.0,1.5000000000000013,1.5000000000000013,54.000000000000014,1.5000000000000013,0.0,1.5000000000000013,1.5000000000000013,40.00000000000001,1.0045887709632841,0.1422146514636833,0.823439922272498,1.2972014020631626,26.469533058733788,1.0790720604799793,0.13768780845560025,0.830618236369363,1.2972014020631626,39.35917990798007
15,wbc,iforest,empirical_weighted,54,40,54,40,38,2,0.05,0.0,0.0,0.0,estimated,85,4,128,6,0.6,0.6000000000000002,0.0,0.6000000000000002,0.6000000000000002,0.578125,40,54,74,6,1.5000000000000013,0.0,1.5000000000000013,1.5000000000000013,54.000000000000014,1.5000000000000013,0.0,1.5000000000000013,1.5000000000000013,40.00000000000001,1.0045887709632841,0.1422146514636833,0.823439922272498,1.2972014020631626,26.469533058733788,1.0790720604799793,0.13768780845560025,0.830618236369363,1.2972014020631626,39.35917990798007
16,wbc,iforest,empirical,59,37,59,37,35,2,0.054,0.0,0.0,0.0,estimated,85,4,128,6,0.6,0.6000000000000002,0.0,0.6000000000000002,0.6000000000000002,0.5390625,37,59,69,5,1.5000000000000016,2.220446049250313e-16,1.5000000000000013,1.5000000000000013,59.000000000000014,1.500000000000001,2.220446049250313e-16,1.5000000000000013,1.5000000000000013,37.0,,,,,0.0,,,,,0.0
16,wbc,iforest,empirical_randomized,59,37,59,37,35,2,0.054,0.0,0.0,0.0,estimated,85,4,128,6,0.6,0.6000000000000002,0.0,0.6000000000000002,0.6000000000000002,0.5390625,37,59,69,5,1.5000000000000016,2.220446049250313e-16,1.5000000000000013,1.5000000000000013,59.000000000000014,1.500000000000001,2.220446049250313e-16,1.5000000000000013,1.5000000000000013,37.0,,,,,0.0,,,,,0.0
16,wbc,iforest,empirical_randomized_weighted,59,37,59,37,35,2,0.054,0.0,0.0,0.0,estimated,85,4,128,6,0.6,0.6000000000000002,0.0,0.6000000000000002,0.6000000000000002,0.5390625,37,59,69,5,1.5000000000000016,2.220446049250313e-16,1.5000000000000013,1.5000000000000013,59.000000000000014,1.500000000000001,2.220446049250313e-16,1.5000000000000013,1.5000000000000013,37.0,0.9653444420393472,0.2033734330416174,0.7260121990027396,1.5472850717673359,28.72507395260068,1.1271665081783646,0.23846319128312735,0.7260121990027396,1.5564269788855638,35.41491430466154
16,wbc,iforest,empirical_weighted,59,37,59,37,35,2,0.054,0.0,0.0,0.0,estimated,85,4,128,6,0.6,0.6000000000000002,0.0,0.6000000000000002,0.6000000000000002,0.5390625,37,59,69,5,1.5000000000000016,2.220446049250313e-16,1.5000000000000013,1.5000000000000013,59.000000000000014,1.500000000000001,2.220446049250313e-16,1.5000000000000013,1.5000000000000013,37.0,0.9653444420393472,0.2033734330416174,0.7260121990027396,1.5472850717673359,28.72507395260068,1.1271665081783646,0.23846319128312735,0.7260121990027396,1.5564269788855638,35.41491430466154
17,wbc,iforest,empirical,44,44,44,44,42,2,0.045,0.0,0.0,0.0,estimated,85,4,128,6,0.6,0.6000000000000002,0.0,0.6000000000000002,0.6000000000000002,0.65625,44,44,84,4,1.5000000000000013,0.0,1.5000000000000013,1.5000000000000013,44.00000000000001,1.5000000000000013,0.0,1.5000000000000013,1.5000000000000013,44.00000000000001,,,,,0.0,,,,,0.0
17,wbc,iforest,empirical_randomized,44,44,44,44,42,2,0.045,0.667,0.5,0.0,estimated,85,4,128,6,0.6,0.6000000000000002,0.0,0.6000000000000002,0.6000000000000002,0.65625,44,44,84,4,1.5000000000000013,0.0,1.5000000000000013,1.5000000000000013,44.00000000000001,1.5000000000000013,0.0,1.5000000000000013,1.5000000000000013,44.00000000000001,,,,,0.0,,,,,0.0
17,wbc,iforest,empirical_randomized_weighted,44,44,44,44,42,2,0.045,0.0,0.0,0.0,estimated,85,4,128,6,0.6,0.6000000000000002,0.0,0.6000000000000002,0.6000000000000002,0.65625,44,44,84,4,1.5000000000000013,0.0,1.5000000000000013,1.5000000000000013,44.00000000000001,1.5000000000000013,0.0,1.5000000000000013,1.5000000000000013,44.00000000000001,0.9486011923556877,0.2807030434420107,0.6668907043332677,1.8628745546359913,20.228689644288387,1.220816603716974,0.3958502728626297,0.6668907043332677,1.8628745546359913,39.814020662892666
17,wbc,iforest,empirical_weighted,44,44,44,44,42,2,0.045,0.0,0.0,0.0,estimated,85,4,128,6,0.6,0.6000000000000002,0.0,0.6000000000000002,0.6000000000000002,0.65625,44,44,84,4,1.5000000000000013,0.0,1.5000000000000013,1.5000000000000013,44.00000000000001,1.5000000000000013,0.0,1.5000000000000013,1.5000000000000013,44.00000000000001,0.9486011923556877,0.2807030434420107,0.6668907043332677,1.8628745546359913,20.228689644288387,1.220816603716974,0.3958502728626297,0.6668907043332677,1.8628745546359913,39.814020662892666
18,wbc,iforest,empirical,58,36,58,36,34,2,0.056,0.0,0.0,0.0,estimated,85,4,128,6,0.6,0.6000000000000002,0.0,0.6000000000000002,0.6000000000000002,0.546875,36,58,70,3,1.5000000000000016,2.220446049250313e-16,1.5000000000000013,1.5000000000000013,58.00000000000001,1.500000000000001,2.220446049250313e-16,1.5000000000000013,1.5000000000000013,36.0,,,,,0.0,,,,,0.0
18,wbc,iforest,empirical_randomized,58,36,58,36,34,2,0.056,0.0,0.0,0.0,estimated,85,4,128,6,0.6,0.6000000000000002,0.0,0.6000000000000002,0.6000000000000002,0.546875,36,58,70,3,1.5000000000000016,2.220446049250313e-16,1.5000000000000013,1.5000000000000013,58.00000000000001,1.500000000000001,2.220446049250313e-16,1.5000000000000013,1.5000000000000013,36.0,,,,,0.0,,,,,0.0
18,wbc,iforest,empirical_randomized_weighted,58,36,58,36,34,2,0.056,0.0,0.0,0.0,estimated,85,4,128,6,0.6,0.6000000000000002,0.0,0.6000000000000002,0.6000000000000002,0.546875,36,58,70,3,1.5000000000000016,2.220446049250313e-16,1.5000000000000013,1.5000000000000013,58.00000000000001,1.500000000000001,2.220446049250313e-16,1.5000000000000013,1.5000000000000013,36.0,0.9364630977629701,0.17632585542613252,0.6963267777114117,1.3826239642724225,28.007070647474105,1.080996777595247,0.212598315618325,0.6963267777114117,1.3826239642724225,34.65942179807417
18,wbc,iforest,empirical_weighted,58,36,58,36,34,2,0.056,0.0,0.0,0.0,estimated,85,4,128,6,0.6,0.6000000000000002,0.0,0.6000000000000002,0.6000000000000002,0.546875,36,58,70,3,1.5000000000000016,2.220446049250313e-16,1.5000000000000013,1.5000000000000013,58.00000000000001,1.500000000000001,2.220446049250313e-16,1.5000000000000013,1.5000000000000013,36.0,0.9364630977629701,0.17632585542613252,0.6963267777114117,1.3826239642724225,28.007070647474105,1.080996777595247,0.212598315618325,0.6963267777114117,1.3826239642724225,34.65942179807417
19,wbc,iforest,empirical,53,40,53,40,38,2,0.05,0.0,0.0,0.0,estimated,85,4,128,6,0.6,0.6000000000000002,0.0,0.6000000000000002,0.6000000000000002,0.5859375,40,53,75,4,1.5000000000000013,0.0,1.5000000000000013,1.5000000000000013,53.00000000000001,1.5000000000000013,0.0,1.5000000000000013,1.5000000000000013,40.00000000000001,,,,,0.0,,,,,0.0
19,wbc,iforest,empirical_randomized,53,40,53,40,38,2,0.05,1.0,0.0,0.0,estimated,85,4,128,6,0.6,0.6000000000000002,0.0,0.6000000000000002,0.6000000000000002,0.5859375,40,53,75,4,1.5000000000000013,0.0,1.5000000000000013,1.5000000000000013,53.00000000000001,1.5000000000000013,0.0,1.5000000000000013,1.5000000000000013,40.00000000000001,,,,,0.0,,,,,0.0
19,wbc,iforest,empirical_randomized_weighted,53,40,53,40,38,2,0.05,0.0,0.0,0.0,estimated,85,4,128,6,0.6,0.6000000000000002,0.0,0.6000000000000002,0.6000000000000002,0.5859375,40,53,75,4,1.5000000000000013,0.0,1.5000000000000013,1.5000000000000013,53.00000000000001,1.5000000000000013,0.0,1.5000000000000013,1.5000000000000013,40.00000000000001,0.935608300736151,0.3150431626182186,0.5632467698769659,1.822631428948021,24.25039219795068,1.2503438780058285,0.3909049394066953,0.5632467698769659,1.822631428948021,36.438418463585215
19,wbc,iforest,empirical_weighted,53,40,53,40,38,2,0.05,0.0,0.0,0.0,estimated,85,4,128,6,0.6,0.6000000000000002,0.0,0.6000000000000002,0.6000000000000002,0.5859375,40,53,75,4,1.5000000000000013,0.0,1.5000000000000013,1.5000000000000013,53.00000000000001,1.5000000000000013,0.0,1.5000000000000013,1.5000000000000013,40.00000000000001,0.935608300736151,0.3150431626182186,0.5632467698769659,1.822631428948021,24.25039219795068,1.2503438780058285,0.3909049394066953,0.5632467698769659,1.822631428948021,36.438418463585215
20,wbc,iforest,empirical,43,44,43,44,42,2,0.045,0.0,0.0,0.0,estimated,85,4,128,6,0.6,0.6000000000000002,0.0,0.6000000000000002,0.6000000000000002,0.6640625,44,43,85,4,1.5000000000000013,0.0,1.5000000000000013,1.5000000000000013,43.00000000000001,1.5000000000000013,0.0,1.5000000000000013,1.5000000000000013,44.00000000000001,,,,,0.0,,,,,0.0
20,wbc,iforest,empirical_randomized,43,44,43,44,42,2,0.045,0.0,0.0,0.0,estimated,85,4,128,6,0.6,0.6000000000000002,0.0,0.6000000000000002,0.6000000000000002,0.6640625,44,43,85,4,1.5000000000000013,0.0,1.5000000000000013,1.5000000000000013,43.00000000000001,1.5000000000000013,0.0,1.5000000000000013,1.5000000000000013,44.00000000000001,,,,,0.0,,,,,0.0
20,wbc,iforest,empirical_randomized_weighted,43,44,43,44,42,2,0.045,0.0,0.0,0.0,estimated,85,4,128,6,0.6,0.6000000000000002,0.0,0.6000000000000002,0.6000000000000002,0.6640625,44,43,85,4,1.5000000000000013,0.0,1.5000000000000013,1.5000000000000013,43.00000000000001,1.5000000000000013,0.0,1.5000000000000013,1.5000000000000013,44.00000000000001,0.9469470311707465,0.12961672785539163,0.8084617618111344,1.3196138125223993,21.595394414422934,1.1918668124416114,0.2699241763149534,0.8084617618111344,1.5756568037489143,41.85336363475434
20,wbc,iforest,empirical_weighted,43,44,43,44,42,2,0.045,0.0,0.0,0.0,estimated,85,4,128,6,0.6,0.6000000000000002,0.0,0.6000000000000002,0.6000000000000002,0.6640625,44,43,85,4,1.5000000000000013,0.0,1.5000000000000013,1.5000000000000013,43.00000000000001,1.5000000000000013,0.0,1.5000000000000013,1.5000000000000013,44.00000000000001,0.9469470311707465,0.12961672785539163,0.8084617618111344,1.3196138125223993,21.595394414422934,1.1918668124416114,0.2699241763149534,0.8084617618111344,1.5756568037489143,41.85336363475434
21,wbc,iforest,empirical,58,36,58,36,34,2,0.056,0.0,0.0,0.0,estimated,85,4,128,6,0.6,0.6000000000000002,0.0,0.6000000000000002,0.6000000000000002,0.546875,36,58,70,3,1.5000000000000016,2.220446049250313e-16,1.5000000000000013,1.5000000000000013,58.00000000000001,1.500000000000001,2.220446049250313e-16,1.5000000000000013,1.5000000000000013,36.0,,,,,0.0,,,,,0.0
21,wbc,iforest,empirical_randomized,58,36,58,36,34,2,0.056,0.0,0.0,0.0,estimated,85,4,128,6,0.6,0.6000000000000002,0.0,0.6000000000000002,0.6000000000000002,0.546875,36,58,70,3,1.5000000000000016,2.220446049250313e-16,1.5000000000000013,1.5000000000000013,58.00000000000001,1.500000000000001,2.220446049250313e-16,1.5000000000000013,1.5000000000000013,36.0,,,,,0.0,,,,,0.0
21,wbc,iforest,empirical_randomized_weighted,58,36,58,36,34,2,0.056,0.0,0.0,0.0,estimated,85,4,128,6,0.6,0.6000000000000002,0.0,0.6000000000000002,0.6000000000000002,0.546875,36,58,70,3,1.5000000000000016,2.220446049250313e-16,1.5000000000000013,1.5000000000000013,58.00000000000001,1.500000000000001,2.220446049250313e-16,1.5000000000000013,1.5000000000000013,36.0,0.9515586537658871,0.11922849567118475,0.7907958911669153,1.2629726413261444,28.551748540334774,1.0796412957284247,0.19414840247610207,0.7907958911669153,1.4013274251885055,34.8723108685356
21,wbc,iforest,empirical_weighted,58,36,58,36,34,2,0.056,0.0,0.0,0.0,estimated,85,4,128,6,0.6,0.6000000000000002,0.0,0.6000000000000002,0.6000000000000002,0.546875,36,58,70,3,1.5000000000000016,2.220446049250313e-16,1.5000000000000013,1.5000000000000013,58.00000000000001,1.500000000000001,2.220446049250313e-16,1.5000000000000013,1.5000000000000013,36.0,0.9515586537658871,0.11922849567118475,0.7907958911669153,1.2629726413261444,28.551748540334774,1.0796412957284247,0.19414840247610207,0.7907958911669153,1.4013274251885055,34.8723108685356
22,wbc,hbos,empirical,53,38,53,38,36,2,0.053,0.0,0.0,0.0,estimated,85,4,128,6,0.6,0.6000000000000002,0.0,0.6000000000000002,0.6000000000000002,0.5859375,38,53,75,2,1.5000000000000013,0.0,1.5000000000000013,1.5000000000000013,53.00000000000001,1.500000000000001,2.220446049250313e-16,1.5000000000000013,1.5000000000000013,38.0,,,,,0.0,,,,,0.0
22,wbc,hbos,empirical_randomized,53,38,53,38,36,2,0.053,0.0,0.0,0.0,estimated,85,4,128,6,0.6,0.6000000000000002,0.0,0.6000000000000002,0.6000000000000002,0.5859375,38,53,75,2,1.5000000000000013,0.0,1.5000000000000013,1.5000000000000013,53.00000000000001,1.500000000000001,2.220446049250313e-16,1.5000000000000013,1.5000000000000013,38.0,,,,,0.0,,,,,0.0
22,wbc,hbos,empirical_randomized_weighted,53,38,53,38,36,2,0.053,0.0,0.0,0.0,estimated,85,4,128,6,0.6,0.6000000000000002,0.0,0.6000000000000002,0.6000000000000002,0.5859375,38,53,75,2,1.5000000000000013,0.0,1.5000000000000013,1.5000000000000013,53.00000000000001,1.500000000000001,2.220446049250313e-16,1.5000000000000013,1.5000000000000013,38.0,0.9412321921191299,0.2032013183584077,0.6761056721827441,1.4506988621725159,25.797626890753126,1.223557945352941,0.25953341676672637,0.6942902204526299,1.6529355383055389,36.36390686527238
22,wbc,hbos,empirical_weighted,53,38,53,38,36,2,0.053,0.0,0.0,0.0,estimated,85,4,128,6,0.6,0.6000000000000002,0.0,0.6000000000000002,0.6000000000000002,0.5859375,38,53,75,2,1.5000000000000013,0.0,1.5000000000000013,1.5000000000000013,53.00000000000001,1.500000000000001,2.220446049250313e-16,1.5000000000000013,1.5000000000000013,38.0,0.9412321921191299,0.2032013183584077,0.6761056721827441,1.4506988621725159,25.797626890753126,1.223557945352941,0.25953341676672637,0.6942902204526299,1.6529355383055389,36.36390686527238
23,wbc,iforest,empirical,57,38,57,38,36,2,0.053,0.0,0.0,0.0,estimated,85,4,128,6,0.6,0.6000000000000002,0.0,0.6000000000000002,0.6000000000000002,0.5546875,38,57,71,4,1.5000000000000016,2.220446049250313e-16,1.5000000000000013,1.5000000000000013,57.000000000000014,1.500000000000001,2.220446049250313e-16,1.5000000000000013,1.5000000000000013,38.0,,,,,0.0,,,,,0.0
23,wbc,iforest,empirical_randomized,57,38,57,38,36,2,0.053,0.0,0.0,0.0,estimated,85,4,128,6,0.6,0.6000000000000002,0.0,0.6000000000000002,0.6000000000000002,0.5546875,38,57,71,4,1.5000000000000016,2.220446049250313e-16,1.5000000000000013,1.5000000000000013,57.000000000000014,1.500000000000001,2.220446049250313e-16,1.5000000000000013,1.5000000000000013,38.0,,,,,0.0,,,,,0.0
23,wbc,iforest,empirical_randomized_weighted,57,38,57,38,36,2,0.053,0.0,0.0,0.0,estimated,85,4,128,6,0.6,0.6000000000000002,0.0,0.6000000000000002,0.6000000000000002,0.5546875,38,57,71,4,1.5000000000000016,2.220446049250313e-16,1.5000000000000013,1.5000000000000013,57.000000000000014,1.500000000000001,2.220446049250313e-16,1.5000000000000013,1.5000000000000013,38.0,0.9038925664679878,0.1870703481720918,0.749744776102567,1.5748051679003339,27.80886879451401,1.1043548001567525,0.23975654197420182,0.749744776102567,1.5748051679003339,36.28956923713347
23,wbc,iforest,empirical_weighted,57,38,57,38,36,2,0.053,0.0,0.0,0.0,estimated,85,4,128,6,0.6,0.6000000000000002,0.0,0.6000000000000002,0.6000000000000002,0.5546875,38,57,71,4,1.5000000000000016,2.220446049250313e-16,1.5000000000000013,1.5000000000000013,57.000000000000014,1.500000000000001,2.220446049250313e-16,1.5000000000000013,1.5000000000000013,38.0,0.9038925664679878,0.1870703481720918,0.749744776102567,1.5748051679003339,27.80886879451401,1.1043548001567525,0.23975654197420182,0.749744776102567,1.5748051679003339,36.28956923713347
24,wbc,iforest,empirical,52,40,52,40,38,2,0.05,0.0,0.0,0.0,estimated,85,4,128,6,0.6,0.6000000000000002,0.0,0.6000000000000002,0.6000000000000002,0.59375,40,52,76,3,1.5000000000000013,0.0,1.5000000000000013,1.5000000000000013,52.000000000000014,1.5000000000000013,0.0,1.5000000000000013,1.5000000000000013,40.00000000000001,,,,,0.0,,,,,0.0
24,wbc,iforest,empirical_randomized,52,40,52,40,38,2,0.05,0.0,0.0,0.0,estimated,85,4,128,6,0.6,0.6000000000000002,0.0,0.6000000000000002,0.6000000000000002,0.59375,40,52,76,3,1.5000000000000013,0.0,1.5000000000000013,1.5000000000000013,52.000000000000014,1.5000000000000013,0.0,1.5000000000000013,1.5000000000000013,40.00000000000001,,,,,0.0,,,,,0.0
24,wbc,iforest,empirical_randomized_weighted,52,40,52,40,38,2,0.05,0.0,0.0,0.0,estimated,85,4,128,6,0.6,0.6000000000000002,0.0,0.6000000000000002,0.6000000000000002,0.59375,40,52,76,3,1.5000000000000013,0.0,1.5000000000000013,1.5000000000000013,52.000000000000014,1.5000000000000013,0.0,1.5000000000000013,1.5000000000000013,40.00000000000001,0.925304828020077,0.30248239941429433,0.7214062410496993,2.1994192915462323,23.489791874019343,1.2331080434874058,0.5050547538360314,0.7214062410496993,2.1994192915462323,34.2537695766111
24,wbc,iforest,empirical_weighted,52,40,52,40,38,2,0.05,0.0,0.0,0.0,estimated,85,4,128,6,0.6,0.6000000000000002,0.0,0.6000000000000002,0.6000000000000002,0.59375,40,52,76,3,1.5000000000000013,0.0,1.5000000000000013,1.5000000000000013,52.000000000000014,1.5000000000000013,0.0,1.5000000000000013,1.5000000000000013,40.00000000000001,0.925304828020077,0.30248239941429433,0.7214062410496993,2.1994192915462323,23.489791874019343,1.2331080434874058,0.5050547538360314,0.7214062410496993,2.1994192915462323,34.2537695766111
25,wbc,iforest,empirical,46,42,46,42,41,1,0.024,0.0,0.0,0.0,estimated,85,4,128,6,0.6,0.6000000000000002,0.0,0.6000000000000002,0.6000000000000002,0.640625,42,46,82,1,1.5000000000000013,0.0,1.5000000000000013,1.5000000000000013,46.00000000000001,1.5000000000000013,0.0,1.5000000000000013,1.5000000000000013,42.00000000000001,,,,,0.0,,,,,0.0
25,wbc,iforest,empirical_randomized,46,42,46,42,41,1,0.024,0.0,0.0,0.0,estimated,85,4,128,6,0.6,0.6000000000000002,0.0,0.6000000000000002,0.6000000000000002,0.640625,42,46,82,1,1.5000000000000013,0.0,1.5000000000000013,1.5000000000000013,46.00000000000001,1.5000000000000013,0.0,1.5000000000000013,1.5000000000000013,42.00000000000001,,,,,0.0,,,,,0.0
25,wbc,iforest,empirical_randomized_weighted,46,42,46,42,41,1,0.024,0.0,0.0,0.0,estimated,85,4,128,6,0.6,0.6000000000000002,0.0,0.6000000000000002,0.6000000000000002,0.640625,42,46,82,1,1.5000000000000013,0.0,1.5000000000000013,1.5000000000000013,46.00000000000001,1.5000000000000013,0.0,1.5000000000000013,1.5000000000000013,42.00000000000001,0.9160386397371216,0.34640854268545784,0.591558770514509,1.857682878272232,20.122406065742762,1.3707212250776672,0.5304831505447498,0.591558770514509,2.153644398423698,36.528824896326135
25,wbc,iforest,empirical_weighted,46,42,46,42,41,1,0.024,0.0,0.0,0.0,estimated,85,4,128,6,0.6,0.6000000000000002,0.0,0.6000000000000002,0.6000000000000002,0.640625,42,46,82,1,1.5000000000000013,0.0,1.5000000000000013,1.5000000000000013,46.00000000000001,1.5000000000000013,0.0,1.5000000000000013,1.5000000000000013,42.00000000000001,0.9160386397371216,0.34640854268545784,0.591558770514509,1.857682878272232,20.122406065742762,1.3707212250776672,0.5304831505447498,0.591558770514509,2.153644398423698,36.528824896326135
1,wbc,iforest,empirical_randomized_weighted,53,40,53,40,38,2,0.05,0.0,0.0,0.5,estimated,85,4,128,6,0.6,0.5999999999999999,0.06214332454050049,0.4603857703918365,0.7,0.5859375,40,53,75,5,1.5006045193316644,0.42557701385464297,0.8787128446618683,2.333333333333333,49.05449469066637,1.6397251417170957,0.42691042034057425,0.9188803523271984,2.333333333333333,37.460736822217356,0.9512649477186457,0.16621236995977945,0.7925971970219458,1.396700158283819,26.200116178484112,1.0697879966750121,0.2011647868384756,0.7925971970219458,1.446533301153848,38.63391658384786
1,wbc,iforest,empirical_weighted,53,40,53,40,38,2,0.05,0.0,0.0,0.5,estimated,85,4,128,6,0.6,0.5999999999999999,0.06214332454050049,0.4603857703918365,0.7,0.5859375,40,53,75,5,1.5006045193316644,0.42557701385464297,0.8787128446618683,2.333333333333333,49.05449469066637,1.6397251417170957,0.42691042034057425,0.9188803523271984,2.333333333333333,37.460736822217356,0.9512649477186457,0.16621236995977945,0.7925971970219458,1.396700158283819,26.200116178484112,1.0697879966750121,0.2011647868384756,0.7925971970219458,1.446533301153848,38.63391658384786
2,wbc,iforest,empirical_randomized_weighted,50,42,50,42,40,2,0.048,0.0,0.0,0.5,estimated,85,4,128,6,0.6,0.6,0.0594960665232448,0.4965276674891545,0.7,0.609375,42,50,78,5,1.486885834826008,0.4159111404720117,0.9862064614612336,2.333333333333333,46.37173341457669,1.6318696059023123,0.4425469789101296,1.027134392065702,2.333333333333333,39.122752288679706,0.9500034228684564,0.17076045461804568,0.7484486704016708,1.2692295891985381,24.2175537090635,1.1190630713119838,0.19992631914212836,0.7484486704016708,1.4395321542136592,40.700922489708454
2,wbc,iforest,empirical_weighted,50,42,50,42,40,2,0.048,0.0,0.0,0.5,estimated,85,4,128,6,0.6,0.6,0.0594960665232448,0.4965276674891545,0.7,0.609375,42,50,78,5,1.486885834826008,0.4159111404720117,0.9862064614612336,2.333333333333333,46.37173341457669,1.6318696059023123,0.4425469789101296,1.027134392065702,2.333333333333333,39.122752288679706,0.9500034228684564,0.17076045461804568,0.7484486704016708,1.2692295891985381,24.2175537090635,1.1190630713119838,0.19992631914212836,0.7484486704016708,1.4395321542136592,40.700922489708454
3,wbc,hbos,empirical_randomized_weighted,52,40,52,40,38,2,0.05,0.0,0.0,0.5,estimated,85,4,128,6,0.6,0.6,0.05650600706987216,0.48688899883062225,0.7,0.59375,40,52,76,4,1.4707566160977292,0.3699374749970165,0.9488960433921788,2.333333333333333,48.905886972782056,1.7261838145387827,0.41230389318835486,1.0156541014121145,2.333333333333333,37.841137541494426,0.9288876327395416,0.3493960795527731,0.6623145108102177,2.4272901166178054,22.777351637259173,1.3460871017542289,0.5493364808213849,0.6623145108102177,2.4272901166178054,34.28930192099939
3,wbc,hbos,empirical_weighted,52,40,52,40,38,2,0.05,0.0,0.0,0.5,estimated,85,4,128,6,0.6,0.6,0.05650600706987216,0.48688899883062225,0.7,0.59375,40,52,76,4,1.4707566160977292,0.3699374749970165,0.9488960433921788,2.333333333333333,48.905886972782056,1.7261838145387827,0.41230389318835486,1.0156541014121145,2.333333333333333,37.841137541494426,0.9288876327395416,0.3493960795527731,0.6623145108102177,2.4272901166178054,22.777351637259173,1.3460871017542289,0.5493364808213849,0.6623145108102177,2.4272901166178054,34.28930192099939
4,wbc,iforest,empirical_randomized_weighted,52,40,52,40,38,2,0.05,0.0,0.0,0.5,estimated,85,4,128,6,0.6,0.5999999999999999,0.05902111055672378,0.48274391176205805,0.7,0.59375,40,52,76,5,1.5112767187501719,0.3534119476492478,0.9631748857114648,2.333333333333333,49.30378375750157,1.6285678161960995,0.4474202969803262,0.9784043013233081,2.333333333333333,37.19276882486083,0.8726799117850454,0.2724016976171579,0.5555135907979997,1.601806039643399,23.691633964458397,1.392409476550005,0.5298909848264018,0.6503222489575258,2.378279817423504,34.93988291311864
4,wbc,iforest,empirical_weighted,52,40,52,40,38,2,0.05,0.0,0.0,0.5,estimated,85,4,128,6,0.6,0.5999999999999999,0.05902111055672378,0.48274391176205805,0.7,0.59375,40,52,76,5,1.5112767187501719,0.3534119476492478,0.9631748857114648,2.333333333333333,49.30378375750157,1.6285678161960995,0.4474202969803262,0.9784043013233081,2.333333333333333,37.19276882486083,0.8726799117850454,0.2724016976171579,0.5555135907979997,1.601806039643399,23.691633964458397,1.392409476550005,0.5298909848264018,0.6503222489575258,2.378279817423504,34.93988291311864
5,wbc,iforest,empirical_randomized_weighted,50,41,50,41,39,2,0.049,0.0,0.0,0.5,estimated,85,4,128,6,0.6,0.5999999999999999,0.05641750156510965,0.49016822708150165,0.7,0.609375,41,50,78,4,1.4991005116474492,0.35796142889649324,0.9614313056159014,2.333333333333333,47.30289013488514,1.694985907991041,0.45368056584688554,1.052505478795878,2.333333333333333,38.2590427155732,0.9259387953641327,0.33363428121584143,0.6720786370071696,2.2313333382957508,22.127212619680733,1.3152235542496795,0.5309527389242532,0.6720786370071696,2.2313333382957508,35.254507900007546
5,wbc,iforest,empirical_weighted,50,41,50,41,39,2,0.049,0.0,0.0,0.5,estimated,85,4,128,6,0.6,0.5999999999999999,0.05641750156510965,0.49016822708150165,0.7,0.609375,41,50,78,4,1.4991005116474492,0.35796142889649324,0.9614313056159014,2.333333333333333,47.30289013488514,1.694985907991041,0.45368056584688554,1.052505478795878,2.333333333333333,38.2590427155732,0.9259387953641327,0.33363428121584143,0.6720786370071696,2.2313333382957508,22.127212619680733,1.3152235542496795,0.5309527389242532,0.6720786370071696,2.2313333382957508,35.254507900007546
6,wbc,iforest,empirical_randomized_weighted,57,38,57,38,36,2,0.053,0.0,0.0,0.5,estimated,85,4,128,6,0.6,0.6,0.05760525008369645,0.48115052350480103,0.7,0.5546875,38,57,71,4,1.444362622984858,0.33386956725290784,0.9962310980864414,2.333333333333333,54.108857171881944,1.6241257278551584,0.43606661054551,0.9273412527173538,2.333333333333333,35.44483288601135,0.8576663037548746,0.2702309519609278,0.5896947108521318,1.501746766224768,26.381059014291438,1.3461886404654302,0.5484239508070788,0.5896947108521318,2.3040999859410682,32.59098197010017
6,wbc,iforest,empirical_weighted,57,38,57,38,36,2,0.053,0.0,0.0,0.5,estimated,85,4,128,6,0.6,0.6,0.05760525008369645,0.48115052350480103,0.7,0.5546875,38,57,71,4,1.444362622984858,0.33386956725290784,0.9962310980864414,2.333333333333333,54.108857171881944,1.6241257278551584,0.43606661054551,0.9273412527173538,2.333333333333333,35.44483288601135,0.8576663037548746,0.2702309519609278,0.5896947108521318,1.501746766224768,26.381059014291438,1.3461886404654302,0.5484239508070788,0.5896947108521318,2.3040999859410682,32.59098197010017
7,wbc,iforest,empirical_randomized_weighted,48,42,48,42,40,2,0.048,0.0,0.0,0.5,estimated,85,4,128,6,0.6,0.5999999999999999,0.057137750172645566,0.48037331035569747,0.7,0.625,42,48,80,3,1.4807987097392254,0.3293209278928369,0.9244585005526277,2.333333333333333,45.73784526992196,1.5878346008590722,0.3876053974811567,1.0266281135605932,2.333333333333333,39.63799512828343,0.888836828200323,0.2952109241151252,0.576169013558623,1.6350230013660907,21.615555750401885,1.2324992022546133,0.4405439663963588,0.576169013558623,1.9425202729975701,37.24186613553656
7,wbc,iforest,empirical_weighted,48,42,48,42,40,2,0.048,0.0,0.0,0.5,estimated,85,4,128,6,0.6,0.5999999999999999,0.057137750172645566,0.48037331035569747,0.7,0.625,42,48,80,3,1.4807987097392254,0.3293209278928369,0.9244585005526277,2.333333333333333,45.73784526992196,1.5878346008590722,0.3876053974811567,1.0266281135605932,2.333333333333333,39.63799512828343,0.888836828200323,0.2952109241151252,0.576169013558623,1.6350230013660907,21.615555750401885,1.2324992022546133,0.4405439663963588,0.576169013558623,1.9425202729975701,37.24186613553656
8,wbc,hbos,empirical_randomized_weighted,42,45,42,45,43,2,0.044,0.0,0.0,0.5,estimated,85,4,128,6,0.6,0.5999999999999999,0.05797436328879267,0.4849433366796947,0.7,0.671875,45,42,86,4,1.5508467606865466,0.446626159165433,0.941533953863473,2.333333333333333,38.78340437672795,1.613736940213142,0.39593587303252537,0.9798462094836058,2.333333333333333,42.444889814132424,0.9463820899349517,0.14461713587765884,0.77442182567549,1.4681430438293785,20.52081728893387,1.1152884210804035,0.20554406983790904,0.77442182567549,1.4681430438293785,43.52176982291425
8,wbc,hbos,empirical_weighted,42,45,42,45,43,2,0.044,0.0,0.0,0.5,estimated,85,4,128,6,0.6,0.5999999999999999,0.05797436328879267,0.4849433366796947,0.7,0.671875,45,42,86,4,1.5508467606865466,0.446626159165433,0.941533953863473,2.333333333333333,38.78340437672795,1.613736940213142,0.39593587303252537,0.9798462094836058,2.333333333333333,42.444889814132424,0.9463820899349517,0.14461713587765884,0.77442182567549,1.4681430438293785,20.52081728893387,1.1152884210804035,0.20554406983790904,0.77442182567549,1.4681430438293785,43.52176982291425
9,wbc,iforest,empirical_randomized_weighted,58,38,58,38,36,2,0.053,0.0,0.0,0.5,estimated,85,4,128,6,0.6,0.6,0.0612380824170724,0.4391779297744187,0.7,0.546875,38,58,70,5,1.530426035664374,0.43192634846666106,0.7830967308361576,2.333333333333333,53.7210318785233,1.6411672889523692,0.42251057046372414,1.0218853336188805,2.333333333333333,35.637985293773866,0.9512416171066991,0.15389772453618755,0.7301862179670872,1.273754331955012,28.260293591178826,1.076499563146894,0.15071961483718008,0.7301862179670872,1.2745865345722405,37.26942546018514
9,wbc,iforest,empirical_weighted,58,38,58,38,36,2,0.053,0.0,0.0,0.5,estimated,85,4,128,6,0.6,0.6,0.0612380824170724,0.4391779297744187,0.7,0.546875,38,58,70,5,1.530426035664374,0.43192634846666106,0.7830967308361576,2.333333333333333,53.7210318785233,1.6411672889523692,0.42251057046372414,1.0218853336188805,2.333333333333333,35.637985293773866,0.9512416171066991,0.15389772453618755,0.7301862179670872,1.273754331955012,28.260293591178826,1.076499563146894,0.15071961483718008,0.7301862179670872,1.2745865345722405,37.26942546018514
10,wbc,iforest,empirical_randomized_weighted,44,44,44,44,42,2,0.045,0.0,0.0,0.5,estimated,85,4,128,6,0.6,0.6,0.05790347189021777,0.47829286828345174,0.7,0.65625,44,44,84,3,1.513168445435911,0.38644880937479337,0.9167842247234523,2.333333333333333,41.30585473818288,1.5553388046105239,0.34372562778669663,1.0235481326139133,2.333333333333333,41.95111617848205,1.0122345102267427,0.16935078029576572,0.8052433805084199,1.3679490400792969,21.4009740117221,1.125312743656109,0.1821512740253906,0.8384534460394963,1.4030804937494579,42.87659023908975
10,wbc,iforest,empirical_weighted,44,44,44,44,42,2,0.045,0.0,0.0,0.5,estimated,85,4,128,6,0.6,0.6,0.05790347189021777,0.47829286828345174,0.7,0.65625,44,44,84,3,1.513168445435911,0.38644880937479337,0.9167842247234523,2.333333333333333,41.30585473818288,1.5553388046105239,0.34372562778669663,1.0235481326139133,2.333333333333333,41.95111617848205,1.0122345102267427,0.16935078029576572,0.8052433805084199,1.3679490400792969,21.4009740117221,1.125312743656109,0.1821512740253906,0.8384534460394963,1.4030804937494579,42.87659023908975
11,wbc,iforest,empirical_randomized_weighted,43,44,43,44,42,2,0.045,0.0,0.0,0.5,estimated,85,4,128,6,0.6,0.5999999999999999,0.05672817535035632,0.4902846706882359,0.7,0.6640625,44,43,85,4,1.5106351883505331,0.37078409375226606,1.0257064626033194,2.333333333333333,40.556653241919264,1.6293163142761842,0.41564136889439035,0.96187939128736,2.333333333333333,41.31157181398124,0.9988281775649654,0.24985479965239388,0.799465913889289,1.7920670138302848,20.70444061872511,1.2000813103056023,0.3298503593242358,0.799465913889289,1.7920670138302848,40.90944705463564
11,wbc,iforest,empirical_weighted,43,44,43,44,42,2,0.045,0.0,0.0,0.5,estimated,85,4,128,6,0.6,0.5999999999999999,0.05672817535035632,0.4902846706882359,0.7,0.6640625,44,43,85,4,1.5106351883505331,0.37078409375226606,1.0257064626033194,2.333333333333333,40.556653241919264,1.6293163142761842,0.41564136889439035,0.96187939128736,2.333333333333333,41.31157181398124,0.9988281775649654,0.24985479965239388,0.799465913889289,1.7920670138302848,20.70444061872511,1.2000813103056023,0.3298503593242358,0.799465913889289,1.7920670138302848,40.90944705463564
12,wbc,hbos,empirical_randomized_weighted,59,37,59,37,35,2,0.054,0.0,0.0,0.5,estimated,85,4,128,6,0.6,0.5999999999999999,0.05494385570721283,0.5028949422214096,0.7,0.5390625,37,59,69,5,1.4737990750909125,0.3313161591081324,1.0116472048558356,2.333333333333333,56.16175832250093,1.7285530997856706,0.4096542869648663,1.124363160054912,2.333333333333333,35.032388698291,0.8618089744487946,0.3975403969707581,0.5213309338061927,1.9395798507050608,24.736458697946425,1.5827056824675398,0.6768448330026525,0.5463514038046713,2.5760748929400368,31.27945852205265
12,wbc,hbos,empirical_weighted,59,37,59,37,35,2,0.054,0.0,0.0,0.5,estimated,85,4,128,6,0.6,0.5999999999999999,0.05494385570721283,0.5028949422214096,0.7,0.5390625,37,59,69,5,1.4737990750909125,0.3313161591081324,1.0116472048558356,2.333333333333333,56.16175832250093,1.7285530997856706,0.4096542869648663,1.124363160054912,2.333333333333333,35.032388698291,0.8618089744487946,0.3975403969707581,0.5213309338061927,1.9395798507050608,24.736458697946425,1.5827056824675398,0.6768448330026525,0.5463514038046713,2.5760748929400368,31.27945852205265
13,wbc,iforest,empirical_randomized_weighted,53,40,53,40,38,2,0.05,0.0,0.0,0.5,estimated,85,4,128,6,0.6,0.5999999999999999,0.06084919503801762,0.4759452302307402,0.7,0.5859375,40,53,75,6,1.4485655483773687,0.37537578287304924,0.9081974970675257,2.333333333333333,49.66492228768863,1.7075993783889807,0.485561621216894,1.0111267403885575,2.333333333333333,37.00767646615439,0.9092586936892668,0.33127567649877,0.5746622926333307,1.9325332632501544,23.835993075372283,1.4250896051081479,0.5715982961819902,0.5746622926333307,2.5181666493245967,34.45666915499749
13,wbc,iforest,empirical_weighted,53,40,53,40,38,2,0.05,0.0,0.0,0.5,estimated,85,4,128,6,0.6,0.5999999999999999,0.06084919503801762,0.4759452302307402,0.7,0.5859375,40,53,75,6,1.4485655483773687,0.37537578287304924,0.9081974970675257,2.333333333333333,49.66492228768863,1.7075993783889807,0.485561621216894,1.0111267403885575,2.333333333333333,37.00767646615439,0.9092586936892668,0.33127567649877,0.5746622926333307,1.9325332632501544,23.835993075372283,1.4250896051081479,0.5715982961819902,0.5746622926333307,2.5181666493245967,34.45666915499749
14,wbc,iforest,empirical_randomized_weighted,52,40,52,40,38,2,0.05,0.0,0.0,0.5,estimated,85,4,128,6,0.6,0.6,0.05713329997716208,0.4784517638262892,0.7,0.59375,40,52,76,3,1.4977633695758914,0.35535804916602415,0.9270457498559281,2.333333333333333,49.22881641067977,1.5897996695243908,0.40442179543406487,0.9803087841249154,2.333333333333333,37.568847649309916,0.9922834477996764,0.25652974854891614,0.7576208443775905,1.5339607941254276,24.371153840934582,1.183471073371153,0.30670907409115755,0.7576208443775905,1.6240310201117232,37.4825161560654
14,wbc,iforest,empirical_weighted,52,40,52,40,38,2,0.05,0.0,0.0,0.5,estimated,85,4,128,6,0.6,0.6,0.05713329997716208,0.4784517638262892,0.7,0.59375,40,52,76,3,1.4977633695758914,0.35535804916602415,0.9270457498559281,2.333333333333333,49.22881641067977,1.5897996695243908,0.40442179543406487,0.9803087841249154,2.333333333333333,37.568847649309916,0.9922834477996764,0.25652974854891614,0.7576208443775905,1.5339607941254276,24.371153840934582,1.183471073371153,0.30670907409115755,0.7576208443775905,1.6240310201117232,37.4825161560654
15,wbc,iforest,empirical_randomized_weighted,54,40,54,40,38,2,0.05,0.0,0.0,0.5,estimated,85,4,128,6,0.6,0.5999999999999999,0.05377213408657066,0.48976318661611623,0.7,0.578125,40,54,74,6,1.50285756463611,0.34370507659688493,1.0645934795154826,2.333333333333333,51.315961618749476,1.6319016945150395,0.4236437211447679,0.9948215191543166,2.333333333333333,37.47448891009791,0.9819961266713498,0.15609515191179893,0.740746381161838,1.3035475548911992,26.334595203742,1.0957189966068945,0.15776813884875474,0.7790507879779671,1.367180680407603,39.1875652269315
15,wbc,iforest,empirical_weighted,54,40,54,40,38,2,0.05,0.0,0.0,0.5,estimated,85,4,128,6,0.6,0.5999999999999999,0.05377213408657066,0.48976318661611623,0.7,0.578125,40,54,74,6,1.50285756463611,0.34370507659688493,1.0645934795154826,2.333333333333333,51.315961618749476,1.6319016945150395,0.4236437211447679,0.9948215191543166,2.333333333333333,37.47448891009791,0.9819961266713498,0.15609515191179893,0.740746381161838,1.3035475548911992,26.334595203742,1.0957189966068945,0.15776813884875474,0.7790507879779671,1.367180680407603,39.1875652269315
16,wbc,iforest,empirical_randomized_weighted,56,38,56,38,36,2,0.053,0.0,0.0,0.5,estimated,85,4,128,6,0.6,0.6,0.05895794248591644,0.46150525220787636,0.7,0.5625,38,56,72,5,1.4724127948281753,0.3881781126021635,0.857028325903064,2.333333333333333,52.360774361292776,1.7280738151244162,0.4305091794216508,1.0741600876475208,2.333333333333333,35.779385697055844,0.8979504032863119,0.23201434572094398,0.6199157399757927,1.5143766707679351,26.247670610082224,1.326066956064939,0.5770283927138662,0.6816280818973244,2.4931746035960294,31.950246573102238
16,wbc,iforest,empirical_weighted,56,38,56,38,36,2,0.053,0.0,0.0,0.5,estimated,85,4,128,6,0.6,0.6,0.05895794248591644,0.46150525220787636,0.7,0.5625,38,56,72,5,1.4724127948281753,0.3881781126021635,0.857028325903064,2.333333333333333,52.360774361292776,1.7280738151244162,0.4305091794216508,1.0741600876475208,2.333333333333333,35.779385697055844,0.8979504032863119,0.23201434572094398,0.6199157399757927,1.5143766707679351,26.247670610082224,1.326066956064939,0.5770283927138662,0.6816280818973244,2.4931746035960294,31.950246573102238
17,wbc,iforest,empirical_randomized_weighted,44,45,44,45,43,2,0.044,0.0,0.0,0.5,estimated,85,4,128,6,0.6,0.6,0.054751954302399826,0.4830039235361858,0.7,0.65625,45,44,84,6,1.4710482284060966,0.3725899256099232,0.934250655904141,2.333333333333333,41.347487049237365,1.631571292992652,0.3794679690197022,1.1370216027079685,2.333333333333333,42.69074512082366,0.9400447550437024,0.4953460841237327,0.5821824234316126,2.5550434497697347,17.21891737558366,1.4099246177287246,0.6566677141898919,0.5821824234316126,2.5550434497697347,36.97860254052922
17,wbc,iforest,empirical_weighted,44,45,44,45,43,2,0.044,0.0,0.0,0.5,estimated,85,4,128,6,0.6,0.6,0.054751954302399826,0.4830039235361858,0.7,0.65625,45,44,84,6,1.4710482284060966,0.3725899256099232,0.934250655904141,2.333333333333333,41.347487049237365,1.631571292992652,0.3794679690197022,1.1370216027079685,2.333333333333333,42.69074512082366,0.9400447550437024,0.4953460841237327,0.5821824234316126,2.5550434497697347,17.21891737558366,1.4099246177287246,0.6566677141898919,0.5821824234316126,2.5550434497697347,36.97860254052922
18,wbc,iforest,empirical_randomized_weighted,56,38,56,38,36,2,0.053,0.0,0.0,0.5,estimated,85,4,128,6,0.6,0.5999999999999999,0.05655640339708833,0.47721205343820544,0.7,0.5625,38,56,72,4,1.4610036549056207,0.3474051370596193,0.9128214538546137,2.333333333333333,53.00310727209038,1.6956263494895805,0.4374145021636357,1.0532939091472084,2.333333333333333,35.62900961807016,0.902890814090369,0.26474211135070275,0.6705489493338826,1.7442196412412818,25.783266311722684,1.150060991395607,0.34872289961132463,0.6705489493338826,1.9030930682836722,34.80034780437355
18,wbc,iforest,empirical_weighted,56,38,56,38,36,2,0.053,0.0,0.0,0.5,estimated,85,4,128,6,0.6,0.5999999999999999,0.05655640339708833,0.47721205343820544,0.7,0.5625,38,56,72,4,1.4610036549056207,0.3474051370596193,0.9128214538546137,2.333333333333333,53.00310727209038,1.6956263494895805,0.4374145021636357,1.0532939091472084,2.333333333333333,35.62900961807016,0.902890814090369,0.26474211135070275,0.6705489493338826,1.7442196412412818,25.783266311722684,1.150060991395607,0.34872289961132463,0.6705489493338826,1.9030930682836722,34.80034780437355
19,wbc,iforest,empirical_randomized_weighted,54,40,54,40,38,2,0.05,0.0,0.0,0.5,estimated,85,4,128,6,0.6,0.6,0.062482264461499286,0.4563061997965088,0.7,0.578125,40,54,74,5,1.4655872616527164,0.40352633915916447,0.8392705593216708,2.333333333333333,50.19478654751687,1.7106694888104752,0.4346235722715612,1.1399989422737524,2.333333333333333,37.57457204904265,0.9103294318028975,0.3768030849911813,0.610186123976419,1.758386169504489,23.05073319089051,1.3373266624041207,0.48692487673440304,0.610186123976419,1.8908913857486045,35.31787042523958
19,wbc,iforest,empirical_weighted,54,40,54,40,38,2,0.05,0.0,0.0,0.5,estimated,85,4,128,6,0.6,0.6,0.062482264461499286,0.4563061997965088,0.7,0.578125,40,54,74,5,1.4655872616527164,0.40352633915916447,0.8392705593216708,2.333333333333333,50.19478654751687,1.7106694888104752,0.4346235722715612,1.1399989422737524,2.333333333333333,37.57457204904265,0.9103294318028975,0.3768030849911813,0.610186123976419,1.758386169504489,23.05073319089051,1.3373266624041207,0.48692487673440304,0.610186123976419,1.8908913857486045,35.31787042523958
20,wbc,iforest,empirical_randomized_weighted,43,45,43,45,43,2,0.044,0.0,0.0,0.5,estimated,85,4,128,6,0.6,0.5999999999999999,0.06099388682069882,0.46889500308060506,0.7,0.6640625,45,43,85,5,1.4740057697026687,0.3908869782066695,0.882866863991808,2.333333333333333,40.17474794567635,1.6226582508310088,0.44237490958915726,0.9738220527689596,2.333333333333333,41.88681994864927,0.928995776013997,0.2851769727902984,0.6948017858574157,1.8700808824777102,20.10541349362753,1.231424238258748,0.3827970820897939,0.7054461189148525,1.9748732137185938,41.034724521416315
20,wbc,iforest,empirical_weighted,43,45,43,45,43,2,0.044,0.0,0.0,0.5,estimated,85,4,128,6,0.6,0.5999999999999999,0.06099388682069882,0.46889500308060506,0.7,0.6640625,45,43,85,5,1.4740057697026687,0.3908869782066695,0.882866863991808,2.333333333333333,40.17474794567635,1.6226582508310088,0.44237490958915726,0.9738220527689596,2.333333333333333,41.88681994864927,0.928995776013997,0.2851769727902984,0.6948017858574157,1.8700808824777102,20.10541349362753,1.231424238258748,0.3827970820897939,0.7054461189148525,1.9748732137185938,41.034724521416315
21,wbc,iforest,empirical_randomized_weighted,56,38,56,38,36,2,0.053,0.0,0.0,0.5,estimated,85,4,128,6,0.6,0.6,0.05838217905089622,0.47657207544525404,0.7,0.5625,38,56,72,4,1.4355197653998488,0.3138140569588757,1.02062171046555,2.333333333333333,53.44588354679433,1.6683610738540435,0.422357145975223,0.9104827103954191,2.333333333333333,35.71131789406994,0.927088786972449,0.17885088488978965,0.6795756395369731,1.4825707636952523,26.995319436352748,1.0823503653920428,0.25995633898876697,0.6795756395369731,1.4825707636952523,35.92751106829464
21,wbc,iforest,empirical_weighted,56,38,56,38,36,2,0.053,0.0,0.0,0.5,estimated,85,4,128,6,0.6,0.6,0.05838217905089622,0.47657207544525404,0.7,0.5625,38,56,72,4,1.4355197653998488,0.3138140569588757,1.02062171046555,2.333333333333333,53.44588354679433,1.6683610738540435,0.422357145975223,0.9104827103954191,2.333333333333333,35.71131789406994,0.927088786972449,0.17885088488978965,0.6795756395369731,1.4825707636952523,26.995319436352748,1.0823503653920428,0.25995633898876697,0.6795756395369731,1.4825707636952523,35.92751106829464
22,wbc,hbos,empirical_randomized_weighted,55,38,55,38,36,2,0.053,0.0,0.0,0.5,estimated,85,4,128,6,0.6,0.6,0.053108310198008005,0.5086155590464783,0.7,0.5703125,38,55,73,2,1.533219001669132,0.3814428251510059,1.0580192504090689,2.333333333333333,51.79423323001822,1.6428605749033487,0.42380593670622096,1.0444863520918797,2.333333333333333,35.6289757569652,0.8991216747524895,0.3135448086205502,0.5581620401403509,1.7676184157013195,24.964157673700623,1.3074468602505405,0.32718251585051233,0.7293387641501762,1.7676184157013195,35.760574741487886
22,wbc,hbos,empirical_weighted,55,38,55,38,36,2,0.053,0.0,0.0,0.5,estimated,85,4,128,6,0.6,0.6,0.053108310198008005,0.5086155590464783,0.7,0.5703125,38,55,73,2,1.533219001669132,0.3814428251510059,1.0580192504090689,2.333333333333333,51.79423323001822,1.6428605749033487,0.42380593670622096,1.0444863520918797,2.333333333333333,35.6289757569652,0.8991216747524895,0.3135448086205502,0.5581620401403509,1.7676184157013195,24.964157673700623,1.3074468602505405,0.32718251585051233,0.7293387641501762,1.7676184157013195,35.760574741487886
23,wbc,iforest,empirical_randomized_weighted,53,38,53,38,36,2,0.053,0.0,0.0,0.5,estimated,85,4,128,6,0.6,0.5999999999999999,0.05705300453442912,0.5014614193625614,0.7,0.5859375,38,53,75,2,1.4789028878017236,0.3759536111865354,1.015278609054231,2.333333333333333,49.782866331281916,1.620790374153951,0.43427141188836194,1.0058628135086067,2.333333333333333,35.45468019807029,0.9208712141751235,0.25559668815630776,0.6524325388708674,1.5512012765577903,25.068721791134784,1.1221424640564597,0.295733156583689,0.6524325388708674,1.6187120055460353,35.53211402241862
23,wbc,iforest,empirical_weighted,53,38,53,38,36,2,0.053,0.0,0.0,0.5,estimated,85,4,128,6,0.6,0.5999999999999999,0.05705300453442912,0.5014614193625614,0.7,0.5859375,38,53,75,2,1.4789028878017236,0.3759536111865354,1.015278609054231,2.333333333333333,49.782866331281916,1.620790374153951,0.43427141188836194,1.0058628135086067,2.333333333333333,35.45468019807029,0.9208712141751235,0.25559668815630776,0.6524325388708674,1.5512012765577903,25.068721791134784,1.1221424640564597,0.295733156583689,0.6524325388708674,1.6187120055460353,35.53211402241862
24,wbc,iforest,empirical_randomized_weighted,52,40,52,40,38,2,0.05,0.0,0.0,0.5,estimated,85,4,128,6,0.6,0.6,0.0575578906982904,0.48959257341619766,0.7,0.59375,40,52,76,4,1.5464074393337475,0.40417113744505,1.000774126950434,2.333333333333333,48.67502119064915,1.6656118202665369,0.47325879882444305,1.0537543755788112,2.333333333333333,37.0119250937445,0.921709892806751,0.18701592644380902,0.743104684667758,1.6407718655643713,24.97193429487856,1.1771726673560847,0.405326607212041,0.743104684667758,2.0133203687940404,35.76033566160214
24,wbc,iforest,empirical_weighted,52,40,52,40,38,2,0.05,0.0,0.0,0.5,estimated,85,4,128,6,0.6,0.6,0.0575578906982904,0.48959257341619766,0.7,0.59375,40,52,76,4,1.5464074393337475,0.40417113744505,1.000774126950434,2.333333333333333,48.67502119064915,1.6656118202665369,0.47325879882444305,1.0537543755788112,2.333333333333333,37.0119250937445,0.921709892806751,0.18701592644380902,0.743104684667758,1.6407718655643713,24.97193429487856,1.1771726673560847,0.405326607212041,0.743104684667758,2.0133203687940404,35.76033566160214
25,wbc,iforest,empirical_randomized_weighted,47,42,47,42,40,2,0.048,0.0,0.5,0.5,estimated,85,4,128,6,0.6,0.6,0.05464379232647501,0.4974614486539258,0.7,0.6328125,42,47,81,4,1.5580323402872165,0.38065289673926994,1.026452733710888,2.333333333333333,44.35257203622467,1.5250156824678005,0.39002332882828905,0.9898970881367226,2.333333333333333,39.42150802831869,0.9652174483202893,0.22512283772463773,0.7013039528747951,1.4836546212464188,22.76178760443038,1.1687188694586095,0.2660449190096289,0.7013039528747951,1.5643512410288265,39.93082098311624
25,wbc,iforest,empirical_weighted,47,42,47,42,40,2,0.048,0.0,0.0,0.5,estimated,85,4,128,6,0.6,0.6,0.05464379232647501,0.4974614486539258,0.7,0.6328125,42,47,81,4,1.5580323402872165,0.38065289673926994,1.026452733710888,2.333333333333333,44.35257203622467,1.5250156824678005,0.39002332882828905,0.9898970881367226,2.333333333333333,39.42150802831869,0.9652174483202893,0.22512283772463773,0.7013039528747951,1.4836546212464188,22.76178760443038,1.1687188694586095,0.2660449190096289,0.7013039528747951,1.5643512410288265,39.93082098311624
1,wbc,iforest,empirical_randomized_weighted,53,40,53,40,38,2,0.05,0.0,0.0,1.0,estimated,85,4,128,6,0.6,0.6,0.09183497439773186,0.3497423063263046,0.7,0.5859375,40,53,75,5,1.4448544586085599,0.5834486814891224,0.5378518543170181,2.333333333333333,45.56930367713033,1.764841572000606,0.5494633366987987,0.6238836497880984,2.333333333333333,36.46535031561452,0.9225227230518702,0.21309988103221303,0.7136617820788579,1.5728479078801731,25.632273090800947,1.1160582511436996,0.2847251974382966,0.7161490160545936,1.6067885169872123,37.555702992070536
1,wbc,iforest,empirical_weighted,53,40,53,40,38,2,0.05,0.0,0.0,1.0,estimated,85,4,128,6,0.6,0.6,0.09183497439773186,0.3497423063263046,0.7,0.5859375,40,53,75,5,1.4448544586085599,0.5834486814891224,0.5378518543170181,2.333333333333333,45.56930367713033,1.764841572000606,0.5494633366987987,0.6238836497880984,2.333333333333333,36.46535031561452,0.9225227230518702,0.21309988103221303,0.7136617820788579,1.5728479078801731,25.632273090800947,1.1160582511436996,0.2847251974382966,0.7161490160545936,1.6067885169872123,37.555702992070536
2,wbc,iforest,empirical_randomized_weighted,50,42,50,42,40,2,0.048,0.0,0.0,1.0,estimated,85,4,128,6,0.6,0.5999999999999999,0.0849171922055975,0.4179539696650853,0.7,0.609375,42,50,78,5,1.4321198030990068,0.5535873294882739,0.7180771758285006,2.333333333333333,43.5001369430822,1.7232023985673541,0.5344647519550647,0.7789148395631187,2.333333333333333,38.31424991535523,0.9618178080426085,0.1851972943661983,0.7435791874356653,1.3271164601296561,24.10625545891613,1.1297395224708864,0.21271535183562792,0.7570668711775776,1.4740438545547416,40.56199520660313
2,wbc,iforest,empirical_weighted,50,42,50,42,40,2,0.048,0.0,0.0,1.0,estimated,85,4,128,6,0.6,0.5999999999999999,0.0849171922055975,0.4179539696650853,0.7,0.609375,42,50,78,5,1.4321198030990068,0.5535873294882739,0.7180771758285006,2.333333333333333,43.5001369430822,1.7232023985673541,0.5344647519550647,0.7789148395631187,2.333333333333333,38.31424991535523,0.9618178080426085,0.1851972943661983,0.7435791874356653,1.3271164601296561,24.10625545891613,1.1297395224708864,0.21271535183562792,0.7570668711775776,1.4740438545547416,40.56199520660313
3,wbc,hbos,empirical_randomized_weighted,52,40,52,40,38,2,0.05,0.0,0.0,1.0,estimated,85,4,128,6,0.6,0.6,0.0818491543793268,0.3967272101742525,0.7,0.59375,40,52,76,4,1.4423607012940436,0.46028225194117595,0.6576249034683718,2.333333333333333,47.19396265743971,1.8691456030658387,0.5631471448567915,0.7534121728053769,2.333333333333333,36.67123566029807,0.9101097663033821,0.3576860776628323,0.6071565764009114,2.3567651811777686,22.521348556759026,1.3890338509857407,0.6008571119928857,0.6071565764009114,2.3567651811777686,33.695035190556176
3,wbc,hbos,empirical_weighted,52,40,52,40,38,2,0.05,0.0,0.0,1.0,estimated,85,4,128,6,0.6,0.6,0.0818491543793268,0.3967272101742525,0.7,0.59375,40,52,76,4,1.4423607012940436,0.46028225194117595,0.6576249034683718,2.333333333333333,47.19396265743971,1.8691456030658387,0.5631471448567915,0.7534121728053769,2.333333333333333,36.67123566029807,0.9101097663033821,0.3576860776628323,0.6071565764009114,2.3567651811777686,22.521348556759026,1.3890338509857407,0.6008571119928857,0.6071565764009114,2.3567651811777686,33.695035190556176
4,wbc,iforest,empirical_randomized_weighted,51,41,51,41,39,2,0.049,0.0,0.0,1.0,estimated,85,4,128,6,0.6,0.5999999999999999,0.0859241453020165,0.39022448629206014,0.7,0.6015625,41,51,77,5,1.54783087115952,0.5278632135701534,0.6816044993965055,2.333333333333333,45.68646723349075,1.6765587638715485,0.5887268376815589,0.7033295349152955,2.333333333333333,36.499350024530145,0.88086626303502,0.2806351919958986,0.6956845599179768,1.9252985678845245,23.604184806656342,1.444522348820282,0.6802803062981128,0.6956845599179768,2.550653645065252,33.557527744798556
4,wbc,iforest,empirical_weighted,51,41,51,41,39,2,0.049,0.0,0.0,1.0,estimated,85,4,128,6,0.6,0.5999999999999999,0.0859241453020165,0.39022448629206014,0.7,0.6015625,41,51,77,5,1.54783087115952,0.5278632135701534,0.6816044993965055,2.333333333333333,45.68646723349075,1.6765587638715485,0.5887268376815589,0.7033295349152955,2.333333333333333,36.499350024530145,0.88086626303502,0.2806351919958986,0.6956845599179768,1.9252985678845245,23.604184806656342,1.444522348820282,0.6802803062981128,0.6956845599179768,2.550653645065252,33.557527744798556
5,wbc,iforest,empirical_randomized_weighted,51,40,51,40,38,2,0.05,0.0,0.0,1.0,estimated,85,4,128,6,0.6,0.6,0.08262062898537476,0.40211824796468437,0.7,0.6015625,40,51,77,4,1.5053509835778116,0.5331726858086875,0.6725715354178129,2.333333333333333,45.31532846135004,1.776651603164776,0.523218311548268,0.8517815685639911,2.333333333333333,36.807724969670545,0.8348524573634466,0.2477244385985244,0.6026935306285751,1.541654884452727,23.89601015108286,1.441764802209915,0.7528125111732897,0.6026935306285751,2.957821646025363,31.430800395526497
5,wbc,iforest,empirical_weighted,51,40,51,40,38,2,0.05,0.0,0.0,1.0,estimated,85,4,128,6,0.6,0.6,0.08262062898537476,0.40211824796468437,0.7,0.6015625,40,51,77,4,1.5053509835778116,0.5331726858086875,0.6725715354178129,2.333333333333333,45.31532846135004,1.776651603164776,0.523218311548268,0.8517815685639911,2.333333333333333,36.807724969670545,0.8348524573634466,0.2477244385985244,0.6026935306285751,1.541654884452727,23.89601015108286,1.441764802209915,0.7528125111732897,0.6026935306285751,2.957821646025363,31.430800395526497
6,wbc,iforest,empirical_randomized_weighted,58,37,58,37,35,2,0.054,0.0,0.0,1.0,estimated,85,4,128,6,0.6,0.5999999999999999,0.08403157812579413,0.3860533416739297,0.7,0.546875,37,58,70,4,1.4372503790044369,0.4896555355424442,0.682957292585421,2.333333333333333,51.96811021209308,1.761246585670659,0.5601265969246411,0.6288059987597403,2.333333333333333,33.60147546348192,0.8336860358833682,0.30627352000290387,0.5528027351845802,1.8247402364632066,25.551499890985188,1.471849979046378,0.6649283422825523,0.5528027351845802,2.670108826946384,30.72858956125696
6,wbc,iforest,empirical_weighted,58,37,58,37,35,2,0.054,0.0,0.0,1.0,estimated,85,4,128,6,0.6,0.5999999999999999,0.08403157812579413,0.3860533416739297,0.7,0.546875,37,58,70,4,1.4372503790044369,0.4896555355424442,0.682957292585421,2.333333333333333,51.96811021209308,1.761246585670659,0.5601265969246411,0.6288059987597403,2.333333333333333,33.60147546348192,0.8336860358833682,0.30627352000290387,0.5528027351845802,1.8247402364632066,25.551499890985188,1.471849979046378,0.6649283422825523,0.5528027351845802,2.670108826946384,30.72858956125696
7,wbc,iforest,empirical_randomized_weighted,51,40,51,40,38,2,0.05,0.0,0.0,1.0,estimated,85,4,128,6,0.6,0.5999999999999999,0.08508155574061146,0.3832926392449633,0.7,0.6015625,40,51,77,3,1.4936065191259125,0.5131450594358,0.6215146172014179,2.333333333333333,45.615777657684895,1.6578039134486233,0.5399162690938352,0.7664835041404754,2.333333333333333,36.16412481993491,0.9045229779332019,0.26829087504613125,0.5912231803899178,1.4892010173768013,23.897548670534988,1.2227166184683465,0.38447615361162785,0.5912231803899178,1.8712118809258833,36.40085930901213
7,wbc,iforest,empirical_weighted,51,40,51,40,38,2,0.05,0.0,0.0,1.0,estimated,85,4,128,6,0.6,0.5999999999999999,0.08508155574061146,0.3832926392449633,0.7,0.6015625,40,51,77,3,1.4936065191259125,0.5131450594358,0.6215146172014179,2.333333333333333,45.615777657684895,1.6578039134486233,0.5399162690938352,0.7664835041404754,2.333333333333333,36.16412481993491,0.9045229779332019,0.26829087504613125,0.5912231803899178,1.4892010173768013,23.897548670534988,1.2227166184683465,0.38447615361162785,0.5912231803899178,1.8712118809258833,36.40085930901213
8,wbc,hbos,empirical_randomized_weighted,44,44,44,44,42,2,0.045,0.0,0.0,1.0,estimated,85,4,128,6,0.6,0.6,0.08417051296164527,0.39376469604748787,0.7,0.65625,44,44,84,4,1.4975978057172485,0.5820120297166443,0.6495245220465293,2.333333333333333,38.2265127244256,1.7496130650124735,0.5261378106183653,0.855139243157111,2.333333333333333,40.351035142986916,0.9125827110496508,0.21441218787632177,0.6711326339249652,1.2619943469595285,20.84908948818889,1.2577660170393536,0.41368226371140115,0.6711326339249652,1.9834070417119292,39.70485612465834
8,wbc,hbos,empirical_weighted,44,44,44,44,42,2,0.045,0.0,0.0,1.0,estimated,85,4,128,6,0.6,0.6,0.08417051296164527,0.39376469604748787,0.7,0.65625,44,44,84,4,1.4975978057172485,0.5820120297166443,0.6495245220465293,2.333333333333333,38.2265127244256,1.7496130650124735,0.5261378106183653,0.855139243157111,2.333333333333333,40.351035142986916,0.9125827110496508,0.21441218787632177,0.6711326339249652,1.2619943469595285,20.84908948818889,1.2577660170393536,0.41368226371140115,0.6711326339249652,1.9834070417119292,39.70485612465834
9,wbc,iforest,empirical_randomized_weighted,61,36,61,36,34,2,0.056,0.0,0.0,1.0,estimated,85,4,128,6,0.6,0.5999999999999999,0.09109408261428752,0.31095802213710805,0.7,0.5234375,36,61,67,5,1.514466907131757,0.5615352983939178,0.4512903888694334,2.333333333333333,53.627390794921226,1.8178295988577031,0.48401693706829074,0.8378294146927586,2.333333333333333,33.616745389535275,0.8780523602812298,0.32577244041583703,0.6040147378086493,1.8372430405122073,27.24906560957723,1.1514310939655399,0.3295370617698221,0.6641501007437779,1.8372430405122073,33.27451174239058
9,wbc,iforest,empirical_weighted,61,36,61,36,34,2,0.056,0.0,0.0,1.0,estimated,85,4,128,6,0.6,0.5999999999999999,0.09109408261428752,0.31095802213710805,0.7,0.5234375,36,61,67,5,1.514466907131757,0.5615352983939178,0.4512903888694334,2.333333333333333,53.627390794921226,1.8178295988577031,0.48401693706829074,0.8378294146927586,2.333333333333333,33.616745389535275,0.8780523602812298,0.32577244041583703,0.6040147378086493,1.8372430405122073,27.24906560957723,1.1514310939655399,0.3295370617698221,0.6641501007437779,1.8372430405122073,33.27451174239058
10,wbc,iforest,empirical_randomized_weighted,43,44,43,44,42,2,0.045,0.0,0.0,1.0,estimated,85,4,128,6,0.6,0.5999999999999999,0.0865865508473077,0.3797458243112184,0.7,0.6640625,44,43,85,3,1.5226851689132916,0.5750449923398759,0.6122422696945444,2.333333333333333,37.63277653124378,1.6443949237225732,0.4746607861729837,0.7631424070110255,2.333333333333333,40.61584715546014,1.0301624100869011,0.07671467325393516,0.947926944849768,1.256768357643635,21.87867049954997,1.1103009505978056,0.1161726809961814,0.947926944849768,1.3185285940028424,43.523513557190554
10,wbc,iforest,empirical_weighted,43,44,43,44,42,2,0.045,0.0,0.0,1.0,estimated,85,4,128,6,0.6,0.5999999999999999,0.0865865508473077,0.3797458243112184,0.7,0.6640625,44,43,85,3,1.5226851689132916,0.5750449923398759,0.6122422696945444,2.333333333333333,37.63277653124378,1.6443949237225732,0.4746607861729837,0.7631424070110255,2.333333333333333,40.61584715546014,1.0301624100869011,0.07671467325393516,0.947926944849768,1.256768357643635,21.87867049954997,1.1103009505978056,0.1161726809961814,0.947926944849768,1.3185285940028424,43.523513557190554
11,wbc,iforest,empirical_randomized_weighted,43,44,43,44,42,2,0.045,0.0,0.0,1.0,estimated,85,4,128,6,0.6,0.5999999999999999,0.08541001122736118,0.4014183046769735,0.7,0.6640625,44,43,85,4,1.5184841792059685,0.5368687592617571,0.7337969733608828,2.333333333333333,38.22216638703531,1.7408234634849153,0.532298012481732,0.6706157368550116,2.333333333333333,40.23785882528857,0.9726004573051089,0.23701052839450376,0.7900998499619896,1.8002146962562802,20.766793560547363,1.1974540171468062,0.2997952230510654,0.7900998499619896,1.8002146962562802,41.40473485369261
11,wbc,iforest,empirical_weighted,43,44,43,44,42,2,0.045,0.0,0.0,1.0,estimated,85,4,128,6,0.6,0.5999999999999999,0.08541001122736118,0.4014183046769735,0.7,0.6640625,44,43,85,4,1.5184841792059685,0.5368687592617571,0.7337969733608828,2.333333333333333,38.22216638703531,1.7408234634849153,0.532298012481732,0.6706157368550116,2.333333333333333,40.23785882528857,0.9726004573051089,0.23701052839450376,0.7900998499619896,1.8002146962562802,20.766793560547363,1.1974540171468062,0.2997952230510654,0.7900998499619896,1.8002146962562802,41.40473485369261
12,wbc,hbos,empirical_randomized_weighted,59,37,59,37,35,2,0.054,0.0,0.5,1.0,estimated,85,4,128,6,0.6,0.6000000000000001,0.08072218443786879,0.42552101640594614,0.7,0.5390625,37,59,69,5,1.5034645286077746,0.5362399918189162,0.740707717006117,2.333333333333333,52.34147568726894,1.8270139853740295,0.47096564698104976,0.9149595876268352,2.333333333333333,34.694548667028435,0.8565738487047042,0.43512885482310576,0.4661139150739742,1.9858434551755755,23.846403299331456,1.6127973283969075,0.704837386719104,0.5911318996874589,2.6556489016077798,31.066503958331428
12,wbc,hbos,empirical_weighted,59,37,59,37,35,2,0.054,0.0,0.0,1.0,estimated,85,4,128,6,0.6,0.6000000000000001,0.08072218443786879,0.42552101640594614,0.7,0.5390625,37,59,69,5,1.5034645286077746,0.5362399918189162,0.740707717006117,2.333333333333333,52.34147568726894,1.8270139853740295,0.47096564698104976,0.9149595876268352,2.333333333333333,34.694548667028435,0.8565738487047042,0.43512885482310576,0.4661139150739742,1.9858434551755755,23.846403299331456,1.6127973283969075,0.704837386719104,0.5911318996874589,2.6556489016077798,31.066503958331428
13,wbc,iforest,empirical_randomized_weighted,53,40,53,40,38,2,0.05,0.0,0.0,1.0,estimated,85,4,128,6,0.6,0.5999999999999999,0.08822070565417717,0.3785913315708968,0.7,0.5859375,40,53,75,6,1.4584266738552027,0.5459391207489381,0.6092469429626093,2.333333333333333,46.48608343069321,1.7387966184744215,0.5718687683252962,0.7551686444759642,2.333333333333333,36.09563938561015,0.8974030309278743,0.4337370262773445,0.5853343406997769,2.692615699676856,21.88711093076361,1.432641830936241,0.6802340030089091,0.5853343406997769,2.692615699676856,32.64119258914614
13,wbc,iforest,empirical_weighted,53,40,53,40,38,2,0.05,0.0,0.0,1.0,estimated,85,4,128,6,0.6,0.5999999999999999,0.08822070565417717,0.3785913315708968,0.7,0.5859375,40,53,75,6,1.4584266738552027,0.5459391207489381,0.6092469429626093,2.333333333333333,46.48608343069321,1.7387966184744215,0.5718687683252962,0.7551686444759642,2.333333333333333,36.09563938561015,0.8974030309278743,0.4337370262773445,0.5853343406997769,2.692615699676856,21.88711093076361,1.432641830936241,0.6802340030089091,0.5853343406997769,2.692615699676856,32.64119258914614
14,wbc,iforest,empirical_randomized_weighted,53,39,53,39,37,2,0.051,0.0,0.0,1.0,estimated,85,4,128,6,0.6,0.6,0.088671756114217,0.3778753076564485,0.7,0.5859375,39,53,75,3,1.4522609788652145,0.5456000656493928,0.6073948073544349,2.333333333333333,46.4446592424496,1.7531865581230648,0.5363377904945315,0.6936006719957295,2.333333333333333,35.662422397844146,0.9079009398185689,0.32588408794565077,0.5830086967688065,1.8732252313507372,23.918367069474602,1.295010364641692,0.3899552870874451,0.5830086967688065,1.8732252313507372,35.757703303310706
14,wbc,iforest,empirical_weighted,53,39,53,39,37,2,0.051,0.0,0.0,1.0,estimated,85,4,128,6,0.6,0.6,0.088671756114217,0.3778753076564485,0.7,0.5859375,39,53,75,3,1.4522609788652145,0.5456000656493928,0.6073948073544349,2.333333333333333,46.4446592424496,1.7531865581230648,0.5363377904945315,0.6936006719957295,2.333333333333333,35.662422397844146,0.9079009398185689,0.32588408794565077,0.5830086967688065,1.8732252313507372,23.918367069474602,1.295010364641692,0.3899552870874451,0.5830086967688065,1.8732252313507372,35.757703303310706
15,wbc,iforest,empirical_randomized_weighted,51,42,51,42,40,2,0.048,0.0,0.0,1.0,estimated,85,4,128,6,0.6,0.5999999999999999,0.07956963351944678,0.39875256897593436,0.7,0.6015625,42,51,77,6,1.509917363748716,0.4624483028544345,0.815810268053107,2.333333333333333,46.626281732815755,1.6986250038189117,0.5361502343862433,0.7123803072156784,2.333333333333333,38.19476233275212,0.984771114940479,0.31144551913051577,0.7309856671351014,1.746255926623323,23.6359006347449,1.2098852132333993,0.35558899237032143,0.7309856671351014,1.746255926623323,38.66054036121356
15,wbc,iforest,empirical_weighted,51,42,51,42,40,2,0.048,0.0,0.0,1.0,estimated,85,4,128,6,0.6,0.5999999999999999,0.07956963351944678,0.39875256897593436,0.7,0.6015625,42,51,77,6,1.509917363748716,0.4624483028544345,0.815810268053107,2.333333333333333,46.626281732815755,1.6986250038189117,0.5361502343862433,0.7123803072156784,2.333333333333333,38.19476233275212,0.984771114940479,0.31144551913051577,0.7309856671351014,1.746255926623323,23.6359006347449,1.2098852132333993,0.35558899237032143,0.7309856671351014,1.746255926623323,38.66054036121356
16,wbc,iforest,empirical_randomized_weighted,55,39,55,39,37,2,0.051,0.0,0.0,1.0,estimated,85,4,128,6,0.6,0.6,0.08631928244199012,0.3501080586581371,0.7,0.5703125,39,55,73,5,1.4849268807099116,0.5494130763747609,0.538717341124822,2.333333333333333,48.37737526232221,1.826992368701458,0.5029664546883812,0.8462693771967611,2.333333333333333,36.25247156654877,0.8572721551280017,0.29021164105862396,0.5065137673649553,1.7579875763342774,25.121074455106534,1.4118925909499755,0.6410513434617169,0.6177524759168048,2.8688289210573017,32.33429986458852
16,wbc,iforest,empirical_weighted,55,39,55,39,37,2,0.051,0.0,0.0,1.0,estimated,85,4,128,6,0.6,0.6,0.08631928244199012,0.3501080586581371,0.7,0.5703125,39,55,73,5,1.4849268807099116,0.5494130763747609,0.538717341124822,2.333333333333333,48.37737526232221,1.826992368701458,0.5029664546883812,0.8462693771967611,2.333333333333333,36.25247156654877,0.8572721551280017,0.29021164105862396,0.5065137673649553,1.7579875763342774,25.121074455106534,1.4118925909499755,0.6410513434617169,0.6177524759168048,2.8688289210573017,32.33429986458852
17,wbc,iforest,empirical_randomized_weighted,42,46,42,46,44,2,0.043,0.0,0.5,1.0,estimated,85,4,128,6,0.6,0.6000000000000001,0.08065568723440938,0.38696790424126815,0.7,0.671875,46,42,86,6,1.4493224623471386,0.5046100609897306,0.6312359612465793,2.333333333333333,37.4591264372763,1.7142384846501784,0.4693869009936727,0.934980044704383,2.333333333333333,42.791672382103236,0.9308991131470566,0.2801117717747009,0.6393423812215364,1.4592261719084854,19.256452547106168,1.3297352110012655,0.44342891802353085,0.6393423812215364,2.0796707177687175,41.396565222377966
17,wbc,iforest,empirical_weighted,42,46,42,46,44,2,0.043,0.0,0.0,1.0,estimated,85,4,128,6,0.6,0.6000000000000001,0.08065568723440938,0.38696790424126815,0.7,0.671875,46,42,86,6,1.4493224623471386,0.5046100609897306,0.6312359612465793,2.333333333333333,37.4591264372763,1.7142384846501784,0.4693869009936727,0.934980044704383,2.333333333333333,42.791672382103236,0.9308991131470566,0.2801117717747009,0.6393423812215364,1.4592261719084854,19.256452547106168,1.3297352110012655,0.44342891802353085,0.6393423812215364,2.0796707177687175,41.396565222377966
18,wbc,iforest,empirical_randomized_weighted,52,40,52,40,38,2,0.05,0.0,0.0,1.0,estimated,85,4,128,6,0.6,0.6,0.08543280581145289,0.3763114177662387,0.7,0.59375,40,52,76,4,1.450883452102441,0.5179450504307541,0.603364288662247,2.333333333333333,46.12222965350798,1.7819574525736237,0.5580777596240803,0.8033542032187462,2.333333333333333,36.42711118383174,0.8743630063942216,0.23658010072513563,0.6614651467102537,1.780795707439578,24.226376868283012,1.2170461083398938,0.4373402553409778,0.6614651467102537,2.160124150077639,35.4255261096674
18,wbc,iforest,empirical_weighted,52,40,52,40,38,2,0.05,0.0,0.0,1.0,estimated,85,4,128,6,0.6,0.6,0.08543280581145289,0.3763114177662387,0.7,0.59375,40,52,76,4,1.450883452102441,0.5179450504307541,0.603364288662247,2.333333333333333,46.12222965350798,1.7819574525736237,0.5580777596240803,0.8033542032187462,2.333333333333333,36.42711118383174,0.8743630063942216,0.23658010072513563,0.6614651467102537,1.780795707439578,24.226376868283012,1.2170461083398938,0.4373402553409778,0.6614651467102537,2.160124150077639,35.4255261096674
19,wbc,iforest,empirical_randomized_weighted,55,39,55,39,37,2,0.051,0.0,0.0,1.0,estimated,85,4,128,6,0.6,0.5999999999999999,0.09038193878423274,0.3439821611566898,0.7,0.5703125,39,55,73,5,1.4631160771937441,0.5545595590324284,0.5243487917389543,2.333333333333333,48.091174688144406,1.8317111817232614,0.5272277948468032,0.9674425637031007,2.333333333333333,36.01613158993832,0.937457180252823,0.3996239230781405,0.5222360407843838,1.7492731542244275,23.69429837175221,1.284873099097436,0.36821739022084465,0.5222360407843838,1.7492731542244275,36.04011847449639
19,wbc,iforest,empirical_weighted,55,39,55,39,37,2,0.051,0.0,0.0,1.0,estimated,85,4,128,6,0.6,0.5999999999999999,0.09038193878423274,0.3439821611566898,0.7,0.5703125,39,55,73,5,1.4631160771937441,0.5545595590324284,0.5243487917389543,2.333333333333333,48.091174688144406,1.8317111817232614,0.5272277948468032,0.9674425637031007,2.333333333333333,36.01613158993832,0.937457180252823,0.3996239230781405,0.5222360407843838,1.7492731542244275,23.69429837175221,1.284873099097436,0.36821739022084465,0.5222360407843838,1.7492731542244275,36.04011847449639
20,wbc,iforest,empirical_randomized_weighted,45,44,45,44,42,2,0.045,0.0,0.0,1.0,estimated,85,4,128,6,0.6,0.6,0.08759597837514077,0.3663961984254611,0.7,0.6484375,44,45,83,5,1.4547028626689584,0.5303579594085678,0.5782733587060988,2.333333333333333,39.720376520132255,1.706225537746652,0.5510202242017207,0.7035613294229025,2.333333333333333,39.84443677213555,0.8998326493837918,0.3211683458726237,0.6833182570909102,1.995962130772686,20.401068197189762,1.3145988549243834,0.5417286433791928,0.6833182570909102,2.342457292632766,37.612771733875896
20,wbc,iforest,empirical_weighted,45,44,45,44,42,2,0.045,0.0,0.0,1.0,estimated,85,4,128,6,0.6,0.6,0.08759597837514077,0.3663961984254611,0.7,0.6484375,44,45,83,5,1.4547028626689584,0.5303579594085678,0.5782733587060988,2.333333333333333,39.720376520132255,1.706225537746652,0.5510202242017207,0.7035613294229025,2.333333333333333,39.84443677213555,0.8998326493837918,0.3211683458726237,0.6833182570909102,1.995962130772686,20.401068197189762,1.3145988549243834,0.5417286433791928,0.6833182570909102,2.342457292632766,37.612771733875896
21,wbc,iforest,empirical_randomized_weighted,54,39,54,39,37,2,0.051,0.0,0.0,1.0,estimated,85,4,128,6,0.6,0.5999999999999999,0.08784282093592329,0.37649618380505845,0.7,0.578125,39,54,74,4,1.427340954395146,0.4542590961224916,0.7587656484155467,2.333333333333333,49.03355955163648,1.806465531292816,0.5784802191074633,0.6038394217098826,2.333333333333333,35.372681801606085,0.855376823701818,0.2794967099792094,0.5946960984774672,1.6334234319707865,24.39537101229933,1.23462901384462,0.4408576766265848,0.5946960984774672,1.869678535235062,34.589677296468246
21,wbc,iforest,empirical_weighted,54,39,54,39,37,2,0.051,0.0,0.0,1.0,estimated,85,4,128,6,0.6,0.5999999999999999,0.08784282093592329,0.37649618380505845,0.7,0.578125,39,54,74,4,1.427340954395146,0.4542590961224916,0.7587656484155467,2.333333333333333,49.03355955163648,1.806465531292816,0.5784802191074633,0.6038394217098826,2.333333333333333,35.372681801606085,0.855376823701818,0.2794967099792094,0.5946960984774672,1.6334234319707865,24.39537101229933,1.23462901384462,0.4408576766265848,0.5946960984774672,1.869678535235062,34.589677296468246
22,wbc,hbos,empirical_randomized_weighted,57,36,57,36,34,2,0.056,0.0,0.0,1.0,estimated,85,4,128,6,0.6,0.6,0.07817609692096299,0.4355247698953456,0.7,0.5546875,36,57,71,2,1.5364580004573174,0.5106064088441541,0.806155142882704,2.333333333333333,51.33094822207391,1.6984508886825394,0.5322675506779063,0.7856643166701482,2.333333333333333,32.78062732043207,0.884992583055569,0.4457646241091242,0.5316366262413864,2.0353692305907525,23.131407035590314,1.3629948870745874,0.46817430048218134,0.5600834982038592,2.0353692305907525,32.20079067243562
22,wbc,hbos,empirical_weighted,57,36,57,36,34,2,0.056,0.0,0.0,1.0,estimated,85,4,128,6,0.6,0.6,0.07817609692096299,0.4355247698953456,0.7,0.5546875,36,57,71,2,1.5364580004573174,0.5106064088441541,0.806155142882704,2.333333333333333,51.33094822207391,1.6984508886825394,0.5322675506779063,0.7856643166701482,2.333333333333333,32.78062732043207,0.884992583055569,0.4457646241091242,0.5316366262413864,2.0353692305907525,23.131407035590314,1.3629948870745874,0.46817430048218134,0.5600834982038592,2.0353692305907525,32.20079067243562
23,wbc,iforest,empirical_randomized_weighted,55,38,55,38,36,2,0.053,0.0,0.0,1.0,estimated,85,4,128,6,0.6,0.5999999999999999,0.08201591914573526,0.42559011498469057,0.7,0.5703125,38,55,73,2,1.4692955647636587,0.5151701574064372,0.7409171152640376,2.333333333333333,48.9786994102889,1.7104123226658223,0.5420572753875338,0.7629506236951317,2.333333333333333,34.53177238611035,0.9143933885789908,0.26210406352030724,0.5916937506923539,1.5586716583664781,25.874082928831246,1.1601644799018087,0.2835238328467962,0.645950426582338,1.6140234060311378,35.85843460955466
23,wbc,iforest,empirical_weighted,55,38,55,38,36,2,0.053,0.0,0.0,1.0,estimated,85,4,128,6,0.6,0.5999999999999999,0.08201591914573526,0.42559011498469057,0.7,0.5703125,38,55,73,2,1.4692955647636587,0.5151701574064372,0.7409171152640376,2.333333333333333,48.9786994102889,1.7104123226658223,0.5420572753875338,0.7629506236951317,2.333333333333333,34.53177238611035,0.9143933885789908,0.26210406352030724,0.5916937506923539,1.5586716583664781,25.874082928831246,1.1601644799018087,0.2835238328467962,0.645950426582338,1.6140234060311378,35.85843460955466
24,wbc,iforest,empirical_randomized_weighted,50,41,50,41,39,2,0.049,0.0,0.0,1.0,estimated,85,4,128,6,0.6,0.6,0.08069933920788443,0.4032300025209676,0.7,0.609375,41,50,78,4,1.5323021364861233,0.5417064321906433,0.7354993995712309,2.333333333333333,44.44524992783754,1.756757486373147,0.5156673704797977,0.8566916852655072,2.333333333333333,37.74759262603215,0.9524519799171144,0.2501595957507418,0.7572286170934713,1.7947993954909705,23.386693168636036,1.1523331610299568,0.32625640625720853,0.7572286170934713,1.7947993954909705,37.95731197154712
24,wbc,iforest,empirical_weighted,50,41,50,41,39,2,0.049,0.0,0.0,1.0,estimated,85,4,128,6,0.6,0.6,0.08069933920788443,0.4032300025209676,0.7,0.609375,41,50,78,4,1.5323021364861233,0.5417064321906433,0.7354993995712309,2.333333333333333,44.44524992783754,1.756757486373147,0.5156673704797977,0.8566916852655072,2.333333333333333,37.74759262603215,0.9524519799171144,0.2501595957507418,0.7572286170934713,1.7947993954909705,23.386693168636036,1.1523331610299568,0.32625640625720853,0.7572286170934713,1.7947993954909705,37.95731197154712
25,wbc,iforest,empirical_randomized_weighted,48,42,48,42,40,2,0.048,0.0,0.5,1.0,estimated,85,4,128,6,0.6,0.5999999999999999,0.08096649521482473,0.41462310836756355,0.7,0.625,42,48,80,4,1.5650938285918652,0.49738145226046765,0.7615803795072975,2.333333333333333,43.596941671110244,1.6262415551349334,0.5566292960224035,0.708301120687062,2.333333333333333,37.595488542503,0.9567815864167571,0.13735854266151246,0.8253655498427581,1.31696108651986,23.515340201024326,1.1132619044650234,0.17812685811425527,0.8253655498427581,1.4066952964689923,40.95158121234818
25,wbc,iforest,empirical_weighted,48,42,48,42,40,2,0.048,0.0,0.0,1.0,estimated,85,4,128,6,0.6,0.5999999999999999,0.08096649521482473,0.41462310836756355,0.7,0.625,42,48,80,4,1.5650938285918652,0.49738145226046765,0.7615803795072975,2.333333333333333,43.596941671110244,1.6262415551349334,0.5566292960224035,0.708301120687062,2.333333333333333,37.595488542503,0.9567815864167571,0.13735854266151246,0.8253655498427581,1.31696108651986,23.515340201024326,1.1132619044650234,0.17812685811425527,0.8253655498427581,1.4066952964689923,40.95158121234818
1,wbc,iforest,empirical_randomized_weighted,53,40,53,40,38,2,0.05,0.0,0.0,4.0,estimated,85,4,128,6,0.6,0.6000000000000001,0.1440249038670322,0.3,0.7,0.5859375,40,53,75,5,1.4326357268712882,0.7899398890357637,0.4285714285714286,2.333333333333333,40.643234660100354,1.9724799166755838,0.6542641309588979,0.4285714285714286,2.333333333333333,36.03530942518891,0.9445693371825973,0.1998408160761033,0.7261741892165665,1.3675108920689738,25.843228780827207,1.0820136089870966,0.21109708092283674,0.7423218063081527,1.4484041531368022,38.53331977651691
1,wbc,iforest,empirical_weighted,53,40,53,40,38,2,0.05,0.0,0.0,4.0,estimated,85,4,128,6,0.6,0.6000000000000001,0.1440249038670322,0.3,0.7,0.5859375,40,53,75,5,1.4326357268712882,0.7899398890357637,0.4285714285714286,2.333333333333333,40.643234660100354,1.9724799166755838,0.6542641309588979,0.4285714285714286,2.333333333333333,36.03530942518891,0.9445693371825973,0.1998408160761033,0.7261741892165665,1.3675108920689738,25.843228780827207,1.0820136089870966,0.21109708092283674,0.7423218063081527,1.4484041531368022,38.53331977651691
2,wbc,iforest,empirical_randomized_weighted,49,42,49,42,40,2,0.048,0.0,0.0,4.0,estimated,85,4,128,6,0.6,0.5999999999999999,0.1414048087612554,0.3,0.7,0.6171875,42,49,79,5,1.4131996087506054,0.8031223449455299,0.4285714285714286,2.333333333333333,37.03799727749328,1.987904139156267,0.6114582448490345,0.4285714285714286,2.333333333333333,38.36978688246775,0.9478365028560692,0.28634965099591864,0.6209621825595978,1.6507102926077113,22.90909461167488,1.1772612717698585,0.3643188841081895,0.6209621825595978,1.9597240738980342,38.329302718602854
2,wbc,iforest,empirical_weighted,49,42,49,42,40,2,0.048,0.0,0.0,4.0,estimated,85,4,128,6,0.6,0.5999999999999999,0.1414048087612554,0.3,0.7,0.6171875,42,49,79,5,1.4131996087506054,0.8031223449455299,0.4285714285714286,2.333333333333333,37.03799727749328,1.987904139156267,0.6114582448490345,0.4285714285714286,2.333333333333333,38.36978688246775,0.9478365028560692,0.28634965099591864,0.6209621825595978,1.6507102926077113,22.90909461167488,1.1772612717698585,0.3643188841081895,0.6209621825595978,1.9597240738980342,38.329302718602854
3,wbc,hbos,empirical_randomized_weighted,52,40,52,40,38,2,0.05,0.0,0.0,4.0,estimated,85,4,128,6,0.6,0.6000000000000001,0.14005716741145532,0.3,0.7,0.59375,40,52,76,4,1.4945898151620847,0.76866018958271,0.4285714285714286,2.333333333333333,41.12299204375769,2.039575666021431,0.5638769502453707,0.4285714285714286,2.333333333333333,37.1597180682443,0.8913132549742919,0.5011811689919454,0.5569100872300543,2.511977438529974,19.754198552697357,1.6405885369240583,0.8636613516578334,0.5589552045920273,2.94708816313656,31.320161908114915
3,wbc,hbos,empirical_weighted,52,40,52,40,38,2,0.05,0.0,0.0,4.0,estimated,85,4,128,6,0.6,0.6000000000000001,0.14005716741145532,0.3,0.7,0.59375,40,52,76,4,1.4945898151620847,0.76866018958271,0.4285714285714286,2.333333333333333,41.12299204375769,2.039575666021431,0.5638769502453707,0.4285714285714286,2.333333333333333,37.1597180682443,0.8913132549742919,0.5011811689919454,0.5569100872300543,2.511977438529974,19.754198552697357,1.6405885369240583,0.8636613516578334,0.5589552045920273,2.94708816313656,31.320161908114915
4,wbc,iforest,empirical_randomized_weighted,53,40,53,40,38,2,0.05,0.0,0.0,4.0,estimated,85,4,128,6,0.6,0.6000000000000001,0.14383842729463253,0.3,0.7,0.5859375,40,53,75,5,1.5691780498881538,0.81806715668631,0.4285714285714286,2.333333333333333,41.67354690122563,1.8400581264510827,0.6757420004508241,0.4285714285714286,2.333333333333333,35.24648803016548,0.947104771250931,0.2994578540179074,0.7096511612636863,1.9603276590173326,24.54609483422942,1.2759474441041665,0.48144934964861075,0.7096511612636863,2.1402299957616475,35.01475277410337
4,wbc,iforest,empirical_weighted,53,40,53,40,38,2,0.05,0.0,0.0,4.0,estimated,85,4,128,6,0.6,0.6000000000000001,0.14383842729463253,0.3,0.7,0.5859375,40,53,75,5,1.5691780498881538,0.81806715668631,0.4285714285714286,2.333333333333333,41.67354690122563,1.8400581264510827,0.6757420004508241,0.4285714285714286,2.333333333333333,35.24648803016548,0.947104771250931,0.2994578540179074,0.7096511612636863,1.9603276590173326,24.54609483422942,1.2759474441041665,0.48144934964861075,0.7096511612636863,2.1402299957616475,35.01475277410337
5,wbc,iforest,empirical_randomized_weighted,51,40,51,40,38,2,0.05,0.0,0.0,4.0,estimated,85,4,128,6,0.6,0.6,0.14076497118237727,0.3,0.7,0.6015625,40,51,77,4,1.5601538635759442,0.7843579238695426,0.4285714285714286,2.333333333333333,40.710388802025555,1.915168053720814,0.6592257564090569,0.4285714285714286,2.333333333333333,35.76273800383347,0.8310314717523556,0.3035589849605094,0.6088713508029635,1.9715728275452291,22.939233845599833,1.6263061034819422,0.9908011532422437,0.6088713508029635,3.6090808482289543,29.172247638451203
5,wbc,iforest,empirical_weighted,51,40,51,40,38,2,0.05,0.0,0.0,4.0,estimated,85,4,128,6,0.6,0.6,0.14076497118237727,0.3,0.7,0.6015625,40,51,77,4,1.5601538635759442,0.7843579238695426,0.4285714285714286,2.333333333333333,40.710388802025555,1.915168053720814,0.6592257564090569,0.4285714285714286,2.333333333333333,35.76273800383347,0.8310314717523556,0.3035589849605094,0.6088713508029635,1.9715728275452291,22.939233845599833,1.6263061034819422,0.9908011532422437,0.6088713508029635,3.6090808482289543,29.172247638451203
6,wbc,iforest,empirical_randomized_weighted,57,38,57,38,36,2,0.053,0.0,0.0,4.0,estimated,85,4,128,6,0.6,0.5999999999999999,0.1405165216148654,0.3,0.7,0.5546875,38,57,71,4,1.4730733350299459,0.788576714041203,0.4285714285714286,2.333333333333333,44.303654947717526,2.0096272845793317,0.5973585762471,0.4285714285714286,2.333333333333333,34.915025797195,0.8379499680735983,0.41591375660787777,0.5437171138197825,2.434756099385588,23.26775361406628,1.5503288286437737,0.8142451779131866,0.5763937311536379,3.160217259354965,29.784217411340318
6,wbc,iforest,empirical_weighted,57,38,57,38,36,2,0.053,0.0,0.0,4.0,estimated,85,4,128,6,0.6,0.5999999999999999,0.1405165216148654,0.3,0.7,0.5546875,38,57,71,4,1.4730733350299459,0.788576714041203,0.4285714285714286,2.333333333333333,44.303654947717526,2.0096272845793317,0.5973585762471,0.4285714285714286,2.333333333333333,34.915025797195,0.8379499680735983,0.41591375660787777,0.5437171138197825,2.434756099385588,23.26775361406628,1.5503288286437737,0.8142451779131866,0.5763937311536379,3.160217259354965,29.784217411340318
7,wbc,iforest,empirical_randomized_weighted,50,40,50,40,38,2,0.05,0.0,0.0,4.0,estimated,85,4,128,6,0.6,0.5999999999999999,0.14293836899290943,0.3,0.7,0.609375,40,50,78,3,1.528948563643777,0.7895740324658803,0.4285714285714286,2.333333333333333,39.47308659510772,1.8432387032882693,0.7107852194175007,0.4285714285714286,2.333333333333333,34.82194520025763,0.8285158597108665,0.30081111150785983,0.5417877200674095,1.4663552274917633,22.088289562287304,1.4725109006382635,0.6633427033487709,0.5658896558839978,2.617756430715153,33.25197967314197
7,wbc,iforest,empirical_weighted,50,40,50,40,38,2,0.05,0.0,0.0,4.0,estimated,85,4,128,6,0.6,0.5999999999999999,0.14293836899290943,0.3,0.7,0.609375,40,50,78,3,1.528948563643777,0.7895740324658803,0.4285714285714286,2.333333333333333,39.47308659510772,1.8432387032882693,0.7107852194175007,0.4285714285714286,2.333333333333333,34.82194520025763,0.8285158597108665,0.30081111150785983,0.5417877200674095,1.4663552274917633,22.088289562287304,1.4725109006382635,0.6633427033487709,0.5658896558839978,2.617756430715153,33.25197967314197
8,wbc,hbos,empirical_randomized_weighted,42,45,42,45,43,2,0.044,0.0,0.0,4.0,estimated,85,4,128,6,0.6,0.5999999999999999,0.14396773468322452,0.3,0.7,0.671875,45,42,86,4,1.3599626828921363,0.8319314265419541,0.4285714285714286,2.333333333333333,30.562905376678277,1.9610527643119475,0.587186254481802,0.4285714285714286,2.333333333333333,41.29748515186529,0.8916324167767297,0.29923496838451513,0.5747081670927644,1.3717571502861365,18.874203792981948,1.2848452426047414,0.3140229044107586,0.58971403246687,1.6674173592834056,42.463489355426326
8,wbc,hbos,empirical_weighted,42,45,42,45,43,2,0.044,0.0,0.0,4.0,estimated,85,4,128,6,0.6,0.5999999999999999,0.14396773468322452,0.3,0.7,0.671875,45,42,86,4,1.3599626828921363,0.8319314265419541,0.4285714285714286,2.333333333333333,30.562905376678277,1.9610527643119475,0.587186254481802,0.4285714285714286,2.333333333333333,41.29748515186529,0.8916324167767297,0.29923496838451513,0.5747081670927644,1.3717571502861365,18.874203792981948,1.2848452426047414,0.3140229044107586,0.58971403246687,1.6674173592834056,42.463489355426326
9,wbc,iforest,empirical_randomized_weighted,59,37,59,37,35,2,0.054,0.0,0.0,4.0,estimated,85,4,128,6,0.6,0.5999999999999999,0.14623424706528113,0.3,0.7,0.5390625,37,59,69,5,1.5472439934839515,0.8137972903177979,0.4285714285714286,2.333333333333333,46.21506703069662,2.061772859629096,0.4645798801851788,0.4285714285714286,2.333333333333333,35.212147560001,0.8864837118894429,0.30325939343257347,0.6145475994006204,1.8085750850156337,26.856999213452163,1.1653808565645365,0.31131385576859366,0.665880664827222,1.8085750850156337,34.535510239175224
9,wbc,iforest,empirical_weighted,59,37,59,37,35,2,0.054,0.0,0.0,4.0,estimated,85,4,128,6,0.6,0.5999999999999999,0.14623424706528113,0.3,0.7,0.5390625,37,59,69,5,1.5472439934839515,0.8137972903177979,0.4285714285714286,2.333333333333333,46.21506703069662,2.061772859629096,0.4645798801851788,0.4285714285714286,2.333333333333333,35.212147560001,0.8864837118894429,0.30325939343257347,0.6145475994006204,1.8085750850156337,26.856999213452163,1.1653808565645365,0.31131385576859366,0.665880664827222,1.8085750850156337,34.535510239175224
10,wbc,iforest,empirical_randomized_weighted,43,44,43,44,42,2,0.045,0.0,0.0,4.0,estimated,85,4,128,6,0.6,0.5999999999999999,0.14574442359877413,0.3,0.7,0.6640625,44,43,85,3,1.4529857805926552,0.8198380090408816,0.4285714285714286,2.333333333333333,32.6160110854052,1.9366080683202365,0.6314699305535229,0.4285714285714286,2.333333333333333,39.77143388492037,0.9839553961929822,0.21319848526708335,0.6873505279270594,1.3956349934050516,21.01345940365593,1.266925452731326,0.35508472621431675,0.6873505279270594,1.9530293222267137,40.79540527918792
10,wbc,iforest,empirical_weighted,43,44,43,44,42,2,0.045,0.0,0.0,4.0,estimated,85,4,128,6,0.6,0.5999999999999999,0.14574442359877413,0.3,0.7,0.6640625,44,43,85,3,1.4529857805926552,0.8198380090408816,0.4285714285714286,2.333333333333333,32.6160110854052,1.9366080683202365,0.6314699305535229,0.4285714285714286,2.333333333333333,39.77143388492037,0.9839553961929822,0.21319848526708335,0.6873505279270594,1.3956349934050516,21.01345940365593,1.266925452731326,0.35508472621431675,0.6873505279270594,1.9530293222267137,40.79540527918792
11,wbc,iforest,empirical_randomized_weighted,41,46,41,46,44,2,0.043,0.0,0.0,4.0,estimated,85,4,128,6,0.6,0.5999999999999999,0.14528211205316405,0.3,0.7,0.6796875,46,41,87,4,1.4011946735416234,0.8157823453739796,0.4285714285714286,2.333333333333333,30.620723221219325,2.018564697998577,0.5270920910903666,0.4285714285714286,2.333333333333333,43.0637090622953,0.9650591130942503,0.38337550426389044,0.6246122829379688,1.7987331271385125,18.137654734302327,1.400631496520452,0.48892544223921475,0.6246122829379688,2.2765640916087633,41.00357655159841
11,wbc,iforest,empirical_weighted,41,46,41,46,44,2,0.043,0.0,0.0,4.0,estimated,85,4,128,6,0.6,0.5999999999999999,0.14528211205316405,0.3,0.7,0.6796875,46,41,87,4,1.4011946735416234,0.8157823453739796,0.4285714285714286,2.333333333333333,30.620723221219325,2.018564697998577,0.5270920910903666,0.4285714285714286,2.333333333333333,43.0637090622953,0.9650591130942503,0.38337550426389044,0.6246122829379688,1.7987331271385125,18.137654734302327,1.400631496520452,0.48892544223921475,0.6246122829379688,2.2765640916087633,41.00357655159841
12,wbc,hbos,empirical_randomized_weighted,59,37,59,37,35,2,0.054,0.0,0.5,4.0,estimated,85,4,128,6,0.6,0.6000000000000001,0.13691574227661776,0.3,0.7,0.5390625,37,59,69,5,1.5108737204716354,0.7516495147078259,0.4285714285714286,2.333333333333333,47.29460592483987,2.065437512593132,0.5827337068366566,0.4285714285714286,2.333333333333333,34.27193459333137,0.8131121462620251,0.43227312649530564,0.43901904386650364,2.1830048163203766,23.389473825703543,1.7788931661275633,0.8570535476736352,0.6357667392628285,3.0252796208751023,30.029495439475234
12,wbc,hbos,empirical_weighted,59,37,59,37,35,2,0.054,0.0,0.0,4.0,estimated,85,4,128,6,0.6,0.6000000000000001,0.13691574227661776,0.3,0.7,0.5390625,37,59,69,5,1.5108737204716354,0.7516495147078259,0.4285714285714286,2.333333333333333,47.29460592483987,2.065437512593132,0.5827337068366566,0.4285714285714286,2.333333333333333,34.27193459333137,0.8131121462620251,0.43227312649530564,0.43901904386650364,2.1830048163203766,23.389473825703543,1.7788931661275633,0.8570535476736352,0.6357667392628285,3.0252796208751023,30.029495439475234
13,wbc,iforest,empirical_randomized_weighted,58,38,58,38,36,2,0.053,0.0,0.0,4.0,estimated,85,4,128,6,0.6,0.6000000000000001,0.14589079048433337,0.3,0.7,0.546875,38,58,70,6,1.4821887095825403,0.8276280212714346,0.4285714285714286,2.333333333333333,44.21436529904964,1.9734399409049508,0.6122954146997296,0.4285714285714286,2.333333333333333,34.663111249610104,0.9213207943772266,0.46956736271741173,0.5957195391552629,2.7062993039988608,23.020238318123354,1.375575671697745,0.6122645645522267,0.5957195391552629,2.7062993039988608,31.71658557519458
13,wbc,iforest,empirical_weighted,58,38,58,38,36,2,0.053,0.0,0.0,4.0,estimated,85,4,128,6,0.6,0.6000000000000001,0.14589079048433337,0.3,0.7,0.546875,38,58,70,6,1.4821887095825403,0.8276280212714346,0.4285714285714286,2.333333333333333,44.21436529904964,1.9734399409049508,0.6122954146997296,0.4285714285714286,2.333333333333333,34.663111249610104,0.9213207943772266,0.46956736271741173,0.5957195391552629,2.7062993039988608,23.020238318123354,1.375575671697745,0.6122645645522267,0.5957195391552629,2.7062993039988608,31.71658557519458
14,wbc,iforest,empirical_randomized_weighted,56,38,56,38,36,2,0.053,0.0,0.0,4.0,estimated,85,4,128,6,0.6,0.5999999999999999,0.14628112098405927,0.3,0.7,0.5625,38,56,72,3,1.4389502747956944,0.7858912779574247,0.4285714285714286,2.333333333333333,43.13378203991579,2.0320405612305033,0.5702948064942742,0.4285714285714286,2.333333333333333,35.22546135684666,0.8572713876124991,0.4374315724932615,0.4943743527211725,2.304578872162961,22.215776225267547,1.5412919022067986,0.7250974295983392,0.5963730437389106,2.9046755534772806,31.113847236742373
14,wbc,iforest,empirical_weighted,56,38,56,38,36,2,0.053,0.0,0.0,4.0,estimated,85,4,128,6,0.6,0.5999999999999999,0.14628112098405927,0.3,0.7,0.5625,38,56,72,3,1.4389502747956944,0.7858912779574247,0.4285714285714286,2.333333333333333,43.13378203991579,2.0320405612305033,0.5702948064942742,0.4285714285714286,2.333333333333333,35.22546135684666,0.8572713876124991,0.4374315724932615,0.4943743527211725,2.304578872162961,22.215776225267547,1.5412919022067986,0.7250974295983392,0.5963730437389106,2.9046755534772806,31.113847236742373
15,wbc,iforest,empirical_randomized_weighted,49,42,49,42,40,2,0.048,0.0,0.0,4.0,estimated,85,4,128,6,0.6,0.6,0.14041561460199894,0.3,0.7,0.6171875,42,49,79,6,1.5167211286370077,0.7882364572099794,0.4285714285714286,2.333333333333333,38.58007430649382,1.8882477082383362,0.653865809185807,0.4285714285714286,2.333333333333333,37.50297737525872,0.9695154523423555,0.34191552437950407,0.6750404163977498,1.8239025678303293,22.234602651939607,1.1949085348979867,0.35558738259470574,0.6750404163977498,1.8239025678303293,38.58318522608297
15,wbc,iforest,empirical_weighted,49,42,49,42,40,2,0.048,0.0,0.0,4.0,estimated,85,4,128,6,0.6,0.6,0.14041561460199894,0.3,0.7,0.6171875,42,49,79,6,1.5167211286370077,0.7882364572099794,0.4285714285714286,2.333333333333333,38.58007430649382,1.8882477082383362,0.653865809185807,0.4285714285714286,2.333333333333333,37.50297737525872,0.9695154523423555,0.34191552437950407,0.6750404163977498,1.8239025678303293,22.234602651939607,1.1949085348979867,0.35558738259470574,0.6750404163977498,1.8239025678303293,38.58318522608297
16,wbc,iforest,empirical_randomized_weighted,52,40,52,40,38,2,0.05,0.0,0.0,4.0,estimated,85,4,128,6,0.6,0.6,0.14338957519568282,0.3,0.7,0.59375,40,52,76,5,1.4019904314761713,0.8106015493996052,0.4285714285714286,2.333333333333333,38.97200665847328,2.0759136519981904,0.5100762754049747,0.4285714285714286,2.333333333333333,37.72253086057156,0.9010673178404521,0.46961405855635907,0.5577412335840073,2.3684963523066243,20.446299839926766,1.4328853890695512,0.587069935352551,0.5607231617187315,2.3684963523066243,34.25057244347353
16,wbc,iforest,empirical_weighted,52,40,52,40,38,2,0.05,0.0,0.0,4.0,estimated,85,4,128,6,0.6,0.6,0.14338957519568282,0.3,0.7,0.59375,40,52,76,5,1.4019904314761713,0.8106015493996052,0.4285714285714286,2.333333333333333,38.97200665847328,2.0759136519981904,0.5100762754049747,0.4285714285714286,2.333333333333333,37.72253086057156,0.9010673178404521,0.46961405855635907,0.5577412335840073,2.3684963523066243,20.446299839926766,1.4328853890695512,0.587069935352551,0.5607231617187315,2.3684963523066243,34.25057244347353
17,wbc,iforest,empirical_randomized_weighted,46,44,46,44,42,2,0.045,0.0,0.0,4.0,estimated,85,4,128,6,0.6,0.6,0.13800421453506687,0.3,0.7,0.640625,44,46,82,6,1.4051337554290617,0.745698599883685,0.4285714285714286,2.333333333333333,35.89156873760666,1.9769969956880897,0.5936674202039888,0.4285714285714286,2.333333333333333,40.360582809232305,0.929758669853002,0.41880961163290437,0.5249432369746091,2.4516304296081577,19.120378986903866,1.4514498378905638,0.6083946394834056,0.538663174811409,2.4516304296081577,37.424578297920036
17,wbc,iforest,empirical_weighted,46,44,46,44,42,2,0.045,0.0,0.0,4.0,estimated,85,4,128,6,0.6,0.6,0.13800421453506687,0.3,0.7,0.640625,44,46,82,6,1.4051337554290617,0.745698599883685,0.4285714285714286,2.333333333333333,35.89156873760666,1.9769969956880897,0.5936674202039888,0.4285714285714286,2.333333333333333,40.360582809232305,0.929758669853002,0.41880961163290437,0.5249432369746091,2.4516304296081577,19.120378986903866,1.4514498378905638,0.6083946394834056,0.538663174811409,2.4516304296081577,37.424578297920036
18,wbc,iforest,empirical_randomized_weighted,51,40,51,40,38,2,0.05,0.0,0.0,4.0,estimated,85,4,128,6,0.6,0.5999999999999999,0.14159559309665543,0.3,0.7,0.6015625,40,51,77,4,1.4581159532958547,0.8052652503160839,0.4285714285714286,2.333333333333333,39.08058692211135,1.984590124106375,0.5756262237786971,0.4285714285714286,2.333333333333333,36.89601936222313,0.8968550325325965,0.3501355084546861,0.61219245808579,2.1944444132524934,22.561316176943453,1.2096140962506903,0.43569608551413436,0.6383304464263693,2.1944444132524934,35.40637908485243
18,wbc,iforest,empirical_weighted,51,40,51,40,38,2,0.05,0.0,0.0,4.0,estimated,85,4,128,6,0.6,0.5999999999999999,0.14159559309665543,0.3,0.7,0.6015625,40,51,77,4,1.4581159532958547,0.8052652503160839,0.4285714285714286,2.333333333333333,39.08058692211135,1.984590124106375,0.5756262237786971,0.4285714285714286,2.333333333333333,36.89601936222313,0.8968550325325965,0.3501355084546861,0.61219245808579,2.1944444132524934,22.561316176943453,1.2096140962506903,0.43569608551413436,0.6383304464263693,2.1944444132524934,35.40637908485243
19,wbc,iforest,empirical_randomized_weighted,57,38,57,38,36,2,0.053,0.0,0.0,4.0,estimated,85,4,128,6,0.6,0.5999999999999999,0.1484144473149112,0.3,0.7,0.5546875,38,57,71,5,1.4496641321019819,0.8219609661111138,0.4285714285714286,2.333333333333333,43.133126839816086,2.0944263204053293,0.472653557902054,0.7340220520607847,2.333333333333333,36.1585227090875,0.872356185060037,0.4471508101732326,0.42122985547487585,1.9667780383406253,22.96599549533905,1.4176929427631264,0.45613005685632124,0.45963958311519926,2.021581585754797,34.43534528099124
19,wbc,iforest,empirical_weighted,57,38,57,38,36,2,0.053,0.0,0.0,4.0,estimated,85,4,128,6,0.6,0.5999999999999999,0.1484144473149112,0.3,0.7,0.5546875,38,57,71,5,1.4496641321019819,0.8219609661111138,0.4285714285714286,2.333333333333333,43.133126839816086,2.0944263204053293,0.472653557902054,0.7340220520607847,2.333333333333333,36.1585227090875,0.872356185060037,0.4471508101732326,0.42122985547487585,1.9667780383406253,22.96599549533905,1.4176929427631264,0.45613005685632124,0.45963958311519926,2.021581585754797,34.43534528099124
20,wbc,iforest,empirical_randomized_weighted,45,44,45,44,42,2,0.045,0.0,0.0,4.0,estimated,85,4,128,6,0.6,0.6,0.13977792205284875,0.3,0.7,0.6484375,44,45,83,5,1.3826570313467195,0.8095259544451522,0.4285714285714286,2.333333333333333,33.51222571006165,1.8993922800042335,0.6402592512935682,0.4285714285714286,2.333333333333333,39.51052842698046,0.8442303229752618,0.2833302775134239,0.628312610767216,1.8814353752516983,20.67169356562317,1.3358954488966932,0.5955781333277069,0.6795101686237738,2.6012754876146302,36.704544864327225
20,wbc,iforest,empirical_weighted,45,44,45,44,42,2,0.045,0.0,0.0,4.0,estimated,85,4,128,6,0.6,0.6,0.13977792205284875,0.3,0.7,0.6484375,44,45,83,5,1.3826570313467195,0.8095259544451522,0.4285714285714286,2.333333333333333,33.51222571006165,1.8993922800042335,0.6402592512935682,0.4285714285714286,2.333333333333333,39.51052842698046,0.8442303229752618,0.2833302775134239,0.628312610767216,1.8814353752516983,20.67169356562317,1.3358954488966932,0.5955781333277069,0.6795101686237738,2.6012754876146302,36.704544864327225
21,wbc,iforest,empirical_randomized_weighted,54,39,54,39,37,2,0.051,0.0,0.0,4.0,estimated,85,4,128,6,0.6,0.5999999999999999,0.14845685829565955,0.3,0.7,0.578125,39,54,74,4,1.5261985269202274,0.8284006327681311,0.4285714285714286,2.333333333333333,41.711156460687405,2.0209905720183206,0.5958592733299237,0.4285714285714286,2.333333333333333,35.880947181582165,0.862793900575221,0.23197511703398654,0.5780282543893932,1.431478320561075,25.17979281313303,1.249410903621126,0.39673313686546174,0.5780282543893932,1.9805931452619467,35.42783895079122
21,wbc,iforest,empirical_weighted,54,39,54,39,37,2,0.051,0.0,0.0,4.0,estimated,85,4,128,6,0.6,0.5999999999999999,0.14845685829565955,0.3,0.7,0.578125,39,54,74,4,1.5261985269202274,0.8284006327681311,0.4285714285714286,2.333333333333333,41.711156460687405,2.0209905720183206,0.5958592733299237,0.4285714285714286,2.333333333333333,35.880947181582165,0.862793900575221,0.23197511703398654,0.5780282543893932,1.431478320561075,25.17979281313303,1.249410903621126,0.39673313686546174,0.5780282543893932,1.9805931452619467,35.42783895079122
22,wbc,hbos,empirical_randomized_weighted,55,38,55,38,36,2,0.053,0.0,0.0,4.0,estimated,85,4,128,6,0.6,0.5999999999999999,0.13900833989499717,0.3,0.7,0.5703125,38,55,73,2,1.4891371504154276,0.7791844328805204,0.4285714285714286,2.333333333333333,43.17836959506558,1.9686641550652837,0.6091731461006458,0.4285714285714286,2.333333333333333,34.67944713974825,0.8900987229097783,0.29854214831130865,0.5099912706171341,1.7504691706815778,25.168642296633774,1.3014888751839784,0.3338845291189343,0.5099912706171341,1.8141756976565984,35.65353405177847
22,wbc,hbos,empirical_weighted,55,38,55,38,36,2,0.053,0.0,0.0,4.0,estimated,85,4,128,6,0.6,0.5999999999999999,0.13900833989499717,0.3,0.7,0.5703125,38,55,73,2,1.4891371504154276,0.7791844328805204,0.4285714285714286,2.333333333333333,43.17836959506558,1.9686641550652837,0.6091731461006458,0.4285714285714286,2.333333333333333,34.67944713974825,0.8900987229097783,0.29854214831130865,0.5099912706171341,1.7504691706815778,25.168642296633774,1.3014888751839784,0.3338845291189343,0.5099912706171341,1.8141756976565984,35.65353405177847
23,wbc,iforest,empirical_randomized_weighted,56,37,56,37,35,2,0.054,0.0,0.0,4.0,estimated,85,4,128,6,0.6,0.5999999999999999,0.14076915079440663,0.3,0.7,0.5625,37,56,72,2,1.4909948345572468,0.7937525794283543,0.4285714285714286,2.333333333333333,43.633693681752575,1.888661748426037,0.6491832180350995,0.4285714285714286,2.333333333333333,33.090433083617334,0.8756083874931379,0.2861697467079615,0.5578701768709735,1.6042392320475298,25.297840040621438,1.2061437302717597,0.3980072841782403,0.6494043614167522,1.8280991587403135,33.36673084650184
23,wbc,iforest,empirical_weighted,56,37,56,37,35,2,0.054,0.0,0.0,4.0,estimated,85,4,128,6,0.6,0.5999999999999999,0.14076915079440663,0.3,0.7,0.5625,37,56,72,2,1.4909948345572468,0.7937525794283543,0.4285714285714286,2.333333333333333,43.633693681752575,1.888661748426037,0.6491832180350995,0.4285714285714286,2.333333333333333,33.090433083617334,0.8756083874931379,0.2861697467079615,0.5578701768709735,1.6042392320475298,25.297840040621438,1.2061437302717597,0.3980072841782403,0.6494043614167522,1.8280991587403135,33.36673084650184
24,wbc,iforest,empirical_randomized_weighted,53,40,53,40,38,2,0.05,0.0,0.0,4.0,estimated,85,4,128,6,0.6,0.6000000000000001,0.14077810020241557,0.3,0.7,0.5859375,40,53,75,4,1.467640003367451,0.8424339691476259,0.4285714285714286,2.333333333333333,39.86512851779405,1.9588837354343824,0.5393559893631509,0.8115856396323768,2.333333333333333,37.181243255105066,0.9046847389555417,0.39817902129475263,0.549321359250756,2.2214505776722544,22.618472910867048,1.327355742497262,0.5380270138288481,0.6482820045326233,2.2214505776722544,34.35545207153215
24,wbc,iforest,empirical_weighted,53,40,53,40,38,2,0.05,0.0,0.0,4.0,estimated,85,4,128,6,0.6,0.6000000000000001,0.14077810020241557,0.3,0.7,0.5859375,40,53,75,4,1.467640003367451,0.8424339691476259,0.4285714285714286,2.333333333333333,39.86512851779405,1.9588837354343824,0.5393559893631509,0.8115856396323768,2.333333333333333,37.181243255105066,0.9046847389555417,0.39817902129475263,0.549321359250756,2.2214505776722544,22.618472910867048,1.327355742497262,0.5380270138288481,0.6482820045326233,2.2214505776722544,34.35545207153215
25,wbc,iforest,empirical_randomized_weighted,46,43,46,43,41,2,0.047,0.0,0.0,4.0,estimated,85,4,128,6,0.6,0.5999999999999999,0.14547652200302583,0.3,0.7,0.640625,43,46,82,4,1.6048669571807321,0.784413017806127,0.4285714285714286,2.333333333333333,37.12978826498046,1.8582007295838219,0.6911012731874707,0.4285714285714286,2.333333333333333,37.774827596307134,0.9536294381366556,0.2571560843840926,0.674861859962855,1.5280669091516919,21.440888788244155,1.22872538223877,0.27963092538737966,0.6802396942369174,1.6318382778029425,40.88261696878204
25,wbc,iforest,empirical_weighted,46,43,46,43,41,2,0.047,0.0,0.0,4.0,estimated,85,4,128,6,0.6,0.5999999999999999,0.14547652200302583,0.3,0.7,0.640625,43,46,82,4,1.6048669571807321,0.784413017806127,0.4285714285714286,2.333333333333333,37.12978826498046,1.8582007295838219,0.6911012731874707,0.4285714285714286,2.333333333333333,37.774827596307134,0.9536294381366556,0.2571560843840926,0.674861859962855,1.5280669091516919,21.440888788244155,1.22872538223877,0.27963092538737966,0.6802396942369174,1.6318382778029425,40.88261696878204
1,wbc,iforest,empirical_randomized_weighted,53,40,53,40,38,2,0.05,0.0,0.0,16.0,estimated,85,4,128,6,0.6,0.6000000000000001,0.164257600238837,0.3,0.7,0.5859375,40,53,75,5,1.4612172135526518,0.8994078067136391,0.4285714285714286,2.333333333333333,38.437428477891,2.0315757179733205,0.6650788051028109,0.4285714285714286,2.333333333333333,36.128090505373116,0.9076993036950664,0.2713506453710212,0.6011735292748095,1.597177057482188,24.78503321376673,1.215065590749095,0.36830246441461345,0.6711835267099593,1.738057964930077,36.6341417183621
1,wbc,iforest,empirical_weighted,53,40,53,40,38,2,0.05,0.0,0.0,16.0,estimated,85,4,128,6,0.6,0.6000000000000001,0.164257600238837,0.3,0.7,0.5859375,40,53,75,5,1.4612172135526518,0.8994078067136391,0.4285714285714286,2.333333333333333,38.437428477891,2.0315757179733205,0.6650788051028109,0.4285714285714286,2.333333333333333,36.128090505373116,0.9076993036950664,0.2713506453710212,0.6011735292748095,1.597177057482188,24.78503321376673,1.215065590749095,0.36830246441461345,0.6711835267099593,1.738057964930077,36.6341417183621
2,wbc,iforest,empirical_randomized_weighted,47,43,47,43,41,2,0.047,0.0,0.0,16.0,estimated,85,4,128,6,0.6,0.6,0.1637286349283945,0.3,0.7,0.6328125,43,47,81,5,1.3474156599264,0.9101374543271905,0.4285714285714286,2.333333333333333,32.27449381171689,2.060430946787434,0.5981993993251637,0.4285714285714286,2.333333333333333,39.65728893929094,0.9714279503307669,0.27955251761184124,0.654141000392178,1.5502818065716264,22.164464186542318,1.1632982386889341,0.24064108959479777,0.654141000392178,1.5502818065716264,41.23547260226418
2,wbc,iforest,empirical_weighted,47,43,47,43,41,2,0.047,0.0,0.0,16.0,estimated,85,4,128,6,0.6,0.6,0.1637286349283945,0.3,0.7,0.6328125,43,47,81,5,1.3474156599264,0.9101374543271905,0.4285714285714286,2.333333333333333,32.27449381171689,2.060430946787434,0.5981993993251637,0.4285714285714286,2.333333333333333,39.65728893929094,0.9714279503307669,0.27955251761184124,0.654141000392178,1.5502818065716264,22.164464186542318,1.1632982386889341,0.24064108959479777,0.654141000392178,1.5502818065716264,41.23547260226418
3,wbc,hbos,empirical_randomized_weighted,53,40,53,40,38,2,0.05,0.0,0.0,16.0,estimated,85,4,128,6,0.6,0.5999999999999999,0.1649184627028961,0.3,0.7,0.5859375,40,53,75,4,1.4833908109954153,0.910122515828871,0.4285714285714286,2.333333333333333,38.50530415126934,2.1556785540801604,0.5375710584619802,0.4285714285714286,2.333333333333333,37.65813140386318,0.8343693730405152,0.6406299491929992,0.5191340336113991,3.2899330231336625,16.986271261056057,1.7840424704633224,0.9809536599780467,0.5278576568968497,3.2899330231336625,30.71409347307663
3,wbc,hbos,empirical_weighted,53,40,53,40,38,2,0.05,0.0,0.0,16.0,estimated,85,4,128,6,0.6,0.5999999999999999,0.1649184627028961,0.3,0.7,0.5859375,40,53,75,4,1.4833908109954153,0.910122515828871,0.4285714285714286,2.333333333333333,38.50530415126934,2.1556785540801604,0.5375710584619802,0.4285714285714286,2.333333333333333,37.65813140386318,0.8343693730405152,0.6406299491929992,0.5191340336113991,3.2899330231336625,16.986271261056057,1.7840424704633224,0.9809536599780467,0.5278576568968497,3.2899330231336625,30.71409347307663
4,wbc,iforest,empirical_randomized_weighted,54,40,54,40,38,2,0.05,0.0,0.0,16.0,estimated,85,4,128,6,0.6,0.6000000000000001,0.16590475347396577,0.3,0.7,0.578125,40,54,74,5,1.574730832356696,0.9030194948886479,0.4285714285714286,2.333333333333333,40.63701710412591,1.981503208455646,0.6702876903653432,0.4285714285714286,2.333333333333333,35.89284739076839,0.9455287098390285,0.2913889406526477,0.6717182576266851,1.8800100646843239,24.658159333834917,1.252929589056933,0.47668543226391946,0.6717182576266851,2.1482874409143005,34.942209953467206
4,wbc,iforest,empirical_weighted,54,40,54,40,38,2,0.05,0.0,0.0,16.0,estimated,85,4,128,6,0.6,0.6000000000000001,0.16590475347396577,0.3,0.7,0.578125,40,54,74,5,1.574730832356696,0.9030194948886479,0.4285714285714286,2.333333333333333,40.63701710412591,1.981503208455646,0.6702876903653432,0.4285714285714286,2.333333333333333,35.89284739076839,0.9455287098390285,0.2913889406526477,0.6717182576266851,1.8800100646843239,24.658159333834917,1.252929589056933,0.47668543226391946,0.6717182576266851,2.1482874409143005,34.942209953467206
5,wbc,iforest,empirical_randomized_weighted,53,40,53,40,38,2,0.05,0.0,0.0,16.0,estimated,85,4,128,6,0.6,0.5999999999999999,0.16209987843103396,0.3,0.7,0.5859375,40,53,75,4,1.5041471027654447,0.8966950210928211,0.4285714285714286,2.333333333333333,39.1030492457793,2.073109356697248,0.577161612181778,0.4285714285714286,2.333333333333333,37.12267010406404,0.7584926318117985,0.34901972429810996,0.5063744209284274,1.9885536294044839,22.282058785186933,1.9338171208940842,1.2913378915145222,0.5063744209284274,4.354631808344902,27.664204250663403
5,wbc,iforest,empirical_weighted,53,40,53,40,38,2,0.05,0.0,0.0,16.0,estimated,85,4,128,6,0.6,0.5999999999999999,0.16209987843103396,0.3,0.7,0.5859375,40,53,75,4,1.5041471027654447,0.8966950210928211,0.4285714285714286,2.333333333333333,39.1030492457793,2.073109356697248,0.577161612181778,0.4285714285714286,2.333333333333333,37.12267010406404,0.7584926318117985,0.34901972429810996,0.5063744209284274,1.9885536294044839,22.282058785186933,1.9338171208940842,1.2913378915145222,0.5063744209284274,4.354631808344902,27.664204250663403
6,wbc,iforest,empirical_randomized_weighted,59,36,59,36,34,2,0.056,0.0,0.0,16.0,estimated,85,4,128,6,0.6,0.5999999999999999,0.16291242959392566,0.3,0.7,0.5390625,36,59,69,4,1.511876061642594,0.896983850663158,0.4285714285714286,2.333333333333333,43.63920490235285,2.099638260908762,0.604997383138411,0.4285714285714286,2.333333333333333,33.24017621366383,0.8666421034524936,0.384483007816577,0.6195130703854276,2.372796703799519,25.066373766883647,1.4959870305323146,0.6995102375165138,0.6451643442175526,2.6862096799946826,29.541092737743472
6,wbc,iforest,empirical_weighted,59,36,59,36,34,2,0.056,0.0,0.0,16.0,estimated,85,4,128,6,0.6,0.5999999999999999,0.16291242959392566,0.3,0.7,0.5390625,36,59,69,4,1.511876061642594,0.896983850663158,0.4285714285714286,2.333333333333333,43.63920490235285,2.099638260908762,0.604997383138411,0.4285714285714286,2.333333333333333,33.24017621366383,0.8666421034524936,0.384483007816577,0.6195130703854276,2.372796703799519,25.066373766883647,1.4959870305323146,0.6995102375165138,0.6451643442175526,2.6862096799946826,29.541092737743472
7,wbc,iforest,empirical_randomized_weighted,51,40,51,40,38,2,0.05,0.0,0.0,16.0,estimated,85,4,128,6,0.6,0.6000000000000001,0.16392960429532302,0.3,0.7,0.6015625,40,51,77,3,1.524130634634892,0.8902121601445355,0.4285714285714286,2.333333333333333,38.02712680831164,1.9511826300861166,0.7131107181131121,0.4285714285714286,2.333333333333333,35.28666124870722,0.8955202994034971,0.36281794541588136,0.5509764374769908,1.8720472173865474,22.333994917340192,1.2873527895022963,0.467418923369142,0.5871732445434835,1.8720472173865474,35.34096636861165
7,wbc,iforest,empirical_weighted,51,40,51,40,38,2,0.05,0.0,0.0,16.0,estimated,85,4,128,6,0.6,0.6000000000000001,0.16392960429532302,0.3,0.7,0.6015625,40,51,77,3,1.524130634634892,0.8902121601445355,0.4285714285714286,2.333333333333333,38.02712680831164,1.9511826300861166,0.7131107181131121,0.4285714285714286,2.333333333333333,35.28666124870722,0.8955202994034971,0.36281794541588136,0.5509764374769908,1.8720472173865474,22.333994917340192,1.2873527895022963,0.467418923369142,0.5871732445434835,1.8720472173865474,35.34096636861165
8,wbc,hbos,empirical_randomized_weighted,43,44,43,44,42,2,0.045,0.0,0.0,16.0,estimated,85,4,128,6,0.6,0.6000000000000001,0.16564466218012894,0.3,0.7,0.6640625,44,43,85,4,1.3900838234224422,0.9233484969090553,0.4285714285714286,2.333333333333333,29.835957114054995,2.093373260703112,0.5922072399207216,0.4285714285714286,2.333333333333333,40.73960030527471,0.8884755382351828,0.2625712715906261,0.6525645468778719,1.4872828320974367,20.23289823155815,1.3297131541896738,0.3596962532286067,0.6525645468778719,1.7946106496223329,40.99988091774419
8,wbc,hbos,empirical_weighted,43,44,43,44,42,2,0.045,0.0,0.0,16.0,estimated,85,4,128,6,0.6,0.6000000000000001,0.16564466218012894,0.3,0.7,0.6640625,44,43,85,4,1.3900838234224422,0.9233484969090553,0.4285714285714286,2.333333333333333,29.835957114054995,2.093373260703112,0.5922072399207216,0.4285714285714286,2.333333333333333,40.73960030527471,0.8884755382351828,0.2625712715906261,0.6525645468778719,1.4872828320974367,20.23289823155815,1.3297131541896738,0.3596962532286067,0.6525645468778719,1.7946106496223329,40.99988091774419
9,wbc,iforest,empirical_randomized_weighted,58,38,58,38,36,2,0.053,0.0,0.0,16.0,estimated,85,4,128,6,0.6,0.6,0.16718651704239573,0.3,0.7,0.546875,38,58,70,5,1.5008839798979017,0.9263843746022967,0.4285714285714286,2.333333333333333,41.99953296822136,2.2640379788782696,0.321388834906024,0.4285714285714286,2.333333333333333,37.249391738311665,0.9249634600071686,0.2363721682865716,0.6640950697682224,1.4425698103143971,27.22226208173956,1.1247435560903858,0.19562888600606004,0.8046870853154877,1.4425698103143971,36.88416771103796
9,wbc,iforest,empirical_weighted,58,38,58,38,36,2,0.053,0.0,0.0,16.0,estimated,85,4,128,6,0.6,0.6,0.16718651704239573,0.3,0.7,0.546875,38,58,70,5,1.5008839798979017,0.9263843746022967,0.4285714285714286,2.333333333333333,41.99953296822136,2.2640379788782696,0.321388834906024,0.4285714285714286,2.333333333333333,37.249391738311665,0.9249634600071686,0.2363721682865716,0.6640950697682224,1.4425698103143971,27.22226208173956,1.1247435560903858,0.19562888600606004,0.8046870853154877,1.4425698103143971,36.88416771103796
10,wbc,iforest,empirical_randomized_weighted,43,44,43,44,42,2,0.045,0.0,0.0,16.0,estimated,85,4,128,6,0.6,0.5999999999999999,0.1656295536365763,0.3,0.7,0.6640625,44,43,85,3,1.4422168019178077,0.9130246706572968,0.4285714285714286,2.333333333333333,30.697225814766668,2.0570507673106437,0.6452668238554123,0.4285714285714286,2.333333333333333,40.05831982788155,0.9930053083368834,0.19515055487455576,0.7336521800415858,1.348352740059636,21.18190913843238,1.2912868332136183,0.35607875694754726,0.7336521800415858,1.9610452223174135,40.890642757367054
10,wbc,iforest,empirical_weighted,43,44,43,44,42,2,0.045,0.0,0.0,16.0,estimated,85,4,128,6,0.6,0.5999999999999999,0.1656295536365763,0.3,0.7,0.6640625,44,43,85,3,1.4422168019178077,0.9130246706572968,0.4285714285714286,2.333333333333333,30.697225814766668,2.0570507673106437,0.6452668238554123,0.4285714285714286,2.333333333333333,40.05831982788155,0.9930053083368834,0.19515055487455576,0.7336521800415858,1.348352740059636,21.18190913843238,1.2912868332136183,0.35607875694754726,0.7336521800415858,1.9610452223174135,40.890642757367054
11,wbc,iforest,empirical_randomized_weighted,41,46,41,46,44,2,0.043,1.0,0.0,16.0,estimated,85,4,128,6,0.6,0.6,0.16630569454017333,0.3,0.7,0.6796875,46,41,87,4,1.3802643890688506,0.9184159015466984,0.4285714285714286,2.333333333333333,28.418039125781704,2.123186137430182,0.5222906377864205,0.4285714285714286,2.333333333333333,43.3752363870316,0.9349964924383815,0.34744575735355704,0.5752252814688277,1.6045462149840812,18.452009873332067,1.4014748455189692,0.4961684542402119,0.5752252814688277,2.305714768611969,40.876556130549396
11,wbc,iforest,empirical_weighted,41,46,41,46,44,2,0.043,0.0,0.0,16.0,estimated,85,4,128,6,0.6,0.6,0.16630569454017333,0.3,0.7,0.6796875,46,41,87,4,1.3802643890688506,0.9184159015466984,0.4285714285714286,2.333333333333333,28.418039125781704,2.123186137430182,0.5222906377864205,0.4285714285714286,2.333333333333333,43.3752363870316,0.9349964924383815,0.34744575735355704,0.5752252814688277,1.6045462149840812,18.452009873332067,1.4014748455189692,0.4961684542402119,0.5752252814688277,2.305714768611969,40.876556130549396
12,wbc,hbos,empirical_randomized_weighted,52,40,52,40,38,2,0.05,0.0,0.0,16.0,estimated,85,4,128,6,0.6,0.6,0.16486344205757406,0.3,0.7,0.59375,40,52,76,5,1.5429426092473835,0.8898102136994299,0.4285714285714286,2.333333333333333,39.0220676611042,2.1096669590991417,0.5803398217528807,0.4285714285714286,2.333333333333333,37.1860463000557,0.8436483923777105,0.4327648661903196,0.552085475651952,1.9634308354583911,20.5836826535044,1.6120677188721868,0.75525543684309,0.5596231659729318,2.7608341290677068,32.800509710736044
12,wbc,hbos,empirical_weighted,52,40,52,40,38,2,0.05,0.0,0.0,16.0,estimated,85,4,128,6,0.6,0.6,0.16486344205757406,0.3,0.7,0.59375,40,52,76,5,1.5429426092473835,0.8898102136994299,0.4285714285714286,2.333333333333333,39.0220676611042,2.1096669590991417,0.5803398217528807,0.4285714285714286,2.333333333333333,37.1860463000557,0.8436483923777105,0.4327648661903196,0.552085475651952,1.9634308354583911,20.5836826535044,1.6120677188721868,0.75525543684309,0.5596231659729318,2.7608341290677068,32.800509710736044
13,wbc,iforest,empirical_randomized_weighted,58,38,58,38,36,2,0.053,0.0,0.0,16.0,estimated,85,4,128,6,0.6,0.5999999999999999,0.16481863925592502,0.3,0.7,0.546875,38,58,70,6,1.5691297411896596,0.9057745331335952,0.4285714285714286,2.333333333333333,43.50391203709648,2.0282222223705104,0.6644828318936525,0.4285714285714286,2.333333333333333,34.3166626176564,0.9213207943772266,0.46956736271741173,0.5957195391552629,2.7062993039988608,23.020238318123354,1.375575671697745,0.6122645645522267,0.5957195391552629,2.7062993039988608,31.71658557519458
13,wbc,iforest,empirical_weighted,58,38,58,38,36,2,0.053,0.0,0.0,16.0,estimated,85,4,128,6,0.6,0.5999999999999999,0.16481863925592502,0.3,0.7,0.546875,38,58,70,6,1.5691297411896596,0.9057745331335952,0.4285714285714286,2.333333333333333,43.50391203709648,2.0282222223705104,0.6644828318936525,0.4285714285714286,2.333333333333333,34.3166626176564,0.9213207943772266,0.46956736271741173,0.5957195391552629,2.7062993039988608,23.020238318123354,1.375575671697745,0.6122645645522267,0.5957195391552629,2.7062993039988608,31.71658557519458
14,wbc,iforest,empirical_randomized_weighted,53,39,53,39,37,2,0.051,0.0,0.0,16.0,estimated,85,4,128,6,0.6,0.6000000000000001,0.16513425605809418,0.3,0.7,0.5859375,39,53,75,3,1.4921337042581435,0.9081819835721788,0.4285714285714286,2.333333333333333,38.6734119573398,2.1069151063047107,0.5987227206409661,0.4285714285714286,2.333333333333333,36.08595901208744,0.8274694098657207,0.4079467262645621,0.45908094686240186,1.9058121738440879,21.720695258369858,1.5581848535120848,0.6610637485086708,0.4697134562646106,2.843027207850165,33.051123488764325
14,wbc,iforest,empirical_weighted,53,39,53,39,37,2,0.051,0.0,0.0,16.0,estimated,85,4,128,6,0.6,0.6000000000000001,0.16513425605809418,0.3,0.7,0.5859375,39,53,75,3,1.4921337042581435,0.9081819835721788,0.4285714285714286,2.333333333333333,38.6734119573398,2.1069151063047107,0.5987227206409661,0.4285714285714286,2.333333333333333,36.08595901208744,0.8274694098657207,0.4079467262645621,0.45908094686240186,1.9058121738440879,21.720695258369858,1.5581848535120848,0.6610637485086708,0.4697134562646106,2.843027207850165,33.051123488764325
15,wbc,iforest,empirical_randomized_weighted,49,42,49,42,40,2,0.048,0.0,0.0,16.0,estimated,85,4,128,6,0.6,0.6,0.164667831216022,0.3,0.7,0.6171875,42,49,79,6,1.5503648687610425,0.8886891933602855,0.4285714285714286,2.333333333333333,36.88167496472826,1.921648389726773,0.748954176107612,0.4285714285714286,2.333333333333333,36.46144451142956,0.9782392994271533,0.31413695135459874,0.6355648855311278,1.6057741706073898,22.662968176549374,1.1638605237306285,0.287699350717155,0.6355648855311278,1.6057741706073898,39.58138430498197
15,wbc,iforest,empirical_weighted,49,42,49,42,40,2,0.048,0.0,0.0,16.0,estimated,85,4,128,6,0.6,0.6,0.164667831216022,0.3,0.7,0.6171875,42,49,79,6,1.5503648687610425,0.8886891933602855,0.4285714285714286,2.333333333333333,36.88167496472826,1.921648389726773,0.748954176107612,0.4285714285714286,2.333333333333333,36.46144451142956,0.9782392994271533,0.31413695135459874,0.6355648855311278,1.6057741706073898,22.662968176549374,1.1638605237306285,0.287699350717155,0.6355648855311278,1.6057741706073898,39.58138430498197
16,wbc,iforest,empirical_randomized_weighted,50,42,50,42,40,2,0.048,0.0,0.0,16.0,estimated,85,4,128,6,0.6,0.6,0.16411592993753643,0.3,0.7,0.609375,42,50,78,5,1.3840757409192546,0.934270741858937,0.4285714285714286,2.333333333333333,34.349054712538695,2.1787820354592395,0.433231388251755,0.4285714285714286,2.333333333333333,40.40257207947834,0.9172794326643381,0.4445602443487883,0.539121717675516,2.167100169452417,20.244776625089024,1.4103151741976292,0.5113320171142667,0.5843205580377697,2.2166266118063755,37.120379728754095
16,wbc,iforest,empirical_weighted,50,42,50,42,40,2,0.048,0.0,0.0,16.0,estimated,85,4,128,6,0.6,0.6,0.16411592993753643,0.3,0.7,0.609375,42,50,78,5,1.3840757409192546,0.934270741858937,0.4285714285714286,2.333333333333333,34.349054712538695,2.1787820354592395,0.433231388251755,0.4285714285714286,2.333333333333333,40.40257207947834,0.9172794326643381,0.4445602443487883,0.539121717675516,2.167100169452417,20.244776625089024,1.4103151741976292,0.5113320171142667,0.5843205580377697,2.2166266118063755,37.120379728754095
17,wbc,iforest,empirical_randomized_weighted,43,46,43,46,44,2,0.043,0.0,0.0,16.0,estimated,85,4,128,6,0.6,0.6,0.16206144126786204,0.3,0.7,0.6640625,46,43,85,6,1.459152998524222,0.905428149408903,0.4285714285714286,2.333333333333333,31.046025385943278,2.0596528920286143,0.6171759376745385,0.4285714285714286,2.333333333333333,42.20995162273662,0.8037053850688097,0.2767066379491087,0.5159249571534893,1.2850009660296564,19.668590138356638,1.797485114310284,1.2216859317558355,0.5159249571534893,4.2626297437056975,31.464971599045345
17,wbc,iforest,empirical_weighted,43,46,43,46,44,2,0.043,0.0,0.0,16.0,estimated,85,4,128,6,0.6,0.6,0.16206144126786204,0.3,0.7,0.6640625,46,43,85,6,1.459152998524222,0.905428149408903,0.4285714285714286,2.333333333333333,31.046025385943278,2.0596528920286143,0.6171759376745385,0.4285714285714286,2.333333333333333,42.20995162273662,0.8037053850688097,0.2767066379491087,0.5159249571534893,1.2850009660296564,19.668590138356638,1.797485114310284,1.2216859317558355,0.5159249571534893,4.2626297437056975,31.464971599045345
18,wbc,iforest,empirical_randomized_weighted,51,40,51,40,38,2,0.05,0.0,0.0,16.0,estimated,85,4,128,6,0.6,0.5999999999999999,0.16181251213276276,0.3,0.7,0.6015625,40,51,77,4,1.4687964336730794,0.9097174689160705,0.4285714285714286,2.333333333333333,36.86009950483997,2.136833363691394,0.5328167915249924,0.4285714285714286,2.333333333333333,37.658584515744764,0.9202548767610543,0.3654441572580506,0.6412903735863347,2.2846869068955225,22.458364117777407,1.1924789585652724,0.4344296230136002,0.6505666115372144,2.2846869068955225,35.31321842167364
18,wbc,iforest,empirical_weighted,51,40,51,40,38,2,0.05,0.0,0.0,16.0,estimated,85,4,128,6,0.6,0.5999999999999999,0.16181251213276276,0.3,0.7,0.6015625,40,51,77,4,1.4687964336730794,0.9097174689160705,0.4285714285714286,2.333333333333333,36.86009950483997,2.136833363691394,0.5328167915249924,0.4285714285714286,2.333333333333333,37.658584515744764,0.9202548767610543,0.3654441572580506,0.6412903735863347,2.2846869068955225,22.458364117777407,1.1924789585652724,0.4344296230136002,0.6505666115372144,2.2846869068955225,35.31321842167364
19,wbc,iforest,empirical_randomized_weighted,57,38,57,38,36,2,0.053,0.0,0.0,16.0,estimated,85,4,128,6,0.6,0.6000000000000001,0.16614326910294028,0.3,0.7,0.5546875,38,57,71,5,1.5012951805791228,0.9115222748639067,0.4285714285714286,2.333333333333333,41.64718431822245,2.183329573870017,0.4526635773654925,0.5746998974517294,2.333333333333333,36.4339045635207,0.8692187453759426,0.43932303236169823,0.4265783141426301,1.8626854682212333,23.099245216231235,1.451422684878564,0.3816156372819553,0.4424034753919583,1.9444054305335348,35.54292889776509
19,wbc,iforest,empirical_weighted,57,38,57,38,36,2,0.053,0.0,0.0,16.0,estimated,85,4,128,6,0.6,0.6000000000000001,0.16614326910294028,0.3,0.7,0.5546875,38,57,71,5,1.5012951805791228,0.9115222748639067,0.4285714285714286,2.333333333333333,41.64718431822245,2.183329573870017,0.4526635773654925,0.5746998974517294,2.333333333333333,36.4339045635207,0.8692187453759426,0.43932303236169823,0.4265783141426301,1.8626854682212333,23.099245216231235,1.451422684878564,0.3816156372819553,0.4424034753919583,1.9444054305335348,35.54292889776509
20,wbc,iforest,empirical_randomized_weighted,48,42,48,42,40,2,0.048,0.0,0.0,16.0,estimated,85,4,128,6,0.6,0.6,0.164482994404913,0.3,0.7,0.625,42,48,80,5,1.3342132358739518,0.9032703292093841,0.4285714285714286,2.333333333333333,32.91420100101983,2.050065049593397,0.6198421530378256,0.4285714285714286,2.333333333333333,38.48208363018572,0.8931218283859678,0.3651412648403008,0.6100429633200599,2.105415225753483,20.56295004795808,1.387909511194445,0.6028519938248906,0.6100429633200599,2.581821846193476,35.33365657772231
20,wbc,iforest,empirical_weighted,48,42,48,42,40,2,0.048,0.0,0.0,16.0,estimated,85,4,128,6,0.6,0.6,0.164482994404913,0.3,0.7,0.625,42,48,80,5,1.3342132358739518,0.9032703292093841,0.4285714285714286,2.333333333333333,32.91420100101983,2.050065049593397,0.6198421530378256,0.4285714285714286,2.333333333333333,38.48208363018572,0.8931218283859678,0.3651412648403008,0.6100429633200599,2.105415225753483,20.56295004795808,1.387909511194445,0.6028519938248906,0.6100429633200599,2.581821846193476,35.33365657772231
21,wbc,iforest,empirical_randomized_weighted,54,39,54,39,37,2,0.051,0.0,0.0,16.0,estimated,85,4,128,6,0.6,0.5999999999999999,0.1634597123667475,0.3,0.7,0.578125,39,54,74,4,1.5459412846752967,0.8876554457378758,0.4285714285714286,2.333333333333333,40.611037208814864,2.0891869386683717,0.6001968463695964,0.4285714285714286,2.333333333333333,36.02658257685344,0.862793900575221,0.23197511703398654,0.5780282543893932,1.431478320561075,25.17979281313303,1.249410903621126,0.39673313686546174,0.5780282543893932,1.9805931452619467,35.42783895079122
21,wbc,iforest,empirical_weighted,54,39,54,39,37,2,0.051,0.0,0.0,16.0,estimated,85,4,128,6,0.6,0.5999999999999999,0.1634597123667475,0.3,0.7,0.578125,39,54,74,4,1.5459412846752967,0.8876554457378758,0.4285714285714286,2.333333333333333,40.611037208814864,2.0891869386683717,0.6001968463695964,0.4285714285714286,2.333333333333333,36.02658257685344,0.862793900575221,0.23197511703398654,0.5780282543893932,1.431478320561075,25.17979281313303,1.249410903621126,0.39673313686546174,0.5780282543893932,1.9805931452619467,35.42783895079122
22,wbc,hbos,empirical_randomized_weighted,51,40,51,40,38,2,0.05,0.0,0.0,16.0,estimated,85,4,128,6,0.6,0.6,0.16494031693703362,0.3,0.7,0.6015625,40,51,77,2,1.466941875144623,0.8927360368705037,0.4285714285714286,2.333333333333333,37.21658482473217,2.0699375879464363,0.6082947034256612,0.4285714285714286,2.333333333333333,36.82020063221403,0.9230581116182728,0.22469285670760306,0.7116704747044214,1.5830133663964718,24.545567650366472,1.217123021667022,0.3270721117370556,0.7116704747044214,1.6979036034704713,37.306004800445166
22,wbc,hbos,empirical_weighted,51,40,51,40,38,2,0.05,0.0,0.0,16.0,estimated,85,4,128,6,0.6,0.6,0.16494031693703362,0.3,0.7,0.6015625,40,51,77,2,1.466941875144623,0.8927360368705037,0.4285714285714286,2.333333333333333,37.21658482473217,2.0699375879464363,0.6082947034256612,0.4285714285714286,2.333333333333333,36.82020063221403,0.9230581116182728,0.22469285670760306,0.7116704747044214,1.5830133663964718,24.545567650366472,1.217123021667022,0.3270721117370556,0.7116704747044214,1.6979036034704713,37.306004800445166
23,wbc,iforest,empirical_randomized_weighted,56,37,56,37,35,2,0.054,0.0,0.0,16.0,estimated,85,4,128,6,0.6,0.6000000000000001,0.16246066821469762,0.3,0.7,0.5625,37,56,72,2,1.5037610757308737,0.8916391125200699,0.4285714285714286,2.333333333333333,41.43307932809901,2.00307653053658,0.6472676126823166,0.4285714285714286,2.333333333333333,33.50182789857007,0.889284812672453,0.3323339019459782,0.6111058239648297,1.8071682108672267,24.56876218875027,1.2156089571143986,0.4264483462510911,0.6251174388297798,1.8071682108672267,32.94546770910098
23,wbc,iforest,empirical_weighted,56,37,56,37,35,2,0.054,0.0,0.0,16.0,estimated,85,4,128,6,0.6,0.6000000000000001,0.16246066821469762,0.3,0.7,0.5625,37,56,72,2,1.5037610757308737,0.8916391125200699,0.4285714285714286,2.333333333333333,41.43307932809901,2.00307653053658,0.6472676126823166,0.4285714285714286,2.333333333333333,33.50182789857007,0.889284812672453,0.3323339019459782,0.6111058239648297,1.8071682108672267,24.56876218875027,1.2156089571143986,0.4264483462510911,0.6251174388297798,1.8071682108672267,32.94546770910098
24,wbc,iforest,empirical_randomized_weighted,55,38,55,38,36,2,0.053,0.0,0.0,16.0,estimated,85,4,128,6,0.6,0.5999999999999999,0.16470892056581046,0.3,0.7,0.5703125,38,55,73,4,1.4320412953282515,0.9062922644601977,0.4285714285714286,2.333333333333333,39.271095406035386,2.087238824115804,0.562395427835595,0.4285714285714286,2.333333333333333,35.42791747779368,0.9161748865595035,0.3336904089551093,0.5929414760412092,1.8765267342308034,24.720631351256493,1.2101431450389628,0.384899519276328,0.6368710029405997,1.8765267342308034,34.508972457825905
24,wbc,iforest,empirical_weighted,55,38,55,38,36,2,0.053,0.0,0.0,16.0,estimated,85,4,128,6,0.6,0.5999999999999999,0.16470892056581046,0.3,0.7,0.5703125,38,55,73,4,1.4320412953282515,0.9062922644601977,0.4285714285714286,2.333333333333333,39.271095406035386,2.087238824115804,0.562395427835595,0.4285714285714286,2.333333333333333,35.42791747779368,0.9161748865595035,0.3336904089551093,0.5929414760412092,1.8765267342308034,24.720631351256493,1.2101431450389628,0.384899519276328,0.6368710029405997,1.8765267342308034,34.508972457825905
25,wbc,iforest,empirical_randomized_weighted,47,42,47,42,40,2,0.048,0.0,0.5,16.0,estimated,85,4,128,6,0.6,0.6,0.1662887429175706,0.3,0.7,0.6328125,42,47,81,4,1.6137144193889215,0.8777775679020581,0.4285714285714286,2.333333333333333,36.268790574536446,1.9453047663672132,0.7497832477931227,0.4285714285714286,2.333333333333333,36.567590404076675,0.9588299171993199,0.1779624501175416,0.7768272119621881,1.5183145011297325,23.20076248997886,1.1668845982424405,0.2207928087646053,0.7768272119621881,1.5183145011297325,40.548268349531064
25,wbc,iforest,empirical_weighted,47,42,47,42,40,2,0.048,0.0,0.0,16.0,estimated,85,4,128,6,0.6,0.6,0.1662887429175706,0.3,0.7,0.6328125,42,47,81,4,1.6137144193889215,0.8777775679020581,0.4285714285714286,2.333333333333333,36.268790574536446,1.9453047663672132,0.7497832477931227,0.4285714285714286,2.333333333333333,36.567590404076675,0.9588299171993199,0.1779624501175416,0.7768272119621881,1.5183145011297325,23.20076248997886,1.1668845982424405,0.2207928087646053,0.7768272119621881,1.5183145011297325,40.548268349531064
