export_version,figure,panel,panel_title,plot_order,group,method,score_regime,sweep,x,y,x_left,x_right,y_bottom,y_top,x_value,x_label,alpha,m,target_pi1,n_anomaly_fixed,calibration_repeats,test_repeats_per_calibration,value,fdr_ratio,power,discovery_probability,fdr,median_log10_rank_delta,certified_no_rank_rate,mean_auroc,count,style_key,label
tikz-v1,figure1_supp,fdr_ratio_atlas_r2_c4,$N_{cal}$ by FDR level,8,heatmap_cell,standard_conformal_bh,finite_k1,alpha_sweep,-2.0,1.4,-2.1989700043360187,-1.8010299956639813,1.3,1.5,0.01,nominal FDR $\alpha$,0.01,1000,0.05,,25,100,0.0,0.0,0.0,0.0,0.0,1.8860566476931635,1.0,0.762148025263158,2500,finite_k1_alpha_sweep,empirical FDR / nominal alpha
tikz-v1,figure1_supp,fdr_ratio_atlas_r2_c4,$N_{cal}$ by FDR level,8,heatmap_cell,standard_conformal_bh,finite_k1,alpha_sweep,-2.0,1.6,-2.1989700043360187,-1.8010299956639813,1.5,1.7,0.01,nominal FDR $\alpha$,0.01,1000,0.05,,25,100,0.0,0.0,0.0,0.0,0.0,1.6882461389442458,1.0,0.761138694736842,2500,finite_k1_alpha_sweep,empirical FDR / nominal alpha
tikz-v1,figure1_supp,fdr_ratio_atlas_r2_c4,$N_{cal}$ by FDR level,8,heatmap_cell,standard_conformal_bh,finite_k1,alpha_sweep,-2.0,1.7999999999999998,-2.1989700043360187,-1.8010299956639813,1.7,1.9,0.01,nominal FDR $\alpha$,0.01,1000,0.05,,25,100,0.0,0.0,0.0,0.0,0.0,1.494850021680094,1.0,0.7603560084210527,2500,finite_k1_alpha_sweep,empirical FDR / nominal alpha
tikz-v1,figure1_supp,fdr_ratio_atlas_r2_c4,$N_{cal}$ by FDR level,8,heatmap_cell,standard_conformal_bh,finite_k1,alpha_sweep,-2.0,2.0,-2.1989700043360187,-1.8010299956639813,1.9,2.1,0.01,nominal FDR $\alpha$,0.01,1000,0.05,,25,100,0.0,0.0,0.0,0.0,0.0,1.2967086218813386,1.0,0.7598073684210526,2500,finite_k1_alpha_sweep,empirical FDR / nominal alpha
tikz-v1,figure1_supp,fdr_ratio_atlas_r2_c4,$N_{cal}$ by FDR level,8,heatmap_cell,standard_conformal_bh,finite_k1,alpha_sweep,-2.0,2.2,-2.1989700043360187,-1.8010299956639813,2.1,2.3,0.01,nominal FDR $\alpha$,0.01,1000,0.05,,25,100,0.0,0.0,0.0,0.0,0.0,1.0996328713435295,1.0,0.7606784757894737,2500,finite_k1_alpha_sweep,empirical FDR / nominal alpha
tikz-v1,figure1_supp,fdr_ratio_atlas_r2_c4,$N_{cal}$ by FDR level,8,heatmap_cell,standard_conformal_bh,finite_k1,alpha_sweep,-2.0,2.4,-2.1989700043360187,-1.8010299956639813,2.3,2.5,0.01,nominal FDR $\alpha$,0.01,1000,0.05,,25,100,0.0,0.0,0.0,0.0,0.0,0.8996294548824371,1.0,0.7598533978947368,2500,finite_k1_alpha_sweep,empirical FDR / nominal alpha
tikz-v1,figure1_supp,fdr_ratio_atlas_r2_c4,$N_{cal}$ by FDR level,8,heatmap_cell,standard_conformal_bh,finite_k1,alpha_sweep,-2.0,2.6,-2.1989700043360187,-1.8010299956639813,2.5,2.7,0.01,nominal FDR $\alpha$,0.01,1000,0.05,,25,100,0.0,0.0,0.0,0.0,0.0,0.700057099977233,1.0,0.7608982315789473,2500,finite_k1_alpha_sweep,empirical FDR / nominal alpha
tikz-v1,figure1_supp,fdr_ratio_atlas_r2_c4,$N_{cal}$ by FDR level,8,heatmap_cell,standard_conformal_bh,finite_k1,alpha_sweep,-2.0,2.8,-2.1989700043360187,-1.8010299956639813,2.7,2.9,0.01,nominal FDR $\alpha$,0.01,1000,0.05,,25,100,0.0,0.0,0.0,0.0,0.0,0.5003129173815962,1.0,0.7601236126315789,2500,finite_k1_alpha_sweep,empirical FDR / nominal alpha
tikz-v1,figure1_supp,fdr_ratio_atlas_r2_c4,$N_{cal}$ by FDR level,8,heatmap_cell,standard_conformal_bh,finite_k1,alpha_sweep,-2.0,3.0,-2.1989700043360187,-1.8010299956639813,2.9,3.1,0.01,nominal FDR $\alpha$,0.01,1000,0.05,,25,100,0.0,0.0,0.0,0.0,0.0,0.3005959181846626,1.0,0.7592656505263158,2500,finite_k1_alpha_sweep,empirical FDR / nominal alpha
tikz-v1,figure1_supp,fdr_ratio_atlas_r2_c4,$N_{cal}$ by FDR level,8,heatmap_cell,standard_conformal_bh,finite_k1,alpha_sweep,-2.0,3.2,-2.1989700043360187,-1.8010299956639813,3.1,3.3,0.01,nominal FDR $\alpha$,0.01,1000,0.05,,25,100,0.0,0.0,0.0,0.0,0.0,0.1007268126823962,1.0,0.7602131536842106,2500,finite_k1_alpha_sweep,empirical FDR / nominal alpha
tikz-v1,figure1_supp,fdr_ratio_atlas_r2_c4,$N_{cal}$ by FDR level,8,heatmap_cell,standard_conformal_bh,finite_k1,alpha_sweep,-2.0,3.4,-2.1989700043360187,-1.8010299956639813,3.3,3.5,0.01,nominal FDR $\alpha$,0.01,1000,0.05,,25,100,0.0,0.0,0.0,0.0,0.0,-0.0991624929285947,0.0,0.7616306021052631,2500,finite_k1_alpha_sweep,empirical FDR / nominal alpha
tikz-v1,figure1_supp,fdr_ratio_atlas_r2_c4,$N_{cal}$ by FDR level,8,heatmap_cell,standard_conformal_bh,finite_k1,alpha_sweep,-2.0,3.6,-2.1989700043360187,-1.8010299956639813,3.5,3.7,0.01,nominal FDR $\alpha$,0.01,1000,0.05,,25,100,0.0,0.0,0.0,0.0,0.0,-0.2990712600274095,0.0,0.758667452631579,2500,finite_k1_alpha_sweep,empirical FDR / nominal alpha
tikz-v1,figure1_supp,fdr_ratio_atlas_r2_c4,$N_{cal}$ by FDR level,8,heatmap_cell,standard_conformal_bh,finite_k1,alpha_sweep,-2.0,3.8,-2.1989700043360187,-1.8010299956639813,3.7,3.9,0.01,nominal FDR $\alpha$,0.01,1000,0.05,,25,100,0.0,0.0,0.0,0.0,0.0,-0.4990681845107945,0.0,0.7600680252631579,2500,finite_k1_alpha_sweep,empirical FDR / nominal alpha
tikz-v1,figure1_supp,fdr_ratio_atlas_r2_c4,$N_{cal}$ by FDR level,8,heatmap_cell,standard_conformal_bh,finite_k1,alpha_sweep,-2.0,4.0,-2.1989700043360187,-1.8010299956639813,3.9,4.1,0.01,nominal FDR $\alpha$,0.01,1000,0.05,,25,100,0.0,0.0,0.0,0.0,0.0,-0.6990134316128814,0.0,0.7601311831578947,2500,finite_k1_alpha_sweep,empirical FDR / nominal alpha
tikz-v1,figure1_supp,fdr_ratio_atlas_r2_c4,$N_{cal}$ by FDR level,8,heatmap_cell,standard_conformal_bh,finite_k1,alpha_sweep,-1.6020599913279625,1.4,-1.8010299956639813,-1.451544993495972,1.3,1.5,0.025,nominal FDR $\alpha$,0.025,1000,0.05,,25,100,0.0,0.0,0.0,0.0,0.0,1.4881166390211256,1.0,0.7605368252631579,2500,finite_k1_alpha_sweep,empirical FDR / nominal alpha
tikz-v1,figure1_supp,fdr_ratio_atlas_r2_c4,$N_{cal}$ by FDR level,8,heatmap_cell,standard_conformal_bh,finite_k1,alpha_sweep,-1.6020599913279625,1.6,-1.8010299956639813,-1.451544993495972,1.5,1.7,0.025,nominal FDR $\alpha$,0.025,1000,0.05,,25,100,0.0,0.0,0.0,0.0,0.0,1.290306130272208,1.0,0.7599350736842105,2500,finite_k1_alpha_sweep,empirical FDR / nominal alpha
tikz-v1,figure1_supp,fdr_ratio_atlas_r2_c4,$N_{cal}$ by FDR level,8,heatmap_cell,standard_conformal_bh,finite_k1,alpha_sweep,-1.6020599913279625,1.7999999999999998,-1.8010299956639813,-1.451544993495972,1.7,1.9,0.025,nominal FDR $\alpha$,0.025,1000,0.05,,25,100,0.0,0.0,0.0,0.0,0.0,1.0969100130080565,1.0,0.7605430568421053,2500,finite_k1_alpha_sweep,empirical FDR / nominal alpha
tikz-v1,figure1_supp,fdr_ratio_atlas_r2_c4,$N_{cal}$ by FDR level,8,heatmap_cell,standard_conformal_bh,finite_k1,alpha_sweep,-1.6020599913279625,2.0,-1.8010299956639813,-1.451544993495972,1.9,2.1,0.025,nominal FDR $\alpha$,0.025,1000,0.05,,25,100,0.0,0.0,0.0,0.0,0.0,0.898768613209301,1.0,0.7605163115789474,2500,finite_k1_alpha_sweep,empirical FDR / nominal alpha
tikz-v1,figure1_supp,fdr_ratio_atlas_r2_c4,$N_{cal}$ by FDR level,8,heatmap_cell,standard_conformal_bh,finite_k1,alpha_sweep,-1.6020599913279625,2.2,-1.8010299956639813,-1.451544993495972,2.1,2.3,0.025,nominal FDR $\alpha$,0.025,1000,0.05,,25,100,0.0,0.0,0.0,0.0,0.0,0.7016928626714921,1.0,0.7608525136842106,2500,finite_k1_alpha_sweep,empirical FDR / nominal alpha
tikz-v1,figure1_supp,fdr_ratio_atlas_r2_c4,$N_{cal}$ by FDR level,8,heatmap_cell,standard_conformal_bh,finite_k1,alpha_sweep,-1.6020599913279625,2.4,-1.8010299956639813,-1.451544993495972,2.3,2.5,0.025,nominal FDR $\alpha$,0.025,1000,0.05,,25,100,0.0,0.0,0.0,0.0,0.0,0.5016894462103995,1.0,0.7598987284210527,2500,finite_k1_alpha_sweep,empirical FDR / nominal alpha
tikz-v1,figure1_supp,fdr_ratio_atlas_r2_c4,$N_{cal}$ by FDR level,8,heatmap_cell,standard_conformal_bh,finite_k1,alpha_sweep,-1.6020599913279625,2.6,-1.8010299956639813,-1.451544993495972,2.5,2.7,0.025,nominal FDR $\alpha$,0.025,1000,0.05,,25,100,0.0,0.0,0.0,0.0,0.0,0.3021170913051953,1.0,0.7597485642105263,2500,finite_k1_alpha_sweep,empirical FDR / nominal alpha
tikz-v1,figure1_supp,fdr_ratio_atlas_r2_c4,$N_{cal}$ by FDR level,8,heatmap_cell,standard_conformal_bh,finite_k1,alpha_sweep,-1.6020599913279625,2.8,-1.8010299956639813,-1.451544993495972,2.7,2.9,0.025,nominal FDR $\alpha$,0.025,1000,0.05,,25,100,0.0,0.0,0.0,0.0,0.0,0.1023729087095585,1.0,0.7611795284210526,2500,finite_k1_alpha_sweep,empirical FDR / nominal alpha
tikz-v1,figure1_supp,fdr_ratio_atlas_r2_c4,$N_{cal}$ by FDR level,8,heatmap_cell,standard_conformal_bh,finite_k1,alpha_sweep,-1.6020599913279625,3.0,-1.8010299956639813,-1.451544993495972,2.9,3.1,0.025,nominal FDR $\alpha$,0.025,1000,0.05,,25,100,0.0,0.0,0.0,0.0,0.0,-0.097344090487375,0.0,0.7595743410526316,2500,finite_k1_alpha_sweep,empirical FDR / nominal alpha
tikz-v1,figure1_supp,fdr_ratio_atlas_r2_c4,$N_{cal}$ by FDR level,8,heatmap_cell,standard_conformal_bh,finite_k1,alpha_sweep,-1.6020599913279625,3.2,-1.8010299956639813,-1.451544993495972,3.1,3.3,0.025,nominal FDR $\alpha$,0.025,1000,0.05,,25,100,0.0,0.0,0.0,0.0,0.0,-0.2972131959896414,0.0,0.7603642778947368,2500,finite_k1_alpha_sweep,empirical FDR / nominal alpha
tikz-v1,figure1_supp,fdr_ratio_atlas_r2_c4,$N_{cal}$ by FDR level,8,heatmap_cell,standard_conformal_bh,finite_k1,alpha_sweep,-1.6020599913279625,3.4,-1.8010299956639813,-1.451544993495972,3.3,3.5,0.025,nominal FDR $\alpha$,0.025,1000,0.05,,25,100,0.0,0.0,0.0,0.0,0.0,-0.4971025016006324,0.0,0.7604805642105262,2500,finite_k1_alpha_sweep,empirical FDR / nominal alpha
tikz-v1,figure1_supp,fdr_ratio_atlas_r2_c4,$N_{cal}$ by FDR level,8,heatmap_cell,standard_conformal_bh,finite_k1,alpha_sweep,-1.6020599913279625,3.6,-1.8010299956639813,-1.451544993495972,3.5,3.7,0.025,nominal FDR $\alpha$,0.025,1000,0.05,,25,100,0.0,0.0,0.0,0.0,0.0,-0.6970112686994471,0.0,0.7596527410526316,2500,finite_k1_alpha_sweep,empirical FDR / nominal alpha
tikz-v1,figure1_supp,fdr_ratio_atlas_r2_c4,$N_{cal}$ by FDR level,8,heatmap_cell,standard_conformal_bh,finite_k1,alpha_sweep,-1.6020599913279625,3.8,-1.8010299956639813,-1.451544993495972,3.7,3.9,0.025,nominal FDR $\alpha$,0.025,1000,0.05,,25,100,0.0,0.0,0.0,0.0,0.0,-0.8970081931828321,0.0,0.75946368,2500,finite_k1_alpha_sweep,empirical FDR / nominal alpha
tikz-v1,figure1_supp,fdr_ratio_atlas_r2_c4,$N_{cal}$ by FDR level,8,heatmap_cell,standard_conformal_bh,finite_k1,alpha_sweep,-1.6020599913279625,4.0,-1.8010299956639813,-1.451544993495972,3.9,4.1,0.025,nominal FDR $\alpha$,0.025,1000,0.05,,25,100,0.0,0.0,0.0,0.0,0.0,-1.096953440284919,0.0,0.7609812631578947,2500,finite_k1_alpha_sweep,empirical FDR / nominal alpha
tikz-v1,figure1_supp,fdr_ratio_atlas_r2_c4,$N_{cal}$ by FDR level,8,heatmap_cell,standard_conformal_bh,finite_k1,alpha_sweep,-1.3010299956639813,1.4,-1.451544993495972,-1.1505149978319906,1.3,1.5,0.05,nominal FDR $\alpha$,0.05,1000,0.05,,25,100,0.0,0.0,0.0,0.0,0.0,1.1870866433571443,1.0,0.7601669389473683,2500,finite_k1_alpha_sweep,empirical FDR / nominal alpha
tikz-v1,figure1_supp,fdr_ratio_atlas_r2_c4,$N_{cal}$ by FDR level,8,heatmap_cell,standard_conformal_bh,finite_k1,alpha_sweep,-1.3010299956639813,1.6,-1.451544993495972,-1.1505149978319906,1.5,1.7,0.05,nominal FDR $\alpha$,0.05,1000,0.05,,25,100,0.0,0.0,0.0,0.0,0.0,0.9892761346082268,1.0,0.758717052631579,2500,finite_k1_alpha_sweep,empirical FDR / nominal alpha
tikz-v1,figure1_supp,fdr_ratio_atlas_r2_c4,$N_{cal}$ by FDR level,8,heatmap_cell,standard_conformal_bh,finite_k1,alpha_sweep,-1.3010299956639813,1.7999999999999998,-1.451544993495972,-1.1505149978319906,1.7,1.9,0.05,nominal FDR $\alpha$,0.05,1000,0.05,,25,100,0.0,0.0,0.0,0.0,0.0,0.7958800173440752,1.0,0.7600095242105264,2500,finite_k1_alpha_sweep,empirical FDR / nominal alpha
tikz-v1,figure1_supp,fdr_ratio_atlas_r2_c4,$N_{cal}$ by FDR level,8,heatmap_cell,standard_conformal_bh,finite_k1,alpha_sweep,-1.3010299956639813,2.0,-1.451544993495972,-1.1505149978319906,1.9,2.1,0.05,nominal FDR $\alpha$,0.05,1000,0.05,,25,100,0.0,0.0,0.0,0.0,0.0,0.5977386175453198,1.0,0.7607925305263158,2500,finite_k1_alpha_sweep,empirical FDR / nominal alpha
tikz-v1,figure1_supp,fdr_ratio_atlas_r2_c4,$N_{cal}$ by FDR level,8,heatmap_cell,standard_conformal_bh,finite_k1,alpha_sweep,-1.3010299956639813,2.2,-1.451544993495972,-1.1505149978319906,2.1,2.3,0.05,nominal FDR $\alpha$,0.05,1000,0.05,,25,100,0.0,0.0,0.0,0.0,0.0,0.4006628670075109,1.0,0.7603877305263158,2500,finite_k1_alpha_sweep,empirical FDR / nominal alpha
tikz-v1,figure1_supp,fdr_ratio_atlas_r2_c4,$N_{cal}$ by FDR level,8,heatmap_cell,standard_conformal_bh,finite_k1,alpha_sweep,-1.3010299956639813,2.4,-1.451544993495972,-1.1505149978319906,2.3,2.5,0.05,nominal FDR $\alpha$,0.05,1000,0.05,,25,100,0.0,0.0,0.0,0.0,0.0,0.2006594505464182,1.0,0.7591700126315789,2500,finite_k1_alpha_sweep,empirical FDR / nominal alpha
tikz-v1,figure1_supp,fdr_ratio_atlas_r2_c4,$N_{cal}$ by FDR level,8,heatmap_cell,standard_conformal_bh,finite_k1,alpha_sweep,-1.3010299956639813,2.6,-1.451544993495972,-1.1505149978319906,2.5,2.7,0.05,nominal FDR $\alpha$,0.05,1000,0.05,,25,100,0.0,0.0,0.0,0.0,0.0,0.0010870956412141,1.0,0.7597816842105263,2500,finite_k1_alpha_sweep,empirical FDR / nominal alpha
tikz-v1,figure1_supp,fdr_ratio_atlas_r2_c4,$N_{cal}$ by FDR level,8,heatmap_cell,standard_conformal_bh,finite_k1,alpha_sweep,-1.3010299956639813,2.8,-1.451544993495972,-1.1505149978319906,2.7,2.9,0.05,nominal FDR $\alpha$,0.05,1000,0.05,,25,100,0.0,0.0,0.0,0.0,0.0,-0.1986570869544226,0.0,0.7593257768421052,2500,finite_k1_alpha_sweep,empirical FDR / nominal alpha
tikz-v1,figure1_supp,fdr_ratio_atlas_r2_c4,$N_{cal}$ by FDR level,8,heatmap_cell,standard_conformal_bh,finite_k1,alpha_sweep,-1.3010299956639813,3.0,-1.451544993495972,-1.1505149978319906,2.9,3.1,0.05,nominal FDR $\alpha$,0.05,1000,0.05,,25,100,0.0,0.0,0.0,0.0,0.0,-0.3983740861513562,0.0,0.7604890778947369,2500,finite_k1_alpha_sweep,empirical FDR / nominal alpha
tikz-v1,figure1_supp,fdr_ratio_atlas_r2_c4,$N_{cal}$ by FDR level,8,heatmap_cell,standard_conformal_bh,finite_k1,alpha_sweep,-1.3010299956639813,3.2,-1.451544993495972,-1.1505149978319906,3.1,3.3,0.05,nominal FDR $\alpha$,0.05,1000,0.05,,25,100,0.0,0.0,0.0,0.0,0.0,-0.5982431916536226,0.0,0.7595563621052632,2500,finite_k1_alpha_sweep,empirical FDR / nominal alpha
tikz-v1,figure1_supp,fdr_ratio_atlas_r2_c4,$N_{cal}$ by FDR level,8,heatmap_cell,standard_conformal_bh,finite_k1,alpha_sweep,-1.3010299956639813,3.4,-1.451544993495972,-1.1505149978319906,3.3,3.5,0.05,nominal FDR $\alpha$,0.05,1000,0.05,,25,100,0.0,0.0,0.0,0.0,0.0,-0.7981324972646135,0.0,0.7599901557894736,2500,finite_k1_alpha_sweep,empirical FDR / nominal alpha
tikz-v1,figure1_supp,fdr_ratio_atlas_r2_c4,$N_{cal}$ by FDR level,8,heatmap_cell,standard_conformal_bh,finite_k1,alpha_sweep,-1.3010299956639813,3.6,-1.451544993495972,-1.1505149978319906,3.5,3.7,0.05,nominal FDR $\alpha$,0.05,1000,0.05,,25,100,0.013333333333331998,0.013333333333331998,6.4e-05,0.0012,0.0006666666666666,-0.9980412643634284,0.0,0.75967904,2500,finite_k1_alpha_sweep,empirical FDR / nominal alpha
tikz-v1,figure1_supp,fdr_ratio_atlas_r2_c4,$N_{cal}$ by FDR level,8,heatmap_cell,standard_conformal_bh,finite_k1,alpha_sweep,-1.3010299956639813,3.8,-1.451544993495972,-1.1505149978319906,3.7,3.9,0.05,nominal FDR $\alpha$,0.05,1000,0.05,,25,100,0.005999999999999999,0.005999999999999999,8e-05,0.0012,0.0003,-1.1980381888468132,0.0,0.7604504757894737,2500,finite_k1_alpha_sweep,empirical FDR / nominal alpha
tikz-v1,figure1_supp,fdr_ratio_atlas_r2_c4,$N_{cal}$ by FDR level,8,heatmap_cell,standard_conformal_bh,finite_k1,alpha_sweep,-1.3010299956639813,4.0,-1.451544993495972,-1.1505149978319906,3.9,4.1,0.05,nominal FDR $\alpha$,0.05,1000,0.05,,25,100,0.474933333333332,0.474933333333332,0.001704,0.0572,0.0237466666666666,-1.3979834359489005,0.0,0.7615701136842106,2500,finite_k1_alpha_sweep,empirical FDR / nominal alpha
tikz-v1,figure1_supp,fdr_ratio_atlas_r2_c4,$N_{cal}$ by FDR level,8,heatmap_cell,standard_conformal_bh,finite_k1,alpha_sweep,-1.0,1.4,-1.1505149978319906,-0.8494850021680094,1.3,1.5,0.1,nominal FDR $\alpha$,0.1,1000,0.05,,25,100,0.0,0.0,0.0,0.0,0.0,0.8860566476931633,1.0,0.7590098357894737,2500,finite_k1_alpha_sweep,empirical FDR / nominal alpha
tikz-v1,figure1_supp,fdr_ratio_atlas_r2_c4,$N_{cal}$ by FDR level,8,heatmap_cell,standard_conformal_bh,finite_k1,alpha_sweep,-1.0,1.6,-1.1505149978319906,-0.8494850021680094,1.5,1.7,0.1,nominal FDR $\alpha$,0.1,1000,0.05,,25,100,0.0,0.0,0.0,0.0,0.0,0.6882461389442457,1.0,0.7607028294736842,2500,finite_k1_alpha_sweep,empirical FDR / nominal alpha
tikz-v1,figure1_supp,fdr_ratio_atlas_r2_c4,$N_{cal}$ by FDR level,8,heatmap_cell,standard_conformal_bh,finite_k1,alpha_sweep,-1.0,1.7999999999999998,-1.1505149978319906,-0.8494850021680094,1.7,1.9,0.1,nominal FDR $\alpha$,0.1,1000,0.05,,25,100,0.0,0.0,0.0,0.0,0.0,0.494850021680094,1.0,0.7608850273684211,2500,finite_k1_alpha_sweep,empirical FDR / nominal alpha
tikz-v1,figure1_supp,fdr_ratio_atlas_r2_c4,$N_{cal}$ by FDR level,8,heatmap_cell,standard_conformal_bh,finite_k1,alpha_sweep,-1.0,2.0,-1.1505149978319906,-0.8494850021680094,1.9,2.1,0.1,nominal FDR $\alpha$,0.1,1000,0.05,,25,100,0.0,0.0,0.0,0.0,0.0,0.2967086218813386,1.0,0.7605232421052631,2500,finite_k1_alpha_sweep,empirical FDR / nominal alpha
tikz-v1,figure1_supp,fdr_ratio_atlas_r2_c4,$N_{cal}$ by FDR level,8,heatmap_cell,standard_conformal_bh,finite_k1,alpha_sweep,-1.0,2.2,-1.1505149978319906,-0.8494850021680094,2.1,2.3,0.1,nominal FDR $\alpha$,0.1,1000,0.05,,25,100,0.0,0.0,0.0,0.0,0.0,0.0996328713435296,1.0,0.7599125894736842,2500,finite_k1_alpha_sweep,empirical FDR / nominal alpha
tikz-v1,figure1_supp,fdr_ratio_atlas_r2_c4,$N_{cal}$ by FDR level,8,heatmap_cell,standard_conformal_bh,finite_k1,alpha_sweep,-1.0,2.4,-1.1505149978319906,-0.8494850021680094,2.3,2.5,0.1,nominal FDR $\alpha$,0.1,1000,0.05,,25,100,0.0,0.0,0.0,0.0,0.0,-0.1003705451175629,0.0,0.7598492126315789,2500,finite_k1_alpha_sweep,empirical FDR / nominal alpha
tikz-v1,figure1_supp,fdr_ratio_atlas_r2_c4,$N_{cal}$ by FDR level,8,heatmap_cell,standard_conformal_bh,finite_k1,alpha_sweep,-1.0,2.6,-1.1505149978319906,-0.8494850021680094,2.5,2.7,0.1,nominal FDR $\alpha$,0.1,1000,0.05,,25,100,0.0,0.0,0.0,0.0,0.0,-0.2999429000227671,0.0,0.7598913431578947,2500,finite_k1_alpha_sweep,empirical FDR / nominal alpha
tikz-v1,figure1_supp,fdr_ratio_atlas_r2_c4,$N_{cal}$ by FDR level,8,heatmap_cell,standard_conformal_bh,finite_k1,alpha_sweep,-1.0,2.8,-1.1505149978319906,-0.8494850021680094,2.7,2.9,0.1,nominal FDR $\alpha$,0.1,1000,0.05,,25,100,0.00275,0.00275,4e-05,0.0004,0.000275,-0.4996870826184039,0.0,0.7610153684210527,2500,finite_k1_alpha_sweep,empirical FDR / nominal alpha
tikz-v1,figure1_supp,fdr_ratio_atlas_r2_c4,$N_{cal}$ by FDR level,8,heatmap_cell,standard_conformal_bh,finite_k1,alpha_sweep,-1.0,3.0,-1.1505149978319906,-0.8494850021680094,2.9,3.1,0.1,nominal FDR $\alpha$,0.1,1000,0.05,,25,100,0.223702647352647,0.223702647352647,0.003,0.0356,0.0223702647352647,-0.6994040818153374,0.0,0.7616473178947368,2500,finite_k1_alpha_sweep,empirical FDR / nominal alpha
tikz-v1,figure1_supp,fdr_ratio_atlas_r2_c4,$N_{cal}$ by FDR level,8,heatmap_cell,standard_conformal_bh,finite_k1,alpha_sweep,-1.0,3.2,-1.1505149978319906,-0.8494850021680094,3.1,3.3,0.1,nominal FDR $\alpha$,0.1,1000,0.05,,25,100,0.047412698412698,0.047412698412698,0.000552,0.0084,0.0047412698412698,-0.8992731873176038,0.0,0.7608745684210526,2500,finite_k1_alpha_sweep,empirical FDR / nominal alpha
tikz-v1,figure1_supp,fdr_ratio_atlas_r2_c4,$N_{cal}$ by FDR level,8,heatmap_cell,standard_conformal_bh,finite_k1,alpha_sweep,-1.0,3.4,-1.1505149978319906,-0.8494850021680094,3.3,3.5,0.1,nominal FDR $\alpha$,0.1,1000,0.05,,25,100,0.20569206349206298,0.20569206349206298,0.001752,0.0392,0.0205692063492063,-1.0991624929285948,0.0,0.7602238989473684,2500,finite_k1_alpha_sweep,empirical FDR / nominal alpha
tikz-v1,figure1_supp,fdr_ratio_atlas_r2_c4,$N_{cal}$ by FDR level,8,heatmap_cell,standard_conformal_bh,finite_k1,alpha_sweep,-1.0,3.6,-1.1505149978319906,-0.8494850021680094,3.5,3.7,0.1,nominal FDR $\alpha$,0.1,1000,0.05,,25,100,0.10999999999999999,0.10999999999999999,0.000864,0.024,0.011,-1.2990712600274097,0.0,0.7603997557894737,2500,finite_k1_alpha_sweep,empirical FDR / nominal alpha
tikz-v1,figure1_supp,fdr_ratio_atlas_r2_c4,$N_{cal}$ by FDR level,8,heatmap_cell,standard_conformal_bh,finite_k1,alpha_sweep,-1.0,3.8,-1.1505149978319906,-0.8494850021680094,3.7,3.9,0.1,nominal FDR $\alpha$,0.1,1000,0.05,,25,100,0.5584813186813179,0.5584813186813179,0.003568,0.124,0.0558481318681318,-1.4990681845107945,0.0,0.7601774568421052,2500,finite_k1_alpha_sweep,empirical FDR / nominal alpha
tikz-v1,figure1_supp,fdr_ratio_atlas_r2_c4,$N_{cal}$ by FDR level,8,heatmap_cell,standard_conformal_bh,finite_k1,alpha_sweep,-1.0,4.0,-1.1505149978319906,-0.8494850021680094,3.9,4.1,0.1,nominal FDR $\alpha$,0.1,1000,0.05,,25,100,1.031628571428571,1.031628571428571,0.00476,0.2476,0.1031628571428571,-1.6990134316128815,0.0,0.7602578947368421,2500,finite_k1_alpha_sweep,empirical FDR / nominal alpha
tikz-v1,figure1_supp,fdr_ratio_atlas_r2_c4,$N_{cal}$ by FDR level,8,heatmap_cell,standard_conformal_bh,finite_k1,alpha_sweep,-0.6989700043360187,1.4,-0.8494850021680094,-0.5484550065040281,1.3,1.5,0.2,nominal FDR $\alpha$,0.2,1000,0.05,,25,100,0.0,0.0,0.0,0.0,0.0,0.585026652029182,1.0,0.7597716968421053,2500,finite_k1_alpha_sweep,empirical FDR / nominal alpha
tikz-v1,figure1_supp,fdr_ratio_atlas_r2_c4,$N_{cal}$ by FDR level,8,heatmap_cell,standard_conformal_bh,finite_k1,alpha_sweep,-0.6989700043360187,1.6,-0.8494850021680094,-0.5484550065040281,1.5,1.7,0.2,nominal FDR $\alpha$,0.2,1000,0.05,,25,100,0.0,0.0,0.0,0.0,0.0,0.3872161432802645,1.0,0.75938912,2500,finite_k1_alpha_sweep,empirical FDR / nominal alpha
tikz-v1,figure1_supp,fdr_ratio_atlas_r2_c4,$N_{cal}$ by FDR level,8,heatmap_cell,standard_conformal_bh,finite_k1,alpha_sweep,-0.6989700043360187,1.7999999999999998,-0.8494850021680094,-0.5484550065040281,1.7,1.9,0.2,nominal FDR $\alpha$,0.2,1000,0.05,,25,100,0.0,0.0,0.0,0.0,0.0,0.1938200260161128,1.0,0.7606874610526315,2500,finite_k1_alpha_sweep,empirical FDR / nominal alpha
tikz-v1,figure1_supp,fdr_ratio_atlas_r2_c4,$N_{cal}$ by FDR level,8,heatmap_cell,standard_conformal_bh,finite_k1,alpha_sweep,-0.6989700043360187,2.0,-0.8494850021680094,-0.5484550065040281,1.9,2.1,0.2,nominal FDR $\alpha$,0.2,1000,0.05,,25,100,0.31785345438653395,0.31785345438653395,0.023928,0.08,0.0635706908773068,-0.0043213737826425,0.0,0.76046496,2500,finite_k1_alpha_sweep,empirical FDR / nominal alpha
tikz-v1,figure1_supp,fdr_ratio_atlas_r2_c4,$N_{cal}$ by FDR level,8,heatmap_cell,standard_conformal_bh,finite_k1,alpha_sweep,-0.6989700043360187,2.2,-0.8494850021680094,-0.5484550065040281,2.1,2.3,0.2,nominal FDR $\alpha$,0.2,1000,0.05,,25,100,0.378252408664168,0.378252408664168,0.020816,0.1,0.0756504817328336,-0.2013971243204515,0.0,0.7601313010526316,2500,finite_k1_alpha_sweep,empirical FDR / nominal alpha
tikz-v1,figure1_supp,fdr_ratio_atlas_r2_c4,$N_{cal}$ by FDR level,8,heatmap_cell,standard_conformal_bh,finite_k1,alpha_sweep,-0.6989700043360187,2.4,-0.8494850021680094,-0.5484550065040281,2.3,2.5,0.2,nominal FDR $\alpha$,0.2,1000,0.05,,25,100,0.14942617600004698,0.14942617600004698,0.005728,0.0416,0.0298852352000094,-0.4014005407815441,0.0,0.7612319410526317,2500,finite_k1_alpha_sweep,empirical FDR / nominal alpha
tikz-v1,figure1_supp,fdr_ratio_atlas_r2_c4,$N_{cal}$ by FDR level,8,heatmap_cell,standard_conformal_bh,finite_k1,alpha_sweep,-0.6989700043360187,2.6,-0.8494850021680094,-0.5484550065040281,2.5,2.7,0.2,nominal FDR $\alpha$,0.2,1000,0.05,,25,100,0.102906390199935,0.102906390199935,0.004584,0.0296,0.020581278039987,-0.6009728956867483,0.0,0.7606218021052631,2500,finite_k1_alpha_sweep,empirical FDR / nominal alpha
tikz-v1,figure1_supp,fdr_ratio_atlas_r2_c4,$N_{cal}$ by FDR level,8,heatmap_cell,standard_conformal_bh,finite_k1,alpha_sweep,-0.6989700043360187,2.8,-0.8494850021680094,-0.5484550065040281,2.7,2.9,0.2,nominal FDR $\alpha$,0.2,1000,0.05,,25,100,0.2791730621969475,0.2791730621969475,0.0082,0.0912,0.0558346124393895,-0.800717078282385,0.0,0.7611061978947369,2500,finite_k1_alpha_sweep,empirical FDR / nominal alpha
tikz-v1,figure1_supp,fdr_ratio_atlas_r2_c4,$N_{cal}$ by FDR level,8,heatmap_cell,standard_conformal_bh,finite_k1,alpha_sweep,-0.6989700043360187,3.0,-0.8494850021680094,-0.5484550065040281,2.9,3.1,0.2,nominal FDR $\alpha$,0.2,1000,0.05,,25,100,0.131718315018315,0.131718315018315,0.0028399999999999,0.0448,0.026343663003663,-1.0004340774793186,0.0,0.7605800926315789,2500,finite_k1_alpha_sweep,empirical FDR / nominal alpha
tikz-v1,figure1_supp,fdr_ratio_atlas_r2_c4,$N_{cal}$ by FDR level,8,heatmap_cell,standard_conformal_bh,finite_k1,alpha_sweep,-0.6989700043360187,3.2,-0.8494850021680094,-0.5484550065040281,3.1,3.3,0.2,nominal FDR $\alpha$,0.2,1000,0.05,,25,100,0.2773341908091905,0.2773341908091905,0.0057599999999999,0.1016,0.0554668381618381,-1.200303182981585,0.0,0.7596978189473684,2500,finite_k1_alpha_sweep,empirical FDR / nominal alpha
tikz-v1,figure1_supp,fdr_ratio_atlas_r2_c4,$N_{cal}$ by FDR level,8,heatmap_cell,standard_conformal_bh,finite_k1,alpha_sweep,-0.6989700043360187,3.4,-0.8494850021680094,-0.5484550065040281,3.3,3.5,0.2,nominal FDR $\alpha$,0.2,1000,0.05,,25,100,0.616485483357222,0.616485483357222,0.0084879999999999,0.2344,0.1232970966714444,-1.400192488592576,0.0,0.7603689178947368,2500,finite_k1_alpha_sweep,empirical FDR / nominal alpha
tikz-v1,figure1_supp,fdr_ratio_atlas_r2_c4,$N_{cal}$ by FDR level,8,heatmap_cell,standard_conformal_bh,finite_k1,alpha_sweep,-0.6989700043360187,3.6,-0.8494850021680094,-0.5484550065040281,3.5,3.7,0.2,nominal FDR $\alpha$,0.2,1000,0.05,,25,100,0.5491193184266709,0.5491193184266709,0.007688,0.1936,0.1098238636853342,-1.6001012556913907,0.0,0.7609703494736842,2500,finite_k1_alpha_sweep,empirical FDR / nominal alpha
tikz-v1,figure1_supp,fdr_ratio_atlas_r2_c4,$N_{cal}$ by FDR level,8,heatmap_cell,standard_conformal_bh,finite_k1,alpha_sweep,-0.6989700043360187,3.8,-0.8494850021680094,-0.5484550065040281,3.7,3.9,0.2,nominal FDR $\alpha$,0.2,1000,0.05,,25,100,0.676921220282985,0.676921220282985,0.008312,0.3172,0.135384244056597,-1.8000981801747755,0.0,0.7612921936842104,2500,finite_k1_alpha_sweep,empirical FDR / nominal alpha
tikz-v1,figure1_supp,fdr_ratio_atlas_r2_c4,$N_{cal}$ by FDR level,8,heatmap_cell,standard_conformal_bh,finite_k1,alpha_sweep,-0.6989700043360187,4.0,-0.8494850021680094,-0.5484550065040281,3.9,4.1,0.2,nominal FDR $\alpha$,0.2,1000,0.05,,25,100,1.0520061688311688,1.0520061688311688,0.011632,0.4492,0.2104012337662338,-2.0000434272768626,0.0,0.7600405894736841,2500,finite_k1_alpha_sweep,empirical FDR / nominal alpha
tikz-v1,figure1_supp,fdr_ratio_atlas_r2_c2,$N_{cal}$ by $m$; fixed 10 anomalies,6,heatmap_cell,standard_conformal_bh,finite_k1,m_fixed_count,1.6989700043360187,1.4,1.548455006504028,1.8494850021680092,1.3,1.5,50.0,test batch size $m$,0.1,50,,10.0,25,100,0.0,0.0,0.0,0.0,0.0,0.2839966563652008,1.0,0.7590979999999999,2500,finite_k1_m_fixed_count,empirical FDR / nominal alpha
tikz-v1,figure1_supp,fdr_ratio_atlas_r2_c2,$N_{cal}$ by $m$; fixed 10 anomalies,6,heatmap_cell,standard_conformal_bh,finite_k1,m_fixed_count,1.6989700043360187,1.6,1.548455006504028,1.8494850021680092,1.5,1.7,50.0,test batch size $m$,0.1,50,,10.0,25,100,0.0,0.0,0.0,0.0,0.0,0.0861861476162833,1.0,0.7585119999999999,2500,finite_k1_m_fixed_count,empirical FDR / nominal alpha
tikz-v1,figure1_supp,fdr_ratio_atlas_r2_c2,$N_{cal}$ by $m$; fixed 10 anomalies,6,heatmap_cell,standard_conformal_bh,finite_k1,m_fixed_count,1.6989700043360187,1.7999999999999998,1.548455006504028,1.8494850021680092,1.7,1.9,50.0,test batch size $m$,0.1,50,,10.0,25,100,0.06042929292929199,0.06042929292929199,0.0057599999999999,0.0128,0.0060429292929292,-0.1072099696478683,0.0,0.7576289999999999,2500,finite_k1_m_fixed_count,empirical FDR / nominal alpha
tikz-v1,figure1_supp,fdr_ratio_atlas_r2_c2,$N_{cal}$ by $m$; fixed 10 anomalies,6,heatmap_cell,standard_conformal_bh,finite_k1,m_fixed_count,1.6989700043360187,2.0,1.548455006504028,1.8494850021680092,1.9,2.1,50.0,test batch size $m$,0.1,50,,10.0,25,100,0.28660709290709196,0.28660709290709196,0.0224,0.0676,0.0286607092907092,-0.3053513694466238,0.0,0.760791,2500,finite_k1_m_fixed_count,empirical FDR / nominal alpha
tikz-v1,figure1_supp,fdr_ratio_atlas_r2_c2,$N_{cal}$ by $m$; fixed 10 anomalies,6,heatmap_cell,standard_conformal_bh,finite_k1,m_fixed_count,1.6989700043360187,2.2,1.548455006504028,1.8494850021680092,2.1,2.3,50.0,test batch size $m$,0.1,50,,10.0,25,100,0.03955714285714199,0.03955714285714199,0.00396,0.0124,0.0039557142857142,-0.5024271199844327,0.0,0.759769,2500,finite_k1_m_fixed_count,empirical FDR / nominal alpha
tikz-v1,figure1_supp,fdr_ratio_atlas_r2_c2,$N_{cal}$ by $m$; fixed 10 anomalies,6,heatmap_cell,standard_conformal_bh,finite_k1,m_fixed_count,1.6989700043360187,2.4,1.548455006504028,1.8494850021680092,2.3,2.5,50.0,test batch size $m$,0.1,50,,10.0,25,100,0.483023809523809,0.483023809523809,0.02776,0.1556,0.0483023809523809,-0.7024305364455253,0.0,0.759783,2500,finite_k1_m_fixed_count,empirical FDR / nominal alpha
tikz-v1,figure1_supp,fdr_ratio_atlas_r2_c2,$N_{cal}$ by $m$; fixed 10 anomalies,6,heatmap_cell,standard_conformal_bh,finite_k1,m_fixed_count,1.6989700043360187,2.6,1.548455006504028,1.8494850021680092,2.5,2.7,50.0,test batch size $m$,0.1,50,,10.0,25,100,0.4142507936507929,0.4142507936507929,0.03256,0.1436,0.0414250793650793,-0.9020028913507294,0.0,0.7613439999999999,2500,finite_k1_m_fixed_count,empirical FDR / nominal alpha
tikz-v1,figure1_supp,fdr_ratio_atlas_r2_c2,$N_{cal}$ by $m$; fixed 10 anomalies,6,heatmap_cell,standard_conformal_bh,finite_k1,m_fixed_count,1.6989700043360187,2.8,1.548455006504028,1.8494850021680092,2.7,2.9,50.0,test batch size $m$,0.1,50,,10.0,25,100,0.825433333333333,0.825433333333333,0.04564,0.3392,0.0825433333333333,-1.1017470739463662,0.0,0.759542,2500,finite_k1_m_fixed_count,empirical FDR / nominal alpha
tikz-v1,figure1_supp,fdr_ratio_atlas_r2_c2,$N_{cal}$ by $m$; fixed 10 anomalies,6,heatmap_cell,standard_conformal_bh,finite_k1,m_fixed_count,1.6989700043360187,3.0,1.548455006504028,1.8494850021680092,2.9,3.1,50.0,test batch size $m$,0.1,50,,10.0,25,100,0.8657190476190469,0.8657190476190469,0.04704,0.3544,0.0865719047619047,-1.3014640731432998,0.0,0.760073,2500,finite_k1_m_fixed_count,empirical FDR / nominal alpha
tikz-v1,figure1_supp,fdr_ratio_atlas_r2_c2,$N_{cal}$ by $m$; fixed 10 anomalies,6,heatmap_cell,standard_conformal_bh,finite_k1,m_fixed_count,1.6989700043360187,3.2,1.548455006504028,1.8494850021680092,3.1,3.3,50.0,test batch size $m$,0.1,50,,10.0,25,100,0.640890476190476,0.640890476190476,0.03996,0.306,0.0640890476190476,-1.501333178645566,0.0,0.756498,2500,finite_k1_m_fixed_count,empirical FDR / nominal alpha
tikz-v1,figure1_supp,fdr_ratio_atlas_r2_c2,$N_{cal}$ by $m$; fixed 10 anomalies,6,heatmap_cell,standard_conformal_bh,finite_k1,m_fixed_count,1.6989700043360187,3.4,1.548455006504028,1.8494850021680092,3.3,3.5,50.0,test batch size $m$,0.1,50,,10.0,25,100,0.9586222222222219,0.9586222222222219,0.04876,0.3768,0.0958622222222222,-1.701222484256557,0.0,0.759946,2500,finite_k1_m_fixed_count,empirical FDR / nominal alpha
tikz-v1,figure1_supp,fdr_ratio_atlas_r2_c2,$N_{cal}$ by $m$; fixed 10 anomalies,6,heatmap_cell,standard_conformal_bh,finite_k1,m_fixed_count,1.6989700043360187,3.6,1.548455006504028,1.8494850021680092,3.5,3.7,50.0,test batch size $m$,0.1,50,,10.0,25,100,0.667114285714285,0.667114285714285,0.0412,0.3084,0.0667114285714285,-1.901131251355372,0.0,0.76005,2500,finite_k1_m_fixed_count,empirical FDR / nominal alpha
tikz-v1,figure1_supp,fdr_ratio_atlas_r2_c2,$N_{cal}$ by $m$; fixed 10 anomalies,6,heatmap_cell,standard_conformal_bh,finite_k1,m_fixed_count,1.6989700043360187,3.8,1.548455006504028,1.8494850021680092,3.7,3.9,50.0,test batch size $m$,0.1,50,,10.0,25,100,0.8011238095238089,0.8011238095238089,0.04488,0.3296,0.0801123809523809,-2.101128175838757,0.0,0.76076,2500,finite_k1_m_fixed_count,empirical FDR / nominal alpha
tikz-v1,figure1_supp,fdr_ratio_atlas_r2_c2,$N_{cal}$ by $m$; fixed 10 anomalies,6,heatmap_cell,standard_conformal_bh,finite_k1,m_fixed_count,1.6989700043360187,4.0,1.548455006504028,1.8494850021680092,3.9,4.1,50.0,test batch size $m$,0.1,50,,10.0,25,100,0.7773920634920629,0.7773920634920629,0.04468,0.3552,0.0777392063492063,-2.301073422940844,0.0,0.7623270000000001,2500,finite_k1_m_fixed_count,empirical FDR / nominal alpha
tikz-v1,figure1_supp,fdr_ratio_atlas_r2_c2,$N_{cal}$ by $m$; fixed 10 anomalies,6,heatmap_cell,standard_conformal_bh,finite_k1,m_fixed_count,2.0,1.4,1.8494850021680092,2.15051499783199,1.3,1.5,100.0,test batch size $m$,0.1,100,,10.0,25,100,0.0,0.0,0.0,0.0,0.0,0.585026652029182,1.0,0.7588435555555556,2500,finite_k1_m_fixed_count,empirical FDR / nominal alpha
tikz-v1,figure1_supp,fdr_ratio_atlas_r2_c2,$N_{cal}$ by $m$; fixed 10 anomalies,6,heatmap_cell,standard_conformal_bh,finite_k1,m_fixed_count,2.0,1.6,1.8494850021680092,2.15051499783199,1.5,1.7,100.0,test batch size $m$,0.1,100,,10.0,25,100,0.0,0.0,0.0,0.0,0.0,0.3872161432802645,1.0,0.7631057777777778,2500,finite_k1_m_fixed_count,empirical FDR / nominal alpha
tikz-v1,figure1_supp,fdr_ratio_atlas_r2_c2,$N_{cal}$ by $m$; fixed 10 anomalies,6,heatmap_cell,standard_conformal_bh,finite_k1,m_fixed_count,2.0,1.7999999999999998,1.8494850021680092,2.15051499783199,1.7,1.9,100.0,test batch size $m$,0.1,100,,10.0,25,100,0.017535947712418,0.017535947712418,0.0010799999999999,0.0024,0.0017535947712418,0.1938200260161128,1.0,0.7617217777777778,2500,finite_k1_m_fixed_count,empirical FDR / nominal alpha
tikz-v1,figure1_supp,fdr_ratio_atlas_r2_c2,$N_{cal}$ by $m$; fixed 10 anomalies,6,heatmap_cell,standard_conformal_bh,finite_k1,m_fixed_count,2.0,2.0,1.8494850021680092,2.15051499783199,1.9,2.1,100.0,test batch size $m$,0.1,100,,10.0,25,100,0.01410909090909,0.01410909090909,0.0006,0.002,0.001410909090909,-0.0043213737826425,0.0,0.7613284444444445,2500,finite_k1_m_fixed_count,empirical FDR / nominal alpha
tikz-v1,figure1_supp,fdr_ratio_atlas_r2_c2,$N_{cal}$ by $m$; fixed 10 anomalies,6,heatmap_cell,standard_conformal_bh,finite_k1,m_fixed_count,2.0,2.2,1.8494850021680092,2.15051499783199,2.1,2.3,100.0,test batch size $m$,0.1,100,,10.0,25,100,0.0235,0.0235,0.00176,0.0048,0.00235,-0.2013971243204515,0.0,0.7598093333333334,2500,finite_k1_m_fixed_count,empirical FDR / nominal alpha
tikz-v1,figure1_supp,fdr_ratio_atlas_r2_c2,$N_{cal}$ by $m$; fixed 10 anomalies,6,heatmap_cell,standard_conformal_bh,finite_k1,m_fixed_count,2.0,2.4,1.8494850021680092,2.15051499783199,2.3,2.5,100.0,test batch size $m$,0.1,100,,10.0,25,100,0.3893015873015869,0.3893015873015869,0.0164,0.0728,0.0389301587301587,-0.4014005407815441,0.0,0.7619968888888888,2500,finite_k1_m_fixed_count,empirical FDR / nominal alpha
tikz-v1,figure1_supp,fdr_ratio_atlas_r2_c2,$N_{cal}$ by $m$; fixed 10 anomalies,6,heatmap_cell,standard_conformal_bh,finite_k1,m_fixed_count,2.0,2.6,1.8494850021680092,2.15051499783199,2.5,2.7,100.0,test batch size $m$,0.1,100,,10.0,25,100,0.126066666666666,0.126066666666666,0.00544,0.0288,0.0126066666666666,-0.6009728956867483,0.0,0.763491111111111,2500,finite_k1_m_fixed_count,empirical FDR / nominal alpha
tikz-v1,figure1_supp,fdr_ratio_atlas_r2_c2,$N_{cal}$ by $m$; fixed 10 anomalies,6,heatmap_cell,standard_conformal_bh,finite_k1,m_fixed_count,2.0,2.8,1.8494850021680092,2.15051499783199,2.7,2.9,100.0,test batch size $m$,0.1,100,,10.0,25,100,0.349690476190476,0.349690476190476,0.01204,0.078,0.0349690476190476,-0.800717078282385,0.0,0.7608884444444444,2500,finite_k1_m_fixed_count,empirical FDR / nominal alpha
tikz-v1,figure1_supp,fdr_ratio_atlas_r2_c2,$N_{cal}$ by $m$; fixed 10 anomalies,6,heatmap_cell,standard_conformal_bh,finite_k1,m_fixed_count,2.0,3.0,1.8494850021680092,2.15051499783199,2.9,3.1,100.0,test batch size $m$,0.1,100,,10.0,25,100,0.860999999999999,0.860999999999999,0.02476,0.2324,0.0860999999999999,-1.0004340774793186,0.0,0.7604786666666666,2500,finite_k1_m_fixed_count,empirical FDR / nominal alpha
tikz-v1,figure1_supp,fdr_ratio_atlas_r2_c2,$N_{cal}$ by $m$; fixed 10 anomalies,6,heatmap_cell,standard_conformal_bh,finite_k1,m_fixed_count,2.0,3.2,1.8494850021680092,2.15051499783199,3.1,3.3,100.0,test batch size $m$,0.1,100,,10.0,25,100,0.6757714285714279,0.6757714285714279,0.02156,0.1976,0.0675771428571428,-1.200303182981585,0.0,0.7613062222222223,2500,finite_k1_m_fixed_count,empirical FDR / nominal alpha
tikz-v1,figure1_supp,fdr_ratio_atlas_r2_c2,$N_{cal}$ by $m$; fixed 10 anomalies,6,heatmap_cell,standard_conformal_bh,finite_k1,m_fixed_count,2.0,3.4,1.8494850021680092,2.15051499783199,3.3,3.5,100.0,test batch size $m$,0.1,100,,10.0,25,100,0.6835999999999989,0.6835999999999989,0.0197199999999999,0.2,0.0683599999999999,-1.400192488592576,0.0,0.7609084444444445,2500,finite_k1_m_fixed_count,empirical FDR / nominal alpha
tikz-v1,figure1_supp,fdr_ratio_atlas_r2_c2,$N_{cal}$ by $m$; fixed 10 anomalies,6,heatmap_cell,standard_conformal_bh,finite_k1,m_fixed_count,2.0,3.6,1.8494850021680092,2.15051499783199,3.5,3.7,100.0,test batch size $m$,0.1,100,,10.0,25,100,0.7238857142857139,0.7238857142857139,0.0202,0.2088,0.0723885714285714,-1.6001012556913907,0.0,0.7579342222222222,2500,finite_k1_m_fixed_count,empirical FDR / nominal alpha
tikz-v1,figure1_supp,fdr_ratio_atlas_r2_c2,$N_{cal}$ by $m$; fixed 10 anomalies,6,heatmap_cell,standard_conformal_bh,finite_k1,m_fixed_count,2.0,3.8,1.8494850021680092,2.15051499783199,3.7,3.9,100.0,test batch size $m$,0.1,100,,10.0,25,100,0.760895238095238,0.760895238095238,0.02064,0.2256,0.0760895238095238,-1.8000981801747755,0.0,0.7616595555555555,2500,finite_k1_m_fixed_count,empirical FDR / nominal alpha
tikz-v1,figure1_supp,fdr_ratio_atlas_r2_c2,$N_{cal}$ by $m$; fixed 10 anomalies,6,heatmap_cell,standard_conformal_bh,finite_k1,m_fixed_count,2.0,4.0,1.8494850021680092,2.15051499783199,3.9,4.1,100.0,test batch size $m$,0.1,100,,10.0,25,100,0.8953999999999999,0.8953999999999999,0.02452,0.2576,0.08954,-2.0000434272768626,0.0,0.761863111111111,2500,finite_k1_m_fixed_count,empirical FDR / nominal alpha
tikz-v1,figure1_supp,fdr_ratio_atlas_r2_c2,$N_{cal}$ by $m$; fixed 10 anomalies,6,heatmap_cell,standard_conformal_bh,finite_k1,m_fixed_count,2.3010299956639813,1.4,2.15051499783199,2.5,1.3,1.5,200.0,test batch size $m$,0.1,200,,10.0,25,100,0.0,0.0,0.0,0.0,0.0,0.8860566476931633,1.0,0.7610951578947368,2500,finite_k1_m_fixed_count,empirical FDR / nominal alpha
tikz-v1,figure1_supp,fdr_ratio_atlas_r2_c2,$N_{cal}$ by $m$; fixed 10 anomalies,6,heatmap_cell,standard_conformal_bh,finite_k1,m_fixed_count,2.3010299956639813,1.6,2.15051499783199,2.5,1.5,1.7,200.0,test batch size $m$,0.1,200,,10.0,25,100,0.0,0.0,0.0,0.0,0.0,0.6882461389442457,1.0,0.7609555789473684,2500,finite_k1_m_fixed_count,empirical FDR / nominal alpha
tikz-v1,figure1_supp,fdr_ratio_atlas_r2_c2,$N_{cal}$ by $m$; fixed 10 anomalies,6,heatmap_cell,standard_conformal_bh,finite_k1,m_fixed_count,2.3010299956639813,1.7999999999999998,2.15051499783199,2.5,1.7,1.9,200.0,test batch size $m$,0.1,200,,10.0,25,100,0.0,0.0,0.0,0.0,0.0,0.494850021680094,1.0,0.7621528421052631,2500,finite_k1_m_fixed_count,empirical FDR / nominal alpha
tikz-v1,figure1_supp,fdr_ratio_atlas_r2_c2,$N_{cal}$ by $m$; fixed 10 anomalies,6,heatmap_cell,standard_conformal_bh,finite_k1,m_fixed_count,2.3010299956639813,2.0,2.15051499783199,2.5,1.9,2.1,200.0,test batch size $m$,0.1,200,,10.0,25,100,0.0,0.0,0.0,0.0,0.0,0.2967086218813386,1.0,0.7614456842105263,2500,finite_k1_m_fixed_count,empirical FDR / nominal alpha
tikz-v1,figure1_supp,fdr_ratio_atlas_r2_c2,$N_{cal}$ by $m$; fixed 10 anomalies,6,heatmap_cell,standard_conformal_bh,finite_k1,m_fixed_count,2.3010299956639813,2.2,2.15051499783199,2.5,2.1,2.3,200.0,test batch size $m$,0.1,200,,10.0,25,100,0.011815384615383999,0.011815384615383999,0.00056,0.0016,0.0011815384615384,0.0996328713435296,1.0,0.7592715789473684,2500,finite_k1_m_fixed_count,empirical FDR / nominal alpha
tikz-v1,figure1_supp,fdr_ratio_atlas_r2_c2,$N_{cal}$ by $m$; fixed 10 anomalies,6,heatmap_cell,standard_conformal_bh,finite_k1,m_fixed_count,2.3010299956639813,2.4,2.15051499783199,2.5,2.3,2.5,200.0,test batch size $m$,0.1,200,,10.0,25,100,0.0025,0.0025,0.0001199999999999,0.0004,0.00025,-0.1003705451175629,0.0,0.7593347368421053,2500,finite_k1_m_fixed_count,empirical FDR / nominal alpha
tikz-v1,figure1_supp,fdr_ratio_atlas_r2_c2,$N_{cal}$ by $m$; fixed 10 anomalies,6,heatmap_cell,standard_conformal_bh,finite_k1,m_fixed_count,2.3010299956639813,2.6,2.15051499783199,2.5,2.5,2.7,200.0,test batch size $m$,0.1,200,,10.0,25,100,0.021809523809522998,0.021809523809522998,0.00064,0.0032,0.0021809523809523,-0.2999429000227671,0.0,0.7577698947368421,2500,finite_k1_m_fixed_count,empirical FDR / nominal alpha
tikz-v1,figure1_supp,fdr_ratio_atlas_r2_c2,$N_{cal}$ by $m$; fixed 10 anomalies,6,heatmap_cell,standard_conformal_bh,finite_k1,m_fixed_count,2.3010299956639813,2.8,2.15051499783199,2.5,2.7,2.9,200.0,test batch size $m$,0.1,200,,10.0,25,100,0.06445714285714199,0.06445714285714199,0.00176,0.0104,0.0064457142857142,-0.4996870826184039,0.0,0.7593606315789473,2500,finite_k1_m_fixed_count,empirical FDR / nominal alpha
tikz-v1,figure1_supp,fdr_ratio_atlas_r2_c2,$N_{cal}$ by $m$; fixed 10 anomalies,6,heatmap_cell,standard_conformal_bh,finite_k1,m_fixed_count,2.3010299956639813,3.0,2.15051499783199,2.5,2.9,3.1,200.0,test batch size $m$,0.1,200,,10.0,25,100,0.5250666666666659,0.5250666666666659,0.01052,0.0976,0.0525066666666666,-0.6994040818153374,0.0,0.7584458947368421,2500,finite_k1_m_fixed_count,empirical FDR / nominal alpha
tikz-v1,figure1_supp,fdr_ratio_atlas_r2_c2,$N_{cal}$ by $m$; fixed 10 anomalies,6,heatmap_cell,standard_conformal_bh,finite_k1,m_fixed_count,2.3010299956639813,3.2,2.15051499783199,2.5,3.1,3.3,200.0,test batch size $m$,0.1,200,,10.0,25,100,0.219599999999999,0.219599999999999,0.00464,0.0392,0.0219599999999999,-0.8992731873176038,0.0,0.7585690526315789,2500,finite_k1_m_fixed_count,empirical FDR / nominal alpha
tikz-v1,figure1_supp,fdr_ratio_atlas_r2_c2,$N_{cal}$ by $m$; fixed 10 anomalies,6,heatmap_cell,standard_conformal_bh,finite_k1,m_fixed_count,2.3010299956639813,3.4,2.15051499783199,2.5,3.3,3.5,200.0,test batch size $m$,0.1,200,,10.0,25,100,0.6638666666666659,0.6638666666666659,0.0095599999999999,0.138,0.0663866666666666,-1.0991624929285948,0.0,0.759537052631579,2500,finite_k1_m_fixed_count,empirical FDR / nominal alpha
tikz-v1,figure1_supp,fdr_ratio_atlas_r2_c2,$N_{cal}$ by $m$; fixed 10 anomalies,6,heatmap_cell,standard_conformal_bh,finite_k1,m_fixed_count,2.3010299956639813,3.6,2.15051499783199,2.5,3.5,3.7,200.0,test batch size $m$,0.1,200,,10.0,25,100,0.507961904761904,0.507961904761904,0.00832,0.1036,0.0507961904761904,-1.2990712600274097,0.0,0.7574738947368421,2500,finite_k1_m_fixed_count,empirical FDR / nominal alpha
tikz-v1,figure1_supp,fdr_ratio_atlas_r2_c2,$N_{cal}$ by $m$; fixed 10 anomalies,6,heatmap_cell,standard_conformal_bh,finite_k1,m_fixed_count,2.3010299956639813,3.8,2.15051499783199,2.5,3.7,3.9,200.0,test batch size $m$,0.1,200,,10.0,25,100,0.784733333333333,0.784733333333333,0.0132,0.1768,0.0784733333333333,-1.4990681845107945,0.0,0.760854947368421,2500,finite_k1_m_fixed_count,empirical FDR / nominal alpha
tikz-v1,figure1_supp,fdr_ratio_atlas_r2_c2,$N_{cal}$ by $m$; fixed 10 anomalies,6,heatmap_cell,standard_conformal_bh,finite_k1,m_fixed_count,2.3010299956639813,4.0,2.15051499783199,2.5,3.9,4.1,200.0,test batch size $m$,0.1,200,,10.0,25,100,0.8445999999999999,0.8445999999999999,0.01356,0.1816,0.08446,-1.6990134316128815,0.0,0.7577637894736842,2500,finite_k1_m_fixed_count,empirical FDR / nominal alpha
tikz-v1,figure1_supp,fdr_ratio_atlas_r2_c2,$N_{cal}$ by $m$; fixed 10 anomalies,6,heatmap_cell,standard_conformal_bh,finite_k1,m_fixed_count,2.6989700043360187,1.4,2.5,2.8494850021680094,1.3,1.5,500.0,test batch size $m$,0.1,500,,10.0,25,100,0.0,0.0,0.0,0.0,0.0,1.2839966563652008,1.0,0.7600205714285714,2500,finite_k1_m_fixed_count,empirical FDR / nominal alpha
tikz-v1,figure1_supp,fdr_ratio_atlas_r2_c2,$N_{cal}$ by $m$; fixed 10 anomalies,6,heatmap_cell,standard_conformal_bh,finite_k1,m_fixed_count,2.6989700043360187,1.6,2.5,2.8494850021680094,1.5,1.7,500.0,test batch size $m$,0.1,500,,10.0,25,100,0.0,0.0,0.0,0.0,0.0,1.0861861476162833,1.0,0.7599789387755101,2500,finite_k1_m_fixed_count,empirical FDR / nominal alpha
tikz-v1,figure1_supp,fdr_ratio_atlas_r2_c2,$N_{cal}$ by $m$; fixed 10 anomalies,6,heatmap_cell,standard_conformal_bh,finite_k1,m_fixed_count,2.6989700043360187,1.7999999999999998,2.5,2.8494850021680094,1.7,1.9,500.0,test batch size $m$,0.1,500,,10.0,25,100,0.0,0.0,0.0,0.0,0.0,0.8927900303521317,1.0,0.7620689795918368,2500,finite_k1_m_fixed_count,empirical FDR / nominal alpha
tikz-v1,figure1_supp,fdr_ratio_atlas_r2_c2,$N_{cal}$ by $m$; fixed 10 anomalies,6,heatmap_cell,standard_conformal_bh,finite_k1,m_fixed_count,2.6989700043360187,2.0,2.5,2.8494850021680094,1.9,2.1,500.0,test batch size $m$,0.1,500,,10.0,25,100,0.0,0.0,0.0,0.0,0.0,0.6946486305533762,1.0,0.7608775510204082,2500,finite_k1_m_fixed_count,empirical FDR / nominal alpha
tikz-v1,figure1_supp,fdr_ratio_atlas_r2_c2,$N_{cal}$ by $m$; fixed 10 anomalies,6,heatmap_cell,standard_conformal_bh,finite_k1,m_fixed_count,2.6989700043360187,2.2,2.5,2.8494850021680094,2.1,2.3,500.0,test batch size $m$,0.1,500,,10.0,25,100,0.0,0.0,0.0,0.0,0.0,0.4975728800155673,1.0,0.7573222040816326,2500,finite_k1_m_fixed_count,empirical FDR / nominal alpha
tikz-v1,figure1_supp,fdr_ratio_atlas_r2_c2,$N_{cal}$ by $m$; fixed 10 anomalies,6,heatmap_cell,standard_conformal_bh,finite_k1,m_fixed_count,2.6989700043360187,2.4,2.5,2.8494850021680094,2.3,2.5,500.0,test batch size $m$,0.1,500,,10.0,25,100,0.0,0.0,0.0,0.0,0.0,0.2975694635544746,1.0,0.7602233469387755,2500,finite_k1_m_fixed_count,empirical FDR / nominal alpha
tikz-v1,figure1_supp,fdr_ratio_atlas_r2_c2,$N_{cal}$ by $m$; fixed 10 anomalies,6,heatmap_cell,standard_conformal_bh,finite_k1,m_fixed_count,2.6989700043360187,2.6,2.5,2.8494850021680094,2.5,2.7,500.0,test batch size $m$,0.1,500,,10.0,25,100,0.0,0.0,0.0,0.0,0.0,0.0979971086492705,1.0,0.7600884897959184,2500,finite_k1_m_fixed_count,empirical FDR / nominal alpha
tikz-v1,figure1_supp,fdr_ratio_atlas_r2_c2,$N_{cal}$ by $m$; fixed 10 anomalies,6,heatmap_cell,standard_conformal_bh,finite_k1,m_fixed_count,2.6989700043360187,2.8,2.5,2.8494850021680094,2.7,2.9,500.0,test batch size $m$,0.1,500,,10.0,25,100,0.032166666666666,0.032166666666666,0.00064,0.004,0.0032166666666666,-0.1017470739463662,0.0,0.7615497142857143,2500,finite_k1_m_fixed_count,empirical FDR / nominal alpha
tikz-v1,figure1_supp,fdr_ratio_atlas_r2_c2,$N_{cal}$ by $m$; fixed 10 anomalies,6,heatmap_cell,standard_conformal_bh,finite_k1,m_fixed_count,2.6989700043360187,3.0,2.5,2.8494850021680094,2.9,3.1,500.0,test batch size $m$,0.1,500,,10.0,25,100,0.0064,0.0064,8e-05,0.0008,0.00064,-0.3014640731432998,0.0,0.7583371428571428,2500,finite_k1_m_fixed_count,empirical FDR / nominal alpha
tikz-v1,figure1_supp,fdr_ratio_atlas_r2_c2,$N_{cal}$ by $m$; fixed 10 anomalies,6,heatmap_cell,standard_conformal_bh,finite_k1,m_fixed_count,2.6989700043360187,3.2,2.5,2.8494850021680094,3.1,3.3,500.0,test batch size $m$,0.1,500,,10.0,25,100,0.12951904761904698,0.12951904761904698,0.0016799999999999,0.0164,0.0129519047619047,-0.5013331786455661,0.0,0.7616054693877552,2500,finite_k1_m_fixed_count,empirical FDR / nominal alpha
tikz-v1,figure1_supp,fdr_ratio_atlas_r2_c2,$N_{cal}$ by $m$; fixed 10 anomalies,6,heatmap_cell,standard_conformal_bh,finite_k1,m_fixed_count,2.6989700043360187,3.4,2.5,2.8494850021680094,3.3,3.5,500.0,test batch size $m$,0.1,500,,10.0,25,100,0.272199999999999,0.272199999999999,0.00212,0.0364,0.0272199999999999,-0.7012224842565572,0.0,0.758908,2500,finite_k1_m_fixed_count,empirical FDR / nominal alpha
tikz-v1,figure1_supp,fdr_ratio_atlas_r2_c2,$N_{cal}$ by $m$; fixed 10 anomalies,6,heatmap_cell,standard_conformal_bh,finite_k1,m_fixed_count,2.6989700043360187,3.6,2.5,2.8494850021680094,3.5,3.7,500.0,test batch size $m$,0.1,500,,10.0,25,100,0.271523809523809,0.271523809523809,0.00308,0.0388,0.0271523809523809,-0.901131251355372,0.0,0.7612275918367347,2500,finite_k1_m_fixed_count,empirical FDR / nominal alpha
tikz-v1,figure1_supp,fdr_ratio_atlas_r2_c2,$N_{cal}$ by $m$; fixed 10 anomalies,6,heatmap_cell,standard_conformal_bh,finite_k1,m_fixed_count,2.6989700043360187,3.8,2.5,2.8494850021680094,3.7,3.9,500.0,test batch size $m$,0.1,500,,10.0,25,100,0.7551666666666659,0.7551666666666659,0.00512,0.114,0.0755166666666666,-1.1011281758387568,0.0,0.7580459591836735,2500,finite_k1_m_fixed_count,empirical FDR / nominal alpha
tikz-v1,figure1_supp,fdr_ratio_atlas_r2_c2,$N_{cal}$ by $m$; fixed 10 anomalies,6,heatmap_cell,standard_conformal_bh,finite_k1,m_fixed_count,2.6989700043360187,4.0,2.5,2.8494850021680094,3.9,4.1,500.0,test batch size $m$,0.1,500,,10.0,25,100,0.8137999999999999,0.8137999999999999,0.00624,0.1288,0.08138,-1.3010734229408438,0.0,0.7594769795918368,2500,finite_k1_m_fixed_count,empirical FDR / nominal alpha
tikz-v1,figure1_supp,fdr_ratio_atlas_r2_c2,$N_{cal}$ by $m$; fixed 10 anomalies,6,heatmap_cell,standard_conformal_bh,finite_k1,m_fixed_count,3.0,1.4,2.8494850021680094,3.15051499783199,1.3,1.5,1000.0,test batch size $m$,0.1,1000,,10.0,25,100,0.0,0.0,0.0,0.0,0.0,1.585026652029182,1.0,0.7607165252525252,2500,finite_k1_m_fixed_count,empirical FDR / nominal alpha
tikz-v1,figure1_supp,fdr_ratio_atlas_r2_c2,$N_{cal}$ by $m$; fixed 10 anomalies,6,heatmap_cell,standard_conformal_bh,finite_k1,m_fixed_count,3.0,1.6,2.8494850021680094,3.15051499783199,1.5,1.7,1000.0,test batch size $m$,0.1,1000,,10.0,25,100,0.0,0.0,0.0,0.0,0.0,1.3872161432802643,1.0,0.7604200000000001,2500,finite_k1_m_fixed_count,empirical FDR / nominal alpha
tikz-v1,figure1_supp,fdr_ratio_atlas_r2_c2,$N_{cal}$ by $m$; fixed 10 anomalies,6,heatmap_cell,standard_conformal_bh,finite_k1,m_fixed_count,3.0,1.7999999999999998,2.8494850021680094,3.15051499783199,1.7,1.9,1000.0,test batch size $m$,0.1,1000,,10.0,25,100,0.0,0.0,0.0,0.0,0.0,1.193820026016113,1.0,0.7602571717171717,2500,finite_k1_m_fixed_count,empirical FDR / nominal alpha
tikz-v1,figure1_supp,fdr_ratio_atlas_r2_c2,$N_{cal}$ by $m$; fixed 10 anomalies,6,heatmap_cell,standard_conformal_bh,finite_k1,m_fixed_count,3.0,2.0,2.8494850021680094,3.15051499783199,1.9,2.1,1000.0,test batch size $m$,0.1,1000,,10.0,25,100,0.0,0.0,0.0,0.0,0.0,0.9956786262173576,1.0,0.7593654949494949,2500,finite_k1_m_fixed_count,empirical FDR / nominal alpha
tikz-v1,figure1_supp,fdr_ratio_atlas_r2_c2,$N_{cal}$ by $m$; fixed 10 anomalies,6,heatmap_cell,standard_conformal_bh,finite_k1,m_fixed_count,3.0,2.2,2.8494850021680094,3.15051499783199,2.1,2.3,1000.0,test batch size $m$,0.1,1000,,10.0,25,100,0.0,0.0,0.0,0.0,0.0,0.7986028756795486,1.0,0.7579218585858586,2500,finite_k1_m_fixed_count,empirical FDR / nominal alpha
tikz-v1,figure1_supp,fdr_ratio_atlas_r2_c2,$N_{cal}$ by $m$; fixed 10 anomalies,6,heatmap_cell,standard_conformal_bh,finite_k1,m_fixed_count,3.0,2.4,2.8494850021680094,3.15051499783199,2.3,2.5,1000.0,test batch size $m$,0.1,1000,,10.0,25,100,0.0,0.0,0.0,0.0,0.0,0.5985994592184559,1.0,0.7597571717171717,2500,finite_k1_m_fixed_count,empirical FDR / nominal alpha
tikz-v1,figure1_supp,fdr_ratio_atlas_r2_c2,$N_{cal}$ by $m$; fixed 10 anomalies,6,heatmap_cell,standard_conformal_bh,finite_k1,m_fixed_count,3.0,2.6,2.8494850021680094,3.15051499783199,2.5,2.7,1000.0,test batch size $m$,0.1,1000,,10.0,25,100,0.0,0.0,0.0,0.0,0.0,0.3990271043132517,1.0,0.7599352323232322,2500,finite_k1_m_fixed_count,empirical FDR / nominal alpha
tikz-v1,figure1_supp,fdr_ratio_atlas_r2_c2,$N_{cal}$ by $m$; fixed 10 anomalies,6,heatmap_cell,standard_conformal_bh,finite_k1,m_fixed_count,3.0,2.8,2.8494850021680094,3.15051499783199,2.7,2.9,1000.0,test batch size $m$,0.1,1000,,10.0,25,100,0.0075,0.0075,8e-05,0.0008,0.00075,0.199282921717615,1.0,0.759750707070707,2500,finite_k1_m_fixed_count,empirical FDR / nominal alpha
tikz-v1,figure1_supp,fdr_ratio_atlas_r2_c2,$N_{cal}$ by $m$; fixed 10 anomalies,6,heatmap_cell,standard_conformal_bh,finite_k1,m_fixed_count,3.0,3.0,2.8494850021680094,3.15051499783199,2.9,3.1,1000.0,test batch size $m$,0.1,1000,,10.0,25,100,0.0,0.0,0.0,0.0,0.0,-0.0004340774793186,0.0,0.7609988282828283,2500,finite_k1_m_fixed_count,empirical FDR / nominal alpha
tikz-v1,figure1_supp,fdr_ratio_atlas_r2_c2,$N_{cal}$ by $m$; fixed 10 anomalies,6,heatmap_cell,standard_conformal_bh,finite_k1,m_fixed_count,3.0,3.2,2.8494850021680094,3.15051499783199,3.1,3.3,1000.0,test batch size $m$,0.1,1000,,10.0,25,100,0.003428571428571,0.003428571428571,4e-05,0.0004,0.0003428571428571,-0.2003031829815849,0.0,0.7593059797979799,2500,finite_k1_m_fixed_count,empirical FDR / nominal alpha
tikz-v1,figure1_supp,fdr_ratio_atlas_r2_c2,$N_{cal}$ by $m$; fixed 10 anomalies,6,heatmap_cell,standard_conformal_bh,finite_k1,m_fixed_count,3.0,3.4,2.8494850021680094,3.15051499783199,3.3,3.5,1000.0,test batch size $m$,0.1,1000,,10.0,25,100,0.059795238095238,0.059795238095238,0.00068,0.0072,0.0059795238095238,-0.400192488592576,0.0,0.7613792727272728,2500,finite_k1_m_fixed_count,empirical FDR / nominal alpha
tikz-v1,figure1_supp,fdr_ratio_atlas_r2_c2,$N_{cal}$ by $m$; fixed 10 anomalies,6,heatmap_cell,standard_conformal_bh,finite_k1,m_fixed_count,3.0,3.6,2.8494850021680094,3.15051499783199,3.5,3.7,1000.0,test batch size $m$,0.1,1000,,10.0,25,100,0.04819999999999999,0.04819999999999999,0.0004,0.006,0.00482,-0.6001012556913907,0.0,0.7606712323232323,2500,finite_k1_m_fixed_count,empirical FDR / nominal alpha
tikz-v1,figure1_supp,fdr_ratio_atlas_r2_c2,$N_{cal}$ by $m$; fixed 10 anomalies,6,heatmap_cell,standard_conformal_bh,finite_k1,m_fixed_count,3.0,3.8,2.8494850021680094,3.15051499783199,3.7,3.9,1000.0,test batch size $m$,0.1,1000,,10.0,25,100,0.15319999999999898,0.15319999999999898,0.00056,0.018,0.0153199999999999,-0.8000981801747756,0.0,0.7627527676767677,2500,finite_k1_m_fixed_count,empirical FDR / nominal alpha
tikz-v1,figure1_supp,fdr_ratio_atlas_r2_c2,$N_{cal}$ by $m$; fixed 10 anomalies,6,heatmap_cell,standard_conformal_bh,finite_k1,m_fixed_count,3.0,4.0,2.8494850021680094,3.15051499783199,3.9,4.1,1000.0,test batch size $m$,0.1,1000,,10.0,25,100,0.9099999999999999,0.9099999999999999,0.0044,0.122,0.091,-1.0000434272768626,0.0,0.7603827070707071,2500,finite_k1_m_fixed_count,empirical FDR / nominal alpha
tikz-v1,figure1_supp,fdr_ratio_atlas_r2_c2,$N_{cal}$ by $m$; fixed 10 anomalies,6,heatmap_cell,standard_conformal_bh,finite_k1,m_fixed_count,3.3010299956639813,1.4,3.15051499783199,3.451544993495972,1.3,1.5,2000.0,test batch size $m$,0.1,2000,,10.0,25,100,0.0,0.0,0.0,0.0,0.0,1.8860566476931635,1.0,0.7584008442211055,2500,finite_k1_m_fixed_count,empirical FDR / nominal alpha
tikz-v1,figure1_supp,fdr_ratio_atlas_r2_c2,$N_{cal}$ by $m$; fixed 10 anomalies,6,heatmap_cell,standard_conformal_bh,finite_k1,m_fixed_count,3.3010299956639813,1.6,3.15051499783199,3.451544993495972,1.5,1.7,2000.0,test batch size $m$,0.1,2000,,10.0,25,100,0.0,0.0,0.0,0.0,0.0,1.6882461389442458,1.0,0.759218552763819,2500,finite_k1_m_fixed_count,empirical FDR / nominal alpha
tikz-v1,figure1_supp,fdr_ratio_atlas_r2_c2,$N_{cal}$ by $m$; fixed 10 anomalies,6,heatmap_cell,standard_conformal_bh,finite_k1,m_fixed_count,3.3010299956639813,1.7999999999999998,3.15051499783199,3.451544993495972,1.7,1.9,2000.0,test batch size $m$,0.1,2000,,10.0,25,100,0.0,0.0,0.0,0.0,0.0,1.494850021680094,1.0,0.7625869748743719,2500,finite_k1_m_fixed_count,empirical FDR / nominal alpha
tikz-v1,figure1_supp,fdr_ratio_atlas_r2_c2,$N_{cal}$ by $m$; fixed 10 anomalies,6,heatmap_cell,standard_conformal_bh,finite_k1,m_fixed_count,3.3010299956639813,2.0,3.15051499783199,3.451544993495972,1.9,2.1,2000.0,test batch size $m$,0.1,2000,,10.0,25,100,0.0,0.0,0.0,0.0,0.0,1.2967086218813386,1.0,0.7610145929648242,2500,finite_k1_m_fixed_count,empirical FDR / nominal alpha
tikz-v1,figure1_supp,fdr_ratio_atlas_r2_c2,$N_{cal}$ by $m$; fixed 10 anomalies,6,heatmap_cell,standard_conformal_bh,finite_k1,m_fixed_count,3.3010299956639813,2.2,3.15051499783199,3.451544993495972,2.1,2.3,2000.0,test batch size $m$,0.1,2000,,10.0,25,100,0.0,0.0,0.0,0.0,0.0,1.0996328713435295,1.0,0.7590776683417085,2500,finite_k1_m_fixed_count,empirical FDR / nominal alpha
tikz-v1,figure1_supp,fdr_ratio_atlas_r2_c2,$N_{cal}$ by $m$; fixed 10 anomalies,6,heatmap_cell,standard_conformal_bh,finite_k1,m_fixed_count,3.3010299956639813,2.4,3.15051499783199,3.451544993495972,2.3,2.5,2000.0,test batch size $m$,0.1,2000,,10.0,25,100,0.0,0.0,0.0,0.0,0.0,0.8996294548824371,1.0,0.761907336683417,2500,finite_k1_m_fixed_count,empirical FDR / nominal alpha
tikz-v1,figure1_supp,fdr_ratio_atlas_r2_c2,$N_{cal}$ by $m$; fixed 10 anomalies,6,heatmap_cell,standard_conformal_bh,finite_k1,m_fixed_count,3.3010299956639813,2.6,3.15051499783199,3.451544993495972,2.5,2.7,2000.0,test batch size $m$,0.1,2000,,10.0,25,100,0.0,0.0,0.0,0.0,0.0,0.700057099977233,1.0,0.7595093869346733,2500,finite_k1_m_fixed_count,empirical FDR / nominal alpha
tikz-v1,figure1_supp,fdr_ratio_atlas_r2_c2,$N_{cal}$ by $m$; fixed 10 anomalies,6,heatmap_cell,standard_conformal_bh,finite_k1,m_fixed_count,3.3010299956639813,2.8,3.15051499783199,3.451544993495972,2.7,2.9,2000.0,test batch size $m$,0.1,2000,,10.0,25,100,0.0,0.0,0.0,0.0,0.0,0.5003129173815962,1.0,0.7646055879396985,2500,finite_k1_m_fixed_count,empirical FDR / nominal alpha
tikz-v1,figure1_supp,fdr_ratio_atlas_r2_c2,$N_{cal}$ by $m$; fixed 10 anomalies,6,heatmap_cell,standard_conformal_bh,finite_k1,m_fixed_count,3.3010299956639813,3.0,3.15051499783199,3.451544993495972,2.9,3.1,2000.0,test batch size $m$,0.1,2000,,10.0,25,100,0.0,0.0,0.0,0.0,0.0,0.3005959181846626,1.0,0.7578484623115579,2500,finite_k1_m_fixed_count,empirical FDR / nominal alpha
tikz-v1,figure1_supp,fdr_ratio_atlas_r2_c2,$N_{cal}$ by $m$; fixed 10 anomalies,6,heatmap_cell,standard_conformal_bh,finite_k1,m_fixed_count,3.3010299956639813,3.2,3.15051499783199,3.451544993495972,3.1,3.3,2000.0,test batch size $m$,0.1,2000,,10.0,25,100,0.0,0.0,0.0,0.0,0.0,0.1007268126823962,1.0,0.7596682412060302,2500,finite_k1_m_fixed_count,empirical FDR / nominal alpha
tikz-v1,figure1_supp,fdr_ratio_atlas_r2_c2,$N_{cal}$ by $m$; fixed 10 anomalies,6,heatmap_cell,standard_conformal_bh,finite_k1,m_fixed_count,3.3010299956639813,3.4,3.15051499783199,3.451544993495972,3.3,3.5,2000.0,test batch size $m$,0.1,2000,,10.0,25,100,0.015499999999999998,0.015499999999999998,4e-05,0.0016,0.00155,-0.0991624929285947,0.0,0.7624321005025125,2500,finite_k1_m_fixed_count,empirical FDR / nominal alpha
tikz-v1,figure1_supp,fdr_ratio_atlas_r2_c2,$N_{cal}$ by $m$; fixed 10 anomalies,6,heatmap_cell,standard_conformal_bh,finite_k1,m_fixed_count,3.3010299956639813,3.6,3.15051499783199,3.451544993495972,3.5,3.7,2000.0,test batch size $m$,0.1,2000,,10.0,25,100,0.007333333333332999,0.007333333333332999,4e-05,0.0008,0.0007333333333333,-0.2990712600274095,0.0,0.7604252261306532,2500,finite_k1_m_fixed_count,empirical FDR / nominal alpha
tikz-v1,figure1_supp,fdr_ratio_atlas_r2_c2,$N_{cal}$ by $m$; fixed 10 anomalies,6,heatmap_cell,standard_conformal_bh,finite_k1,m_fixed_count,3.3010299956639813,3.8,3.15051499783199,3.451544993495972,3.7,3.9,2000.0,test batch size $m$,0.1,2000,,10.0,25,100,0.11876190476190399,0.11876190476190399,0.00044,0.0128,0.0118761904761904,-0.4990681845107945,0.0,0.7610316381909548,2500,finite_k1_m_fixed_count,empirical FDR / nominal alpha
tikz-v1,figure1_supp,fdr_ratio_atlas_r2_c2,$N_{cal}$ by $m$; fixed 10 anomalies,6,heatmap_cell,standard_conformal_bh,finite_k1,m_fixed_count,3.3010299956639813,4.0,3.15051499783199,3.451544993495972,3.9,4.1,2000.0,test batch size $m$,0.1,2000,,10.0,25,100,0.23800000000000002,0.23800000000000002,0.00076,0.0272,0.0238,-0.6990134316128814,0.0,0.7585179698492462,2500,finite_k1_m_fixed_count,empirical FDR / nominal alpha
tikz-v1,figure1_supp,fdr_ratio_atlas_r2_c1,$N_{cal}$ by $m$; fixed $\pi_1=0.05$,5,heatmap_cell,standard_conformal_bh,finite_k1,m_fixed_pi,1.6989700043360187,1.4,1.548455006504028,1.8494850021680092,1.3,1.5,50.0,test batch size $m$,0.1,50,0.05,,25,100,0.0,0.0,0.0,0.0,0.0,0.9829666607012196,1.0,0.754075,2500,finite_k1_m_fixed_pi,empirical FDR / nominal alpha
tikz-v1,figure1_supp,fdr_ratio_atlas_r2_c1,$N_{cal}$ by $m$; fixed $\pi_1=0.05$,5,heatmap_cell,standard_conformal_bh,finite_k1,m_fixed_pi,1.6989700043360187,1.6,1.548455006504028,1.8494850021680092,1.5,1.7,50.0,test batch size $m$,0.1,50,0.05,,25,100,0.0,0.0,0.0,0.0,0.0,0.7851561519523022,1.0,0.7633291666666667,2500,finite_k1_m_fixed_pi,empirical FDR / nominal alpha
tikz-v1,figure1_supp,fdr_ratio_atlas_r2_c1,$N_{cal}$ by $m$; fixed $\pi_1=0.05$,5,heatmap_cell,standard_conformal_bh,finite_k1,m_fixed_pi,1.6989700043360187,1.7999999999999998,1.548455006504028,1.8494850021680092,1.7,1.9,50.0,test batch size $m$,0.1,50,0.05,,25,100,0.0,0.0,0.0,0.0,0.0,0.5917600346881504,1.0,0.7574041666666667,2500,finite_k1_m_fixed_pi,empirical FDR / nominal alpha
tikz-v1,figure1_supp,fdr_ratio_atlas_r2_c1,$N_{cal}$ by $m$; fixed $\pi_1=0.05$,5,heatmap_cell,standard_conformal_bh,finite_k1,m_fixed_pi,1.6989700043360187,2.0,1.548455006504028,1.8494850021680092,1.9,2.1,50.0,test batch size $m$,0.1,50,0.05,,25,100,0.0128,0.0128,0.0008,0.0016,0.00128,0.393618634889395,1.0,0.7553,2500,finite_k1_m_fixed_pi,empirical FDR / nominal alpha
tikz-v1,figure1_supp,fdr_ratio_atlas_r2_c1,$N_{cal}$ by $m$; fixed $\pi_1=0.05$,5,heatmap_cell,standard_conformal_bh,finite_k1,m_fixed_pi,1.6989700043360187,2.2,1.548455006504028,1.8494850021680092,2.1,2.3,50.0,test batch size $m$,0.1,50,0.05,,25,100,0.07532380952380899,0.07532380952380899,0.0058,0.01,0.0075323809523809,0.1965428843515861,1.0,0.7626375,2500,finite_k1_m_fixed_pi,empirical FDR / nominal alpha
tikz-v1,figure1_supp,fdr_ratio_atlas_r2_c1,$N_{cal}$ by $m$; fixed $\pi_1=0.05$,5,heatmap_cell,standard_conformal_bh,finite_k1,m_fixed_pi,1.6989700043360187,2.4,1.548455006504028,1.8494850021680092,2.3,2.5,50.0,test batch size $m$,0.1,50,0.05,,25,100,0.372199999999999,0.372199999999999,0.0152,0.0504,0.0372199999999999,-0.0034605321095065,0.0,0.7604458333333334,2500,finite_k1_m_fixed_pi,empirical FDR / nominal alpha
tikz-v1,figure1_supp,fdr_ratio_atlas_r2_c1,$N_{cal}$ by $m$; fixed $\pi_1=0.05$,5,heatmap_cell,standard_conformal_bh,finite_k1,m_fixed_pi,1.6989700043360187,2.6,1.548455006504028,1.8494850021680092,2.5,2.7,50.0,test batch size $m$,0.1,50,0.05,,25,100,0.1976,0.1976,0.0106,0.0284,0.01976,-0.2030328870147106,0.0,0.7581125,2500,finite_k1_m_fixed_pi,empirical FDR / nominal alpha
tikz-v1,figure1_supp,fdr_ratio_atlas_r2_c1,$N_{cal}$ by $m$; fixed $\pi_1=0.05$,5,heatmap_cell,standard_conformal_bh,finite_k1,m_fixed_pi,1.6989700043360187,2.8,1.548455006504028,1.8494850021680092,2.7,2.9,50.0,test batch size $m$,0.1,50,0.05,,25,100,0.9976666666666659,0.9976666666666659,0.0364,0.1584,0.0997666666666666,-0.4027770696103474,0.0,0.7627208333333334,2500,finite_k1_m_fixed_pi,empirical FDR / nominal alpha
tikz-v1,figure1_supp,fdr_ratio_atlas_r2_c1,$N_{cal}$ by $m$; fixed $\pi_1=0.05$,5,heatmap_cell,standard_conformal_bh,finite_k1,m_fixed_pi,1.6989700043360187,3.0,1.548455006504028,1.8494850021680092,2.9,3.1,50.0,test batch size $m$,0.1,50,0.05,,25,100,0.9288888888888889,0.9288888888888889,0.0334,0.146,0.0928888888888889,-0.6024940688072811,0.0,0.7622375,2500,finite_k1_m_fixed_pi,empirical FDR / nominal alpha
tikz-v1,figure1_supp,fdr_ratio_atlas_r2_c1,$N_{cal}$ by $m$; fixed $\pi_1=0.05$,5,heatmap_cell,standard_conformal_bh,finite_k1,m_fixed_pi,1.6989700043360187,3.2,1.548455006504028,1.8494850021680092,3.1,3.3,50.0,test batch size $m$,0.1,50,0.05,,25,100,0.9111999999999989,0.9111999999999989,0.034,0.1488,0.0911199999999999,-0.8023631743095474,0.0,0.7634083333333334,2500,finite_k1_m_fixed_pi,empirical FDR / nominal alpha
tikz-v1,figure1_supp,fdr_ratio_atlas_r2_c1,$N_{cal}$ by $m$; fixed $\pi_1=0.05$,5,heatmap_cell,standard_conformal_bh,finite_k1,m_fixed_pi,1.6989700043360187,3.4,1.548455006504028,1.8494850021680092,3.3,3.5,50.0,test batch size $m$,0.1,50,0.05,,25,100,0.8187619047619039,0.8187619047619039,0.032,0.1348,0.0818761904761904,-1.0022524799205383,0.0,0.75945,2500,finite_k1_m_fixed_pi,empirical FDR / nominal alpha
tikz-v1,figure1_supp,fdr_ratio_atlas_r2_c1,$N_{cal}$ by $m$; fixed $\pi_1=0.05$,5,heatmap_cell,standard_conformal_bh,finite_k1,m_fixed_pi,1.6989700043360187,3.6,1.548455006504028,1.8494850021680092,3.5,3.7,50.0,test batch size $m$,0.1,50,0.05,,25,100,0.8183333333333329,0.8183333333333329,0.0282,0.1296,0.0818333333333333,-1.2021612470193532,0.0,0.7632,2500,finite_k1_m_fixed_pi,empirical FDR / nominal alpha
tikz-v1,figure1_supp,fdr_ratio_atlas_r2_c1,$N_{cal}$ by $m$; fixed $\pi_1=0.05$,5,heatmap_cell,standard_conformal_bh,finite_k1,m_fixed_pi,1.6989700043360187,3.8,1.548455006504028,1.8494850021680092,3.7,3.9,50.0,test batch size $m$,0.1,50,0.05,,25,100,0.909599999999999,0.909599999999999,0.0332,0.1428,0.0909599999999999,-1.402158171502738,0.0,0.7653666666666666,2500,finite_k1_m_fixed_pi,empirical FDR / nominal alpha
tikz-v1,figure1_supp,fdr_ratio_atlas_r2_c1,$N_{cal}$ by $m$; fixed $\pi_1=0.05$,5,heatmap_cell,standard_conformal_bh,finite_k1,m_fixed_pi,1.6989700043360187,4.0,1.548455006504028,1.8494850021680092,3.9,4.1,50.0,test batch size $m$,0.1,50,0.05,,25,100,0.8866666666666659,0.8866666666666659,0.0258,0.13,0.0886666666666666,-1.602103418604825,0.0,0.7603625,2500,finite_k1_m_fixed_pi,empirical FDR / nominal alpha
tikz-v1,figure1_supp,fdr_ratio_atlas_r2_c1,$N_{cal}$ by $m$; fixed $\pi_1=0.05$,5,heatmap_cell,standard_conformal_bh,finite_k1,m_fixed_pi,2.0,1.4,1.8494850021680092,2.15051499783199,1.3,1.5,100.0,test batch size $m$,0.1,100,0.05,,25,100,0.0,0.0,0.0,0.0,0.0,0.8860566476931633,1.0,0.7596446315789473,2500,finite_k1_m_fixed_pi,empirical FDR / nominal alpha
tikz-v1,figure1_supp,fdr_ratio_atlas_r2_c1,$N_{cal}$ by $m$; fixed $\pi_1=0.05$,5,heatmap_cell,standard_conformal_bh,finite_k1,m_fixed_pi,2.0,1.6,1.8494850021680092,2.15051499783199,1.5,1.7,100.0,test batch size $m$,0.1,100,0.05,,25,100,0.0,0.0,0.0,0.0,0.0,0.6882461389442457,1.0,0.7594753684210527,2500,finite_k1_m_fixed_pi,empirical FDR / nominal alpha
tikz-v1,figure1_supp,fdr_ratio_atlas_r2_c1,$N_{cal}$ by $m$; fixed $\pi_1=0.05$,5,heatmap_cell,standard_conformal_bh,finite_k1,m_fixed_pi,2.0,1.7999999999999998,1.8494850021680092,2.15051499783199,1.7,1.9,100.0,test batch size $m$,0.1,100,0.05,,25,100,0.0,0.0,0.0,0.0,0.0,0.494850021680094,1.0,0.7606341052631579,2500,finite_k1_m_fixed_pi,empirical FDR / nominal alpha
tikz-v1,figure1_supp,fdr_ratio_atlas_r2_c1,$N_{cal}$ by $m$; fixed $\pi_1=0.05$,5,heatmap_cell,standard_conformal_bh,finite_k1,m_fixed_pi,2.0,2.0,1.8494850021680092,2.15051499783199,1.9,2.1,100.0,test batch size $m$,0.1,100,0.05,,25,100,0.028366433566433,0.028366433566433,0.0016,0.0036,0.0028366433566433,0.2967086218813386,1.0,0.7614728421052632,2500,finite_k1_m_fixed_pi,empirical FDR / nominal alpha
tikz-v1,figure1_supp,fdr_ratio_atlas_r2_c1,$N_{cal}$ by $m$; fixed $\pi_1=0.05$,5,heatmap_cell,standard_conformal_bh,finite_k1,m_fixed_pi,2.0,2.2,1.8494850021680092,2.15051499783199,2.1,2.3,100.0,test batch size $m$,0.1,100,0.05,,25,100,0.0,0.0,0.0,0.0,0.0,0.0996328713435296,1.0,0.7585136842105263,2500,finite_k1_m_fixed_pi,empirical FDR / nominal alpha
tikz-v1,figure1_supp,fdr_ratio_atlas_r2_c1,$N_{cal}$ by $m$; fixed $\pi_1=0.05$,5,heatmap_cell,standard_conformal_bh,finite_k1,m_fixed_pi,2.0,2.4,1.8494850021680092,2.15051499783199,2.3,2.5,100.0,test batch size $m$,0.1,100,0.05,,25,100,0.27253968253968197,0.27253968253968197,0.0096,0.0368,0.0272539682539682,-0.1003705451175629,0.0,0.7575376842105263,2500,finite_k1_m_fixed_pi,empirical FDR / nominal alpha
tikz-v1,figure1_supp,fdr_ratio_atlas_r2_c1,$N_{cal}$ by $m$; fixed $\pi_1=0.05$,5,heatmap_cell,standard_conformal_bh,finite_k1,m_fixed_pi,2.0,2.6,1.8494850021680092,2.15051499783199,2.5,2.7,100.0,test batch size $m$,0.1,100,0.05,,25,100,0.130685714285714,0.130685714285714,0.00464,0.0196,0.0130685714285714,-0.2999429000227671,0.0,0.7619983157894736,2500,finite_k1_m_fixed_pi,empirical FDR / nominal alpha
tikz-v1,figure1_supp,fdr_ratio_atlas_r2_c1,$N_{cal}$ by $m$; fixed $\pi_1=0.05$,5,heatmap_cell,standard_conformal_bh,finite_k1,m_fixed_pi,2.0,2.8,1.8494850021680092,2.15051499783199,2.7,2.9,100.0,test batch size $m$,0.1,100,0.05,,25,100,0.239219047619047,0.239219047619047,0.00824,0.0408,0.0239219047619047,-0.4996870826184039,0.0,0.763296,2500,finite_k1_m_fixed_pi,empirical FDR / nominal alpha
tikz-v1,figure1_supp,fdr_ratio_atlas_r2_c1,$N_{cal}$ by $m$; fixed $\pi_1=0.05$,5,heatmap_cell,standard_conformal_bh,finite_k1,m_fixed_pi,2.0,3.0,1.8494850021680092,2.15051499783199,2.9,3.1,100.0,test batch size $m$,0.1,100,0.05,,25,100,1.080533333333333,1.080533333333333,0.02592,0.1944,0.1080533333333333,-0.6994040818153374,0.0,0.7604471578947368,2500,finite_k1_m_fixed_pi,empirical FDR / nominal alpha
tikz-v1,figure1_supp,fdr_ratio_atlas_r2_c1,$N_{cal}$ by $m$; fixed $\pi_1=0.05$,5,heatmap_cell,standard_conformal_bh,finite_k1,m_fixed_pi,2.0,3.2,1.8494850021680092,2.15051499783199,3.1,3.3,100.0,test batch size $m$,0.1,100,0.05,,25,100,0.737066666666666,0.737066666666666,0.0204,0.1484,0.0737066666666666,-0.8992731873176038,0.0,0.7578972631578946,2500,finite_k1_m_fixed_pi,empirical FDR / nominal alpha
tikz-v1,figure1_supp,fdr_ratio_atlas_r2_c1,$N_{cal}$ by $m$; fixed $\pi_1=0.05$,5,heatmap_cell,standard_conformal_bh,finite_k1,m_fixed_pi,2.0,3.4,1.8494850021680092,2.15051499783199,3.3,3.5,100.0,test batch size $m$,0.1,100,0.05,,25,100,0.9403999999999999,0.9403999999999999,0.02016,0.1636,0.09404,-1.0991624929285948,0.0,0.7572985263157894,2500,finite_k1_m_fixed_pi,empirical FDR / nominal alpha
tikz-v1,figure1_supp,fdr_ratio_atlas_r2_c1,$N_{cal}$ by $m$; fixed $\pi_1=0.05$,5,heatmap_cell,standard_conformal_bh,finite_k1,m_fixed_pi,2.0,3.6,1.8494850021680092,2.15051499783199,3.5,3.7,100.0,test batch size $m$,0.1,100,0.05,,25,100,0.8399999999999989,0.8399999999999989,0.01768,0.1476,0.0839999999999999,-1.2990712600274097,0.0,0.7615107368421054,2500,finite_k1_m_fixed_pi,empirical FDR / nominal alpha
tikz-v1,figure1_supp,fdr_ratio_atlas_r2_c1,$N_{cal}$ by $m$; fixed $\pi_1=0.05$,5,heatmap_cell,standard_conformal_bh,finite_k1,m_fixed_pi,2.0,3.8,1.8494850021680092,2.15051499783199,3.7,3.9,100.0,test batch size $m$,0.1,100,0.05,,25,100,0.836133333333333,0.836133333333333,0.02392,0.1748,0.0836133333333333,-1.4990681845107945,0.0,0.759594947368421,2500,finite_k1_m_fixed_pi,empirical FDR / nominal alpha
tikz-v1,figure1_supp,fdr_ratio_atlas_r2_c1,$N_{cal}$ by $m$; fixed $\pi_1=0.05$,5,heatmap_cell,standard_conformal_bh,finite_k1,m_fixed_pi,2.0,4.0,1.8494850021680092,2.15051499783199,3.9,4.1,100.0,test batch size $m$,0.1,100,0.05,,25,100,1.007933333333333,1.007933333333333,0.02472,0.1888,0.1007933333333333,-1.6990134316128815,0.0,0.7634357894736843,2500,finite_k1_m_fixed_pi,empirical FDR / nominal alpha
tikz-v1,figure1_supp,fdr_ratio_atlas_r2_c1,$N_{cal}$ by $m$; fixed $\pi_1=0.05$,5,heatmap_cell,standard_conformal_bh,finite_k1,m_fixed_pi,2.3010299956639813,1.4,2.15051499783199,2.5,1.3,1.5,200.0,test batch size $m$,0.1,200,0.05,,25,100,0.0,0.0,0.0,0.0,0.0,0.8860566476931633,1.0,0.7620553684210527,2500,finite_k1_m_fixed_pi,empirical FDR / nominal alpha
tikz-v1,figure1_supp,fdr_ratio_atlas_r2_c1,$N_{cal}$ by $m$; fixed $\pi_1=0.05$,5,heatmap_cell,standard_conformal_bh,finite_k1,m_fixed_pi,2.3010299956639813,1.6,2.15051499783199,2.5,1.5,1.7,200.0,test batch size $m$,0.1,200,0.05,,25,100,0.0,0.0,0.0,0.0,0.0,0.6882461389442457,1.0,0.7596913684210527,2500,finite_k1_m_fixed_pi,empirical FDR / nominal alpha
tikz-v1,figure1_supp,fdr_ratio_atlas_r2_c1,$N_{cal}$ by $m$; fixed $\pi_1=0.05$,5,heatmap_cell,standard_conformal_bh,finite_k1,m_fixed_pi,2.3010299956639813,1.7999999999999998,2.15051499783199,2.5,1.7,1.9,200.0,test batch size $m$,0.1,200,0.05,,25,100,0.0,0.0,0.0,0.0,0.0,0.494850021680094,1.0,0.7625014736842106,2500,finite_k1_m_fixed_pi,empirical FDR / nominal alpha
tikz-v1,figure1_supp,fdr_ratio_atlas_r2_c1,$N_{cal}$ by $m$; fixed $\pi_1=0.05$,5,heatmap_cell,standard_conformal_bh,finite_k1,m_fixed_pi,2.3010299956639813,2.0,2.15051499783199,2.5,1.9,2.1,200.0,test batch size $m$,0.1,200,0.05,,25,100,0.0,0.0,0.0,0.0,0.0,0.2967086218813386,1.0,0.7593871578947368,2500,finite_k1_m_fixed_pi,empirical FDR / nominal alpha
tikz-v1,figure1_supp,fdr_ratio_atlas_r2_c1,$N_{cal}$ by $m$; fixed $\pi_1=0.05$,5,heatmap_cell,standard_conformal_bh,finite_k1,m_fixed_pi,2.3010299956639813,2.2,2.15051499783199,2.5,2.1,2.3,200.0,test batch size $m$,0.1,200,0.05,,25,100,0.0,0.0,0.0,0.0,0.0,0.0996328713435296,1.0,0.7591835789473683,2500,finite_k1_m_fixed_pi,empirical FDR / nominal alpha
tikz-v1,figure1_supp,fdr_ratio_atlas_r2_c1,$N_{cal}$ by $m$; fixed $\pi_1=0.05$,5,heatmap_cell,standard_conformal_bh,finite_k1,m_fixed_pi,2.3010299956639813,2.4,2.15051499783199,2.5,2.3,2.5,200.0,test batch size $m$,0.1,200,0.05,,25,100,0.0055,0.0055,0.0002,0.0008,0.00055,-0.1003705451175629,0.0,0.758933052631579,2500,finite_k1_m_fixed_pi,empirical FDR / nominal alpha
tikz-v1,figure1_supp,fdr_ratio_atlas_r2_c1,$N_{cal}$ by $m$; fixed $\pi_1=0.05$,5,heatmap_cell,standard_conformal_bh,finite_k1,m_fixed_pi,2.3010299956639813,2.6,2.15051499783199,2.5,2.5,2.7,200.0,test batch size $m$,0.1,200,0.05,,25,100,0.021547619047619,0.021547619047619,0.0006799999999999,0.0032,0.0021547619047619,-0.2999429000227671,0.0,0.7609345263157895,2500,finite_k1_m_fixed_pi,empirical FDR / nominal alpha
tikz-v1,figure1_supp,fdr_ratio_atlas_r2_c1,$N_{cal}$ by $m$; fixed $\pi_1=0.05$,5,heatmap_cell,standard_conformal_bh,finite_k1,m_fixed_pi,2.3010299956639813,2.8,2.15051499783199,2.5,2.7,2.9,200.0,test batch size $m$,0.1,200,0.05,,25,100,0.068957142857142,0.068957142857142,0.0018399999999999,0.0104,0.0068957142857142,-0.4996870826184039,0.0,0.7619555789473684,2500,finite_k1_m_fixed_pi,empirical FDR / nominal alpha
tikz-v1,figure1_supp,fdr_ratio_atlas_r2_c1,$N_{cal}$ by $m$; fixed $\pi_1=0.05$,5,heatmap_cell,standard_conformal_bh,finite_k1,m_fixed_pi,2.3010299956639813,3.0,2.15051499783199,2.5,2.9,3.1,200.0,test batch size $m$,0.1,200,0.05,,25,100,0.8342857142857139,0.8342857142857139,0.01452,0.1396,0.0834285714285714,-0.6994040818153374,0.0,0.7606164210526316,2500,finite_k1_m_fixed_pi,empirical FDR / nominal alpha
tikz-v1,figure1_supp,fdr_ratio_atlas_r2_c1,$N_{cal}$ by $m$; fixed $\pi_1=0.05$,5,heatmap_cell,standard_conformal_bh,finite_k1,m_fixed_pi,2.3010299956639813,3.2,2.15051499783199,2.5,3.1,3.3,200.0,test batch size $m$,0.1,200,0.05,,25,100,0.23808253968253898,0.23808253968253898,0.00648,0.0484,0.0238082539682539,-0.8992731873176038,0.0,0.7602602105263158,2500,finite_k1_m_fixed_pi,empirical FDR / nominal alpha
tikz-v1,figure1_supp,fdr_ratio_atlas_r2_c1,$N_{cal}$ by $m$; fixed $\pi_1=0.05$,5,heatmap_cell,standard_conformal_bh,finite_k1,m_fixed_pi,2.3010299956639813,3.4,2.15051499783199,2.5,3.3,3.5,200.0,test batch size $m$,0.1,200,0.05,,25,100,0.665885714285714,0.665885714285714,0.00788,0.122,0.0665885714285714,-1.0991624929285948,0.0,0.7587029473684209,2500,finite_k1_m_fixed_pi,empirical FDR / nominal alpha
tikz-v1,figure1_supp,fdr_ratio_atlas_r2_c1,$N_{cal}$ by $m$; fixed $\pi_1=0.05$,5,heatmap_cell,standard_conformal_bh,finite_k1,m_fixed_pi,2.3010299956639813,3.6,2.15051499783199,2.5,3.5,3.7,200.0,test batch size $m$,0.1,200,0.05,,25,100,0.581533333333333,0.581533333333333,0.00864,0.116,0.0581533333333333,-1.2990712600274097,0.0,0.7601463157894737,2500,finite_k1_m_fixed_pi,empirical FDR / nominal alpha
tikz-v1,figure1_supp,fdr_ratio_atlas_r2_c1,$N_{cal}$ by $m$; fixed $\pi_1=0.05$,5,heatmap_cell,standard_conformal_bh,finite_k1,m_fixed_pi,2.3010299956639813,3.8,2.15051499783199,2.5,3.7,3.9,200.0,test batch size $m$,0.1,200,0.05,,25,100,0.7807999999999999,0.7807999999999999,0.01336,0.1716,0.07808,-1.4990681845107945,0.0,0.760266947368421,2500,finite_k1_m_fixed_pi,empirical FDR / nominal alpha
tikz-v1,figure1_supp,fdr_ratio_atlas_r2_c1,$N_{cal}$ by $m$; fixed $\pi_1=0.05$,5,heatmap_cell,standard_conformal_bh,finite_k1,m_fixed_pi,2.3010299956639813,4.0,2.15051499783199,2.5,3.9,4.1,200.0,test batch size $m$,0.1,200,0.05,,25,100,0.9785571428571419,0.9785571428571419,0.01492,0.2012,0.0978557142857142,-1.6990134316128815,0.0,0.7598494736842105,2500,finite_k1_m_fixed_pi,empirical FDR / nominal alpha
tikz-v1,figure1_supp,fdr_ratio_atlas_r2_c1,$N_{cal}$ by $m$; fixed $\pi_1=0.05$,5,heatmap_cell,standard_conformal_bh,finite_k1,m_fixed_pi,2.6989700043360187,1.4,2.5,2.8494850021680094,1.3,1.5,500.0,test batch size $m$,0.1,500,0.05,,25,100,0.0,0.0,0.0,0.0,0.0,0.8860566476931633,1.0,0.760111292631579,2500,finite_k1_m_fixed_pi,empirical FDR / nominal alpha
tikz-v1,figure1_supp,fdr_ratio_atlas_r2_c1,$N_{cal}$ by $m$; fixed $\pi_1=0.05$,5,heatmap_cell,standard_conformal_bh,finite_k1,m_fixed_pi,2.6989700043360187,1.6,2.5,2.8494850021680094,1.5,1.7,500.0,test batch size $m$,0.1,500,0.05,,25,100,0.0,0.0,0.0,0.0,0.0,0.6882461389442457,1.0,0.7600855242105262,2500,finite_k1_m_fixed_pi,empirical FDR / nominal alpha
tikz-v1,figure1_supp,fdr_ratio_atlas_r2_c1,$N_{cal}$ by $m$; fixed $\pi_1=0.05$,5,heatmap_cell,standard_conformal_bh,finite_k1,m_fixed_pi,2.6989700043360187,1.7999999999999998,2.5,2.8494850021680094,1.7,1.9,500.0,test batch size $m$,0.1,500,0.05,,25,100,0.0,0.0,0.0,0.0,0.0,0.494850021680094,1.0,0.7612718147368421,2500,finite_k1_m_fixed_pi,empirical FDR / nominal alpha
tikz-v1,figure1_supp,fdr_ratio_atlas_r2_c1,$N_{cal}$ by $m$; fixed $\pi_1=0.05$,5,heatmap_cell,standard_conformal_bh,finite_k1,m_fixed_pi,2.6989700043360187,2.0,2.5,2.8494850021680094,1.9,2.1,500.0,test batch size $m$,0.1,500,0.05,,25,100,0.0,0.0,0.0,0.0,0.0,0.2967086218813386,1.0,0.7600641347368421,2500,finite_k1_m_fixed_pi,empirical FDR / nominal alpha
tikz-v1,figure1_supp,fdr_ratio_atlas_r2_c1,$N_{cal}$ by $m$; fixed $\pi_1=0.05$,5,heatmap_cell,standard_conformal_bh,finite_k1,m_fixed_pi,2.6989700043360187,2.2,2.5,2.8494850021680094,2.1,2.3,500.0,test batch size $m$,0.1,500,0.05,,25,100,0.00675,0.00675,0.00016,0.0008,0.000675,0.0996328713435296,1.0,0.759373372631579,2500,finite_k1_m_fixed_pi,empirical FDR / nominal alpha
tikz-v1,figure1_supp,fdr_ratio_atlas_r2_c1,$N_{cal}$ by $m$; fixed $\pi_1=0.05$,5,heatmap_cell,standard_conformal_bh,finite_k1,m_fixed_pi,2.6989700043360187,2.4,2.5,2.8494850021680094,2.3,2.5,500.0,test batch size $m$,0.1,500,0.05,,25,100,0.0,0.0,0.0,0.0,0.0,-0.1003705451175629,0.0,0.7612213557894736,2500,finite_k1_m_fixed_pi,empirical FDR / nominal alpha
tikz-v1,figure1_supp,fdr_ratio_atlas_r2_c1,$N_{cal}$ by $m$; fixed $\pi_1=0.05$,5,heatmap_cell,standard_conformal_bh,finite_k1,m_fixed_pi,2.6989700043360187,2.6,2.5,2.8494850021680094,2.5,2.7,500.0,test batch size $m$,0.1,500,0.05,,25,100,0.0,0.0,0.0,0.0,0.0,-0.2999429000227671,0.0,0.7621428210526315,2500,finite_k1_m_fixed_pi,empirical FDR / nominal alpha
tikz-v1,figure1_supp,fdr_ratio_atlas_r2_c1,$N_{cal}$ by $m$; fixed $\pi_1=0.05$,5,heatmap_cell,standard_conformal_bh,finite_k1,m_fixed_pi,2.6989700043360187,2.8,2.5,2.8494850021680094,2.7,2.9,500.0,test batch size $m$,0.1,500,0.05,,25,100,0.13003799533799498,0.13003799533799498,0.002672,0.0204,0.0130037995337995,-0.4996870826184039,0.0,0.7600999747368421,2500,finite_k1_m_fixed_pi,empirical FDR / nominal alpha
tikz-v1,figure1_supp,fdr_ratio_atlas_r2_c1,$N_{cal}$ by $m$; fixed $\pi_1=0.05$,5,heatmap_cell,standard_conformal_bh,finite_k1,m_fixed_pi,2.6989700043360187,3.0,2.5,2.8494850021680094,2.9,3.1,500.0,test batch size $m$,0.1,500,0.05,,25,100,0.046066666666666,0.046066666666666,0.000752,0.0076,0.0046066666666666,-0.6994040818153374,0.0,0.7608971789473684,2500,finite_k1_m_fixed_pi,empirical FDR / nominal alpha
tikz-v1,figure1_supp,fdr_ratio_atlas_r2_c1,$N_{cal}$ by $m$; fixed $\pi_1=0.05$,5,heatmap_cell,standard_conformal_bh,finite_k1,m_fixed_pi,2.6989700043360187,3.2,2.5,2.8494850021680094,3.1,3.3,500.0,test batch size $m$,0.1,500,0.05,,25,100,0.09060952380952299,0.09060952380952299,0.00152,0.0164,0.0090609523809523,-0.8992731873176038,0.0,0.7611293978947369,2500,finite_k1_m_fixed_pi,empirical FDR / nominal alpha
tikz-v1,figure1_supp,fdr_ratio_atlas_r2_c1,$N_{cal}$ by $m$; fixed $\pi_1=0.05$,5,heatmap_cell,standard_conformal_bh,finite_k1,m_fixed_pi,2.6989700043360187,3.4,2.5,2.8494850021680094,3.3,3.5,500.0,test batch size $m$,0.1,500,0.05,,25,100,0.273066666666666,0.273066666666666,0.002928,0.0592,0.0273066666666666,-1.0991624929285948,0.0,0.7611906694736842,2500,finite_k1_m_fixed_pi,empirical FDR / nominal alpha
tikz-v1,figure1_supp,fdr_ratio_atlas_r2_c1,$N_{cal}$ by $m$; fixed $\pi_1=0.05$,5,heatmap_cell,standard_conformal_bh,finite_k1,m_fixed_pi,2.6989700043360187,3.6,2.5,2.8494850021680094,3.5,3.7,500.0,test batch size $m$,0.1,500,0.05,,25,100,0.32825238095237996,0.32825238095237996,0.0036,0.064,0.032825238095238,-1.2990712600274097,0.0,0.7601246315789475,2500,finite_k1_m_fixed_pi,empirical FDR / nominal alpha
tikz-v1,figure1_supp,fdr_ratio_atlas_r2_c1,$N_{cal}$ by $m$; fixed $\pi_1=0.05$,5,heatmap_cell,standard_conformal_bh,finite_k1,m_fixed_pi,2.6989700043360187,3.8,2.5,2.8494850021680094,3.7,3.9,500.0,test batch size $m$,0.1,500,0.05,,25,100,0.448619047619047,0.448619047619047,0.004048,0.116,0.0448619047619047,-1.4990681845107945,0.0,0.759654972631579,2500,finite_k1_m_fixed_pi,empirical FDR / nominal alpha
tikz-v1,figure1_supp,fdr_ratio_atlas_r2_c1,$N_{cal}$ by $m$; fixed $\pi_1=0.05$,5,heatmap_cell,standard_conformal_bh,finite_k1,m_fixed_pi,2.6989700043360187,4.0,2.5,2.8494850021680094,3.9,4.1,500.0,test batch size $m$,0.1,500,0.05,,25,100,1.090071428571428,1.090071428571428,0.008848,0.258,0.1090071428571428,-1.6990134316128815,0.0,0.7595973389473684,2500,finite_k1_m_fixed_pi,empirical FDR / nominal alpha
tikz-v1,figure1_supp,fdr_ratio_atlas_r2_c1,$N_{cal}$ by $m$; fixed $\pi_1=0.05$,5,heatmap_cell,standard_conformal_bh,finite_k1,m_fixed_pi,3.0,1.4,2.8494850021680094,3.15051499783199,1.3,1.5,1000.0,test batch size $m$,0.1,1000,0.05,,25,100,0.0,0.0,0.0,0.0,0.0,0.8860566476931633,1.0,0.7585863663157895,2500,finite_k1_m_fixed_pi,empirical FDR / nominal alpha
tikz-v1,figure1_supp,fdr_ratio_atlas_r2_c1,$N_{cal}$ by $m$; fixed $\pi_1=0.05$,5,heatmap_cell,standard_conformal_bh,finite_k1,m_fixed_pi,3.0,1.6,2.8494850021680094,3.15051499783199,1.5,1.7,1000.0,test batch size $m$,0.1,1000,0.05,,25,100,0.0,0.0,0.0,0.0,0.0,0.6882461389442457,1.0,0.7604835705263158,2500,finite_k1_m_fixed_pi,empirical FDR / nominal alpha
tikz-v1,figure1_supp,fdr_ratio_atlas_r2_c1,$N_{cal}$ by $m$; fixed $\pi_1=0.05$,5,heatmap_cell,standard_conformal_bh,finite_k1,m_fixed_pi,3.0,1.7999999999999998,2.8494850021680094,3.15051499783199,1.7,1.9,1000.0,test batch size $m$,0.1,1000,0.05,,25,100,0.0,0.0,0.0,0.0,0.0,0.494850021680094,1.0,0.75867568,2500,finite_k1_m_fixed_pi,empirical FDR / nominal alpha
tikz-v1,figure1_supp,fdr_ratio_atlas_r2_c1,$N_{cal}$ by $m$; fixed $\pi_1=0.05$,5,heatmap_cell,standard_conformal_bh,finite_k1,m_fixed_pi,3.0,2.0,2.8494850021680094,3.15051499783199,1.9,2.1,1000.0,test batch size $m$,0.1,1000,0.05,,25,100,0.0,0.0,0.0,0.0,0.0,0.2967086218813386,1.0,0.760815587368421,2500,finite_k1_m_fixed_pi,empirical FDR / nominal alpha
tikz-v1,figure1_supp,fdr_ratio_atlas_r2_c1,$N_{cal}$ by $m$; fixed $\pi_1=0.05$,5,heatmap_cell,standard_conformal_bh,finite_k1,m_fixed_pi,3.0,2.2,2.8494850021680094,3.15051499783199,2.1,2.3,1000.0,test batch size $m$,0.1,1000,0.05,,25,100,0.0,0.0,0.0,0.0,0.0,0.0996328713435296,1.0,0.7603096421052632,2500,finite_k1_m_fixed_pi,empirical FDR / nominal alpha
tikz-v1,figure1_supp,fdr_ratio_atlas_r2_c1,$N_{cal}$ by $m$; fixed $\pi_1=0.05$,5,heatmap_cell,standard_conformal_bh,finite_k1,m_fixed_pi,3.0,2.4,2.8494850021680094,3.15051499783199,2.3,2.5,1000.0,test batch size $m$,0.1,1000,0.05,,25,100,0.008952380952379999,0.008952380952379999,0.000256,0.0012,0.000895238095238,-0.1003705451175629,0.0,0.7605133221052631,2500,finite_k1_m_fixed_pi,empirical FDR / nominal alpha
tikz-v1,figure1_supp,fdr_ratio_atlas_r2_c1,$N_{cal}$ by $m$; fixed $\pi_1=0.05$,5,heatmap_cell,standard_conformal_bh,finite_k1,m_fixed_pi,3.0,2.6,2.8494850021680094,3.15051499783199,2.5,2.7,1000.0,test batch size $m$,0.1,1000,0.05,,25,100,0.008700854700853999,0.008700854700853999,0.000176,0.0012,0.0008700854700854,-0.2999429000227671,0.0,0.760408067368421,2500,finite_k1_m_fixed_pi,empirical FDR / nominal alpha
tikz-v1,figure1_supp,fdr_ratio_atlas_r2_c1,$N_{cal}$ by $m$; fixed $\pi_1=0.05$,5,heatmap_cell,standard_conformal_bh,finite_k1,m_fixed_pi,3.0,2.8,2.8494850021680094,3.15051499783199,2.7,2.9,1000.0,test batch size $m$,0.1,1000,0.05,,25,100,0.006156862745098,0.006156862745098,6.4e-05,0.0008,0.0006156862745098,-0.4996870826184039,0.0,0.7605700042105263,2500,finite_k1_m_fixed_pi,empirical FDR / nominal alpha
tikz-v1,figure1_supp,fdr_ratio_atlas_r2_c1,$N_{cal}$ by $m$; fixed $\pi_1=0.05$,5,heatmap_cell,standard_conformal_bh,finite_k1,m_fixed_pi,3.0,3.0,2.8494850021680094,3.15051499783199,2.9,3.1,1000.0,test batch size $m$,0.1,1000,0.05,,25,100,0.002,0.002,4e-05,0.0004,0.0002,-0.6994040818153374,0.0,0.7609730357894737,2500,finite_k1_m_fixed_pi,empirical FDR / nominal alpha
tikz-v1,figure1_supp,fdr_ratio_atlas_r2_c1,$N_{cal}$ by $m$; fixed $\pi_1=0.05$,5,heatmap_cell,standard_conformal_bh,finite_k1,m_fixed_pi,3.0,3.2,2.8494850021680094,3.15051499783199,3.1,3.3,1000.0,test batch size $m$,0.1,1000,0.05,,25,100,0.035746031746031,0.035746031746031,0.000416,0.0064,0.0035746031746031,-0.8992731873176038,0.0,0.759050374736842,2500,finite_k1_m_fixed_pi,empirical FDR / nominal alpha
tikz-v1,figure1_supp,fdr_ratio_atlas_r2_c1,$N_{cal}$ by $m$; fixed $\pi_1=0.05$,5,heatmap_cell,standard_conformal_bh,finite_k1,m_fixed_pi,3.0,3.4,2.8494850021680094,3.15051499783199,3.3,3.5,1000.0,test batch size $m$,0.1,1000,0.05,,25,100,0.09415238095237999,0.09415238095237999,0.000808,0.018,0.009415238095238,-1.0991624929285948,0.0,0.7592198568421052,2500,finite_k1_m_fixed_pi,empirical FDR / nominal alpha
tikz-v1,figure1_supp,fdr_ratio_atlas_r2_c1,$N_{cal}$ by $m$; fixed $\pi_1=0.05$,5,heatmap_cell,standard_conformal_bh,finite_k1,m_fixed_pi,3.0,3.6,2.8494850021680094,3.15051499783199,3.5,3.7,1000.0,test batch size $m$,0.1,1000,0.05,,25,100,0.19653968253968201,0.19653968253968201,0.001472,0.0392,0.0196539682539682,-1.2990712600274097,0.0,0.760823385263158,2500,finite_k1_m_fixed_pi,empirical FDR / nominal alpha
tikz-v1,figure1_supp,fdr_ratio_atlas_r2_c1,$N_{cal}$ by $m$; fixed $\pi_1=0.05$,5,heatmap_cell,standard_conformal_bh,finite_k1,m_fixed_pi,3.0,3.8,2.8494850021680094,3.15051499783199,3.7,3.9,1000.0,test batch size $m$,0.1,1000,0.05,,25,100,0.44797301587301497,0.44797301587301497,0.0036079999999999,0.0972,0.0447973015873015,-1.4990681845107945,0.0,0.7590849684210526,2500,finite_k1_m_fixed_pi,empirical FDR / nominal alpha
tikz-v1,figure1_supp,fdr_ratio_atlas_r2_c1,$N_{cal}$ by $m$; fixed $\pi_1=0.05$,5,heatmap_cell,standard_conformal_bh,finite_k1,m_fixed_pi,3.0,4.0,2.8494850021680094,3.15051499783199,3.9,4.1,1000.0,test batch size $m$,0.1,1000,0.05,,25,100,1.4715,1.4715,0.006456,0.3244,0.14715,-1.6990134316128815,0.0,0.7595774652631578,2500,finite_k1_m_fixed_pi,empirical FDR / nominal alpha
tikz-v1,figure1_supp,fdr_ratio_atlas_r2_c1,$N_{cal}$ by $m$; fixed $\pi_1=0.05$,5,heatmap_cell,standard_conformal_bh,finite_k1,m_fixed_pi,3.3010299956639813,1.4,3.15051499783199,3.451544993495972,1.3,1.5,2000.0,test batch size $m$,0.1,2000,0.05,,25,100,0.0,0.0,0.0,0.0,0.0,0.8860566476931633,1.0,0.7600754231578947,2500,finite_k1_m_fixed_pi,empirical FDR / nominal alpha
tikz-v1,figure1_supp,fdr_ratio_atlas_r2_c1,$N_{cal}$ by $m$; fixed $\pi_1=0.05$,5,heatmap_cell,standard_conformal_bh,finite_k1,m_fixed_pi,3.3010299956639813,1.6,3.15051499783199,3.451544993495972,1.5,1.7,2000.0,test batch size $m$,0.1,2000,0.05,,25,100,0.0,0.0,0.0,0.0,0.0,0.6882461389442457,1.0,0.7604933157894737,2500,finite_k1_m_fixed_pi,empirical FDR / nominal alpha
tikz-v1,figure1_supp,fdr_ratio_atlas_r2_c1,$N_{cal}$ by $m$; fixed $\pi_1=0.05$,5,heatmap_cell,standard_conformal_bh,finite_k1,m_fixed_pi,3.3010299956639813,1.7999999999999998,3.15051499783199,3.451544993495972,1.7,1.9,2000.0,test batch size $m$,0.1,2000,0.05,,25,100,0.0,0.0,0.0,0.0,0.0,0.494850021680094,1.0,0.7604300168421052,2500,finite_k1_m_fixed_pi,empirical FDR / nominal alpha
tikz-v1,figure1_supp,fdr_ratio_atlas_r2_c1,$N_{cal}$ by $m$; fixed $\pi_1=0.05$,5,heatmap_cell,standard_conformal_bh,finite_k1,m_fixed_pi,3.3010299956639813,2.0,3.15051499783199,3.451544993495972,1.9,2.1,2000.0,test batch size $m$,0.1,2000,0.05,,25,100,0.0,0.0,0.0,0.0,0.0,0.2967086218813386,1.0,0.7611648652631579,2500,finite_k1_m_fixed_pi,empirical FDR / nominal alpha
tikz-v1,figure1_supp,fdr_ratio_atlas_r2_c1,$N_{cal}$ by $m$; fixed $\pi_1=0.05$,5,heatmap_cell,standard_conformal_bh,finite_k1,m_fixed_pi,3.3010299956639813,2.2,3.15051499783199,3.451544993495972,2.1,2.3,2000.0,test batch size $m$,0.1,2000,0.05,,25,100,0.0,0.0,0.0,0.0,0.0,0.0996328713435296,1.0,0.7614335284210526,2500,finite_k1_m_fixed_pi,empirical FDR / nominal alpha
tikz-v1,figure1_supp,fdr_ratio_atlas_r2_c1,$N_{cal}$ by $m$; fixed $\pi_1=0.05$,5,heatmap_cell,standard_conformal_bh,finite_k1,m_fixed_pi,3.3010299956639813,2.4,3.15051499783199,3.451544993495972,2.3,2.5,2000.0,test batch size $m$,0.1,2000,0.05,,25,100,0.0,0.0,0.0,0.0,0.0,-0.1003705451175629,0.0,0.7598816884210526,2500,finite_k1_m_fixed_pi,empirical FDR / nominal alpha
tikz-v1,figure1_supp,fdr_ratio_atlas_r2_c1,$N_{cal}$ by $m$; fixed $\pi_1=0.05$,5,heatmap_cell,standard_conformal_bh,finite_k1,m_fixed_pi,3.3010299956639813,2.6,3.15051499783199,3.451544993495972,2.5,2.7,2000.0,test batch size $m$,0.1,2000,0.05,,25,100,0.0,0.0,0.0,0.0,0.0,-0.2999429000227671,0.0,0.76067348,2500,finite_k1_m_fixed_pi,empirical FDR / nominal alpha
tikz-v1,figure1_supp,fdr_ratio_atlas_r2_c1,$N_{cal}$ by $m$; fixed $\pi_1=0.05$,5,heatmap_cell,standard_conformal_bh,finite_k1,m_fixed_pi,3.3010299956639813,2.8,3.15051499783199,3.451544993495972,2.7,2.9,2000.0,test batch size $m$,0.1,2000,0.05,,25,100,0.0025,0.0025,4.8e-05,0.0004,0.00025,-0.4996870826184039,0.0,0.7600924863157894,2500,finite_k1_m_fixed_pi,empirical FDR / nominal alpha
tikz-v1,figure1_supp,fdr_ratio_atlas_r2_c1,$N_{cal}$ by $m$; fixed $\pi_1=0.05$,5,heatmap_cell,standard_conformal_bh,finite_k1,m_fixed_pi,3.3010299956639813,3.0,3.15051499783199,3.451544993495972,2.9,3.1,2000.0,test batch size $m$,0.1,2000,0.05,,25,100,0.0,0.0,0.0,0.0,0.0,-0.6994040818153374,0.0,0.759841307368421,2500,finite_k1_m_fixed_pi,empirical FDR / nominal alpha
tikz-v1,figure1_supp,fdr_ratio_atlas_r2_c1,$N_{cal}$ by $m$; fixed $\pi_1=0.05$,5,heatmap_cell,standard_conformal_bh,finite_k1,m_fixed_pi,3.3010299956639813,3.2,3.15051499783199,3.451544993495972,3.1,3.3,2000.0,test batch size $m$,0.1,2000,0.05,,25,100,0.0030769230769229997,0.0030769230769229997,1.2e-05,0.0004,0.0003076923076923,-0.8992731873176038,0.0,0.7610384610526315,2500,finite_k1_m_fixed_pi,empirical FDR / nominal alpha
tikz-v1,figure1_supp,fdr_ratio_atlas_r2_c1,$N_{cal}$ by $m$; fixed $\pi_1=0.05$,5,heatmap_cell,standard_conformal_bh,finite_k1,m_fixed_pi,3.3010299956639813,3.4,3.15051499783199,3.451544993495972,3.3,3.5,2000.0,test batch size $m$,0.1,2000,0.05,,25,100,0.23174566943548297,0.23174566943548297,0.001904,0.0424,0.0231745669435483,-1.0991624929285948,0.0,0.7604354189473684,2500,finite_k1_m_fixed_pi,empirical FDR / nominal alpha
tikz-v1,figure1_supp,fdr_ratio_atlas_r2_c1,$N_{cal}$ by $m$; fixed $\pi_1=0.05$,5,heatmap_cell,standard_conformal_bh,finite_k1,m_fixed_pi,3.3010299956639813,3.6,3.15051499783199,3.451544993495972,3.5,3.7,2000.0,test batch size $m$,0.1,2000,0.05,,25,100,0.028439893439892998,0.028439893439892998,0.000216,0.0052,0.0028439893439893,-1.2990712600274097,0.0,0.7599940715789474,2500,finite_k1_m_fixed_pi,empirical FDR / nominal alpha
tikz-v1,figure1_supp,fdr_ratio_atlas_r2_c1,$N_{cal}$ by $m$; fixed $\pi_1=0.05$,5,heatmap_cell,standard_conformal_bh,finite_k1,m_fixed_pi,3.3010299956639813,3.8,3.15051499783199,3.451544993495972,3.7,3.9,2000.0,test batch size $m$,0.1,2000,0.05,,25,100,0.14017142857142798,0.14017142857142798,0.00078,0.0296,0.0140171428571428,-1.4990681845107945,0.0,0.7599481978947369,2500,finite_k1_m_fixed_pi,empirical FDR / nominal alpha
tikz-v1,figure1_supp,fdr_ratio_atlas_r2_c1,$N_{cal}$ by $m$; fixed $\pi_1=0.05$,5,heatmap_cell,standard_conformal_bh,finite_k1,m_fixed_pi,3.3010299956639813,4.0,3.15051499783199,3.451544993495972,3.9,4.1,2000.0,test batch size $m$,0.1,2000,0.05,,25,100,0.466981673881673,0.466981673881673,0.001912,0.1132,0.0466981673881673,-1.6990134316128815,0.0,0.7599095094736842,2500,finite_k1_m_fixed_pi,empirical FDR / nominal alpha
tikz-v1,figure1_supp,fdr_ratio_atlas_r2_c3,$N_{cal}$ by anomaly rate,7,heatmap_cell,standard_conformal_bh,finite_k1,pi1_sweep,-2.3010299956639813,1.4,-2.451544993495972,-2.15051499783199,1.3,1.5,0.005,anomaly rate $\pi_1$,0.1,1000,0.005,,25,100,0.0,0.0,0.0,0.0,0.0,1.8860566476931635,1.0,0.7609257487437185,2500,finite_k1_pi1_sweep,empirical FDR / nominal alpha
tikz-v1,figure1_supp,fdr_ratio_atlas_r2_c3,$N_{cal}$ by anomaly rate,7,heatmap_cell,standard_conformal_bh,finite_k1,pi1_sweep,-2.3010299956639813,1.6,-2.451544993495972,-2.15051499783199,1.5,1.7,0.005,anomaly rate $\pi_1$,0.1,1000,0.005,,25,100,0.0,0.0,0.0,0.0,0.0,1.6882461389442458,1.0,0.7602777085427136,2500,finite_k1_pi1_sweep,empirical FDR / nominal alpha
tikz-v1,figure1_supp,fdr_ratio_atlas_r2_c3,$N_{cal}$ by anomaly rate,7,heatmap_cell,standard_conformal_bh,finite_k1,pi1_sweep,-2.3010299956639813,1.7999999999999998,-2.451544993495972,-2.15051499783199,1.7,1.9,0.005,anomaly rate $\pi_1$,0.1,1000,0.005,,25,100,0.0,0.0,0.0,0.0,0.0,1.494850021680094,1.0,0.7592597386934673,2500,finite_k1_pi1_sweep,empirical FDR / nominal alpha
tikz-v1,figure1_supp,fdr_ratio_atlas_r2_c3,$N_{cal}$ by anomaly rate,7,heatmap_cell,standard_conformal_bh,finite_k1,pi1_sweep,-2.3010299956639813,2.0,-2.451544993495972,-2.15051499783199,1.9,2.1,0.005,anomaly rate $\pi_1$,0.1,1000,0.005,,25,100,0.0,0.0,0.0,0.0,0.0,1.2967086218813386,1.0,0.76348791959799,2500,finite_k1_pi1_sweep,empirical FDR / nominal alpha
tikz-v1,figure1_supp,fdr_ratio_atlas_r2_c3,$N_{cal}$ by anomaly rate,7,heatmap_cell,standard_conformal_bh,finite_k1,pi1_sweep,-2.3010299956639813,2.2,-2.451544993495972,-2.15051499783199,2.1,2.3,0.005,anomaly rate $\pi_1$,0.1,1000,0.005,,25,100,0.0,0.0,0.0,0.0,0.0,1.0996328713435295,1.0,0.7660452663316584,2500,finite_k1_pi1_sweep,empirical FDR / nominal alpha
tikz-v1,figure1_supp,fdr_ratio_atlas_r2_c3,$N_{cal}$ by anomaly rate,7,heatmap_cell,standard_conformal_bh,finite_k1,pi1_sweep,-2.3010299956639813,2.4,-2.451544993495972,-2.15051499783199,2.3,2.5,0.005,anomaly rate $\pi_1$,0.1,1000,0.005,,25,100,0.0,0.0,0.0,0.0,0.0,0.8996294548824371,1.0,0.7595427537688442,2500,finite_k1_pi1_sweep,empirical FDR / nominal alpha
tikz-v1,figure1_supp,fdr_ratio_atlas_r2_c3,$N_{cal}$ by anomaly rate,7,heatmap_cell,standard_conformal_bh,finite_k1,pi1_sweep,-2.3010299956639813,2.6,-2.451544993495972,-2.15051499783199,2.5,2.7,0.005,anomaly rate $\pi_1$,0.1,1000,0.005,,25,100,0.0,0.0,0.0,0.0,0.0,0.700057099977233,1.0,0.7594123417085427,2500,finite_k1_pi1_sweep,empirical FDR / nominal alpha
tikz-v1,figure1_supp,fdr_ratio_atlas_r2_c3,$N_{cal}$ by anomaly rate,7,heatmap_cell,standard_conformal_bh,finite_k1,pi1_sweep,-2.3010299956639813,2.8,-2.451544993495972,-2.15051499783199,2.7,2.9,0.005,anomaly rate $\pi_1$,0.1,1000,0.005,,25,100,0.004,0.004,0.0,0.0004,0.0004,0.5003129173815962,1.0,0.7592699497487437,2500,finite_k1_pi1_sweep,empirical FDR / nominal alpha
tikz-v1,figure1_supp,fdr_ratio_atlas_r2_c3,$N_{cal}$ by anomaly rate,7,heatmap_cell,standard_conformal_bh,finite_k1,pi1_sweep,-2.3010299956639813,3.0,-2.451544993495972,-2.15051499783199,2.9,3.1,0.005,anomaly rate $\pi_1$,0.1,1000,0.005,,25,100,0.0,0.0,0.0,0.0,0.0,0.3005959181846626,1.0,0.7592272562814071,2500,finite_k1_pi1_sweep,empirical FDR / nominal alpha
tikz-v1,figure1_supp,fdr_ratio_atlas_r2_c3,$N_{cal}$ by anomaly rate,7,heatmap_cell,standard_conformal_bh,finite_k1,pi1_sweep,-2.3010299956639813,3.2,-2.451544993495972,-2.15051499783199,3.1,3.3,0.005,anomaly rate $\pi_1$,0.1,1000,0.005,,25,100,0.007428571428571,0.007428571428571,8e-05,0.0008,0.0007428571428571,0.1007268126823962,1.0,0.7612619095477386,2500,finite_k1_pi1_sweep,empirical FDR / nominal alpha
tikz-v1,figure1_supp,fdr_ratio_atlas_r2_c3,$N_{cal}$ by anomaly rate,7,heatmap_cell,standard_conformal_bh,finite_k1,pi1_sweep,-2.3010299956639813,3.4,-2.451544993495972,-2.15051499783199,3.3,3.5,0.005,anomaly rate $\pi_1$,0.1,1000,0.005,,25,100,0.02,0.02,0.00032,0.0024,0.002,-0.0991624929285947,0.0,0.7626404824120604,2500,finite_k1_pi1_sweep,empirical FDR / nominal alpha
tikz-v1,figure1_supp,fdr_ratio_atlas_r2_c3,$N_{cal}$ by anomaly rate,7,heatmap_cell,standard_conformal_bh,finite_k1,pi1_sweep,-2.3010299956639813,3.6,-2.451544993495972,-2.15051499783199,3.5,3.7,0.005,anomaly rate $\pi_1$,0.1,1000,0.005,,25,100,0.043,0.043,0.00056,0.0052,0.0043,-0.2990712600274095,0.0,0.761500783919598,2500,finite_k1_pi1_sweep,empirical FDR / nominal alpha
tikz-v1,figure1_supp,fdr_ratio_atlas_r2_c3,$N_{cal}$ by anomaly rate,7,heatmap_cell,standard_conformal_bh,finite_k1,pi1_sweep,-2.3010299956639813,3.8,-2.451544993495972,-2.15051499783199,3.7,3.9,0.005,anomaly rate $\pi_1$,0.1,1000,0.005,,25,100,0.15066666666666598,0.15066666666666598,0.0004,0.016,0.0150666666666666,-0.4990681845107945,0.0,0.7628131859296483,2500,finite_k1_pi1_sweep,empirical FDR / nominal alpha
tikz-v1,figure1_supp,fdr_ratio_atlas_r2_c3,$N_{cal}$ by anomaly rate,7,heatmap_cell,standard_conformal_bh,finite_k1,pi1_sweep,-2.3010299956639813,4.0,-2.451544993495972,-2.15051499783199,3.9,4.1,0.005,anomaly rate $\pi_1$,0.1,1000,0.005,,25,100,1.199666666666666,1.199666666666666,0.0038399999999999,0.1344,0.1199666666666666,-0.6990134316128814,0.0,0.7611093065326633,2500,finite_k1_pi1_sweep,empirical FDR / nominal alpha
tikz-v1,figure1_supp,fdr_ratio_atlas_r2_c3,$N_{cal}$ by anomaly rate,7,heatmap_cell,standard_conformal_bh,finite_k1,pi1_sweep,-2.0,1.4,-2.15051499783199,-1.8494850021680092,1.3,1.5,0.01,anomaly rate $\pi_1$,0.1,1000,0.01,,25,100,0.0,0.0,0.0,0.0,0.0,1.585026652029182,1.0,0.7598944242424243,2500,finite_k1_pi1_sweep,empirical FDR / nominal alpha
tikz-v1,figure1_supp,fdr_ratio_atlas_r2_c3,$N_{cal}$ by anomaly rate,7,heatmap_cell,standard_conformal_bh,finite_k1,pi1_sweep,-2.0,1.6,-2.15051499783199,-1.8494850021680092,1.5,1.7,0.01,anomaly rate $\pi_1$,0.1,1000,0.01,,25,100,0.0,0.0,0.0,0.0,0.0,1.3872161432802643,1.0,0.7611618989898989,2500,finite_k1_pi1_sweep,empirical FDR / nominal alpha
tikz-v1,figure1_supp,fdr_ratio_atlas_r2_c3,$N_{cal}$ by anomaly rate,7,heatmap_cell,standard_conformal_bh,finite_k1,pi1_sweep,-2.0,1.7999999999999998,-2.15051499783199,-1.8494850021680092,1.7,1.9,0.01,anomaly rate $\pi_1$,0.1,1000,0.01,,25,100,0.0,0.0,0.0,0.0,0.0,1.193820026016113,1.0,0.7589121212121211,2500,finite_k1_pi1_sweep,empirical FDR / nominal alpha
tikz-v1,figure1_supp,fdr_ratio_atlas_r2_c3,$N_{cal}$ by anomaly rate,7,heatmap_cell,standard_conformal_bh,finite_k1,pi1_sweep,-2.0,2.0,-2.15051499783199,-1.8494850021680092,1.9,2.1,0.01,anomaly rate $\pi_1$,0.1,1000,0.01,,25,100,0.0,0.0,0.0,0.0,0.0,0.9956786262173576,1.0,0.7610372929292929,2500,finite_k1_pi1_sweep,empirical FDR / nominal alpha
tikz-v1,figure1_supp,fdr_ratio_atlas_r2_c3,$N_{cal}$ by anomaly rate,7,heatmap_cell,standard_conformal_bh,finite_k1,pi1_sweep,-2.0,2.2,-2.15051499783199,-1.8494850021680092,2.1,2.3,0.01,anomaly rate $\pi_1$,0.1,1000,0.01,,25,100,0.0,0.0,0.0,0.0,0.0,0.7986028756795486,1.0,0.7582804444444444,2500,finite_k1_pi1_sweep,empirical FDR / nominal alpha
tikz-v1,figure1_supp,fdr_ratio_atlas_r2_c3,$N_{cal}$ by anomaly rate,7,heatmap_cell,standard_conformal_bh,finite_k1,pi1_sweep,-2.0,2.4,-2.15051499783199,-1.8494850021680092,2.3,2.5,0.01,anomaly rate $\pi_1$,0.1,1000,0.01,,25,100,0.0,0.0,0.0,0.0,0.0,0.5985994592184559,1.0,0.7624490505050505,2500,finite_k1_pi1_sweep,empirical FDR / nominal alpha
tikz-v1,figure1_supp,fdr_ratio_atlas_r2_c3,$N_{cal}$ by anomaly rate,7,heatmap_cell,standard_conformal_bh,finite_k1,pi1_sweep,-2.0,2.6,-2.15051499783199,-1.8494850021680092,2.5,2.7,0.01,anomaly rate $\pi_1$,0.1,1000,0.01,,25,100,0.0,0.0,0.0,0.0,0.0,0.3990271043132517,1.0,0.7611322828282827,2500,finite_k1_pi1_sweep,empirical FDR / nominal alpha
tikz-v1,figure1_supp,fdr_ratio_atlas_r2_c3,$N_{cal}$ by anomaly rate,7,heatmap_cell,standard_conformal_bh,finite_k1,pi1_sweep,-2.0,2.8,-2.15051499783199,-1.8494850021680092,2.7,2.9,0.01,anomaly rate $\pi_1$,0.1,1000,0.01,,25,100,0.12555199764116098,0.12555199764116098,0.0018399999999999,0.0136,0.0125551997641161,0.199282921717615,1.0,0.7587761212121211,2500,finite_k1_pi1_sweep,empirical FDR / nominal alpha
tikz-v1,figure1_supp,fdr_ratio_atlas_r2_c3,$N_{cal}$ by anomaly rate,7,heatmap_cell,standard_conformal_bh,finite_k1,pi1_sweep,-2.0,3.0,-2.15051499783199,-1.8494850021680092,2.9,3.1,0.01,anomaly rate $\pi_1$,0.1,1000,0.01,,25,100,0.0,0.0,0.0,0.0,0.0,-0.0004340774793186,0.0,0.7617042424242424,2500,finite_k1_pi1_sweep,empirical FDR / nominal alpha
tikz-v1,figure1_supp,fdr_ratio_atlas_r2_c3,$N_{cal}$ by anomaly rate,7,heatmap_cell,standard_conformal_bh,finite_k1,pi1_sweep,-2.0,3.2,-2.15051499783199,-1.8494850021680092,3.1,3.3,0.01,anomaly rate $\pi_1$,0.1,1000,0.01,,25,100,0.035071428571428,0.035071428571428,0.0003599999999999,0.004,0.0035071428571428,-0.2003031829815849,0.0,0.7591606464646464,2500,finite_k1_pi1_sweep,empirical FDR / nominal alpha
tikz-v1,figure1_supp,fdr_ratio_atlas_r2_c3,$N_{cal}$ by anomaly rate,7,heatmap_cell,standard_conformal_bh,finite_k1,pi1_sweep,-2.0,3.4,-2.15051499783199,-1.8494850021680092,3.3,3.5,0.01,anomaly rate $\pi_1$,0.1,1000,0.01,,25,100,0.0668,0.0668,0.00056,0.008,0.00668,-0.400192488592576,0.0,0.7586592323232323,2500,finite_k1_pi1_sweep,empirical FDR / nominal alpha
tikz-v1,figure1_supp,fdr_ratio_atlas_r2_c3,$N_{cal}$ by anomaly rate,7,heatmap_cell,standard_conformal_bh,finite_k1,pi1_sweep,-2.0,3.6,-2.15051499783199,-1.8494850021680092,3.5,3.7,0.01,anomaly rate $\pi_1$,0.1,1000,0.01,,25,100,0.053333333333333,0.053333333333333,0.00036,0.0064,0.0053333333333333,-0.6001012556913907,0.0,0.7631686868686869,2500,finite_k1_pi1_sweep,empirical FDR / nominal alpha
tikz-v1,figure1_supp,fdr_ratio_atlas_r2_c3,$N_{cal}$ by anomaly rate,7,heatmap_cell,standard_conformal_bh,finite_k1,pi1_sweep,-2.0,3.8,-2.15051499783199,-1.8494850021680092,3.7,3.9,0.01,anomaly rate $\pi_1$,0.1,1000,0.01,,25,100,0.1744,0.1744,0.00112,0.022,0.01744,-0.8000981801747756,0.0,0.7590782222222222,2500,finite_k1_pi1_sweep,empirical FDR / nominal alpha
tikz-v1,figure1_supp,fdr_ratio_atlas_r2_c3,$N_{cal}$ by anomaly rate,7,heatmap_cell,standard_conformal_bh,finite_k1,pi1_sweep,-2.0,4.0,-2.15051499783199,-1.8494850021680092,3.9,4.1,0.01,anomaly rate $\pi_1$,0.1,1000,0.01,,25,100,0.8699999999999999,0.8699999999999999,0.00392,0.1172,0.087,-1.0000434272768626,0.0,0.758134707070707,2500,finite_k1_pi1_sweep,empirical FDR / nominal alpha
tikz-v1,figure1_supp,fdr_ratio_atlas_r2_c3,$N_{cal}$ by anomaly rate,7,heatmap_cell,standard_conformal_bh,finite_k1,pi1_sweep,-1.6989700043360187,1.4,-1.8494850021680092,-1.5,1.3,1.5,0.02,anomaly rate $\pi_1$,0.1,1000,0.02,,25,100,0.0,0.0,0.0,0.0,0.0,1.2839966563652008,1.0,0.7602445306122448,2500,finite_k1_pi1_sweep,empirical FDR / nominal alpha
tikz-v1,figure1_supp,fdr_ratio_atlas_r2_c3,$N_{cal}$ by anomaly rate,7,heatmap_cell,standard_conformal_bh,finite_k1,pi1_sweep,-1.6989700043360187,1.6,-1.8494850021680092,-1.5,1.5,1.7,0.02,anomaly rate $\pi_1$,0.1,1000,0.02,,25,100,0.0,0.0,0.0,0.0,0.0,1.0861861476162833,1.0,0.7599957551020408,2500,finite_k1_pi1_sweep,empirical FDR / nominal alpha
tikz-v1,figure1_supp,fdr_ratio_atlas_r2_c3,$N_{cal}$ by anomaly rate,7,heatmap_cell,standard_conformal_bh,finite_k1,pi1_sweep,-1.6989700043360187,1.7999999999999998,-1.8494850021680092,-1.5,1.7,1.9,0.02,anomaly rate $\pi_1$,0.1,1000,0.02,,25,100,0.0,0.0,0.0,0.0,0.0,0.8927900303521317,1.0,0.7599710816326531,2500,finite_k1_pi1_sweep,empirical FDR / nominal alpha
tikz-v1,figure1_supp,fdr_ratio_atlas_r2_c3,$N_{cal}$ by anomaly rate,7,heatmap_cell,standard_conformal_bh,finite_k1,pi1_sweep,-1.6989700043360187,2.0,-1.8494850021680092,-1.5,1.9,2.1,0.02,anomaly rate $\pi_1$,0.1,1000,0.02,,25,100,0.0,0.0,0.0,0.0,0.0,0.6946486305533762,1.0,0.7590301836734694,2500,finite_k1_pi1_sweep,empirical FDR / nominal alpha
tikz-v1,figure1_supp,fdr_ratio_atlas_r2_c3,$N_{cal}$ by anomaly rate,7,heatmap_cell,standard_conformal_bh,finite_k1,pi1_sweep,-1.6989700043360187,2.2,-1.8494850021680092,-1.5,2.1,2.3,0.02,anomaly rate $\pi_1$,0.1,1000,0.02,,25,100,0.0,0.0,0.0,0.0,0.0,0.4975728800155673,1.0,0.7617588367346939,2500,finite_k1_pi1_sweep,empirical FDR / nominal alpha
tikz-v1,figure1_supp,fdr_ratio_atlas_r2_c3,$N_{cal}$ by anomaly rate,7,heatmap_cell,standard_conformal_bh,finite_k1,pi1_sweep,-1.6989700043360187,2.4,-1.8494850021680092,-1.5,2.3,2.5,0.02,anomaly rate $\pi_1$,0.1,1000,0.02,,25,100,0.0,0.0,0.0,0.0,0.0,0.2975694635544746,1.0,0.7602627551020408,2500,finite_k1_pi1_sweep,empirical FDR / nominal alpha
tikz-v1,figure1_supp,fdr_ratio_atlas_r2_c3,$N_{cal}$ by anomaly rate,7,heatmap_cell,standard_conformal_bh,finite_k1,pi1_sweep,-1.6989700043360187,2.6,-1.8494850021680092,-1.5,2.5,2.7,0.02,anomaly rate $\pi_1$,0.1,1000,0.02,,25,100,0.0,0.0,0.0,0.0,0.0,0.0979971086492705,1.0,0.7580048979591837,2500,finite_k1_pi1_sweep,empirical FDR / nominal alpha
tikz-v1,figure1_supp,fdr_ratio_atlas_r2_c3,$N_{cal}$ by anomaly rate,7,heatmap_cell,standard_conformal_bh,finite_k1,pi1_sweep,-1.6989700043360187,2.8,-1.8494850021680092,-1.5,2.7,2.9,0.02,anomaly rate $\pi_1$,0.1,1000,0.02,,25,100,0.0,0.0,0.0,0.0,0.0,-0.1017470739463662,0.0,0.7595885714285714,2500,finite_k1_pi1_sweep,empirical FDR / nominal alpha
tikz-v1,figure1_supp,fdr_ratio_atlas_r2_c3,$N_{cal}$ by anomaly rate,7,heatmap_cell,standard_conformal_bh,finite_k1,pi1_sweep,-1.6989700043360187,3.0,-1.8494850021680092,-1.5,2.9,3.1,0.02,anomaly rate $\pi_1$,0.1,1000,0.02,,25,100,0.010036363636362998,0.010036363636362998,0.0001,0.0012,0.0010036363636363,-0.3014640731432998,0.0,0.7588311632653062,2500,finite_k1_pi1_sweep,empirical FDR / nominal alpha
tikz-v1,figure1_supp,fdr_ratio_atlas_r2_c3,$N_{cal}$ by anomaly rate,7,heatmap_cell,standard_conformal_bh,finite_k1,pi1_sweep,-1.6989700043360187,3.2,-1.8494850021680092,-1.5,3.1,3.3,0.02,anomaly rate $\pi_1$,0.1,1000,0.02,,25,100,0.009142857142857,0.009142857142857,0.0001,0.0012,0.0009142857142857,-0.5013331786455661,0.0,0.7579070204081633,2500,finite_k1_pi1_sweep,empirical FDR / nominal alpha
tikz-v1,figure1_supp,fdr_ratio_atlas_r2_c3,$N_{cal}$ by anomaly rate,7,heatmap_cell,standard_conformal_bh,finite_k1,pi1_sweep,-1.6989700043360187,3.4,-1.8494850021680092,-1.5,3.3,3.5,0.02,anomaly rate $\pi_1$,0.1,1000,0.02,,25,100,0.15235238095238,0.15235238095238,0.00114,0.02,0.015235238095238,-0.7012224842565572,0.0,0.7599766326530613,2500,finite_k1_pi1_sweep,empirical FDR / nominal alpha
tikz-v1,figure1_supp,fdr_ratio_atlas_r2_c3,$N_{cal}$ by anomaly rate,7,heatmap_cell,standard_conformal_bh,finite_k1,pi1_sweep,-1.6989700043360187,3.6,-1.8494850021680092,-1.5,3.5,3.7,0.02,anomaly rate $\pi_1$,0.1,1000,0.02,,25,100,0.164099567099567,0.164099567099567,0.0009,0.0216,0.0164099567099567,-0.901131251355372,0.0,0.761736612244898,2500,finite_k1_pi1_sweep,empirical FDR / nominal alpha
tikz-v1,figure1_supp,fdr_ratio_atlas_r2_c3,$N_{cal}$ by anomaly rate,7,heatmap_cell,standard_conformal_bh,finite_k1,pi1_sweep,-1.6989700043360187,3.8,-1.8494850021680092,-1.5,3.7,3.9,0.02,anomaly rate $\pi_1$,0.1,1000,0.02,,25,100,0.332847619047619,0.332847619047619,0.00184,0.048,0.0332847619047619,-1.1011281758387568,0.0,0.7607242857142857,2500,finite_k1_pi1_sweep,empirical FDR / nominal alpha
tikz-v1,figure1_supp,fdr_ratio_atlas_r2_c3,$N_{cal}$ by anomaly rate,7,heatmap_cell,standard_conformal_bh,finite_k1,pi1_sweep,-1.6989700043360187,4.0,-1.8494850021680092,-1.5,3.9,4.1,0.02,anomaly rate $\pi_1$,0.1,1000,0.02,,25,100,1.0359999999999998,1.0359999999999998,0.00394,0.1588,0.1036,-1.3010734229408438,0.0,0.7616906530612245,2500,finite_k1_pi1_sweep,empirical FDR / nominal alpha
tikz-v1,figure1_supp,fdr_ratio_atlas_r2_c3,$N_{cal}$ by anomaly rate,7,heatmap_cell,standard_conformal_bh,finite_k1,pi1_sweep,-1.3010299956639813,1.4,-1.5,-1.1505149978319906,1.3,1.5,0.05,anomaly rate $\pi_1$,0.1,1000,0.05,,25,100,0.0,0.0,0.0,0.0,0.0,0.8860566476931633,1.0,0.7606374063157895,2500,finite_k1_pi1_sweep,empirical FDR / nominal alpha
tikz-v1,figure1_supp,fdr_ratio_atlas_r2_c3,$N_{cal}$ by anomaly rate,7,heatmap_cell,standard_conformal_bh,finite_k1,pi1_sweep,-1.3010299956639813,1.6,-1.5,-1.1505149978319906,1.5,1.7,0.05,anomaly rate $\pi_1$,0.1,1000,0.05,,25,100,0.0,0.0,0.0,0.0,0.0,0.6882461389442457,1.0,0.7609617768421052,2500,finite_k1_pi1_sweep,empirical FDR / nominal alpha
tikz-v1,figure1_supp,fdr_ratio_atlas_r2_c3,$N_{cal}$ by anomaly rate,7,heatmap_cell,standard_conformal_bh,finite_k1,pi1_sweep,-1.3010299956639813,1.7999999999999998,-1.5,-1.1505149978319906,1.7,1.9,0.05,anomaly rate $\pi_1$,0.1,1000,0.05,,25,100,0.0,0.0,0.0,0.0,0.0,0.494850021680094,1.0,0.7595818694736841,2500,finite_k1_pi1_sweep,empirical FDR / nominal alpha
tikz-v1,figure1_supp,fdr_ratio_atlas_r2_c3,$N_{cal}$ by anomaly rate,7,heatmap_cell,standard_conformal_bh,finite_k1,pi1_sweep,-1.3010299956639813,2.0,-1.5,-1.1505149978319906,1.9,2.1,0.05,anomaly rate $\pi_1$,0.1,1000,0.05,,25,100,0.0,0.0,0.0,0.0,0.0,0.2967086218813386,1.0,0.7595110568421053,2500,finite_k1_pi1_sweep,empirical FDR / nominal alpha
tikz-v1,figure1_supp,fdr_ratio_atlas_r2_c3,$N_{cal}$ by anomaly rate,7,heatmap_cell,standard_conformal_bh,finite_k1,pi1_sweep,-1.3010299956639813,2.2,-1.5,-1.1505149978319906,2.1,2.3,0.05,anomaly rate $\pi_1$,0.1,1000,0.05,,25,100,0.0,0.0,0.0,0.0,0.0,0.0996328713435296,1.0,0.7611226694736842,2500,finite_k1_pi1_sweep,empirical FDR / nominal alpha
tikz-v1,figure1_supp,fdr_ratio_atlas_r2_c3,$N_{cal}$ by anomaly rate,7,heatmap_cell,standard_conformal_bh,finite_k1,pi1_sweep,-1.3010299956639813,2.4,-1.5,-1.1505149978319906,2.3,2.5,0.05,anomaly rate $\pi_1$,0.1,1000,0.05,,25,100,0.0,0.0,0.0,0.0,0.0,-0.1003705451175629,0.0,0.7606226105263157,2500,finite_k1_pi1_sweep,empirical FDR / nominal alpha
tikz-v1,figure1_supp,fdr_ratio_atlas_r2_c3,$N_{cal}$ by anomaly rate,7,heatmap_cell,standard_conformal_bh,finite_k1,pi1_sweep,-1.3010299956639813,2.6,-1.5,-1.1505149978319906,2.5,2.7,0.05,anomaly rate $\pi_1$,0.1,1000,0.05,,25,100,0.031080179080179,0.031080179080179,0.000688,0.0044,0.0031080179080179,-0.2999429000227671,0.0,0.7607272589473684,2500,finite_k1_pi1_sweep,empirical FDR / nominal alpha
tikz-v1,figure1_supp,fdr_ratio_atlas_r2_c3,$N_{cal}$ by anomaly rate,7,heatmap_cell,standard_conformal_bh,finite_k1,pi1_sweep,-1.3010299956639813,2.8,-1.5,-1.1505149978319906,2.7,2.9,0.05,anomaly rate $\pi_1$,0.1,1000,0.05,,25,100,0.0,0.0,0.0,0.0,0.0,-0.4996870826184039,0.0,0.7581952000000001,2500,finite_k1_pi1_sweep,empirical FDR / nominal alpha
tikz-v1,figure1_supp,fdr_ratio_atlas_r2_c3,$N_{cal}$ by anomaly rate,7,heatmap_cell,standard_conformal_bh,finite_k1,pi1_sweep,-1.3010299956639813,3.0,-1.5,-1.1505149978319906,2.9,3.1,0.05,anomaly rate $\pi_1$,0.1,1000,0.05,,25,100,0.025779020979019997,0.025779020979019997,0.00032,0.004,0.002577902097902,-0.6994040818153374,0.0,0.7597065431578947,2500,finite_k1_pi1_sweep,empirical FDR / nominal alpha
tikz-v1,figure1_supp,fdr_ratio_atlas_r2_c3,$N_{cal}$ by anomaly rate,7,heatmap_cell,standard_conformal_bh,finite_k1,pi1_sweep,-1.3010299956639813,3.2,-1.5,-1.1505149978319906,3.1,3.3,0.05,anomaly rate $\pi_1$,0.1,1000,0.05,,25,100,0.09771113331113299,0.09771113331113299,0.001296,0.0176,0.0097711133311133,-0.8992731873176038,0.0,0.7598291789473683,2500,finite_k1_pi1_sweep,empirical FDR / nominal alpha
tikz-v1,figure1_supp,fdr_ratio_atlas_r2_c3,$N_{cal}$ by anomaly rate,7,heatmap_cell,standard_conformal_bh,finite_k1,pi1_sweep,-1.3010299956639813,3.4,-1.5,-1.1505149978319906,3.3,3.5,0.05,anomaly rate $\pi_1$,0.1,1000,0.05,,25,100,0.376788644688644,0.376788644688644,0.003144,0.0684,0.0376788644688644,-1.0991624929285948,0.0,0.7606426442105263,2500,finite_k1_pi1_sweep,empirical FDR / nominal alpha
tikz-v1,figure1_supp,fdr_ratio_atlas_r2_c3,$N_{cal}$ by anomaly rate,7,heatmap_cell,standard_conformal_bh,finite_k1,pi1_sweep,-1.3010299956639813,3.6,-1.5,-1.1505149978319906,3.5,3.7,0.05,anomaly rate $\pi_1$,0.1,1000,0.05,,25,100,0.211941269841269,0.211941269841269,0.001624,0.044,0.0211941269841269,-1.2990712600274097,0.0,0.7599181894736843,2500,finite_k1_pi1_sweep,empirical FDR / nominal alpha
tikz-v1,figure1_supp,fdr_ratio_atlas_r2_c3,$N_{cal}$ by anomaly rate,7,heatmap_cell,standard_conformal_bh,finite_k1,pi1_sweep,-1.3010299956639813,3.8,-1.5,-1.1505149978319906,3.7,3.9,0.05,anomaly rate $\pi_1$,0.1,1000,0.05,,25,100,0.185744322344322,0.185744322344322,0.001368,0.0416,0.0185744322344322,-1.4990681845107945,0.0,0.7609461389473685,2500,finite_k1_pi1_sweep,empirical FDR / nominal alpha
tikz-v1,figure1_supp,fdr_ratio_atlas_r2_c3,$N_{cal}$ by anomaly rate,7,heatmap_cell,standard_conformal_bh,finite_k1,pi1_sweep,-1.3010299956639813,4.0,-1.5,-1.1505149978319906,3.9,4.1,0.05,anomaly rate $\pi_1$,0.1,1000,0.05,,25,100,1.347971428571428,1.347971428571428,0.006208,0.3084,0.1347971428571428,-1.6990134316128815,0.0,0.7624197810526315,2500,finite_k1_pi1_sweep,empirical FDR / nominal alpha
tikz-v1,figure1_supp,fdr_ratio_atlas_r2_c3,$N_{cal}$ by anomaly rate,7,heatmap_cell,standard_conformal_bh,finite_k1,pi1_sweep,-1.0,1.4,-1.1505149978319906,-0.8494850021680094,1.3,1.5,0.1,anomaly rate $\pi_1$,0.1,1000,0.1,,25,100,0.0,0.0,0.0,0.0,0.0,0.585026652029182,1.0,0.7598912577777778,2500,finite_k1_pi1_sweep,empirical FDR / nominal alpha
tikz-v1,figure1_supp,fdr_ratio_atlas_r2_c3,$N_{cal}$ by anomaly rate,7,heatmap_cell,standard_conformal_bh,finite_k1,pi1_sweep,-1.0,1.6,-1.1505149978319906,-0.8494850021680094,1.5,1.7,0.1,anomaly rate $\pi_1$,0.1,1000,0.1,,25,100,0.0,0.0,0.0,0.0,0.0,0.3872161432802645,1.0,0.7608898577777778,2500,finite_k1_pi1_sweep,empirical FDR / nominal alpha
tikz-v1,figure1_supp,fdr_ratio_atlas_r2_c3,$N_{cal}$ by anomaly rate,7,heatmap_cell,standard_conformal_bh,finite_k1,pi1_sweep,-1.0,1.7999999999999998,-1.1505149978319906,-0.8494850021680094,1.7,1.9,0.1,anomaly rate $\pi_1$,0.1,1000,0.1,,25,100,0.0,0.0,0.0,0.0,0.0,0.1938200260161128,1.0,0.7598337022222222,2500,finite_k1_pi1_sweep,empirical FDR / nominal alpha
tikz-v1,figure1_supp,fdr_ratio_atlas_r2_c3,$N_{cal}$ by anomaly rate,7,heatmap_cell,standard_conformal_bh,finite_k1,pi1_sweep,-1.0,2.0,-1.1505149978319906,-0.8494850021680094,1.9,2.1,0.1,anomaly rate $\pi_1$,0.1,1000,0.1,,25,100,0.0,0.0,0.0,0.0,0.0,-0.0043213737826425,0.0,0.7609151422222222,2500,finite_k1_pi1_sweep,empirical FDR / nominal alpha
tikz-v1,figure1_supp,fdr_ratio_atlas_r2_c3,$N_{cal}$ by anomaly rate,7,heatmap_cell,standard_conformal_bh,finite_k1,pi1_sweep,-1.0,2.2,-1.1505149978319906,-0.8494850021680094,2.1,2.3,0.1,anomaly rate $\pi_1$,0.1,1000,0.1,,25,100,0.0,0.0,0.0,0.0,0.0,-0.2013971243204515,0.0,0.7601943466666666,2500,finite_k1_pi1_sweep,empirical FDR / nominal alpha
tikz-v1,figure1_supp,fdr_ratio_atlas_r2_c3,$N_{cal}$ by anomaly rate,7,heatmap_cell,standard_conformal_bh,finite_k1,pi1_sweep,-1.0,2.4,-1.1505149978319906,-0.8494850021680094,2.3,2.5,0.1,anomaly rate $\pi_1$,0.1,1000,0.1,,25,100,0.0,0.0,0.0,0.0,0.0,-0.4014005407815441,0.0,0.7594384977777777,2500,finite_k1_pi1_sweep,empirical FDR / nominal alpha
tikz-v1,figure1_supp,fdr_ratio_atlas_r2_c3,$N_{cal}$ by anomaly rate,7,heatmap_cell,standard_conformal_bh,finite_k1,pi1_sweep,-1.0,2.6,-1.1505149978319906,-0.8494850021680094,2.5,2.7,0.1,anomaly rate $\pi_1$,0.1,1000,0.1,,25,100,0.002518518518518,0.002518518518518,4e-05,0.0004,0.0002518518518518,-0.6009728956867483,0.0,0.7599309555555556,2500,finite_k1_pi1_sweep,empirical FDR / nominal alpha
tikz-v1,figure1_supp,fdr_ratio_atlas_r2_c3,$N_{cal}$ by anomaly rate,7,heatmap_cell,standard_conformal_bh,finite_k1,pi1_sweep,-1.0,2.8,-1.1505149978319906,-0.8494850021680094,2.7,2.9,0.1,anomaly rate $\pi_1$,0.1,1000,0.1,,25,100,0.006176470588235,0.006176470588235,0.00016,0.0016,0.0006176470588235,-0.800717078282385,0.0,0.7599506222222222,2500,finite_k1_pi1_sweep,empirical FDR / nominal alpha
tikz-v1,figure1_supp,fdr_ratio_atlas_r2_c3,$N_{cal}$ by anomaly rate,7,heatmap_cell,standard_conformal_bh,finite_k1,pi1_sweep,-1.0,3.0,-1.1505149978319906,-0.8494850021680094,2.9,3.1,0.1,anomaly rate $\pi_1$,0.1,1000,0.1,,25,100,0.102247119547119,0.102247119547119,0.00158,0.0244,0.0102247119547119,-1.0004340774793186,0.0,0.76036612,2500,finite_k1_pi1_sweep,empirical FDR / nominal alpha
tikz-v1,figure1_supp,fdr_ratio_atlas_r2_c3,$N_{cal}$ by anomaly rate,7,heatmap_cell,standard_conformal_bh,finite_k1,pi1_sweep,-1.0,3.2,-1.1505149978319906,-0.8494850021680094,3.1,3.3,0.1,anomaly rate $\pi_1$,0.1,1000,0.1,,25,100,0.030079975579974997,0.030079975579974997,0.0003799999999999,0.008,0.0030079975579975,-1.200303182981585,0.0,0.7602462977777777,2500,finite_k1_pi1_sweep,empirical FDR / nominal alpha
tikz-v1,figure1_supp,fdr_ratio_atlas_r2_c3,$N_{cal}$ by anomaly rate,7,heatmap_cell,standard_conformal_bh,finite_k1,pi1_sweep,-1.0,3.4,-1.1505149978319906,-0.8494850021680094,3.3,3.5,0.1,anomaly rate $\pi_1$,0.1,1000,0.1,,25,100,0.18937523295418,0.18937523295418,0.002356,0.0608,0.018937523295418,-1.400192488592576,0.0,0.7599260666666667,2500,finite_k1_pi1_sweep,empirical FDR / nominal alpha
tikz-v1,figure1_supp,fdr_ratio_atlas_r2_c3,$N_{cal}$ by anomaly rate,7,heatmap_cell,standard_conformal_bh,finite_k1,pi1_sweep,-1.0,3.6,-1.1505149978319906,-0.8494850021680094,3.5,3.7,0.1,anomaly rate $\pi_1$,0.1,1000,0.1,,25,100,0.244549927849927,0.244549927849927,0.0023799999999999,0.0848,0.0244549927849927,-1.6001012556913907,0.0,0.7604118577777778,2500,finite_k1_pi1_sweep,empirical FDR / nominal alpha
tikz-v1,figure1_supp,fdr_ratio_atlas_r2_c3,$N_{cal}$ by anomaly rate,7,heatmap_cell,standard_conformal_bh,finite_k1,pi1_sweep,-1.0,3.8,-1.1505149978319906,-0.8494850021680094,3.7,3.9,0.1,anomaly rate $\pi_1$,0.1,1000,0.1,,25,100,0.400442857142857,0.400442857142857,0.003292,0.1408,0.0400442857142857,-1.8000981801747755,0.0,0.7593629822222222,2500,finite_k1_pi1_sweep,empirical FDR / nominal alpha
tikz-v1,figure1_supp,fdr_ratio_atlas_r2_c3,$N_{cal}$ by anomaly rate,7,heatmap_cell,standard_conformal_bh,finite_k1,pi1_sweep,-1.0,4.0,-1.1505149978319906,-0.8494850021680094,3.9,4.1,0.1,anomaly rate $\pi_1$,0.1,1000,0.1,,25,100,0.98405873015873,0.98405873015873,0.006,0.3748,0.098405873015873,-2.0000434272768626,0.0,0.7597711555555555,2500,finite_k1_pi1_sweep,empirical FDR / nominal alpha
tikz-v1,figure1_supp,fdr_ratio_atlas_r2_c3,$N_{cal}$ by anomaly rate,7,heatmap_cell,standard_conformal_bh,finite_k1,pi1_sweep,-0.6989700043360187,1.4,-0.8494850021680094,-0.5484550065040281,1.3,1.5,0.2,anomaly rate $\pi_1$,0.1,1000,0.2,,25,100,0.0,0.0,0.0,0.0,0.0,0.2839966563652008,1.0,0.7606614549999999,2500,finite_k1_pi1_sweep,empirical FDR / nominal alpha
tikz-v1,figure1_supp,fdr_ratio_atlas_r2_c3,$N_{cal}$ by anomaly rate,7,heatmap_cell,standard_conformal_bh,finite_k1,pi1_sweep,-0.6989700043360187,1.6,-0.8494850021680094,-0.5484550065040281,1.5,1.7,0.2,anomaly rate $\pi_1$,0.1,1000,0.2,,25,100,0.0,0.0,0.0,0.0,0.0,0.0861861476162833,1.0,0.7602746325,2500,finite_k1_pi1_sweep,empirical FDR / nominal alpha
tikz-v1,figure1_supp,fdr_ratio_atlas_r2_c3,$N_{cal}$ by anomaly rate,7,heatmap_cell,standard_conformal_bh,finite_k1,pi1_sweep,-0.6989700043360187,1.7999999999999998,-0.8494850021680094,-0.5484550065040281,1.7,1.9,0.2,anomaly rate $\pi_1$,0.1,1000,0.2,,25,100,0.0,0.0,0.0,0.0,0.0,-0.1072099696478683,0.0,0.7607318074999999,2500,finite_k1_pi1_sweep,empirical FDR / nominal alpha
tikz-v1,figure1_supp,fdr_ratio_atlas_r2_c3,$N_{cal}$ by anomaly rate,7,heatmap_cell,standard_conformal_bh,finite_k1,pi1_sweep,-0.6989700043360187,2.0,-0.8494850021680094,-0.5484550065040281,1.9,2.1,0.2,anomaly rate $\pi_1$,0.1,1000,0.2,,25,100,0.0,0.0,0.0,0.0,0.0,-0.3053513694466238,0.0,0.7602611525,2500,finite_k1_pi1_sweep,empirical FDR / nominal alpha
tikz-v1,figure1_supp,fdr_ratio_atlas_r2_c3,$N_{cal}$ by anomaly rate,7,heatmap_cell,standard_conformal_bh,finite_k1,pi1_sweep,-0.6989700043360187,2.2,-0.8494850021680094,-0.5484550065040281,2.1,2.3,0.2,anomaly rate $\pi_1$,0.1,1000,0.2,,25,100,0.0,0.0,0.0,0.0,0.0,-0.5024271199844327,0.0,0.75963168,2500,finite_k1_pi1_sweep,empirical FDR / nominal alpha
tikz-v1,figure1_supp,fdr_ratio_atlas_r2_c3,$N_{cal}$ by anomaly rate,7,heatmap_cell,standard_conformal_bh,finite_k1,pi1_sweep,-0.6989700043360187,2.4,-0.8494850021680094,-0.5484550065040281,2.3,2.5,0.2,anomaly rate $\pi_1$,0.1,1000,0.2,,25,100,0.101322196795189,0.101322196795189,0.0044499999999999,0.0292,0.0101322196795189,-0.7024305364455253,0.0,0.7605624275,2500,finite_k1_pi1_sweep,empirical FDR / nominal alpha
tikz-v1,figure1_supp,fdr_ratio_atlas_r2_c3,$N_{cal}$ by anomaly rate,7,heatmap_cell,standard_conformal_bh,finite_k1,pi1_sweep,-0.6989700043360187,2.6,-0.8494850021680094,-0.5484550065040281,2.5,2.7,0.2,anomaly rate $\pi_1$,0.1,1000,0.2,,25,100,0.083451394052424,0.083451394052424,0.002954,0.028,0.0083451394052424,-0.9020028913507294,0.0,0.7602153125,2500,finite_k1_pi1_sweep,empirical FDR / nominal alpha
tikz-v1,figure1_supp,fdr_ratio_atlas_r2_c3,$N_{cal}$ by anomaly rate,7,heatmap_cell,standard_conformal_bh,finite_k1,pi1_sweep,-0.6989700043360187,2.8,-0.8494850021680094,-0.5484550065040281,2.7,2.9,0.2,anomaly rate $\pi_1$,0.1,1000,0.2,,25,100,0.12260374577263099,0.12260374577263099,0.003432,0.0444,0.0122603745772631,-1.1017470739463662,0.0,0.7602350025,2500,finite_k1_pi1_sweep,empirical FDR / nominal alpha
tikz-v1,figure1_supp,fdr_ratio_atlas_r2_c3,$N_{cal}$ by anomaly rate,7,heatmap_cell,standard_conformal_bh,finite_k1,pi1_sweep,-0.6989700043360187,3.0,-0.8494850021680094,-0.5484550065040281,2.9,3.1,0.2,anomaly rate $\pi_1$,0.1,1000,0.2,,25,100,0.19161019827736997,0.19161019827736997,0.00468,0.0936,0.019161019827737,-1.3014640731432998,0.0,0.7599158175,2500,finite_k1_pi1_sweep,empirical FDR / nominal alpha
tikz-v1,figure1_supp,fdr_ratio_atlas_r2_c3,$N_{cal}$ by anomaly rate,7,heatmap_cell,standard_conformal_bh,finite_k1,pi1_sweep,-0.6989700043360187,3.2,-0.8494850021680094,-0.5484550065040281,3.1,3.3,0.2,anomaly rate $\pi_1$,0.1,1000,0.2,,25,100,0.14284800567509498,0.14284800567509498,0.003058,0.0632,0.0142848005675095,-1.501333178645566,0.0,0.7603907575000001,2500,finite_k1_pi1_sweep,empirical FDR / nominal alpha
tikz-v1,figure1_supp,fdr_ratio_atlas_r2_c3,$N_{cal}$ by anomaly rate,7,heatmap_cell,standard_conformal_bh,finite_k1,pi1_sweep,-0.6989700043360187,3.4,-0.8494850021680094,-0.5484550065040281,3.3,3.5,0.2,anomaly rate $\pi_1$,0.1,1000,0.2,,25,100,0.472046852064344,0.472046852064344,0.007178,0.2688,0.0472046852064344,-1.701222484256557,0.0,0.76057785,2500,finite_k1_pi1_sweep,empirical FDR / nominal alpha
tikz-v1,figure1_supp,fdr_ratio_atlas_r2_c3,$N_{cal}$ by anomaly rate,7,heatmap_cell,standard_conformal_bh,finite_k1,pi1_sweep,-0.6989700043360187,3.6,-0.8494850021680094,-0.5484550065040281,3.5,3.7,0.2,anomaly rate $\pi_1$,0.1,1000,0.2,,25,100,0.399948884775355,0.399948884775355,0.005786,0.24,0.0399948884775355,-1.901131251355372,0.0,0.759696695,2500,finite_k1_pi1_sweep,empirical FDR / nominal alpha
tikz-v1,figure1_supp,fdr_ratio_atlas_r2_c3,$N_{cal}$ by anomaly rate,7,heatmap_cell,standard_conformal_bh,finite_k1,pi1_sweep,-0.6989700043360187,3.8,-0.8494850021680094,-0.5484550065040281,3.7,3.9,0.2,anomaly rate $\pi_1$,0.1,1000,0.2,,25,100,0.4944759212744,0.4944759212744,0.006188,0.3112,0.04944759212744,-2.101128175838757,0.0,0.7605207675,2500,finite_k1_pi1_sweep,empirical FDR / nominal alpha
tikz-v1,figure1_supp,fdr_ratio_atlas_r2_c3,$N_{cal}$ by anomaly rate,7,heatmap_cell,standard_conformal_bh,finite_k1,pi1_sweep,-0.6989700043360187,4.0,-0.8494850021680094,-0.5484550065040281,3.9,4.1,0.2,anomaly rate $\pi_1$,0.1,1000,0.2,,25,100,0.6889167580785219,0.6889167580785219,0.007166,0.5192,0.0688916758078522,-2.301073422940844,0.0,0.7599653124999999,2500,finite_k1_pi1_sweep,empirical FDR / nominal alpha
tikz-v1,figure1_supp,fdr_ratio_atlas_r3_c4,$N_{cal}$ by FDR level,12,heatmap_cell,standard_conformal_bh,finite_k2,alpha_sweep,-2.0,1.4,-2.1989700043360187,-1.8010299956639813,1.3,1.5,0.01,nominal FDR $\alpha$,0.01,1000,0.05,,25,100,0.0,0.0,0.0,0.0,0.0,1.8860566476931635,1.0,0.92232816,2500,finite_k2_alpha_sweep,empirical FDR / nominal alpha
tikz-v1,figure1_supp,fdr_ratio_atlas_r3_c4,$N_{cal}$ by FDR level,12,heatmap_cell,standard_conformal_bh,finite_k2,alpha_sweep,-2.0,1.6,-2.1989700043360187,-1.8010299956639813,1.5,1.7,0.01,nominal FDR $\alpha$,0.01,1000,0.05,,25,100,0.0,0.0,0.0,0.0,0.0,1.6882461389442458,1.0,0.921850905263158,2500,finite_k2_alpha_sweep,empirical FDR / nominal alpha
tikz-v1,figure1_supp,fdr_ratio_atlas_r3_c4,$N_{cal}$ by FDR level,12,heatmap_cell,standard_conformal_bh,finite_k2,alpha_sweep,-2.0,1.7999999999999998,-2.1989700043360187,-1.8010299956639813,1.7,1.9,0.01,nominal FDR $\alpha$,0.01,1000,0.05,,25,100,0.0,0.0,0.0,0.0,0.0,1.494850021680094,1.0,0.9214911915789474,2500,finite_k2_alpha_sweep,empirical FDR / nominal alpha
tikz-v1,figure1_supp,fdr_ratio_atlas_r3_c4,$N_{cal}$ by FDR level,12,heatmap_cell,standard_conformal_bh,finite_k2,alpha_sweep,-2.0,2.0,-2.1989700043360187,-1.8010299956639813,1.9,2.1,0.01,nominal FDR $\alpha$,0.01,1000,0.05,,25,100,0.0,0.0,0.0,0.0,0.0,1.2967086218813386,1.0,0.9209912926315788,2500,finite_k2_alpha_sweep,empirical FDR / nominal alpha
tikz-v1,figure1_supp,fdr_ratio_atlas_r3_c4,$N_{cal}$ by FDR level,12,heatmap_cell,standard_conformal_bh,finite_k2,alpha_sweep,-2.0,2.2,-2.1989700043360187,-1.8010299956639813,2.1,2.3,0.01,nominal FDR $\alpha$,0.01,1000,0.05,,25,100,0.0,0.0,0.0,0.0,0.0,1.0996328713435295,1.0,0.921573734736842,2500,finite_k2_alpha_sweep,empirical FDR / nominal alpha
tikz-v1,figure1_supp,fdr_ratio_atlas_r3_c4,$N_{cal}$ by FDR level,12,heatmap_cell,standard_conformal_bh,finite_k2,alpha_sweep,-2.0,2.4,-2.1989700043360187,-1.8010299956639813,2.3,2.5,0.01,nominal FDR $\alpha$,0.01,1000,0.05,,25,100,0.0,0.0,0.0,0.0,0.0,0.8996294548824371,1.0,0.92120064,2500,finite_k2_alpha_sweep,empirical FDR / nominal alpha
tikz-v1,figure1_supp,fdr_ratio_atlas_r3_c4,$N_{cal}$ by FDR level,12,heatmap_cell,standard_conformal_bh,finite_k2,alpha_sweep,-2.0,2.6,-2.1989700043360187,-1.8010299956639813,2.5,2.7,0.01,nominal FDR $\alpha$,0.01,1000,0.05,,25,100,0.0,0.0,0.0,0.0,0.0,0.700057099977233,1.0,0.921867427368421,2500,finite_k2_alpha_sweep,empirical FDR / nominal alpha
tikz-v1,figure1_supp,fdr_ratio_atlas_r3_c4,$N_{cal}$ by FDR level,12,heatmap_cell,standard_conformal_bh,finite_k2,alpha_sweep,-2.0,2.8,-2.1989700043360187,-1.8010299956639813,2.7,2.9,0.01,nominal FDR $\alpha$,0.01,1000,0.05,,25,100,0.0,0.0,0.0,0.0,0.0,0.5003129173815962,1.0,0.9212211115789471,2500,finite_k2_alpha_sweep,empirical FDR / nominal alpha
tikz-v1,figure1_supp,fdr_ratio_atlas_r3_c4,$N_{cal}$ by FDR level,12,heatmap_cell,standard_conformal_bh,finite_k2,alpha_sweep,-2.0,3.0,-2.1989700043360187,-1.8010299956639813,2.9,3.1,0.01,nominal FDR $\alpha$,0.01,1000,0.05,,25,100,0.0,0.0,0.0,0.0,0.0,0.3005959181846626,1.0,0.9208627957894736,2500,finite_k2_alpha_sweep,empirical FDR / nominal alpha
tikz-v1,figure1_supp,fdr_ratio_atlas_r3_c4,$N_{cal}$ by FDR level,12,heatmap_cell,standard_conformal_bh,finite_k2,alpha_sweep,-2.0,3.2,-2.1989700043360187,-1.8010299956639813,3.1,3.3,0.01,nominal FDR $\alpha$,0.01,1000,0.05,,25,100,0.0,0.0,0.0,0.0,0.0,0.1007268126823962,1.0,0.9212903410526316,2500,finite_k2_alpha_sweep,empirical FDR / nominal alpha
tikz-v1,figure1_supp,fdr_ratio_atlas_r3_c4,$N_{cal}$ by FDR level,12,heatmap_cell,standard_conformal_bh,finite_k2,alpha_sweep,-2.0,3.4,-2.1989700043360187,-1.8010299956639813,3.3,3.5,0.01,nominal FDR $\alpha$,0.01,1000,0.05,,25,100,0.0,0.0,0.0,0.0,0.0,-0.0991624929285947,0.0,0.921868134736842,2500,finite_k2_alpha_sweep,empirical FDR / nominal alpha
tikz-v1,figure1_supp,fdr_ratio_atlas_r3_c4,$N_{cal}$ by FDR level,12,heatmap_cell,standard_conformal_bh,finite_k2,alpha_sweep,-2.0,3.6,-2.1989700043360187,-1.8010299956639813,3.5,3.7,0.01,nominal FDR $\alpha$,0.01,1000,0.05,,25,100,0.0,0.0,0.0,0.0,0.0,-0.2990712600274095,0.0,0.9204669810526316,2500,finite_k2_alpha_sweep,empirical FDR / nominal alpha
tikz-v1,figure1_supp,fdr_ratio_atlas_r3_c4,$N_{cal}$ by FDR level,12,heatmap_cell,standard_conformal_bh,finite_k2,alpha_sweep,-2.0,3.8,-2.1989700043360187,-1.8010299956639813,3.7,3.9,0.01,nominal FDR $\alpha$,0.01,1000,0.05,,25,100,0.0,0.0,0.0,0.0,0.0,-0.4990681845107945,0.0,0.9212487915789472,2500,finite_k2_alpha_sweep,empirical FDR / nominal alpha
tikz-v1,figure1_supp,fdr_ratio_atlas_r3_c4,$N_{cal}$ by FDR level,12,heatmap_cell,standard_conformal_bh,finite_k2,alpha_sweep,-2.0,4.0,-2.1989700043360187,-1.8010299956639813,3.9,4.1,0.01,nominal FDR $\alpha$,0.01,1000,0.05,,25,100,0.008,0.008,6.4e-05,0.0004,8e-05,-0.6990134316128814,0.0,0.9211973136842104,2500,finite_k2_alpha_sweep,empirical FDR / nominal alpha
tikz-v1,figure1_supp,fdr_ratio_atlas_r3_c4,$N_{cal}$ by FDR level,12,heatmap_cell,standard_conformal_bh,finite_k2,alpha_sweep,-1.6020599913279625,1.4,-1.8010299956639813,-1.451544993495972,1.3,1.5,0.025,nominal FDR $\alpha$,0.025,1000,0.05,,25,100,0.0,0.0,0.0,0.0,0.0,1.4881166390211256,1.0,0.9215584757894738,2500,finite_k2_alpha_sweep,empirical FDR / nominal alpha
tikz-v1,figure1_supp,fdr_ratio_atlas_r3_c4,$N_{cal}$ by FDR level,12,heatmap_cell,standard_conformal_bh,finite_k2,alpha_sweep,-1.6020599913279625,1.6,-1.8010299956639813,-1.451544993495972,1.5,1.7,0.025,nominal FDR $\alpha$,0.025,1000,0.05,,25,100,0.0,0.0,0.0,0.0,0.0,1.290306130272208,1.0,0.9212181978947368,2500,finite_k2_alpha_sweep,empirical FDR / nominal alpha
tikz-v1,figure1_supp,fdr_ratio_atlas_r3_c4,$N_{cal}$ by FDR level,12,heatmap_cell,standard_conformal_bh,finite_k2,alpha_sweep,-1.6020599913279625,1.7999999999999998,-1.8010299956639813,-1.451544993495972,1.7,1.9,0.025,nominal FDR $\alpha$,0.025,1000,0.05,,25,100,0.0,0.0,0.0,0.0,0.0,1.0969100130080565,1.0,0.9213866357894738,2500,finite_k2_alpha_sweep,empirical FDR / nominal alpha
tikz-v1,figure1_supp,fdr_ratio_atlas_r3_c4,$N_{cal}$ by FDR level,12,heatmap_cell,standard_conformal_bh,finite_k2,alpha_sweep,-1.6020599913279625,2.0,-1.8010299956639813,-1.451544993495972,1.9,2.1,0.025,nominal FDR $\alpha$,0.025,1000,0.05,,25,100,0.0,0.0,0.0,0.0,0.0,0.898768613209301,1.0,0.9214708294736842,2500,finite_k2_alpha_sweep,empirical FDR / nominal alpha
tikz-v1,figure1_supp,fdr_ratio_atlas_r3_c4,$N_{cal}$ by FDR level,12,heatmap_cell,standard_conformal_bh,finite_k2,alpha_sweep,-1.6020599913279625,2.2,-1.8010299956639813,-1.451544993495972,2.1,2.3,0.025,nominal FDR $\alpha$,0.025,1000,0.05,,25,100,0.0,0.0,0.0,0.0,0.0,0.7016928626714921,1.0,0.921246787368421,2500,finite_k2_alpha_sweep,empirical FDR / nominal alpha
tikz-v1,figure1_supp,fdr_ratio_atlas_r3_c4,$N_{cal}$ by FDR level,12,heatmap_cell,standard_conformal_bh,finite_k2,alpha_sweep,-1.6020599913279625,2.4,-1.8010299956639813,-1.451544993495972,2.3,2.5,0.025,nominal FDR $\alpha$,0.025,1000,0.05,,25,100,0.0,0.0,0.0,0.0,0.0,0.5016894462103995,1.0,0.9207615157894736,2500,finite_k2_alpha_sweep,empirical FDR / nominal alpha
tikz-v1,figure1_supp,fdr_ratio_atlas_r3_c4,$N_{cal}$ by FDR level,12,heatmap_cell,standard_conformal_bh,finite_k2,alpha_sweep,-1.6020599913279625,2.6,-1.8010299956639813,-1.451544993495972,2.5,2.7,0.025,nominal FDR $\alpha$,0.025,1000,0.05,,25,100,0.0,0.0,0.0,0.0,0.0,0.3021170913051953,1.0,0.9210728757894736,2500,finite_k2_alpha_sweep,empirical FDR / nominal alpha
tikz-v1,figure1_supp,fdr_ratio_atlas_r3_c4,$N_{cal}$ by FDR level,12,heatmap_cell,standard_conformal_bh,finite_k2,alpha_sweep,-1.6020599913279625,2.8,-1.8010299956639813,-1.451544993495972,2.7,2.9,0.025,nominal FDR $\alpha$,0.025,1000,0.05,,25,100,0.0,0.0,0.0,0.0,0.0,0.1023729087095585,1.0,0.9216421557894736,2500,finite_k2_alpha_sweep,empirical FDR / nominal alpha
tikz-v1,figure1_supp,fdr_ratio_atlas_r3_c4,$N_{cal}$ by FDR level,12,heatmap_cell,standard_conformal_bh,finite_k2,alpha_sweep,-1.6020599913279625,3.0,-1.8010299956639813,-1.451544993495972,2.9,3.1,0.025,nominal FDR $\alpha$,0.025,1000,0.05,,25,100,0.0,0.0,0.0,0.0,0.0,-0.097344090487375,0.0,0.9208719073684212,2500,finite_k2_alpha_sweep,empirical FDR / nominal alpha
tikz-v1,figure1_supp,fdr_ratio_atlas_r3_c4,$N_{cal}$ by FDR level,12,heatmap_cell,standard_conformal_bh,finite_k2,alpha_sweep,-1.6020599913279625,3.2,-1.8010299956639813,-1.451544993495972,3.1,3.3,0.025,nominal FDR $\alpha$,0.025,1000,0.05,,25,100,0.0,0.0,0.0,0.0,0.0,-0.2972131959896414,0.0,0.9213766063157894,2500,finite_k2_alpha_sweep,empirical FDR / nominal alpha
tikz-v1,figure1_supp,fdr_ratio_atlas_r3_c4,$N_{cal}$ by FDR level,12,heatmap_cell,standard_conformal_bh,finite_k2,alpha_sweep,-1.6020599913279625,3.4,-1.8010299956639813,-1.451544993495972,3.3,3.5,0.025,nominal FDR $\alpha$,0.025,1000,0.05,,25,100,0.0,0.0,0.0,0.0,0.0,-0.4971025016006324,0.0,0.9214224336842104,2500,finite_k2_alpha_sweep,empirical FDR / nominal alpha
tikz-v1,figure1_supp,fdr_ratio_atlas_r3_c4,$N_{cal}$ by FDR level,12,heatmap_cell,standard_conformal_bh,finite_k2,alpha_sweep,-1.6020599913279625,3.6,-1.8010299956639813,-1.451544993495972,3.5,3.7,0.025,nominal FDR $\alpha$,0.025,1000,0.05,,25,100,0.10442703962703599,0.10442703962703599,0.004632,0.0224,0.0026106759906759,-0.6970112686994471,0.0,0.9210816589473684,2500,finite_k2_alpha_sweep,empirical FDR / nominal alpha
tikz-v1,figure1_supp,fdr_ratio_atlas_r3_c4,$N_{cal}$ by FDR level,12,heatmap_cell,standard_conformal_bh,finite_k2,alpha_sweep,-1.6020599913279625,3.8,-1.8010299956639813,-1.451544993495972,3.7,3.9,0.025,nominal FDR $\alpha$,0.025,1000,0.05,,25,100,0.215025019425016,0.215025019425016,0.008896,0.06,0.0053756254856254,-0.8970081931828321,0.0,0.9210670063157892,2500,finite_k2_alpha_sweep,empirical FDR / nominal alpha
tikz-v1,figure1_supp,fdr_ratio_atlas_r3_c4,$N_{cal}$ by FDR level,12,heatmap_cell,standard_conformal_bh,finite_k2,alpha_sweep,-1.6020599913279625,4.0,-1.8010299956639813,-1.451544993495972,3.9,4.1,0.025,nominal FDR $\alpha$,0.025,1000,0.05,,25,100,0.406639027639024,0.406639027639024,0.019352,0.1808,0.0101659756909756,-1.096953440284919,0.0,0.9214396378947368,2500,finite_k2_alpha_sweep,empirical FDR / nominal alpha
tikz-v1,figure1_supp,fdr_ratio_atlas_r3_c4,$N_{cal}$ by FDR level,12,heatmap_cell,standard_conformal_bh,finite_k2,alpha_sweep,-1.3010299956639813,1.4,-1.451544993495972,-1.1505149978319906,1.3,1.5,0.05,nominal FDR $\alpha$,0.05,1000,0.05,,25,100,0.0,0.0,0.0,0.0,0.0,1.1870866433571443,1.0,0.9213670063157894,2500,finite_k2_alpha_sweep,empirical FDR / nominal alpha
tikz-v1,figure1_supp,fdr_ratio_atlas_r3_c4,$N_{cal}$ by FDR level,12,heatmap_cell,standard_conformal_bh,finite_k2,alpha_sweep,-1.3010299956639813,1.6,-1.451544993495972,-1.1505149978319906,1.5,1.7,0.05,nominal FDR $\alpha$,0.05,1000,0.05,,25,100,0.0,0.0,0.0,0.0,0.0,0.9892761346082268,1.0,0.9205286484210526,2500,finite_k2_alpha_sweep,empirical FDR / nominal alpha
tikz-v1,figure1_supp,fdr_ratio_atlas_r3_c4,$N_{cal}$ by FDR level,12,heatmap_cell,standard_conformal_bh,finite_k2,alpha_sweep,-1.3010299956639813,1.7999999999999998,-1.451544993495972,-1.1505149978319906,1.7,1.9,0.05,nominal FDR $\alpha$,0.05,1000,0.05,,25,100,0.0,0.0,0.0,0.0,0.0,0.7958800173440752,1.0,0.9210376757894736,2500,finite_k2_alpha_sweep,empirical FDR / nominal alpha
tikz-v1,figure1_supp,fdr_ratio_atlas_r3_c4,$N_{cal}$ by FDR level,12,heatmap_cell,standard_conformal_bh,finite_k2,alpha_sweep,-1.3010299956639813,2.0,-1.451544993495972,-1.1505149978319906,1.9,2.1,0.05,nominal FDR $\alpha$,0.05,1000,0.05,,25,100,0.0,0.0,0.0,0.0,0.0,0.5977386175453198,1.0,0.9217867031578948,2500,finite_k2_alpha_sweep,empirical FDR / nominal alpha
tikz-v1,figure1_supp,fdr_ratio_atlas_r3_c4,$N_{cal}$ by FDR level,12,heatmap_cell,standard_conformal_bh,finite_k2,alpha_sweep,-1.3010299956639813,2.2,-1.451544993495972,-1.1505149978319906,2.1,2.3,0.05,nominal FDR $\alpha$,0.05,1000,0.05,,25,100,0.0,0.0,0.0,0.0,0.0,0.4006628670075109,1.0,0.9216805305263156,2500,finite_k2_alpha_sweep,empirical FDR / nominal alpha
tikz-v1,figure1_supp,fdr_ratio_atlas_r3_c4,$N_{cal}$ by FDR level,12,heatmap_cell,standard_conformal_bh,finite_k2,alpha_sweep,-1.3010299956639813,2.4,-1.451544993495972,-1.1505149978319906,2.3,2.5,0.05,nominal FDR $\alpha$,0.05,1000,0.05,,25,100,0.0,0.0,0.0,0.0,0.0,0.2006594505464182,1.0,0.9204767494736844,2500,finite_k2_alpha_sweep,empirical FDR / nominal alpha
tikz-v1,figure1_supp,fdr_ratio_atlas_r3_c4,$N_{cal}$ by FDR level,12,heatmap_cell,standard_conformal_bh,finite_k2,alpha_sweep,-1.3010299956639813,2.6,-1.451544993495972,-1.1505149978319906,2.5,2.7,0.05,nominal FDR $\alpha$,0.05,1000,0.05,,25,100,0.0,0.0,0.0,0.0,0.0,0.0010870956412141,1.0,0.9209448926315787,2500,finite_k2_alpha_sweep,empirical FDR / nominal alpha
tikz-v1,figure1_supp,fdr_ratio_atlas_r3_c4,$N_{cal}$ by FDR level,12,heatmap_cell,standard_conformal_bh,finite_k2,alpha_sweep,-1.3010299956639813,2.8,-1.451544993495972,-1.1505149978319906,2.7,2.9,0.05,nominal FDR $\alpha$,0.05,1000,0.05,,25,100,0.056525469954879996,0.056525469954879996,0.0034799999999999,0.008,0.002826273497744,-0.1986570869544226,0.0,0.9206362189473682,2500,finite_k2_alpha_sweep,empirical FDR / nominal alpha
tikz-v1,figure1_supp,fdr_ratio_atlas_r3_c4,$N_{cal}$ by FDR level,12,heatmap_cell,standard_conformal_bh,finite_k2,alpha_sweep,-1.3010299956639813,3.0,-1.451544993495972,-1.1505149978319906,2.9,3.1,0.05,nominal FDR $\alpha$,0.05,1000,0.05,,25,100,0.029382382834555996,0.029382382834555996,0.002264,0.0068,0.0014691191417278,-0.3983740861513562,0.0,0.9215527915789474,2500,finite_k2_alpha_sweep,empirical FDR / nominal alpha
tikz-v1,figure1_supp,fdr_ratio_atlas_r3_c4,$N_{cal}$ by FDR level,12,heatmap_cell,standard_conformal_bh,finite_k2,alpha_sweep,-1.3010299956639813,3.2,-1.451544993495972,-1.1505149978319906,3.1,3.3,0.05,nominal FDR $\alpha$,0.05,1000,0.05,,25,100,0.135209502098086,0.135209502098086,0.010112,0.0404,0.0067604751049043,-0.5982431916536226,0.0,0.9212208421052632,2500,finite_k2_alpha_sweep,empirical FDR / nominal alpha
tikz-v1,figure1_supp,fdr_ratio_atlas_r3_c4,$N_{cal}$ by FDR level,12,heatmap_cell,standard_conformal_bh,finite_k2,alpha_sweep,-1.3010299956639813,3.4,-1.451544993495972,-1.1505149978319906,3.3,3.5,0.05,nominal FDR $\alpha$,0.05,1000,0.05,,25,100,0.27798092626327797,0.27798092626327797,0.023144,0.1388,0.0138990463131639,-0.7981324972646135,0.0,0.9210540631578948,2500,finite_k2_alpha_sweep,empirical FDR / nominal alpha
tikz-v1,figure1_supp,fdr_ratio_atlas_r3_c4,$N_{cal}$ by FDR level,12,heatmap_cell,standard_conformal_bh,finite_k2,alpha_sweep,-1.3010299956639813,3.6,-1.451544993495972,-1.1505149978319906,3.5,3.7,0.05,nominal FDR $\alpha$,0.05,1000,0.05,,25,100,0.337849381337616,0.337849381337616,0.025984,0.174,0.0168924690668808,-0.9980412643634284,0.0,0.9211147789473686,2500,finite_k2_alpha_sweep,empirical FDR / nominal alpha
tikz-v1,figure1_supp,fdr_ratio_atlas_r3_c4,$N_{cal}$ by FDR level,12,heatmap_cell,standard_conformal_bh,finite_k2,alpha_sweep,-1.3010299956639813,3.8,-1.451544993495972,-1.1505149978319906,3.7,3.9,0.05,nominal FDR $\alpha$,0.05,1000,0.05,,25,100,0.44234057445821995,0.44234057445821995,0.035512,0.2988,0.022117028722911,-1.1980381888468132,0.0,0.9215005389473684,2500,finite_k2_alpha_sweep,empirical FDR / nominal alpha
tikz-v1,figure1_supp,fdr_ratio_atlas_r3_c4,$N_{cal}$ by FDR level,12,heatmap_cell,standard_conformal_bh,finite_k2,alpha_sweep,-1.3010299956639813,4.0,-1.451544993495972,-1.1505149978319906,3.9,4.1,0.05,nominal FDR $\alpha$,0.05,1000,0.05,,25,100,1.037059770123236,1.037059770123236,0.072144,0.7132,0.0518529885061618,-1.3979834359489005,0.0,0.9220119831578948,2500,finite_k2_alpha_sweep,empirical FDR / nominal alpha
tikz-v1,figure1_supp,fdr_ratio_atlas_r3_c4,$N_{cal}$ by FDR level,12,heatmap_cell,standard_conformal_bh,finite_k2,alpha_sweep,-1.0,1.4,-1.1505149978319906,-0.8494850021680094,1.3,1.5,0.1,nominal FDR $\alpha$,0.1,1000,0.05,,25,100,0.0,0.0,0.0,0.0,0.0,0.8860566476931633,1.0,0.9207751831578944,2500,finite_k2_alpha_sweep,empirical FDR / nominal alpha
tikz-v1,figure1_supp,fdr_ratio_atlas_r3_c4,$N_{cal}$ by FDR level,12,heatmap_cell,standard_conformal_bh,finite_k2,alpha_sweep,-1.0,1.6,-1.1505149978319906,-0.8494850021680094,1.5,1.7,0.1,nominal FDR $\alpha$,0.1,1000,0.05,,25,100,0.0,0.0,0.0,0.0,0.0,0.6882461389442457,1.0,0.9216085389473684,2500,finite_k2_alpha_sweep,empirical FDR / nominal alpha
tikz-v1,figure1_supp,fdr_ratio_atlas_r3_c4,$N_{cal}$ by FDR level,12,heatmap_cell,standard_conformal_bh,finite_k2,alpha_sweep,-1.0,1.7999999999999998,-1.1505149978319906,-0.8494850021680094,1.7,1.9,0.1,nominal FDR $\alpha$,0.1,1000,0.05,,25,100,0.0,0.0,0.0,0.0,0.0,0.494850021680094,1.0,0.921607865263158,2500,finite_k2_alpha_sweep,empirical FDR / nominal alpha
tikz-v1,figure1_supp,fdr_ratio_atlas_r3_c4,$N_{cal}$ by FDR level,12,heatmap_cell,standard_conformal_bh,finite_k2,alpha_sweep,-1.0,2.0,-1.1505149978319906,-0.8494850021680094,1.9,2.1,0.1,nominal FDR $\alpha$,0.1,1000,0.05,,25,100,0.0,0.0,0.0,0.0,0.0,0.2967086218813386,1.0,0.921075494736842,2500,finite_k2_alpha_sweep,empirical FDR / nominal alpha
tikz-v1,figure1_supp,fdr_ratio_atlas_r3_c4,$N_{cal}$ by FDR level,12,heatmap_cell,standard_conformal_bh,finite_k2,alpha_sweep,-1.0,2.2,-1.1505149978319906,-0.8494850021680094,2.1,2.3,0.1,nominal FDR $\alpha$,0.1,1000,0.05,,25,100,0.0,0.0,0.0,0.0,0.0,0.0996328713435296,1.0,0.92118944,2500,finite_k2_alpha_sweep,empirical FDR / nominal alpha
tikz-v1,figure1_supp,fdr_ratio_atlas_r3_c4,$N_{cal}$ by FDR level,12,heatmap_cell,standard_conformal_bh,finite_k2,alpha_sweep,-1.0,2.4,-1.1505149978319906,-0.8494850021680094,2.3,2.5,0.1,nominal FDR $\alpha$,0.1,1000,0.05,,25,100,0.008984240508971,0.008984240508971,0.001256,0.0024,0.0008984240508971,-0.1003705451175629,0.0,0.9211313010526316,2500,finite_k2_alpha_sweep,empirical FDR / nominal alpha
tikz-v1,figure1_supp,fdr_ratio_atlas_r3_c4,$N_{cal}$ by FDR level,12,heatmap_cell,standard_conformal_bh,finite_k2,alpha_sweep,-1.0,2.6,-1.1505149978319906,-0.8494850021680094,2.5,2.7,0.1,nominal FDR $\alpha$,0.1,1000,0.05,,25,100,0.11783481471671599,0.11783481471671599,0.013784,0.0356,0.0117834814716716,-0.2999429000227671,0.0,0.9212077136842104,2500,finite_k2_alpha_sweep,empirical FDR / nominal alpha
tikz-v1,figure1_supp,fdr_ratio_atlas_r3_c4,$N_{cal}$ by FDR level,12,heatmap_cell,standard_conformal_bh,finite_k2,alpha_sweep,-1.0,2.8,-1.1505149978319906,-0.8494850021680094,2.7,2.9,0.1,nominal FDR $\alpha$,0.1,1000,0.05,,25,100,0.348797826063258,0.348797826063258,0.045352,0.1404,0.0348797826063258,-0.4996870826184039,0.0,0.921499082105263,2500,finite_k2_alpha_sweep,empirical FDR / nominal alpha
tikz-v1,figure1_supp,fdr_ratio_atlas_r3_c4,$N_{cal}$ by FDR level,12,heatmap_cell,standard_conformal_bh,finite_k2,alpha_sweep,-1.0,3.0,-1.1505149978319906,-0.8494850021680094,2.9,3.1,0.1,nominal FDR $\alpha$,0.1,1000,0.05,,25,100,0.7760773152618119,0.7760773152618119,0.096552,0.3888,0.0776077315261812,-0.6994040818153374,0.0,0.9223104168421052,2500,finite_k2_alpha_sweep,empirical FDR / nominal alpha
tikz-v1,figure1_supp,fdr_ratio_atlas_r3_c4,$N_{cal}$ by FDR level,12,heatmap_cell,standard_conformal_bh,finite_k2,alpha_sweep,-1.0,3.2,-1.1505149978319906,-0.8494850021680094,3.1,3.3,0.1,nominal FDR $\alpha$,0.1,1000,0.05,,25,100,0.650997062311638,0.650997062311638,0.088104,0.4376,0.0650997062311638,-0.8992731873176038,0.0,0.9216611789473684,2500,finite_k2_alpha_sweep,empirical FDR / nominal alpha
tikz-v1,figure1_supp,fdr_ratio_atlas_r3_c4,$N_{cal}$ by FDR level,12,heatmap_cell,standard_conformal_bh,finite_k2,alpha_sweep,-1.0,3.4,-1.1505149978319906,-0.8494850021680094,3.3,3.5,0.1,nominal FDR $\alpha$,0.1,1000,0.05,,25,100,0.7264304584774629,0.7264304584774629,0.093488,0.5468,0.0726430458477463,-1.0991624929285948,0.0,0.9213106021052632,2500,finite_k2_alpha_sweep,empirical FDR / nominal alpha
tikz-v1,figure1_supp,fdr_ratio_atlas_r3_c4,$N_{cal}$ by FDR level,12,heatmap_cell,standard_conformal_bh,finite_k2,alpha_sweep,-1.0,3.6,-1.1505149978319906,-0.8494850021680094,3.5,3.7,0.1,nominal FDR $\alpha$,0.1,1000,0.05,,25,100,0.692117867333822,0.692117867333822,0.0901039999999999,0.6424,0.0692117867333822,-1.2990712600274097,0.0,0.921241734736842,2500,finite_k2_alpha_sweep,empirical FDR / nominal alpha
tikz-v1,figure1_supp,fdr_ratio_atlas_r3_c4,$N_{cal}$ by FDR level,12,heatmap_cell,standard_conformal_bh,finite_k2,alpha_sweep,-1.0,3.8,-1.1505149978319906,-0.8494850021680094,3.7,3.9,0.1,nominal FDR $\alpha$,0.1,1000,0.05,,25,100,1.0217470253276628,1.0217470253276628,0.1298079999999999,0.9144,0.1021747025327663,-1.4990681845107945,0.0,0.9213367915789472,2500,finite_k2_alpha_sweep,empirical FDR / nominal alpha
tikz-v1,figure1_supp,fdr_ratio_atlas_r3_c4,$N_{cal}$ by FDR level,12,heatmap_cell,standard_conformal_bh,finite_k2,alpha_sweep,-1.0,4.0,-1.1505149978319906,-0.8494850021680094,3.9,4.1,0.1,nominal FDR $\alpha$,0.1,1000,0.05,,25,100,0.9323335556583819,0.9323335556583819,0.117752,0.9108,0.0932333555658382,-1.6990134316128815,0.0,0.9214056421052632,2500,finite_k2_alpha_sweep,empirical FDR / nominal alpha
tikz-v1,figure1_supp,fdr_ratio_atlas_r3_c4,$N_{cal}$ by FDR level,12,heatmap_cell,standard_conformal_bh,finite_k2,alpha_sweep,-0.6989700043360187,1.4,-0.8494850021680094,-0.5484550065040281,1.3,1.5,0.2,nominal FDR $\alpha$,0.2,1000,0.05,,25,100,0.0,0.0,0.0,0.0,0.0,0.585026652029182,1.0,0.9209666189473684,2500,finite_k2_alpha_sweep,empirical FDR / nominal alpha
tikz-v1,figure1_supp,fdr_ratio_atlas_r3_c4,$N_{cal}$ by FDR level,12,heatmap_cell,standard_conformal_bh,finite_k2,alpha_sweep,-0.6989700043360187,1.6,-0.8494850021680094,-0.5484550065040281,1.5,1.7,0.2,nominal FDR $\alpha$,0.2,1000,0.05,,25,100,0.0,0.0,0.0,0.0,0.0,0.3872161432802645,1.0,0.9211322947368422,2500,finite_k2_alpha_sweep,empirical FDR / nominal alpha
tikz-v1,figure1_supp,fdr_ratio_atlas_r3_c4,$N_{cal}$ by FDR level,12,heatmap_cell,standard_conformal_bh,finite_k2,alpha_sweep,-0.6989700043360187,1.7999999999999998,-0.8494850021680094,-0.5484550065040281,1.7,1.9,0.2,nominal FDR $\alpha$,0.2,1000,0.05,,25,100,0.014269325613629,0.014269325613629,0.003152,0.0048,0.0028538651227258,0.1938200260161128,1.0,0.9217118484210524,2500,finite_k2_alpha_sweep,empirical FDR / nominal alpha
tikz-v1,figure1_supp,fdr_ratio_atlas_r3_c4,$N_{cal}$ by FDR level,12,heatmap_cell,standard_conformal_bh,finite_k2,alpha_sweep,-0.6989700043360187,2.0,-0.8494850021680094,-0.5484550065040281,1.9,2.1,0.2,nominal FDR $\alpha$,0.2,1000,0.05,,25,100,0.3394134497812605,0.3394134497812605,0.073976,0.1104,0.0678826899562521,-0.0043213737826425,0.0,0.9213591326315788,2500,finite_k2_alpha_sweep,empirical FDR / nominal alpha
tikz-v1,figure1_supp,fdr_ratio_atlas_r3_c4,$N_{cal}$ by FDR level,12,heatmap_cell,standard_conformal_bh,finite_k2,alpha_sweep,-0.6989700043360187,2.2,-0.8494850021680094,-0.5484550065040281,2.1,2.3,0.2,nominal FDR $\alpha$,0.2,1000,0.05,,25,100,0.6205225873326534,0.6205225873326534,0.1373359999999999,0.2516,0.1241045174665307,-0.2013971243204515,0.0,0.9214240505263158,2500,finite_k2_alpha_sweep,empirical FDR / nominal alpha
tikz-v1,figure1_supp,fdr_ratio_atlas_r3_c4,$N_{cal}$ by FDR level,12,heatmap_cell,standard_conformal_bh,finite_k2,alpha_sweep,-0.6989700043360187,2.4,-0.8494850021680094,-0.5484550065040281,2.3,2.5,0.2,nominal FDR $\alpha$,0.2,1000,0.05,,25,100,0.5803304205446624,0.5803304205446624,0.1341919999999999,0.3224,0.1160660841089325,-0.4014005407815441,0.0,0.9219052799999996,2500,finite_k2_alpha_sweep,empirical FDR / nominal alpha
tikz-v1,figure1_supp,fdr_ratio_atlas_r3_c4,$N_{cal}$ by FDR level,12,heatmap_cell,standard_conformal_bh,finite_k2,alpha_sweep,-0.6989700043360187,2.6,-0.8494850021680094,-0.5484550065040281,2.5,2.7,0.2,nominal FDR $\alpha$,0.2,1000,0.05,,25,100,0.6108796118176565,0.6108796118176565,0.145952,0.4324,0.1221759223635313,-0.6009728956867483,0.0,0.9213778694736844,2500,finite_k2_alpha_sweep,empirical FDR / nominal alpha
tikz-v1,figure1_supp,fdr_ratio_atlas_r3_c4,$N_{cal}$ by FDR level,12,heatmap_cell,standard_conformal_bh,finite_k2,alpha_sweep,-0.6989700043360187,2.8,-0.8494850021680094,-0.5484550065040281,2.7,2.9,0.2,nominal FDR $\alpha$,0.2,1000,0.05,,25,100,0.8623755399757475,0.8623755399757475,0.2082239999999999,0.702,0.1724751079951495,-0.800717078282385,0.0,0.9216601515789474,2500,finite_k2_alpha_sweep,empirical FDR / nominal alpha
tikz-v1,figure1_supp,fdr_ratio_atlas_r3_c4,$N_{cal}$ by FDR level,12,heatmap_cell,standard_conformal_bh,finite_k2,alpha_sweep,-0.6989700043360187,3.0,-0.8494850021680094,-0.5484550065040281,2.9,3.1,0.2,nominal FDR $\alpha$,0.2,1000,0.05,,25,100,0.6348872962264029,0.6348872962264029,0.159896,0.7312,0.1269774592452806,-1.0004340774793186,0.0,0.92128288,2500,finite_k2_alpha_sweep,empirical FDR / nominal alpha
tikz-v1,figure1_supp,fdr_ratio_atlas_r3_c4,$N_{cal}$ by FDR level,12,heatmap_cell,standard_conformal_bh,finite_k2,alpha_sweep,-0.6989700043360187,3.2,-0.8494850021680094,-0.5484550065040281,3.1,3.3,0.2,nominal FDR $\alpha$,0.2,1000,0.05,,25,100,0.8902923193281435,0.8902923193281435,0.213952,0.884,0.1780584638656287,-1.200303182981585,0.0,0.921226130526316,2500,finite_k2_alpha_sweep,empirical FDR / nominal alpha
tikz-v1,figure1_supp,fdr_ratio_atlas_r3_c4,$N_{cal}$ by FDR level,12,heatmap_cell,standard_conformal_bh,finite_k2,alpha_sweep,-0.6989700043360187,3.4,-0.8494850021680094,-0.5484550065040281,3.3,3.5,0.2,nominal FDR $\alpha$,0.2,1000,0.05,,25,100,0.8687250633308944,0.8687250633308944,0.214088,0.916,0.1737450126661789,-1.400192488592576,0.0,0.921685002105263,2500,finite_k2_alpha_sweep,empirical FDR / nominal alpha
tikz-v1,figure1_supp,fdr_ratio_atlas_r3_c4,$N_{cal}$ by FDR level,12,heatmap_cell,standard_conformal_bh,finite_k2,alpha_sweep,-0.6989700043360187,3.6,-0.8494850021680094,-0.5484550065040281,3.5,3.7,0.2,nominal FDR $\alpha$,0.2,1000,0.05,,25,100,0.9065161519056599,0.9065161519056599,0.2198,0.9388,0.181303230381132,-1.6001012556913907,0.0,0.9215851115789476,2500,finite_k2_alpha_sweep,empirical FDR / nominal alpha
tikz-v1,figure1_supp,fdr_ratio_atlas_r3_c4,$N_{cal}$ by FDR level,12,heatmap_cell,standard_conformal_bh,finite_k2,alpha_sweep,-0.6989700043360187,3.8,-0.8494850021680094,-0.5484550065040281,3.7,3.9,0.2,nominal FDR $\alpha$,0.2,1000,0.05,,25,100,0.8905416473069839,0.8905416473069839,0.211384,0.9704,0.1781083294613968,-1.8000981801747755,0.0,0.922063629473684,2500,finite_k2_alpha_sweep,empirical FDR / nominal alpha
tikz-v1,figure1_supp,fdr_ratio_atlas_r3_c4,$N_{cal}$ by FDR level,12,heatmap_cell,standard_conformal_bh,finite_k2,alpha_sweep,-0.6989700043360187,4.0,-0.8494850021680094,-0.5484550065040281,3.9,4.1,0.2,nominal FDR $\alpha$,0.2,1000,0.05,,25,100,0.9907470472149965,0.9907470472149965,0.2323279999999999,0.9928,0.1981494094429993,-2.0000434272768626,0.0,0.92109392,2500,finite_k2_alpha_sweep,empirical FDR / nominal alpha
tikz-v1,figure1_supp,fdr_ratio_atlas_r3_c2,$N_{cal}$ by $m$; fixed 10 anomalies,10,heatmap_cell,standard_conformal_bh,finite_k2,m_fixed_count,1.6989700043360187,1.4,1.548455006504028,1.8494850021680092,1.3,1.5,50.0,test batch size $m$,0.1,50,,10.0,25,100,0.0023999999999989997,0.0023999999999989997,0.00032,0.0004,0.0002399999999999,0.2839966563652008,1.0,0.921188,2500,finite_k2_m_fixed_count,empirical FDR / nominal alpha
tikz-v1,figure1_supp,fdr_ratio_atlas_r3_c2,$N_{cal}$ by $m$; fixed 10 anomalies,10,heatmap_cell,standard_conformal_bh,finite_k2,m_fixed_count,1.6989700043360187,1.6,1.548455006504028,1.8494850021680092,1.5,1.7,50.0,test batch size $m$,0.1,50,,10.0,25,100,0.008615384615384,0.008615384615384,0.002,0.0024,0.0008615384615384,0.0861861476162833,1.0,0.919664,2500,finite_k2_m_fixed_count,empirical FDR / nominal alpha
tikz-v1,figure1_supp,fdr_ratio_atlas_r3_c2,$N_{cal}$ by $m$; fixed 10 anomalies,10,heatmap_cell,standard_conformal_bh,finite_k2,m_fixed_count,1.6989700043360187,1.7999999999999998,1.548455006504028,1.8494850021680092,1.7,1.9,50.0,test batch size $m$,0.1,50,,10.0,25,100,0.48101854811854794,0.48101854811854794,0.1464,0.2104,0.0481018548118548,-0.1072099696478683,0.0,0.919441,2500,finite_k2_m_fixed_count,empirical FDR / nominal alpha
tikz-v1,figure1_supp,fdr_ratio_atlas_r3_c2,$N_{cal}$ by $m$; fixed 10 anomalies,10,heatmap_cell,standard_conformal_bh,finite_k2,m_fixed_count,1.6989700043360187,2.0,1.548455006504028,1.8494850021680092,1.9,2.1,50.0,test batch size $m$,0.1,50,,10.0,25,100,0.6511362970362969,0.6511362970362969,0.25424,0.4432,0.0651136297036297,-0.3053513694466238,0.0,0.921307,2500,finite_k2_m_fixed_count,empirical FDR / nominal alpha
tikz-v1,figure1_supp,fdr_ratio_atlas_r3_c2,$N_{cal}$ by $m$; fixed 10 anomalies,10,heatmap_cell,standard_conformal_bh,finite_k2,m_fixed_count,1.6989700043360187,2.2,1.548455006504028,1.8494850021680092,2.1,2.3,50.0,test batch size $m$,0.1,50,,10.0,25,100,0.309504684204684,0.309504684204684,0.14952,0.302,0.0309504684204684,-0.5024271199844327,0.0,0.920703,2500,finite_k2_m_fixed_count,empirical FDR / nominal alpha
tikz-v1,figure1_supp,fdr_ratio_atlas_r3_c2,$N_{cal}$ by $m$; fixed 10 anomalies,10,heatmap_cell,standard_conformal_bh,finite_k2,m_fixed_count,1.6989700043360187,2.4,1.548455006504028,1.8494850021680092,2.3,2.5,50.0,test batch size $m$,0.1,50,,10.0,25,100,0.621413564213564,0.621413564213564,0.2942399999999999,0.7308,0.0621413564213564,-0.7024305364455253,0.0,0.920731,2500,finite_k2_m_fixed_count,empirical FDR / nominal alpha
tikz-v1,figure1_supp,fdr_ratio_atlas_r3_c2,$N_{cal}$ by $m$; fixed 10 anomalies,10,heatmap_cell,standard_conformal_bh,finite_k2,m_fixed_count,1.6989700043360187,2.6,1.548455006504028,1.8494850021680092,2.5,2.7,50.0,test batch size $m$,0.1,50,,10.0,25,100,0.76343865023865,0.76343865023865,0.34176,0.758,0.076343865023865,-0.9020028913507294,0.0,0.921509,2500,finite_k2_m_fixed_count,empirical FDR / nominal alpha
tikz-v1,figure1_supp,fdr_ratio_atlas_r3_c2,$N_{cal}$ by $m$; fixed 10 anomalies,10,heatmap_cell,standard_conformal_bh,finite_k2,m_fixed_count,1.6989700043360187,2.8,1.548455006504028,1.8494850021680092,2.7,2.9,50.0,test batch size $m$,0.1,50,,10.0,25,100,0.8536572316572311,0.8536572316572311,0.36748,0.8912,0.0853657231657231,-1.1017470739463662,0.0,0.9214070000000002,2500,finite_k2_m_fixed_count,empirical FDR / nominal alpha
tikz-v1,figure1_supp,fdr_ratio_atlas_r3_c2,$N_{cal}$ by $m$; fixed 10 anomalies,10,heatmap_cell,standard_conformal_bh,finite_k2,m_fixed_count,1.6989700043360187,3.0,1.548455006504028,1.8494850021680092,2.9,3.1,50.0,test batch size $m$,0.1,50,,10.0,25,100,0.8478909090909089,0.8478909090909089,0.35672,0.9168,0.0847890909090909,-1.3014640731432998,0.0,0.921511,2500,finite_k2_m_fixed_count,empirical FDR / nominal alpha
tikz-v1,figure1_supp,fdr_ratio_atlas_r3_c2,$N_{cal}$ by $m$; fixed 10 anomalies,10,heatmap_cell,standard_conformal_bh,finite_k2,m_fixed_count,1.6989700043360187,3.2,1.548455006504028,1.8494850021680092,3.1,3.3,50.0,test batch size $m$,0.1,50,,10.0,25,100,0.7808183705183699,0.7808183705183699,0.3424,0.896,0.078081837051837,-1.501333178645566,0.0,0.918964,2500,finite_k2_m_fixed_count,empirical FDR / nominal alpha
tikz-v1,figure1_supp,fdr_ratio_atlas_r3_c2,$N_{cal}$ by $m$; fixed 10 anomalies,10,heatmap_cell,standard_conformal_bh,finite_k2,m_fixed_count,1.6989700043360187,3.4,1.548455006504028,1.8494850021680092,3.3,3.5,50.0,test batch size $m$,0.1,50,,10.0,25,100,0.9111866133866129,0.9111866133866129,0.3698399999999999,0.9352,0.0911186613386613,-1.701222484256557,0.0,0.920752,2500,finite_k2_m_fixed_count,empirical FDR / nominal alpha
tikz-v1,figure1_supp,fdr_ratio_atlas_r3_c2,$N_{cal}$ by $m$; fixed 10 anomalies,10,heatmap_cell,standard_conformal_bh,finite_k2,m_fixed_count,1.6989700043360187,3.6,1.548455006504028,1.8494850021680092,3.5,3.7,50.0,test batch size $m$,0.1,50,,10.0,25,100,0.741417316017315,0.741417316017315,0.35352,0.9008,0.0741417316017315,-1.901131251355372,0.0,0.9216220000000002,2500,finite_k2_m_fixed_count,empirical FDR / nominal alpha
tikz-v1,figure1_supp,fdr_ratio_atlas_r3_c2,$N_{cal}$ by $m$; fixed 10 anomalies,10,heatmap_cell,standard_conformal_bh,finite_k2,m_fixed_count,1.6989700043360187,3.8,1.548455006504028,1.8494850021680092,3.7,3.9,50.0,test batch size $m$,0.1,50,,10.0,25,100,0.8641322102733859,0.8641322102733859,0.36132,0.9224,0.0864132210273386,-2.101128175838757,0.0,0.921446,2500,finite_k2_m_fixed_count,empirical FDR / nominal alpha
tikz-v1,figure1_supp,fdr_ratio_atlas_r3_c2,$N_{cal}$ by $m$; fixed 10 anomalies,10,heatmap_cell,standard_conformal_bh,finite_k2,m_fixed_count,1.6989700043360187,4.0,1.548455006504028,1.8494850021680092,3.9,4.1,50.0,test batch size $m$,0.1,50,,10.0,25,100,0.780818725718725,0.780818725718725,0.36168,0.9172,0.0780818725718725,-2.301073422940844,0.0,0.921714,2500,finite_k2_m_fixed_count,empirical FDR / nominal alpha
tikz-v1,figure1_supp,fdr_ratio_atlas_r3_c2,$N_{cal}$ by $m$; fixed 10 anomalies,10,heatmap_cell,standard_conformal_bh,finite_k2,m_fixed_count,2.0,1.4,1.8494850021680092,2.15051499783199,1.3,1.5,100.0,test batch size $m$,0.1,100,,10.0,25,100,0.0,0.0,0.0,0.0,0.0,0.585026652029182,1.0,0.9202875555555554,2500,finite_k2_m_fixed_count,empirical FDR / nominal alpha
tikz-v1,figure1_supp,fdr_ratio_atlas_r3_c2,$N_{cal}$ by $m$; fixed 10 anomalies,10,heatmap_cell,standard_conformal_bh,finite_k2,m_fixed_count,2.0,1.6,1.8494850021680092,2.15051499783199,1.5,1.7,100.0,test batch size $m$,0.1,100,,10.0,25,100,0.0,0.0,0.0,0.0,0.0,0.3872161432802645,1.0,0.9225928888888888,2500,finite_k2_m_fixed_count,empirical FDR / nominal alpha
tikz-v1,figure1_supp,fdr_ratio_atlas_r3_c2,$N_{cal}$ by $m$; fixed 10 anomalies,10,heatmap_cell,standard_conformal_bh,finite_k2,m_fixed_count,2.0,1.7999999999999998,1.8494850021680092,2.15051499783199,1.7,1.9,100.0,test batch size $m$,0.1,100,,10.0,25,100,0.094134277092017,0.094134277092017,0.0138799999999999,0.0176,0.0094134277092017,0.1938200260161128,1.0,0.9224591111111112,2500,finite_k2_m_fixed_count,empirical FDR / nominal alpha
tikz-v1,figure1_supp,fdr_ratio_atlas_r3_c2,$N_{cal}$ by $m$; fixed 10 anomalies,10,heatmap_cell,standard_conformal_bh,finite_k2,m_fixed_count,2.0,2.0,1.8494850021680092,2.15051499783199,1.9,2.1,100.0,test batch size $m$,0.1,100,,10.0,25,100,0.13803053417171,0.13803053417171,0.0246799999999999,0.0364,0.013803053417171,-0.0043213737826425,0.0,0.9222231111111112,2500,finite_k2_m_fixed_count,empirical FDR / nominal alpha
tikz-v1,figure1_supp,fdr_ratio_atlas_r3_c2,$N_{cal}$ by $m$; fixed 10 anomalies,10,heatmap_cell,standard_conformal_bh,finite_k2,m_fixed_count,2.0,2.2,1.8494850021680092,2.15051499783199,2.1,2.3,100.0,test batch size $m$,0.1,100,,10.0,25,100,0.23866948606948601,0.23866948606948601,0.0462,0.082,0.0238669486069486,-0.2013971243204515,0.0,0.9211031111111112,2500,finite_k2_m_fixed_count,empirical FDR / nominal alpha
tikz-v1,figure1_supp,fdr_ratio_atlas_r3_c2,$N_{cal}$ by $m$; fixed 10 anomalies,10,heatmap_cell,standard_conformal_bh,finite_k2,m_fixed_count,2.0,2.4,1.8494850021680092,2.15051499783199,2.3,2.5,100.0,test batch size $m$,0.1,100,,10.0,25,100,0.84714985014985,0.84714985014985,0.193,0.4136,0.084714985014985,-0.4014005407815441,0.0,0.9219391111111112,2500,finite_k2_m_fixed_count,empirical FDR / nominal alpha
tikz-v1,figure1_supp,fdr_ratio_atlas_r3_c2,$N_{cal}$ by $m$; fixed 10 anomalies,10,heatmap_cell,standard_conformal_bh,finite_k2,m_fixed_count,2.0,2.6,1.8494850021680092,2.15051499783199,2.5,2.7,100.0,test batch size $m$,0.1,100,,10.0,25,100,0.465716161616161,0.465716161616161,0.14304,0.376,0.0465716161616161,-0.6009728956867483,0.0,0.9231995555555556,2500,finite_k2_m_fixed_count,empirical FDR / nominal alpha
tikz-v1,figure1_supp,fdr_ratio_atlas_r3_c2,$N_{cal}$ by $m$; fixed 10 anomalies,10,heatmap_cell,standard_conformal_bh,finite_k2,m_fixed_count,2.0,2.8,1.8494850021680092,2.15051499783199,2.7,2.9,100.0,test batch size $m$,0.1,100,,10.0,25,100,0.6770665445665439,0.6770665445665439,0.18652,0.5172,0.0677066544566544,-0.800717078282385,0.0,0.9216031111111112,2500,finite_k2_m_fixed_count,empirical FDR / nominal alpha
tikz-v1,figure1_supp,fdr_ratio_atlas_r3_c2,$N_{cal}$ by $m$; fixed 10 anomalies,10,heatmap_cell,standard_conformal_bh,finite_k2,m_fixed_count,2.0,3.0,1.8494850021680092,2.15051499783199,2.9,3.1,100.0,test batch size $m$,0.1,100,,10.0,25,100,0.9030705627705619,0.9030705627705619,0.2366,0.7592,0.0903070562770562,-1.0004340774793186,0.0,0.9219466666666668,2500,finite_k2_m_fixed_count,empirical FDR / nominal alpha
tikz-v1,figure1_supp,fdr_ratio_atlas_r3_c2,$N_{cal}$ by $m$; fixed 10 anomalies,10,heatmap_cell,standard_conformal_bh,finite_k2,m_fixed_count,2.0,3.2,1.8494850021680092,2.15051499783199,3.1,3.3,100.0,test batch size $m$,0.1,100,,10.0,25,100,0.824996658896658,0.824996658896658,0.23312,0.764,0.0824996658896658,-1.200303182981585,0.0,0.9222204444444444,2500,finite_k2_m_fixed_count,empirical FDR / nominal alpha
tikz-v1,figure1_supp,fdr_ratio_atlas_r3_c2,$N_{cal}$ by $m$; fixed 10 anomalies,10,heatmap_cell,standard_conformal_bh,finite_k2,m_fixed_count,2.0,3.4,1.8494850021680092,2.15051499783199,3.3,3.5,100.0,test batch size $m$,0.1,100,,10.0,25,100,0.740015873015873,0.740015873015873,0.22128,0.7728,0.0740015873015873,-1.400192488592576,0.0,0.9220257777777776,2500,finite_k2_m_fixed_count,empirical FDR / nominal alpha
tikz-v1,figure1_supp,fdr_ratio_atlas_r3_c2,$N_{cal}$ by $m$; fixed 10 anomalies,10,heatmap_cell,standard_conformal_bh,finite_k2,m_fixed_count,2.0,3.6,1.8494850021680092,2.15051499783199,3.5,3.7,100.0,test batch size $m$,0.1,100,,10.0,25,100,0.8162936507936499,0.8162936507936499,0.2274,0.7808,0.081629365079365,-1.6001012556913907,0.0,0.9199991111111112,2500,finite_k2_m_fixed_count,empirical FDR / nominal alpha
tikz-v1,figure1_supp,fdr_ratio_atlas_r3_c2,$N_{cal}$ by $m$; fixed 10 anomalies,10,heatmap_cell,standard_conformal_bh,finite_k2,m_fixed_count,2.0,3.8,1.8494850021680092,2.15051499783199,3.7,3.9,100.0,test batch size $m$,0.1,100,,10.0,25,100,0.905605616605616,0.905605616605616,0.2408,0.804,0.0905605616605616,-1.8000981801747755,0.0,0.9223079999999998,2500,finite_k2_m_fixed_count,empirical FDR / nominal alpha
tikz-v1,figure1_supp,fdr_ratio_atlas_r3_c2,$N_{cal}$ by $m$; fixed 10 anomalies,10,heatmap_cell,standard_conformal_bh,finite_k2,m_fixed_count,2.0,4.0,1.8494850021680092,2.15051499783199,3.9,4.1,100.0,test batch size $m$,0.1,100,,10.0,25,100,0.860032467532467,0.860032467532467,0.24456,0.8204,0.0860032467532467,-2.0000434272768626,0.0,0.9220004444444444,2500,finite_k2_m_fixed_count,empirical FDR / nominal alpha
tikz-v1,figure1_supp,fdr_ratio_atlas_r3_c2,$N_{cal}$ by $m$; fixed 10 anomalies,10,heatmap_cell,standard_conformal_bh,finite_k2,m_fixed_count,2.3010299956639813,1.4,2.15051499783199,2.5,1.3,1.5,200.0,test batch size $m$,0.1,200,,10.0,25,100,0.0,0.0,0.0,0.0,0.0,0.8860566476931633,1.0,0.9221831578947368,2500,finite_k2_m_fixed_count,empirical FDR / nominal alpha
tikz-v1,figure1_supp,fdr_ratio_atlas_r3_c2,$N_{cal}$ by $m$; fixed 10 anomalies,10,heatmap_cell,standard_conformal_bh,finite_k2,m_fixed_count,2.3010299956639813,1.6,2.15051499783199,2.5,1.5,1.7,200.0,test batch size $m$,0.1,200,,10.0,25,100,0.0,0.0,0.0,0.0,0.0,0.6882461389442457,1.0,0.9220427368421052,2500,finite_k2_m_fixed_count,empirical FDR / nominal alpha
tikz-v1,figure1_supp,fdr_ratio_atlas_r3_c2,$N_{cal}$ by $m$; fixed 10 anomalies,10,heatmap_cell,standard_conformal_bh,finite_k2,m_fixed_count,2.3010299956639813,1.7999999999999998,2.15051499783199,2.5,1.7,1.9,200.0,test batch size $m$,0.1,200,,10.0,25,100,0.0,0.0,0.0,0.0,0.0,0.494850021680094,1.0,0.9224128421052632,2500,finite_k2_m_fixed_count,empirical FDR / nominal alpha
tikz-v1,figure1_supp,fdr_ratio_atlas_r3_c2,$N_{cal}$ by $m$; fixed 10 anomalies,10,heatmap_cell,standard_conformal_bh,finite_k2,m_fixed_count,2.3010299956639813,2.0,2.15051499783199,2.5,1.9,2.1,200.0,test batch size $m$,0.1,200,,10.0,25,100,0.0,0.0,0.0,0.0,0.0,0.2967086218813386,1.0,0.9221888421052632,2500,finite_k2_m_fixed_count,empirical FDR / nominal alpha
tikz-v1,figure1_supp,fdr_ratio_atlas_r3_c2,$N_{cal}$ by $m$; fixed 10 anomalies,10,heatmap_cell,standard_conformal_bh,finite_k2,m_fixed_count,2.3010299956639813,2.2,2.15051499783199,2.5,2.1,2.3,200.0,test batch size $m$,0.1,200,,10.0,25,100,0.121053436759319,0.121053436759319,0.01384,0.022,0.0121053436759319,0.0996328713435296,1.0,0.9204983157894738,2500,finite_k2_m_fixed_count,empirical FDR / nominal alpha
tikz-v1,figure1_supp,fdr_ratio_atlas_r3_c2,$N_{cal}$ by $m$; fixed 10 anomalies,10,heatmap_cell,standard_conformal_bh,finite_k2,m_fixed_count,2.3010299956639813,2.4,2.15051499783199,2.5,2.3,2.5,200.0,test batch size $m$,0.1,200,,10.0,25,100,0.10777272727272699,0.10777272727272699,0.01536,0.0288,0.0107772727272727,-0.1003705451175629,0.0,0.9204515789473684,2500,finite_k2_m_fixed_count,empirical FDR / nominal alpha
tikz-v1,figure1_supp,fdr_ratio_atlas_r3_c2,$N_{cal}$ by $m$; fixed 10 anomalies,10,heatmap_cell,standard_conformal_bh,finite_k2,m_fixed_count,2.3010299956639813,2.6,2.15051499783199,2.5,2.5,2.7,200.0,test batch size $m$,0.1,200,,10.0,25,100,0.151206227106227,0.151206227106227,0.0226,0.048,0.0151206227106227,-0.2999429000227671,0.0,0.9201846315789473,2500,finite_k2_m_fixed_count,empirical FDR / nominal alpha
tikz-v1,figure1_supp,fdr_ratio_atlas_r3_c2,$N_{cal}$ by $m$; fixed 10 anomalies,10,heatmap_cell,standard_conformal_bh,finite_k2,m_fixed_count,2.3010299956639813,2.8,2.15051499783199,2.5,2.7,2.9,200.0,test batch size $m$,0.1,200,,10.0,25,100,0.285638277735336,0.285638277735336,0.0471599999999999,0.1196,0.0285638277735336,-0.4996870826184039,0.0,0.9210749473684208,2500,finite_k2_m_fixed_count,empirical FDR / nominal alpha
tikz-v1,figure1_supp,fdr_ratio_atlas_r3_c2,$N_{cal}$ by $m$; fixed 10 anomalies,10,heatmap_cell,standard_conformal_bh,finite_k2,m_fixed_count,2.3010299956639813,3.0,2.15051499783199,2.5,2.9,3.1,200.0,test batch size $m$,0.1,200,,10.0,25,100,0.7987896103896099,0.7987896103896099,0.137,0.4972,0.079878961038961,-0.6994040818153374,0.0,0.9202292631578948,2500,finite_k2_m_fixed_count,empirical FDR / nominal alpha
tikz-v1,figure1_supp,fdr_ratio_atlas_r3_c2,$N_{cal}$ by $m$; fixed 10 anomalies,10,heatmap_cell,standard_conformal_bh,finite_k2,m_fixed_count,2.3010299956639813,3.2,2.15051499783199,2.5,3.1,3.3,200.0,test batch size $m$,0.1,200,,10.0,25,100,0.608046176046176,0.608046176046176,0.1074,0.354,0.0608046176046176,-0.8992731873176038,0.0,0.9198846315789472,2500,finite_k2_m_fixed_count,empirical FDR / nominal alpha
tikz-v1,figure1_supp,fdr_ratio_atlas_r3_c2,$N_{cal}$ by $m$; fixed 10 anomalies,10,heatmap_cell,standard_conformal_bh,finite_k2,m_fixed_count,2.3010299956639813,3.4,2.15051499783199,2.5,3.3,3.5,200.0,test batch size $m$,0.1,200,,10.0,25,100,0.7447968253968249,0.7447968253968249,0.13192,0.6028,0.0744796825396825,-1.0991624929285948,0.0,0.9210086315789472,2500,finite_k2_m_fixed_count,empirical FDR / nominal alpha
tikz-v1,figure1_supp,fdr_ratio_atlas_r3_c2,$N_{cal}$ by $m$; fixed 10 anomalies,10,heatmap_cell,standard_conformal_bh,finite_k2,m_fixed_count,2.3010299956639813,3.6,2.15051499783199,2.5,3.5,3.7,200.0,test batch size $m$,0.1,200,,10.0,25,100,0.732421212121212,0.732421212121212,0.12836,0.526,0.0732421212121212,-1.2990712600274097,0.0,0.9198136842105264,2500,finite_k2_m_fixed_count,empirical FDR / nominal alpha
tikz-v1,figure1_supp,fdr_ratio_atlas_r3_c2,$N_{cal}$ by $m$; fixed 10 anomalies,10,heatmap_cell,standard_conformal_bh,finite_k2,m_fixed_count,2.3010299956639813,3.8,2.15051499783199,2.5,3.7,3.9,200.0,test batch size $m$,0.1,200,,10.0,25,100,0.8151910533910529,0.8151910533910529,0.14736,0.6892,0.0815191053391053,-1.4990681845107945,0.0,0.9216892631578948,2500,finite_k2_m_fixed_count,empirical FDR / nominal alpha
tikz-v1,figure1_supp,fdr_ratio_atlas_r3_c2,$N_{cal}$ by $m$; fixed 10 anomalies,10,heatmap_cell,standard_conformal_bh,finite_k2,m_fixed_count,2.3010299956639813,4.0,2.15051499783199,2.5,3.9,4.1,200.0,test batch size $m$,0.1,200,,10.0,25,100,0.8778101010100999,0.8778101010100999,0.15368,0.6932,0.08778101010101,-1.6990134316128815,0.0,0.9202168421052632,2500,finite_k2_m_fixed_count,empirical FDR / nominal alpha
tikz-v1,figure1_supp,fdr_ratio_atlas_r3_c2,$N_{cal}$ by $m$; fixed 10 anomalies,10,heatmap_cell,standard_conformal_bh,finite_k2,m_fixed_count,2.6989700043360187,1.4,2.5,2.8494850021680094,1.3,1.5,500.0,test batch size $m$,0.1,500,,10.0,25,100,0.0,0.0,0.0,0.0,0.0,1.2839966563652008,1.0,0.9218822040816326,2500,finite_k2_m_fixed_count,empirical FDR / nominal alpha
tikz-v1,figure1_supp,fdr_ratio_atlas_r3_c2,$N_{cal}$ by $m$; fixed 10 anomalies,10,heatmap_cell,standard_conformal_bh,finite_k2,m_fixed_count,2.6989700043360187,1.6,2.5,2.8494850021680094,1.5,1.7,500.0,test batch size $m$,0.1,500,,10.0,25,100,0.0,0.0,0.0,0.0,0.0,1.0861861476162833,1.0,0.920648,2500,finite_k2_m_fixed_count,empirical FDR / nominal alpha
tikz-v1,figure1_supp,fdr_ratio_atlas_r3_c2,$N_{cal}$ by $m$; fixed 10 anomalies,10,heatmap_cell,standard_conformal_bh,finite_k2,m_fixed_count,2.6989700043360187,1.7999999999999998,2.5,2.8494850021680094,1.7,1.9,500.0,test batch size $m$,0.1,500,,10.0,25,100,0.0,0.0,0.0,0.0,0.0,0.8927900303521317,1.0,0.922219836734694,2500,finite_k2_m_fixed_count,empirical FDR / nominal alpha
tikz-v1,figure1_supp,fdr_ratio_atlas_r3_c2,$N_{cal}$ by $m$; fixed 10 anomalies,10,heatmap_cell,standard_conformal_bh,finite_k2,m_fixed_count,2.6989700043360187,2.0,2.5,2.8494850021680094,1.9,2.1,500.0,test batch size $m$,0.1,500,,10.0,25,100,0.0,0.0,0.0,0.0,0.0,0.6946486305533762,1.0,0.9209873469387756,2500,finite_k2_m_fixed_count,empirical FDR / nominal alpha
tikz-v1,figure1_supp,fdr_ratio_atlas_r3_c2,$N_{cal}$ by $m$; fixed 10 anomalies,10,heatmap_cell,standard_conformal_bh,finite_k2,m_fixed_count,2.6989700043360187,2.2,2.5,2.8494850021680094,2.1,2.3,500.0,test batch size $m$,0.1,500,,10.0,25,100,0.0,0.0,0.0,0.0,0.0,0.4975728800155673,1.0,0.9200098775510204,2500,finite_k2_m_fixed_count,empirical FDR / nominal alpha
tikz-v1,figure1_supp,fdr_ratio_atlas_r3_c2,$N_{cal}$ by $m$; fixed 10 anomalies,10,heatmap_cell,standard_conformal_bh,finite_k2,m_fixed_count,2.6989700043360187,2.4,2.5,2.8494850021680094,2.3,2.5,500.0,test batch size $m$,0.1,500,,10.0,25,100,0.0,0.0,0.0,0.0,0.0,0.2975694635544746,1.0,0.920647836734694,2500,finite_k2_m_fixed_count,empirical FDR / nominal alpha
tikz-v1,figure1_supp,fdr_ratio_atlas_r3_c2,$N_{cal}$ by $m$; fixed 10 anomalies,10,heatmap_cell,standard_conformal_bh,finite_k2,m_fixed_count,2.6989700043360187,2.6,2.5,2.8494850021680094,2.5,2.7,500.0,test batch size $m$,0.1,500,,10.0,25,100,0.009340659340659,0.009340659340659,0.00088,0.0016,0.0009340659340659,0.0979971086492705,1.0,0.9211192653061224,2500,finite_k2_m_fixed_count,empirical FDR / nominal alpha
tikz-v1,figure1_supp,fdr_ratio_atlas_r3_c2,$N_{cal}$ by $m$; fixed 10 anomalies,10,heatmap_cell,standard_conformal_bh,finite_k2,m_fixed_count,2.6989700043360187,2.8,2.5,2.8494850021680094,2.7,2.9,500.0,test batch size $m$,0.1,500,,10.0,25,100,0.18238942364824698,0.18238942364824698,0.0162,0.036,0.0182389423648247,-0.1017470739463662,0.0,0.9218419591836736,2500,finite_k2_m_fixed_count,empirical FDR / nominal alpha
tikz-v1,figure1_supp,fdr_ratio_atlas_r3_c2,$N_{cal}$ by $m$; fixed 10 anomalies,10,heatmap_cell,standard_conformal_bh,finite_k2,m_fixed_count,2.6989700043360187,3.0,2.5,2.8494850021680094,2.9,3.1,500.0,test batch size $m$,0.1,500,,10.0,25,100,0.069804761904761,0.069804761904761,0.00812,0.022,0.0069804761904761,-0.3014640731432998,0.0,0.920144,2500,finite_k2_m_fixed_count,empirical FDR / nominal alpha
tikz-v1,figure1_supp,fdr_ratio_atlas_r3_c2,$N_{cal}$ by $m$; fixed 10 anomalies,10,heatmap_cell,standard_conformal_bh,finite_k2,m_fixed_count,2.6989700043360187,3.2,2.5,2.8494850021680094,3.1,3.3,500.0,test batch size $m$,0.1,500,,10.0,25,100,0.414978898878898,0.414978898878898,0.03412,0.1088,0.0414978898878898,-0.5013331786455661,0.0,0.9219856326530612,2500,finite_k2_m_fixed_count,empirical FDR / nominal alpha
tikz-v1,figure1_supp,fdr_ratio_atlas_r3_c2,$N_{cal}$ by $m$; fixed 10 anomalies,10,heatmap_cell,standard_conformal_bh,finite_k2,m_fixed_count,2.6989700043360187,3.4,2.5,2.8494850021680094,3.3,3.5,500.0,test batch size $m$,0.1,500,,10.0,25,100,0.672604761904762,0.672604761904762,0.05852,0.2576,0.0672604761904762,-0.7012224842565572,0.0,0.9208077551020408,2500,finite_k2_m_fixed_count,empirical FDR / nominal alpha
tikz-v1,figure1_supp,fdr_ratio_atlas_r3_c2,$N_{cal}$ by $m$; fixed 10 anomalies,10,heatmap_cell,standard_conformal_bh,finite_k2,m_fixed_count,2.6989700043360187,3.6,2.5,2.8494850021680094,3.5,3.7,500.0,test batch size $m$,0.1,500,,10.0,25,100,0.6657904761904759,0.6657904761904759,0.06348,0.2712,0.0665790476190476,-0.901131251355372,0.0,0.9218408979591836,2500,finite_k2_m_fixed_count,empirical FDR / nominal alpha
tikz-v1,figure1_supp,fdr_ratio_atlas_r3_c2,$N_{cal}$ by $m$; fixed 10 anomalies,10,heatmap_cell,standard_conformal_bh,finite_k2,m_fixed_count,2.6989700043360187,3.8,2.5,2.8494850021680094,3.7,3.9,500.0,test batch size $m$,0.1,500,,10.0,25,100,0.8360269841269841,0.8360269841269841,0.07672,0.466,0.0836026984126984,-1.1011281758387568,0.0,0.9203560816326528,2500,finite_k2_m_fixed_count,empirical FDR / nominal alpha
tikz-v1,figure1_supp,fdr_ratio_atlas_r3_c2,$N_{cal}$ by $m$; fixed 10 anomalies,10,heatmap_cell,standard_conformal_bh,finite_k2,m_fixed_count,2.6989700043360187,4.0,2.5,2.8494850021680094,3.9,4.1,500.0,test batch size $m$,0.1,500,,10.0,25,100,0.875883261183261,0.875883261183261,0.09064,0.5096,0.0875883261183261,-1.3010734229408438,0.0,0.920794612244898,2500,finite_k2_m_fixed_count,empirical FDR / nominal alpha
tikz-v1,figure1_supp,fdr_ratio_atlas_r3_c2,$N_{cal}$ by $m$; fixed 10 anomalies,10,heatmap_cell,standard_conformal_bh,finite_k2,m_fixed_count,3.0,1.4,2.8494850021680094,3.15051499783199,1.3,1.5,1000.0,test batch size $m$,0.1,1000,,10.0,25,100,0.0,0.0,0.0,0.0,0.0,1.585026652029182,1.0,0.9213966464646464,2500,finite_k2_m_fixed_count,empirical FDR / nominal alpha
tikz-v1,figure1_supp,fdr_ratio_atlas_r3_c2,$N_{cal}$ by $m$; fixed 10 anomalies,10,heatmap_cell,standard_conformal_bh,finite_k2,m_fixed_count,3.0,1.6,2.8494850021680094,3.15051499783199,1.5,1.7,1000.0,test batch size $m$,0.1,1000,,10.0,25,100,0.0,0.0,0.0,0.0,0.0,1.3872161432802643,1.0,0.9214609696969698,2500,finite_k2_m_fixed_count,empirical FDR / nominal alpha
tikz-v1,figure1_supp,fdr_ratio_atlas_r3_c2,$N_{cal}$ by $m$; fixed 10 anomalies,10,heatmap_cell,standard_conformal_bh,finite_k2,m_fixed_count,3.0,1.7999999999999998,2.8494850021680094,3.15051499783199,1.7,1.9,1000.0,test batch size $m$,0.1,1000,,10.0,25,100,0.0,0.0,0.0,0.0,0.0,1.193820026016113,1.0,0.9219490909090908,2500,finite_k2_m_fixed_count,empirical FDR / nominal alpha
tikz-v1,figure1_supp,fdr_ratio_atlas_r3_c2,$N_{cal}$ by $m$; fixed 10 anomalies,10,heatmap_cell,standard_conformal_bh,finite_k2,m_fixed_count,3.0,2.0,2.8494850021680094,3.15051499783199,1.9,2.1,1000.0,test batch size $m$,0.1,1000,,10.0,25,100,0.0,0.0,0.0,0.0,0.0,0.9956786262173576,1.0,0.9206032727272726,2500,finite_k2_m_fixed_count,empirical FDR / nominal alpha
tikz-v1,figure1_supp,fdr_ratio_atlas_r3_c2,$N_{cal}$ by $m$; fixed 10 anomalies,10,heatmap_cell,standard_conformal_bh,finite_k2,m_fixed_count,3.0,2.2,2.8494850021680094,3.15051499783199,2.1,2.3,1000.0,test batch size $m$,0.1,1000,,10.0,25,100,0.0,0.0,0.0,0.0,0.0,0.7986028756795486,1.0,0.9199404444444444,2500,finite_k2_m_fixed_count,empirical FDR / nominal alpha
tikz-v1,figure1_supp,fdr_ratio_atlas_r3_c2,$N_{cal}$ by $m$; fixed 10 anomalies,10,heatmap_cell,standard_conformal_bh,finite_k2,m_fixed_count,3.0,2.4,2.8494850021680094,3.15051499783199,2.3,2.5,1000.0,test batch size $m$,0.1,1000,,10.0,25,100,0.0,0.0,0.0,0.0,0.0,0.5985994592184559,1.0,0.920946505050505,2500,finite_k2_m_fixed_count,empirical FDR / nominal alpha
tikz-v1,figure1_supp,fdr_ratio_atlas_r3_c2,$N_{cal}$ by $m$; fixed 10 anomalies,10,heatmap_cell,standard_conformal_bh,finite_k2,m_fixed_count,3.0,2.6,2.8494850021680094,3.15051499783199,2.5,2.7,1000.0,test batch size $m$,0.1,1000,,10.0,25,100,0.006478632478631999,0.006478632478631999,0.0004,0.0008,0.0006478632478632,0.3990271043132517,1.0,0.9210317575757576,2500,finite_k2_m_fixed_count,empirical FDR / nominal alpha
tikz-v1,figure1_supp,fdr_ratio_atlas_r3_c2,$N_{cal}$ by $m$; fixed 10 anomalies,10,heatmap_cell,standard_conformal_bh,finite_k2,m_fixed_count,3.0,2.8,2.8494850021680094,3.15051499783199,2.7,2.9,1000.0,test batch size $m$,0.1,1000,,10.0,25,100,0.049191159270725,0.049191159270725,0.0032,0.0068,0.0049191159270725,0.199282921717615,1.0,0.9211333737373738,2500,finite_k2_m_fixed_count,empirical FDR / nominal alpha
tikz-v1,figure1_supp,fdr_ratio_atlas_r3_c2,$N_{cal}$ by $m$; fixed 10 anomalies,10,heatmap_cell,standard_conformal_bh,finite_k2,m_fixed_count,3.0,3.0,2.8494850021680094,3.15051499783199,2.9,3.1,1000.0,test batch size $m$,0.1,1000,,10.0,25,100,0.014733333333333,0.014733333333333,0.0009599999999999,0.0024,0.0014733333333333,-0.0004340774793186,0.0,0.9220912323232322,2500,finite_k2_m_fixed_count,empirical FDR / nominal alpha
tikz-v1,figure1_supp,fdr_ratio_atlas_r3_c2,$N_{cal}$ by $m$; fixed 10 anomalies,10,heatmap_cell,standard_conformal_bh,finite_k2,m_fixed_count,3.0,3.2,2.8494850021680094,3.15051499783199,3.1,3.3,1000.0,test batch size $m$,0.1,1000,,10.0,25,100,0.026936507936507,0.026936507936507,0.00156,0.0048,0.0026936507936507,-0.2003031829815849,0.0,0.9206501818181818,2500,finite_k2_m_fixed_count,empirical FDR / nominal alpha
tikz-v1,figure1_supp,fdr_ratio_atlas_r3_c2,$N_{cal}$ by $m$; fixed 10 anomalies,10,heatmap_cell,standard_conformal_bh,finite_k2,m_fixed_count,3.0,3.4,2.8494850021680094,3.15051499783199,3.3,3.5,1000.0,test batch size $m$,0.1,1000,,10.0,25,100,0.2810215007215,0.2810215007215,0.01672,0.064,0.02810215007215,-0.400192488592576,0.0,0.9228169292929294,2500,finite_k2_m_fixed_count,empirical FDR / nominal alpha
tikz-v1,figure1_supp,fdr_ratio_atlas_r3_c2,$N_{cal}$ by $m$; fixed 10 anomalies,10,heatmap_cell,standard_conformal_bh,finite_k2,m_fixed_count,3.0,3.6,2.8494850021680094,3.15051499783199,3.5,3.7,1000.0,test batch size $m$,0.1,1000,,10.0,25,100,0.203680952380952,0.203680952380952,0.01628,0.0684,0.0203680952380952,-0.6001012556913907,0.0,0.921808404040404,2500,finite_k2_m_fixed_count,empirical FDR / nominal alpha
tikz-v1,figure1_supp,fdr_ratio_atlas_r3_c2,$N_{cal}$ by $m$; fixed 10 anomalies,10,heatmap_cell,standard_conformal_bh,finite_k2,m_fixed_count,3.0,3.8,2.8494850021680094,3.15051499783199,3.7,3.9,1000.0,test batch size $m$,0.1,1000,,10.0,25,100,0.37429047619047595,0.37429047619047595,0.02648,0.1376,0.0374290476190476,-0.8000981801747756,0.0,0.922226101010101,2500,finite_k2_m_fixed_count,empirical FDR / nominal alpha
tikz-v1,figure1_supp,fdr_ratio_atlas_r3_c2,$N_{cal}$ by $m$; fixed 10 anomalies,10,heatmap_cell,standard_conformal_bh,finite_k2,m_fixed_count,3.0,4.0,2.8494850021680094,3.15051499783199,3.9,4.1,1000.0,test batch size $m$,0.1,1000,,10.0,25,100,0.890150793650793,0.890150793650793,0.05604,0.3932,0.0890150793650793,-1.0000434272768626,0.0,0.9211977373737372,2500,finite_k2_m_fixed_count,empirical FDR / nominal alpha
tikz-v1,figure1_supp,fdr_ratio_atlas_r3_c2,$N_{cal}$ by $m$; fixed 10 anomalies,10,heatmap_cell,standard_conformal_bh,finite_k2,m_fixed_count,3.3010299956639813,1.4,3.15051499783199,3.451544993495972,1.3,1.5,2000.0,test batch size $m$,0.1,2000,,10.0,25,100,0.0,0.0,0.0,0.0,0.0,1.8860566476931635,1.0,0.9202874773869348,2500,finite_k2_m_fixed_count,empirical FDR / nominal alpha
tikz-v1,figure1_supp,fdr_ratio_atlas_r3_c2,$N_{cal}$ by $m$; fixed 10 anomalies,10,heatmap_cell,standard_conformal_bh,finite_k2,m_fixed_count,3.3010299956639813,1.6,3.15051499783199,3.451544993495972,1.5,1.7,2000.0,test batch size $m$,0.1,2000,,10.0,25,100,0.0,0.0,0.0,0.0,0.0,1.6882461389442458,1.0,0.9207995175879398,2500,finite_k2_m_fixed_count,empirical FDR / nominal alpha
tikz-v1,figure1_supp,fdr_ratio_atlas_r3_c2,$N_{cal}$ by $m$; fixed 10 anomalies,10,heatmap_cell,standard_conformal_bh,finite_k2,m_fixed_count,3.3010299956639813,1.7999999999999998,3.15051499783199,3.451544993495972,1.7,1.9,2000.0,test batch size $m$,0.1,2000,,10.0,25,100,0.0,0.0,0.0,0.0,0.0,1.494850021680094,1.0,0.9228720402010048,2500,finite_k2_m_fixed_count,empirical FDR / nominal alpha
tikz-v1,figure1_supp,fdr_ratio_atlas_r3_c2,$N_{cal}$ by $m$; fixed 10 anomalies,10,heatmap_cell,standard_conformal_bh,finite_k2,m_fixed_count,3.3010299956639813,2.0,3.15051499783199,3.451544993495972,1.9,2.1,2000.0,test batch size $m$,0.1,2000,,10.0,25,100,0.0,0.0,0.0,0.0,0.0,1.2967086218813386,1.0,0.9220457085427136,2500,finite_k2_m_fixed_count,empirical FDR / nominal alpha
tikz-v1,figure1_supp,fdr_ratio_atlas_r3_c2,$N_{cal}$ by $m$; fixed 10 anomalies,10,heatmap_cell,standard_conformal_bh,finite_k2,m_fixed_count,3.3010299956639813,2.2,3.15051499783199,3.451544993495972,2.1,2.3,2000.0,test batch size $m$,0.1,2000,,10.0,25,100,0.0,0.0,0.0,0.0,0.0,1.0996328713435295,1.0,0.9203157788944724,2500,finite_k2_m_fixed_count,empirical FDR / nominal alpha
tikz-v1,figure1_supp,fdr_ratio_atlas_r3_c2,$N_{cal}$ by $m$; fixed 10 anomalies,10,heatmap_cell,standard_conformal_bh,finite_k2,m_fixed_count,3.3010299956639813,2.4,3.15051499783199,3.451544993495972,2.3,2.5,2000.0,test batch size $m$,0.1,2000,,10.0,25,100,0.0,0.0,0.0,0.0,0.0,0.8996294548824371,1.0,0.9209185527638192,2500,finite_k2_m_fixed_count,empirical FDR / nominal alpha
tikz-v1,figure1_supp,fdr_ratio_atlas_r3_c2,$N_{cal}$ by $m$; fixed 10 anomalies,10,heatmap_cell,standard_conformal_bh,finite_k2,m_fixed_count,3.3010299956639813,2.6,3.15051499783199,3.451544993495972,2.5,2.7,2000.0,test batch size $m$,0.1,2000,,10.0,25,100,0.0,0.0,0.0,0.0,0.0,0.700057099977233,1.0,0.9208634371859296,2500,finite_k2_m_fixed_count,empirical FDR / nominal alpha
tikz-v1,figure1_supp,fdr_ratio_atlas_r3_c2,$N_{cal}$ by $m$; fixed 10 anomalies,10,heatmap_cell,standard_conformal_bh,finite_k2,m_fixed_count,3.3010299956639813,2.8,3.15051499783199,3.451544993495972,2.7,2.9,2000.0,test batch size $m$,0.1,2000,,10.0,25,100,0.0,0.0,0.0,0.0,0.0,0.5003129173815962,1.0,0.923704864321608,2500,finite_k2_m_fixed_count,empirical FDR / nominal alpha
tikz-v1,figure1_supp,fdr_ratio_atlas_r3_c2,$N_{cal}$ by $m$; fixed 10 anomalies,10,heatmap_cell,standard_conformal_bh,finite_k2,m_fixed_count,3.3010299956639813,3.0,3.15051499783199,3.451544993495972,2.9,3.1,2000.0,test batch size $m$,0.1,2000,,10.0,25,100,0.0,0.0,0.0,0.0,0.0,0.3005959181846626,1.0,0.9202973266331658,2500,finite_k2_m_fixed_count,empirical FDR / nominal alpha
tikz-v1,figure1_supp,fdr_ratio_atlas_r3_c2,$N_{cal}$ by $m$; fixed 10 anomalies,10,heatmap_cell,standard_conformal_bh,finite_k2,m_fixed_count,3.3010299956639813,3.2,3.15051499783199,3.451544993495972,3.1,3.3,2000.0,test batch size $m$,0.1,2000,,10.0,25,100,0.0,0.0,0.0,0.0,0.0,0.1007268126823962,1.0,0.9209481809045228,2500,finite_k2_m_fixed_count,empirical FDR / nominal alpha
tikz-v1,figure1_supp,fdr_ratio_atlas_r3_c2,$N_{cal}$ by $m$; fixed 10 anomalies,10,heatmap_cell,standard_conformal_bh,finite_k2,m_fixed_count,3.3010299956639813,3.4,3.15051499783199,3.451544993495972,3.3,3.5,2000.0,test batch size $m$,0.1,2000,,10.0,25,100,0.044531313131313,0.044531313131313,0.0020399999999999,0.0068,0.0044531313131313,-0.0991624929285947,0.0,0.9222930452261304,2500,finite_k2_m_fixed_count,empirical FDR / nominal alpha
tikz-v1,figure1_supp,fdr_ratio_atlas_r3_c2,$N_{cal}$ by $m$; fixed 10 anomalies,10,heatmap_cell,standard_conformal_bh,finite_k2,m_fixed_count,3.3010299956639813,3.6,3.15051499783199,3.451544993495972,3.5,3.7,2000.0,test batch size $m$,0.1,2000,,10.0,25,100,0.050190476190476,0.050190476190476,0.00252,0.0088,0.0050190476190476,-0.2990712600274095,0.0,0.921181025125628,2500,finite_k2_m_fixed_count,empirical FDR / nominal alpha
tikz-v1,figure1_supp,fdr_ratio_atlas_r3_c2,$N_{cal}$ by $m$; fixed 10 anomalies,10,heatmap_cell,standard_conformal_bh,finite_k2,m_fixed_count,3.3010299956639813,3.8,3.15051499783199,3.451544993495972,3.7,3.9,2000.0,test batch size $m$,0.1,2000,,10.0,25,100,0.312713275613275,0.312713275613275,0.01288,0.0576,0.0312713275613275,-0.4990681845107945,0.0,0.921327296482412,2500,finite_k2_m_fixed_count,empirical FDR / nominal alpha
tikz-v1,figure1_supp,fdr_ratio_atlas_r3_c2,$N_{cal}$ by $m$; fixed 10 anomalies,10,heatmap_cell,standard_conformal_bh,finite_k2,m_fixed_count,3.3010299956639813,4.0,3.15051499783199,3.451544993495972,3.9,4.1,2000.0,test batch size $m$,0.1,2000,,10.0,25,100,0.441838095238095,0.441838095238095,0.01956,0.12,0.0441838095238095,-0.6990134316128814,0.0,0.920397728643216,2500,finite_k2_m_fixed_count,empirical FDR / nominal alpha
tikz-v1,figure1_supp,fdr_ratio_atlas_r3_c1,$N_{cal}$ by $m$; fixed $\pi_1=0.05$,9,heatmap_cell,standard_conformal_bh,finite_k2,m_fixed_pi,1.6989700043360187,1.4,1.548455006504028,1.8494850021680092,1.3,1.5,50.0,test batch size $m$,0.1,50,0.05,,25,100,0.0,0.0,0.0,0.0,0.0,0.9829666607012196,1.0,0.9172041666666666,2500,finite_k2_m_fixed_pi,empirical FDR / nominal alpha
tikz-v1,figure1_supp,fdr_ratio_atlas_r3_c1,$N_{cal}$ by $m$; fixed $\pi_1=0.05$,9,heatmap_cell,standard_conformal_bh,finite_k2,m_fixed_pi,1.6989700043360187,1.6,1.548455006504028,1.8494850021680092,1.5,1.7,50.0,test batch size $m$,0.1,50,0.05,,25,100,0.0,0.0,0.0,0.0,0.0,0.7851561519523022,1.0,0.9238333333333332,2500,finite_k2_m_fixed_pi,empirical FDR / nominal alpha
tikz-v1,figure1_supp,fdr_ratio_atlas_r3_c1,$N_{cal}$ by $m$; fixed $\pi_1=0.05$,9,heatmap_cell,standard_conformal_bh,finite_k2,m_fixed_pi,1.6989700043360187,1.7999999999999998,1.548455006504028,1.8494850021680092,1.7,1.9,50.0,test batch size $m$,0.1,50,0.05,,25,100,0.0,0.0,0.0,0.0,0.0,0.5917600346881504,1.0,0.9187416666666668,2500,finite_k2_m_fixed_pi,empirical FDR / nominal alpha
tikz-v1,figure1_supp,fdr_ratio_atlas_r3_c1,$N_{cal}$ by $m$; fixed $\pi_1=0.05$,9,heatmap_cell,standard_conformal_bh,finite_k2,m_fixed_pi,1.6989700043360187,2.0,1.548455006504028,1.8494850021680092,1.9,2.1,50.0,test batch size $m$,0.1,50,0.05,,25,100,0.049066666666665995,0.049066666666665995,0.006,0.0072,0.0049066666666666,0.393618634889395,1.0,0.9196833333333332,2500,finite_k2_m_fixed_pi,empirical FDR / nominal alpha
tikz-v1,figure1_supp,fdr_ratio_atlas_r3_c1,$N_{cal}$ by $m$; fixed $\pi_1=0.05$,9,heatmap_cell,standard_conformal_bh,finite_k2,m_fixed_pi,1.6989700043360187,2.2,1.548455006504028,1.8494850021680092,2.1,2.3,50.0,test batch size $m$,0.1,50,0.05,,25,100,0.17369523809523799,0.17369523809523799,0.0214,0.0268,0.0173695238095238,0.1965428843515861,1.0,0.9244041666666666,2500,finite_k2_m_fixed_pi,empirical FDR / nominal alpha
tikz-v1,figure1_supp,fdr_ratio_atlas_r3_c1,$N_{cal}$ by $m$; fixed $\pi_1=0.05$,9,heatmap_cell,standard_conformal_bh,finite_k2,m_fixed_pi,1.6989700043360187,2.4,1.548455006504028,1.8494850021680092,2.3,2.5,50.0,test batch size $m$,0.1,50,0.05,,25,100,0.591799999999999,0.591799999999999,0.0992,0.1448,0.0591799999999999,-0.0034605321095065,0.0,0.92285,2500,finite_k2_m_fixed_pi,empirical FDR / nominal alpha
tikz-v1,figure1_supp,fdr_ratio_atlas_r3_c1,$N_{cal}$ by $m$; fixed $\pi_1=0.05$,9,heatmap_cell,standard_conformal_bh,finite_k2,m_fixed_pi,1.6989700043360187,2.6,1.548455006504028,1.8494850021680092,2.5,2.7,50.0,test batch size $m$,0.1,50,0.05,,25,100,0.41549206349206297,0.41549206349206297,0.07,0.0992,0.0415492063492063,-0.2030328870147106,0.0,0.9195041666666666,2500,finite_k2_m_fixed_pi,empirical FDR / nominal alpha
tikz-v1,figure1_supp,fdr_ratio_atlas_r3_c1,$N_{cal}$ by $m$; fixed $\pi_1=0.05$,9,heatmap_cell,standard_conformal_bh,finite_k2,m_fixed_pi,1.6989700043360187,2.8,1.548455006504028,1.8494850021680092,2.7,2.9,50.0,test batch size $m$,0.1,50,0.05,,25,100,1.0471619047619039,1.0471619047619039,0.2158,0.4048,0.1047161904761904,-0.4027770696103474,0.0,0.9221833333333332,2500,finite_k2_m_fixed_pi,empirical FDR / nominal alpha
tikz-v1,figure1_supp,fdr_ratio_atlas_r3_c1,$N_{cal}$ by $m$; fixed $\pi_1=0.05$,9,heatmap_cell,standard_conformal_bh,finite_k2,m_fixed_pi,1.6989700043360187,3.0,1.548455006504028,1.8494850021680092,2.9,3.1,50.0,test batch size $m$,0.1,50,0.05,,25,100,0.945050793650793,0.945050793650793,0.22,0.4,0.0945050793650793,-0.6024940688072811,0.0,0.9204916666666666,2500,finite_k2_m_fixed_pi,empirical FDR / nominal alpha
tikz-v1,figure1_supp,fdr_ratio_atlas_r3_c1,$N_{cal}$ by $m$; fixed $\pi_1=0.05$,9,heatmap_cell,standard_conformal_bh,finite_k2,m_fixed_pi,1.6989700043360187,3.2,1.548455006504028,1.8494850021680092,3.1,3.3,50.0,test batch size $m$,0.1,50,0.05,,25,100,0.865466666666666,0.865466666666666,0.2108,0.3992,0.0865466666666666,-0.8023631743095474,0.0,0.9231875,2500,finite_k2_m_fixed_pi,empirical FDR / nominal alpha
tikz-v1,figure1_supp,fdr_ratio_atlas_r3_c1,$N_{cal}$ by $m$; fixed $\pi_1=0.05$,9,heatmap_cell,standard_conformal_bh,finite_k2,m_fixed_pi,1.6989700043360187,3.4,1.548455006504028,1.8494850021680092,3.3,3.5,50.0,test batch size $m$,0.1,50,0.05,,25,100,0.8435999999999989,0.8435999999999989,0.2182,0.4108,0.0843599999999999,-1.0022524799205383,0.0,0.9217291666666668,2500,finite_k2_m_fixed_pi,empirical FDR / nominal alpha
tikz-v1,figure1_supp,fdr_ratio_atlas_r3_c1,$N_{cal}$ by $m$; fixed $\pi_1=0.05$,9,heatmap_cell,standard_conformal_bh,finite_k2,m_fixed_pi,1.6989700043360187,3.6,1.548455006504028,1.8494850021680092,3.5,3.7,50.0,test batch size $m$,0.1,50,0.05,,25,100,0.8099333333333331,0.8099333333333331,0.2044,0.3892,0.0809933333333333,-1.2021612470193532,0.0,0.9222958333333332,2500,finite_k2_m_fixed_pi,empirical FDR / nominal alpha
tikz-v1,figure1_supp,fdr_ratio_atlas_r3_c1,$N_{cal}$ by $m$; fixed $\pi_1=0.05$,9,heatmap_cell,standard_conformal_bh,finite_k2,m_fixed_pi,1.6989700043360187,3.8,1.548455006504028,1.8494850021680092,3.7,3.9,50.0,test batch size $m$,0.1,50,0.05,,25,100,0.904866666666666,0.904866666666666,0.21,0.3992,0.0904866666666666,-1.402158171502738,0.0,0.9265375,2500,finite_k2_m_fixed_pi,empirical FDR / nominal alpha
tikz-v1,figure1_supp,fdr_ratio_atlas_r3_c1,$N_{cal}$ by $m$; fixed $\pi_1=0.05$,9,heatmap_cell,standard_conformal_bh,finite_k2,m_fixed_pi,1.6989700043360187,4.0,1.548455006504028,1.8494850021680092,3.9,4.1,50.0,test batch size $m$,0.1,50,0.05,,25,100,0.8927333333333329,0.8927333333333329,0.2148,0.4016,0.0892733333333333,-1.602103418604825,0.0,0.9218125,2500,finite_k2_m_fixed_pi,empirical FDR / nominal alpha
tikz-v1,figure1_supp,fdr_ratio_atlas_r3_c1,$N_{cal}$ by $m$; fixed $\pi_1=0.05$,9,heatmap_cell,standard_conformal_bh,finite_k2,m_fixed_pi,2.0,1.4,1.8494850021680092,2.15051499783199,1.3,1.5,100.0,test batch size $m$,0.1,100,0.05,,25,100,0.0,0.0,0.0,0.0,0.0,0.8860566476931633,1.0,0.9209305263157894,2500,finite_k2_m_fixed_pi,empirical FDR / nominal alpha
tikz-v1,figure1_supp,fdr_ratio_atlas_r3_c1,$N_{cal}$ by $m$; fixed $\pi_1=0.05$,9,heatmap_cell,standard_conformal_bh,finite_k2,m_fixed_pi,2.0,1.6,1.8494850021680092,2.15051499783199,1.5,1.7,100.0,test batch size $m$,0.1,100,0.05,,25,100,0.0,0.0,0.0,0.0,0.0,0.6882461389442457,1.0,0.9212395789473684,2500,finite_k2_m_fixed_pi,empirical FDR / nominal alpha
tikz-v1,figure1_supp,fdr_ratio_atlas_r3_c1,$N_{cal}$ by $m$; fixed $\pi_1=0.05$,9,heatmap_cell,standard_conformal_bh,finite_k2,m_fixed_pi,2.0,1.7999999999999998,1.8494850021680092,2.15051499783199,1.7,1.9,100.0,test batch size $m$,0.1,100,0.05,,25,100,0.00275,0.00275,0.0004,0.0004,0.000275,0.494850021680094,1.0,0.920901894736842,2500,finite_k2_m_fixed_pi,empirical FDR / nominal alpha
tikz-v1,figure1_supp,fdr_ratio_atlas_r3_c1,$N_{cal}$ by $m$; fixed $\pi_1=0.05$,9,heatmap_cell,standard_conformal_bh,finite_k2,m_fixed_pi,2.0,2.0,1.8494850021680092,2.15051499783199,1.9,2.1,100.0,test batch size $m$,0.1,100,0.05,,25,100,0.058057542457541994,0.058057542457541994,0.00656,0.0088,0.0058057542457542,0.2967086218813386,1.0,0.921861894736842,2500,finite_k2_m_fixed_pi,empirical FDR / nominal alpha
tikz-v1,figure1_supp,fdr_ratio_atlas_r3_c1,$N_{cal}$ by $m$; fixed $\pi_1=0.05$,9,heatmap_cell,standard_conformal_bh,finite_k2,m_fixed_pi,2.0,2.2,1.8494850021680092,2.15051499783199,2.1,2.3,100.0,test batch size $m$,0.1,100,0.05,,25,100,0.005428571428570999,0.005428571428570999,0.00096,0.0012,0.0005428571428571,0.0996328713435296,1.0,0.9209919999999998,2500,finite_k2_m_fixed_pi,empirical FDR / nominal alpha
tikz-v1,figure1_supp,fdr_ratio_atlas_r3_c1,$N_{cal}$ by $m$; fixed $\pi_1=0.05$,9,heatmap_cell,standard_conformal_bh,finite_k2,m_fixed_pi,2.0,2.4,1.8494850021680092,2.15051499783199,2.3,2.5,100.0,test batch size $m$,0.1,100,0.05,,25,100,0.574756807245042,0.574756807245042,0.07936,0.1364,0.0574756807245042,-0.1003705451175629,0.0,0.9204766315789474,2500,finite_k2_m_fixed_pi,empirical FDR / nominal alpha
tikz-v1,figure1_supp,fdr_ratio_atlas_r3_c1,$N_{cal}$ by $m$; fixed $\pi_1=0.05$,9,heatmap_cell,standard_conformal_bh,finite_k2,m_fixed_pi,2.0,2.6,1.8494850021680092,2.15051499783199,2.5,2.7,100.0,test batch size $m$,0.1,100,0.05,,25,100,0.34165555555555494,0.34165555555555494,0.06032,0.1124,0.0341655555555555,-0.2999429000227671,0.0,0.9219882105263156,2500,finite_k2_m_fixed_pi,empirical FDR / nominal alpha
tikz-v1,figure1_supp,fdr_ratio_atlas_r3_c1,$N_{cal}$ by $m$; fixed $\pi_1=0.05$,9,heatmap_cell,standard_conformal_bh,finite_k2,m_fixed_pi,2.0,2.8,1.8494850021680092,2.15051499783199,2.7,2.9,100.0,test batch size $m$,0.1,100,0.05,,25,100,0.582042857142857,0.582042857142857,0.12,0.2752,0.0582042857142857,-0.4996870826184039,0.0,0.9226989473684212,2500,finite_k2_m_fixed_pi,empirical FDR / nominal alpha
tikz-v1,figure1_supp,fdr_ratio_atlas_r3_c1,$N_{cal}$ by $m$; fixed $\pi_1=0.05$,9,heatmap_cell,standard_conformal_bh,finite_k2,m_fixed_pi,2.0,3.0,1.8494850021680092,2.15051499783199,2.9,3.1,100.0,test batch size $m$,0.1,100,0.05,,25,100,1.1089285714285708,1.1089285714285708,0.19944,0.584,0.1108928571428571,-0.6994040818153374,0.0,0.922139789473684,2500,finite_k2_m_fixed_pi,empirical FDR / nominal alpha
tikz-v1,figure1_supp,fdr_ratio_atlas_r3_c1,$N_{cal}$ by $m$; fixed $\pi_1=0.05$,9,heatmap_cell,standard_conformal_bh,finite_k2,m_fixed_pi,2.0,3.2,1.8494850021680092,2.15051499783199,3.1,3.3,100.0,test batch size $m$,0.1,100,0.05,,25,100,0.764984126984127,0.764984126984127,0.16376,0.5088,0.0764984126984127,-0.8992731873176038,0.0,0.9198164210526316,2500,finite_k2_m_fixed_pi,empirical FDR / nominal alpha
tikz-v1,figure1_supp,fdr_ratio_atlas_r3_c1,$N_{cal}$ by $m$; fixed $\pi_1=0.05$,9,heatmap_cell,standard_conformal_bh,finite_k2,m_fixed_pi,2.0,3.4,1.8494850021680092,2.15051499783199,3.3,3.5,100.0,test batch size $m$,0.1,100,0.05,,25,100,0.9699920634920629,0.9699920634920629,0.17648,0.5452,0.0969992063492063,-1.0991624929285948,0.0,0.9203275789473684,2500,finite_k2_m_fixed_pi,empirical FDR / nominal alpha
tikz-v1,figure1_supp,fdr_ratio_atlas_r3_c1,$N_{cal}$ by $m$; fixed $\pi_1=0.05$,9,heatmap_cell,standard_conformal_bh,finite_k2,m_fixed_pi,2.0,3.6,1.8494850021680092,2.15051499783199,3.5,3.7,100.0,test batch size $m$,0.1,100,0.05,,25,100,0.863620634920635,0.863620634920635,0.17848,0.534,0.0863620634920635,-1.2990712600274097,0.0,0.9221086315789476,2500,finite_k2_m_fixed_pi,empirical FDR / nominal alpha
tikz-v1,figure1_supp,fdr_ratio_atlas_r3_c1,$N_{cal}$ by $m$; fixed $\pi_1=0.05$,9,heatmap_cell,standard_conformal_bh,finite_k2,m_fixed_pi,2.0,3.8,1.8494850021680092,2.15051499783199,3.7,3.9,100.0,test batch size $m$,0.1,100,0.05,,25,100,0.845590476190476,0.845590476190476,0.1824,0.5612,0.0845590476190476,-1.4990681845107945,0.0,0.9215376842105264,2500,finite_k2_m_fixed_pi,empirical FDR / nominal alpha
tikz-v1,figure1_supp,fdr_ratio_atlas_r3_c1,$N_{cal}$ by $m$; fixed $\pi_1=0.05$,9,heatmap_cell,standard_conformal_bh,finite_k2,m_fixed_pi,2.0,4.0,1.8494850021680092,2.15051499783199,3.9,4.1,100.0,test batch size $m$,0.1,100,0.05,,25,100,1.026209523809524,1.026209523809524,0.20176,0.6168,0.1026209523809524,-1.6990134316128815,0.0,0.9224825263157894,2500,finite_k2_m_fixed_pi,empirical FDR / nominal alpha
tikz-v1,figure1_supp,fdr_ratio_atlas_r3_c1,$N_{cal}$ by $m$; fixed $\pi_1=0.05$,9,heatmap_cell,standard_conformal_bh,finite_k2,m_fixed_pi,2.3010299956639813,1.4,2.15051499783199,2.5,1.3,1.5,200.0,test batch size $m$,0.1,200,0.05,,25,100,0.0,0.0,0.0,0.0,0.0,0.8860566476931633,1.0,0.9225368421052632,2500,finite_k2_m_fixed_pi,empirical FDR / nominal alpha
tikz-v1,figure1_supp,fdr_ratio_atlas_r3_c1,$N_{cal}$ by $m$; fixed $\pi_1=0.05$,9,heatmap_cell,standard_conformal_bh,finite_k2,m_fixed_pi,2.3010299956639813,1.6,2.15051499783199,2.5,1.5,1.7,200.0,test batch size $m$,0.1,200,0.05,,25,100,0.0,0.0,0.0,0.0,0.0,0.6882461389442457,1.0,0.9207056842105265,2500,finite_k2_m_fixed_pi,empirical FDR / nominal alpha
tikz-v1,figure1_supp,fdr_ratio_atlas_r3_c1,$N_{cal}$ by $m$; fixed $\pi_1=0.05$,9,heatmap_cell,standard_conformal_bh,finite_k2,m_fixed_pi,2.3010299956639813,1.7999999999999998,2.15051499783199,2.5,1.7,1.9,200.0,test batch size $m$,0.1,200,0.05,,25,100,0.0,0.0,0.0,0.0,0.0,0.494850021680094,1.0,0.922845894736842,2500,finite_k2_m_fixed_pi,empirical FDR / nominal alpha
tikz-v1,figure1_supp,fdr_ratio_atlas_r3_c1,$N_{cal}$ by $m$; fixed $\pi_1=0.05$,9,heatmap_cell,standard_conformal_bh,finite_k2,m_fixed_pi,2.3010299956639813,2.0,2.15051499783199,2.5,1.9,2.1,200.0,test batch size $m$,0.1,200,0.05,,25,100,0.0,0.0,0.0,0.0,0.0,0.2967086218813386,1.0,0.9215416842105264,2500,finite_k2_m_fixed_pi,empirical FDR / nominal alpha
tikz-v1,figure1_supp,fdr_ratio_atlas_r3_c1,$N_{cal}$ by $m$; fixed $\pi_1=0.05$,9,heatmap_cell,standard_conformal_bh,finite_k2,m_fixed_pi,2.3010299956639813,2.2,2.15051499783199,2.5,2.1,2.3,200.0,test batch size $m$,0.1,200,0.05,,25,100,0.008833699633699,0.008833699633699,0.0015199999999999,0.002,0.0008833699633699,0.0996328713435296,1.0,0.9211570526315792,2500,finite_k2_m_fixed_pi,empirical FDR / nominal alpha
tikz-v1,figure1_supp,fdr_ratio_atlas_r3_c1,$N_{cal}$ by $m$; fixed $\pi_1=0.05$,9,heatmap_cell,standard_conformal_bh,finite_k2,m_fixed_pi,2.3010299956639813,2.4,2.15051499783199,2.5,2.3,2.5,200.0,test batch size $m$,0.1,200,0.05,,25,100,0.07492937062937,0.07492937062937,0.01128,0.0204,0.007492937062937,-0.1003705451175629,0.0,0.9206368421052632,2500,finite_k2_m_fixed_pi,empirical FDR / nominal alpha
tikz-v1,figure1_supp,fdr_ratio_atlas_r3_c1,$N_{cal}$ by $m$; fixed $\pi_1=0.05$,9,heatmap_cell,standard_conformal_bh,finite_k2,m_fixed_pi,2.3010299956639813,2.6,2.15051499783199,2.5,2.5,2.7,200.0,test batch size $m$,0.1,200,0.05,,25,100,0.259919036519036,0.259919036519036,0.03724,0.0792,0.0259919036519036,-0.2999429000227671,0.0,0.9211166315789474,2500,finite_k2_m_fixed_pi,empirical FDR / nominal alpha
tikz-v1,figure1_supp,fdr_ratio_atlas_r3_c1,$N_{cal}$ by $m$; fixed $\pi_1=0.05$,9,heatmap_cell,standard_conformal_bh,finite_k2,m_fixed_pi,2.3010299956639813,2.8,2.15051499783199,2.5,2.7,2.9,200.0,test batch size $m$,0.1,200,0.05,,25,100,0.330691319791319,0.330691319791319,0.05436,0.1372,0.0330691319791319,-0.4996870826184039,0.0,0.921280210526316,2500,finite_k2_m_fixed_pi,empirical FDR / nominal alpha
tikz-v1,figure1_supp,fdr_ratio_atlas_r3_c1,$N_{cal}$ by $m$; fixed $\pi_1=0.05$,9,heatmap_cell,standard_conformal_bh,finite_k2,m_fixed_pi,2.3010299956639813,3.0,2.15051499783199,2.5,2.9,3.1,200.0,test batch size $m$,0.1,200,0.05,,25,100,1.23749627039627,1.23749627039627,0.17924,0.6112,0.123749627039627,-0.6994040818153374,0.0,0.9213951578947368,2500,finite_k2_m_fixed_pi,empirical FDR / nominal alpha
tikz-v1,figure1_supp,fdr_ratio_atlas_r3_c1,$N_{cal}$ by $m$; fixed $\pi_1=0.05$,9,heatmap_cell,standard_conformal_bh,finite_k2,m_fixed_pi,2.3010299956639813,3.2,2.15051499783199,2.5,3.1,3.3,200.0,test batch size $m$,0.1,200,0.05,,25,100,0.7288572538572539,0.7288572538572539,0.128,0.4268,0.0728857253857254,-0.8992731873176038,0.0,0.9213437894736842,2500,finite_k2_m_fixed_pi,empirical FDR / nominal alpha
tikz-v1,figure1_supp,fdr_ratio_atlas_r3_c1,$N_{cal}$ by $m$; fixed $\pi_1=0.05$,9,heatmap_cell,standard_conformal_bh,finite_k2,m_fixed_pi,2.3010299956639813,3.4,2.15051499783199,2.5,3.3,3.5,200.0,test batch size $m$,0.1,200,0.05,,25,100,0.7393189033189029,0.7393189033189029,0.12384,0.5448,0.0739318903318903,-1.0991624929285948,0.0,0.920354105263158,2500,finite_k2_m_fixed_pi,empirical FDR / nominal alpha
tikz-v1,figure1_supp,fdr_ratio_atlas_r3_c1,$N_{cal}$ by $m$; fixed $\pi_1=0.05$,9,heatmap_cell,standard_conformal_bh,finite_k2,m_fixed_pi,2.3010299956639813,3.6,2.15051499783199,2.5,3.5,3.7,200.0,test batch size $m$,0.1,200,0.05,,25,100,0.787583694083694,0.787583694083694,0.13432,0.5796,0.0787583694083694,-1.2990712600274097,0.0,0.921305894736842,2500,finite_k2_m_fixed_pi,empirical FDR / nominal alpha
tikz-v1,figure1_supp,fdr_ratio_atlas_r3_c1,$N_{cal}$ by $m$; fixed $\pi_1=0.05$,9,heatmap_cell,standard_conformal_bh,finite_k2,m_fixed_pi,2.3010299956639813,3.8,2.15051499783199,2.5,3.7,3.9,200.0,test batch size $m$,0.1,200,0.05,,25,100,0.8088904761904759,0.8088904761904759,0.1468,0.6484,0.0808890476190476,-1.4990681845107945,0.0,0.9209970526315788,2500,finite_k2_m_fixed_pi,empirical FDR / nominal alpha
tikz-v1,figure1_supp,fdr_ratio_atlas_r3_c1,$N_{cal}$ by $m$; fixed $\pi_1=0.05$,9,heatmap_cell,standard_conformal_bh,finite_k2,m_fixed_pi,2.3010299956639813,4.0,2.15051499783199,2.5,3.9,4.1,200.0,test batch size $m$,0.1,200,0.05,,25,100,0.9517815295815291,0.9517815295815291,0.16384,0.7304,0.0951781529581529,-1.6990134316128815,0.0,0.920568,2500,finite_k2_m_fixed_pi,empirical FDR / nominal alpha
tikz-v1,figure1_supp,fdr_ratio_atlas_r3_c1,$N_{cal}$ by $m$; fixed $\pi_1=0.05$,9,heatmap_cell,standard_conformal_bh,finite_k2,m_fixed_pi,2.6989700043360187,1.4,2.5,2.8494850021680094,1.3,1.5,500.0,test batch size $m$,0.1,500,0.05,,25,100,0.0,0.0,0.0,0.0,0.0,0.8860566476931633,1.0,0.9212509978947367,2500,finite_k2_m_fixed_pi,empirical FDR / nominal alpha
tikz-v1,figure1_supp,fdr_ratio_atlas_r3_c1,$N_{cal}$ by $m$; fixed $\pi_1=0.05$,9,heatmap_cell,standard_conformal_bh,finite_k2,m_fixed_pi,2.6989700043360187,1.6,2.5,2.8494850021680094,1.5,1.7,500.0,test batch size $m$,0.1,500,0.05,,25,100,0.0,0.0,0.0,0.0,0.0,0.6882461389442457,1.0,0.9211368757894736,2500,finite_k2_m_fixed_pi,empirical FDR / nominal alpha
tikz-v1,figure1_supp,fdr_ratio_atlas_r3_c1,$N_{cal}$ by $m$; fixed $\pi_1=0.05$,9,heatmap_cell,standard_conformal_bh,finite_k2,m_fixed_pi,2.6989700043360187,1.7999999999999998,2.5,2.8494850021680094,1.7,1.9,500.0,test batch size $m$,0.1,500,0.05,,25,100,0.0,0.0,0.0,0.0,0.0,0.494850021680094,1.0,0.9220838736842106,2500,finite_k2_m_fixed_pi,empirical FDR / nominal alpha
tikz-v1,figure1_supp,fdr_ratio_atlas_r3_c1,$N_{cal}$ by $m$; fixed $\pi_1=0.05$,9,heatmap_cell,standard_conformal_bh,finite_k2,m_fixed_pi,2.6989700043360187,2.0,2.5,2.8494850021680094,1.9,2.1,500.0,test batch size $m$,0.1,500,0.05,,25,100,0.0,0.0,0.0,0.0,0.0,0.2967086218813386,1.0,0.9210080673684212,2500,finite_k2_m_fixed_pi,empirical FDR / nominal alpha
tikz-v1,figure1_supp,fdr_ratio_atlas_r3_c1,$N_{cal}$ by $m$; fixed $\pi_1=0.05$,9,heatmap_cell,standard_conformal_bh,finite_k2,m_fixed_pi,2.6989700043360187,2.2,2.5,2.8494850021680094,2.1,2.3,500.0,test batch size $m$,0.1,500,0.05,,25,100,0.046486320654888995,0.046486320654888995,0.0056159999999999,0.0088,0.0046486320654889,0.0996328713435296,1.0,0.9209403621052632,2500,finite_k2_m_fixed_pi,empirical FDR / nominal alpha
tikz-v1,figure1_supp,fdr_ratio_atlas_r3_c1,$N_{cal}$ by $m$; fixed $\pi_1=0.05$,9,heatmap_cell,standard_conformal_bh,finite_k2,m_fixed_pi,2.6989700043360187,2.4,2.5,2.8494850021680094,2.3,2.5,500.0,test batch size $m$,0.1,500,0.05,,25,100,0.01745264069264,0.01745264069264,0.002592,0.0048,0.001745264069264,-0.1003705451175629,0.0,0.9217822989473684,2500,finite_k2_m_fixed_pi,empirical FDR / nominal alpha
tikz-v1,figure1_supp,fdr_ratio_atlas_r3_c1,$N_{cal}$ by $m$; fixed $\pi_1=0.05$,9,heatmap_cell,standard_conformal_bh,finite_k2,m_fixed_pi,2.6989700043360187,2.6,2.5,2.8494850021680094,2.5,2.7,500.0,test batch size $m$,0.1,500,0.05,,25,100,0.110122616495991,0.110122616495991,0.014256,0.0352,0.0110122616495991,-0.2999429000227671,0.0,0.9224260715789474,2500,finite_k2_m_fixed_pi,empirical FDR / nominal alpha
tikz-v1,figure1_supp,fdr_ratio_atlas_r3_c1,$N_{cal}$ by $m$; fixed $\pi_1=0.05$,9,heatmap_cell,standard_conformal_bh,finite_k2,m_fixed_pi,2.6989700043360187,2.8,2.5,2.8494850021680094,2.7,2.9,500.0,test batch size $m$,0.1,500,0.05,,25,100,0.490450586822877,0.490450586822877,0.062608,0.1912,0.0490450586822877,-0.4996870826184039,0.0,0.9211066273684212,2500,finite_k2_m_fixed_pi,empirical FDR / nominal alpha
tikz-v1,figure1_supp,fdr_ratio_atlas_r3_c1,$N_{cal}$ by $m$; fixed $\pi_1=0.05$,9,heatmap_cell,standard_conformal_bh,finite_k2,m_fixed_pi,2.6989700043360187,3.0,2.5,2.8494850021680094,2.9,3.1,500.0,test batch size $m$,0.1,500,0.05,,25,100,0.516897221096756,0.516897221096756,0.073376,0.2744,0.0516897221096756,-0.6994040818153374,0.0,0.9218605136842106,2500,finite_k2_m_fixed_pi,empirical FDR / nominal alpha
tikz-v1,figure1_supp,fdr_ratio_atlas_r3_c1,$N_{cal}$ by $m$; fixed $\pi_1=0.05$,9,heatmap_cell,standard_conformal_bh,finite_k2,m_fixed_pi,2.6989700043360187,3.2,2.5,2.8494850021680094,3.1,3.3,500.0,test batch size $m$,0.1,500,0.05,,25,100,0.528426603427532,0.528426603427532,0.083312,0.3756,0.0528426603427532,-0.8992731873176038,0.0,0.9217812884210526,2500,finite_k2_m_fixed_pi,empirical FDR / nominal alpha
tikz-v1,figure1_supp,fdr_ratio_atlas_r3_c1,$N_{cal}$ by $m$; fixed $\pi_1=0.05$,9,heatmap_cell,standard_conformal_bh,finite_k2,m_fixed_pi,2.6989700043360187,3.4,2.5,2.8494850021680094,3.3,3.5,500.0,test batch size $m$,0.1,500,0.05,,25,100,0.6841861360861359,0.6841861360861359,0.103744,0.626,0.0684186136086136,-1.0991624929285948,0.0,0.9214634105263158,2500,finite_k2_m_fixed_pi,empirical FDR / nominal alpha
tikz-v1,figure1_supp,fdr_ratio_atlas_r3_c1,$N_{cal}$ by $m$; fixed $\pi_1=0.05$,9,heatmap_cell,standard_conformal_bh,finite_k2,m_fixed_pi,2.6989700043360187,3.6,2.5,2.8494850021680094,3.5,3.7,500.0,test batch size $m$,0.1,500,0.05,,25,100,0.882164270645075,0.882164270645075,0.122608,0.6464,0.0882164270645075,-1.2990712600274097,0.0,0.9213367242105264,2500,finite_k2_m_fixed_pi,empirical FDR / nominal alpha
tikz-v1,figure1_supp,fdr_ratio_atlas_r3_c1,$N_{cal}$ by $m$; fixed $\pi_1=0.05$,9,heatmap_cell,standard_conformal_bh,finite_k2,m_fixed_pi,2.6989700043360187,3.8,2.5,2.8494850021680094,3.7,3.9,500.0,test batch size $m$,0.1,500,0.05,,25,100,0.7483883116883109,0.7483883116883109,0.114,0.7276,0.0748388311688311,-1.4990681845107945,0.0,0.921058795789474,2500,finite_k2_m_fixed_pi,empirical FDR / nominal alpha
tikz-v1,figure1_supp,fdr_ratio_atlas_r3_c1,$N_{cal}$ by $m$; fixed $\pi_1=0.05$,9,heatmap_cell,standard_conformal_bh,finite_k2,m_fixed_pi,2.6989700043360187,4.0,2.5,2.8494850021680094,3.9,4.1,500.0,test batch size $m$,0.1,500,0.05,,25,100,0.9550729803392339,0.9550729803392339,0.137824,0.8572,0.0955072980339234,-1.6990134316128815,0.0,0.9209502989473684,2500,finite_k2_m_fixed_pi,empirical FDR / nominal alpha
tikz-v1,figure1_supp,fdr_ratio_atlas_r3_c1,$N_{cal}$ by $m$; fixed $\pi_1=0.05$,9,heatmap_cell,standard_conformal_bh,finite_k2,m_fixed_pi,3.0,1.4,2.8494850021680094,3.15051499783199,1.3,1.5,1000.0,test batch size $m$,0.1,1000,0.05,,25,100,0.0,0.0,0.0,0.0,0.0,0.8860566476931633,1.0,0.920457894736842,2500,finite_k2_m_fixed_pi,empirical FDR / nominal alpha
tikz-v1,figure1_supp,fdr_ratio_atlas_r3_c1,$N_{cal}$ by $m$; fixed $\pi_1=0.05$,9,heatmap_cell,standard_conformal_bh,finite_k2,m_fixed_pi,3.0,1.6,2.8494850021680094,3.15051499783199,1.5,1.7,1000.0,test batch size $m$,0.1,1000,0.05,,25,100,0.0,0.0,0.0,0.0,0.0,0.6882461389442457,1.0,0.9217525642105264,2500,finite_k2_m_fixed_pi,empirical FDR / nominal alpha
tikz-v1,figure1_supp,fdr_ratio_atlas_r3_c1,$N_{cal}$ by $m$; fixed $\pi_1=0.05$,9,heatmap_cell,standard_conformal_bh,finite_k2,m_fixed_pi,3.0,1.7999999999999998,2.8494850021680094,3.15051499783199,1.7,1.9,1000.0,test batch size $m$,0.1,1000,0.05,,25,100,0.0,0.0,0.0,0.0,0.0,0.494850021680094,1.0,0.9207083452631576,2500,finite_k2_m_fixed_pi,empirical FDR / nominal alpha
tikz-v1,figure1_supp,fdr_ratio_atlas_r3_c1,$N_{cal}$ by $m$; fixed $\pi_1=0.05$,9,heatmap_cell,standard_conformal_bh,finite_k2,m_fixed_pi,3.0,2.0,2.8494850021680094,3.15051499783199,1.9,2.1,1000.0,test batch size $m$,0.1,1000,0.05,,25,100,0.0,0.0,0.0,0.0,0.0,0.2967086218813386,1.0,0.9216636042105264,2500,finite_k2_m_fixed_pi,empirical FDR / nominal alpha
tikz-v1,figure1_supp,fdr_ratio_atlas_r3_c1,$N_{cal}$ by $m$; fixed $\pi_1=0.05$,9,heatmap_cell,standard_conformal_bh,finite_k2,m_fixed_pi,3.0,2.2,2.8494850021680094,3.15051499783199,2.1,2.3,1000.0,test batch size $m$,0.1,1000,0.05,,25,100,0.084455361781518,0.084455361781518,0.0095039999999999,0.0156,0.0084455361781518,0.0996328713435296,1.0,0.9216265010526316,2500,finite_k2_m_fixed_pi,empirical FDR / nominal alpha
tikz-v1,figure1_supp,fdr_ratio_atlas_r3_c1,$N_{cal}$ by $m$; fixed $\pi_1=0.05$,9,heatmap_cell,standard_conformal_bh,finite_k2,m_fixed_pi,3.0,2.4,2.8494850021680094,3.15051499783199,2.3,2.5,1000.0,test batch size $m$,0.1,1000,0.05,,25,100,0.18420164256906799,0.18420164256906799,0.0205599999999999,0.0404,0.0184201642569068,-0.1003705451175629,0.0,0.921631932631579,2500,finite_k2_m_fixed_pi,empirical FDR / nominal alpha
tikz-v1,figure1_supp,fdr_ratio_atlas_r3_c1,$N_{cal}$ by $m$; fixed $\pi_1=0.05$,9,heatmap_cell,standard_conformal_bh,finite_k2,m_fixed_pi,3.0,2.6,2.8494850021680094,3.15051499783199,2.5,2.7,1000.0,test batch size $m$,0.1,1000,0.05,,25,100,0.25895644923295197,0.25895644923295197,0.031224,0.0768,0.0258956449232952,-0.2999429000227671,0.0,0.9212755284210524,2500,finite_k2_m_fixed_pi,empirical FDR / nominal alpha
tikz-v1,figure1_supp,fdr_ratio_atlas_r3_c1,$N_{cal}$ by $m$; fixed $\pi_1=0.05$,9,heatmap_cell,standard_conformal_bh,finite_k2,m_fixed_pi,3.0,2.8,2.8494850021680094,3.15051499783199,2.7,2.9,1000.0,test batch size $m$,0.1,1000,0.05,,25,100,0.5778394640327459,0.5778394640327459,0.074616,0.248,0.0577839464032746,-0.4996870826184039,0.0,0.9213658021052632,2500,finite_k2_m_fixed_pi,empirical FDR / nominal alpha
tikz-v1,figure1_supp,fdr_ratio_atlas_r3_c1,$N_{cal}$ by $m$; fixed $\pi_1=0.05$,9,heatmap_cell,standard_conformal_bh,finite_k2,m_fixed_pi,3.0,3.0,2.8494850021680094,3.15051499783199,2.9,3.1,1000.0,test batch size $m$,0.1,1000,0.05,,25,100,0.430879380258499,0.430879380258499,0.0600319999999999,0.2624,0.0430879380258499,-0.6994040818153374,0.0,0.9216878989473684,2500,finite_k2_m_fixed_pi,empirical FDR / nominal alpha
tikz-v1,figure1_supp,fdr_ratio_atlas_r3_c1,$N_{cal}$ by $m$; fixed $\pi_1=0.05$,9,heatmap_cell,standard_conformal_bh,finite_k2,m_fixed_pi,3.0,3.2,2.8494850021680094,3.15051499783199,3.1,3.3,1000.0,test batch size $m$,0.1,1000,0.05,,25,100,0.6232891452651089,0.6232891452651089,0.080408,0.3892,0.0623289145265109,-0.8992731873176038,0.0,0.9208482863157896,2500,finite_k2_m_fixed_pi,empirical FDR / nominal alpha
tikz-v1,figure1_supp,fdr_ratio_atlas_r3_c1,$N_{cal}$ by $m$; fixed $\pi_1=0.05$,9,heatmap_cell,standard_conformal_bh,finite_k2,m_fixed_pi,3.0,3.4,2.8494850021680094,3.15051499783199,3.3,3.5,1000.0,test batch size $m$,0.1,1000,0.05,,25,100,0.6973578054752109,0.6973578054752109,0.095872,0.5732,0.0697357805475211,-1.0991624929285948,0.0,0.9207004715789472,2500,finite_k2_m_fixed_pi,empirical FDR / nominal alpha
tikz-v1,figure1_supp,fdr_ratio_atlas_r3_c1,$N_{cal}$ by $m$; fixed $\pi_1=0.05$,9,heatmap_cell,standard_conformal_bh,finite_k2,m_fixed_pi,3.0,3.6,2.8494850021680094,3.15051499783199,3.5,3.7,1000.0,test batch size $m$,0.1,1000,0.05,,25,100,0.882223882349936,0.882223882349936,0.117104,0.7288,0.0882223882349936,-1.2990712600274097,0.0,0.921351385263158,2500,finite_k2_m_fixed_pi,empirical FDR / nominal alpha
tikz-v1,figure1_supp,fdr_ratio_atlas_r3_c1,$N_{cal}$ by $m$; fixed $\pi_1=0.05$,9,heatmap_cell,standard_conformal_bh,finite_k2,m_fixed_pi,3.0,3.8,2.8494850021680094,3.15051499783199,3.7,3.9,1000.0,test batch size $m$,0.1,1000,0.05,,25,100,0.9619857294422041,0.9619857294422041,0.120808,0.8108,0.0961985729442204,-1.4990681845107945,0.0,0.9209527578947369,2500,finite_k2_m_fixed_pi,empirical FDR / nominal alpha
tikz-v1,figure1_supp,fdr_ratio_atlas_r3_c1,$N_{cal}$ by $m$; fixed $\pi_1=0.05$,9,heatmap_cell,standard_conformal_bh,finite_k2,m_fixed_pi,3.0,4.0,2.8494850021680094,3.15051499783199,3.9,4.1,1000.0,test batch size $m$,0.1,1000,0.05,,25,100,1.059145589229872,1.059145589229872,0.130176,0.946,0.1059145589229872,-1.6990134316128815,0.0,0.9209683368421052,2500,finite_k2_m_fixed_pi,empirical FDR / nominal alpha
tikz-v1,figure1_supp,fdr_ratio_atlas_r3_c1,$N_{cal}$ by $m$; fixed $\pi_1=0.05$,9,heatmap_cell,standard_conformal_bh,finite_k2,m_fixed_pi,3.3010299956639813,1.4,3.15051499783199,3.451544993495972,1.3,1.5,2000.0,test batch size $m$,0.1,2000,0.05,,25,100,0.0,0.0,0.0,0.0,0.0,0.8860566476931633,1.0,0.9212655136842104,2500,finite_k2_m_fixed_pi,empirical FDR / nominal alpha
tikz-v1,figure1_supp,fdr_ratio_atlas_r3_c1,$N_{cal}$ by $m$; fixed $\pi_1=0.05$,9,heatmap_cell,standard_conformal_bh,finite_k2,m_fixed_pi,3.3010299956639813,1.6,3.15051499783199,3.451544993495972,1.5,1.7,2000.0,test batch size $m$,0.1,2000,0.05,,25,100,0.0,0.0,0.0,0.0,0.0,0.6882461389442457,1.0,0.9216481684210528,2500,finite_k2_m_fixed_pi,empirical FDR / nominal alpha
tikz-v1,figure1_supp,fdr_ratio_atlas_r3_c1,$N_{cal}$ by $m$; fixed $\pi_1=0.05$,9,heatmap_cell,standard_conformal_bh,finite_k2,m_fixed_pi,3.3010299956639813,1.7999999999999998,3.15051499783199,3.451544993495972,1.7,1.9,2000.0,test batch size $m$,0.1,2000,0.05,,25,100,0.0,0.0,0.0,0.0,0.0,0.494850021680094,1.0,0.9212829284210524,2500,finite_k2_m_fixed_pi,empirical FDR / nominal alpha
tikz-v1,figure1_supp,fdr_ratio_atlas_r3_c1,$N_{cal}$ by $m$; fixed $\pi_1=0.05$,9,heatmap_cell,standard_conformal_bh,finite_k2,m_fixed_pi,3.3010299956639813,2.0,3.15051499783199,3.451544993495972,1.9,2.1,2000.0,test batch size $m$,0.1,2000,0.05,,25,100,0.0,0.0,0.0,0.0,0.0,0.2967086218813386,1.0,0.921868012631579,2500,finite_k2_m_fixed_pi,empirical FDR / nominal alpha
tikz-v1,figure1_supp,fdr_ratio_atlas_r3_c1,$N_{cal}$ by $m$; fixed $\pi_1=0.05$,9,heatmap_cell,standard_conformal_bh,finite_k2,m_fixed_pi,3.3010299956639813,2.2,3.15051499783199,3.451544993495972,2.1,2.3,2000.0,test batch size $m$,0.1,2000,0.05,,25,100,0.0,0.0,0.0,0.0,0.0,0.0996328713435296,1.0,0.9219211305263156,2500,finite_k2_m_fixed_pi,empirical FDR / nominal alpha
tikz-v1,figure1_supp,fdr_ratio_atlas_r3_c1,$N_{cal}$ by $m$; fixed $\pi_1=0.05$,9,heatmap_cell,standard_conformal_bh,finite_k2,m_fixed_pi,3.3010299956639813,2.4,3.15051499783199,3.451544993495972,2.3,2.5,2000.0,test batch size $m$,0.1,2000,0.05,,25,100,0.003079629629629,0.003079629629629,0.000396,0.0008,0.0003079629629629,-0.1003705451175629,0.0,0.9211810357894736,2500,finite_k2_m_fixed_pi,empirical FDR / nominal alpha
tikz-v1,figure1_supp,fdr_ratio_atlas_r3_c1,$N_{cal}$ by $m$; fixed $\pi_1=0.05$,9,heatmap_cell,standard_conformal_bh,finite_k2,m_fixed_pi,3.3010299956639813,2.6,3.15051499783199,3.451544993495972,2.5,2.7,2000.0,test batch size $m$,0.1,2000,0.05,,25,100,0.09348117295014699,0.09348117295014699,0.011192,0.0296,0.0093481172950147,-0.2999429000227671,0.0,0.921533372631579,2500,finite_k2_m_fixed_pi,empirical FDR / nominal alpha
tikz-v1,figure1_supp,fdr_ratio_atlas_r3_c1,$N_{cal}$ by $m$; fixed $\pi_1=0.05$,9,heatmap_cell,standard_conformal_bh,finite_k2,m_fixed_pi,3.3010299956639813,2.8,3.15051499783199,3.451544993495972,2.7,2.9,2000.0,test batch size $m$,0.1,2000,0.05,,25,100,0.446855492882582,0.446855492882582,0.0526,0.17,0.0446855492882582,-0.4996870826184039,0.0,0.9213142084210528,2500,finite_k2_m_fixed_pi,empirical FDR / nominal alpha
tikz-v1,figure1_supp,fdr_ratio_atlas_r3_c1,$N_{cal}$ by $m$; fixed $\pi_1=0.05$,9,heatmap_cell,standard_conformal_bh,finite_k2,m_fixed_pi,3.3010299956639813,3.0,3.15051499783199,3.451544993495972,2.9,3.1,2000.0,test batch size $m$,0.1,2000,0.05,,25,100,0.22422279574493298,0.22422279574493298,0.0295199999999999,0.1472,0.0224222795744933,-0.6994040818153374,0.0,0.9211195031578948,2500,finite_k2_m_fixed_pi,empirical FDR / nominal alpha
tikz-v1,figure1_supp,fdr_ratio_atlas_r3_c1,$N_{cal}$ by $m$; fixed $\pi_1=0.05$,9,heatmap_cell,standard_conformal_bh,finite_k2,m_fixed_pi,3.3010299956639813,3.2,3.15051499783199,3.451544993495972,3.1,3.3,2000.0,test batch size $m$,0.1,2000,0.05,,25,100,0.6596777597337409,0.6596777597337409,0.080496,0.4208,0.0659677759733741,-0.8992731873176038,0.0,0.9218236884210526,2500,finite_k2_m_fixed_pi,empirical FDR / nominal alpha
tikz-v1,figure1_supp,fdr_ratio_atlas_r3_c1,$N_{cal}$ by $m$; fixed $\pi_1=0.05$,9,heatmap_cell,standard_conformal_bh,finite_k2,m_fixed_pi,3.3010299956639813,3.4,3.15051499783199,3.451544993495972,3.3,3.5,2000.0,test batch size $m$,0.1,2000,0.05,,25,100,0.9838422152584381,0.9838422152584381,0.1188639999999999,0.7252,0.0983842215258438,-1.0991624929285948,0.0,0.921537307368421,2500,finite_k2_m_fixed_pi,empirical FDR / nominal alpha
tikz-v1,figure1_supp,fdr_ratio_atlas_r3_c1,$N_{cal}$ by $m$; fixed $\pi_1=0.05$,9,heatmap_cell,standard_conformal_bh,finite_k2,m_fixed_pi,3.3010299956639813,3.6,3.15051499783199,3.451544993495972,3.5,3.7,2000.0,test batch size $m$,0.1,2000,0.05,,25,100,0.6662430795258509,0.6662430795258509,0.080252,0.5648,0.0666243079525851,-1.2990712600274097,0.0,0.9213392778947368,2500,finite_k2_m_fixed_pi,empirical FDR / nominal alpha
tikz-v1,figure1_supp,fdr_ratio_atlas_r3_c1,$N_{cal}$ by $m$; fixed $\pi_1=0.05$,9,heatmap_cell,standard_conformal_bh,finite_k2,m_fixed_pi,3.3010299956639813,3.8,3.15051499783199,3.451544993495972,3.7,3.9,2000.0,test batch size $m$,0.1,2000,0.05,,25,100,0.7805705455400099,0.7805705455400099,0.097244,0.7732,0.078057054554001,-1.4990681845107945,0.0,0.9211855410526316,2500,finite_k2_m_fixed_pi,empirical FDR / nominal alpha
tikz-v1,figure1_supp,fdr_ratio_atlas_r3_c1,$N_{cal}$ by $m$; fixed $\pi_1=0.05$,9,heatmap_cell,standard_conformal_bh,finite_k2,m_fixed_pi,3.3010299956639813,4.0,3.15051499783199,3.451544993495972,3.9,4.1,2000.0,test batch size $m$,0.1,2000,0.05,,25,100,0.9883141714569379,0.9883141714569379,0.119336,0.9452,0.0988314171456938,-1.6990134316128815,0.0,0.9212447957894736,2500,finite_k2_m_fixed_pi,empirical FDR / nominal alpha
tikz-v1,figure1_supp,fdr_ratio_atlas_r3_c3,$N_{cal}$ by anomaly rate,11,heatmap_cell,standard_conformal_bh,finite_k2,pi1_sweep,-2.3010299956639813,1.4,-2.451544993495972,-2.15051499783199,1.3,1.5,0.005,anomaly rate $\pi_1$,0.1,1000,0.005,,25,100,0.0,0.0,0.0,0.0,0.0,1.8860566476931635,1.0,0.921734432160804,2500,finite_k2_pi1_sweep,empirical FDR / nominal alpha
tikz-v1,figure1_supp,fdr_ratio_atlas_r3_c3,$N_{cal}$ by anomaly rate,11,heatmap_cell,standard_conformal_bh,finite_k2,pi1_sweep,-2.3010299956639813,1.6,-2.451544993495972,-2.15051499783199,1.5,1.7,0.005,anomaly rate $\pi_1$,0.1,1000,0.005,,25,100,0.0,0.0,0.0,0.0,0.0,1.6882461389442458,1.0,0.9216028140703518,2500,finite_k2_pi1_sweep,empirical FDR / nominal alpha
tikz-v1,figure1_supp,fdr_ratio_atlas_r3_c3,$N_{cal}$ by anomaly rate,11,heatmap_cell,standard_conformal_bh,finite_k2,pi1_sweep,-2.3010299956639813,1.7999999999999998,-2.451544993495972,-2.15051499783199,1.7,1.9,0.005,anomaly rate $\pi_1$,0.1,1000,0.005,,25,100,0.0,0.0,0.0,0.0,0.0,1.494850021680094,1.0,0.9206538291457288,2500,finite_k2_pi1_sweep,empirical FDR / nominal alpha
tikz-v1,figure1_supp,fdr_ratio_atlas_r3_c3,$N_{cal}$ by anomaly rate,11,heatmap_cell,standard_conformal_bh,finite_k2,pi1_sweep,-2.3010299956639813,2.0,-2.451544993495972,-2.15051499783199,1.9,2.1,0.005,anomaly rate $\pi_1$,0.1,1000,0.005,,25,100,0.0,0.0,0.0,0.0,0.0,1.2967086218813386,1.0,0.923622673366834,2500,finite_k2_pi1_sweep,empirical FDR / nominal alpha
tikz-v1,figure1_supp,fdr_ratio_atlas_r3_c3,$N_{cal}$ by anomaly rate,11,heatmap_cell,standard_conformal_bh,finite_k2,pi1_sweep,-2.3010299956639813,2.2,-2.451544993495972,-2.15051499783199,2.1,2.3,0.005,anomaly rate $\pi_1$,0.1,1000,0.005,,25,100,0.0,0.0,0.0,0.0,0.0,1.0996328713435295,1.0,0.9244346532663316,2500,finite_k2_pi1_sweep,empirical FDR / nominal alpha
tikz-v1,figure1_supp,fdr_ratio_atlas_r3_c3,$N_{cal}$ by anomaly rate,11,heatmap_cell,standard_conformal_bh,finite_k2,pi1_sweep,-2.3010299956639813,2.4,-2.451544993495972,-2.15051499783199,2.3,2.5,0.005,anomaly rate $\pi_1$,0.1,1000,0.005,,25,100,0.0,0.0,0.0,0.0,0.0,0.8996294548824371,1.0,0.921270592964824,2500,finite_k2_pi1_sweep,empirical FDR / nominal alpha
tikz-v1,figure1_supp,fdr_ratio_atlas_r3_c3,$N_{cal}$ by anomaly rate,11,heatmap_cell,standard_conformal_bh,finite_k2,pi1_sweep,-2.3010299956639813,2.6,-2.451544993495972,-2.15051499783199,2.5,2.7,0.005,anomaly rate $\pi_1$,0.1,1000,0.005,,25,100,0.0,0.0,0.0,0.0,0.0,0.700057099977233,1.0,0.920643055276382,2500,finite_k2_pi1_sweep,empirical FDR / nominal alpha
tikz-v1,figure1_supp,fdr_ratio_atlas_r3_c3,$N_{cal}$ by anomaly rate,11,heatmap_cell,standard_conformal_bh,finite_k2,pi1_sweep,-2.3010299956639813,2.8,-2.451544993495972,-2.15051499783199,2.7,2.9,0.005,anomaly rate $\pi_1$,0.1,1000,0.005,,25,100,0.0037647058823519998,0.0037647058823519998,8e-05,0.0004,0.0003764705882352,0.5003129173815962,1.0,0.9198929849246228,2500,finite_k2_pi1_sweep,empirical FDR / nominal alpha
tikz-v1,figure1_supp,fdr_ratio_atlas_r3_c3,$N_{cal}$ by anomaly rate,11,heatmap_cell,standard_conformal_bh,finite_k2,pi1_sweep,-2.3010299956639813,3.0,-2.451544993495972,-2.15051499783199,2.9,3.1,0.005,anomaly rate $\pi_1$,0.1,1000,0.005,,25,100,0.008945454545454,0.008945454545454,0.00064,0.0012,0.0008945454545454,0.3005959181846626,1.0,0.919796984924623,2500,finite_k2_pi1_sweep,empirical FDR / nominal alpha
tikz-v1,figure1_supp,fdr_ratio_atlas_r3_c3,$N_{cal}$ by anomaly rate,11,heatmap_cell,standard_conformal_bh,finite_k2,pi1_sweep,-2.3010299956639813,3.2,-2.451544993495972,-2.15051499783199,3.1,3.3,0.005,anomaly rate $\pi_1$,0.1,1000,0.005,,25,100,0.020642857142856998,0.020642857142856998,0.00104,0.0028,0.0020642857142857,0.1007268126823962,1.0,0.9216009648241204,2500,finite_k2_pi1_sweep,empirical FDR / nominal alpha
tikz-v1,figure1_supp,fdr_ratio_atlas_r3_c3,$N_{cal}$ by anomaly rate,11,heatmap_cell,standard_conformal_bh,finite_k2,pi1_sweep,-2.3010299956639813,3.4,-2.451544993495972,-2.15051499783199,3.3,3.5,0.005,anomaly rate $\pi_1$,0.1,1000,0.005,,25,100,0.0628,0.0628,0.00416,0.0112,0.00628,-0.0991624929285947,0.0,0.9228300703517588,2500,finite_k2_pi1_sweep,empirical FDR / nominal alpha
tikz-v1,figure1_supp,fdr_ratio_atlas_r3_c3,$N_{cal}$ by anomaly rate,11,heatmap_cell,standard_conformal_bh,finite_k2,pi1_sweep,-2.3010299956639813,3.6,-2.451544993495972,-2.15051499783199,3.5,3.7,0.005,anomaly rate $\pi_1$,0.1,1000,0.005,,25,100,0.111533333333333,0.111533333333333,0.0067199999999999,0.0216,0.0111533333333333,-0.2990712600274095,0.0,0.9221362814070352,2500,finite_k2_pi1_sweep,empirical FDR / nominal alpha
tikz-v1,figure1_supp,fdr_ratio_atlas_r3_c3,$N_{cal}$ by anomaly rate,11,heatmap_cell,standard_conformal_bh,finite_k2,pi1_sweep,-2.3010299956639813,3.8,-2.451544993495972,-2.15051499783199,3.7,3.9,0.005,anomaly rate $\pi_1$,0.1,1000,0.005,,25,100,0.272707936507936,0.272707936507936,0.0135199999999999,0.0548,0.0272707936507936,-0.4990681845107945,0.0,0.9229817085427136,2500,finite_k2_pi1_sweep,empirical FDR / nominal alpha
tikz-v1,figure1_supp,fdr_ratio_atlas_r3_c3,$N_{cal}$ by anomaly rate,11,heatmap_cell,standard_conformal_bh,finite_k2,pi1_sweep,-2.3010299956639813,4.0,-2.451544993495972,-2.15051499783199,3.9,4.1,0.005,anomaly rate $\pi_1$,0.1,1000,0.005,,25,100,1.1583238095238089,1.1583238095238089,0.05024,0.2828,0.1158323809523809,-0.6990134316128814,0.0,0.9217083819095478,2500,finite_k2_pi1_sweep,empirical FDR / nominal alpha
tikz-v1,figure1_supp,fdr_ratio_atlas_r3_c3,$N_{cal}$ by anomaly rate,11,heatmap_cell,standard_conformal_bh,finite_k2,pi1_sweep,-2.0,1.4,-2.15051499783199,-1.8494850021680092,1.3,1.5,0.01,anomaly rate $\pi_1$,0.1,1000,0.01,,25,100,0.0,0.0,0.0,0.0,0.0,1.585026652029182,1.0,0.9215545454545456,2500,finite_k2_pi1_sweep,empirical FDR / nominal alpha
tikz-v1,figure1_supp,fdr_ratio_atlas_r3_c3,$N_{cal}$ by anomaly rate,11,heatmap_cell,standard_conformal_bh,finite_k2,pi1_sweep,-2.0,1.6,-2.15051499783199,-1.8494850021680092,1.5,1.7,0.01,anomaly rate $\pi_1$,0.1,1000,0.01,,25,100,0.0,0.0,0.0,0.0,0.0,1.3872161432802643,1.0,0.921824404040404,2500,finite_k2_pi1_sweep,empirical FDR / nominal alpha
tikz-v1,figure1_supp,fdr_ratio_atlas_r3_c3,$N_{cal}$ by anomaly rate,11,heatmap_cell,standard_conformal_bh,finite_k2,pi1_sweep,-2.0,1.7999999999999998,-2.15051499783199,-1.8494850021680092,1.7,1.9,0.01,anomaly rate $\pi_1$,0.1,1000,0.01,,25,100,0.0,0.0,0.0,0.0,0.0,1.193820026016113,1.0,0.920711393939394,2500,finite_k2_pi1_sweep,empirical FDR / nominal alpha
tikz-v1,figure1_supp,fdr_ratio_atlas_r3_c3,$N_{cal}$ by anomaly rate,11,heatmap_cell,standard_conformal_bh,finite_k2,pi1_sweep,-2.0,2.0,-2.15051499783199,-1.8494850021680092,1.9,2.1,0.01,anomaly rate $\pi_1$,0.1,1000,0.01,,25,100,0.0,0.0,0.0,0.0,0.0,0.9956786262173576,1.0,0.9221432323232324,2500,finite_k2_pi1_sweep,empirical FDR / nominal alpha
tikz-v1,figure1_supp,fdr_ratio_atlas_r3_c3,$N_{cal}$ by anomaly rate,11,heatmap_cell,standard_conformal_bh,finite_k2,pi1_sweep,-2.0,2.2,-2.15051499783199,-1.8494850021680092,2.1,2.3,0.01,anomaly rate $\pi_1$,0.1,1000,0.01,,25,100,0.0,0.0,0.0,0.0,0.0,0.7986028756795486,1.0,0.9203014949494948,2500,finite_k2_pi1_sweep,empirical FDR / nominal alpha
tikz-v1,figure1_supp,fdr_ratio_atlas_r3_c3,$N_{cal}$ by anomaly rate,11,heatmap_cell,standard_conformal_bh,finite_k2,pi1_sweep,-2.0,2.4,-2.15051499783199,-1.8494850021680092,2.3,2.5,0.01,anomaly rate $\pi_1$,0.1,1000,0.01,,25,100,0.0,0.0,0.0,0.0,0.0,0.5985994592184559,1.0,0.9223130909090907,2500,finite_k2_pi1_sweep,empirical FDR / nominal alpha
tikz-v1,figure1_supp,fdr_ratio_atlas_r3_c3,$N_{cal}$ by anomaly rate,11,heatmap_cell,standard_conformal_bh,finite_k2,pi1_sweep,-2.0,2.6,-2.15051499783199,-1.8494850021680092,2.5,2.7,0.01,anomaly rate $\pi_1$,0.1,1000,0.01,,25,100,0.0,0.0,0.0,0.0,0.0,0.3990271043132517,1.0,0.9224172929292932,2500,finite_k2_pi1_sweep,empirical FDR / nominal alpha
tikz-v1,figure1_supp,fdr_ratio_atlas_r3_c3,$N_{cal}$ by anomaly rate,11,heatmap_cell,standard_conformal_bh,finite_k2,pi1_sweep,-2.0,2.8,-2.15051499783199,-1.8494850021680092,2.7,2.9,0.01,anomaly rate $\pi_1$,0.1,1000,0.01,,25,100,0.229338608811807,0.229338608811807,0.01284,0.03,0.0229338608811807,0.199282921717615,1.0,0.921014585858586,2500,finite_k2_pi1_sweep,empirical FDR / nominal alpha
tikz-v1,figure1_supp,fdr_ratio_atlas_r3_c3,$N_{cal}$ by anomaly rate,11,heatmap_cell,standard_conformal_bh,finite_k2,pi1_sweep,-2.0,3.0,-2.15051499783199,-1.8494850021680092,2.9,3.1,0.01,anomaly rate $\pi_1$,0.1,1000,0.01,,25,100,0.011812121212121,0.011812121212121,0.00088,0.002,0.0011812121212121,-0.0004340774793186,0.0,0.9218313131313132,2500,finite_k2_pi1_sweep,empirical FDR / nominal alpha
tikz-v1,figure1_supp,fdr_ratio_atlas_r3_c3,$N_{cal}$ by anomaly rate,11,heatmap_cell,standard_conformal_bh,finite_k2,pi1_sweep,-2.0,3.2,-2.15051499783199,-1.8494850021680092,3.1,3.3,0.01,anomaly rate $\pi_1$,0.1,1000,0.01,,25,100,0.13792799422799398,0.13792799422799398,0.00732,0.0232,0.0137927994227994,-0.2003031829815849,0.0,0.9211442020202024,2500,finite_k2_pi1_sweep,empirical FDR / nominal alpha
tikz-v1,figure1_supp,fdr_ratio_atlas_r3_c3,$N_{cal}$ by anomaly rate,11,heatmap_cell,standard_conformal_bh,finite_k2,pi1_sweep,-2.0,3.4,-2.15051499783199,-1.8494850021680092,3.3,3.5,0.01,anomaly rate $\pi_1$,0.1,1000,0.01,,25,100,0.24549413919413898,0.24549413919413898,0.01488,0.0564,0.0245494139194139,-0.400192488592576,0.0,0.9208632727272728,2500,finite_k2_pi1_sweep,empirical FDR / nominal alpha
tikz-v1,figure1_supp,fdr_ratio_atlas_r3_c3,$N_{cal}$ by anomaly rate,11,heatmap_cell,standard_conformal_bh,finite_k2,pi1_sweep,-2.0,3.6,-2.15051499783199,-1.8494850021680092,3.5,3.7,0.01,anomaly rate $\pi_1$,0.1,1000,0.01,,25,100,0.23294126984126898,0.23294126984126898,0.01664,0.0712,0.0232941269841269,-0.6001012556913907,0.0,0.9229356767676768,2500,finite_k2_pi1_sweep,empirical FDR / nominal alpha
tikz-v1,figure1_supp,fdr_ratio_atlas_r3_c3,$N_{cal}$ by anomaly rate,11,heatmap_cell,standard_conformal_bh,finite_k2,pi1_sweep,-2.0,3.8,-2.15051499783199,-1.8494850021680092,3.7,3.9,0.01,anomaly rate $\pi_1$,0.1,1000,0.01,,25,100,0.437911111111111,0.437911111111111,0.02992,0.1532,0.0437911111111111,-0.8000981801747756,0.0,0.920633696969697,2500,finite_k2_pi1_sweep,empirical FDR / nominal alpha
tikz-v1,figure1_supp,fdr_ratio_atlas_r3_c3,$N_{cal}$ by anomaly rate,11,heatmap_cell,standard_conformal_bh,finite_k2,pi1_sweep,-2.0,4.0,-2.15051499783199,-1.8494850021680092,3.9,4.1,0.01,anomaly rate $\pi_1$,0.1,1000,0.01,,25,100,0.98107619047619,0.98107619047619,0.05896,0.3996,0.098107619047619,-1.0000434272768626,0.0,0.9197930505050504,2500,finite_k2_pi1_sweep,empirical FDR / nominal alpha
tikz-v1,figure1_supp,fdr_ratio_atlas_r3_c3,$N_{cal}$ by anomaly rate,11,heatmap_cell,standard_conformal_bh,finite_k2,pi1_sweep,-1.6989700043360187,1.4,-1.8494850021680092,-1.5,1.3,1.5,0.02,anomaly rate $\pi_1$,0.1,1000,0.02,,25,100,0.0,0.0,0.0,0.0,0.0,1.2839966563652008,1.0,0.921503775510204,2500,finite_k2_pi1_sweep,empirical FDR / nominal alpha
tikz-v1,figure1_supp,fdr_ratio_atlas_r3_c3,$N_{cal}$ by anomaly rate,11,heatmap_cell,standard_conformal_bh,finite_k2,pi1_sweep,-1.6989700043360187,1.6,-1.8494850021680092,-1.5,1.5,1.7,0.02,anomaly rate $\pi_1$,0.1,1000,0.02,,25,100,0.0,0.0,0.0,0.0,0.0,1.0861861476162833,1.0,0.9213030204081634,2500,finite_k2_pi1_sweep,empirical FDR / nominal alpha
tikz-v1,figure1_supp,fdr_ratio_atlas_r3_c3,$N_{cal}$ by anomaly rate,11,heatmap_cell,standard_conformal_bh,finite_k2,pi1_sweep,-1.6989700043360187,1.7999999999999998,-1.8494850021680092,-1.5,1.7,1.9,0.02,anomaly rate $\pi_1$,0.1,1000,0.02,,25,100,0.0,0.0,0.0,0.0,0.0,0.8927900303521317,1.0,0.9212585714285711,2500,finite_k2_pi1_sweep,empirical FDR / nominal alpha
tikz-v1,figure1_supp,fdr_ratio_atlas_r3_c3,$N_{cal}$ by anomaly rate,11,heatmap_cell,standard_conformal_bh,finite_k2,pi1_sweep,-1.6989700043360187,2.0,-1.8494850021680092,-1.5,1.9,2.1,0.02,anomaly rate $\pi_1$,0.1,1000,0.02,,25,100,0.0,0.0,0.0,0.0,0.0,0.6946486305533762,1.0,0.9207941224489796,2500,finite_k2_pi1_sweep,empirical FDR / nominal alpha
tikz-v1,figure1_supp,fdr_ratio_atlas_r3_c3,$N_{cal}$ by anomaly rate,11,heatmap_cell,standard_conformal_bh,finite_k2,pi1_sweep,-1.6989700043360187,2.2,-1.8494850021680092,-1.5,2.1,2.3,0.02,anomaly rate $\pi_1$,0.1,1000,0.02,,25,100,0.0,0.0,0.0,0.0,0.0,0.4975728800155673,1.0,0.9220690612244898,2500,finite_k2_pi1_sweep,empirical FDR / nominal alpha
tikz-v1,figure1_supp,fdr_ratio_atlas_r3_c3,$N_{cal}$ by anomaly rate,11,heatmap_cell,standard_conformal_bh,finite_k2,pi1_sweep,-1.6989700043360187,2.4,-1.8494850021680092,-1.5,2.3,2.5,0.02,anomaly rate $\pi_1$,0.1,1000,0.02,,25,100,0.0,0.0,0.0,0.0,0.0,0.2975694635544746,1.0,0.9218125714285714,2500,finite_k2_pi1_sweep,empirical FDR / nominal alpha
tikz-v1,figure1_supp,fdr_ratio_atlas_r3_c3,$N_{cal}$ by anomaly rate,11,heatmap_cell,standard_conformal_bh,finite_k2,pi1_sweep,-1.6989700043360187,2.6,-1.8494850021680092,-1.5,2.5,2.7,0.02,anomaly rate $\pi_1$,0.1,1000,0.02,,25,100,0.007694342694342,0.007694342694342,0.00058,0.0012,0.0007694342694342,0.0979971086492705,1.0,0.920541448979592,2500,finite_k2_pi1_sweep,empirical FDR / nominal alpha
tikz-v1,figure1_supp,fdr_ratio_atlas_r3_c3,$N_{cal}$ by anomaly rate,11,heatmap_cell,standard_conformal_bh,finite_k2,pi1_sweep,-1.6989700043360187,2.8,-1.8494850021680092,-1.5,2.7,2.9,0.02,anomaly rate $\pi_1$,0.1,1000,0.02,,25,100,0.013403095975232,0.013403095975232,0.00126,0.0028,0.0013403095975232,-0.1017470739463662,0.0,0.9210168775510204,2500,finite_k2_pi1_sweep,empirical FDR / nominal alpha
tikz-v1,figure1_supp,fdr_ratio_atlas_r3_c3,$N_{cal}$ by anomaly rate,11,heatmap_cell,standard_conformal_bh,finite_k2,pi1_sweep,-1.6989700043360187,3.0,-1.8494850021680092,-1.5,2.9,3.1,0.02,anomaly rate $\pi_1$,0.1,1000,0.02,,25,100,0.153281385281385,0.153281385281385,0.01116,0.0352,0.0153281385281385,-0.3014640731432998,0.0,0.920461,2500,finite_k2_pi1_sweep,empirical FDR / nominal alpha
tikz-v1,figure1_supp,fdr_ratio_atlas_r3_c3,$N_{cal}$ by anomaly rate,11,heatmap_cell,standard_conformal_bh,finite_k2,pi1_sweep,-1.6989700043360187,3.2,-1.8494850021680092,-1.5,3.1,3.3,0.02,anomaly rate $\pi_1$,0.1,1000,0.02,,25,100,0.17981886153062598,0.17981886153062598,0.0152,0.0556,0.0179818861530626,-0.5013331786455661,0.0,0.9204229591836736,2500,finite_k2_pi1_sweep,empirical FDR / nominal alpha
tikz-v1,figure1_supp,fdr_ratio_atlas_r3_c3,$N_{cal}$ by anomaly rate,11,heatmap_cell,standard_conformal_bh,finite_k2,pi1_sweep,-1.6989700043360187,3.4,-1.8494850021680092,-1.5,3.3,3.5,0.02,anomaly rate $\pi_1$,0.1,1000,0.02,,25,100,0.588905722382193,0.588905722382193,0.0457,0.218,0.0588905722382193,-0.7012224842565572,0.0,0.921262,2500,finite_k2_pi1_sweep,empirical FDR / nominal alpha
tikz-v1,figure1_supp,fdr_ratio_atlas_r3_c3,$N_{cal}$ by anomaly rate,11,heatmap_cell,standard_conformal_bh,finite_k2,pi1_sweep,-1.6989700043360187,3.6,-1.8494850021680092,-1.5,3.5,3.7,0.02,anomaly rate $\pi_1$,0.1,1000,0.02,,25,100,0.5037557664557659,0.5037557664557659,0.0399399999999999,0.232,0.0503755766455766,-0.901131251355372,0.0,0.9214996326530612,2500,finite_k2_pi1_sweep,empirical FDR / nominal alpha
tikz-v1,figure1_supp,fdr_ratio_atlas_r3_c3,$N_{cal}$ by anomaly rate,11,heatmap_cell,standard_conformal_bh,finite_k2,pi1_sweep,-1.6989700043360187,3.8,-1.8494850021680092,-1.5,3.7,3.9,0.02,anomaly rate $\pi_1$,0.1,1000,0.02,,25,100,0.6098969696969689,0.6098969696969689,0.0518,0.3524,0.0609896969696969,-1.1011281758387568,0.0,0.9220772857142856,2500,finite_k2_pi1_sweep,empirical FDR / nominal alpha
tikz-v1,figure1_supp,fdr_ratio_atlas_r3_c3,$N_{cal}$ by anomaly rate,11,heatmap_cell,standard_conformal_bh,finite_k2,pi1_sweep,-1.6989700043360187,4.0,-1.8494850021680092,-1.5,3.9,4.1,0.02,anomaly rate $\pi_1$,0.1,1000,0.02,,25,100,1.030032345432345,1.030032345432345,0.07232,0.6288,0.1030032345432345,-1.3010734229408438,0.0,0.922134612244898,2500,finite_k2_pi1_sweep,empirical FDR / nominal alpha
tikz-v1,figure1_supp,fdr_ratio_atlas_r3_c3,$N_{cal}$ by anomaly rate,11,heatmap_cell,standard_conformal_bh,finite_k2,pi1_sweep,-1.3010299956639813,1.4,-1.5,-1.1505149978319906,1.3,1.5,0.05,anomaly rate $\pi_1$,0.1,1000,0.05,,25,100,0.0,0.0,0.0,0.0,0.0,0.8860566476931633,1.0,0.9214151494736842,2500,finite_k2_pi1_sweep,empirical FDR / nominal alpha
tikz-v1,figure1_supp,fdr_ratio_atlas_r3_c3,$N_{cal}$ by anomaly rate,11,heatmap_cell,standard_conformal_bh,finite_k2,pi1_sweep,-1.3010299956639813,1.6,-1.5,-1.1505149978319906,1.5,1.7,0.05,anomaly rate $\pi_1$,0.1,1000,0.05,,25,100,0.0,0.0,0.0,0.0,0.0,0.6882461389442457,1.0,0.9218212884210528,2500,finite_k2_pi1_sweep,empirical FDR / nominal alpha
tikz-v1,figure1_supp,fdr_ratio_atlas_r3_c3,$N_{cal}$ by anomaly rate,11,heatmap_cell,standard_conformal_bh,finite_k2,pi1_sweep,-1.3010299956639813,1.7999999999999998,-1.5,-1.1505149978319906,1.7,1.9,0.05,anomaly rate $\pi_1$,0.1,1000,0.05,,25,100,0.0,0.0,0.0,0.0,0.0,0.494850021680094,1.0,0.9211439663157894,2500,finite_k2_pi1_sweep,empirical FDR / nominal alpha
tikz-v1,figure1_supp,fdr_ratio_atlas_r3_c3,$N_{cal}$ by anomaly rate,11,heatmap_cell,standard_conformal_bh,finite_k2,pi1_sweep,-1.3010299956639813,2.0,-1.5,-1.1505149978319906,1.9,2.1,0.05,anomaly rate $\pi_1$,0.1,1000,0.05,,25,100,0.002509803921568,0.002509803921568,0.000304,0.0004,0.0002509803921568,0.2967086218813386,1.0,0.921058812631579,2500,finite_k2_pi1_sweep,empirical FDR / nominal alpha
tikz-v1,figure1_supp,fdr_ratio_atlas_r3_c3,$N_{cal}$ by anomaly rate,11,heatmap_cell,standard_conformal_bh,finite_k2,pi1_sweep,-1.3010299956639813,2.2,-1.5,-1.1505149978319906,2.1,2.3,0.05,anomaly rate $\pi_1$,0.1,1000,0.05,,25,100,0.005533549783549,0.005533549783549,0.000832,0.0012,0.0005533549783549,0.0996328713435296,1.0,0.9217788463157894,2500,finite_k2_pi1_sweep,empirical FDR / nominal alpha
tikz-v1,figure1_supp,fdr_ratio_atlas_r3_c3,$N_{cal}$ by anomaly rate,11,heatmap_cell,standard_conformal_bh,finite_k2,pi1_sweep,-1.3010299956639813,2.4,-1.5,-1.1505149978319906,2.3,2.5,0.05,anomaly rate $\pi_1$,0.1,1000,0.05,,25,100,0.032166839589957995,0.032166839589957995,0.003728,0.0076,0.0032166839589958,-0.1003705451175629,0.0,0.9213603789473684,2500,finite_k2_pi1_sweep,empirical FDR / nominal alpha
tikz-v1,figure1_supp,fdr_ratio_atlas_r3_c3,$N_{cal}$ by anomaly rate,11,heatmap_cell,standard_conformal_bh,finite_k2,pi1_sweep,-1.3010299956639813,2.6,-1.5,-1.1505149978319906,2.5,2.7,0.05,anomaly rate $\pi_1$,0.1,1000,0.05,,25,100,0.32077641591352796,0.32077641591352796,0.0368799999999999,0.0896,0.0320776415913528,-0.2999429000227671,0.0,0.9218351578947368,2500,finite_k2_pi1_sweep,empirical FDR / nominal alpha
tikz-v1,figure1_supp,fdr_ratio_atlas_r3_c3,$N_{cal}$ by anomaly rate,11,heatmap_cell,standard_conformal_bh,finite_k2,pi1_sweep,-1.3010299956639813,2.8,-1.5,-1.1505149978319906,2.7,2.9,0.05,anomaly rate $\pi_1$,0.1,1000,0.05,,25,100,0.22452980934697098,0.22452980934697098,0.029824,0.1004,0.0224529809346971,-0.4996870826184039,0.0,0.9204037473684208,2500,finite_k2_pi1_sweep,empirical FDR / nominal alpha
tikz-v1,figure1_supp,fdr_ratio_atlas_r3_c3,$N_{cal}$ by anomaly rate,11,heatmap_cell,standard_conformal_bh,finite_k2,pi1_sweep,-1.3010299956639813,3.0,-1.5,-1.1505149978319906,2.9,3.1,0.05,anomaly rate $\pi_1$,0.1,1000,0.05,,25,100,0.556868090331786,0.556868090331786,0.071992,0.2876,0.0556868090331786,-0.6994040818153374,0.0,0.9208565894736844,2500,finite_k2_pi1_sweep,empirical FDR / nominal alpha
tikz-v1,figure1_supp,fdr_ratio_atlas_r3_c3,$N_{cal}$ by anomaly rate,11,heatmap_cell,standard_conformal_bh,finite_k2,pi1_sweep,-1.3010299956639813,3.2,-1.5,-1.1505149978319906,3.1,3.3,0.05,anomaly rate $\pi_1$,0.1,1000,0.05,,25,100,0.540755795479105,0.540755795479105,0.076544,0.362,0.0540755795479105,-0.8992731873176038,0.0,0.9209963200000002,2500,finite_k2_pi1_sweep,empirical FDR / nominal alpha
tikz-v1,figure1_supp,fdr_ratio_atlas_r3_c3,$N_{cal}$ by anomaly rate,11,heatmap_cell,standard_conformal_bh,finite_k2,pi1_sweep,-1.3010299956639813,3.4,-1.5,-1.1505149978319906,3.3,3.5,0.05,anomaly rate $\pi_1$,0.1,1000,0.05,,25,100,0.880745210405372,0.880745210405372,0.1144319999999999,0.6236,0.0880745210405372,-1.0991624929285948,0.0,0.921543174736842,2500,finite_k2_pi1_sweep,empirical FDR / nominal alpha
tikz-v1,figure1_supp,fdr_ratio_atlas_r3_c3,$N_{cal}$ by anomaly rate,11,heatmap_cell,standard_conformal_bh,finite_k2,pi1_sweep,-1.3010299956639813,3.6,-1.5,-1.1505149978319906,3.5,3.7,0.05,anomaly rate $\pi_1$,0.1,1000,0.05,,25,100,0.809754190645179,0.809754190645179,0.105432,0.724,0.0809754190645179,-1.2990712600274097,0.0,0.9211544505263156,2500,finite_k2_pi1_sweep,empirical FDR / nominal alpha
tikz-v1,figure1_supp,fdr_ratio_atlas_r3_c3,$N_{cal}$ by anomaly rate,11,heatmap_cell,standard_conformal_bh,finite_k2,pi1_sweep,-1.3010299956639813,3.8,-1.5,-1.1505149978319906,3.7,3.9,0.05,anomaly rate $\pi_1$,0.1,1000,0.05,,25,100,0.8056139806268129,0.8056139806268129,0.111256,0.7612,0.0805613980626813,-1.4990681845107945,0.0,0.921588345263158,2500,finite_k2_pi1_sweep,empirical FDR / nominal alpha
tikz-v1,figure1_supp,fdr_ratio_atlas_r3_c3,$N_{cal}$ by anomaly rate,11,heatmap_cell,standard_conformal_bh,finite_k2,pi1_sweep,-1.3010299956639813,4.0,-1.5,-1.1505149978319906,3.9,4.1,0.05,anomaly rate $\pi_1$,0.1,1000,0.05,,25,100,1.00992083704722,1.00992083704722,0.12804,0.928,0.100992083704722,-1.6990134316128815,0.0,0.9225782736842104,2500,finite_k2_pi1_sweep,empirical FDR / nominal alpha
tikz-v1,figure1_supp,fdr_ratio_atlas_r3_c3,$N_{cal}$ by anomaly rate,11,heatmap_cell,standard_conformal_bh,finite_k2,pi1_sweep,-1.0,1.4,-1.1505149978319906,-0.8494850021680094,1.3,1.5,0.1,anomaly rate $\pi_1$,0.1,1000,0.1,,25,100,0.0,0.0,0.0,0.0,0.0,0.585026652029182,1.0,0.9210777155555556,2500,finite_k2_pi1_sweep,empirical FDR / nominal alpha
tikz-v1,figure1_supp,fdr_ratio_atlas_r3_c3,$N_{cal}$ by anomaly rate,11,heatmap_cell,standard_conformal_bh,finite_k2,pi1_sweep,-1.0,1.6,-1.1505149978319906,-0.8494850021680094,1.5,1.7,0.1,anomaly rate $\pi_1$,0.1,1000,0.1,,25,100,0.0,0.0,0.0,0.0,0.0,0.3872161432802645,1.0,0.9217734977777778,2500,finite_k2_pi1_sweep,empirical FDR / nominal alpha
tikz-v1,figure1_supp,fdr_ratio_atlas_r3_c3,$N_{cal}$ by anomaly rate,11,heatmap_cell,standard_conformal_bh,finite_k2,pi1_sweep,-1.0,1.7999999999999998,-1.1505149978319906,-0.8494850021680094,1.7,1.9,0.1,anomaly rate $\pi_1$,0.1,1000,0.1,,25,100,0.0,0.0,0.0,0.0,0.0,0.1938200260161128,1.0,0.921008262222222,2500,finite_k2_pi1_sweep,empirical FDR / nominal alpha
tikz-v1,figure1_supp,fdr_ratio_atlas_r3_c3,$N_{cal}$ by anomaly rate,11,heatmap_cell,standard_conformal_bh,finite_k2,pi1_sweep,-1.0,2.0,-1.1505149978319906,-0.8494850021680094,1.9,2.1,0.1,anomaly rate $\pi_1$,0.1,1000,0.1,,25,100,0.10900084787814,0.10900084787814,0.0172,0.0268,0.010900084787814,-0.0043213737826425,0.0,0.9215262355555556,2500,finite_k2_pi1_sweep,empirical FDR / nominal alpha
tikz-v1,figure1_supp,fdr_ratio_atlas_r3_c3,$N_{cal}$ by anomaly rate,11,heatmap_cell,standard_conformal_bh,finite_k2,pi1_sweep,-1.0,2.2,-1.1505149978319906,-0.8494850021680094,2.1,2.3,0.1,anomaly rate $\pi_1$,0.1,1000,0.1,,25,100,0.030453547862114,0.030453547862114,0.005416,0.0112,0.0030453547862114,-0.2013971243204515,0.0,0.9213691511111112,2500,finite_k2_pi1_sweep,empirical FDR / nominal alpha
tikz-v1,figure1_supp,fdr_ratio_atlas_r3_c3,$N_{cal}$ by anomaly rate,11,heatmap_cell,standard_conformal_bh,finite_k2,pi1_sweep,-1.0,2.4,-1.1505149978319906,-0.8494850021680094,2.3,2.5,0.1,anomaly rate $\pi_1$,0.1,1000,0.1,,25,100,0.259232781784797,0.259232781784797,0.050748,0.1316,0.0259232781784797,-0.4014005407815441,0.0,0.9208154266666668,2500,finite_k2_pi1_sweep,empirical FDR / nominal alpha
tikz-v1,figure1_supp,fdr_ratio_atlas_r3_c3,$N_{cal}$ by anomaly rate,11,heatmap_cell,standard_conformal_bh,finite_k2,pi1_sweep,-1.0,2.6,-1.1505149978319906,-0.8494850021680094,2.5,2.7,0.1,anomaly rate $\pi_1$,0.1,1000,0.1,,25,100,0.555619135610591,0.555619135610591,0.1189,0.3928,0.0555619135610591,-0.6009728956867483,0.0,0.9211997333333332,2500,finite_k2_pi1_sweep,empirical FDR / nominal alpha
tikz-v1,figure1_supp,fdr_ratio_atlas_r3_c3,$N_{cal}$ by anomaly rate,11,heatmap_cell,standard_conformal_bh,finite_k2,pi1_sweep,-1.0,2.8,-1.1505149978319906,-0.8494850021680094,2.7,2.9,0.1,anomaly rate $\pi_1$,0.1,1000,0.1,,25,100,0.4776209622588469,0.4776209622588469,0.107468,0.4508,0.0477620962258847,-0.800717078282385,0.0,0.9211023333333336,2500,finite_k2_pi1_sweep,empirical FDR / nominal alpha
tikz-v1,figure1_supp,fdr_ratio_atlas_r3_c3,$N_{cal}$ by anomaly rate,11,heatmap_cell,standard_conformal_bh,finite_k2,pi1_sweep,-1.0,3.0,-1.1505149978319906,-0.8494850021680094,2.9,3.1,0.1,anomaly rate $\pi_1$,0.1,1000,0.1,,25,100,1.0720177460413198,1.0720177460413198,0.224332,0.8852,0.107201774604132,-1.0004340774793186,0.0,0.9215546577777776,2500,finite_k2_pi1_sweep,empirical FDR / nominal alpha
tikz-v1,figure1_supp,fdr_ratio_atlas_r3_c3,$N_{cal}$ by anomaly rate,11,heatmap_cell,standard_conformal_bh,finite_k2,pi1_sweep,-1.0,3.2,-1.1505149978319906,-0.8494850021680094,3.1,3.3,0.1,anomaly rate $\pi_1$,0.1,1000,0.1,,25,100,0.7334170578645199,0.7334170578645199,0.16382,0.8568,0.073341705786452,-1.200303182981585,0.0,0.9213280266666668,2500,finite_k2_pi1_sweep,empirical FDR / nominal alpha
tikz-v1,figure1_supp,fdr_ratio_atlas_r3_c3,$N_{cal}$ by anomaly rate,11,heatmap_cell,standard_conformal_bh,finite_k2,pi1_sweep,-1.0,3.4,-1.1505149978319906,-0.8494850021680094,3.3,3.5,0.1,anomaly rate $\pi_1$,0.1,1000,0.1,,25,100,0.771026229404474,0.771026229404474,0.17494,0.8892,0.0771026229404474,-1.400192488592576,0.0,0.9210002844444444,2500,finite_k2_pi1_sweep,empirical FDR / nominal alpha
tikz-v1,figure1_supp,fdr_ratio_atlas_r3_c3,$N_{cal}$ by anomaly rate,11,heatmap_cell,standard_conformal_bh,finite_k2,pi1_sweep,-1.0,3.6,-1.1505149978319906,-0.8494850021680094,3.5,3.7,0.1,anomaly rate $\pi_1$,0.1,1000,0.1,,25,100,0.8924276973463589,0.8924276973463589,0.201352,0.9732,0.0892427697346359,-1.6001012556913907,0.0,0.9214863555555556,2500,finite_k2_pi1_sweep,empirical FDR / nominal alpha
tikz-v1,figure1_supp,fdr_ratio_atlas_r3_c3,$N_{cal}$ by anomaly rate,11,heatmap_cell,standard_conformal_bh,finite_k2,pi1_sweep,-1.0,3.8,-1.1505149978319906,-0.8494850021680094,3.7,3.9,0.1,anomaly rate $\pi_1$,0.1,1000,0.1,,25,100,0.8496653236381289,0.8496653236381289,0.192516,0.9776,0.0849665323638129,-1.8000981801747755,0.0,0.9208721511111112,2500,finite_k2_pi1_sweep,empirical FDR / nominal alpha
tikz-v1,figure1_supp,fdr_ratio_atlas_r3_c3,$N_{cal}$ by anomaly rate,11,heatmap_cell,standard_conformal_bh,finite_k2,pi1_sweep,-1.0,4.0,-1.1505149978319906,-0.8494850021680094,3.9,4.1,0.1,anomaly rate $\pi_1$,0.1,1000,0.1,,25,100,0.829682255009544,0.829682255009544,0.1861319999999999,0.9944,0.0829682255009544,-2.0000434272768626,0.0,0.9211189688888888,2500,finite_k2_pi1_sweep,empirical FDR / nominal alpha
tikz-v1,figure1_supp,fdr_ratio_atlas_r3_c3,$N_{cal}$ by anomaly rate,11,heatmap_cell,standard_conformal_bh,finite_k2,pi1_sweep,-0.6989700043360187,1.4,-0.8494850021680094,-0.5484550065040281,1.3,1.5,0.2,anomaly rate $\pi_1$,0.1,1000,0.2,,25,100,0.0,0.0,0.0,0.0,0.0,0.2839966563652008,1.0,0.9216368275,2500,finite_k2_pi1_sweep,empirical FDR / nominal alpha
tikz-v1,figure1_supp,fdr_ratio_atlas_r3_c3,$N_{cal}$ by anomaly rate,11,heatmap_cell,standard_conformal_bh,finite_k2,pi1_sweep,-0.6989700043360187,1.6,-0.8494850021680094,-0.5484550065040281,1.5,1.7,0.2,anomaly rate $\pi_1$,0.1,1000,0.2,,25,100,0.065287856290934,0.065287856290934,0.0143819999999999,0.018,0.0065287856290934,0.0861861476162833,1.0,0.9213065875,2500,finite_k2_pi1_sweep,empirical FDR / nominal alpha
tikz-v1,figure1_supp,fdr_ratio_atlas_r3_c3,$N_{cal}$ by anomaly rate,11,heatmap_cell,standard_conformal_bh,finite_k2,pi1_sweep,-0.6989700043360187,1.7999999999999998,-0.8494850021680094,-0.5484550065040281,1.7,1.9,0.2,anomaly rate $\pi_1$,0.1,1000,0.2,,25,100,0.110063346926534,0.110063346926534,0.0294319999999999,0.0444,0.0110063346926534,-0.1072099696478683,0.0,0.921528805,2500,finite_k2_pi1_sweep,empirical FDR / nominal alpha
tikz-v1,figure1_supp,fdr_ratio_atlas_r3_c3,$N_{cal}$ by anomaly rate,11,heatmap_cell,standard_conformal_bh,finite_k2,pi1_sweep,-0.6989700043360187,2.0,-0.8494850021680094,-0.5484550065040281,1.9,2.1,0.2,anomaly rate $\pi_1$,0.1,1000,0.2,,25,100,0.256479747858752,0.256479747858752,0.081968,0.156,0.0256479747858752,-0.3053513694466238,0.0,0.921259615,2500,finite_k2_pi1_sweep,empirical FDR / nominal alpha
tikz-v1,figure1_supp,fdr_ratio_atlas_r3_c3,$N_{cal}$ by anomaly rate,11,heatmap_cell,standard_conformal_bh,finite_k2,pi1_sweep,-0.6989700043360187,2.2,-0.8494850021680094,-0.5484550065040281,2.1,2.3,0.2,anomaly rate $\pi_1$,0.1,1000,0.2,,25,100,0.373815876524083,0.373815876524083,0.13648,0.3396,0.0373815876524083,-0.5024271199844327,0.0,0.9210045875,2500,finite_k2_pi1_sweep,empirical FDR / nominal alpha
tikz-v1,figure1_supp,fdr_ratio_atlas_r3_c3,$N_{cal}$ by anomaly rate,11,heatmap_cell,standard_conformal_bh,finite_k2,pi1_sweep,-0.6989700043360187,2.4,-0.8494850021680094,-0.5484550065040281,2.3,2.5,0.2,anomaly rate $\pi_1$,0.1,1000,0.2,,25,100,0.5042566439049969,0.5042566439049969,0.196118,0.5668,0.0504256643904997,-0.7024305364455253,0.0,0.9214969975,2500,finite_k2_pi1_sweep,empirical FDR / nominal alpha
tikz-v1,figure1_supp,fdr_ratio_atlas_r3_c3,$N_{cal}$ by anomaly rate,11,heatmap_cell,standard_conformal_bh,finite_k2,pi1_sweep,-0.6989700043360187,2.6,-0.8494850021680094,-0.5484550065040281,2.5,2.7,0.2,anomaly rate $\pi_1$,0.1,1000,0.2,,25,100,0.69890591178165,0.69890591178165,0.270422,0.7724,0.069890591178165,-0.9020028913507294,0.0,0.921401325,2500,finite_k2_pi1_sweep,empirical FDR / nominal alpha
tikz-v1,figure1_supp,fdr_ratio_atlas_r3_c3,$N_{cal}$ by anomaly rate,11,heatmap_cell,standard_conformal_bh,finite_k2,pi1_sweep,-0.6989700043360187,2.8,-0.8494850021680094,-0.5484550065040281,2.7,2.9,0.2,anomaly rate $\pi_1$,0.1,1000,0.2,,25,100,0.718560960252997,0.718560960252997,0.287304,0.9564,0.0718560960252997,-1.1017470739463662,0.0,0.9212596025,2500,finite_k2_pi1_sweep,empirical FDR / nominal alpha
tikz-v1,figure1_supp,fdr_ratio_atlas_r3_c3,$N_{cal}$ by anomaly rate,11,heatmap_cell,standard_conformal_bh,finite_k2,pi1_sweep,-0.6989700043360187,3.0,-0.8494850021680094,-0.5484550065040281,2.9,3.1,0.2,anomaly rate $\pi_1$,0.1,1000,0.2,,25,100,0.742038492841183,0.742038492841183,0.29988,0.9844,0.0742038492841183,-1.3014640731432998,0.0,0.92124423,2500,finite_k2_pi1_sweep,empirical FDR / nominal alpha
tikz-v1,figure1_supp,fdr_ratio_atlas_r3_c3,$N_{cal}$ by anomaly rate,11,heatmap_cell,standard_conformal_bh,finite_k2,pi1_sweep,-0.6989700043360187,3.2,-0.8494850021680094,-0.5484550065040281,3.1,3.3,0.2,anomaly rate $\pi_1$,0.1,1000,0.2,,25,100,0.7596603054066479,0.7596603054066479,0.305876,0.9968,0.0759660305406648,-1.501333178645566,0.0,0.9214532825,2500,finite_k2_pi1_sweep,empirical FDR / nominal alpha
tikz-v1,figure1_supp,fdr_ratio_atlas_r3_c3,$N_{cal}$ by anomaly rate,11,heatmap_cell,standard_conformal_bh,finite_k2,pi1_sweep,-0.6989700043360187,3.4,-0.8494850021680094,-0.5484550065040281,3.3,3.5,0.2,anomaly rate $\pi_1$,0.1,1000,0.2,,25,100,0.753675001950609,0.753675001950609,0.30758,1.0,0.0753675001950609,-1.701222484256557,0.0,0.92149176,2500,finite_k2_pi1_sweep,empirical FDR / nominal alpha
tikz-v1,figure1_supp,fdr_ratio_atlas_r3_c3,$N_{cal}$ by anomaly rate,11,heatmap_cell,standard_conformal_bh,finite_k2,pi1_sweep,-0.6989700043360187,3.6,-0.8494850021680094,-0.5484550065040281,3.5,3.7,0.2,anomaly rate $\pi_1$,0.1,1000,0.2,,25,100,0.753735796495717,0.753735796495717,0.312138,1.0,0.0753735796495717,-1.901131251355372,0.0,0.9209872075,2500,finite_k2_pi1_sweep,empirical FDR / nominal alpha
tikz-v1,figure1_supp,fdr_ratio_atlas_r3_c3,$N_{cal}$ by anomaly rate,11,heatmap_cell,standard_conformal_bh,finite_k2,pi1_sweep,-0.6989700043360187,3.8,-0.8494850021680094,-0.5484550065040281,3.7,3.9,0.2,anomaly rate $\pi_1$,0.1,1000,0.2,,25,100,0.7859309857021699,0.7859309857021699,0.322252,1.0,0.078593098570217,-2.101128175838757,0.0,0.921521795,2500,finite_k2_pi1_sweep,empirical FDR / nominal alpha
tikz-v1,figure1_supp,fdr_ratio_atlas_r3_c3,$N_{cal}$ by anomaly rate,11,heatmap_cell,standard_conformal_bh,finite_k2,pi1_sweep,-0.6989700043360187,4.0,-0.8494850021680094,-0.5484550065040281,3.9,4.1,0.2,anomaly rate $\pi_1$,0.1,1000,0.2,,25,100,0.7754378256968659,0.7754378256968659,0.315906,1.0,0.0775437825696866,-2.301073422940844,0.0,0.92119721,2500,finite_k2_pi1_sweep,empirical FDR / nominal alpha
tikz-v1,figure1_supp,fdr_ratio_atlas_r4_c4,$N_{cal}$ by FDR level,16,heatmap_cell,standard_conformal_bh,finite_k3,alpha_sweep,-2.0,1.4,-2.1989700043360187,-1.8010299956639813,1.3,1.5,0.01,nominal FDR $\alpha$,0.01,1000,0.05,,25,100,0.0,0.0,0.0,0.0,0.0,1.8860566476931635,1.0,0.983330610526316,2500,finite_k3_alpha_sweep,empirical FDR / nominal alpha
tikz-v1,figure1_supp,fdr_ratio_atlas_r4_c4,$N_{cal}$ by FDR level,16,heatmap_cell,standard_conformal_bh,finite_k3,alpha_sweep,-2.0,1.6,-2.1989700043360187,-1.8010299956639813,1.5,1.7,0.01,nominal FDR $\alpha$,0.01,1000,0.05,,25,100,0.0,0.0,0.0,0.0,0.0,1.6882461389442458,1.0,0.9832587705263156,2500,finite_k3_alpha_sweep,empirical FDR / nominal alpha
tikz-v1,figure1_supp,fdr_ratio_atlas_r4_c4,$N_{cal}$ by FDR level,16,heatmap_cell,standard_conformal_bh,finite_k3,alpha_sweep,-2.0,1.7999999999999998,-2.1989700043360187,-1.8010299956639813,1.7,1.9,0.01,nominal FDR $\alpha$,0.01,1000,0.05,,25,100,0.0,0.0,0.0,0.0,0.0,1.494850021680094,1.0,0.98312944,2500,finite_k3_alpha_sweep,empirical FDR / nominal alpha
tikz-v1,figure1_supp,fdr_ratio_atlas_r4_c4,$N_{cal}$ by FDR level,16,heatmap_cell,standard_conformal_bh,finite_k3,alpha_sweep,-2.0,2.0,-2.1989700043360187,-1.8010299956639813,1.9,2.1,0.01,nominal FDR $\alpha$,0.01,1000,0.05,,25,100,0.0,0.0,0.0,0.0,0.0,1.2967086218813386,1.0,0.9828873178947368,2500,finite_k3_alpha_sweep,empirical FDR / nominal alpha
tikz-v1,figure1_supp,fdr_ratio_atlas_r4_c4,$N_{cal}$ by FDR level,16,heatmap_cell,standard_conformal_bh,finite_k3,alpha_sweep,-2.0,2.2,-2.1989700043360187,-1.8010299956639813,2.1,2.3,0.01,nominal FDR $\alpha$,0.01,1000,0.05,,25,100,0.0,0.0,0.0,0.0,0.0,1.0996328713435295,1.0,0.9831476547368422,2500,finite_k3_alpha_sweep,empirical FDR / nominal alpha
tikz-v1,figure1_supp,fdr_ratio_atlas_r4_c4,$N_{cal}$ by FDR level,16,heatmap_cell,standard_conformal_bh,finite_k3,alpha_sweep,-2.0,2.4,-2.1989700043360187,-1.8010299956639813,2.3,2.5,0.01,nominal FDR $\alpha$,0.01,1000,0.05,,25,100,0.0,0.0,0.0,0.0,0.0,0.8996294548824371,1.0,0.983034669473684,2500,finite_k3_alpha_sweep,empirical FDR / nominal alpha
tikz-v1,figure1_supp,fdr_ratio_atlas_r4_c4,$N_{cal}$ by FDR level,16,heatmap_cell,standard_conformal_bh,finite_k3,alpha_sweep,-2.0,2.6,-2.1989700043360187,-1.8010299956639813,2.5,2.7,0.01,nominal FDR $\alpha$,0.01,1000,0.05,,25,100,0.0,0.0,0.0,0.0,0.0,0.700057099977233,1.0,0.9833082273684208,2500,finite_k3_alpha_sweep,empirical FDR / nominal alpha
tikz-v1,figure1_supp,fdr_ratio_atlas_r4_c4,$N_{cal}$ by FDR level,16,heatmap_cell,standard_conformal_bh,finite_k3,alpha_sweep,-2.0,2.8,-2.1989700043360187,-1.8010299956639813,2.7,2.9,0.01,nominal FDR $\alpha$,0.01,1000,0.05,,25,100,0.0,0.0,0.0,0.0,0.0,0.5003129173815962,1.0,0.983015309473684,2500,finite_k3_alpha_sweep,empirical FDR / nominal alpha
tikz-v1,figure1_supp,fdr_ratio_atlas_r4_c4,$N_{cal}$ by FDR level,16,heatmap_cell,standard_conformal_bh,finite_k3,alpha_sweep,-2.0,3.0,-2.1989700043360187,-1.8010299956639813,2.9,3.1,0.01,nominal FDR $\alpha$,0.01,1000,0.05,,25,100,0.0,0.0,0.0,0.0,0.0,0.3005959181846626,1.0,0.9828869389473682,2500,finite_k3_alpha_sweep,empirical FDR / nominal alpha
tikz-v1,figure1_supp,fdr_ratio_atlas_r4_c4,$N_{cal}$ by FDR level,16,heatmap_cell,standard_conformal_bh,finite_k3,alpha_sweep,-2.0,3.2,-2.1989700043360187,-1.8010299956639813,3.1,3.3,0.01,nominal FDR $\alpha$,0.01,1000,0.05,,25,100,0.0,0.0,0.0,0.0,0.0,0.1007268126823962,1.0,0.9830725305263158,2500,finite_k3_alpha_sweep,empirical FDR / nominal alpha
tikz-v1,figure1_supp,fdr_ratio_atlas_r4_c4,$N_{cal}$ by FDR level,16,heatmap_cell,standard_conformal_bh,finite_k3,alpha_sweep,-2.0,3.4,-2.1989700043360187,-1.8010299956639813,3.3,3.5,0.01,nominal FDR $\alpha$,0.01,1000,0.05,,25,100,0.0,0.0,0.0,0.0,0.0,-0.0991624929285947,0.0,0.9831634105263156,2500,finite_k3_alpha_sweep,empirical FDR / nominal alpha
tikz-v1,figure1_supp,fdr_ratio_atlas_r4_c4,$N_{cal}$ by FDR level,16,heatmap_cell,standard_conformal_bh,finite_k3,alpha_sweep,-2.0,3.6,-2.1989700043360187,-1.8010299956639813,3.5,3.7,0.01,nominal FDR $\alpha$,0.01,1000,0.05,,25,100,0.11757114561785999,0.11757114561785999,0.014736,0.028,0.0011757114561786,-0.2990712600274095,0.0,0.9827659957894735,2500,finite_k3_alpha_sweep,empirical FDR / nominal alpha
tikz-v1,figure1_supp,fdr_ratio_atlas_r4_c4,$N_{cal}$ by FDR level,16,heatmap_cell,standard_conformal_bh,finite_k3,alpha_sweep,-2.0,3.8,-2.1989700043360187,-1.8010299956639813,3.7,3.9,0.01,nominal FDR $\alpha$,0.01,1000,0.05,,25,100,0.48792355689485,0.48792355689485,0.1191759999999999,0.3168,0.0048792355689485,-0.4990681845107945,0.0,0.9830782147368422,2500,finite_k3_alpha_sweep,empirical FDR / nominal alpha
tikz-v1,figure1_supp,fdr_ratio_atlas_r4_c4,$N_{cal}$ by FDR level,16,heatmap_cell,standard_conformal_bh,finite_k3,alpha_sweep,-2.0,4.0,-2.1989700043360187,-1.8010299956639813,3.9,4.1,0.01,nominal FDR $\alpha$,0.01,1000,0.05,,25,100,0.64484652509064,0.64484652509064,0.1677519999999999,0.6016,0.0064484652509064,-0.6990134316128814,0.0,0.9829531368421052,2500,finite_k3_alpha_sweep,empirical FDR / nominal alpha
tikz-v1,figure1_supp,fdr_ratio_atlas_r4_c4,$N_{cal}$ by FDR level,16,heatmap_cell,standard_conformal_bh,finite_k3,alpha_sweep,-1.6020599913279625,1.4,-1.8010299956639813,-1.451544993495972,1.3,1.5,0.025,nominal FDR $\alpha$,0.025,1000,0.05,,25,100,0.0,0.0,0.0,0.0,0.0,1.4881166390211256,1.0,0.9831425010526316,2500,finite_k3_alpha_sweep,empirical FDR / nominal alpha
tikz-v1,figure1_supp,fdr_ratio_atlas_r4_c4,$N_{cal}$ by FDR level,16,heatmap_cell,standard_conformal_bh,finite_k3,alpha_sweep,-1.6020599913279625,1.6,-1.8010299956639813,-1.451544993495972,1.5,1.7,0.025,nominal FDR $\alpha$,0.025,1000,0.05,,25,100,0.0,0.0,0.0,0.0,0.0,1.290306130272208,1.0,0.9829887578947368,2500,finite_k3_alpha_sweep,empirical FDR / nominal alpha
tikz-v1,figure1_supp,fdr_ratio_atlas_r4_c4,$N_{cal}$ by FDR level,16,heatmap_cell,standard_conformal_bh,finite_k3,alpha_sweep,-1.6020599913279625,1.7999999999999998,-1.8010299956639813,-1.451544993495972,1.7,1.9,0.025,nominal FDR $\alpha$,0.025,1000,0.05,,25,100,0.0,0.0,0.0,0.0,0.0,1.0969100130080565,1.0,0.9830061642105262,2500,finite_k3_alpha_sweep,empirical FDR / nominal alpha
tikz-v1,figure1_supp,fdr_ratio_atlas_r4_c4,$N_{cal}$ by FDR level,16,heatmap_cell,standard_conformal_bh,finite_k3,alpha_sweep,-1.6020599913279625,2.0,-1.8010299956639813,-1.451544993495972,1.9,2.1,0.025,nominal FDR $\alpha$,0.025,1000,0.05,,25,100,0.0,0.0,0.0,0.0,0.0,0.898768613209301,1.0,0.9830397642105264,2500,finite_k3_alpha_sweep,empirical FDR / nominal alpha
tikz-v1,figure1_supp,fdr_ratio_atlas_r4_c4,$N_{cal}$ by FDR level,16,heatmap_cell,standard_conformal_bh,finite_k3,alpha_sweep,-1.6020599913279625,2.2,-1.8010299956639813,-1.451544993495972,2.1,2.3,0.025,nominal FDR $\alpha$,0.025,1000,0.05,,25,100,0.0,0.0,0.0,0.0,0.0,0.7016928626714921,1.0,0.9828091284210528,2500,finite_k3_alpha_sweep,empirical FDR / nominal alpha
tikz-v1,figure1_supp,fdr_ratio_atlas_r4_c4,$N_{cal}$ by FDR level,16,heatmap_cell,standard_conformal_bh,finite_k3,alpha_sweep,-1.6020599913279625,2.4,-1.8010299956639813,-1.451544993495972,2.3,2.5,0.025,nominal FDR $\alpha$,0.025,1000,0.05,,25,100,0.0,0.0,0.0,0.0,0.0,0.5016894462103995,1.0,0.9826643957894736,2500,finite_k3_alpha_sweep,empirical FDR / nominal alpha
tikz-v1,figure1_supp,fdr_ratio_atlas_r4_c4,$N_{cal}$ by FDR level,16,heatmap_cell,standard_conformal_bh,finite_k3,alpha_sweep,-1.6020599913279625,2.6,-1.8010299956639813,-1.451544993495972,2.5,2.7,0.025,nominal FDR $\alpha$,0.025,1000,0.05,,25,100,0.0,0.0,0.0,0.0,0.0,0.3021170913051953,1.0,0.9829545936842105,2500,finite_k3_alpha_sweep,empirical FDR / nominal alpha
tikz-v1,figure1_supp,fdr_ratio_atlas_r4_c4,$N_{cal}$ by FDR level,16,heatmap_cell,standard_conformal_bh,finite_k3,alpha_sweep,-1.6020599913279625,2.8,-1.8010299956639813,-1.451544993495972,2.7,2.9,0.025,nominal FDR $\alpha$,0.025,1000,0.05,,25,100,0.0,0.0,0.0,0.0,0.0,0.1023729087095585,1.0,0.9830206736842104,2500,finite_k3_alpha_sweep,empirical FDR / nominal alpha
tikz-v1,figure1_supp,fdr_ratio_atlas_r4_c4,$N_{cal}$ by FDR level,16,heatmap_cell,standard_conformal_bh,finite_k3,alpha_sweep,-1.6020599913279625,3.0,-1.8010299956639813,-1.451544993495972,2.9,3.1,0.025,nominal FDR $\alpha$,0.025,1000,0.05,,25,100,0.011443902439023998,0.011443902439023998,0.001712,0.0024,0.0002860975609756,-0.097344090487375,0.0,0.9828412884210526,2500,finite_k3_alpha_sweep,empirical FDR / nominal alpha
tikz-v1,figure1_supp,fdr_ratio_atlas_r4_c4,$N_{cal}$ by FDR level,16,heatmap_cell,standard_conformal_bh,finite_k3,alpha_sweep,-1.6020599913279625,3.2,-1.8010299956639813,-1.451544993495972,3.1,3.3,0.025,nominal FDR $\alpha$,0.025,1000,0.05,,25,100,0.635298764046896,0.635298764046896,0.140368,0.2492,0.0158824691011724,-0.2972131959896414,0.0,0.983051949473684,2500,finite_k3_alpha_sweep,empirical FDR / nominal alpha
tikz-v1,figure1_supp,fdr_ratio_atlas_r4_c4,$N_{cal}$ by FDR level,16,heatmap_cell,standard_conformal_bh,finite_k3,alpha_sweep,-1.6020599913279625,3.4,-1.8010299956639813,-1.451544993495972,3.3,3.5,0.025,nominal FDR $\alpha$,0.025,1000,0.05,,25,100,0.6792623465755521,0.6792623465755521,0.2592799999999999,0.6332,0.0169815586643888,-0.4971025016006324,0.0,0.983049145263158,2500,finite_k3_alpha_sweep,empirical FDR / nominal alpha
tikz-v1,figure1_supp,fdr_ratio_atlas_r4_c4,$N_{cal}$ by FDR level,16,heatmap_cell,standard_conformal_bh,finite_k3,alpha_sweep,-1.6020599913279625,3.6,-1.8010299956639813,-1.451544993495972,3.5,3.7,0.025,nominal FDR $\alpha$,0.025,1000,0.05,,25,100,0.8424238502584239,0.8424238502584239,0.304632,0.774,0.0210605962564606,-0.6970112686994471,0.0,0.9830039494736842,2500,finite_k3_alpha_sweep,empirical FDR / nominal alpha
tikz-v1,figure1_supp,fdr_ratio_atlas_r4_c4,$N_{cal}$ by FDR level,16,heatmap_cell,standard_conformal_bh,finite_k3,alpha_sweep,-1.6020599913279625,3.8,-1.8010299956639813,-1.451544993495972,3.7,3.9,0.025,nominal FDR $\alpha$,0.025,1000,0.05,,25,100,0.841227347645536,0.841227347645536,0.343168,0.9256,0.0210306836911384,-0.8970081931828321,0.0,0.9830336673684212,2500,finite_k3_alpha_sweep,empirical FDR / nominal alpha
tikz-v1,figure1_supp,fdr_ratio_atlas_r4_c4,$N_{cal}$ by FDR level,16,heatmap_cell,standard_conformal_bh,finite_k3,alpha_sweep,-1.6020599913279625,4.0,-1.8010299956639813,-1.451544993495972,3.9,4.1,0.025,nominal FDR $\alpha$,0.025,1000,0.05,,25,100,0.8229741991588919,0.8229741991588919,0.3546,0.9888,0.0205743549789723,-1.096953440284919,0.0,0.982933254736842,2500,finite_k3_alpha_sweep,empirical FDR / nominal alpha
tikz-v1,figure1_supp,fdr_ratio_atlas_r4_c4,$N_{cal}$ by FDR level,16,heatmap_cell,standard_conformal_bh,finite_k3,alpha_sweep,-1.3010299956639813,1.4,-1.451544993495972,-1.1505149978319906,1.3,1.5,0.05,nominal FDR $\alpha$,0.05,1000,0.05,,25,100,0.0,0.0,0.0,0.0,0.0,1.1870866433571443,1.0,0.9830634863157894,2500,finite_k3_alpha_sweep,empirical FDR / nominal alpha
tikz-v1,figure1_supp,fdr_ratio_atlas_r4_c4,$N_{cal}$ by FDR level,16,heatmap_cell,standard_conformal_bh,finite_k3,alpha_sweep,-1.3010299956639813,1.6,-1.451544993495972,-1.1505149978319906,1.5,1.7,0.05,nominal FDR $\alpha$,0.05,1000,0.05,,25,100,0.0,0.0,0.0,0.0,0.0,0.9892761346082268,1.0,0.9828103578947368,2500,finite_k3_alpha_sweep,empirical FDR / nominal alpha
tikz-v1,figure1_supp,fdr_ratio_atlas_r4_c4,$N_{cal}$ by FDR level,16,heatmap_cell,standard_conformal_bh,finite_k3,alpha_sweep,-1.3010299956639813,1.7999999999999998,-1.451544993495972,-1.1505149978319906,1.7,1.9,0.05,nominal FDR $\alpha$,0.05,1000,0.05,,25,100,0.0,0.0,0.0,0.0,0.0,0.7958800173440752,1.0,0.982851225263158,2500,finite_k3_alpha_sweep,empirical FDR / nominal alpha
tikz-v1,figure1_supp,fdr_ratio_atlas_r4_c4,$N_{cal}$ by FDR level,16,heatmap_cell,standard_conformal_bh,finite_k3,alpha_sweep,-1.3010299956639813,2.0,-1.451544993495972,-1.1505149978319906,1.9,2.1,0.05,nominal FDR $\alpha$,0.05,1000,0.05,,25,100,0.0,0.0,0.0,0.0,0.0,0.5977386175453198,1.0,0.9832580378947368,2500,finite_k3_alpha_sweep,empirical FDR / nominal alpha
tikz-v1,figure1_supp,fdr_ratio_atlas_r4_c4,$N_{cal}$ by FDR level,16,heatmap_cell,standard_conformal_bh,finite_k3,alpha_sweep,-1.3010299956639813,2.2,-1.451544993495972,-1.1505149978319906,2.1,2.3,0.05,nominal FDR $\alpha$,0.05,1000,0.05,,25,100,0.0,0.0,0.0,0.0,0.0,0.4006628670075109,1.0,0.9832069473684212,2500,finite_k3_alpha_sweep,empirical FDR / nominal alpha
tikz-v1,figure1_supp,fdr_ratio_atlas_r4_c4,$N_{cal}$ by FDR level,16,heatmap_cell,standard_conformal_bh,finite_k3,alpha_sweep,-1.3010299956639813,2.4,-1.451544993495972,-1.1505149978319906,2.3,2.5,0.05,nominal FDR $\alpha$,0.05,1000,0.05,,25,100,0.0,0.0,0.0,0.0,0.0,0.2006594505464182,1.0,0.9826715536842104,2500,finite_k3_alpha_sweep,empirical FDR / nominal alpha
tikz-v1,figure1_supp,fdr_ratio_atlas_r4_c4,$N_{cal}$ by FDR level,16,heatmap_cell,standard_conformal_bh,finite_k3,alpha_sweep,-1.3010299956639813,2.6,-1.451544993495972,-1.1505149978319906,2.5,2.7,0.05,nominal FDR $\alpha$,0.05,1000,0.05,,25,100,0.0016923076923076922,0.0016923076923076922,0.000328,0.0004,8.461538461538461e-05,0.0010870956412141,1.0,0.9828820715789472,2500,finite_k3_alpha_sweep,empirical FDR / nominal alpha
tikz-v1,figure1_supp,fdr_ratio_atlas_r4_c4,$N_{cal}$ by FDR level,16,heatmap_cell,standard_conformal_bh,finite_k3,alpha_sweep,-1.3010299956639813,2.8,-1.451544993495972,-1.1505149978319906,2.7,2.9,0.05,nominal FDR $\alpha$,0.05,1000,0.05,,25,100,0.6544808727510579,0.6544808727510579,0.187832,0.2832,0.0327240436375529,-0.1986570869544226,0.0,0.9827480757894737,2500,finite_k3_alpha_sweep,empirical FDR / nominal alpha
tikz-v1,figure1_supp,fdr_ratio_atlas_r4_c4,$N_{cal}$ by FDR level,16,heatmap_cell,standard_conformal_bh,finite_k3,alpha_sweep,-1.3010299956639813,3.0,-1.451544993495972,-1.1505149978319906,2.9,3.1,0.05,nominal FDR $\alpha$,0.05,1000,0.05,,25,100,0.662927180355104,0.662927180355104,0.3362239999999999,0.6688,0.0331463590177552,-0.3983740861513562,0.0,0.9831097010526316,2500,finite_k3_alpha_sweep,empirical FDR / nominal alpha
tikz-v1,figure1_supp,fdr_ratio_atlas_r4_c4,$N_{cal}$ by FDR level,16,heatmap_cell,standard_conformal_bh,finite_k3,alpha_sweep,-1.3010299956639813,3.2,-1.451544993495972,-1.1505149978319906,3.1,3.3,0.05,nominal FDR $\alpha$,0.05,1000,0.05,,25,100,0.597450055991674,0.597450055991674,0.3594719999999999,0.8196,0.0298725027995837,-0.5982431916536226,0.0,0.9831703157894736,2500,finite_k3_alpha_sweep,empirical FDR / nominal alpha
tikz-v1,figure1_supp,fdr_ratio_atlas_r4_c4,$N_{cal}$ by FDR level,16,heatmap_cell,standard_conformal_bh,finite_k3,alpha_sweep,-1.3010299956639813,3.4,-1.451544993495972,-1.1505149978319906,3.3,3.5,0.05,nominal FDR $\alpha$,0.05,1000,0.05,,25,100,0.837537447160076,0.837537447160076,0.458496,0.9952,0.0418768723580038,-0.7981324972646135,0.0,0.9828580042105264,2500,finite_k3_alpha_sweep,empirical FDR / nominal alpha
tikz-v1,figure1_supp,fdr_ratio_atlas_r4_c4,$N_{cal}$ by FDR level,16,heatmap_cell,standard_conformal_bh,finite_k3,alpha_sweep,-1.3010299956639813,3.6,-1.451544993495972,-1.1505149978319906,3.5,3.7,0.05,nominal FDR $\alpha$,0.05,1000,0.05,,25,100,0.7770311873675879,0.7770311873675879,0.431256,0.966,0.0388515593683794,-0.9980412643634284,0.0,0.9829986021052632,2500,finite_k3_alpha_sweep,empirical FDR / nominal alpha
tikz-v1,figure1_supp,fdr_ratio_atlas_r4_c4,$N_{cal}$ by FDR level,16,heatmap_cell,standard_conformal_bh,finite_k3,alpha_sweep,-1.3010299956639813,3.8,-1.451544993495972,-1.1505149978319906,3.7,3.9,0.05,nominal FDR $\alpha$,0.05,1000,0.05,,25,100,0.8473682381318679,0.8473682381318679,0.472928,1.0,0.0423684119065934,-1.1980381888468132,0.0,0.9831546357894738,2500,finite_k3_alpha_sweep,empirical FDR / nominal alpha
tikz-v1,figure1_supp,fdr_ratio_atlas_r4_c4,$N_{cal}$ by FDR level,16,heatmap_cell,standard_conformal_bh,finite_k3,alpha_sweep,-1.3010299956639813,4.0,-1.451544993495972,-1.1505149978319906,3.9,4.1,0.05,nominal FDR $\alpha$,0.05,1000,0.05,,25,100,1.069878675037918,1.069878675037918,0.511488,1.0,0.0534939337518959,-1.3979834359489005,0.0,0.9832129178947367,2500,finite_k3_alpha_sweep,empirical FDR / nominal alpha
tikz-v1,figure1_supp,fdr_ratio_atlas_r4_c4,$N_{cal}$ by FDR level,16,heatmap_cell,standard_conformal_bh,finite_k3,alpha_sweep,-1.0,1.4,-1.1505149978319906,-0.8494850021680094,1.3,1.5,0.1,nominal FDR $\alpha$,0.1,1000,0.05,,25,100,0.0,0.0,0.0,0.0,0.0,0.8860566476931633,1.0,0.9828808421052632,2500,finite_k3_alpha_sweep,empirical FDR / nominal alpha
tikz-v1,figure1_supp,fdr_ratio_atlas_r4_c4,$N_{cal}$ by FDR level,16,heatmap_cell,standard_conformal_bh,finite_k3,alpha_sweep,-1.0,1.6,-1.1505149978319906,-0.8494850021680094,1.5,1.7,0.1,nominal FDR $\alpha$,0.1,1000,0.05,,25,100,0.0,0.0,0.0,0.0,0.0,0.6882461389442457,1.0,0.9831097431578948,2500,finite_k3_alpha_sweep,empirical FDR / nominal alpha
tikz-v1,figure1_supp,fdr_ratio_atlas_r4_c4,$N_{cal}$ by FDR level,16,heatmap_cell,standard_conformal_bh,finite_k3,alpha_sweep,-1.0,1.7999999999999998,-1.1505149978319906,-0.8494850021680094,1.7,1.9,0.1,nominal FDR $\alpha$,0.1,1000,0.05,,25,100,0.0,0.0,0.0,0.0,0.0,0.494850021680094,1.0,0.9830605810526316,2500,finite_k3_alpha_sweep,empirical FDR / nominal alpha
tikz-v1,figure1_supp,fdr_ratio_atlas_r4_c4,$N_{cal}$ by FDR level,16,heatmap_cell,standard_conformal_bh,finite_k3,alpha_sweep,-1.0,2.0,-1.1505149978319906,-0.8494850021680094,1.9,2.1,0.1,nominal FDR $\alpha$,0.1,1000,0.05,,25,100,0.0022857142857139997,0.0022857142857139997,0.00036,0.0004,0.0002285714285714,0.2967086218813386,1.0,0.982829010526316,2500,finite_k3_alpha_sweep,empirical FDR / nominal alpha
tikz-v1,figure1_supp,fdr_ratio_atlas_r4_c4,$N_{cal}$ by FDR level,16,heatmap_cell,standard_conformal_bh,finite_k3,alpha_sweep,-1.0,2.2,-1.1505149978319906,-0.8494850021680094,2.1,2.3,0.1,nominal FDR $\alpha$,0.1,1000,0.05,,25,100,0.085525608935681,0.085525608935681,0.020944,0.0244,0.0085525608935681,0.0996328713435296,1.0,0.9830316210526314,2500,finite_k3_alpha_sweep,empirical FDR / nominal alpha
tikz-v1,figure1_supp,fdr_ratio_atlas_r4_c4,$N_{cal}$ by FDR level,16,heatmap_cell,standard_conformal_bh,finite_k3,alpha_sweep,-1.0,2.4,-1.1505149978319906,-0.8494850021680094,2.3,2.5,0.1,nominal FDR $\alpha$,0.1,1000,0.05,,25,100,0.426091436108762,0.426091436108762,0.181696,0.2456,0.0426091436108762,-0.1003705451175629,0.0,0.983014585263158,2500,finite_k3_alpha_sweep,empirical FDR / nominal alpha
tikz-v1,figure1_supp,fdr_ratio_atlas_r4_c4,$N_{cal}$ by FDR level,16,heatmap_cell,standard_conformal_bh,finite_k3,alpha_sweep,-1.0,2.6,-1.1505149978319906,-0.8494850021680094,2.5,2.7,0.1,nominal FDR $\alpha$,0.1,1000,0.05,,25,100,0.6196891836416539,0.6196891836416539,0.35716,0.57,0.0619689183641654,-0.2999429000227671,0.0,0.9830016,2500,finite_k3_alpha_sweep,empirical FDR / nominal alpha
tikz-v1,figure1_supp,fdr_ratio_atlas_r4_c4,$N_{cal}$ by FDR level,16,heatmap_cell,standard_conformal_bh,finite_k3,alpha_sweep,-1.0,2.8,-1.1505149978319906,-0.8494850021680094,2.7,2.9,0.1,nominal FDR $\alpha$,0.1,1000,0.05,,25,100,0.9963746186628549,0.9963746186628549,0.553824,0.886,0.0996374618662855,-0.4996870826184039,0.0,0.9829736589473684,2500,finite_k3_alpha_sweep,empirical FDR / nominal alpha
tikz-v1,figure1_supp,fdr_ratio_atlas_r4_c4,$N_{cal}$ by FDR level,16,heatmap_cell,standard_conformal_bh,finite_k3,alpha_sweep,-1.0,3.0,-1.1505149978319906,-0.8494850021680094,2.9,3.1,0.1,nominal FDR $\alpha$,0.1,1000,0.05,,25,100,0.9677655346754129,0.9677655346754129,0.5894,0.9804,0.0967765534675413,-0.6994040818153374,0.0,0.9834020631578948,2500,finite_k3_alpha_sweep,empirical FDR / nominal alpha
tikz-v1,figure1_supp,fdr_ratio_atlas_r4_c4,$N_{cal}$ by FDR level,16,heatmap_cell,standard_conformal_bh,finite_k3,alpha_sweep,-1.0,3.2,-1.1505149978319906,-0.8494850021680094,3.1,3.3,0.1,nominal FDR $\alpha$,0.1,1000,0.05,,25,100,0.90951742152893,0.90951742152893,0.598688,0.9992,0.090951742152893,-0.8992731873176038,0.0,0.9831332968421052,2500,finite_k3_alpha_sweep,empirical FDR / nominal alpha
tikz-v1,figure1_supp,fdr_ratio_atlas_r4_c4,$N_{cal}$ by FDR level,16,heatmap_cell,standard_conformal_bh,finite_k3,alpha_sweep,-1.0,3.4,-1.1505149978319906,-0.8494850021680094,3.3,3.5,0.1,nominal FDR $\alpha$,0.1,1000,0.05,,25,100,0.9639701520497509,0.9639701520497509,0.6077359999999999,0.9996,0.0963970152049751,-1.0991624929285948,0.0,0.9830340631578948,2500,finite_k3_alpha_sweep,empirical FDR / nominal alpha
tikz-v1,figure1_supp,fdr_ratio_atlas_r4_c4,$N_{cal}$ by FDR level,16,heatmap_cell,standard_conformal_bh,finite_k3,alpha_sweep,-1.0,3.6,-1.1505149978319906,-0.8494850021680094,3.5,3.7,0.1,nominal FDR $\alpha$,0.1,1000,0.05,,25,100,0.9139365789146949,0.9139365789146949,0.60424,1.0,0.0913936578914695,-1.2990712600274097,0.0,0.9829405473684212,2500,finite_k3_alpha_sweep,empirical FDR / nominal alpha
tikz-v1,figure1_supp,fdr_ratio_atlas_r4_c4,$N_{cal}$ by FDR level,16,heatmap_cell,standard_conformal_bh,finite_k3,alpha_sweep,-1.0,3.8,-1.1505149978319906,-0.8494850021680094,3.7,3.9,0.1,nominal FDR $\alpha$,0.1,1000,0.05,,25,100,0.956882110799161,0.956882110799161,0.61064,1.0,0.0956882110799161,-1.4990681845107945,0.0,0.9830035115789472,2500,finite_k3_alpha_sweep,empirical FDR / nominal alpha
tikz-v1,figure1_supp,fdr_ratio_atlas_r4_c4,$N_{cal}$ by FDR level,16,heatmap_cell,standard_conformal_bh,finite_k3,alpha_sweep,-1.0,4.0,-1.1505149978319906,-0.8494850021680094,3.9,4.1,0.1,nominal FDR $\alpha$,0.1,1000,0.05,,25,100,0.9078978034631049,0.9078978034631049,0.606864,1.0,0.0907897803463105,-1.6990134316128815,0.0,0.9829941473684212,2500,finite_k3_alpha_sweep,empirical FDR / nominal alpha
tikz-v1,figure1_supp,fdr_ratio_atlas_r4_c4,$N_{cal}$ by FDR level,16,heatmap_cell,standard_conformal_bh,finite_k3,alpha_sweep,-0.6989700043360187,1.4,-0.8494850021680094,-0.5484550065040281,1.3,1.5,0.2,nominal FDR $\alpha$,0.2,1000,0.05,,25,100,0.0,0.0,0.0,0.0,0.0,0.585026652029182,1.0,0.9829286568421054,2500,finite_k3_alpha_sweep,empirical FDR / nominal alpha
tikz-v1,figure1_supp,fdr_ratio_atlas_r4_c4,$N_{cal}$ by FDR level,16,heatmap_cell,standard_conformal_bh,finite_k3,alpha_sweep,-0.6989700043360187,1.6,-0.8494850021680094,-0.5484550065040281,1.5,1.7,0.2,nominal FDR $\alpha$,0.2,1000,0.05,,25,100,0.0012380952380950001,0.0012380952380950001,0.000384,0.0004,0.000247619047619,0.3872161432802645,1.0,0.9831063915789472,2500,finite_k3_alpha_sweep,empirical FDR / nominal alpha
tikz-v1,figure1_supp,fdr_ratio_atlas_r4_c4,$N_{cal}$ by FDR level,16,heatmap_cell,standard_conformal_bh,finite_k3,alpha_sweep,-0.6989700043360187,1.7999999999999998,-0.8494850021680094,-0.5484550065040281,1.7,1.9,0.2,nominal FDR $\alpha$,0.2,1000,0.05,,25,100,0.07446409598527849,0.07446409598527849,0.0280319999999999,0.0312,0.0148928191970557,0.1938200260161128,1.0,0.9832089263157896,2500,finite_k3_alpha_sweep,empirical FDR / nominal alpha
tikz-v1,figure1_supp,fdr_ratio_atlas_r4_c4,$N_{cal}$ by FDR level,16,heatmap_cell,standard_conformal_bh,finite_k3,alpha_sweep,-0.6989700043360187,2.0,-0.8494850021680094,-0.5484550065040281,1.9,2.1,0.2,nominal FDR $\alpha$,0.2,1000,0.05,,25,100,0.6272927915096794,0.6272927915096794,0.293536,0.3464,0.1254585583019359,-0.0043213737826425,0.0,0.9829919915789476,2500,finite_k3_alpha_sweep,empirical FDR / nominal alpha
tikz-v1,figure1_supp,fdr_ratio_atlas_r4_c4,$N_{cal}$ by FDR level,16,heatmap_cell,standard_conformal_bh,finite_k3,alpha_sweep,-0.6989700043360187,2.2,-0.8494850021680094,-0.5484550065040281,2.1,2.3,0.2,nominal FDR $\alpha$,0.2,1000,0.05,,25,100,0.87250135151974,0.87250135151974,0.5223760000000001,0.684,0.174500270303948,-0.2013971243204515,0.0,0.9831257010526316,2500,finite_k3_alpha_sweep,empirical FDR / nominal alpha
tikz-v1,figure1_supp,fdr_ratio_atlas_r4_c4,$N_{cal}$ by FDR level,16,heatmap_cell,standard_conformal_bh,finite_k3,alpha_sweep,-0.6989700043360187,2.4,-0.8494850021680094,-0.5484550065040281,2.3,2.5,0.2,nominal FDR $\alpha$,0.2,1000,0.05,,25,100,0.8425006005692994,0.8425006005692994,0.64912,0.9156,0.1685001201138599,-0.4014005407815441,0.0,0.9832675031578948,2500,finite_k3_alpha_sweep,empirical FDR / nominal alpha
tikz-v1,figure1_supp,fdr_ratio_atlas_r4_c4,$N_{cal}$ by FDR level,16,heatmap_cell,standard_conformal_bh,finite_k3,alpha_sweep,-0.6989700043360187,2.6,-0.8494850021680094,-0.5484550065040281,2.5,2.7,0.2,nominal FDR $\alpha$,0.2,1000,0.05,,25,100,0.8129904641578345,0.8129904641578345,0.6732,0.984,0.1625980928315669,-0.6009728956867483,0.0,0.9829967578947368,2500,finite_k3_alpha_sweep,empirical FDR / nominal alpha
tikz-v1,figure1_supp,fdr_ratio_atlas_r4_c4,$N_{cal}$ by FDR level,16,heatmap_cell,standard_conformal_bh,finite_k3,alpha_sweep,-0.6989700043360187,2.8,-0.8494850021680094,-0.5484550065040281,2.7,2.9,0.2,nominal FDR $\alpha$,0.2,1000,0.05,,25,100,0.9320519356066729,0.9320519356066729,0.719704,1.0,0.1864103871213346,-0.800717078282385,0.0,0.9831617178947368,2500,finite_k3_alpha_sweep,empirical FDR / nominal alpha
tikz-v1,figure1_supp,fdr_ratio_atlas_r4_c4,$N_{cal}$ by FDR level,16,heatmap_cell,standard_conformal_bh,finite_k3,alpha_sweep,-0.6989700043360187,3.0,-0.8494850021680094,-0.5484550065040281,2.9,3.1,0.2,nominal FDR $\alpha$,0.2,1000,0.05,,25,100,0.8383490662570334,0.8383490662570334,0.7063280000000001,1.0,0.1676698132514067,-1.0004340774793186,0.0,0.9829327831578948,2500,finite_k3_alpha_sweep,empirical FDR / nominal alpha
tikz-v1,figure1_supp,fdr_ratio_atlas_r4_c4,$N_{cal}$ by FDR level,16,heatmap_cell,standard_conformal_bh,finite_k3,alpha_sweep,-0.6989700043360187,3.2,-0.8494850021680094,-0.5484550065040281,3.1,3.3,0.2,nominal FDR $\alpha$,0.2,1000,0.05,,25,100,0.9179852607115875,0.9179852607115875,0.729672,1.0,0.1835970521423175,-1.200303182981585,0.0,0.9830525978947368,2500,finite_k3_alpha_sweep,empirical FDR / nominal alpha
tikz-v1,figure1_supp,fdr_ratio_atlas_r4_c4,$N_{cal}$ by FDR level,16,heatmap_cell,standard_conformal_bh,finite_k3,alpha_sweep,-0.6989700043360187,3.4,-0.8494850021680094,-0.5484550065040281,3.3,3.5,0.2,nominal FDR $\alpha$,0.2,1000,0.05,,25,100,0.906100280702993,0.906100280702993,0.727184,1.0,0.1812200561405986,-1.400192488592576,0.0,0.98330096,2500,finite_k3_alpha_sweep,empirical FDR / nominal alpha
tikz-v1,figure1_supp,fdr_ratio_atlas_r4_c4,$N_{cal}$ by FDR level,16,heatmap_cell,standard_conformal_bh,finite_k3,alpha_sweep,-0.6989700043360187,3.6,-0.8494850021680094,-0.5484550065040281,3.5,3.7,0.2,nominal FDR $\alpha$,0.2,1000,0.05,,25,100,0.9693896765269105,0.9693896765269105,0.742344,1.0,0.1938779353053821,-1.6001012556913907,0.0,0.983110214736842,2500,finite_k3_alpha_sweep,empirical FDR / nominal alpha
tikz-v1,figure1_supp,fdr_ratio_atlas_r4_c4,$N_{cal}$ by FDR level,16,heatmap_cell,standard_conformal_bh,finite_k3,alpha_sweep,-0.6989700043360187,3.8,-0.8494850021680094,-0.5484550065040281,3.7,3.9,0.2,nominal FDR $\alpha$,0.2,1000,0.05,,25,100,0.9150834405755239,0.9150834405755239,0.731264,1.0,0.1830166881151048,-1.8000981801747755,0.0,0.9833032757894736,2500,finite_k3_alpha_sweep,empirical FDR / nominal alpha
tikz-v1,figure1_supp,fdr_ratio_atlas_r4_c4,$N_{cal}$ by FDR level,16,heatmap_cell,standard_conformal_bh,finite_k3,alpha_sweep,-0.6989700043360187,4.0,-0.8494850021680094,-0.5484550065040281,3.9,4.1,0.2,nominal FDR $\alpha$,0.2,1000,0.05,,25,100,0.9384171572894864,0.9384171572894864,0.733928,1.0,0.1876834314578973,-2.0000434272768626,0.0,0.9828877305263158,2500,finite_k3_alpha_sweep,empirical FDR / nominal alpha
tikz-v1,figure1_supp,fdr_ratio_atlas_r4_c2,$N_{cal}$ by $m$; fixed 10 anomalies,14,heatmap_cell,standard_conformal_bh,finite_k3,m_fixed_count,1.6989700043360187,1.4,1.548455006504028,1.8494850021680092,1.3,1.5,50.0,test batch size $m$,0.1,50,,10.0,25,100,0.004381818181818,0.004381818181818,0.0007599999999999,0.0008,0.0004381818181818,0.2839966563652008,1.0,0.983242,2500,finite_k3_m_fixed_count,empirical FDR / nominal alpha
tikz-v1,figure1_supp,fdr_ratio_atlas_r4_c2,$N_{cal}$ by $m$; fixed 10 anomalies,14,heatmap_cell,standard_conformal_bh,finite_k3,m_fixed_count,1.6989700043360187,1.6,1.548455006504028,1.8494850021680092,1.5,1.7,50.0,test batch size $m$,0.1,50,,10.0,25,100,0.07657252747252699,0.07657252747252699,0.0264799999999999,0.0276,0.0076572527472527,0.0861861476162833,1.0,0.982567,2500,finite_k3_m_fixed_count,empirical FDR / nominal alpha
tikz-v1,figure1_supp,fdr_ratio_atlas_r4_c2,$N_{cal}$ by $m$; fixed 10 anomalies,14,heatmap_cell,standard_conformal_bh,finite_k3,m_fixed_count,1.6989700043360187,1.7999999999999998,1.548455006504028,1.8494850021680092,1.7,1.9,50.0,test batch size $m$,0.1,50,,10.0,25,100,0.745458159487571,0.745458159487571,0.57368,0.6588,0.0745458159487571,-0.1072099696478683,0.0,0.982495,2500,finite_k3_m_fixed_count,empirical FDR / nominal alpha
tikz-v1,figure1_supp,fdr_ratio_atlas_r4_c2,$N_{cal}$ by $m$; fixed 10 anomalies,14,heatmap_cell,standard_conformal_bh,finite_k3,m_fixed_count,1.6989700043360187,2.0,1.548455006504028,1.8494850021680092,1.9,2.1,50.0,test batch size $m$,0.1,50,,10.0,25,100,0.720075542104953,0.720075542104953,0.69844,0.8816,0.0720075542104953,-0.3053513694466238,0.0,0.982745,2500,finite_k3_m_fixed_count,empirical FDR / nominal alpha
tikz-v1,figure1_supp,fdr_ratio_atlas_r4_c2,$N_{cal}$ by $m$; fixed 10 anomalies,14,heatmap_cell,standard_conformal_bh,finite_k3,m_fixed_count,1.6989700043360187,2.2,1.548455006504028,1.8494850021680092,2.1,2.3,50.0,test batch size $m$,0.1,50,,10.0,25,100,0.52704140924435,0.52704140924435,0.6772,0.9076,0.052704140924435,-0.5024271199844327,0.0,0.982699,2500,finite_k3_m_fixed_count,empirical FDR / nominal alpha
tikz-v1,figure1_supp,fdr_ratio_atlas_r4_c2,$N_{cal}$ by $m$; fixed 10 anomalies,14,heatmap_cell,standard_conformal_bh,finite_k3,m_fixed_count,1.6989700043360187,2.4,1.548455006504028,1.8494850021680092,2.3,2.5,50.0,test batch size $m$,0.1,50,,10.0,25,100,0.6457870740370739,0.6457870740370739,0.773,0.994,0.0645787074037074,-0.7024305364455253,0.0,0.982878,2500,finite_k3_m_fixed_count,empirical FDR / nominal alpha
tikz-v1,figure1_supp,fdr_ratio_atlas_r4_c2,$N_{cal}$ by $m$; fixed 10 anomalies,14,heatmap_cell,standard_conformal_bh,finite_k3,m_fixed_count,1.6989700043360187,2.6,1.548455006504028,1.8494850021680092,2.5,2.7,50.0,test batch size $m$,0.1,50,,10.0,25,100,0.780593678543678,0.780593678543678,0.8061200000000001,0.9964,0.0780593678543678,-0.9020028913507294,0.0,0.9832490000000002,2500,finite_k3_m_fixed_count,empirical FDR / nominal alpha
tikz-v1,figure1_supp,fdr_ratio_atlas_r4_c2,$N_{cal}$ by $m$; fixed 10 anomalies,14,heatmap_cell,standard_conformal_bh,finite_k3,m_fixed_count,1.6989700043360187,2.8,1.548455006504028,1.8494850021680092,2.7,2.9,50.0,test batch size $m$,0.1,50,,10.0,25,100,0.8955668690786329,0.8955668690786329,0.8294,0.9996,0.0895566869078633,-1.1017470739463662,0.0,0.983163,2500,finite_k3_m_fixed_count,empirical FDR / nominal alpha
tikz-v1,figure1_supp,fdr_ratio_atlas_r4_c2,$N_{cal}$ by $m$; fixed 10 anomalies,14,heatmap_cell,standard_conformal_bh,finite_k3,m_fixed_count,1.6989700043360187,3.0,1.548455006504028,1.8494850021680092,2.9,3.1,50.0,test batch size $m$,0.1,50,,10.0,25,100,0.84430126017773,0.84430126017773,0.82084,1.0,0.084430126017773,-1.3014640731432998,0.0,0.983004,2500,finite_k3_m_fixed_count,empirical FDR / nominal alpha
tikz-v1,figure1_supp,fdr_ratio_atlas_r4_c2,$N_{cal}$ by $m$; fixed 10 anomalies,14,heatmap_cell,standard_conformal_bh,finite_k3,m_fixed_count,1.6989700043360187,3.2,1.548455006504028,1.8494850021680092,3.1,3.3,50.0,test batch size $m$,0.1,50,,10.0,25,100,0.811117954267954,0.811117954267954,0.8078,0.9996,0.0811117954267954,-1.501333178645566,0.0,0.982394,2500,finite_k3_m_fixed_count,empirical FDR / nominal alpha
tikz-v1,figure1_supp,fdr_ratio_atlas_r4_c2,$N_{cal}$ by $m$; fixed 10 anomalies,14,heatmap_cell,standard_conformal_bh,finite_k3,m_fixed_count,1.6989700043360187,3.4,1.548455006504028,1.8494850021680092,3.3,3.5,50.0,test batch size $m$,0.1,50,,10.0,25,100,0.8267549842314539,0.8267549842314539,0.82032,1.0,0.0826754984231454,-1.701222484256557,0.0,0.982664,2500,finite_k3_m_fixed_count,empirical FDR / nominal alpha
tikz-v1,figure1_supp,fdr_ratio_atlas_r4_c2,$N_{cal}$ by $m$; fixed 10 anomalies,14,heatmap_cell,standard_conformal_bh,finite_k3,m_fixed_count,1.6989700043360187,3.6,1.548455006504028,1.8494850021680092,3.5,3.7,50.0,test batch size $m$,0.1,50,,10.0,25,100,0.770425729825729,0.770425729825729,0.81528,1.0,0.0770425729825729,-1.901131251355372,0.0,0.983184,2500,finite_k3_m_fixed_count,empirical FDR / nominal alpha
tikz-v1,figure1_supp,fdr_ratio_atlas_r4_c2,$N_{cal}$ by $m$; fixed 10 anomalies,14,heatmap_cell,standard_conformal_bh,finite_k3,m_fixed_count,1.6989700043360187,3.8,1.548455006504028,1.8494850021680092,3.7,3.9,50.0,test batch size $m$,0.1,50,,10.0,25,100,0.826397389744758,0.826397389744758,0.8193600000000001,1.0,0.0826397389744758,-2.101128175838757,0.0,0.9829420000000002,2500,finite_k3_m_fixed_count,empirical FDR / nominal alpha
tikz-v1,figure1_supp,fdr_ratio_atlas_r4_c2,$N_{cal}$ by $m$; fixed 10 anomalies,14,heatmap_cell,standard_conformal_bh,finite_k3,m_fixed_count,1.6989700043360187,4.0,1.548455006504028,1.8494850021680092,3.9,4.1,50.0,test batch size $m$,0.1,50,,10.0,25,100,0.783543403002226,0.783543403002226,0.8186,1.0,0.0783543403002226,-2.301073422940844,0.0,0.982928,2500,finite_k3_m_fixed_count,empirical FDR / nominal alpha
tikz-v1,figure1_supp,fdr_ratio_atlas_r4_c2,$N_{cal}$ by $m$; fixed 10 anomalies,14,heatmap_cell,standard_conformal_bh,finite_k3,m_fixed_count,2.0,1.4,1.8494850021680092,2.15051499783199,1.3,1.5,100.0,test batch size $m$,0.1,100,,10.0,25,100,0.0,0.0,0.0,0.0,0.0,0.585026652029182,1.0,0.9826533333333332,2500,finite_k3_m_fixed_count,empirical FDR / nominal alpha
tikz-v1,figure1_supp,fdr_ratio_atlas_r4_c2,$N_{cal}$ by $m$; fixed 10 anomalies,14,heatmap_cell,standard_conformal_bh,finite_k3,m_fixed_count,2.0,1.6,1.8494850021680092,2.15051499783199,1.5,1.7,100.0,test batch size $m$,0.1,100,,10.0,25,100,0.0,0.0,0.0,0.0,0.0,0.3872161432802645,1.0,0.9833128888888888,2500,finite_k3_m_fixed_count,empirical FDR / nominal alpha
tikz-v1,figure1_supp,fdr_ratio_atlas_r4_c2,$N_{cal}$ by $m$; fixed 10 anomalies,14,heatmap_cell,standard_conformal_bh,finite_k3,m_fixed_count,2.0,1.7999999999999998,1.8494850021680092,2.15051499783199,1.7,1.9,100.0,test batch size $m$,0.1,100,,10.0,25,100,0.22324491487184897,0.22324491487184897,0.0476399999999999,0.05,0.0223244914871849,0.1938200260161128,1.0,0.9834853333333334,2500,finite_k3_m_fixed_count,empirical FDR / nominal alpha
tikz-v1,figure1_supp,fdr_ratio_atlas_r4_c2,$N_{cal}$ by $m$; fixed 10 anomalies,14,heatmap_cell,standard_conformal_bh,finite_k3,m_fixed_count,2.0,2.0,1.8494850021680092,2.15051499783199,1.9,2.1,100.0,test batch size $m$,0.1,100,,10.0,25,100,0.5120545681872299,0.5120545681872299,0.2356399999999999,0.266,0.051205456818723,-0.0043213737826425,0.0,0.9834746666666666,2500,finite_k3_m_fixed_count,empirical FDR / nominal alpha
tikz-v1,figure1_supp,fdr_ratio_atlas_r4_c2,$N_{cal}$ by $m$; fixed 10 anomalies,14,heatmap_cell,standard_conformal_bh,finite_k3,m_fixed_count,2.0,2.2,1.8494850021680092,2.15051499783199,2.1,2.3,100.0,test batch size $m$,0.1,100,,10.0,25,100,0.484066844266844,0.484066844266844,0.3876,0.5056,0.0484066844266844,-0.2013971243204515,0.0,0.9829897777777776,2500,finite_k3_m_fixed_count,empirical FDR / nominal alpha
tikz-v1,figure1_supp,fdr_ratio_atlas_r4_c2,$N_{cal}$ by $m$; fixed 10 anomalies,14,heatmap_cell,standard_conformal_bh,finite_k3,m_fixed_count,2.0,2.4,1.8494850021680092,2.15051499783199,2.3,2.5,100.0,test batch size $m$,0.1,100,,10.0,25,100,1.0246959824489228,1.0246959824489228,0.69108,0.9232,0.1024695982448923,-0.4014005407815441,0.0,0.9832191111111112,2500,finite_k3_m_fixed_count,empirical FDR / nominal alpha
tikz-v1,figure1_supp,fdr_ratio_atlas_r4_c2,$N_{cal}$ by $m$; fixed 10 anomalies,14,heatmap_cell,standard_conformal_bh,finite_k3,m_fixed_count,2.0,2.6,1.8494850021680092,2.15051499783199,2.5,2.7,100.0,test batch size $m$,0.1,100,,10.0,25,100,0.650212337662337,0.650212337662337,0.62876,0.9072,0.0650212337662337,-0.6009728956867483,0.0,0.983833777777778,2500,finite_k3_m_fixed_count,empirical FDR / nominal alpha
tikz-v1,figure1_supp,fdr_ratio_atlas_r4_c2,$N_{cal}$ by $m$; fixed 10 anomalies,14,heatmap_cell,standard_conformal_bh,finite_k3,m_fixed_count,2.0,2.8,1.8494850021680092,2.15051499783199,2.7,2.9,100.0,test batch size $m$,0.1,100,,10.0,25,100,0.900541181900314,0.900541181900314,0.6982,0.986,0.0900541181900314,-0.800717078282385,0.0,0.9832608888888889,2500,finite_k3_m_fixed_count,empirical FDR / nominal alpha
tikz-v1,figure1_supp,fdr_ratio_atlas_r4_c2,$N_{cal}$ by $m$; fixed 10 anomalies,14,heatmap_cell,standard_conformal_bh,finite_k3,m_fixed_count,2.0,3.0,1.8494850021680092,2.15051499783199,2.9,3.1,100.0,test batch size $m$,0.1,100,,10.0,25,100,0.9031838050838049,0.9031838050838049,0.72108,0.9984,0.0903183805083805,-1.0004340774793186,0.0,0.9832826666666667,2500,finite_k3_m_fixed_count,empirical FDR / nominal alpha
tikz-v1,figure1_supp,fdr_ratio_atlas_r4_c2,$N_{cal}$ by $m$; fixed 10 anomalies,14,heatmap_cell,standard_conformal_bh,finite_k3,m_fixed_count,2.0,3.2,1.8494850021680092,2.15051499783199,3.1,3.3,100.0,test batch size $m$,0.1,100,,10.0,25,100,0.919448584748584,0.919448584748584,0.72268,0.998,0.0919448584748584,-1.200303182981585,0.0,0.9836608888888888,2500,finite_k3_m_fixed_count,empirical FDR / nominal alpha
tikz-v1,figure1_supp,fdr_ratio_atlas_r4_c2,$N_{cal}$ by $m$; fixed 10 anomalies,14,heatmap_cell,standard_conformal_bh,finite_k3,m_fixed_count,2.0,3.4,1.8494850021680092,2.15051499783199,3.3,3.5,100.0,test batch size $m$,0.1,100,,10.0,25,100,0.753139371739371,0.753139371739371,0.7044,0.9984,0.0753139371739371,-1.400192488592576,0.0,0.9832728888888892,2500,finite_k3_m_fixed_count,empirical FDR / nominal alpha
tikz-v1,figure1_supp,fdr_ratio_atlas_r4_c2,$N_{cal}$ by $m$; fixed 10 anomalies,14,heatmap_cell,standard_conformal_bh,finite_k3,m_fixed_count,2.0,3.6,1.8494850021680092,2.15051499783199,3.5,3.7,100.0,test batch size $m$,0.1,100,,10.0,25,100,0.8467097125097119,0.8467097125097119,0.70896,0.9988,0.0846709712509712,-1.6001012556913907,0.0,0.9826684444444445,2500,finite_k3_m_fixed_count,empirical FDR / nominal alpha
tikz-v1,figure1_supp,fdr_ratio_atlas_r4_c2,$N_{cal}$ by $m$; fixed 10 anomalies,14,heatmap_cell,standard_conformal_bh,finite_k3,m_fixed_count,2.0,3.8,1.8494850021680092,2.15051499783199,3.7,3.9,100.0,test batch size $m$,0.1,100,,10.0,25,100,0.912663886440356,0.912663886440356,0.72504,0.9996,0.0912663886440356,-1.8000981801747755,0.0,0.9834973333333332,2500,finite_k3_m_fixed_count,empirical FDR / nominal alpha
tikz-v1,figure1_supp,fdr_ratio_atlas_r4_c2,$N_{cal}$ by $m$; fixed 10 anomalies,14,heatmap_cell,standard_conformal_bh,finite_k3,m_fixed_count,2.0,4.0,1.8494850021680092,2.15051499783199,3.9,4.1,100.0,test batch size $m$,0.1,100,,10.0,25,100,0.889026728826729,0.889026728826729,0.7225199999999999,0.9988,0.0889026728826729,-2.0000434272768626,0.0,0.9833395555555556,2500,finite_k3_m_fixed_count,empirical FDR / nominal alpha
tikz-v1,figure1_supp,fdr_ratio_atlas_r4_c2,$N_{cal}$ by $m$; fixed 10 anomalies,14,heatmap_cell,standard_conformal_bh,finite_k3,m_fixed_count,2.3010299956639813,1.4,2.15051499783199,2.5,1.3,1.5,200.0,test batch size $m$,0.1,200,,10.0,25,100,0.0,0.0,0.0,0.0,0.0,0.8860566476931633,1.0,0.9835176842105262,2500,finite_k3_m_fixed_count,empirical FDR / nominal alpha
tikz-v1,figure1_supp,fdr_ratio_atlas_r4_c2,$N_{cal}$ by $m$; fixed 10 anomalies,14,heatmap_cell,standard_conformal_bh,finite_k3,m_fixed_count,2.3010299956639813,1.6,2.15051499783199,2.5,1.5,1.7,200.0,test batch size $m$,0.1,200,,10.0,25,100,0.0,0.0,0.0,0.0,0.0,0.6882461389442457,1.0,0.9832627368421054,2500,finite_k3_m_fixed_count,empirical FDR / nominal alpha
tikz-v1,figure1_supp,fdr_ratio_atlas_r4_c2,$N_{cal}$ by $m$; fixed 10 anomalies,14,heatmap_cell,standard_conformal_bh,finite_k3,m_fixed_count,2.3010299956639813,1.7999999999999998,2.15051499783199,2.5,1.7,1.9,200.0,test batch size $m$,0.1,200,,10.0,25,100,0.0,0.0,0.0,0.0,0.0,0.494850021680094,1.0,0.983453894736842,2500,finite_k3_m_fixed_count,empirical FDR / nominal alpha
tikz-v1,figure1_supp,fdr_ratio_atlas_r4_c2,$N_{cal}$ by $m$; fixed 10 anomalies,14,heatmap_cell,standard_conformal_bh,finite_k3,m_fixed_count,2.3010299956639813,2.0,2.15051499783199,2.5,1.9,2.1,200.0,test batch size $m$,0.1,200,,10.0,25,100,0.013085714285714,0.013085714285714,0.0022,0.0024,0.0013085714285714,0.2967086218813386,1.0,0.983255789473684,2500,finite_k3_m_fixed_count,empirical FDR / nominal alpha
tikz-v1,figure1_supp,fdr_ratio_atlas_r4_c2,$N_{cal}$ by $m$; fixed 10 anomalies,14,heatmap_cell,standard_conformal_bh,finite_k3,m_fixed_count,2.3010299956639813,2.2,2.15051499783199,2.5,2.1,2.3,200.0,test batch size $m$,0.1,200,,10.0,25,100,0.284257021891077,0.284257021891077,0.06572,0.074,0.0284257021891077,0.0996328713435296,1.0,0.9825473684210528,2500,finite_k3_m_fixed_count,empirical FDR / nominal alpha
tikz-v1,figure1_supp,fdr_ratio_atlas_r4_c2,$N_{cal}$ by $m$; fixed 10 anomalies,14,heatmap_cell,standard_conformal_bh,finite_k3,m_fixed_count,2.3010299956639813,2.4,2.15051499783199,2.5,2.3,2.5,200.0,test batch size $m$,0.1,200,,10.0,25,100,0.462375124875124,0.462375124875124,0.2316,0.3016,0.0462375124875124,-0.1003705451175629,0.0,0.9827488421052633,2500,finite_k3_m_fixed_count,empirical FDR / nominal alpha
tikz-v1,figure1_supp,fdr_ratio_atlas_r4_c2,$N_{cal}$ by $m$; fixed 10 anomalies,14,heatmap_cell,standard_conformal_bh,finite_k3,m_fixed_count,2.3010299956639813,2.6,2.15051499783199,2.5,2.5,2.7,200.0,test batch size $m$,0.1,200,,10.0,25,100,0.635588061938061,0.635588061938061,0.4166399999999999,0.6108,0.0635588061938061,-0.2999429000227671,0.0,0.9829244210526316,2500,finite_k3_m_fixed_count,empirical FDR / nominal alpha
tikz-v1,figure1_supp,fdr_ratio_atlas_r4_c2,$N_{cal}$ by $m$; fixed 10 anomalies,14,heatmap_cell,standard_conformal_bh,finite_k3,m_fixed_count,2.3010299956639813,2.8,2.15051499783199,2.5,2.7,2.9,200.0,test batch size $m$,0.1,200,,10.0,25,100,0.683270327831782,0.683270327831782,0.44816,0.7136,0.0683270327831782,-0.4996870826184039,0.0,0.983086105263158,2500,finite_k3_m_fixed_count,empirical FDR / nominal alpha
tikz-v1,figure1_supp,fdr_ratio_atlas_r4_c2,$N_{cal}$ by $m$; fixed 10 anomalies,14,heatmap_cell,standard_conformal_bh,finite_k3,m_fixed_count,2.3010299956639813,3.0,2.15051499783199,2.5,2.9,3.1,200.0,test batch size $m$,0.1,200,,10.0,25,100,0.8446708866297099,0.8446708866297099,0.57872,0.9704,0.084467088662971,-0.6994040818153374,0.0,0.982587789473684,2500,finite_k3_m_fixed_count,empirical FDR / nominal alpha
tikz-v1,figure1_supp,fdr_ratio_atlas_r4_c2,$N_{cal}$ by $m$; fixed 10 anomalies,14,heatmap_cell,standard_conformal_bh,finite_k3,m_fixed_count,2.3010299956639813,3.2,2.15051499783199,2.5,3.1,3.3,200.0,test batch size $m$,0.1,200,,10.0,25,100,0.8537287379287379,0.8537287379287379,0.58204,0.9692,0.0853728737928738,-0.8992731873176038,0.0,0.9825042105263158,2500,finite_k3_m_fixed_count,empirical FDR / nominal alpha
tikz-v1,figure1_supp,fdr_ratio_atlas_r4_c2,$N_{cal}$ by $m$; fixed 10 anomalies,14,heatmap_cell,standard_conformal_bh,finite_k3,m_fixed_count,2.3010299956639813,3.4,2.15051499783199,2.5,3.3,3.5,200.0,test batch size $m$,0.1,200,,10.0,25,100,0.816256282932753,0.816256282932753,0.5851200000000001,0.988,0.0816256282932753,-1.0991624929285948,0.0,0.9828543157894736,2500,finite_k3_m_fixed_count,empirical FDR / nominal alpha
tikz-v1,figure1_supp,fdr_ratio_atlas_r4_c2,$N_{cal}$ by $m$; fixed 10 anomalies,14,heatmap_cell,standard_conformal_bh,finite_k3,m_fixed_count,2.3010299956639813,3.6,2.15051499783199,2.5,3.5,3.7,200.0,test batch size $m$,0.1,200,,10.0,25,100,0.906437895437895,0.906437895437895,0.60712,0.9876,0.0906437895437895,-1.2990712600274097,0.0,0.9824867368421052,2500,finite_k3_m_fixed_count,empirical FDR / nominal alpha
tikz-v1,figure1_supp,fdr_ratio_atlas_r4_c2,$N_{cal}$ by $m$; fixed 10 anomalies,14,heatmap_cell,standard_conformal_bh,finite_k3,m_fixed_count,2.3010299956639813,3.8,2.15051499783199,2.5,3.7,3.9,200.0,test batch size $m$,0.1,200,,10.0,25,100,0.9097817848817839,0.9097817848817839,0.60956,0.9952,0.0909781784881784,-1.4990681845107945,0.0,0.9831162105263158,2500,finite_k3_m_fixed_count,empirical FDR / nominal alpha
tikz-v1,figure1_supp,fdr_ratio_atlas_r4_c2,$N_{cal}$ by $m$; fixed 10 anomalies,14,heatmap_cell,standard_conformal_bh,finite_k3,m_fixed_count,2.3010299956639813,4.0,2.15051499783199,2.5,3.9,4.1,200.0,test batch size $m$,0.1,200,,10.0,25,100,0.9266757373345599,0.9266757373345599,0.6149600000000001,0.9964,0.092667573733456,-1.6990134316128815,0.0,0.9827677894736844,2500,finite_k3_m_fixed_count,empirical FDR / nominal alpha
tikz-v1,figure1_supp,fdr_ratio_atlas_r4_c2,$N_{cal}$ by $m$; fixed 10 anomalies,14,heatmap_cell,standard_conformal_bh,finite_k3,m_fixed_count,2.6989700043360187,1.4,2.5,2.8494850021680094,1.3,1.5,500.0,test batch size $m$,0.1,500,,10.0,25,100,0.0,0.0,0.0,0.0,0.0,1.2839966563652008,1.0,0.9835497142857142,2500,finite_k3_m_fixed_count,empirical FDR / nominal alpha
tikz-v1,figure1_supp,fdr_ratio_atlas_r4_c2,$N_{cal}$ by $m$; fixed 10 anomalies,14,heatmap_cell,standard_conformal_bh,finite_k3,m_fixed_count,2.6989700043360187,1.6,2.5,2.8494850021680094,1.5,1.7,500.0,test batch size $m$,0.1,500,,10.0,25,100,0.0,0.0,0.0,0.0,0.0,1.0861861476162833,1.0,0.982601387755102,2500,finite_k3_m_fixed_count,empirical FDR / nominal alpha
tikz-v1,figure1_supp,fdr_ratio_atlas_r4_c2,$N_{cal}$ by $m$; fixed 10 anomalies,14,heatmap_cell,standard_conformal_bh,finite_k3,m_fixed_count,2.6989700043360187,1.7999999999999998,2.5,2.8494850021680094,1.7,1.9,500.0,test batch size $m$,0.1,500,,10.0,25,100,0.0,0.0,0.0,0.0,0.0,0.8927900303521317,1.0,0.9832217959183672,2500,finite_k3_m_fixed_count,empirical FDR / nominal alpha
tikz-v1,figure1_supp,fdr_ratio_atlas_r4_c2,$N_{cal}$ by $m$; fixed 10 anomalies,14,heatmap_cell,standard_conformal_bh,finite_k3,m_fixed_count,2.6989700043360187,2.0,2.5,2.8494850021680094,1.9,2.1,500.0,test batch size $m$,0.1,500,,10.0,25,100,0.0,0.0,0.0,0.0,0.0,0.6946486305533762,1.0,0.9826991836734694,2500,finite_k3_m_fixed_count,empirical FDR / nominal alpha
tikz-v1,figure1_supp,fdr_ratio_atlas_r4_c2,$N_{cal}$ by $m$; fixed 10 anomalies,14,heatmap_cell,standard_conformal_bh,finite_k3,m_fixed_count,2.6989700043360187,2.2,2.5,2.8494850021680094,2.1,2.3,500.0,test batch size $m$,0.1,500,,10.0,25,100,0.002875,0.002875,0.00036,0.0004,0.0002875,0.4975728800155673,1.0,0.9827915918367348,2500,finite_k3_m_fixed_count,empirical FDR / nominal alpha
tikz-v1,figure1_supp,fdr_ratio_atlas_r4_c2,$N_{cal}$ by $m$; fixed 10 anomalies,14,heatmap_cell,standard_conformal_bh,finite_k3,m_fixed_count,2.6989700043360187,2.4,2.5,2.8494850021680094,2.3,2.5,500.0,test batch size $m$,0.1,500,,10.0,25,100,0.006695238095238,0.006695238095238,0.00108,0.0012,0.0006695238095238,0.2975694635544746,1.0,0.9825942857142858,2500,finite_k3_m_fixed_count,empirical FDR / nominal alpha
tikz-v1,figure1_supp,fdr_ratio_atlas_r4_c2,$N_{cal}$ by $m$; fixed 10 anomalies,14,heatmap_cell,standard_conformal_bh,finite_k3,m_fixed_count,2.6989700043360187,2.6,2.5,2.8494850021680094,2.5,2.7,500.0,test batch size $m$,0.1,500,,10.0,25,100,0.138511419952596,0.138511419952596,0.0272799999999999,0.0336,0.0138511419952596,0.0979971086492705,1.0,0.9829390204081632,2500,finite_k3_m_fixed_count,empirical FDR / nominal alpha
tikz-v1,figure1_supp,fdr_ratio_atlas_r4_c2,$N_{cal}$ by $m$; fixed 10 anomalies,14,heatmap_cell,standard_conformal_bh,finite_k3,m_fixed_count,2.6989700043360187,2.8,2.5,2.8494850021680094,2.7,2.9,500.0,test batch size $m$,0.1,500,,10.0,25,100,0.584845595580889,0.584845595580889,0.18036,0.2512,0.0584845595580889,-0.1017470739463662,0.0,0.9830221224489796,2500,finite_k3_m_fixed_count,empirical FDR / nominal alpha
tikz-v1,figure1_supp,fdr_ratio_atlas_r4_c2,$N_{cal}$ by $m$; fixed 10 anomalies,14,heatmap_cell,standard_conformal_bh,finite_k3,m_fixed_count,2.6989700043360187,3.0,2.5,2.8494850021680094,2.9,3.1,500.0,test batch size $m$,0.1,500,,10.0,25,100,0.42895450660450596,0.42895450660450596,0.23592,0.4232,0.0428954506604506,-0.3014640731432998,0.0,0.9825598367346938,2500,finite_k3_m_fixed_count,empirical FDR / nominal alpha
tikz-v1,figure1_supp,fdr_ratio_atlas_r4_c2,$N_{cal}$ by $m$; fixed 10 anomalies,14,heatmap_cell,standard_conformal_bh,finite_k3,m_fixed_count,2.6989700043360187,3.2,2.5,2.8494850021680094,3.1,3.3,500.0,test batch size $m$,0.1,500,,10.0,25,100,0.837364946164946,0.837364946164946,0.3648,0.638,0.0837364946164946,-0.5013331786455661,0.0,0.983244,2500,finite_k3_m_fixed_count,empirical FDR / nominal alpha
tikz-v1,figure1_supp,fdr_ratio_atlas_r4_c2,$N_{cal}$ by $m$; fixed 10 anomalies,14,heatmap_cell,standard_conformal_bh,finite_k3,m_fixed_count,2.6989700043360187,3.4,2.5,2.8494850021680094,3.3,3.5,500.0,test batch size $m$,0.1,500,,10.0,25,100,0.911261716061716,0.911261716061716,0.43072,0.8876,0.0911261716061716,-0.7012224842565572,0.0,0.982866693877551,2500,finite_k3_m_fixed_count,empirical FDR / nominal alpha
tikz-v1,figure1_supp,fdr_ratio_atlas_r4_c2,$N_{cal}$ by $m$; fixed 10 anomalies,14,heatmap_cell,standard_conformal_bh,finite_k3,m_fixed_count,2.6989700043360187,3.6,2.5,2.8494850021680094,3.5,3.7,500.0,test batch size $m$,0.1,500,,10.0,25,100,0.9086253635253629,0.9086253635253629,0.4298,0.8652,0.0908625363525363,-0.901131251355372,0.0,0.9830208979591836,2500,finite_k3_m_fixed_count,empirical FDR / nominal alpha
tikz-v1,figure1_supp,fdr_ratio_atlas_r4_c2,$N_{cal}$ by $m$; fixed 10 anomalies,14,heatmap_cell,standard_conformal_bh,finite_k3,m_fixed_count,2.6989700043360187,3.8,2.5,2.8494850021680094,3.7,3.9,500.0,test batch size $m$,0.1,500,,10.0,25,100,0.929157059607059,0.929157059607059,0.4571599999999999,0.9644,0.0929157059607059,-1.1011281758387568,0.0,0.9826973061224492,2500,finite_k3_m_fixed_count,empirical FDR / nominal alpha
tikz-v1,figure1_supp,fdr_ratio_atlas_r4_c2,$N_{cal}$ by $m$; fixed 10 anomalies,14,heatmap_cell,standard_conformal_bh,finite_k3,m_fixed_count,2.6989700043360187,4.0,2.5,2.8494850021680094,3.9,4.1,500.0,test batch size $m$,0.1,500,,10.0,25,100,0.97936827061827,0.97936827061827,0.47456,0.9776,0.097936827061827,-1.3010734229408438,0.0,0.9828661224489796,2500,finite_k3_m_fixed_count,empirical FDR / nominal alpha
tikz-v1,figure1_supp,fdr_ratio_atlas_r4_c2,$N_{cal}$ by $m$; fixed 10 anomalies,14,heatmap_cell,standard_conformal_bh,finite_k3,m_fixed_count,3.0,1.4,2.8494850021680094,3.15051499783199,1.3,1.5,1000.0,test batch size $m$,0.1,1000,,10.0,25,100,0.0,0.0,0.0,0.0,0.0,1.585026652029182,1.0,0.9830957575757576,2500,finite_k3_m_fixed_count,empirical FDR / nominal alpha
tikz-v1,figure1_supp,fdr_ratio_atlas_r4_c2,$N_{cal}$ by $m$; fixed 10 anomalies,14,heatmap_cell,standard_conformal_bh,finite_k3,m_fixed_count,3.0,1.6,2.8494850021680094,3.15051499783199,1.5,1.7,1000.0,test batch size $m$,0.1,1000,,10.0,25,100,0.0,0.0,0.0,0.0,0.0,1.3872161432802643,1.0,0.9831694141414142,2500,finite_k3_m_fixed_count,empirical FDR / nominal alpha
tikz-v1,figure1_supp,fdr_ratio_atlas_r4_c2,$N_{cal}$ by $m$; fixed 10 anomalies,14,heatmap_cell,standard_conformal_bh,finite_k3,m_fixed_count,3.0,1.7999999999999998,2.8494850021680094,3.15051499783199,1.7,1.9,1000.0,test batch size $m$,0.1,1000,,10.0,25,100,0.0,0.0,0.0,0.0,0.0,1.193820026016113,1.0,0.9835376565656564,2500,finite_k3_m_fixed_count,empirical FDR / nominal alpha
tikz-v1,figure1_supp,fdr_ratio_atlas_r4_c2,$N_{cal}$ by $m$; fixed 10 anomalies,14,heatmap_cell,standard_conformal_bh,finite_k3,m_fixed_count,3.0,2.0,2.8494850021680094,3.15051499783199,1.9,2.1,1000.0,test batch size $m$,0.1,1000,,10.0,25,100,0.0,0.0,0.0,0.0,0.0,0.9956786262173576,1.0,0.9827677575757576,2500,finite_k3_m_fixed_count,empirical FDR / nominal alpha
tikz-v1,figure1_supp,fdr_ratio_atlas_r4_c2,$N_{cal}$ by $m$; fixed 10 anomalies,14,heatmap_cell,standard_conformal_bh,finite_k3,m_fixed_count,3.0,2.2,2.8494850021680094,3.15051499783199,2.1,2.3,1000.0,test batch size $m$,0.1,1000,,10.0,25,100,0.0,0.0,0.0,0.0,0.0,0.7986028756795486,1.0,0.9825696565656566,2500,finite_k3_m_fixed_count,empirical FDR / nominal alpha
tikz-v1,figure1_supp,fdr_ratio_atlas_r4_c2,$N_{cal}$ by $m$; fixed 10 anomalies,14,heatmap_cell,standard_conformal_bh,finite_k3,m_fixed_count,3.0,2.4,2.8494850021680094,3.15051499783199,2.3,2.5,1000.0,test batch size $m$,0.1,1000,,10.0,25,100,0.0,0.0,0.0,0.0,0.0,0.5985994592184559,1.0,0.9828689292929292,2500,finite_k3_m_fixed_count,empirical FDR / nominal alpha
tikz-v1,figure1_supp,fdr_ratio_atlas_r4_c2,$N_{cal}$ by $m$; fixed 10 anomalies,14,heatmap_cell,standard_conformal_bh,finite_k3,m_fixed_count,3.0,2.6,2.8494850021680094,3.15051499783199,2.5,2.7,1000.0,test batch size $m$,0.1,1000,,10.0,25,100,0.043873005369779,0.043873005369779,0.00548,0.0064,0.0043873005369779,0.3990271043132517,1.0,0.9828295353535352,2500,finite_k3_m_fixed_count,empirical FDR / nominal alpha
tikz-v1,figure1_supp,fdr_ratio_atlas_r4_c2,$N_{cal}$ by $m$; fixed 10 anomalies,14,heatmap_cell,standard_conformal_bh,finite_k3,m_fixed_count,3.0,2.8,2.8494850021680094,3.15051499783199,2.7,2.9,1000.0,test batch size $m$,0.1,1000,,10.0,25,100,0.15311018575851298,0.15311018575851298,0.0216,0.0272,0.0153110185758513,0.199282921717615,1.0,0.982983797979798,2500,finite_k3_m_fixed_count,empirical FDR / nominal alpha
tikz-v1,figure1_supp,fdr_ratio_atlas_r4_c2,$N_{cal}$ by $m$; fixed 10 anomalies,14,heatmap_cell,standard_conformal_bh,finite_k3,m_fixed_count,3.0,3.0,2.8494850021680094,3.15051499783199,2.9,3.1,1000.0,test batch size $m$,0.1,1000,,10.0,25,100,0.18561365301365298,0.18561365301365298,0.03756,0.0532,0.0185613653013653,-0.0004340774793186,0.0,0.9834150707070708,2500,finite_k3_m_fixed_count,empirical FDR / nominal alpha
tikz-v1,figure1_supp,fdr_ratio_atlas_r4_c2,$N_{cal}$ by $m$; fixed 10 anomalies,14,heatmap_cell,standard_conformal_bh,finite_k3,m_fixed_count,3.0,3.2,2.8494850021680094,3.15051499783199,3.1,3.3,1000.0,test batch size $m$,0.1,1000,,10.0,25,100,0.279859817959817,0.279859817959817,0.08092,0.1276,0.0279859817959817,-0.2003031829815849,0.0,0.9827559191919192,2500,finite_k3_m_fixed_count,empirical FDR / nominal alpha
tikz-v1,figure1_supp,fdr_ratio_atlas_r4_c2,$N_{cal}$ by $m$; fixed 10 anomalies,14,heatmap_cell,standard_conformal_bh,finite_k3,m_fixed_count,3.0,3.4,2.8494850021680094,3.15051499783199,3.3,3.5,1000.0,test batch size $m$,0.1,1000,,10.0,25,100,0.821537795537795,0.821537795537795,0.27144,0.5464,0.0821537795537795,-0.400192488592576,0.0,0.983761212121212,2500,finite_k3_m_fixed_count,empirical FDR / nominal alpha
tikz-v1,figure1_supp,fdr_ratio_atlas_r4_c2,$N_{cal}$ by $m$; fixed 10 anomalies,14,heatmap_cell,standard_conformal_bh,finite_k3,m_fixed_count,3.0,3.6,2.8494850021680094,3.15051499783199,3.5,3.7,1000.0,test batch size $m$,0.1,1000,,10.0,25,100,0.621989038739038,0.621989038739038,0.26332,0.5836,0.0621989038739038,-0.6001012556913907,0.0,0.9834113535353536,2500,finite_k3_m_fixed_count,empirical FDR / nominal alpha
tikz-v1,figure1_supp,fdr_ratio_atlas_r4_c2,$N_{cal}$ by $m$; fixed 10 anomalies,14,heatmap_cell,standard_conformal_bh,finite_k3,m_fixed_count,3.0,3.8,2.8494850021680094,3.15051499783199,3.7,3.9,1000.0,test batch size $m$,0.1,1000,,10.0,25,100,0.8378155289155279,0.8378155289155279,0.33576,0.7732,0.0837815528915528,-0.8000981801747756,0.0,0.9832254141414142,2500,finite_k3_m_fixed_count,empirical FDR / nominal alpha
tikz-v1,figure1_supp,fdr_ratio_atlas_r4_c2,$N_{cal}$ by $m$; fixed 10 anomalies,14,heatmap_cell,standard_conformal_bh,finite_k3,m_fixed_count,3.0,4.0,2.8494850021680094,3.15051499783199,3.9,4.1,1000.0,test batch size $m$,0.1,1000,,10.0,25,100,0.905011954711954,0.905011954711954,0.36,0.9144,0.0905011954711954,-1.0000434272768626,0.0,0.9829525656565656,2500,finite_k3_m_fixed_count,empirical FDR / nominal alpha
tikz-v1,figure1_supp,fdr_ratio_atlas_r4_c2,$N_{cal}$ by $m$; fixed 10 anomalies,14,heatmap_cell,standard_conformal_bh,finite_k3,m_fixed_count,3.3010299956639813,1.4,3.15051499783199,3.451544993495972,1.3,1.5,2000.0,test batch size $m$,0.1,2000,,10.0,25,100,0.0,0.0,0.0,0.0,0.0,1.8860566476931635,1.0,0.982669809045226,2500,finite_k3_m_fixed_count,empirical FDR / nominal alpha
tikz-v1,figure1_supp,fdr_ratio_atlas_r4_c2,$N_{cal}$ by $m$; fixed 10 anomalies,14,heatmap_cell,standard_conformal_bh,finite_k3,m_fixed_count,3.3010299956639813,1.6,3.15051499783199,3.451544993495972,1.5,1.7,2000.0,test batch size $m$,0.1,2000,,10.0,25,100,0.0,0.0,0.0,0.0,0.0,1.6882461389442458,1.0,0.9827777085427136,2500,finite_k3_m_fixed_count,empirical FDR / nominal alpha
tikz-v1,figure1_supp,fdr_ratio_atlas_r4_c2,$N_{cal}$ by $m$; fixed 10 anomalies,14,heatmap_cell,standard_conformal_bh,finite_k3,m_fixed_count,3.3010299956639813,1.7999999999999998,3.15051499783199,3.451544993495972,1.7,1.9,2000.0,test batch size $m$,0.1,2000,,10.0,25,100,0.0,0.0,0.0,0.0,0.0,1.494850021680094,1.0,0.9835731457286432,2500,finite_k3_m_fixed_count,empirical FDR / nominal alpha
tikz-v1,figure1_supp,fdr_ratio_atlas_r4_c2,$N_{cal}$ by $m$; fixed 10 anomalies,14,heatmap_cell,standard_conformal_bh,finite_k3,m_fixed_count,3.3010299956639813,2.0,3.15051499783199,3.451544993495972,1.9,2.1,2000.0,test batch size $m$,0.1,2000,,10.0,25,100,0.0,0.0,0.0,0.0,0.0,1.2967086218813386,1.0,0.9833532261306532,2500,finite_k3_m_fixed_count,empirical FDR / nominal alpha
tikz-v1,figure1_supp,fdr_ratio_atlas_r4_c2,$N_{cal}$ by $m$; fixed 10 anomalies,14,heatmap_cell,standard_conformal_bh,finite_k3,m_fixed_count,3.3010299956639813,2.2,3.15051499783199,3.451544993495972,2.1,2.3,2000.0,test batch size $m$,0.1,2000,,10.0,25,100,0.0,0.0,0.0,0.0,0.0,1.0996328713435295,1.0,0.982578351758794,2500,finite_k3_m_fixed_count,empirical FDR / nominal alpha
tikz-v1,figure1_supp,fdr_ratio_atlas_r4_c2,$N_{cal}$ by $m$; fixed 10 anomalies,14,heatmap_cell,standard_conformal_bh,finite_k3,m_fixed_count,3.3010299956639813,2.4,3.15051499783199,3.451544993495972,2.3,2.5,2000.0,test batch size $m$,0.1,2000,,10.0,25,100,0.0,0.0,0.0,0.0,0.0,0.8996294548824371,1.0,0.982499336683417,2500,finite_k3_m_fixed_count,empirical FDR / nominal alpha
tikz-v1,figure1_supp,fdr_ratio_atlas_r4_c2,$N_{cal}$ by $m$; fixed 10 anomalies,14,heatmap_cell,standard_conformal_bh,finite_k3,m_fixed_count,3.3010299956639813,2.6,3.15051499783199,3.451544993495972,2.5,2.7,2000.0,test batch size $m$,0.1,2000,,10.0,25,100,0.0,0.0,0.0,0.0,0.0,0.700057099977233,1.0,0.9829553567839197,2500,finite_k3_m_fixed_count,empirical FDR / nominal alpha
tikz-v1,figure1_supp,fdr_ratio_atlas_r4_c2,$N_{cal}$ by $m$; fixed 10 anomalies,14,heatmap_cell,standard_conformal_bh,finite_k3,m_fixed_count,3.3010299956639813,2.8,3.15051499783199,3.451544993495972,2.7,2.9,2000.0,test batch size $m$,0.1,2000,,10.0,25,100,0.0,0.0,0.0,0.0,0.0,0.5003129173815962,1.0,0.9838950753768844,2500,finite_k3_m_fixed_count,empirical FDR / nominal alpha
tikz-v1,figure1_supp,fdr_ratio_atlas_r4_c2,$N_{cal}$ by $m$; fixed 10 anomalies,14,heatmap_cell,standard_conformal_bh,finite_k3,m_fixed_count,3.3010299956639813,3.0,3.15051499783199,3.451544993495972,2.9,3.1,2000.0,test batch size $m$,0.1,2000,,10.0,25,100,0.0,0.0,0.0,0.0,0.0,0.3005959181846626,1.0,0.982721487437186,2500,finite_k3_m_fixed_count,empirical FDR / nominal alpha
tikz-v1,figure1_supp,fdr_ratio_atlas_r4_c2,$N_{cal}$ by $m$; fixed 10 anomalies,14,heatmap_cell,standard_conformal_bh,finite_k3,m_fixed_count,3.3010299956639813,3.2,3.15051499783199,3.451544993495972,3.1,3.3,2000.0,test batch size $m$,0.1,2000,,10.0,25,100,0.044335531135530994,0.044335531135530994,0.00532,0.0084,0.0044335531135531,0.1007268126823962,1.0,0.9830178894472364,2500,finite_k3_m_fixed_count,empirical FDR / nominal alpha
tikz-v1,figure1_supp,fdr_ratio_atlas_r4_c2,$N_{cal}$ by $m$; fixed 10 anomalies,14,heatmap_cell,standard_conformal_bh,finite_k3,m_fixed_count,3.3010299956639813,3.4,3.15051499783199,3.451544993495972,3.3,3.5,2000.0,test batch size $m$,0.1,2000,,10.0,25,100,0.240060128760128,0.240060128760128,0.04596,0.0748,0.0240060128760128,-0.0991624929285947,0.0,0.9832463718592964,2500,finite_k3_m_fixed_count,empirical FDR / nominal alpha
tikz-v1,figure1_supp,fdr_ratio_atlas_r4_c2,$N_{cal}$ by $m$; fixed 10 anomalies,14,heatmap_cell,standard_conformal_bh,finite_k3,m_fixed_count,3.3010299956639813,3.6,3.15051499783199,3.451544993495972,3.5,3.7,2000.0,test batch size $m$,0.1,2000,,10.0,25,100,0.450940426240426,0.450940426240426,0.09988,0.1836,0.0450940426240426,-0.2990712600274095,0.0,0.9829096884422112,2500,finite_k3_m_fixed_count,empirical FDR / nominal alpha
tikz-v1,figure1_supp,fdr_ratio_atlas_r4_c2,$N_{cal}$ by $m$; fixed 10 anomalies,14,heatmap_cell,standard_conformal_bh,finite_k3,m_fixed_count,3.3010299956639813,3.8,3.15051499783199,3.451544993495972,3.7,3.9,2000.0,test batch size $m$,0.1,2000,,10.0,25,100,0.8997827636415869,0.8997827636415869,0.2094799999999999,0.4416,0.0899782763641587,-0.4990681845107945,0.0,0.9829802211055276,2500,finite_k3_m_fixed_count,empirical FDR / nominal alpha
tikz-v1,figure1_supp,fdr_ratio_atlas_r4_c2,$N_{cal}$ by $m$; fixed 10 anomalies,14,heatmap_cell,standard_conformal_bh,finite_k3,m_fixed_count,3.3010299956639813,4.0,3.15051499783199,3.451544993495972,3.9,4.1,2000.0,test batch size $m$,0.1,2000,,10.0,25,100,0.765453246753246,0.765453246753246,0.2438,0.6788,0.0765453246753246,-0.6990134316128814,0.0,0.9828301708542712,2500,finite_k3_m_fixed_count,empirical FDR / nominal alpha
tikz-v1,figure1_supp,fdr_ratio_atlas_r4_c1,$N_{cal}$ by $m$; fixed $\pi_1=0.05$,13,heatmap_cell,standard_conformal_bh,finite_k3,m_fixed_pi,1.6989700043360187,1.4,1.548455006504028,1.8494850021680092,1.3,1.5,50.0,test batch size $m$,0.1,50,0.05,,25,100,0.0,0.0,0.0,0.0,0.0,0.9829666607012196,1.0,0.9809458333333334,2500,finite_k3_m_fixed_pi,empirical FDR / nominal alpha
tikz-v1,figure1_supp,fdr_ratio_atlas_r4_c1,$N_{cal}$ by $m$; fixed $\pi_1=0.05$,13,heatmap_cell,standard_conformal_bh,finite_k3,m_fixed_pi,1.6989700043360187,1.6,1.548455006504028,1.8494850021680092,1.5,1.7,50.0,test batch size $m$,0.1,50,0.05,,25,100,0.0,0.0,0.0,0.0,0.0,0.7851561519523022,1.0,0.9838833333333334,2500,finite_k3_m_fixed_pi,empirical FDR / nominal alpha
tikz-v1,figure1_supp,fdr_ratio_atlas_r4_c1,$N_{cal}$ by $m$; fixed $\pi_1=0.05$,13,heatmap_cell,standard_conformal_bh,finite_k3,m_fixed_pi,1.6989700043360187,1.7999999999999998,1.548455006504028,1.8494850021680092,1.7,1.9,50.0,test batch size $m$,0.1,50,0.05,,25,100,0.0,0.0,0.0,0.0,0.0,0.5917600346881504,1.0,0.9823708333333332,2500,finite_k3_m_fixed_pi,empirical FDR / nominal alpha
tikz-v1,figure1_supp,fdr_ratio_atlas_r4_c1,$N_{cal}$ by $m$; fixed $\pi_1=0.05$,13,heatmap_cell,standard_conformal_bh,finite_k3,m_fixed_pi,1.6989700043360187,2.0,1.548455006504028,1.8494850021680092,1.9,2.1,50.0,test batch size $m$,0.1,50,0.05,,25,100,0.108799999999999,0.108799999999999,0.0164,0.0172,0.0108799999999999,0.393618634889395,1.0,0.9830833333333334,2500,finite_k3_m_fixed_pi,empirical FDR / nominal alpha
tikz-v1,figure1_supp,fdr_ratio_atlas_r4_c1,$N_{cal}$ by $m$; fixed $\pi_1=0.05$,13,heatmap_cell,standard_conformal_bh,finite_k3,m_fixed_pi,1.6989700043360187,2.2,1.548455006504028,1.8494850021680092,2.1,2.3,50.0,test batch size $m$,0.1,50,0.05,,25,100,0.286758441558441,0.286758441558441,0.0476,0.0504,0.0286758441558441,0.1965428843515861,1.0,0.984975,2500,finite_k3_m_fixed_pi,empirical FDR / nominal alpha
tikz-v1,figure1_supp,fdr_ratio_atlas_r4_c1,$N_{cal}$ by $m$; fixed $\pi_1=0.05$,13,heatmap_cell,standard_conformal_bh,finite_k3,m_fixed_pi,1.6989700043360187,2.4,1.548455006504028,1.8494850021680092,2.3,2.5,50.0,test batch size $m$,0.1,50,0.05,,25,100,0.7858666666666659,0.7858666666666659,0.3876,0.4204,0.0785866666666666,-0.0034605321095065,0.0,0.983575,2500,finite_k3_m_fixed_pi,empirical FDR / nominal alpha
tikz-v1,figure1_supp,fdr_ratio_atlas_r4_c1,$N_{cal}$ by $m$; fixed $\pi_1=0.05$,13,heatmap_cell,standard_conformal_bh,finite_k3,m_fixed_pi,1.6989700043360187,2.6,1.548455006504028,1.8494850021680092,2.5,2.7,50.0,test batch size $m$,0.1,50,0.05,,25,100,0.702025396825396,0.702025396825396,0.342,0.3672,0.0702025396825396,-0.2030328870147106,0.0,0.9824208333333332,2500,finite_k3_m_fixed_pi,empirical FDR / nominal alpha
tikz-v1,figure1_supp,fdr_ratio_atlas_r4_c1,$N_{cal}$ by $m$; fixed $\pi_1=0.05$,13,heatmap_cell,standard_conformal_bh,finite_k3,m_fixed_pi,1.6989700043360187,2.8,1.548455006504028,1.8494850021680092,2.7,2.9,50.0,test batch size $m$,0.1,50,0.05,,25,100,0.983711111111111,0.983711111111111,0.6046,0.7884,0.0983711111111111,-0.4027770696103474,0.0,0.9830666666666666,2500,finite_k3_m_fixed_pi,empirical FDR / nominal alpha
tikz-v1,figure1_supp,fdr_ratio_atlas_r4_c1,$N_{cal}$ by $m$; fixed $\pi_1=0.05$,13,heatmap_cell,standard_conformal_bh,finite_k3,m_fixed_pi,1.6989700043360187,3.0,1.548455006504028,1.8494850021680092,2.9,3.1,50.0,test batch size $m$,0.1,50,0.05,,25,100,1.0253111111111108,1.0253111111111108,0.617,0.8196,0.1025311111111111,-0.6024940688072811,0.0,0.9814916666666668,2500,finite_k3_m_fixed_pi,empirical FDR / nominal alpha
tikz-v1,figure1_supp,fdr_ratio_atlas_r4_c1,$N_{cal}$ by $m$; fixed $\pi_1=0.05$,13,heatmap_cell,standard_conformal_bh,finite_k3,m_fixed_pi,1.6989700043360187,3.2,1.548455006504028,1.8494850021680092,3.1,3.3,50.0,test batch size $m$,0.1,50,0.05,,25,100,0.867457142857142,0.867457142857142,0.6026,0.8068,0.0867457142857142,-0.8023631743095474,0.0,0.9833791666666668,2500,finite_k3_m_fixed_pi,empirical FDR / nominal alpha
tikz-v1,figure1_supp,fdr_ratio_atlas_r4_c1,$N_{cal}$ by $m$; fixed $\pi_1=0.05$,13,heatmap_cell,standard_conformal_bh,finite_k3,m_fixed_pi,1.6989700043360187,3.4,1.548455006504028,1.8494850021680092,3.3,3.5,50.0,test batch size $m$,0.1,50,0.05,,25,100,0.853,0.853,0.602,0.8104,0.0853,-1.0022524799205383,0.0,0.9837208333333334,2500,finite_k3_m_fixed_pi,empirical FDR / nominal alpha
tikz-v1,figure1_supp,fdr_ratio_atlas_r4_c1,$N_{cal}$ by $m$; fixed $\pi_1=0.05$,13,heatmap_cell,standard_conformal_bh,finite_k3,m_fixed_pi,1.6989700043360187,3.6,1.548455006504028,1.8494850021680092,3.5,3.7,50.0,test batch size $m$,0.1,50,0.05,,25,100,0.869,0.869,0.5962,0.8084,0.0869,-1.2021612470193532,0.0,0.9833041666666666,2500,finite_k3_m_fixed_pi,empirical FDR / nominal alpha
tikz-v1,figure1_supp,fdr_ratio_atlas_r4_c1,$N_{cal}$ by $m$; fixed $\pi_1=0.05$,13,heatmap_cell,standard_conformal_bh,finite_k3,m_fixed_pi,1.6989700043360187,3.8,1.548455006504028,1.8494850021680092,3.7,3.9,50.0,test batch size $m$,0.1,50,0.05,,25,100,0.944266666666666,0.944266666666666,0.6326,0.8356,0.0944266666666666,-1.402158171502738,0.0,0.9859291666666667,2500,finite_k3_m_fixed_pi,empirical FDR / nominal alpha
tikz-v1,figure1_supp,fdr_ratio_atlas_r4_c1,$N_{cal}$ by $m$; fixed $\pi_1=0.05$,13,heatmap_cell,standard_conformal_bh,finite_k3,m_fixed_pi,1.6989700043360187,4.0,1.548455006504028,1.8494850021680092,3.9,4.1,50.0,test batch size $m$,0.1,50,0.05,,25,100,0.946066666666666,0.946066666666666,0.6198,0.8264,0.0946066666666666,-1.602103418604825,0.0,0.9832708333333332,2500,finite_k3_m_fixed_pi,empirical FDR / nominal alpha
tikz-v1,figure1_supp,fdr_ratio_atlas_r4_c1,$N_{cal}$ by $m$; fixed $\pi_1=0.05$,13,heatmap_cell,standard_conformal_bh,finite_k3,m_fixed_pi,2.0,1.4,1.8494850021680092,2.15051499783199,1.3,1.5,100.0,test batch size $m$,0.1,100,0.05,,25,100,0.0,0.0,0.0,0.0,0.0,0.8860566476931633,1.0,0.9827267368421052,2500,finite_k3_m_fixed_pi,empirical FDR / nominal alpha
tikz-v1,figure1_supp,fdr_ratio_atlas_r4_c1,$N_{cal}$ by $m$; fixed $\pi_1=0.05$,13,heatmap_cell,standard_conformal_bh,finite_k3,m_fixed_pi,2.0,1.6,1.8494850021680092,2.15051499783199,1.5,1.7,100.0,test batch size $m$,0.1,100,0.05,,25,100,0.0,0.0,0.0,0.0,0.0,0.6882461389442457,1.0,0.983184,2500,finite_k3_m_fixed_pi,empirical FDR / nominal alpha
tikz-v1,figure1_supp,fdr_ratio_atlas_r4_c1,$N_{cal}$ by $m$; fixed $\pi_1=0.05$,13,heatmap_cell,standard_conformal_bh,finite_k3,m_fixed_pi,2.0,1.7999999999999998,1.8494850021680092,2.15051499783199,1.7,1.9,100.0,test batch size $m$,0.1,100,0.05,,25,100,0.011,0.011,0.0016,0.0016,0.0011,0.494850021680094,1.0,0.9827654736842104,2500,finite_k3_m_fixed_pi,empirical FDR / nominal alpha
tikz-v1,figure1_supp,fdr_ratio_atlas_r4_c1,$N_{cal}$ by $m$; fixed $\pi_1=0.05$,13,heatmap_cell,standard_conformal_bh,finite_k3,m_fixed_pi,2.0,2.0,1.8494850021680092,2.15051499783199,1.9,2.1,100.0,test batch size $m$,0.1,100,0.05,,25,100,0.136737262737262,0.136737262737262,0.02328,0.0244,0.0136737262737262,0.2967086218813386,1.0,0.9832084210526316,2500,finite_k3_m_fixed_pi,empirical FDR / nominal alpha
tikz-v1,figure1_supp,fdr_ratio_atlas_r4_c1,$N_{cal}$ by $m$; fixed $\pi_1=0.05$,13,heatmap_cell,standard_conformal_bh,finite_k3,m_fixed_pi,2.0,2.2,1.8494850021680092,2.15051499783199,2.1,2.3,100.0,test batch size $m$,0.1,100,0.05,,25,100,0.050055555555555,0.050055555555555,0.01152,0.0128,0.0050055555555555,0.0996328713435296,1.0,0.982955789473684,2500,finite_k3_m_fixed_pi,empirical FDR / nominal alpha
tikz-v1,figure1_supp,fdr_ratio_atlas_r4_c1,$N_{cal}$ by $m$; fixed $\pi_1=0.05$,13,heatmap_cell,standard_conformal_bh,finite_k3,m_fixed_pi,2.0,2.4,1.8494850021680092,2.15051499783199,2.3,2.5,100.0,test batch size $m$,0.1,100,0.05,,25,100,0.8789344518226869,0.8789344518226869,0.3789599999999999,0.4656,0.0878934451822687,-0.1003705451175629,0.0,0.982810947368421,2500,finite_k3_m_fixed_pi,empirical FDR / nominal alpha
tikz-v1,figure1_supp,fdr_ratio_atlas_r4_c1,$N_{cal}$ by $m$; fixed $\pi_1=0.05$,13,heatmap_cell,standard_conformal_bh,finite_k3,m_fixed_pi,2.0,2.6,1.8494850021680092,2.15051499783199,2.5,2.7,100.0,test batch size $m$,0.1,100,0.05,,25,100,0.609187878787878,0.609187878787878,0.3892799999999999,0.5412,0.0609187878787878,-0.2999429000227671,0.0,0.9830492631578948,2500,finite_k3_m_fixed_pi,empirical FDR / nominal alpha
tikz-v1,figure1_supp,fdr_ratio_atlas_r4_c1,$N_{cal}$ by $m$; fixed $\pi_1=0.05$,13,heatmap_cell,standard_conformal_bh,finite_k3,m_fixed_pi,2.0,2.8,1.8494850021680092,2.15051499783199,2.7,2.9,100.0,test batch size $m$,0.1,100,0.05,,25,100,0.8074952380952379,0.8074952380952379,0.55584,0.8268,0.0807495238095238,-0.4996870826184039,0.0,0.983344,2500,finite_k3_m_fixed_pi,empirical FDR / nominal alpha
tikz-v1,figure1_supp,fdr_ratio_atlas_r4_c1,$N_{cal}$ by $m$; fixed $\pi_1=0.05$,13,heatmap_cell,standard_conformal_bh,finite_k3,m_fixed_pi,2.0,3.0,1.8494850021680092,2.15051499783199,2.9,3.1,100.0,test batch size $m$,0.1,100,0.05,,25,100,1.100383694083694,1.100383694083694,0.63888,0.9568,0.1100383694083694,-0.6994040818153374,0.0,0.9834357894736844,2500,finite_k3_m_fixed_pi,empirical FDR / nominal alpha
tikz-v1,figure1_supp,fdr_ratio_atlas_r4_c1,$N_{cal}$ by $m$; fixed $\pi_1=0.05$,13,heatmap_cell,standard_conformal_bh,finite_k3,m_fixed_pi,2.0,3.2,1.8494850021680092,2.15051499783199,3.1,3.3,100.0,test batch size $m$,0.1,100,0.05,,25,100,0.7873984126984119,0.7873984126984119,0.5748800000000001,0.9404,0.0787398412698412,-0.8992731873176038,0.0,0.982517052631579,2500,finite_k3_m_fixed_pi,empirical FDR / nominal alpha
tikz-v1,figure1_supp,fdr_ratio_atlas_r4_c1,$N_{cal}$ by $m$; fixed $\pi_1=0.05$,13,heatmap_cell,standard_conformal_bh,finite_k3,m_fixed_pi,2.0,3.4,1.8494850021680092,2.15051499783199,3.3,3.5,100.0,test batch size $m$,0.1,100,0.05,,25,100,0.9882523809523799,0.9882523809523799,0.61216,0.9548,0.098825238095238,-1.0991624929285948,0.0,0.9828277894736842,2500,finite_k3_m_fixed_pi,empirical FDR / nominal alpha
tikz-v1,figure1_supp,fdr_ratio_atlas_r4_c1,$N_{cal}$ by $m$; fixed $\pi_1=0.05$,13,heatmap_cell,standard_conformal_bh,finite_k3,m_fixed_pi,2.0,3.6,1.8494850021680092,2.15051499783199,3.5,3.7,100.0,test batch size $m$,0.1,100,0.05,,25,100,0.923976479076479,0.923976479076479,0.61816,0.956,0.0923976479076479,-1.2990712600274097,0.0,0.9831730526315792,2500,finite_k3_m_fixed_pi,empirical FDR / nominal alpha
tikz-v1,figure1_supp,fdr_ratio_atlas_r4_c1,$N_{cal}$ by $m$; fixed $\pi_1=0.05$,13,heatmap_cell,standard_conformal_bh,finite_k3,m_fixed_pi,2.0,3.8,1.8494850021680092,2.15051499783199,3.7,3.9,100.0,test batch size $m$,0.1,100,0.05,,25,100,0.887195238095238,0.887195238095238,0.6152799999999999,0.9624,0.0887195238095238,-1.4990681845107945,0.0,0.9829414736842106,2500,finite_k3_m_fixed_pi,empirical FDR / nominal alpha
tikz-v1,figure1_supp,fdr_ratio_atlas_r4_c1,$N_{cal}$ by $m$; fixed $\pi_1=0.05$,13,heatmap_cell,standard_conformal_bh,finite_k3,m_fixed_pi,2.0,4.0,1.8494850021680092,2.15051499783199,3.9,4.1,100.0,test batch size $m$,0.1,100,0.05,,25,100,1.035445454545454,1.035445454545454,0.6473599999999999,0.9732,0.1035445454545454,-1.6990134316128815,0.0,0.9834088421052632,2500,finite_k3_m_fixed_pi,empirical FDR / nominal alpha
tikz-v1,figure1_supp,fdr_ratio_atlas_r4_c1,$N_{cal}$ by $m$; fixed $\pi_1=0.05$,13,heatmap_cell,standard_conformal_bh,finite_k3,m_fixed_pi,2.3010299956639813,1.4,2.15051499783199,2.5,1.3,1.5,200.0,test batch size $m$,0.1,200,0.05,,25,100,0.0,0.0,0.0,0.0,0.0,0.8860566476931633,1.0,0.9835566315789476,2500,finite_k3_m_fixed_pi,empirical FDR / nominal alpha
tikz-v1,figure1_supp,fdr_ratio_atlas_r4_c1,$N_{cal}$ by $m$; fixed $\pi_1=0.05$,13,heatmap_cell,standard_conformal_bh,finite_k3,m_fixed_pi,2.3010299956639813,1.6,2.15051499783199,2.5,1.5,1.7,200.0,test batch size $m$,0.1,200,0.05,,25,100,0.0,0.0,0.0,0.0,0.0,0.6882461389442457,1.0,0.982808,2500,finite_k3_m_fixed_pi,empirical FDR / nominal alpha
tikz-v1,figure1_supp,fdr_ratio_atlas_r4_c1,$N_{cal}$ by $m$; fixed $\pi_1=0.05$,13,heatmap_cell,standard_conformal_bh,finite_k3,m_fixed_pi,2.3010299956639813,1.7999999999999998,2.15051499783199,2.5,1.7,1.9,200.0,test batch size $m$,0.1,200,0.05,,25,100,0.0,0.0,0.0,0.0,0.0,0.494850021680094,1.0,0.9836206315789474,2500,finite_k3_m_fixed_pi,empirical FDR / nominal alpha
tikz-v1,figure1_supp,fdr_ratio_atlas_r4_c1,$N_{cal}$ by $m$; fixed $\pi_1=0.05$,13,heatmap_cell,standard_conformal_bh,finite_k3,m_fixed_pi,2.3010299956639813,2.0,2.15051499783199,2.5,1.9,2.1,200.0,test batch size $m$,0.1,200,0.05,,25,100,0.020953246753246,0.020953246753246,0.0038799999999999,0.004,0.0020953246753246,0.2967086218813386,1.0,0.9833237894736842,2500,finite_k3_m_fixed_pi,empirical FDR / nominal alpha
tikz-v1,figure1_supp,fdr_ratio_atlas_r4_c1,$N_{cal}$ by $m$; fixed $\pi_1=0.05$,13,heatmap_cell,standard_conformal_bh,finite_k3,m_fixed_pi,2.3010299956639813,2.2,2.15051499783199,2.5,2.1,2.3,200.0,test batch size $m$,0.1,200,0.05,,25,100,0.134511107519931,0.134511107519931,0.0372,0.0408,0.0134511107519931,0.0996328713435296,1.0,0.9829829473684212,2500,finite_k3_m_fixed_pi,empirical FDR / nominal alpha
tikz-v1,figure1_supp,fdr_ratio_atlas_r4_c1,$N_{cal}$ by $m$; fixed $\pi_1=0.05$,13,heatmap_cell,standard_conformal_bh,finite_k3,m_fixed_pi,2.3010299956639813,2.4,2.15051499783199,2.5,2.3,2.5,200.0,test batch size $m$,0.1,200,0.05,,25,100,0.524786087115498,0.524786087115498,0.2626,0.3404,0.0524786087115498,-0.1003705451175629,0.0,0.9828113684210528,2500,finite_k3_m_fixed_pi,empirical FDR / nominal alpha
tikz-v1,figure1_supp,fdr_ratio_atlas_r4_c1,$N_{cal}$ by $m$; fixed $\pi_1=0.05$,13,heatmap_cell,standard_conformal_bh,finite_k3,m_fixed_pi,2.3010299956639813,2.6,2.15051499783199,2.5,2.5,2.7,200.0,test batch size $m$,0.1,200,0.05,,25,100,0.637280264180264,0.637280264180264,0.3765199999999999,0.5404,0.0637280264180264,-0.2999429000227671,0.0,0.9826848421052632,2500,finite_k3_m_fixed_pi,empirical FDR / nominal alpha
tikz-v1,figure1_supp,fdr_ratio_atlas_r4_c1,$N_{cal}$ by $m$; fixed $\pi_1=0.05$,13,heatmap_cell,standard_conformal_bh,finite_k3,m_fixed_pi,2.3010299956639813,2.8,2.15051499783199,2.5,2.7,2.9,200.0,test batch size $m$,0.1,200,0.05,,25,100,0.7296252199125259,0.7296252199125259,0.4973599999999999,0.778,0.0729625219912526,-0.4996870826184039,0.0,0.9825273684210526,2500,finite_k3_m_fixed_pi,empirical FDR / nominal alpha
tikz-v1,figure1_supp,fdr_ratio_atlas_r4_c1,$N_{cal}$ by $m$; fixed $\pi_1=0.05$,13,heatmap_cell,standard_conformal_bh,finite_k3,m_fixed_pi,2.3010299956639813,3.0,2.15051499783199,2.5,2.9,3.1,200.0,test batch size $m$,0.1,200,0.05,,25,100,1.1176154456654448,1.1176154456654448,0.6352399999999999,0.9848,0.1117615445665445,-0.6994040818153374,0.0,0.9829025263157896,2500,finite_k3_m_fixed_pi,empirical FDR / nominal alpha
tikz-v1,figure1_supp,fdr_ratio_atlas_r4_c1,$N_{cal}$ by $m$; fixed $\pi_1=0.05$,13,heatmap_cell,standard_conformal_bh,finite_k3,m_fixed_pi,2.3010299956639813,3.2,2.15051499783199,2.5,3.1,3.3,200.0,test batch size $m$,0.1,200,0.05,,25,100,1.012614923964923,1.012614923964923,0.6154,0.9692,0.1012614923964923,-0.8992731873176038,0.0,0.9829387368421052,2500,finite_k3_m_fixed_pi,empirical FDR / nominal alpha
tikz-v1,figure1_supp,fdr_ratio_atlas_r4_c1,$N_{cal}$ by $m$; fixed $\pi_1=0.05$,13,heatmap_cell,standard_conformal_bh,finite_k3,m_fixed_pi,2.3010299956639813,3.4,2.15051499783199,2.5,3.3,3.5,200.0,test batch size $m$,0.1,200,0.05,,25,100,0.829712498612498,0.829712498612498,0.5838399999999999,0.984,0.0829712498612498,-1.0991624929285948,0.0,0.9828168421052632,2500,finite_k3_m_fixed_pi,empirical FDR / nominal alpha
tikz-v1,figure1_supp,fdr_ratio_atlas_r4_c1,$N_{cal}$ by $m$; fixed $\pi_1=0.05$,13,heatmap_cell,standard_conformal_bh,finite_k3,m_fixed_pi,2.3010299956639813,3.6,2.15051499783199,2.5,3.5,3.7,200.0,test batch size $m$,0.1,200,0.05,,25,100,0.8353261238761229,0.8353261238761229,0.59248,0.9856,0.0835326123876123,-1.2990712600274097,0.0,0.983042105263158,2500,finite_k3_m_fixed_pi,empirical FDR / nominal alpha
tikz-v1,figure1_supp,fdr_ratio_atlas_r4_c1,$N_{cal}$ by $m$; fixed $\pi_1=0.05$,13,heatmap_cell,standard_conformal_bh,finite_k3,m_fixed_pi,2.3010299956639813,3.8,2.15051499783199,2.5,3.7,3.9,200.0,test batch size $m$,0.1,200,0.05,,25,100,0.9117170499435199,0.9117170499435199,0.61116,0.9944,0.091171704994352,-1.4990681845107945,0.0,0.9827688421052632,2500,finite_k3_m_fixed_pi,empirical FDR / nominal alpha
tikz-v1,figure1_supp,fdr_ratio_atlas_r4_c1,$N_{cal}$ by $m$; fixed $\pi_1=0.05$,13,heatmap_cell,standard_conformal_bh,finite_k3,m_fixed_pi,2.3010299956639813,4.0,2.15051499783199,2.5,3.9,4.1,200.0,test batch size $m$,0.1,200,0.05,,25,100,0.976449417249417,0.976449417249417,0.62292,0.9964,0.0976449417249417,-1.6990134316128815,0.0,0.9825663157894738,2500,finite_k3_m_fixed_pi,empirical FDR / nominal alpha
tikz-v1,figure1_supp,fdr_ratio_atlas_r4_c1,$N_{cal}$ by $m$; fixed $\pi_1=0.05$,13,heatmap_cell,standard_conformal_bh,finite_k3,m_fixed_pi,2.6989700043360187,1.4,2.5,2.8494850021680094,1.3,1.5,500.0,test batch size $m$,0.1,500,0.05,,25,100,0.0,0.0,0.0,0.0,0.0,0.8860566476931633,1.0,0.9830206315789474,2500,finite_k3_m_fixed_pi,empirical FDR / nominal alpha
tikz-v1,figure1_supp,fdr_ratio_atlas_r4_c1,$N_{cal}$ by $m$; fixed $\pi_1=0.05$,13,heatmap_cell,standard_conformal_bh,finite_k3,m_fixed_pi,2.6989700043360187,1.6,2.5,2.8494850021680094,1.5,1.7,500.0,test batch size $m$,0.1,500,0.05,,25,100,0.0,0.0,0.0,0.0,0.0,0.6882461389442457,1.0,0.982893305263158,2500,finite_k3_m_fixed_pi,empirical FDR / nominal alpha
tikz-v1,figure1_supp,fdr_ratio_atlas_r4_c1,$N_{cal}$ by $m$; fixed $\pi_1=0.05$,13,heatmap_cell,standard_conformal_bh,finite_k3,m_fixed_pi,2.6989700043360187,1.7999999999999998,2.5,2.8494850021680094,1.7,1.9,500.0,test batch size $m$,0.1,500,0.05,,25,100,0.0,0.0,0.0,0.0,0.0,0.494850021680094,1.0,0.9832508968421054,2500,finite_k3_m_fixed_pi,empirical FDR / nominal alpha
tikz-v1,figure1_supp,fdr_ratio_atlas_r4_c1,$N_{cal}$ by $m$; fixed $\pi_1=0.05$,13,heatmap_cell,standard_conformal_bh,finite_k3,m_fixed_pi,2.6989700043360187,2.0,2.5,2.8494850021680094,1.9,2.1,500.0,test batch size $m$,0.1,500,0.05,,25,100,0.002,0.002,0.0004,0.0004,0.0002,0.2967086218813386,1.0,0.9828813136842104,2500,finite_k3_m_fixed_pi,empirical FDR / nominal alpha
tikz-v1,figure1_supp,fdr_ratio_atlas_r4_c1,$N_{cal}$ by $m$; fixed $\pi_1=0.05$,13,heatmap_cell,standard_conformal_bh,finite_k3,m_fixed_pi,2.6989700043360187,2.2,2.5,2.8494850021680094,2.1,2.3,500.0,test batch size $m$,0.1,500,0.05,,25,100,0.401375168609173,0.401375168609173,0.092656,0.106,0.0401375168609173,0.0996328713435296,1.0,0.9830794105263158,2500,finite_k3_m_fixed_pi,empirical FDR / nominal alpha
tikz-v1,figure1_supp,fdr_ratio_atlas_r4_c1,$N_{cal}$ by $m$; fixed $\pi_1=0.05$,13,heatmap_cell,standard_conformal_bh,finite_k3,m_fixed_pi,2.6989700043360187,2.4,2.5,2.8494850021680094,2.3,2.5,500.0,test batch size $m$,0.1,500,0.05,,25,100,0.41443142375070496,0.41443142375070496,0.1897599999999999,0.2548,0.0414431423750705,-0.1003705451175629,0.0,0.9831780378947368,2500,finite_k3_m_fixed_pi,empirical FDR / nominal alpha
tikz-v1,figure1_supp,fdr_ratio_atlas_r4_c1,$N_{cal}$ by $m$; fixed $\pi_1=0.05$,13,heatmap_cell,standard_conformal_bh,finite_k3,m_fixed_pi,2.6989700043360187,2.6,2.5,2.8494850021680094,2.5,2.7,500.0,test batch size $m$,0.1,500,0.05,,25,100,0.544421523597638,0.544421523597638,0.350512,0.5624,0.0544421523597638,-0.2999429000227671,0.0,0.983419654736842,2500,finite_k3_m_fixed_pi,empirical FDR / nominal alpha
tikz-v1,figure1_supp,fdr_ratio_atlas_r4_c1,$N_{cal}$ by $m$; fixed $\pi_1=0.05$,13,heatmap_cell,standard_conformal_bh,finite_k3,m_fixed_pi,2.6989700043360187,2.8,2.5,2.8494850021680094,2.7,2.9,500.0,test batch size $m$,0.1,500,0.05,,25,100,0.8317360768330249,0.8317360768330249,0.543632,0.9532,0.0831736076833025,-0.4996870826184039,0.0,0.9829699705263156,2500,finite_k3_m_fixed_pi,empirical FDR / nominal alpha
tikz-v1,figure1_supp,fdr_ratio_atlas_r4_c1,$N_{cal}$ by $m$; fixed $\pi_1=0.05$,13,heatmap_cell,standard_conformal_bh,finite_k3,m_fixed_pi,2.6989700043360187,3.0,2.5,2.8494850021680094,2.9,3.1,500.0,test batch size $m$,0.1,500,0.05,,25,100,0.8672814733632009,0.8672814733632009,0.565136,0.966,0.0867281473363201,-0.6994040818153374,0.0,0.9833418105263158,2500,finite_k3_m_fixed_pi,empirical FDR / nominal alpha
tikz-v1,figure1_supp,fdr_ratio_atlas_r4_c1,$N_{cal}$ by $m$; fixed $\pi_1=0.05$,13,heatmap_cell,standard_conformal_bh,finite_k3,m_fixed_pi,2.6989700043360187,3.2,2.5,2.8494850021680094,3.1,3.3,500.0,test batch size $m$,0.1,500,0.05,,25,100,0.744349881583836,0.744349881583836,0.558016,0.9848,0.0744349881583836,-0.8992731873176038,0.0,0.9831434105263156,2500,finite_k3_m_fixed_pi,empirical FDR / nominal alpha
tikz-v1,figure1_supp,fdr_ratio_atlas_r4_c1,$N_{cal}$ by $m$; fixed $\pi_1=0.05$,13,heatmap_cell,standard_conformal_bh,finite_k3,m_fixed_pi,2.6989700043360187,3.4,2.5,2.8494850021680094,3.3,3.5,500.0,test batch size $m$,0.1,500,0.05,,25,100,0.8015826972247329,0.8015826972247329,0.5804,1.0,0.0801582697224733,-1.0991624929285948,0.0,0.9829550821052632,2500,finite_k3_m_fixed_pi,empirical FDR / nominal alpha
tikz-v1,figure1_supp,fdr_ratio_atlas_r4_c1,$N_{cal}$ by $m$; fixed $\pi_1=0.05$,13,heatmap_cell,standard_conformal_bh,finite_k3,m_fixed_pi,2.6989700043360187,3.6,2.5,2.8494850021680094,3.5,3.7,500.0,test batch size $m$,0.1,500,0.05,,25,100,0.938464841641132,0.938464841641132,0.605904,0.9996,0.0938464841641132,-1.2990712600274097,0.0,0.9830731452631578,2500,finite_k3_m_fixed_pi,empirical FDR / nominal alpha
tikz-v1,figure1_supp,fdr_ratio_atlas_r4_c1,$N_{cal}$ by $m$; fixed $\pi_1=0.05$,13,heatmap_cell,standard_conformal_bh,finite_k3,m_fixed_pi,2.6989700043360187,3.8,2.5,2.8494850021680094,3.7,3.9,500.0,test batch size $m$,0.1,500,0.05,,25,100,0.899392068580584,0.899392068580584,0.6024639999999999,1.0,0.0899392068580584,-1.4990681845107945,0.0,0.9829928084210524,2500,finite_k3_m_fixed_pi,empirical FDR / nominal alpha
tikz-v1,figure1_supp,fdr_ratio_atlas_r4_c1,$N_{cal}$ by $m$; fixed $\pi_1=0.05$,13,heatmap_cell,standard_conformal_bh,finite_k3,m_fixed_pi,2.6989700043360187,4.0,2.5,2.8494850021680094,3.9,4.1,500.0,test batch size $m$,0.1,500,0.05,,25,100,0.924937694930756,0.924937694930756,0.6128319999999999,1.0,0.0924937694930756,-1.6990134316128815,0.0,0.9829286063157896,2500,finite_k3_m_fixed_pi,empirical FDR / nominal alpha
tikz-v1,figure1_supp,fdr_ratio_atlas_r4_c1,$N_{cal}$ by $m$; fixed $\pi_1=0.05$,13,heatmap_cell,standard_conformal_bh,finite_k3,m_fixed_pi,3.0,1.4,2.8494850021680094,3.15051499783199,1.3,1.5,1000.0,test batch size $m$,0.1,1000,0.05,,25,100,0.0,0.0,0.0,0.0,0.0,0.8860566476931633,1.0,0.9828179957894736,2500,finite_k3_m_fixed_pi,empirical FDR / nominal alpha
tikz-v1,figure1_supp,fdr_ratio_atlas_r4_c1,$N_{cal}$ by $m$; fixed $\pi_1=0.05$,13,heatmap_cell,standard_conformal_bh,finite_k3,m_fixed_pi,3.0,1.6,2.8494850021680094,3.15051499783199,1.5,1.7,1000.0,test batch size $m$,0.1,1000,0.05,,25,100,0.0,0.0,0.0,0.0,0.0,0.6882461389442457,1.0,0.9832174063157896,2500,finite_k3_m_fixed_pi,empirical FDR / nominal alpha
tikz-v1,figure1_supp,fdr_ratio_atlas_r4_c1,$N_{cal}$ by $m$; fixed $\pi_1=0.05$,13,heatmap_cell,standard_conformal_bh,finite_k3,m_fixed_pi,3.0,1.7999999999999998,2.8494850021680094,3.15051499783199,1.7,1.9,1000.0,test batch size $m$,0.1,1000,0.05,,25,100,0.0,0.0,0.0,0.0,0.0,0.494850021680094,1.0,0.982941170526316,2500,finite_k3_m_fixed_pi,empirical FDR / nominal alpha
tikz-v1,figure1_supp,fdr_ratio_atlas_r4_c1,$N_{cal}$ by $m$; fixed $\pi_1=0.05$,13,heatmap_cell,standard_conformal_bh,finite_k3,m_fixed_pi,3.0,2.0,2.8494850021680094,3.15051499783199,1.9,2.1,1000.0,test batch size $m$,0.1,1000,0.05,,25,100,0.0,0.0,0.0,0.0,0.0,0.2967086218813386,1.0,0.9830991663157894,2500,finite_k3_m_fixed_pi,empirical FDR / nominal alpha
tikz-v1,figure1_supp,fdr_ratio_atlas_r4_c1,$N_{cal}$ by $m$; fixed $\pi_1=0.05$,13,heatmap_cell,standard_conformal_bh,finite_k3,m_fixed_pi,3.0,2.2,2.8494850021680094,3.15051499783199,2.1,2.3,1000.0,test batch size $m$,0.1,1000,0.05,,25,100,0.216501740521466,0.216501740521466,0.047992,0.0548,0.0216501740521466,0.0996328713435296,1.0,0.9832145178947368,2500,finite_k3_m_fixed_pi,empirical FDR / nominal alpha
tikz-v1,figure1_supp,fdr_ratio_atlas_r4_c1,$N_{cal}$ by $m$; fixed $\pi_1=0.05$,13,heatmap_cell,standard_conformal_bh,finite_k3,m_fixed_pi,3.0,2.4,2.8494850021680094,3.15051499783199,2.3,2.5,1000.0,test batch size $m$,0.1,1000,0.05,,25,100,0.8376732219233191,0.8376732219233191,0.327288,0.4356,0.0837673221923319,-0.1003705451175629,0.0,0.9832197221052632,2500,finite_k3_m_fixed_pi,empirical FDR / nominal alpha
tikz-v1,figure1_supp,fdr_ratio_atlas_r4_c1,$N_{cal}$ by $m$; fixed $\pi_1=0.05$,13,heatmap_cell,standard_conformal_bh,finite_k3,m_fixed_pi,3.0,2.6,2.8494850021680094,3.15051499783199,2.5,2.7,1000.0,test batch size $m$,0.1,1000,0.05,,25,100,0.6155424184610659,0.6155424184610659,0.3595360000000001,0.5672,0.0615542418461066,-0.2999429000227671,0.0,0.9829632673684208,2500,finite_k3_m_fixed_pi,empirical FDR / nominal alpha
tikz-v1,figure1_supp,fdr_ratio_atlas_r4_c1,$N_{cal}$ by $m$; fixed $\pi_1=0.05$,13,heatmap_cell,standard_conformal_bh,finite_k3,m_fixed_pi,3.0,2.8,2.8494850021680094,3.15051499783199,2.7,2.9,1000.0,test batch size $m$,0.1,1000,0.05,,25,100,0.9187451517689019,0.9187451517689019,0.546104,0.9156,0.0918745151768902,-0.4996870826184039,0.0,0.9830317389473684,2500,finite_k3_m_fixed_pi,empirical FDR / nominal alpha
tikz-v1,figure1_supp,fdr_ratio_atlas_r4_c1,$N_{cal}$ by $m$; fixed $\pi_1=0.05$,13,heatmap_cell,standard_conformal_bh,finite_k3,m_fixed_pi,3.0,3.0,2.8494850021680094,3.15051499783199,2.9,3.1,1000.0,test batch size $m$,0.1,1000,0.05,,25,100,0.880502157165333,0.880502157165333,0.5845359999999998,0.986,0.0880502157165333,-0.6994040818153374,0.0,0.9831433936842106,2500,finite_k3_m_fixed_pi,empirical FDR / nominal alpha
tikz-v1,figure1_supp,fdr_ratio_atlas_r4_c1,$N_{cal}$ by $m$; fixed $\pi_1=0.05$,13,heatmap_cell,standard_conformal_bh,finite_k3,m_fixed_pi,3.0,3.2,2.8494850021680094,3.15051499783199,3.1,3.3,1000.0,test batch size $m$,0.1,1000,0.05,,25,100,0.9358727348096609,0.9358727348096609,0.59956,1.0,0.0935872734809661,-0.8992731873176038,0.0,0.9829267873684212,2500,finite_k3_m_fixed_pi,empirical FDR / nominal alpha
tikz-v1,figure1_supp,fdr_ratio_atlas_r4_c1,$N_{cal}$ by $m$; fixed $\pi_1=0.05$,13,heatmap_cell,standard_conformal_bh,finite_k3,m_fixed_pi,3.0,3.4,2.8494850021680094,3.15051499783199,3.3,3.5,1000.0,test batch size $m$,0.1,1000,0.05,,25,100,0.905771698249247,0.905771698249247,0.597328,1.0,0.0905771698249247,-1.0991624929285948,0.0,0.9828423494736842,2500,finite_k3_m_fixed_pi,empirical FDR / nominal alpha
tikz-v1,figure1_supp,fdr_ratio_atlas_r4_c1,$N_{cal}$ by $m$; fixed $\pi_1=0.05$,13,heatmap_cell,standard_conformal_bh,finite_k3,m_fixed_pi,3.0,3.6,2.8494850021680094,3.15051499783199,3.5,3.7,1000.0,test batch size $m$,0.1,1000,0.05,,25,100,1.019985944228226,1.019985944228226,0.622552,1.0,0.1019985944228226,-1.2990712600274097,0.0,0.9829071242105264,2500,finite_k3_m_fixed_pi,empirical FDR / nominal alpha
tikz-v1,figure1_supp,fdr_ratio_atlas_r4_c1,$N_{cal}$ by $m$; fixed $\pi_1=0.05$,13,heatmap_cell,standard_conformal_bh,finite_k3,m_fixed_pi,3.0,3.8,2.8494850021680094,3.15051499783199,3.7,3.9,1000.0,test batch size $m$,0.1,1000,0.05,,25,100,0.9822994134981259,0.9822994134981259,0.61364,1.0,0.0982299413498126,-1.4990681845107945,0.0,0.9829803031578948,2500,finite_k3_m_fixed_pi,empirical FDR / nominal alpha
tikz-v1,figure1_supp,fdr_ratio_atlas_r4_c1,$N_{cal}$ by $m$; fixed $\pi_1=0.05$,13,heatmap_cell,standard_conformal_bh,finite_k3,m_fixed_pi,3.0,4.0,2.8494850021680094,3.15051499783199,3.9,4.1,1000.0,test batch size $m$,0.1,1000,0.05,,25,100,0.9905563439437729,0.9905563439437729,0.623848,1.0,0.0990556343943773,-1.6990134316128815,0.0,0.982846652631579,2500,finite_k3_m_fixed_pi,empirical FDR / nominal alpha
tikz-v1,figure1_supp,fdr_ratio_atlas_r4_c1,$N_{cal}$ by $m$; fixed $\pi_1=0.05$,13,heatmap_cell,standard_conformal_bh,finite_k3,m_fixed_pi,3.3010299956639813,1.4,3.15051499783199,3.451544993495972,1.3,1.5,2000.0,test batch size $m$,0.1,2000,0.05,,25,100,0.0,0.0,0.0,0.0,0.0,0.8860566476931633,1.0,0.98305768,2500,finite_k3_m_fixed_pi,empirical FDR / nominal alpha
tikz-v1,figure1_supp,fdr_ratio_atlas_r4_c1,$N_{cal}$ by $m$; fixed $\pi_1=0.05$,13,heatmap_cell,standard_conformal_bh,finite_k3,m_fixed_pi,3.3010299956639813,1.6,3.15051499783199,3.451544993495972,1.5,1.7,2000.0,test batch size $m$,0.1,2000,0.05,,25,100,0.0,0.0,0.0,0.0,0.0,0.6882461389442457,1.0,0.9831607768421056,2500,finite_k3_m_fixed_pi,empirical FDR / nominal alpha
tikz-v1,figure1_supp,fdr_ratio_atlas_r4_c1,$N_{cal}$ by $m$; fixed $\pi_1=0.05$,13,heatmap_cell,standard_conformal_bh,finite_k3,m_fixed_pi,3.3010299956639813,1.7999999999999998,3.15051499783199,3.451544993495972,1.7,1.9,2000.0,test batch size $m$,0.1,2000,0.05,,25,100,0.0,0.0,0.0,0.0,0.0,0.494850021680094,1.0,0.9829504484210528,2500,finite_k3_m_fixed_pi,empirical FDR / nominal alpha
tikz-v1,figure1_supp,fdr_ratio_atlas_r4_c1,$N_{cal}$ by $m$; fixed $\pi_1=0.05$,13,heatmap_cell,standard_conformal_bh,finite_k3,m_fixed_pi,3.3010299956639813,2.0,3.15051499783199,3.451544993495972,1.9,2.1,2000.0,test batch size $m$,0.1,2000,0.05,,25,100,0.0,0.0,0.0,0.0,0.0,0.2967086218813386,1.0,0.9832463221052632,2500,finite_k3_m_fixed_pi,empirical FDR / nominal alpha
tikz-v1,figure1_supp,fdr_ratio_atlas_r4_c1,$N_{cal}$ by $m$; fixed $\pi_1=0.05$,13,heatmap_cell,standard_conformal_bh,finite_k3,m_fixed_pi,3.3010299956639813,2.2,3.15051499783199,3.451544993495972,2.1,2.3,2000.0,test batch size $m$,0.1,2000,0.05,,25,100,0.04948914699403299,0.04948914699403299,0.012364,0.0144,0.0049489146994033,0.0996328713435296,1.0,0.9831526421052632,2500,finite_k3_m_fixed_pi,empirical FDR / nominal alpha
tikz-v1,figure1_supp,fdr_ratio_atlas_r4_c1,$N_{cal}$ by $m$; fixed $\pi_1=0.05$,13,heatmap_cell,standard_conformal_bh,finite_k3,m_fixed_pi,3.3010299956639813,2.4,3.15051499783199,3.451544993495972,2.3,2.5,2000.0,test batch size $m$,0.1,2000,0.05,,25,100,0.714690276332017,0.714690276332017,0.275016,0.3688,0.0714690276332017,-0.1003705451175629,0.0,0.9830194,2500,finite_k3_m_fixed_pi,empirical FDR / nominal alpha
tikz-v1,figure1_supp,fdr_ratio_atlas_r4_c1,$N_{cal}$ by $m$; fixed $\pi_1=0.05$,13,heatmap_cell,standard_conformal_bh,finite_k3,m_fixed_pi,3.3010299956639813,2.6,3.15051499783199,3.451544993495972,2.5,2.7,2000.0,test batch size $m$,0.1,2000,0.05,,25,100,0.5255185757825139,0.5255185757825139,0.348396,0.5788,0.0525518575782514,-0.2999429000227671,0.0,0.983073345263158,2500,finite_k3_m_fixed_pi,empirical FDR / nominal alpha
tikz-v1,figure1_supp,fdr_ratio_atlas_r4_c1,$N_{cal}$ by $m$; fixed $\pi_1=0.05$,13,heatmap_cell,standard_conformal_bh,finite_k3,m_fixed_pi,3.3010299956639813,2.8,3.15051499783199,3.451544993495972,2.7,2.9,2000.0,test batch size $m$,0.1,2000,0.05,,25,100,0.901521970971736,0.901521970971736,0.555108,0.9768,0.0901521970971736,-0.4996870826184039,0.0,0.9829933684210526,2500,finite_k3_m_fixed_pi,empirical FDR / nominal alpha
tikz-v1,figure1_supp,fdr_ratio_atlas_r4_c1,$N_{cal}$ by $m$; fixed $\pi_1=0.05$,13,heatmap_cell,standard_conformal_bh,finite_k3,m_fixed_pi,3.3010299956639813,3.0,3.15051499783199,3.451544993495972,2.9,3.1,2000.0,test batch size $m$,0.1,2000,0.05,,25,100,0.759046998257476,0.759046998257476,0.541856,0.982,0.0759046998257476,-0.6994040818153374,0.0,0.9829646568421052,2500,finite_k3_m_fixed_pi,empirical FDR / nominal alpha
tikz-v1,figure1_supp,fdr_ratio_atlas_r4_c1,$N_{cal}$ by $m$; fixed $\pi_1=0.05$,13,heatmap_cell,standard_conformal_bh,finite_k3,m_fixed_pi,3.3010299956639813,3.2,3.15051499783199,3.451544993495972,3.1,3.3,2000.0,test batch size $m$,0.1,2000,0.05,,25,100,0.935754220587916,0.935754220587916,0.586716,0.9952,0.0935754220587916,-0.8992731873176038,0.0,0.9832361810526316,2500,finite_k3_m_fixed_pi,empirical FDR / nominal alpha
tikz-v1,figure1_supp,fdr_ratio_atlas_r4_c1,$N_{cal}$ by $m$; fixed $\pi_1=0.05$,13,heatmap_cell,standard_conformal_bh,finite_k3,m_fixed_pi,3.3010299956639813,3.4,3.15051499783199,3.451544993495972,3.3,3.5,2000.0,test batch size $m$,0.1,2000,0.05,,25,100,0.890600124298993,0.890600124298993,0.602788,1.0,0.0890600124298993,-1.0991624929285948,0.0,0.983188829473684,2500,finite_k3_m_fixed_pi,empirical FDR / nominal alpha
tikz-v1,figure1_supp,fdr_ratio_atlas_r4_c1,$N_{cal}$ by $m$; fixed $\pi_1=0.05$,13,heatmap_cell,standard_conformal_bh,finite_k3,m_fixed_pi,3.3010299956639813,3.6,3.15051499783199,3.451544993495972,3.5,3.7,2000.0,test batch size $m$,0.1,2000,0.05,,25,100,0.8790728487256059,0.8790728487256059,0.59548,1.0,0.0879072848725606,-1.2990712600274097,0.0,0.9830786063157896,2500,finite_k3_m_fixed_pi,empirical FDR / nominal alpha
tikz-v1,figure1_supp,fdr_ratio_atlas_r4_c1,$N_{cal}$ by $m$; fixed $\pi_1=0.05$,13,heatmap_cell,standard_conformal_bh,finite_k3,m_fixed_pi,3.3010299956639813,3.8,3.15051499783199,3.451544993495972,3.7,3.9,2000.0,test batch size $m$,0.1,2000,0.05,,25,100,0.9710734235422069,0.9710734235422069,0.617484,1.0,0.0971073423542207,-1.4990681845107945,0.0,0.9829952778947368,2500,finite_k3_m_fixed_pi,empirical FDR / nominal alpha
tikz-v1,figure1_supp,fdr_ratio_atlas_r4_c1,$N_{cal}$ by $m$; fixed $\pi_1=0.05$,13,heatmap_cell,standard_conformal_bh,finite_k3,m_fixed_pi,3.3010299956639813,4.0,3.15051499783199,3.451544993495972,3.9,4.1,2000.0,test batch size $m$,0.1,2000,0.05,,25,100,0.908978288369824,0.908978288369824,0.605028,1.0,0.0908978288369824,-1.6990134316128815,0.0,0.9830544442105263,2500,finite_k3_m_fixed_pi,empirical FDR / nominal alpha
tikz-v1,figure1_supp,fdr_ratio_atlas_r4_c3,$N_{cal}$ by anomaly rate,15,heatmap_cell,standard_conformal_bh,finite_k3,pi1_sweep,-2.3010299956639813,1.4,-2.451544993495972,-2.15051499783199,1.3,1.5,0.005,anomaly rate $\pi_1$,0.1,1000,0.005,,25,100,0.0,0.0,0.0,0.0,0.0,1.8860566476931635,1.0,0.9829830753768846,2500,finite_k3_pi1_sweep,empirical FDR / nominal alpha
tikz-v1,figure1_supp,fdr_ratio_atlas_r4_c3,$N_{cal}$ by anomaly rate,15,heatmap_cell,standard_conformal_bh,finite_k3,pi1_sweep,-2.3010299956639813,1.6,-2.451544993495972,-2.15051499783199,1.5,1.7,0.005,anomaly rate $\pi_1$,0.1,1000,0.005,,25,100,0.0,0.0,0.0,0.0,0.0,1.6882461389442458,1.0,0.9832454271356784,2500,finite_k3_pi1_sweep,empirical FDR / nominal alpha
tikz-v1,figure1_supp,fdr_ratio_atlas_r4_c3,$N_{cal}$ by anomaly rate,15,heatmap_cell,standard_conformal_bh,finite_k3,pi1_sweep,-2.3010299956639813,1.7999999999999998,-2.451544993495972,-2.15051499783199,1.7,1.9,0.005,anomaly rate $\pi_1$,0.1,1000,0.005,,25,100,0.0,0.0,0.0,0.0,0.0,1.494850021680094,1.0,0.982547135678392,2500,finite_k3_pi1_sweep,empirical FDR / nominal alpha
tikz-v1,figure1_supp,fdr_ratio_atlas_r4_c3,$N_{cal}$ by anomaly rate,15,heatmap_cell,standard_conformal_bh,finite_k3,pi1_sweep,-2.3010299956639813,2.0,-2.451544993495972,-2.15051499783199,1.9,2.1,0.005,anomaly rate $\pi_1$,0.1,1000,0.005,,25,100,0.0,0.0,0.0,0.0,0.0,1.2967086218813386,1.0,0.9839314974874372,2500,finite_k3_pi1_sweep,empirical FDR / nominal alpha
tikz-v1,figure1_supp,fdr_ratio_atlas_r4_c3,$N_{cal}$ by anomaly rate,15,heatmap_cell,standard_conformal_bh,finite_k3,pi1_sweep,-2.3010299956639813,2.2,-2.451544993495972,-2.15051499783199,2.1,2.3,0.005,anomaly rate $\pi_1$,0.1,1000,0.005,,25,100,0.0,0.0,0.0,0.0,0.0,1.0996328713435295,1.0,0.9839528844221106,2500,finite_k3_pi1_sweep,empirical FDR / nominal alpha
tikz-v1,figure1_supp,fdr_ratio_atlas_r4_c3,$N_{cal}$ by anomaly rate,15,heatmap_cell,standard_conformal_bh,finite_k3,pi1_sweep,-2.3010299956639813,2.4,-2.451544993495972,-2.15051499783199,2.3,2.5,0.005,anomaly rate $\pi_1$,0.1,1000,0.005,,25,100,0.0,0.0,0.0,0.0,0.0,0.8996294548824371,1.0,0.9833637788944724,2500,finite_k3_pi1_sweep,empirical FDR / nominal alpha
tikz-v1,figure1_supp,fdr_ratio_atlas_r4_c3,$N_{cal}$ by anomaly rate,15,heatmap_cell,standard_conformal_bh,finite_k3,pi1_sweep,-2.3010299956639813,2.6,-2.451544993495972,-2.15051499783199,2.5,2.7,0.005,anomaly rate $\pi_1$,0.1,1000,0.005,,25,100,0.0,0.0,0.0,0.0,0.0,0.700057099977233,1.0,0.9826990954773868,2500,finite_k3_pi1_sweep,empirical FDR / nominal alpha
tikz-v1,figure1_supp,fdr_ratio_atlas_r4_c3,$N_{cal}$ by anomaly rate,15,heatmap_cell,standard_conformal_bh,finite_k3,pi1_sweep,-2.3010299956639813,2.8,-2.451544993495972,-2.15051499783199,2.7,2.9,0.005,anomaly rate $\pi_1$,0.1,1000,0.005,,25,100,0.00895,0.00895,0.00104,0.0012,0.000895,0.5003129173815962,1.0,0.9822838190954776,2500,finite_k3_pi1_sweep,empirical FDR / nominal alpha
tikz-v1,figure1_supp,fdr_ratio_atlas_r4_c3,$N_{cal}$ by anomaly rate,15,heatmap_cell,standard_conformal_bh,finite_k3,pi1_sweep,-2.3010299956639813,3.0,-2.451544993495972,-2.15051499783199,2.9,3.1,0.005,anomaly rate $\pi_1$,0.1,1000,0.005,,25,100,0.043618181818180994,0.043618181818180994,0.00592,0.0072,0.0043618181818181,0.3005959181846626,1.0,0.9821611256281408,2500,finite_k3_pi1_sweep,empirical FDR / nominal alpha
tikz-v1,figure1_supp,fdr_ratio_atlas_r4_c3,$N_{cal}$ by anomaly rate,15,heatmap_cell,standard_conformal_bh,finite_k3,pi1_sweep,-2.3010299956639813,3.2,-2.451544993495972,-2.15051499783199,3.1,3.3,0.005,anomaly rate $\pi_1$,0.1,1000,0.005,,25,100,0.08125238095238,0.08125238095238,0.0116,0.016,0.008125238095238,0.1007268126823962,1.0,0.9828151155778896,2500,finite_k3_pi1_sweep,empirical FDR / nominal alpha
tikz-v1,figure1_supp,fdr_ratio_atlas_r4_c3,$N_{cal}$ by anomaly rate,15,heatmap_cell,standard_conformal_bh,finite_k3,pi1_sweep,-2.3010299956639813,3.4,-2.451544993495972,-2.15051499783199,3.3,3.5,0.005,anomaly rate $\pi_1$,0.1,1000,0.005,,25,100,0.31073571428571395,0.31073571428571395,0.07144,0.11,0.0310735714285714,-0.0991624929285947,0.0,0.9835466130653268,2500,finite_k3_pi1_sweep,empirical FDR / nominal alpha
tikz-v1,figure1_supp,fdr_ratio_atlas_r4_c3,$N_{cal}$ by anomaly rate,15,heatmap_cell,standard_conformal_bh,finite_k3,pi1_sweep,-2.3010299956639813,3.6,-2.451544993495972,-2.15051499783199,3.5,3.7,0.005,anomaly rate $\pi_1$,0.1,1000,0.005,,25,100,0.38542467532467495,0.38542467532467495,0.1276,0.2208,0.0385424675324675,-0.2990712600274095,0.0,0.98342416080402,2500,finite_k3_pi1_sweep,empirical FDR / nominal alpha
tikz-v1,figure1_supp,fdr_ratio_atlas_r4_c3,$N_{cal}$ by anomaly rate,15,heatmap_cell,standard_conformal_bh,finite_k3,pi1_sweep,-2.3010299956639813,3.8,-2.451544993495972,-2.15051499783199,3.7,3.9,0.005,anomaly rate $\pi_1$,0.1,1000,0.005,,25,100,0.5476390720390719,0.5476390720390719,0.1868,0.384,0.0547639072039072,-0.4990681845107945,0.0,0.9837942512562816,2500,finite_k3_pi1_sweep,empirical FDR / nominal alpha
tikz-v1,figure1_supp,fdr_ratio_atlas_r4_c3,$N_{cal}$ by anomaly rate,15,heatmap_cell,standard_conformal_bh,finite_k3,pi1_sweep,-2.3010299956639813,4.0,-2.451544993495972,-2.15051499783199,3.9,4.1,0.005,anomaly rate $\pi_1$,0.1,1000,0.005,,25,100,1.089715873015873,1.089715873015873,0.30864,0.7524,0.1089715873015873,-0.6990134316128814,0.0,0.9831783718592964,2500,finite_k3_pi1_sweep,empirical FDR / nominal alpha
tikz-v1,figure1_supp,fdr_ratio_atlas_r4_c3,$N_{cal}$ by anomaly rate,15,heatmap_cell,standard_conformal_bh,finite_k3,pi1_sweep,-2.0,1.4,-2.15051499783199,-1.8494850021680092,1.3,1.5,0.01,anomaly rate $\pi_1$,0.1,1000,0.01,,25,100,0.0,0.0,0.0,0.0,0.0,1.585026652029182,1.0,0.9832015353535352,2500,finite_k3_pi1_sweep,empirical FDR / nominal alpha
tikz-v1,figure1_supp,fdr_ratio_atlas_r4_c3,$N_{cal}$ by anomaly rate,15,heatmap_cell,standard_conformal_bh,finite_k3,pi1_sweep,-2.0,1.6,-2.15051499783199,-1.8494850021680092,1.5,1.7,0.01,anomaly rate $\pi_1$,0.1,1000,0.01,,25,100,0.0,0.0,0.0,0.0,0.0,1.3872161432802643,1.0,0.983223595959596,2500,finite_k3_pi1_sweep,empirical FDR / nominal alpha
tikz-v1,figure1_supp,fdr_ratio_atlas_r4_c3,$N_{cal}$ by anomaly rate,15,heatmap_cell,standard_conformal_bh,finite_k3,pi1_sweep,-2.0,1.7999999999999998,-2.15051499783199,-1.8494850021680092,1.7,1.9,0.01,anomaly rate $\pi_1$,0.1,1000,0.01,,25,100,0.0,0.0,0.0,0.0,0.0,1.193820026016113,1.0,0.9829772929292928,2500,finite_k3_pi1_sweep,empirical FDR / nominal alpha
tikz-v1,figure1_supp,fdr_ratio_atlas_r4_c3,$N_{cal}$ by anomaly rate,15,heatmap_cell,standard_conformal_bh,finite_k3,pi1_sweep,-2.0,2.0,-2.15051499783199,-1.8494850021680092,1.9,2.1,0.01,anomaly rate $\pi_1$,0.1,1000,0.01,,25,100,0.0,0.0,0.0,0.0,0.0,0.9956786262173576,1.0,0.9833985050505047,2500,finite_k3_pi1_sweep,empirical FDR / nominal alpha
tikz-v1,figure1_supp,fdr_ratio_atlas_r4_c3,$N_{cal}$ by anomaly rate,15,heatmap_cell,standard_conformal_bh,finite_k3,pi1_sweep,-2.0,2.2,-2.15051499783199,-1.8494850021680092,2.1,2.3,0.01,anomaly rate $\pi_1$,0.1,1000,0.01,,25,100,0.0,0.0,0.0,0.0,0.0,0.7986028756795486,1.0,0.9827177373737374,2500,finite_k3_pi1_sweep,empirical FDR / nominal alpha
tikz-v1,figure1_supp,fdr_ratio_atlas_r4_c3,$N_{cal}$ by anomaly rate,15,heatmap_cell,standard_conformal_bh,finite_k3,pi1_sweep,-2.0,2.4,-2.15051499783199,-1.8494850021680092,2.3,2.5,0.01,anomaly rate $\pi_1$,0.1,1000,0.01,,25,100,0.0,0.0,0.0,0.0,0.0,0.5985994592184559,1.0,0.98321301010101,2500,finite_k3_pi1_sweep,empirical FDR / nominal alpha
tikz-v1,figure1_supp,fdr_ratio_atlas_r4_c3,$N_{cal}$ by anomaly rate,15,heatmap_cell,standard_conformal_bh,finite_k3,pi1_sweep,-2.0,2.6,-2.15051499783199,-1.8494850021680092,2.5,2.7,0.01,anomaly rate $\pi_1$,0.1,1000,0.01,,25,100,0.0,0.0,0.0,0.0,0.0,0.3990271043132517,1.0,0.9837508686868685,2500,finite_k3_pi1_sweep,empirical FDR / nominal alpha
tikz-v1,figure1_supp,fdr_ratio_atlas_r4_c3,$N_{cal}$ by anomaly rate,15,heatmap_cell,standard_conformal_bh,finite_k3,pi1_sweep,-2.0,2.8,-2.15051499783199,-1.8494850021680092,2.7,2.9,0.01,anomaly rate $\pi_1$,0.1,1000,0.01,,25,100,0.400841847300715,0.400841847300715,0.0515199999999999,0.0668,0.0400841847300715,0.199282921717615,1.0,0.9830261818181818,2500,finite_k3_pi1_sweep,empirical FDR / nominal alpha
tikz-v1,figure1_supp,fdr_ratio_atlas_r4_c3,$N_{cal}$ by anomaly rate,15,heatmap_cell,standard_conformal_bh,finite_k3,pi1_sweep,-2.0,3.0,-2.15051499783199,-1.8494850021680092,2.9,3.1,0.01,anomaly rate $\pi_1$,0.1,1000,0.01,,25,100,0.168874325674325,0.168874325674325,0.03772,0.052,0.0168874325674325,-0.0004340774793186,0.0,0.9831610505050504,2500,finite_k3_pi1_sweep,empirical FDR / nominal alpha
tikz-v1,figure1_supp,fdr_ratio_atlas_r4_c3,$N_{cal}$ by anomaly rate,15,heatmap_cell,standard_conformal_bh,finite_k3,pi1_sweep,-2.0,3.2,-2.15051499783199,-1.8494850021680092,3.1,3.3,0.01,anomaly rate $\pi_1$,0.1,1000,0.01,,25,100,0.574820157413965,0.574820157413965,0.139,0.2228,0.0574820157413965,-0.2003031829815849,0.0,0.9830757171717172,2500,finite_k3_pi1_sweep,empirical FDR / nominal alpha
tikz-v1,figure1_supp,fdr_ratio_atlas_r4_c3,$N_{cal}$ by anomaly rate,15,heatmap_cell,standard_conformal_bh,finite_k3,pi1_sweep,-2.0,3.4,-2.15051499783199,-1.8494850021680092,3.3,3.5,0.01,anomaly rate $\pi_1$,0.1,1000,0.01,,25,100,0.627298729048729,0.627298729048729,0.2177199999999999,0.4392,0.0627298729048729,-0.400192488592576,0.0,0.9830906666666666,2500,finite_k3_pi1_sweep,empirical FDR / nominal alpha
tikz-v1,figure1_supp,fdr_ratio_atlas_r4_c3,$N_{cal}$ by anomaly rate,15,heatmap_cell,standard_conformal_bh,finite_k3,pi1_sweep,-2.0,3.6,-2.15051499783199,-1.8494850021680092,3.5,3.7,0.01,anomaly rate $\pi_1$,0.1,1000,0.01,,25,100,0.657238528138528,0.657238528138528,0.25772,0.5808,0.0657238528138528,-0.6001012556913907,0.0,0.9834549090909092,2500,finite_k3_pi1_sweep,empirical FDR / nominal alpha
tikz-v1,figure1_supp,fdr_ratio_atlas_r4_c3,$N_{cal}$ by anomaly rate,15,heatmap_cell,standard_conformal_bh,finite_k3,pi1_sweep,-2.0,3.8,-2.15051499783199,-1.8494850021680092,3.7,3.9,0.01,anomaly rate $\pi_1$,0.1,1000,0.01,,25,100,0.8381915972915969,0.8381915972915969,0.3209599999999999,0.7576,0.0838191597291597,-0.8000981801747756,0.0,0.9827869494949496,2500,finite_k3_pi1_sweep,empirical FDR / nominal alpha
tikz-v1,figure1_supp,fdr_ratio_atlas_r4_c3,$N_{cal}$ by anomaly rate,15,heatmap_cell,standard_conformal_bh,finite_k3,pi1_sweep,-2.0,4.0,-2.15051499783199,-1.8494850021680092,3.9,4.1,0.01,anomaly rate $\pi_1$,0.1,1000,0.01,,25,100,1.0432941946941938,1.0432941946941938,0.38132,0.9432,0.1043294194694194,-1.0000434272768626,0.0,0.982492686868687,2500,finite_k3_pi1_sweep,empirical FDR / nominal alpha
tikz-v1,figure1_supp,fdr_ratio_atlas_r4_c3,$N_{cal}$ by anomaly rate,15,heatmap_cell,standard_conformal_bh,finite_k3,pi1_sweep,-1.6989700043360187,1.4,-1.8494850021680092,-1.5,1.3,1.5,0.02,anomaly rate $\pi_1$,0.1,1000,0.02,,25,100,0.0,0.0,0.0,0.0,0.0,1.2839966563652008,1.0,0.983127612244898,2500,finite_k3_pi1_sweep,empirical FDR / nominal alpha
tikz-v1,figure1_supp,fdr_ratio_atlas_r4_c3,$N_{cal}$ by anomaly rate,15,heatmap_cell,standard_conformal_bh,finite_k3,pi1_sweep,-1.6989700043360187,1.6,-1.8494850021680092,-1.5,1.5,1.7,0.02,anomaly rate $\pi_1$,0.1,1000,0.02,,25,100,0.0,0.0,0.0,0.0,0.0,1.0861861476162833,1.0,0.9830630204081634,2500,finite_k3_pi1_sweep,empirical FDR / nominal alpha
tikz-v1,figure1_supp,fdr_ratio_atlas_r4_c3,$N_{cal}$ by anomaly rate,15,heatmap_cell,standard_conformal_bh,finite_k3,pi1_sweep,-1.6989700043360187,1.7999999999999998,-1.8494850021680092,-1.5,1.7,1.9,0.02,anomaly rate $\pi_1$,0.1,1000,0.02,,25,100,0.0,0.0,0.0,0.0,0.0,0.8927900303521317,1.0,0.9830652448979592,2500,finite_k3_pi1_sweep,empirical FDR / nominal alpha
tikz-v1,figure1_supp,fdr_ratio_atlas_r4_c3,$N_{cal}$ by anomaly rate,15,heatmap_cell,standard_conformal_bh,finite_k3,pi1_sweep,-1.6989700043360187,2.0,-1.8494850021680092,-1.5,1.9,2.1,0.02,anomaly rate $\pi_1$,0.1,1000,0.02,,25,100,0.0,0.0,0.0,0.0,0.0,0.6946486305533762,1.0,0.9829012857142858,2500,finite_k3_pi1_sweep,empirical FDR / nominal alpha
tikz-v1,figure1_supp,fdr_ratio_atlas_r4_c3,$N_{cal}$ by anomaly rate,15,heatmap_cell,standard_conformal_bh,finite_k3,pi1_sweep,-1.6989700043360187,2.2,-1.8494850021680092,-1.5,2.1,2.3,0.02,anomaly rate $\pi_1$,0.1,1000,0.02,,25,100,0.0,0.0,0.0,0.0,0.0,0.4975728800155673,1.0,0.9832685510204082,2500,finite_k3_pi1_sweep,empirical FDR / nominal alpha
tikz-v1,figure1_supp,fdr_ratio_atlas_r4_c3,$N_{cal}$ by anomaly rate,15,heatmap_cell,standard_conformal_bh,finite_k3,pi1_sweep,-1.6989700043360187,2.4,-1.8494850021680092,-1.5,2.3,2.5,0.02,anomaly rate $\pi_1$,0.1,1000,0.02,,25,100,0.002299999999999,0.002299999999999,0.0003399999999999,0.0004,0.0002299999999999,0.2975694635544746,1.0,0.983299918367347,2500,finite_k3_pi1_sweep,empirical FDR / nominal alpha
tikz-v1,figure1_supp,fdr_ratio_atlas_r4_c3,$N_{cal}$ by anomaly rate,15,heatmap_cell,standard_conformal_bh,finite_k3,pi1_sweep,-1.6989700043360187,2.6,-1.8494850021680092,-1.5,2.5,2.7,0.02,anomaly rate $\pi_1$,0.1,1000,0.02,,25,100,0.09949402185223599,0.09949402185223599,0.01896,0.0236,0.0099494021852236,0.0979971086492705,1.0,0.9829400204081634,2500,finite_k3_pi1_sweep,empirical FDR / nominal alpha
tikz-v1,figure1_supp,fdr_ratio_atlas_r4_c3,$N_{cal}$ by anomaly rate,15,heatmap_cell,standard_conformal_bh,finite_k3,pi1_sweep,-1.6989700043360187,2.8,-1.8494850021680092,-1.5,2.7,2.9,0.02,anomaly rate $\pi_1$,0.1,1000,0.02,,25,100,0.366833471691706,0.366833471691706,0.11168,0.1624,0.0366833471691706,-0.1017470739463662,0.0,0.9829556530612245,2500,finite_k3_pi1_sweep,empirical FDR / nominal alpha
tikz-v1,figure1_supp,fdr_ratio_atlas_r4_c3,$N_{cal}$ by anomaly rate,15,heatmap_cell,standard_conformal_bh,finite_k3,pi1_sweep,-1.6989700043360187,3.0,-1.8494850021680092,-1.5,2.9,3.1,0.02,anomaly rate $\pi_1$,0.1,1000,0.02,,25,100,0.641224871450396,0.641224871450396,0.2564,0.4532,0.0641224871450396,-0.3014640731432998,0.0,0.9826887142857144,2500,finite_k3_pi1_sweep,empirical FDR / nominal alpha
tikz-v1,figure1_supp,fdr_ratio_atlas_r4_c3,$N_{cal}$ by anomaly rate,15,heatmap_cell,standard_conformal_bh,finite_k3,pi1_sweep,-1.6989700043360187,3.2,-1.8494850021680092,-1.5,3.1,3.3,0.02,anomaly rate $\pi_1$,0.1,1000,0.02,,25,100,0.6917994498838079,0.6917994498838079,0.31878,0.6372,0.0691799449883808,-0.5013331786455661,0.0,0.9829033673469388,2500,finite_k3_pi1_sweep,empirical FDR / nominal alpha
tikz-v1,figure1_supp,fdr_ratio_atlas_r4_c3,$N_{cal}$ by anomaly rate,15,heatmap_cell,standard_conformal_bh,finite_k3,pi1_sweep,-1.6989700043360187,3.4,-1.8494850021680092,-1.5,3.3,3.5,0.02,anomaly rate $\pi_1$,0.1,1000,0.02,,25,100,1.113275842343893,1.113275842343893,0.4717,0.9288,0.1113275842343893,-0.7012224842565572,0.0,0.9830796326530612,2500,finite_k3_pi1_sweep,empirical FDR / nominal alpha
tikz-v1,figure1_supp,fdr_ratio_atlas_r4_c3,$N_{cal}$ by anomaly rate,15,heatmap_cell,standard_conformal_bh,finite_k3,pi1_sweep,-1.6989700043360187,3.6,-1.8494850021680092,-1.5,3.5,3.7,0.02,anomaly rate $\pi_1$,0.1,1000,0.02,,25,100,0.797929897944893,0.797929897944893,0.40558,0.898,0.0797929897944893,-0.901131251355372,0.0,0.9828495102040816,2500,finite_k3_pi1_sweep,empirical FDR / nominal alpha
tikz-v1,figure1_supp,fdr_ratio_atlas_r4_c3,$N_{cal}$ by anomaly rate,15,heatmap_cell,standard_conformal_bh,finite_k3,pi1_sweep,-1.6989700043360187,3.8,-1.8494850021680092,-1.5,3.7,3.9,0.02,anomaly rate $\pi_1$,0.1,1000,0.02,,25,100,0.884792498078939,0.884792498078939,0.43904,0.9728,0.0884792498078939,-1.1011281758387568,0.0,0.983394836734694,2500,finite_k3_pi1_sweep,empirical FDR / nominal alpha
tikz-v1,figure1_supp,fdr_ratio_atlas_r4_c3,$N_{cal}$ by anomaly rate,15,heatmap_cell,standard_conformal_bh,finite_k3,pi1_sweep,-1.6989700043360187,4.0,-1.8494850021680092,-1.5,3.9,4.1,0.02,anomaly rate $\pi_1$,0.1,1000,0.02,,25,100,1.012866790455173,1.012866790455173,0.4739,0.9972,0.1012866790455173,-1.3010734229408438,0.0,0.9832726530612244,2500,finite_k3_pi1_sweep,empirical FDR / nominal alpha
tikz-v1,figure1_supp,fdr_ratio_atlas_r4_c3,$N_{cal}$ by anomaly rate,15,heatmap_cell,standard_conformal_bh,finite_k3,pi1_sweep,-1.3010299956639813,1.4,-1.5,-1.1505149978319906,1.3,1.5,0.05,anomaly rate $\pi_1$,0.1,1000,0.05,,25,100,0.0,0.0,0.0,0.0,0.0,0.8860566476931633,1.0,0.9830579284210526,2500,finite_k3_pi1_sweep,empirical FDR / nominal alpha
tikz-v1,figure1_supp,fdr_ratio_atlas_r4_c3,$N_{cal}$ by anomaly rate,15,heatmap_cell,standard_conformal_bh,finite_k3,pi1_sweep,-1.3010299956639813,1.6,-1.5,-1.1505149978319906,1.5,1.7,0.05,anomaly rate $\pi_1$,0.1,1000,0.05,,25,100,0.0,0.0,0.0,0.0,0.0,0.6882461389442457,1.0,0.9831621557894736,2500,finite_k3_pi1_sweep,empirical FDR / nominal alpha
tikz-v1,figure1_supp,fdr_ratio_atlas_r4_c3,$N_{cal}$ by anomaly rate,15,heatmap_cell,standard_conformal_bh,finite_k3,pi1_sweep,-1.3010299956639813,1.7999999999999998,-1.5,-1.1505149978319906,1.7,1.9,0.05,anomaly rate $\pi_1$,0.1,1000,0.05,,25,100,0.0,0.0,0.0,0.0,0.0,0.494850021680094,1.0,0.9830162778947368,2500,finite_k3_pi1_sweep,empirical FDR / nominal alpha
tikz-v1,figure1_supp,fdr_ratio_atlas_r4_c3,$N_{cal}$ by anomaly rate,15,heatmap_cell,standard_conformal_bh,finite_k3,pi1_sweep,-1.3010299956639813,2.0,-1.5,-1.1505149978319906,1.9,2.1,0.05,anomaly rate $\pi_1$,0.1,1000,0.05,,25,100,0.015493047656578,0.015493047656578,0.0025839999999999,0.0028,0.0015493047656578,0.2967086218813386,1.0,0.9830177768421052,2500,finite_k3_pi1_sweep,empirical FDR / nominal alpha
tikz-v1,figure1_supp,fdr_ratio_atlas_r4_c3,$N_{cal}$ by anomaly rate,15,heatmap_cell,standard_conformal_bh,finite_k3,pi1_sweep,-1.3010299956639813,2.2,-1.5,-1.1505149978319906,2.1,2.3,0.05,anomaly rate $\pi_1$,0.1,1000,0.05,,25,100,0.196827606127094,0.196827606127094,0.0474,0.0548,0.0196827606127094,0.0996328713435296,1.0,0.9831536168421052,2500,finite_k3_pi1_sweep,empirical FDR / nominal alpha
tikz-v1,figure1_supp,fdr_ratio_atlas_r4_c3,$N_{cal}$ by anomaly rate,15,heatmap_cell,standard_conformal_bh,finite_k3,pi1_sweep,-1.3010299956639813,2.4,-1.5,-1.1505149978319906,2.3,2.5,0.05,anomaly rate $\pi_1$,0.1,1000,0.05,,25,100,0.29212226317956597,0.29212226317956597,0.1219119999999999,0.1648,0.0292122263179566,-0.1003705451175629,0.0,0.9830235031578948,2500,finite_k3_pi1_sweep,empirical FDR / nominal alpha
tikz-v1,figure1_supp,fdr_ratio_atlas_r4_c3,$N_{cal}$ by anomaly rate,15,heatmap_cell,standard_conformal_bh,finite_k3,pi1_sweep,-1.3010299956639813,2.6,-1.5,-1.1505149978319906,2.5,2.7,0.05,anomaly rate $\pi_1$,0.1,1000,0.05,,25,100,0.6172500410576409,0.6172500410576409,0.338744,0.5284,0.0617250041057641,-0.2999429000227671,0.0,0.9832623410526315,2500,finite_k3_pi1_sweep,empirical FDR / nominal alpha
tikz-v1,figure1_supp,fdr_ratio_atlas_r4_c3,$N_{cal}$ by anomaly rate,15,heatmap_cell,standard_conformal_bh,finite_k3,pi1_sweep,-1.3010299956639813,2.8,-1.5,-1.1505149978319906,2.7,2.9,0.05,anomaly rate $\pi_1$,0.1,1000,0.05,,25,100,0.631354387947516,0.631354387947516,0.4972479999999999,0.9216,0.0631354387947516,-0.4996870826184039,0.0,0.9827696168421052,2500,finite_k3_pi1_sweep,empirical FDR / nominal alpha
tikz-v1,figure1_supp,fdr_ratio_atlas_r4_c3,$N_{cal}$ by anomaly rate,15,heatmap_cell,standard_conformal_bh,finite_k3,pi1_sweep,-1.3010299956639813,3.0,-1.5,-1.1505149978319906,2.9,3.1,0.05,anomaly rate $\pi_1$,0.1,1000,0.05,,25,100,0.9452068609324619,0.9452068609324619,0.5788160000000001,0.9848,0.0945206860932462,-0.6994040818153374,0.0,0.9828680084210526,2500,finite_k3_pi1_sweep,empirical FDR / nominal alpha
tikz-v1,figure1_supp,fdr_ratio_atlas_r4_c3,$N_{cal}$ by anomaly rate,15,heatmap_cell,standard_conformal_bh,finite_k3,pi1_sweep,-1.3010299956639813,3.2,-1.5,-1.1505149978319906,3.1,3.3,0.05,anomaly rate $\pi_1$,0.1,1000,0.05,,25,100,0.7435526219657359,0.7435526219657359,0.5624480000000001,0.9992,0.0743552621965736,-0.8992731873176038,0.0,0.9828952505263158,2500,finite_k3_pi1_sweep,empirical FDR / nominal alpha
tikz-v1,figure1_supp,fdr_ratio_atlas_r4_c3,$N_{cal}$ by anomaly rate,15,heatmap_cell,standard_conformal_bh,finite_k3,pi1_sweep,-1.3010299956639813,3.4,-1.5,-1.1505149978319906,3.3,3.5,0.05,anomaly rate $\pi_1$,0.1,1000,0.05,,25,100,1.016257141027579,1.016257141027579,0.613712,0.9992,0.1016257141027579,-1.0991624929285948,0.0,0.983103797894737,2500,finite_k3_pi1_sweep,empirical FDR / nominal alpha
tikz-v1,figure1_supp,fdr_ratio_atlas_r4_c3,$N_{cal}$ by anomaly rate,15,heatmap_cell,standard_conformal_bh,finite_k3,pi1_sweep,-1.3010299956639813,3.6,-1.5,-1.1505149978319906,3.5,3.7,0.05,anomaly rate $\pi_1$,0.1,1000,0.05,,25,100,0.9613416404894699,0.9613416404894699,0.6112639999999999,1.0,0.096134164048947,-1.2990712600274097,0.0,0.9830019536842104,2500,finite_k3_pi1_sweep,empirical FDR / nominal alpha
tikz-v1,figure1_supp,fdr_ratio_atlas_r4_c3,$N_{cal}$ by anomaly rate,15,heatmap_cell,standard_conformal_bh,finite_k3,pi1_sweep,-1.3010299956639813,3.8,-1.5,-1.1505149978319906,3.7,3.9,0.05,anomaly rate $\pi_1$,0.1,1000,0.05,,25,100,0.9921963756928021,0.9921963756928021,0.623896,1.0,0.0992196375692802,-1.4990681845107945,0.0,0.9831231494736844,2500,finite_k3_pi1_sweep,empirical FDR / nominal alpha
tikz-v1,figure1_supp,fdr_ratio_atlas_r4_c3,$N_{cal}$ by anomaly rate,15,heatmap_cell,standard_conformal_bh,finite_k3,pi1_sweep,-1.3010299956639813,4.0,-1.5,-1.1505149978319906,3.9,4.1,0.05,anomaly rate $\pi_1$,0.1,1000,0.05,,25,100,0.936734153151571,0.936734153151571,0.6186,1.0,0.0936734153151571,-1.6990134316128815,0.0,0.9834775747368422,2500,finite_k3_pi1_sweep,empirical FDR / nominal alpha
tikz-v1,figure1_supp,fdr_ratio_atlas_r4_c3,$N_{cal}$ by anomaly rate,15,heatmap_cell,standard_conformal_bh,finite_k3,pi1_sweep,-1.0,1.4,-1.1505149978319906,-0.8494850021680094,1.3,1.5,0.1,anomaly rate $\pi_1$,0.1,1000,0.1,,25,100,0.0,0.0,0.0,0.0,0.0,0.585026652029182,1.0,0.9829492577777778,2500,finite_k3_pi1_sweep,empirical FDR / nominal alpha
tikz-v1,figure1_supp,fdr_ratio_atlas_r4_c3,$N_{cal}$ by anomaly rate,15,heatmap_cell,standard_conformal_bh,finite_k3,pi1_sweep,-1.0,1.6,-1.1505149978319906,-0.8494850021680094,1.5,1.7,0.1,anomaly rate $\pi_1$,0.1,1000,0.1,,25,100,0.0,0.0,0.0,0.0,0.0,0.3872161432802645,1.0,0.9831723555555556,2500,finite_k3_pi1_sweep,empirical FDR / nominal alpha
tikz-v1,figure1_supp,fdr_ratio_atlas_r4_c3,$N_{cal}$ by anomaly rate,15,heatmap_cell,standard_conformal_bh,finite_k3,pi1_sweep,-1.0,1.7999999999999998,-1.1505149978319906,-0.8494850021680094,1.7,1.9,0.1,anomaly rate $\pi_1$,0.1,1000,0.1,,25,100,0.0,0.0,0.0,0.0,0.0,0.1938200260161128,1.0,0.9828940088888888,2500,finite_k3_pi1_sweep,empirical FDR / nominal alpha
tikz-v1,figure1_supp,fdr_ratio_atlas_r4_c3,$N_{cal}$ by anomaly rate,15,heatmap_cell,standard_conformal_bh,finite_k3,pi1_sweep,-1.0,2.0,-1.1505149978319906,-0.8494850021680094,1.9,2.1,0.1,anomaly rate $\pi_1$,0.1,1000,0.1,,25,100,0.461761053135906,0.461761053135906,0.177844,0.2064,0.0461761053135906,-0.0043213737826425,0.0,0.9830246088888888,2500,finite_k3_pi1_sweep,empirical FDR / nominal alpha
tikz-v1,figure1_supp,fdr_ratio_atlas_r4_c3,$N_{cal}$ by anomaly rate,15,heatmap_cell,standard_conformal_bh,finite_k3,pi1_sweep,-1.0,2.2,-1.1505149978319906,-0.8494850021680094,2.1,2.3,0.1,anomaly rate $\pi_1$,0.1,1000,0.1,,25,100,0.46841353954169396,0.46841353954169396,0.39358,0.5576,0.0468413539541694,-0.2013971243204515,0.0,0.983114648888889,2500,finite_k3_pi1_sweep,empirical FDR / nominal alpha
tikz-v1,figure1_supp,fdr_ratio_atlas_r4_c3,$N_{cal}$ by anomaly rate,15,heatmap_cell,standard_conformal_bh,finite_k3,pi1_sweep,-1.0,2.4,-1.1505149978319906,-0.8494850021680094,2.3,2.5,0.1,anomaly rate $\pi_1$,0.1,1000,0.1,,25,100,0.800510597716938,0.800510597716938,0.608584,0.9088,0.0800510597716938,-0.4014005407815441,0.0,0.9828530755555556,2500,finite_k3_pi1_sweep,empirical FDR / nominal alpha
tikz-v1,figure1_supp,fdr_ratio_atlas_r4_c3,$N_{cal}$ by anomaly rate,15,heatmap_cell,standard_conformal_bh,finite_k3,pi1_sweep,-1.0,2.6,-1.1505149978319906,-0.8494850021680094,2.5,2.7,0.1,anomaly rate $\pi_1$,0.1,1000,0.1,,25,100,0.7982578766081779,0.7982578766081779,0.6646479999999999,0.9936,0.0798257876608178,-0.6009728956867483,0.0,0.9830548444444442,2500,finite_k3_pi1_sweep,empirical FDR / nominal alpha
tikz-v1,figure1_supp,fdr_ratio_atlas_r4_c3,$N_{cal}$ by anomaly rate,15,heatmap_cell,standard_conformal_bh,finite_k3,pi1_sweep,-1.0,2.8,-1.1505149978319906,-0.8494850021680094,2.7,2.9,0.1,anomaly rate $\pi_1$,0.1,1000,0.1,,25,100,0.760326022491192,0.760326022491192,0.669716,1.0,0.0760326022491192,-0.800717078282385,0.0,0.9829594266666668,2500,finite_k3_pi1_sweep,empirical FDR / nominal alpha
tikz-v1,figure1_supp,fdr_ratio_atlas_r4_c3,$N_{cal}$ by anomaly rate,15,heatmap_cell,standard_conformal_bh,finite_k3,pi1_sweep,-1.0,3.0,-1.1505149978319906,-0.8494850021680094,2.9,3.1,0.1,anomaly rate $\pi_1$,0.1,1000,0.1,,25,100,0.860799547535878,0.860799547535878,0.705588,1.0,0.0860799547535878,-1.0004340774793186,0.0,0.9831350177777778,2500,finite_k3_pi1_sweep,empirical FDR / nominal alpha
tikz-v1,figure1_supp,fdr_ratio_atlas_r4_c3,$N_{cal}$ by anomaly rate,15,heatmap_cell,standard_conformal_bh,finite_k3,pi1_sweep,-1.0,3.2,-1.1505149978319906,-0.8494850021680094,3.1,3.3,0.1,anomaly rate $\pi_1$,0.1,1000,0.1,,25,100,0.8202982372323889,0.8202982372323889,0.6990599999999999,1.0,0.0820298237232389,-1.200303182981585,0.0,0.9830261333333332,2500,finite_k3_pi1_sweep,empirical FDR / nominal alpha
tikz-v1,figure1_supp,fdr_ratio_atlas_r4_c3,$N_{cal}$ by anomaly rate,15,heatmap_cell,standard_conformal_bh,finite_k3,pi1_sweep,-1.0,3.4,-1.1505149978319906,-0.8494850021680094,3.3,3.5,0.1,anomaly rate $\pi_1$,0.1,1000,0.1,,25,100,0.870550130717318,0.870550130717318,0.71244,1.0,0.0870550130717318,-1.400192488592576,0.0,0.9829223822222222,2500,finite_k3_pi1_sweep,empirical FDR / nominal alpha
tikz-v1,figure1_supp,fdr_ratio_atlas_r4_c3,$N_{cal}$ by anomaly rate,15,heatmap_cell,standard_conformal_bh,finite_k3,pi1_sweep,-1.0,3.6,-1.1505149978319906,-0.8494850021680094,3.5,3.7,0.1,anomaly rate $\pi_1$,0.1,1000,0.1,,25,100,0.885467599898689,0.885467599898689,0.7194799999999999,1.0,0.0885467599898689,-1.6001012556913907,0.0,0.9830959911111108,2500,finite_k3_pi1_sweep,empirical FDR / nominal alpha
tikz-v1,figure1_supp,fdr_ratio_atlas_r4_c3,$N_{cal}$ by anomaly rate,15,heatmap_cell,standard_conformal_bh,finite_k3,pi1_sweep,-1.0,3.8,-1.1505149978319906,-0.8494850021680094,3.7,3.9,0.1,anomaly rate $\pi_1$,0.1,1000,0.1,,25,100,0.887246726337851,0.887246726337851,0.716844,1.0,0.0887246726337851,-1.8000981801747755,0.0,0.9829052533333332,2500,finite_k3_pi1_sweep,empirical FDR / nominal alpha
tikz-v1,figure1_supp,fdr_ratio_atlas_r4_c3,$N_{cal}$ by anomaly rate,15,heatmap_cell,standard_conformal_bh,finite_k3,pi1_sweep,-1.0,4.0,-1.1505149978319906,-0.8494850021680094,3.9,4.1,0.1,anomaly rate $\pi_1$,0.1,1000,0.1,,25,100,0.8808594617862989,0.8808594617862989,0.7161280000000001,1.0,0.0880859461786299,-2.0000434272768626,0.0,0.9829962177777778,2500,finite_k3_pi1_sweep,empirical FDR / nominal alpha
tikz-v1,figure1_supp,fdr_ratio_atlas_r4_c3,$N_{cal}$ by anomaly rate,15,heatmap_cell,standard_conformal_bh,finite_k3,pi1_sweep,-0.6989700043360187,1.4,-0.8494850021680094,-0.5484550065040281,1.3,1.5,0.2,anomaly rate $\pi_1$,0.1,1000,0.2,,25,100,0.0,0.0,0.0,0.0,0.0,0.2839966563652008,1.0,0.9831818325,2500,finite_k3_pi1_sweep,empirical FDR / nominal alpha
tikz-v1,figure1_supp,fdr_ratio_atlas_r4_c3,$N_{cal}$ by anomaly rate,15,heatmap_cell,standard_conformal_bh,finite_k3,pi1_sweep,-0.6989700043360187,1.6,-0.8494850021680094,-0.5484550065040281,1.5,1.7,0.2,anomaly rate $\pi_1$,0.1,1000,0.2,,25,100,0.279580569229671,0.279580569229671,0.09207,0.0964,0.0279580569229671,0.0861861476162833,1.0,0.98301175,2500,finite_k3_pi1_sweep,empirical FDR / nominal alpha
tikz-v1,figure1_supp,fdr_ratio_atlas_r4_c3,$N_{cal}$ by anomaly rate,15,heatmap_cell,standard_conformal_bh,finite_k3,pi1_sweep,-0.6989700043360187,1.7999999999999998,-0.8494850021680094,-0.5484550065040281,1.7,1.9,0.2,anomaly rate $\pi_1$,0.1,1000,0.2,,25,100,0.5648165052569319,0.5648165052569319,0.463154,0.552,0.0564816505256932,-0.1072099696478683,0.0,0.98310467,2500,finite_k3_pi1_sweep,empirical FDR / nominal alpha
tikz-v1,figure1_supp,fdr_ratio_atlas_r4_c3,$N_{cal}$ by anomaly rate,15,heatmap_cell,standard_conformal_bh,finite_k3,pi1_sweep,-0.6989700043360187,2.0,-0.8494850021680094,-0.5484550065040281,1.9,2.1,0.2,anomaly rate $\pi_1$,0.1,1000,0.2,,25,100,0.47543615038740594,0.47543615038740594,0.6001599999999999,0.848,0.0475436150387406,-0.3053513694466238,0.0,0.982964265,2500,finite_k3_pi1_sweep,empirical FDR / nominal alpha
tikz-v1,figure1_supp,fdr_ratio_atlas_r4_c3,$N_{cal}$ by anomaly rate,15,heatmap_cell,standard_conformal_bh,finite_k3,pi1_sweep,-0.6989700043360187,2.2,-0.8494850021680094,-0.5484550065040281,2.1,2.3,0.2,anomaly rate $\pi_1$,0.1,1000,0.2,,25,100,0.549630788857412,0.549630788857412,0.6880139999999999,0.9772,0.0549630788857412,-0.5024271199844327,0.0,0.98294703,2500,finite_k3_pi1_sweep,empirical FDR / nominal alpha
tikz-v1,figure1_supp,fdr_ratio_atlas_r4_c3,$N_{cal}$ by anomaly rate,15,heatmap_cell,standard_conformal_bh,finite_k3,pi1_sweep,-0.6989700043360187,2.4,-0.8494850021680094,-0.5484550065040281,2.3,2.5,0.2,anomaly rate $\pi_1$,0.1,1000,0.2,,25,100,0.710133434778825,0.710133434778825,0.785004,1.0,0.0710133434778825,-0.7024305364455253,0.0,0.9831261825000002,2500,finite_k3_pi1_sweep,empirical FDR / nominal alpha
tikz-v1,figure1_supp,fdr_ratio_atlas_r4_c3,$N_{cal}$ by anomaly rate,15,heatmap_cell,standard_conformal_bh,finite_k3,pi1_sweep,-0.6989700043360187,2.6,-0.8494850021680094,-0.5484550065040281,2.5,2.7,0.2,anomaly rate $\pi_1$,0.1,1000,0.2,,25,100,0.7747173820603879,0.7747173820603879,0.8000820000000001,1.0,0.0774717382060388,-0.9020028913507294,0.0,0.9831383475,2500,finite_k3_pi1_sweep,empirical FDR / nominal alpha
tikz-v1,figure1_supp,fdr_ratio_atlas_r4_c3,$N_{cal}$ by anomaly rate,15,heatmap_cell,standard_conformal_bh,finite_k3,pi1_sweep,-0.6989700043360187,2.8,-0.8494850021680094,-0.5484550065040281,2.7,2.9,0.2,anomaly rate $\pi_1$,0.1,1000,0.2,,25,100,0.753633803902288,0.753633803902288,0.79763,1.0,0.0753633803902288,-1.1017470739463662,0.0,0.98304088,2500,finite_k3_pi1_sweep,empirical FDR / nominal alpha
tikz-v1,figure1_supp,fdr_ratio_atlas_r4_c3,$N_{cal}$ by anomaly rate,15,heatmap_cell,standard_conformal_bh,finite_k3,pi1_sweep,-0.6989700043360187,3.0,-0.8494850021680094,-0.5484550065040281,2.9,3.1,0.2,anomaly rate $\pi_1$,0.1,1000,0.2,,25,100,0.8011132592256439,0.8011132592256439,0.80991,1.0,0.0801113259225644,-1.3014640731432998,0.0,0.98304668,2500,finite_k3_pi1_sweep,empirical FDR / nominal alpha
tikz-v1,figure1_supp,fdr_ratio_atlas_r4_c3,$N_{cal}$ by anomaly rate,15,heatmap_cell,standard_conformal_bh,finite_k3,pi1_sweep,-0.6989700043360187,3.2,-0.8494850021680094,-0.5484550065040281,3.1,3.3,0.2,anomaly rate $\pi_1$,0.1,1000,0.2,,25,100,0.774778204995531,0.774778204995531,0.807856,1.0,0.0774778204995531,-1.501333178645566,0.0,0.9830633525,2500,finite_k3_pi1_sweep,empirical FDR / nominal alpha
tikz-v1,figure1_supp,fdr_ratio_atlas_r4_c3,$N_{cal}$ by anomaly rate,15,heatmap_cell,standard_conformal_bh,finite_k3,pi1_sweep,-0.6989700043360187,3.4,-0.8494850021680094,-0.5484550065040281,3.3,3.5,0.2,anomaly rate $\pi_1$,0.1,1000,0.2,,25,100,0.8060193184790889,0.8060193184790889,0.813366,1.0,0.0806019318479089,-1.701222484256557,0.0,0.9830729500000002,2500,finite_k3_pi1_sweep,empirical FDR / nominal alpha
tikz-v1,figure1_supp,fdr_ratio_atlas_r4_c3,$N_{cal}$ by anomaly rate,15,heatmap_cell,standard_conformal_bh,finite_k3,pi1_sweep,-0.6989700043360187,3.6,-0.8494850021680094,-0.5484550065040281,3.5,3.7,0.2,anomaly rate $\pi_1$,0.1,1000,0.2,,25,100,0.7659348675732399,0.7659348675732399,0.8072940000000001,1.0,0.076593486757324,-1.901131251355372,0.0,0.982929005,2500,finite_k3_pi1_sweep,empirical FDR / nominal alpha
tikz-v1,figure1_supp,fdr_ratio_atlas_r4_c3,$N_{cal}$ by anomaly rate,15,heatmap_cell,standard_conformal_bh,finite_k3,pi1_sweep,-0.6989700043360187,3.8,-0.8494850021680094,-0.5484550065040281,3.7,3.9,0.2,anomaly rate $\pi_1$,0.1,1000,0.2,,25,100,0.7918730140378979,0.7918730140378979,0.81405,1.0,0.0791873014037898,-2.101128175838757,0.0,0.98312362,2500,finite_k3_pi1_sweep,empirical FDR / nominal alpha
tikz-v1,figure1_supp,fdr_ratio_atlas_r4_c3,$N_{cal}$ by anomaly rate,15,heatmap_cell,standard_conformal_bh,finite_k3,pi1_sweep,-0.6989700043360187,4.0,-0.8494850021680094,-0.5484550065040281,3.9,4.1,0.2,anomaly rate $\pi_1$,0.1,1000,0.2,,25,100,0.794746338368087,0.794746338368087,0.814076,1.0,0.0794746338368087,-2.301073422940844,0.0,0.9829903525,2500,finite_k3_pi1_sweep,empirical FDR / nominal alpha
tikz-v1,figure1_supp,fdr_ratio_atlas_r1_c4,$N_{cal}$ by FDR level,4,heatmap_cell,standard_conformal_bh,perfect,alpha_sweep,-2.0,1.4,-2.1989700043360187,-1.8010299956639813,1.3,1.5,0.01,nominal FDR $\alpha$,0.01,1000,0.05,,25,100,0.0,0.0,0.0,0.0,0.0,1.8860566476931635,1.0,1.0,2500,perfect_alpha_sweep,empirical FDR / nominal alpha
tikz-v1,figure1_supp,fdr_ratio_atlas_r1_c4,$N_{cal}$ by FDR level,4,heatmap_cell,standard_conformal_bh,perfect,alpha_sweep,-2.0,1.6,-2.1989700043360187,-1.8010299956639813,1.5,1.7,0.01,nominal FDR $\alpha$,0.01,1000,0.05,,25,100,0.0,0.0,0.0,0.0,0.0,1.6882461389442458,1.0,1.0,2500,perfect_alpha_sweep,empirical FDR / nominal alpha
tikz-v1,figure1_supp,fdr_ratio_atlas_r1_c4,$N_{cal}$ by FDR level,4,heatmap_cell,standard_conformal_bh,perfect,alpha_sweep,-2.0,1.7999999999999998,-2.1989700043360187,-1.8010299956639813,1.7,1.9,0.01,nominal FDR $\alpha$,0.01,1000,0.05,,25,100,0.0,0.0,0.0,0.0,0.0,1.494850021680094,1.0,1.0,2500,perfect_alpha_sweep,empirical FDR / nominal alpha
tikz-v1,figure1_supp,fdr_ratio_atlas_r1_c4,$N_{cal}$ by FDR level,4,heatmap_cell,standard_conformal_bh,perfect,alpha_sweep,-2.0,2.0,-2.1989700043360187,-1.8010299956639813,1.9,2.1,0.01,nominal FDR $\alpha$,0.01,1000,0.05,,25,100,0.0,0.0,0.0,0.0,0.0,1.2967086218813386,1.0,1.0,2500,perfect_alpha_sweep,empirical FDR / nominal alpha
tikz-v1,figure1_supp,fdr_ratio_atlas_r1_c4,$N_{cal}$ by FDR level,4,heatmap_cell,standard_conformal_bh,perfect,alpha_sweep,-2.0,2.2,-2.1989700043360187,-1.8010299956639813,2.1,2.3,0.01,nominal FDR $\alpha$,0.01,1000,0.05,,25,100,0.0,0.0,0.0,0.0,0.0,1.0996328713435295,1.0,1.0,2500,perfect_alpha_sweep,empirical FDR / nominal alpha
tikz-v1,figure1_supp,fdr_ratio_atlas_r1_c4,$N_{cal}$ by FDR level,4,heatmap_cell,standard_conformal_bh,perfect,alpha_sweep,-2.0,2.4,-2.1989700043360187,-1.8010299956639813,2.3,2.5,0.01,nominal FDR $\alpha$,0.01,1000,0.05,,25,100,0.0,0.0,0.0,0.0,0.0,0.8996294548824371,1.0,1.0,2500,perfect_alpha_sweep,empirical FDR / nominal alpha
tikz-v1,figure1_supp,fdr_ratio_atlas_r1_c4,$N_{cal}$ by FDR level,4,heatmap_cell,standard_conformal_bh,perfect,alpha_sweep,-2.0,2.6,-2.1989700043360187,-1.8010299956639813,2.5,2.7,0.01,nominal FDR $\alpha$,0.01,1000,0.05,,25,100,0.0,0.0,0.0,0.0,0.0,0.700057099977233,1.0,1.0,2500,perfect_alpha_sweep,empirical FDR / nominal alpha
tikz-v1,figure1_supp,fdr_ratio_atlas_r1_c4,$N_{cal}$ by FDR level,4,heatmap_cell,standard_conformal_bh,perfect,alpha_sweep,-2.0,2.8,-2.1989700043360187,-1.8010299956639813,2.7,2.9,0.01,nominal FDR $\alpha$,0.01,1000,0.05,,25,100,0.0,0.0,0.0,0.0,0.0,0.5003129173815962,1.0,1.0,2500,perfect_alpha_sweep,empirical FDR / nominal alpha
tikz-v1,figure1_supp,fdr_ratio_atlas_r1_c4,$N_{cal}$ by FDR level,4,heatmap_cell,standard_conformal_bh,perfect,alpha_sweep,-2.0,3.0,-2.1989700043360187,-1.8010299956639813,2.9,3.1,0.01,nominal FDR $\alpha$,0.01,1000,0.05,,25,100,0.0,0.0,0.0,0.0,0.0,0.3005959181846626,1.0,1.0,2500,perfect_alpha_sweep,empirical FDR / nominal alpha
tikz-v1,figure1_supp,fdr_ratio_atlas_r1_c4,$N_{cal}$ by FDR level,4,heatmap_cell,standard_conformal_bh,perfect,alpha_sweep,-2.0,3.2,-2.1989700043360187,-1.8010299956639813,3.1,3.3,0.01,nominal FDR $\alpha$,0.01,1000,0.05,,25,100,0.0,0.0,0.0,0.0,0.0,0.1007268126823962,1.0,1.0,2500,perfect_alpha_sweep,empirical FDR / nominal alpha
tikz-v1,figure1_supp,fdr_ratio_atlas_r1_c4,$N_{cal}$ by FDR level,4,heatmap_cell,standard_conformal_bh,perfect,alpha_sweep,-2.0,3.4,-2.1989700043360187,-1.8010299956639813,3.3,3.5,0.01,nominal FDR $\alpha$,0.01,1000,0.05,,25,100,0.35121349813913,0.35121349813913,1.0,1.0,0.0035121349813913,-0.0991624929285947,0.0,1.0,2500,perfect_alpha_sweep,empirical FDR / nominal alpha
tikz-v1,figure1_supp,fdr_ratio_atlas_r1_c4,$N_{cal}$ by FDR level,4,heatmap_cell,standard_conformal_bh,perfect,alpha_sweep,-2.0,3.6,-2.1989700043360187,-1.8010299956639813,3.5,3.7,0.01,nominal FDR $\alpha$,0.01,1000,0.05,,25,100,0.96196730962546,0.96196730962546,1.0,1.0,0.0096196730962546,-0.2990712600274095,0.0,1.0,2500,perfect_alpha_sweep,empirical FDR / nominal alpha
tikz-v1,figure1_supp,fdr_ratio_atlas_r1_c4,$N_{cal}$ by FDR level,4,heatmap_cell,standard_conformal_bh,perfect,alpha_sweep,-2.0,3.8,-2.1989700043360187,-1.8010299956639813,3.7,3.9,0.01,nominal FDR $\alpha$,0.01,1000,0.05,,25,100,0.81267592413687,0.81267592413687,1.0,1.0,0.0081267592413687,-0.4990681845107945,0.0,1.0,2500,perfect_alpha_sweep,empirical FDR / nominal alpha
tikz-v1,figure1_supp,fdr_ratio_atlas_r1_c4,$N_{cal}$ by FDR level,4,heatmap_cell,standard_conformal_bh,perfect,alpha_sweep,-2.0,4.0,-2.1989700043360187,-1.8010299956639813,3.9,4.1,0.01,nominal FDR $\alpha$,0.01,1000,0.05,,25,100,0.9798986995657301,0.9798986995657301,1.0,1.0,0.0097989869956573,-0.6990134316128814,0.0,1.0,2500,perfect_alpha_sweep,empirical FDR / nominal alpha
tikz-v1,figure1_supp,fdr_ratio_atlas_r1_c4,$N_{cal}$ by FDR level,4,heatmap_cell,standard_conformal_bh,perfect,alpha_sweep,-1.6020599913279625,1.4,-1.8010299956639813,-1.451544993495972,1.3,1.5,0.025,nominal FDR $\alpha$,0.025,1000,0.05,,25,100,0.0,0.0,0.0,0.0,0.0,1.4881166390211256,1.0,1.0,2500,perfect_alpha_sweep,empirical FDR / nominal alpha
tikz-v1,figure1_supp,fdr_ratio_atlas_r1_c4,$N_{cal}$ by FDR level,4,heatmap_cell,standard_conformal_bh,perfect,alpha_sweep,-1.6020599913279625,1.6,-1.8010299956639813,-1.451544993495972,1.5,1.7,0.025,nominal FDR $\alpha$,0.025,1000,0.05,,25,100,0.0,0.0,0.0,0.0,0.0,1.290306130272208,1.0,1.0,2500,perfect_alpha_sweep,empirical FDR / nominal alpha
tikz-v1,figure1_supp,fdr_ratio_atlas_r1_c4,$N_{cal}$ by FDR level,4,heatmap_cell,standard_conformal_bh,perfect,alpha_sweep,-1.6020599913279625,1.7999999999999998,-1.8010299956639813,-1.451544993495972,1.7,1.9,0.025,nominal FDR $\alpha$,0.025,1000,0.05,,25,100,0.0,0.0,0.0,0.0,0.0,1.0969100130080565,1.0,1.0,2500,perfect_alpha_sweep,empirical FDR / nominal alpha
tikz-v1,figure1_supp,fdr_ratio_atlas_r1_c4,$N_{cal}$ by FDR level,4,heatmap_cell,standard_conformal_bh,perfect,alpha_sweep,-1.6020599913279625,2.0,-1.8010299956639813,-1.451544993495972,1.9,2.1,0.025,nominal FDR $\alpha$,0.025,1000,0.05,,25,100,0.0,0.0,0.0,0.0,0.0,0.898768613209301,1.0,1.0,2500,perfect_alpha_sweep,empirical FDR / nominal alpha
tikz-v1,figure1_supp,fdr_ratio_atlas_r1_c4,$N_{cal}$ by FDR level,4,heatmap_cell,standard_conformal_bh,perfect,alpha_sweep,-1.6020599913279625,2.2,-1.8010299956639813,-1.451544993495972,2.1,2.3,0.025,nominal FDR $\alpha$,0.025,1000,0.05,,25,100,0.0,0.0,0.0,0.0,0.0,0.7016928626714921,1.0,1.0,2500,perfect_alpha_sweep,empirical FDR / nominal alpha
tikz-v1,figure1_supp,fdr_ratio_atlas_r1_c4,$N_{cal}$ by FDR level,4,heatmap_cell,standard_conformal_bh,perfect,alpha_sweep,-1.6020599913279625,2.4,-1.8010299956639813,-1.451544993495972,2.3,2.5,0.025,nominal FDR $\alpha$,0.025,1000,0.05,,25,100,0.0,0.0,0.0,0.0,0.0,0.5016894462103995,1.0,1.0,2500,perfect_alpha_sweep,empirical FDR / nominal alpha
tikz-v1,figure1_supp,fdr_ratio_atlas_r1_c4,$N_{cal}$ by FDR level,4,heatmap_cell,standard_conformal_bh,perfect,alpha_sweep,-1.6020599913279625,2.6,-1.8010299956639813,-1.451544993495972,2.5,2.7,0.025,nominal FDR $\alpha$,0.025,1000,0.05,,25,100,0.0,0.0,0.0,0.0,0.0,0.3021170913051953,1.0,1.0,2500,perfect_alpha_sweep,empirical FDR / nominal alpha
tikz-v1,figure1_supp,fdr_ratio_atlas_r1_c4,$N_{cal}$ by FDR level,4,heatmap_cell,standard_conformal_bh,perfect,alpha_sweep,-1.6020599913279625,2.8,-1.8010299956639813,-1.451544993495972,2.7,2.9,0.025,nominal FDR $\alpha$,0.025,1000,0.05,,25,100,0.0034999999999999996,0.0034999999999999996,0.0004,0.0004,8.75e-05,0.1023729087095585,1.0,1.0,2500,perfect_alpha_sweep,empirical FDR / nominal alpha
tikz-v1,figure1_supp,fdr_ratio_atlas_r1_c4,$N_{cal}$ by FDR level,4,heatmap_cell,standard_conformal_bh,perfect,alpha_sweep,-1.6020599913279625,3.0,-1.8010299956639813,-1.451544993495972,2.9,3.1,0.025,nominal FDR $\alpha$,0.025,1000,0.05,,25,100,0.644644937113016,0.644644937113016,1.0,1.0,0.0161161234278254,-0.097344090487375,0.0,1.0,2500,perfect_alpha_sweep,empirical FDR / nominal alpha
tikz-v1,figure1_supp,fdr_ratio_atlas_r1_c4,$N_{cal}$ by FDR level,4,heatmap_cell,standard_conformal_bh,perfect,alpha_sweep,-1.6020599913279625,3.2,-1.8010299956639813,-1.451544993495972,3.1,3.3,0.025,nominal FDR $\alpha$,0.025,1000,0.05,,25,100,1.1439778217211078,1.1439778217211078,1.0,1.0,0.0285994455430277,-0.2972131959896414,0.0,1.0,2500,perfect_alpha_sweep,empirical FDR / nominal alpha
tikz-v1,figure1_supp,fdr_ratio_atlas_r1_c4,$N_{cal}$ by FDR level,4,heatmap_cell,standard_conformal_bh,perfect,alpha_sweep,-1.6020599913279625,3.4,-1.8010299956639813,-1.451544993495972,3.3,3.5,0.025,nominal FDR $\alpha$,0.025,1000,0.05,,25,100,0.840800410650048,0.840800410650048,1.0,1.0,0.0210200102662512,-0.4971025016006324,0.0,1.0,2500,perfect_alpha_sweep,empirical FDR / nominal alpha
tikz-v1,figure1_supp,fdr_ratio_atlas_r1_c4,$N_{cal}$ by FDR level,4,heatmap_cell,standard_conformal_bh,perfect,alpha_sweep,-1.6020599913279625,3.6,-1.8010299956639813,-1.451544993495972,3.5,3.7,0.025,nominal FDR $\alpha$,0.025,1000,0.05,,25,100,0.897779661254444,0.897779661254444,1.0,1.0,0.0224444915313611,-0.6970112686994471,0.0,1.0,2500,perfect_alpha_sweep,empirical FDR / nominal alpha
tikz-v1,figure1_supp,fdr_ratio_atlas_r1_c4,$N_{cal}$ by FDR level,4,heatmap_cell,standard_conformal_bh,perfect,alpha_sweep,-1.6020599913279625,3.8,-1.8010299956639813,-1.451544993495972,3.7,3.9,0.025,nominal FDR $\alpha$,0.025,1000,0.05,,25,100,0.9158149398161081,0.9158149398161081,1.0,1.0,0.0228953734954027,-0.8970081931828321,0.0,1.0,2500,perfect_alpha_sweep,empirical FDR / nominal alpha
tikz-v1,figure1_supp,fdr_ratio_atlas_r1_c4,$N_{cal}$ by FDR level,4,heatmap_cell,standard_conformal_bh,perfect,alpha_sweep,-1.6020599913279625,4.0,-1.8010299956639813,-1.451544993495972,3.9,4.1,0.025,nominal FDR $\alpha$,0.025,1000,0.05,,25,100,0.8852376564119039,0.8852376564119039,1.0,1.0,0.0221309414102976,-1.096953440284919,0.0,1.0,2500,perfect_alpha_sweep,empirical FDR / nominal alpha
tikz-v1,figure1_supp,fdr_ratio_atlas_r1_c4,$N_{cal}$ by FDR level,4,heatmap_cell,standard_conformal_bh,perfect,alpha_sweep,-1.3010299956639813,1.4,-1.451544993495972,-1.1505149978319906,1.3,1.5,0.05,nominal FDR $\alpha$,0.05,1000,0.05,,25,100,0.0,0.0,0.0,0.0,0.0,1.1870866433571443,1.0,1.0,2500,perfect_alpha_sweep,empirical FDR / nominal alpha
tikz-v1,figure1_supp,fdr_ratio_atlas_r1_c4,$N_{cal}$ by FDR level,4,heatmap_cell,standard_conformal_bh,perfect,alpha_sweep,-1.3010299956639813,1.6,-1.451544993495972,-1.1505149978319906,1.5,1.7,0.05,nominal FDR $\alpha$,0.05,1000,0.05,,25,100,0.0,0.0,0.0,0.0,0.0,0.9892761346082268,1.0,1.0,2500,perfect_alpha_sweep,empirical FDR / nominal alpha
tikz-v1,figure1_supp,fdr_ratio_atlas_r1_c4,$N_{cal}$ by FDR level,4,heatmap_cell,standard_conformal_bh,perfect,alpha_sweep,-1.3010299956639813,1.7999999999999998,-1.451544993495972,-1.1505149978319906,1.7,1.9,0.05,nominal FDR $\alpha$,0.05,1000,0.05,,25,100,0.0,0.0,0.0,0.0,0.0,0.7958800173440752,1.0,1.0,2500,perfect_alpha_sweep,empirical FDR / nominal alpha
tikz-v1,figure1_supp,fdr_ratio_atlas_r1_c4,$N_{cal}$ by FDR level,4,heatmap_cell,standard_conformal_bh,perfect,alpha_sweep,-1.3010299956639813,2.0,-1.451544993495972,-1.1505149978319906,1.9,2.1,0.05,nominal FDR $\alpha$,0.05,1000,0.05,,25,100,0.0,0.0,0.0,0.0,0.0,0.5977386175453198,1.0,1.0,2500,perfect_alpha_sweep,empirical FDR / nominal alpha
tikz-v1,figure1_supp,fdr_ratio_atlas_r1_c4,$N_{cal}$ by FDR level,4,heatmap_cell,standard_conformal_bh,perfect,alpha_sweep,-1.3010299956639813,2.2,-1.451544993495972,-1.1505149978319906,2.1,2.3,0.05,nominal FDR $\alpha$,0.05,1000,0.05,,25,100,0.0,0.0,0.0,0.0,0.0,0.4006628670075109,1.0,1.0,2500,perfect_alpha_sweep,empirical FDR / nominal alpha
tikz-v1,figure1_supp,fdr_ratio_atlas_r1_c4,$N_{cal}$ by FDR level,4,heatmap_cell,standard_conformal_bh,perfect,alpha_sweep,-1.3010299956639813,2.4,-1.451544993495972,-1.1505149978319906,2.3,2.5,0.05,nominal FDR $\alpha$,0.05,1000,0.05,,25,100,0.0,0.0,0.0,0.0,0.0,0.2006594505464182,1.0,1.0,2500,perfect_alpha_sweep,empirical FDR / nominal alpha
tikz-v1,figure1_supp,fdr_ratio_atlas_r1_c4,$N_{cal}$ by FDR level,4,heatmap_cell,standard_conformal_bh,perfect,alpha_sweep,-1.3010299956639813,2.6,-1.451544993495972,-1.1505149978319906,2.5,2.7,0.05,nominal FDR $\alpha$,0.05,1000,0.05,,25,100,0.644798175098394,0.644798175098394,0.624,0.624,0.0322399087549197,0.0010870956412141,1.0,1.0,2500,perfect_alpha_sweep,empirical FDR / nominal alpha
tikz-v1,figure1_supp,fdr_ratio_atlas_r1_c4,$N_{cal}$ by FDR level,4,heatmap_cell,standard_conformal_bh,perfect,alpha_sweep,-1.3010299956639813,2.8,-1.451544993495972,-1.1505149978319906,2.7,2.9,0.05,nominal FDR $\alpha$,0.05,1000,0.05,,25,100,0.746328240465344,0.746328240465344,1.0,1.0,0.0373164120232672,-0.1986570869544226,0.0,1.0,2500,perfect_alpha_sweep,empirical FDR / nominal alpha
tikz-v1,figure1_supp,fdr_ratio_atlas_r1_c4,$N_{cal}$ by FDR level,4,heatmap_cell,standard_conformal_bh,perfect,alpha_sweep,-1.3010299956639813,3.0,-1.451544993495972,-1.1505149978319906,2.9,3.1,0.05,nominal FDR $\alpha$,0.05,1000,0.05,,25,100,0.738244331153446,0.738244331153446,1.0,1.0,0.0369122165576723,-0.3983740861513562,0.0,1.0,2500,perfect_alpha_sweep,empirical FDR / nominal alpha
tikz-v1,figure1_supp,fdr_ratio_atlas_r1_c4,$N_{cal}$ by FDR level,4,heatmap_cell,standard_conformal_bh,perfect,alpha_sweep,-1.3010299956639813,3.2,-1.451544993495972,-1.1505149978319906,3.1,3.3,0.05,nominal FDR $\alpha$,0.05,1000,0.05,,25,100,0.7715059277305559,0.7715059277305559,1.0,1.0,0.0385752963865278,-0.5982431916536226,0.0,1.0,2500,perfect_alpha_sweep,empirical FDR / nominal alpha
tikz-v1,figure1_supp,fdr_ratio_atlas_r1_c4,$N_{cal}$ by FDR level,4,heatmap_cell,standard_conformal_bh,perfect,alpha_sweep,-1.3010299956639813,3.4,-1.451544993495972,-1.1505149978319906,3.3,3.5,0.05,nominal FDR $\alpha$,0.05,1000,0.05,,25,100,0.898620825103072,0.898620825103072,1.0,1.0,0.0449310412551536,-0.7981324972646135,0.0,1.0,2500,perfect_alpha_sweep,empirical FDR / nominal alpha
tikz-v1,figure1_supp,fdr_ratio_atlas_r1_c4,$N_{cal}$ by FDR level,4,heatmap_cell,standard_conformal_bh,perfect,alpha_sweep,-1.3010299956639813,3.6,-1.451544993495972,-1.1505149978319906,3.5,3.7,0.05,nominal FDR $\alpha$,0.05,1000,0.05,,25,100,0.877069351288482,0.877069351288482,1.0,1.0,0.0438534675644241,-0.9980412643634284,0.0,1.0,2500,perfect_alpha_sweep,empirical FDR / nominal alpha
tikz-v1,figure1_supp,fdr_ratio_atlas_r1_c4,$N_{cal}$ by FDR level,4,heatmap_cell,standard_conformal_bh,perfect,alpha_sweep,-1.3010299956639813,3.8,-1.451544993495972,-1.1505149978319906,3.7,3.9,0.05,nominal FDR $\alpha$,0.05,1000,0.05,,25,100,0.8673836776245699,0.8673836776245699,1.0,1.0,0.0433691838812285,-1.1980381888468132,0.0,1.0,2500,perfect_alpha_sweep,empirical FDR / nominal alpha
tikz-v1,figure1_supp,fdr_ratio_atlas_r1_c4,$N_{cal}$ by FDR level,4,heatmap_cell,standard_conformal_bh,perfect,alpha_sweep,-1.3010299956639813,4.0,-1.451544993495972,-1.1505149978319906,3.9,4.1,0.05,nominal FDR $\alpha$,0.05,1000,0.05,,25,100,1.011266406535628,1.011266406535628,1.0,1.0,0.0505633203267814,-1.3979834359489005,0.0,1.0,2500,perfect_alpha_sweep,empirical FDR / nominal alpha
tikz-v1,figure1_supp,fdr_ratio_atlas_r1_c4,$N_{cal}$ by FDR level,4,heatmap_cell,standard_conformal_bh,perfect,alpha_sweep,-1.0,1.4,-1.1505149978319906,-0.8494850021680094,1.3,1.5,0.1,nominal FDR $\alpha$,0.1,1000,0.05,,25,100,0.0,0.0,0.0,0.0,0.0,0.8860566476931633,1.0,1.0,2500,perfect_alpha_sweep,empirical FDR / nominal alpha
tikz-v1,figure1_supp,fdr_ratio_atlas_r1_c4,$N_{cal}$ by FDR level,4,heatmap_cell,standard_conformal_bh,perfect,alpha_sweep,-1.0,1.6,-1.1505149978319906,-0.8494850021680094,1.5,1.7,0.1,nominal FDR $\alpha$,0.1,1000,0.05,,25,100,0.0,0.0,0.0,0.0,0.0,0.6882461389442457,1.0,1.0,2500,perfect_alpha_sweep,empirical FDR / nominal alpha
tikz-v1,figure1_supp,fdr_ratio_atlas_r1_c4,$N_{cal}$ by FDR level,4,heatmap_cell,standard_conformal_bh,perfect,alpha_sweep,-1.0,1.7999999999999998,-1.1505149978319906,-0.8494850021680094,1.7,1.9,0.1,nominal FDR $\alpha$,0.1,1000,0.05,,25,100,0.0,0.0,0.0,0.0,0.0,0.494850021680094,1.0,1.0,2500,perfect_alpha_sweep,empirical FDR / nominal alpha
tikz-v1,figure1_supp,fdr_ratio_atlas_r1_c4,$N_{cal}$ by FDR level,4,heatmap_cell,standard_conformal_bh,perfect,alpha_sweep,-1.0,2.0,-1.1505149978319906,-0.8494850021680094,1.9,2.1,0.1,nominal FDR $\alpha$,0.1,1000,0.05,,25,100,0.026606856742558,0.026606856742558,0.0052,0.0052,0.0026606856742558,0.2967086218813386,1.0,1.0,2500,perfect_alpha_sweep,empirical FDR / nominal alpha
tikz-v1,figure1_supp,fdr_ratio_atlas_r1_c4,$N_{cal}$ by FDR level,4,heatmap_cell,standard_conformal_bh,perfect,alpha_sweep,-1.0,2.2,-1.1505149978319906,-0.8494850021680094,2.1,2.3,0.1,nominal FDR $\alpha$,0.1,1000,0.05,,25,100,0.340275955367329,0.340275955367329,0.132,0.132,0.0340275955367329,0.0996328713435296,1.0,1.0,2500,perfect_alpha_sweep,empirical FDR / nominal alpha
tikz-v1,figure1_supp,fdr_ratio_atlas_r1_c4,$N_{cal}$ by FDR level,4,heatmap_cell,standard_conformal_bh,perfect,alpha_sweep,-1.0,2.4,-1.1505149978319906,-0.8494850021680094,2.3,2.5,0.1,nominal FDR $\alpha$,0.1,1000,0.05,,25,100,0.580362972606603,0.580362972606603,1.0,1.0,0.0580362972606603,-0.1003705451175629,0.0,1.0,2500,perfect_alpha_sweep,empirical FDR / nominal alpha
tikz-v1,figure1_supp,fdr_ratio_atlas_r1_c4,$N_{cal}$ by FDR level,4,heatmap_cell,standard_conformal_bh,perfect,alpha_sweep,-1.0,2.6,-1.1505149978319906,-0.8494850021680094,2.5,2.7,0.1,nominal FDR $\alpha$,0.1,1000,0.05,,25,100,0.848041375443896,0.848041375443896,1.0,1.0,0.0848041375443896,-0.2999429000227671,0.0,1.0,2500,perfect_alpha_sweep,empirical FDR / nominal alpha
tikz-v1,figure1_supp,fdr_ratio_atlas_r1_c4,$N_{cal}$ by FDR level,4,heatmap_cell,standard_conformal_bh,perfect,alpha_sweep,-1.0,2.8,-1.1505149978319906,-0.8494850021680094,2.7,2.9,0.1,nominal FDR $\alpha$,0.1,1000,0.05,,25,100,1.064045189353137,1.064045189353137,1.0,1.0,0.1064045189353137,-0.4996870826184039,0.0,1.0,2500,perfect_alpha_sweep,empirical FDR / nominal alpha
tikz-v1,figure1_supp,fdr_ratio_atlas_r1_c4,$N_{cal}$ by FDR level,4,heatmap_cell,standard_conformal_bh,perfect,alpha_sweep,-1.0,3.0,-1.1505149978319906,-0.8494850021680094,2.9,3.1,0.1,nominal FDR $\alpha$,0.1,1000,0.05,,25,100,0.920262274199638,0.920262274199638,1.0,1.0,0.0920262274199638,-0.6994040818153374,0.0,1.0,2500,perfect_alpha_sweep,empirical FDR / nominal alpha
tikz-v1,figure1_supp,fdr_ratio_atlas_r1_c4,$N_{cal}$ by FDR level,4,heatmap_cell,standard_conformal_bh,perfect,alpha_sweep,-1.0,3.2,-1.1505149978319906,-0.8494850021680094,3.1,3.3,0.1,nominal FDR $\alpha$,0.1,1000,0.05,,25,100,0.9032018382323529,0.9032018382323529,1.0,1.0,0.0903201838232353,-0.8992731873176038,0.0,1.0,2500,perfect_alpha_sweep,empirical FDR / nominal alpha
tikz-v1,figure1_supp,fdr_ratio_atlas_r1_c4,$N_{cal}$ by FDR level,4,heatmap_cell,standard_conformal_bh,perfect,alpha_sweep,-1.0,3.4,-1.1505149978319906,-0.8494850021680094,3.3,3.5,0.1,nominal FDR $\alpha$,0.1,1000,0.05,,25,100,0.9384724138562859,0.9384724138562859,1.0,1.0,0.0938472413856286,-1.0991624929285948,0.0,1.0,2500,perfect_alpha_sweep,empirical FDR / nominal alpha
tikz-v1,figure1_supp,fdr_ratio_atlas_r1_c4,$N_{cal}$ by FDR level,4,heatmap_cell,standard_conformal_bh,perfect,alpha_sweep,-1.0,3.6,-1.1505149978319906,-0.8494850021680094,3.5,3.7,0.1,nominal FDR $\alpha$,0.1,1000,0.05,,25,100,0.9305045596409559,0.9305045596409559,1.0,1.0,0.0930504559640956,-1.2990712600274097,0.0,1.0,2500,perfect_alpha_sweep,empirical FDR / nominal alpha
tikz-v1,figure1_supp,fdr_ratio_atlas_r1_c4,$N_{cal}$ by FDR level,4,heatmap_cell,standard_conformal_bh,perfect,alpha_sweep,-1.0,3.8,-1.1505149978319906,-0.8494850021680094,3.7,3.9,0.1,nominal FDR $\alpha$,0.1,1000,0.05,,25,100,0.945979501036753,0.945979501036753,1.0,1.0,0.0945979501036753,-1.4990681845107945,0.0,1.0,2500,perfect_alpha_sweep,empirical FDR / nominal alpha
tikz-v1,figure1_supp,fdr_ratio_atlas_r1_c4,$N_{cal}$ by FDR level,4,heatmap_cell,standard_conformal_bh,perfect,alpha_sweep,-1.0,4.0,-1.1505149978319906,-0.8494850021680094,3.9,4.1,0.1,nominal FDR $\alpha$,0.1,1000,0.05,,25,100,0.915681534700308,0.915681534700308,1.0,1.0,0.0915681534700308,-1.6990134316128815,0.0,1.0,2500,perfect_alpha_sweep,empirical FDR / nominal alpha
tikz-v1,figure1_supp,fdr_ratio_atlas_r1_c4,$N_{cal}$ by FDR level,4,heatmap_cell,standard_conformal_bh,perfect,alpha_sweep,-0.6989700043360187,1.4,-0.8494850021680094,-0.5484550065040281,1.3,1.5,0.2,nominal FDR $\alpha$,0.2,1000,0.05,,25,100,0.0,0.0,0.0,0.0,0.0,0.585026652029182,1.0,1.0,2500,perfect_alpha_sweep,empirical FDR / nominal alpha
tikz-v1,figure1_supp,fdr_ratio_atlas_r1_c4,$N_{cal}$ by FDR level,4,heatmap_cell,standard_conformal_bh,perfect,alpha_sweep,-0.6989700043360187,1.6,-0.8494850021680094,-0.5484550065040281,1.5,1.7,0.2,nominal FDR $\alpha$,0.2,1000,0.05,,25,100,0.0047663976076235,0.0047663976076235,0.0016,0.0016,0.0009532795215247,0.3872161432802645,1.0,1.0,2500,perfect_alpha_sweep,empirical FDR / nominal alpha
tikz-v1,figure1_supp,fdr_ratio_atlas_r1_c4,$N_{cal}$ by FDR level,4,heatmap_cell,standard_conformal_bh,perfect,alpha_sweep,-0.6989700043360187,1.7999999999999998,-0.8494850021680094,-0.5484550065040281,1.7,1.9,0.2,nominal FDR $\alpha$,0.2,1000,0.05,,25,100,0.11395616337593,0.11395616337593,0.054,0.054,0.022791232675186,0.1938200260161128,1.0,1.0,2500,perfect_alpha_sweep,empirical FDR / nominal alpha
tikz-v1,figure1_supp,fdr_ratio_atlas_r1_c4,$N_{cal}$ by FDR level,4,heatmap_cell,standard_conformal_bh,perfect,alpha_sweep,-0.6989700043360187,2.0,-0.8494850021680094,-0.5484550065040281,1.9,2.1,0.2,nominal FDR $\alpha$,0.2,1000,0.05,,25,100,0.8137423463482114,0.8137423463482114,1.0,1.0,0.1627484692696423,-0.0043213737826425,0.0,1.0,2500,perfect_alpha_sweep,empirical FDR / nominal alpha
tikz-v1,figure1_supp,fdr_ratio_atlas_r1_c4,$N_{cal}$ by FDR level,4,heatmap_cell,standard_conformal_bh,perfect,alpha_sweep,-0.6989700043360187,2.2,-0.8494850021680094,-0.5484550065040281,2.1,2.3,0.2,nominal FDR $\alpha$,0.2,1000,0.05,,25,100,0.9569932938352245,0.9569932938352245,1.0,1.0,0.1913986587670449,-0.2013971243204515,0.0,1.0,2500,perfect_alpha_sweep,empirical FDR / nominal alpha
tikz-v1,figure1_supp,fdr_ratio_atlas_r1_c4,$N_{cal}$ by FDR level,4,heatmap_cell,standard_conformal_bh,perfect,alpha_sweep,-0.6989700043360187,2.4,-0.8494850021680094,-0.5484550065040281,2.3,2.5,0.2,nominal FDR $\alpha$,0.2,1000,0.05,,25,100,0.8929743390044015,0.8929743390044015,1.0,1.0,0.1785948678008803,-0.4014005407815441,0.0,1.0,2500,perfect_alpha_sweep,empirical FDR / nominal alpha
tikz-v1,figure1_supp,fdr_ratio_atlas_r1_c4,$N_{cal}$ by FDR level,4,heatmap_cell,standard_conformal_bh,perfect,alpha_sweep,-0.6989700043360187,2.6,-0.8494850021680094,-0.5484550065040281,2.5,2.7,0.2,nominal FDR $\alpha$,0.2,1000,0.05,,25,100,0.8121376752275156,0.8121376752275156,1.0,1.0,0.1624275350455031,-0.6009728956867483,0.0,1.0,2500,perfect_alpha_sweep,empirical FDR / nominal alpha
tikz-v1,figure1_supp,fdr_ratio_atlas_r1_c4,$N_{cal}$ by FDR level,4,heatmap_cell,standard_conformal_bh,perfect,alpha_sweep,-0.6989700043360187,2.8,-0.8494850021680094,-0.5484550065040281,2.7,2.9,0.2,nominal FDR $\alpha$,0.2,1000,0.05,,25,100,0.930332624757532,0.930332624757532,1.0,1.0,0.1860665249515064,-0.800717078282385,0.0,1.0,2500,perfect_alpha_sweep,empirical FDR / nominal alpha
tikz-v1,figure1_supp,fdr_ratio_atlas_r1_c4,$N_{cal}$ by FDR level,4,heatmap_cell,standard_conformal_bh,perfect,alpha_sweep,-0.6989700043360187,3.0,-0.8494850021680094,-0.5484550065040281,2.9,3.1,0.2,nominal FDR $\alpha$,0.2,1000,0.05,,25,100,0.8753815019783895,0.8753815019783895,1.0,1.0,0.1750763003956779,-1.0004340774793186,0.0,1.0,2500,perfect_alpha_sweep,empirical FDR / nominal alpha
tikz-v1,figure1_supp,fdr_ratio_atlas_r1_c4,$N_{cal}$ by FDR level,4,heatmap_cell,standard_conformal_bh,perfect,alpha_sweep,-0.6989700043360187,3.2,-0.8494850021680094,-0.5484550065040281,3.1,3.3,0.2,nominal FDR $\alpha$,0.2,1000,0.05,,25,100,0.9202018307785124,0.9202018307785124,1.0,1.0,0.1840403661557025,-1.200303182981585,0.0,1.0,2500,perfect_alpha_sweep,empirical FDR / nominal alpha
tikz-v1,figure1_supp,fdr_ratio_atlas_r1_c4,$N_{cal}$ by FDR level,4,heatmap_cell,standard_conformal_bh,perfect,alpha_sweep,-0.6989700043360187,3.4,-0.8494850021680094,-0.5484550065040281,3.3,3.5,0.2,nominal FDR $\alpha$,0.2,1000,0.05,,25,100,0.9245222327595699,0.9245222327595699,1.0,1.0,0.184904446551914,-1.400192488592576,0.0,1.0,2500,perfect_alpha_sweep,empirical FDR / nominal alpha
tikz-v1,figure1_supp,fdr_ratio_atlas_r1_c4,$N_{cal}$ by FDR level,4,heatmap_cell,standard_conformal_bh,perfect,alpha_sweep,-0.6989700043360187,3.6,-0.8494850021680094,-0.5484550065040281,3.5,3.7,0.2,nominal FDR $\alpha$,0.2,1000,0.05,,25,100,0.95634923771273,0.95634923771273,1.0,1.0,0.191269847542546,-1.6001012556913907,0.0,1.0,2500,perfect_alpha_sweep,empirical FDR / nominal alpha
tikz-v1,figure1_supp,fdr_ratio_atlas_r1_c4,$N_{cal}$ by FDR level,4,heatmap_cell,standard_conformal_bh,perfect,alpha_sweep,-0.6989700043360187,3.8,-0.8494850021680094,-0.5484550065040281,3.7,3.9,0.2,nominal FDR $\alpha$,0.2,1000,0.05,,25,100,0.9300632372580279,0.9300632372580279,1.0,1.0,0.1860126474516056,-1.8000981801747755,0.0,1.0,2500,perfect_alpha_sweep,empirical FDR / nominal alpha
tikz-v1,figure1_supp,fdr_ratio_atlas_r1_c4,$N_{cal}$ by FDR level,4,heatmap_cell,standard_conformal_bh,perfect,alpha_sweep,-0.6989700043360187,4.0,-0.8494850021680094,-0.5484550065040281,3.9,4.1,0.2,nominal FDR $\alpha$,0.2,1000,0.05,,25,100,0.9302619536476684,0.9302619536476684,1.0,1.0,0.1860523907295337,-2.0000434272768626,0.0,1.0,2500,perfect_alpha_sweep,empirical FDR / nominal alpha
tikz-v1,figure1_supp,fdr_ratio_atlas_r1_c2,$N_{cal}$ by $m$; fixed 10 anomalies,2,heatmap_cell,standard_conformal_bh,perfect,m_fixed_count,1.6989700043360187,1.4,1.548455006504028,1.8494850021680092,1.3,1.5,50.0,test batch size $m$,0.1,50,,10.0,25,100,0.004277056277056,0.004277056277056,0.0008,0.0008,0.0004277056277056,0.2839966563652008,1.0,1.0,2500,perfect_m_fixed_count,empirical FDR / nominal alpha
tikz-v1,figure1_supp,fdr_ratio_atlas_r1_c2,$N_{cal}$ by $m$; fixed 10 anomalies,2,heatmap_cell,standard_conformal_bh,perfect,m_fixed_count,1.6989700043360187,1.6,1.548455006504028,1.8494850021680092,1.5,1.7,50.0,test batch size $m$,0.1,50,,10.0,25,100,0.18898901098901097,0.18898901098901097,0.0752,0.0752,0.0188989010989011,0.0861861476162833,1.0,1.0,2500,perfect_m_fixed_count,empirical FDR / nominal alpha
tikz-v1,figure1_supp,fdr_ratio_atlas_r1_c2,$N_{cal}$ by $m$; fixed 10 anomalies,2,heatmap_cell,standard_conformal_bh,perfect,m_fixed_count,1.6989700043360187,1.7999999999999998,1.548455006504028,1.8494850021680092,1.7,1.9,50.0,test batch size $m$,0.1,50,,10.0,25,100,0.6902847838436069,0.6902847838436069,1.0,1.0,0.0690284783843607,-0.1072099696478683,0.0,1.0,2500,perfect_m_fixed_count,empirical FDR / nominal alpha
tikz-v1,figure1_supp,fdr_ratio_atlas_r1_c2,$N_{cal}$ by $m$; fixed 10 anomalies,2,heatmap_cell,standard_conformal_bh,perfect,m_fixed_count,1.6989700043360187,2.0,1.548455006504028,1.8494850021680092,1.9,2.1,50.0,test batch size $m$,0.1,50,,10.0,25,100,0.7084857266916079,0.7084857266916079,1.0,1.0,0.0708485726691608,-0.3053513694466238,0.0,1.0,2500,perfect_m_fixed_count,empirical FDR / nominal alpha
tikz-v1,figure1_supp,fdr_ratio_atlas_r1_c2,$N_{cal}$ by $m$; fixed 10 anomalies,2,heatmap_cell,standard_conformal_bh,perfect,m_fixed_count,1.6989700043360187,2.2,1.548455006504028,1.8494850021680092,2.1,2.3,50.0,test batch size $m$,0.1,50,,10.0,25,100,0.564018432547844,0.564018432547844,1.0,1.0,0.0564018432547844,-0.5024271199844327,0.0,1.0,2500,perfect_m_fixed_count,empirical FDR / nominal alpha
tikz-v1,figure1_supp,fdr_ratio_atlas_r1_c2,$N_{cal}$ by $m$; fixed 10 anomalies,2,heatmap_cell,standard_conformal_bh,perfect,m_fixed_count,1.6989700043360187,2.4,1.548455006504028,1.8494850021680092,2.3,2.5,50.0,test batch size $m$,0.1,50,,10.0,25,100,0.6713534243534239,0.6713534243534239,1.0,1.0,0.0671353424353424,-0.7024305364455253,0.0,1.0,2500,perfect_m_fixed_count,empirical FDR / nominal alpha
tikz-v1,figure1_supp,fdr_ratio_atlas_r1_c2,$N_{cal}$ by $m$; fixed 10 anomalies,2,heatmap_cell,standard_conformal_bh,perfect,m_fixed_count,1.6989700043360187,2.6,1.548455006504028,1.8494850021680092,2.5,2.7,50.0,test batch size $m$,0.1,50,,10.0,25,100,0.77259947895242,0.77259947895242,1.0,1.0,0.077259947895242,-0.9020028913507294,0.0,1.0,2500,perfect_m_fixed_count,empirical FDR / nominal alpha
tikz-v1,figure1_supp,fdr_ratio_atlas_r1_c2,$N_{cal}$ by $m$; fixed 10 anomalies,2,heatmap_cell,standard_conformal_bh,perfect,m_fixed_count,1.6989700043360187,2.8,1.548455006504028,1.8494850021680092,2.7,2.9,50.0,test batch size $m$,0.1,50,,10.0,25,100,0.8916769962064081,0.8916769962064081,1.0,1.0,0.0891676996206408,-1.1017470739463662,0.0,1.0,2500,perfect_m_fixed_count,empirical FDR / nominal alpha
tikz-v1,figure1_supp,fdr_ratio_atlas_r1_c2,$N_{cal}$ by $m$; fixed 10 anomalies,2,heatmap_cell,standard_conformal_bh,perfect,m_fixed_count,1.6989700043360187,3.0,1.548455006504028,1.8494850021680092,2.9,3.1,50.0,test batch size $m$,0.1,50,,10.0,25,100,0.8517585421114829,0.8517585421114829,1.0,1.0,0.0851758542111483,-1.3014640731432998,0.0,1.0,2500,perfect_m_fixed_count,empirical FDR / nominal alpha
tikz-v1,figure1_supp,fdr_ratio_atlas_r1_c2,$N_{cal}$ by $m$; fixed 10 anomalies,2,heatmap_cell,standard_conformal_bh,perfect,m_fixed_count,1.6989700043360187,3.2,1.548455006504028,1.8494850021680092,3.1,3.3,50.0,test batch size $m$,0.1,50,,10.0,25,100,0.8312777614542319,0.8312777614542319,1.0,1.0,0.0831277761454232,-1.501333178645566,0.0,1.0,2500,perfect_m_fixed_count,empirical FDR / nominal alpha
tikz-v1,figure1_supp,fdr_ratio_atlas_r1_c2,$N_{cal}$ by $m$; fixed 10 anomalies,2,heatmap_cell,standard_conformal_bh,perfect,m_fixed_count,1.6989700043360187,3.4,1.548455006504028,1.8494850021680092,3.3,3.5,50.0,test batch size $m$,0.1,50,,10.0,25,100,0.8200898774428179,0.8200898774428179,1.0,1.0,0.0820089877442818,-1.701222484256557,0.0,1.0,2500,perfect_m_fixed_count,empirical FDR / nominal alpha
tikz-v1,figure1_supp,fdr_ratio_atlas_r1_c2,$N_{cal}$ by $m$; fixed 10 anomalies,2,heatmap_cell,standard_conformal_bh,perfect,m_fixed_count,1.6989700043360187,3.6,1.548455006504028,1.8494850021680092,3.5,3.7,50.0,test batch size $m$,0.1,50,,10.0,25,100,0.7811177156177149,0.7811177156177149,1.0,1.0,0.0781117715617715,-1.901131251355372,0.0,1.0,2500,perfect_m_fixed_count,empirical FDR / nominal alpha
tikz-v1,figure1_supp,fdr_ratio_atlas_r1_c2,$N_{cal}$ by $m$; fixed 10 anomalies,2,heatmap_cell,standard_conformal_bh,perfect,m_fixed_count,1.6989700043360187,3.8,1.548455006504028,1.8494850021680092,3.7,3.9,50.0,test batch size $m$,0.1,50,,10.0,25,100,0.8171616366090049,0.8171616366090049,1.0,1.0,0.0817161636609005,-2.101128175838757,0.0,1.0,2500,perfect_m_fixed_count,empirical FDR / nominal alpha
tikz-v1,figure1_supp,fdr_ratio_atlas_r1_c2,$N_{cal}$ by $m$; fixed 10 anomalies,2,heatmap_cell,standard_conformal_bh,perfect,m_fixed_count,1.6989700043360187,4.0,1.548455006504028,1.8494850021680092,3.9,4.1,50.0,test batch size $m$,0.1,50,,10.0,25,100,0.790106782106782,0.790106782106782,1.0,1.0,0.0790106782106782,-2.301073422940844,0.0,1.0,2500,perfect_m_fixed_count,empirical FDR / nominal alpha
tikz-v1,figure1_supp,fdr_ratio_atlas_r1_c2,$N_{cal}$ by $m$; fixed 10 anomalies,2,heatmap_cell,standard_conformal_bh,perfect,m_fixed_count,2.0,1.4,1.8494850021680092,2.15051499783199,1.3,1.5,100.0,test batch size $m$,0.1,100,,10.0,25,100,0.0,0.0,0.0,0.0,0.0,0.585026652029182,1.0,1.0,2500,perfect_m_fixed_count,empirical FDR / nominal alpha
tikz-v1,figure1_supp,fdr_ratio_atlas_r1_c2,$N_{cal}$ by $m$; fixed 10 anomalies,2,heatmap_cell,standard_conformal_bh,perfect,m_fixed_count,2.0,1.6,1.8494850021680092,2.15051499783199,1.5,1.7,100.0,test batch size $m$,0.1,100,,10.0,25,100,0.0,0.0,0.0,0.0,0.0,0.3872161432802645,1.0,1.0,2500,perfect_m_fixed_count,empirical FDR / nominal alpha
tikz-v1,figure1_supp,fdr_ratio_atlas_r1_c2,$N_{cal}$ by $m$; fixed 10 anomalies,2,heatmap_cell,standard_conformal_bh,perfect,m_fixed_count,2.0,1.7999999999999998,1.8494850021680092,2.15051499783199,1.7,1.9,100.0,test batch size $m$,0.1,100,,10.0,25,100,0.29973608962342296,0.29973608962342296,0.0716,0.0716,0.0299736089623423,0.1938200260161128,1.0,1.0,2500,perfect_m_fixed_count,empirical FDR / nominal alpha
tikz-v1,figure1_supp,fdr_ratio_atlas_r1_c2,$N_{cal}$ by $m$; fixed 10 anomalies,2,heatmap_cell,standard_conformal_bh,perfect,m_fixed_count,2.0,2.0,1.8494850021680092,2.15051499783199,1.9,2.1,100.0,test batch size $m$,0.1,100,,10.0,25,100,0.717910655563906,0.717910655563906,1.0,1.0,0.0717910655563906,-0.0043213737826425,0.0,1.0,2500,perfect_m_fixed_count,empirical FDR / nominal alpha
tikz-v1,figure1_supp,fdr_ratio_atlas_r1_c2,$N_{cal}$ by $m$; fixed 10 anomalies,2,heatmap_cell,standard_conformal_bh,perfect,m_fixed_count,2.0,2.2,1.8494850021680092,2.15051499783199,2.1,2.3,100.0,test batch size $m$,0.1,100,,10.0,25,100,0.501433439109909,0.501433439109909,1.0,1.0,0.0501433439109909,-0.2013971243204515,0.0,1.0,2500,perfect_m_fixed_count,empirical FDR / nominal alpha
tikz-v1,figure1_supp,fdr_ratio_atlas_r1_c2,$N_{cal}$ by $m$; fixed 10 anomalies,2,heatmap_cell,standard_conformal_bh,perfect,m_fixed_count,2.0,2.4,1.8494850021680092,2.15051499783199,2.3,2.5,100.0,test batch size $m$,0.1,100,,10.0,25,100,0.9986065152597648,0.9986065152597648,1.0,1.0,0.0998606515259765,-0.4014005407815441,0.0,1.0,2500,perfect_m_fixed_count,empirical FDR / nominal alpha
tikz-v1,figure1_supp,fdr_ratio_atlas_r1_c2,$N_{cal}$ by $m$; fixed 10 anomalies,2,heatmap_cell,standard_conformal_bh,perfect,m_fixed_count,2.0,2.6,1.8494850021680092,2.15051499783199,2.5,2.7,100.0,test batch size $m$,0.1,100,,10.0,25,100,0.640138254762093,0.640138254762093,1.0,1.0,0.0640138254762093,-0.6009728956867483,0.0,1.0,2500,perfect_m_fixed_count,empirical FDR / nominal alpha
tikz-v1,figure1_supp,fdr_ratio_atlas_r1_c2,$N_{cal}$ by $m$; fixed 10 anomalies,2,heatmap_cell,standard_conformal_bh,perfect,m_fixed_count,2.0,2.8,1.8494850021680092,2.15051499783199,2.7,2.9,100.0,test batch size $m$,0.1,100,,10.0,25,100,0.891876482306822,0.891876482306822,1.0,1.0,0.0891876482306822,-0.800717078282385,0.0,1.0,2500,perfect_m_fixed_count,empirical FDR / nominal alpha
tikz-v1,figure1_supp,fdr_ratio_atlas_r1_c2,$N_{cal}$ by $m$; fixed 10 anomalies,2,heatmap_cell,standard_conformal_bh,perfect,m_fixed_count,2.0,3.0,1.8494850021680092,2.15051499783199,2.9,3.1,100.0,test batch size $m$,0.1,100,,10.0,25,100,0.9118498168498159,0.9118498168498159,1.0,1.0,0.0911849816849816,-1.0004340774793186,0.0,1.0,2500,perfect_m_fixed_count,empirical FDR / nominal alpha
tikz-v1,figure1_supp,fdr_ratio_atlas_r1_c2,$N_{cal}$ by $m$; fixed 10 anomalies,2,heatmap_cell,standard_conformal_bh,perfect,m_fixed_count,2.0,3.2,1.8494850021680092,2.15051499783199,3.1,3.3,100.0,test batch size $m$,0.1,100,,10.0,25,100,0.9106788832082949,0.9106788832082949,1.0,1.0,0.0910678883208295,-1.200303182981585,0.0,1.0,2500,perfect_m_fixed_count,empirical FDR / nominal alpha
tikz-v1,figure1_supp,fdr_ratio_atlas_r1_c2,$N_{cal}$ by $m$; fixed 10 anomalies,2,heatmap_cell,standard_conformal_bh,perfect,m_fixed_count,2.0,3.4,1.8494850021680092,2.15051499783199,3.3,3.5,100.0,test batch size $m$,0.1,100,,10.0,25,100,0.7749919916684619,0.7749919916684619,1.0,1.0,0.0774991991668462,-1.400192488592576,0.0,1.0,2500,perfect_m_fixed_count,empirical FDR / nominal alpha
tikz-v1,figure1_supp,fdr_ratio_atlas_r1_c2,$N_{cal}$ by $m$; fixed 10 anomalies,2,heatmap_cell,standard_conformal_bh,perfect,m_fixed_count,2.0,3.6,1.8494850021680092,2.15051499783199,3.5,3.7,100.0,test batch size $m$,0.1,100,,10.0,25,100,0.854443928620399,0.854443928620399,1.0,1.0,0.0854443928620399,-1.6001012556913907,0.0,1.0,2500,perfect_m_fixed_count,empirical FDR / nominal alpha
tikz-v1,figure1_supp,fdr_ratio_atlas_r1_c2,$N_{cal}$ by $m$; fixed 10 anomalies,2,heatmap_cell,standard_conformal_bh,perfect,m_fixed_count,2.0,3.8,1.8494850021680092,2.15051499783199,3.7,3.9,100.0,test batch size $m$,0.1,100,,10.0,25,100,0.9082606184665,0.9082606184665,1.0,1.0,0.09082606184665,-1.8000981801747755,0.0,1.0,2500,perfect_m_fixed_count,empirical FDR / nominal alpha
tikz-v1,figure1_supp,fdr_ratio_atlas_r1_c2,$N_{cal}$ by $m$; fixed 10 anomalies,2,heatmap_cell,standard_conformal_bh,perfect,m_fixed_count,2.0,4.0,1.8494850021680092,2.15051499783199,3.9,4.1,100.0,test batch size $m$,0.1,100,,10.0,25,100,0.911326085679026,0.911326085679026,1.0,1.0,0.0911326085679026,-2.0000434272768626,0.0,1.0,2500,perfect_m_fixed_count,empirical FDR / nominal alpha
tikz-v1,figure1_supp,fdr_ratio_atlas_r1_c2,$N_{cal}$ by $m$; fixed 10 anomalies,2,heatmap_cell,standard_conformal_bh,perfect,m_fixed_count,2.3010299956639813,1.4,2.15051499783199,2.5,1.3,1.5,200.0,test batch size $m$,0.1,200,,10.0,25,100,0.0,0.0,0.0,0.0,0.0,0.8860566476931633,1.0,1.0,2500,perfect_m_fixed_count,empirical FDR / nominal alpha
tikz-v1,figure1_supp,fdr_ratio_atlas_r1_c2,$N_{cal}$ by $m$; fixed 10 anomalies,2,heatmap_cell,standard_conformal_bh,perfect,m_fixed_count,2.3010299956639813,1.6,2.15051499783199,2.5,1.5,1.7,200.0,test batch size $m$,0.1,200,,10.0,25,100,0.0,0.0,0.0,0.0,0.0,0.6882461389442457,1.0,1.0,2500,perfect_m_fixed_count,empirical FDR / nominal alpha
tikz-v1,figure1_supp,fdr_ratio_atlas_r1_c2,$N_{cal}$ by $m$; fixed 10 anomalies,2,heatmap_cell,standard_conformal_bh,perfect,m_fixed_count,2.3010299956639813,1.7999999999999998,2.15051499783199,2.5,1.7,1.9,200.0,test batch size $m$,0.1,200,,10.0,25,100,0.0,0.0,0.0,0.0,0.0,0.494850021680094,1.0,1.0,2500,perfect_m_fixed_count,empirical FDR / nominal alpha
tikz-v1,figure1_supp,fdr_ratio_atlas_r1_c2,$N_{cal}$ by $m$; fixed 10 anomalies,2,heatmap_cell,standard_conformal_bh,perfect,m_fixed_count,2.3010299956639813,2.0,2.15051499783199,2.5,1.9,2.1,200.0,test batch size $m$,0.1,200,,10.0,25,100,0.024798795407490998,0.024798795407490998,0.0048,0.0048,0.0024798795407491,0.2967086218813386,1.0,1.0,2500,perfect_m_fixed_count,empirical FDR / nominal alpha
tikz-v1,figure1_supp,fdr_ratio_atlas_r1_c2,$N_{cal}$ by $m$; fixed 10 anomalies,2,heatmap_cell,standard_conformal_bh,perfect,m_fixed_count,2.3010299956639813,2.2,2.15051499783199,2.5,2.1,2.3,200.0,test batch size $m$,0.1,200,,10.0,25,100,0.5323888256566269,0.5323888256566269,0.1784,0.1784,0.0532388825656627,0.0996328713435296,1.0,1.0,2500,perfect_m_fixed_count,empirical FDR / nominal alpha
tikz-v1,figure1_supp,fdr_ratio_atlas_r1_c2,$N_{cal}$ by $m$; fixed 10 anomalies,2,heatmap_cell,standard_conformal_bh,perfect,m_fixed_count,2.3010299956639813,2.4,2.15051499783199,2.5,2.3,2.5,200.0,test batch size $m$,0.1,200,,10.0,25,100,0.5733924539512769,0.5733924539512769,1.0,1.0,0.0573392453951277,-0.1003705451175629,0.0,1.0,2500,perfect_m_fixed_count,empirical FDR / nominal alpha
tikz-v1,figure1_supp,fdr_ratio_atlas_r1_c2,$N_{cal}$ by $m$; fixed 10 anomalies,2,heatmap_cell,standard_conformal_bh,perfect,m_fixed_count,2.3010299956639813,2.6,2.15051499783199,2.5,2.5,2.7,200.0,test batch size $m$,0.1,200,,10.0,25,100,0.831573194779077,0.831573194779077,1.0,1.0,0.0831573194779077,-0.2999429000227671,0.0,1.0,2500,perfect_m_fixed_count,empirical FDR / nominal alpha
tikz-v1,figure1_supp,fdr_ratio_atlas_r1_c2,$N_{cal}$ by $m$; fixed 10 anomalies,2,heatmap_cell,standard_conformal_bh,perfect,m_fixed_count,2.3010299956639813,2.8,2.15051499783199,2.5,2.7,2.9,200.0,test batch size $m$,0.1,200,,10.0,25,100,0.7882679960218659,0.7882679960218659,1.0,1.0,0.0788267996021866,-0.4996870826184039,0.0,1.0,2500,perfect_m_fixed_count,empirical FDR / nominal alpha
tikz-v1,figure1_supp,fdr_ratio_atlas_r1_c2,$N_{cal}$ by $m$; fixed 10 anomalies,2,heatmap_cell,standard_conformal_bh,perfect,m_fixed_count,2.3010299956639813,3.0,2.15051499783199,2.5,2.9,3.1,200.0,test batch size $m$,0.1,200,,10.0,25,100,0.8828346923114719,0.8828346923114719,1.0,1.0,0.0882834692311472,-0.6994040818153374,0.0,1.0,2500,perfect_m_fixed_count,empirical FDR / nominal alpha
tikz-v1,figure1_supp,fdr_ratio_atlas_r1_c2,$N_{cal}$ by $m$; fixed 10 anomalies,2,heatmap_cell,standard_conformal_bh,perfect,m_fixed_count,2.3010299956639813,3.2,2.15051499783199,2.5,3.1,3.3,200.0,test batch size $m$,0.1,200,,10.0,25,100,0.868615531527296,0.868615531527296,1.0,1.0,0.0868615531527296,-0.8992731873176038,0.0,1.0,2500,perfect_m_fixed_count,empirical FDR / nominal alpha
tikz-v1,figure1_supp,fdr_ratio_atlas_r1_c2,$N_{cal}$ by $m$; fixed 10 anomalies,2,heatmap_cell,standard_conformal_bh,perfect,m_fixed_count,2.3010299956639813,3.4,2.15051499783199,2.5,3.3,3.5,200.0,test batch size $m$,0.1,200,,10.0,25,100,0.855763870116811,0.855763870116811,1.0,1.0,0.0855763870116811,-1.0991624929285948,0.0,1.0,2500,perfect_m_fixed_count,empirical FDR / nominal alpha
tikz-v1,figure1_supp,fdr_ratio_atlas_r1_c2,$N_{cal}$ by $m$; fixed 10 anomalies,2,heatmap_cell,standard_conformal_bh,perfect,m_fixed_count,2.3010299956639813,3.6,2.15051499783199,2.5,3.5,3.7,200.0,test batch size $m$,0.1,200,,10.0,25,100,0.9157165840695249,0.9157165840695249,1.0,1.0,0.0915716584069525,-1.2990712600274097,0.0,1.0,2500,perfect_m_fixed_count,empirical FDR / nominal alpha
tikz-v1,figure1_supp,fdr_ratio_atlas_r1_c2,$N_{cal}$ by $m$; fixed 10 anomalies,2,heatmap_cell,standard_conformal_bh,perfect,m_fixed_count,2.3010299956639813,3.8,2.15051499783199,2.5,3.7,3.9,200.0,test batch size $m$,0.1,200,,10.0,25,100,0.907185765215176,0.907185765215176,1.0,1.0,0.0907185765215176,-1.4990681845107945,0.0,1.0,2500,perfect_m_fixed_count,empirical FDR / nominal alpha
tikz-v1,figure1_supp,fdr_ratio_atlas_r1_c2,$N_{cal}$ by $m$; fixed 10 anomalies,2,heatmap_cell,standard_conformal_bh,perfect,m_fixed_count,2.3010299956639813,4.0,2.15051499783199,2.5,3.9,4.1,200.0,test batch size $m$,0.1,200,,10.0,25,100,0.954704135733547,0.954704135733547,1.0,1.0,0.0954704135733547,-1.6990134316128815,0.0,1.0,2500,perfect_m_fixed_count,empirical FDR / nominal alpha
tikz-v1,figure1_supp,fdr_ratio_atlas_r1_c2,$N_{cal}$ by $m$; fixed 10 anomalies,2,heatmap_cell,standard_conformal_bh,perfect,m_fixed_count,2.6989700043360187,1.4,2.5,2.8494850021680094,1.3,1.5,500.0,test batch size $m$,0.1,500,,10.0,25,100,0.0,0.0,0.0,0.0,0.0,1.2839966563652008,1.0,1.0,2500,perfect_m_fixed_count,empirical FDR / nominal alpha
tikz-v1,figure1_supp,fdr_ratio_atlas_r1_c2,$N_{cal}$ by $m$; fixed 10 anomalies,2,heatmap_cell,standard_conformal_bh,perfect,m_fixed_count,2.6989700043360187,1.6,2.5,2.8494850021680094,1.5,1.7,500.0,test batch size $m$,0.1,500,,10.0,25,100,0.0,0.0,0.0,0.0,0.0,1.0861861476162833,1.0,1.0,2500,perfect_m_fixed_count,empirical FDR / nominal alpha
tikz-v1,figure1_supp,fdr_ratio_atlas_r1_c2,$N_{cal}$ by $m$; fixed 10 anomalies,2,heatmap_cell,standard_conformal_bh,perfect,m_fixed_count,2.6989700043360187,1.7999999999999998,2.5,2.8494850021680094,1.7,1.9,500.0,test batch size $m$,0.1,500,,10.0,25,100,0.0,0.0,0.0,0.0,0.0,0.8927900303521317,1.0,1.0,2500,perfect_m_fixed_count,empirical FDR / nominal alpha
tikz-v1,figure1_supp,fdr_ratio_atlas_r1_c2,$N_{cal}$ by $m$; fixed 10 anomalies,2,heatmap_cell,standard_conformal_bh,perfect,m_fixed_count,2.6989700043360187,2.0,2.5,2.8494850021680094,1.9,2.1,500.0,test batch size $m$,0.1,500,,10.0,25,100,0.0,0.0,0.0,0.0,0.0,0.6946486305533762,1.0,1.0,2500,perfect_m_fixed_count,empirical FDR / nominal alpha
tikz-v1,figure1_supp,fdr_ratio_atlas_r1_c2,$N_{cal}$ by $m$; fixed 10 anomalies,2,heatmap_cell,standard_conformal_bh,perfect,m_fixed_count,2.6989700043360187,2.2,2.5,2.8494850021680094,2.1,2.3,500.0,test batch size $m$,0.1,500,,10.0,25,100,0.0027878787878779995,0.0027878787878779995,0.0004,0.0004,0.0002787878787878,0.4975728800155673,1.0,1.0,2500,perfect_m_fixed_count,empirical FDR / nominal alpha
tikz-v1,figure1_supp,fdr_ratio_atlas_r1_c2,$N_{cal}$ by $m$; fixed 10 anomalies,2,heatmap_cell,standard_conformal_bh,perfect,m_fixed_count,2.6989700043360187,2.4,2.5,2.8494850021680094,2.3,2.5,500.0,test batch size $m$,0.1,500,,10.0,25,100,0.026839826839825998,0.026839826839825998,0.0052,0.0052,0.0026839826839826,0.2975694635544746,1.0,1.0,2500,perfect_m_fixed_count,empirical FDR / nominal alpha
tikz-v1,figure1_supp,fdr_ratio_atlas_r1_c2,$N_{cal}$ by $m$; fixed 10 anomalies,2,heatmap_cell,standard_conformal_bh,perfect,m_fixed_count,2.6989700043360187,2.6,2.5,2.8494850021680094,2.5,2.7,500.0,test batch size $m$,0.1,500,,10.0,25,100,0.43419674941501496,0.43419674941501496,0.1516,0.1516,0.0434196749415015,0.0979971086492705,1.0,1.0,2500,perfect_m_fixed_count,empirical FDR / nominal alpha
tikz-v1,figure1_supp,fdr_ratio_atlas_r1_c2,$N_{cal}$ by $m$; fixed 10 anomalies,2,heatmap_cell,standard_conformal_bh,perfect,m_fixed_count,2.6989700043360187,2.8,2.5,2.8494850021680094,2.7,2.9,500.0,test batch size $m$,0.1,500,,10.0,25,100,0.7636251404254499,0.7636251404254499,1.0,1.0,0.076362514042545,-0.1017470739463662,0.0,1.0,2500,perfect_m_fixed_count,empirical FDR / nominal alpha
tikz-v1,figure1_supp,fdr_ratio_atlas_r1_c2,$N_{cal}$ by $m$; fixed 10 anomalies,2,heatmap_cell,standard_conformal_bh,perfect,m_fixed_count,2.6989700043360187,3.0,2.5,2.8494850021680094,2.9,3.1,500.0,test batch size $m$,0.1,500,,10.0,25,100,0.612191925721337,0.612191925721337,1.0,1.0,0.0612191925721337,-0.3014640731432998,0.0,1.0,2500,perfect_m_fixed_count,empirical FDR / nominal alpha
tikz-v1,figure1_supp,fdr_ratio_atlas_r1_c2,$N_{cal}$ by $m$; fixed 10 anomalies,2,heatmap_cell,standard_conformal_bh,perfect,m_fixed_count,2.6989700043360187,3.2,2.5,2.8494850021680094,3.1,3.3,500.0,test batch size $m$,0.1,500,,10.0,25,100,0.967604834106382,0.967604834106382,1.0,1.0,0.0967604834106382,-0.5013331786455661,0.0,1.0,2500,perfect_m_fixed_count,empirical FDR / nominal alpha
tikz-v1,figure1_supp,fdr_ratio_atlas_r1_c2,$N_{cal}$ by $m$; fixed 10 anomalies,2,heatmap_cell,standard_conformal_bh,perfect,m_fixed_count,2.6989700043360187,3.4,2.5,2.8494850021680094,3.3,3.5,500.0,test batch size $m$,0.1,500,,10.0,25,100,0.959644993121773,0.959644993121773,1.0,1.0,0.0959644993121773,-0.7012224842565572,0.0,1.0,2500,perfect_m_fixed_count,empirical FDR / nominal alpha
tikz-v1,figure1_supp,fdr_ratio_atlas_r1_c2,$N_{cal}$ by $m$; fixed 10 anomalies,2,heatmap_cell,standard_conformal_bh,perfect,m_fixed_count,2.6989700043360187,3.6,2.5,2.8494850021680094,3.5,3.7,500.0,test batch size $m$,0.1,500,,10.0,25,100,0.8907879244938061,0.8907879244938061,1.0,1.0,0.0890787924493806,-0.901131251355372,0.0,1.0,2500,perfect_m_fixed_count,empirical FDR / nominal alpha
tikz-v1,figure1_supp,fdr_ratio_atlas_r1_c2,$N_{cal}$ by $m$; fixed 10 anomalies,2,heatmap_cell,standard_conformal_bh,perfect,m_fixed_count,2.6989700043360187,3.8,2.5,2.8494850021680094,3.7,3.9,500.0,test batch size $m$,0.1,500,,10.0,25,100,0.944671452730276,0.944671452730276,1.0,1.0,0.0944671452730276,-1.1011281758387568,0.0,1.0,2500,perfect_m_fixed_count,empirical FDR / nominal alpha
tikz-v1,figure1_supp,fdr_ratio_atlas_r1_c2,$N_{cal}$ by $m$; fixed 10 anomalies,2,heatmap_cell,standard_conformal_bh,perfect,m_fixed_count,2.6989700043360187,4.0,2.5,2.8494850021680094,3.9,4.1,500.0,test batch size $m$,0.1,500,,10.0,25,100,0.9929273700156049,0.9929273700156049,1.0,1.0,0.0992927370015605,-1.3010734229408438,0.0,1.0,2500,perfect_m_fixed_count,empirical FDR / nominal alpha
tikz-v1,figure1_supp,fdr_ratio_atlas_r1_c2,$N_{cal}$ by $m$; fixed 10 anomalies,2,heatmap_cell,standard_conformal_bh,perfect,m_fixed_count,3.0,1.4,2.8494850021680094,3.15051499783199,1.3,1.5,1000.0,test batch size $m$,0.1,1000,,10.0,25,100,0.0,0.0,0.0,0.0,0.0,1.585026652029182,1.0,1.0,2500,perfect_m_fixed_count,empirical FDR / nominal alpha
tikz-v1,figure1_supp,fdr_ratio_atlas_r1_c2,$N_{cal}$ by $m$; fixed 10 anomalies,2,heatmap_cell,standard_conformal_bh,perfect,m_fixed_count,3.0,1.6,2.8494850021680094,3.15051499783199,1.5,1.7,1000.0,test batch size $m$,0.1,1000,,10.0,25,100,0.0,0.0,0.0,0.0,0.0,1.3872161432802643,1.0,1.0,2500,perfect_m_fixed_count,empirical FDR / nominal alpha
tikz-v1,figure1_supp,fdr_ratio_atlas_r1_c2,$N_{cal}$ by $m$; fixed 10 anomalies,2,heatmap_cell,standard_conformal_bh,perfect,m_fixed_count,3.0,1.7999999999999998,2.8494850021680094,3.15051499783199,1.7,1.9,1000.0,test batch size $m$,0.1,1000,,10.0,25,100,0.0,0.0,0.0,0.0,0.0,1.193820026016113,1.0,1.0,2500,perfect_m_fixed_count,empirical FDR / nominal alpha
tikz-v1,figure1_supp,fdr_ratio_atlas_r1_c2,$N_{cal}$ by $m$; fixed 10 anomalies,2,heatmap_cell,standard_conformal_bh,perfect,m_fixed_count,3.0,2.0,2.8494850021680094,3.15051499783199,1.9,2.1,1000.0,test batch size $m$,0.1,1000,,10.0,25,100,0.0,0.0,0.0,0.0,0.0,0.9956786262173576,1.0,1.0,2500,perfect_m_fixed_count,empirical FDR / nominal alpha
tikz-v1,figure1_supp,fdr_ratio_atlas_r1_c2,$N_{cal}$ by $m$; fixed 10 anomalies,2,heatmap_cell,standard_conformal_bh,perfect,m_fixed_count,3.0,2.2,2.8494850021680094,3.15051499783199,2.1,2.3,1000.0,test batch size $m$,0.1,1000,,10.0,25,100,0.0,0.0,0.0,0.0,0.0,0.7986028756795486,1.0,1.0,2500,perfect_m_fixed_count,empirical FDR / nominal alpha
tikz-v1,figure1_supp,fdr_ratio_atlas_r1_c2,$N_{cal}$ by $m$; fixed 10 anomalies,2,heatmap_cell,standard_conformal_bh,perfect,m_fixed_count,3.0,2.4,2.8494850021680094,3.15051499783199,2.3,2.5,1000.0,test batch size $m$,0.1,1000,,10.0,25,100,0.0,0.0,0.0,0.0,0.0,0.5985994592184559,1.0,1.0,2500,perfect_m_fixed_count,empirical FDR / nominal alpha
tikz-v1,figure1_supp,fdr_ratio_atlas_r1_c2,$N_{cal}$ by $m$; fixed 10 anomalies,2,heatmap_cell,standard_conformal_bh,perfect,m_fixed_count,3.0,2.6,2.8494850021680094,3.15051499783199,2.5,2.7,1000.0,test batch size $m$,0.1,1000,,10.0,25,100,0.068854575755936,0.068854575755936,0.0108,0.0108,0.0068854575755936,0.3990271043132517,1.0,1.0,2500,perfect_m_fixed_count,empirical FDR / nominal alpha
tikz-v1,figure1_supp,fdr_ratio_atlas_r1_c2,$N_{cal}$ by $m$; fixed 10 anomalies,2,heatmap_cell,standard_conformal_bh,perfect,m_fixed_count,3.0,2.8,2.8494850021680094,3.15051499783199,2.7,2.9,1000.0,test batch size $m$,0.1,1000,,10.0,25,100,0.29471701399511296,0.29471701399511296,0.0656,0.0656,0.0294717013995113,0.199282921717615,1.0,1.0,2500,perfect_m_fixed_count,empirical FDR / nominal alpha
tikz-v1,figure1_supp,fdr_ratio_atlas_r1_c2,$N_{cal}$ by $m$; fixed 10 anomalies,2,heatmap_cell,standard_conformal_bh,perfect,m_fixed_count,3.0,3.0,2.8494850021680094,3.15051499783199,2.9,3.1,1000.0,test batch size $m$,0.1,1000,,10.0,25,100,0.757742985772397,0.757742985772397,1.0,1.0,0.0757742985772397,-0.0004340774793186,0.0,1.0,2500,perfect_m_fixed_count,empirical FDR / nominal alpha
tikz-v1,figure1_supp,fdr_ratio_atlas_r1_c2,$N_{cal}$ by $m$; fixed 10 anomalies,2,heatmap_cell,standard_conformal_bh,perfect,m_fixed_count,3.0,3.2,2.8494850021680094,3.15051499783199,3.1,3.3,1000.0,test batch size $m$,0.1,1000,,10.0,25,100,0.515727130798338,0.515727130798338,1.0,1.0,0.0515727130798338,-0.2003031829815849,0.0,1.0,2500,perfect_m_fixed_count,empirical FDR / nominal alpha
tikz-v1,figure1_supp,fdr_ratio_atlas_r1_c2,$N_{cal}$ by $m$; fixed 10 anomalies,2,heatmap_cell,standard_conformal_bh,perfect,m_fixed_count,3.0,3.4,2.8494850021680094,3.15051499783199,3.3,3.5,1000.0,test batch size $m$,0.1,1000,,10.0,25,100,0.8557510234863169,0.8557510234863169,1.0,1.0,0.0855751023486317,-0.400192488592576,0.0,1.0,2500,perfect_m_fixed_count,empirical FDR / nominal alpha
tikz-v1,figure1_supp,fdr_ratio_atlas_r1_c2,$N_{cal}$ by $m$; fixed 10 anomalies,2,heatmap_cell,standard_conformal_bh,perfect,m_fixed_count,3.0,3.6,2.8494850021680094,3.15051499783199,3.5,3.7,1000.0,test batch size $m$,0.1,1000,,10.0,25,100,0.881118729395819,0.881118729395819,1.0,1.0,0.0881118729395819,-0.6001012556913907,0.0,1.0,2500,perfect_m_fixed_count,empirical FDR / nominal alpha
tikz-v1,figure1_supp,fdr_ratio_atlas_r1_c2,$N_{cal}$ by $m$; fixed 10 anomalies,2,heatmap_cell,standard_conformal_bh,perfect,m_fixed_count,3.0,3.8,2.8494850021680094,3.15051499783199,3.7,3.9,1000.0,test batch size $m$,0.1,1000,,10.0,25,100,0.954337702373306,0.954337702373306,1.0,1.0,0.0954337702373306,-0.8000981801747756,0.0,1.0,2500,perfect_m_fixed_count,empirical FDR / nominal alpha
tikz-v1,figure1_supp,fdr_ratio_atlas_r1_c2,$N_{cal}$ by $m$; fixed 10 anomalies,2,heatmap_cell,standard_conformal_bh,perfect,m_fixed_count,3.0,4.0,2.8494850021680094,3.15051499783199,3.9,4.1,1000.0,test batch size $m$,0.1,1000,,10.0,25,100,0.9385109628933149,0.9385109628933149,1.0,1.0,0.0938510962893315,-1.0000434272768626,0.0,1.0,2500,perfect_m_fixed_count,empirical FDR / nominal alpha
tikz-v1,figure1_supp,fdr_ratio_atlas_r1_c2,$N_{cal}$ by $m$; fixed 10 anomalies,2,heatmap_cell,standard_conformal_bh,perfect,m_fixed_count,3.3010299956639813,1.4,3.15051499783199,3.451544993495972,1.3,1.5,2000.0,test batch size $m$,0.1,2000,,10.0,25,100,0.0,0.0,0.0,0.0,0.0,1.8860566476931635,1.0,1.0,2500,perfect_m_fixed_count,empirical FDR / nominal alpha
tikz-v1,figure1_supp,fdr_ratio_atlas_r1_c2,$N_{cal}$ by $m$; fixed 10 anomalies,2,heatmap_cell,standard_conformal_bh,perfect,m_fixed_count,3.3010299956639813,1.6,3.15051499783199,3.451544993495972,1.5,1.7,2000.0,test batch size $m$,0.1,2000,,10.0,25,100,0.0,0.0,0.0,0.0,0.0,1.6882461389442458,1.0,1.0,2500,perfect_m_fixed_count,empirical FDR / nominal alpha
tikz-v1,figure1_supp,fdr_ratio_atlas_r1_c2,$N_{cal}$ by $m$; fixed 10 anomalies,2,heatmap_cell,standard_conformal_bh,perfect,m_fixed_count,3.3010299956639813,1.7999999999999998,3.15051499783199,3.451544993495972,1.7,1.9,2000.0,test batch size $m$,0.1,2000,,10.0,25,100,0.0,0.0,0.0,0.0,0.0,1.494850021680094,1.0,1.0,2500,perfect_m_fixed_count,empirical FDR / nominal alpha
tikz-v1,figure1_supp,fdr_ratio_atlas_r1_c2,$N_{cal}$ by $m$; fixed 10 anomalies,2,heatmap_cell,standard_conformal_bh,perfect,m_fixed_count,3.3010299956639813,2.0,3.15051499783199,3.451544993495972,1.9,2.1,2000.0,test batch size $m$,0.1,2000,,10.0,25,100,0.0,0.0,0.0,0.0,0.0,1.2967086218813386,1.0,1.0,2500,perfect_m_fixed_count,empirical FDR / nominal alpha
tikz-v1,figure1_supp,fdr_ratio_atlas_r1_c2,$N_{cal}$ by $m$; fixed 10 anomalies,2,heatmap_cell,standard_conformal_bh,perfect,m_fixed_count,3.3010299956639813,2.2,3.15051499783199,3.451544993495972,2.1,2.3,2000.0,test batch size $m$,0.1,2000,,10.0,25,100,0.0,0.0,0.0,0.0,0.0,1.0996328713435295,1.0,1.0,2500,perfect_m_fixed_count,empirical FDR / nominal alpha
tikz-v1,figure1_supp,fdr_ratio_atlas_r1_c2,$N_{cal}$ by $m$; fixed 10 anomalies,2,heatmap_cell,standard_conformal_bh,perfect,m_fixed_count,3.3010299956639813,2.4,3.15051499783199,3.451544993495972,2.3,2.5,2000.0,test batch size $m$,0.1,2000,,10.0,25,100,0.0,0.0,0.0,0.0,0.0,0.8996294548824371,1.0,1.0,2500,perfect_m_fixed_count,empirical FDR / nominal alpha
tikz-v1,figure1_supp,fdr_ratio_atlas_r1_c2,$N_{cal}$ by $m$; fixed 10 anomalies,2,heatmap_cell,standard_conformal_bh,perfect,m_fixed_count,3.3010299956639813,2.6,3.15051499783199,3.451544993495972,2.5,2.7,2000.0,test batch size $m$,0.1,2000,,10.0,25,100,0.0,0.0,0.0,0.0,0.0,0.700057099977233,1.0,1.0,2500,perfect_m_fixed_count,empirical FDR / nominal alpha
tikz-v1,figure1_supp,fdr_ratio_atlas_r1_c2,$N_{cal}$ by $m$; fixed 10 anomalies,2,heatmap_cell,standard_conformal_bh,perfect,m_fixed_count,3.3010299956639813,2.8,3.15051499783199,3.451544993495972,2.7,2.9,2000.0,test batch size $m$,0.1,2000,,10.0,25,100,0.0,0.0,0.0,0.0,0.0,0.5003129173815962,1.0,1.0,2500,perfect_m_fixed_count,empirical FDR / nominal alpha
tikz-v1,figure1_supp,fdr_ratio_atlas_r1_c2,$N_{cal}$ by $m$; fixed 10 anomalies,2,heatmap_cell,standard_conformal_bh,perfect,m_fixed_count,3.3010299956639813,3.0,3.15051499783199,3.451544993495972,2.9,3.1,2000.0,test batch size $m$,0.1,2000,,10.0,25,100,0.002,0.002,0.0004,0.0004,0.0002,0.3005959181846626,1.0,1.0,2500,perfect_m_fixed_count,empirical FDR / nominal alpha
tikz-v1,figure1_supp,fdr_ratio_atlas_r1_c2,$N_{cal}$ by $m$; fixed 10 anomalies,2,heatmap_cell,standard_conformal_bh,perfect,m_fixed_count,3.3010299956639813,3.2,3.15051499783199,3.451544993495972,3.1,3.3,2000.0,test batch size $m$,0.1,2000,,10.0,25,100,0.356196636009329,0.356196636009329,0.124,0.124,0.0356196636009329,0.1007268126823962,1.0,1.0,2500,perfect_m_fixed_count,empirical FDR / nominal alpha
tikz-v1,figure1_supp,fdr_ratio_atlas_r1_c2,$N_{cal}$ by $m$; fixed 10 anomalies,2,heatmap_cell,standard_conformal_bh,perfect,m_fixed_count,3.3010299956639813,3.4,3.15051499783199,3.451544993495972,3.3,3.5,2000.0,test batch size $m$,0.1,2000,,10.0,25,100,0.6025646094531539,0.6025646094531539,1.0,1.0,0.0602564609453154,-0.0991624929285947,0.0,1.0,2500,perfect_m_fixed_count,empirical FDR / nominal alpha
tikz-v1,figure1_supp,fdr_ratio_atlas_r1_c2,$N_{cal}$ by $m$; fixed 10 anomalies,2,heatmap_cell,standard_conformal_bh,perfect,m_fixed_count,3.3010299956639813,3.6,3.15051499783199,3.451544993495972,3.5,3.7,2000.0,test batch size $m$,0.1,2000,,10.0,25,100,0.871382904677022,0.871382904677022,1.0,1.0,0.0871382904677022,-0.2990712600274095,0.0,1.0,2500,perfect_m_fixed_count,empirical FDR / nominal alpha
tikz-v1,figure1_supp,fdr_ratio_atlas_r1_c2,$N_{cal}$ by $m$; fixed 10 anomalies,2,heatmap_cell,standard_conformal_bh,perfect,m_fixed_count,3.3010299956639813,3.8,3.15051499783199,3.451544993495972,3.7,3.9,2000.0,test batch size $m$,0.1,2000,,10.0,25,100,1.104426752014381,1.104426752014381,1.0,1.0,0.1104426752014381,-0.4990681845107945,0.0,1.0,2500,perfect_m_fixed_count,empirical FDR / nominal alpha
tikz-v1,figure1_supp,fdr_ratio_atlas_r1_c2,$N_{cal}$ by $m$; fixed 10 anomalies,2,heatmap_cell,standard_conformal_bh,perfect,m_fixed_count,3.3010299956639813,4.0,3.15051499783199,3.451544993495972,3.9,4.1,2000.0,test batch size $m$,0.1,2000,,10.0,25,100,0.897135313259152,0.897135313259152,1.0,1.0,0.0897135313259152,-0.6990134316128814,0.0,1.0,2500,perfect_m_fixed_count,empirical FDR / nominal alpha
tikz-v1,figure1_supp,fdr_ratio_atlas_r1_c1,$N_{cal}$ by $m$; fixed $\pi_1=0.05$,1,heatmap_cell,standard_conformal_bh,perfect,m_fixed_pi,1.6989700043360187,1.4,1.548455006504028,1.8494850021680092,1.3,1.5,50.0,test batch size $m$,0.1,50,0.05,,25,100,0.0,0.0,0.0,0.0,0.0,0.9829666607012196,1.0,1.0,2500,perfect_m_fixed_pi,empirical FDR / nominal alpha
tikz-v1,figure1_supp,fdr_ratio_atlas_r1_c1,$N_{cal}$ by $m$; fixed $\pi_1=0.05$,1,heatmap_cell,standard_conformal_bh,perfect,m_fixed_pi,1.6989700043360187,1.6,1.548455006504028,1.8494850021680092,1.5,1.7,50.0,test batch size $m$,0.1,50,0.05,,25,100,0.0,0.0,0.0,0.0,0.0,0.7851561519523022,1.0,1.0,2500,perfect_m_fixed_pi,empirical FDR / nominal alpha
tikz-v1,figure1_supp,fdr_ratio_atlas_r1_c1,$N_{cal}$ by $m$; fixed $\pi_1=0.05$,1,heatmap_cell,standard_conformal_bh,perfect,m_fixed_pi,1.6989700043360187,1.7999999999999998,1.548455006504028,1.8494850021680092,1.7,1.9,50.0,test batch size $m$,0.1,50,0.05,,25,100,0.0029999999999999996,0.0029999999999999996,0.0004,0.0004,0.0003,0.5917600346881504,1.0,1.0,2500,perfect_m_fixed_pi,empirical FDR / nominal alpha
tikz-v1,figure1_supp,fdr_ratio_atlas_r1_c1,$N_{cal}$ by $m$; fixed $\pi_1=0.05$,1,heatmap_cell,standard_conformal_bh,perfect,m_fixed_pi,1.6989700043360187,2.0,1.548455006504028,1.8494850021680092,1.9,2.1,50.0,test batch size $m$,0.1,50,0.05,,25,100,0.147390476190476,0.147390476190476,0.024,0.024,0.0147390476190476,0.393618634889395,1.0,1.0,2500,perfect_m_fixed_pi,empirical FDR / nominal alpha
tikz-v1,figure1_supp,fdr_ratio_atlas_r1_c1,$N_{cal}$ by $m$; fixed $\pi_1=0.05$,1,heatmap_cell,standard_conformal_bh,perfect,m_fixed_pi,1.6989700043360187,2.2,1.548455006504028,1.8494850021680092,2.1,2.3,50.0,test batch size $m$,0.1,50,0.05,,25,100,0.3584251082251079,0.3584251082251079,0.0664,0.0664,0.0358425108225108,0.1965428843515861,1.0,1.0,2500,perfect_m_fixed_pi,empirical FDR / nominal alpha
tikz-v1,figure1_supp,fdr_ratio_atlas_r1_c1,$N_{cal}$ by $m$; fixed $\pi_1=0.05$,1,heatmap_cell,standard_conformal_bh,perfect,m_fixed_pi,1.6989700043360187,2.4,1.548455006504028,1.8494850021680092,2.3,2.5,50.0,test batch size $m$,0.1,50,0.05,,25,100,0.801257142857142,0.801257142857142,1.0,1.0,0.0801257142857142,-0.0034605321095065,0.0,1.0,2500,perfect_m_fixed_pi,empirical FDR / nominal alpha
tikz-v1,figure1_supp,fdr_ratio_atlas_r1_c1,$N_{cal}$ by $m$; fixed $\pi_1=0.05$,1,heatmap_cell,standard_conformal_bh,perfect,m_fixed_pi,1.6989700043360187,2.6,1.548455006504028,1.8494850021680092,2.5,2.7,50.0,test batch size $m$,0.1,50,0.05,,25,100,0.859092063492063,0.859092063492063,1.0,1.0,0.0859092063492063,-0.2030328870147106,0.0,1.0,2500,perfect_m_fixed_pi,empirical FDR / nominal alpha
tikz-v1,figure1_supp,fdr_ratio_atlas_r1_c1,$N_{cal}$ by $m$; fixed $\pi_1=0.05$,1,heatmap_cell,standard_conformal_bh,perfect,m_fixed_pi,1.6989700043360187,2.8,1.548455006504028,1.8494850021680092,2.7,2.9,50.0,test batch size $m$,0.1,50,0.05,,25,100,0.9342444444444439,0.9342444444444439,1.0,1.0,0.0934244444444444,-0.4027770696103474,0.0,1.0,2500,perfect_m_fixed_pi,empirical FDR / nominal alpha
tikz-v1,figure1_supp,fdr_ratio_atlas_r1_c1,$N_{cal}$ by $m$; fixed $\pi_1=0.05$,1,heatmap_cell,standard_conformal_bh,perfect,m_fixed_pi,1.6989700043360187,3.0,1.548455006504028,1.8494850021680092,2.9,3.1,50.0,test batch size $m$,0.1,50,0.05,,25,100,1.0371777777777769,1.0371777777777769,1.0,1.0,0.1037177777777777,-0.6024940688072811,0.0,1.0,2500,perfect_m_fixed_pi,empirical FDR / nominal alpha
tikz-v1,figure1_supp,fdr_ratio_atlas_r1_c1,$N_{cal}$ by $m$; fixed $\pi_1=0.05$,1,heatmap_cell,standard_conformal_bh,perfect,m_fixed_pi,1.6989700043360187,3.2,1.548455006504028,1.8494850021680092,3.1,3.3,50.0,test batch size $m$,0.1,50,0.05,,25,100,0.873257142857142,0.873257142857142,1.0,1.0,0.0873257142857142,-0.8023631743095474,0.0,1.0,2500,perfect_m_fixed_pi,empirical FDR / nominal alpha
tikz-v1,figure1_supp,fdr_ratio_atlas_r1_c1,$N_{cal}$ by $m$; fixed $\pi_1=0.05$,1,heatmap_cell,standard_conformal_bh,perfect,m_fixed_pi,1.6989700043360187,3.4,1.548455006504028,1.8494850021680092,3.3,3.5,50.0,test batch size $m$,0.1,50,0.05,,25,100,0.9125999999999999,0.9125999999999999,1.0,1.0,0.09126,-1.0022524799205383,0.0,1.0,2500,perfect_m_fixed_pi,empirical FDR / nominal alpha
tikz-v1,figure1_supp,fdr_ratio_atlas_r1_c1,$N_{cal}$ by $m$; fixed $\pi_1=0.05$,1,heatmap_cell,standard_conformal_bh,perfect,m_fixed_pi,1.6989700043360187,3.6,1.548455006504028,1.8494850021680092,3.5,3.7,50.0,test batch size $m$,0.1,50,0.05,,25,100,0.889257142857142,0.889257142857142,1.0,1.0,0.0889257142857142,-1.2021612470193532,0.0,1.0,2500,perfect_m_fixed_pi,empirical FDR / nominal alpha
tikz-v1,figure1_supp,fdr_ratio_atlas_r1_c1,$N_{cal}$ by $m$; fixed $\pi_1=0.05$,1,heatmap_cell,standard_conformal_bh,perfect,m_fixed_pi,1.6989700043360187,3.8,1.548455006504028,1.8494850021680092,3.7,3.9,50.0,test batch size $m$,0.1,50,0.05,,25,100,0.9228,0.9228,1.0,1.0,0.09228,-1.402158171502738,0.0,1.0,2500,perfect_m_fixed_pi,empirical FDR / nominal alpha
tikz-v1,figure1_supp,fdr_ratio_atlas_r1_c1,$N_{cal}$ by $m$; fixed $\pi_1=0.05$,1,heatmap_cell,standard_conformal_bh,perfect,m_fixed_pi,1.6989700043360187,4.0,1.548455006504028,1.8494850021680092,3.9,4.1,50.0,test batch size $m$,0.1,50,0.05,,25,100,0.944933333333333,0.944933333333333,1.0,1.0,0.0944933333333333,-1.602103418604825,0.0,1.0,2500,perfect_m_fixed_pi,empirical FDR / nominal alpha
tikz-v1,figure1_supp,fdr_ratio_atlas_r1_c1,$N_{cal}$ by $m$; fixed $\pi_1=0.05$,1,heatmap_cell,standard_conformal_bh,perfect,m_fixed_pi,2.0,1.4,1.8494850021680092,2.15051499783199,1.3,1.5,100.0,test batch size $m$,0.1,100,0.05,,25,100,0.0,0.0,0.0,0.0,0.0,0.8860566476931633,1.0,1.0,2500,perfect_m_fixed_pi,empirical FDR / nominal alpha
tikz-v1,figure1_supp,fdr_ratio_atlas_r1_c1,$N_{cal}$ by $m$; fixed $\pi_1=0.05$,1,heatmap_cell,standard_conformal_bh,perfect,m_fixed_pi,2.0,1.6,1.8494850021680092,2.15051499783199,1.5,1.7,100.0,test batch size $m$,0.1,100,0.05,,25,100,0.0,0.0,0.0,0.0,0.0,0.6882461389442457,1.0,1.0,2500,perfect_m_fixed_pi,empirical FDR / nominal alpha
tikz-v1,figure1_supp,fdr_ratio_atlas_r1_c1,$N_{cal}$ by $m$; fixed $\pi_1=0.05$,1,heatmap_cell,standard_conformal_bh,perfect,m_fixed_pi,2.0,1.7999999999999998,1.8494850021680092,2.15051499783199,1.7,1.9,100.0,test batch size $m$,0.1,100,0.05,,25,100,0.011,0.011,0.0016,0.0016,0.0011,0.494850021680094,1.0,1.0,2500,perfect_m_fixed_pi,empirical FDR / nominal alpha
tikz-v1,figure1_supp,fdr_ratio_atlas_r1_c1,$N_{cal}$ by $m$; fixed $\pi_1=0.05$,1,heatmap_cell,standard_conformal_bh,perfect,m_fixed_pi,2.0,2.0,1.8494850021680092,2.15051499783199,1.9,2.1,100.0,test batch size $m$,0.1,100,0.05,,25,100,0.17428213453213398,0.17428213453213398,0.0324,0.0324,0.0174282134532134,0.2967086218813386,1.0,1.0,2500,perfect_m_fixed_pi,empirical FDR / nominal alpha
tikz-v1,figure1_supp,fdr_ratio_atlas_r1_c1,$N_{cal}$ by $m$; fixed $\pi_1=0.05$,1,heatmap_cell,standard_conformal_bh,perfect,m_fixed_pi,2.0,2.2,1.8494850021680092,2.15051499783199,2.1,2.3,100.0,test batch size $m$,0.1,100,0.05,,25,100,0.188461538461538,0.188461538461538,0.06,0.06,0.0188461538461538,0.0996328713435296,1.0,1.0,2500,perfect_m_fixed_pi,empirical FDR / nominal alpha
tikz-v1,figure1_supp,fdr_ratio_atlas_r1_c1,$N_{cal}$ by $m$; fixed $\pi_1=0.05$,1,heatmap_cell,standard_conformal_bh,perfect,m_fixed_pi,2.0,2.4,1.8494850021680092,2.15051499783199,2.3,2.5,100.0,test batch size $m$,0.1,100,0.05,,25,100,0.876629057217292,0.876629057217292,1.0,1.0,0.0876629057217292,-0.1003705451175629,0.0,1.0,2500,perfect_m_fixed_pi,empirical FDR / nominal alpha
tikz-v1,figure1_supp,fdr_ratio_atlas_r1_c1,$N_{cal}$ by $m$; fixed $\pi_1=0.05$,1,heatmap_cell,standard_conformal_bh,perfect,m_fixed_pi,2.0,2.6,1.8494850021680092,2.15051499783199,2.5,2.7,100.0,test batch size $m$,0.1,100,0.05,,25,100,0.78129365079365,0.78129365079365,1.0,1.0,0.078129365079365,-0.2999429000227671,0.0,1.0,2500,perfect_m_fixed_pi,empirical FDR / nominal alpha
tikz-v1,figure1_supp,fdr_ratio_atlas_r1_c1,$N_{cal}$ by $m$; fixed $\pi_1=0.05$,1,heatmap_cell,standard_conformal_bh,perfect,m_fixed_pi,2.0,2.8,1.8494850021680092,2.15051499783199,2.7,2.9,100.0,test batch size $m$,0.1,100,0.05,,25,100,0.805260461760461,0.805260461760461,1.0,1.0,0.0805260461760461,-0.4996870826184039,0.0,1.0,2500,perfect_m_fixed_pi,empirical FDR / nominal alpha
tikz-v1,figure1_supp,fdr_ratio_atlas_r1_c1,$N_{cal}$ by $m$; fixed $\pi_1=0.05$,1,heatmap_cell,standard_conformal_bh,perfect,m_fixed_pi,2.0,3.0,1.8494850021680092,2.15051499783199,2.9,3.1,100.0,test batch size $m$,0.1,100,0.05,,25,100,1.06571262071262,1.06571262071262,1.0,1.0,0.106571262071262,-0.6994040818153374,0.0,1.0,2500,perfect_m_fixed_pi,empirical FDR / nominal alpha
tikz-v1,figure1_supp,fdr_ratio_atlas_r1_c1,$N_{cal}$ by $m$; fixed $\pi_1=0.05$,1,heatmap_cell,standard_conformal_bh,perfect,m_fixed_pi,2.0,3.2,1.8494850021680092,2.15051499783199,3.1,3.3,100.0,test batch size $m$,0.1,100,0.05,,25,100,0.851857142857142,0.851857142857142,1.0,1.0,0.0851857142857142,-0.8992731873176038,0.0,1.0,2500,perfect_m_fixed_pi,empirical FDR / nominal alpha
tikz-v1,figure1_supp,fdr_ratio_atlas_r1_c1,$N_{cal}$ by $m$; fixed $\pi_1=0.05$,1,heatmap_cell,standard_conformal_bh,perfect,m_fixed_pi,2.0,3.4,1.8494850021680092,2.15051499783199,3.3,3.5,100.0,test batch size $m$,0.1,100,0.05,,25,100,0.980848484848484,0.980848484848484,1.0,1.0,0.0980848484848484,-1.0991624929285948,0.0,1.0,2500,perfect_m_fixed_pi,empirical FDR / nominal alpha
tikz-v1,figure1_supp,fdr_ratio_atlas_r1_c1,$N_{cal}$ by $m$; fixed $\pi_1=0.05$,1,heatmap_cell,standard_conformal_bh,perfect,m_fixed_pi,2.0,3.6,1.8494850021680092,2.15051499783199,3.5,3.7,100.0,test batch size $m$,0.1,100,0.05,,25,100,0.918616161616161,0.918616161616161,1.0,1.0,0.0918616161616161,-1.2990712600274097,0.0,1.0,2500,perfect_m_fixed_pi,empirical FDR / nominal alpha
tikz-v1,figure1_supp,fdr_ratio_atlas_r1_c1,$N_{cal}$ by $m$; fixed $\pi_1=0.05$,1,heatmap_cell,standard_conformal_bh,perfect,m_fixed_pi,2.0,3.8,1.8494850021680092,2.15051499783199,3.7,3.9,100.0,test batch size $m$,0.1,100,0.05,,25,100,0.885531024531024,0.885531024531024,1.0,1.0,0.0885531024531024,-1.4990681845107945,0.0,1.0,2500,perfect_m_fixed_pi,empirical FDR / nominal alpha
tikz-v1,figure1_supp,fdr_ratio_atlas_r1_c1,$N_{cal}$ by $m$; fixed $\pi_1=0.05$,1,heatmap_cell,standard_conformal_bh,perfect,m_fixed_pi,2.0,4.0,1.8494850021680092,2.15051499783199,3.9,4.1,100.0,test batch size $m$,0.1,100,0.05,,25,100,0.990452380952381,0.990452380952381,1.0,1.0,0.0990452380952381,-1.6990134316128815,0.0,1.0,2500,perfect_m_fixed_pi,empirical FDR / nominal alpha
tikz-v1,figure1_supp,fdr_ratio_atlas_r1_c1,$N_{cal}$ by $m$; fixed $\pi_1=0.05$,1,heatmap_cell,standard_conformal_bh,perfect,m_fixed_pi,2.3010299956639813,1.4,2.15051499783199,2.5,1.3,1.5,200.0,test batch size $m$,0.1,200,0.05,,25,100,0.0,0.0,0.0,0.0,0.0,0.8860566476931633,1.0,1.0,2500,perfect_m_fixed_pi,empirical FDR / nominal alpha
tikz-v1,figure1_supp,fdr_ratio_atlas_r1_c1,$N_{cal}$ by $m$; fixed $\pi_1=0.05$,1,heatmap_cell,standard_conformal_bh,perfect,m_fixed_pi,2.3010299956639813,1.6,2.15051499783199,2.5,1.5,1.7,200.0,test batch size $m$,0.1,200,0.05,,25,100,0.0,0.0,0.0,0.0,0.0,0.6882461389442457,1.0,1.0,2500,perfect_m_fixed_pi,empirical FDR / nominal alpha
tikz-v1,figure1_supp,fdr_ratio_atlas_r1_c1,$N_{cal}$ by $m$; fixed $\pi_1=0.05$,1,heatmap_cell,standard_conformal_bh,perfect,m_fixed_pi,2.3010299956639813,1.7999999999999998,2.15051499783199,2.5,1.7,1.9,200.0,test batch size $m$,0.1,200,0.05,,25,100,0.0,0.0,0.0,0.0,0.0,0.494850021680094,1.0,1.0,2500,perfect_m_fixed_pi,empirical FDR / nominal alpha
tikz-v1,figure1_supp,fdr_ratio_atlas_r1_c1,$N_{cal}$ by $m$; fixed $\pi_1=0.05$,1,heatmap_cell,standard_conformal_bh,perfect,m_fixed_pi,2.3010299956639813,2.0,2.15051499783199,2.5,1.9,2.1,200.0,test batch size $m$,0.1,200,0.05,,25,100,0.049021645021644994,0.049021645021644994,0.0096,0.0096,0.0049021645021645,0.2967086218813386,1.0,1.0,2500,perfect_m_fixed_pi,empirical FDR / nominal alpha
tikz-v1,figure1_supp,fdr_ratio_atlas_r1_c1,$N_{cal}$ by $m$; fixed $\pi_1=0.05$,1,heatmap_cell,standard_conformal_bh,perfect,m_fixed_pi,2.3010299956639813,2.2,2.15051499783199,2.5,2.1,2.3,200.0,test batch size $m$,0.1,200,0.05,,25,100,0.453667672197083,0.453667672197083,0.1684,0.1684,0.0453667672197083,0.0996328713435296,1.0,1.0,2500,perfect_m_fixed_pi,empirical FDR / nominal alpha
tikz-v1,figure1_supp,fdr_ratio_atlas_r1_c1,$N_{cal}$ by $m$; fixed $\pi_1=0.05$,1,heatmap_cell,standard_conformal_bh,perfect,m_fixed_pi,2.3010299956639813,2.4,2.15051499783199,2.5,2.3,2.5,200.0,test batch size $m$,0.1,200,0.05,,25,100,0.620315171756348,0.620315171756348,1.0,1.0,0.0620315171756348,-0.1003705451175629,0.0,1.0,2500,perfect_m_fixed_pi,empirical FDR / nominal alpha
tikz-v1,figure1_supp,fdr_ratio_atlas_r1_c1,$N_{cal}$ by $m$; fixed $\pi_1=0.05$,1,heatmap_cell,standard_conformal_bh,perfect,m_fixed_pi,2.3010299956639813,2.6,2.15051499783199,2.5,2.5,2.7,200.0,test batch size $m$,0.1,200,0.05,,25,100,0.839821319203672,0.839821319203672,1.0,1.0,0.0839821319203672,-0.2999429000227671,0.0,1.0,2500,perfect_m_fixed_pi,empirical FDR / nominal alpha
tikz-v1,figure1_supp,fdr_ratio_atlas_r1_c1,$N_{cal}$ by $m$; fixed $\pi_1=0.05$,1,heatmap_cell,standard_conformal_bh,perfect,m_fixed_pi,2.3010299956639813,2.8,2.15051499783199,2.5,2.7,2.9,200.0,test batch size $m$,0.1,200,0.05,,25,100,0.856399128735042,0.856399128735042,1.0,1.0,0.0856399128735042,-0.4996870826184039,0.0,1.0,2500,perfect_m_fixed_pi,empirical FDR / nominal alpha
tikz-v1,figure1_supp,fdr_ratio_atlas_r1_c1,$N_{cal}$ by $m$; fixed $\pi_1=0.05$,1,heatmap_cell,standard_conformal_bh,perfect,m_fixed_pi,2.3010299956639813,3.0,2.15051499783199,2.5,2.9,3.1,200.0,test batch size $m$,0.1,200,0.05,,25,100,1.092788701494583,1.092788701494583,1.0,1.0,0.1092788701494583,-0.6994040818153374,0.0,1.0,2500,perfect_m_fixed_pi,empirical FDR / nominal alpha
tikz-v1,figure1_supp,fdr_ratio_atlas_r1_c1,$N_{cal}$ by $m$; fixed $\pi_1=0.05$,1,heatmap_cell,standard_conformal_bh,perfect,m_fixed_pi,2.3010299956639813,3.2,2.15051499783199,2.5,3.1,3.3,200.0,test batch size $m$,0.1,200,0.05,,25,100,1.041367447997478,1.041367447997478,1.0,1.0,0.1041367447997478,-0.8992731873176038,0.0,1.0,2500,perfect_m_fixed_pi,empirical FDR / nominal alpha
tikz-v1,figure1_supp,fdr_ratio_atlas_r1_c1,$N_{cal}$ by $m$; fixed $\pi_1=0.05$,1,heatmap_cell,standard_conformal_bh,perfect,m_fixed_pi,2.3010299956639813,3.4,2.15051499783199,2.5,3.3,3.5,200.0,test batch size $m$,0.1,200,0.05,,25,100,0.897901676754617,0.897901676754617,1.0,1.0,0.0897901676754617,-1.0991624929285948,0.0,1.0,2500,perfect_m_fixed_pi,empirical FDR / nominal alpha
tikz-v1,figure1_supp,fdr_ratio_atlas_r1_c1,$N_{cal}$ by $m$; fixed $\pi_1=0.05$,1,heatmap_cell,standard_conformal_bh,perfect,m_fixed_pi,2.3010299956639813,3.6,2.15051499783199,2.5,3.5,3.7,200.0,test batch size $m$,0.1,200,0.05,,25,100,0.9118706359000469,0.9118706359000469,1.0,1.0,0.0911870635900047,-1.2990712600274097,0.0,1.0,2500,perfect_m_fixed_pi,empirical FDR / nominal alpha
tikz-v1,figure1_supp,fdr_ratio_atlas_r1_c1,$N_{cal}$ by $m$; fixed $\pi_1=0.05$,1,heatmap_cell,standard_conformal_bh,perfect,m_fixed_pi,2.3010299956639813,3.8,2.15051499783199,2.5,3.7,3.9,200.0,test batch size $m$,0.1,200,0.05,,25,100,0.938384531361311,0.938384531361311,1.0,1.0,0.0938384531361311,-1.4990681845107945,0.0,1.0,2500,perfect_m_fixed_pi,empirical FDR / nominal alpha
tikz-v1,figure1_supp,fdr_ratio_atlas_r1_c1,$N_{cal}$ by $m$; fixed $\pi_1=0.05$,1,heatmap_cell,standard_conformal_bh,perfect,m_fixed_pi,2.3010299956639813,4.0,2.15051499783199,2.5,3.9,4.1,200.0,test batch size $m$,0.1,200,0.05,,25,100,0.985185314685314,0.985185314685314,1.0,1.0,0.0985185314685314,-1.6990134316128815,0.0,1.0,2500,perfect_m_fixed_pi,empirical FDR / nominal alpha
tikz-v1,figure1_supp,fdr_ratio_atlas_r1_c1,$N_{cal}$ by $m$; fixed $\pi_1=0.05$,1,heatmap_cell,standard_conformal_bh,perfect,m_fixed_pi,2.6989700043360187,1.4,2.5,2.8494850021680094,1.3,1.5,500.0,test batch size $m$,0.1,500,0.05,,25,100,0.0,0.0,0.0,0.0,0.0,0.8860566476931633,1.0,1.0,2500,perfect_m_fixed_pi,empirical FDR / nominal alpha
tikz-v1,figure1_supp,fdr_ratio_atlas_r1_c1,$N_{cal}$ by $m$; fixed $\pi_1=0.05$,1,heatmap_cell,standard_conformal_bh,perfect,m_fixed_pi,2.6989700043360187,1.6,2.5,2.8494850021680094,1.5,1.7,500.0,test batch size $m$,0.1,500,0.05,,25,100,0.0,0.0,0.0,0.0,0.0,0.6882461389442457,1.0,1.0,2500,perfect_m_fixed_pi,empirical FDR / nominal alpha
tikz-v1,figure1_supp,fdr_ratio_atlas_r1_c1,$N_{cal}$ by $m$; fixed $\pi_1=0.05$,1,heatmap_cell,standard_conformal_bh,perfect,m_fixed_pi,2.6989700043360187,1.7999999999999998,2.5,2.8494850021680094,1.7,1.9,500.0,test batch size $m$,0.1,500,0.05,,25,100,0.0,0.0,0.0,0.0,0.0,0.494850021680094,1.0,1.0,2500,perfect_m_fixed_pi,empirical FDR / nominal alpha
tikz-v1,figure1_supp,fdr_ratio_atlas_r1_c1,$N_{cal}$ by $m$; fixed $\pi_1=0.05$,1,heatmap_cell,standard_conformal_bh,perfect,m_fixed_pi,2.6989700043360187,2.0,2.5,2.8494850021680094,1.9,2.1,500.0,test batch size $m$,0.1,500,0.05,,25,100,0.002,0.002,0.0004,0.0004,0.0002,0.2967086218813386,1.0,1.0,2500,perfect_m_fixed_pi,empirical FDR / nominal alpha
tikz-v1,figure1_supp,fdr_ratio_atlas_r1_c1,$N_{cal}$ by $m$; fixed $\pi_1=0.05$,1,heatmap_cell,standard_conformal_bh,perfect,m_fixed_pi,2.6989700043360187,2.2,2.5,2.8494850021680094,2.1,2.3,500.0,test batch size $m$,0.1,500,0.05,,25,100,0.7266153458776529,0.7266153458776529,0.2468,0.2468,0.0726615345877653,0.0996328713435296,1.0,1.0,2500,perfect_m_fixed_pi,empirical FDR / nominal alpha
tikz-v1,figure1_supp,fdr_ratio_atlas_r1_c1,$N_{cal}$ by $m$; fixed $\pi_1=0.05$,1,heatmap_cell,standard_conformal_bh,perfect,m_fixed_pi,2.6989700043360187,2.4,2.5,2.8494850021680094,2.3,2.5,500.0,test batch size $m$,0.1,500,0.05,,25,100,0.579676781180723,0.579676781180723,1.0,1.0,0.0579676781180723,-0.1003705451175629,0.0,1.0,2500,perfect_m_fixed_pi,empirical FDR / nominal alpha
tikz-v1,figure1_supp,fdr_ratio_atlas_r1_c1,$N_{cal}$ by $m$; fixed $\pi_1=0.05$,1,heatmap_cell,standard_conformal_bh,perfect,m_fixed_pi,2.6989700043360187,2.6,2.5,2.8494850021680094,2.5,2.7,500.0,test batch size $m$,0.1,500,0.05,,25,100,0.720137476118265,0.720137476118265,1.0,1.0,0.0720137476118265,-0.2999429000227671,0.0,1.0,2500,perfect_m_fixed_pi,empirical FDR / nominal alpha
tikz-v1,figure1_supp,fdr_ratio_atlas_r1_c1,$N_{cal}$ by $m$; fixed $\pi_1=0.05$,1,heatmap_cell,standard_conformal_bh,perfect,m_fixed_pi,2.6989700043360187,2.8,2.5,2.8494850021680094,2.7,2.9,500.0,test batch size $m$,0.1,500,0.05,,25,100,0.834896257839175,0.834896257839175,1.0,1.0,0.0834896257839175,-0.4996870826184039,0.0,1.0,2500,perfect_m_fixed_pi,empirical FDR / nominal alpha
tikz-v1,figure1_supp,fdr_ratio_atlas_r1_c1,$N_{cal}$ by $m$; fixed $\pi_1=0.05$,1,heatmap_cell,standard_conformal_bh,perfect,m_fixed_pi,2.6989700043360187,3.0,2.5,2.8494850021680094,2.9,3.1,500.0,test batch size $m$,0.1,500,0.05,,25,100,0.860005175158477,0.860005175158477,1.0,1.0,0.0860005175158477,-0.6994040818153374,0.0,1.0,2500,perfect_m_fixed_pi,empirical FDR / nominal alpha
tikz-v1,figure1_supp,fdr_ratio_atlas_r1_c1,$N_{cal}$ by $m$; fixed $\pi_1=0.05$,1,heatmap_cell,standard_conformal_bh,perfect,m_fixed_pi,2.6989700043360187,3.2,2.5,2.8494850021680094,3.1,3.3,500.0,test batch size $m$,0.1,500,0.05,,25,100,0.779211670581787,0.779211670581787,1.0,1.0,0.0779211670581787,-0.8992731873176038,0.0,1.0,2500,perfect_m_fixed_pi,empirical FDR / nominal alpha
tikz-v1,figure1_supp,fdr_ratio_atlas_r1_c1,$N_{cal}$ by $m$; fixed $\pi_1=0.05$,1,heatmap_cell,standard_conformal_bh,perfect,m_fixed_pi,2.6989700043360187,3.4,2.5,2.8494850021680094,3.3,3.5,500.0,test batch size $m$,0.1,500,0.05,,25,100,0.821160674953614,0.821160674953614,1.0,1.0,0.0821160674953614,-1.0991624929285948,0.0,1.0,2500,perfect_m_fixed_pi,empirical FDR / nominal alpha
tikz-v1,figure1_supp,fdr_ratio_atlas_r1_c1,$N_{cal}$ by $m$; fixed $\pi_1=0.05$,1,heatmap_cell,standard_conformal_bh,perfect,m_fixed_pi,2.6989700043360187,3.6,2.5,2.8494850021680094,3.5,3.7,500.0,test batch size $m$,0.1,500,0.05,,25,100,0.925214348344896,0.925214348344896,1.0,1.0,0.0925214348344896,-1.2990712600274097,0.0,1.0,2500,perfect_m_fixed_pi,empirical FDR / nominal alpha
tikz-v1,figure1_supp,fdr_ratio_atlas_r1_c1,$N_{cal}$ by $m$; fixed $\pi_1=0.05$,1,heatmap_cell,standard_conformal_bh,perfect,m_fixed_pi,2.6989700043360187,3.8,2.5,2.8494850021680094,3.7,3.9,500.0,test batch size $m$,0.1,500,0.05,,25,100,0.9109727870298349,0.9109727870298349,1.0,1.0,0.0910972787029835,-1.4990681845107945,0.0,1.0,2500,perfect_m_fixed_pi,empirical FDR / nominal alpha
tikz-v1,figure1_supp,fdr_ratio_atlas_r1_c1,$N_{cal}$ by $m$; fixed $\pi_1=0.05$,1,heatmap_cell,standard_conformal_bh,perfect,m_fixed_pi,2.6989700043360187,4.0,2.5,2.8494850021680094,3.9,4.1,500.0,test batch size $m$,0.1,500,0.05,,25,100,0.953530867768877,0.953530867768877,1.0,1.0,0.0953530867768877,-1.6990134316128815,0.0,1.0,2500,perfect_m_fixed_pi,empirical FDR / nominal alpha
tikz-v1,figure1_supp,fdr_ratio_atlas_r1_c1,$N_{cal}$ by $m$; fixed $\pi_1=0.05$,1,heatmap_cell,standard_conformal_bh,perfect,m_fixed_pi,3.0,1.4,2.8494850021680094,3.15051499783199,1.3,1.5,1000.0,test batch size $m$,0.1,1000,0.05,,25,100,0.0,0.0,0.0,0.0,0.0,0.8860566476931633,1.0,1.0,2500,perfect_m_fixed_pi,empirical FDR / nominal alpha
tikz-v1,figure1_supp,fdr_ratio_atlas_r1_c1,$N_{cal}$ by $m$; fixed $\pi_1=0.05$,1,heatmap_cell,standard_conformal_bh,perfect,m_fixed_pi,3.0,1.6,2.8494850021680094,3.15051499783199,1.5,1.7,1000.0,test batch size $m$,0.1,1000,0.05,,25,100,0.0,0.0,0.0,0.0,0.0,0.6882461389442457,1.0,1.0,2500,perfect_m_fixed_pi,empirical FDR / nominal alpha
tikz-v1,figure1_supp,fdr_ratio_atlas_r1_c1,$N_{cal}$ by $m$; fixed $\pi_1=0.05$,1,heatmap_cell,standard_conformal_bh,perfect,m_fixed_pi,3.0,1.7999999999999998,2.8494850021680094,3.15051499783199,1.7,1.9,1000.0,test batch size $m$,0.1,1000,0.05,,25,100,0.0,0.0,0.0,0.0,0.0,0.494850021680094,1.0,1.0,2500,perfect_m_fixed_pi,empirical FDR / nominal alpha
tikz-v1,figure1_supp,fdr_ratio_atlas_r1_c1,$N_{cal}$ by $m$; fixed $\pi_1=0.05$,1,heatmap_cell,standard_conformal_bh,perfect,m_fixed_pi,3.0,2.0,2.8494850021680094,3.15051499783199,1.9,2.1,1000.0,test batch size $m$,0.1,1000,0.05,,25,100,0.004059017666472,0.004059017666472,0.0008,0.0008,0.0004059017666472,0.2967086218813386,1.0,1.0,2500,perfect_m_fixed_pi,empirical FDR / nominal alpha
tikz-v1,figure1_supp,fdr_ratio_atlas_r1_c1,$N_{cal}$ by $m$; fixed $\pi_1=0.05$,1,heatmap_cell,standard_conformal_bh,perfect,m_fixed_pi,3.0,2.2,2.8494850021680094,3.15051499783199,2.1,2.3,1000.0,test batch size $m$,0.1,1000,0.05,,25,100,0.6075620337832219,0.6075620337832219,0.2268,0.2268,0.0607562033783222,0.0996328713435296,1.0,1.0,2500,perfect_m_fixed_pi,empirical FDR / nominal alpha
tikz-v1,figure1_supp,fdr_ratio_atlas_r1_c1,$N_{cal}$ by $m$; fixed $\pi_1=0.05$,1,heatmap_cell,standard_conformal_bh,perfect,m_fixed_pi,3.0,2.4,2.8494850021680094,3.15051499783199,2.3,2.5,1000.0,test batch size $m$,0.1,1000,0.05,,25,100,0.975715986306945,0.975715986306945,1.0,1.0,0.0975715986306945,-0.1003705451175629,0.0,1.0,2500,perfect_m_fixed_pi,empirical FDR / nominal alpha
tikz-v1,figure1_supp,fdr_ratio_atlas_r1_c1,$N_{cal}$ by $m$; fixed $\pi_1=0.05$,1,heatmap_cell,standard_conformal_bh,perfect,m_fixed_pi,3.0,2.6,2.8494850021680094,3.15051499783199,2.5,2.7,1000.0,test batch size $m$,0.1,1000,0.05,,25,100,0.790582850084697,0.790582850084697,1.0,1.0,0.0790582850084697,-0.2999429000227671,0.0,1.0,2500,perfect_m_fixed_pi,empirical FDR / nominal alpha
tikz-v1,figure1_supp,fdr_ratio_atlas_r1_c1,$N_{cal}$ by $m$; fixed $\pi_1=0.05$,1,heatmap_cell,standard_conformal_bh,perfect,m_fixed_pi,3.0,2.8,2.8494850021680094,3.15051499783199,2.7,2.9,1000.0,test batch size $m$,0.1,1000,0.05,,25,100,0.892965528821314,0.892965528821314,1.0,1.0,0.0892965528821314,-0.4996870826184039,0.0,1.0,2500,perfect_m_fixed_pi,empirical FDR / nominal alpha
tikz-v1,figure1_supp,fdr_ratio_atlas_r1_c1,$N_{cal}$ by $m$; fixed $\pi_1=0.05$,1,heatmap_cell,standard_conformal_bh,perfect,m_fixed_pi,3.0,3.0,2.8494850021680094,3.15051499783199,2.9,3.1,1000.0,test batch size $m$,0.1,1000,0.05,,25,100,0.880207427172412,0.880207427172412,1.0,1.0,0.0880207427172412,-0.6994040818153374,0.0,1.0,2500,perfect_m_fixed_pi,empirical FDR / nominal alpha
tikz-v1,figure1_supp,fdr_ratio_atlas_r1_c1,$N_{cal}$ by $m$; fixed $\pi_1=0.05$,1,heatmap_cell,standard_conformal_bh,perfect,m_fixed_pi,3.0,3.2,2.8494850021680094,3.15051499783199,3.1,3.3,1000.0,test batch size $m$,0.1,1000,0.05,,25,100,0.9418685136127399,0.9418685136127399,1.0,1.0,0.094186851361274,-0.8992731873176038,0.0,1.0,2500,perfect_m_fixed_pi,empirical FDR / nominal alpha
tikz-v1,figure1_supp,fdr_ratio_atlas_r1_c1,$N_{cal}$ by $m$; fixed $\pi_1=0.05$,1,heatmap_cell,standard_conformal_bh,perfect,m_fixed_pi,3.0,3.4,2.8494850021680094,3.15051499783199,3.3,3.5,1000.0,test batch size $m$,0.1,1000,0.05,,25,100,0.9380418366878359,0.9380418366878359,1.0,1.0,0.0938041836687836,-1.0991624929285948,0.0,1.0,2500,perfect_m_fixed_pi,empirical FDR / nominal alpha
tikz-v1,figure1_supp,fdr_ratio_atlas_r1_c1,$N_{cal}$ by $m$; fixed $\pi_1=0.05$,1,heatmap_cell,standard_conformal_bh,perfect,m_fixed_pi,3.0,3.6,2.8494850021680094,3.15051499783199,3.5,3.7,1000.0,test batch size $m$,0.1,1000,0.05,,25,100,0.955797106066031,0.955797106066031,1.0,1.0,0.0955797106066031,-1.2990712600274097,0.0,1.0,2500,perfect_m_fixed_pi,empirical FDR / nominal alpha
tikz-v1,figure1_supp,fdr_ratio_atlas_r1_c1,$N_{cal}$ by $m$; fixed $\pi_1=0.05$,1,heatmap_cell,standard_conformal_bh,perfect,m_fixed_pi,3.0,3.8,2.8494850021680094,3.15051499783199,3.7,3.9,1000.0,test batch size $m$,0.1,1000,0.05,,25,100,1.000324634874299,1.000324634874299,1.0,1.0,0.1000324634874299,-1.4990681845107945,0.0,1.0,2500,perfect_m_fixed_pi,empirical FDR / nominal alpha
tikz-v1,figure1_supp,fdr_ratio_atlas_r1_c1,$N_{cal}$ by $m$; fixed $\pi_1=0.05$,1,heatmap_cell,standard_conformal_bh,perfect,m_fixed_pi,3.0,4.0,2.8494850021680094,3.15051499783199,3.9,4.1,1000.0,test batch size $m$,0.1,1000,0.05,,25,100,0.9492441060270609,0.9492441060270609,1.0,1.0,0.0949244106027061,-1.6990134316128815,0.0,1.0,2500,perfect_m_fixed_pi,empirical FDR / nominal alpha
tikz-v1,figure1_supp,fdr_ratio_atlas_r1_c1,$N_{cal}$ by $m$; fixed $\pi_1=0.05$,1,heatmap_cell,standard_conformal_bh,perfect,m_fixed_pi,3.3010299956639813,1.4,3.15051499783199,3.451544993495972,1.3,1.5,2000.0,test batch size $m$,0.1,2000,0.05,,25,100,0.0,0.0,0.0,0.0,0.0,0.8860566476931633,1.0,1.0,2500,perfect_m_fixed_pi,empirical FDR / nominal alpha
tikz-v1,figure1_supp,fdr_ratio_atlas_r1_c1,$N_{cal}$ by $m$; fixed $\pi_1=0.05$,1,heatmap_cell,standard_conformal_bh,perfect,m_fixed_pi,3.3010299956639813,1.6,3.15051499783199,3.451544993495972,1.5,1.7,2000.0,test batch size $m$,0.1,2000,0.05,,25,100,0.0,0.0,0.0,0.0,0.0,0.6882461389442457,1.0,1.0,2500,perfect_m_fixed_pi,empirical FDR / nominal alpha
tikz-v1,figure1_supp,fdr_ratio_atlas_r1_c1,$N_{cal}$ by $m$; fixed $\pi_1=0.05$,1,heatmap_cell,standard_conformal_bh,perfect,m_fixed_pi,3.3010299956639813,1.7999999999999998,3.15051499783199,3.451544993495972,1.7,1.9,2000.0,test batch size $m$,0.1,2000,0.05,,25,100,0.0,0.0,0.0,0.0,0.0,0.494850021680094,1.0,1.0,2500,perfect_m_fixed_pi,empirical FDR / nominal alpha
tikz-v1,figure1_supp,fdr_ratio_atlas_r1_c1,$N_{cal}$ by $m$; fixed $\pi_1=0.05$,1,heatmap_cell,standard_conformal_bh,perfect,m_fixed_pi,3.3010299956639813,2.0,3.15051499783199,3.451544993495972,1.9,2.1,2000.0,test batch size $m$,0.1,2000,0.05,,25,100,0.002019801980198,0.002019801980198,0.0004,0.0004,0.0002019801980198,0.2967086218813386,1.0,1.0,2500,perfect_m_fixed_pi,empirical FDR / nominal alpha
tikz-v1,figure1_supp,fdr_ratio_atlas_r1_c1,$N_{cal}$ by $m$; fixed $\pi_1=0.05$,1,heatmap_cell,standard_conformal_bh,perfect,m_fixed_pi,3.3010299956639813,2.2,3.15051499783199,3.451544993495972,2.1,2.3,2000.0,test batch size $m$,0.1,2000,0.05,,25,100,0.322061878293223,0.322061878293223,0.1284,0.1284,0.0322061878293223,0.0996328713435296,1.0,1.0,2500,perfect_m_fixed_pi,empirical FDR / nominal alpha
tikz-v1,figure1_supp,fdr_ratio_atlas_r1_c1,$N_{cal}$ by $m$; fixed $\pi_1=0.05$,1,heatmap_cell,standard_conformal_bh,perfect,m_fixed_pi,3.3010299956639813,2.4,3.15051499783199,3.451544993495972,2.3,2.5,2000.0,test batch size $m$,0.1,2000,0.05,,25,100,0.7737090772940549,0.7737090772940549,1.0,1.0,0.0773709077294055,-0.1003705451175629,0.0,1.0,2500,perfect_m_fixed_pi,empirical FDR / nominal alpha
tikz-v1,figure1_supp,fdr_ratio_atlas_r1_c1,$N_{cal}$ by $m$; fixed $\pi_1=0.05$,1,heatmap_cell,standard_conformal_bh,perfect,m_fixed_pi,3.3010299956639813,2.6,3.15051499783199,3.451544993495972,2.5,2.7,2000.0,test batch size $m$,0.1,2000,0.05,,25,100,0.7356865081411459,0.7356865081411459,1.0,1.0,0.0735686508141146,-0.2999429000227671,0.0,1.0,2500,perfect_m_fixed_pi,empirical FDR / nominal alpha
tikz-v1,figure1_supp,fdr_ratio_atlas_r1_c1,$N_{cal}$ by $m$; fixed $\pi_1=0.05$,1,heatmap_cell,standard_conformal_bh,perfect,m_fixed_pi,3.3010299956639813,2.8,3.15051499783199,3.451544993495972,2.7,2.9,2000.0,test batch size $m$,0.1,2000,0.05,,25,100,0.898723873001519,0.898723873001519,1.0,1.0,0.0898723873001519,-0.4996870826184039,0.0,1.0,2500,perfect_m_fixed_pi,empirical FDR / nominal alpha
tikz-v1,figure1_supp,fdr_ratio_atlas_r1_c1,$N_{cal}$ by $m$; fixed $\pi_1=0.05$,1,heatmap_cell,standard_conformal_bh,perfect,m_fixed_pi,3.3010299956639813,3.0,3.15051499783199,3.451544993495972,2.9,3.1,2000.0,test batch size $m$,0.1,2000,0.05,,25,100,0.8291390782209369,0.8291390782209369,1.0,1.0,0.0829139078220937,-0.6994040818153374,0.0,1.0,2500,perfect_m_fixed_pi,empirical FDR / nominal alpha
tikz-v1,figure1_supp,fdr_ratio_atlas_r1_c1,$N_{cal}$ by $m$; fixed $\pi_1=0.05$,1,heatmap_cell,standard_conformal_bh,perfect,m_fixed_pi,3.3010299956639813,3.2,3.15051499783199,3.451544993495972,3.1,3.3,2000.0,test batch size $m$,0.1,2000,0.05,,25,100,0.925511903777922,0.925511903777922,1.0,1.0,0.0925511903777922,-0.8992731873176038,0.0,1.0,2500,perfect_m_fixed_pi,empirical FDR / nominal alpha
tikz-v1,figure1_supp,fdr_ratio_atlas_r1_c1,$N_{cal}$ by $m$; fixed $\pi_1=0.05$,1,heatmap_cell,standard_conformal_bh,perfect,m_fixed_pi,3.3010299956639813,3.4,3.15051499783199,3.451544993495972,3.3,3.5,2000.0,test batch size $m$,0.1,2000,0.05,,25,100,0.9046543298661749,0.9046543298661749,1.0,1.0,0.0904654329866175,-1.0991624929285948,0.0,1.0,2500,perfect_m_fixed_pi,empirical FDR / nominal alpha
tikz-v1,figure1_supp,fdr_ratio_atlas_r1_c1,$N_{cal}$ by $m$; fixed $\pi_1=0.05$,1,heatmap_cell,standard_conformal_bh,perfect,m_fixed_pi,3.3010299956639813,3.6,3.15051499783199,3.451544993495972,3.5,3.7,2000.0,test batch size $m$,0.1,2000,0.05,,25,100,0.9272640047891809,0.9272640047891809,1.0,1.0,0.0927264004789181,-1.2990712600274097,0.0,1.0,2500,perfect_m_fixed_pi,empirical FDR / nominal alpha
tikz-v1,figure1_supp,fdr_ratio_atlas_r1_c1,$N_{cal}$ by $m$; fixed $\pi_1=0.05$,1,heatmap_cell,standard_conformal_bh,perfect,m_fixed_pi,3.3010299956639813,3.8,3.15051499783199,3.451544993495972,3.7,3.9,2000.0,test batch size $m$,0.1,2000,0.05,,25,100,0.9884149547459289,0.9884149547459289,1.0,1.0,0.0988414954745929,-1.4990681845107945,0.0,1.0,2500,perfect_m_fixed_pi,empirical FDR / nominal alpha
tikz-v1,figure1_supp,fdr_ratio_atlas_r1_c1,$N_{cal}$ by $m$; fixed $\pi_1=0.05$,1,heatmap_cell,standard_conformal_bh,perfect,m_fixed_pi,3.3010299956639813,4.0,3.15051499783199,3.451544993495972,3.9,4.1,2000.0,test batch size $m$,0.1,2000,0.05,,25,100,0.9269136619186189,0.9269136619186189,1.0,1.0,0.0926913661918619,-1.6990134316128815,0.0,1.0,2500,perfect_m_fixed_pi,empirical FDR / nominal alpha
tikz-v1,figure1_supp,fdr_ratio_atlas_r1_c3,$N_{cal}$ by anomaly rate,3,heatmap_cell,standard_conformal_bh,perfect,pi1_sweep,-2.3010299956639813,1.4,-2.451544993495972,-2.15051499783199,1.3,1.5,0.005,anomaly rate $\pi_1$,0.1,1000,0.005,,25,100,0.0,0.0,0.0,0.0,0.0,1.8860566476931635,1.0,1.0,2500,perfect_pi1_sweep,empirical FDR / nominal alpha
tikz-v1,figure1_supp,fdr_ratio_atlas_r1_c3,$N_{cal}$ by anomaly rate,3,heatmap_cell,standard_conformal_bh,perfect,pi1_sweep,-2.3010299956639813,1.6,-2.451544993495972,-2.15051499783199,1.5,1.7,0.005,anomaly rate $\pi_1$,0.1,1000,0.005,,25,100,0.0,0.0,0.0,0.0,0.0,1.6882461389442458,1.0,1.0,2500,perfect_pi1_sweep,empirical FDR / nominal alpha
tikz-v1,figure1_supp,fdr_ratio_atlas_r1_c3,$N_{cal}$ by anomaly rate,3,heatmap_cell,standard_conformal_bh,perfect,pi1_sweep,-2.3010299956639813,1.7999999999999998,-2.451544993495972,-2.15051499783199,1.7,1.9,0.005,anomaly rate $\pi_1$,0.1,1000,0.005,,25,100,0.0,0.0,0.0,0.0,0.0,1.494850021680094,1.0,1.0,2500,perfect_pi1_sweep,empirical FDR / nominal alpha
tikz-v1,figure1_supp,fdr_ratio_atlas_r1_c3,$N_{cal}$ by anomaly rate,3,heatmap_cell,standard_conformal_bh,perfect,pi1_sweep,-2.3010299956639813,2.0,-2.451544993495972,-2.15051499783199,1.9,2.1,0.005,anomaly rate $\pi_1$,0.1,1000,0.005,,25,100,0.0,0.0,0.0,0.0,0.0,1.2967086218813386,1.0,1.0,2500,perfect_pi1_sweep,empirical FDR / nominal alpha
tikz-v1,figure1_supp,fdr_ratio_atlas_r1_c3,$N_{cal}$ by anomaly rate,3,heatmap_cell,standard_conformal_bh,perfect,pi1_sweep,-2.3010299956639813,2.2,-2.451544993495972,-2.15051499783199,2.1,2.3,0.005,anomaly rate $\pi_1$,0.1,1000,0.005,,25,100,0.0,0.0,0.0,0.0,0.0,1.0996328713435295,1.0,1.0,2500,perfect_pi1_sweep,empirical FDR / nominal alpha
tikz-v1,figure1_supp,fdr_ratio_atlas_r1_c3,$N_{cal}$ by anomaly rate,3,heatmap_cell,standard_conformal_bh,perfect,pi1_sweep,-2.3010299956639813,2.4,-2.451544993495972,-2.15051499783199,2.3,2.5,0.005,anomaly rate $\pi_1$,0.1,1000,0.005,,25,100,0.0,0.0,0.0,0.0,0.0,0.8996294548824371,1.0,1.0,2500,perfect_pi1_sweep,empirical FDR / nominal alpha
tikz-v1,figure1_supp,fdr_ratio_atlas_r1_c3,$N_{cal}$ by anomaly rate,3,heatmap_cell,standard_conformal_bh,perfect,pi1_sweep,-2.3010299956639813,2.6,-2.451544993495972,-2.15051499783199,2.5,2.7,0.005,anomaly rate $\pi_1$,0.1,1000,0.005,,25,100,0.0,0.0,0.0,0.0,0.0,0.700057099977233,1.0,1.0,2500,perfect_pi1_sweep,empirical FDR / nominal alpha
tikz-v1,figure1_supp,fdr_ratio_atlas_r1_c3,$N_{cal}$ by anomaly rate,3,heatmap_cell,standard_conformal_bh,perfect,pi1_sweep,-2.3010299956639813,2.8,-2.451544993495972,-2.15051499783199,2.7,2.9,0.005,anomaly rate $\pi_1$,0.1,1000,0.005,,25,100,0.019621148459383,0.019621148459383,0.0028,0.0028,0.0019621148459383,0.5003129173815962,1.0,1.0,2500,perfect_pi1_sweep,empirical FDR / nominal alpha
tikz-v1,figure1_supp,fdr_ratio_atlas_r1_c3,$N_{cal}$ by anomaly rate,3,heatmap_cell,standard_conformal_bh,perfect,pi1_sweep,-2.3010299956639813,3.0,-2.451544993495972,-2.15051499783199,2.9,3.1,0.005,anomaly rate $\pi_1$,0.1,1000,0.005,,25,100,0.18426340326340301,0.18426340326340301,0.0352,0.0352,0.0184263403263403,0.3005959181846626,1.0,1.0,2500,perfect_pi1_sweep,empirical FDR / nominal alpha
tikz-v1,figure1_supp,fdr_ratio_atlas_r1_c3,$N_{cal}$ by anomaly rate,3,heatmap_cell,standard_conformal_bh,perfect,pi1_sweep,-2.3010299956639813,3.2,-2.451544993495972,-2.15051499783199,3.1,3.3,0.005,anomaly rate $\pi_1$,0.1,1000,0.005,,25,100,0.408204184704184,0.408204184704184,0.1256,0.1256,0.0408204184704184,0.1007268126823962,1.0,1.0,2500,perfect_pi1_sweep,empirical FDR / nominal alpha
tikz-v1,figure1_supp,fdr_ratio_atlas_r1_c3,$N_{cal}$ by anomaly rate,3,heatmap_cell,standard_conformal_bh,perfect,pi1_sweep,-2.3010299956639813,3.4,-2.451544993495972,-2.15051499783199,3.3,3.5,0.005,anomaly rate $\pi_1$,0.1,1000,0.005,,25,100,0.5661468253968249,0.5661468253968249,1.0,1.0,0.0566146825396825,-0.0991624929285947,0.0,1.0,2500,perfect_pi1_sweep,empirical FDR / nominal alpha
tikz-v1,figure1_supp,fdr_ratio_atlas_r1_c3,$N_{cal}$ by anomaly rate,3,heatmap_cell,standard_conformal_bh,perfect,pi1_sweep,-2.3010299956639813,3.6,-2.451544993495972,-2.15051499783199,3.5,3.7,0.005,anomaly rate $\pi_1$,0.1,1000,0.005,,25,100,0.796403318903318,0.796403318903318,1.0,1.0,0.0796403318903318,-0.2990712600274095,0.0,1.0,2500,perfect_pi1_sweep,empirical FDR / nominal alpha
tikz-v1,figure1_supp,fdr_ratio_atlas_r1_c3,$N_{cal}$ by anomaly rate,3,heatmap_cell,standard_conformal_bh,perfect,pi1_sweep,-2.3010299956639813,3.8,-2.451544993495972,-2.15051499783199,3.7,3.9,0.005,anomaly rate $\pi_1$,0.1,1000,0.005,,25,100,0.719697691197691,0.719697691197691,1.0,1.0,0.0719697691197691,-0.4990681845107945,0.0,1.0,2500,perfect_pi1_sweep,empirical FDR / nominal alpha
tikz-v1,figure1_supp,fdr_ratio_atlas_r1_c3,$N_{cal}$ by anomaly rate,3,heatmap_cell,standard_conformal_bh,perfect,pi1_sweep,-2.3010299956639813,4.0,-2.451544993495972,-2.15051499783199,3.9,4.1,0.005,anomaly rate $\pi_1$,0.1,1000,0.005,,25,100,1.012463924963924,1.012463924963924,1.0,1.0,0.1012463924963924,-0.6990134316128814,0.0,1.0,2500,perfect_pi1_sweep,empirical FDR / nominal alpha
tikz-v1,figure1_supp,fdr_ratio_atlas_r1_c3,$N_{cal}$ by anomaly rate,3,heatmap_cell,standard_conformal_bh,perfect,pi1_sweep,-2.0,1.4,-2.15051499783199,-1.8494850021680092,1.3,1.5,0.01,anomaly rate $\pi_1$,0.1,1000,0.01,,25,100,0.0,0.0,0.0,0.0,0.0,1.585026652029182,1.0,1.0,2500,perfect_pi1_sweep,empirical FDR / nominal alpha
tikz-v1,figure1_supp,fdr_ratio_atlas_r1_c3,$N_{cal}$ by anomaly rate,3,heatmap_cell,standard_conformal_bh,perfect,pi1_sweep,-2.0,1.6,-2.15051499783199,-1.8494850021680092,1.5,1.7,0.01,anomaly rate $\pi_1$,0.1,1000,0.01,,25,100,0.0,0.0,0.0,0.0,0.0,1.3872161432802643,1.0,1.0,2500,perfect_pi1_sweep,empirical FDR / nominal alpha
tikz-v1,figure1_supp,fdr_ratio_atlas_r1_c3,$N_{cal}$ by anomaly rate,3,heatmap_cell,standard_conformal_bh,perfect,pi1_sweep,-2.0,1.7999999999999998,-2.15051499783199,-1.8494850021680092,1.7,1.9,0.01,anomaly rate $\pi_1$,0.1,1000,0.01,,25,100,0.0,0.0,0.0,0.0,0.0,1.193820026016113,1.0,1.0,2500,perfect_pi1_sweep,empirical FDR / nominal alpha
tikz-v1,figure1_supp,fdr_ratio_atlas_r1_c3,$N_{cal}$ by anomaly rate,3,heatmap_cell,standard_conformal_bh,perfect,pi1_sweep,-2.0,2.0,-2.15051499783199,-1.8494850021680092,1.9,2.1,0.01,anomaly rate $\pi_1$,0.1,1000,0.01,,25,100,0.0,0.0,0.0,0.0,0.0,0.9956786262173576,1.0,1.0,2500,perfect_pi1_sweep,empirical FDR / nominal alpha
tikz-v1,figure1_supp,fdr_ratio_atlas_r1_c3,$N_{cal}$ by anomaly rate,3,heatmap_cell,standard_conformal_bh,perfect,pi1_sweep,-2.0,2.2,-2.15051499783199,-1.8494850021680092,2.1,2.3,0.01,anomaly rate $\pi_1$,0.1,1000,0.01,,25,100,0.0,0.0,0.0,0.0,0.0,0.7986028756795486,1.0,1.0,2500,perfect_pi1_sweep,empirical FDR / nominal alpha
tikz-v1,figure1_supp,fdr_ratio_atlas_r1_c3,$N_{cal}$ by anomaly rate,3,heatmap_cell,standard_conformal_bh,perfect,pi1_sweep,-2.0,2.4,-2.15051499783199,-1.8494850021680092,2.3,2.5,0.01,anomaly rate $\pi_1$,0.1,1000,0.01,,25,100,0.0,0.0,0.0,0.0,0.0,0.5985994592184559,1.0,1.0,2500,perfect_pi1_sweep,empirical FDR / nominal alpha
tikz-v1,figure1_supp,fdr_ratio_atlas_r1_c3,$N_{cal}$ by anomaly rate,3,heatmap_cell,standard_conformal_bh,perfect,pi1_sweep,-2.0,2.6,-2.15051499783199,-1.8494850021680092,2.5,2.7,0.01,anomaly rate $\pi_1$,0.1,1000,0.01,,25,100,0.0,0.0,0.0,0.0,0.0,0.3990271043132517,1.0,1.0,2500,perfect_pi1_sweep,empirical FDR / nominal alpha
tikz-v1,figure1_supp,fdr_ratio_atlas_r1_c3,$N_{cal}$ by anomaly rate,3,heatmap_cell,standard_conformal_bh,perfect,pi1_sweep,-2.0,2.8,-2.15051499783199,-1.8494850021680092,2.7,2.9,0.01,anomaly rate $\pi_1$,0.1,1000,0.01,,25,100,0.6455418364455769,0.6455418364455769,0.138,0.138,0.0645541836445577,0.199282921717615,1.0,1.0,2500,perfect_pi1_sweep,empirical FDR / nominal alpha
tikz-v1,figure1_supp,fdr_ratio_atlas_r1_c3,$N_{cal}$ by anomaly rate,3,heatmap_cell,standard_conformal_bh,perfect,pi1_sweep,-2.0,3.0,-2.15051499783199,-1.8494850021680092,2.9,3.1,0.01,anomaly rate $\pi_1$,0.1,1000,0.01,,25,100,0.806478988331929,0.806478988331929,1.0,1.0,0.0806478988331929,-0.0004340774793186,0.0,1.0,2500,perfect_pi1_sweep,empirical FDR / nominal alpha
tikz-v1,figure1_supp,fdr_ratio_atlas_r1_c3,$N_{cal}$ by anomaly rate,3,heatmap_cell,standard_conformal_bh,perfect,pi1_sweep,-2.0,3.2,-2.15051499783199,-1.8494850021680092,3.1,3.3,0.01,anomaly rate $\pi_1$,0.1,1000,0.01,,25,100,0.826720320958711,0.826720320958711,1.0,1.0,0.0826720320958711,-0.2003031829815849,0.0,1.0,2500,perfect_pi1_sweep,empirical FDR / nominal alpha
tikz-v1,figure1_supp,fdr_ratio_atlas_r1_c3,$N_{cal}$ by anomaly rate,3,heatmap_cell,standard_conformal_bh,perfect,pi1_sweep,-2.0,3.4,-2.15051499783199,-1.8494850021680092,3.3,3.5,0.01,anomaly rate $\pi_1$,0.1,1000,0.01,,25,100,0.7628592850815891,0.7628592850815891,1.0,1.0,0.0762859285081589,-0.400192488592576,0.0,1.0,2500,perfect_pi1_sweep,empirical FDR / nominal alpha
tikz-v1,figure1_supp,fdr_ratio_atlas_r1_c3,$N_{cal}$ by anomaly rate,3,heatmap_cell,standard_conformal_bh,perfect,pi1_sweep,-2.0,3.6,-2.15051499783199,-1.8494850021680092,3.5,3.7,0.01,anomaly rate $\pi_1$,0.1,1000,0.01,,25,100,0.8131444339973749,0.8131444339973749,1.0,1.0,0.0813144433997375,-0.6001012556913907,0.0,1.0,2500,perfect_pi1_sweep,empirical FDR / nominal alpha
tikz-v1,figure1_supp,fdr_ratio_atlas_r1_c3,$N_{cal}$ by anomaly rate,3,heatmap_cell,standard_conformal_bh,perfect,pi1_sweep,-2.0,3.8,-2.15051499783199,-1.8494850021680092,3.7,3.9,0.01,anomaly rate $\pi_1$,0.1,1000,0.01,,25,100,0.939284538990421,0.939284538990421,1.0,1.0,0.0939284538990421,-0.8000981801747756,0.0,1.0,2500,perfect_pi1_sweep,empirical FDR / nominal alpha
tikz-v1,figure1_supp,fdr_ratio_atlas_r1_c3,$N_{cal}$ by anomaly rate,3,heatmap_cell,standard_conformal_bh,perfect,pi1_sweep,-2.0,4.0,-2.15051499783199,-1.8494850021680092,3.9,4.1,0.01,anomaly rate $\pi_1$,0.1,1000,0.01,,25,100,0.980477803242509,0.980477803242509,1.0,1.0,0.0980477803242509,-1.0000434272768626,0.0,1.0,2500,perfect_pi1_sweep,empirical FDR / nominal alpha
tikz-v1,figure1_supp,fdr_ratio_atlas_r1_c3,$N_{cal}$ by anomaly rate,3,heatmap_cell,standard_conformal_bh,perfect,pi1_sweep,-1.6989700043360187,1.4,-1.8494850021680092,-1.5,1.3,1.5,0.02,anomaly rate $\pi_1$,0.1,1000,0.02,,25,100,0.0,0.0,0.0,0.0,0.0,1.2839966563652008,1.0,1.0,2500,perfect_pi1_sweep,empirical FDR / nominal alpha
tikz-v1,figure1_supp,fdr_ratio_atlas_r1_c3,$N_{cal}$ by anomaly rate,3,heatmap_cell,standard_conformal_bh,perfect,pi1_sweep,-1.6989700043360187,1.6,-1.8494850021680092,-1.5,1.5,1.7,0.02,anomaly rate $\pi_1$,0.1,1000,0.02,,25,100,0.0,0.0,0.0,0.0,0.0,1.0861861476162833,1.0,1.0,2500,perfect_pi1_sweep,empirical FDR / nominal alpha
tikz-v1,figure1_supp,fdr_ratio_atlas_r1_c3,$N_{cal}$ by anomaly rate,3,heatmap_cell,standard_conformal_bh,perfect,pi1_sweep,-1.6989700043360187,1.7999999999999998,-1.8494850021680092,-1.5,1.7,1.9,0.02,anomaly rate $\pi_1$,0.1,1000,0.02,,25,100,0.0,0.0,0.0,0.0,0.0,0.8927900303521317,1.0,1.0,2500,perfect_pi1_sweep,empirical FDR / nominal alpha
tikz-v1,figure1_supp,fdr_ratio_atlas_r1_c3,$N_{cal}$ by anomaly rate,3,heatmap_cell,standard_conformal_bh,perfect,pi1_sweep,-1.6989700043360187,2.0,-1.8494850021680092,-1.5,1.9,2.1,0.02,anomaly rate $\pi_1$,0.1,1000,0.02,,25,100,0.0,0.0,0.0,0.0,0.0,0.6946486305533762,1.0,1.0,2500,perfect_pi1_sweep,empirical FDR / nominal alpha
tikz-v1,figure1_supp,fdr_ratio_atlas_r1_c3,$N_{cal}$ by anomaly rate,3,heatmap_cell,standard_conformal_bh,perfect,pi1_sweep,-1.6989700043360187,2.2,-1.8494850021680092,-1.5,2.1,2.3,0.02,anomaly rate $\pi_1$,0.1,1000,0.02,,25,100,0.0,0.0,0.0,0.0,0.0,0.4975728800155673,1.0,1.0,2500,perfect_pi1_sweep,empirical FDR / nominal alpha
tikz-v1,figure1_supp,fdr_ratio_atlas_r1_c3,$N_{cal}$ by anomaly rate,3,heatmap_cell,standard_conformal_bh,perfect,pi1_sweep,-1.6989700043360187,2.4,-1.8494850021680092,-1.5,2.3,2.5,0.02,anomaly rate $\pi_1$,0.1,1000,0.02,,25,100,0.020476352537611,0.020476352537611,0.004,0.004,0.0020476352537611,0.2975694635544746,1.0,1.0,2500,perfect_pi1_sweep,empirical FDR / nominal alpha
tikz-v1,figure1_supp,fdr_ratio_atlas_r1_c3,$N_{cal}$ by anomaly rate,3,heatmap_cell,standard_conformal_bh,perfect,pi1_sweep,-1.6989700043360187,2.6,-1.8494850021680092,-1.5,2.5,2.7,0.02,anomaly rate $\pi_1$,0.1,1000,0.02,,25,100,0.41024039684284797,0.41024039684284797,0.1408,0.1408,0.0410240396842848,0.0979971086492705,1.0,1.0,2500,perfect_pi1_sweep,empirical FDR / nominal alpha
tikz-v1,figure1_supp,fdr_ratio_atlas_r1_c3,$N_{cal}$ by anomaly rate,3,heatmap_cell,standard_conformal_bh,perfect,pi1_sweep,-1.6989700043360187,2.8,-1.8494850021680092,-1.5,2.7,2.9,0.02,anomaly rate $\pi_1$,0.1,1000,0.02,,25,100,0.6585590035089509,0.6585590035089509,1.0,1.0,0.0658559003508951,-0.1017470739463662,0.0,1.0,2500,perfect_pi1_sweep,empirical FDR / nominal alpha
tikz-v1,figure1_supp,fdr_ratio_atlas_r1_c3,$N_{cal}$ by anomaly rate,3,heatmap_cell,standard_conformal_bh,perfect,pi1_sweep,-1.6989700043360187,3.0,-1.8494850021680092,-1.5,2.9,3.1,0.02,anomaly rate $\pi_1$,0.1,1000,0.02,,25,100,0.824520754696814,0.824520754696814,1.0,1.0,0.0824520754696814,-0.3014640731432998,0.0,1.0,2500,perfect_pi1_sweep,empirical FDR / nominal alpha
tikz-v1,figure1_supp,fdr_ratio_atlas_r1_c3,$N_{cal}$ by anomaly rate,3,heatmap_cell,standard_conformal_bh,perfect,pi1_sweep,-1.6989700043360187,3.2,-1.8494850021680092,-1.5,3.1,3.3,0.02,anomaly rate $\pi_1$,0.1,1000,0.02,,25,100,0.798819561098571,0.798819561098571,1.0,1.0,0.0798819561098571,-0.5013331786455661,0.0,1.0,2500,perfect_pi1_sweep,empirical FDR / nominal alpha
tikz-v1,figure1_supp,fdr_ratio_atlas_r1_c3,$N_{cal}$ by anomaly rate,3,heatmap_cell,standard_conformal_bh,perfect,pi1_sweep,-1.6989700043360187,3.4,-1.8494850021680092,-1.5,3.3,3.5,0.02,anomaly rate $\pi_1$,0.1,1000,0.02,,25,100,1.0660208220096208,1.0660208220096208,1.0,1.0,0.1066020822009621,-0.7012224842565572,0.0,1.0,2500,perfect_pi1_sweep,empirical FDR / nominal alpha
tikz-v1,figure1_supp,fdr_ratio_atlas_r1_c3,$N_{cal}$ by anomaly rate,3,heatmap_cell,standard_conformal_bh,perfect,pi1_sweep,-1.6989700043360187,3.6,-1.8494850021680092,-1.5,3.5,3.7,0.02,anomaly rate $\pi_1$,0.1,1000,0.02,,25,100,0.932620453301577,0.932620453301577,1.0,1.0,0.0932620453301577,-0.901131251355372,0.0,1.0,2500,perfect_pi1_sweep,empirical FDR / nominal alpha
tikz-v1,figure1_supp,fdr_ratio_atlas_r1_c3,$N_{cal}$ by anomaly rate,3,heatmap_cell,standard_conformal_bh,perfect,pi1_sweep,-1.6989700043360187,3.8,-1.8494850021680092,-1.5,3.7,3.9,0.02,anomaly rate $\pi_1$,0.1,1000,0.02,,25,100,0.89186885354368,0.89186885354368,1.0,1.0,0.089186885354368,-1.1011281758387568,0.0,1.0,2500,perfect_pi1_sweep,empirical FDR / nominal alpha
tikz-v1,figure1_supp,fdr_ratio_atlas_r1_c3,$N_{cal}$ by anomaly rate,3,heatmap_cell,standard_conformal_bh,perfect,pi1_sweep,-1.6989700043360187,4.0,-1.8494850021680092,-1.5,3.9,4.1,0.02,anomaly rate $\pi_1$,0.1,1000,0.02,,25,100,1.008596687955922,1.008596687955922,1.0,1.0,0.1008596687955922,-1.3010734229408438,0.0,1.0,2500,perfect_pi1_sweep,empirical FDR / nominal alpha
tikz-v1,figure1_supp,fdr_ratio_atlas_r1_c3,$N_{cal}$ by anomaly rate,3,heatmap_cell,standard_conformal_bh,perfect,pi1_sweep,-1.3010299956639813,1.4,-1.5,-1.1505149978319906,1.3,1.5,0.05,anomaly rate $\pi_1$,0.1,1000,0.05,,25,100,0.0,0.0,0.0,0.0,0.0,0.8860566476931633,1.0,1.0,2500,perfect_pi1_sweep,empirical FDR / nominal alpha
tikz-v1,figure1_supp,fdr_ratio_atlas_r1_c3,$N_{cal}$ by anomaly rate,3,heatmap_cell,standard_conformal_bh,perfect,pi1_sweep,-1.3010299956639813,1.6,-1.5,-1.1505149978319906,1.5,1.7,0.05,anomaly rate $\pi_1$,0.1,1000,0.05,,25,100,0.0,0.0,0.0,0.0,0.0,0.6882461389442457,1.0,1.0,2500,perfect_pi1_sweep,empirical FDR / nominal alpha
tikz-v1,figure1_supp,fdr_ratio_atlas_r1_c3,$N_{cal}$ by anomaly rate,3,heatmap_cell,standard_conformal_bh,perfect,pi1_sweep,-1.3010299956639813,1.7999999999999998,-1.5,-1.1505149978319906,1.7,1.9,0.05,anomaly rate $\pi_1$,0.1,1000,0.05,,25,100,0.0,0.0,0.0,0.0,0.0,0.494850021680094,1.0,1.0,2500,perfect_pi1_sweep,empirical FDR / nominal alpha
tikz-v1,figure1_supp,fdr_ratio_atlas_r1_c3,$N_{cal}$ by anomaly rate,3,heatmap_cell,standard_conformal_bh,perfect,pi1_sweep,-1.3010299956639813,2.0,-1.5,-1.1505149978319906,1.9,2.1,0.05,anomaly rate $\pi_1$,0.1,1000,0.05,,25,100,0.025087025027622,0.025087025027622,0.0048,0.0048,0.0025087025027622,0.2967086218813386,1.0,1.0,2500,perfect_pi1_sweep,empirical FDR / nominal alpha
tikz-v1,figure1_supp,fdr_ratio_atlas_r1_c3,$N_{cal}$ by anomaly rate,3,heatmap_cell,standard_conformal_bh,perfect,pi1_sweep,-1.3010299956639813,2.2,-1.5,-1.1505149978319906,2.1,2.3,0.05,anomaly rate $\pi_1$,0.1,1000,0.05,,25,100,0.549589295817551,0.549589295817551,0.2088,0.2088,0.0549589295817551,0.0996328713435296,1.0,1.0,2500,perfect_pi1_sweep,empirical FDR / nominal alpha
tikz-v1,figure1_supp,fdr_ratio_atlas_r1_c3,$N_{cal}$ by anomaly rate,3,heatmap_cell,standard_conformal_bh,perfect,pi1_sweep,-1.3010299956639813,2.4,-1.5,-1.1505149978319906,2.3,2.5,0.05,anomaly rate $\pi_1$,0.1,1000,0.05,,25,100,0.5589101471490969,0.5589101471490969,1.0,1.0,0.0558910147149097,-0.1003705451175629,0.0,1.0,2500,perfect_pi1_sweep,empirical FDR / nominal alpha
tikz-v1,figure1_supp,fdr_ratio_atlas_r1_c3,$N_{cal}$ by anomaly rate,3,heatmap_cell,standard_conformal_bh,perfect,pi1_sweep,-1.3010299956639813,2.6,-1.5,-1.1505149978319906,2.5,2.7,0.05,anomaly rate $\pi_1$,0.1,1000,0.05,,25,100,0.7813623676930929,0.7813623676930929,1.0,1.0,0.0781362367693093,-0.2999429000227671,0.0,1.0,2500,perfect_pi1_sweep,empirical FDR / nominal alpha
tikz-v1,figure1_supp,fdr_ratio_atlas_r1_c3,$N_{cal}$ by anomaly rate,3,heatmap_cell,standard_conformal_bh,perfect,pi1_sweep,-1.3010299956639813,2.8,-1.5,-1.1505149978319906,2.7,2.9,0.05,anomaly rate $\pi_1$,0.1,1000,0.05,,25,100,0.6968722048881829,0.6968722048881829,1.0,1.0,0.0696872204888183,-0.4996870826184039,0.0,1.0,2500,perfect_pi1_sweep,empirical FDR / nominal alpha
tikz-v1,figure1_supp,fdr_ratio_atlas_r1_c3,$N_{cal}$ by anomaly rate,3,heatmap_cell,standard_conformal_bh,perfect,pi1_sweep,-1.3010299956639813,3.0,-1.5,-1.1505149978319906,2.9,3.1,0.05,anomaly rate $\pi_1$,0.1,1000,0.05,,25,100,0.9860298111476149,0.9860298111476149,1.0,1.0,0.0986029811147615,-0.6994040818153374,0.0,1.0,2500,perfect_pi1_sweep,empirical FDR / nominal alpha
tikz-v1,figure1_supp,fdr_ratio_atlas_r1_c3,$N_{cal}$ by anomaly rate,3,heatmap_cell,standard_conformal_bh,perfect,pi1_sweep,-1.3010299956639813,3.2,-1.5,-1.1505149978319906,3.1,3.3,0.05,anomaly rate $\pi_1$,0.1,1000,0.05,,25,100,0.8164631475332269,0.8164631475332269,1.0,1.0,0.0816463147533227,-0.8992731873176038,0.0,1.0,2500,perfect_pi1_sweep,empirical FDR / nominal alpha
tikz-v1,figure1_supp,fdr_ratio_atlas_r1_c3,$N_{cal}$ by anomaly rate,3,heatmap_cell,standard_conformal_bh,perfect,pi1_sweep,-1.3010299956639813,3.4,-1.5,-1.1505149978319906,3.3,3.5,0.05,anomaly rate $\pi_1$,0.1,1000,0.05,,25,100,1.0055680887084049,1.0055680887084049,1.0,1.0,0.1005568088708405,-1.0991624929285948,0.0,1.0,2500,perfect_pi1_sweep,empirical FDR / nominal alpha
tikz-v1,figure1_supp,fdr_ratio_atlas_r1_c3,$N_{cal}$ by anomaly rate,3,heatmap_cell,standard_conformal_bh,perfect,pi1_sweep,-1.3010299956639813,3.6,-1.5,-1.1505149978319906,3.5,3.7,0.05,anomaly rate $\pi_1$,0.1,1000,0.05,,25,100,0.973594134546792,0.973594134546792,1.0,1.0,0.0973594134546792,-1.2990712600274097,0.0,1.0,2500,perfect_pi1_sweep,empirical FDR / nominal alpha
tikz-v1,figure1_supp,fdr_ratio_atlas_r1_c3,$N_{cal}$ by anomaly rate,3,heatmap_cell,standard_conformal_bh,perfect,pi1_sweep,-1.3010299956639813,3.8,-1.5,-1.1505149978319906,3.7,3.9,0.05,anomaly rate $\pi_1$,0.1,1000,0.05,,25,100,0.99125526199981,0.99125526199981,1.0,1.0,0.099125526199981,-1.4990681845107945,0.0,1.0,2500,perfect_pi1_sweep,empirical FDR / nominal alpha
tikz-v1,figure1_supp,fdr_ratio_atlas_r1_c3,$N_{cal}$ by anomaly rate,3,heatmap_cell,standard_conformal_bh,perfect,pi1_sweep,-1.3010299956639813,4.0,-1.5,-1.1505149978319906,3.9,4.1,0.05,anomaly rate $\pi_1$,0.1,1000,0.05,,25,100,0.9567196392029579,0.9567196392029579,1.0,1.0,0.0956719639202958,-1.6990134316128815,0.0,1.0,2500,perfect_pi1_sweep,empirical FDR / nominal alpha
tikz-v1,figure1_supp,fdr_ratio_atlas_r1_c3,$N_{cal}$ by anomaly rate,3,heatmap_cell,standard_conformal_bh,perfect,pi1_sweep,-1.0,1.4,-1.1505149978319906,-0.8494850021680094,1.3,1.5,0.1,anomaly rate $\pi_1$,0.1,1000,0.1,,25,100,0.0,0.0,0.0,0.0,0.0,0.585026652029182,1.0,1.0,2500,perfect_pi1_sweep,empirical FDR / nominal alpha
tikz-v1,figure1_supp,fdr_ratio_atlas_r1_c3,$N_{cal}$ by anomaly rate,3,heatmap_cell,standard_conformal_bh,perfect,pi1_sweep,-1.0,1.6,-1.1505149978319906,-0.8494850021680094,1.5,1.7,0.1,anomaly rate $\pi_1$,0.1,1000,0.1,,25,100,0.0,0.0,0.0,0.0,0.0,0.3872161432802645,1.0,1.0,2500,perfect_pi1_sweep,empirical FDR / nominal alpha
tikz-v1,figure1_supp,fdr_ratio_atlas_r1_c3,$N_{cal}$ by anomaly rate,3,heatmap_cell,standard_conformal_bh,perfect,pi1_sweep,-1.0,1.7999999999999998,-1.1505149978319906,-0.8494850021680094,1.7,1.9,0.1,anomaly rate $\pi_1$,0.1,1000,0.1,,25,100,0.0014522292993629999,0.0014522292993629999,0.0004,0.0004,0.0001452229299363,0.1938200260161128,1.0,1.0,2500,perfect_pi1_sweep,empirical FDR / nominal alpha
tikz-v1,figure1_supp,fdr_ratio_atlas_r1_c3,$N_{cal}$ by anomaly rate,3,heatmap_cell,standard_conformal_bh,perfect,pi1_sweep,-1.0,2.0,-1.1505149978319906,-0.8494850021680094,1.9,2.1,0.1,anomaly rate $\pi_1$,0.1,1000,0.1,,25,100,0.8185918752240159,0.8185918752240159,1.0,1.0,0.0818591875224016,-0.0043213737826425,0.0,1.0,2500,perfect_pi1_sweep,empirical FDR / nominal alpha
tikz-v1,figure1_supp,fdr_ratio_atlas_r1_c3,$N_{cal}$ by anomaly rate,3,heatmap_cell,standard_conformal_bh,perfect,pi1_sweep,-1.0,2.2,-1.1505149978319906,-0.8494850021680094,2.1,2.3,0.1,anomaly rate $\pi_1$,0.1,1000,0.1,,25,100,0.42076325091783096,0.42076325091783096,1.0,1.0,0.0420763250917831,-0.2013971243204515,0.0,1.0,2500,perfect_pi1_sweep,empirical FDR / nominal alpha
tikz-v1,figure1_supp,fdr_ratio_atlas_r1_c3,$N_{cal}$ by anomaly rate,3,heatmap_cell,standard_conformal_bh,perfect,pi1_sweep,-1.0,2.4,-1.1505149978319906,-0.8494850021680094,2.3,2.5,0.1,anomaly rate $\pi_1$,0.1,1000,0.1,,25,100,0.7945993315680739,0.7945993315680739,1.0,1.0,0.0794599331568074,-0.4014005407815441,0.0,1.0,2500,perfect_pi1_sweep,empirical FDR / nominal alpha
tikz-v1,figure1_supp,fdr_ratio_atlas_r1_c3,$N_{cal}$ by anomaly rate,3,heatmap_cell,standard_conformal_bh,perfect,pi1_sweep,-1.0,2.6,-1.1505149978319906,-0.8494850021680094,2.5,2.7,0.1,anomaly rate $\pi_1$,0.1,1000,0.1,,25,100,0.8297393366972069,0.8297393366972069,1.0,1.0,0.0829739336697207,-0.6009728956867483,0.0,1.0,2500,perfect_pi1_sweep,empirical FDR / nominal alpha
tikz-v1,figure1_supp,fdr_ratio_atlas_r1_c3,$N_{cal}$ by anomaly rate,3,heatmap_cell,standard_conformal_bh,perfect,pi1_sweep,-1.0,2.8,-1.1505149978319906,-0.8494850021680094,2.7,2.9,0.1,anomaly rate $\pi_1$,0.1,1000,0.1,,25,100,0.747329769314013,0.747329769314013,1.0,1.0,0.0747329769314013,-0.800717078282385,0.0,1.0,2500,perfect_pi1_sweep,empirical FDR / nominal alpha
tikz-v1,figure1_supp,fdr_ratio_atlas_r1_c3,$N_{cal}$ by anomaly rate,3,heatmap_cell,standard_conformal_bh,perfect,pi1_sweep,-1.0,3.0,-1.1505149978319906,-0.8494850021680094,2.9,3.1,0.1,anomaly rate $\pi_1$,0.1,1000,0.1,,25,100,0.893106760047614,0.893106760047614,1.0,1.0,0.0893106760047614,-1.0004340774793186,0.0,1.0,2500,perfect_pi1_sweep,empirical FDR / nominal alpha
tikz-v1,figure1_supp,fdr_ratio_atlas_r1_c3,$N_{cal}$ by anomaly rate,3,heatmap_cell,standard_conformal_bh,perfect,pi1_sweep,-1.0,3.2,-1.1505149978319906,-0.8494850021680094,3.1,3.3,0.1,anomaly rate $\pi_1$,0.1,1000,0.1,,25,100,0.867135547209257,0.867135547209257,1.0,1.0,0.0867135547209257,-1.200303182981585,0.0,1.0,2500,perfect_pi1_sweep,empirical FDR / nominal alpha
tikz-v1,figure1_supp,fdr_ratio_atlas_r1_c3,$N_{cal}$ by anomaly rate,3,heatmap_cell,standard_conformal_bh,perfect,pi1_sweep,-1.0,3.4,-1.1505149978319906,-0.8494850021680094,3.3,3.5,0.1,anomaly rate $\pi_1$,0.1,1000,0.1,,25,100,0.8567763128466919,0.8567763128466919,1.0,1.0,0.0856776312846692,-1.400192488592576,0.0,1.0,2500,perfect_pi1_sweep,empirical FDR / nominal alpha
tikz-v1,figure1_supp,fdr_ratio_atlas_r1_c3,$N_{cal}$ by anomaly rate,3,heatmap_cell,standard_conformal_bh,perfect,pi1_sweep,-1.0,3.6,-1.1505149978319906,-0.8494850021680094,3.5,3.7,0.1,anomaly rate $\pi_1$,0.1,1000,0.1,,25,100,0.8771917196454849,0.8771917196454849,1.0,1.0,0.0877191719645485,-1.6001012556913907,0.0,1.0,2500,perfect_pi1_sweep,empirical FDR / nominal alpha
tikz-v1,figure1_supp,fdr_ratio_atlas_r1_c3,$N_{cal}$ by anomaly rate,3,heatmap_cell,standard_conformal_bh,perfect,pi1_sweep,-1.0,3.8,-1.1505149978319906,-0.8494850021680094,3.7,3.9,0.1,anomaly rate $\pi_1$,0.1,1000,0.1,,25,100,0.899165895907514,0.899165895907514,1.0,1.0,0.0899165895907514,-1.8000981801747755,0.0,1.0,2500,perfect_pi1_sweep,empirical FDR / nominal alpha
tikz-v1,figure1_supp,fdr_ratio_atlas_r1_c3,$N_{cal}$ by anomaly rate,3,heatmap_cell,standard_conformal_bh,perfect,pi1_sweep,-1.0,4.0,-1.1505149978319906,-0.8494850021680094,3.9,4.1,0.1,anomaly rate $\pi_1$,0.1,1000,0.1,,25,100,0.882551314856578,0.882551314856578,1.0,1.0,0.0882551314856578,-2.0000434272768626,0.0,1.0,2500,perfect_pi1_sweep,empirical FDR / nominal alpha
tikz-v1,figure1_supp,fdr_ratio_atlas_r1_c3,$N_{cal}$ by anomaly rate,3,heatmap_cell,standard_conformal_bh,perfect,pi1_sweep,-0.6989700043360187,1.4,-0.8494850021680094,-0.5484550065040281,1.3,1.5,0.2,anomaly rate $\pi_1$,0.1,1000,0.2,,25,100,0.0,0.0,0.0,0.0,0.0,0.2839966563652008,1.0,1.0,2500,perfect_pi1_sweep,empirical FDR / nominal alpha
tikz-v1,figure1_supp,fdr_ratio_atlas_r1_c3,$N_{cal}$ by anomaly rate,3,heatmap_cell,standard_conformal_bh,perfect,pi1_sweep,-0.6989700043360187,1.6,-0.8494850021680094,-0.5484550065040281,1.5,1.7,0.2,anomaly rate $\pi_1$,0.1,1000,0.2,,25,100,0.477269346182078,0.477269346182078,0.2008,0.2008,0.0477269346182078,0.0861861476162833,1.0,1.0,2500,perfect_pi1_sweep,empirical FDR / nominal alpha
tikz-v1,figure1_supp,fdr_ratio_atlas_r1_c3,$N_{cal}$ by anomaly rate,3,heatmap_cell,standard_conformal_bh,perfect,pi1_sweep,-0.6989700043360187,1.7999999999999998,-0.8494850021680094,-0.5484550065040281,1.7,1.9,0.2,anomaly rate $\pi_1$,0.1,1000,0.2,,25,100,0.558699565542934,0.558699565542934,1.0,1.0,0.0558699565542934,-0.1072099696478683,0.0,1.0,2500,perfect_pi1_sweep,empirical FDR / nominal alpha
tikz-v1,figure1_supp,fdr_ratio_atlas_r1_c3,$N_{cal}$ by anomaly rate,3,heatmap_cell,standard_conformal_bh,perfect,pi1_sweep,-0.6989700043360187,2.0,-0.8494850021680094,-0.5484550065040281,1.9,2.1,0.2,anomaly rate $\pi_1$,0.1,1000,0.2,,25,100,0.656122806009265,0.656122806009265,1.0,1.0,0.0656122806009265,-0.3053513694466238,0.0,1.0,2500,perfect_pi1_sweep,empirical FDR / nominal alpha
tikz-v1,figure1_supp,fdr_ratio_atlas_r1_c3,$N_{cal}$ by anomaly rate,3,heatmap_cell,standard_conformal_bh,perfect,pi1_sweep,-0.6989700043360187,2.2,-0.8494850021680094,-0.5484550065040281,2.1,2.3,0.2,anomaly rate $\pi_1$,0.1,1000,0.2,,25,100,0.598173141167242,0.598173141167242,1.0,1.0,0.0598173141167242,-0.5024271199844327,0.0,1.0,2500,perfect_pi1_sweep,empirical FDR / nominal alpha
tikz-v1,figure1_supp,fdr_ratio_atlas_r1_c3,$N_{cal}$ by anomaly rate,3,heatmap_cell,standard_conformal_bh,perfect,pi1_sweep,-0.6989700043360187,2.4,-0.8494850021680094,-0.5484550065040281,2.3,2.5,0.2,anomaly rate $\pi_1$,0.1,1000,0.2,,25,100,0.680141279157242,0.680141279157242,1.0,1.0,0.0680141279157242,-0.7024305364455253,0.0,1.0,2500,perfect_pi1_sweep,empirical FDR / nominal alpha
tikz-v1,figure1_supp,fdr_ratio_atlas_r1_c3,$N_{cal}$ by anomaly rate,3,heatmap_cell,standard_conformal_bh,perfect,pi1_sweep,-0.6989700043360187,2.6,-0.8494850021680094,-0.5484550065040281,2.5,2.7,0.2,anomaly rate $\pi_1$,0.1,1000,0.2,,25,100,0.802922300651043,0.802922300651043,1.0,1.0,0.0802922300651043,-0.9020028913507294,0.0,1.0,2500,perfect_pi1_sweep,empirical FDR / nominal alpha
tikz-v1,figure1_supp,fdr_ratio_atlas_r1_c3,$N_{cal}$ by anomaly rate,3,heatmap_cell,standard_conformal_bh,perfect,pi1_sweep,-0.6989700043360187,2.8,-0.8494850021680094,-0.5484550065040281,2.7,2.9,0.2,anomaly rate $\pi_1$,0.1,1000,0.2,,25,100,0.74928717532491,0.74928717532491,1.0,1.0,0.074928717532491,-1.1017470739463662,0.0,1.0,2500,perfect_pi1_sweep,empirical FDR / nominal alpha
tikz-v1,figure1_supp,fdr_ratio_atlas_r1_c3,$N_{cal}$ by anomaly rate,3,heatmap_cell,standard_conformal_bh,perfect,pi1_sweep,-0.6989700043360187,3.0,-0.8494850021680094,-0.5484550065040281,2.9,3.1,0.2,anomaly rate $\pi_1$,0.1,1000,0.2,,25,100,0.789041616407905,0.789041616407905,1.0,1.0,0.0789041616407905,-1.3014640731432998,0.0,1.0,2500,perfect_pi1_sweep,empirical FDR / nominal alpha
tikz-v1,figure1_supp,fdr_ratio_atlas_r1_c3,$N_{cal}$ by anomaly rate,3,heatmap_cell,standard_conformal_bh,perfect,pi1_sweep,-0.6989700043360187,3.2,-0.8494850021680094,-0.5484550065040281,3.1,3.3,0.2,anomaly rate $\pi_1$,0.1,1000,0.2,,25,100,0.7552926573572,0.7552926573572,1.0,1.0,0.07552926573572,-1.501333178645566,0.0,1.0,2500,perfect_pi1_sweep,empirical FDR / nominal alpha
tikz-v1,figure1_supp,fdr_ratio_atlas_r1_c3,$N_{cal}$ by anomaly rate,3,heatmap_cell,standard_conformal_bh,perfect,pi1_sweep,-0.6989700043360187,3.4,-0.8494850021680094,-0.5484550065040281,3.3,3.5,0.2,anomaly rate $\pi_1$,0.1,1000,0.2,,25,100,0.8167313179050779,0.8167313179050779,1.0,1.0,0.0816731317905078,-1.701222484256557,0.0,1.0,2500,perfect_pi1_sweep,empirical FDR / nominal alpha
tikz-v1,figure1_supp,fdr_ratio_atlas_r1_c3,$N_{cal}$ by anomaly rate,3,heatmap_cell,standard_conformal_bh,perfect,pi1_sweep,-0.6989700043360187,3.6,-0.8494850021680094,-0.5484550065040281,3.5,3.7,0.2,anomaly rate $\pi_1$,0.1,1000,0.2,,25,100,0.7677252017918409,0.7677252017918409,1.0,1.0,0.0767725201791841,-1.901131251355372,0.0,1.0,2500,perfect_pi1_sweep,empirical FDR / nominal alpha
tikz-v1,figure1_supp,fdr_ratio_atlas_r1_c3,$N_{cal}$ by anomaly rate,3,heatmap_cell,standard_conformal_bh,perfect,pi1_sweep,-0.6989700043360187,3.8,-0.8494850021680094,-0.5484550065040281,3.7,3.9,0.2,anomaly rate $\pi_1$,0.1,1000,0.2,,25,100,0.788992865712312,0.788992865712312,1.0,1.0,0.0788992865712312,-2.101128175838757,0.0,1.0,2500,perfect_pi1_sweep,empirical FDR / nominal alpha
tikz-v1,figure1_supp,fdr_ratio_atlas_r1_c3,$N_{cal}$ by anomaly rate,3,heatmap_cell,standard_conformal_bh,perfect,pi1_sweep,-0.6989700043360187,4.0,-0.8494850021680094,-0.5484550065040281,3.9,4.1,0.2,anomaly rate $\pi_1$,0.1,1000,0.2,,25,100,0.792369742519237,0.792369742519237,1.0,1.0,0.0792369742519237,-2.301073422940844,0.0,1.0,2500,perfect_pi1_sweep,empirical FDR / nominal alpha
