seed,dataset,model,approach,train_size,test_size,n_train,n_test,n_test_normal,n_test_anomaly,actual_anomaly_rate,fdr,power,severity,weight_mode,n_normal_model_selection_excluded,n_anomaly_model_selection_excluded,n_normal_evaluation_pool,n_anomaly_evaluation_pool,target_test_probability,propensity_mean,propensity_std,propensity_min_observed,propensity_max_observed,normal_test_assignment_rate,target_test_size,n_normal_rejection_pool,n_normal_accepted_pool,n_anomaly_accepted_pool,oracle_calib_weight_mean,oracle_calib_weight_std,oracle_calib_weight_min,oracle_calib_weight_max,oracle_calib_weight_ess,oracle_test_weight_mean,oracle_test_weight_std,oracle_test_weight_min,oracle_test_weight_max,oracle_test_weight_ess,used_calib_weight_mean,used_calib_weight_std,used_calib_weight_min,used_calib_weight_max,used_calib_weight_ess,used_test_weight_mean,used_test_weight_std,used_test_weight_min,used_test_weight_max,used_test_weight_ess
1,ionosphere,inne,empirical,56,62,56,62,59,3,0.048,0.0,0.0,0.0,estimated,90,50,135,76,0.6,0.5999999999999998,1.1102230246251565e-16,0.5999999999999999,0.5999999999999999,0.5851851851851851,62,56,79,45,1.499999999999999,2.220446049250313e-16,1.4999999999999991,1.4999999999999991,56.00000000000001,1.4999999999999991,0.0,1.4999999999999991,1.4999999999999991,62.0,,,,,0.0,,,,,0.0
1,ionosphere,inne,empirical_randomized,56,62,56,62,59,3,0.048,0.0,0.333,0.0,estimated,90,50,135,76,0.6,0.5999999999999998,1.1102230246251565e-16,0.5999999999999999,0.5999999999999999,0.5851851851851851,62,56,79,45,1.499999999999999,2.220446049250313e-16,1.4999999999999991,1.4999999999999991,56.00000000000001,1.4999999999999991,0.0,1.4999999999999991,1.4999999999999991,62.0,,,,,0.0,,,,,0.0
1,ionosphere,inne,empirical_randomized_weighted,56,62,56,62,59,3,0.048,0.0,0.0,0.0,estimated,90,50,135,76,0.6,0.5999999999999998,1.1102230246251565e-16,0.5999999999999999,0.5999999999999999,0.5851851851851851,62,56,79,45,1.499999999999999,2.220446049250313e-16,1.4999999999999991,1.4999999999999991,56.00000000000001,1.4999999999999991,0.0,1.4999999999999991,1.4999999999999991,62.0,0.8032647808460113,0.37613557033133727,0.41191475020127305,1.8160971809694566,22.964635474357664,2.1583402793322626,1.231253830480502,0.41191475020127305,4.937895203721534,46.77733121094726
1,ionosphere,inne,empirical_weighted,56,62,56,62,59,3,0.048,0.0,0.0,0.0,estimated,90,50,135,76,0.6,0.5999999999999998,1.1102230246251565e-16,0.5999999999999999,0.5999999999999999,0.5851851851851851,62,56,79,45,1.499999999999999,2.220446049250313e-16,1.4999999999999991,1.4999999999999991,56.00000000000001,1.4999999999999991,0.0,1.4999999999999991,1.4999999999999991,62.0,0.8032647808460113,0.37613557033133727,0.41191475020127305,1.8160971809694566,22.964635474357664,2.1583402793322626,1.231253830480502,0.41191475020127305,4.937895203721534,46.77733121094726
2,ionosphere,inne,empirical,56,62,56,62,59,3,0.048,0.0,0.0,0.0,estimated,90,50,135,76,0.6,0.5999999999999998,1.1102230246251565e-16,0.5999999999999999,0.5999999999999999,0.5851851851851851,62,56,79,45,1.499999999999999,2.220446049250313e-16,1.4999999999999991,1.4999999999999991,56.00000000000001,1.4999999999999991,0.0,1.4999999999999991,1.4999999999999991,62.0,,,,,0.0,,,,,0.0
2,ionosphere,inne,empirical_randomized,56,62,56,62,59,3,0.048,0.0,0.0,0.0,estimated,90,50,135,76,0.6,0.5999999999999998,1.1102230246251565e-16,0.5999999999999999,0.5999999999999999,0.5851851851851851,62,56,79,45,1.499999999999999,2.220446049250313e-16,1.4999999999999991,1.4999999999999991,56.00000000000001,1.4999999999999991,0.0,1.4999999999999991,1.4999999999999991,62.0,,,,,0.0,,,,,0.0
2,ionosphere,inne,empirical_randomized_weighted,56,62,56,62,59,3,0.048,0.0,0.0,0.0,estimated,90,50,135,76,0.6,0.5999999999999998,1.1102230246251565e-16,0.5999999999999999,0.5999999999999999,0.5851851851851851,62,56,79,45,1.499999999999999,2.220446049250313e-16,1.4999999999999991,1.4999999999999991,56.00000000000001,1.4999999999999991,0.0,1.4999999999999991,1.4999999999999991,62.0,0.8368726188517074,0.38631639958698716,0.41190657228127525,1.6733515689148513,23.081510030505687,1.7774680672276368,0.7292895366827375,0.41190657228127525,3.2361365712405266,53.06658532277615
2,ionosphere,inne,empirical_weighted,56,62,56,62,59,3,0.048,0.0,0.0,0.0,estimated,90,50,135,76,0.6,0.5999999999999998,1.1102230246251565e-16,0.5999999999999999,0.5999999999999999,0.5851851851851851,62,56,79,45,1.499999999999999,2.220446049250313e-16,1.4999999999999991,1.4999999999999991,56.00000000000001,1.4999999999999991,0.0,1.4999999999999991,1.4999999999999991,62.0,0.8368726188517074,0.38631639958698716,0.41190657228127525,1.6733515689148513,23.081510030505687,1.7774680672276368,0.7292895366827375,0.41190657228127525,3.2361365712405266,53.06658532277615
3,ionosphere,inne,empirical,54,60,54,60,57,3,0.05,0.0,0.0,0.0,estimated,90,50,135,76,0.6,0.5999999999999998,1.1102230246251565e-16,0.5999999999999999,0.5999999999999999,0.6,60,54,81,40,1.4999999999999991,0.0,1.4999999999999991,1.4999999999999991,54.0,1.4999999999999991,0.0,1.4999999999999991,1.4999999999999991,60.0,,,,,0.0,,,,,0.0
3,ionosphere,inne,empirical_randomized,54,60,54,60,57,3,0.05,0.0,0.0,0.0,estimated,90,50,135,76,0.6,0.5999999999999998,1.1102230246251565e-16,0.5999999999999999,0.5999999999999999,0.6,60,54,81,40,1.4999999999999991,0.0,1.4999999999999991,1.4999999999999991,54.0,1.4999999999999991,0.0,1.4999999999999991,1.4999999999999991,60.0,,,,,0.0,,,,,0.0
3,ionosphere,inne,empirical_randomized_weighted,54,60,54,60,57,3,0.05,0.0,0.0,0.0,estimated,90,50,135,76,0.6,0.5999999999999998,1.1102230246251565e-16,0.5999999999999999,0.5999999999999999,0.6,60,54,81,40,1.4999999999999991,0.0,1.4999999999999991,1.4999999999999991,54.0,1.4999999999999991,0.0,1.4999999999999991,1.4999999999999991,60.0,0.8220133251606966,0.3767448504322136,0.47203986821470467,1.956391707232884,22.313000479588457,1.9371683602542238,1.004057923403492,0.5505524367726594,3.839703122091132,47.29446128019885
3,ionosphere,inne,empirical_weighted,54,60,54,60,57,3,0.05,0.0,0.0,0.0,estimated,90,50,135,76,0.6,0.5999999999999998,1.1102230246251565e-16,0.5999999999999999,0.5999999999999999,0.6,60,54,81,40,1.4999999999999991,0.0,1.4999999999999991,1.4999999999999991,54.0,1.4999999999999991,0.0,1.4999999999999991,1.4999999999999991,60.0,0.8220133251606966,0.3767448504322136,0.47203986821470467,1.956391707232884,22.313000479588457,1.9371683602542238,1.004057923403492,0.5505524367726594,3.839703122091132,47.29446128019885
4,ionosphere,inne,empirical,56,66,56,66,63,3,0.045,0.0,0.0,0.0,estimated,90,50,135,76,0.6,0.5999999999999998,1.1102230246251565e-16,0.5999999999999999,0.5999999999999999,0.5851851851851851,66,56,79,54,1.499999999999999,2.220446049250313e-16,1.4999999999999991,1.4999999999999991,56.00000000000001,1.4999999999999991,0.0,1.4999999999999991,1.4999999999999991,66.00000000000001,,,,,0.0,,,,,0.0
4,ionosphere,inne,empirical_randomized,56,66,56,66,63,3,0.045,0.0,0.0,0.0,estimated,90,50,135,76,0.6,0.5999999999999998,1.1102230246251565e-16,0.5999999999999999,0.5999999999999999,0.5851851851851851,66,56,79,54,1.499999999999999,2.220446049250313e-16,1.4999999999999991,1.4999999999999991,56.00000000000001,1.4999999999999991,0.0,1.4999999999999991,1.4999999999999991,66.00000000000001,,,,,0.0,,,,,0.0
4,ionosphere,inne,empirical_randomized_weighted,56,66,56,66,63,3,0.045,0.0,0.0,0.0,estimated,90,50,135,76,0.6,0.5999999999999998,1.1102230246251565e-16,0.5999999999999999,0.5999999999999999,0.5851851851851851,66,56,79,54,1.499999999999999,2.220446049250313e-16,1.4999999999999991,1.4999999999999991,56.00000000000001,1.4999999999999991,0.0,1.4999999999999991,1.4999999999999991,66.00000000000001,0.7530890792652348,0.2872451107862556,0.47005967075979505,1.7275715001861098,24.44383477775804,2.4627608891984414,2.0910379555444507,0.47736410973062515,7.335800603319249,38.351865643957744
4,ionosphere,inne,empirical_weighted,56,66,56,66,63,3,0.045,0.0,0.0,0.0,estimated,90,50,135,76,0.6,0.5999999999999998,1.1102230246251565e-16,0.5999999999999999,0.5999999999999999,0.5851851851851851,66,56,79,54,1.499999999999999,2.220446049250313e-16,1.4999999999999991,1.4999999999999991,56.00000000000001,1.4999999999999991,0.0,1.4999999999999991,1.4999999999999991,66.00000000000001,0.7530890792652348,0.2872451107862556,0.47005967075979505,1.7275715001861098,24.44383477775804,2.4627608891984414,2.0910379555444507,0.47736410973062515,7.335800603319249,38.351865643957744
5,ionosphere,inne,empirical,55,66,55,66,63,3,0.045,0.0,0.0,0.0,estimated,90,50,135,76,0.6,0.5999999999999998,1.1102230246251565e-16,0.5999999999999999,0.5999999999999999,0.5925925925925926,66,55,80,51,1.4999999999999993,2.220446049250313e-16,1.4999999999999991,1.4999999999999991,55.00000000000001,1.4999999999999991,0.0,1.4999999999999991,1.4999999999999991,66.00000000000001,,,,,0.0,,,,,0.0
5,ionosphere,inne,empirical_randomized,55,66,55,66,63,3,0.045,0.0,0.0,0.0,estimated,90,50,135,76,0.6,0.5999999999999998,1.1102230246251565e-16,0.5999999999999999,0.5999999999999999,0.5925925925925926,66,55,80,51,1.4999999999999993,2.220446049250313e-16,1.4999999999999991,1.4999999999999991,55.00000000000001,1.4999999999999991,0.0,1.4999999999999991,1.4999999999999991,66.00000000000001,,,,,0.0,,,,,0.0
5,ionosphere,inne,empirical_randomized_weighted,55,66,55,66,63,3,0.045,0.0,0.0,0.0,estimated,90,50,135,76,0.6,0.5999999999999998,1.1102230246251565e-16,0.5999999999999999,0.5999999999999999,0.5925925925925926,66,55,80,51,1.4999999999999993,2.220446049250313e-16,1.4999999999999991,1.4999999999999991,55.00000000000001,1.4999999999999991,0.0,1.4999999999999991,1.4999999999999991,66.00000000000001,0.8818038651422702,0.2244745827878854,0.6746223273616784,1.3388810327740368,26.295961491222805,1.6703140019625904,0.5321038013528985,0.8042557407373794,2.622040602627,59.91917754644779
5,ionosphere,inne,empirical_weighted,55,66,55,66,63,3,0.045,0.0,0.0,0.0,estimated,90,50,135,76,0.6,0.5999999999999998,1.1102230246251565e-16,0.5999999999999999,0.5999999999999999,0.5925925925925926,66,55,80,51,1.4999999999999993,2.220446049250313e-16,1.4999999999999991,1.4999999999999991,55.00000000000001,1.4999999999999991,0.0,1.4999999999999991,1.4999999999999991,66.00000000000001,0.8818038651422702,0.2244745827878854,0.6746223273616784,1.3388810327740368,26.295961491222805,1.6703140019625904,0.5321038013528985,0.8042557407373794,2.622040602627,59.91917754644779
6,ionosphere,inne,empirical,58,62,58,62,59,3,0.048,0.0,0.0,0.0,estimated,90,50,135,76,0.6,0.5999999999999998,1.1102230246251565e-16,0.5999999999999999,0.5999999999999999,0.5703703703703704,62,58,77,46,1.4999999999999991,0.0,1.4999999999999991,1.4999999999999991,58.0,1.4999999999999991,0.0,1.4999999999999991,1.4999999999999991,62.0,,,,,0.0,,,,,0.0
6,ionosphere,inne,empirical_randomized,58,62,58,62,59,3,0.048,0.0,0.0,0.0,estimated,90,50,135,76,0.6,0.5999999999999998,1.1102230246251565e-16,0.5999999999999999,0.5999999999999999,0.5703703703703704,62,58,77,46,1.4999999999999991,0.0,1.4999999999999991,1.4999999999999991,58.0,1.4999999999999991,0.0,1.4999999999999991,1.4999999999999991,62.0,,,,,0.0,,,,,0.0
6,ionosphere,inne,empirical_randomized_weighted,58,62,58,62,59,3,0.048,0.0,0.0,0.0,estimated,90,50,135,76,0.6,0.5999999999999998,1.1102230246251565e-16,0.5999999999999999,0.5999999999999999,0.5703703703703704,62,58,77,46,1.4999999999999991,0.0,1.4999999999999991,1.4999999999999991,58.0,1.4999999999999991,0.0,1.4999999999999991,1.4999999999999991,62.0,0.801535543191275,0.35194566917564635,0.38411661274340625,1.9942003198152627,24.312554130012185,1.907638828116988,0.705323831264865,0.38987532125342,2.9485652832846068,54.543608911413486
6,ionosphere,inne,empirical_weighted,58,62,58,62,59,3,0.048,0.0,0.0,0.0,estimated,90,50,135,76,0.6,0.5999999999999998,1.1102230246251565e-16,0.5999999999999999,0.5999999999999999,0.5703703703703704,62,58,77,46,1.4999999999999991,0.0,1.4999999999999991,1.4999999999999991,58.0,1.4999999999999991,0.0,1.4999999999999991,1.4999999999999991,62.0,0.801535543191275,0.35194566917564635,0.38411661274340625,1.9942003198152627,24.312554130012185,1.907638828116988,0.705323831264865,0.38987532125342,2.9485652832846068,54.543608911413486
7,ionosphere,inne,empirical,52,65,52,65,62,3,0.046,0.0,0.0,0.0,estimated,90,50,135,76,0.6,0.5999999999999998,1.1102230246251565e-16,0.5999999999999999,0.5999999999999999,0.6148148148148148,65,52,83,47,1.4999999999999991,0.0,1.4999999999999991,1.4999999999999991,52.00000000000001,1.4999999999999991,0.0,1.4999999999999991,1.4999999999999991,65.00000000000001,,,,,0.0,,,,,0.0
7,ionosphere,inne,empirical_randomized,52,65,52,65,62,3,0.046,1.0,0.0,0.0,estimated,90,50,135,76,0.6,0.5999999999999998,1.1102230246251565e-16,0.5999999999999999,0.5999999999999999,0.6148148148148148,65,52,83,47,1.4999999999999991,0.0,1.4999999999999991,1.4999999999999991,52.00000000000001,1.4999999999999991,0.0,1.4999999999999991,1.4999999999999991,65.00000000000001,,,,,0.0,,,,,0.0
7,ionosphere,inne,empirical_randomized_weighted,52,65,52,65,62,3,0.046,0.0,0.0,0.0,estimated,90,50,135,76,0.6,0.5999999999999998,1.1102230246251565e-16,0.5999999999999999,0.5999999999999999,0.6148148148148148,65,52,83,47,1.4999999999999991,0.0,1.4999999999999991,1.4999999999999991,52.00000000000001,1.4999999999999991,0.0,1.4999999999999991,1.4999999999999991,65.00000000000001,0.8602859627279764,0.23537935241911304,0.5943609021592249,1.3898287276276733,24.189191955804038,1.7128718125606306,0.4834392500599163,0.7745490728770469,2.630158459540831,60.20420187785388
7,ionosphere,inne,empirical_weighted,52,65,52,65,62,3,0.046,0.0,0.0,0.0,estimated,90,50,135,76,0.6,0.5999999999999998,1.1102230246251565e-16,0.5999999999999999,0.5999999999999999,0.6148148148148148,65,52,83,47,1.4999999999999991,0.0,1.4999999999999991,1.4999999999999991,52.00000000000001,1.4999999999999991,0.0,1.4999999999999991,1.4999999999999991,65.00000000000001,0.8602859627279764,0.23537935241911304,0.5943609021592249,1.3898287276276733,24.189191955804038,1.7128718125606306,0.4834392500599163,0.7745490728770469,2.630158459540831,60.20420187785388
8,ionosphere,inne,empirical,50,68,50,68,65,3,0.044,0.0,0.0,0.0,estimated,90,50,135,76,0.6,0.5999999999999998,1.1102230246251565e-16,0.5999999999999999,0.5999999999999999,0.6296296296296297,68,50,85,50,1.4999999999999991,0.0,1.4999999999999991,1.4999999999999991,50.00000000000001,1.4999999999999991,0.0,1.4999999999999991,1.4999999999999991,68.00000000000001,,,,,0.0,,,,,0.0
8,ionosphere,inne,empirical_randomized,50,68,50,68,65,3,0.044,0.0,0.0,0.0,estimated,90,50,135,76,0.6,0.5999999999999998,1.1102230246251565e-16,0.5999999999999999,0.5999999999999999,0.6296296296296297,68,50,85,50,1.4999999999999991,0.0,1.4999999999999991,1.4999999999999991,50.00000000000001,1.4999999999999991,0.0,1.4999999999999991,1.4999999999999991,68.00000000000001,,,,,0.0,,,,,0.0
8,ionosphere,inne,empirical_randomized_weighted,50,68,50,68,65,3,0.044,0.0,0.0,0.0,estimated,90,50,135,76,0.6,0.5999999999999998,1.1102230246251565e-16,0.5999999999999999,0.5999999999999999,0.6296296296296297,68,50,85,50,1.4999999999999991,0.0,1.4999999999999991,1.4999999999999991,50.00000000000001,1.4999999999999991,0.0,1.4999999999999991,1.4999999999999991,68.00000000000001,0.8018071147309069,0.36815971325291774,0.44068924386120034,1.8780077746135273,20.646991675856363,1.9023572783591822,0.8732869856921045,0.5321613184949555,3.7014789411226356,56.16438532461003
8,ionosphere,inne,empirical_weighted,50,68,50,68,65,3,0.044,0.0,0.0,0.0,estimated,90,50,135,76,0.6,0.5999999999999998,1.1102230246251565e-16,0.5999999999999999,0.5999999999999999,0.6296296296296297,68,50,85,50,1.4999999999999991,0.0,1.4999999999999991,1.4999999999999991,50.00000000000001,1.4999999999999991,0.0,1.4999999999999991,1.4999999999999991,68.00000000000001,0.8018071147309069,0.36815971325291774,0.44068924386120034,1.8780077746135273,20.646991675856363,1.9023572783591822,0.8732869856921045,0.5321613184949555,3.7014789411226356,56.16438532461003
9,ionosphere,inne,empirical,62,58,62,58,55,3,0.052,0.0,0.0,0.0,estimated,90,50,135,76,0.6,0.5999999999999998,1.1102230246251565e-16,0.5999999999999999,0.5999999999999999,0.5407407407407407,58,62,73,44,1.4999999999999991,0.0,1.4999999999999991,1.4999999999999991,62.0,1.4999999999999991,0.0,1.4999999999999991,1.4999999999999991,58.0,,,,,0.0,,,,,0.0
9,ionosphere,inne,empirical_randomized,62,58,62,58,55,3,0.052,0.0,0.0,0.0,estimated,90,50,135,76,0.6,0.5999999999999998,1.1102230246251565e-16,0.5999999999999999,0.5999999999999999,0.5407407407407407,58,62,73,44,1.4999999999999991,0.0,1.4999999999999991,1.4999999999999991,62.0,1.4999999999999991,0.0,1.4999999999999991,1.4999999999999991,58.0,,,,,0.0,,,,,0.0
9,ionosphere,inne,empirical_randomized_weighted,62,58,62,58,55,3,0.052,0.0,0.0,0.0,estimated,90,50,135,76,0.6,0.5999999999999998,1.1102230246251565e-16,0.5999999999999999,0.5999999999999999,0.5407407407407407,58,62,73,44,1.4999999999999991,0.0,1.4999999999999991,1.4999999999999991,62.0,1.4999999999999991,0.0,1.4999999999999991,1.4999999999999991,58.0,0.8385086659682977,0.16448767960842897,0.6396534186873767,1.3017251903874971,29.85127894782059,1.5588865771517442,0.5389827461852921,0.6396534186873767,2.4162889006174924,51.8068974027229
9,ionosphere,inne,empirical_weighted,62,58,62,58,55,3,0.052,0.0,0.0,0.0,estimated,90,50,135,76,0.6,0.5999999999999998,1.1102230246251565e-16,0.5999999999999999,0.5999999999999999,0.5407407407407407,58,62,73,44,1.4999999999999991,0.0,1.4999999999999991,1.4999999999999991,62.0,1.4999999999999991,0.0,1.4999999999999991,1.4999999999999991,58.0,0.8385086659682977,0.16448767960842897,0.6396534186873767,1.3017251903874971,29.85127894782059,1.5588865771517442,0.5389827461852921,0.6396534186873767,2.4162889006174924,51.8068974027229
10,ionosphere,inne,empirical,53,64,53,64,61,3,0.047,0.0,0.0,0.0,estimated,90,50,135,76,0.6,0.5999999999999998,1.1102230246251565e-16,0.5999999999999999,0.5999999999999999,0.6074074074074074,64,53,82,46,1.4999999999999991,0.0,1.4999999999999991,1.4999999999999991,53.00000000000001,1.4999999999999991,0.0,1.4999999999999991,1.4999999999999991,64.00000000000001,,,,,0.0,,,,,0.0
10,ionosphere,inne,empirical_randomized,53,64,53,64,61,3,0.047,0.0,0.0,0.0,estimated,90,50,135,76,0.6,0.5999999999999998,1.1102230246251565e-16,0.5999999999999999,0.5999999999999999,0.6074074074074074,64,53,82,46,1.4999999999999991,0.0,1.4999999999999991,1.4999999999999991,53.00000000000001,1.4999999999999991,0.0,1.4999999999999991,1.4999999999999991,64.00000000000001,,,,,0.0,,,,,0.0
10,ionosphere,inne,empirical_randomized_weighted,53,64,53,64,61,3,0.047,0.0,0.0,0.0,estimated,90,50,135,76,0.6,0.5999999999999998,1.1102230246251565e-16,0.5999999999999999,0.5999999999999999,0.6074074074074074,64,53,82,46,1.4999999999999991,0.0,1.4999999999999991,1.4999999999999991,53.00000000000001,1.4999999999999991,0.0,1.4999999999999991,1.4999999999999991,64.00000000000001,0.8156952385831702,0.29766825452220536,0.5314427069942258,1.989092494485751,23.82694532520257,1.9531485918371527,1.1814915010026492,0.5926574362717693,4.907753739367321,46.85473736881474
10,ionosphere,inne,empirical_weighted,53,64,53,64,61,3,0.047,0.0,0.0,0.0,estimated,90,50,135,76,0.6,0.5999999999999998,1.1102230246251565e-16,0.5999999999999999,0.5999999999999999,0.6074074074074074,64,53,82,46,1.4999999999999991,0.0,1.4999999999999991,1.4999999999999991,53.00000000000001,1.4999999999999991,0.0,1.4999999999999991,1.4999999999999991,64.00000000000001,0.8156952385831702,0.29766825452220536,0.5314427069942258,1.989092494485751,23.82694532520257,1.9531485918371527,1.1814915010026492,0.5926574362717693,4.907753739367321,46.85473736881474
11,ionosphere,inne,empirical,46,64,46,64,61,3,0.047,0.0,0.0,0.0,estimated,90,50,135,76,0.6,0.5999999999999998,1.1102230246251565e-16,0.5999999999999999,0.5999999999999999,0.6592592592592592,64,46,89,40,1.4999999999999991,0.0,1.4999999999999991,1.4999999999999991,46.0,1.4999999999999991,0.0,1.4999999999999991,1.4999999999999991,64.00000000000001,,,,,0.0,,,,,0.0
11,ionosphere,inne,empirical_randomized,46,64,46,64,61,3,0.047,0.0,0.0,0.0,estimated,90,50,135,76,0.6,0.5999999999999998,1.1102230246251565e-16,0.5999999999999999,0.5999999999999999,0.6592592592592592,64,46,89,40,1.4999999999999991,0.0,1.4999999999999991,1.4999999999999991,46.0,1.4999999999999991,0.0,1.4999999999999991,1.4999999999999991,64.00000000000001,,,,,0.0,,,,,0.0
11,ionosphere,inne,empirical_randomized_weighted,46,64,46,64,61,3,0.047,0.0,0.0,0.0,estimated,90,50,135,76,0.6,0.5999999999999998,1.1102230246251565e-16,0.5999999999999999,0.5999999999999999,0.6592592592592592,64,46,89,40,1.4999999999999991,0.0,1.4999999999999991,1.4999999999999991,46.0,1.4999999999999991,0.0,1.4999999999999991,1.4999999999999991,64.00000000000001,0.8066541622374777,0.3376542706754503,0.5051329544849096,1.7194263012235904,19.570897422459282,2.1389856611648357,1.3003105150985887,0.5419110849565121,4.841996293322612,46.730527098740325
11,ionosphere,inne,empirical_weighted,46,64,46,64,61,3,0.047,0.0,0.0,0.0,estimated,90,50,135,76,0.6,0.5999999999999998,1.1102230246251565e-16,0.5999999999999999,0.5999999999999999,0.6592592592592592,64,46,89,40,1.4999999999999991,0.0,1.4999999999999991,1.4999999999999991,46.0,1.4999999999999991,0.0,1.4999999999999991,1.4999999999999991,64.00000000000001,0.8066541622374777,0.3376542706754503,0.5051329544849096,1.7194263012235904,19.570897422459282,2.1389856611648357,1.3003105150985887,0.5419110849565121,4.841996293322612,46.730527098740325
12,ionosphere,inne,empirical,63,58,63,58,55,3,0.052,0.0,0.0,0.0,estimated,90,50,135,76,0.6,0.5999999999999998,1.1102230246251565e-16,0.5999999999999999,0.5999999999999999,0.5333333333333333,58,63,72,43,1.4999999999999991,0.0,1.4999999999999991,1.4999999999999991,63.0,1.4999999999999991,0.0,1.4999999999999991,1.4999999999999991,58.0,,,,,0.0,,,,,0.0
12,ionosphere,inne,empirical_randomized,63,58,63,58,55,3,0.052,0.0,0.0,0.0,estimated,90,50,135,76,0.6,0.5999999999999998,1.1102230246251565e-16,0.5999999999999999,0.5999999999999999,0.5333333333333333,58,63,72,43,1.4999999999999991,0.0,1.4999999999999991,1.4999999999999991,63.0,1.4999999999999991,0.0,1.4999999999999991,1.4999999999999991,58.0,,,,,0.0,,,,,0.0
12,ionosphere,inne,empirical_randomized_weighted,63,58,63,58,55,3,0.052,0.0,0.0,0.0,estimated,90,50,135,76,0.6,0.5999999999999998,1.1102230246251565e-16,0.5999999999999999,0.5999999999999999,0.5333333333333333,58,63,72,43,1.4999999999999991,0.0,1.4999999999999991,1.4999999999999991,63.0,1.4999999999999991,0.0,1.4999999999999991,1.4999999999999991,58.0,0.8318751392994567,0.24123531238638493,0.5402504177132608,1.3445389911444001,29.517733121846902,1.5000467016927148,0.4704900770437583,0.6227403431011115,2.3566143229194663,52.8052083218019
12,ionosphere,inne,empirical_weighted,63,58,63,58,55,3,0.052,0.0,0.0,0.0,estimated,90,50,135,76,0.6,0.5999999999999998,1.1102230246251565e-16,0.5999999999999999,0.5999999999999999,0.5333333333333333,58,63,72,43,1.4999999999999991,0.0,1.4999999999999991,1.4999999999999991,63.0,1.4999999999999991,0.0,1.4999999999999991,1.4999999999999991,58.0,0.8318751392994567,0.24123531238638493,0.5402504177132608,1.3445389911444001,29.517733121846902,1.5000467016927148,0.4704900770437583,0.6227403431011115,2.3566143229194663,52.8052083218019
13,ionosphere,inne,empirical,56,63,56,63,60,3,0.048,0.0,0.0,0.0,estimated,90,50,135,76,0.6,0.5999999999999998,1.1102230246251565e-16,0.5999999999999999,0.5999999999999999,0.5851851851851851,63,56,79,47,1.499999999999999,2.220446049250313e-16,1.4999999999999991,1.4999999999999991,56.00000000000001,1.4999999999999991,0.0,1.4999999999999991,1.4999999999999991,63.0,,,,,0.0,,,,,0.0
13,ionosphere,inne,empirical_randomized,56,63,56,63,60,3,0.048,0.0,0.0,0.0,estimated,90,50,135,76,0.6,0.5999999999999998,1.1102230246251565e-16,0.5999999999999999,0.5999999999999999,0.5851851851851851,63,56,79,47,1.499999999999999,2.220446049250313e-16,1.4999999999999991,1.4999999999999991,56.00000000000001,1.4999999999999991,0.0,1.4999999999999991,1.4999999999999991,63.0,,,,,0.0,,,,,0.0
13,ionosphere,inne,empirical_randomized_weighted,56,63,56,63,60,3,0.048,0.0,0.0,0.0,estimated,90,50,135,76,0.6,0.5999999999999998,1.1102230246251565e-16,0.5999999999999999,0.5999999999999999,0.5851851851851851,63,56,79,47,1.499999999999999,2.220446049250313e-16,1.4999999999999991,1.4999999999999991,56.00000000000001,1.4999999999999991,0.0,1.4999999999999991,1.4999999999999991,63.0,0.8461699288362958,0.15077599969264383,0.6842795965971746,1.2958469513102546,27.138346528004572,1.5459228056241732,0.3923758587519212,0.8441930457979041,2.123257617261551,59.187095080461496
13,ionosphere,inne,empirical_weighted,56,63,56,63,60,3,0.048,0.0,0.0,0.0,estimated,90,50,135,76,0.6,0.5999999999999998,1.1102230246251565e-16,0.5999999999999999,0.5999999999999999,0.5851851851851851,63,56,79,47,1.499999999999999,2.220446049250313e-16,1.4999999999999991,1.4999999999999991,56.00000000000001,1.4999999999999991,0.0,1.4999999999999991,1.4999999999999991,63.0,0.8461699288362958,0.15077599969264383,0.6842795965971746,1.2958469513102546,27.138346528004572,1.5459228056241732,0.3923758587519212,0.8441930457979041,2.123257617261551,59.187095080461496
14,ionosphere,inne,empirical,55,64,55,64,61,3,0.047,0.0,0.0,0.0,estimated,90,50,135,76,0.6,0.5999999999999998,1.1102230246251565e-16,0.5999999999999999,0.5999999999999999,0.5925925925925926,64,55,80,47,1.4999999999999993,2.220446049250313e-16,1.4999999999999991,1.4999999999999991,55.00000000000001,1.4999999999999991,0.0,1.4999999999999991,1.4999999999999991,64.00000000000001,,,,,0.0,,,,,0.0
14,ionosphere,inne,empirical_randomized,55,64,55,64,61,3,0.047,0.0,0.0,0.0,estimated,90,50,135,76,0.6,0.5999999999999998,1.1102230246251565e-16,0.5999999999999999,0.5999999999999999,0.5925925925925926,64,55,80,47,1.4999999999999993,2.220446049250313e-16,1.4999999999999991,1.4999999999999991,55.00000000000001,1.4999999999999991,0.0,1.4999999999999991,1.4999999999999991,64.00000000000001,,,,,0.0,,,,,0.0
14,ionosphere,inne,empirical_randomized_weighted,55,64,55,64,61,3,0.047,0.0,0.0,0.0,estimated,90,50,135,76,0.6,0.5999999999999998,1.1102230246251565e-16,0.5999999999999999,0.5999999999999999,0.5925925925925926,64,55,80,47,1.4999999999999993,2.220446049250313e-16,1.4999999999999991,1.4999999999999991,55.00000000000001,1.4999999999999991,0.0,1.4999999999999991,1.4999999999999991,64.00000000000001,0.9211008687737673,0.32988641609428787,0.5666935608374738,1.9217779802199477,24.816823801114243,1.750617903599406,0.5454544172776215,0.5967506275346411,2.7527418669579364,58.336622914033526
14,ionosphere,inne,empirical_weighted,55,64,55,64,61,3,0.047,0.0,0.0,0.0,estimated,90,50,135,76,0.6,0.5999999999999998,1.1102230246251565e-16,0.5999999999999999,0.5999999999999999,0.5925925925925926,64,55,80,47,1.4999999999999993,2.220446049250313e-16,1.4999999999999991,1.4999999999999991,55.00000000000001,1.4999999999999991,0.0,1.4999999999999991,1.4999999999999991,64.00000000000001,0.9211008687737673,0.32988641609428787,0.5666935608374738,1.9217779802199477,24.816823801114243,1.750617903599406,0.5454544172776215,0.5967506275346411,2.7527418669579364,58.336622914033526
15,ionosphere,inne,empirical,57,60,57,60,57,3,0.05,0.0,0.0,0.0,estimated,90,50,135,76,0.6,0.5999999999999998,1.1102230246251565e-16,0.5999999999999999,0.5999999999999999,0.5777777777777777,60,57,78,42,1.4999999999999991,0.0,1.4999999999999991,1.4999999999999991,57.0,1.4999999999999991,0.0,1.4999999999999991,1.4999999999999991,60.0,,,,,0.0,,,,,0.0
15,ionosphere,inne,empirical_randomized,57,60,57,60,57,3,0.05,0.0,0.0,0.0,estimated,90,50,135,76,0.6,0.5999999999999998,1.1102230246251565e-16,0.5999999999999999,0.5999999999999999,0.5777777777777777,60,57,78,42,1.4999999999999991,0.0,1.4999999999999991,1.4999999999999991,57.0,1.4999999999999991,0.0,1.4999999999999991,1.4999999999999991,60.0,,,,,0.0,,,,,0.0
15,ionosphere,inne,empirical_randomized_weighted,57,60,57,60,57,3,0.05,0.0,0.0,0.0,estimated,90,50,135,76,0.6,0.5999999999999998,1.1102230246251565e-16,0.5999999999999999,0.5999999999999999,0.5777777777777777,60,57,78,42,1.4999999999999991,0.0,1.4999999999999991,1.4999999999999991,57.0,1.4999999999999991,0.0,1.4999999999999991,1.4999999999999991,60.0,0.8074204780537694,0.279633465339782,0.5877887223476078,1.9220646486931616,25.894150308032717,1.6215720205788635,0.5858437750250284,0.7226964697204774,2.7278427745563296,53.072723405118936
15,ionosphere,inne,empirical_weighted,57,60,57,60,57,3,0.05,0.0,0.0,0.0,estimated,90,50,135,76,0.6,0.5999999999999998,1.1102230246251565e-16,0.5999999999999999,0.5999999999999999,0.5777777777777777,60,57,78,42,1.4999999999999991,0.0,1.4999999999999991,1.4999999999999991,57.0,1.4999999999999991,0.0,1.4999999999999991,1.4999999999999991,60.0,0.8074204780537694,0.279633465339782,0.5877887223476078,1.9220646486931616,25.894150308032717,1.6215720205788635,0.5858437750250284,0.7226964697204774,2.7278427745563296,53.072723405118936
16,ionosphere,inne,empirical,63,60,63,60,57,3,0.05,0.0,0.0,0.0,estimated,90,50,135,76,0.6,0.5999999999999998,1.1102230246251565e-16,0.5999999999999999,0.5999999999999999,0.5333333333333333,60,63,72,49,1.4999999999999991,0.0,1.4999999999999991,1.4999999999999991,63.0,1.4999999999999991,0.0,1.4999999999999991,1.4999999999999991,60.0,,,,,0.0,,,,,0.0
16,ionosphere,inne,empirical_randomized,63,60,63,60,57,3,0.05,0.0,0.0,0.0,estimated,90,50,135,76,0.6,0.5999999999999998,1.1102230246251565e-16,0.5999999999999999,0.5999999999999999,0.5333333333333333,60,63,72,49,1.4999999999999991,0.0,1.4999999999999991,1.4999999999999991,63.0,1.4999999999999991,0.0,1.4999999999999991,1.4999999999999991,60.0,,,,,0.0,,,,,0.0
16,ionosphere,inne,empirical_randomized_weighted,63,60,63,60,57,3,0.05,0.0,0.0,0.0,estimated,90,50,135,76,0.6,0.5999999999999998,1.1102230246251565e-16,0.5999999999999999,0.5999999999999999,0.5333333333333333,60,63,72,49,1.4999999999999991,0.0,1.4999999999999991,1.4999999999999991,63.0,1.4999999999999991,0.0,1.4999999999999991,1.4999999999999991,60.0,0.7482887026400649,0.3830179345163004,0.27976072408961294,1.86458534645592,25.356594418188156,2.0581570750108895,0.9744986084286248,0.27976072408961294,3.847464509337149,49.01222345263351
16,ionosphere,inne,empirical_weighted,63,60,63,60,57,3,0.05,0.0,0.0,0.0,estimated,90,50,135,76,0.6,0.5999999999999998,1.1102230246251565e-16,0.5999999999999999,0.5999999999999999,0.5333333333333333,60,63,72,49,1.4999999999999991,0.0,1.4999999999999991,1.4999999999999991,63.0,1.4999999999999991,0.0,1.4999999999999991,1.4999999999999991,60.0,0.7482887026400649,0.3830179345163004,0.27976072408961294,1.86458534645592,25.356594418188156,2.0581570750108895,0.9744986084286248,0.27976072408961294,3.847464509337149,49.01222345263351
17,ionosphere,inne,empirical,45,65,45,65,62,3,0.046,0.0,0.0,0.0,estimated,90,50,135,76,0.6,0.5999999999999998,1.1102230246251565e-16,0.5999999999999999,0.5999999999999999,0.6666666666666666,65,45,90,40,1.4999999999999991,0.0,1.4999999999999991,1.4999999999999991,45.0,1.4999999999999991,0.0,1.4999999999999991,1.4999999999999991,65.00000000000001,,,,,0.0,,,,,0.0
17,ionosphere,inne,empirical_randomized,45,65,45,65,62,3,0.046,0.0,0.0,0.0,estimated,90,50,135,76,0.6,0.5999999999999998,1.1102230246251565e-16,0.5999999999999999,0.5999999999999999,0.6666666666666666,65,45,90,40,1.4999999999999991,0.0,1.4999999999999991,1.4999999999999991,45.0,1.4999999999999991,0.0,1.4999999999999991,1.4999999999999991,65.00000000000001,,,,,0.0,,,,,0.0
17,ionosphere,inne,empirical_randomized_weighted,45,65,45,65,62,3,0.046,0.0,0.0,0.0,estimated,90,50,135,76,0.6,0.5999999999999998,1.1102230246251565e-16,0.5999999999999999,0.5999999999999999,0.6666666666666666,65,45,90,40,1.4999999999999991,0.0,1.4999999999999991,1.4999999999999991,45.0,1.4999999999999991,0.0,1.4999999999999991,1.4999999999999991,65.00000000000001,0.8025445203810572,0.26307318729092277,0.5367392606207114,1.4701468996273708,20.768392610960316,1.8539686579105905,0.8873614767950796,0.5367392606207114,3.682822944146504,52.88487617503838
17,ionosphere,inne,empirical_weighted,45,65,45,65,62,3,0.046,0.0,0.0,0.0,estimated,90,50,135,76,0.6,0.5999999999999998,1.1102230246251565e-16,0.5999999999999999,0.5999999999999999,0.6666666666666666,65,45,90,40,1.4999999999999991,0.0,1.4999999999999991,1.4999999999999991,45.0,1.4999999999999991,0.0,1.4999999999999991,1.4999999999999991,65.00000000000001,0.8025445203810572,0.26307318729092277,0.5367392606207114,1.4701468996273708,20.768392610960316,1.8539686579105905,0.8873614767950796,0.5367392606207114,3.682822944146504,52.88487617503838
18,ionosphere,inne,empirical,60,63,60,63,60,3,0.048,0.0,0.0,0.0,estimated,90,50,135,76,0.6,0.5999999999999998,1.1102230246251565e-16,0.5999999999999999,0.5999999999999999,0.5555555555555556,63,60,75,51,1.4999999999999991,0.0,1.4999999999999991,1.4999999999999991,60.0,1.4999999999999991,0.0,1.4999999999999991,1.4999999999999991,63.0,,,,,0.0,,,,,0.0
18,ionosphere,inne,empirical_randomized,60,63,60,63,60,3,0.048,1.0,0.0,0.0,estimated,90,50,135,76,0.6,0.5999999999999998,1.1102230246251565e-16,0.5999999999999999,0.5999999999999999,0.5555555555555556,63,60,75,51,1.4999999999999991,0.0,1.4999999999999991,1.4999999999999991,60.0,1.4999999999999991,0.0,1.4999999999999991,1.4999999999999991,63.0,,,,,0.0,,,,,0.0
18,ionosphere,inne,empirical_randomized_weighted,60,63,60,63,60,3,0.048,1.0,0.0,0.0,estimated,90,50,135,76,0.6,0.5999999999999998,1.1102230246251565e-16,0.5999999999999999,0.5999999999999999,0.5555555555555556,63,60,75,51,1.4999999999999991,0.0,1.4999999999999991,1.4999999999999991,60.0,1.4999999999999991,0.0,1.4999999999999991,1.4999999999999991,63.0,0.8653029582694101,0.24206590196963176,0.652804024038213,1.7853235588505005,27.82264485898405,1.5761948362750076,0.43384553451491115,0.8740750631239191,2.4077261122430977,58.563148625478554
18,ionosphere,inne,empirical_weighted,60,63,60,63,60,3,0.048,0.0,0.0,0.0,estimated,90,50,135,76,0.6,0.5999999999999998,1.1102230246251565e-16,0.5999999999999999,0.5999999999999999,0.5555555555555556,63,60,75,51,1.4999999999999991,0.0,1.4999999999999991,1.4999999999999991,60.0,1.4999999999999991,0.0,1.4999999999999991,1.4999999999999991,63.0,0.8653029582694101,0.24206590196963176,0.652804024038213,1.7853235588505005,27.82264485898405,1.5761948362750076,0.43384553451491115,0.8740750631239191,2.4077261122430977,58.563148625478554
19,ionosphere,inne,empirical,55,62,55,62,59,3,0.048,0.0,0.0,0.0,estimated,90,50,135,76,0.6,0.5999999999999998,1.1102230246251565e-16,0.5999999999999999,0.5999999999999999,0.5925925925925926,62,55,80,45,1.4999999999999993,2.220446049250313e-16,1.4999999999999991,1.4999999999999991,55.00000000000001,1.4999999999999991,0.0,1.4999999999999991,1.4999999999999991,62.0,,,,,0.0,,,,,0.0
19,ionosphere,inne,empirical_randomized,55,62,55,62,59,3,0.048,0.0,0.667,0.0,estimated,90,50,135,76,0.6,0.5999999999999998,1.1102230246251565e-16,0.5999999999999999,0.5999999999999999,0.5925925925925926,62,55,80,45,1.4999999999999993,2.220446049250313e-16,1.4999999999999991,1.4999999999999991,55.00000000000001,1.4999999999999991,0.0,1.4999999999999991,1.4999999999999991,62.0,,,,,0.0,,,,,0.0
19,ionosphere,inne,empirical_randomized_weighted,55,62,55,62,59,3,0.048,0.0,0.667,0.0,estimated,90,50,135,76,0.6,0.5999999999999998,1.1102230246251565e-16,0.5999999999999999,0.5999999999999999,0.5925925925925926,62,55,80,45,1.4999999999999993,2.220446049250313e-16,1.4999999999999991,1.4999999999999991,55.00000000000001,1.4999999999999991,0.0,1.4999999999999991,1.4999999999999991,62.0,0.8419538523648008,0.28529530180810364,0.5542635296353271,1.5692031313544663,25.116191315349614,1.7435666274205697,0.5232470816937771,0.5765326421529239,2.724121814142137,56.87755338808335
19,ionosphere,inne,empirical_weighted,55,62,55,62,59,3,0.048,0.0,0.0,0.0,estimated,90,50,135,76,0.6,0.5999999999999998,1.1102230246251565e-16,0.5999999999999999,0.5999999999999999,0.5925925925925926,62,55,80,45,1.4999999999999993,2.220446049250313e-16,1.4999999999999991,1.4999999999999991,55.00000000000001,1.4999999999999991,0.0,1.4999999999999991,1.4999999999999991,62.0,0.8419538523648008,0.28529530180810364,0.5542635296353271,1.5692031313544663,25.116191315349614,1.7435666274205697,0.5232470816937771,0.5765326421529239,2.724121814142137,56.87755338808335
20,ionosphere,inne,empirical,45,70,45,70,66,4,0.057,0.0,0.0,0.0,estimated,90,50,135,76,0.6,0.5999999999999998,1.1102230246251565e-16,0.5999999999999999,0.5999999999999999,0.6666666666666666,70,45,90,49,1.4999999999999991,0.0,1.4999999999999991,1.4999999999999991,45.0,1.4999999999999991,0.0,1.4999999999999991,1.4999999999999991,70.00000000000001,,,,,0.0,,,,,0.0
20,ionosphere,inne,empirical_randomized,45,70,45,70,66,4,0.057,0.0,0.0,0.0,estimated,90,50,135,76,0.6,0.5999999999999998,1.1102230246251565e-16,0.5999999999999999,0.5999999999999999,0.6666666666666666,70,45,90,49,1.4999999999999991,0.0,1.4999999999999991,1.4999999999999991,45.0,1.4999999999999991,0.0,1.4999999999999991,1.4999999999999991,70.00000000000001,,,,,0.0,,,,,0.0
20,ionosphere,inne,empirical_randomized_weighted,45,70,45,70,66,4,0.057,1.0,0.0,0.0,estimated,90,50,135,76,0.6,0.5999999999999998,1.1102230246251565e-16,0.5999999999999999,0.5999999999999999,0.6666666666666666,70,45,90,49,1.4999999999999991,0.0,1.4999999999999991,1.4999999999999991,45.0,1.4999999999999991,0.0,1.4999999999999991,1.4999999999999991,70.00000000000001,0.7970763638052906,0.35735053935671096,0.5470046789243295,2.211167540183897,19.150759664225774,2.4482299653110267,1.4875455160068207,0.6435254761942052,5.5346044342790055,51.12555648026088
20,ionosphere,inne,empirical_weighted,45,70,45,70,66,4,0.057,0.0,0.0,0.0,estimated,90,50,135,76,0.6,0.5999999999999998,1.1102230246251565e-16,0.5999999999999999,0.5999999999999999,0.6666666666666666,70,45,90,49,1.4999999999999991,0.0,1.4999999999999991,1.4999999999999991,45.0,1.4999999999999991,0.0,1.4999999999999991,1.4999999999999991,70.00000000000001,0.7970763638052906,0.35735053935671096,0.5470046789243295,2.211167540183897,19.150759664225774,2.4482299653110267,1.4875455160068207,0.6435254761942052,5.5346044342790055,51.12555648026088
21,ionosphere,inne,empirical,62,61,62,61,58,3,0.049,0.0,0.0,0.0,estimated,90,50,135,76,0.6,0.5999999999999998,1.1102230246251565e-16,0.5999999999999999,0.5999999999999999,0.5407407407407407,61,62,73,49,1.4999999999999991,0.0,1.4999999999999991,1.4999999999999991,62.0,1.4999999999999991,0.0,1.4999999999999991,1.4999999999999991,60.99999999999999,,,,,0.0,,,,,0.0
21,ionosphere,inne,empirical_randomized,62,61,62,61,58,3,0.049,0.5,0.667,0.0,estimated,90,50,135,76,0.6,0.5999999999999998,1.1102230246251565e-16,0.5999999999999999,0.5999999999999999,0.5407407407407407,61,62,73,49,1.4999999999999991,0.0,1.4999999999999991,1.4999999999999991,62.0,1.4999999999999991,0.0,1.4999999999999991,1.4999999999999991,60.99999999999999,,,,,0.0,,,,,0.0
21,ionosphere,inne,empirical_randomized_weighted,62,61,62,61,58,3,0.049,0.0,0.0,0.0,estimated,90,50,135,76,0.6,0.5999999999999998,1.1102230246251565e-16,0.5999999999999999,0.5999999999999999,0.5407407407407407,61,62,73,49,1.4999999999999991,0.0,1.4999999999999991,1.4999999999999991,62.0,1.4999999999999991,0.0,1.4999999999999991,1.4999999999999991,60.99999999999999,0.8424781623525277,0.2839023705950522,0.5935337052191326,1.884866763110488,27.83867403231595,1.5927875302540988,0.536408368570418,0.652020092679117,2.43463980197432,54.78633745524006
21,ionosphere,inne,empirical_weighted,62,61,62,61,58,3,0.049,0.0,0.0,0.0,estimated,90,50,135,76,0.6,0.5999999999999998,1.1102230246251565e-16,0.5999999999999999,0.5999999999999999,0.5407407407407407,61,62,73,49,1.4999999999999991,0.0,1.4999999999999991,1.4999999999999991,62.0,1.4999999999999991,0.0,1.4999999999999991,1.4999999999999991,60.99999999999999,0.8424781623525277,0.2839023705950522,0.5935337052191326,1.884866763110488,27.83867403231595,1.5927875302540988,0.536408368570418,0.652020092679117,2.43463980197432,54.78633745524006
22,ionosphere,inne,empirical,55,56,55,56,53,3,0.054,0.0,0.0,0.0,estimated,90,50,135,76,0.6,0.5999999999999998,1.1102230246251565e-16,0.5999999999999999,0.5999999999999999,0.5925925925925926,56,55,80,31,1.4999999999999993,2.220446049250313e-16,1.4999999999999991,1.4999999999999991,55.00000000000001,1.499999999999999,2.220446049250313e-16,1.4999999999999991,1.4999999999999991,56.00000000000001,,,,,0.0,,,,,0.0
22,ionosphere,inne,empirical_randomized,55,56,55,56,53,3,0.054,1.0,0.0,0.0,estimated,90,50,135,76,0.6,0.5999999999999998,1.1102230246251565e-16,0.5999999999999999,0.5999999999999999,0.5925925925925926,56,55,80,31,1.4999999999999993,2.220446049250313e-16,1.4999999999999991,1.4999999999999991,55.00000000000001,1.499999999999999,2.220446049250313e-16,1.4999999999999991,1.4999999999999991,56.00000000000001,,,,,0.0,,,,,0.0
22,ionosphere,inne,empirical_randomized_weighted,55,56,55,56,53,3,0.054,1.0,0.0,0.0,estimated,90,50,135,76,0.6,0.5999999999999998,1.1102230246251565e-16,0.5999999999999999,0.5999999999999999,0.5925925925925926,56,55,80,31,1.4999999999999993,2.220446049250313e-16,1.4999999999999991,1.4999999999999991,55.00000000000001,1.499999999999999,2.220446049250313e-16,1.4999999999999991,1.4999999999999991,56.00000000000001,0.8453690447444364,0.5623881636002918,0.458057083208089,2.72370181154339,19.40983501455995,1.9144393665749075,0.8360387077834298,0.5920333739755733,3.2900426483032574,47.03083128213
22,ionosphere,inne,empirical_weighted,55,56,55,56,53,3,0.054,0.0,0.0,0.0,estimated,90,50,135,76,0.6,0.5999999999999998,1.1102230246251565e-16,0.5999999999999999,0.5999999999999999,0.5925925925925926,56,55,80,31,1.4999999999999993,2.220446049250313e-16,1.4999999999999991,1.4999999999999991,55.00000000000001,1.499999999999999,2.220446049250313e-16,1.4999999999999991,1.4999999999999991,56.00000000000001,0.8453690447444364,0.5623881636002918,0.458057083208089,2.72370181154339,19.40983501455995,1.9144393665749075,0.8360387077834298,0.5920333739755733,3.2900426483032574,47.03083128213
23,ionosphere,inne,empirical,59,59,59,59,56,3,0.051,0.0,0.0,0.0,estimated,90,50,135,76,0.6,0.5999999999999998,1.1102230246251565e-16,0.5999999999999999,0.5999999999999999,0.562962962962963,59,59,76,42,1.4999999999999991,0.0,1.4999999999999991,1.4999999999999991,59.0,1.4999999999999991,0.0,1.4999999999999991,1.4999999999999991,59.0,,,,,0.0,,,,,0.0
23,ionosphere,inne,empirical_randomized,59,59,59,59,56,3,0.051,0.0,0.0,0.0,estimated,90,50,135,76,0.6,0.5999999999999998,1.1102230246251565e-16,0.5999999999999999,0.5999999999999999,0.562962962962963,59,59,76,42,1.4999999999999991,0.0,1.4999999999999991,1.4999999999999991,59.0,1.4999999999999991,0.0,1.4999999999999991,1.4999999999999991,59.0,,,,,0.0,,,,,0.0
23,ionosphere,inne,empirical_randomized_weighted,59,59,59,59,56,3,0.051,0.0,0.0,0.0,estimated,90,50,135,76,0.6,0.5999999999999998,1.1102230246251565e-16,0.5999999999999999,0.5999999999999999,0.562962962962963,59,59,76,42,1.4999999999999991,0.0,1.4999999999999991,1.4999999999999991,59.0,1.4999999999999991,0.0,1.4999999999999991,1.4999999999999991,59.0,0.7968048909582113,0.28510809760943095,0.571027238697693,1.7983054741797262,26.59501389724955,1.7950561914172105,0.8394465623988231,0.588481608725006,3.4018454603490076,48.41261801162536
23,ionosphere,inne,empirical_weighted,59,59,59,59,56,3,0.051,0.0,0.0,0.0,estimated,90,50,135,76,0.6,0.5999999999999998,1.1102230246251565e-16,0.5999999999999999,0.5999999999999999,0.562962962962963,59,59,76,42,1.4999999999999991,0.0,1.4999999999999991,1.4999999999999991,59.0,1.4999999999999991,0.0,1.4999999999999991,1.4999999999999991,59.0,0.7968048909582113,0.28510809760943095,0.571027238697693,1.7983054741797262,26.59501389724955,1.7950561914172105,0.8394465623988231,0.588481608725006,3.4018454603490076,48.41261801162536
24,ionosphere,inne,empirical,52,66,52,66,63,3,0.045,0.0,0.0,0.0,estimated,90,50,135,76,0.6,0.5999999999999998,1.1102230246251565e-16,0.5999999999999999,0.5999999999999999,0.6148148148148148,66,52,83,48,1.4999999999999991,0.0,1.4999999999999991,1.4999999999999991,52.00000000000001,1.4999999999999991,0.0,1.4999999999999991,1.4999999999999991,66.00000000000001,,,,,0.0,,,,,0.0
24,ionosphere,inne,empirical_randomized,52,66,52,66,63,3,0.045,0.0,0.0,0.0,estimated,90,50,135,76,0.6,0.5999999999999998,1.1102230246251565e-16,0.5999999999999999,0.5999999999999999,0.6148148148148148,66,52,83,48,1.4999999999999991,0.0,1.4999999999999991,1.4999999999999991,52.00000000000001,1.4999999999999991,0.0,1.4999999999999991,1.4999999999999991,66.00000000000001,,,,,0.0,,,,,0.0
24,ionosphere,inne,empirical_randomized_weighted,52,66,52,66,63,3,0.045,0.0,0.0,0.0,estimated,90,50,135,76,0.6,0.5999999999999998,1.1102230246251565e-16,0.5999999999999999,0.5999999999999999,0.6148148148148148,66,52,83,48,1.4999999999999991,0.0,1.4999999999999991,1.4999999999999991,52.00000000000001,1.4999999999999991,0.0,1.4999999999999991,1.4999999999999991,66.00000000000001,0.8098370616605718,0.2657759293887056,0.5927907364943044,1.6166969698920655,23.471952590814144,2.0182962013115144,1.307180369058632,0.609501481296918,4.854476609862463,46.496217260871795
24,ionosphere,inne,empirical_weighted,52,66,52,66,63,3,0.045,0.0,0.0,0.0,estimated,90,50,135,76,0.6,0.5999999999999998,1.1102230246251565e-16,0.5999999999999999,0.5999999999999999,0.6148148148148148,66,52,83,48,1.4999999999999991,0.0,1.4999999999999991,1.4999999999999991,52.00000000000001,1.4999999999999991,0.0,1.4999999999999991,1.4999999999999991,66.00000000000001,0.8098370616605718,0.2657759293887056,0.5927907364943044,1.6166969698920655,23.471952590814144,2.0182962013115144,1.307180369058632,0.609501481296918,4.854476609862463,46.496217260871795
25,ionosphere,inne,empirical,49,67,49,67,64,3,0.045,0.0,0.0,0.0,estimated,90,50,135,76,0.6,0.5999999999999998,1.1102230246251565e-16,0.5999999999999999,0.5999999999999999,0.6370370370370371,67,49,86,48,1.4999999999999991,0.0,1.4999999999999991,1.4999999999999991,49.00000000000001,1.4999999999999991,0.0,1.4999999999999991,1.4999999999999991,67.00000000000001,,,,,0.0,,,,,0.0
25,ionosphere,inne,empirical_randomized,49,67,49,67,64,3,0.045,0.0,0.0,0.0,estimated,90,50,135,76,0.6,0.5999999999999998,1.1102230246251565e-16,0.5999999999999999,0.5999999999999999,0.6370370370370371,67,49,86,48,1.4999999999999991,0.0,1.4999999999999991,1.4999999999999991,49.00000000000001,1.4999999999999991,0.0,1.4999999999999991,1.4999999999999991,67.00000000000001,,,,,0.0,,,,,0.0
25,ionosphere,inne,empirical_randomized_weighted,49,67,49,67,64,3,0.045,0.0,0.0,0.0,estimated,90,50,135,76,0.6,0.5999999999999998,1.1102230246251565e-16,0.5999999999999999,0.5999999999999999,0.6370370370370371,67,49,86,48,1.4999999999999991,0.0,1.4999999999999991,1.4999999999999991,49.00000000000001,1.4999999999999991,0.0,1.4999999999999991,1.4999999999999991,67.00000000000001,0.8847727117163013,0.3924350746698151,0.5910480503115177,2.1063525959352125,20.890246625254164,2.2104000193642483,1.4386786952874413,0.8115937195414803,5.640268041637368,47.06281709746389
25,ionosphere,inne,empirical_weighted,49,67,49,67,64,3,0.045,0.0,0.0,0.0,estimated,90,50,135,76,0.6,0.5999999999999998,1.1102230246251565e-16,0.5999999999999999,0.5999999999999999,0.6370370370370371,67,49,86,48,1.4999999999999991,0.0,1.4999999999999991,1.4999999999999991,49.00000000000001,1.4999999999999991,0.0,1.4999999999999991,1.4999999999999991,67.00000000000001,0.8847727117163013,0.3924350746698151,0.5910480503115177,2.1063525959352125,20.890246625254164,2.2104000193642483,1.4386786952874413,0.8115937195414803,5.640268041637368,47.06281709746389
1,ionosphere,inne,empirical_randomized_weighted,57,58,57,58,55,3,0.052,0.0,0.0,0.5,estimated,90,50,135,76,0.6,0.6,0.11679303657188803,0.33242786799551005,0.7,0.5777777777777777,58,57,78,38,1.4909628569637903,0.6822046789155027,0.4990312098289516,2.333333333333333,47.13232941338299,1.829769416883032,0.5019175127159157,0.5911256885965632,2.333333333333333,53.941244140487456,0.7584453392069159,0.42285003739573485,0.24594789912082274,1.7723315216727367,22.123372438827662,1.9304810797612746,0.7453086700383486,0.24594789912082274,3.3135608746614302,50.47634085401441
1,ionosphere,inne,empirical_weighted,57,58,57,58,55,3,0.052,0.0,0.0,0.5,estimated,90,50,135,76,0.6,0.6,0.11679303657188803,0.33242786799551005,0.7,0.5777777777777777,58,57,78,38,1.4909628569637903,0.6822046789155027,0.4990312098289516,2.333333333333333,47.13232941338299,1.829769416883032,0.5019175127159157,0.5911256885965632,2.333333333333333,53.941244140487456,0.7584453392069159,0.42285003739573485,0.24594789912082274,1.7723315216727367,22.123372438827662,1.9304810797612746,0.7453086700383486,0.24594789912082274,3.3135608746614302,50.47634085401441
2,ionosphere,inne,empirical_randomized_weighted,49,64,49,64,61,3,0.047,0.0,0.0,0.5,estimated,90,50,135,76,0.6,0.6,0.11444189425859108,0.3552916748883852,0.7,0.6370370370370371,64,49,86,42,1.6791269062294027,0.6628376141265383,0.5510890135114597,2.333333333333333,42.39382792376496,1.7229325209543083,0.6182892793878582,0.5763900930379011,2.333333333333333,56.698405042826394,0.9063382674690952,0.1530034400977871,0.7690785794291884,1.3742520492884687,24.307279389346732,1.588834613859511,0.434571663922946,0.9080814945011033,2.2685785174703286,59.545352963718884
2,ionosphere,inne,empirical_weighted,49,64,49,64,61,3,0.047,0.0,0.0,0.5,estimated,90,50,135,76,0.6,0.6,0.11444189425859108,0.3552916748883852,0.7,0.6370370370370371,64,49,86,42,1.6791269062294027,0.6628376141265383,0.5510890135114597,2.333333333333333,42.39382792376496,1.7229325209543083,0.6182892793878582,0.5763900930379011,2.333333333333333,56.698405042826394,0.9063382674690952,0.1530034400977871,0.7690785794291884,1.3742520492884687,24.307279389346732,1.588834613859511,0.434571663922946,0.9080814945011033,2.2685785174703286,59.545352963718884
3,ionosphere,inne,empirical_randomized_weighted,56,60,56,60,57,3,0.05,0.0,0.0,0.5,estimated,90,50,135,76,0.6,0.5999999999999999,0.11551008065628432,0.3434459404621144,0.7,0.5851851851851851,60,56,79,41,1.436839369882679,0.7086627788068537,0.5231038259116824,2.333333333333333,45.04303138142572,1.8016082356012157,0.5412092683460483,0.6913893217222605,2.333333333333333,55.03364235874625,0.7834324679468834,0.32125692954001395,0.43070701342410816,1.85462711231044,23.96948470275322,1.9477250523742298,1.0082531099568326,0.43070701342410816,3.7317126194789703,47.31978534011013
3,ionosphere,inne,empirical_weighted,56,60,56,60,57,3,0.05,0.0,0.0,0.5,estimated,90,50,135,76,0.6,0.5999999999999999,0.11551008065628432,0.3434459404621144,0.7,0.5851851851851851,60,56,79,41,1.436839369882679,0.7086627788068537,0.5231038259116824,2.333333333333333,45.04303138142572,1.8016082356012157,0.5412092683460483,0.6913893217222605,2.333333333333333,55.03364235874625,0.7834324679468834,0.32125692954001395,0.43070701342410816,1.85462711231044,23.96948470275322,1.9477250523742298,1.0082531099568326,0.43070701342410816,3.7317126194789703,47.31978534011013
4,ionosphere,inne,empirical_randomized_weighted,56,63,56,63,60,3,0.048,0.0,0.0,0.5,estimated,90,50,135,76,0.6,0.5999999999999999,0.11604085284769687,0.3644734572552503,0.7,0.5851851851851851,63,56,79,47,1.5320410338199602,0.7157544709549578,0.5734984028851743,2.333333333333333,45.96694894046017,1.7748222731608463,0.5765257500234239,0.6168726162959752,2.333333333333333,56.98684633804967,0.7823684539470047,0.23507294328981834,0.5003253126641434,1.4073644987581038,25.681520004565186,2.0480352989075996,0.9673177273121163,0.5076248790530952,3.818772640007116,51.50924418526356
4,ionosphere,inne,empirical_weighted,56,63,56,63,60,3,0.048,0.0,0.0,0.5,estimated,90,50,135,76,0.6,0.5999999999999999,0.11604085284769687,0.3644734572552503,0.7,0.5851851851851851,63,56,79,47,1.5320410338199602,0.7157544709549578,0.5734984028851743,2.333333333333333,45.96694894046017,1.7748222731608463,0.5765257500234239,0.6168726162959752,2.333333333333333,56.98684633804967,0.7823684539470047,0.23507294328981834,0.5003253126641434,1.4073644987581038,25.681520004565186,2.0480352989075996,0.9673177273121163,0.5076248790530952,3.818772640007116,51.50924418526356
5,ionosphere,inne,empirical_randomized_weighted,55,64,55,64,61,3,0.047,0.0,0.0,0.5,estimated,90,50,135,76,0.6,0.5999999999999999,0.11555838819039352,0.3654459616192909,0.7,0.5925925925925926,64,55,80,47,1.4725201043328218,0.6602375975158277,0.5759099139166407,2.333333333333333,45.79372383552423,1.7909004433392524,0.6152978865868582,0.5894959227585302,2.333333333333333,57.24304973304083,0.8810249451789745,0.31128368186436367,0.5773804133925867,1.7838454810508464,24.892540217849046,2.3050956549273467,1.8369712724257587,0.6313988607160522,6.8220020215407615,39.14187208764668
5,ionosphere,inne,empirical_weighted,55,64,55,64,61,3,0.047,0.0,0.0,0.5,estimated,90,50,135,76,0.6,0.5999999999999999,0.11555838819039352,0.3654459616192909,0.7,0.5925925925925926,64,55,80,47,1.4725201043328218,0.6602375975158277,0.5759099139166407,2.333333333333333,45.79372383552423,1.7909004433392524,0.6152978865868582,0.5894959227585302,2.333333333333333,57.24304973304083,0.8810249451789745,0.31128368186436367,0.5773804133925867,1.7838454810508464,24.892540217849046,2.3050956549273467,1.8369712724257587,0.6313988607160522,6.8220020215407615,39.14187208764668
6,ionosphere,inne,empirical_randomized_weighted,62,56,62,56,53,3,0.054,0.0,0.0,0.5,estimated,90,50,135,76,0.6,0.6,0.11664367721439867,0.3188195619708416,0.7,0.5407407407407407,56,62,73,38,1.5468076723926916,0.6509750592386679,0.503788548025371,2.333333333333333,52.67113622123117,1.8552401471693727,0.53311328506828,0.468039808796145,2.333333333333333,51.7286070490596,0.8123946413449228,0.4107567245352004,0.42963637399449195,2.171709060770559,24.68853030454798,1.8309746209376374,0.8320122673336257,0.42963637399449195,3.283402150870387,46.415712522867814
6,ionosphere,inne,empirical_weighted,62,56,62,56,53,3,0.054,0.0,0.0,0.5,estimated,90,50,135,76,0.6,0.6,0.11664367721439867,0.3188195619708416,0.7,0.5407407407407407,56,62,73,38,1.5468076723926916,0.6509750592386679,0.503788548025371,2.333333333333333,52.67113622123117,1.8552401471693727,0.53311328506828,0.468039808796145,2.333333333333333,51.7286070490596,0.8123946413449228,0.4107567245352004,0.42963637399449195,2.171709060770559,24.68853030454798,1.8309746209376374,0.8320122673336257,0.42963637399449195,3.283402150870387,46.415712522867814
7,ionosphere,inne,empirical_randomized_weighted,51,66,51,66,63,3,0.045,0.0,0.0,0.5,estimated,90,50,135,76,0.6,0.6,0.11541414026157837,0.347034917150042,0.7,0.6222222222222222,66,51,84,48,1.4716677593828316,0.6683662651564402,0.5314754590480693,2.333333333333333,42.27953416344788,1.8087927971214672,0.5800194992366162,0.5897940259368067,2.333333333333333,59.846190358892805,0.7199465569926574,0.4031011226821847,0.2839530272421967,1.8845006810251212,19.794551635263492,2.6387781496693385,1.660570770661334,0.2962109194011211,5.889991237180592,47.27750976005825
7,ionosphere,inne,empirical_weighted,51,66,51,66,63,3,0.045,0.0,0.0,0.5,estimated,90,50,135,76,0.6,0.6,0.11541414026157837,0.347034917150042,0.7,0.6222222222222222,66,51,84,48,1.4716677593828316,0.6683662651564402,0.5314754590480693,2.333333333333333,42.27953416344788,1.8087927971214672,0.5800194992366162,0.5897940259368067,2.333333333333333,59.846190358892805,0.7199465569926574,0.4031011226821847,0.2839530272421967,1.8845006810251212,19.794551635263492,2.6387781496693385,1.660570770661334,0.2962109194011211,5.889991237180592,47.27750976005825
8,ionosphere,inne,empirical_randomized_weighted,50,67,50,67,64,3,0.045,0.0,0.0,0.5,estimated,90,50,135,76,0.6,0.6,0.11528141357129572,0.3500841926674133,0.7,0.6296296296296297,67,50,85,49,1.523726829957362,0.7017565214127256,0.5795728203068002,2.333333333333333,41.25042243711066,1.7346561550858621,0.5608912151655889,0.5590818269784281,2.333333333333333,60.65810150544427,0.8166935695280402,0.3052370876955381,0.4062051570971581,1.3270953116379467,21.9358451930605,2.0238397590876516,0.8217715745823836,0.4062051570971581,3.3680859438497306,57.51699142019758
8,ionosphere,inne,empirical_weighted,50,67,50,67,64,3,0.045,0.0,0.0,0.5,estimated,90,50,135,76,0.6,0.6,0.11528141357129572,0.3500841926674133,0.7,0.6296296296296297,67,50,85,49,1.523726829957362,0.7017565214127256,0.5795728203068002,2.333333333333333,41.25042243711066,1.7346561550858621,0.5608912151655889,0.5590818269784281,2.333333333333333,60.65810150544427,0.8166935695280402,0.3052370876955381,0.4062051570971581,1.3270953116379467,21.9358451930605,2.0238397590876516,0.8217715745823836,0.4062051570971581,3.3680859438497306,57.51699142019758
9,ionosphere,inne,empirical_randomized_weighted,61,60,61,60,57,3,0.05,0.0,0.0,0.5,estimated,90,50,135,76,0.6,0.5999999999999999,0.11474693161237323,0.32631670517231,0.7,0.5481481481481482,60,61,74,45,1.5096583561276735,0.669924525169119,0.48437701762483654,2.333333333333333,50.964052935737755,1.796365846293249,0.5675453708499324,0.5688178853188939,2.333333333333333,54.55444972155195,0.8184732909463555,0.4336567609370894,0.2728111080374658,2.1685572990366255,24.20501410113314,1.958019175365057,0.83287707756969,0.2728111080374658,3.310060193200391,50.80710342889824
9,ionosphere,inne,empirical_weighted,61,60,61,60,57,3,0.05,0.0,0.0,0.5,estimated,90,50,135,76,0.6,0.5999999999999999,0.11474693161237323,0.32631670517231,0.7,0.5481481481481482,60,61,74,45,1.5096583561276735,0.669924525169119,0.48437701762483654,2.333333333333333,50.964052935737755,1.796365846293249,0.5675453708499324,0.5688178853188939,2.333333333333333,54.55444972155195,0.8184732909463555,0.4336567609370894,0.2728111080374658,2.1685572990366255,24.20501410113314,1.958019175365057,0.83287707756969,0.2728111080374658,3.310060193200391,50.80710342889824
10,ionosphere,inne,empirical_randomized_weighted,51,64,51,64,61,3,0.047,0.0,0.0,0.5,estimated,90,50,135,76,0.6,0.6,0.1152222634251961,0.36022506504297797,0.7,0.6222222222222222,64,51,84,44,1.5464356256946887,0.6582138478073399,0.5692343612789025,2.333333333333333,43.17777053772113,1.74828336613036,0.6131746700515927,0.563049668501278,2.333333333333333,56.98963491257058,0.8402051308766578,0.38420279606624447,0.5978113271638836,2.4769281612740097,21.50362896434071,1.8465613379270374,0.7945187744979281,0.6351805662894641,3.1597880094619213,54.002435819019325
10,ionosphere,inne,empirical_weighted,51,64,51,64,61,3,0.047,0.0,0.0,0.5,estimated,90,50,135,76,0.6,0.6,0.1152222634251961,0.36022506504297797,0.7,0.6222222222222222,64,51,84,44,1.5464356256946887,0.6582138478073399,0.5692343612789025,2.333333333333333,43.17777053772113,1.74828336613036,0.6131746700515927,0.563049668501278,2.333333333333333,56.98963491257058,0.8402051308766578,0.38420279606624447,0.5978113271638836,2.4769281612740097,21.50362896434071,1.8465613379270374,0.7945187744979281,0.6351805662894641,3.1597880094619213,54.002435819019325
11,ionosphere,inne,empirical_randomized_weighted,44,63,44,63,60,3,0.048,0.0,0.333,0.5,estimated,90,50,135,76,0.6,0.6,0.11548695484067005,0.35229045150249666,0.7,0.674074074074074,63,44,91,35,1.3854918937235925,0.6704798400789687,0.5439018960268649,2.333333333333333,35.65098870747859,1.8382363548820486,0.5984201829659188,0.5973521549912163,2.333333333333333,56.96323325559427,0.8381188846800022,0.5521967831098809,0.36605201551057126,2.139089137890257,15.340773897711589,2.401869078573903,1.2784269482221362,0.38638016601002956,4.2060550403097094,49.092019599835155
11,ionosphere,inne,empirical_weighted,44,63,44,63,60,3,0.048,0.0,0.0,0.5,estimated,90,50,135,76,0.6,0.6,0.11548695484067005,0.35229045150249666,0.7,0.674074074074074,63,44,91,35,1.3854918937235925,0.6704798400789687,0.5439018960268649,2.333333333333333,35.65098870747859,1.8382363548820486,0.5984201829659188,0.5973521549912163,2.333333333333333,56.96323325559427,0.8381188846800022,0.5521967831098809,0.36605201551057126,2.139089137890257,15.340773897711589,2.401869078573903,1.2784269482221362,0.38638016601002956,4.2060550403097094,49.092019599835155
12,ionosphere,inne,empirical_randomized_weighted,63,58,63,58,55,3,0.052,0.0,0.0,0.5,estimated,90,50,135,76,0.6,0.5999999999999999,0.11478391385855889,0.3530946752185585,0.7,0.5333333333333333,58,63,72,43,1.5405489484922665,0.677329511398334,0.5458212534235243,2.333333333333333,52.79443330176465,1.8428104147083237,0.581619218041508,0.6174588125263417,2.333333333333333,52.74582790246785,0.7558898083953931,0.44836188967937085,0.25844741405404686,1.7320100978564492,23.671508640063937,1.9704698186407887,0.9604788576796423,0.25844741405404686,3.5255838601486897,46.86511509252922
12,ionosphere,inne,empirical_weighted,63,58,63,58,55,3,0.052,0.0,0.0,0.5,estimated,90,50,135,76,0.6,0.5999999999999999,0.11478391385855889,0.3530946752185585,0.7,0.5333333333333333,58,63,72,43,1.5405489484922665,0.677329511398334,0.5458212534235243,2.333333333333333,52.79443330176465,1.8428104147083237,0.581619218041508,0.6174588125263417,2.333333333333333,52.74582790246785,0.7558898083953931,0.44836188967937085,0.25844741405404686,1.7320100978564492,23.671508640063937,1.9704698186407887,0.9604788576796423,0.25844741405404686,3.5255838601486897,46.86511509252922
13,ionosphere,inne,empirical_randomized_weighted,60,60,60,60,57,3,0.05,0.0,0.0,0.5,estimated,90,50,135,76,0.6,0.6,0.11674981843069983,0.33592179546599565,0.7,0.5555555555555556,60,60,75,45,1.4852101438862497,0.6821748932057349,0.5058467408996175,2.333333333333333,49.547157754124875,1.8111835521345767,0.5661579701635898,0.5582500285021686,2.333333333333333,54.65911848739469,0.7838154584101492,0.5610418253088871,0.2773790804583044,2.3681881011885824,19.83673854566516,2.1438755034741805,1.0736852840614375,0.33888388872594266,3.7755386267527276,47.96869401313971
13,ionosphere,inne,empirical_weighted,60,60,60,60,57,3,0.05,0.0,0.0,0.5,estimated,90,50,135,76,0.6,0.6,0.11674981843069983,0.33592179546599565,0.7,0.5555555555555556,60,60,75,45,1.4852101438862497,0.6821748932057349,0.5058467408996175,2.333333333333333,49.547157754124875,1.8111835521345767,0.5661579701635898,0.5582500285021686,2.333333333333333,54.65911848739469,0.7838154584101492,0.5610418253088871,0.2773790804583044,2.3681881011885824,19.83673854566516,2.1438755034741805,1.0736852840614375,0.33888388872594266,3.7755386267527276,47.96869401313971
14,ionosphere,inne,empirical_randomized_weighted,53,64,53,64,61,3,0.047,0.0,0.0,0.5,estimated,90,50,135,76,0.6,0.6,0.1146535243481279,0.35166462984669733,0.7,0.6074074074074074,64,53,82,45,1.540347707788734,0.6913821725770781,0.5424116067638639,2.333333333333333,44.11282568713474,1.8171419679292313,0.5734795238048259,0.5926597986479515,2.333333333333333,58.20299776210028,0.812317253793273,0.34833258844209114,0.4236016071828749,1.5656957436085028,22.806346234245968,1.9717170790151717,0.8535077639615963,0.472161817726305,3.5187246755485475,53.9001342248879
14,ionosphere,inne,empirical_weighted,53,64,53,64,61,3,0.047,0.0,0.0,0.5,estimated,90,50,135,76,0.6,0.6,0.1146535243481279,0.35166462984669733,0.7,0.6074074074074074,64,53,82,45,1.540347707788734,0.6913821725770781,0.5424116067638639,2.333333333333333,44.11282568713474,1.8171419679292313,0.5734795238048259,0.5926597986479515,2.333333333333333,58.20299776210028,0.812317253793273,0.34833258844209114,0.4236016071828749,1.5656957436085028,22.806346234245968,1.9717170790151717,0.8535077639615963,0.472161817726305,3.5187246755485475,53.9001342248879
15,ionosphere,inne,empirical_randomized_weighted,60,56,60,56,53,3,0.054,0.0,0.0,0.5,estimated,90,50,135,76,0.6,0.6,0.11594523499370034,0.33907250791939547,0.7,0.5555555555555556,56,60,75,37,1.454980433154076,0.6806249611570855,0.5521348048210528,2.333333333333333,49.22764821769948,1.8494020562720053,0.532659756604151,0.5130252743035287,2.333333333333333,51.71041640925674,0.7667180143583926,0.442589825488218,0.36236915854593543,2.4673988102390405,22.501906742875974,2.0502657485040374,0.9916881780082238,0.39314861220588065,3.9842768853137738,45.38257715534801
15,ionosphere,inne,empirical_weighted,60,56,60,56,53,3,0.054,0.0,0.0,0.5,estimated,90,50,135,76,0.6,0.6,0.11594523499370034,0.33907250791939547,0.7,0.5555555555555556,56,60,75,37,1.454980433154076,0.6806249611570855,0.5521348048210528,2.333333333333333,49.22764821769948,1.8494020562720053,0.532659756604151,0.5130252743035287,2.333333333333333,51.71041640925674,0.7667180143583926,0.442589825488218,0.36236915854593543,2.4673988102390405,22.501906742875974,2.0502657485040374,0.9916881780082238,0.39314861220588065,3.9842768853137738,45.38257715534801
16,ionosphere,inne,empirical_randomized_weighted,57,63,57,63,60,3,0.048,0.0,0.0,0.5,estimated,90,50,135,76,0.6,0.6,0.11520049633893473,0.3555673863698549,0.7,0.5777777777777777,63,57,78,48,1.3716402022613767,0.6398407422519614,0.5517526252541951,2.333333333333333,46.81331713619337,1.9236559254187418,0.5324699511844718,0.6811926967403894,2.333333333333333,58.51653272251454,0.712559705073162,0.46391339771692763,0.24009725612331173,1.9312501984628667,20.367046999488625,2.679971647352781,1.8672805318314463,0.27159055305613816,6.686237274108446,42.410936208989675
16,ionosphere,inne,empirical_weighted,57,63,57,63,60,3,0.048,0.0,0.0,0.5,estimated,90,50,135,76,0.6,0.6,0.11520049633893473,0.3555673863698549,0.7,0.5777777777777777,63,57,78,48,1.3716402022613767,0.6398407422519614,0.5517526252541951,2.333333333333333,46.81331713619337,1.9236559254187418,0.5324699511844718,0.6811926967403894,2.333333333333333,58.51653272251454,0.712559705073162,0.46391339771692763,0.24009725612331173,1.9312501984628667,20.367046999488625,2.679971647352781,1.8672805318314463,0.27159055305613816,6.686237274108446,42.410936208989675
17,ionosphere,inne,empirical_randomized_weighted,46,66,46,66,63,3,0.045,0.0,0.0,0.5,estimated,90,50,135,76,0.6,0.5999999999999999,0.11209203844154905,0.35171821528510727,0.7,0.6592592592592592,66,46,89,44,1.4049396717719644,0.6706788968850294,0.542539098857743,2.333333333333333,37.4628206718496,1.7450573673076566,0.601185964808205,0.6034209167950213,2.333333333333333,58.99780641193531,0.7151927293692004,0.39249836925093956,0.3769880954339846,1.8595612712818996,17.676231026212108,2.8621327883461314,1.9328014134830367,0.3816041353595537,6.442456575267229,45.32868740582757
17,ionosphere,inne,empirical_weighted,46,66,46,66,63,3,0.045,0.0,0.0,0.5,estimated,90,50,135,76,0.6,0.5999999999999999,0.11209203844154905,0.35171821528510727,0.7,0.6592592592592592,66,46,89,44,1.4049396717719644,0.6706788968850294,0.542539098857743,2.333333333333333,37.4628206718496,1.7450573673076566,0.601185964808205,0.6034209167950213,2.333333333333333,58.99780641193531,0.7151927293692004,0.39249836925093956,0.3769880954339846,1.8595612712818996,17.676231026212108,2.8621327883461314,1.9328014134830367,0.3816041353595537,6.442456575267229,45.32868740582757
18,ionosphere,inne,empirical_randomized_weighted,58,62,58,62,59,3,0.048,0.0,0.0,0.5,estimated,90,50,135,76,0.6,0.5999999999999999,0.1155670907644314,0.34182244893300645,0.7,0.5703703703703704,62,58,77,46,1.5427619560038792,0.6344571942597362,0.5345818743067136,2.333333333333333,49.609767382060205,1.8206039470834028,0.5799282403319627,0.5193468667821725,2.333333333333333,56.28865461652422,0.8504513293727168,0.4181558809695861,0.559517077985576,2.2407474621998995,23.354022073696832,2.005710890444056,1.1191622251374083,0.634721806713282,3.9412749759381915,47.2795068652981
18,ionosphere,inne,empirical_weighted,58,62,58,62,59,3,0.048,0.0,0.0,0.5,estimated,90,50,135,76,0.6,0.5999999999999999,0.1155670907644314,0.34182244893300645,0.7,0.5703703703703704,62,58,77,46,1.5427619560038792,0.6344571942597362,0.5345818743067136,2.333333333333333,49.609767382060205,1.8206039470834028,0.5799282403319627,0.5193468667821725,2.333333333333333,56.28865461652422,0.8504513293727168,0.4181558809695861,0.559517077985576,2.2407474621998995,23.354022073696832,2.005710890444056,1.1191622251374083,0.634721806713282,3.9412749759381915,47.2795068652981
19,ionosphere,inne,empirical_randomized_weighted,55,61,55,61,58,3,0.049,0.25,1.0,0.5,estimated,90,50,135,76,0.6,0.5999999999999999,0.11721887858948235,0.32714465604898557,0.7,0.5925925925925926,61,55,80,42,1.5292363082595142,0.6835254203294172,0.48620354878656136,2.333333333333333,45.841594740978735,1.7544880247614336,0.5628718124042459,0.5418570046483406,2.333333333333333,55.30750982593332,0.7666708915952752,0.33427580831997905,0.32105439543571124,1.4616837527590159,23.52734961171457,1.8963763424707392,0.7099761441667027,0.32105439543571124,3.0093324039237968,53.50104541851728
19,ionosphere,inne,empirical_weighted,55,61,55,61,58,3,0.049,0.0,0.0,0.5,estimated,90,50,135,76,0.6,0.5999999999999999,0.11721887858948235,0.32714465604898557,0.7,0.5925925925925926,61,55,80,42,1.5292363082595142,0.6835254203294172,0.48620354878656136,2.333333333333333,45.841594740978735,1.7544880247614336,0.5628718124042459,0.5418570046483406,2.333333333333333,55.30750982593332,0.7666708915952752,0.33427580831997905,0.32105439543571124,1.4616837527590159,23.52734961171457,1.8963763424707392,0.7099761441667027,0.32105439543571124,3.0093324039237968,53.50104541851728
20,ionosphere,inne,empirical_randomized_weighted,40,70,40,70,66,4,0.057,1.0,0.0,0.5,estimated,90,50,135,76,0.6,0.6,0.11376770171304965,0.34488593998805567,0.7,0.7037037037037037,70,40,95,45,1.4594815054453034,0.6662308679304143,0.5474076367636693,2.333333333333333,33.102218800079626,1.772088146065902,0.5985424849111111,0.5264517448790026,2.333333333333333,62.83196724507198,0.8118131606545074,0.4414392282388509,0.38550442039726557,1.6487991787143004,15.435847459683302,2.6687902545375337,1.7306646258151865,0.404132539906727,6.223892906879035,49.2773835760082
20,ionosphere,inne,empirical_weighted,40,70,40,70,66,4,0.057,0.0,0.0,0.5,estimated,90,50,135,76,0.6,0.6,0.11376770171304965,0.34488593998805567,0.7,0.7037037037037037,70,40,95,45,1.4594815054453034,0.6662308679304143,0.5474076367636693,2.333333333333333,33.102218800079626,1.772088146065902,0.5985424849111111,0.5264517448790026,2.333333333333333,62.83196724507198,0.8118131606545074,0.4414392282388509,0.38550442039726557,1.6487991787143004,15.435847459683302,2.6687902545375337,1.7306646258151865,0.404132539906727,6.223892906879035,49.2773835760082
21,ionosphere,inne,empirical_randomized_weighted,57,60,57,60,57,3,0.05,0.0,0.0,0.5,estimated,90,50,135,76,0.6,0.5999999999999999,0.11503024714261083,0.34796337527264637,0.7,0.5777777777777777,60,57,78,43,1.5295613281000913,0.6941638647955419,0.5336561813811391,2.333333333333333,47.265112980838275,1.7355697257658413,0.5704894659318696,0.589702271381455,2.333333333333333,54.14934687859757,0.7340799101305154,0.30337554483284646,0.47807538801267674,1.8530127991217744,24.769499985707686,2.357612917892168,1.5287920517608835,0.5799310014616214,5.299735202999143,42.23905640203352
21,ionosphere,inne,empirical_weighted,57,60,57,60,57,3,0.05,0.0,0.0,0.5,estimated,90,50,135,76,0.6,0.5999999999999999,0.11503024714261083,0.34796337527264637,0.7,0.5777777777777777,60,57,78,43,1.5295613281000913,0.6941638647955419,0.5336561813811391,2.333333333333333,47.265112980838275,1.7355697257658413,0.5704894659318696,0.589702271381455,2.333333333333333,54.14934687859757,0.7340799101305154,0.30337554483284646,0.47807538801267674,1.8530127991217744,24.769499985707686,2.357612917892168,1.5287920517608835,0.5799310014616214,5.299735202999143,42.23905640203352
22,ionosphere,inne,empirical_randomized_weighted,55,55,55,55,52,3,0.055,0.0,0.0,0.5,estimated,90,50,135,76,0.6,0.6,0.1161269598828065,0.3585164236737616,0.7,0.5925925925925926,55,55,80,30,1.4923660607611613,0.6112785046191332,0.5660512705174991,2.333333333333333,47.098109674515314,1.8072885017696338,0.6355529995386313,0.597106068207025,2.333333333333333,48.946950643574226,0.6491796730331936,0.2802695309689361,0.3825340222171988,1.4489513033233354,23.601013739722188,5.143677209681952,5.90901562181323,0.6025016603963598,16.541152489643455,23.70972501259499
22,ionosphere,inne,empirical_weighted,55,55,55,55,52,3,0.055,0.0,0.0,0.5,estimated,90,50,135,76,0.6,0.6,0.1161269598828065,0.3585164236737616,0.7,0.5925925925925926,55,55,80,30,1.4923660607611613,0.6112785046191332,0.5660512705174991,2.333333333333333,47.098109674515314,1.8072885017696338,0.6355529995386313,0.597106068207025,2.333333333333333,48.946950643574226,0.6491796730331936,0.2802695309689361,0.3825340222171988,1.4489513033233354,23.601013739722188,5.143677209681952,5.90901562181323,0.6025016603963598,16.541152489643455,23.70972501259499
23,ionosphere,inne,empirical_randomized_weighted,56,58,56,58,55,3,0.052,0.0,0.0,0.5,estimated,90,50,135,76,0.6,0.5999999999999999,0.11498856817902167,0.35288248602735167,0.7,0.5851851851851851,58,56,79,36,1.474262565192086,0.6641423462212034,0.5453143801672271,2.333333333333333,46.55252212759378,1.8418276325781067,0.5750223784165731,0.6214574617192473,2.333333333333333,52.84881898745129,0.7312465905813406,0.3101707514385761,0.42061782306402207,1.7436516945599174,23.73046794767445,2.279221366764923,1.3993447251591289,0.4974553794969351,4.906570396329378,42.12227610611469
23,ionosphere,inne,empirical_weighted,56,58,56,58,55,3,0.052,0.0,0.0,0.5,estimated,90,50,135,76,0.6,0.5999999999999999,0.11498856817902167,0.35288248602735167,0.7,0.5851851851851851,58,56,79,36,1.474262565192086,0.6641423462212034,0.5453143801672271,2.333333333333333,46.55252212759378,1.8418276325781067,0.5750223784165731,0.6214574617192473,2.333333333333333,52.84881898745129,0.7312465905813406,0.3101707514385761,0.42061782306402207,1.7436516945599174,23.73046794767445,2.279221366764923,1.3993447251591289,0.4974553794969351,4.906570396329378,42.12227610611469
24,ionosphere,inne,empirical_randomized_weighted,51,64,51,64,61,3,0.047,0.0,0.0,0.5,estimated,90,50,135,76,0.6,0.5999999999999999,0.11232402603514187,0.3768319922025554,0.7,0.6222222222222222,64,51,84,43,1.5149600070102944,0.7154282215458951,0.6047036874284493,2.333333333333333,41.70029930327104,1.7927142627805188,0.5645954879256616,0.6473858837550676,2.333333333333333,58.22487699904641,0.7269051617026798,0.34584196844831894,0.32062975951061784,1.5981028188395354,21.200950627260486,2.011634647524394,0.8964279229878501,0.32062975951061784,3.5590743643856015,53.39657968573615
24,ionosphere,inne,empirical_weighted,51,64,51,64,61,3,0.047,0.0,0.0,0.5,estimated,90,50,135,76,0.6,0.5999999999999999,0.11232402603514187,0.3768319922025554,0.7,0.6222222222222222,64,51,84,43,1.5149600070102944,0.7154282215458951,0.6047036874284493,2.333333333333333,41.70029930327104,1.7927142627805188,0.5645954879256616,0.6473858837550676,2.333333333333333,58.22487699904641,0.7269051617026798,0.34584196844831894,0.32062975951061784,1.5981028188395354,21.200950627260486,2.011634647524394,0.8964279229878501,0.32062975951061784,3.5590743643856015,53.39657968573615
25,ionosphere,inne,empirical_randomized_weighted,53,65,53,65,62,3,0.046,0.5,0.333,0.5,estimated,90,50,135,76,0.6,0.6,0.11557973093547833,0.3524397208845312,0.7,0.6074074074074074,65,53,82,48,1.4995698087398879,0.6956601707542954,0.561116128917749,2.333333333333333,43.613888466655624,1.7472459982376298,0.618280959219371,0.5442577814778018,2.333333333333333,57.76663019486244,0.8036421602046714,0.2653943219708279,0.5263793502527834,1.535973720987746,24.344983007029427,1.9727294919802814,0.9394920878357255,0.6623888447991769,3.909172480697285,52.98318802671526
25,ionosphere,inne,empirical_weighted,53,65,53,65,62,3,0.046,0.0,0.0,0.5,estimated,90,50,135,76,0.6,0.6,0.11557973093547833,0.3524397208845312,0.7,0.6074074074074074,65,53,82,48,1.4995698087398879,0.6956601707542954,0.561116128917749,2.333333333333333,43.613888466655624,1.7472459982376298,0.618280959219371,0.5442577814778018,2.333333333333333,57.76663019486244,0.8036421602046714,0.2653943219708279,0.5263793502527834,1.535973720987746,24.344983007029427,1.9727294919802814,0.9394920878357255,0.6623888447991769,3.909172480697285,52.98318802671526
1,ionosphere,inne,empirical_randomized_weighted,54,60,54,60,57,3,0.05,0.0,0.0,1.0,estimated,90,50,135,76,0.6,0.6,0.15791815281928362,0.3,0.7,0.6,60,54,81,38,1.5083561381636674,0.8668537327767902,0.4285714285714286,2.333333333333333,40.59292117410941,2.053792319165276,0.5589461824788657,0.4285714285714286,2.333333333333333,55.86241751839456,0.6990281741802954,0.5454717632990637,0.18562014689038045,1.7710857938361337,16.78151732300228,2.568100047537042,1.3854109460500925,0.18562014689038045,5.11935055331926,46.47462667291112
1,ionosphere,inne,empirical_weighted,54,60,54,60,57,3,0.05,0.0,0.0,1.0,estimated,90,50,135,76,0.6,0.6,0.15791815281928362,0.3,0.7,0.6,60,54,81,38,1.5083561381636674,0.8668537327767902,0.4285714285714286,2.333333333333333,40.59292117410941,2.053792319165276,0.5589461824788657,0.4285714285714286,2.333333333333333,55.86241751839456,0.6990281741802954,0.5454717632990637,0.18562014689038045,1.7710857938361337,16.78151732300228,2.568100047537042,1.3854109460500925,0.18562014689038045,5.11935055331926,46.47462667291112
2,ionosphere,inne,empirical_randomized_weighted,51,64,51,64,61,3,0.047,0.0,0.0,1.0,estimated,90,50,135,76,0.6,0.5999999999999999,0.1547008515471677,0.3,0.7,0.6222222222222222,64,51,84,45,1.6712454773961163,0.8552835647102693,0.4285714285714286,2.333333333333333,40.41516447965955,1.9172274581672064,0.6994136340894315,0.4285714285714286,2.333333333333333,56.48308993034132,0.8461043529292899,0.24276784035789875,0.6056380015073041,1.504278054817314,24.022347863934417,1.761447275487721,0.6550457973235255,0.6290539684398084,2.773890041985839,56.22447940940618
2,ionosphere,inne,empirical_weighted,51,64,51,64,61,3,0.047,0.0,0.0,1.0,estimated,90,50,135,76,0.6,0.5999999999999999,0.1547008515471677,0.3,0.7,0.6222222222222222,64,51,84,45,1.6712454773961163,0.8552835647102693,0.4285714285714286,2.333333333333333,40.41516447965955,1.9172274581672064,0.6994136340894315,0.4285714285714286,2.333333333333333,56.48308993034132,0.8461043529292899,0.24276784035789875,0.6056380015073041,1.504278054817314,24.022347863934417,1.761447275487721,0.6550457973235255,0.6290539684398084,2.773890041985839,56.22447940940618
3,ionosphere,inne,empirical_randomized_weighted,56,60,56,60,57,3,0.05,0.0,0.0,1.0,estimated,90,50,135,76,0.6,0.5999999999999998,0.15549313514348934,0.3,0.7,0.5851851851851851,60,56,79,42,1.4479403835082947,0.894466792562004,0.4285714285714286,2.333333333333333,40.532233231320276,1.9912207810286515,0.6273669945556866,0.46175380558978196,2.333333333333333,54.58183037510427,0.7459939802630245,0.3396679363475754,0.39688486391170136,1.5022814728914338,23.19188810201482,2.0908256854392406,1.0525244962938498,0.40637117670742257,4.020239363654837,47.869300321636864
3,ionosphere,inne,empirical_weighted,56,60,56,60,57,3,0.05,0.0,0.0,1.0,estimated,90,50,135,76,0.6,0.5999999999999998,0.15549313514348934,0.3,0.7,0.5851851851851851,60,56,79,42,1.4479403835082947,0.894466792562004,0.4285714285714286,2.333333333333333,40.532233231320276,1.9912207810286515,0.6273669945556866,0.46175380558978196,2.333333333333333,54.58183037510427,0.7459939802630245,0.3396679363475754,0.39688486391170136,1.5022814728914338,23.19188810201482,2.0908256854392406,1.0525244962938498,0.40637117670742257,4.020239363654837,47.869300321636864
4,ionosphere,inne,empirical_randomized_weighted,58,62,58,62,59,3,0.048,0.0,0.0,1.0,estimated,90,50,135,76,0.6,0.5999999999999999,0.1573443205128908,0.3,0.7,0.5703703703703704,62,58,77,47,1.4790059419274242,0.8934649031754683,0.4285714285714286,2.333333333333333,42.492875386751194,2.005943827681402,0.639125128170559,0.4285714285714286,2.333333333333333,56.28606687293835,0.72539671286503,0.3263701456691493,0.3416291600041389,1.4598056772405035,24.11787659542688,2.4333457777856236,1.2697034944211534,0.3463004581499839,4.5129012141938585,48.73186193826265
4,ionosphere,inne,empirical_weighted,58,62,58,62,59,3,0.048,0.0,0.0,1.0,estimated,90,50,135,76,0.6,0.5999999999999999,0.1573443205128908,0.3,0.7,0.5703703703703704,62,58,77,47,1.4790059419274242,0.8934649031754683,0.4285714285714286,2.333333333333333,42.492875386751194,2.005943827681402,0.639125128170559,0.4285714285714286,2.333333333333333,56.28606687293835,0.72539671286503,0.3263701456691493,0.3416291600041389,1.4598056772405035,24.11787659542688,2.4333457777856236,1.2697034944211534,0.3463004581499839,4.5129012141938585,48.73186193826265
5,ionosphere,inne,empirical_randomized_weighted,56,64,56,64,61,3,0.047,0.0,0.0,1.0,estimated,90,50,135,76,0.6,0.5999999999999998,0.1568982218624521,0.3,0.7,0.5851851851851851,64,56,79,49,1.4512974861383248,0.8792016088334127,0.4285714285714286,2.333333333333333,40.96566884072866,2.044905374732349,0.6229475785713773,0.4285714285714286,2.333333333333333,58.56505530654785,0.7868074720228831,0.4750798481446463,0.329742073085084,2.0802324832130745,20.51909084349104,3.5919257906319477,3.1841081315230566,0.3322030223993504,10.81090524126824,35.83795731262611
5,ionosphere,inne,empirical_weighted,56,64,56,64,61,3,0.047,0.0,0.0,1.0,estimated,90,50,135,76,0.6,0.5999999999999998,0.1568982218624521,0.3,0.7,0.5851851851851851,64,56,79,49,1.4512974861383248,0.8792016088334127,0.4285714285714286,2.333333333333333,40.96566884072866,2.044905374732349,0.6229475785713773,0.4285714285714286,2.333333333333333,58.56505530654785,0.7868074720228831,0.4750798481446463,0.329742073085084,2.0802324832130745,20.51909084349104,3.5919257906319477,3.1841081315230566,0.3322030223993504,10.81090524126824,35.83795731262611
6,ionosphere,inne,empirical_randomized_weighted,63,54,63,54,51,3,0.056,0.0,0.0,1.0,estimated,90,50,135,76,0.6,0.5999999999999999,0.15585839559984863,0.3,0.7,0.5333333333333333,54,63,72,36,1.5539981328717467,0.8407382028793438,0.4285714285714286,2.333333333333333,48.73525985059484,2.027454869379422,0.6021576808011863,0.4285714285714286,2.333333333333333,49.62277272619699,0.7507344360179549,0.44030476019377685,0.3538146471441604,1.8473792991688207,23.80986557007941,2.2010592388221975,1.1485040680542509,0.3538146471441604,4.263194691238372,42.44378278332146
6,ionosphere,inne,empirical_weighted,63,54,63,54,51,3,0.056,0.0,0.0,1.0,estimated,90,50,135,76,0.6,0.5999999999999999,0.15585839559984863,0.3,0.7,0.5333333333333333,54,63,72,36,1.5539981328717467,0.8407382028793438,0.4285714285714286,2.333333333333333,48.73525985059484,2.027454869379422,0.6021576808011863,0.4285714285714286,2.333333333333333,49.62277272619699,0.7507344360179549,0.44030476019377685,0.3538146471441604,1.8473792991688207,23.80986557007941,2.2010592388221975,1.1485040680542509,0.3538146471441604,4.263194691238372,42.44378278332146
7,ionosphere,inne,empirical_randomized_weighted,52,66,52,66,63,3,0.045,0.0,0.0,1.0,estimated,90,50,135,76,0.6,0.6,0.15759497251253082,0.3,0.7,0.6148148148148148,66,52,83,49,1.4882409350889307,0.8719344693776351,0.4285714285714286,2.333333333333333,38.711836203851334,2.021079259157898,0.6545943867925429,0.4285714285714286,2.333333333333333,59.733881556941895,0.666887228724501,0.3658820046976697,0.3490378134613148,1.5246269267618813,19.984512193310973,2.749700118064416,1.6955016443679674,0.4268358536826815,6.333967599267298,47.818742516844196
7,ionosphere,inne,empirical_weighted,52,66,52,66,63,3,0.045,0.0,0.0,1.0,estimated,90,50,135,76,0.6,0.6,0.15759497251253082,0.3,0.7,0.6148148148148148,66,52,83,49,1.4882409350889307,0.8719344693776351,0.4285714285714286,2.333333333333333,38.711836203851334,2.021079259157898,0.6545943867925429,0.4285714285714286,2.333333333333333,59.733881556941895,0.666887228724501,0.3658820046976697,0.3490378134613148,1.5246269267618813,19.984512193310973,2.749700118064416,1.6955016443679674,0.4268358536826815,6.333967599267298,47.818742516844196
8,ionosphere,inne,empirical_randomized_weighted,53,68,53,68,65,3,0.044,0.0,0.0,1.0,estimated,90,50,135,76,0.6,0.5999999999999999,0.15446691410722532,0.3,0.7,0.6074074074074074,68,53,82,53,1.4587143433558472,0.8795507631284241,0.4285714285714286,2.333333333333333,38.868718804330506,1.9907443637537856,0.6193100647574997,0.4285714285714286,2.333333333333333,61.999675940345654,0.8121011455374245,0.4762031099095448,0.28412227330760564,1.929882899496036,20.091585130544544,2.4584359366664237,1.5825777535292398,0.28953585847912994,5.719951205790909,48.077163900670016
8,ionosphere,inne,empirical_weighted,53,68,53,68,65,3,0.044,0.0,0.0,1.0,estimated,90,50,135,76,0.6,0.5999999999999999,0.15446691410722532,0.3,0.7,0.6074074074074074,68,53,82,53,1.4587143433558472,0.8795507631284241,0.4285714285714286,2.333333333333333,38.868718804330506,1.9907443637537856,0.6193100647574997,0.4285714285714286,2.333333333333333,61.999675940345654,0.8121011455374245,0.4762031099095448,0.28412227330760564,1.929882899496036,20.091585130544544,2.4584359366664237,1.5825777535292398,0.28953585847912994,5.719951205790909,48.077163900670016
9,ionosphere,inne,empirical_randomized_weighted,62,60,62,60,57,3,0.05,0.0,0.0,1.0,estimated,90,50,135,76,0.6,0.5999999999999999,0.15531045632495988,0.3,0.7,0.5407407407407407,60,62,73,47,1.5757338816484754,0.8434715311777576,0.4285714285714286,2.333333333333333,48.19152345306058,1.9783359773845737,0.6355857300927265,0.4285714285714286,2.333333333333333,54.38643483222897,0.878924568056845,0.6184678350519809,0.30924965462022014,3.150992383914088,20.733796650438947,2.1071264845631346,0.9543578696498225,0.31476742116275197,3.5420486429615936,49.78692326296944
9,ionosphere,inne,empirical_weighted,62,60,62,60,57,3,0.05,0.0,0.0,1.0,estimated,90,50,135,76,0.6,0.5999999999999999,0.15531045632495988,0.3,0.7,0.5407407407407407,60,62,73,47,1.5757338816484754,0.8434715311777576,0.4285714285714286,2.333333333333333,48.19152345306058,1.9783359773845737,0.6355857300927265,0.4285714285714286,2.333333333333333,54.38643483222897,0.878924568056845,0.6184678350519809,0.30924965462022014,3.150992383914088,20.733796650438947,2.1071264845631346,0.9543578696498225,0.31476742116275197,3.5420486429615936,49.78692326296944
10,ionosphere,inne,empirical_randomized_weighted,52,63,52,63,60,3,0.048,0.0,0.0,1.0,estimated,90,50,135,76,0.6,0.5999999999999999,0.15584656328945812,0.3,0.7,0.6148148148148148,63,52,83,43,1.5426901866751814,0.8537721393240408,0.4285714285714286,2.333333333333333,39.807528736252884,1.9663322750011722,0.6733599883652552,0.4285714285714286,2.333333333333333,56.38752789607478,0.8117979534303678,0.41756013870971076,0.3664950989154331,1.733397437294734,20.5603330778256,1.8839281032509911,0.7612846717717207,0.42352366188737084,3.062057856243056,54.156641249035644
10,ionosphere,inne,empirical_weighted,52,63,52,63,60,3,0.048,0.0,0.0,1.0,estimated,90,50,135,76,0.6,0.5999999999999999,0.15584656328945812,0.3,0.7,0.6148148148148148,63,52,83,43,1.5426901866751814,0.8537721393240408,0.4285714285714286,2.333333333333333,39.807528736252884,1.9663322750011722,0.6733599883652552,0.4285714285714286,2.333333333333333,56.38752789607478,0.8117979534303678,0.41756013870971076,0.3664950989154331,1.733397437294734,20.5603330778256,1.8839281032509911,0.7612846717717207,0.42352366188737084,3.062057856243056,54.156641249035644
11,ionosphere,inne,empirical_randomized_weighted,46,62,46,62,59,3,0.048,0.0,0.0,1.0,estimated,90,50,135,76,0.6,0.6,0.1567998271035394,0.3,0.7,0.6592592592592592,62,46,89,35,1.3667777006772237,0.860813924311411,0.4285714285714286,2.333333333333333,32.93562351341836,2.045568300666532,0.6256238469218416,0.4285714285714286,2.333333333333333,56.69658603824948,0.769806763191662,0.5460566782579305,0.37621865284804296,2.139701584725981,15.30102952275218,2.861448872844885,1.921181124882098,0.3892211171628585,6.990322435327748,42.73563180469412
11,ionosphere,inne,empirical_weighted,46,62,46,62,59,3,0.048,0.0,0.0,1.0,estimated,90,50,135,76,0.6,0.6,0.1567998271035394,0.3,0.7,0.6592592592592592,62,46,89,35,1.3667777006772237,0.860813924311411,0.4285714285714286,2.333333333333333,32.93562351341836,2.045568300666532,0.6256238469218416,0.4285714285714286,2.333333333333333,56.69658603824948,0.769806763191662,0.5460566782579305,0.37621865284804296,2.139701584725981,15.30102952275218,2.861448872844885,1.921181124882098,0.3892211171628585,6.990322435327748,42.73563180469412
12,ionosphere,inne,empirical_randomized_weighted,58,62,58,62,59,3,0.048,0.0,0.0,1.0,estimated,90,50,135,76,0.6,0.6,0.15289908025726728,0.3,0.7,0.5703703703703704,62,58,77,46,1.5801808276612896,0.8465859815046478,0.4285714285714286,2.333333333333333,45.064965021122816,1.9903390929706637,0.6546129193307656,0.4285714285714286,2.333333333333333,55.947991891032565,0.8302176216634947,0.4728054380901817,0.3699602504370143,1.9469893594357763,21.89794054120661,2.433168640303819,1.3865333336571382,0.48645640708772886,5.106984019228272,46.802153716600316
12,ionosphere,inne,empirical_weighted,58,62,58,62,59,3,0.048,0.0,0.0,1.0,estimated,90,50,135,76,0.6,0.6,0.15289908025726728,0.3,0.7,0.5703703703703704,62,58,77,46,1.5801808276612896,0.8465859815046478,0.4285714285714286,2.333333333333333,45.064965021122816,1.9903390929706637,0.6546129193307656,0.4285714285714286,2.333333333333333,55.947991891032565,0.8302176216634947,0.4728054380901817,0.3699602504370143,1.9469893594357763,21.89794054120661,2.433168640303819,1.3865333336571382,0.48645640708772886,5.106984019228272,46.802153716600316
13,ionosphere,inne,empirical_randomized_weighted,64,58,64,58,55,3,0.052,0.0,0.0,1.0,estimated,90,50,135,76,0.6,0.6,0.15762702569919906,0.3,0.7,0.5259259259259259,58,64,71,46,1.490154674498418,0.8676741516218244,0.4285714285714286,2.333333333333333,47.79544441575619,2.0737164322835087,0.5675743139649624,0.4285714285714286,2.333333333333333,53.957945778334825,0.7355425345170703,0.4908530267224406,0.20206335398781206,1.9595660924454483,22.14018748330172,1.9685321191243728,0.6588226263431421,0.2609185464826599,2.889563786646773,52.15786235106416
13,ionosphere,inne,empirical_weighted,64,58,64,58,55,3,0.052,0.0,0.0,1.0,estimated,90,50,135,76,0.6,0.6,0.15762702569919906,0.3,0.7,0.5259259259259259,58,64,71,46,1.490154674498418,0.8676741516218244,0.4285714285714286,2.333333333333333,47.79544441575619,2.0737164322835087,0.5675743139649624,0.4285714285714286,2.333333333333333,53.957945778334825,0.7355425345170703,0.4908530267224406,0.20206335398781206,1.9595660924454483,22.14018748330172,1.9685321191243728,0.6588226263431421,0.2609185464826599,2.889563786646773,52.15786235106416
14,ionosphere,inne,empirical_randomized_weighted,55,64,55,64,61,3,0.047,0.0,0.0,1.0,estimated,90,50,135,76,0.6,0.6,0.1541779543972978,0.3,0.7,0.5925925925925926,64,55,80,47,1.5298838497998195,0.8609111032775233,0.4285714285714286,2.333333333333333,41.77221326129221,2.044914217038186,0.573397429315927,0.4285714285714286,2.333333333333333,59.334794917416154,0.7893585453202843,0.500881396448853,0.24491135521889504,1.9410313750251493,19.96230054114804,2.281370115873199,1.0582113163413236,0.282588744738323,4.203240843950464,52.66813812624189
14,ionosphere,inne,empirical_weighted,55,64,55,64,61,3,0.047,0.0,0.0,1.0,estimated,90,50,135,76,0.6,0.6,0.1541779543972978,0.3,0.7,0.5925925925925926,64,55,80,47,1.5298838497998195,0.8609111032775233,0.4285714285714286,2.333333333333333,41.77221326129221,2.044914217038186,0.573397429315927,0.4285714285714286,2.333333333333333,59.334794917416154,0.7893585453202843,0.500881396448853,0.24491135521889504,1.9410313750251493,19.96230054114804,2.281370115873199,1.0582113163413236,0.282588744738323,4.203240843950464,52.66813812624189
15,ionosphere,inne,empirical_randomized_weighted,61,58,61,58,55,3,0.052,0.0,0.0,1.0,estimated,90,50,135,76,0.6,0.6,0.15578655838918778,0.3,0.7,0.5481481481481482,58,61,74,43,1.4697256545400932,0.870741091578637,0.4285714285714286,2.333333333333333,45.15178230666775,2.1089607077474177,0.5342794356657059,0.4285714285714286,2.333333333333333,54.502056200469134,0.6350652690681869,0.43568104227563753,0.2425617303878961,2.122744200054266,21.07907525171887,2.182610632907702,0.9924548284400464,0.25887577240155707,4.02614778527623,48.06253450520943
15,ionosphere,inne,empirical_weighted,61,58,61,58,55,3,0.052,0.0,0.0,1.0,estimated,90,50,135,76,0.6,0.6,0.15578655838918778,0.3,0.7,0.5481481481481482,58,61,74,43,1.4697256545400932,0.870741091578637,0.4285714285714286,2.333333333333333,45.15178230666775,2.1089607077474177,0.5342794356657059,0.4285714285714286,2.333333333333333,54.502056200469134,0.6350652690681869,0.43568104227563753,0.2425617303878961,2.122744200054266,21.07907525171887,2.182610632907702,0.9924548284400464,0.25887577240155707,4.02614778527623,48.06253450520943
16,ionosphere,inne,empirical_randomized_weighted,54,64,54,64,61,3,0.047,0.0,0.0,1.0,estimated,90,50,135,76,0.6,0.5999999999999999,0.1517444787745399,0.3,0.7,0.6,64,54,81,48,1.296452198760703,0.834992540172766,0.4285714285714286,2.333333333333333,38.167592983815055,2.0900901639341014,0.5559586649395886,0.452448450150597,2.333333333333333,59.77092905997717,0.6330733027821827,0.525176584677058,0.20838695907671267,1.5866496057352313,15.99354522930695,3.41852048049258,2.1341655277410805,0.21326722364799858,7.38328588260759,46.05163529466576
16,ionosphere,inne,empirical_weighted,54,64,54,64,61,3,0.047,0.0,0.0,1.0,estimated,90,50,135,76,0.6,0.5999999999999999,0.1517444787745399,0.3,0.7,0.6,64,54,81,48,1.296452198760703,0.834992540172766,0.4285714285714286,2.333333333333333,38.167592983815055,2.0900901639341014,0.5559586649395886,0.452448450150597,2.333333333333333,59.77092905997717,0.6330733027821827,0.525176584677058,0.20838695907671267,1.5866496057352313,15.99354522930695,3.41852048049258,2.1341655277410805,0.21326722364799858,7.38328588260759,46.05163529466576
17,ionosphere,inne,empirical_randomized_weighted,51,64,51,64,61,3,0.047,0.0,0.0,1.0,estimated,90,50,135,76,0.6,0.6,0.14712189125628833,0.3,0.7,0.6222222222222222,64,51,84,44,1.33500253172473,0.8270839518595222,0.4285714285714286,2.333333333333333,36.85432981972602,1.9837380507940203,0.6488327734499455,0.4285714285714286,2.333333333333333,57.815029131287346,0.7255383954362012,0.778216091070403,0.22474460712611768,2.5820423895076883,12.090315991286527,3.7979214149784917,2.227616794271831,0.24038760388247263,7.11120051229524,47.61818951371596
17,ionosphere,inne,empirical_weighted,51,64,51,64,61,3,0.047,0.0,0.0,1.0,estimated,90,50,135,76,0.6,0.6,0.14712189125628833,0.3,0.7,0.6222222222222222,64,51,84,44,1.33500253172473,0.8270839518595222,0.4285714285714286,2.333333333333333,36.85432981972602,1.9837380507940203,0.6488327734499455,0.4285714285714286,2.333333333333333,57.815029131287346,0.7255383954362012,0.778216091070403,0.22474460712611768,2.5820423895076883,12.090315991286527,3.7979214149784917,2.227616794271831,0.24038760388247263,7.11120051229524,47.61818951371596
18,ionosphere,inne,empirical_randomized_weighted,56,64,56,64,61,3,0.047,0.0,0.0,1.0,estimated,90,50,135,76,0.6,0.6,0.15985543642877245,0.3,0.7,0.5851851851851851,64,56,79,48,1.5987159767376948,0.8544347617423159,0.4285714285714286,2.333333333333333,43.55815774400103,2.011519455260349,0.6289914564353614,0.4285714285714286,2.333333333333333,58.29958491317433,0.8267950055299352,0.5263952142569863,0.3156983479185845,2.1041666977308338,19.92388887280067,2.335781416222553,1.2601226883876988,0.3318497769443358,4.310406369489274,49.57221687345527
18,ionosphere,inne,empirical_weighted,56,64,56,64,61,3,0.047,0.0,0.0,1.0,estimated,90,50,135,76,0.6,0.6,0.15985543642877245,0.3,0.7,0.5851851851851851,64,56,79,48,1.5987159767376948,0.8544347617423159,0.4285714285714286,2.333333333333333,43.55815774400103,2.011519455260349,0.6289914564353614,0.4285714285714286,2.333333333333333,58.29958491317433,0.8267950055299352,0.5263952142569863,0.3156983479185845,2.1041666977308338,19.92388887280067,2.335781416222553,1.2601226883876988,0.3318497769443358,4.310406369489274,49.57221687345527
19,ionosphere,inne,empirical_randomized_weighted,56,60,56,60,57,3,0.05,0.0,0.0,1.0,estimated,90,50,135,76,0.6,0.6,0.15787764897691817,0.3,0.7,0.5851851851851851,60,56,79,42,1.5868155789071814,0.8731696236063056,0.4285714285714286,2.333333333333333,42.984606986123175,1.9207770870969487,0.6954042761671249,0.4285714285714286,2.333333333333333,53.04686723360827,0.7274860340812201,0.2779577020674308,0.4231914055674541,1.2801135653488214,24.433130507907975,1.982036698479799,0.8512658050822859,0.4231914055674541,3.3587594594111283,50.65590813570738
19,ionosphere,inne,empirical_weighted,56,60,56,60,57,3,0.05,0.0,0.0,1.0,estimated,90,50,135,76,0.6,0.6,0.15787764897691817,0.3,0.7,0.5851851851851851,60,56,79,42,1.5868155789071814,0.8731696236063056,0.4285714285714286,2.333333333333333,42.984606986123175,1.9207770870969487,0.6954042761671249,0.4285714285714286,2.333333333333333,53.04686723360827,0.7274860340812201,0.2779577020674308,0.4231914055674541,1.2801135653488214,24.433130507907975,1.982036698479799,0.8512658050822859,0.4231914055674541,3.3587594594111283,50.65590813570738
20,ionosphere,inne,empirical_randomized_weighted,42,69,42,69,66,3,0.043,0.0,0.0,1.0,estimated,90,50,135,76,0.6,0.6,0.1539781400651658,0.3,0.7,0.6888888888888889,69,42,93,45,1.455209802955927,0.8854114709247173,0.4285714285714286,2.333333333333333,30.65240895030958,1.969648831015126,0.6595065326750466,0.4285714285714286,2.333333333333333,62.04398827525323,0.7930371687559039,0.34760706993102325,0.3834045373781135,1.737136010714405,17.61556162631652,2.426201086804874,1.408853429061963,0.390957966467075,5.374321623668564,51.600644340816224
20,ionosphere,inne,empirical_weighted,42,69,42,69,66,3,0.043,0.0,0.0,1.0,estimated,90,50,135,76,0.6,0.6,0.1539781400651658,0.3,0.7,0.6888888888888889,69,42,93,45,1.455209802955927,0.8854114709247173,0.4285714285714286,2.333333333333333,30.65240895030958,1.969648831015126,0.6595065326750466,0.4285714285714286,2.333333333333333,62.04398827525323,0.7930371687559039,0.34760706993102325,0.3834045373781135,1.737136010714405,17.61556162631652,2.426201086804874,1.408853429061963,0.390957966467075,5.374321623668564,51.600644340816224
21,ionosphere,inne,empirical_randomized_weighted,55,63,55,63,60,3,0.048,0.0,0.0,1.0,estimated,90,50,135,76,0.6,0.6,0.15664441251362857,0.3,0.7,0.5925925925925926,63,55,80,46,1.4949434982816616,0.87024068700024,0.4285714285714286,2.333333333333333,41.079511360023346,1.9665289669462944,0.6890746377437971,0.4285714285714286,2.333333333333333,56.11066574015722,0.7559755884949855,0.4540483179209059,0.3037210596476897,2.0640664773361057,20.577110588356256,2.1953351511912174,1.224681970639354,0.3925296691704566,4.427858881455773,48.047448258369855
21,ionosphere,inne,empirical_weighted,55,63,55,63,60,3,0.048,0.0,0.0,1.0,estimated,90,50,135,76,0.6,0.6,0.15664441251362857,0.3,0.7,0.5925925925925926,63,55,80,46,1.4949434982816616,0.87024068700024,0.4285714285714286,2.333333333333333,41.079511360023346,1.9665289669462944,0.6890746377437971,0.4285714285714286,2.333333333333333,56.11066574015722,0.7559755884949855,0.4540483179209059,0.3037210596476897,2.0640664773361057,20.577110588356256,2.1953351511912174,1.224681970639354,0.3925296691704566,4.427858881455773,48.047448258369855
22,ionosphere,inne,empirical_randomized_weighted,52,58,52,58,55,3,0.052,0.0,0.0,1.0,estimated,90,50,135,76,0.6,0.6,0.15471734327412548,0.3,0.7,0.6148148148148148,58,52,83,32,1.4545996980278413,0.8448192883204183,0.4285714285714286,2.333333333333333,38.88377005860545,2.0453135394963997,0.6256375396406748,0.4285714285714286,2.333333333333333,53.037412882966905,0.7323705089043345,0.5317855930371984,0.35014314591276,2.1719772962808115,17.024132541421974,3.355730116246832,2.865639625122625,0.4127360381866019,9.396410643394125,33.54079135819027
22,ionosphere,inne,empirical_weighted,52,58,52,58,55,3,0.052,0.0,0.0,1.0,estimated,90,50,135,76,0.6,0.6,0.15471734327412548,0.3,0.7,0.6148148148148148,58,52,83,32,1.4545996980278413,0.8448192883204183,0.4285714285714286,2.333333333333333,38.88377005860545,2.0453135394963997,0.6256375396406748,0.4285714285714286,2.333333333333333,53.037412882966905,0.7323705089043345,0.5317855930371984,0.35014314591276,2.1719772962808115,17.024132541421974,3.355730116246832,2.865639625122625,0.4127360381866019,9.396410643394125,33.54079135819027
23,ionosphere,inne,empirical_randomized_weighted,55,58,55,58,55,3,0.052,0.0,0.0,1.0,estimated,90,50,135,76,0.6,0.6,0.15606789015159325,0.3,0.7,0.5925925925925926,58,55,80,35,1.4791277540788912,0.8665823690308249,0.4285714285714286,2.333333333333333,40.94552157656794,2.0029309084524387,0.6416209455435626,0.4285714285714286,2.333333333333333,52.60206193508949,0.7741292571034173,0.2781028592064182,0.4838917401810089,1.5973919841580437,24.799441004605136,2.116104110113721,1.1263467777293026,0.5348097421716995,4.051409676645696,45.19543678892574
23,ionosphere,inne,empirical_weighted,55,58,55,58,55,3,0.052,0.0,0.0,1.0,estimated,90,50,135,76,0.6,0.6,0.15606789015159325,0.3,0.7,0.5925925925925926,58,55,80,35,1.4791277540788912,0.8665823690308249,0.4285714285714286,2.333333333333333,40.94552157656794,2.0029309084524387,0.6416209455435626,0.4285714285714286,2.333333333333333,52.60206193508949,0.7741292571034173,0.2781028592064182,0.4838917401810089,1.5973919841580437,24.799441004605136,2.116104110113721,1.1263467777293026,0.5348097421716995,4.051409676645696,45.19543678892574
24,ionosphere,inne,empirical_randomized_weighted,52,64,52,64,61,3,0.047,0.0,0.0,1.0,estimated,90,50,135,76,0.6,0.5999999999999999,0.14901906950552218,0.3,0.7,0.6148148148148148,64,52,83,46,1.4849816714646202,0.8603382588821568,0.4285714285714286,2.333333333333333,38.932137993802314,1.979996239093959,0.652284850300759,0.4285714285714286,2.333333333333333,57.734167760838034,0.6829625146389641,0.5087081341812776,0.2660757713108284,2.2360368718380106,16.722309421502974,2.423604075937429,1.121603926195663,0.27957173300547195,4.157402688707086,52.71096840562328
24,ionosphere,inne,empirical_weighted,52,64,52,64,61,3,0.047,0.0,0.0,1.0,estimated,90,50,135,76,0.6,0.5999999999999999,0.14901906950552218,0.3,0.7,0.6148148148148148,64,52,83,46,1.4849816714646202,0.8603382588821568,0.4285714285714286,2.333333333333333,38.932137993802314,1.979996239093959,0.652284850300759,0.4285714285714286,2.333333333333333,57.734167760838034,0.6829625146389641,0.5087081341812776,0.2660757713108284,2.2360368718380106,16.722309421502974,2.423604075937429,1.121603926195663,0.27957173300547195,4.157402688707086,52.71096840562328
25,ionosphere,inne,empirical_randomized_weighted,50,68,50,68,65,3,0.044,1.0,0.0,1.0,estimated,90,50,135,76,0.6,0.5999999999999999,0.152769150467855,0.3,0.7,0.6296296296296297,68,50,85,52,1.4903182567930182,0.8692518717351093,0.4285714285714286,2.333333333333333,37.30788812861618,1.9059988560199574,0.6989000993042668,0.4285714285714286,2.333333333333333,59.940545887911426,0.7871917734766258,0.3675220218314909,0.3730043077007584,1.5366557120131283,20.525881710381807,2.4015911130424277,1.5418187736578866,0.43063817965609846,6.021676319539994,48.15309698410796
25,ionosphere,inne,empirical_weighted,50,68,50,68,65,3,0.044,0.0,0.0,1.0,estimated,90,50,135,76,0.6,0.5999999999999999,0.152769150467855,0.3,0.7,0.6296296296296297,68,50,85,52,1.4903182567930182,0.8692518717351093,0.4285714285714286,2.333333333333333,37.30788812861618,1.9059988560199574,0.6989000993042668,0.4285714285714286,2.333333333333333,59.940545887911426,0.7871917734766258,0.3675220218314909,0.3730043077007584,1.5366557120131283,20.525881710381807,2.4015911130424277,1.5418187736578866,0.43063817965609846,6.021676319539994,48.15309698410796
1,ionosphere,inne,empirical_randomized_weighted,54,58,54,58,55,3,0.052,0.0,0.0,4.0,estimated,90,50,135,76,0.6,0.6,0.17183564771252516,0.3,0.7,0.6,58,54,81,34,1.5199668792306613,0.9299588351732253,0.4285714285714286,2.333333333333333,39.29176060676391,2.147135917422301,0.5509434463803414,0.4285714285714286,2.333333333333333,54.4171334723848,0.7449806737347723,0.6097514858596271,0.17850127696687015,1.8535789722729505,16.16854706630351,2.7079810070799226,1.3311581425780574,0.17850127696687015,4.877452105069594,46.712428294066335
1,ionosphere,inne,empirical_weighted,54,58,54,58,55,3,0.052,0.0,0.0,4.0,estimated,90,50,135,76,0.6,0.6,0.17183564771252516,0.3,0.7,0.6,58,54,81,34,1.5199668792306613,0.9299588351732253,0.4285714285714286,2.333333333333333,39.29176060676391,2.147135917422301,0.5509434463803414,0.4285714285714286,2.333333333333333,54.4171334723848,0.7449806737347723,0.6097514858596271,0.17850127696687015,1.8535789722729505,16.16854706630351,2.7079810070799226,1.3311581425780574,0.17850127696687015,4.877452105069594,46.712428294066335
2,ionosphere,inne,empirical_randomized_weighted,50,68,50,68,65,3,0.044,0.0,0.0,4.0,estimated,90,50,135,76,0.6,0.5999999999999998,0.16962483823011998,0.3,0.7,0.6296296296296297,68,50,85,50,1.6247480707324455,0.9079772107626826,0.4285714285714286,2.333333333333333,38.100921777793,2.003507104362469,0.7129840577718932,0.4285714285714286,2.333333333333333,60.35634936713362,0.7322065200712413,0.318077799529894,0.42389680626086756,1.6422780820631424,21.031166386974107,2.795565557963531,1.990568510352985,0.42389680626086756,6.9188573973764935,45.12251796190261
2,ionosphere,inne,empirical_weighted,50,68,50,68,65,3,0.044,0.0,0.0,4.0,estimated,90,50,135,76,0.6,0.5999999999999998,0.16962483823011998,0.3,0.7,0.6296296296296297,68,50,85,50,1.6247480707324455,0.9079772107626826,0.4285714285714286,2.333333333333333,38.100921777793,2.003507104362469,0.7129840577718932,0.4285714285714286,2.333333333333333,60.35634936713362,0.7322065200712413,0.318077799529894,0.42389680626086756,1.6422780820631424,21.031166386974107,2.795565557963531,1.990568510352985,0.42389680626086756,6.9188573973764935,45.12251796190261
3,ionosphere,inne,empirical_randomized_weighted,54,64,54,64,61,3,0.047,0.0,0.0,4.0,estimated,90,50,135,76,0.6,0.5999999999999999,0.17065853444841736,0.3,0.7,0.6,64,54,81,46,1.4316150666144307,0.941957140209153,0.4285714285714286,2.333333333333333,37.685230553901405,2.0918308495495217,0.6004931269224975,0.4285714285714286,2.333333333333333,59.12749353387385,0.7724668204149473,0.5337044493581083,0.20676660774632258,2.0842354198513124,18.275898420336446,2.2732798027762207,0.9602358395218461,0.20764194430623492,4.114076933837175,54.309885227777016
3,ionosphere,inne,empirical_weighted,54,64,54,64,61,3,0.047,0.0,0.0,4.0,estimated,90,50,135,76,0.6,0.5999999999999999,0.17065853444841736,0.3,0.7,0.6,64,54,81,46,1.4316150666144307,0.941957140209153,0.4285714285714286,2.333333333333333,37.685230553901405,2.0918308495495217,0.6004931269224975,0.4285714285714286,2.333333333333333,59.12749353387385,0.7724668204149473,0.5337044493581083,0.20676660774632258,2.0842354198513124,18.275898420336446,2.2732798027762207,0.9602358395218461,0.20764194430623492,4.114076933837175,54.309885227777016
4,ionosphere,inne,empirical_randomized_weighted,58,66,58,66,63,3,0.045,0.0,0.0,4.0,estimated,90,50,135,76,0.6,0.5999999999999999,0.16968860674921282,0.3,0.7,0.5703703703703704,66,58,77,54,1.4654784025965257,0.9350256402197616,0.4285714285714286,2.333333333333333,41.219883941988584,2.11466816851992,0.5900739981159275,0.4285714285714286,2.333333333333333,61.232298455463045,0.6377087352354734,0.35589817788779543,0.28264669987589275,1.292840068008089,22.112705192887645,2.7550185089679653,1.5764503718006837,0.28617224849226985,5.977546869794464,49.720330847091724
4,ionosphere,inne,empirical_weighted,58,66,58,66,63,3,0.045,0.0,0.0,4.0,estimated,90,50,135,76,0.6,0.5999999999999999,0.16968860674921282,0.3,0.7,0.5703703703703704,66,58,77,54,1.4654784025965257,0.9350256402197616,0.4285714285714286,2.333333333333333,41.219883941988584,2.11466816851992,0.5900739981159275,0.4285714285714286,2.333333333333333,61.232298455463045,0.6377087352354734,0.35589817788779543,0.28264669987589275,1.292840068008089,22.112705192887645,2.7550185089679653,1.5764503718006837,0.28617224849226985,5.977546869794464,49.720330847091724
5,ionosphere,inne,empirical_randomized_weighted,55,66,55,66,63,3,0.045,0.0,0.0,4.0,estimated,90,50,135,76,0.6,0.5999999999999999,0.1722496107493269,0.3,0.7,0.5925925925925926,66,55,80,53,1.4725050300260092,0.9430453313248808,0.4285714285714286,2.333333333333333,39.00271180656043,2.1196509356297226,0.5870067021828311,0.4285714285714286,2.333333333333333,61.29879325702319,0.7148764899451915,0.45918178135925125,0.2879367128183399,1.7923363864016617,19.82189824371633,3.2104805276760593,2.552078067058871,0.30376458713973487,8.727877678566099,40.44367358104625
5,ionosphere,inne,empirical_weighted,55,66,55,66,63,3,0.045,0.0,0.0,4.0,estimated,90,50,135,76,0.6,0.5999999999999999,0.1722496107493269,0.3,0.7,0.5925925925925926,66,55,80,53,1.4725050300260092,0.9430453313248808,0.4285714285714286,2.333333333333333,39.00271180656043,2.1196509356297226,0.5870067021828311,0.4285714285714286,2.333333333333333,61.29879325702319,0.7148764899451915,0.45918178135925125,0.2879367128183399,1.7923363864016617,19.82189824371633,3.2104805276760593,2.552078067058871,0.30376458713973487,8.727877678566099,40.44367358104625
6,ionosphere,inne,empirical_randomized_weighted,64,52,64,52,49,3,0.058,0.0,0.0,4.0,estimated,90,50,135,76,0.6,0.6,0.17116735445441886,0.3,0.7,0.5259259259259259,52,64,71,34,1.5403861996151311,0.9264037316265258,0.4285714285714286,2.333333333333333,47.00027912936073,2.13990492355951,0.5629709788420745,0.4285714285714286,2.333333333333333,48.63393521002772,0.7523386357577246,0.4481768672204779,0.2671963850634567,1.6545852027507661,23.61846146125794,2.0014745460537458,0.8429008527224258,0.2671963850634567,3.238799976213154,44.16665349473087
6,ionosphere,inne,empirical_weighted,64,52,64,52,49,3,0.058,0.0,0.0,4.0,estimated,90,50,135,76,0.6,0.6,0.17116735445441886,0.3,0.7,0.5259259259259259,52,64,71,34,1.5403861996151311,0.9264037316265258,0.4285714285714286,2.333333333333333,47.00027912936073,2.13990492355951,0.5629709788420745,0.4285714285714286,2.333333333333333,48.63393521002772,0.7523386357577246,0.4481768672204779,0.2671963850634567,1.6545852027507661,23.61846146125794,2.0014745460537458,0.8429008527224258,0.2671963850634567,3.238799976213154,44.16665349473087
7,ionosphere,inne,empirical_randomized_weighted,50,68,50,68,65,3,0.044,0.0,0.0,4.0,estimated,90,50,135,76,0.6,0.5999999999999999,0.16966216899661346,0.3,0.7,0.6296296296296297,68,50,85,52,1.4908390268134124,0.9232062576919774,0.4285714285714286,2.333333333333333,36.140902123647635,2.0561075650274776,0.6463336495708976,0.4285714285714286,2.333333333333333,61.884861533862974,0.6859779933718143,0.41844275715713997,0.24778896327782396,1.5804104148953495,18.220336524986003,3.195268622047525,2.4728031222319005,0.30418345626736143,8.904602611208965,42.5288713647865
7,ionosphere,inne,empirical_weighted,50,68,50,68,65,3,0.044,0.0,0.0,4.0,estimated,90,50,135,76,0.6,0.5999999999999999,0.16966216899661346,0.3,0.7,0.6296296296296297,68,50,85,52,1.4908390268134124,0.9232062576919774,0.4285714285714286,2.333333333333333,36.140902123647635,2.0561075650274776,0.6463336495708976,0.4285714285714286,2.333333333333333,61.884861533862974,0.6859779933718143,0.41844275715713997,0.24778896327782396,1.5804104148953495,18.220336524986003,3.195268622047525,2.4728031222319005,0.30418345626736143,8.904602611208965,42.5288713647865
8,ionosphere,inne,empirical_randomized_weighted,51,72,51,72,68,4,0.056,0.0,0.0,4.0,estimated,90,50,135,76,0.6,0.6,0.16939121536164062,0.3,0.7,0.6222222222222222,72,51,84,61,1.4686106072943756,0.9411448472284777,0.4285714285714286,2.333333333333333,36.152872795074984,2.0920947426283583,0.6070852195010003,0.4285714285714286,2.333333333333333,66.40812041372273,0.7088560387339466,0.4982770476624169,0.2836794248733468,2.2785093599341457,17.401636904081432,3.0430387755994475,2.2997245443070544,0.2836794248733468,7.245928931927687,45.826823915448074
8,ionosphere,inne,empirical_weighted,51,72,51,72,68,4,0.056,0.0,0.0,4.0,estimated,90,50,135,76,0.6,0.6,0.16939121536164062,0.3,0.7,0.6222222222222222,72,51,84,61,1.4686106072943756,0.9411448472284777,0.4285714285714286,2.333333333333333,36.152872795074984,2.0920947426283583,0.6070852195010003,0.4285714285714286,2.333333333333333,66.40812041372273,0.7088560387339466,0.4982770476624169,0.2836794248733468,2.2785093599341457,17.401636904081432,3.0430387755994475,2.2997245443070544,0.2836794248733468,7.245928931927687,45.826823915448074
9,ionosphere,inne,empirical_randomized_weighted,62,60,62,60,57,3,0.05,0.0,0.0,4.0,estimated,90,50,135,76,0.6,0.5999999999999999,0.16931220692463136,0.3,0.7,0.5407407407407407,60,62,73,47,1.5815185176276234,0.92012316194617,0.4285714285714286,2.333333333333333,46.32092096597437,2.102400151127054,0.5969003174170656,0.4285714285714286,2.333333333333333,55.5243478286566,0.7508834888308102,0.5351374788710542,0.22759939975590665,2.0985894478235028,20.558274249667406,2.5040186008342853,1.269333946678396,0.22759939975590665,4.486578991951398,47.73396501946481
9,ionosphere,inne,empirical_weighted,62,60,62,60,57,3,0.05,0.0,0.0,4.0,estimated,90,50,135,76,0.6,0.5999999999999999,0.16931220692463136,0.3,0.7,0.5407407407407407,60,62,73,47,1.5815185176276234,0.92012316194617,0.4285714285714286,2.333333333333333,46.32092096597437,2.102400151127054,0.5969003174170656,0.4285714285714286,2.333333333333333,55.5243478286566,0.7508834888308102,0.5351374788710542,0.22759939975590665,2.0985894478235028,20.558274249667406,2.5040186008342853,1.269333946678396,0.22759939975590665,4.486578991951398,47.73396501946481
10,ionosphere,inne,empirical_randomized_weighted,52,65,52,65,62,3,0.046,0.0,0.0,4.0,estimated,90,50,135,76,0.6,0.6,0.17030040036734087,0.3,0.7,0.6148148148148148,65,52,83,47,1.5603714294305133,0.913909787432521,0.4285714285714286,2.333333333333333,38.717997338095344,2.0402930402930397,0.6872404043697331,0.4285714285714286,2.333333333333333,58.37673578444285,0.8142368578381399,0.40981823010546553,0.35667006018937314,1.7338928604677453,20.744790008078162,2.0494597652646567,0.7937925960204139,0.35908201529818345,3.180648585359933,56.520991581913904
10,ionosphere,inne,empirical_weighted,52,65,52,65,62,3,0.046,0.0,0.0,4.0,estimated,90,50,135,76,0.6,0.6,0.17030040036734087,0.3,0.7,0.6148148148148148,65,52,83,47,1.5603714294305133,0.913909787432521,0.4285714285714286,2.333333333333333,38.717997338095344,2.0402930402930397,0.6872404043697331,0.4285714285714286,2.333333333333333,58.37673578444285,0.8142368578381399,0.40981823010546553,0.35667006018937314,1.7338928604677453,20.744790008078162,2.0494597652646567,0.7937925960204139,0.35908201529818345,3.180648585359933,56.520991581913904
11,ionosphere,inne,empirical_randomized_weighted,44,68,44,68,65,3,0.044,0.0,0.0,4.0,estimated,90,50,135,76,0.6,0.6,0.17094980520866057,0.3,0.7,0.674074074074074,68,44,91,46,1.3390258328274522,0.9501278535377792,0.4285714285714286,2.333333333333333,29.265348044156767,2.12951636366898,0.5770765241935777,0.4285714285714286,2.333333333333333,63.34801942519383,0.6494398603416369,0.6978136310187761,0.1372923762089051,2.8251033256026092,10.211096702302656,5.337886620355554,4.40293461831998,0.1372923762089051,14.105734573266675,40.46725437265141
11,ionosphere,inne,empirical_weighted,44,68,44,68,65,3,0.044,0.0,0.0,4.0,estimated,90,50,135,76,0.6,0.6,0.17094980520866057,0.3,0.7,0.674074074074074,68,44,91,46,1.3390258328274522,0.9501278535377792,0.4285714285714286,2.333333333333333,29.265348044156767,2.12951636366898,0.5770765241935777,0.4285714285714286,2.333333333333333,63.34801942519383,0.6494398603416369,0.6978136310187761,0.1372923762089051,2.8251033256026092,10.211096702302656,5.337886620355554,4.40293461831998,0.1372923762089051,14.105734573266675,40.46725437265141
12,ionosphere,inne,empirical_randomized_weighted,57,66,57,66,63,3,0.045,0.0,0.0,4.0,estimated,90,50,135,76,0.6,0.6,0.1693781443440608,0.3,0.7,0.5777777777777777,66,57,78,53,1.5788146892948627,0.911831488418848,0.4285714285714286,2.333333333333333,42.7429087787625,2.0908281309419636,0.6244055834874586,0.4285714285714286,2.333333333333333,60.59570863723557,0.8640274545212356,0.38182400791436527,0.4382843466199496,1.5453546021611813,24.261973337732545,1.9152453688241433,0.7514902603551441,0.461925333264347,2.9249302249357196,57.194533081668304
12,ionosphere,inne,empirical_weighted,57,66,57,66,63,3,0.045,0.0,0.0,4.0,estimated,90,50,135,76,0.6,0.6,0.1693781443440608,0.3,0.7,0.5777777777777777,66,57,78,53,1.5788146892948627,0.911831488418848,0.4285714285714286,2.333333333333333,42.7429087787625,2.0908281309419636,0.6244055834874586,0.4285714285714286,2.333333333333333,60.59570863723557,0.8640274545212356,0.38182400791436527,0.4382843466199496,1.5453546021611813,24.261973337732545,1.9152453688241433,0.7514902603551441,0.461925333264347,2.9249302249357196,57.194533081668304
13,ionosphere,inne,empirical_randomized_weighted,63,61,63,61,58,3,0.049,0.0,0.0,4.0,estimated,90,50,135,76,0.6,0.5999999999999999,0.16942375445435753,0.3,0.7,0.5333333333333333,61,63,72,50,1.5107387768487388,0.9276909271843304,0.4285714285714286,2.333333333333333,45.74913858274714,2.131603628555716,0.541326824428879,0.4285714285714286,2.333333333333333,57.304326407122865,0.7412534216959561,0.4592026507161504,0.24461718118126194,1.7057275468852355,23.12516643057817,2.1161296691881564,0.7970188897712607,0.2630461775960213,3.3949093319528205,53.42172159150545
13,ionosphere,inne,empirical_weighted,63,61,63,61,58,3,0.049,0.0,0.0,4.0,estimated,90,50,135,76,0.6,0.5999999999999999,0.16942375445435753,0.3,0.7,0.5333333333333333,61,63,72,50,1.5107387768487388,0.9276909271843304,0.4285714285714286,2.333333333333333,45.74913858274714,2.131603628555716,0.541326824428879,0.4285714285714286,2.333333333333333,57.304326407122865,0.7412534216959561,0.4592026507161504,0.24461718118126194,1.7057275468852355,23.12516643057817,2.1161296691881564,0.7970188897712607,0.2630461775960213,3.3949093319528205,53.42172159150545
14,ionosphere,inne,empirical_randomized_weighted,55,64,55,64,61,3,0.047,0.0,0.0,4.0,estimated,90,50,135,76,0.6,0.6,0.16842019225458815,0.3,0.7,0.5925925925925926,64,55,80,48,1.5282157343290264,0.9280104355962059,0.4285714285714286,2.333333333333333,40.1825397898632,2.127024990324471,0.5590828605371031,0.4285714285714286,2.333333333333333,59.86406792885169,0.7883954483729116,0.5183773201419771,0.26943378139713253,1.9348221710122961,19.548725389247483,2.4043233954830576,1.027733754299888,0.3057952688444845,4.079884195554916,54.11275835478857
14,ionosphere,inne,empirical_weighted,55,64,55,64,61,3,0.047,0.0,0.0,4.0,estimated,90,50,135,76,0.6,0.6,0.16842019225458815,0.3,0.7,0.5925925925925926,64,55,80,48,1.5282157343290264,0.9280104355962059,0.4285714285714286,2.333333333333333,40.1825397898632,2.127024990324471,0.5590828605371031,0.4285714285714286,2.333333333333333,59.86406792885169,0.7883954483729116,0.5183773201419771,0.26943378139713253,1.9348221710122961,19.548725389247483,2.4043233954830576,1.027733754299888,0.3057952688444845,4.079884195554916,54.11275835478857
15,ionosphere,inne,empirical_randomized_weighted,60,63,60,63,60,3,0.048,0.0,0.0,4.0,estimated,90,50,135,76,0.6,0.6,0.16792692355502734,0.3,0.7,0.5555555555555556,63,60,75,51,1.488333519706941,0.9276458395662359,0.4285714285714286,2.333333333333333,43.21285513480966,2.1655067257129175,0.4984339450846526,0.4285714285714286,2.333333333333333,59.83030575267391,0.6973771340496593,0.40602676940274035,0.2859126333592189,1.7249160967766493,22.4051162598233,2.4822870334441816,1.3602749965033505,0.29893611388449887,5.025195713646646,48.45050959574849
15,ionosphere,inne,empirical_weighted,60,63,60,63,60,3,0.048,0.0,0.0,4.0,estimated,90,50,135,76,0.6,0.6,0.16792692355502734,0.3,0.7,0.5555555555555556,63,60,75,51,1.488333519706941,0.9276458395662359,0.4285714285714286,2.333333333333333,43.21285513480966,2.1655067257129175,0.4984339450846526,0.4285714285714286,2.333333333333333,59.83030575267391,0.6973771340496593,0.40602676940274035,0.2859126333592189,1.7249160967766493,22.4051162598233,2.4822870334441816,1.3602749965033505,0.29893611388449887,5.025195713646646,48.45050959574849
16,ionosphere,inne,empirical_randomized_weighted,54,66,54,66,63,3,0.045,0.0,0.0,4.0,estimated,90,50,135,76,0.6,0.5999999999999999,0.16898932324004332,0.3,0.7,0.6,66,54,81,51,1.3597054619362323,0.9224484229378299,0.4285714285714286,2.333333333333333,36.979950289169736,2.128125712322449,0.5790266309856061,0.4285714285714286,2.333333333333333,61.45084847314493,0.6443017488358509,0.5487163174976954,0.18493684033954333,1.7597234402981727,15.64946055938414,3.323599677667416,1.8982306472471544,0.18493684033954333,6.682119060823336,49.7663455837794
16,ionosphere,inne,empirical_weighted,54,66,54,66,63,3,0.045,0.0,0.0,4.0,estimated,90,50,135,76,0.6,0.5999999999999999,0.16898932324004332,0.3,0.7,0.6,66,54,81,51,1.3597054619362323,0.9224484229378299,0.4285714285714286,2.333333333333333,36.979950289169736,2.128125712322449,0.5790266309856061,0.4285714285714286,2.333333333333333,61.45084847314493,0.6443017488358509,0.5487163174976954,0.18493684033954333,1.7597234402981727,15.64946055938414,3.323599677667416,1.8982306472471544,0.18493684033954333,6.682119060823336,49.7663455837794
17,ionosphere,inne,empirical_randomized_weighted,50,68,50,68,65,3,0.044,0.0,0.0,4.0,estimated,90,50,135,76,0.6,0.6,0.1660141961595396,0.3,0.7,0.6296296296296297,68,50,85,52,1.281187851946455,0.9030483466730527,0.4285714285714286,2.333333333333333,33.40421883149284,2.147904714666405,0.5487101594929862,0.4285714285714286,2.333333333333333,63.83410108990516,0.6235731826503841,0.46538532666716986,0.22374017494404652,2.0493836216794126,16.056580875522606,5.5127204452262335,5.352489708433976,0.4188902367663593,17.267431811963817,35.00258723851396
17,ionosphere,inne,empirical_weighted,50,68,50,68,65,3,0.044,0.0,0.0,4.0,estimated,90,50,135,76,0.6,0.6,0.1660141961595396,0.3,0.7,0.6296296296296297,68,50,85,52,1.281187851946455,0.9030483466730527,0.4285714285714286,2.333333333333333,33.40421883149284,2.147904714666405,0.5487101594929862,0.4285714285714286,2.333333333333333,63.83410108990516,0.6235731826503841,0.46538532666716986,0.22374017494404652,2.0493836216794126,16.056580875522606,5.5127204452262335,5.352489708433976,0.4188902367663593,17.267431811963817,35.00258723851396
18,ionosphere,inne,empirical_randomized_weighted,56,64,56,64,61,3,0.047,0.0,0.0,4.0,estimated,90,50,135,76,0.6,0.5999999999999999,0.17125071876505238,0.3,0.7,0.5851851851851851,64,56,79,48,1.5860711897699886,0.9123266460302145,0.4285714285714286,2.333333333333333,42.07778741426176,2.091193518581663,0.6169616700844286,0.4285714285714286,2.333333333333333,58.875380275169455,0.8187866934175759,0.4391426214053809,0.32017663316651485,1.6899298050068678,21.744980695931044,2.006896600571241,0.7558562250240268,0.3846538861682851,3.0191002429019256,56.049408702393585
18,ionosphere,inne,empirical_weighted,56,64,56,64,61,3,0.047,0.0,0.0,4.0,estimated,90,50,135,76,0.6,0.5999999999999999,0.17125071876505238,0.3,0.7,0.5851851851851851,64,56,79,48,1.5860711897699886,0.9123266460302145,0.4285714285714286,2.333333333333333,42.07778741426176,2.091193518581663,0.6169616700844286,0.4285714285714286,2.333333333333333,58.875380275169455,0.8187866934175759,0.4391426214053809,0.32017663316651485,1.6899298050068678,21.744980695931044,2.006896600571241,0.7558562250240268,0.3846538861682851,3.0191002429019256,56.049408702393585
19,ionosphere,inne,empirical_randomized_weighted,57,59,57,59,56,3,0.051,0.5,0.333,4.0,estimated,90,50,135,76,0.6,0.6,0.16985638115615886,0.3,0.7,0.5777777777777777,59,57,78,40,1.5530136613529164,0.9228858567725763,0.4285714285714286,2.333333333333333,42.124281913188554,2.0381137240003158,0.68379076344745,0.4285714285714286,2.333333333333333,53.030779222169755,0.7859050731825152,0.32862941831288267,0.39897913525610257,1.499711655292535,24.68394253456591,1.839811765856826,0.7374504382651658,0.39897913525610257,3.06774687221342,50.832966334533275
19,ionosphere,inne,empirical_weighted,57,59,57,59,56,3,0.051,0.0,0.0,4.0,estimated,90,50,135,76,0.6,0.6,0.16985638115615886,0.3,0.7,0.5777777777777777,59,57,78,40,1.5530136613529164,0.9228858567725763,0.4285714285714286,2.333333333333333,42.124281913188554,2.0381137240003158,0.68379076344745,0.4285714285714286,2.333333333333333,53.030779222169755,0.7859050731825152,0.32862941831288267,0.39897913525610257,1.499711655292535,24.68394253456591,1.839811765856826,0.7374504382651658,0.39897913525610257,3.06774687221342,50.832966334533275
20,ionosphere,inne,empirical_randomized_weighted,42,73,42,73,69,4,0.055,0.0,0.25,4.0,estimated,90,50,135,76,0.6,0.6,0.16828937980936065,0.3,0.7,0.6888888888888889,73,42,93,53,1.4557836910511286,0.9311986572033557,0.4285714285714286,2.333333333333333,29.805033792653997,2.029982014818707,0.6593878173429659,0.4285714285714286,2.333333333333333,66.03281606140335,0.731817721829089,0.3723845339117491,0.37956265673944245,1.9289418530092717,16.680871200692803,2.663649468772007,1.4425240118772136,0.4043496219079807,5.688777402236986,56.44534630848692
20,ionosphere,inne,empirical_weighted,42,73,42,73,69,4,0.055,0.0,0.0,4.0,estimated,90,50,135,76,0.6,0.6,0.16828937980936065,0.3,0.7,0.6888888888888889,73,42,93,53,1.4557836910511286,0.9311986572033557,0.4285714285714286,2.333333333333333,29.805033792653997,2.029982014818707,0.6593878173429659,0.4285714285714286,2.333333333333333,66.03281606140335,0.731817721829089,0.3723845339117491,0.37956265673944245,1.9289418530092717,16.680871200692803,2.663649468772007,1.4425240118772136,0.4043496219079807,5.688777402236986,56.44534630848692
21,ionosphere,inne,empirical_randomized_weighted,53,67,53,67,64,3,0.045,0.0,0.0,4.0,estimated,90,50,135,76,0.6,0.6,0.17064825498760305,0.3,0.7,0.6074074074074074,67,53,82,52,1.4736326467304237,0.9451179818600492,0.4285714285714286,2.333333333333333,37.55314933324926,2.026897463429209,0.6856624399697023,0.4285714285714286,2.333333333333333,60.12017491493033,0.80145354715478,0.6855654975629137,0.21480467300265907,2.269241591108247,15.591491702134762,2.7813136424074396,1.3884539279292492,0.21533533987053868,5.368873017218351,53.6339569914553
21,ionosphere,inne,empirical_weighted,53,67,53,67,64,3,0.045,0.0,0.0,4.0,estimated,90,50,135,76,0.6,0.6,0.17064825498760305,0.3,0.7,0.6074074074074074,67,53,82,52,1.4736326467304237,0.9451179818600492,0.4285714285714286,2.333333333333333,37.55314933324926,2.026897463429209,0.6856624399697023,0.4285714285714286,2.333333333333333,60.12017491493033,0.80145354715478,0.6855654975629137,0.21480467300265907,2.269241591108247,15.591491702134762,2.7813136424074396,1.3884539279292492,0.21533533987053868,5.368873017218351,53.6339569914553
22,ionosphere,inne,empirical_randomized_weighted,52,61,52,61,58,3,0.049,0.0,0.0,4.0,estimated,90,50,135,76,0.6,0.6,0.169550362061678,0.3,0.7,0.6148148148148148,61,52,83,39,1.5130291147901114,0.9175988072469582,0.4285714285714286,2.333333333333333,38.01726844630758,2.076811876531962,0.6365204573913579,0.4285714285714286,2.333333333333333,55.76196402480081,0.6744157528449486,0.4920136777993071,0.2772487884862272,2.357552100787248,16.968737413584382,3.8257164347668033,3.6025422606834594,0.27786875261987126,12.671351428088919,32.331027711526104
22,ionosphere,inne,empirical_weighted,52,61,52,61,58,3,0.049,0.0,0.0,4.0,estimated,90,50,135,76,0.6,0.6,0.169550362061678,0.3,0.7,0.6148148148148148,61,52,83,39,1.5130291147901114,0.9175988072469582,0.4285714285714286,2.333333333333333,38.01726844630758,2.076811876531962,0.6365204573913579,0.4285714285714286,2.333333333333333,55.76196402480081,0.6744157528449486,0.4920136777993071,0.2772487884862272,2.357552100787248,16.968737413584382,3.8257164347668033,3.6025422606834594,0.27786875261987126,12.671351428088919,32.331027711526104
23,ionosphere,inne,empirical_randomized_weighted,54,60,54,60,57,3,0.05,0.0,0.0,4.0,estimated,90,50,135,76,0.6,0.5999999999999999,0.168443558723239,0.3,0.7,0.6,60,54,81,40,1.4676572549431877,0.9352283755883927,0.4285714285714286,2.333333333333333,38.40529498556839,2.099083291257627,0.6040045474968878,0.4285714285714286,2.333333333333333,55.41198546473514,0.7385008212743698,0.2965153236066235,0.4353751899669697,1.393260674263273,23.25160570073189,2.4139818999102025,1.5544712947195531,0.4832581565902599,5.342267717799948,42.412867652278926
23,ionosphere,inne,empirical_weighted,54,60,54,60,57,3,0.05,0.0,0.0,4.0,estimated,90,50,135,76,0.6,0.5999999999999999,0.168443558723239,0.3,0.7,0.6,60,54,81,40,1.4676572549431877,0.9352283755883927,0.4285714285714286,2.333333333333333,38.40529498556839,2.099083291257627,0.6040045474968878,0.4285714285714286,2.333333333333333,55.41198546473514,0.7385008212743698,0.2965153236066235,0.4353751899669697,1.393260674263273,23.25160570073189,2.4139818999102025,1.5544712947195531,0.4832581565902599,5.342267717799948,42.412867652278926
24,ionosphere,inne,empirical_randomized_weighted,51,68,51,68,65,3,0.044,0.0,0.0,4.0,estimated,90,50,135,76,0.6,0.6,0.16801030603507888,0.3,0.7,0.6222222222222222,68,51,84,51,1.5208926955988065,0.9336547957167544,0.4285714285714286,2.333333333333333,37.04090867658562,2.039284664590142,0.6731820189690564,0.4285714285714286,2.333333333333333,61.318127396101204,0.677090555824527,0.38760154173415906,0.26779307184543133,1.56577299415208,19.582725513569137,2.424000722838043,1.0357928167140014,0.2864811380996565,4.00772723212134,57.500841335656304
24,ionosphere,inne,empirical_weighted,51,68,51,68,65,3,0.044,0.0,0.0,4.0,estimated,90,50,135,76,0.6,0.6,0.16801030603507888,0.3,0.7,0.6222222222222222,68,51,84,51,1.5208926955988065,0.9336547957167544,0.4285714285714286,2.333333333333333,37.04090867658562,2.039284664590142,0.6731820189690564,0.4285714285714286,2.333333333333333,61.318127396101204,0.677090555824527,0.38760154173415906,0.26779307184543133,1.56577299415208,19.582725513569137,2.424000722838043,1.0357928167140014,0.2864811380996565,4.00772723212134,57.500841335656304
25,ionosphere,inne,empirical_randomized_weighted,49,70,49,70,66,4,0.057,1.0,0.0,4.0,estimated,90,50,135,76,0.6,0.5999999999999999,0.1697462023803028,0.3,0.7,0.6370370370370371,70,49,86,53,1.5190810520144342,0.9375281808166203,0.4285714285714286,2.333333333333333,35.484199320336906,1.9993850530509425,0.70236419991237,0.4285714285714286,2.333333333333333,62.31057900912932,0.8629214146661138,0.2899938800261461,0.5973006234262264,1.608932745479311,22.463092053907637,1.818340307356266,0.6302981605984405,0.6357527307786144,2.761609931620851,62.49135318848139
25,ionosphere,inne,empirical_weighted,49,70,49,70,66,4,0.057,0.0,0.0,4.0,estimated,90,50,135,76,0.6,0.5999999999999999,0.1697462023803028,0.3,0.7,0.6370370370370371,70,49,86,53,1.5190810520144342,0.9375281808166203,0.4285714285714286,2.333333333333333,35.484199320336906,1.9993850530509425,0.70236419991237,0.4285714285714286,2.333333333333333,62.31057900912932,0.8629214146661138,0.2899938800261461,0.5973006234262264,1.608932745479311,22.463092053907637,1.818340307356266,0.6302981605984405,0.6357527307786144,2.761609931620851,62.49135318848139
