dataset,model,fold,prauc,rocauc,brier
breast,iforest,mean,0.5759379509379509,0.520952380952381,0.35251868226648647
breast,loda,mean,0.6254119769119768,0.5923809523809525,0.3279619822093705
breast,inne,mean,0.644585137085137,0.5638095238095238,0.32947005493203607
breast,hbos,mean,0.4466291486291486,0.3828571428571429,0.40528565455294474
breast,mcd,mean,0.5948225108225108,0.4909523809523809,0.34641097033621276
breast,copod,mean,0.6497402597402597,0.5900000000000001,0.30251498084021866
breast,ecod,mean,0.5943542568542568,0.5066666666666666,0.37075927704730594
