dataset,model,fold,prauc,rocauc,brier
cardio,iforest,mean,0.7264705873268372,0.9513205897051474,0.08965068236107712
cardio,loda,mean,0.6587757067264969,0.9322307596201901,0.07305209788024555
cardio,inne,mean,0.7682790323043617,0.9682496251874063,0.25059329662268953
cardio,hbos,mean,0.503814321276558,0.8205578460769616,0.13393517661863652
cardio,mcd,mean,0.48381052068556524,0.8915904547726138,0.08735503432717832
cardio,copod,mean,0.6432954350748921,0.9352586206896552,0.0893238458335277
cardio,ecod,mean,0.7518218946426198,0.9591666666666667,0.08532201405683516
