dataset,model,fold,prauc,rocauc,brier
hepatitis,iforest,mean,0.805,0.781,0.18821270099491835
hepatitis,loda,mean,0.7778888888888889,0.7230000000000001,0.220354587081761
hepatitis,inne,mean,0.8064920634920634,0.7859999999999999,0.20165948207669643
hepatitis,hbos,mean,0.8659285714285714,0.8320000000000001,0.17508863965142288
hepatitis,mcd,mean,0.8324603174603175,0.7899999999999999,0.23906663326131175
hepatitis,copod,mean,0.876095238095238,0.852,0.18552729097731607
hepatitis,ecod,mean,0.8071666666666667,0.768,0.21757405348681957
