dataset,model,fold,prauc,rocauc,brier
hepatitis,iforest,mean,0.667975468975469,0.788888888888889,0.2116067965605065
hepatitis,loda,mean,0.5457153957153957,0.6133333333333333,0.25969752210677166
hepatitis,inne,mean,0.5507020757020757,0.616,0.2624857182637648
hepatitis,hbos,mean,0.7372857142857143,0.8235555555555557,0.1703359445570994
hepatitis,mcd,mean,0.7361818181818182,0.8444444444444444,0.20334918125387863
hepatitis,copod,mean,0.754936507936508,0.8382222222222222,0.17857547218142183
hepatitis,ecod,mean,0.6384285714285715,0.764888888888889,0.2071731836707687
