dataset,model,fold,prauc,rocauc,brier
ionosphere,iforest,mean,0.8730352816043606,0.9102604166666668,0.13119535994263912
ionosphere,loda,mean,0.7530808188853518,0.8301041666666666,0.15450215367846218
ionosphere,inne,mean,0.952434424128503,0.9638020833333334,0.21936745062325164
ionosphere,hbos,mean,0.46018613943246295,0.6519270833333334,0.29051772744701043
ionosphere,mcd,mean,0.9198722008126033,0.9307812500000001,0.14404624712639905
ionosphere,copod,mean,0.731722567561867,0.8077604166666668,0.16309320222113302
ionosphere,ecod,mean,0.7413294131371725,0.7794270833333334,0.16162846651096754
