dataset,model,fold,prauc,rocauc,brier
mammography,iforest,mean,0.27868578383914966,0.8796421197914885,0.09364662069922913
mammography,loda,mean,0.36819281409440346,0.878581178447722,0.045289289270286484
mammography,inne,mean,0.2697989771482906,0.8170793125278035,0.3005862782566897
mammography,hbos,mean,0.15254446182433096,0.8363121561403309,0.10002041449542591
mammography,mcd,mean,0.04316608053570779,0.701235984213348,0.03166523716290219
mammography,copod,mean,0.48270436072332634,0.9104174413608763,0.0656245235885231
mammography,ecod,mean,0.4896287585451642,0.9121547430296533,0.05704422539346728
