dataset,model,fold,prauc,rocauc,brier
musk,iforest,mean,0.5299362680090234,0.9715726805400718,0.21568344197936362
musk,loda,mean,0.9751984126984127,0.999115880094141,0.08305895015331374
musk,inne,mean,1.0,1.0,0.14391332317781497
musk,hbos,mean,1.0,1.0,0.06457684184625873
musk,copod,mean,0.4898534245478842,0.9643386906973864,0.18527646188291297
musk,ecod,mean,1.0,1.0,0.08474874711726951
