dataset,model,fold,prauc,rocauc,brier
shuttle,iforest,mean,0.9770465455282912,0.9959023785007579,0.060015928642921955
shuttle,loda,mean,0.6930455708499634,0.8740793942145959,0.11329520408246481
shuttle,inne,mean,0.9667977374995056,0.9977611138469802,0.21310910208694947
shuttle,hbos,mean,0.970091292096426,0.9854468882507561,0.06172919128636577
shuttle,mcd,mean,0.8400693492589243,0.9894445474836754,0.07052405146628588
shuttle,copod,mean,0.9743301838401266,0.9959474030916032,0.03710442154519624
shuttle,ecod,mean,0.9737330037184544,0.9963637526461542,0.04010069707683166
