dataset,model,fold,prauc,rocauc,brier
wbc,iforest,mean,0.9503333333333334,0.9892873563218391,0.05640657366895535
wbc,loda,mean,0.8395714285714284,0.9746206896551725,0.07090229745964452
wbc,inne,mean,0.7462453102453102,0.9342528735632184,0.2790540556511411
wbc,hbos,mean,0.9139999999999999,0.9879540229885058,0.05888184742864624
wbc,mcd,mean,0.9476666666666667,0.9893333333333334,0.04049408002836529
wbc,copod,mean,0.9553333333333333,0.992,0.037375556755495
wbc,ecod,mean,0.9553333333333333,0.992,0.03769764092848972
