dataset,model,fold,prauc,rocauc,brier
wbc,iforest,mean,0.9701666666666666,0.9879047619047621,0.05764812151840435
wbc,loda,mean,0.897904761904762,0.9701904761904763,0.06247766775528292
wbc,inne,mean,0.8166904761904762,0.926857142857143,0.26701047595141547
wbc,hbos,mean,0.9709999999999999,0.9905714285714285,0.049833725412260874
wbc,mcd,mean,0.9583809523809524,0.9813333333333333,0.06939165825125018
wbc,copod,mean,0.9810000000000001,0.9933333333333334,0.042892286376604194
wbc,ecod,mean,0.986,0.9946666666666667,0.04408400554474182
