export_version,figure,panel,panel_title,plot_order,group,method,score_regime,sweep,x,y,x_left,x_right,y_bottom,y_top,x_value,x_label,alpha,m,target_pi1,n_anomaly_fixed,value,power,discovery_probability,fdr,median_log10_rank_delta,rank_delta_above_one_rate,mean_auroc,count,style_key,label
tikz-v1,figure2,power_atlas_r2_c4,$N_{eff}$ by FDR level,8,heatmap_cell,weighted_wcs_homogeneous,finite_k1,alpha_sweep,-2.0,1.4,-2.1989700043360187,-1.8010299956639813,1.3,1.5,0.01,nominal FDR $\alpha$,0.01,1000,0.05,,0.0,0.0,0.0,0.0,1.9208187539523751,0.98,0.7568482105263158,100,finite_k1_alpha_sweep,statistical power
tikz-v1,figure2,power_atlas_r2_c4,$N_{eff}$ by FDR level,8,heatmap_cell,weighted_wcs_homogeneous,finite_k1,alpha_sweep,-2.0,1.6,-2.1989700043360187,-1.8010299956639813,1.5,1.7,0.01,nominal FDR $\alpha$,0.01,1000,0.05,,0.0,0.0,0.0,0.0,1.7153669383950672,1.0,0.7524623157894736,100,finite_k1_alpha_sweep,statistical power
tikz-v1,figure2,power_atlas_r2_c4,$N_{eff}$ by FDR level,8,heatmap_cell,weighted_wcs_homogeneous,finite_k1,alpha_sweep,-2.0,1.7999999999999998,-2.1989700043360187,-1.8010299956639813,1.7,1.9,0.01,nominal FDR $\alpha$,0.01,1000,0.05,,0.0,0.0,0.0,0.0,1.5333866137610568,0.98,0.7620345263157893,100,finite_k1_alpha_sweep,statistical power
tikz-v1,figure2,power_atlas_r2_c4,$N_{eff}$ by FDR level,8,heatmap_cell,weighted_wcs_homogeneous,finite_k1,alpha_sweep,-2.0,2.0,-2.1989700043360187,-1.8010299956639813,1.9,2.1,0.01,nominal FDR $\alpha$,0.01,1000,0.05,,0.0,0.0,0.0,0.0,1.3419886033428876,0.99,0.7640762105263158,100,finite_k1_alpha_sweep,statistical power
tikz-v1,figure2,power_atlas_r2_c4,$N_{eff}$ by FDR level,8,heatmap_cell,weighted_wcs_homogeneous,finite_k1,alpha_sweep,-2.0,2.2,-2.1989700043360187,-1.8010299956639813,2.1,2.3,0.01,nominal FDR $\alpha$,0.01,1000,0.05,,0.0,0.0,0.0,0.0,1.1173438054736222,0.96,0.7612696842105262,100,finite_k1_alpha_sweep,statistical power
tikz-v1,figure2,power_atlas_r2_c4,$N_{eff}$ by FDR level,8,heatmap_cell,weighted_wcs_homogeneous,finite_k1,alpha_sweep,-2.0,2.4,-2.1989700043360187,-1.8010299956639813,2.3,2.5,0.01,nominal FDR $\alpha$,0.01,1000,0.05,,0.0,0.0,0.0,0.0,0.9367601834010784,0.94,0.7557941052631579,100,finite_k1_alpha_sweep,statistical power
tikz-v1,figure2,power_atlas_r2_c4,$N_{eff}$ by FDR level,8,heatmap_cell,weighted_wcs_homogeneous,finite_k1,alpha_sweep,-2.0,2.6,-2.1989700043360187,-1.8010299956639813,2.5,2.7,0.01,nominal FDR $\alpha$,0.01,1000,0.05,,0.0,0.0,0.0,0.0,0.7304690280783216,0.96,0.7574362105263157,100,finite_k1_alpha_sweep,statistical power
tikz-v1,figure2,power_atlas_r2_c4,$N_{eff}$ by FDR level,8,heatmap_cell,weighted_wcs_homogeneous,finite_k1,alpha_sweep,-2.0,2.8,-2.1989700043360187,-1.8010299956639813,2.7,2.9,0.01,nominal FDR $\alpha$,0.01,1000,0.05,,0.0,0.0,0.0,0.0,0.5163404535740291,0.9,0.7627349473684211,100,finite_k1_alpha_sweep,statistical power
tikz-v1,figure2,power_atlas_r2_c4,$N_{eff}$ by FDR level,8,heatmap_cell,weighted_wcs_homogeneous,finite_k1,alpha_sweep,-2.0,3.0,-2.1989700043360187,-1.8010299956639813,2.9,3.1,0.01,nominal FDR $\alpha$,0.01,1000,0.05,,0.0,0.0,0.0,0.0,0.3005959181846626,0.84,0.756508842105263,100,finite_k1_alpha_sweep,statistical power
tikz-v1,figure2,power_atlas_r2_c4,$N_{eff}$ by FDR level,8,heatmap_cell,weighted_wcs_homogeneous,finite_k1,alpha_sweep,-2.0,3.2,-2.1989700043360187,-1.8010299956639813,3.1,3.3,0.01,nominal FDR $\alpha$,0.01,1000,0.05,,0.0,0.0,0.0,0.0,0.1116425346971617,0.79,0.7578850526315789,100,finite_k1_alpha_sweep,statistical power
tikz-v1,figure2,power_atlas_r2_c4,$N_{eff}$ by FDR level,8,heatmap_cell,weighted_wcs_homogeneous,finite_k1,alpha_sweep,-2.0,3.4,-2.1989700043360187,-1.8010299956639813,3.3,3.5,0.01,nominal FDR $\alpha$,0.01,1000,0.05,,0.0,0.0,0.0,0.0,-0.0534626049254553,0.37,0.761605052631579,100,finite_k1_alpha_sweep,statistical power
tikz-v1,figure2,power_atlas_r2_c4,$N_{eff}$ by FDR level,8,heatmap_cell,weighted_wcs_homogeneous,finite_k1,alpha_sweep,-2.0,3.6,-2.1989700043360187,-1.8010299956639813,3.5,3.7,0.01,nominal FDR $\alpha$,0.01,1000,0.05,,0.0,0.0,0.0,0.0,-0.2533380053261064,0.01,0.7600160000000001,100,finite_k1_alpha_sweep,statistical power
tikz-v1,figure2,power_atlas_r2_c4,$N_{eff}$ by FDR level,8,heatmap_cell,weighted_wcs_homogeneous,finite_k1,alpha_sweep,-2.0,3.8,-2.1989700043360187,-1.8010299956639813,3.7,3.9,0.01,nominal FDR $\alpha$,0.01,1000,0.05,,0.0,0.0,0.0,0.0,-0.4533183400470376,0.0,0.7587195789473684,100,finite_k1_alpha_sweep,statistical power
tikz-v1,figure2,power_atlas_r2_c4,$N_{eff}$ by FDR level,8,heatmap_cell,weighted_wcs_homogeneous,finite_k1,alpha_sweep,-2.0,4.0,-2.1989700043360187,-1.8010299956639813,3.9,4.1,0.01,nominal FDR $\alpha$,0.01,1000,0.05,,0.0,0.0,0.0,0.0,-0.5441300819879646,0.0,0.7526673684210526,100,finite_k1_alpha_sweep,statistical power
tikz-v1,figure2,power_atlas_r2_c4,$N_{eff}$ by FDR level,8,heatmap_cell,weighted_wcs_homogeneous,finite_k1,alpha_sweep,-1.6020599913279625,1.4,-1.8010299956639813,-1.451544993495972,1.3,1.5,0.025,nominal FDR $\alpha$,0.025,1000,0.05,,0.0,0.0,0.0,0.01,1.5228787452803374,0.98,0.755824842105263,100,finite_k1_alpha_sweep,statistical power
tikz-v1,figure2,power_atlas_r2_c4,$N_{eff}$ by FDR level,8,heatmap_cell,weighted_wcs_homogeneous,finite_k1,alpha_sweep,-1.6020599913279625,1.6,-1.8010299956639813,-1.451544993495972,1.5,1.7,0.025,nominal FDR $\alpha$,0.025,1000,0.05,,0.0,0.0,0.0,0.0,1.3348882629249486,0.99,0.757607157894737,100,finite_k1_alpha_sweep,statistical power
tikz-v1,figure2,power_atlas_r2_c4,$N_{eff}$ by FDR level,8,heatmap_cell,weighted_wcs_homogeneous,finite_k1,alpha_sweep,-1.6020599913279625,1.7999999999999998,-1.8010299956639813,-1.451544993495972,1.7,1.9,0.025,nominal FDR $\alpha$,0.025,1000,0.05,,0.0,0.0,0.0,0.0,1.134060735938712,0.98,0.7590581052631579,100,finite_k1_alpha_sweep,statistical power
tikz-v1,figure2,power_atlas_r2_c4,$N_{eff}$ by FDR level,8,heatmap_cell,weighted_wcs_homogeneous,finite_k1,alpha_sweep,-1.6020599913279625,2.0,-1.8010299956639813,-1.451544993495972,1.9,2.1,0.025,nominal FDR $\alpha$,0.025,1000,0.05,,0.0,0.0,0.0,0.0,0.9014903193861986,0.92,0.7611357894736842,100,finite_k1_alpha_sweep,statistical power
tikz-v1,figure2,power_atlas_r2_c4,$N_{eff}$ by FDR level,8,heatmap_cell,weighted_wcs_homogeneous,finite_k1,alpha_sweep,-1.6020599913279625,2.2,-1.8010299956639813,-1.451544993495972,2.1,2.3,0.025,nominal FDR $\alpha$,0.025,1000,0.05,,0.0,0.0,0.0,0.0,0.7016928626714921,0.94,0.7568444210526316,100,finite_k1_alpha_sweep,statistical power
tikz-v1,figure2,power_atlas_r2_c4,$N_{eff}$ by FDR level,8,heatmap_cell,weighted_wcs_homogeneous,finite_k1,alpha_sweep,-1.6020599913279625,2.4,-1.8010299956639813,-1.451544993495972,2.3,2.5,0.025,nominal FDR $\alpha$,0.025,1000,0.05,,0.0,0.0,0.0,0.0,0.5016894462103995,0.9,0.7583347368421053,100,finite_k1_alpha_sweep,statistical power
tikz-v1,figure2,power_atlas_r2_c4,$N_{eff}$ by FDR level,8,heatmap_cell,weighted_wcs_homogeneous,finite_k1,alpha_sweep,-1.6020599913279625,2.6,-1.8010299956639813,-1.451544993495972,2.5,2.7,0.025,nominal FDR $\alpha$,0.025,1000,0.05,,0.0,0.0,0.0,0.0,0.3021170913051953,0.81,0.7592027368421053,100,finite_k1_alpha_sweep,statistical power
tikz-v1,figure2,power_atlas_r2_c4,$N_{eff}$ by FDR level,8,heatmap_cell,weighted_wcs_homogeneous,finite_k1,alpha_sweep,-1.6020599913279625,2.8,-1.8010299956639813,-1.451544993495972,2.7,2.9,0.025,nominal FDR $\alpha$,0.025,1000,0.05,,0.0,0.0,0.0,0.0,0.1270537072430182,0.79,0.7564501052631578,100,finite_k1_alpha_sweep,statistical power
tikz-v1,figure2,power_atlas_r2_c4,$N_{eff}$ by FDR level,8,heatmap_cell,weighted_wcs_homogeneous,finite_k1,alpha_sweep,-1.6020599913279625,3.0,-1.8010299956639813,-1.451544993495972,2.9,3.1,0.025,nominal FDR $\alpha$,0.025,1000,0.05,,0.0,0.0,0.0,0.0,-0.0834886893472372,0.3,0.7604404210526315,100,finite_k1_alpha_sweep,statistical power
tikz-v1,figure2,power_atlas_r2_c4,$N_{eff}$ by FDR level,8,heatmap_cell,weighted_wcs_homogeneous,finite_k1,alpha_sweep,-1.6020599913279625,3.2,-1.8010299956639813,-1.451544993495972,3.1,3.3,0.025,nominal FDR $\alpha$,0.025,1000,0.05,,0.0,0.0,0.0,0.0,-0.2972131959896414,0.0,0.7603696842105263,100,finite_k1_alpha_sweep,statistical power
tikz-v1,figure2,power_atlas_r2_c4,$N_{eff}$ by FDR level,8,heatmap_cell,weighted_wcs_homogeneous,finite_k1,alpha_sweep,-1.6020599913279625,3.4,-1.8010299956639813,-1.451544993495972,3.3,3.5,0.025,nominal FDR $\alpha$,0.025,1000,0.05,,0.0002,0.0002,0.01,0.0,-0.4514026135974929,0.0,0.7613101052631579,100,finite_k1_alpha_sweep,statistical power
tikz-v1,figure2,power_atlas_r2_c4,$N_{eff}$ by FDR level,8,heatmap_cell,weighted_wcs_homogeneous,finite_k1,alpha_sweep,-1.6020599913279625,3.6,-1.8010299956639813,-1.451544993495972,3.5,3.7,0.025,nominal FDR $\alpha$,0.025,1000,0.05,,0.0,0.0,0.0,0.0,-0.651278013998144,0.0,0.7614880000000003,100,finite_k1_alpha_sweep,statistical power
tikz-v1,figure2,power_atlas_r2_c4,$N_{eff}$ by FDR level,8,heatmap_cell,weighted_wcs_homogeneous,finite_k1,alpha_sweep,-1.6020599913279625,3.8,-1.8010299956639813,-1.451544993495972,3.7,3.9,0.025,nominal FDR $\alpha$,0.025,1000,0.05,,0.0,0.0,0.0,0.0,-0.8512583487190752,0.0,0.7572444210526315,100,finite_k1_alpha_sweep,statistical power
tikz-v1,figure2,power_atlas_r2_c4,$N_{eff}$ by FDR level,8,heatmap_cell,weighted_wcs_homogeneous,finite_k1,alpha_sweep,-1.6020599913279625,4.0,-1.8010299956639813,-1.451544993495972,3.9,4.1,0.025,nominal FDR $\alpha$,0.025,1000,0.05,,0.0,0.0,0.0,0.01,-0.9437875343435338,0.0,0.7632473684210527,100,finite_k1_alpha_sweep,statistical power
tikz-v1,figure2,power_atlas_r2_c4,$N_{eff}$ by FDR level,8,heatmap_cell,weighted_wcs_homogeneous,finite_k1,alpha_sweep,-1.3010299956639813,1.4,-1.451544993495972,-1.1505149978319906,1.3,1.5,0.05,nominal FDR $\alpha$,0.05,1000,0.05,,0.0,0.0,0.0,0.0,1.2218487496163564,0.95,0.7554633684210524,100,finite_k1_alpha_sweep,statistical power
tikz-v1,figure2,power_atlas_r2_c4,$N_{eff}$ by FDR level,8,heatmap_cell,weighted_wcs_homogeneous,finite_k1,alpha_sweep,-1.3010299956639813,1.6,-1.451544993495972,-1.1505149978319906,1.5,1.7,0.05,nominal FDR $\alpha$,0.05,1000,0.05,,0.0002,0.0002,0.01,0.0,1.0338582672609673,0.96,0.7529652631578949,100,finite_k1_alpha_sweep,statistical power
tikz-v1,figure2,power_atlas_r2_c4,$N_{eff}$ by FDR level,8,heatmap_cell,weighted_wcs_homogeneous,finite_k1,alpha_sweep,-1.3010299956639813,1.7999999999999998,-1.451544993495972,-1.1505149978319906,1.7,1.9,0.05,nominal FDR $\alpha$,0.05,1000,0.05,,0.0002,0.0002,0.01,0.0,0.8101030815692856,0.96,0.7617345263157896,100,finite_k1_alpha_sweep,statistical power
tikz-v1,figure2,power_atlas_r2_c4,$N_{eff}$ by FDR level,8,heatmap_cell,weighted_wcs_homogeneous,finite_k1,alpha_sweep,-1.3010299956639813,2.0,-1.451544993495972,-1.1505149978319906,1.9,2.1,0.05,nominal FDR $\alpha$,0.05,1000,0.05,,0.0002,0.0002,0.01,0.0,0.6430185990068689,0.94,0.7582185263157893,100,finite_k1_alpha_sweep,statistical power
tikz-v1,figure2,power_atlas_r2_c4,$N_{eff}$ by FDR level,8,heatmap_cell,weighted_wcs_homogeneous,finite_k1,alpha_sweep,-1.3010299956639813,2.2,-1.451544993495972,-1.1505149978319906,2.1,2.3,0.05,nominal FDR $\alpha$,0.05,1000,0.05,,0.0002,0.0002,0.01,0.0,0.4006628670075109,0.8,0.7550263157894738,100,finite_k1_alpha_sweep,statistical power
tikz-v1,figure2,power_atlas_r2_c4,$N_{eff}$ by FDR level,8,heatmap_cell,weighted_wcs_homogeneous,finite_k1,alpha_sweep,-1.3010299956639813,2.4,-1.451544993495972,-1.1505149978319906,2.3,2.5,0.05,nominal FDR $\alpha$,0.05,1000,0.05,,0.0,0.0,0.0,0.01,0.2006594505464182,0.75,0.757420210526316,100,finite_k1_alpha_sweep,statistical power
tikz-v1,figure2,power_atlas_r2_c4,$N_{eff}$ by FDR level,8,heatmap_cell,weighted_wcs_homogeneous,finite_k1,alpha_sweep,-1.3010299956639813,2.6,-1.451544993495972,-1.1505149978319906,2.5,2.7,0.05,nominal FDR $\alpha$,0.05,1000,0.05,,0.0,0.0,0.0,0.0,0.0010870956412141,0.58,0.7531010526315791,100,finite_k1_alpha_sweep,statistical power
tikz-v1,figure2,power_atlas_r2_c4,$N_{eff}$ by FDR level,8,heatmap_cell,weighted_wcs_homogeneous,finite_k1,alpha_sweep,-1.3010299956639813,2.8,-1.451544993495972,-1.1505149978319906,2.7,2.9,0.05,nominal FDR $\alpha$,0.05,1000,0.05,,0.0,0.0,0.0,0.0,-0.1742868197666689,0.06,0.7644597894736843,100,finite_k1_alpha_sweep,statistical power
tikz-v1,figure2,power_atlas_r2_c4,$N_{eff}$ by FDR level,8,heatmap_cell,weighted_wcs_homogeneous,finite_k1,alpha_sweep,-1.3010299956639813,3.0,-1.451544993495972,-1.1505149978319906,2.9,3.1,0.05,nominal FDR $\alpha$,0.05,1000,0.05,,0.0,0.0,0.0,0.0,-0.3947261902211497,0.0,0.7575515789473684,100,finite_k1_alpha_sweep,statistical power
tikz-v1,figure2,power_atlas_r2_c4,$N_{eff}$ by FDR level,8,heatmap_cell,weighted_wcs_homogeneous,finite_k1,alpha_sweep,-1.3010299956639813,3.2,-1.451544993495972,-1.1505149978319906,3.1,3.3,0.05,nominal FDR $\alpha$,0.05,1000,0.05,,0.0,0.0,0.0,0.0,-0.5982431916536226,0.0,0.7697873684210528,100,finite_k1_alpha_sweep,statistical power
tikz-v1,figure2,power_atlas_r2_c4,$N_{eff}$ by FDR level,8,heatmap_cell,weighted_wcs_homogeneous,finite_k1,alpha_sweep,-1.3010299956639813,3.4,-1.451544993495972,-1.1505149978319906,3.3,3.5,0.05,nominal FDR $\alpha$,0.05,1000,0.05,,0.0,0.0,0.0,0.0,-0.7524326092614742,0.0,0.7666924210526315,100,finite_k1_alpha_sweep,statistical power
tikz-v1,figure2,power_atlas_r2_c4,$N_{eff}$ by FDR level,8,heatmap_cell,weighted_wcs_homogeneous,finite_k1,alpha_sweep,-1.3010299956639813,3.6,-1.451544993495972,-1.1505149978319906,3.5,3.7,0.05,nominal FDR $\alpha$,0.05,1000,0.05,,0.0008,0.0008,0.03,0.0066666666666666,-0.9523080096621253,0.0,0.7589008421052629,100,finite_k1_alpha_sweep,statistical power
tikz-v1,figure2,power_atlas_r2_c4,$N_{eff}$ by FDR level,8,heatmap_cell,weighted_wcs_homogeneous,finite_k1,alpha_sweep,-1.3010299956639813,3.8,-1.451544993495972,-1.1505149978319906,3.7,3.9,0.05,nominal FDR $\alpha$,0.05,1000,0.05,,0.0006,0.0006,0.01,0.02,-1.1457529461697749,0.0,0.7642964210526314,100,finite_k1_alpha_sweep,statistical power
tikz-v1,figure2,power_atlas_r2_c4,$N_{eff}$ by FDR level,8,heatmap_cell,weighted_wcs_homogeneous,finite_k1,alpha_sweep,-1.3010299956639813,4.0,-1.451544993495972,-1.1505149978319906,3.9,4.1,0.05,nominal FDR $\alpha$,0.05,1000,0.05,,0.0012,0.0012,0.05,0.0125,-1.2493519917028242,0.0,0.7598623157894737,100,finite_k1_alpha_sweep,statistical power
tikz-v1,figure2,power_atlas_r2_c4,$N_{eff}$ by FDR level,8,heatmap_cell,weighted_wcs_homogeneous,finite_k1,alpha_sweep,-1.0,1.4,-1.1505149978319906,-0.8494850021680094,1.3,1.5,0.1,nominal FDR $\alpha$,0.1,1000,0.05,,0.0,0.0,0.0,0.01,0.9198393228480404,0.92,0.7620823157894736,100,finite_k1_alpha_sweep,statistical power
tikz-v1,figure2,power_atlas_r2_c4,$N_{eff}$ by FDR level,8,heatmap_cell,weighted_wcs_homogeneous,finite_k1,alpha_sweep,-1.0,1.6,-1.1505149978319906,-0.8494850021680094,1.5,1.7,0.1,nominal FDR $\alpha$,0.1,1000,0.05,,0.0,0.0,0.0,0.0,0.7248632346922798,0.92,0.7581877894736843,100,finite_k1_alpha_sweep,statistical power
tikz-v1,figure2,power_atlas_r2_c4,$N_{eff}$ by FDR level,8,heatmap_cell,weighted_wcs_homogeneous,finite_k1,alpha_sweep,-1.0,1.7999999999999998,-1.1505149978319906,-0.8494850021680094,1.7,1.9,0.1,nominal FDR $\alpha$,0.1,1000,0.05,,0.0004,0.0004,0.02,0.01,0.499691118441359,0.85,0.7609604210526316,100,finite_k1_alpha_sweep,statistical power
tikz-v1,figure2,power_atlas_r2_c4,$N_{eff}$ by FDR level,8,heatmap_cell,weighted_wcs_homogeneous,finite_k1,alpha_sweep,-1.0,2.0,-1.1505149978319906,-0.8494850021680094,1.9,2.1,0.1,nominal FDR $\alpha$,0.1,1000,0.05,,0.0004,0.0004,0.02,0.01,0.3109099602019385,0.81,0.7551229473684211,100,finite_k1_alpha_sweep,statistical power
tikz-v1,figure2,power_atlas_r2_c4,$N_{eff}$ by FDR level,8,heatmap_cell,weighted_wcs_homogeneous,finite_k1,alpha_sweep,-1.0,2.2,-1.1505149978319906,-0.8494850021680094,2.1,2.3,0.1,nominal FDR $\alpha$,0.1,1000,0.05,,0.0,0.0,0.0,0.02,0.1426675035687315,0.82,0.7655450526315789,100,finite_k1_alpha_sweep,statistical power
tikz-v1,figure2,power_atlas_r2_c4,$N_{eff}$ by FDR level,8,heatmap_cell,weighted_wcs_homogeneous,finite_k1,alpha_sweep,-1.0,2.4,-1.1505149978319906,-0.8494850021680094,2.3,2.5,0.1,nominal FDR $\alpha$,0.1,1000,0.05,,0.0,0.0,0.0,0.0,-0.0671135718355703,0.28,0.7576280000000001,100,finite_k1_alpha_sweep,statistical power
tikz-v1,figure2,power_atlas_r2_c4,$N_{eff}$ by FDR level,8,heatmap_cell,weighted_wcs_homogeneous,finite_k1,alpha_sweep,-1.0,2.6,-1.1505149978319906,-0.8494850021680094,2.5,2.7,0.1,nominal FDR $\alpha$,0.1,1000,0.05,,0.0006,0.0006,0.03,0.015,-0.2999429000227671,0.0,0.7619734736842106,100,finite_k1_alpha_sweep,statistical power
tikz-v1,figure2,power_atlas_r2_c4,$N_{eff}$ by FDR level,8,heatmap_cell,weighted_wcs_homogeneous,finite_k1,alpha_sweep,-1.0,2.8,-1.1505149978319906,-0.8494850021680094,2.7,2.9,0.1,nominal FDR $\alpha$,0.1,1000,0.05,,0.0004,0.0004,0.02,0.01,-0.4894620161977467,0.0,0.7563033684210526,100,finite_k1_alpha_sweep,statistical power
tikz-v1,figure2,power_atlas_r2_c4,$N_{eff}$ by FDR level,8,heatmap_cell,weighted_wcs_homogeneous,finite_k1,alpha_sweep,-1.0,3.0,-1.1505149978319906,-0.8494850021680094,2.9,3.1,0.1,nominal FDR $\alpha$,0.1,1000,0.05,,0.001,0.001,0.03,0.026,-0.6994040818153374,0.0,0.7626604210526315,100,finite_k1_alpha_sweep,statistical power
tikz-v1,figure2,power_atlas_r2_c4,$N_{eff}$ by FDR level,8,heatmap_cell,weighted_wcs_homogeneous,finite_k1,alpha_sweep,-1.0,3.2,-1.1505149978319906,-0.8494850021680094,3.1,3.3,0.1,nominal FDR $\alpha$,0.1,1000,0.05,,0.0004,0.0004,0.02,0.0341666666666666,-0.8726578032548046,0.0,0.7652046315789476,100,finite_k1_alpha_sweep,statistical power
tikz-v1,figure2,power_atlas_r2_c4,$N_{eff}$ by FDR level,8,heatmap_cell,weighted_wcs_homogeneous,finite_k1,alpha_sweep,-1.0,3.4,-1.1505149978319906,-0.8494850021680094,3.3,3.5,0.1,nominal FDR $\alpha$,0.1,1000,0.05,,0.0014,0.0014,0.05,0.04,-1.0534626049254554,0.0,0.7592964210526315,100,finite_k1_alpha_sweep,statistical power
tikz-v1,figure2,power_atlas_r2_c4,$N_{eff}$ by FDR level,8,heatmap_cell,weighted_wcs_homogeneous,finite_k1,alpha_sweep,-1.0,3.6,-1.1505149978319906,-0.8494850021680094,3.5,3.7,0.1,nominal FDR $\alpha$,0.1,1000,0.05,,0.0006,0.0006,0.03,0.04,-1.2533380053261065,0.0,0.7564391578947367,100,finite_k1_alpha_sweep,statistical power
tikz-v1,figure2,power_atlas_r2_c4,$N_{eff}$ by FDR level,8,heatmap_cell,weighted_wcs_homogeneous,finite_k1,alpha_sweep,-1.0,3.8,-1.1505149978319906,-0.8494850021680094,3.7,3.9,0.1,nominal FDR $\alpha$,0.1,1000,0.05,,0.0024,0.0024,0.08,0.0570833333333333,-1.443302907622753,0.0,0.7630162105263159,100,finite_k1_alpha_sweep,statistical power
tikz-v1,figure2,power_atlas_r2_c4,$N_{eff}$ by FDR level,8,heatmap_cell,weighted_wcs_homogeneous,finite_k1,alpha_sweep,-1.0,4.0,-1.1505149978319906,-0.8494850021680094,3.9,4.1,0.1,nominal FDR $\alpha$,0.1,1000,0.05,,0.003,0.003,0.11,0.035,-1.5517437490351291,0.0,0.7578856842105263,100,finite_k1_alpha_sweep,statistical power
tikz-v1,figure2,power_atlas_r2_c4,$N_{eff}$ by FDR level,8,heatmap_cell,weighted_wcs_homogeneous,finite_k1,alpha_sweep,-0.6989700043360187,1.4,-0.8494850021680094,-0.5484550065040281,1.3,1.5,0.2,nominal FDR $\alpha$,0.2,1000,0.05,,0.001,0.001,0.02,0.025,0.619788758288394,0.9,0.7569113684210527,100,finite_k1_alpha_sweep,statistical power
tikz-v1,figure2,power_atlas_r2_c4,$N_{eff}$ by FDR level,8,heatmap_cell,weighted_wcs_homogeneous,finite_k1,alpha_sweep,-0.6989700043360187,1.6,-0.8494850021680094,-0.5484550065040281,1.5,1.7,0.2,nominal FDR $\alpha$,0.2,1000,0.05,,0.0106,0.0106,0.02,0.0366028275521946,0.3872161432802645,0.89,0.7583924210526317,100,finite_k1_alpha_sweep,statistical power
tikz-v1,figure2,power_atlas_r2_c4,$N_{eff}$ by FDR level,8,heatmap_cell,weighted_wcs_homogeneous,finite_k1,alpha_sweep,-0.6989700043360187,1.7999999999999998,-0.8494850021680094,-0.5484550065040281,1.7,1.9,0.2,nominal FDR $\alpha$,0.2,1000,0.05,,0.001,0.001,0.03,0.0283333333333333,0.2253098021363526,0.8,0.763509894736842,100,finite_k1_alpha_sweep,statistical power
tikz-v1,figure2,power_atlas_r2_c4,$N_{eff}$ by FDR level,8,heatmap_cell,weighted_wcs_homogeneous,finite_k1,alpha_sweep,-0.6989700043360187,2.0,-0.8494850021680094,-0.5484550065040281,1.9,2.1,0.2,nominal FDR $\alpha$,0.2,1000,0.05,,0.0018,0.0018,0.01,0.0081999999999999,-0.0005805673431173,0.5,0.7563880000000001,100,finite_k1_alpha_sweep,statistical power
tikz-v1,figure2,power_atlas_r2_c4,$N_{eff}$ by FDR level,8,heatmap_cell,weighted_wcs_homogeneous,finite_k1,alpha_sweep,-0.6989700043360187,2.2,-0.8494850021680094,-0.5484550065040281,2.1,2.3,0.2,nominal FDR $\alpha$,0.2,1000,0.05,,0.0054,0.0054,0.09,0.0493234649122807,-0.185452472751543,0.11,0.7648646315789475,100,finite_k1_alpha_sweep,statistical power
tikz-v1,figure2,power_atlas_r2_c4,$N_{eff}$ by FDR level,8,heatmap_cell,weighted_wcs_homogeneous,finite_k1,alpha_sweep,-0.6989700043360187,2.4,-0.8494850021680094,-0.5484550065040281,2.3,2.5,0.2,nominal FDR $\alpha$,0.2,1000,0.05,,0.0014,0.0014,0.05,0.0243333333333333,-0.4014005407815441,0.0,0.7573557894736842,100,finite_k1_alpha_sweep,statistical power
tikz-v1,figure2,power_atlas_r2_c4,$N_{eff}$ by FDR level,8,heatmap_cell,weighted_wcs_homogeneous,finite_k1,alpha_sweep,-0.6989700043360187,2.6,-0.8494850021680094,-0.5484550065040281,2.5,2.7,0.2,nominal FDR $\alpha$,0.2,1000,0.05,,0.0024,0.0024,0.05,0.066063492063492,-0.6009728956867483,0.0,0.7557381052631578,100,finite_k1_alpha_sweep,statistical power
tikz-v1,figure2,power_atlas_r2_c4,$N_{eff}$ by FDR level,8,heatmap_cell,weighted_wcs_homogeneous,finite_k1,alpha_sweep,-0.6989700043360187,2.8,-0.8494850021680094,-0.5484550065040281,2.7,2.9,0.2,nominal FDR $\alpha$,0.2,1000,0.05,,0.004,0.004,0.1,0.0575,-0.800717078282385,0.0,0.7693513684210527,100,finite_k1_alpha_sweep,statistical power
tikz-v1,figure2,power_atlas_r2_c4,$N_{eff}$ by FDR level,8,heatmap_cell,weighted_wcs_homogeneous,finite_k1,alpha_sweep,-0.6989700043360187,3.0,-0.8494850021680094,-0.5484550065040281,2.9,3.1,0.2,nominal FDR $\alpha$,0.2,1000,0.05,,0.0062,0.0062,0.16,0.114,-1.0004340774793186,0.0,0.7547642105263158,100,finite_k1_alpha_sweep,statistical power
tikz-v1,figure2,power_atlas_r2_c4,$N_{eff}$ by FDR level,8,heatmap_cell,weighted_wcs_homogeneous,finite_k1,alpha_sweep,-0.6989700043360187,3.2,-0.8494850021680094,-0.5484550065040281,3.1,3.3,0.2,nominal FDR $\alpha$,0.2,1000,0.05,,0.0069999999999999,0.0069999999999999,0.15,0.0674706959706959,-1.200303182981585,0.0,0.7602610526315788,100,finite_k1_alpha_sweep,statistical power
tikz-v1,figure2,power_atlas_r2_c4,$N_{eff}$ by FDR level,8,heatmap_cell,weighted_wcs_homogeneous,finite_k1,alpha_sweep,-0.6989700043360187,3.4,-0.8494850021680094,-0.5484550065040281,3.3,3.5,0.2,nominal FDR $\alpha$,0.2,1000,0.05,,0.009,0.009,0.22,0.1413571428571428,-1.3544926005894364,0.0,0.7632566315789472,100,finite_k1_alpha_sweep,statistical power
tikz-v1,figure2,power_atlas_r2_c4,$N_{eff}$ by FDR level,8,heatmap_cell,weighted_wcs_homogeneous,finite_k1,alpha_sweep,-0.6989700043360187,3.6,-0.8494850021680094,-0.5484550065040281,3.5,3.7,0.2,nominal FDR $\alpha$,0.2,1000,0.05,,0.0088,0.0088,0.24,0.0862142857142857,-1.5543680009900875,0.0,0.7655667368421055,100,finite_k1_alpha_sweep,statistical power
tikz-v1,figure2,power_atlas_r2_c4,$N_{eff}$ by FDR level,8,heatmap_cell,weighted_wcs_homogeneous,finite_k1,alpha_sweep,-0.6989700043360187,3.8,-0.8494850021680094,-0.5484550065040281,3.7,3.9,0.2,nominal FDR $\alpha$,0.2,1000,0.05,,0.0046,0.0046,0.14,0.10375,-1.752070427492729,0.0,0.7656275789473684,100,finite_k1_alpha_sweep,statistical power
tikz-v1,figure2,power_atlas_r2_c4,$N_{eff}$ by FDR level,8,heatmap_cell,weighted_wcs_homogeneous,finite_k1,alpha_sweep,-0.6989700043360187,4.0,-0.8494850021680094,-0.5484550065040281,3.9,4.1,0.2,nominal FDR $\alpha$,0.2,1000,0.05,,0.0082,0.0082,0.25,0.1156904761904761,-1.8488330379809312,0.0,0.7561791578947369,100,finite_k1_alpha_sweep,statistical power
tikz-v1,figure2,power_atlas_r2_c2,$N_{eff}$ by $m$; fixed 10 anomalies,6,heatmap_cell,weighted_wcs_homogeneous,finite_k1,m_fixed_count,1.6989700043360187,1.4,1.548455006504028,1.8494850021680092,1.3,1.5,50.0,test batch size $m$,0.1,50,,10.0,0.001,0.001,0.01,0.03,0.2839966563652008,0.8,0.7565500000000001,100,finite_k1_m_fixed_count,statistical power
tikz-v1,figure2,power_atlas_r2_c2,$N_{eff}$ by $m$; fixed 10 anomalies,6,heatmap_cell,weighted_wcs_homogeneous,finite_k1,m_fixed_count,1.6989700043360187,1.6,1.548455006504028,1.8494850021680092,1.5,1.7,50.0,test batch size $m$,0.1,50,,10.0,0.003,0.003,0.02,0.01,0.0861861476162833,0.73,0.7555499999999999,100,finite_k1_m_fixed_count,statistical power
tikz-v1,figure2,power_atlas_r2_c2,$N_{eff}$ by $m$; fixed 10 anomalies,6,heatmap_cell,weighted_wcs_homogeneous,finite_k1,m_fixed_count,1.6989700043360187,1.7999999999999998,1.548455006504028,1.8494850021680092,1.7,1.9,50.0,test batch size $m$,0.1,50,,10.0,0.01,0.01,0.04,0.02,-0.0940301534832588,0.25,0.7577499999999998,100,finite_k1_m_fixed_count,statistical power
tikz-v1,figure2,power_atlas_r2_c2,$N_{eff}$ by $m$; fixed 10 anomalies,6,heatmap_cell,weighted_wcs_homogeneous,finite_k1,m_fixed_count,1.6989700043360187,2.0,1.548455006504028,1.8494850021680092,1.9,2.1,50.0,test batch size $m$,0.1,50,,10.0,0.019,0.019,0.12,0.0238636363636363,-0.3053513694466238,0.02,0.74705,100,finite_k1_m_fixed_count,statistical power
tikz-v1,figure2,power_atlas_r2_c2,$N_{eff}$ by $m$; fixed 10 anomalies,6,heatmap_cell,weighted_wcs_homogeneous,finite_k1,m_fixed_count,1.6989700043360187,2.2,1.548455006504028,1.8494850021680092,2.1,2.3,50.0,test batch size $m$,0.1,50,,10.0,0.012,0.012,0.09,0.02,-0.502825092085708,0.0,0.74665,100,finite_k1_m_fixed_count,statistical power
tikz-v1,figure2,power_atlas_r2_c2,$N_{eff}$ by $m$; fixed 10 anomalies,6,heatmap_cell,weighted_wcs_homogeneous,finite_k1,m_fixed_count,1.6989700043360187,2.4,1.548455006504028,1.8494850021680092,2.3,2.5,50.0,test batch size $m$,0.1,50,,10.0,0.026,0.026,0.16,0.0266666666666666,-0.7024305364455253,0.0,0.75535,100,finite_k1_m_fixed_count,statistical power
tikz-v1,figure2,power_atlas_r2_c2,$N_{eff}$ by $m$; fixed 10 anomalies,6,heatmap_cell,weighted_wcs_homogeneous,finite_k1,m_fixed_count,1.6989700043360187,2.6,1.548455006504028,1.8494850021680092,2.5,2.7,50.0,test batch size $m$,0.1,50,,10.0,0.0289999999999999,0.0289999999999999,0.2,0.0573333333333333,-0.9020028913507294,0.0,0.7363,100,finite_k1_m_fixed_count,statistical power
tikz-v1,figure2,power_atlas_r2_c2,$N_{eff}$ by $m$; fixed 10 anomalies,6,heatmap_cell,weighted_wcs_homogeneous,finite_k1,m_fixed_count,1.6989700043360187,2.8,1.548455006504028,1.8494850021680092,2.7,2.9,50.0,test batch size $m$,0.1,50,,10.0,0.026,0.026,0.16,0.0298571428571428,-1.1017470739463662,0.0,0.7735499999999998,100,finite_k1_m_fixed_count,statistical power
tikz-v1,figure2,power_atlas_r2_c2,$N_{eff}$ by $m$; fixed 10 anomalies,6,heatmap_cell,weighted_wcs_homogeneous,finite_k1,m_fixed_count,1.6989700043360187,3.0,1.548455006504028,1.8494850021680092,2.9,3.1,50.0,test batch size $m$,0.1,50,,10.0,0.04,0.04,0.24,0.0741666666666666,-1.3321939175444948,0.0,0.7702000000000001,100,finite_k1_m_fixed_count,statistical power
tikz-v1,figure2,power_atlas_r2_c2,$N_{eff}$ by $m$; fixed 10 anomalies,6,heatmap_cell,weighted_wcs_homogeneous,finite_k1,m_fixed_count,1.6989700043360187,3.2,1.548455006504028,1.8494850021680092,3.1,3.3,50.0,test batch size $m$,0.1,50,,10.0,0.034,0.034,0.25,0.0516666666666666,-1.501333178645566,0.0,0.7693000000000001,100,finite_k1_m_fixed_count,statistical power
tikz-v1,figure2,power_atlas_r2_c2,$N_{eff}$ by $m$; fixed 10 anomalies,6,heatmap_cell,weighted_wcs_homogeneous,finite_k1,m_fixed_count,1.6989700043360187,3.4,1.548455006504028,1.8494850021680092,3.3,3.5,50.0,test batch size $m$,0.1,50,,10.0,0.034,0.034,0.23,0.0486666666666666,-1.6645412770655603,0.0,0.7679250000000001,100,finite_k1_m_fixed_count,statistical power
tikz-v1,figure2,power_atlas_r2_c2,$N_{eff}$ by $m$; fixed 10 anomalies,6,heatmap_cell,weighted_wcs_homogeneous,finite_k1,m_fixed_count,1.6989700043360187,3.6,1.548455006504028,1.8494850021680092,3.5,3.7,50.0,test batch size $m$,0.1,50,,10.0,0.059,0.059,0.36,0.077,-1.901131251355372,0.0,0.7783499999999998,100,finite_k1_m_fixed_count,statistical power
tikz-v1,figure2,power_atlas_r2_c2,$N_{eff}$ by $m$; fixed 10 anomalies,6,heatmap_cell,weighted_wcs_homogeneous,finite_k1,m_fixed_count,1.6989700043360187,3.8,1.548455006504028,1.8494850021680092,3.7,3.9,50.0,test batch size $m$,0.1,50,,10.0,0.037,0.037,0.24,0.0978333333333333,-2.055378331375,0.0,0.74075,100,finite_k1_m_fixed_count,statistical power
tikz-v1,figure2,power_atlas_r2_c2,$N_{eff}$ by $m$; fixed 10 anomalies,6,heatmap_cell,weighted_wcs_homogeneous,finite_k1,m_fixed_count,1.6989700043360187,4.0,1.548455006504028,1.8494850021680092,3.9,4.1,50.0,test batch size $m$,0.1,50,,10.0,0.058,0.058,0.37,0.0808333333333333,-2.184798086384172,0.0,0.7639750000000002,100,finite_k1_m_fixed_count,statistical power
tikz-v1,figure2,power_atlas_r2_c2,$N_{eff}$ by $m$; fixed 10 anomalies,6,heatmap_cell,weighted_wcs_homogeneous,finite_k1,m_fixed_count,2.0,1.4,1.8494850021680092,2.15051499783199,1.3,1.5,100.0,test batch size $m$,0.1,100,,10.0,0.0,0.0,0.0,0.0,0.5984717736024241,0.87,0.757288888888889,100,finite_k1_m_fixed_count,statistical power
tikz-v1,figure2,power_atlas_r2_c2,$N_{eff}$ by $m$; fixed 10 anomalies,6,heatmap_cell,weighted_wcs_homogeneous,finite_k1,m_fixed_count,2.0,1.6,1.8494850021680092,2.15051499783199,1.5,1.7,100.0,test batch size $m$,0.1,100,,10.0,0.0,0.0,0.0,0.0,0.3885841447243456,0.89,0.7591666666666665,100,finite_k1_m_fixed_count,statistical power
tikz-v1,figure2,power_atlas_r2_c2,$N_{eff}$ by $m$; fixed 10 anomalies,6,heatmap_cell,weighted_wcs_homogeneous,finite_k1,m_fixed_count,2.0,1.7999999999999998,1.8494850021680092,2.15051499783199,1.7,1.9,100.0,test batch size $m$,0.1,100,,10.0,0.003,0.003,0.02,0.0,0.1938200260161128,0.73,0.7642111111111112,100,finite_k1_m_fixed_count,statistical power
tikz-v1,figure2,power_atlas_r2_c2,$N_{eff}$ by $m$; fixed 10 anomalies,6,heatmap_cell,weighted_wcs_homogeneous,finite_k1,m_fixed_count,2.0,2.0,1.8494850021680092,2.15051499783199,1.9,2.1,100.0,test batch size $m$,0.1,100,,10.0,0.0,0.0,0.0,0.0,-0.0043213737826425,0.45,0.7628666666666668,100,finite_k1_m_fixed_count,statistical power
tikz-v1,figure2,power_atlas_r2_c2,$N_{eff}$ by $m$; fixed 10 anomalies,6,heatmap_cell,weighted_wcs_homogeneous,finite_k1,m_fixed_count,2.0,2.2,1.8494850021680092,2.15051499783199,2.1,2.3,100.0,test batch size $m$,0.1,100,,10.0,0.003,0.003,0.03,0.0066666666666666,-0.2320433971400297,0.11,0.7728666666666666,100,finite_k1_m_fixed_count,statistical power
tikz-v1,figure2,power_atlas_r2_c2,$N_{eff}$ by $m$; fixed 10 anomalies,6,heatmap_cell,weighted_wcs_homogeneous,finite_k1,m_fixed_count,2.0,2.4,1.8494850021680092,2.15051499783199,2.3,2.5,100.0,test batch size $m$,0.1,100,,10.0,0.008,0.008,0.08,0.0225,-0.4014005407815441,0.0,0.7587333333333333,100,finite_k1_m_fixed_count,statistical power
tikz-v1,figure2,power_atlas_r2_c2,$N_{eff}$ by $m$; fixed 10 anomalies,6,heatmap_cell,weighted_wcs_homogeneous,finite_k1,m_fixed_count,2.0,2.6,1.8494850021680092,2.15051499783199,2.5,2.7,100.0,test batch size $m$,0.1,100,,10.0,0.015,0.015,0.08,0.0416666666666666,-0.6087032309889842,0.0,0.7559111111111112,100,finite_k1_m_fixed_count,statistical power
tikz-v1,figure2,power_atlas_r2_c2,$N_{eff}$ by $m$; fixed 10 anomalies,6,heatmap_cell,weighted_wcs_homogeneous,finite_k1,m_fixed_count,2.0,2.8,1.8494850021680092,2.15051499783199,2.7,2.9,100.0,test batch size $m$,0.1,100,,10.0,0.013,0.013,0.1,0.0583333333333333,-0.8233735022749318,0.0,0.7708555555555557,100,finite_k1_m_fixed_count,statistical power
tikz-v1,figure2,power_atlas_r2_c2,$N_{eff}$ by $m$; fixed 10 anomalies,6,heatmap_cell,weighted_wcs_homogeneous,finite_k1,m_fixed_count,2.0,3.0,1.8494850021680092,2.15051499783199,2.9,3.1,100.0,test batch size $m$,0.1,100,,10.0,0.013,0.013,0.11,0.0716666666666666,-1.0332310523819537,0.0,0.7589444444444444,100,finite_k1_m_fixed_count,statistical power
tikz-v1,figure2,power_atlas_r2_c2,$N_{eff}$ by $m$; fixed 10 anomalies,6,heatmap_cell,weighted_wcs_homogeneous,finite_k1,m_fixed_count,2.0,3.2,1.8494850021680092,2.15051499783199,3.1,3.3,100.0,test batch size $m$,0.1,100,,10.0,0.015,0.015,0.1,0.0493333333333333,-1.2036153068064888,0.0,0.7581555555555555,100,finite_k1_m_fixed_count,statistical power
tikz-v1,figure2,power_atlas_r2_c2,$N_{eff}$ by $m$; fixed 10 anomalies,6,heatmap_cell,weighted_wcs_homogeneous,finite_k1,m_fixed_count,2.0,3.4,1.8494850021680092,2.15051499783199,3.3,3.5,100.0,test batch size $m$,0.1,100,,10.0,0.024,0.024,0.19,0.0616666666666666,-1.398503388032597,0.0,0.7706333333333335,100,finite_k1_m_fixed_count,statistical power
tikz-v1,figure2,power_atlas_r2_c2,$N_{eff}$ by $m$; fixed 10 anomalies,6,heatmap_cell,weighted_wcs_homogeneous,finite_k1,m_fixed_count,2.0,3.6,1.8494850021680092,2.15051499783199,3.5,3.7,100.0,test batch size $m$,0.1,100,,10.0,0.026,0.026,0.18,0.1125,-1.6001012556913907,0.0,0.7704666666666666,100,finite_k1_m_fixed_count,statistical power
tikz-v1,figure2,power_atlas_r2_c2,$N_{eff}$ by $m$; fixed 10 anomalies,6,heatmap_cell,weighted_wcs_homogeneous,finite_k1,m_fixed_count,2.0,3.8,1.8494850021680092,2.15051499783199,3.7,3.9,100.0,test batch size $m$,0.1,100,,10.0,0.018,0.018,0.16,0.0841666666666666,-1.7543483357110188,0.0,0.7560444444444445,100,finite_k1_m_fixed_count,statistical power
tikz-v1,figure2,power_atlas_r2_c2,$N_{eff}$ by $m$; fixed 10 anomalies,6,heatmap_cell,weighted_wcs_homogeneous,finite_k1,m_fixed_count,2.0,4.0,1.8494850021680092,2.15051499783199,3.9,4.1,100.0,test batch size $m$,0.1,100,,10.0,0.019,0.019,0.18,0.0375,-1.943941214383171,0.0,0.7692444444444442,100,finite_k1_m_fixed_count,statistical power
tikz-v1,figure2,power_atlas_r2_c2,$N_{eff}$ by $m$; fixed 10 anomalies,6,heatmap_cell,weighted_wcs_homogeneous,finite_k1,m_fixed_count,2.3010299956639813,1.4,2.15051499783199,2.5,1.3,1.5,200.0,test batch size $m$,0.1,200,,10.0,0.0,0.0,0.0,0.01,0.9069221953924314,0.95,0.7702315789473684,100,finite_k1_m_fixed_count,statistical power
tikz-v1,figure2,power_atlas_r2_c2,$N_{eff}$ by $m$; fixed 10 anomalies,6,heatmap_cell,weighted_wcs_homogeneous,finite_k1,m_fixed_count,2.3010299956639813,1.6,2.15051499783199,2.5,1.5,1.7,200.0,test batch size $m$,0.1,200,,10.0,0.0,0.0,0.0,0.0,0.6882461389442457,0.92,0.7632421052631579,100,finite_k1_m_fixed_count,statistical power
tikz-v1,figure2,power_atlas_r2_c2,$N_{eff}$ by $m$; fixed 10 anomalies,6,heatmap_cell,weighted_wcs_homogeneous,finite_k1,m_fixed_count,2.3010299956639813,1.7999999999999998,2.15051499783199,2.5,1.7,1.9,200.0,test batch size $m$,0.1,200,,10.0,0.002,0.002,0.02,0.0,0.494850021680094,0.86,0.7610315789473685,100,finite_k1_m_fixed_count,statistical power
tikz-v1,figure2,power_atlas_r2_c2,$N_{eff}$ by $m$; fixed 10 anomalies,6,heatmap_cell,weighted_wcs_homogeneous,finite_k1,m_fixed_count,2.3010299956639813,2.0,2.15051499783199,2.5,1.9,2.1,200.0,test batch size $m$,0.1,200,,10.0,0.001,0.001,0.01,0.015,0.2903952672987658,0.78,0.7636894736842106,100,finite_k1_m_fixed_count,statistical power
tikz-v1,figure2,power_atlas_r2_c2,$N_{eff}$ by $m$; fixed 10 anomalies,6,heatmap_cell,weighted_wcs_homogeneous,finite_k1,m_fixed_count,2.3010299956639813,2.2,2.15051499783199,2.5,2.1,2.3,200.0,test batch size $m$,0.1,200,,10.0,0.001,0.001,0.01,0.0175,0.0996328713435296,0.66,0.7597999999999999,100,finite_k1_m_fixed_count,statistical power
tikz-v1,figure2,power_atlas_r2_c2,$N_{eff}$ by $m$; fixed 10 anomalies,6,heatmap_cell,weighted_wcs_homogeneous,finite_k1,m_fixed_count,2.3010299956639813,2.4,2.15051499783199,2.5,2.3,2.5,200.0,test batch size $m$,0.1,200,,10.0,0.001,0.001,0.01,0.015,-0.1003705451175629,0.23,0.7544894736842105,100,finite_k1_m_fixed_count,statistical power
tikz-v1,figure2,power_atlas_r2_c2,$N_{eff}$ by $m$; fixed 10 anomalies,6,heatmap_cell,weighted_wcs_homogeneous,finite_k1,m_fixed_count,2.3010299956639813,2.6,2.15051499783199,2.5,2.5,2.7,200.0,test batch size $m$,0.1,200,,10.0,0.002,0.002,0.02,0.035,-0.3027184288968085,0.0,0.7566947368421054,100,finite_k1_m_fixed_count,statistical power
tikz-v1,figure2,power_atlas_r2_c2,$N_{eff}$ by $m$; fixed 10 anomalies,6,heatmap_cell,weighted_wcs_homogeneous,finite_k1,m_fixed_count,2.3010299956639813,2.8,2.15051499783199,2.5,2.7,2.9,200.0,test batch size $m$,0.1,200,,10.0,0.009,0.009,0.06,0.0356666666666666,-0.4996870826184039,0.0,0.7561052631578947,100,finite_k1_m_fixed_count,statistical power
tikz-v1,figure2,power_atlas_r2_c2,$N_{eff}$ by $m$; fixed 10 anomalies,6,heatmap_cell,weighted_wcs_homogeneous,finite_k1,m_fixed_count,2.3010299956639813,3.0,2.15051499783199,2.5,2.9,3.1,200.0,test batch size $m$,0.1,200,,10.0,0.003,0.003,0.03,0.025,-0.6994040818153374,0.0,0.764684210526316,100,finite_k1_m_fixed_count,statistical power
tikz-v1,figure2,power_atlas_r2_c2,$N_{eff}$ by $m$; fixed 10 anomalies,6,heatmap_cell,weighted_wcs_homogeneous,finite_k1,m_fixed_count,2.3010299956639813,3.2,2.15051499783199,2.5,3.1,3.3,200.0,test batch size $m$,0.1,200,,10.0,0.012,0.012,0.09,0.04,-0.9021785620642148,0.0,0.7690210526315789,100,finite_k1_m_fixed_count,statistical power
tikz-v1,figure2,power_atlas_r2_c2,$N_{eff}$ by $m$; fixed 10 anomalies,6,heatmap_cell,weighted_wcs_homogeneous,finite_k1,m_fixed_count,2.3010299956639813,3.4,2.15051499783199,2.5,3.3,3.5,200.0,test batch size $m$,0.1,200,,10.0,0.016,0.016,0.1,0.0903333333333333,-1.0534626049254554,0.0,0.7757421052631578,100,finite_k1_m_fixed_count,statistical power
tikz-v1,figure2,power_atlas_r2_c2,$N_{eff}$ by $m$; fixed 10 anomalies,6,heatmap_cell,weighted_wcs_homogeneous,finite_k1,m_fixed_count,2.3010299956639813,3.6,2.15051499783199,2.5,3.5,3.7,200.0,test batch size $m$,0.1,200,,10.0,0.01,0.01,0.08,0.0865,-1.2907274000877955,0.0,0.7744526315789476,100,finite_k1_m_fixed_count,statistical power
tikz-v1,figure2,power_atlas_r2_c2,$N_{eff}$ by $m$; fixed 10 anomalies,6,heatmap_cell,weighted_wcs_homogeneous,finite_k1,m_fixed_count,2.3010299956639813,3.8,2.15051499783199,2.5,3.7,3.9,200.0,test batch size $m$,0.1,200,,10.0,0.012,0.012,0.1,0.0833333333333333,-1.4533183400470375,0.0,0.7571210526315789,100,finite_k1_m_fixed_count,statistical power
tikz-v1,figure2,power_atlas_r2_c2,$N_{eff}$ by $m$; fixed 10 anomalies,6,heatmap_cell,weighted_wcs_homogeneous,finite_k1,m_fixed_count,2.3010299956639813,4.0,2.15051499783199,2.5,3.9,4.1,200.0,test batch size $m$,0.1,200,,10.0,0.016,0.016,0.13,0.0466666666666666,-1.5884820749055946,0.0,0.7652736842105263,100,finite_k1_m_fixed_count,statistical power
tikz-v1,figure2,power_atlas_r2_c2,$N_{eff}$ by $m$; fixed 10 anomalies,6,heatmap_cell,weighted_wcs_homogeneous,finite_k1,m_fixed_count,2.6989700043360187,1.4,2.5,2.8494850021680094,1.3,1.5,500.0,test batch size $m$,0.1,500,,10.0,0.0,0.0,0.0,0.0,1.2839966563652008,0.98,0.7715673469387754,100,finite_k1_m_fixed_count,statistical power
tikz-v1,figure2,power_atlas_r2_c2,$N_{eff}$ by $m$; fixed 10 anomalies,6,heatmap_cell,weighted_wcs_homogeneous,finite_k1,m_fixed_count,2.6989700043360187,1.6,2.5,2.8494850021680094,1.5,1.7,500.0,test batch size $m$,0.1,500,,10.0,0.0,0.0,0.0,0.0,1.092929002356918,0.96,0.7661469387755102,100,finite_k1_m_fixed_count,statistical power
tikz-v1,figure2,power_atlas_r2_c2,$N_{eff}$ by $m$; fixed 10 anomalies,6,heatmap_cell,weighted_wcs_homogeneous,finite_k1,m_fixed_count,2.6989700043360187,1.7999999999999998,2.5,2.8494850021680094,1.7,1.9,500.0,test batch size $m$,0.1,500,,10.0,0.0,0.0,0.0,0.0,0.8927900303521317,0.91,0.735208163265306,100,finite_k1_m_fixed_count,statistical power
tikz-v1,figure2,power_atlas_r2_c2,$N_{eff}$ by $m$; fixed 10 anomalies,6,heatmap_cell,weighted_wcs_homogeneous,finite_k1,m_fixed_count,2.6989700043360187,2.0,2.5,2.8494850021680094,1.9,2.1,500.0,test batch size $m$,0.1,500,,10.0,0.0,0.0,0.0,0.01,0.6946486305533762,0.84,0.7580510204081632,100,finite_k1_m_fixed_count,statistical power
tikz-v1,figure2,power_atlas_r2_c2,$N_{eff}$ by $m$; fixed 10 anomalies,6,heatmap_cell,weighted_wcs_homogeneous,finite_k1,m_fixed_count,2.6989700043360187,2.2,2.5,2.8494850021680094,2.1,2.3,500.0,test batch size $m$,0.1,500,,10.0,0.003,0.003,0.03,0.02,0.4975728800155673,0.87,0.7598489795918368,100,finite_k1_m_fixed_count,statistical power
tikz-v1,figure2,power_atlas_r2_c2,$N_{eff}$ by $m$; fixed 10 anomalies,6,heatmap_cell,weighted_wcs_homogeneous,finite_k1,m_fixed_count,2.6989700043360187,2.4,2.5,2.8494850021680094,2.3,2.5,500.0,test batch size $m$,0.1,500,,10.0,0.0,0.0,0.0,0.0,0.2975694635544746,0.8,0.7616795918367347,100,finite_k1_m_fixed_count,statistical power
tikz-v1,figure2,power_atlas_r2_c2,$N_{eff}$ by $m$; fixed 10 anomalies,6,heatmap_cell,weighted_wcs_homogeneous,finite_k1,m_fixed_count,2.6989700043360187,2.6,2.5,2.8494850021680094,2.5,2.7,500.0,test batch size $m$,0.1,500,,10.0,0.001,0.001,0.01,0.0375,0.07072760230346,0.67,0.7582122448979591,100,finite_k1_m_fixed_count,statistical power
tikz-v1,figure2,power_atlas_r2_c2,$N_{eff}$ by $m$; fixed 10 anomalies,6,heatmap_cell,weighted_wcs_homogeneous,finite_k1,m_fixed_count,2.6989700043360187,2.8,2.5,2.8494850021680094,2.7,2.9,500.0,test batch size $m$,0.1,500,,10.0,0.0,0.0,0.0,0.01,-0.1017470739463662,0.27,0.7498469387755102,100,finite_k1_m_fixed_count,statistical power
tikz-v1,figure2,power_atlas_r2_c2,$N_{eff}$ by $m$; fixed 10 anomalies,6,heatmap_cell,weighted_wcs_homogeneous,finite_k1,m_fixed_count,2.6989700043360187,3.0,2.5,2.8494850021680094,2.9,3.1,500.0,test batch size $m$,0.1,500,,10.0,0.002,0.002,0.02,0.01,-0.3406800741280409,0.02,0.7598795918367345,100,finite_k1_m_fixed_count,statistical power
tikz-v1,figure2,power_atlas_r2_c2,$N_{eff}$ by $m$; fixed 10 anomalies,6,heatmap_cell,weighted_wcs_homogeneous,finite_k1,m_fixed_count,2.6989700043360187,3.2,2.5,2.8494850021680094,3.1,3.3,500.0,test batch size $m$,0.1,500,,10.0,0.0,0.0,0.0,0.03,-0.5013331786455661,0.0,0.7408163265306122,100,finite_k1_m_fixed_count,statistical power
tikz-v1,figure2,power_atlas_r2_c2,$N_{eff}$ by $m$; fixed 10 anomalies,6,heatmap_cell,weighted_wcs_homogeneous,finite_k1,m_fixed_count,2.6989700043360187,3.4,2.5,2.8494850021680094,3.3,3.5,500.0,test batch size $m$,0.1,500,,10.0,0.004,0.004,0.03,0.0285,-0.7012224842565572,0.0,0.7583857142857142,100,finite_k1_m_fixed_count,statistical power
tikz-v1,figure2,power_atlas_r2_c2,$N_{eff}$ by $m$; fixed 10 anomalies,6,heatmap_cell,weighted_wcs_homogeneous,finite_k1,m_fixed_count,2.6989700043360187,3.6,2.5,2.8494850021680094,3.5,3.7,500.0,test batch size $m$,0.1,500,,10.0,0.002,0.002,0.02,0.0425,-0.8920186498879353,0.0,0.7658632653061226,100,finite_k1_m_fixed_count,statistical power
tikz-v1,figure2,power_atlas_r2_c2,$N_{eff}$ by $m$; fixed 10 anomalies,6,heatmap_cell,weighted_wcs_homogeneous,finite_k1,m_fixed_count,2.6989700043360187,3.8,2.5,2.8494850021680094,3.7,3.9,500.0,test batch size $m$,0.1,500,,10.0,0.008,0.008,0.07,0.06,-1.0664052566793227,0.0,0.7626877551020408,100,finite_k1_m_fixed_count,statistical power
tikz-v1,figure2,power_atlas_r2_c2,$N_{eff}$ by $m$; fixed 10 anomalies,6,heatmap_cell,weighted_wcs_homogeneous,finite_k1,m_fixed_count,2.6989700043360187,4.0,2.5,2.8494850021680094,3.9,4.1,500.0,test batch size $m$,0.1,500,,10.0,0.002,0.002,0.02,0.0566666666666666,-1.223828154021842,0.0,0.7672204081632654,100,finite_k1_m_fixed_count,statistical power
tikz-v1,figure2,power_atlas_r2_c2,$N_{eff}$ by $m$; fixed 10 anomalies,6,heatmap_cell,weighted_wcs_homogeneous,finite_k1,m_fixed_count,3.0,1.4,2.8494850021680094,3.15051499783199,1.3,1.5,1000.0,test batch size $m$,0.1,1000,,10.0,0.0,0.0,0.0,0.0,1.585026652029182,0.96,0.7566141414141414,100,finite_k1_m_fixed_count,statistical power
tikz-v1,figure2,power_atlas_r2_c2,$N_{eff}$ by $m$; fixed 10 anomalies,6,heatmap_cell,weighted_wcs_homogeneous,finite_k1,m_fixed_count,3.0,1.6,2.8494850021680094,3.15051499783199,1.5,1.7,1000.0,test batch size $m$,0.1,1000,,10.0,0.0,0.0,0.0,0.0,1.3872161432802643,0.98,0.761258585858586,100,finite_k1_m_fixed_count,statistical power
tikz-v1,figure2,power_atlas_r2_c2,$N_{eff}$ by $m$; fixed 10 anomalies,6,heatmap_cell,weighted_wcs_homogeneous,finite_k1,m_fixed_count,3.0,1.7999999999999998,2.8494850021680094,3.15051499783199,1.7,1.9,1000.0,test batch size $m$,0.1,1000,,10.0,0.0,0.0,0.0,0.0,1.193820026016113,0.99,0.7600656565656565,100,finite_k1_m_fixed_count,statistical power
tikz-v1,figure2,power_atlas_r2_c2,$N_{eff}$ by $m$; fixed 10 anomalies,6,heatmap_cell,weighted_wcs_homogeneous,finite_k1,m_fixed_count,3.0,2.0,2.8494850021680094,3.15051499783199,1.9,2.1,1000.0,test batch size $m$,0.1,1000,,10.0,0.0,0.0,0.0,0.01,0.9956786262173576,0.95,0.7588676767676769,100,finite_k1_m_fixed_count,statistical power
tikz-v1,figure2,power_atlas_r2_c2,$N_{eff}$ by $m$; fixed 10 anomalies,6,heatmap_cell,weighted_wcs_homogeneous,finite_k1,m_fixed_count,3.0,2.2,2.8494850021680094,3.15051499783199,2.1,2.3,1000.0,test batch size $m$,0.1,1000,,10.0,0.0,0.0,0.0,0.01,0.7986028756795486,0.89,0.7544242424242423,100,finite_k1_m_fixed_count,statistical power
tikz-v1,figure2,power_atlas_r2_c2,$N_{eff}$ by $m$; fixed 10 anomalies,6,heatmap_cell,weighted_wcs_homogeneous,finite_k1,m_fixed_count,3.0,2.4,2.8494850021680094,3.15051499783199,2.3,2.5,1000.0,test batch size $m$,0.1,1000,,10.0,0.0,0.0,0.0,0.02,0.5925308717200819,0.88,0.7545959595959597,100,finite_k1_m_fixed_count,statistical power
tikz-v1,figure2,power_atlas_r2_c2,$N_{eff}$ by $m$; fixed 10 anomalies,6,heatmap_cell,weighted_wcs_homogeneous,finite_k1,m_fixed_count,3.0,2.6,2.8494850021680094,3.15051499783199,2.5,2.7,1000.0,test batch size $m$,0.1,1000,,10.0,0.0,0.0,0.0,0.01,0.3935427302387333,0.81,0.7544151515151514,100,finite_k1_m_fixed_count,statistical power
tikz-v1,figure2,power_atlas_r2_c2,$N_{eff}$ by $m$; fixed 10 anomalies,6,heatmap_cell,weighted_wcs_homogeneous,finite_k1,m_fixed_count,3.0,2.8,2.8494850021680094,3.15051499783199,2.7,2.9,1000.0,test batch size $m$,0.1,1000,,10.0,0.001,0.001,0.01,0.01,0.173817817580954,0.76,0.7603787878787878,100,finite_k1_m_fixed_count,statistical power
tikz-v1,figure2,power_atlas_r2_c2,$N_{eff}$ by $m$; fixed 10 anomalies,6,heatmap_cell,weighted_wcs_homogeneous,finite_k1,m_fixed_count,3.0,3.0,2.8494850021680094,3.15051499783199,2.9,3.1,1000.0,test batch size $m$,0.1,1000,,10.0,0.0,0.0,0.0,0.01,-0.0010258880788168,0.4,0.7498464646464646,100,finite_k1_m_fixed_count,statistical power
tikz-v1,figure2,power_atlas_r2_c2,$N_{eff}$ by $m$; fixed 10 anomalies,6,heatmap_cell,weighted_wcs_homogeneous,finite_k1,m_fixed_count,3.0,3.2,2.8494850021680094,3.15051499783199,3.1,3.3,1000.0,test batch size $m$,0.1,1000,,10.0,0.001,0.001,0.01,0.01,-0.2003031829815849,0.06,0.7689646464646465,100,finite_k1_m_fixed_count,statistical power
tikz-v1,figure2,power_atlas_r2_c2,$N_{eff}$ by $m$; fixed 10 anomalies,6,heatmap_cell,weighted_wcs_homogeneous,finite_k1,m_fixed_count,3.0,3.4,2.8494850021680094,3.15051499783199,3.3,3.5,1000.0,test batch size $m$,0.1,1000,,10.0,0.0,0.0,0.0,0.02,-0.3867773571077995,0.0,0.7596050505050504,100,finite_k1_m_fixed_count,statistical power
tikz-v1,figure2,power_atlas_r2_c2,$N_{eff}$ by $m$; fixed 10 anomalies,6,heatmap_cell,weighted_wcs_homogeneous,finite_k1,m_fixed_count,3.0,3.6,2.8494850021680094,3.15051499783199,3.5,3.7,1000.0,test batch size $m$,0.1,1000,,10.0,0.001,0.001,0.01,0.018,-0.5796565842843373,0.0,0.7624595959595962,100,finite_k1_m_fixed_count,statistical power
tikz-v1,figure2,power_atlas_r2_c2,$N_{eff}$ by $m$; fixed 10 anomalies,6,heatmap_cell,weighted_wcs_homogeneous,finite_k1,m_fixed_count,3.0,3.8,2.8494850021680094,3.15051499783199,3.7,3.9,1000.0,test batch size $m$,0.1,1000,,10.0,0.002,0.002,0.02,0.08,-0.7543483357110188,0.0,0.7684252525252525,100,finite_k1_m_fixed_count,statistical power
tikz-v1,figure2,power_atlas_r2_c2,$N_{eff}$ by $m$; fixed 10 anomalies,6,heatmap_cell,weighted_wcs_homogeneous,finite_k1,m_fixed_count,3.0,4.0,2.8494850021680094,3.15051499783199,3.9,4.1,1000.0,test batch size $m$,0.1,1000,,10.0,0.006,0.006,0.04,0.0233333333333333,-0.9073050911032098,0.0,0.7579343434343434,100,finite_k1_m_fixed_count,statistical power
tikz-v1,figure2,power_atlas_r2_c2,$N_{eff}$ by $m$; fixed 10 anomalies,6,heatmap_cell,weighted_wcs_homogeneous,finite_k1,m_fixed_count,3.3010299956639813,1.4,3.15051499783199,3.451544993495972,1.3,1.5,2000.0,test batch size $m$,0.1,2000,,10.0,0.0,0.0,0.0,0.0,1.8860566476931635,0.96,0.759478391959799,100,finite_k1_m_fixed_count,statistical power
tikz-v1,figure2,power_atlas_r2_c2,$N_{eff}$ by $m$; fixed 10 anomalies,6,heatmap_cell,weighted_wcs_homogeneous,finite_k1,m_fixed_count,3.3010299956639813,1.6,3.15051499783199,3.451544993495972,1.5,1.7,2000.0,test batch size $m$,0.1,2000,,10.0,0.0,0.0,0.0,0.0,1.694390155497195,0.99,0.7758839195979899,100,finite_k1_m_fixed_count,statistical power
tikz-v1,figure2,power_atlas_r2_c2,$N_{eff}$ by $m$; fixed 10 anomalies,6,heatmap_cell,weighted_wcs_homogeneous,finite_k1,m_fixed_count,3.3010299956639813,1.7999999999999998,3.15051499783199,3.451544993495972,1.7,1.9,2000.0,test batch size $m$,0.1,2000,,10.0,0.0,0.0,0.0,0.0,1.494850021680094,1.0,0.7674934673366834,100,finite_k1_m_fixed_count,statistical power
tikz-v1,figure2,power_atlas_r2_c2,$N_{eff}$ by $m$; fixed 10 anomalies,6,heatmap_cell,weighted_wcs_homogeneous,finite_k1,m_fixed_count,3.3010299956639813,2.0,3.15051499783199,3.451544993495972,1.9,2.1,2000.0,test batch size $m$,0.1,2000,,10.0,0.0,0.0,0.0,0.0,1.2967086218813386,0.98,0.7656195979899499,100,finite_k1_m_fixed_count,statistical power
tikz-v1,figure2,power_atlas_r2_c2,$N_{eff}$ by $m$; fixed 10 anomalies,6,heatmap_cell,weighted_wcs_homogeneous,finite_k1,m_fixed_count,3.3010299956639813,2.2,3.15051499783199,3.451544993495972,2.1,2.3,2000.0,test batch size $m$,0.1,2000,,10.0,0.0,0.0,0.0,0.03,1.0543155531403308,0.91,0.7610376884422111,100,finite_k1_m_fixed_count,statistical power
tikz-v1,figure2,power_atlas_r2_c2,$N_{eff}$ by $m$; fixed 10 anomalies,6,heatmap_cell,weighted_wcs_homogeneous,finite_k1,m_fixed_count,3.3010299956639813,2.4,3.15051499783199,3.451544993495972,2.3,2.5,2000.0,test batch size $m$,0.1,2000,,10.0,0.0,0.0,0.0,0.0,0.8785801925130285,0.94,0.7656603015075377,100,finite_k1_m_fixed_count,statistical power
tikz-v1,figure2,power_atlas_r2_c2,$N_{eff}$ by $m$; fixed 10 anomalies,6,heatmap_cell,weighted_wcs_homogeneous,finite_k1,m_fixed_count,3.3010299956639813,2.6,3.15051499783199,3.451544993495972,2.5,2.7,2000.0,test batch size $m$,0.1,2000,,10.0,0.0,0.0,0.0,0.01,0.6990862352400753,0.92,0.7614201005025127,100,finite_k1_m_fixed_count,statistical power
tikz-v1,figure2,power_atlas_r2_c2,$N_{eff}$ by $m$; fixed 10 anomalies,6,heatmap_cell,weighted_wcs_homogeneous,finite_k1,m_fixed_count,3.3010299956639813,2.8,3.15051499783199,3.451544993495972,2.7,2.9,2000.0,test batch size $m$,0.1,2000,,10.0,0.0,0.0,0.0,0.0,0.5003129173815962,0.88,0.7498261306532663,100,finite_k1_m_fixed_count,statistical power
tikz-v1,figure2,power_atlas_r2_c2,$N_{eff}$ by $m$; fixed 10 anomalies,6,heatmap_cell,weighted_wcs_homogeneous,finite_k1,m_fixed_count,3.3010299956639813,3.0,3.15051499783199,3.451544993495972,2.9,3.1,2000.0,test batch size $m$,0.1,2000,,10.0,0.001,0.001,0.01,0.01,0.2580134536903885,0.76,0.7558286432160802,100,finite_k1_m_fixed_count,statistical power
tikz-v1,figure2,power_atlas_r2_c2,$N_{eff}$ by $m$; fixed 10 anomalies,6,heatmap_cell,weighted_wcs_homogeneous,finite_k1,m_fixed_count,3.3010299956639813,3.2,3.15051499783199,3.451544993495972,3.1,3.3,2000.0,test batch size $m$,0.1,2000,,10.0,0.001,0.001,0.01,0.0075,0.1007268126823962,0.7,0.7498653266331659,100,finite_k1_m_fixed_count,statistical power
tikz-v1,figure2,power_atlas_r2_c2,$N_{eff}$ by $m$; fixed 10 anomalies,6,heatmap_cell,weighted_wcs_homogeneous,finite_k1,m_fixed_count,3.3010299956639813,3.4,3.15051499783199,3.451544993495972,3.3,3.5,2000.0,test batch size $m$,0.1,2000,,10.0,0.0,0.0,0.0,0.0,-0.0991624929285947,0.22,0.7629251256281404,100,finite_k1_m_fixed_count,statistical power
tikz-v1,figure2,power_atlas_r2_c2,$N_{eff}$ by $m$; fixed 10 anomalies,6,heatmap_cell,weighted_wcs_homogeneous,finite_k1,m_fixed_count,3.3010299956639813,3.6,3.15051499783199,3.451544993495972,3.5,3.7,2000.0,test batch size $m$,0.1,2000,,10.0,0.0,0.0,0.0,0.01,-0.2920059852925808,0.0,0.7597994974874372,100,finite_k1_m_fixed_count,statistical power
tikz-v1,figure2,power_atlas_r2_c2,$N_{eff}$ by $m$; fixed 10 anomalies,6,heatmap_cell,weighted_wcs_homogeneous,finite_k1,m_fixed_count,3.3010299956639813,3.8,3.15051499783199,3.451544993495972,3.7,3.9,2000.0,test batch size $m$,0.1,2000,,10.0,0.001,0.001,0.01,0.0085714285714285,-0.4533183400470376,0.0,0.7683437185929648,100,finite_k1_m_fixed_count,statistical power
tikz-v1,figure2,power_atlas_r2_c2,$N_{eff}$ by $m$; fixed 10 anomalies,6,heatmap_cell,weighted_wcs_homogeneous,finite_k1,m_fixed_count,3.3010299956639813,4.0,3.15051499783199,3.451544993495972,3.9,4.1,2000.0,test batch size $m$,0.1,2000,,10.0,0.0,0.0,0.0,0.0,-0.6029078152693448,0.0,0.7617743718592965,100,finite_k1_m_fixed_count,statistical power
tikz-v1,figure2,power_atlas_r2_c1,$N_{eff}$ by $m$; fixed $\pi_1=0.05$,5,heatmap_cell,weighted_wcs_homogeneous,finite_k1,m_fixed_pi,1.6989700043360187,1.4,1.548455006504028,1.8494850021680092,1.3,1.5,50.0,test batch size $m$,0.1,50,0.05,,0.005,0.005,0.01,0.01,0.9232202017920484,0.95,0.7579166666666665,100,finite_k1_m_fixed_pi,statistical power
tikz-v1,figure2,power_atlas_r2_c1,$N_{eff}$ by $m$; fixed $\pi_1=0.05$,5,heatmap_cell,weighted_wcs_homogeneous,finite_k1,m_fixed_pi,1.6989700043360187,1.6,1.548455006504028,1.8494850021680092,1.5,1.7,50.0,test batch size $m$,0.1,50,0.05,,0.0,0.0,0.0,0.02,0.7304598636775768,0.89,0.7334375000000002,100,finite_k1_m_fixed_pi,statistical power
tikz-v1,figure2,power_atlas_r2_c1,$N_{eff}$ by $m$; fixed $\pi_1=0.05$,5,heatmap_cell,weighted_wcs_homogeneous,finite_k1,m_fixed_pi,1.6989700043360187,1.7999999999999998,1.548455006504028,1.8494850021680092,1.7,1.9,50.0,test batch size $m$,0.1,50,0.05,,0.01,0.01,0.02,0.04,0.5344774082995501,0.83,0.76625,100,finite_k1_m_fixed_pi,statistical power
tikz-v1,figure2,power_atlas_r2_c1,$N_{eff}$ by $m$; fixed $\pi_1=0.05$,5,heatmap_cell,weighted_wcs_homogeneous,finite_k1,m_fixed_pi,1.6989700043360187,2.0,1.548455006504028,1.8494850021680092,1.9,2.1,50.0,test batch size $m$,0.1,50,0.05,,0.005,0.005,0.01,0.025,0.3690307461526807,0.83,0.7629166666666667,100,finite_k1_m_fixed_pi,statistical power
tikz-v1,figure2,power_atlas_r2_c1,$N_{eff}$ by $m$; fixed $\pi_1=0.05$,5,heatmap_cell,weighted_wcs_homogeneous,finite_k1,m_fixed_pi,1.6989700043360187,2.2,1.548455006504028,1.8494850021680092,2.1,2.3,50.0,test batch size $m$,0.1,50,0.05,,0.01,0.01,0.02,0.02,0.1354889189416081,0.69,0.7736458333333335,100,finite_k1_m_fixed_pi,statistical power
tikz-v1,figure2,power_atlas_r2_c1,$N_{eff}$ by $m$; fixed $\pi_1=0.05$,5,heatmap_cell,weighted_wcs_homogeneous,finite_k1,m_fixed_pi,1.6989700043360187,2.4,1.548455006504028,1.8494850021680092,2.3,2.5,50.0,test batch size $m$,0.1,50,0.05,,0.01,0.01,0.02,0.05,-0.0644579892269185,0.36,0.7684374999999999,100,finite_k1_m_fixed_pi,statistical power
tikz-v1,figure2,power_atlas_r2_c1,$N_{eff}$ by $m$; fixed $\pi_1=0.05$,5,heatmap_cell,weighted_wcs_homogeneous,finite_k1,m_fixed_pi,1.6989700043360187,2.6,1.548455006504028,1.8494850021680092,2.5,2.7,50.0,test batch size $m$,0.1,50,0.05,,0.02,0.02,0.03,0.091,-0.2270364254464064,0.08,0.7320833333333333,100,finite_k1_m_fixed_pi,statistical power
tikz-v1,figure2,power_atlas_r2_c1,$N_{eff}$ by $m$; fixed $\pi_1=0.05$,5,heatmap_cell,weighted_wcs_homogeneous,finite_k1,m_fixed_pi,1.6989700043360187,2.8,1.548455006504028,1.8494850021680092,2.7,2.9,50.0,test batch size $m$,0.1,50,0.05,,0.03,0.03,0.06,0.095,-0.4635944021870002,0.01,0.7427083333333333,100,finite_k1_m_fixed_pi,statistical power
tikz-v1,figure2,power_atlas_r2_c1,$N_{eff}$ by $m$; fixed $\pi_1=0.05$,5,heatmap_cell,weighted_wcs_homogeneous,finite_k1,m_fixed_pi,1.6989700043360187,3.0,1.548455006504028,1.8494850021680092,2.9,3.1,50.0,test batch size $m$,0.1,50,0.05,,0.025,0.025,0.05,0.085,-0.6608041737442514,0.0,0.7492708333333334,100,finite_k1_m_fixed_pi,statistical power
tikz-v1,figure2,power_atlas_r2_c1,$N_{eff}$ by $m$; fixed $\pi_1=0.05$,5,heatmap_cell,weighted_wcs_homogeneous,finite_k1,m_fixed_pi,1.6989700043360187,3.2,1.548455006504028,1.8494850021680092,3.1,3.3,50.0,test batch size $m$,0.1,50,0.05,,0.02,0.02,0.04,0.0916666666666666,-0.8630848253203598,0.0,0.7746875,100,finite_k1_m_fixed_pi,statistical power
tikz-v1,figure2,power_atlas_r2_c1,$N_{eff}$ by $m$; fixed $\pi_1=0.05$,5,heatmap_cell,weighted_wcs_homogeneous,finite_k1,m_fixed_pi,1.6989700043360187,3.4,1.548455006504028,1.8494850021680092,3.3,3.5,50.0,test batch size $m$,0.1,50,0.05,,0.025,0.025,0.05,0.04,-1.0022524799205383,0.0,0.7822916666666664,100,finite_k1_m_fixed_pi,statistical power
tikz-v1,figure2,power_atlas_r2_c1,$N_{eff}$ by $m$; fixed $\pi_1=0.05$,5,heatmap_cell,weighted_wcs_homogeneous,finite_k1,m_fixed_pi,1.6989700043360187,3.6,1.548455006504028,1.8494850021680092,3.5,3.7,50.0,test batch size $m$,0.1,50,0.05,,0.04,0.04,0.06,0.0516666666666666,-1.2021612470193532,0.0,0.7690625,100,finite_k1_m_fixed_pi,statistical power
tikz-v1,figure2,power_atlas_r2_c1,$N_{eff}$ by $m$; fixed $\pi_1=0.05$,5,heatmap_cell,weighted_wcs_homogeneous,finite_k1,m_fixed_pi,1.6989700043360187,3.8,1.548455006504028,1.8494850021680092,3.7,3.9,50.0,test batch size $m$,0.1,50,0.05,,0.02,0.02,0.04,0.0766666666666666,-1.402158171502738,0.0,0.7765625000000002,100,finite_k1_m_fixed_pi,statistical power
tikz-v1,figure2,power_atlas_r2_c1,$N_{eff}$ by $m$; fixed $\pi_1=0.05$,5,heatmap_cell,weighted_wcs_homogeneous,finite_k1,m_fixed_pi,1.6989700043360187,4.0,1.548455006504028,1.8494850021680092,3.9,4.1,50.0,test batch size $m$,0.1,50,0.05,,0.03,0.03,0.06,0.0866666666666666,-1.5563507530290894,0.0,0.7870833333333335,100,finite_k1_m_fixed_pi,statistical power
tikz-v1,figure2,power_atlas_r2_c1,$N_{eff}$ by $m$; fixed $\pi_1=0.05$,5,heatmap_cell,weighted_wcs_homogeneous,finite_k1,m_fixed_pi,2.0,1.4,1.8494850021680092,2.15051499783199,1.3,1.5,100.0,test batch size $m$,0.1,100,0.05,,0.0,0.0,0.0,0.0,0.8860566476931633,0.92,0.7782736842105265,100,finite_k1_m_fixed_pi,statistical power
tikz-v1,figure2,power_atlas_r2_c1,$N_{eff}$ by $m$; fixed $\pi_1=0.05$,5,heatmap_cell,weighted_wcs_homogeneous,finite_k1,m_fixed_pi,2.0,1.6,1.8494850021680092,2.15051499783199,1.5,1.7,100.0,test batch size $m$,0.1,100,0.05,,0.0,0.0,0.0,0.02,0.6906287565830828,0.96,0.7822526315789474,100,finite_k1_m_fixed_pi,statistical power
tikz-v1,figure2,power_atlas_r2_c1,$N_{eff}$ by $m$; fixed $\pi_1=0.05$,5,heatmap_cell,weighted_wcs_homogeneous,finite_k1,m_fixed_pi,2.0,1.7999999999999998,1.8494850021680092,2.15051499783199,1.7,1.9,100.0,test batch size $m$,0.1,100,0.05,,0.006,0.006,0.02,0.0275,0.4740810299254679,0.82,0.7629894736842104,100,finite_k1_m_fixed_pi,statistical power
tikz-v1,figure2,power_atlas_r2_c1,$N_{eff}$ by $m$; fixed $\pi_1=0.05$,5,heatmap_cell,weighted_wcs_homogeneous,finite_k1,m_fixed_pi,2.0,2.0,1.8494850021680092,2.15051499783199,1.9,2.1,100.0,test batch size $m$,0.1,100,0.05,,0.004,0.004,0.02,0.0316666666666666,0.2967086218813386,0.77,0.7618947368421053,100,finite_k1_m_fixed_pi,statistical power
tikz-v1,figure2,power_atlas_r2_c1,$N_{eff}$ by $m$; fixed $\pi_1=0.05$,5,heatmap_cell,weighted_wcs_homogeneous,finite_k1,m_fixed_pi,2.0,2.2,1.8494850021680092,2.15051499783199,2.1,2.3,100.0,test batch size $m$,0.1,100,0.05,,0.002,0.002,0.01,0.02,0.0501032181554474,0.63,0.7538947368421052,100,finite_k1_m_fixed_pi,statistical power
tikz-v1,figure2,power_atlas_r2_c1,$N_{eff}$ by $m$; fixed $\pi_1=0.05$,5,heatmap_cell,weighted_wcs_homogeneous,finite_k1,m_fixed_pi,2.0,2.4,1.8494850021680092,2.15051499783199,2.3,2.5,100.0,test batch size $m$,0.1,100,0.05,,0.002,0.002,0.01,0.0475,-0.1509709528583968,0.14,0.7651157894736841,100,finite_k1_m_fixed_pi,statistical power
tikz-v1,figure2,power_atlas_r2_c1,$N_{eff}$ by $m$; fixed $\pi_1=0.05$,5,heatmap_cell,weighted_wcs_homogeneous,finite_k1,m_fixed_pi,2.0,2.6,1.8494850021680092,2.15051499783199,2.5,2.7,100.0,test batch size $m$,0.1,100,0.05,,0.012,0.012,0.06,0.0646666666666666,-0.2999429000227671,0.04,0.7645894736842104,100,finite_k1_m_fixed_pi,statistical power
tikz-v1,figure2,power_atlas_r2_c1,$N_{eff}$ by $m$; fixed $\pi_1=0.05$,5,heatmap_cell,weighted_wcs_homogeneous,finite_k1,m_fixed_pi,2.0,2.8,1.8494850021680092,2.15051499783199,2.7,2.9,100.0,test batch size $m$,0.1,100,0.05,,0.02,0.02,0.06,0.0775,-0.5314255933834733,0.0,0.7598947368421052,100,finite_k1_m_fixed_pi,statistical power
tikz-v1,figure2,power_atlas_r2_c1,$N_{eff}$ by $m$; fixed $\pi_1=0.05$,5,heatmap_cell,weighted_wcs_homogeneous,finite_k1,m_fixed_pi,2.0,3.0,1.8494850021680092,2.15051499783199,2.9,3.1,100.0,test batch size $m$,0.1,100,0.05,,0.016,0.016,0.06,0.0607142857142857,-0.7365684088475615,0.0,0.7550105263157895,100,finite_k1_m_fixed_pi,statistical power
tikz-v1,figure2,power_atlas_r2_c1,$N_{eff}$ by $m$; fixed $\pi_1=0.05$,5,heatmap_cell,weighted_wcs_homogeneous,finite_k1,m_fixed_pi,2.0,3.2,1.8494850021680092,2.15051499783199,3.1,3.3,100.0,test batch size $m$,0.1,100,0.05,,0.024,0.024,0.1,0.0566666666666666,-0.8992731873176038,0.0,0.7693684210526315,100,finite_k1_m_fixed_pi,statistical power
tikz-v1,figure2,power_atlas_r2_c1,$N_{eff}$ by $m$; fixed $\pi_1=0.05$,5,heatmap_cell,weighted_wcs_homogeneous,finite_k1,m_fixed_pi,2.0,3.4,1.8494850021680092,2.15051499783199,3.3,3.5,100.0,test batch size $m$,0.1,100,0.05,,0.008,0.008,0.04,0.045,-1.0991624929285948,0.0,0.7494526315789475,100,finite_k1_m_fixed_pi,statistical power
tikz-v1,figure2,power_atlas_r2_c1,$N_{eff}$ by $m$; fixed $\pi_1=0.05$,5,heatmap_cell,weighted_wcs_homogeneous,finite_k1,m_fixed_pi,2.0,3.6,1.8494850021680092,2.15051499783199,3.5,3.7,100.0,test batch size $m$,0.1,100,0.05,,0.0139999999999999,0.0139999999999999,0.07,0.0316666666666666,-1.2957048353684322,0.0,0.7744,100,finite_k1_m_fixed_pi,statistical power
tikz-v1,figure2,power_atlas_r2_c1,$N_{eff}$ by $m$; fixed $\pi_1=0.05$,5,heatmap_cell,weighted_wcs_homogeneous,finite_k1,m_fixed_pi,2.0,3.8,1.8494850021680092,2.15051499783199,3.7,3.9,100.0,test batch size $m$,0.1,100,0.05,,0.0199999999999999,0.0199999999999999,0.09,0.126,-1.4825974206431831,0.0,0.7602736842105261,100,finite_k1_m_fixed_pi,statistical power
tikz-v1,figure2,power_atlas_r2_c1,$N_{eff}$ by $m$; fixed $\pi_1=0.05$,5,heatmap_cell,weighted_wcs_homogeneous,finite_k1,m_fixed_pi,2.0,4.0,1.8494850021680092,2.15051499783199,3.9,4.1,100.0,test batch size $m$,0.1,100,0.05,,0.018,0.018,0.08,0.1083333333333333,-1.653260766037146,0.0,0.7469894736842108,100,finite_k1_m_fixed_pi,statistical power
tikz-v1,figure2,power_atlas_r2_c1,$N_{eff}$ by $m$; fixed $\pi_1=0.05$,5,heatmap_cell,weighted_wcs_homogeneous,finite_k1,m_fixed_pi,2.3010299956639813,1.4,2.15051499783199,2.5,1.3,1.5,200.0,test batch size $m$,0.1,200,0.05,,0.001,0.001,0.01,0.015,0.8860566476931633,0.92,0.7692999999999999,100,finite_k1_m_fixed_pi,statistical power
tikz-v1,figure2,power_atlas_r2_c1,$N_{eff}$ by $m$; fixed $\pi_1=0.05$,5,heatmap_cell,weighted_wcs_homogeneous,finite_k1,m_fixed_pi,2.3010299956639813,1.6,2.15051499783199,2.5,1.5,1.7,200.0,test batch size $m$,0.1,200,0.05,,0.0,0.0,0.0,0.01,0.6882461389442457,0.9,0.7728894736842105,100,finite_k1_m_fixed_pi,statistical power
tikz-v1,figure2,power_atlas_r2_c1,$N_{eff}$ by $m$; fixed $\pi_1=0.05$,5,heatmap_cell,weighted_wcs_homogeneous,finite_k1,m_fixed_pi,2.3010299956639813,1.7999999999999998,2.15051499783199,2.5,1.7,1.9,200.0,test batch size $m$,0.1,200,0.05,,0.001,0.001,0.01,0.0,0.494850021680094,0.88,0.7643526315789475,100,finite_k1_m_fixed_pi,statistical power
tikz-v1,figure2,power_atlas_r2_c1,$N_{eff}$ by $m$; fixed $\pi_1=0.05$,5,heatmap_cell,weighted_wcs_homogeneous,finite_k1,m_fixed_pi,2.3010299956639813,2.0,2.15051499783199,2.5,1.9,2.1,200.0,test batch size $m$,0.1,200,0.05,,0.0,0.0,0.0,0.01,0.2957029707504909,0.82,0.7684736842105263,100,finite_k1_m_fixed_pi,statistical power
tikz-v1,figure2,power_atlas_r2_c1,$N_{eff}$ by $m$; fixed $\pi_1=0.05$,5,heatmap_cell,weighted_wcs_homogeneous,finite_k1,m_fixed_pi,2.3010299956639813,2.2,2.15051499783199,2.5,2.1,2.3,200.0,test batch size $m$,0.1,200,0.05,,0.0,0.0,0.0,0.01,0.096469351732232,0.71,0.7580210526315789,100,finite_k1_m_fixed_pi,statistical power
tikz-v1,figure2,power_atlas_r2_c1,$N_{eff}$ by $m$; fixed $\pi_1=0.05$,5,heatmap_cell,weighted_wcs_homogeneous,finite_k1,m_fixed_pi,2.3010299956639813,2.4,2.15051499783199,2.5,2.3,2.5,200.0,test batch size $m$,0.1,200,0.05,,0.002,0.002,0.02,0.0275,-0.1003705451175629,0.2,0.759078947368421,100,finite_k1_m_fixed_pi,statistical power
tikz-v1,figure2,power_atlas_r2_c1,$N_{eff}$ by $m$; fixed $\pi_1=0.05$,5,heatmap_cell,weighted_wcs_homogeneous,finite_k1,m_fixed_pi,2.3010299956639813,2.6,2.15051499783199,2.5,2.5,2.7,200.0,test batch size $m$,0.1,200,0.05,,0.001,0.001,0.01,0.005,-0.36078268987328,0.0,0.7590789473684211,100,finite_k1_m_fixed_pi,statistical power
tikz-v1,figure2,power_atlas_r2_c1,$N_{eff}$ by $m$; fixed $\pi_1=0.05$,5,heatmap_cell,weighted_wcs_homogeneous,finite_k1,m_fixed_pi,2.3010299956639813,2.8,2.15051499783199,2.5,2.7,2.9,200.0,test batch size $m$,0.1,200,0.05,,0.008,0.008,0.05,0.0553333333333333,-0.4996870826184039,0.0,0.7637578947368421,100,finite_k1_m_fixed_pi,statistical power
tikz-v1,figure2,power_atlas_r2_c1,$N_{eff}$ by $m$; fixed $\pi_1=0.05$,5,heatmap_cell,weighted_wcs_homogeneous,finite_k1,m_fixed_pi,2.3010299956639813,3.0,2.15051499783199,2.5,2.9,3.1,200.0,test batch size $m$,0.1,200,0.05,,0.004,0.004,0.04,0.0283333333333333,-0.6994040818153374,0.0,0.7736736842105263,100,finite_k1_m_fixed_pi,statistical power
tikz-v1,figure2,power_atlas_r2_c1,$N_{eff}$ by $m$; fixed $\pi_1=0.05$,5,heatmap_cell,weighted_wcs_homogeneous,finite_k1,m_fixed_pi,2.3010299956639813,3.2,2.15051499783199,2.5,3.1,3.3,200.0,test batch size $m$,0.1,200,0.05,,0.005,0.005,0.04,0.045,-0.8992731873176038,0.0,0.7451473684210528,100,finite_k1_m_fixed_pi,statistical power
tikz-v1,figure2,power_atlas_r2_c1,$N_{eff}$ by $m$; fixed $\pi_1=0.05$,5,heatmap_cell,weighted_wcs_homogeneous,finite_k1,m_fixed_pi,2.3010299956639813,3.4,2.15051499783199,2.5,3.3,3.5,200.0,test batch size $m$,0.1,200,0.05,,0.015,0.015,0.09,0.0666666666666666,-1.0991624929285948,0.0,0.7525842105263159,100,finite_k1_m_fixed_pi,statistical power
tikz-v1,figure2,power_atlas_r2_c1,$N_{eff}$ by $m$; fixed $\pi_1=0.05$,5,heatmap_cell,weighted_wcs_homogeneous,finite_k1,m_fixed_pi,2.3010299956639813,3.6,2.15051499783199,2.5,3.5,3.7,200.0,test batch size $m$,0.1,200,0.05,,0.01,0.01,0.09,0.063,-1.2903262935376691,0.0,0.7639052631578945,100,finite_k1_m_fixed_pi,statistical power
tikz-v1,figure2,power_atlas_r2_c1,$N_{eff}$ by $m$; fixed $\pi_1=0.05$,5,heatmap_cell,weighted_wcs_homogeneous,finite_k1,m_fixed_pi,2.3010299956639813,3.8,2.15051499783199,2.5,3.7,3.9,200.0,test batch size $m$,0.1,200,0.05,,0.019,0.019,0.15,0.1266666666666666,-1.4591223608860877,0.0,0.786,100,finite_k1_m_fixed_pi,statistical power
tikz-v1,figure2,power_atlas_r2_c1,$N_{eff}$ by $m$; fixed $\pi_1=0.05$,5,heatmap_cell,weighted_wcs_homogeneous,finite_k1,m_fixed_pi,2.3010299956639813,4.0,2.15051499783199,2.5,3.9,4.1,200.0,test batch size $m$,0.1,200,0.05,,0.02,0.02,0.17,0.0733333333333333,-1.605337035235906,0.0,0.7525526315789474,100,finite_k1_m_fixed_pi,statistical power
tikz-v1,figure2,power_atlas_r2_c1,$N_{eff}$ by $m$; fixed $\pi_1=0.05$,5,heatmap_cell,weighted_wcs_homogeneous,finite_k1,m_fixed_pi,2.6989700043360187,1.4,2.5,2.8494850021680094,1.3,1.5,500.0,test batch size $m$,0.1,500,0.05,,0.0,0.0,0.0,0.01,0.902203993238238,0.93,0.7577094736842105,100,finite_k1_m_fixed_pi,statistical power
tikz-v1,figure2,power_atlas_r2_c1,$N_{eff}$ by $m$; fixed $\pi_1=0.05$,5,heatmap_cell,weighted_wcs_homogeneous,finite_k1,m_fixed_pi,2.6989700043360187,1.6,2.5,2.8494850021680094,1.5,1.7,500.0,test batch size $m$,0.1,500,0.05,,0.0,0.0,0.0,0.0,0.6963635910447464,0.92,0.754693052631579,100,finite_k1_m_fixed_pi,statistical power
tikz-v1,figure2,power_atlas_r2_c1,$N_{eff}$ by $m$; fixed $\pi_1=0.05$,5,heatmap_cell,weighted_wcs_homogeneous,finite_k1,m_fixed_pi,2.6989700043360187,1.7999999999999998,2.5,2.8494850021680094,1.7,1.9,500.0,test batch size $m$,0.1,500,0.05,,0.0004,0.0004,0.01,0.01,0.494850021680094,0.82,0.7594711578947367,100,finite_k1_m_fixed_pi,statistical power
tikz-v1,figure2,power_atlas_r2_c1,$N_{eff}$ by $m$; fixed $\pi_1=0.05$,5,heatmap_cell,weighted_wcs_homogeneous,finite_k1,m_fixed_pi,2.6989700043360187,2.0,2.5,2.8494850021680094,1.9,2.1,500.0,test batch size $m$,0.1,500,0.05,,0.0,0.0,0.0,0.0,0.2967086218813386,0.85,0.7730669473684211,100,finite_k1_m_fixed_pi,statistical power
tikz-v1,figure2,power_atlas_r2_c1,$N_{eff}$ by $m$; fixed $\pi_1=0.05$,5,heatmap_cell,weighted_wcs_homogeneous,finite_k1,m_fixed_pi,2.6989700043360187,2.2,2.5,2.8494850021680094,2.1,2.3,500.0,test batch size $m$,0.1,500,0.05,,0.0008,0.0008,0.02,0.0,0.0996328713435296,0.73,0.7616505263157894,100,finite_k1_m_fixed_pi,statistical power
tikz-v1,figure2,power_atlas_r2_c1,$N_{eff}$ by $m$; fixed $\pi_1=0.05$,5,heatmap_cell,weighted_wcs_homogeneous,finite_k1,m_fixed_pi,2.6989700043360187,2.4,2.5,2.8494850021680094,2.3,2.5,500.0,test batch size $m$,0.1,500,0.05,,0.0012,0.0012,0.02,0.0071428571428571,-0.0977417527411066,0.25,0.7628067368421053,100,finite_k1_m_fixed_pi,statistical power
tikz-v1,figure2,power_atlas_r2_c1,$N_{eff}$ by $m$; fixed $\pi_1=0.05$,5,heatmap_cell,weighted_wcs_homogeneous,finite_k1,m_fixed_pi,2.6989700043360187,2.6,2.5,2.8494850021680094,2.5,2.7,500.0,test batch size $m$,0.1,500,0.05,,0.0012,0.0012,0.03,0.0066666666666666,-0.2999429000227671,0.01,0.7626256842105262,100,finite_k1_m_fixed_pi,statistical power
tikz-v1,figure2,power_atlas_r2_c1,$N_{eff}$ by $m$; fixed $\pi_1=0.05$,5,heatmap_cell,weighted_wcs_homogeneous,finite_k1,m_fixed_pi,2.6989700043360187,2.8,2.5,2.8494850021680094,2.7,2.9,500.0,test batch size $m$,0.1,500,0.05,,0.0024,0.0024,0.05,0.02,-0.4996870826184039,0.0,0.7604143157894738,100,finite_k1_m_fixed_pi,statistical power
tikz-v1,figure2,power_atlas_r2_c1,$N_{eff}$ by $m$; fixed $\pi_1=0.05$,5,heatmap_cell,weighted_wcs_homogeneous,finite_k1,m_fixed_pi,2.6989700043360187,3.0,2.5,2.8494850021680094,2.9,3.1,500.0,test batch size $m$,0.1,500,0.05,,0.0032,0.0032,0.06,0.04,-0.6994040818153374,0.0,0.7506265263157894,100,finite_k1_m_fixed_pi,statistical power
tikz-v1,figure2,power_atlas_r2_c1,$N_{eff}$ by $m$; fixed $\pi_1=0.05$,5,heatmap_cell,weighted_wcs_homogeneous,finite_k1,m_fixed_pi,2.6989700043360187,3.2,2.5,2.8494850021680094,3.1,3.3,500.0,test batch size $m$,0.1,500,0.05,,0.0012,0.0012,0.03,0.0375,-0.8992731873176038,0.0,0.7554492631578948,100,finite_k1_m_fixed_pi,statistical power
tikz-v1,figure2,power_atlas_r2_c1,$N_{eff}$ by $m$; fixed $\pi_1=0.05$,5,heatmap_cell,weighted_wcs_homogeneous,finite_k1,m_fixed_pi,2.6989700043360187,3.4,2.5,2.8494850021680094,3.3,3.5,500.0,test batch size $m$,0.1,500,0.05,,0.0024,0.0024,0.04,0.03,-1.0534626049254554,0.0,0.7578989473684211,100,finite_k1_m_fixed_pi,statistical power
tikz-v1,figure2,power_atlas_r2_c1,$N_{eff}$ by $m$; fixed $\pi_1=0.05$,5,heatmap_cell,weighted_wcs_homogeneous,finite_k1,m_fixed_pi,2.6989700043360187,3.6,2.5,2.8494850021680094,3.5,3.7,500.0,test batch size $m$,0.1,500,0.05,,0.004,0.004,0.07,0.0483333333333333,-1.2562260690064542,0.0,0.756773052631579,100,finite_k1_m_fixed_pi,statistical power
tikz-v1,figure2,power_atlas_r2_c1,$N_{eff}$ by $m$; fixed $\pi_1=0.05$,5,heatmap_cell,weighted_wcs_homogeneous,finite_k1,m_fixed_pi,2.6989700043360187,3.8,2.5,2.8494850021680094,3.7,3.9,500.0,test batch size $m$,0.1,500,0.05,,0.0064,0.0064,0.12,0.0851666666666666,-1.4533183400470375,0.0,0.7655966315789473,100,finite_k1_m_fixed_pi,statistical power
tikz-v1,figure2,power_atlas_r2_c1,$N_{eff}$ by $m$; fixed $\pi_1=0.05$,5,heatmap_cell,weighted_wcs_homogeneous,finite_k1,m_fixed_pi,2.6989700043360187,4.0,2.5,2.8494850021680094,3.9,4.1,500.0,test batch size $m$,0.1,500,0.05,,0.0056,0.0056,0.11,0.0756666666666666,-1.5602919577107652,0.0,0.762613894736842,100,finite_k1_m_fixed_pi,statistical power
tikz-v1,figure2,power_atlas_r2_c1,$N_{eff}$ by $m$; fixed $\pi_1=0.05$,5,heatmap_cell,weighted_wcs_homogeneous,finite_k1,m_fixed_pi,3.0,1.4,2.8494850021680094,3.15051499783199,1.3,1.5,1000.0,test batch size $m$,0.1,1000,0.05,,0.0,0.0,0.0,0.0,0.9208187539523752,0.93,0.7595795789473685,100,finite_k1_m_fixed_pi,statistical power
tikz-v1,figure2,power_atlas_r2_c1,$N_{eff}$ by $m$; fixed $\pi_1=0.05$,5,heatmap_cell,weighted_wcs_homogeneous,finite_k1,m_fixed_pi,3.0,1.6,2.8494850021680094,3.15051499783199,1.5,1.7,1000.0,test batch size $m$,0.1,1000,0.05,,0.0002,0.0002,0.01,0.0,0.7328282715969862,0.9,0.7586395789473683,100,finite_k1_m_fixed_pi,statistical power
tikz-v1,figure2,power_atlas_r2_c1,$N_{eff}$ by $m$; fixed $\pi_1=0.05$,5,heatmap_cell,weighted_wcs_homogeneous,finite_k1,m_fixed_pi,3.0,1.7999999999999998,2.8494850021680094,3.15051499783199,1.7,1.9,1000.0,test batch size $m$,0.1,1000,0.05,,0.0,0.0,0.0,0.0,0.5220748536995296,0.89,0.7616138947368423,100,finite_k1_m_fixed_pi,statistical power
tikz-v1,figure2,power_atlas_r2_c1,$N_{eff}$ by $m$; fixed $\pi_1=0.05$,5,heatmap_cell,weighted_wcs_homogeneous,finite_k1,m_fixed_pi,3.0,2.0,2.8494850021680094,3.15051499783199,1.9,2.1,1000.0,test batch size $m$,0.1,1000,0.05,,0.0004,0.0004,0.01,0.02,0.2967086218813386,0.77,0.762137052631579,100,finite_k1_m_fixed_pi,statistical power
tikz-v1,figure2,power_atlas_r2_c1,$N_{eff}$ by $m$; fixed $\pi_1=0.05$,5,heatmap_cell,weighted_wcs_homogeneous,finite_k1,m_fixed_pi,3.0,2.2,2.8494850021680094,3.15051499783199,2.1,2.3,1000.0,test batch size $m$,0.1,1000,0.05,,0.0002,0.0002,0.01,0.01,0.0996328713435296,0.76,0.7587482105263157,100,finite_k1_m_fixed_pi,statistical power
tikz-v1,figure2,power_atlas_r2_c1,$N_{eff}$ by $m$; fixed $\pi_1=0.05$,5,heatmap_cell,weighted_wcs_homogeneous,finite_k1,m_fixed_pi,3.0,2.4,2.8494850021680094,3.15051499783199,2.3,2.5,1000.0,test batch size $m$,0.1,1000,0.05,,0.0002,0.0002,0.01,0.02,-0.1003705451175629,0.32,0.7598246315789474,100,finite_k1_m_fixed_pi,statistical power
tikz-v1,figure2,power_atlas_r2_c1,$N_{eff}$ by $m$; fixed $\pi_1=0.05$,5,heatmap_cell,weighted_wcs_homogeneous,finite_k1,m_fixed_pi,3.0,2.6,2.8494850021680094,3.15051499783199,2.5,2.7,1000.0,test batch size $m$,0.1,1000,0.05,,0.0,0.0,0.0,0.01,-0.2788650090961165,0.0,0.7547031578947366,100,finite_k1_m_fixed_pi,statistical power
tikz-v1,figure2,power_atlas_r2_c1,$N_{eff}$ by $m$; fixed $\pi_1=0.05$,5,heatmap_cell,weighted_wcs_homogeneous,finite_k1,m_fixed_pi,3.0,2.8,2.8494850021680094,3.15051499783199,2.7,2.9,1000.0,test batch size $m$,0.1,1000,0.05,,0.0002,0.0002,0.01,0.005,-0.4932483943715464,0.0,0.7624385263157895,100,finite_k1_m_fixed_pi,statistical power
tikz-v1,figure2,power_atlas_r2_c1,$N_{eff}$ by $m$; fixed $\pi_1=0.05$,5,heatmap_cell,weighted_wcs_homogeneous,finite_k1,m_fixed_pi,3.0,3.0,2.8494850021680094,3.15051499783199,2.9,3.1,1000.0,test batch size $m$,0.1,1000,0.05,,0.0002,0.0002,0.01,0.0,-0.6994040818153374,0.0,0.7649673684210525,100,finite_k1_m_fixed_pi,statistical power
tikz-v1,figure2,power_atlas_r2_c1,$N_{eff}$ by $m$; fixed $\pi_1=0.05$,5,heatmap_cell,weighted_wcs_homogeneous,finite_k1,m_fixed_pi,3.0,3.2,2.8494850021680094,3.15051499783199,3.1,3.3,1000.0,test batch size $m$,0.1,1000,0.05,,0.0008,0.0008,0.04,0.0175,-0.8992731873176038,0.0,0.7608004210526316,100,finite_k1_m_fixed_pi,statistical power
tikz-v1,figure2,power_atlas_r2_c1,$N_{eff}$ by $m$; fixed $\pi_1=0.05$,5,heatmap_cell,weighted_wcs_homogeneous,finite_k1,m_fixed_pi,3.0,3.4,2.8494850021680094,3.15051499783199,3.3,3.5,1000.0,test batch size $m$,0.1,1000,0.05,,0.003,0.003,0.05,0.03075,-1.0534626049254554,0.0,0.7625336842105261,100,finite_k1_m_fixed_pi,statistical power
tikz-v1,figure2,power_atlas_r2_c1,$N_{eff}$ by $m$; fixed $\pi_1=0.05$,5,heatmap_cell,weighted_wcs_homogeneous,finite_k1,m_fixed_pi,3.0,3.6,2.8494850021680094,3.15051499783199,3.5,3.7,1000.0,test batch size $m$,0.1,1000,0.05,,0.0004,0.0004,0.01,0.0371428571428571,-1.2533380053261065,0.0,0.761718947368421,100,finite_k1_m_fixed_pi,statistical power
tikz-v1,figure2,power_atlas_r2_c1,$N_{eff}$ by $m$; fixed $\pi_1=0.05$,5,heatmap_cell,weighted_wcs_homogeneous,finite_k1,m_fixed_pi,3.0,3.8,2.8494850021680094,3.15051499783199,3.7,3.9,1000.0,test batch size $m$,0.1,1000,0.05,,0.0024,0.0024,0.11,0.0583333333333333,-1.4533183400470375,0.0,0.7651722105263158,100,finite_k1_m_fixed_pi,statistical power
tikz-v1,figure2,power_atlas_r2_c1,$N_{eff}$ by $m$; fixed $\pi_1=0.05$,5,heatmap_cell,weighted_wcs_homogeneous,finite_k1,m_fixed_pi,3.0,4.0,2.8494850021680094,3.15051499783199,3.9,4.1,1000.0,test batch size $m$,0.1,1000,0.05,,0.0014,0.0014,0.05,0.02,-1.5650732482499454,0.0,0.7584665263157894,100,finite_k1_m_fixed_pi,statistical power
tikz-v1,figure2,power_atlas_r2_c1,$N_{eff}$ by $m$; fixed $\pi_1=0.05$,5,heatmap_cell,weighted_wcs_homogeneous,finite_k1,m_fixed_pi,3.3010299956639813,1.4,3.15051499783199,3.451544993495972,1.3,1.5,2000.0,test batch size $m$,0.1,2000,0.05,,0.0,0.0,0.0,0.0,0.91956098806179,0.93,0.7621137894736841,100,finite_k1_m_fixed_pi,statistical power
tikz-v1,figure2,power_atlas_r2_c1,$N_{eff}$ by $m$; fixed $\pi_1=0.05$,5,heatmap_cell,weighted_wcs_homogeneous,finite_k1,m_fixed_pi,3.3010299956639813,1.6,3.15051499783199,3.451544993495972,1.5,1.7,2000.0,test batch size $m$,0.1,2000,0.05,,0.0002,0.0002,0.02,0.0266666666666666,0.6882461389442457,0.95,0.7588152631578947,100,finite_k1_m_fixed_pi,statistical power
tikz-v1,figure2,power_atlas_r2_c1,$N_{eff}$ by $m$; fixed $\pi_1=0.05$,5,heatmap_cell,weighted_wcs_homogeneous,finite_k1,m_fixed_pi,3.3010299956639813,1.7999999999999998,3.15051499783199,3.451544993495972,1.7,1.9,2000.0,test batch size $m$,0.1,2000,0.05,,0.0003,0.0003,0.02,0.0088888888888888,0.5376020021010439,0.91,0.7577394736842106,100,finite_k1_m_fixed_pi,statistical power
tikz-v1,figure2,power_atlas_r2_c1,$N_{eff}$ by $m$; fixed $\pi_1=0.05$,5,heatmap_cell,weighted_wcs_homogeneous,finite_k1,m_fixed_pi,3.3010299956639813,2.0,3.15051499783199,3.451544993495972,1.9,2.1,2000.0,test batch size $m$,0.1,2000,0.05,,0.0001,0.0001,0.01,0.0,0.3419886033428876,0.87,0.7596250000000001,100,finite_k1_m_fixed_pi,statistical power
tikz-v1,figure2,power_atlas_r2_c1,$N_{eff}$ by $m$; fixed $\pi_1=0.05$,5,heatmap_cell,weighted_wcs_homogeneous,finite_k1,m_fixed_pi,3.3010299956639813,2.2,3.15051499783199,3.451544993495972,2.1,2.3,2000.0,test batch size $m$,0.1,2000,0.05,,0.0004,0.0004,0.03,0.016,0.1018506072422642,0.74,0.7591370000000001,100,finite_k1_m_fixed_pi,statistical power
tikz-v1,figure2,power_atlas_r2_c1,$N_{eff}$ by $m$; fixed $\pi_1=0.05$,5,heatmap_cell,weighted_wcs_homogeneous,finite_k1,m_fixed_pi,3.3010299956639813,2.4,3.15051499783199,3.451544993495972,2.3,2.5,2000.0,test batch size $m$,0.1,2000,0.05,,0.0,0.0,0.0,0.0,-0.0549958615291414,0.35,0.7596063157894739,100,finite_k1_m_fixed_pi,statistical power
tikz-v1,figure2,power_atlas_r2_c1,$N_{eff}$ by $m$; fixed $\pi_1=0.05$,5,heatmap_cell,weighted_wcs_homogeneous,finite_k1,m_fixed_pi,3.3010299956639813,2.6,3.15051499783199,3.451544993495972,2.5,2.7,2000.0,test batch size $m$,0.1,2000,0.05,,0.0002,0.0002,0.02,0.005,-0.2686020471568215,0.0,0.7626779473684209,100,finite_k1_m_fixed_pi,statistical power
tikz-v1,figure2,power_atlas_r2_c1,$N_{eff}$ by $m$; fixed $\pi_1=0.05$,5,heatmap_cell,weighted_wcs_homogeneous,finite_k1,m_fixed_pi,3.3010299956639813,2.8,3.15051499783199,3.451544993495972,2.7,2.9,2000.0,test batch size $m$,0.1,2000,0.05,,0.0,0.0,0.0,0.02,-0.4908307446708322,0.0,0.7604368421052632,100,finite_k1_m_fixed_pi,statistical power
tikz-v1,figure2,power_atlas_r2_c1,$N_{eff}$ by $m$; fixed $\pi_1=0.05$,5,heatmap_cell,weighted_wcs_homogeneous,finite_k1,m_fixed_pi,3.3010299956639813,3.0,3.15051499783199,3.451544993495972,2.9,3.1,2000.0,test batch size $m$,0.1,2000,0.05,,0.0004,0.0004,0.02,0.01,-0.6941189406623293,0.0,0.7601813684210527,100,finite_k1_m_fixed_pi,statistical power
tikz-v1,figure2,power_atlas_r2_c1,$N_{eff}$ by $m$; fixed $\pi_1=0.05$,5,heatmap_cell,weighted_wcs_homogeneous,finite_k1,m_fixed_pi,3.3010299956639813,3.2,3.15051499783199,3.451544993495972,3.1,3.3,2000.0,test batch size $m$,0.1,2000,0.05,,0.0002,0.0002,0.02,0.018,-0.8849254382275986,0.0,0.761735,100,finite_k1_m_fixed_pi,statistical power
tikz-v1,figure2,power_atlas_r2_c1,$N_{eff}$ by $m$; fixed $\pi_1=0.05$,5,heatmap_cell,weighted_wcs_homogeneous,finite_k1,m_fixed_pi,3.3010299956639813,3.4,3.15051499783199,3.451544993495972,3.3,3.5,2000.0,test batch size $m$,0.1,2000,0.05,,0.0004,0.0004,0.03,0.0,-1.0534626049254554,0.0,0.763679947368421,100,finite_k1_m_fixed_pi,statistical power
tikz-v1,figure2,power_atlas_r2_c1,$N_{eff}$ by $m$; fixed $\pi_1=0.05$,5,heatmap_cell,weighted_wcs_homogeneous,finite_k1,m_fixed_pi,3.3010299956639813,3.6,3.15051499783199,3.451544993495972,3.5,3.7,2000.0,test batch size $m$,0.1,2000,0.05,,0.0005,0.0005,0.03,0.013,-1.2533380053261065,0.0,0.7602464736842104,100,finite_k1_m_fixed_pi,statistical power
tikz-v1,figure2,power_atlas_r2_c1,$N_{eff}$ by $m$; fixed $\pi_1=0.05$,5,heatmap_cell,weighted_wcs_homogeneous,finite_k1,m_fixed_pi,3.3010299956639813,3.8,3.15051499783199,3.451544993495972,3.7,3.9,2000.0,test batch size $m$,0.1,2000,0.05,,0.0003,0.0003,0.01,0.0,-1.4394398458734583,0.0,0.758984157894737,100,finite_k1_m_fixed_pi,statistical power
tikz-v1,figure2,power_atlas_r2_c1,$N_{eff}$ by $m$; fixed $\pi_1=0.05$,5,heatmap_cell,weighted_wcs_homogeneous,finite_k1,m_fixed_pi,3.3010299956639813,4.0,3.15051499783199,3.451544993495972,3.9,4.1,2000.0,test batch size $m$,0.1,2000,0.05,,0.0029,0.0029,0.09,0.0543333333333333,-1.5441300819879646,0.0,0.7608322631578948,100,finite_k1_m_fixed_pi,statistical power
tikz-v1,figure2,power_atlas_r2_c3,$N_{eff}$ by anomaly rate,7,heatmap_cell,weighted_wcs_homogeneous,finite_k1,pi1_sweep,-2.3010299956639813,1.4,-2.451544993495972,-2.15051499783199,1.3,1.5,0.005,anomaly rate $\pi_1$,0.1,1000,0.005,,0.0,0.0,0.0,0.0,1.8860566476931635,0.98,0.7750070351758795,100,finite_k1_pi1_sweep,statistical power
tikz-v1,figure2,power_atlas_r2_c3,$N_{eff}$ by anomaly rate,7,heatmap_cell,weighted_wcs_homogeneous,finite_k1,pi1_sweep,-2.3010299956639813,1.6,-2.451544993495972,-2.15051499783199,1.5,1.7,0.005,anomaly rate $\pi_1$,0.1,1000,0.005,,0.0,0.0,0.0,0.0,1.6751236783231604,0.98,0.7512984924623116,100,finite_k1_pi1_sweep,statistical power
tikz-v1,figure2,power_atlas_r2_c3,$N_{eff}$ by anomaly rate,7,heatmap_cell,weighted_wcs_homogeneous,finite_k1,pi1_sweep,-2.3010299956639813,1.7999999999999998,-2.451544993495972,-2.15051499783199,1.7,1.9,0.005,anomaly rate $\pi_1$,0.1,1000,0.005,,0.0,0.0,0.0,0.0,1.494850021680094,0.98,0.7738231155778895,100,finite_k1_pi1_sweep,statistical power
tikz-v1,figure2,power_atlas_r2_c3,$N_{eff}$ by anomaly rate,7,heatmap_cell,weighted_wcs_homogeneous,finite_k1,pi1_sweep,-2.3010299956639813,2.0,-2.451544993495972,-2.15051499783199,1.9,2.1,0.005,anomaly rate $\pi_1$,0.1,1000,0.005,,0.0,0.0,0.0,0.0,1.2929521093832457,0.98,0.7615376884422111,100,finite_k1_pi1_sweep,statistical power
tikz-v1,figure2,power_atlas_r2_c3,$N_{eff}$ by anomaly rate,7,heatmap_cell,weighted_wcs_homogeneous,finite_k1,pi1_sweep,-2.3010299956639813,2.2,-2.451544993495972,-2.15051499783199,2.1,2.3,0.005,anomaly rate $\pi_1$,0.1,1000,0.005,,0.0,0.0,0.0,0.01,1.0996328713435295,0.97,0.7711497487437186,100,finite_k1_pi1_sweep,statistical power
tikz-v1,figure2,power_atlas_r2_c3,$N_{eff}$ by anomaly rate,7,heatmap_cell,weighted_wcs_homogeneous,finite_k1,pi1_sweep,-2.3010299956639813,2.4,-2.451544993495972,-2.15051499783199,2.3,2.5,0.005,anomaly rate $\pi_1$,0.1,1000,0.005,,0.0,0.0,0.0,0.0,0.8409964434481385,0.89,0.7716261306532664,100,finite_k1_pi1_sweep,statistical power
tikz-v1,figure2,power_atlas_r2_c3,$N_{eff}$ by anomaly rate,7,heatmap_cell,weighted_wcs_homogeneous,finite_k1,pi1_sweep,-2.3010299956639813,2.6,-2.451544993495972,-2.15051499783199,2.5,2.7,0.005,anomaly rate $\pi_1$,0.1,1000,0.005,,0.002,0.002,0.01,0.005,0.6754735228139089,0.94,0.770486432160804,100,finite_k1_pi1_sweep,statistical power
tikz-v1,figure2,power_atlas_r2_c3,$N_{eff}$ by anomaly rate,7,heatmap_cell,weighted_wcs_homogeneous,finite_k1,pi1_sweep,-2.3010299956639813,2.8,-2.451544993495972,-2.15051499783199,2.7,2.9,0.005,anomaly rate $\pi_1$,0.1,1000,0.005,,0.0,0.0,0.0,0.01,0.4394955848049434,0.84,0.7597306532663317,100,finite_k1_pi1_sweep,statistical power
tikz-v1,figure2,power_atlas_r2_c3,$N_{eff}$ by anomaly rate,7,heatmap_cell,weighted_wcs_homogeneous,finite_k1,pi1_sweep,-2.3010299956639813,3.0,-2.451544993495972,-2.15051499783199,2.9,3.1,0.005,anomaly rate $\pi_1$,0.1,1000,0.005,,0.0,0.0,0.0,0.02,0.3005959181846626,0.8,0.7511859296482412,100,finite_k1_pi1_sweep,statistical power
tikz-v1,figure2,power_atlas_r2_c3,$N_{eff}$ by anomaly rate,7,heatmap_cell,weighted_wcs_homogeneous,finite_k1,pi1_sweep,-2.3010299956639813,3.2,-2.451544993495972,-2.15051499783199,3.1,3.3,0.005,anomaly rate $\pi_1$,0.1,1000,0.005,,0.0,0.0,0.0,0.03,0.0720005492618145,0.68,0.7594391959798995,100,finite_k1_pi1_sweep,statistical power
tikz-v1,figure2,power_atlas_r2_c3,$N_{eff}$ by anomaly rate,7,heatmap_cell,weighted_wcs_homogeneous,finite_k1,pi1_sweep,-2.3010299956639813,3.4,-2.451544993495972,-2.15051499783199,3.3,3.5,0.005,anomaly rate $\pi_1$,0.1,1000,0.005,,0.0,0.0,0.0,0.0,-0.0991624929285947,0.18,0.7574391959798994,100,finite_k1_pi1_sweep,statistical power
tikz-v1,figure2,power_atlas_r2_c3,$N_{eff}$ by anomaly rate,7,heatmap_cell,weighted_wcs_homogeneous,finite_k1,pi1_sweep,-2.3010299956639813,3.6,-2.451544993495972,-2.15051499783199,3.5,3.7,0.005,anomaly rate $\pi_1$,0.1,1000,0.005,,0.0,0.0,0.0,0.05,-0.2990712600274095,0.02,0.7618814070351759,100,finite_k1_pi1_sweep,statistical power
tikz-v1,figure2,power_atlas_r2_c3,$N_{eff}$ by anomaly rate,7,heatmap_cell,weighted_wcs_homogeneous,finite_k1,pi1_sweep,-2.3010299956639813,3.8,-2.451544993495972,-2.15051499783199,3.7,3.9,0.005,anomaly rate $\pi_1$,0.1,1000,0.005,,0.0,0.0,0.0,0.04,-0.4865096207665369,0.0,0.7500763819095478,100,finite_k1_pi1_sweep,statistical power
tikz-v1,figure2,power_atlas_r2_c3,$N_{eff}$ by anomaly rate,7,heatmap_cell,weighted_wcs_homogeneous,finite_k1,pi1_sweep,-2.3010299956639813,4.0,-2.451544993495972,-2.15051499783199,3.9,4.1,0.005,anomaly rate $\pi_1$,0.1,1000,0.005,,0.002,0.002,0.01,0.05,-0.6532607660371458,0.0,0.758289447236181,100,finite_k1_pi1_sweep,statistical power
tikz-v1,figure2,power_atlas_r2_c3,$N_{eff}$ by anomaly rate,7,heatmap_cell,weighted_wcs_homogeneous,finite_k1,pi1_sweep,-2.0,1.4,-2.15051499783199,-1.8494850021680092,1.3,1.5,0.01,anomaly rate $\pi_1$,0.1,1000,0.01,,0.0,0.0,0.0,0.0,1.591896354391209,0.98,0.7578929292929293,100,finite_k1_pi1_sweep,statistical power
tikz-v1,figure2,power_atlas_r2_c3,$N_{eff}$ by anomaly rate,7,heatmap_cell,weighted_wcs_homogeneous,finite_k1,pi1_sweep,-2.0,1.6,-2.15051499783199,-1.8494850021680092,1.5,1.7,0.01,anomaly rate $\pi_1$,0.1,1000,0.01,,0.0,0.0,0.0,0.01,1.3872161432802643,0.95,0.751707070707071,100,finite_k1_pi1_sweep,statistical power
tikz-v1,figure2,power_atlas_r2_c3,$N_{eff}$ by anomaly rate,7,heatmap_cell,weighted_wcs_homogeneous,finite_k1,pi1_sweep,-2.0,1.7999999999999998,-2.15051499783199,-1.8494850021680092,1.7,1.9,0.01,anomaly rate $\pi_1$,0.1,1000,0.01,,0.0,0.0,0.0,0.0,1.193820026016113,0.96,0.7615969696969698,100,finite_k1_pi1_sweep,statistical power
tikz-v1,figure2,power_atlas_r2_c3,$N_{eff}$ by anomaly rate,7,heatmap_cell,weighted_wcs_homogeneous,finite_k1,pi1_sweep,-2.0,2.0,-2.15051499783199,-1.8494850021680092,1.9,2.1,0.01,anomaly rate $\pi_1$,0.1,1000,0.01,,0.0,0.0,0.0,0.0,0.9956786262173576,0.96,0.7710737373737373,100,finite_k1_pi1_sweep,statistical power
tikz-v1,figure2,power_atlas_r2_c3,$N_{eff}$ by anomaly rate,7,heatmap_cell,weighted_wcs_homogeneous,finite_k1,pi1_sweep,-2.0,2.2,-2.15051499783199,-1.8494850021680092,2.1,2.3,0.01,anomaly rate $\pi_1$,0.1,1000,0.01,,0.0,0.0,0.0,0.01,0.7802231372352895,0.88,0.7592161616161617,100,finite_k1_pi1_sweep,statistical power
tikz-v1,figure2,power_atlas_r2_c3,$N_{eff}$ by anomaly rate,7,heatmap_cell,weighted_wcs_homogeneous,finite_k1,pi1_sweep,-2.0,2.4,-2.15051499783199,-1.8494850021680092,2.3,2.5,0.01,anomaly rate $\pi_1$,0.1,1000,0.01,,0.0,0.0,0.0,0.0,0.5734394310189864,0.87,0.762078787878788,100,finite_k1_pi1_sweep,statistical power
tikz-v1,figure2,power_atlas_r2_c3,$N_{eff}$ by anomaly rate,7,heatmap_cell,weighted_wcs_homogeneous,finite_k1,pi1_sweep,-2.0,2.6,-2.15051499783199,-1.8494850021680092,2.5,2.7,0.01,anomaly rate $\pi_1$,0.1,1000,0.01,,0.0,0.0,0.0,0.0,0.3990271043132517,0.8,0.7512030303030302,100,finite_k1_pi1_sweep,statistical power
tikz-v1,figure2,power_atlas_r2_c3,$N_{eff}$ by anomaly rate,7,heatmap_cell,weighted_wcs_homogeneous,finite_k1,pi1_sweep,-2.0,2.8,-2.15051499783199,-1.8494850021680092,2.7,2.9,0.01,anomaly rate $\pi_1$,0.1,1000,0.01,,0.001,0.001,0.01,0.01,0.199282921717615,0.72,0.7686818181818184,100,finite_k1_pi1_sweep,statistical power
tikz-v1,figure2,power_atlas_r2_c3,$N_{eff}$ by anomaly rate,7,heatmap_cell,weighted_wcs_homogeneous,finite_k1,pi1_sweep,-2.0,3.0,-2.15051499783199,-1.8494850021680092,2.9,3.1,0.01,anomaly rate $\pi_1$,0.1,1000,0.01,,0.0,0.0,0.0,0.0,-0.0004340774793186,0.43,0.756919191919192,100,finite_k1_pi1_sweep,statistical power
tikz-v1,figure2,power_atlas_r2_c3,$N_{eff}$ by anomaly rate,7,heatmap_cell,weighted_wcs_homogeneous,finite_k1,pi1_sweep,-2.0,3.2,-2.15051499783199,-1.8494850021680092,3.1,3.3,0.01,anomaly rate $\pi_1$,0.1,1000,0.01,,0.0,0.0,0.0,0.02,-0.2003031829815849,0.07,0.7491595959595959,100,finite_k1_pi1_sweep,statistical power
tikz-v1,figure2,power_atlas_r2_c3,$N_{eff}$ by anomaly rate,7,heatmap_cell,weighted_wcs_homogeneous,finite_k1,pi1_sweep,-2.0,3.4,-2.15051499783199,-1.8494850021680092,3.3,3.5,0.01,anomaly rate $\pi_1$,0.1,1000,0.01,,0.001,0.001,0.01,0.015,-0.400192488592576,0.0,0.7552141414141414,100,finite_k1_pi1_sweep,statistical power
tikz-v1,figure2,power_atlas_r2_c3,$N_{eff}$ by anomaly rate,7,heatmap_cell,weighted_wcs_homogeneous,finite_k1,pi1_sweep,-2.0,3.6,-2.15051499783199,-1.8494850021680092,3.5,3.7,0.01,anomaly rate $\pi_1$,0.1,1000,0.01,,0.002,0.002,0.02,0.03,-0.6001012556913907,0.0,0.7737090909090911,100,finite_k1_pi1_sweep,statistical power
tikz-v1,figure2,power_atlas_r2_c3,$N_{eff}$ by anomaly rate,7,heatmap_cell,weighted_wcs_homogeneous,finite_k1,pi1_sweep,-2.0,3.8,-2.15051499783199,-1.8494850021680092,3.7,3.9,0.01,anomaly rate $\pi_1$,0.1,1000,0.01,,0.001,0.001,0.01,0.0,-0.7543483357110188,0.0,0.7617333333333334,100,finite_k1_pi1_sweep,statistical power
tikz-v1,figure2,power_atlas_r2_c3,$N_{eff}$ by anomaly rate,7,heatmap_cell,weighted_wcs_homogeneous,finite_k1,pi1_sweep,-2.0,4.0,-2.15051499783199,-1.8494850021680092,3.9,4.1,0.01,anomaly rate $\pi_1$,0.1,1000,0.01,,0.003,0.003,0.03,0.045,-0.9118796465654232,0.0,0.766112121212121,100,finite_k1_pi1_sweep,statistical power
tikz-v1,figure2,power_atlas_r2_c3,$N_{eff}$ by anomaly rate,7,heatmap_cell,weighted_wcs_homogeneous,finite_k1,pi1_sweep,-1.6989700043360187,1.4,-1.8494850021680092,-1.5,1.3,1.5,0.02,anomaly rate $\pi_1$,0.1,1000,0.02,,0.0,0.0,0.0,0.02,1.317587786286016,0.94,0.7580051020408166,100,finite_k1_pi1_sweep,statistical power
tikz-v1,figure2,power_atlas_r2_c3,$N_{eff}$ by anomaly rate,7,heatmap_cell,weighted_wcs_homogeneous,finite_k1,pi1_sweep,-1.6989700043360187,1.6,-1.8494850021680092,-1.5,1.5,1.7,0.02,anomaly rate $\pi_1$,0.1,1000,0.02,,0.0005,0.0005,0.01,0.0066666666666666,1.1221598056800937,0.97,0.7577484693877551,100,finite_k1_pi1_sweep,statistical power
tikz-v1,figure2,power_atlas_r2_c3,$N_{eff}$ by anomaly rate,7,heatmap_cell,weighted_wcs_homogeneous,finite_k1,pi1_sweep,-1.6989700043360187,1.7999999999999998,-1.8494850021680092,-1.5,1.7,1.9,0.02,anomaly rate $\pi_1$,0.1,1000,0.02,,0.0005,0.0005,0.01,0.0,0.9214380245780766,0.97,0.7583561224489798,100,finite_k1_pi1_sweep,statistical power
tikz-v1,figure2,power_atlas_r2_c3,$N_{eff}$ by anomaly rate,7,heatmap_cell,weighted_wcs_homogeneous,finite_k1,pi1_sweep,-1.6989700043360187,2.0,-1.8494850021680092,-1.5,1.9,2.1,0.02,anomaly rate $\pi_1$,0.1,1000,0.02,,0.0,0.0,0.0,0.03,0.6946486305533762,0.9,0.7609887755102039,100,finite_k1_pi1_sweep,statistical power
tikz-v1,figure2,power_atlas_r2_c3,$N_{eff}$ by anomaly rate,7,heatmap_cell,weighted_wcs_homogeneous,finite_k1,pi1_sweep,-1.6989700043360187,2.2,-1.8494850021680092,-1.5,2.1,2.3,0.02,anomaly rate $\pi_1$,0.1,1000,0.02,,0.0005,0.0005,0.01,0.0,0.4975728800155673,0.87,0.7657163265306122,100,finite_k1_pi1_sweep,statistical power
tikz-v1,figure2,power_atlas_r2_c3,$N_{eff}$ by anomaly rate,7,heatmap_cell,weighted_wcs_homogeneous,finite_k1,pi1_sweep,-1.6989700043360187,2.4,-1.8494850021680092,-1.5,2.3,2.5,0.02,anomaly rate $\pi_1$,0.1,1000,0.02,,0.0005,0.0005,0.01,0.01,0.2975694635544746,0.79,0.7650086734693877,100,finite_k1_pi1_sweep,statistical power
tikz-v1,figure2,power_atlas_r2_c3,$N_{eff}$ by anomaly rate,7,heatmap_cell,weighted_wcs_homogeneous,finite_k1,pi1_sweep,-1.6989700043360187,2.6,-1.8494850021680092,-1.5,2.5,2.7,0.02,anomaly rate $\pi_1$,0.1,1000,0.02,,0.0005,0.0005,0.01,0.015,0.0979971086492705,0.77,0.7574520408163268,100,finite_k1_pi1_sweep,statistical power
tikz-v1,figure2,power_atlas_r2_c3,$N_{eff}$ by anomaly rate,7,heatmap_cell,weighted_wcs_homogeneous,finite_k1,pi1_sweep,-1.6989700043360187,2.8,-1.8494850021680092,-1.5,2.7,2.9,0.02,anomaly rate $\pi_1$,0.1,1000,0.02,,0.0005,0.0005,0.01,0.005,-0.1017470739463662,0.23,0.7655663265306122,100,finite_k1_pi1_sweep,statistical power
tikz-v1,figure2,power_atlas_r2_c3,$N_{eff}$ by anomaly rate,7,heatmap_cell,weighted_wcs_homogeneous,finite_k1,pi1_sweep,-1.6989700043360187,3.0,-1.8494850021680092,-1.5,2.9,3.1,0.02,anomaly rate $\pi_1$,0.1,1000,0.02,,0.0,0.0,0.0,0.0,-0.3014640731432998,0.0,0.7621479591836734,100,finite_k1_pi1_sweep,statistical power
tikz-v1,figure2,power_atlas_r2_c3,$N_{eff}$ by anomaly rate,7,heatmap_cell,weighted_wcs_homogeneous,finite_k1,pi1_sweep,-1.6989700043360187,3.2,-1.8494850021680092,-1.5,3.1,3.3,0.02,anomaly rate $\pi_1$,0.1,1000,0.02,,0.0005,0.0005,0.01,0.01,-0.4911756681800466,0.0,0.7571341836734693,100,finite_k1_pi1_sweep,statistical power
tikz-v1,figure2,power_atlas_r2_c3,$N_{eff}$ by anomaly rate,7,heatmap_cell,weighted_wcs_homogeneous,finite_k1,pi1_sweep,-1.6989700043360187,3.4,-1.8494850021680092,-1.5,3.3,3.5,0.02,anomaly rate $\pi_1$,0.1,1000,0.02,,0.0,0.0,0.0,0.04,-0.6733896196426943,0.0,0.7574576530612245,100,finite_k1_pi1_sweep,statistical power
tikz-v1,figure2,power_atlas_r2_c3,$N_{eff}$ by anomaly rate,7,heatmap_cell,weighted_wcs_homogeneous,finite_k1,pi1_sweep,-1.6989700043360187,3.6,-1.8494850021680092,-1.5,3.5,3.7,0.02,anomaly rate $\pi_1$,0.1,1000,0.02,,0.001,0.001,0.02,0.0366666666666666,-0.8553979966540689,0.0,0.7626959183673471,100,finite_k1_pi1_sweep,statistical power
tikz-v1,figure2,power_atlas_r2_c3,$N_{eff}$ by anomaly rate,7,heatmap_cell,weighted_wcs_homogeneous,finite_k1,pi1_sweep,-1.6989700043360187,3.8,-1.8494850021680092,-1.5,3.7,3.9,0.02,anomaly rate $\pi_1$,0.1,1000,0.02,,0.0015,0.0015,0.02,0.0583333333333333,-1.055378331375,0.0,0.7589520408163263,100,finite_k1_pi1_sweep,statistical power
tikz-v1,figure2,power_atlas_r2_c3,$N_{eff}$ by anomaly rate,7,heatmap_cell,weighted_wcs_homogeneous,finite_k1,pi1_sweep,-1.6989700043360187,4.0,-1.8494850021680092,-1.5,3.9,4.1,0.02,anomaly rate $\pi_1$,0.1,1000,0.02,,0.0035,0.0035,0.07,0.0883333333333333,-1.17819078764433,0.0,0.7591954081632651,100,finite_k1_pi1_sweep,statistical power
tikz-v1,figure2,power_atlas_r2_c3,$N_{eff}$ by anomaly rate,7,heatmap_cell,weighted_wcs_homogeneous,finite_k1,pi1_sweep,-1.3010299956639813,1.4,-1.5,-1.1505149978319906,1.3,1.5,0.05,anomaly rate $\pi_1$,0.1,1000,0.05,,0.0,0.0,0.0,0.01,0.9194404252010936,0.92,0.759621052631579,100,finite_k1_pi1_sweep,statistical power
tikz-v1,figure2,power_atlas_r2_c3,$N_{eff}$ by anomaly rate,7,heatmap_cell,weighted_wcs_homogeneous,finite_k1,pi1_sweep,-1.3010299956639813,1.6,-1.5,-1.1505149978319906,1.5,1.7,0.05,anomaly rate $\pi_1$,0.1,1000,0.05,,0.0,0.0,0.0,0.01,0.7328282715969862,0.92,0.7602684210526317,100,finite_k1_pi1_sweep,statistical power
tikz-v1,figure2,power_atlas_r2_c3,$N_{eff}$ by anomaly rate,7,heatmap_cell,weighted_wcs_homogeneous,finite_k1,pi1_sweep,-1.3010299956639813,1.7999999999999998,-1.5,-1.1505149978319906,1.7,1.9,0.05,anomaly rate $\pi_1$,0.1,1000,0.05,,0.0002,0.0002,0.01,0.01,0.5376020021010439,0.9,0.760557052631579,100,finite_k1_pi1_sweep,statistical power
tikz-v1,figure2,power_atlas_r2_c3,$N_{eff}$ by anomaly rate,7,heatmap_cell,weighted_wcs_homogeneous,finite_k1,pi1_sweep,-1.3010299956639813,2.0,-1.5,-1.1505149978319906,1.9,2.1,0.05,anomaly rate $\pi_1$,0.1,1000,0.05,,0.0,0.0,0.0,0.0,0.3186971841164878,0.82,0.758686947368421,100,finite_k1_pi1_sweep,statistical power
tikz-v1,figure2,power_atlas_r2_c3,$N_{eff}$ by anomaly rate,7,heatmap_cell,weighted_wcs_homogeneous,finite_k1,pi1_sweep,-1.3010299956639813,2.2,-1.5,-1.1505149978319906,2.1,2.3,0.05,anomaly rate $\pi_1$,0.1,1000,0.05,,0.0002,0.0002,0.01,0.0175,0.1426675035687315,0.82,0.7662320000000001,100,finite_k1_pi1_sweep,statistical power
tikz-v1,figure2,power_atlas_r2_c3,$N_{eff}$ by anomaly rate,7,heatmap_cell,weighted_wcs_homogeneous,finite_k1,pi1_sweep,-1.3010299956639813,2.4,-1.5,-1.1505149978319906,2.3,2.5,0.05,anomaly rate $\pi_1$,0.1,1000,0.05,,0.0002,0.0002,0.01,0.0279999999999999,-0.1003705451175629,0.26,0.7696269473684211,100,finite_k1_pi1_sweep,statistical power
tikz-v1,figure2,power_atlas_r2_c3,$N_{eff}$ by anomaly rate,7,heatmap_cell,weighted_wcs_homogeneous,finite_k1,pi1_sweep,-1.3010299956639813,2.6,-1.5,-1.1505149978319906,2.5,2.7,0.05,anomaly rate $\pi_1$,0.1,1000,0.05,,0.0002,0.0002,0.01,0.01,-0.2865549974906582,0.01,0.7612614736842103,100,finite_k1_pi1_sweep,statistical power
tikz-v1,figure2,power_atlas_r2_c3,$N_{eff}$ by anomaly rate,7,heatmap_cell,weighted_wcs_homogeneous,finite_k1,pi1_sweep,-1.3010299956639813,2.8,-1.5,-1.1505149978319906,2.7,2.9,0.05,anomaly rate $\pi_1$,0.1,1000,0.05,,0.0016,0.0016,0.03,0.0326666666666666,-0.4931857250335613,0.0,0.7600583157894737,100,finite_k1_pi1_sweep,statistical power
tikz-v1,figure2,power_atlas_r2_c3,$N_{eff}$ by anomaly rate,7,heatmap_cell,weighted_wcs_homogeneous,finite_k1,pi1_sweep,-1.3010299956639813,3.0,-1.5,-1.1505149978319906,2.9,3.1,0.05,anomaly rate $\pi_1$,0.1,1000,0.05,,0.0014,0.0014,0.04,0.011,-0.6994040818153374,0.0,0.7570370526315792,100,finite_k1_pi1_sweep,statistical power
tikz-v1,figure2,power_atlas_r2_c3,$N_{eff}$ by anomaly rate,7,heatmap_cell,weighted_wcs_homogeneous,finite_k1,pi1_sweep,-1.3010299956639813,3.2,-1.5,-1.1505149978319906,3.1,3.3,0.05,anomaly rate $\pi_1$,0.1,1000,0.05,,0.0002,0.0002,0.01,0.02,-0.8936089924566568,0.0,0.7606717894736843,100,finite_k1_pi1_sweep,statistical power
tikz-v1,figure2,power_atlas_r2_c3,$N_{eff}$ by anomaly rate,7,heatmap_cell,weighted_wcs_homogeneous,finite_k1,pi1_sweep,-1.3010299956639813,3.4,-1.5,-1.1505149978319906,3.3,3.5,0.05,anomaly rate $\pi_1$,0.1,1000,0.05,,0.0008,0.0008,0.03,0.0125,-1.0534626049254554,0.0,0.7626635789473685,100,finite_k1_pi1_sweep,statistical power
tikz-v1,figure2,power_atlas_r2_c3,$N_{eff}$ by anomaly rate,7,heatmap_cell,weighted_wcs_homogeneous,finite_k1,pi1_sweep,-1.3010299956639813,3.6,-1.5,-1.1505149978319906,3.5,3.7,0.05,anomaly rate $\pi_1$,0.1,1000,0.05,,0.0034,0.0034,0.1,0.0525,-1.2533380053261065,0.0,0.7629275789473686,100,finite_k1_pi1_sweep,statistical power
tikz-v1,figure2,power_atlas_r2_c3,$N_{eff}$ by anomaly rate,7,heatmap_cell,weighted_wcs_homogeneous,finite_k1,pi1_sweep,-1.3010299956639813,3.8,-1.5,-1.1505149978319906,3.7,3.9,0.05,anomaly rate $\pi_1$,0.1,1000,0.05,,0.0034,0.0034,0.08,0.0273809523809523,-1.4533183400470375,0.0,0.7580574736842106,100,finite_k1_pi1_sweep,statistical power
tikz-v1,figure2,power_atlas_r2_c3,$N_{eff}$ by anomaly rate,7,heatmap_cell,weighted_wcs_homogeneous,finite_k1,pi1_sweep,-1.3010299956639813,4.0,-1.5,-1.1505149978319906,3.9,4.1,0.05,anomaly rate $\pi_1$,0.1,1000,0.05,,0.0018,0.0018,0.06,0.0575,-1.5587827824770388,0.0,0.7569734736842105,100,finite_k1_pi1_sweep,statistical power
tikz-v1,figure2,power_atlas_r2_c3,$N_{eff}$ by anomaly rate,7,heatmap_cell,weighted_wcs_homogeneous,finite_k1,pi1_sweep,-1.0,1.4,-1.1505149978319906,-0.8494850021680094,1.3,1.5,0.1,anomaly rate $\pi_1$,0.1,1000,0.1,,0.0,0.0,0.0,0.0,0.619788758288394,0.9,0.7614612222222221,100,finite_k1_pi1_sweep,statistical power
tikz-v1,figure2,power_atlas_r2_c3,$N_{eff}$ by anomaly rate,7,heatmap_cell,weighted_wcs_homogeneous,finite_k1,pi1_sweep,-1.0,1.6,-1.1505149978319906,-0.8494850021680094,1.5,1.7,0.1,anomaly rate $\pi_1$,0.1,1000,0.1,,0.0002,0.0002,0.01,0.0183333333333333,0.431798275933005,0.91,0.7622224444444445,100,finite_k1_pi1_sweep,statistical power
tikz-v1,figure2,power_atlas_r2_c3,$N_{eff}$ by anomaly rate,7,heatmap_cell,weighted_wcs_homogeneous,finite_k1,pi1_sweep,-1.0,1.7999999999999998,-1.1505149978319906,-0.8494850021680094,1.7,1.9,0.1,anomaly rate $\pi_1$,0.1,1000,0.1,,0.0001,0.0001,0.01,0.0,0.2347219480162203,0.78,0.7637898888888889,100,finite_k1_pi1_sweep,statistical power
tikz-v1,figure2,power_atlas_r2_c3,$N_{eff}$ by anomaly rate,7,heatmap_cell,weighted_wcs_homogeneous,finite_k1,pi1_sweep,-1.0,2.0,-1.1505149978319906,-0.8494850021680094,1.9,2.1,0.1,anomaly rate $\pi_1$,0.1,1000,0.1,,0.0028,0.0028,0.02,0.0374038461538461,0.0040867803338809,0.5,0.7567622222222222,100,finite_k1_pi1_sweep,statistical power
tikz-v1,figure2,power_atlas_r2_c3,$N_{eff}$ by anomaly rate,7,heatmap_cell,weighted_wcs_homogeneous,finite_k1,pi1_sweep,-1.0,2.2,-1.1505149978319906,-0.8494850021680094,2.1,2.3,0.1,anomaly rate $\pi_1$,0.1,1000,0.1,,0.0009,0.0009,0.04,0.0278846153846153,-0.1819673811267596,0.12,0.7575386666666667,100,finite_k1_pi1_sweep,statistical power
tikz-v1,figure2,power_atlas_r2_c3,$N_{eff}$ by anomaly rate,7,heatmap_cell,weighted_wcs_homogeneous,finite_k1,pi1_sweep,-1.0,2.4,-1.1505149978319906,-0.8494850021680094,2.3,2.5,0.1,anomaly rate $\pi_1$,0.1,1000,0.1,,0.0013,0.0013,0.05,0.0225,-0.4014005407815441,0.0,0.7541380000000001,100,finite_k1_pi1_sweep,statistical power
tikz-v1,figure2,power_atlas_r2_c3,$N_{eff}$ by anomaly rate,7,heatmap_cell,weighted_wcs_homogeneous,finite_k1,pi1_sweep,-1.0,2.6,-1.1505149978319906,-0.8494850021680094,2.5,2.7,0.1,anomaly rate $\pi_1$,0.1,1000,0.1,,0.0011,0.0011,0.07,0.0345,-0.5840471274585541,0.0,0.7623657777777777,100,finite_k1_pi1_sweep,statistical power
tikz-v1,figure2,power_atlas_r2_c3,$N_{eff}$ by anomaly rate,7,heatmap_cell,weighted_wcs_homogeneous,finite_k1,pi1_sweep,-1.0,2.8,-1.1505149978319906,-0.8494850021680094,2.7,2.9,0.1,anomaly rate $\pi_1$,0.1,1000,0.1,,0.0006,0.0006,0.02,0.0,-0.7708255253614116,0.0,0.7623403333333334,100,finite_k1_pi1_sweep,statistical power
tikz-v1,figure2,power_atlas_r2_c3,$N_{eff}$ by anomaly rate,7,heatmap_cell,weighted_wcs_homogeneous,finite_k1,pi1_sweep,-1.0,3.0,-1.1505149978319906,-0.8494850021680094,2.9,3.1,0.1,anomaly rate $\pi_1$,0.1,1000,0.1,,0.0008,0.0008,0.08,0.0175,-0.9778078560103968,0.0,0.7642092222222223,100,finite_k1_pi1_sweep,statistical power
tikz-v1,figure2,power_atlas_r2_c3,$N_{eff}$ by anomaly rate,7,heatmap_cell,weighted_wcs_homogeneous,finite_k1,pi1_sweep,-1.0,3.2,-1.1505149978319906,-0.8494850021680094,3.1,3.3,0.1,anomaly rate $\pi_1$,0.1,1000,0.1,,0.0027,0.0027,0.1,0.0092857142857142,-1.15926383118299,0.0,0.756832,100,finite_k1_pi1_sweep,statistical power
tikz-v1,figure2,power_atlas_r2_c3,$N_{eff}$ by anomaly rate,7,heatmap_cell,weighted_wcs_homogeneous,finite_k1,pi1_sweep,-1.0,3.4,-1.1505149978319906,-0.8494850021680094,3.3,3.5,0.1,anomaly rate $\pi_1$,0.1,1000,0.1,,0.0015,0.0015,0.06,0.0319523809523809,-1.3544926005894364,0.0,0.7625723333333333,100,finite_k1_pi1_sweep,statistical power
tikz-v1,figure2,power_atlas_r2_c3,$N_{eff}$ by anomaly rate,7,heatmap_cell,weighted_wcs_homogeneous,finite_k1,pi1_sweep,-1.0,3.6,-1.1505149978319906,-0.8494850021680094,3.5,3.7,0.1,anomaly rate $\pi_1$,0.1,1000,0.1,,0.004,0.004,0.19,0.0461666666666666,-1.5543680009900875,0.0,0.7547992222222223,100,finite_k1_pi1_sweep,statistical power
tikz-v1,figure2,power_atlas_r2_c3,$N_{eff}$ by anomaly rate,7,heatmap_cell,weighted_wcs_homogeneous,finite_k1,pi1_sweep,-1.0,3.8,-1.1505149978319906,-0.8494850021680094,3.7,3.9,0.1,anomaly rate $\pi_1$,0.1,1000,0.1,,0.0037,0.0037,0.17,0.0528571428571428,-1.7315989937504113,0.0,0.7587880000000001,100,finite_k1_pi1_sweep,statistical power
tikz-v1,figure2,power_atlas_r2_c3,$N_{eff}$ by anomaly rate,7,heatmap_cell,weighted_wcs_homogeneous,finite_k1,pi1_sweep,-1.0,4.0,-1.1505149978319906,-0.8494850021680094,3.9,4.1,0.1,anomaly rate $\pi_1$,0.1,1000,0.1,,0.0044,0.0044,0.26,0.085051282051282,-1.8451671523023871,0.0,0.7604916666666667,100,finite_k1_pi1_sweep,statistical power
tikz-v1,figure2,power_atlas_r2_c3,$N_{eff}$ by anomaly rate,7,heatmap_cell,weighted_wcs_homogeneous,finite_k1,pi1_sweep,-0.6989700043360187,1.4,-0.8494850021680094,-0.5484550065040281,1.3,1.5,0.2,anomaly rate $\pi_1$,0.1,1000,0.2,,0.0002,0.0002,0.02,0.005,0.3187587626244127,0.91,0.7625868125,100,finite_k1_pi1_sweep,statistical power
tikz-v1,figure2,power_atlas_r2_c3,$N_{eff}$ by anomaly rate,7,heatmap_cell,weighted_wcs_homogeneous,finite_k1,pi1_sweep,-0.6989700043360187,1.6,-0.8494850021680094,-0.5484550065040281,1.5,1.7,0.2,anomaly rate $\pi_1$,0.1,1000,0.2,,0.0005,0.0005,0.04,0.0175,0.1307682802690238,0.84,0.75692,100,finite_k1_pi1_sweep,statistical power
tikz-v1,figure2,power_atlas_r2_c3,$N_{eff}$ by anomaly rate,7,heatmap_cell,weighted_wcs_homogeneous,finite_k1,pi1_sweep,-0.6989700043360187,1.7999999999999998,-0.8494850021680094,-0.5484550065040281,1.7,1.9,0.2,anomaly rate $\pi_1$,0.1,1000,0.2,,0.0003999999999999,0.0003999999999999,0.03,0.0125,-0.069350361925435,0.35,0.75960825,100,finite_k1_pi1_sweep,statistical power
tikz-v1,figure2,power_atlas_r2_c3,$N_{eff}$ by anomaly rate,7,heatmap_cell,weighted_wcs_homogeneous,finite_k1,pi1_sweep,-0.6989700043360187,2.0,-0.8494850021680094,-0.5484550065040281,1.9,2.1,0.2,anomaly rate $\pi_1$,0.1,1000,0.2,,0.00075,0.00075,0.07,0.0236666666666666,-0.2618447006621758,0.01,0.7572333125,100,finite_k1_pi1_sweep,statistical power
tikz-v1,figure2,power_atlas_r2_c3,$N_{eff}$ by anomaly rate,7,heatmap_cell,weighted_wcs_homogeneous,finite_k1,pi1_sweep,-0.6989700043360187,2.2,-0.8494850021680094,-0.5484550065040281,2.1,2.3,0.2,anomaly rate $\pi_1$,0.1,1000,0.2,,0.0006999999999999,0.0006999999999999,0.03,0.0085,-0.4593924877592308,0.0,0.7603699375,100,finite_k1_pi1_sweep,statistical power
tikz-v1,figure2,power_atlas_r2_c3,$N_{eff}$ by anomaly rate,7,heatmap_cell,weighted_wcs_homogeneous,finite_k1,pi1_sweep,-0.6989700043360187,2.4,-0.8494850021680094,-0.5484550065040281,2.3,2.5,0.2,anomaly rate $\pi_1$,0.1,1000,0.2,,0.00295,0.00295,0.1,0.025068376068376,-0.6810097215617869,0.0,0.7632433125000001,100,finite_k1_pi1_sweep,statistical power
tikz-v1,figure2,power_atlas_r2_c3,$N_{eff}$ by anomaly rate,7,heatmap_cell,weighted_wcs_homogeneous,finite_k1,pi1_sweep,-0.6989700043360187,2.6,-0.8494850021680094,-0.5484550065040281,2.5,2.7,0.2,anomaly rate $\pi_1$,0.1,1000,0.2,,0.0017,0.0017,0.1,0.0146904761904761,-0.8640348102624525,0.0,0.7630833124999999,100,finite_k1_pi1_sweep,statistical power
tikz-v1,figure2,power_atlas_r2_c3,$N_{eff}$ by anomaly rate,7,heatmap_cell,weighted_wcs_homogeneous,finite_k1,pi1_sweep,-0.6989700043360187,2.8,-0.8494850021680094,-0.5484550065040281,2.7,2.9,0.2,anomaly rate $\pi_1$,0.1,1000,0.2,,0.0004,0.0004,0.05,0.015,-1.0561422620590524,0.0,0.76038325,100,finite_k1_pi1_sweep,statistical power
tikz-v1,figure2,power_atlas_r2_c3,$N_{eff}$ by anomaly rate,7,heatmap_cell,weighted_wcs_homogeneous,finite_k1,pi1_sweep,-0.6989700043360187,3.0,-0.8494850021680094,-0.5484550065040281,2.9,3.1,0.2,anomaly rate $\pi_1$,0.1,1000,0.2,,0.00325,0.00325,0.16,0.0561126984126984,-1.2802595982184606,0.0,0.7555975,100,finite_k1_pi1_sweep,statistical power
tikz-v1,figure2,power_atlas_r2_c3,$N_{eff}$ by anomaly rate,7,heatmap_cell,weighted_wcs_homogeneous,finite_k1,pi1_sweep,-0.6989700043360187,3.2,-0.8494850021680094,-0.5484550065040281,3.1,3.3,0.2,anomaly rate $\pi_1$,0.1,1000,0.2,,0.0035,0.0035,0.18,0.0563776106934001,-1.4774513547871166,0.0,0.7564954375,100,finite_k1_pi1_sweep,statistical power
tikz-v1,figure2,power_atlas_r2_c3,$N_{eff}$ by anomaly rate,7,heatmap_cell,weighted_wcs_homogeneous,finite_k1,pi1_sweep,-0.6989700043360187,3.4,-0.8494850021680094,-0.5484550065040281,3.3,3.5,0.2,anomaly rate $\pi_1$,0.1,1000,0.2,,0.00635,0.00635,0.25,0.042642094017094,-1.6555225962534177,0.0,0.7611206875,100,finite_k1_pi1_sweep,statistical power
tikz-v1,figure2,power_atlas_r2_c3,$N_{eff}$ by anomaly rate,7,heatmap_cell,weighted_wcs_homogeneous,finite_k1,pi1_sweep,-0.6989700043360187,3.6,-0.8494850021680094,-0.5484550065040281,3.5,3.7,0.2,anomaly rate $\pi_1$,0.1,1000,0.2,,0.00605,0.00605,0.34,0.0433611111111111,-1.8553979966540688,0.0,0.7573003749999999,100,finite_k1_pi1_sweep,statistical power
tikz-v1,figure2,power_atlas_r2_c3,$N_{eff}$ by anomaly rate,7,heatmap_cell,weighted_wcs_homogeneous,finite_k1,pi1_sweep,-0.6989700043360187,3.8,-0.8494850021680094,-0.5484550065040281,3.7,3.9,0.2,anomaly rate $\pi_1$,0.1,1000,0.2,,0.00695,0.00695,0.37,0.0519664224664224,-2.012880267161328,0.0,0.7619803750000002,100,finite_k1_pi1_sweep,statistical power
tikz-v1,figure2,power_atlas_r2_c3,$N_{eff}$ by anomaly rate,7,heatmap_cell,weighted_wcs_homogeneous,finite_k1,pi1_sweep,-0.6989700043360187,4.0,-0.8494850021680094,-0.5484550065040281,3.9,4.1,0.2,anomaly rate $\pi_1$,0.1,1000,0.2,,0.0072,0.0072,0.43,0.0595833333333333,-2.146190073315927,0.0,0.762013875,100,finite_k1_pi1_sweep,statistical power
tikz-v1,figure2,power_atlas_r3_c4,$N_{eff}$ by FDR level,12,heatmap_cell,weighted_wcs_homogeneous,finite_k2,alpha_sweep,-2.0,1.4,-2.1989700043360187,-1.8010299956639813,1.3,1.5,0.01,nominal FDR $\alpha$,0.01,1000,0.05,,0.0,0.0,0.0,0.0,1.9208187539523751,0.98,0.9196572631578946,100,finite_k2_alpha_sweep,statistical power
tikz-v1,figure2,power_atlas_r3_c4,$N_{eff}$ by FDR level,12,heatmap_cell,weighted_wcs_homogeneous,finite_k2,alpha_sweep,-2.0,1.6,-2.1989700043360187,-1.8010299956639813,1.5,1.7,0.01,nominal FDR $\alpha$,0.01,1000,0.05,,0.0,0.0,0.0,0.0,1.7153669383950672,1.0,0.9166254736842104,100,finite_k2_alpha_sweep,statistical power
tikz-v1,figure2,power_atlas_r3_c4,$N_{eff}$ by FDR level,12,heatmap_cell,weighted_wcs_homogeneous,finite_k2,alpha_sweep,-2.0,1.7999999999999998,-2.1989700043360187,-1.8010299956639813,1.7,1.9,0.01,nominal FDR $\alpha$,0.01,1000,0.05,,0.0,0.0,0.0,0.0,1.5333866137610568,0.98,0.9230686315789474,100,finite_k2_alpha_sweep,statistical power
tikz-v1,figure2,power_atlas_r3_c4,$N_{eff}$ by FDR level,12,heatmap_cell,weighted_wcs_homogeneous,finite_k2,alpha_sweep,-2.0,2.0,-2.1989700043360187,-1.8010299956639813,1.9,2.1,0.01,nominal FDR $\alpha$,0.01,1000,0.05,,0.0,0.0,0.0,0.0,1.3419886033428876,0.99,0.9233023157894736,100,finite_k2_alpha_sweep,statistical power
tikz-v1,figure2,power_atlas_r3_c4,$N_{eff}$ by FDR level,12,heatmap_cell,weighted_wcs_homogeneous,finite_k2,alpha_sweep,-2.0,2.2,-2.1989700043360187,-1.8010299956639813,2.1,2.3,0.01,nominal FDR $\alpha$,0.01,1000,0.05,,0.0,0.0,0.0,0.0,1.1173438054736222,0.96,0.9225966315789472,100,finite_k2_alpha_sweep,statistical power
tikz-v1,figure2,power_atlas_r3_c4,$N_{eff}$ by FDR level,12,heatmap_cell,weighted_wcs_homogeneous,finite_k2,alpha_sweep,-2.0,2.4,-2.1989700043360187,-1.8010299956639813,2.3,2.5,0.01,nominal FDR $\alpha$,0.01,1000,0.05,,0.0,0.0,0.0,0.0,0.9367601834010784,0.94,0.918841684210526,100,finite_k2_alpha_sweep,statistical power
tikz-v1,figure2,power_atlas_r3_c4,$N_{eff}$ by FDR level,12,heatmap_cell,weighted_wcs_homogeneous,finite_k2,alpha_sweep,-2.0,2.6,-2.1989700043360187,-1.8010299956639813,2.5,2.7,0.01,nominal FDR $\alpha$,0.01,1000,0.05,,0.0,0.0,0.0,0.0,0.7304690280783216,0.96,0.9192054736842106,100,finite_k2_alpha_sweep,statistical power
tikz-v1,figure2,power_atlas_r3_c4,$N_{eff}$ by FDR level,12,heatmap_cell,weighted_wcs_homogeneous,finite_k2,alpha_sweep,-2.0,2.8,-2.1989700043360187,-1.8010299956639813,2.7,2.9,0.01,nominal FDR $\alpha$,0.01,1000,0.05,,0.0002,0.0002,0.01,0.0,0.5163404535740291,0.9,0.922290105263158,100,finite_k2_alpha_sweep,statistical power
tikz-v1,figure2,power_atlas_r3_c4,$N_{eff}$ by FDR level,12,heatmap_cell,weighted_wcs_homogeneous,finite_k2,alpha_sweep,-2.0,3.0,-2.1989700043360187,-1.8010299956639813,2.9,3.1,0.01,nominal FDR $\alpha$,0.01,1000,0.05,,0.0002,0.0002,0.01,0.0,0.3005959181846626,0.84,0.9198046315789474,100,finite_k2_alpha_sweep,statistical power
tikz-v1,figure2,power_atlas_r3_c4,$N_{eff}$ by FDR level,12,heatmap_cell,weighted_wcs_homogeneous,finite_k2,alpha_sweep,-2.0,3.2,-2.1989700043360187,-1.8010299956639813,3.1,3.3,0.01,nominal FDR $\alpha$,0.01,1000,0.05,,0.0002,0.0002,0.01,0.0,0.1116425346971617,0.79,0.9205951578947368,100,finite_k2_alpha_sweep,statistical power
tikz-v1,figure2,power_atlas_r3_c4,$N_{eff}$ by FDR level,12,heatmap_cell,weighted_wcs_homogeneous,finite_k2,alpha_sweep,-2.0,3.4,-2.1989700043360187,-1.8010299956639813,3.3,3.5,0.01,nominal FDR $\alpha$,0.01,1000,0.05,,0.0002,0.0002,0.01,0.0,-0.0534626049254553,0.37,0.9221610526315788,100,finite_k2_alpha_sweep,statistical power
tikz-v1,figure2,power_atlas_r3_c4,$N_{eff}$ by FDR level,12,heatmap_cell,weighted_wcs_homogeneous,finite_k2,alpha_sweep,-2.0,3.6,-2.1989700043360187,-1.8010299956639813,3.5,3.7,0.01,nominal FDR $\alpha$,0.01,1000,0.05,,0.0,0.0,0.0,0.0,-0.2533380053261064,0.01,0.9215791578947368,100,finite_k2_alpha_sweep,statistical power
tikz-v1,figure2,power_atlas_r3_c4,$N_{eff}$ by FDR level,12,heatmap_cell,weighted_wcs_homogeneous,finite_k2,alpha_sweep,-2.0,3.8,-2.1989700043360187,-1.8010299956639813,3.7,3.9,0.01,nominal FDR $\alpha$,0.01,1000,0.05,,0.0002,0.0002,0.01,0.005,-0.4533183400470376,0.0,0.9212170526315788,100,finite_k2_alpha_sweep,statistical power
tikz-v1,figure2,power_atlas_r3_c4,$N_{eff}$ by FDR level,12,heatmap_cell,weighted_wcs_homogeneous,finite_k2,alpha_sweep,-2.0,4.0,-2.1989700043360187,-1.8010299956639813,3.9,4.1,0.01,nominal FDR $\alpha$,0.01,1000,0.05,,0.0,0.0,0.0,0.0,-0.5441300819879646,0.0,0.9179014736842104,100,finite_k2_alpha_sweep,statistical power
tikz-v1,figure2,power_atlas_r3_c4,$N_{eff}$ by FDR level,12,heatmap_cell,weighted_wcs_homogeneous,finite_k2,alpha_sweep,-1.6020599913279625,1.4,-1.8010299956639813,-1.451544993495972,1.3,1.5,0.025,nominal FDR $\alpha$,0.025,1000,0.05,,0.0002,0.0002,0.01,0.005,1.5228787452803374,0.98,0.920138105263158,100,finite_k2_alpha_sweep,statistical power
tikz-v1,figure2,power_atlas_r3_c4,$N_{eff}$ by FDR level,12,heatmap_cell,weighted_wcs_homogeneous,finite_k2,alpha_sweep,-1.6020599913279625,1.6,-1.8010299956639813,-1.451544993495972,1.5,1.7,0.025,nominal FDR $\alpha$,0.025,1000,0.05,,0.0,0.0,0.0,0.0,1.3348882629249486,0.99,0.9208134736842104,100,finite_k2_alpha_sweep,statistical power
tikz-v1,figure2,power_atlas_r3_c4,$N_{eff}$ by FDR level,12,heatmap_cell,weighted_wcs_homogeneous,finite_k2,alpha_sweep,-1.6020599913279625,1.7999999999999998,-1.8010299956639813,-1.451544993495972,1.7,1.9,0.025,nominal FDR $\alpha$,0.025,1000,0.05,,0.0004,0.0004,0.01,0.0,1.134060735938712,0.98,0.9222858947368422,100,finite_k2_alpha_sweep,statistical power
tikz-v1,figure2,power_atlas_r3_c4,$N_{eff}$ by FDR level,12,heatmap_cell,weighted_wcs_homogeneous,finite_k2,alpha_sweep,-1.6020599913279625,2.0,-1.8010299956639813,-1.451544993495972,1.9,2.1,0.025,nominal FDR $\alpha$,0.025,1000,0.05,,0.0006,0.0006,0.02,0.0033333333333333,0.9014903193861986,0.92,0.921494105263158,100,finite_k2_alpha_sweep,statistical power
tikz-v1,figure2,power_atlas_r3_c4,$N_{eff}$ by FDR level,12,heatmap_cell,weighted_wcs_homogeneous,finite_k2,alpha_sweep,-1.6020599913279625,2.2,-1.8010299956639813,-1.451544993495972,2.1,2.3,0.025,nominal FDR $\alpha$,0.025,1000,0.05,,0.0002,0.0002,0.01,0.0,0.7016928626714921,0.94,0.9191890526315788,100,finite_k2_alpha_sweep,statistical power
tikz-v1,figure2,power_atlas_r3_c4,$N_{eff}$ by FDR level,12,heatmap_cell,weighted_wcs_homogeneous,finite_k2,alpha_sweep,-1.6020599913279625,2.4,-1.8010299956639813,-1.451544993495972,2.3,2.5,0.025,nominal FDR $\alpha$,0.025,1000,0.05,,0.0004,0.0004,0.02,0.01,0.5016894462103995,0.9,0.9198423157894736,100,finite_k2_alpha_sweep,statistical power
tikz-v1,figure2,power_atlas_r3_c4,$N_{eff}$ by FDR level,12,heatmap_cell,weighted_wcs_homogeneous,finite_k2,alpha_sweep,-1.6020599913279625,2.6,-1.8010299956639813,-1.451544993495972,2.5,2.7,0.025,nominal FDR $\alpha$,0.025,1000,0.05,,0.0016,0.0016,0.04,0.0033333333333333,0.3021170913051953,0.81,0.9219989473684213,100,finite_k2_alpha_sweep,statistical power
tikz-v1,figure2,power_atlas_r3_c4,$N_{eff}$ by FDR level,12,heatmap_cell,weighted_wcs_homogeneous,finite_k2,alpha_sweep,-1.6020599913279625,2.8,-1.8010299956639813,-1.451544993495972,2.7,2.9,0.025,nominal FDR $\alpha$,0.025,1000,0.05,,0.0018,0.0018,0.03,0.0025,0.1270537072430182,0.79,0.9186797894736842,100,finite_k2_alpha_sweep,statistical power
tikz-v1,figure2,power_atlas_r3_c4,$N_{eff}$ by FDR level,12,heatmap_cell,weighted_wcs_homogeneous,finite_k2,alpha_sweep,-1.6020599913279625,3.0,-1.8010299956639813,-1.451544993495972,2.9,3.1,0.025,nominal FDR $\alpha$,0.025,1000,0.05,,0.0016,0.0016,0.05,0.0,-0.0834886893472372,0.3,0.9212648421052632,100,finite_k2_alpha_sweep,statistical power
tikz-v1,figure2,power_atlas_r3_c4,$N_{eff}$ by FDR level,12,heatmap_cell,weighted_wcs_homogeneous,finite_k2,alpha_sweep,-1.6020599913279625,3.2,-1.8010299956639813,-1.451544993495972,3.1,3.3,0.025,nominal FDR $\alpha$,0.025,1000,0.05,,0.0025999999999999,0.0025999999999999,0.06,0.002,-0.2972131959896414,0.0,0.9219928421052632,100,finite_k2_alpha_sweep,statistical power
tikz-v1,figure2,power_atlas_r3_c4,$N_{eff}$ by FDR level,12,heatmap_cell,weighted_wcs_homogeneous,finite_k2,alpha_sweep,-1.6020599913279625,3.4,-1.8010299956639813,-1.451544993495972,3.3,3.5,0.025,nominal FDR $\alpha$,0.025,1000,0.05,,0.0014,0.0014,0.05,0.0033333333333333,-0.4514026135974929,0.0,0.9220894736842103,100,finite_k2_alpha_sweep,statistical power
tikz-v1,figure2,power_atlas_r3_c4,$N_{eff}$ by FDR level,12,heatmap_cell,weighted_wcs_homogeneous,finite_k2,alpha_sweep,-1.6020599913279625,3.6,-1.8010299956639813,-1.451544993495972,3.5,3.7,0.025,nominal FDR $\alpha$,0.025,1000,0.05,,0.0052,0.0052,0.08,0.0,-0.651278013998144,0.0,0.922079789473684,100,finite_k2_alpha_sweep,statistical power
tikz-v1,figure2,power_atlas_r3_c4,$N_{eff}$ by FDR level,12,heatmap_cell,weighted_wcs_homogeneous,finite_k2,alpha_sweep,-1.6020599913279625,3.8,-1.8010299956639813,-1.451544993495972,3.7,3.9,0.025,nominal FDR $\alpha$,0.025,1000,0.05,,0.0102,0.0102,0.1,0.0108333333333333,-0.8512583487190752,0.0,0.9203475789473684,100,finite_k2_alpha_sweep,statistical power
tikz-v1,figure2,power_atlas_r3_c4,$N_{eff}$ by FDR level,12,heatmap_cell,weighted_wcs_homogeneous,finite_k2,alpha_sweep,-1.6020599913279625,4.0,-1.8010299956639813,-1.451544993495972,3.9,4.1,0.025,nominal FDR $\alpha$,0.025,1000,0.05,,0.0174,0.0174,0.17,0.0185917415917415,-0.9437875343435338,0.0,0.9221374736842104,100,finite_k2_alpha_sweep,statistical power
tikz-v1,figure2,power_atlas_r3_c4,$N_{eff}$ by FDR level,12,heatmap_cell,weighted_wcs_homogeneous,finite_k2,alpha_sweep,-1.3010299956639813,1.4,-1.451544993495972,-1.1505149978319906,1.3,1.5,0.05,nominal FDR $\alpha$,0.05,1000,0.05,,0.0004,0.0004,0.02,0.0,1.2218487496163564,0.95,0.9192145263157891,100,finite_k2_alpha_sweep,statistical power
tikz-v1,figure2,power_atlas_r3_c4,$N_{eff}$ by FDR level,12,heatmap_cell,weighted_wcs_homogeneous,finite_k2,alpha_sweep,-1.3010299956639813,1.6,-1.451544993495972,-1.1505149978319906,1.5,1.7,0.05,nominal FDR $\alpha$,0.05,1000,0.05,,0.0002,0.0002,0.01,0.005,1.0338582672609673,0.96,0.9171269473684212,100,finite_k2_alpha_sweep,statistical power
tikz-v1,figure2,power_atlas_r3_c4,$N_{eff}$ by FDR level,12,heatmap_cell,weighted_wcs_homogeneous,finite_k2,alpha_sweep,-1.3010299956639813,1.7999999999999998,-1.451544993495972,-1.1505149978319906,1.7,1.9,0.05,nominal FDR $\alpha$,0.05,1000,0.05,,0.0006,0.0006,0.02,0.0,0.8101030815692856,0.96,0.9222572631578948,100,finite_k2_alpha_sweep,statistical power
tikz-v1,figure2,power_atlas_r3_c4,$N_{eff}$ by FDR level,12,heatmap_cell,weighted_wcs_homogeneous,finite_k2,alpha_sweep,-1.3010299956639813,2.0,-1.451544993495972,-1.1505149978319906,1.9,2.1,0.05,nominal FDR $\alpha$,0.05,1000,0.05,,0.0002,0.0002,0.01,0.0,0.6430185990068689,0.94,0.9203098947368424,100,finite_k2_alpha_sweep,statistical power
tikz-v1,figure2,power_atlas_r3_c4,$N_{eff}$ by FDR level,12,heatmap_cell,weighted_wcs_homogeneous,finite_k2,alpha_sweep,-1.3010299956639813,2.2,-1.451544993495972,-1.1505149978319906,2.1,2.3,0.05,nominal FDR $\alpha$,0.05,1000,0.05,,0.0006,0.0006,0.03,0.0,0.4006628670075109,0.8,0.9186524210526316,100,finite_k2_alpha_sweep,statistical power
tikz-v1,figure2,power_atlas_r3_c4,$N_{eff}$ by FDR level,12,heatmap_cell,weighted_wcs_homogeneous,finite_k2,alpha_sweep,-1.3010299956639813,2.4,-1.451544993495972,-1.1505149978319906,2.3,2.5,0.05,nominal FDR $\alpha$,0.05,1000,0.05,,0.0014,0.0014,0.05,0.01,0.2006594505464182,0.75,0.9198254736842104,100,finite_k2_alpha_sweep,statistical power
tikz-v1,figure2,power_atlas_r3_c4,$N_{eff}$ by FDR level,12,heatmap_cell,weighted_wcs_homogeneous,finite_k2,alpha_sweep,-1.3010299956639813,2.6,-1.451544993495972,-1.1505149978319906,2.5,2.7,0.05,nominal FDR $\alpha$,0.05,1000,0.05,,0.001,0.001,0.04,0.01,0.0010870956412141,0.58,0.9190174736842104,100,finite_k2_alpha_sweep,statistical power
tikz-v1,figure2,power_atlas_r3_c4,$N_{eff}$ by FDR level,12,heatmap_cell,weighted_wcs_homogeneous,finite_k2,alpha_sweep,-1.3010299956639813,2.8,-1.451544993495972,-1.1505149978319906,2.7,2.9,0.05,nominal FDR $\alpha$,0.05,1000,0.05,,0.003,0.003,0.06,0.0025,-0.1742868197666689,0.06,0.9235574736842104,100,finite_k2_alpha_sweep,statistical power
tikz-v1,figure2,power_atlas_r3_c4,$N_{eff}$ by FDR level,12,heatmap_cell,weighted_wcs_homogeneous,finite_k2,alpha_sweep,-1.3010299956639813,3.0,-1.451544993495972,-1.1505149978319906,2.9,3.1,0.05,nominal FDR $\alpha$,0.05,1000,0.05,,0.0094,0.0094,0.12,0.0098999999999999,-0.3947261902211497,0.0,0.919636,100,finite_k2_alpha_sweep,statistical power
tikz-v1,figure2,power_atlas_r3_c4,$N_{eff}$ by FDR level,12,heatmap_cell,weighted_wcs_homogeneous,finite_k2,alpha_sweep,-1.3010299956639813,3.2,-1.451544993495972,-1.1505149978319906,3.1,3.3,0.05,nominal FDR $\alpha$,0.05,1000,0.05,,0.0098,0.0098,0.12,0.0162499999999999,-0.5982431916536226,0.0,0.9254244210526316,100,finite_k2_alpha_sweep,statistical power
tikz-v1,figure2,power_atlas_r3_c4,$N_{eff}$ by FDR level,12,heatmap_cell,weighted_wcs_homogeneous,finite_k2,alpha_sweep,-1.3010299956639813,3.4,-1.451544993495972,-1.1505149978319906,3.3,3.5,0.05,nominal FDR $\alpha$,0.05,1000,0.05,,0.0148,0.0148,0.19,0.0254642857142857,-0.7524326092614742,0.0,0.924226105263158,100,finite_k2_alpha_sweep,statistical power
tikz-v1,figure2,power_atlas_r3_c4,$N_{eff}$ by FDR level,12,heatmap_cell,weighted_wcs_homogeneous,finite_k2,alpha_sweep,-1.3010299956639813,3.6,-1.451544993495972,-1.1505149978319906,3.5,3.7,0.05,nominal FDR $\alpha$,0.05,1000,0.05,,0.0438,0.0438,0.33,0.0274165315248906,-0.9523080096621253,0.0,0.9213031578947368,100,finite_k2_alpha_sweep,statistical power
tikz-v1,figure2,power_atlas_r3_c4,$N_{eff}$ by FDR level,12,heatmap_cell,weighted_wcs_homogeneous,finite_k2,alpha_sweep,-1.3010299956639813,3.8,-1.451544993495972,-1.1505149978319906,3.7,3.9,0.05,nominal FDR $\alpha$,0.05,1000,0.05,,0.0348,0.0348,0.4,0.033067821067821,-1.1457529461697749,0.0,0.9231955789473684,100,finite_k2_alpha_sweep,statistical power
tikz-v1,figure2,power_atlas_r3_c4,$N_{eff}$ by FDR level,12,heatmap_cell,weighted_wcs_homogeneous,finite_k2,alpha_sweep,-1.3010299956639813,4.0,-1.451544993495972,-1.1505149978319906,3.9,4.1,0.05,nominal FDR $\alpha$,0.05,1000,0.05,,0.0388,0.0388,0.45,0.0448479853479853,-1.2493519917028242,0.0,0.9207021052631578,100,finite_k2_alpha_sweep,statistical power
tikz-v1,figure2,power_atlas_r3_c4,$N_{eff}$ by FDR level,12,heatmap_cell,weighted_wcs_homogeneous,finite_k2,alpha_sweep,-1.0,1.4,-1.1505149978319906,-0.8494850021680094,1.3,1.5,0.1,nominal FDR $\alpha$,0.1,1000,0.05,,0.0012,0.0012,0.02,0.0066666666666666,0.9198393228480404,0.92,0.9216267368421052,100,finite_k2_alpha_sweep,statistical power
tikz-v1,figure2,power_atlas_r3_c4,$N_{eff}$ by FDR level,12,heatmap_cell,weighted_wcs_homogeneous,finite_k2,alpha_sweep,-1.0,1.6,-1.1505149978319906,-0.8494850021680094,1.5,1.7,0.1,nominal FDR $\alpha$,0.1,1000,0.05,,0.0006,0.0006,0.01,0.01,0.7248632346922798,0.92,0.9199374736842106,100,finite_k2_alpha_sweep,statistical power
tikz-v1,figure2,power_atlas_r3_c4,$N_{eff}$ by FDR level,12,heatmap_cell,weighted_wcs_homogeneous,finite_k2,alpha_sweep,-1.0,1.7999999999999998,-1.1505149978319906,-0.8494850021680094,1.7,1.9,0.1,nominal FDR $\alpha$,0.1,1000,0.05,,0.0032,0.0032,0.05,0.0128333333333333,0.499691118441359,0.85,0.9216842105263158,100,finite_k2_alpha_sweep,statistical power
tikz-v1,figure2,power_atlas_r3_c4,$N_{eff}$ by FDR level,12,heatmap_cell,weighted_wcs_homogeneous,finite_k2,alpha_sweep,-1.0,2.0,-1.1505149978319906,-0.8494850021680094,1.9,2.1,0.1,nominal FDR $\alpha$,0.1,1000,0.05,,0.0041999999999999,0.0041999999999999,0.08,0.023095238095238,0.3109099602019385,0.81,0.9185654736842104,100,finite_k2_alpha_sweep,statistical power
tikz-v1,figure2,power_atlas_r3_c4,$N_{eff}$ by FDR level,12,heatmap_cell,weighted_wcs_homogeneous,finite_k2,alpha_sweep,-1.0,2.2,-1.1505149978319906,-0.8494850021680094,2.1,2.3,0.1,nominal FDR $\alpha$,0.1,1000,0.05,,0.0094,0.0094,0.1,0.0375797101449275,0.1426675035687315,0.82,0.9238774736842104,100,finite_k2_alpha_sweep,statistical power
tikz-v1,figure2,power_atlas_r3_c4,$N_{eff}$ by FDR level,12,heatmap_cell,weighted_wcs_homogeneous,finite_k2,alpha_sweep,-1.0,2.4,-1.1505149978319906,-0.8494850021680094,2.3,2.5,0.1,nominal FDR $\alpha$,0.1,1000,0.05,,0.009,0.009,0.12,0.0261103896103896,-0.0671135718355703,0.28,0.9215985263157894,100,finite_k2_alpha_sweep,statistical power
tikz-v1,figure2,power_atlas_r3_c4,$N_{eff}$ by FDR level,12,heatmap_cell,weighted_wcs_homogeneous,finite_k2,alpha_sweep,-1.0,2.6,-1.1505149978319906,-0.8494850021680094,2.5,2.7,0.1,nominal FDR $\alpha$,0.1,1000,0.05,,0.0262,0.0262,0.19,0.0456951403152591,-0.2999429000227671,0.0,0.9225199999999998,100,finite_k2_alpha_sweep,statistical power
tikz-v1,figure2,power_atlas_r3_c4,$N_{eff}$ by FDR level,12,heatmap_cell,weighted_wcs_homogeneous,finite_k2,alpha_sweep,-1.0,2.8,-1.1505149978319906,-0.8494850021680094,2.7,2.9,0.1,nominal FDR $\alpha$,0.1,1000,0.05,,0.0354,0.0354,0.23,0.034517316017316,-0.4894620161977467,0.0,0.9203696842105262,100,finite_k2_alpha_sweep,statistical power
tikz-v1,figure2,power_atlas_r3_c4,$N_{eff}$ by FDR level,12,heatmap_cell,weighted_wcs_homogeneous,finite_k2,alpha_sweep,-1.0,3.0,-1.1505149978319906,-0.8494850021680094,2.9,3.1,0.1,nominal FDR $\alpha$,0.1,1000,0.05,,0.0467999999999999,0.0467999999999999,0.3,0.0522408131084601,-0.6994040818153374,0.0,0.9228987368421052,100,finite_k2_alpha_sweep,statistical power
tikz-v1,figure2,power_atlas_r3_c4,$N_{eff}$ by FDR level,12,heatmap_cell,weighted_wcs_homogeneous,finite_k2,alpha_sweep,-1.0,3.2,-1.1505149978319906,-0.8494850021680094,3.1,3.3,0.1,nominal FDR $\alpha$,0.1,1000,0.05,,0.055,0.055,0.44,0.0564186209499508,-0.8726578032548046,0.0,0.9239406315789472,100,finite_k2_alpha_sweep,statistical power
tikz-v1,figure2,power_atlas_r3_c4,$N_{eff}$ by FDR level,12,heatmap_cell,weighted_wcs_homogeneous,finite_k2,alpha_sweep,-1.0,3.4,-1.1505149978319906,-0.8494850021680094,3.3,3.5,0.1,nominal FDR $\alpha$,0.1,1000,0.05,,0.0739999999999999,0.0739999999999999,0.51,0.0706101537351537,-1.0534626049254554,0.0,0.9208574736842106,100,finite_k2_alpha_sweep,statistical power
tikz-v1,figure2,power_atlas_r3_c4,$N_{eff}$ by FDR level,12,heatmap_cell,weighted_wcs_homogeneous,finite_k2,alpha_sweep,-1.0,3.6,-1.1505149978319906,-0.8494850021680094,3.5,3.7,0.1,nominal FDR $\alpha$,0.1,1000,0.05,,0.1008,0.1008,0.78,0.0821775006039711,-1.2533380053261065,0.0,0.9195966315789472,100,finite_k2_alpha_sweep,statistical power
tikz-v1,figure2,power_atlas_r3_c4,$N_{eff}$ by FDR level,12,heatmap_cell,weighted_wcs_homogeneous,finite_k2,alpha_sweep,-1.0,3.8,-1.1505149978319906,-0.8494850021680094,3.7,3.9,0.1,nominal FDR $\alpha$,0.1,1000,0.05,,0.108,0.108,0.72,0.0888678907032453,-1.443302907622753,0.0,0.9239313684210524,100,finite_k2_alpha_sweep,statistical power
tikz-v1,figure2,power_atlas_r3_c4,$N_{eff}$ by FDR level,12,heatmap_cell,weighted_wcs_homogeneous,finite_k2,alpha_sweep,-1.0,4.0,-1.1505149978319906,-0.8494850021680094,3.9,4.1,0.1,nominal FDR $\alpha$,0.1,1000,0.05,,0.1043999999999999,0.1043999999999999,0.87,0.0782409951159951,-1.5517437490351291,0.0,0.9205385263157896,100,finite_k2_alpha_sweep,statistical power
tikz-v1,figure2,power_atlas_r3_c4,$N_{eff}$ by FDR level,12,heatmap_cell,weighted_wcs_homogeneous,finite_k2,alpha_sweep,-0.6989700043360187,1.4,-0.8494850021680094,-0.5484550065040281,1.3,1.5,0.2,nominal FDR $\alpha$,0.2,1000,0.05,,0.0126,0.0126,0.11,0.0526132769823472,0.619788758288394,0.9,0.9206852631578948,100,finite_k2_alpha_sweep,statistical power
tikz-v1,figure2,power_atlas_r3_c4,$N_{eff}$ by FDR level,12,heatmap_cell,weighted_wcs_homogeneous,finite_k2,alpha_sweep,-0.6989700043360187,1.6,-0.8494850021680094,-0.5484550065040281,1.5,1.7,0.2,nominal FDR $\alpha$,0.2,1000,0.05,,0.0336,0.0336,0.09,0.0468799090144884,0.3872161432802645,0.89,0.9204764210526316,100,finite_k2_alpha_sweep,statistical power
tikz-v1,figure2,power_atlas_r3_c4,$N_{eff}$ by FDR level,12,heatmap_cell,weighted_wcs_homogeneous,finite_k2,alpha_sweep,-0.6989700043360187,1.7999999999999998,-0.8494850021680094,-0.5484550065040281,1.7,1.9,0.2,nominal FDR $\alpha$,0.2,1000,0.05,,0.0246,0.0246,0.13,0.0632576552690404,0.2253098021363526,0.8,0.9226583157894735,100,finite_k2_alpha_sweep,statistical power
tikz-v1,figure2,power_atlas_r3_c4,$N_{eff}$ by FDR level,12,heatmap_cell,weighted_wcs_homogeneous,finite_k2,alpha_sweep,-0.6989700043360187,2.0,-0.8494850021680094,-0.5484550065040281,1.9,2.1,0.2,nominal FDR $\alpha$,0.2,1000,0.05,,0.0324,0.0324,0.17,0.0537273796793414,-0.0005805673431173,0.5,0.9190265263157896,100,finite_k2_alpha_sweep,statistical power
tikz-v1,figure2,power_atlas_r3_c4,$N_{eff}$ by FDR level,12,heatmap_cell,weighted_wcs_homogeneous,finite_k2,alpha_sweep,-0.6989700043360187,2.2,-0.8494850021680094,-0.5484550065040281,2.1,2.3,0.2,nominal FDR $\alpha$,0.2,1000,0.05,,0.0652,0.0652,0.32,0.0982749809186719,-0.185452472751543,0.11,0.9232233684210526,100,finite_k2_alpha_sweep,statistical power
tikz-v1,figure2,power_atlas_r3_c4,$N_{eff}$ by FDR level,12,heatmap_cell,weighted_wcs_homogeneous,finite_k2,alpha_sweep,-0.6989700043360187,2.4,-0.8494850021680094,-0.5484550065040281,2.3,2.5,0.2,nominal FDR $\alpha$,0.2,1000,0.05,,0.0876,0.0876,0.41,0.112792606517349,-0.4014005407815441,0.0,0.919448842105263,100,finite_k2_alpha_sweep,statistical power
tikz-v1,figure2,power_atlas_r3_c4,$N_{eff}$ by FDR level,12,heatmap_cell,weighted_wcs_homogeneous,finite_k2,alpha_sweep,-0.6989700043360187,2.6,-0.8494850021680094,-0.5484550065040281,2.5,2.7,0.2,nominal FDR $\alpha$,0.2,1000,0.05,,0.105,0.105,0.43,0.1109177864404751,-0.6009728956867483,0.0,0.9191031578947368,100,finite_k2_alpha_sweep,statistical power
tikz-v1,figure2,power_atlas_r3_c4,$N_{eff}$ by FDR level,12,heatmap_cell,weighted_wcs_homogeneous,finite_k2,alpha_sweep,-0.6989700043360187,2.8,-0.8494850021680094,-0.5484550065040281,2.7,2.9,0.2,nominal FDR $\alpha$,0.2,1000,0.05,,0.1548,0.1548,0.59,0.1313664715943456,-0.800717078282385,0.0,0.925824210526316,100,finite_k2_alpha_sweep,statistical power
tikz-v1,figure2,power_atlas_r3_c4,$N_{eff}$ by FDR level,12,heatmap_cell,weighted_wcs_homogeneous,finite_k2,alpha_sweep,-0.6989700043360187,3.0,-0.8494850021680094,-0.5484550065040281,2.9,3.1,0.2,nominal FDR $\alpha$,0.2,1000,0.05,,0.1662,0.1662,0.76,0.1602642875164699,-1.0004340774793186,0.0,0.9183802105263158,100,finite_k2_alpha_sweep,statistical power
tikz-v1,figure2,power_atlas_r3_c4,$N_{eff}$ by FDR level,12,heatmap_cell,weighted_wcs_homogeneous,finite_k2,alpha_sweep,-0.6989700043360187,3.2,-0.8494850021680094,-0.5484550065040281,3.1,3.3,0.2,nominal FDR $\alpha$,0.2,1000,0.05,,0.198,0.198,0.84,0.1602069904378474,-1.200303182981585,0.0,0.9218421052631578,100,finite_k2_alpha_sweep,statistical power
tikz-v1,figure2,power_atlas_r3_c4,$N_{eff}$ by FDR level,12,heatmap_cell,weighted_wcs_homogeneous,finite_k2,alpha_sweep,-0.6989700043360187,3.4,-0.8494850021680094,-0.5484550065040281,3.3,3.5,0.2,nominal FDR $\alpha$,0.2,1000,0.05,,0.2346,0.2346,0.94,0.2001730273439768,-1.3544926005894364,0.0,0.9237633684210526,100,finite_k2_alpha_sweep,statistical power
tikz-v1,figure2,power_atlas_r3_c4,$N_{eff}$ by FDR level,12,heatmap_cell,weighted_wcs_homogeneous,finite_k2,alpha_sweep,-0.6989700043360187,3.6,-0.8494850021680094,-0.5484550065040281,3.5,3.7,0.2,nominal FDR $\alpha$,0.2,1000,0.05,,0.2025999999999999,0.2025999999999999,0.94,0.1581159894301858,-1.5543680009900875,0.0,0.9243530526315789,100,finite_k2_alpha_sweep,statistical power
tikz-v1,figure2,power_atlas_r3_c4,$N_{eff}$ by FDR level,12,heatmap_cell,weighted_wcs_homogeneous,finite_k2,alpha_sweep,-0.6989700043360187,3.8,-0.8494850021680094,-0.5484550065040281,3.7,3.9,0.2,nominal FDR $\alpha$,0.2,1000,0.05,,0.2286,0.2286,0.98,0.187981442638473,-1.752070427492729,0.0,0.9252258947368422,100,finite_k2_alpha_sweep,statistical power
tikz-v1,figure2,power_atlas_r3_c4,$N_{eff}$ by FDR level,12,heatmap_cell,weighted_wcs_homogeneous,finite_k2,alpha_sweep,-0.6989700043360187,4.0,-0.8494850021680094,-0.5484550065040281,3.9,4.1,0.2,nominal FDR $\alpha$,0.2,1000,0.05,,0.2128,0.2128,0.96,0.1814226051945043,-1.8488330379809312,0.0,0.9196200000000002,100,finite_k2_alpha_sweep,statistical power
tikz-v1,figure2,power_atlas_r3_c2,$N_{eff}$ by $m$; fixed 10 anomalies,10,heatmap_cell,weighted_wcs_homogeneous,finite_k2,m_fixed_count,1.6989700043360187,1.4,1.548455006504028,1.8494850021680092,1.3,1.5,50.0,test batch size $m$,0.1,50,,10.0,0.021,0.021,0.09,0.0266666666666666,0.2839966563652008,0.8,0.918675,100,finite_k2_m_fixed_count,statistical power
tikz-v1,figure2,power_atlas_r3_c2,$N_{eff}$ by $m$; fixed 10 anomalies,10,heatmap_cell,weighted_wcs_homogeneous,finite_k2,m_fixed_count,1.6989700043360187,1.6,1.548455006504028,1.8494850021680092,1.5,1.7,50.0,test batch size $m$,0.1,50,,10.0,0.053,0.053,0.16,0.0368809523809523,0.0861861476162833,0.73,0.9184,100,finite_k2_m_fixed_count,statistical power
tikz-v1,figure2,power_atlas_r3_c2,$N_{eff}$ by $m$; fixed 10 anomalies,10,heatmap_cell,weighted_wcs_homogeneous,finite_k2,m_fixed_count,1.6989700043360187,1.7999999999999998,1.548455006504028,1.8494850021680092,1.7,1.9,50.0,test batch size $m$,0.1,50,,10.0,0.09,0.09,0.22,0.0355819735819735,-0.0940301534832588,0.25,0.9168,100,finite_k2_m_fixed_count,statistical power
tikz-v1,figure2,power_atlas_r3_c2,$N_{eff}$ by $m$; fixed 10 anomalies,10,heatmap_cell,weighted_wcs_homogeneous,finite_k2,m_fixed_count,1.6989700043360187,2.0,1.548455006504028,1.8494850021680092,1.9,2.1,50.0,test batch size $m$,0.1,50,,10.0,0.149,0.149,0.4,0.0677196969696969,-0.3053513694466238,0.02,0.913925,100,finite_k2_m_fixed_count,statistical power
tikz-v1,figure2,power_atlas_r3_c2,$N_{eff}$ by $m$; fixed 10 anomalies,10,heatmap_cell,weighted_wcs_homogeneous,finite_k2,m_fixed_count,1.6989700043360187,2.2,1.548455006504028,1.8494850021680092,2.1,2.3,50.0,test batch size $m$,0.1,50,,10.0,0.1989999999999999,0.1989999999999999,0.59,0.0517777777777777,-0.502825092085708,0.0,0.916375,100,finite_k2_m_fixed_count,statistical power
tikz-v1,figure2,power_atlas_r3_c2,$N_{eff}$ by $m$; fixed 10 anomalies,10,heatmap_cell,weighted_wcs_homogeneous,finite_k2,m_fixed_count,1.6989700043360187,2.4,1.548455006504028,1.8494850021680092,2.3,2.5,50.0,test batch size $m$,0.1,50,,10.0,0.289,0.289,0.65,0.0545082972582972,-0.7024305364455253,0.0,0.91975,100,finite_k2_m_fixed_count,statistical power
tikz-v1,figure2,power_atlas_r3_c2,$N_{eff}$ by $m$; fixed 10 anomalies,10,heatmap_cell,weighted_wcs_homogeneous,finite_k2,m_fixed_count,1.6989700043360187,2.6,1.548455006504028,1.8494850021680092,2.5,2.7,50.0,test batch size $m$,0.1,50,,10.0,0.268,0.268,0.72,0.0600284992784992,-0.9020028913507294,0.0,0.90975,100,finite_k2_m_fixed_count,statistical power
tikz-v1,figure2,power_atlas_r3_c2,$N_{eff}$ by $m$; fixed 10 anomalies,10,heatmap_cell,weighted_wcs_homogeneous,finite_k2,m_fixed_count,1.6989700043360187,2.8,1.548455006504028,1.8494850021680092,2.7,2.9,50.0,test batch size $m$,0.1,50,,10.0,0.3340000000000001,0.3340000000000001,0.85,0.079813492063492,-1.1017470739463662,0.0,0.931025,100,finite_k2_m_fixed_count,statistical power
tikz-v1,figure2,power_atlas_r3_c2,$N_{eff}$ by $m$; fixed 10 anomalies,10,heatmap_cell,weighted_wcs_homogeneous,finite_k2,m_fixed_count,1.6989700043360187,3.0,1.548455006504028,1.8494850021680092,2.9,3.1,50.0,test batch size $m$,0.1,50,,10.0,0.363,0.363,0.89,0.0706449938949939,-1.3321939175444948,0.0,0.9258750000000002,100,finite_k2_m_fixed_count,statistical power
tikz-v1,figure2,power_atlas_r3_c2,$N_{eff}$ by $m$; fixed 10 anomalies,10,heatmap_cell,weighted_wcs_homogeneous,finite_k2,m_fixed_count,1.6989700043360187,3.2,1.548455006504028,1.8494850021680092,3.1,3.3,50.0,test batch size $m$,0.1,50,,10.0,0.328,0.328,0.92,0.0693412698412698,-1.501333178645566,0.0,0.9281,100,finite_k2_m_fixed_count,statistical power
tikz-v1,figure2,power_atlas_r3_c2,$N_{eff}$ by $m$; fixed 10 anomalies,10,heatmap_cell,weighted_wcs_homogeneous,finite_k2,m_fixed_count,1.6989700043360187,3.4,1.548455006504028,1.8494850021680092,3.3,3.5,50.0,test batch size $m$,0.1,50,,10.0,0.362,0.362,0.9,0.076271978021978,-1.6645412770655603,0.0,0.926075,100,finite_k2_m_fixed_count,statistical power
tikz-v1,figure2,power_atlas_r3_c2,$N_{eff}$ by $m$; fixed 10 anomalies,10,heatmap_cell,weighted_wcs_homogeneous,finite_k2,m_fixed_count,1.6989700043360187,3.6,1.548455006504028,1.8494850021680092,3.5,3.7,50.0,test batch size $m$,0.1,50,,10.0,0.371,0.371,0.93,0.0776197691197691,-1.901131251355372,0.0,0.928725,100,finite_k2_m_fixed_count,statistical power
tikz-v1,figure2,power_atlas_r3_c2,$N_{eff}$ by $m$; fixed 10 anomalies,10,heatmap_cell,weighted_wcs_homogeneous,finite_k2,m_fixed_count,1.6989700043360187,3.8,1.548455006504028,1.8494850021680092,3.7,3.9,50.0,test batch size $m$,0.1,50,,10.0,0.311,0.311,0.88,0.0908928571428571,-2.055378331375,0.0,0.9116499999999996,100,finite_k2_m_fixed_count,statistical power
tikz-v1,figure2,power_atlas_r3_c2,$N_{eff}$ by $m$; fixed 10 anomalies,10,heatmap_cell,weighted_wcs_homogeneous,finite_k2,m_fixed_count,1.6989700043360187,4.0,1.548455006504028,1.8494850021680092,3.9,4.1,50.0,test batch size $m$,0.1,50,,10.0,0.381,0.381,0.92,0.0749642857142857,-2.184798086384172,0.0,0.921075,100,finite_k2_m_fixed_count,statistical power
tikz-v1,figure2,power_atlas_r3_c2,$N_{eff}$ by $m$; fixed 10 anomalies,10,heatmap_cell,weighted_wcs_homogeneous,finite_k2,m_fixed_count,2.0,1.4,1.8494850021680092,2.15051499783199,1.3,1.5,100.0,test batch size $m$,0.1,100,,10.0,0.011,0.011,0.04,0.0,0.5984717736024241,0.87,0.9199555555555556,100,finite_k2_m_fixed_count,statistical power
tikz-v1,figure2,power_atlas_r3_c2,$N_{eff}$ by $m$; fixed 10 anomalies,10,heatmap_cell,weighted_wcs_homogeneous,finite_k2,m_fixed_count,2.0,1.6,1.8494850021680092,2.15051499783199,1.5,1.7,100.0,test batch size $m$,0.1,100,,10.0,0.005,0.005,0.03,0.005,0.3885841447243456,0.89,0.9224888888888888,100,finite_k2_m_fixed_count,statistical power
tikz-v1,figure2,power_atlas_r3_c2,$N_{eff}$ by $m$; fixed 10 anomalies,10,heatmap_cell,weighted_wcs_homogeneous,finite_k2,m_fixed_count,2.0,1.7999999999999998,1.8494850021680092,2.15051499783199,1.7,1.9,100.0,test batch size $m$,0.1,100,,10.0,0.0289999999999999,0.0289999999999999,0.1,0.0264285714285714,0.1938200260161128,0.73,0.9242666666666668,100,finite_k2_m_fixed_count,statistical power
tikz-v1,figure2,power_atlas_r3_c2,$N_{eff}$ by $m$; fixed 10 anomalies,10,heatmap_cell,weighted_wcs_homogeneous,finite_k2,m_fixed_count,2.0,2.0,1.8494850021680092,2.15051499783199,1.9,2.1,100.0,test batch size $m$,0.1,100,,10.0,0.037,0.037,0.12,0.0383799533799533,-0.0043213737826425,0.45,0.9213111111111114,100,finite_k2_m_fixed_count,statistical power
tikz-v1,figure2,power_atlas_r3_c2,$N_{eff}$ by $m$; fixed 10 anomalies,10,heatmap_cell,weighted_wcs_homogeneous,finite_k2,m_fixed_count,2.0,2.2,1.8494850021680092,2.15051499783199,2.1,2.3,100.0,test batch size $m$,0.1,100,,10.0,0.074,0.074,0.21,0.03625,-0.2320433971400297,0.11,0.9228111111111112,100,finite_k2_m_fixed_count,statistical power
tikz-v1,figure2,power_atlas_r3_c2,$N_{eff}$ by $m$; fixed 10 anomalies,10,heatmap_cell,weighted_wcs_homogeneous,finite_k2,m_fixed_count,2.0,2.4,1.8494850021680092,2.15051499783199,2.3,2.5,100.0,test batch size $m$,0.1,100,,10.0,0.099,0.099,0.32,0.0554682539682539,-0.4014005407815441,0.0,0.9216111111111112,100,finite_k2_m_fixed_count,statistical power
tikz-v1,figure2,power_atlas_r3_c2,$N_{eff}$ by $m$; fixed 10 anomalies,10,heatmap_cell,weighted_wcs_homogeneous,finite_k2,m_fixed_count,2.0,2.6,1.8494850021680092,2.15051499783199,2.5,2.7,100.0,test batch size $m$,0.1,100,,10.0,0.143,0.143,0.38,0.0618412698412698,-0.6087032309889842,0.0,0.9209222222222222,100,finite_k2_m_fixed_count,statistical power
tikz-v1,figure2,power_atlas_r3_c2,$N_{eff}$ by $m$; fixed 10 anomalies,10,heatmap_cell,weighted_wcs_homogeneous,finite_k2,m_fixed_count,2.0,2.8,1.8494850021680092,2.15051499783199,2.7,2.9,100.0,test batch size $m$,0.1,100,,10.0,0.184,0.184,0.6,0.0556150793650793,-0.8233735022749318,0.0,0.9267333333333332,100,finite_k2_m_fixed_count,statistical power
tikz-v1,figure2,power_atlas_r3_c2,$N_{eff}$ by $m$; fixed 10 anomalies,10,heatmap_cell,weighted_wcs_homogeneous,finite_k2,m_fixed_count,2.0,3.0,1.8494850021680092,2.15051499783199,2.9,3.1,100.0,test batch size $m$,0.1,100,,10.0,0.206,0.206,0.67,0.0930295815295815,-1.0332310523819537,0.0,0.9212777777777776,100,finite_k2_m_fixed_count,statistical power
tikz-v1,figure2,power_atlas_r3_c2,$N_{eff}$ by $m$; fixed 10 anomalies,10,heatmap_cell,weighted_wcs_homogeneous,finite_k2,m_fixed_count,2.0,3.2,1.8494850021680092,2.15051499783199,3.1,3.3,100.0,test batch size $m$,0.1,100,,10.0,0.2319999999999999,0.2319999999999999,0.73,0.0759960317460317,-1.2036153068064888,0.0,0.9190555555555554,100,finite_k2_m_fixed_count,statistical power
tikz-v1,figure2,power_atlas_r3_c2,$N_{eff}$ by $m$; fixed 10 anomalies,10,heatmap_cell,weighted_wcs_homogeneous,finite_k2,m_fixed_count,2.0,3.4,1.8494850021680092,2.15051499783199,3.3,3.5,100.0,test batch size $m$,0.1,100,,10.0,0.2159999999999999,0.2159999999999999,0.83,0.0748333333333333,-1.398503388032597,0.0,0.9293222222222224,100,finite_k2_m_fixed_count,statistical power
tikz-v1,figure2,power_atlas_r3_c2,$N_{eff}$ by $m$; fixed 10 anomalies,10,heatmap_cell,weighted_wcs_homogeneous,finite_k2,m_fixed_count,2.0,3.6,1.8494850021680092,2.15051499783199,3.5,3.7,100.0,test batch size $m$,0.1,100,,10.0,0.26,0.26,0.88,0.1035714285714285,-1.6001012556913907,0.0,0.9251777777777777,100,finite_k2_m_fixed_count,statistical power
tikz-v1,figure2,power_atlas_r3_c2,$N_{eff}$ by $m$; fixed 10 anomalies,10,heatmap_cell,weighted_wcs_homogeneous,finite_k2,m_fixed_count,2.0,3.8,1.8494850021680092,2.15051499783199,3.7,3.9,100.0,test batch size $m$,0.1,100,,10.0,0.228,0.228,0.77,0.0885238095238095,-1.7543483357110188,0.0,0.9215111111111112,100,finite_k2_m_fixed_count,statistical power
tikz-v1,figure2,power_atlas_r3_c2,$N_{eff}$ by $m$; fixed 10 anomalies,10,heatmap_cell,weighted_wcs_homogeneous,finite_k2,m_fixed_count,2.0,4.0,1.8494850021680092,2.15051499783199,3.9,4.1,100.0,test batch size $m$,0.1,100,,10.0,0.264,0.264,0.82,0.0737619047619047,-1.943941214383171,0.0,0.9297222222222224,100,finite_k2_m_fixed_count,statistical power
tikz-v1,figure2,power_atlas_r3_c2,$N_{eff}$ by $m$; fixed 10 anomalies,10,heatmap_cell,weighted_wcs_homogeneous,finite_k2,m_fixed_count,2.3010299956639813,1.4,2.15051499783199,2.5,1.3,1.5,200.0,test batch size $m$,0.1,200,,10.0,0.0,0.0,0.0,0.0,0.9069221953924314,0.95,0.9252578947368424,100,finite_k2_m_fixed_count,statistical power
tikz-v1,figure2,power_atlas_r3_c2,$N_{eff}$ by $m$; fixed 10 anomalies,10,heatmap_cell,weighted_wcs_homogeneous,finite_k2,m_fixed_count,2.3010299956639813,1.6,2.15051499783199,2.5,1.5,1.7,200.0,test batch size $m$,0.1,200,,10.0,0.002,0.002,0.02,0.005,0.6882461389442457,0.92,0.9193052631578946,100,finite_k2_m_fixed_count,statistical power
tikz-v1,figure2,power_atlas_r3_c2,$N_{eff}$ by $m$; fixed 10 anomalies,10,heatmap_cell,weighted_wcs_homogeneous,finite_k2,m_fixed_count,2.3010299956639813,1.7999999999999998,2.15051499783199,2.5,1.7,1.9,200.0,test batch size $m$,0.1,200,,10.0,0.01,0.01,0.06,0.0,0.494850021680094,0.86,0.9222105263157891,100,finite_k2_m_fixed_count,statistical power
tikz-v1,figure2,power_atlas_r3_c2,$N_{eff}$ by $m$; fixed 10 anomalies,10,heatmap_cell,weighted_wcs_homogeneous,finite_k2,m_fixed_count,2.3010299956639813,2.0,2.15051499783199,2.5,1.9,2.1,200.0,test batch size $m$,0.1,200,,10.0,0.007,0.007,0.05,0.0175,0.2903952672987658,0.78,0.9236,100,finite_k2_m_fixed_count,statistical power
tikz-v1,figure2,power_atlas_r3_c2,$N_{eff}$ by $m$; fixed 10 anomalies,10,heatmap_cell,weighted_wcs_homogeneous,finite_k2,m_fixed_count,2.3010299956639813,2.2,2.15051499783199,2.5,2.1,2.3,200.0,test batch size $m$,0.1,200,,10.0,0.016,0.016,0.09,0.0633846153846153,0.0996328713435296,0.66,0.9262684210526316,100,finite_k2_m_fixed_count,statistical power
tikz-v1,figure2,power_atlas_r3_c2,$N_{eff}$ by $m$; fixed 10 anomalies,10,heatmap_cell,weighted_wcs_homogeneous,finite_k2,m_fixed_count,2.3010299956639813,2.4,2.15051499783199,2.5,2.3,2.5,200.0,test batch size $m$,0.1,200,,10.0,0.017,0.017,0.09,0.00875,-0.1003705451175629,0.23,0.9190315789473684,100,finite_k2_m_fixed_count,statistical power
tikz-v1,figure2,power_atlas_r3_c2,$N_{eff}$ by $m$; fixed 10 anomalies,10,heatmap_cell,weighted_wcs_homogeneous,finite_k2,m_fixed_count,2.3010299956639813,2.6,2.15051499783199,2.5,2.5,2.7,200.0,test batch size $m$,0.1,200,,10.0,0.046,0.046,0.16,0.0705555555555555,-0.3027184288968085,0.0,0.921657894736842,100,finite_k2_m_fixed_count,statistical power
tikz-v1,figure2,power_atlas_r3_c2,$N_{eff}$ by $m$; fixed 10 anomalies,10,heatmap_cell,weighted_wcs_homogeneous,finite_k2,m_fixed_count,2.3010299956639813,2.8,2.15051499783199,2.5,2.7,2.9,200.0,test batch size $m$,0.1,200,,10.0,0.093,0.093,0.34,0.065766339869281,-0.4996870826184039,0.0,0.9141684210526316,100,finite_k2_m_fixed_count,statistical power
tikz-v1,figure2,power_atlas_r3_c2,$N_{eff}$ by $m$; fixed 10 anomalies,10,heatmap_cell,weighted_wcs_homogeneous,finite_k2,m_fixed_count,2.3010299956639813,3.0,2.15051499783199,2.5,2.9,3.1,200.0,test batch size $m$,0.1,200,,10.0,0.101,0.101,0.38,0.0484523809523809,-0.6994040818153374,0.0,0.9236684210526316,100,finite_k2_m_fixed_count,statistical power
tikz-v1,figure2,power_atlas_r3_c2,$N_{eff}$ by $m$; fixed 10 anomalies,10,heatmap_cell,weighted_wcs_homogeneous,finite_k2,m_fixed_count,2.3010299956639813,3.2,2.15051499783199,2.5,3.1,3.3,200.0,test batch size $m$,0.1,200,,10.0,0.161,0.161,0.56,0.0623506493506493,-0.9021785620642148,0.0,0.9251052631578948,100,finite_k2_m_fixed_count,statistical power
tikz-v1,figure2,power_atlas_r3_c2,$N_{eff}$ by $m$; fixed 10 anomalies,10,heatmap_cell,weighted_wcs_homogeneous,finite_k2,m_fixed_count,2.3010299956639813,3.4,2.15051499783199,2.5,3.3,3.5,200.0,test batch size $m$,0.1,200,,10.0,0.161,0.161,0.64,0.1138095238095238,-1.0534626049254554,0.0,0.9305473684210526,100,finite_k2_m_fixed_count,statistical power
tikz-v1,figure2,power_atlas_r3_c2,$N_{eff}$ by $m$; fixed 10 anomalies,10,heatmap_cell,weighted_wcs_homogeneous,finite_k2,m_fixed_count,2.3010299956639813,3.6,2.15051499783199,2.5,3.5,3.7,200.0,test batch size $m$,0.1,200,,10.0,0.171,0.171,0.73,0.0606349206349206,-1.2907274000877955,0.0,0.9276894736842104,100,finite_k2_m_fixed_count,statistical power
tikz-v1,figure2,power_atlas_r3_c2,$N_{eff}$ by $m$; fixed 10 anomalies,10,heatmap_cell,weighted_wcs_homogeneous,finite_k2,m_fixed_count,2.3010299956639813,3.8,2.15051499783199,2.5,3.7,3.9,200.0,test batch size $m$,0.1,200,,10.0,0.121,0.121,0.59,0.0719285714285714,-1.4533183400470375,0.0,0.9185578947368422,100,finite_k2_m_fixed_count,statistical power
tikz-v1,figure2,power_atlas_r3_c2,$N_{eff}$ by $m$; fixed 10 anomalies,10,heatmap_cell,weighted_wcs_homogeneous,finite_k2,m_fixed_count,2.3010299956639813,4.0,2.15051499783199,2.5,3.9,4.1,200.0,test batch size $m$,0.1,200,,10.0,0.164,0.164,0.68,0.0828571428571428,-1.5884820749055946,0.0,0.9256947368421052,100,finite_k2_m_fixed_count,statistical power
tikz-v1,figure2,power_atlas_r3_c2,$N_{eff}$ by $m$; fixed 10 anomalies,10,heatmap_cell,weighted_wcs_homogeneous,finite_k2,m_fixed_count,2.6989700043360187,1.4,2.5,2.8494850021680094,1.3,1.5,500.0,test batch size $m$,0.1,500,,10.0,0.0,0.0,0.0,0.0,1.2839966563652008,0.98,0.9265734693877552,100,finite_k2_m_fixed_count,statistical power
tikz-v1,figure2,power_atlas_r3_c2,$N_{eff}$ by $m$; fixed 10 anomalies,10,heatmap_cell,weighted_wcs_homogeneous,finite_k2,m_fixed_count,2.6989700043360187,1.6,2.5,2.8494850021680094,1.5,1.7,500.0,test batch size $m$,0.1,500,,10.0,0.0,0.0,0.0,0.0,1.092929002356918,0.96,0.9264612244897958,100,finite_k2_m_fixed_count,statistical power
tikz-v1,figure2,power_atlas_r3_c2,$N_{eff}$ by $m$; fixed 10 anomalies,10,heatmap_cell,weighted_wcs_homogeneous,finite_k2,m_fixed_count,2.6989700043360187,1.7999999999999998,2.5,2.8494850021680094,1.7,1.9,500.0,test batch size $m$,0.1,500,,10.0,0.0,0.0,0.0,0.01,0.8927900303521317,0.91,0.9081020408163264,100,finite_k2_m_fixed_count,statistical power
tikz-v1,figure2,power_atlas_r3_c2,$N_{eff}$ by $m$; fixed 10 anomalies,10,heatmap_cell,weighted_wcs_homogeneous,finite_k2,m_fixed_count,2.6989700043360187,2.0,2.5,2.8494850021680094,1.9,2.1,500.0,test batch size $m$,0.1,500,,10.0,0.005,0.005,0.04,0.005,0.6946486305533762,0.84,0.9193755102040816,100,finite_k2_m_fixed_count,statistical power
tikz-v1,figure2,power_atlas_r3_c2,$N_{eff}$ by $m$; fixed 10 anomalies,10,heatmap_cell,weighted_wcs_homogeneous,finite_k2,m_fixed_count,2.6989700043360187,2.2,2.5,2.8494850021680094,2.1,2.3,500.0,test batch size $m$,0.1,500,,10.0,0.011,0.011,0.07,0.0275,0.4975728800155673,0.87,0.921765306122449,100,finite_k2_m_fixed_count,statistical power
tikz-v1,figure2,power_atlas_r3_c2,$N_{eff}$ by $m$; fixed 10 anomalies,10,heatmap_cell,weighted_wcs_homogeneous,finite_k2,m_fixed_count,2.6989700043360187,2.4,2.5,2.8494850021680094,2.3,2.5,500.0,test batch size $m$,0.1,500,,10.0,0.007,0.007,0.05,0.0066666666666666,0.2975694635544746,0.8,0.9248734693877548,100,finite_k2_m_fixed_count,statistical power
tikz-v1,figure2,power_atlas_r3_c2,$N_{eff}$ by $m$; fixed 10 anomalies,10,heatmap_cell,weighted_wcs_homogeneous,finite_k2,m_fixed_count,2.6989700043360187,2.6,2.5,2.8494850021680094,2.5,2.7,500.0,test batch size $m$,0.1,500,,10.0,0.012,0.012,0.08,0.0641666666666666,0.07072760230346,0.67,0.9191755102040816,100,finite_k2_m_fixed_count,statistical power
tikz-v1,figure2,power_atlas_r3_c2,$N_{eff}$ by $m$; fixed 10 anomalies,10,heatmap_cell,weighted_wcs_homogeneous,finite_k2,m_fixed_count,2.6989700043360187,2.8,2.5,2.8494850021680094,2.7,2.9,500.0,test batch size $m$,0.1,500,,10.0,0.011,0.011,0.07,0.06,-0.1017470739463662,0.27,0.914904081632653,100,finite_k2_m_fixed_count,statistical power
tikz-v1,figure2,power_atlas_r3_c2,$N_{eff}$ by $m$; fixed 10 anomalies,10,heatmap_cell,weighted_wcs_homogeneous,finite_k2,m_fixed_count,2.6989700043360187,3.0,2.5,2.8494850021680094,2.9,3.1,500.0,test batch size $m$,0.1,500,,10.0,0.022,0.022,0.14,0.035,-0.3406800741280409,0.02,0.9213816326530612,100,finite_k2_m_fixed_count,statistical power
tikz-v1,figure2,power_atlas_r3_c2,$N_{eff}$ by $m$; fixed 10 anomalies,10,heatmap_cell,weighted_wcs_homogeneous,finite_k2,m_fixed_count,2.6989700043360187,3.2,2.5,2.8494850021680094,3.1,3.3,500.0,test batch size $m$,0.1,500,,10.0,0.022,0.022,0.13,0.0396666666666666,-0.5013331786455661,0.0,0.9113040816326528,100,finite_k2_m_fixed_count,statistical power
tikz-v1,figure2,power_atlas_r3_c2,$N_{eff}$ by $m$; fixed 10 anomalies,10,heatmap_cell,weighted_wcs_homogeneous,finite_k2,m_fixed_count,2.6989700043360187,3.4,2.5,2.8494850021680094,3.3,3.5,500.0,test batch size $m$,0.1,500,,10.0,0.0569999999999999,0.0569999999999999,0.26,0.0646190476190476,-0.7012224842565572,0.0,0.919977551020408,100,finite_k2_m_fixed_count,statistical power
tikz-v1,figure2,power_atlas_r3_c2,$N_{eff}$ by $m$; fixed 10 anomalies,10,heatmap_cell,weighted_wcs_homogeneous,finite_k2,m_fixed_count,2.6989700043360187,3.6,2.5,2.8494850021680094,3.5,3.7,500.0,test batch size $m$,0.1,500,,10.0,0.063,0.063,0.28,0.0739523809523809,-0.8920186498879353,0.0,0.9216673469387756,100,finite_k2_m_fixed_count,statistical power
tikz-v1,figure2,power_atlas_r3_c2,$N_{eff}$ by $m$; fixed 10 anomalies,10,heatmap_cell,weighted_wcs_homogeneous,finite_k2,m_fixed_count,2.6989700043360187,3.8,2.5,2.8494850021680094,3.7,3.9,500.0,test batch size $m$,0.1,500,,10.0,0.091,0.091,0.48,0.0861190476190476,-1.0664052566793227,0.0,0.9241938775510204,100,finite_k2_m_fixed_count,statistical power
tikz-v1,figure2,power_atlas_r3_c2,$N_{eff}$ by $m$; fixed 10 anomalies,10,heatmap_cell,weighted_wcs_homogeneous,finite_k2,m_fixed_count,2.6989700043360187,4.0,2.5,2.8494850021680094,3.9,4.1,500.0,test batch size $m$,0.1,500,,10.0,0.089,0.089,0.46,0.0846666666666666,-1.223828154021842,0.0,0.926861224489796,100,finite_k2_m_fixed_count,statistical power
tikz-v1,figure2,power_atlas_r3_c2,$N_{eff}$ by $m$; fixed 10 anomalies,10,heatmap_cell,weighted_wcs_homogeneous,finite_k2,m_fixed_count,3.0,1.4,2.8494850021680094,3.15051499783199,1.3,1.5,1000.0,test batch size $m$,0.1,1000,,10.0,0.002,0.002,0.02,0.0,1.585026652029182,0.96,0.9215131313131312,100,finite_k2_m_fixed_count,statistical power
tikz-v1,figure2,power_atlas_r3_c2,$N_{eff}$ by $m$; fixed 10 anomalies,10,heatmap_cell,weighted_wcs_homogeneous,finite_k2,m_fixed_count,3.0,1.6,2.8494850021680094,3.15051499783199,1.5,1.7,1000.0,test batch size $m$,0.1,1000,,10.0,0.0,0.0,0.0,0.0,1.3872161432802643,0.98,0.922458585858586,100,finite_k2_m_fixed_count,statistical power
tikz-v1,figure2,power_atlas_r3_c2,$N_{eff}$ by $m$; fixed 10 anomalies,10,heatmap_cell,weighted_wcs_homogeneous,finite_k2,m_fixed_count,3.0,1.7999999999999998,2.8494850021680094,3.15051499783199,1.7,1.9,1000.0,test batch size $m$,0.1,1000,,10.0,0.001,0.001,0.01,0.01,1.193820026016113,0.99,0.9202898989898992,100,finite_k2_m_fixed_count,statistical power
tikz-v1,figure2,power_atlas_r3_c2,$N_{eff}$ by $m$; fixed 10 anomalies,10,heatmap_cell,weighted_wcs_homogeneous,finite_k2,m_fixed_count,3.0,2.0,2.8494850021680094,3.15051499783199,1.9,2.1,1000.0,test batch size $m$,0.1,1000,,10.0,0.0,0.0,0.0,0.01,0.9956786262173576,0.95,0.9219888888888887,100,finite_k2_m_fixed_count,statistical power
tikz-v1,figure2,power_atlas_r3_c2,$N_{eff}$ by $m$; fixed 10 anomalies,10,heatmap_cell,weighted_wcs_homogeneous,finite_k2,m_fixed_count,3.0,2.2,2.8494850021680094,3.15051499783199,2.1,2.3,1000.0,test batch size $m$,0.1,1000,,10.0,0.002,0.002,0.01,0.01,0.7986028756795486,0.89,0.9187424242424244,100,finite_k2_m_fixed_count,statistical power
tikz-v1,figure2,power_atlas_r3_c2,$N_{eff}$ by $m$; fixed 10 anomalies,10,heatmap_cell,weighted_wcs_homogeneous,finite_k2,m_fixed_count,3.0,2.4,2.8494850021680094,3.15051499783199,2.3,2.5,1000.0,test batch size $m$,0.1,1000,,10.0,0.001,0.001,0.01,0.02,0.5925308717200819,0.88,0.9173505050505052,100,finite_k2_m_fixed_count,statistical power
tikz-v1,figure2,power_atlas_r3_c2,$N_{eff}$ by $m$; fixed 10 anomalies,10,heatmap_cell,weighted_wcs_homogeneous,finite_k2,m_fixed_count,3.0,2.6,2.8494850021680094,3.15051499783199,2.5,2.7,1000.0,test batch size $m$,0.1,1000,,10.0,0.001,0.001,0.01,0.015,0.3935427302387333,0.81,0.9162343434343436,100,finite_k2_m_fixed_count,statistical power
tikz-v1,figure2,power_atlas_r3_c2,$N_{eff}$ by $m$; fixed 10 anomalies,10,heatmap_cell,weighted_wcs_homogeneous,finite_k2,m_fixed_count,3.0,2.8,2.8494850021680094,3.15051499783199,2.7,2.9,1000.0,test batch size $m$,0.1,1000,,10.0,0.004,0.004,0.03,0.01,0.173817817580954,0.76,0.9214434343434346,100,finite_k2_m_fixed_count,statistical power
tikz-v1,figure2,power_atlas_r3_c2,$N_{eff}$ by $m$; fixed 10 anomalies,10,heatmap_cell,weighted_wcs_homogeneous,finite_k2,m_fixed_count,3.0,3.0,2.8494850021680094,3.15051499783199,2.9,3.1,1000.0,test batch size $m$,0.1,1000,,10.0,0.009,0.009,0.04,0.019,-0.0010258880788168,0.4,0.9140636363636364,100,finite_k2_m_fixed_count,statistical power
tikz-v1,figure2,power_atlas_r3_c2,$N_{eff}$ by $m$; fixed 10 anomalies,10,heatmap_cell,weighted_wcs_homogeneous,finite_k2,m_fixed_count,3.0,3.2,2.8494850021680094,3.15051499783199,3.1,3.3,1000.0,test batch size $m$,0.1,1000,,10.0,0.013,0.013,0.06,0.0161904761904761,-0.2003031829815849,0.06,0.9279717171717172,100,finite_k2_m_fixed_count,statistical power
tikz-v1,figure2,power_atlas_r3_c2,$N_{eff}$ by $m$; fixed 10 anomalies,10,heatmap_cell,weighted_wcs_homogeneous,finite_k2,m_fixed_count,3.0,3.4,2.8494850021680094,3.15051499783199,3.3,3.5,1000.0,test batch size $m$,0.1,1000,,10.0,0.011,0.011,0.08,0.0299999999999999,-0.3867773571077995,0.0,0.9215868686868688,100,finite_k2_m_fixed_count,statistical power
tikz-v1,figure2,power_atlas_r3_c2,$N_{eff}$ by $m$; fixed 10 anomalies,10,heatmap_cell,weighted_wcs_homogeneous,finite_k2,m_fixed_count,3.0,3.6,2.8494850021680094,3.15051499783199,3.5,3.7,1000.0,test batch size $m$,0.1,1000,,10.0,0.017,0.017,0.13,0.033,-0.5796565842843373,0.0,0.9239838383838384,100,finite_k2_m_fixed_count,statistical power
tikz-v1,figure2,power_atlas_r3_c2,$N_{eff}$ by $m$; fixed 10 anomalies,10,heatmap_cell,weighted_wcs_homogeneous,finite_k2,m_fixed_count,3.0,3.8,2.8494850021680094,3.15051499783199,3.7,3.9,1000.0,test batch size $m$,0.1,1000,,10.0,0.035,0.035,0.22,0.0825,-0.7543483357110188,0.0,0.9260151515151516,100,finite_k2_m_fixed_count,statistical power
tikz-v1,figure2,power_atlas_r3_c2,$N_{eff}$ by $m$; fixed 10 anomalies,10,heatmap_cell,weighted_wcs_homogeneous,finite_k2,m_fixed_count,3.0,4.0,2.8494850021680094,3.15051499783199,3.9,4.1,1000.0,test batch size $m$,0.1,1000,,10.0,0.044,0.044,0.27,0.0444523809523809,-0.9073050911032098,0.0,0.9208747474747476,100,finite_k2_m_fixed_count,statistical power
tikz-v1,figure2,power_atlas_r3_c2,$N_{eff}$ by $m$; fixed 10 anomalies,10,heatmap_cell,weighted_wcs_homogeneous,finite_k2,m_fixed_count,3.3010299956639813,1.4,3.15051499783199,3.451544993495972,1.3,1.5,2000.0,test batch size $m$,0.1,2000,,10.0,0.0,0.0,0.0,0.0,1.8860566476931635,0.96,0.9188452261306532,100,finite_k2_m_fixed_count,statistical power
tikz-v1,figure2,power_atlas_r3_c2,$N_{eff}$ by $m$; fixed 10 anomalies,10,heatmap_cell,weighted_wcs_homogeneous,finite_k2,m_fixed_count,3.3010299956639813,1.6,3.15051499783199,3.451544993495972,1.5,1.7,2000.0,test batch size $m$,0.1,2000,,10.0,0.0,0.0,0.0,0.0,1.694390155497195,0.99,0.9299120603015076,100,finite_k2_m_fixed_count,statistical power
tikz-v1,figure2,power_atlas_r3_c2,$N_{eff}$ by $m$; fixed 10 anomalies,10,heatmap_cell,weighted_wcs_homogeneous,finite_k2,m_fixed_count,3.3010299956639813,1.7999999999999998,3.15051499783199,3.451544993495972,1.7,1.9,2000.0,test batch size $m$,0.1,2000,,10.0,0.0,0.0,0.0,0.0,1.494850021680094,1.0,0.9270422110552764,100,finite_k2_m_fixed_count,statistical power
tikz-v1,figure2,power_atlas_r3_c2,$N_{eff}$ by $m$; fixed 10 anomalies,10,heatmap_cell,weighted_wcs_homogeneous,finite_k2,m_fixed_count,3.3010299956639813,2.0,3.15051499783199,3.451544993495972,1.9,2.1,2000.0,test batch size $m$,0.1,2000,,10.0,0.0,0.0,0.0,0.0,1.2967086218813386,0.98,0.9233587939698492,100,finite_k2_m_fixed_count,statistical power
tikz-v1,figure2,power_atlas_r3_c2,$N_{eff}$ by $m$; fixed 10 anomalies,10,heatmap_cell,weighted_wcs_homogeneous,finite_k2,m_fixed_count,3.3010299956639813,2.2,3.15051499783199,3.451544993495972,2.1,2.3,2000.0,test batch size $m$,0.1,2000,,10.0,0.0,0.0,0.0,0.03,1.0543155531403308,0.91,0.9201266331658292,100,finite_k2_m_fixed_count,statistical power
tikz-v1,figure2,power_atlas_r3_c2,$N_{eff}$ by $m$; fixed 10 anomalies,10,heatmap_cell,weighted_wcs_homogeneous,finite_k2,m_fixed_count,3.3010299956639813,2.4,3.15051499783199,3.451544993495972,2.3,2.5,2000.0,test batch size $m$,0.1,2000,,10.0,0.0,0.0,0.0,0.02,0.8785801925130285,0.94,0.9238608040201004,100,finite_k2_m_fixed_count,statistical power
tikz-v1,figure2,power_atlas_r3_c2,$N_{eff}$ by $m$; fixed 10 anomalies,10,heatmap_cell,weighted_wcs_homogeneous,finite_k2,m_fixed_count,3.3010299956639813,2.6,3.15051499783199,3.451544993495972,2.5,2.7,2000.0,test batch size $m$,0.1,2000,,10.0,0.003,0.003,0.03,0.025,0.6990862352400753,0.92,0.9228447236180906,100,finite_k2_m_fixed_count,statistical power
tikz-v1,figure2,power_atlas_r3_c2,$N_{eff}$ by $m$; fixed 10 anomalies,10,heatmap_cell,weighted_wcs_homogeneous,finite_k2,m_fixed_count,3.3010299956639813,2.8,3.15051499783199,3.451544993495972,2.7,2.9,2000.0,test batch size $m$,0.1,2000,,10.0,0.001,0.001,0.01,0.0,0.5003129173815962,0.88,0.914238190954774,100,finite_k2_m_fixed_count,statistical power
tikz-v1,figure2,power_atlas_r3_c2,$N_{eff}$ by $m$; fixed 10 anomalies,10,heatmap_cell,weighted_wcs_homogeneous,finite_k2,m_fixed_count,3.3010299956639813,3.0,3.15051499783199,3.451544993495972,2.9,3.1,2000.0,test batch size $m$,0.1,2000,,10.0,0.002,0.002,0.02,0.01,0.2580134536903885,0.76,0.917010552763819,100,finite_k2_m_fixed_count,statistical power
tikz-v1,figure2,power_atlas_r3_c2,$N_{eff}$ by $m$; fixed 10 anomalies,10,heatmap_cell,weighted_wcs_homogeneous,finite_k2,m_fixed_count,3.3010299956639813,3.2,3.15051499783199,3.451544993495972,3.1,3.3,2000.0,test batch size $m$,0.1,2000,,10.0,0.001,0.001,0.01,0.0175,0.1007268126823962,0.7,0.9122969849246227,100,finite_k2_m_fixed_count,statistical power
tikz-v1,figure2,power_atlas_r3_c2,$N_{eff}$ by $m$; fixed 10 anomalies,10,heatmap_cell,weighted_wcs_homogeneous,finite_k2,m_fixed_count,3.3010299956639813,3.4,3.15051499783199,3.451544993495972,3.3,3.5,2000.0,test batch size $m$,0.1,2000,,10.0,0.002,0.002,0.01,0.0033333333333333,-0.0991624929285947,0.22,0.9223497487437186,100,finite_k2_m_fixed_count,statistical power
tikz-v1,figure2,power_atlas_r3_c2,$N_{eff}$ by $m$; fixed 10 anomalies,10,heatmap_cell,weighted_wcs_homogeneous,finite_k2,m_fixed_count,3.3010299956639813,3.6,3.15051499783199,3.451544993495972,3.5,3.7,2000.0,test batch size $m$,0.1,2000,,10.0,0.007,0.007,0.04,0.0185,-0.2920059852925808,0.0,0.9234849246231154,100,finite_k2_m_fixed_count,statistical power
tikz-v1,figure2,power_atlas_r3_c2,$N_{eff}$ by $m$; fixed 10 anomalies,10,heatmap_cell,weighted_wcs_homogeneous,finite_k2,m_fixed_count,3.3010299956639813,3.8,3.15051499783199,3.451544993495972,3.7,3.9,2000.0,test batch size $m$,0.1,2000,,10.0,0.021,0.021,0.08,0.0239682539682539,-0.4533183400470376,0.0,0.9254773869346734,100,finite_k2_m_fixed_count,statistical power
tikz-v1,figure2,power_atlas_r3_c2,$N_{eff}$ by $m$; fixed 10 anomalies,10,heatmap_cell,weighted_wcs_homogeneous,finite_k2,m_fixed_count,3.3010299956639813,4.0,3.15051499783199,3.451544993495972,3.9,4.1,2000.0,test batch size $m$,0.1,2000,,10.0,0.006,0.006,0.05,0.0158333333333333,-0.6029078152693448,0.0,0.9233442211055276,100,finite_k2_m_fixed_count,statistical power
tikz-v1,figure2,power_atlas_r3_c1,$N_{eff}$ by $m$; fixed $\pi_1=0.05$,9,heatmap_cell,weighted_wcs_homogeneous,finite_k2,m_fixed_pi,1.6989700043360187,1.4,1.548455006504028,1.8494850021680092,1.3,1.5,50.0,test batch size $m$,0.1,50,0.05,,0.015,0.015,0.03,0.005,0.9232202017920484,0.95,0.9188541666666664,100,finite_k2_m_fixed_pi,statistical power
tikz-v1,figure2,power_atlas_r3_c1,$N_{eff}$ by $m$; fixed $\pi_1=0.05$,9,heatmap_cell,weighted_wcs_homogeneous,finite_k2,m_fixed_pi,1.6989700043360187,1.6,1.548455006504028,1.8494850021680092,1.5,1.7,50.0,test batch size $m$,0.1,50,0.05,,0.015,0.015,0.02,0.02,0.7304598636775768,0.89,0.904375,100,finite_k2_m_fixed_pi,statistical power
tikz-v1,figure2,power_atlas_r3_c1,$N_{eff}$ by $m$; fixed $\pi_1=0.05$,9,heatmap_cell,weighted_wcs_homogeneous,finite_k2,m_fixed_pi,1.6989700043360187,1.7999999999999998,1.548455006504028,1.8494850021680092,1.7,1.9,50.0,test batch size $m$,0.1,50,0.05,,0.02,0.02,0.04,0.04,0.5344774082995501,0.83,0.9323958333333334,100,finite_k2_m_fixed_pi,statistical power
tikz-v1,figure2,power_atlas_r3_c1,$N_{eff}$ by $m$; fixed $\pi_1=0.05$,9,heatmap_cell,weighted_wcs_homogeneous,finite_k2,m_fixed_pi,1.6989700043360187,2.0,1.548455006504028,1.8494850021680092,1.9,2.1,50.0,test batch size $m$,0.1,50,0.05,,0.04,0.04,0.07,0.031,0.3690307461526807,0.83,0.926875,100,finite_k2_m_fixed_pi,statistical power
tikz-v1,figure2,power_atlas_r3_c1,$N_{eff}$ by $m$; fixed $\pi_1=0.05$,9,heatmap_cell,weighted_wcs_homogeneous,finite_k2,m_fixed_pi,1.6989700043360187,2.2,1.548455006504028,1.8494850021680092,2.1,2.3,50.0,test batch size $m$,0.1,50,0.05,,0.055,0.055,0.1,0.0166666666666666,0.1354889189416081,0.69,0.9284375,100,finite_k2_m_fixed_pi,statistical power
tikz-v1,figure2,power_atlas_r3_c1,$N_{eff}$ by $m$; fixed $\pi_1=0.05$,9,heatmap_cell,weighted_wcs_homogeneous,finite_k2,m_fixed_pi,1.6989700043360187,2.4,1.548455006504028,1.8494850021680092,2.3,2.5,50.0,test batch size $m$,0.1,50,0.05,,0.135,0.135,0.17,0.0366666666666666,-0.0644579892269185,0.36,0.9266666666666667,100,finite_k2_m_fixed_pi,statistical power
tikz-v1,figure2,power_atlas_r3_c1,$N_{eff}$ by $m$; fixed $\pi_1=0.05$,9,heatmap_cell,weighted_wcs_homogeneous,finite_k2,m_fixed_pi,1.6989700043360187,2.6,1.548455006504028,1.8494850021680092,2.5,2.7,50.0,test batch size $m$,0.1,50,0.05,,0.105,0.105,0.18,0.1059999999999999,-0.2270364254464064,0.08,0.9078125,100,finite_k2_m_fixed_pi,statistical power
tikz-v1,figure2,power_atlas_r3_c1,$N_{eff}$ by $m$; fixed $\pi_1=0.05$,9,heatmap_cell,weighted_wcs_homogeneous,finite_k2,m_fixed_pi,1.6989700043360187,2.8,1.548455006504028,1.8494850021680092,2.7,2.9,50.0,test batch size $m$,0.1,50,0.05,,0.185,0.185,0.3,0.1343333333333333,-0.4635944021870002,0.01,0.910625,100,finite_k2_m_fixed_pi,statistical power
tikz-v1,figure2,power_atlas_r3_c1,$N_{eff}$ by $m$; fixed $\pi_1=0.05$,9,heatmap_cell,weighted_wcs_homogeneous,finite_k2,m_fixed_pi,1.6989700043360187,3.0,1.548455006504028,1.8494850021680092,2.9,3.1,50.0,test batch size $m$,0.1,50,0.05,,0.175,0.175,0.29,0.1,-0.6608041737442514,0.0,0.918125,100,finite_k2_m_fixed_pi,statistical power
tikz-v1,figure2,power_atlas_r3_c1,$N_{eff}$ by $m$; fixed $\pi_1=0.05$,9,heatmap_cell,weighted_wcs_homogeneous,finite_k2,m_fixed_pi,1.6989700043360187,3.2,1.548455006504028,1.8494850021680092,3.1,3.3,50.0,test batch size $m$,0.1,50,0.05,,0.135,0.135,0.22,0.0993333333333333,-0.8630848253203598,0.0,0.929375,100,finite_k2_m_fixed_pi,statistical power
tikz-v1,figure2,power_atlas_r3_c1,$N_{eff}$ by $m$; fixed $\pi_1=0.05$,9,heatmap_cell,weighted_wcs_homogeneous,finite_k2,m_fixed_pi,1.6989700043360187,3.4,1.548455006504028,1.8494850021680092,3.3,3.5,50.0,test batch size $m$,0.1,50,0.05,,0.185,0.185,0.32,0.0433333333333333,-1.0022524799205383,0.0,0.9334374999999998,100,finite_k2_m_fixed_pi,statistical power
tikz-v1,figure2,power_atlas_r3_c1,$N_{eff}$ by $m$; fixed $\pi_1=0.05$,9,heatmap_cell,weighted_wcs_homogeneous,finite_k2,m_fixed_pi,1.6989700043360187,3.6,1.548455006504028,1.8494850021680092,3.5,3.7,50.0,test batch size $m$,0.1,50,0.05,,0.155,0.155,0.27,0.0466666666666666,-1.2021612470193532,0.0,0.9283333333333332,100,finite_k2_m_fixed_pi,statistical power
tikz-v1,figure2,power_atlas_r3_c1,$N_{eff}$ by $m$; fixed $\pi_1=0.05$,9,heatmap_cell,weighted_wcs_homogeneous,finite_k2,m_fixed_pi,1.6989700043360187,3.8,1.548455006504028,1.8494850021680092,3.7,3.9,50.0,test batch size $m$,0.1,50,0.05,,0.21,0.21,0.35,0.0876666666666666,-1.402158171502738,0.0,0.9327083333333333,100,finite_k2_m_fixed_pi,statistical power
tikz-v1,figure2,power_atlas_r3_c1,$N_{eff}$ by $m$; fixed $\pi_1=0.05$,9,heatmap_cell,weighted_wcs_homogeneous,finite_k2,m_fixed_pi,1.6989700043360187,4.0,1.548455006504028,1.8494850021680092,3.9,4.1,50.0,test batch size $m$,0.1,50,0.05,,0.23,0.23,0.41,0.0783333333333333,-1.5563507530290894,0.0,0.93875,100,finite_k2_m_fixed_pi,statistical power
tikz-v1,figure2,power_atlas_r3_c1,$N_{eff}$ by $m$; fixed $\pi_1=0.05$,9,heatmap_cell,weighted_wcs_homogeneous,finite_k2,m_fixed_pi,2.0,1.4,1.8494850021680092,2.15051499783199,1.3,1.5,100.0,test batch size $m$,0.1,100,0.05,,0.008,0.008,0.03,0.0,0.8860566476931633,0.92,0.9310736842105264,100,finite_k2_m_fixed_pi,statistical power
tikz-v1,figure2,power_atlas_r3_c1,$N_{eff}$ by $m$; fixed $\pi_1=0.05$,9,heatmap_cell,weighted_wcs_homogeneous,finite_k2,m_fixed_pi,2.0,1.6,1.8494850021680092,2.15051499783199,1.5,1.7,100.0,test batch size $m$,0.1,100,0.05,,0.0,0.0,0.0,0.02,0.6906287565830828,0.96,0.9350315789473684,100,finite_k2_m_fixed_pi,statistical power
tikz-v1,figure2,power_atlas_r3_c1,$N_{eff}$ by $m$; fixed $\pi_1=0.05$,9,heatmap_cell,weighted_wcs_homogeneous,finite_k2,m_fixed_pi,2.0,1.7999999999999998,1.8494850021680092,2.15051499783199,1.7,1.9,100.0,test batch size $m$,0.1,100,0.05,,0.02,0.02,0.07,0.0126666666666666,0.4740810299254679,0.82,0.9229894736842104,100,finite_k2_m_fixed_pi,statistical power
tikz-v1,figure2,power_atlas_r3_c1,$N_{eff}$ by $m$; fixed $\pi_1=0.05$,9,heatmap_cell,weighted_wcs_homogeneous,finite_k2,m_fixed_pi,2.0,2.0,1.8494850021680092,2.15051499783199,1.9,2.1,100.0,test batch size $m$,0.1,100,0.05,,0.012,0.012,0.06,0.0366666666666666,0.2967086218813386,0.77,0.9218736842105264,100,finite_k2_m_fixed_pi,statistical power
tikz-v1,figure2,power_atlas_r3_c1,$N_{eff}$ by $m$; fixed $\pi_1=0.05$,9,heatmap_cell,weighted_wcs_homogeneous,finite_k2,m_fixed_pi,2.0,2.2,1.8494850021680092,2.15051499783199,2.1,2.3,100.0,test batch size $m$,0.1,100,0.05,,0.032,0.032,0.1,0.0103333333333333,0.0501032181554474,0.63,0.9212631578947372,100,finite_k2_m_fixed_pi,statistical power
tikz-v1,figure2,power_atlas_r3_c1,$N_{eff}$ by $m$; fixed $\pi_1=0.05$,9,heatmap_cell,weighted_wcs_homogeneous,finite_k2,m_fixed_pi,2.0,2.4,1.8494850021680092,2.15051499783199,2.3,2.5,100.0,test batch size $m$,0.1,100,0.05,,0.046,0.046,0.13,0.0707142857142857,-0.1509709528583968,0.14,0.9224210526315793,100,finite_k2_m_fixed_pi,statistical power
tikz-v1,figure2,power_atlas_r3_c1,$N_{eff}$ by $m$; fixed $\pi_1=0.05$,9,heatmap_cell,weighted_wcs_homogeneous,finite_k2,m_fixed_pi,2.0,2.6,1.8494850021680092,2.15051499783199,2.5,2.7,100.0,test batch size $m$,0.1,100,0.05,,0.08,0.08,0.24,0.0633333333333333,-0.2999429000227671,0.04,0.9213894736842104,100,finite_k2_m_fixed_pi,statistical power
tikz-v1,figure2,power_atlas_r3_c1,$N_{eff}$ by $m$; fixed $\pi_1=0.05$,9,heatmap_cell,weighted_wcs_homogeneous,finite_k2,m_fixed_pi,2.0,2.8,1.8494850021680092,2.15051499783199,2.7,2.9,100.0,test batch size $m$,0.1,100,0.05,,0.12,0.12,0.33,0.0856904761904761,-0.5314255933834733,0.0,0.9219578947368422,100,finite_k2_m_fixed_pi,statistical power
tikz-v1,figure2,power_atlas_r3_c1,$N_{eff}$ by $m$; fixed $\pi_1=0.05$,9,heatmap_cell,weighted_wcs_homogeneous,finite_k2,m_fixed_pi,2.0,3.0,1.8494850021680092,2.15051499783199,2.9,3.1,100.0,test batch size $m$,0.1,100,0.05,,0.152,0.152,0.41,0.0544999999999999,-0.7365684088475615,0.0,0.9225684210526316,100,finite_k2_m_fixed_pi,statistical power
tikz-v1,figure2,power_atlas_r3_c1,$N_{eff}$ by $m$; fixed $\pi_1=0.05$,9,heatmap_cell,weighted_wcs_homogeneous,finite_k2,m_fixed_pi,2.0,3.2,1.8494850021680092,2.15051499783199,3.1,3.3,100.0,test batch size $m$,0.1,100,0.05,,0.184,0.184,0.54,0.0882857142857142,-0.8992731873176038,0.0,0.9253684210526316,100,finite_k2_m_fixed_pi,statistical power
tikz-v1,figure2,power_atlas_r3_c1,$N_{eff}$ by $m$; fixed $\pi_1=0.05$,9,heatmap_cell,weighted_wcs_homogeneous,finite_k2,m_fixed_pi,2.0,3.4,1.8494850021680092,2.15051499783199,3.3,3.5,100.0,test batch size $m$,0.1,100,0.05,,0.1299999999999999,0.1299999999999999,0.42,0.0765,-1.0991624929285948,0.0,0.9165052631578948,100,finite_k2_m_fixed_pi,statistical power
tikz-v1,figure2,power_atlas_r3_c1,$N_{eff}$ by $m$; fixed $\pi_1=0.05$,9,heatmap_cell,weighted_wcs_homogeneous,finite_k2,m_fixed_pi,2.0,3.6,1.8494850021680092,2.15051499783199,3.5,3.7,100.0,test batch size $m$,0.1,100,0.05,,0.1879999999999999,0.1879999999999999,0.58,0.0708333333333333,-1.2957048353684322,0.0,0.925157894736842,100,finite_k2_m_fixed_pi,statistical power
tikz-v1,figure2,power_atlas_r3_c1,$N_{eff}$ by $m$; fixed $\pi_1=0.05$,9,heatmap_cell,weighted_wcs_homogeneous,finite_k2,m_fixed_pi,2.0,3.8,1.8494850021680092,2.15051499783199,3.7,3.9,100.0,test batch size $m$,0.1,100,0.05,,0.208,0.208,0.57,0.1077380952380952,-1.4825974206431831,0.0,0.9249684210526316,100,finite_k2_m_fixed_pi,statistical power
tikz-v1,figure2,power_atlas_r3_c1,$N_{eff}$ by $m$; fixed $\pi_1=0.05$,9,heatmap_cell,weighted_wcs_homogeneous,finite_k2,m_fixed_pi,2.0,4.0,1.8494850021680092,2.15051499783199,3.9,4.1,100.0,test batch size $m$,0.1,100,0.05,,0.1659999999999999,0.1659999999999999,0.51,0.1061666666666666,-1.653260766037146,0.0,0.917178947368421,100,finite_k2_m_fixed_pi,statistical power
tikz-v1,figure2,power_atlas_r3_c1,$N_{eff}$ by $m$; fixed $\pi_1=0.05$,9,heatmap_cell,weighted_wcs_homogeneous,finite_k2,m_fixed_pi,2.3010299956639813,1.4,2.15051499783199,2.5,1.3,1.5,200.0,test batch size $m$,0.1,200,0.05,,0.007,0.007,0.04,0.024,0.8860566476931633,0.92,0.925042105263158,100,finite_k2_m_fixed_pi,statistical power
tikz-v1,figure2,power_atlas_r3_c1,$N_{eff}$ by $m$; fixed $\pi_1=0.05$,9,heatmap_cell,weighted_wcs_homogeneous,finite_k2,m_fixed_pi,2.3010299956639813,1.6,2.15051499783199,2.5,1.5,1.7,200.0,test batch size $m$,0.1,200,0.05,,0.006,0.006,0.05,0.01,0.6882461389442457,0.9,0.9295157894736842,100,finite_k2_m_fixed_pi,statistical power
tikz-v1,figure2,power_atlas_r3_c1,$N_{eff}$ by $m$; fixed $\pi_1=0.05$,9,heatmap_cell,weighted_wcs_homogeneous,finite_k2,m_fixed_pi,2.3010299956639813,1.7999999999999998,2.15051499783199,2.5,1.7,1.9,200.0,test batch size $m$,0.1,200,0.05,,0.006,0.006,0.04,0.01,0.494850021680094,0.88,0.9247736842105264,100,finite_k2_m_fixed_pi,statistical power
tikz-v1,figure2,power_atlas_r3_c1,$N_{eff}$ by $m$; fixed $\pi_1=0.05$,9,heatmap_cell,weighted_wcs_homogeneous,finite_k2,m_fixed_pi,2.3010299956639813,2.0,2.15051499783199,2.5,1.9,2.1,200.0,test batch size $m$,0.1,200,0.05,,0.004,0.004,0.04,0.005,0.2957029707504909,0.82,0.9231736842105264,100,finite_k2_m_fixed_pi,statistical power
tikz-v1,figure2,power_atlas_r3_c1,$N_{eff}$ by $m$; fixed $\pi_1=0.05$,9,heatmap_cell,weighted_wcs_homogeneous,finite_k2,m_fixed_pi,2.3010299956639813,2.2,2.15051499783199,2.5,2.1,2.3,200.0,test batch size $m$,0.1,200,0.05,,0.025,0.025,0.09,0.0345454545454545,0.096469351732232,0.71,0.9209263157894736,100,finite_k2_m_fixed_pi,statistical power
tikz-v1,figure2,power_atlas_r3_c1,$N_{eff}$ by $m$; fixed $\pi_1=0.05$,9,heatmap_cell,weighted_wcs_homogeneous,finite_k2,m_fixed_pi,2.3010299956639813,2.4,2.15051499783199,2.5,2.3,2.5,200.0,test batch size $m$,0.1,200,0.05,,0.033,0.033,0.14,0.0499523809523809,-0.1003705451175629,0.2,0.920215789473684,100,finite_k2_m_fixed_pi,statistical power
tikz-v1,figure2,power_atlas_r3_c1,$N_{eff}$ by $m$; fixed $\pi_1=0.05$,9,heatmap_cell,weighted_wcs_homogeneous,finite_k2,m_fixed_pi,2.3010299956639813,2.6,2.15051499783199,2.5,2.5,2.7,200.0,test batch size $m$,0.1,200,0.05,,0.03,0.03,0.14,0.0218333333333333,-0.36078268987328,0.0,0.921878947368421,100,finite_k2_m_fixed_pi,statistical power
tikz-v1,figure2,power_atlas_r3_c1,$N_{eff}$ by $m$; fixed $\pi_1=0.05$,9,heatmap_cell,weighted_wcs_homogeneous,finite_k2,m_fixed_pi,2.3010299956639813,2.8,2.15051499783199,2.5,2.7,2.9,200.0,test batch size $m$,0.1,200,0.05,,0.087,0.087,0.36,0.0718571428571428,-0.4996870826184039,0.0,0.9228526315789476,100,finite_k2_m_fixed_pi,statistical power
tikz-v1,figure2,power_atlas_r3_c1,$N_{eff}$ by $m$; fixed $\pi_1=0.05$,9,heatmap_cell,weighted_wcs_homogeneous,finite_k2,m_fixed_pi,2.3010299956639813,3.0,2.15051499783199,2.5,2.9,3.1,200.0,test batch size $m$,0.1,200,0.05,,0.099,0.099,0.41,0.0560238095238095,-0.6994040818153374,0.0,0.9288157894736844,100,finite_k2_m_fixed_pi,statistical power
tikz-v1,figure2,power_atlas_r3_c1,$N_{eff}$ by $m$; fixed $\pi_1=0.05$,9,heatmap_cell,weighted_wcs_homogeneous,finite_k2,m_fixed_pi,2.3010299956639813,3.2,2.15051499783199,2.5,3.1,3.3,200.0,test batch size $m$,0.1,200,0.05,,0.1149999999999999,0.1149999999999999,0.46,0.0683690476190476,-0.8992731873176038,0.0,0.9108999999999996,100,finite_k2_m_fixed_pi,statistical power
tikz-v1,figure2,power_atlas_r3_c1,$N_{eff}$ by $m$; fixed $\pi_1=0.05$,9,heatmap_cell,weighted_wcs_homogeneous,finite_k2,m_fixed_pi,2.3010299956639813,3.4,2.15051499783199,2.5,3.3,3.5,200.0,test batch size $m$,0.1,200,0.05,,0.129,0.129,0.52,0.1013730158730158,-1.0991624929285948,0.0,0.9191157894736842,100,finite_k2_m_fixed_pi,statistical power
tikz-v1,figure2,power_atlas_r3_c1,$N_{eff}$ by $m$; fixed $\pi_1=0.05$,9,heatmap_cell,weighted_wcs_homogeneous,finite_k2,m_fixed_pi,2.3010299956639813,3.6,2.15051499783199,2.5,3.5,3.7,200.0,test batch size $m$,0.1,200,0.05,,0.156,0.156,0.61,0.0790238095238095,-1.2903262935376691,0.0,0.9228105263157896,100,finite_k2_m_fixed_pi,statistical power
tikz-v1,figure2,power_atlas_r3_c1,$N_{eff}$ by $m$; fixed $\pi_1=0.05$,9,heatmap_cell,weighted_wcs_homogeneous,finite_k2,m_fixed_pi,2.3010299956639813,3.8,2.15051499783199,2.5,3.7,3.9,200.0,test batch size $m$,0.1,200,0.05,,0.185,0.185,0.67,0.1074166666666666,-1.4591223608860877,0.0,0.9341,100,finite_k2_m_fixed_pi,statistical power
tikz-v1,figure2,power_atlas_r3_c1,$N_{eff}$ by $m$; fixed $\pi_1=0.05$,9,heatmap_cell,weighted_wcs_homogeneous,finite_k2,m_fixed_pi,2.3010299956639813,4.0,2.15051499783199,2.5,3.9,4.1,200.0,test batch size $m$,0.1,200,0.05,,0.167,0.167,0.64,0.0895833333333333,-1.605337035235906,0.0,0.9175736842105264,100,finite_k2_m_fixed_pi,statistical power
tikz-v1,figure2,power_atlas_r3_c1,$N_{eff}$ by $m$; fixed $\pi_1=0.05$,9,heatmap_cell,weighted_wcs_homogeneous,finite_k2,m_fixed_pi,2.6989700043360187,1.4,2.5,2.8494850021680094,1.3,1.5,500.0,test batch size $m$,0.1,500,0.05,,0.0036,0.0036,0.04,0.0135,0.902203993238238,0.93,0.9209642105263156,100,finite_k2_m_fixed_pi,statistical power
tikz-v1,figure2,power_atlas_r3_c1,$N_{eff}$ by $m$; fixed $\pi_1=0.05$,9,heatmap_cell,weighted_wcs_homogeneous,finite_k2,m_fixed_pi,2.6989700043360187,1.6,2.5,2.8494850021680094,1.5,1.7,500.0,test batch size $m$,0.1,500,0.05,,0.0008,0.0008,0.02,0.005,0.6963635910447464,0.92,0.919770105263158,100,finite_k2_m_fixed_pi,statistical power
tikz-v1,figure2,power_atlas_r3_c1,$N_{eff}$ by $m$; fixed $\pi_1=0.05$,9,heatmap_cell,weighted_wcs_homogeneous,finite_k2,m_fixed_pi,2.6989700043360187,1.7999999999999998,2.5,2.8494850021680094,1.7,1.9,500.0,test batch size $m$,0.1,500,0.05,,0.0068,0.0068,0.06,0.0095,0.494850021680094,0.82,0.9202955789473682,100,finite_k2_m_fixed_pi,statistical power
tikz-v1,figure2,power_atlas_r3_c1,$N_{eff}$ by $m$; fixed $\pi_1=0.05$,9,heatmap_cell,weighted_wcs_homogeneous,finite_k2,m_fixed_pi,2.6989700043360187,2.0,2.5,2.8494850021680094,1.9,2.1,500.0,test batch size $m$,0.1,500,0.05,,0.0032,0.0032,0.03,0.0,0.2967086218813386,0.85,0.9273187368421052,100,finite_k2_m_fixed_pi,statistical power
tikz-v1,figure2,power_atlas_r3_c1,$N_{eff}$ by $m$; fixed $\pi_1=0.05$,9,heatmap_cell,weighted_wcs_homogeneous,finite_k2,m_fixed_pi,2.6989700043360187,2.2,2.5,2.8494850021680094,2.1,2.3,500.0,test batch size $m$,0.1,500,0.05,,0.0032,0.0032,0.03,0.0044444444444444,0.0996328713435296,0.73,0.922522105263158,100,finite_k2_m_fixed_pi,statistical power
tikz-v1,figure2,power_atlas_r3_c1,$N_{eff}$ by $m$; fixed $\pi_1=0.05$,9,heatmap_cell,weighted_wcs_homogeneous,finite_k2,m_fixed_pi,2.6989700043360187,2.4,2.5,2.8494850021680094,2.3,2.5,500.0,test batch size $m$,0.1,500,0.05,,0.0292,0.0292,0.15,0.0277744107744107,-0.0977417527411066,0.25,0.9223553684210528,100,finite_k2_m_fixed_pi,statistical power
tikz-v1,figure2,power_atlas_r3_c1,$N_{eff}$ by $m$; fixed $\pi_1=0.05$,9,heatmap_cell,weighted_wcs_homogeneous,finite_k2,m_fixed_pi,2.6989700043360187,2.6,2.5,2.8494850021680094,2.5,2.7,500.0,test batch size $m$,0.1,500,0.05,,0.0216,0.0216,0.16,0.0438932733932733,-0.2999429000227671,0.01,0.9222846315789476,100,finite_k2_m_fixed_pi,statistical power
tikz-v1,figure2,power_atlas_r3_c1,$N_{eff}$ by $m$; fixed $\pi_1=0.05$,9,heatmap_cell,weighted_wcs_homogeneous,finite_k2,m_fixed_pi,2.6989700043360187,2.8,2.5,2.8494850021680094,2.7,2.9,500.0,test batch size $m$,0.1,500,0.05,,0.0344,0.0344,0.25,0.0263571428571428,-0.4996870826184039,0.0,0.9220210526315789,100,finite_k2_m_fixed_pi,statistical power
tikz-v1,figure2,power_atlas_r3_c1,$N_{eff}$ by $m$; fixed $\pi_1=0.05$,9,heatmap_cell,weighted_wcs_homogeneous,finite_k2,m_fixed_pi,2.6989700043360187,3.0,2.5,2.8494850021680094,2.9,3.1,500.0,test batch size $m$,0.1,500,0.05,,0.0756,0.0756,0.38,0.0566298423798423,-0.6994040818153374,0.0,0.916017684210526,100,finite_k2_m_fixed_pi,statistical power
tikz-v1,figure2,power_atlas_r3_c1,$N_{eff}$ by $m$; fixed $\pi_1=0.05$,9,heatmap_cell,weighted_wcs_homogeneous,finite_k2,m_fixed_pi,2.6989700043360187,3.2,2.5,2.8494850021680094,3.1,3.3,500.0,test batch size $m$,0.1,500,0.05,,0.0828,0.0828,0.5,0.0606031746031746,-0.8992731873176038,0.0,0.9179705263157892,100,finite_k2_m_fixed_pi,statistical power
tikz-v1,figure2,power_atlas_r3_c1,$N_{eff}$ by $m$; fixed $\pi_1=0.05$,9,heatmap_cell,weighted_wcs_homogeneous,finite_k2,m_fixed_pi,2.6989700043360187,3.4,2.5,2.8494850021680094,3.3,3.5,500.0,test batch size $m$,0.1,500,0.05,,0.0819999999999999,0.0819999999999999,0.58,0.084056277056277,-1.0534626049254554,0.0,0.9208244210526318,100,finite_k2_m_fixed_pi,statistical power
tikz-v1,figure2,power_atlas_r3_c1,$N_{eff}$ by $m$; fixed $\pi_1=0.05$,9,heatmap_cell,weighted_wcs_homogeneous,finite_k2,m_fixed_pi,2.6989700043360187,3.6,2.5,2.8494850021680094,3.5,3.7,500.0,test batch size $m$,0.1,500,0.05,,0.122,0.122,0.69,0.0857918192918193,-1.2562260690064542,0.0,0.919962105263158,100,finite_k2_m_fixed_pi,statistical power
tikz-v1,figure2,power_atlas_r3_c1,$N_{eff}$ by $m$; fixed $\pi_1=0.05$,9,heatmap_cell,weighted_wcs_homogeneous,finite_k2,m_fixed_pi,2.6989700043360187,3.8,2.5,2.8494850021680094,3.7,3.9,500.0,test batch size $m$,0.1,500,0.05,,0.1231999999999999,0.1231999999999999,0.81,0.0891712176712176,-1.4533183400470375,0.0,0.9221743157894736,100,finite_k2_m_fixed_pi,statistical power
tikz-v1,figure2,power_atlas_r3_c1,$N_{eff}$ by $m$; fixed $\pi_1=0.05$,9,heatmap_cell,weighted_wcs_homogeneous,finite_k2,m_fixed_pi,2.6989700043360187,4.0,2.5,2.8494850021680094,3.9,4.1,500.0,test batch size $m$,0.1,500,0.05,,0.1235999999999999,0.1235999999999999,0.83,0.0866462148962149,-1.5602919577107652,0.0,0.9230947368421054,100,finite_k2_m_fixed_pi,statistical power
tikz-v1,figure2,power_atlas_r3_c1,$N_{eff}$ by $m$; fixed $\pi_1=0.05$,9,heatmap_cell,weighted_wcs_homogeneous,finite_k2,m_fixed_pi,3.0,1.4,2.8494850021680094,3.15051499783199,1.3,1.5,1000.0,test batch size $m$,0.1,1000,0.05,,0.0006,0.0006,0.02,0.0,0.9208187539523752,0.93,0.921029052631579,100,finite_k2_m_fixed_pi,statistical power
tikz-v1,figure2,power_atlas_r3_c1,$N_{eff}$ by $m$; fixed $\pi_1=0.05$,9,heatmap_cell,weighted_wcs_homogeneous,finite_k2,m_fixed_pi,3.0,1.6,2.8494850021680094,3.15051499783199,1.5,1.7,1000.0,test batch size $m$,0.1,1000,0.05,,0.0022,0.0022,0.04,0.002,0.7328282715969862,0.9,0.9196355789473684,100,finite_k2_m_fixed_pi,statistical power
tikz-v1,figure2,power_atlas_r3_c1,$N_{eff}$ by $m$; fixed $\pi_1=0.05$,9,heatmap_cell,weighted_wcs_homogeneous,finite_k2,m_fixed_pi,3.0,1.7999999999999998,2.8494850021680094,3.15051499783199,1.7,1.9,1000.0,test batch size $m$,0.1,1000,0.05,,0.0006,0.0006,0.03,0.01,0.5220748536995296,0.89,0.921201894736842,100,finite_k2_m_fixed_pi,statistical power
tikz-v1,figure2,power_atlas_r3_c1,$N_{eff}$ by $m$; fixed $\pi_1=0.05$,9,heatmap_cell,weighted_wcs_homogeneous,finite_k2,m_fixed_pi,3.0,2.0,2.8494850021680094,3.15051499783199,1.9,2.1,1000.0,test batch size $m$,0.1,1000,0.05,,0.0052,0.0052,0.06,0.0171078431372549,0.2967086218813386,0.77,0.9227355789473686,100,finite_k2_m_fixed_pi,statistical power
tikz-v1,figure2,power_atlas_r3_c1,$N_{eff}$ by $m$; fixed $\pi_1=0.05$,9,heatmap_cell,weighted_wcs_homogeneous,finite_k2,m_fixed_pi,3.0,2.2,2.8494850021680094,3.15051499783199,2.1,2.3,1000.0,test batch size $m$,0.1,1000,0.05,,0.0058,0.0058,0.1,0.0198015873015873,0.0996328713435296,0.76,0.9218985263157894,100,finite_k2_m_fixed_pi,statistical power
tikz-v1,figure2,power_atlas_r3_c1,$N_{eff}$ by $m$; fixed $\pi_1=0.05$,9,heatmap_cell,weighted_wcs_homogeneous,finite_k2,m_fixed_pi,3.0,2.4,2.8494850021680094,3.15051499783199,2.3,2.5,1000.0,test batch size $m$,0.1,1000,0.05,,0.0136,0.0136,0.12,0.0169582289055973,-0.1003705451175629,0.32,0.9216425263157896,100,finite_k2_m_fixed_pi,statistical power
tikz-v1,figure2,power_atlas_r3_c1,$N_{eff}$ by $m$; fixed $\pi_1=0.05$,9,heatmap_cell,weighted_wcs_homogeneous,finite_k2,m_fixed_pi,3.0,2.6,2.8494850021680094,3.15051499783199,2.5,2.7,1000.0,test batch size $m$,0.1,1000,0.05,,0.0118,0.0118,0.13,0.0318397435897435,-0.2788650090961165,0.0,0.917065894736842,100,finite_k2_m_fixed_pi,statistical power
tikz-v1,figure2,power_atlas_r3_c1,$N_{eff}$ by $m$; fixed $\pi_1=0.05$,9,heatmap_cell,weighted_wcs_homogeneous,finite_k2,m_fixed_pi,3.0,2.8,2.8494850021680094,3.15051499783199,2.7,2.9,1000.0,test batch size $m$,0.1,1000,0.05,,0.0348,0.0348,0.26,0.0617741439057228,-0.4932483943715464,0.0,0.9227254736842104,100,finite_k2_m_fixed_pi,statistical power
tikz-v1,figure2,power_atlas_r3_c1,$N_{eff}$ by $m$; fixed $\pi_1=0.05$,9,heatmap_cell,weighted_wcs_homogeneous,finite_k2,m_fixed_pi,3.0,3.0,2.8494850021680094,3.15051499783199,2.9,3.1,1000.0,test batch size $m$,0.1,1000,0.05,,0.0564,0.0564,0.38,0.0471668192918192,-0.6994040818153374,0.0,0.9222151578947368,100,finite_k2_m_fixed_pi,statistical power
tikz-v1,figure2,power_atlas_r3_c1,$N_{eff}$ by $m$; fixed $\pi_1=0.05$,9,heatmap_cell,weighted_wcs_homogeneous,finite_k2,m_fixed_pi,3.0,3.2,2.8494850021680094,3.15051499783199,3.1,3.3,1000.0,test batch size $m$,0.1,1000,0.05,,0.0618,0.0618,0.43,0.041637321012321,-0.8992731873176038,0.0,0.9222406315789472,100,finite_k2_m_fixed_pi,statistical power
tikz-v1,figure2,power_atlas_r3_c1,$N_{eff}$ by $m$; fixed $\pi_1=0.05$,9,heatmap_cell,weighted_wcs_homogeneous,finite_k2,m_fixed_pi,3.0,3.4,2.8494850021680094,3.15051499783199,3.3,3.5,1000.0,test batch size $m$,0.1,1000,0.05,,0.1158,0.1158,0.66,0.0911198010261376,-1.0534626049254554,0.0,0.921670105263158,100,finite_k2_m_fixed_pi,statistical power
tikz-v1,figure2,power_atlas_r3_c1,$N_{eff}$ by $m$; fixed $\pi_1=0.05$,9,heatmap_cell,weighted_wcs_homogeneous,finite_k2,m_fixed_pi,3.0,3.6,2.8494850021680094,3.15051499783199,3.5,3.7,1000.0,test batch size $m$,0.1,1000,0.05,,0.1135999999999999,0.1135999999999999,0.78,0.09623159746955,-1.2533380053261065,0.0,0.9213328421052632,100,finite_k2_m_fixed_pi,statistical power
tikz-v1,figure2,power_atlas_r3_c1,$N_{eff}$ by $m$; fixed $\pi_1=0.05$,9,heatmap_cell,weighted_wcs_homogeneous,finite_k2,m_fixed_pi,3.0,3.8,2.8494850021680094,3.15051499783199,3.7,3.9,1000.0,test batch size $m$,0.1,1000,0.05,,0.1202,0.1202,0.85,0.0871556174303852,-1.4533183400470375,0.0,0.9236351578947368,100,finite_k2_m_fixed_pi,statistical power
tikz-v1,figure2,power_atlas_r3_c1,$N_{eff}$ by $m$; fixed $\pi_1=0.05$,9,heatmap_cell,weighted_wcs_homogeneous,finite_k2,m_fixed_pi,3.0,4.0,2.8494850021680094,3.15051499783199,3.9,4.1,1000.0,test batch size $m$,0.1,1000,0.05,,0.0968,0.0968,0.84,0.0757248307248307,-1.5650732482499454,0.0,0.920337894736842,100,finite_k2_m_fixed_pi,statistical power
tikz-v1,figure2,power_atlas_r3_c1,$N_{eff}$ by $m$; fixed $\pi_1=0.05$,9,heatmap_cell,weighted_wcs_homogeneous,finite_k2,m_fixed_pi,3.3010299956639813,1.4,3.15051499783199,3.451544993495972,1.3,1.5,2000.0,test batch size $m$,0.1,2000,0.05,,0.0003,0.0003,0.02,0.0,0.91956098806179,0.93,0.9221547368421052,100,finite_k2_m_fixed_pi,statistical power
tikz-v1,figure2,power_atlas_r3_c1,$N_{eff}$ by $m$; fixed $\pi_1=0.05$,9,heatmap_cell,weighted_wcs_homogeneous,finite_k2,m_fixed_pi,3.3010299956639813,1.6,3.15051499783199,3.451544993495972,1.5,1.7,2000.0,test batch size $m$,0.1,2000,0.05,,0.0022,0.0022,0.06,0.0314652014652014,0.6882461389442457,0.95,0.921438052631579,100,finite_k2_m_fixed_pi,statistical power
tikz-v1,figure2,power_atlas_r3_c1,$N_{eff}$ by $m$; fixed $\pi_1=0.05$,9,heatmap_cell,weighted_wcs_homogeneous,finite_k2,m_fixed_pi,3.3010299956639813,1.7999999999999998,3.15051499783199,3.451544993495972,1.7,1.9,2000.0,test batch size $m$,0.1,2000,0.05,,0.0018,0.0018,0.02,0.0074074074074074,0.5376020021010439,0.91,0.9194156842105266,100,finite_k2_m_fixed_pi,statistical power
tikz-v1,figure2,power_atlas_r3_c1,$N_{eff}$ by $m$; fixed $\pi_1=0.05$,9,heatmap_cell,weighted_wcs_homogeneous,finite_k2,m_fixed_pi,3.3010299956639813,2.0,3.15051499783199,3.451544993495972,1.9,2.1,2000.0,test batch size $m$,0.1,2000,0.05,,0.0027,0.0027,0.03,0.0044360902255639,0.3419886033428876,0.87,0.9198960526315793,100,finite_k2_m_fixed_pi,statistical power
tikz-v1,figure2,power_atlas_r3_c1,$N_{eff}$ by $m$; fixed $\pi_1=0.05$,9,heatmap_cell,weighted_wcs_homogeneous,finite_k2,m_fixed_pi,3.3010299956639813,2.2,3.15051499783199,3.451544993495972,2.1,2.3,2000.0,test batch size $m$,0.1,2000,0.05,,0.0051,0.0051,0.08,0.0090757575757575,0.1018506072422642,0.74,0.9204777894736842,100,finite_k2_m_fixed_pi,statistical power
tikz-v1,figure2,power_atlas_r3_c1,$N_{eff}$ by $m$; fixed $\pi_1=0.05$,9,heatmap_cell,weighted_wcs_homogeneous,finite_k2,m_fixed_pi,3.3010299956639813,2.4,3.15051499783199,3.451544993495972,2.3,2.5,2000.0,test batch size $m$,0.1,2000,0.05,,0.0098,0.0098,0.09,0.0182894736842105,-0.0549958615291414,0.35,0.9211766315789472,100,finite_k2_m_fixed_pi,statistical power
tikz-v1,figure2,power_atlas_r3_c1,$N_{eff}$ by $m$; fixed $\pi_1=0.05$,9,heatmap_cell,weighted_wcs_homogeneous,finite_k2,m_fixed_pi,3.3010299956639813,2.6,3.15051499783199,3.451544993495972,2.5,2.7,2000.0,test batch size $m$,0.1,2000,0.05,,0.0164,0.0164,0.15,0.0293869662005213,-0.2686020471568215,0.0,0.9231534736842106,100,finite_k2_m_fixed_pi,statistical power
tikz-v1,figure2,power_atlas_r3_c1,$N_{eff}$ by $m$; fixed $\pi_1=0.05$,9,heatmap_cell,weighted_wcs_homogeneous,finite_k2,m_fixed_pi,3.3010299956639813,2.8,3.15051499783199,3.451544993495972,2.7,2.9,2000.0,test batch size $m$,0.1,2000,0.05,,0.0277,0.0277,0.21,0.0374418967585004,-0.4908307446708322,0.0,0.921839789473684,100,finite_k2_m_fixed_pi,statistical power
tikz-v1,figure2,power_atlas_r3_c1,$N_{eff}$ by $m$; fixed $\pi_1=0.05$,9,heatmap_cell,weighted_wcs_homogeneous,finite_k2,m_fixed_pi,3.3010299956639813,3.0,3.15051499783199,3.451544993495972,2.9,3.1,2000.0,test batch size $m$,0.1,2000,0.05,,0.0508,0.0508,0.37,0.0591969479477867,-0.6941189406623293,0.0,0.921695,100,finite_k2_m_fixed_pi,statistical power
tikz-v1,figure2,power_atlas_r3_c1,$N_{eff}$ by $m$; fixed $\pi_1=0.05$,9,heatmap_cell,weighted_wcs_homogeneous,finite_k2,m_fixed_pi,3.3010299956639813,3.2,3.15051499783199,3.451544993495972,3.1,3.3,2000.0,test batch size $m$,0.1,2000,0.05,,0.0525,0.0525,0.4,0.0486355871097289,-0.8849254382275986,0.0,0.9224752631578949,100,finite_k2_m_fixed_pi,statistical power
tikz-v1,figure2,power_atlas_r3_c1,$N_{eff}$ by $m$; fixed $\pi_1=0.05$,9,heatmap_cell,weighted_wcs_homogeneous,finite_k2,m_fixed_pi,3.3010299956639813,3.4,3.15051499783199,3.451544993495972,3.3,3.5,2000.0,test batch size $m$,0.1,2000,0.05,,0.0751,0.0751,0.58,0.071727781106841,-1.0534626049254554,0.0,0.9233091578947368,100,finite_k2_m_fixed_pi,statistical power
tikz-v1,figure2,power_atlas_r3_c1,$N_{eff}$ by $m$; fixed $\pi_1=0.05$,9,heatmap_cell,weighted_wcs_homogeneous,finite_k2,m_fixed_pi,3.3010299956639813,3.6,3.15051499783199,3.451544993495972,3.5,3.7,2000.0,test batch size $m$,0.1,2000,0.05,,0.0846999999999999,0.0846999999999999,0.68,0.0720844694156063,-1.2533380053261065,0.0,0.921536052631579,100,finite_k2_m_fixed_pi,statistical power
tikz-v1,figure2,power_atlas_r3_c1,$N_{eff}$ by $m$; fixed $\pi_1=0.05$,9,heatmap_cell,weighted_wcs_homogeneous,finite_k2,m_fixed_pi,3.3010299956639813,3.8,3.15051499783199,3.451544993495972,3.7,3.9,2000.0,test batch size $m$,0.1,2000,0.05,,0.1029,0.1029,0.78,0.0591659554145635,-1.4394398458734583,0.0,0.921262,100,finite_k2_m_fixed_pi,statistical power
tikz-v1,figure2,power_atlas_r3_c1,$N_{eff}$ by $m$; fixed $\pi_1=0.05$,9,heatmap_cell,weighted_wcs_homogeneous,finite_k2,m_fixed_pi,3.3010299956639813,4.0,3.15051499783199,3.451544993495972,3.9,4.1,2000.0,test batch size $m$,0.1,2000,0.05,,0.1063,0.1063,0.88,0.0904168436375092,-1.5441300819879646,0.0,0.9219385789473684,100,finite_k2_m_fixed_pi,statistical power
tikz-v1,figure2,power_atlas_r3_c3,$N_{eff}$ by anomaly rate,11,heatmap_cell,weighted_wcs_homogeneous,finite_k2,pi1_sweep,-2.3010299956639813,1.4,-2.451544993495972,-2.15051499783199,1.3,1.5,0.005,anomaly rate $\pi_1$,0.1,1000,0.005,,0.0,0.0,0.0,0.0,1.8860566476931635,0.98,0.9259577889447236,100,finite_k2_pi1_sweep,statistical power
tikz-v1,figure2,power_atlas_r3_c3,$N_{eff}$ by anomaly rate,11,heatmap_cell,weighted_wcs_homogeneous,finite_k2,pi1_sweep,-2.3010299956639813,1.6,-2.451544993495972,-2.15051499783199,1.5,1.7,0.005,anomaly rate $\pi_1$,0.1,1000,0.005,,0.0,0.0,0.0,0.0,1.6751236783231604,0.98,0.9156281407035176,100,finite_k2_pi1_sweep,statistical power
tikz-v1,figure2,power_atlas_r3_c3,$N_{eff}$ by anomaly rate,11,heatmap_cell,weighted_wcs_homogeneous,finite_k2,pi1_sweep,-2.3010299956639813,1.7999999999999998,-2.451544993495972,-2.15051499783199,1.7,1.9,0.005,anomaly rate $\pi_1$,0.1,1000,0.005,,0.002,0.002,0.01,0.0,1.494850021680094,0.98,0.9271195979899496,100,finite_k2_pi1_sweep,statistical power
tikz-v1,figure2,power_atlas_r3_c3,$N_{eff}$ by anomaly rate,11,heatmap_cell,weighted_wcs_homogeneous,finite_k2,pi1_sweep,-2.3010299956639813,2.0,-2.451544993495972,-2.15051499783199,1.9,2.1,0.005,anomaly rate $\pi_1$,0.1,1000,0.005,,0.0,0.0,0.0,0.01,1.2929521093832457,0.98,0.919843216080402,100,finite_k2_pi1_sweep,statistical power
tikz-v1,figure2,power_atlas_r3_c3,$N_{eff}$ by anomaly rate,11,heatmap_cell,weighted_wcs_homogeneous,finite_k2,pi1_sweep,-2.3010299956639813,2.2,-2.451544993495972,-2.15051499783199,2.1,2.3,0.005,anomaly rate $\pi_1$,0.1,1000,0.005,,0.002,0.002,0.01,0.01,1.0996328713435295,0.97,0.9243296482412062,100,finite_k2_pi1_sweep,statistical power
tikz-v1,figure2,power_atlas_r3_c3,$N_{eff}$ by anomaly rate,11,heatmap_cell,weighted_wcs_homogeneous,finite_k2,pi1_sweep,-2.3010299956639813,2.4,-2.451544993495972,-2.15051499783199,2.3,2.5,0.005,anomaly rate $\pi_1$,0.1,1000,0.005,,0.0,0.0,0.0,0.0,0.8409964434481385,0.89,0.9286472361809046,100,finite_k2_pi1_sweep,statistical power
tikz-v1,figure2,power_atlas_r3_c3,$N_{eff}$ by anomaly rate,11,heatmap_cell,weighted_wcs_homogeneous,finite_k2,pi1_sweep,-2.3010299956639813,2.6,-2.451544993495972,-2.15051499783199,2.5,2.7,0.005,anomaly rate $\pi_1$,0.1,1000,0.005,,0.004,0.004,0.02,0.02,0.6754735228139089,0.94,0.9254150753768844,100,finite_k2_pi1_sweep,statistical power
tikz-v1,figure2,power_atlas_r3_c3,$N_{eff}$ by anomaly rate,11,heatmap_cell,weighted_wcs_homogeneous,finite_k2,pi1_sweep,-2.3010299956639813,2.8,-2.451544993495972,-2.15051499783199,2.7,2.9,0.005,anomaly rate $\pi_1$,0.1,1000,0.005,,0.002,0.002,0.01,0.01,0.4394955848049434,0.84,0.9130492462311558,100,finite_k2_pi1_sweep,statistical power
tikz-v1,figure2,power_atlas_r3_c3,$N_{eff}$ by anomaly rate,11,heatmap_cell,weighted_wcs_homogeneous,finite_k2,pi1_sweep,-2.3010299956639813,3.0,-2.451544993495972,-2.15051499783199,2.9,3.1,0.005,anomaly rate $\pi_1$,0.1,1000,0.005,,0.002,0.002,0.01,0.02,0.3005959181846626,0.8,0.9153427135678393,100,finite_k2_pi1_sweep,statistical power
tikz-v1,figure2,power_atlas_r3_c3,$N_{eff}$ by anomaly rate,11,heatmap_cell,weighted_wcs_homogeneous,finite_k2,pi1_sweep,-2.3010299956639813,3.2,-2.451544993495972,-2.15051499783199,3.1,3.3,0.005,anomaly rate $\pi_1$,0.1,1000,0.005,,0.018,0.018,0.07,0.0348484848484848,0.0720005492618145,0.68,0.9205929648241208,100,finite_k2_pi1_sweep,statistical power
tikz-v1,figure2,power_atlas_r3_c3,$N_{eff}$ by anomaly rate,11,heatmap_cell,weighted_wcs_homogeneous,finite_k2,pi1_sweep,-2.3010299956639813,3.4,-2.451544993495972,-2.15051499783199,3.3,3.5,0.005,anomaly rate $\pi_1$,0.1,1000,0.005,,0.006,0.006,0.02,0.0,-0.0991624929285947,0.18,0.9209266331658292,100,finite_k2_pi1_sweep,statistical power
tikz-v1,figure2,power_atlas_r3_c3,$N_{eff}$ by anomaly rate,11,heatmap_cell,weighted_wcs_homogeneous,finite_k2,pi1_sweep,-2.3010299956639813,3.6,-2.451544993495972,-2.15051499783199,3.5,3.7,0.005,anomaly rate $\pi_1$,0.1,1000,0.005,,0.02,0.02,0.09,0.0541666666666666,-0.2990712600274095,0.02,0.9211939698492464,100,finite_k2_pi1_sweep,statistical power
tikz-v1,figure2,power_atlas_r3_c3,$N_{eff}$ by anomaly rate,11,heatmap_cell,weighted_wcs_homogeneous,finite_k2,pi1_sweep,-2.3010299956639813,3.8,-2.451544993495972,-2.15051499783199,3.7,3.9,0.005,anomaly rate $\pi_1$,0.1,1000,0.005,,0.016,0.016,0.07,0.06,-0.4865096207665369,0.0,0.915897487437186,100,finite_k2_pi1_sweep,statistical power
tikz-v1,figure2,power_atlas_r3_c3,$N_{eff}$ by anomaly rate,11,heatmap_cell,weighted_wcs_homogeneous,finite_k2,pi1_sweep,-2.3010299956639813,4.0,-2.451544993495972,-2.15051499783199,3.9,4.1,0.005,anomaly rate $\pi_1$,0.1,1000,0.005,,0.024,0.024,0.09,0.0529761904761904,-0.6532607660371458,0.0,0.9220321608040204,100,finite_k2_pi1_sweep,statistical power
tikz-v1,figure2,power_atlas_r3_c3,$N_{eff}$ by anomaly rate,11,heatmap_cell,weighted_wcs_homogeneous,finite_k2,pi1_sweep,-2.0,1.4,-2.15051499783199,-1.8494850021680092,1.3,1.5,0.01,anomaly rate $\pi_1$,0.1,1000,0.01,,0.0,0.0,0.0,0.0,1.591896354391209,0.98,0.9193353535353536,100,finite_k2_pi1_sweep,statistical power
tikz-v1,figure2,power_atlas_r3_c3,$N_{eff}$ by anomaly rate,11,heatmap_cell,weighted_wcs_homogeneous,finite_k2,pi1_sweep,-2.0,1.6,-2.15051499783199,-1.8494850021680092,1.5,1.7,0.01,anomaly rate $\pi_1$,0.1,1000,0.01,,0.002,0.002,0.02,0.015,1.3872161432802643,0.95,0.9171989898989898,100,finite_k2_pi1_sweep,statistical power
tikz-v1,figure2,power_atlas_r3_c3,$N_{eff}$ by anomaly rate,11,heatmap_cell,weighted_wcs_homogeneous,finite_k2,pi1_sweep,-2.0,1.7999999999999998,-2.15051499783199,-1.8494850021680092,1.7,1.9,0.01,anomaly rate $\pi_1$,0.1,1000,0.01,,0.0,0.0,0.0,0.02,1.193820026016113,0.96,0.9227626262626262,100,finite_k2_pi1_sweep,statistical power
tikz-v1,figure2,power_atlas_r3_c3,$N_{eff}$ by anomaly rate,11,heatmap_cell,weighted_wcs_homogeneous,finite_k2,pi1_sweep,-2.0,2.0,-2.15051499783199,-1.8494850021680092,1.9,2.1,0.01,anomaly rate $\pi_1$,0.1,1000,0.01,,0.0,0.0,0.0,0.0,0.9956786262173576,0.96,0.926631313131313,100,finite_k2_pi1_sweep,statistical power
tikz-v1,figure2,power_atlas_r3_c3,$N_{eff}$ by anomaly rate,11,heatmap_cell,weighted_wcs_homogeneous,finite_k2,pi1_sweep,-2.0,2.2,-2.15051499783199,-1.8494850021680092,2.1,2.3,0.01,anomaly rate $\pi_1$,0.1,1000,0.01,,0.0069999999999999,0.0069999999999999,0.03,0.012,0.7802231372352895,0.88,0.917988888888889,100,finite_k2_pi1_sweep,statistical power
tikz-v1,figure2,power_atlas_r3_c3,$N_{eff}$ by anomaly rate,11,heatmap_cell,weighted_wcs_homogeneous,finite_k2,pi1_sweep,-2.0,2.4,-2.15051499783199,-1.8494850021680092,2.3,2.5,0.01,anomaly rate $\pi_1$,0.1,1000,0.01,,0.002,0.002,0.02,0.0,0.5734394310189864,0.87,0.9237717171717172,100,finite_k2_pi1_sweep,statistical power
tikz-v1,figure2,power_atlas_r3_c3,$N_{eff}$ by anomaly rate,11,heatmap_cell,weighted_wcs_homogeneous,finite_k2,pi1_sweep,-2.0,2.6,-2.15051499783199,-1.8494850021680092,2.5,2.7,0.01,anomaly rate $\pi_1$,0.1,1000,0.01,,0.009,0.009,0.04,0.0072727272727272,0.3990271043132517,0.8,0.916459595959596,100,finite_k2_pi1_sweep,statistical power
tikz-v1,figure2,power_atlas_r3_c3,$N_{eff}$ by anomaly rate,11,heatmap_cell,weighted_wcs_homogeneous,finite_k2,pi1_sweep,-2.0,2.8,-2.15051499783199,-1.8494850021680092,2.7,2.9,0.01,anomaly rate $\pi_1$,0.1,1000,0.01,,0.007,0.007,0.06,0.005,0.199282921717615,0.72,0.9219353535353536,100,finite_k2_pi1_sweep,statistical power
tikz-v1,figure2,power_atlas_r3_c3,$N_{eff}$ by anomaly rate,11,heatmap_cell,weighted_wcs_homogeneous,finite_k2,pi1_sweep,-2.0,3.0,-2.15051499783199,-1.8494850021680092,2.9,3.1,0.01,anomaly rate $\pi_1$,0.1,1000,0.01,,0.008,0.008,0.05,0.0283333333333333,-0.0004340774793186,0.43,0.920321212121212,100,finite_k2_pi1_sweep,statistical power
tikz-v1,figure2,power_atlas_r3_c3,$N_{eff}$ by anomaly rate,11,heatmap_cell,weighted_wcs_homogeneous,finite_k2,pi1_sweep,-2.0,3.2,-2.15051499783199,-1.8494850021680092,3.1,3.3,0.01,anomaly rate $\pi_1$,0.1,1000,0.01,,0.011,0.011,0.05,0.0416666666666666,-0.2003031829815849,0.07,0.9136434343434344,100,finite_k2_pi1_sweep,statistical power
tikz-v1,figure2,power_atlas_r3_c3,$N_{eff}$ by anomaly rate,11,heatmap_cell,weighted_wcs_homogeneous,finite_k2,pi1_sweep,-2.0,3.4,-2.15051499783199,-1.8494850021680092,3.3,3.5,0.01,anomaly rate $\pi_1$,0.1,1000,0.01,,0.01,0.01,0.07,0.035,-0.400192488592576,0.0,0.9202050505050504,100,finite_k2_pi1_sweep,statistical power
tikz-v1,figure2,power_atlas_r3_c3,$N_{eff}$ by anomaly rate,11,heatmap_cell,weighted_wcs_homogeneous,finite_k2,pi1_sweep,-2.0,3.6,-2.15051499783199,-1.8494850021680092,3.5,3.7,0.01,anomaly rate $\pi_1$,0.1,1000,0.01,,0.027,0.027,0.15,0.0393333333333333,-0.6001012556913907,0.0,0.9273333333333336,100,finite_k2_pi1_sweep,statistical power
tikz-v1,figure2,power_atlas_r3_c3,$N_{eff}$ by anomaly rate,11,heatmap_cell,weighted_wcs_homogeneous,finite_k2,pi1_sweep,-2.0,3.8,-2.15051499783199,-1.8494850021680092,3.7,3.9,0.01,anomaly rate $\pi_1$,0.1,1000,0.01,,0.03,0.03,0.15,0.0325,-0.7543483357110188,0.0,0.9226050505050504,100,finite_k2_pi1_sweep,statistical power
tikz-v1,figure2,power_atlas_r3_c3,$N_{eff}$ by anomaly rate,11,heatmap_cell,weighted_wcs_homogeneous,finite_k2,pi1_sweep,-2.0,4.0,-2.15051499783199,-1.8494850021680092,3.9,4.1,0.01,anomaly rate $\pi_1$,0.1,1000,0.01,,0.0409999999999999,0.0409999999999999,0.22,0.0706666666666666,-0.9118796465654232,0.0,0.9242555555555556,100,finite_k2_pi1_sweep,statistical power
tikz-v1,figure2,power_atlas_r3_c3,$N_{eff}$ by anomaly rate,11,heatmap_cell,weighted_wcs_homogeneous,finite_k2,pi1_sweep,-1.6989700043360187,1.4,-1.8494850021680092,-1.5,1.3,1.5,0.02,anomaly rate $\pi_1$,0.1,1000,0.02,,0.0015,0.0015,0.03,0.0141666666666666,1.317587786286016,0.94,0.9191469387755103,100,finite_k2_pi1_sweep,statistical power
tikz-v1,figure2,power_atlas_r3_c3,$N_{eff}$ by anomaly rate,11,heatmap_cell,weighted_wcs_homogeneous,finite_k2,pi1_sweep,-1.6989700043360187,1.6,-1.8494850021680092,-1.5,1.5,1.7,0.02,anomaly rate $\pi_1$,0.1,1000,0.02,,0.001,0.001,0.01,0.0075,1.1221598056800937,0.97,0.9205903061224492,100,finite_k2_pi1_sweep,statistical power
tikz-v1,figure2,power_atlas_r3_c3,$N_{eff}$ by anomaly rate,11,heatmap_cell,weighted_wcs_homogeneous,finite_k2,pi1_sweep,-1.6989700043360187,1.7999999999999998,-1.8494850021680092,-1.5,1.7,1.9,0.02,anomaly rate $\pi_1$,0.1,1000,0.02,,0.001,0.001,0.02,0.0,0.9214380245780766,0.97,0.9226806122448982,100,finite_k2_pi1_sweep,statistical power
tikz-v1,figure2,power_atlas_r3_c3,$N_{eff}$ by anomaly rate,11,heatmap_cell,weighted_wcs_homogeneous,finite_k2,pi1_sweep,-1.6989700043360187,2.0,-1.8494850021680092,-1.5,1.9,2.1,0.02,anomaly rate $\pi_1$,0.1,1000,0.02,,0.003,0.003,0.03,0.035,0.6946486305533762,0.9,0.923122448979592,100,finite_k2_pi1_sweep,statistical power
tikz-v1,figure2,power_atlas_r3_c3,$N_{eff}$ by anomaly rate,11,heatmap_cell,weighted_wcs_homogeneous,finite_k2,pi1_sweep,-1.6989700043360187,2.2,-1.8494850021680092,-1.5,2.1,2.3,0.02,anomaly rate $\pi_1$,0.1,1000,0.02,,0.003,0.003,0.03,0.0075,0.4975728800155673,0.87,0.926401530612245,100,finite_k2_pi1_sweep,statistical power
tikz-v1,figure2,power_atlas_r3_c3,$N_{eff}$ by anomaly rate,11,heatmap_cell,weighted_wcs_homogeneous,finite_k2,pi1_sweep,-1.6989700043360187,2.4,-1.8494850021680092,-1.5,2.3,2.5,0.02,anomaly rate $\pi_1$,0.1,1000,0.02,,0.003,0.003,0.04,0.0083333333333333,0.2975694635544746,0.79,0.9236316326530613,100,finite_k2_pi1_sweep,statistical power
tikz-v1,figure2,power_atlas_r3_c3,$N_{eff}$ by anomaly rate,11,heatmap_cell,weighted_wcs_homogeneous,finite_k2,pi1_sweep,-1.6989700043360187,2.6,-1.8494850021680092,-1.5,2.5,2.7,0.02,anomaly rate $\pi_1$,0.1,1000,0.02,,0.003,0.003,0.06,0.0375,0.0979971086492705,0.77,0.9205469387755104,100,finite_k2_pi1_sweep,statistical power
tikz-v1,figure2,power_atlas_r3_c3,$N_{eff}$ by anomaly rate,11,heatmap_cell,weighted_wcs_homogeneous,finite_k2,pi1_sweep,-1.6989700043360187,2.8,-1.8494850021680092,-1.5,2.7,2.9,0.02,anomaly rate $\pi_1$,0.1,1000,0.02,,0.0045,0.0045,0.04,0.012,-0.1017470739463662,0.23,0.9257801020408162,100,finite_k2_pi1_sweep,statistical power
tikz-v1,figure2,power_atlas_r3_c3,$N_{eff}$ by anomaly rate,11,heatmap_cell,weighted_wcs_homogeneous,finite_k2,pi1_sweep,-1.6989700043360187,3.0,-1.8494850021680092,-1.5,2.9,3.1,0.02,anomaly rate $\pi_1$,0.1,1000,0.02,,0.014,0.014,0.13,0.0180238095238095,-0.3014640731432998,0.0,0.9231816326530612,100,finite_k2_pi1_sweep,statistical power
tikz-v1,figure2,power_atlas_r3_c3,$N_{eff}$ by anomaly rate,11,heatmap_cell,weighted_wcs_homogeneous,finite_k2,pi1_sweep,-1.6989700043360187,3.2,-1.8494850021680092,-1.5,3.1,3.3,0.02,anomaly rate $\pi_1$,0.1,1000,0.02,,0.012,0.012,0.08,0.0211363636363636,-0.4911756681800466,0.0,0.9204260204081632,100,finite_k2_pi1_sweep,statistical power
tikz-v1,figure2,power_atlas_r3_c3,$N_{eff}$ by anomaly rate,11,heatmap_cell,weighted_wcs_homogeneous,finite_k2,pi1_sweep,-1.6989700043360187,3.4,-1.8494850021680092,-1.5,3.3,3.5,0.02,anomaly rate $\pi_1$,0.1,1000,0.02,,0.0285,0.0285,0.19,0.0608333333333333,-0.6733896196426943,0.0,0.9205188775510204,100,finite_k2_pi1_sweep,statistical power
tikz-v1,figure2,power_atlas_r3_c3,$N_{eff}$ by anomaly rate,11,heatmap_cell,weighted_wcs_homogeneous,finite_k2,pi1_sweep,-1.6989700043360187,3.6,-1.8494850021680092,-1.5,3.5,3.7,0.02,anomaly rate $\pi_1$,0.1,1000,0.02,,0.0275,0.0275,0.21,0.0565,-0.8553979966540689,0.0,0.923070918367347,100,finite_k2_pi1_sweep,statistical power
tikz-v1,figure2,power_atlas_r3_c3,$N_{eff}$ by anomaly rate,11,heatmap_cell,weighted_wcs_homogeneous,finite_k2,pi1_sweep,-1.6989700043360187,3.8,-1.8494850021680092,-1.5,3.7,3.9,0.02,anomaly rate $\pi_1$,0.1,1000,0.02,,0.048,0.048,0.38,0.0651785714285714,-1.055378331375,0.0,0.919286224489796,100,finite_k2_pi1_sweep,statistical power
tikz-v1,figure2,power_atlas_r3_c3,$N_{eff}$ by anomaly rate,11,heatmap_cell,weighted_wcs_homogeneous,finite_k2,pi1_sweep,-1.6989700043360187,4.0,-1.8494850021680092,-1.5,3.9,4.1,0.02,anomaly rate $\pi_1$,0.1,1000,0.02,,0.066,0.066,0.46,0.0884423076923077,-1.17819078764433,0.0,0.9203867346938774,100,finite_k2_pi1_sweep,statistical power
tikz-v1,figure2,power_atlas_r3_c3,$N_{eff}$ by anomaly rate,11,heatmap_cell,weighted_wcs_homogeneous,finite_k2,pi1_sweep,-1.3010299956639813,1.4,-1.5,-1.1505149978319906,1.3,1.5,0.05,anomaly rate $\pi_1$,0.1,1000,0.05,,0.0002,0.0002,0.01,0.005,0.9194404252010936,0.92,0.9206366315789474,100,finite_k2_pi1_sweep,statistical power
tikz-v1,figure2,power_atlas_r3_c3,$N_{eff}$ by anomaly rate,11,heatmap_cell,weighted_wcs_homogeneous,finite_k2,pi1_sweep,-1.3010299956639813,1.6,-1.5,-1.1505149978319906,1.5,1.7,0.05,anomaly rate $\pi_1$,0.1,1000,0.05,,0.0018,0.0018,0.04,0.0164761904761904,0.7328282715969862,0.92,0.9205387368421052,100,finite_k2_pi1_sweep,statistical power
tikz-v1,figure2,power_atlas_r3_c3,$N_{eff}$ by anomaly rate,11,heatmap_cell,weighted_wcs_homogeneous,finite_k2,pi1_sweep,-1.3010299956639813,1.7999999999999998,-1.5,-1.1505149978319906,1.7,1.9,0.05,anomaly rate $\pi_1$,0.1,1000,0.05,,0.0024,0.0024,0.02,0.0275324675324675,0.5376020021010439,0.9,0.9213875789473684,100,finite_k2_pi1_sweep,statistical power
tikz-v1,figure2,power_atlas_r3_c3,$N_{eff}$ by anomaly rate,11,heatmap_cell,weighted_wcs_homogeneous,finite_k2,pi1_sweep,-1.3010299956639813,2.0,-1.5,-1.1505149978319906,1.9,2.1,0.05,anomaly rate $\pi_1$,0.1,1000,0.05,,0.0036,0.0036,0.05,0.005,0.3186971841164878,0.82,0.9212494736842104,100,finite_k2_pi1_sweep,statistical power
tikz-v1,figure2,power_atlas_r3_c3,$N_{eff}$ by anomaly rate,11,heatmap_cell,weighted_wcs_homogeneous,finite_k2,pi1_sweep,-1.3010299956639813,2.2,-1.5,-1.1505149978319906,2.1,2.3,0.05,anomaly rate $\pi_1$,0.1,1000,0.05,,0.0062,0.0062,0.08,0.0320555555555555,0.1426675035687315,0.82,0.924828842105263,100,finite_k2_pi1_sweep,statistical power
tikz-v1,figure2,power_atlas_r3_c3,$N_{eff}$ by anomaly rate,11,heatmap_cell,weighted_wcs_homogeneous,finite_k2,pi1_sweep,-1.3010299956639813,2.4,-1.5,-1.1505149978319906,2.3,2.5,0.05,anomaly rate $\pi_1$,0.1,1000,0.05,,0.0126,0.0126,0.07,0.0166419437340153,-0.1003705451175629,0.26,0.9262421052631578,100,finite_k2_pi1_sweep,statistical power
tikz-v1,figure2,power_atlas_r3_c3,$N_{eff}$ by anomaly rate,11,heatmap_cell,weighted_wcs_homogeneous,finite_k2,pi1_sweep,-1.3010299956639813,2.6,-1.5,-1.1505149978319906,2.5,2.7,0.05,anomaly rate $\pi_1$,0.1,1000,0.05,,0.0122,0.0122,0.09,0.0296590038314176,-0.2865549974906582,0.01,0.9234124210526315,100,finite_k2_pi1_sweep,statistical power
tikz-v1,figure2,power_atlas_r3_c3,$N_{eff}$ by anomaly rate,11,heatmap_cell,weighted_wcs_homogeneous,finite_k2,pi1_sweep,-1.3010299956639813,2.8,-1.5,-1.1505149978319906,2.7,2.9,0.05,anomaly rate $\pi_1$,0.1,1000,0.05,,0.0332,0.0332,0.27,0.0520690543117013,-0.4931857250335613,0.0,0.9211391578947368,100,finite_k2_pi1_sweep,statistical power
tikz-v1,figure2,power_atlas_r3_c3,$N_{eff}$ by anomaly rate,11,heatmap_cell,weighted_wcs_homogeneous,finite_k2,pi1_sweep,-1.3010299956639813,3.0,-1.5,-1.1505149978319906,2.9,3.1,0.05,anomaly rate $\pi_1$,0.1,1000,0.05,,0.0438,0.0438,0.35,0.0435018565848085,-0.6994040818153374,0.0,0.920679789473684,100,finite_k2_pi1_sweep,statistical power
tikz-v1,figure2,power_atlas_r3_c3,$N_{eff}$ by anomaly rate,11,heatmap_cell,weighted_wcs_homogeneous,finite_k2,pi1_sweep,-1.3010299956639813,3.2,-1.5,-1.1505149978319906,3.1,3.3,0.05,anomaly rate $\pi_1$,0.1,1000,0.05,,0.0576,0.0576,0.44,0.0495369434487081,-0.8936089924566568,0.0,0.9226970526315788,100,finite_k2_pi1_sweep,statistical power
tikz-v1,figure2,power_atlas_r3_c3,$N_{eff}$ by anomaly rate,11,heatmap_cell,weighted_wcs_homogeneous,finite_k2,pi1_sweep,-1.3010299956639813,3.4,-1.5,-1.1505149978319906,3.3,3.5,0.05,anomaly rate $\pi_1$,0.1,1000,0.05,,0.0774,0.0774,0.55,0.0665546515859815,-1.0534626049254554,0.0,0.922846105263158,100,finite_k2_pi1_sweep,statistical power
tikz-v1,figure2,power_atlas_r3_c3,$N_{eff}$ by anomaly rate,11,heatmap_cell,weighted_wcs_homogeneous,finite_k2,pi1_sweep,-1.3010299956639813,3.6,-1.5,-1.1505149978319906,3.5,3.7,0.05,anomaly rate $\pi_1$,0.1,1000,0.05,,0.1077999999999999,0.1077999999999999,0.72,0.0858902909955541,-1.2533380053261065,0.0,0.9216637894736844,100,finite_k2_pi1_sweep,statistical power
tikz-v1,figure2,power_atlas_r3_c3,$N_{eff}$ by anomaly rate,11,heatmap_cell,weighted_wcs_homogeneous,finite_k2,pi1_sweep,-1.3010299956639813,3.8,-1.5,-1.1505149978319906,3.7,3.9,0.05,anomaly rate $\pi_1$,0.1,1000,0.05,,0.1073999999999999,0.1073999999999999,0.78,0.0736867299367299,-1.4533183400470375,0.0,0.920532,100,finite_k2_pi1_sweep,statistical power
tikz-v1,figure2,power_atlas_r3_c3,$N_{eff}$ by anomaly rate,11,heatmap_cell,weighted_wcs_homogeneous,finite_k2,pi1_sweep,-1.3010299956639813,4.0,-1.5,-1.1505149978319906,3.9,4.1,0.05,anomaly rate $\pi_1$,0.1,1000,0.05,,0.1042,0.1042,0.77,0.0911273086218906,-1.5587827824770388,0.0,0.9188496842105264,100,finite_k2_pi1_sweep,statistical power
tikz-v1,figure2,power_atlas_r3_c3,$N_{eff}$ by anomaly rate,11,heatmap_cell,weighted_wcs_homogeneous,finite_k2,pi1_sweep,-1.0,1.4,-1.1505149978319906,-0.8494850021680094,1.3,1.5,0.1,anomaly rate $\pi_1$,0.1,1000,0.1,,0.0036,0.0036,0.04,0.0203410138248847,0.619788758288394,0.9,0.9223691111111112,100,finite_k2_pi1_sweep,statistical power
tikz-v1,figure2,power_atlas_r3_c3,$N_{eff}$ by anomaly rate,11,heatmap_cell,weighted_wcs_homogeneous,finite_k2,pi1_sweep,-1.0,1.6,-1.1505149978319906,-0.8494850021680094,1.5,1.7,0.1,anomaly rate $\pi_1$,0.1,1000,0.1,,0.0036,0.0036,0.07,0.0215259302101407,0.431798275933005,0.91,0.9229006666666666,100,finite_k2_pi1_sweep,statistical power
tikz-v1,figure2,power_atlas_r3_c3,$N_{eff}$ by anomaly rate,11,heatmap_cell,weighted_wcs_homogeneous,finite_k2,pi1_sweep,-1.0,1.7999999999999998,-1.1505149978319906,-0.8494850021680094,1.7,1.9,0.1,anomaly rate $\pi_1$,0.1,1000,0.1,,0.0046,0.0046,0.11,0.0122619047619047,0.2347219480162203,0.78,0.9229586666666668,100,finite_k2_pi1_sweep,statistical power
tikz-v1,figure2,power_atlas_r3_c3,$N_{eff}$ by anomaly rate,11,heatmap_cell,weighted_wcs_homogeneous,finite_k2,pi1_sweep,-1.0,2.0,-1.1505149978319906,-0.8494850021680094,1.9,2.1,0.1,anomaly rate $\pi_1$,0.1,1000,0.1,,0.0224,0.0224,0.12,0.0225479482270374,0.0040867803338809,0.5,0.919489,100,finite_k2_pi1_sweep,statistical power
tikz-v1,figure2,power_atlas_r3_c3,$N_{eff}$ by anomaly rate,11,heatmap_cell,weighted_wcs_homogeneous,finite_k2,pi1_sweep,-1.0,2.2,-1.1505149978319906,-0.8494850021680094,2.1,2.3,0.1,anomaly rate $\pi_1$,0.1,1000,0.1,,0.0339,0.0339,0.18,0.0404590281794229,-0.1819673811267596,0.12,0.9197902222222224,100,finite_k2_pi1_sweep,statistical power
tikz-v1,figure2,power_atlas_r3_c3,$N_{eff}$ by anomaly rate,11,heatmap_cell,weighted_wcs_homogeneous,finite_k2,pi1_sweep,-1.0,2.4,-1.1505149978319906,-0.8494850021680094,2.3,2.5,0.1,anomaly rate $\pi_1$,0.1,1000,0.1,,0.0486,0.0486,0.28,0.047280989783635,-0.4014005407815441,0.0,0.9184843333333332,100,finite_k2_pi1_sweep,statistical power
tikz-v1,figure2,power_atlas_r3_c3,$N_{eff}$ by anomaly rate,11,heatmap_cell,weighted_wcs_homogeneous,finite_k2,pi1_sweep,-1.0,2.6,-1.1505149978319906,-0.8494850021680094,2.5,2.7,0.1,anomaly rate $\pi_1$,0.1,1000,0.1,,0.0788,0.0788,0.37,0.0510868926912364,-0.5840471274585541,0.0,0.922563222222222,100,finite_k2_pi1_sweep,statistical power
tikz-v1,figure2,power_atlas_r3_c3,$N_{eff}$ by anomaly rate,11,heatmap_cell,weighted_wcs_homogeneous,finite_k2,pi1_sweep,-1.0,2.8,-1.1505149978319906,-0.8494850021680094,2.7,2.9,0.1,anomaly rate $\pi_1$,0.1,1000,0.1,,0.1140999999999999,0.1140999999999999,0.5,0.062630822727421,-0.7708255253614116,0.0,0.9228521111111112,100,finite_k2_pi1_sweep,statistical power
tikz-v1,figure2,power_atlas_r3_c3,$N_{eff}$ by anomaly rate,11,heatmap_cell,weighted_wcs_homogeneous,finite_k2,pi1_sweep,-1.0,3.0,-1.1505149978319906,-0.8494850021680094,2.9,3.1,0.1,anomaly rate $\pi_1$,0.1,1000,0.1,,0.1211,0.1211,0.67,0.0686504720912195,-0.9778078560103968,0.0,0.9231983333333332,100,finite_k2_pi1_sweep,statistical power
tikz-v1,figure2,power_atlas_r3_c3,$N_{eff}$ by anomaly rate,11,heatmap_cell,weighted_wcs_homogeneous,finite_k2,pi1_sweep,-1.0,3.2,-1.1505149978319906,-0.8494850021680094,3.1,3.3,0.1,anomaly rate $\pi_1$,0.1,1000,0.1,,0.1703,0.1703,0.85,0.0780235389635953,-1.15926383118299,0.0,0.9196711111111112,100,finite_k2_pi1_sweep,statistical power
tikz-v1,figure2,power_atlas_r3_c3,$N_{eff}$ by anomaly rate,11,heatmap_cell,weighted_wcs_homogeneous,finite_k2,pi1_sweep,-1.0,3.4,-1.1505149978319906,-0.8494850021680094,3.3,3.5,0.1,anomaly rate $\pi_1$,0.1,1000,0.1,,0.1915,0.1915,0.92,0.0818320844866201,-1.3544926005894364,0.0,0.922873,100,finite_k2_pi1_sweep,statistical power
tikz-v1,figure2,power_atlas_r3_c3,$N_{eff}$ by anomaly rate,11,heatmap_cell,weighted_wcs_homogeneous,finite_k2,pi1_sweep,-1.0,3.6,-1.1505149978319906,-0.8494850021680094,3.5,3.7,0.1,anomaly rate $\pi_1$,0.1,1000,0.1,,0.1753999999999999,0.1753999999999999,0.9,0.0887511378276394,-1.5543680009900875,0.0,0.9180083333333332,100,finite_k2_pi1_sweep,statistical power
tikz-v1,figure2,power_atlas_r3_c3,$N_{eff}$ by anomaly rate,11,heatmap_cell,weighted_wcs_homogeneous,finite_k2,pi1_sweep,-1.0,3.8,-1.1505149978319906,-0.8494850021680094,3.7,3.9,0.1,anomaly rate $\pi_1$,0.1,1000,0.1,,0.1916999999999999,0.1916999999999999,0.98,0.0943365489708097,-1.7315989937504113,0.0,0.9207476666666666,100,finite_k2_pi1_sweep,statistical power
tikz-v1,figure2,power_atlas_r3_c3,$N_{eff}$ by anomaly rate,11,heatmap_cell,weighted_wcs_homogeneous,finite_k2,pi1_sweep,-1.0,4.0,-1.1505149978319906,-0.8494850021680094,3.9,4.1,0.1,anomaly rate $\pi_1$,0.1,1000,0.1,,0.1961,0.1961,1.0,0.0972539098916723,-1.8451671523023871,0.0,0.9222610000000002,100,finite_k2_pi1_sweep,statistical power
tikz-v1,figure2,power_atlas_r3_c3,$N_{eff}$ by anomaly rate,11,heatmap_cell,weighted_wcs_homogeneous,finite_k2,pi1_sweep,-0.6989700043360187,1.4,-0.8494850021680094,-0.5484550065040281,1.3,1.5,0.2,anomaly rate $\pi_1$,0.1,1000,0.2,,0.00945,0.00945,0.06,0.0223697802507386,0.3187587626244127,0.91,0.9223783125,100,finite_k2_pi1_sweep,statistical power
tikz-v1,figure2,power_atlas_r3_c3,$N_{eff}$ by anomaly rate,11,heatmap_cell,weighted_wcs_homogeneous,finite_k2,pi1_sweep,-0.6989700043360187,1.6,-0.8494850021680094,-0.5484550065040281,1.5,1.7,0.2,anomaly rate $\pi_1$,0.1,1000,0.2,,0.0247999999999999,0.0247999999999999,0.12,0.0244837621875543,0.1307682802690238,0.84,0.9195159375,100,finite_k2_pi1_sweep,statistical power
tikz-v1,figure2,power_atlas_r3_c3,$N_{eff}$ by anomaly rate,11,heatmap_cell,weighted_wcs_homogeneous,finite_k2,pi1_sweep,-0.6989700043360187,1.7999999999999998,-0.8494850021680094,-0.5484550065040281,1.7,1.9,0.2,anomaly rate $\pi_1$,0.1,1000,0.2,,0.02655,0.02655,0.15,0.0224361135626467,-0.069350361925435,0.35,0.9211465625000002,100,finite_k2_pi1_sweep,statistical power
tikz-v1,figure2,power_atlas_r3_c3,$N_{eff}$ by anomaly rate,11,heatmap_cell,weighted_wcs_homogeneous,finite_k2,pi1_sweep,-0.6989700043360187,2.0,-0.8494850021680094,-0.5484550065040281,1.9,2.1,0.2,anomaly rate $\pi_1$,0.1,1000,0.2,,0.0972,0.0972,0.34,0.0474559628154993,-0.2618447006621758,0.01,0.9200588750000002,100,finite_k2_pi1_sweep,statistical power
tikz-v1,figure2,power_atlas_r3_c3,$N_{eff}$ by anomaly rate,11,heatmap_cell,weighted_wcs_homogeneous,finite_k2,pi1_sweep,-0.6989700043360187,2.2,-0.8494850021680094,-0.5484550065040281,2.1,2.3,0.2,anomaly rate $\pi_1$,0.1,1000,0.2,,0.1195,0.1195,0.4,0.0523233868386672,-0.4593924877592308,0.0,0.9218500625,100,finite_k2_pi1_sweep,statistical power
tikz-v1,figure2,power_atlas_r3_c3,$N_{eff}$ by anomaly rate,11,heatmap_cell,weighted_wcs_homogeneous,finite_k2,pi1_sweep,-0.6989700043360187,2.4,-0.8494850021680094,-0.5484550065040281,2.3,2.5,0.2,anomaly rate $\pi_1$,0.1,1000,0.2,,0.1997,0.1997,0.64,0.0571713026107688,-0.6810097215617869,0.0,0.9233561874999998,100,finite_k2_pi1_sweep,statistical power
tikz-v1,figure2,power_atlas_r3_c3,$N_{eff}$ by anomaly rate,11,heatmap_cell,weighted_wcs_homogeneous,finite_k2,pi1_sweep,-0.6989700043360187,2.6,-0.8494850021680094,-0.5484550065040281,2.5,2.7,0.2,anomaly rate $\pi_1$,0.1,1000,0.2,,0.23795,0.23795,0.73,0.0649527417371228,-0.8640348102624525,0.0,0.9231958124999998,100,finite_k2_pi1_sweep,statistical power
tikz-v1,figure2,power_atlas_r3_c3,$N_{eff}$ by anomaly rate,11,heatmap_cell,weighted_wcs_homogeneous,finite_k2,pi1_sweep,-0.6989700043360187,2.8,-0.8494850021680094,-0.5484550065040281,2.7,2.9,0.2,anomaly rate $\pi_1$,0.1,1000,0.2,,0.28345,0.28345,0.85,0.0765632675391273,-1.0561422620590524,0.0,0.92087575,100,finite_k2_pi1_sweep,statistical power
tikz-v1,figure2,power_atlas_r3_c3,$N_{eff}$ by anomaly rate,11,heatmap_cell,weighted_wcs_homogeneous,finite_k2,pi1_sweep,-0.6989700043360187,3.0,-0.8494850021680094,-0.5484550065040281,2.9,3.1,0.2,anomaly rate $\pi_1$,0.1,1000,0.2,,0.2835999999999999,0.2835999999999999,0.98,0.0762257188518827,-1.2802595982184606,0.0,0.9187596875,100,finite_k2_pi1_sweep,statistical power
tikz-v1,figure2,power_atlas_r3_c3,$N_{eff}$ by anomaly rate,11,heatmap_cell,weighted_wcs_homogeneous,finite_k2,pi1_sweep,-0.6989700043360187,3.2,-0.8494850021680094,-0.5484550065040281,3.1,3.3,0.2,anomaly rate $\pi_1$,0.1,1000,0.2,,0.2903,0.2903,1.0,0.0759503937994935,-1.4774513547871166,0.0,0.919199875,100,finite_k2_pi1_sweep,statistical power
tikz-v1,figure2,power_atlas_r3_c3,$N_{eff}$ by anomaly rate,11,heatmap_cell,weighted_wcs_homogeneous,finite_k2,pi1_sweep,-0.6989700043360187,3.4,-0.8494850021680094,-0.5484550065040281,3.3,3.5,0.2,anomaly rate $\pi_1$,0.1,1000,0.2,,0.3237,0.3237,1.0,0.0767357541078603,-1.6555225962534177,0.0,0.9213895625,100,finite_k2_pi1_sweep,statistical power
tikz-v1,figure2,power_atlas_r3_c3,$N_{eff}$ by anomaly rate,11,heatmap_cell,weighted_wcs_homogeneous,finite_k2,pi1_sweep,-0.6989700043360187,3.6,-0.8494850021680094,-0.5484550065040281,3.5,3.7,0.2,anomaly rate $\pi_1$,0.1,1000,0.2,,0.3228,0.3228,0.98,0.080444675047164,-1.8553979966540688,0.0,0.9201201874999998,100,finite_k2_pi1_sweep,statistical power
tikz-v1,figure2,power_atlas_r3_c3,$N_{eff}$ by anomaly rate,11,heatmap_cell,weighted_wcs_homogeneous,finite_k2,pi1_sweep,-0.6989700043360187,3.8,-0.8494850021680094,-0.5484550065040281,3.7,3.9,0.2,anomaly rate $\pi_1$,0.1,1000,0.2,,0.3257000000000001,0.3257000000000001,1.0,0.0795487105452829,-2.012880267161328,0.0,0.92252975,100,finite_k2_pi1_sweep,statistical power
tikz-v1,figure2,power_atlas_r3_c3,$N_{eff}$ by anomaly rate,11,heatmap_cell,weighted_wcs_homogeneous,finite_k2,pi1_sweep,-0.6989700043360187,4.0,-0.8494850021680094,-0.5484550065040281,3.9,4.1,0.2,anomaly rate $\pi_1$,0.1,1000,0.2,,0.3312,0.3312,1.0,0.0835642642414498,-2.146190073315927,0.0,0.9219051875,100,finite_k2_pi1_sweep,statistical power
tikz-v1,figure2,power_atlas_r4_c4,$N_{eff}$ by FDR level,16,heatmap_cell,weighted_wcs_homogeneous,finite_k3,alpha_sweep,-2.0,1.4,-2.1989700043360187,-1.8010299956639813,1.3,1.5,0.01,nominal FDR $\alpha$,0.01,1000,0.05,,0.0014,0.0014,0.02,0.0,1.9208187539523751,0.98,0.982808,100,finite_k3_alpha_sweep,statistical power
tikz-v1,figure2,power_atlas_r4_c4,$N_{eff}$ by FDR level,16,heatmap_cell,weighted_wcs_homogeneous,finite_k3,alpha_sweep,-2.0,1.6,-2.1989700043360187,-1.8010299956639813,1.5,1.7,0.01,nominal FDR $\alpha$,0.01,1000,0.05,,0.0,0.0,0.0,0.0,1.7153669383950672,1.0,0.981747157894737,100,finite_k3_alpha_sweep,statistical power
tikz-v1,figure2,power_atlas_r4_c4,$N_{eff}$ by FDR level,16,heatmap_cell,weighted_wcs_homogeneous,finite_k3,alpha_sweep,-2.0,1.7999999999999998,-2.1989700043360187,-1.8010299956639813,1.7,1.9,0.01,nominal FDR $\alpha$,0.01,1000,0.05,,0.0,0.0,0.0,0.0,1.5333866137610568,0.98,0.9838789473684209,100,finite_k3_alpha_sweep,statistical power
tikz-v1,figure2,power_atlas_r4_c4,$N_{eff}$ by FDR level,16,heatmap_cell,weighted_wcs_homogeneous,finite_k3,alpha_sweep,-2.0,2.0,-2.1989700043360187,-1.8010299956639813,1.9,2.1,0.01,nominal FDR $\alpha$,0.01,1000,0.05,,0.0,0.0,0.0,0.0,1.3419886033428876,0.99,0.9838602105263158,100,finite_k3_alpha_sweep,statistical power
tikz-v1,figure2,power_atlas_r4_c4,$N_{eff}$ by FDR level,16,heatmap_cell,weighted_wcs_homogeneous,finite_k3,alpha_sweep,-2.0,2.2,-2.1989700043360187,-1.8010299956639813,2.1,2.3,0.01,nominal FDR $\alpha$,0.01,1000,0.05,,0.0,0.0,0.0,0.0,1.1173438054736222,0.96,0.9836383157894736,100,finite_k3_alpha_sweep,statistical power
tikz-v1,figure2,power_atlas_r4_c4,$N_{eff}$ by FDR level,16,heatmap_cell,weighted_wcs_homogeneous,finite_k3,alpha_sweep,-2.0,2.4,-2.1989700043360187,-1.8010299956639813,2.3,2.5,0.01,nominal FDR $\alpha$,0.01,1000,0.05,,0.0044,0.0044,0.05,0.0,0.9367601834010784,0.94,0.982396842105263,100,finite_k3_alpha_sweep,statistical power
tikz-v1,figure2,power_atlas_r4_c4,$N_{eff}$ by FDR level,16,heatmap_cell,weighted_wcs_homogeneous,finite_k3,alpha_sweep,-2.0,2.6,-2.1989700043360187,-1.8010299956639813,2.5,2.7,0.01,nominal FDR $\alpha$,0.01,1000,0.05,,0.0012,0.0012,0.02,0.0,0.7304690280783216,0.96,0.982412842105263,100,finite_k3_alpha_sweep,statistical power
tikz-v1,figure2,power_atlas_r4_c4,$N_{eff}$ by FDR level,16,heatmap_cell,weighted_wcs_homogeneous,finite_k3,alpha_sweep,-2.0,2.8,-2.1989700043360187,-1.8010299956639813,2.7,2.9,0.01,nominal FDR $\alpha$,0.01,1000,0.05,,0.0006,0.0006,0.02,0.0,0.5163404535740291,0.9,0.9835010526315788,100,finite_k3_alpha_sweep,statistical power
tikz-v1,figure2,power_atlas_r4_c4,$N_{eff}$ by FDR level,16,heatmap_cell,weighted_wcs_homogeneous,finite_k3,alpha_sweep,-2.0,3.0,-2.1989700043360187,-1.8010299956639813,2.9,3.1,0.01,nominal FDR $\alpha$,0.01,1000,0.05,,0.0046,0.0046,0.06,0.0,0.3005959181846626,0.84,0.9828042105263158,100,finite_k3_alpha_sweep,statistical power
tikz-v1,figure2,power_atlas_r4_c4,$N_{eff}$ by FDR level,16,heatmap_cell,weighted_wcs_homogeneous,finite_k3,alpha_sweep,-2.0,3.2,-2.1989700043360187,-1.8010299956639813,3.1,3.3,0.01,nominal FDR $\alpha$,0.01,1000,0.05,,0.0068,0.0068,0.07,0.0125,0.1116425346971617,0.79,0.9826522105263158,100,finite_k3_alpha_sweep,statistical power
tikz-v1,figure2,power_atlas_r4_c4,$N_{eff}$ by FDR level,16,heatmap_cell,weighted_wcs_homogeneous,finite_k3,alpha_sweep,-2.0,3.4,-2.1989700043360187,-1.8010299956639813,3.3,3.5,0.01,nominal FDR $\alpha$,0.01,1000,0.05,,0.0032,0.0032,0.05,0.0033333333333333,-0.0534626049254553,0.37,0.9835107368421052,100,finite_k3_alpha_sweep,statistical power
tikz-v1,figure2,power_atlas_r4_c4,$N_{eff}$ by FDR level,16,heatmap_cell,weighted_wcs_homogeneous,finite_k3,alpha_sweep,-2.0,3.6,-2.1989700043360187,-1.8010299956639813,3.5,3.7,0.01,nominal FDR $\alpha$,0.01,1000,0.05,,0.0326,0.0326,0.15,0.0032638888888888,-0.2533380053261064,0.01,0.9834932631578946,100,finite_k3_alpha_sweep,statistical power
tikz-v1,figure2,power_atlas_r4_c4,$N_{eff}$ by FDR level,16,heatmap_cell,weighted_wcs_homogeneous,finite_k3,alpha_sweep,-2.0,3.8,-2.1989700043360187,-1.8010299956639813,3.7,3.9,0.01,nominal FDR $\alpha$,0.01,1000,0.05,,0.0696,0.0696,0.29,0.0042787114845938,-0.4533183400470376,0.0,0.983305894736842,100,finite_k3_alpha_sweep,statistical power
tikz-v1,figure2,power_atlas_r4_c4,$N_{eff}$ by FDR level,16,heatmap_cell,weighted_wcs_homogeneous,finite_k3,alpha_sweep,-2.0,4.0,-2.1989700043360187,-1.8010299956639813,3.9,4.1,0.01,nominal FDR $\alpha$,0.01,1000,0.05,,0.1348,0.1348,0.49,0.0078091151475018,-0.5441300819879646,0.0,0.981957894736842,100,finite_k3_alpha_sweep,statistical power
tikz-v1,figure2,power_atlas_r4_c4,$N_{eff}$ by FDR level,16,heatmap_cell,weighted_wcs_homogeneous,finite_k3,alpha_sweep,-1.6020599913279625,1.4,-1.8010299956639813,-1.451544993495972,1.3,1.5,0.025,nominal FDR $\alpha$,0.025,1000,0.05,,0.0024,0.0024,0.02,0.001,1.5228787452803374,0.98,0.983042736842105,100,finite_k3_alpha_sweep,statistical power
tikz-v1,figure2,power_atlas_r4_c4,$N_{eff}$ by FDR level,16,heatmap_cell,weighted_wcs_homogeneous,finite_k3,alpha_sweep,-1.6020599913279625,1.6,-1.8010299956639813,-1.451544993495972,1.5,1.7,0.025,nominal FDR $\alpha$,0.025,1000,0.05,,0.0014,0.0014,0.01,0.0,1.3348882629249486,0.99,0.9834016842105262,100,finite_k3_alpha_sweep,statistical power
tikz-v1,figure2,power_atlas_r4_c4,$N_{eff}$ by FDR level,16,heatmap_cell,weighted_wcs_homogeneous,finite_k3,alpha_sweep,-1.6020599913279625,1.7999999999999998,-1.8010299956639813,-1.451544993495972,1.7,1.9,0.025,nominal FDR $\alpha$,0.025,1000,0.05,,0.0004,0.0004,0.01,0.0,1.134060735938712,0.98,0.9839934736842108,100,finite_k3_alpha_sweep,statistical power
tikz-v1,figure2,power_atlas_r4_c4,$N_{eff}$ by FDR level,16,heatmap_cell,weighted_wcs_homogeneous,finite_k3,alpha_sweep,-1.6020599913279625,2.0,-1.8010299956639813,-1.451544993495972,1.9,2.1,0.025,nominal FDR $\alpha$,0.025,1000,0.05,,0.0024,0.0024,0.03,0.0067619047619047,0.9014903193861986,0.92,0.982952210526316,100,finite_k3_alpha_sweep,statistical power
tikz-v1,figure2,power_atlas_r4_c4,$N_{eff}$ by FDR level,16,heatmap_cell,weighted_wcs_homogeneous,finite_k3,alpha_sweep,-1.6020599913279625,2.2,-1.8010299956639813,-1.451544993495972,2.1,2.3,0.025,nominal FDR $\alpha$,0.025,1000,0.05,,0.0048,0.0048,0.05,0.0047222222222222,0.7016928626714921,0.94,0.981776210526316,100,finite_k3_alpha_sweep,statistical power
tikz-v1,figure2,power_atlas_r4_c4,$N_{eff}$ by FDR level,16,heatmap_cell,weighted_wcs_homogeneous,finite_k3,alpha_sweep,-1.6020599913279625,2.4,-1.8010299956639813,-1.451544993495972,2.3,2.5,0.025,nominal FDR $\alpha$,0.025,1000,0.05,,0.0152,0.0152,0.08,0.0142063492063492,0.5016894462103995,0.9,0.9823052631578948,100,finite_k3_alpha_sweep,statistical power
tikz-v1,figure2,power_atlas_r4_c4,$N_{eff}$ by FDR level,16,heatmap_cell,weighted_wcs_homogeneous,finite_k3,alpha_sweep,-1.6020599913279625,2.6,-1.8010299956639813,-1.451544993495972,2.5,2.7,0.025,nominal FDR $\alpha$,0.025,1000,0.05,,0.0132,0.0132,0.09,0.0024812030075187,0.3021170913051953,0.81,0.9832612631578944,100,finite_k3_alpha_sweep,statistical power
tikz-v1,figure2,power_atlas_r4_c4,$N_{eff}$ by FDR level,16,heatmap_cell,weighted_wcs_homogeneous,finite_k3,alpha_sweep,-1.6020599913279625,2.8,-1.8010299956639813,-1.451544993495972,2.7,2.9,0.025,nominal FDR $\alpha$,0.025,1000,0.05,,0.0152,0.0152,0.12,0.0108247863247863,0.1270537072430182,0.79,0.9818482105263154,100,finite_k3_alpha_sweep,statistical power
tikz-v1,figure2,power_atlas_r4_c4,$N_{eff}$ by FDR level,16,heatmap_cell,weighted_wcs_homogeneous,finite_k3,alpha_sweep,-1.6020599913279625,3.0,-1.8010299956639813,-1.451544993495972,2.9,3.1,0.025,nominal FDR $\alpha$,0.025,1000,0.05,,0.0464,0.0464,0.22,0.0077700854700854,-0.0834886893472372,0.3,0.9830376842105264,100,finite_k3_alpha_sweep,statistical power
tikz-v1,figure2,power_atlas_r4_c4,$N_{eff}$ by FDR level,16,heatmap_cell,weighted_wcs_homogeneous,finite_k3,alpha_sweep,-1.6020599913279625,3.2,-1.8010299956639813,-1.451544993495972,3.1,3.3,0.025,nominal FDR $\alpha$,0.025,1000,0.05,,0.069,0.069,0.27,0.0199654958885508,-0.2972131959896414,0.0,0.9838033684210526,100,finite_k3_alpha_sweep,statistical power
tikz-v1,figure2,power_atlas_r4_c4,$N_{eff}$ by FDR level,16,heatmap_cell,weighted_wcs_homogeneous,finite_k3,alpha_sweep,-1.6020599913279625,3.4,-1.8010299956639813,-1.451544993495972,3.3,3.5,0.025,nominal FDR $\alpha$,0.025,1000,0.05,,0.1782,0.1782,0.56,0.016709110714993,-0.4514026135974929,0.0,0.9834094736842104,100,finite_k3_alpha_sweep,statistical power
tikz-v1,figure2,power_atlas_r4_c4,$N_{eff}$ by FDR level,16,heatmap_cell,weighted_wcs_homogeneous,finite_k3,alpha_sweep,-1.6020599913279625,3.6,-1.8010299956639813,-1.451544993495972,3.5,3.7,0.025,nominal FDR $\alpha$,0.025,1000,0.05,,0.2636,0.2636,0.79,0.0171212182199471,-0.651278013998144,0.0,0.9833964210526316,100,finite_k3_alpha_sweep,statistical power
tikz-v1,figure2,power_atlas_r4_c4,$N_{eff}$ by FDR level,16,heatmap_cell,weighted_wcs_homogeneous,finite_k3,alpha_sweep,-1.6020599913279625,3.8,-1.8010299956639813,-1.451544993495972,3.7,3.9,0.025,nominal FDR $\alpha$,0.025,1000,0.05,,0.3044,0.3044,0.86,0.0162460131523083,-0.8512583487190752,0.0,0.9828315789473684,100,finite_k3_alpha_sweep,statistical power
tikz-v1,figure2,power_atlas_r4_c4,$N_{eff}$ by FDR level,16,heatmap_cell,weighted_wcs_homogeneous,finite_k3,alpha_sweep,-1.6020599913279625,4.0,-1.8010299956639813,-1.451544993495972,3.9,4.1,0.025,nominal FDR $\alpha$,0.025,1000,0.05,,0.378,0.378,0.96,0.0283332653466219,-0.9437875343435338,0.0,0.9831338947368422,100,finite_k3_alpha_sweep,statistical power
tikz-v1,figure2,power_atlas_r4_c4,$N_{eff}$ by FDR level,16,heatmap_cell,weighted_wcs_homogeneous,finite_k3,alpha_sweep,-1.3010299956639813,1.4,-1.451544993495972,-1.1505149978319906,1.3,1.5,0.05,nominal FDR $\alpha$,0.05,1000,0.05,,0.0048,0.0048,0.04,0.0109523809523809,1.2218487496163564,0.95,0.982163157894737,100,finite_k3_alpha_sweep,statistical power
tikz-v1,figure2,power_atlas_r4_c4,$N_{eff}$ by FDR level,16,heatmap_cell,weighted_wcs_homogeneous,finite_k3,alpha_sweep,-1.3010299956639813,1.6,-1.451544993495972,-1.1505149978319906,1.5,1.7,0.05,nominal FDR $\alpha$,0.05,1000,0.05,,0.0054,0.0054,0.03,0.0031111111111111,1.0338582672609673,0.96,0.9814136842105262,100,finite_k3_alpha_sweep,statistical power
tikz-v1,figure2,power_atlas_r4_c4,$N_{eff}$ by FDR level,16,heatmap_cell,weighted_wcs_homogeneous,finite_k3,alpha_sweep,-1.3010299956639813,1.7999999999999998,-1.451544993495972,-1.1505149978319906,1.7,1.9,0.05,nominal FDR $\alpha$,0.05,1000,0.05,,0.001,0.001,0.01,0.0028571428571428,0.8101030815692856,0.96,0.9831191578947368,100,finite_k3_alpha_sweep,statistical power
tikz-v1,figure2,power_atlas_r4_c4,$N_{eff}$ by FDR level,16,heatmap_cell,weighted_wcs_homogeneous,finite_k3,alpha_sweep,-1.3010299956639813,2.0,-1.451544993495972,-1.1505149978319906,1.9,2.1,0.05,nominal FDR $\alpha$,0.05,1000,0.05,,0.0048,0.0048,0.05,0.0073571428571428,0.6430185990068689,0.94,0.9828694736842104,100,finite_k3_alpha_sweep,statistical power
tikz-v1,figure2,power_atlas_r4_c4,$N_{eff}$ by FDR level,16,heatmap_cell,weighted_wcs_homogeneous,finite_k3,alpha_sweep,-1.3010299956639813,2.2,-1.451544993495972,-1.1505149978319906,2.1,2.3,0.05,nominal FDR $\alpha$,0.05,1000,0.05,,0.0176,0.0176,0.11,0.0122444212134614,0.4006628670075109,0.8,0.982372,100,finite_k3_alpha_sweep,statistical power
tikz-v1,figure2,power_atlas_r4_c4,$N_{eff}$ by FDR level,16,heatmap_cell,weighted_wcs_homogeneous,finite_k3,alpha_sweep,-1.3010299956639813,2.4,-1.451544993495972,-1.1505149978319906,2.3,2.5,0.05,nominal FDR $\alpha$,0.05,1000,0.05,,0.0296,0.0296,0.16,0.0178380302188351,0.2006594505464182,0.75,0.9827284210526316,100,finite_k3_alpha_sweep,statistical power
tikz-v1,figure2,power_atlas_r4_c4,$N_{eff}$ by FDR level,16,heatmap_cell,weighted_wcs_homogeneous,finite_k3,alpha_sweep,-1.3010299956639813,2.6,-1.451544993495972,-1.1505149978319906,2.5,2.7,0.05,nominal FDR $\alpha$,0.05,1000,0.05,,0.0585999999999999,0.0585999999999999,0.2,0.0153532775834566,0.0010870956412141,0.58,0.9825684210526314,100,finite_k3_alpha_sweep,statistical power
tikz-v1,figure2,power_atlas_r4_c4,$N_{eff}$ by FDR level,16,heatmap_cell,weighted_wcs_homogeneous,finite_k3,alpha_sweep,-1.3010299956639813,2.8,-1.451544993495972,-1.1505149978319906,2.7,2.9,0.05,nominal FDR $\alpha$,0.05,1000,0.05,,0.114,0.114,0.32,0.0208116422232801,-0.1742868197666689,0.06,0.9836711578947368,100,finite_k3_alpha_sweep,statistical power
tikz-v1,figure2,power_atlas_r4_c4,$N_{eff}$ by FDR level,16,heatmap_cell,weighted_wcs_homogeneous,finite_k3,alpha_sweep,-1.3010299956639813,3.0,-1.451544993495972,-1.1505149978319906,2.9,3.1,0.05,nominal FDR $\alpha$,0.05,1000,0.05,,0.194,0.194,0.53,0.0293167667458773,-0.3947261902211497,0.0,0.9827671578947368,100,finite_k3_alpha_sweep,statistical power
tikz-v1,figure2,power_atlas_r4_c4,$N_{eff}$ by FDR level,16,heatmap_cell,weighted_wcs_homogeneous,finite_k3,alpha_sweep,-1.3010299956639813,3.2,-1.451544993495972,-1.1505149978319906,3.1,3.3,0.05,nominal FDR $\alpha$,0.05,1000,0.05,,0.3699999999999999,0.3699999999999999,0.82,0.031340617617849,-0.5982431916536226,0.0,0.9838587368421052,100,finite_k3_alpha_sweep,statistical power
tikz-v1,figure2,power_atlas_r4_c4,$N_{eff}$ by FDR level,16,heatmap_cell,weighted_wcs_homogeneous,finite_k3,alpha_sweep,-1.3010299956639813,3.4,-1.451544993495972,-1.1505149978319906,3.3,3.5,0.05,nominal FDR $\alpha$,0.05,1000,0.05,,0.4364,0.4364,0.95,0.0377512518077303,-0.7524326092614742,0.0,0.984010947368421,100,finite_k3_alpha_sweep,statistical power
tikz-v1,figure2,power_atlas_r4_c4,$N_{eff}$ by FDR level,16,heatmap_cell,weighted_wcs_homogeneous,finite_k3,alpha_sweep,-1.3010299956639813,3.6,-1.451544993495972,-1.1505149978319906,3.5,3.7,0.05,nominal FDR $\alpha$,0.05,1000,0.05,,0.4543999999999999,0.4543999999999999,0.98,0.0496398809334433,-0.9523080096621253,0.0,0.9830298947368422,100,finite_k3_alpha_sweep,statistical power
tikz-v1,figure2,power_atlas_r4_c4,$N_{eff}$ by FDR level,16,heatmap_cell,weighted_wcs_homogeneous,finite_k3,alpha_sweep,-1.3010299956639813,3.8,-1.451544993495972,-1.1505149978319906,3.7,3.9,0.05,nominal FDR $\alpha$,0.05,1000,0.05,,0.477,0.477,1.0,0.0403946824791015,-1.1457529461697749,0.0,0.9837949473684208,100,finite_k3_alpha_sweep,statistical power
tikz-v1,figure2,power_atlas_r4_c4,$N_{eff}$ by FDR level,16,heatmap_cell,weighted_wcs_homogeneous,finite_k3,alpha_sweep,-1.3010299956639813,4.0,-1.451544993495972,-1.1505149978319906,3.9,4.1,0.05,nominal FDR $\alpha$,0.05,1000,0.05,,0.479,0.479,1.0,0.0527925252420136,-1.2493519917028242,0.0,0.982718105263158,100,finite_k3_alpha_sweep,statistical power
tikz-v1,figure2,power_atlas_r4_c4,$N_{eff}$ by FDR level,16,heatmap_cell,weighted_wcs_homogeneous,finite_k3,alpha_sweep,-1.0,1.4,-1.1505149978319906,-0.8494850021680094,1.3,1.5,0.1,nominal FDR $\alpha$,0.1,1000,0.05,,0.0098,0.0098,0.05,0.0268329831932773,0.9198393228480404,0.92,0.9829867368421052,100,finite_k3_alpha_sweep,statistical power
tikz-v1,figure2,power_atlas_r4_c4,$N_{eff}$ by FDR level,16,heatmap_cell,weighted_wcs_homogeneous,finite_k3,alpha_sweep,-1.0,1.6,-1.1505149978319906,-0.8494850021680094,1.5,1.7,0.1,nominal FDR $\alpha$,0.1,1000,0.05,,0.0076,0.0076,0.05,0.0091071428571428,0.7248632346922798,0.92,0.982729052631579,100,finite_k3_alpha_sweep,statistical power
tikz-v1,figure2,power_atlas_r4_c4,$N_{eff}$ by FDR level,16,heatmap_cell,weighted_wcs_homogeneous,finite_k3,alpha_sweep,-1.0,1.7999999999999998,-1.1505149978319906,-0.8494850021680094,1.7,1.9,0.1,nominal FDR $\alpha$,0.1,1000,0.05,,0.0269999999999999,0.0269999999999999,0.09,0.0158328007477935,0.499691118441359,0.85,0.9832353684210524,100,finite_k3_alpha_sweep,statistical power
tikz-v1,figure2,power_atlas_r4_c4,$N_{eff}$ by FDR level,16,heatmap_cell,weighted_wcs_homogeneous,finite_k3,alpha_sweep,-1.0,2.0,-1.1505149978319906,-0.8494850021680094,1.9,2.1,0.1,nominal FDR $\alpha$,0.1,1000,0.05,,0.0374,0.0374,0.16,0.0313197134514582,0.3109099602019385,0.81,0.9819616842105264,100,finite_k3_alpha_sweep,statistical power
tikz-v1,figure2,power_atlas_r4_c4,$N_{eff}$ by FDR level,16,heatmap_cell,weighted_wcs_homogeneous,finite_k3,alpha_sweep,-1.0,2.2,-1.1505149978319906,-0.8494850021680094,2.1,2.3,0.1,nominal FDR $\alpha$,0.1,1000,0.05,,0.0676,0.0676,0.19,0.0320151880169736,0.1426675035687315,0.82,0.9836772631578948,100,finite_k3_alpha_sweep,statistical power
tikz-v1,figure2,power_atlas_r4_c4,$N_{eff}$ by FDR level,16,heatmap_cell,weighted_wcs_homogeneous,finite_k3,alpha_sweep,-1.0,2.4,-1.1505149978319906,-0.8494850021680094,2.3,2.5,0.1,nominal FDR $\alpha$,0.1,1000,0.05,,0.1856,0.1856,0.39,0.0755152457478027,-0.0671135718355703,0.28,0.9837282105263156,100,finite_k3_alpha_sweep,statistical power
tikz-v1,figure2,power_atlas_r4_c4,$N_{eff}$ by FDR level,16,heatmap_cell,weighted_wcs_homogeneous,finite_k3,alpha_sweep,-1.0,2.6,-1.1505149978319906,-0.8494850021680094,2.5,2.7,0.1,nominal FDR $\alpha$,0.1,1000,0.05,,0.268,0.268,0.55,0.0576088293603068,-0.2999429000227671,0.0,0.983520842105263,100,finite_k3_alpha_sweep,statistical power
tikz-v1,figure2,power_atlas_r4_c4,$N_{eff}$ by FDR level,16,heatmap_cell,weighted_wcs_homogeneous,finite_k3,alpha_sweep,-1.0,2.8,-1.1505149978319906,-0.8494850021680094,2.7,2.9,0.1,nominal FDR $\alpha$,0.1,1000,0.05,,0.414,0.414,0.8,0.082907909004669,-0.4894620161977467,0.0,0.983238105263158,100,finite_k3_alpha_sweep,statistical power
tikz-v1,figure2,power_atlas_r4_c4,$N_{eff}$ by FDR level,16,heatmap_cell,weighted_wcs_homogeneous,finite_k3,alpha_sweep,-1.0,3.0,-1.1505149978319906,-0.8494850021680094,2.9,3.1,0.1,nominal FDR $\alpha$,0.1,1000,0.05,,0.5074000000000001,0.5074000000000001,0.9,0.0783765724653644,-0.6994040818153374,0.0,0.9836707368421052,100,finite_k3_alpha_sweep,statistical power
tikz-v1,figure2,power_atlas_r4_c4,$N_{eff}$ by FDR level,16,heatmap_cell,weighted_wcs_homogeneous,finite_k3,alpha_sweep,-1.0,3.2,-1.1505149978319906,-0.8494850021680094,3.1,3.3,0.1,nominal FDR $\alpha$,0.1,1000,0.05,,0.5682,0.5682,0.97,0.0840691428966471,-0.8726578032548046,0.0,0.9839772631578948,100,finite_k3_alpha_sweep,statistical power
tikz-v1,figure2,power_atlas_r4_c4,$N_{eff}$ by FDR level,16,heatmap_cell,weighted_wcs_homogeneous,finite_k3,alpha_sweep,-1.0,3.4,-1.1505149978319906,-0.8494850021680094,3.3,3.5,0.1,nominal FDR $\alpha$,0.1,1000,0.05,,0.5754,0.5754,0.99,0.0805657480841499,-1.0534626049254554,0.0,0.982914947368421,100,finite_k3_alpha_sweep,statistical power
tikz-v1,figure2,power_atlas_r4_c4,$N_{eff}$ by FDR level,16,heatmap_cell,weighted_wcs_homogeneous,finite_k3,alpha_sweep,-1.0,3.6,-1.1505149978319906,-0.8494850021680094,3.5,3.7,0.1,nominal FDR $\alpha$,0.1,1000,0.05,,0.5866,0.5866,0.99,0.0966113728101338,-1.2533380053261065,0.0,0.9824564210526318,100,finite_k3_alpha_sweep,statistical power
tikz-v1,figure2,power_atlas_r4_c4,$N_{eff}$ by FDR level,16,heatmap_cell,weighted_wcs_homogeneous,finite_k3,alpha_sweep,-1.0,3.8,-1.1505149978319906,-0.8494850021680094,3.7,3.9,0.1,nominal FDR $\alpha$,0.1,1000,0.05,,0.6136,0.6136,1.0,0.0941266804323009,-1.443302907622753,0.0,0.984119789473684,100,finite_k3_alpha_sweep,statistical power
tikz-v1,figure2,power_atlas_r4_c4,$N_{eff}$ by FDR level,16,heatmap_cell,weighted_wcs_homogeneous,finite_k3,alpha_sweep,-1.0,4.0,-1.1505149978319906,-0.8494850021680094,3.9,4.1,0.1,nominal FDR $\alpha$,0.1,1000,0.05,,0.6086,0.6086,1.0,0.0876941442008905,-1.5517437490351291,0.0,0.9830884210526316,100,finite_k3_alpha_sweep,statistical power
tikz-v1,figure2,power_atlas_r4_c4,$N_{eff}$ by FDR level,16,heatmap_cell,weighted_wcs_homogeneous,finite_k3,alpha_sweep,-0.6989700043360187,1.4,-0.8494850021680094,-0.5484550065040281,1.3,1.5,0.2,nominal FDR $\alpha$,0.2,1000,0.05,,0.036,0.036,0.11,0.060836074330107,0.619788758288394,0.9,0.9834322105263158,100,finite_k3_alpha_sweep,statistical power
tikz-v1,figure2,power_atlas_r4_c4,$N_{eff}$ by FDR level,16,heatmap_cell,weighted_wcs_homogeneous,finite_k3,alpha_sweep,-0.6989700043360187,1.6,-0.8494850021680094,-0.5484550065040281,1.5,1.7,0.2,nominal FDR $\alpha$,0.2,1000,0.05,,0.0866,0.0866,0.18,0.0876803007482053,0.3872161432802645,0.89,0.9833166315789472,100,finite_k3_alpha_sweep,statistical power
tikz-v1,figure2,power_atlas_r4_c4,$N_{eff}$ by FDR level,16,heatmap_cell,weighted_wcs_homogeneous,finite_k3,alpha_sweep,-0.6989700043360187,1.7999999999999998,-0.8494850021680094,-0.5484550065040281,1.7,1.9,0.2,nominal FDR $\alpha$,0.2,1000,0.05,,0.1014,0.1014,0.23,0.0839970671339038,0.2253098021363526,0.8,0.9832210526315788,100,finite_k3_alpha_sweep,statistical power
tikz-v1,figure2,power_atlas_r4_c4,$N_{eff}$ by FDR level,16,heatmap_cell,weighted_wcs_homogeneous,finite_k3,alpha_sweep,-0.6989700043360187,2.0,-0.8494850021680094,-0.5484550065040281,1.9,2.1,0.2,nominal FDR $\alpha$,0.2,1000,0.05,,0.1808,0.1808,0.37,0.1013488583635209,-0.0005805673431173,0.5,0.9825134736842106,100,finite_k3_alpha_sweep,statistical power
tikz-v1,figure2,power_atlas_r4_c4,$N_{eff}$ by FDR level,16,heatmap_cell,weighted_wcs_homogeneous,finite_k3,alpha_sweep,-0.6989700043360187,2.2,-0.8494850021680094,-0.5484550065040281,2.1,2.3,0.2,nominal FDR $\alpha$,0.2,1000,0.05,,0.4174,0.4174,0.71,0.1528113580856255,-0.185452472751543,0.11,0.9833625263157892,100,finite_k3_alpha_sweep,statistical power
tikz-v1,figure2,power_atlas_r4_c4,$N_{eff}$ by FDR level,16,heatmap_cell,weighted_wcs_homogeneous,finite_k3,alpha_sweep,-0.6989700043360187,2.4,-0.8494850021680094,-0.5484550065040281,2.3,2.5,0.2,nominal FDR $\alpha$,0.2,1000,0.05,,0.4844,0.4844,0.82,0.1337373521273418,-0.4014005407815441,0.0,0.982373052631579,100,finite_k3_alpha_sweep,statistical power
tikz-v1,figure2,power_atlas_r4_c4,$N_{eff}$ by FDR level,16,heatmap_cell,weighted_wcs_homogeneous,finite_k3,alpha_sweep,-0.6989700043360187,2.6,-0.8494850021680094,-0.5484550065040281,2.5,2.7,0.2,nominal FDR $\alpha$,0.2,1000,0.05,,0.6158,0.6158,0.91,0.1645535413104469,-0.6009728956867483,0.0,0.9821673684210528,100,finite_k3_alpha_sweep,statistical power
tikz-v1,figure2,power_atlas_r4_c4,$N_{eff}$ by FDR level,16,heatmap_cell,weighted_wcs_homogeneous,finite_k3,alpha_sweep,-0.6989700043360187,2.8,-0.8494850021680094,-0.5484550065040281,2.7,2.9,0.2,nominal FDR $\alpha$,0.2,1000,0.05,,0.7064000000000001,0.7064000000000001,0.99,0.1724789105653107,-0.800717078282385,0.0,0.984179789473684,100,finite_k3_alpha_sweep,statistical power
tikz-v1,figure2,power_atlas_r4_c4,$N_{eff}$ by FDR level,16,heatmap_cell,weighted_wcs_homogeneous,finite_k3,alpha_sweep,-0.6989700043360187,3.0,-0.8494850021680094,-0.5484550065040281,2.9,3.1,0.2,nominal FDR $\alpha$,0.2,1000,0.05,,0.6928,0.6928,0.99,0.1893152346782831,-1.0004340774793186,0.0,0.9823402105263156,100,finite_k3_alpha_sweep,statistical power
tikz-v1,figure2,power_atlas_r4_c4,$N_{eff}$ by FDR level,16,heatmap_cell,weighted_wcs_homogeneous,finite_k3,alpha_sweep,-0.6989700043360187,3.2,-0.8494850021680094,-0.5484550065040281,3.1,3.3,0.2,nominal FDR $\alpha$,0.2,1000,0.05,,0.7248,0.7248,1.0,0.1805751026457002,-1.200303182981585,0.0,0.9835328421052631,100,finite_k3_alpha_sweep,statistical power
tikz-v1,figure2,power_atlas_r4_c4,$N_{eff}$ by FDR level,16,heatmap_cell,weighted_wcs_homogeneous,finite_k3,alpha_sweep,-0.6989700043360187,3.4,-0.8494850021680094,-0.5484550065040281,3.3,3.5,0.2,nominal FDR $\alpha$,0.2,1000,0.05,,0.7355999999999999,0.7355999999999999,1.0,0.1870225972868989,-1.3544926005894364,0.0,0.9841425263157894,100,finite_k3_alpha_sweep,statistical power
tikz-v1,figure2,power_atlas_r4_c4,$N_{eff}$ by FDR level,16,heatmap_cell,weighted_wcs_homogeneous,finite_k3,alpha_sweep,-0.6989700043360187,3.6,-0.8494850021680094,-0.5484550065040281,3.5,3.7,0.2,nominal FDR $\alpha$,0.2,1000,0.05,,0.7396000000000003,0.7396000000000003,1.0,0.1817184131984663,-1.5543680009900875,0.0,0.984013894736842,100,finite_k3_alpha_sweep,statistical power
tikz-v1,figure2,power_atlas_r4_c4,$N_{eff}$ by FDR level,16,heatmap_cell,weighted_wcs_homogeneous,finite_k3,alpha_sweep,-0.6989700043360187,3.8,-0.8494850021680094,-0.5484550065040281,3.7,3.9,0.2,nominal FDR $\alpha$,0.2,1000,0.05,,0.7478000000000001,0.7478000000000001,1.0,0.1812929830832925,-1.752070427492729,0.0,0.9846374736842104,100,finite_k3_alpha_sweep,statistical power
tikz-v1,figure2,power_atlas_r4_c4,$N_{eff}$ by FDR level,16,heatmap_cell,weighted_wcs_homogeneous,finite_k3,alpha_sweep,-0.6989700043360187,4.0,-0.8494850021680094,-0.5484550065040281,3.9,4.1,0.2,nominal FDR $\alpha$,0.2,1000,0.05,,0.7159999999999997,0.7159999999999997,1.0,0.1868015842229863,-1.8488330379809312,0.0,0.9828907368421052,100,finite_k3_alpha_sweep,statistical power
tikz-v1,figure2,power_atlas_r4_c2,$N_{eff}$ by $m$; fixed 10 anomalies,14,heatmap_cell,weighted_wcs_homogeneous,finite_k3,m_fixed_count,1.6989700043360187,1.4,1.548455006504028,1.8494850021680092,1.3,1.5,50.0,test batch size $m$,0.1,50,,10.0,0.052,0.052,0.13,0.0290595238095238,0.2839966563652008,0.8,0.9821,100,finite_k3_m_fixed_count,statistical power
tikz-v1,figure2,power_atlas_r4_c2,$N_{eff}$ by $m$; fixed 10 anomalies,14,heatmap_cell,weighted_wcs_homogeneous,finite_k3,m_fixed_count,1.6989700043360187,1.6,1.548455006504028,1.8494850021680092,1.5,1.7,50.0,test batch size $m$,0.1,50,,10.0,0.157,0.157,0.31,0.0447218337218337,0.0861861476162833,0.73,0.981525,100,finite_k3_m_fixed_count,statistical power
tikz-v1,figure2,power_atlas_r4_c2,$N_{eff}$ by $m$; fixed 10 anomalies,14,heatmap_cell,weighted_wcs_homogeneous,finite_k3,m_fixed_count,1.6989700043360187,1.7999999999999998,1.548455006504028,1.8494850021680092,1.7,1.9,50.0,test batch size $m$,0.1,50,,10.0,0.375,0.375,0.56,0.0754730269730269,-0.0940301534832588,0.25,0.9807,100,finite_k3_m_fixed_count,statistical power
tikz-v1,figure2,power_atlas_r4_c2,$N_{eff}$ by $m$; fixed 10 anomalies,14,heatmap_cell,weighted_wcs_homogeneous,finite_k3,m_fixed_count,1.6989700043360187,2.0,1.548455006504028,1.8494850021680092,1.9,2.1,50.0,test batch size $m$,0.1,50,,10.0,0.526,0.526,0.72,0.0710055916305916,-0.3053513694466238,0.02,0.981425,100,finite_k3_m_fixed_count,statistical power
tikz-v1,figure2,power_atlas_r4_c2,$N_{eff}$ by $m$; fixed 10 anomalies,14,heatmap_cell,weighted_wcs_homogeneous,finite_k3,m_fixed_count,1.6989700043360187,2.2,1.548455006504028,1.8494850021680092,2.1,2.3,50.0,test batch size $m$,0.1,50,,10.0,0.6580000000000001,0.6580000000000001,0.89,0.0674083971583971,-0.502825092085708,0.0,0.98175,100,finite_k3_m_fixed_count,statistical power
tikz-v1,figure2,power_atlas_r4_c2,$N_{eff}$ by $m$; fixed 10 anomalies,14,heatmap_cell,weighted_wcs_homogeneous,finite_k3,m_fixed_count,1.6989700043360187,2.4,1.548455006504028,1.8494850021680092,2.3,2.5,50.0,test batch size $m$,0.1,50,,10.0,0.7190000000000002,0.7190000000000002,0.94,0.0699256576756576,-0.7024305364455253,0.0,0.984,100,finite_k3_m_fixed_count,statistical power
tikz-v1,figure2,power_atlas_r4_c2,$N_{eff}$ by $m$; fixed 10 anomalies,14,heatmap_cell,weighted_wcs_homogeneous,finite_k3,m_fixed_count,1.6989700043360187,2.6,1.548455006504028,1.8494850021680092,2.5,2.7,50.0,test batch size $m$,0.1,50,,10.0,0.757,0.757,0.99,0.0803447663447663,-0.9020028913507294,0.0,0.98055,100,finite_k3_m_fixed_count,statistical power
tikz-v1,figure2,power_atlas_r4_c2,$N_{eff}$ by $m$; fixed 10 anomalies,14,heatmap_cell,weighted_wcs_homogeneous,finite_k3,m_fixed_count,1.6989700043360187,2.8,1.548455006504028,1.8494850021680092,2.7,2.9,50.0,test batch size $m$,0.1,50,,10.0,0.8170000000000002,0.8170000000000002,1.0,0.0737301032301032,-1.1017470739463662,0.0,0.98645,100,finite_k3_m_fixed_count,statistical power
tikz-v1,figure2,power_atlas_r4_c2,$N_{eff}$ by $m$; fixed 10 anomalies,14,heatmap_cell,weighted_wcs_homogeneous,finite_k3,m_fixed_count,1.6989700043360187,3.0,1.548455006504028,1.8494850021680092,2.9,3.1,50.0,test batch size $m$,0.1,50,,10.0,0.806,0.806,1.0,0.0717142302142302,-1.3321939175444948,0.0,0.983675,100,finite_k3_m_fixed_count,statistical power
tikz-v1,figure2,power_atlas_r4_c2,$N_{eff}$ by $m$; fixed 10 anomalies,14,heatmap_cell,weighted_wcs_homogeneous,finite_k3,m_fixed_count,1.6989700043360187,3.2,1.548455006504028,1.8494850021680092,3.1,3.3,50.0,test batch size $m$,0.1,50,,10.0,0.816,0.816,1.0,0.0709519924519924,-1.501333178645566,0.0,0.986375,100,finite_k3_m_fixed_count,statistical power
tikz-v1,figure2,power_atlas_r4_c2,$N_{eff}$ by $m$; fixed 10 anomalies,14,heatmap_cell,weighted_wcs_homogeneous,finite_k3,m_fixed_count,1.6989700043360187,3.4,1.548455006504028,1.8494850021680092,3.3,3.5,50.0,test batch size $m$,0.1,50,,10.0,0.825,0.825,1.0,0.0774176934176934,-1.6645412770655603,0.0,0.9836,100,finite_k3_m_fixed_count,statistical power
tikz-v1,figure2,power_atlas_r4_c2,$N_{eff}$ by $m$; fixed 10 anomalies,14,heatmap_cell,weighted_wcs_homogeneous,finite_k3,m_fixed_count,1.6989700043360187,3.6,1.548455006504028,1.8494850021680092,3.5,3.7,50.0,test batch size $m$,0.1,50,,10.0,0.8400000000000003,0.8400000000000003,1.0,0.0784033466533466,-1.901131251355372,0.0,0.985675,100,finite_k3_m_fixed_count,statistical power
tikz-v1,figure2,power_atlas_r4_c2,$N_{eff}$ by $m$; fixed 10 anomalies,14,heatmap_cell,weighted_wcs_homogeneous,finite_k3,m_fixed_count,1.6989700043360187,3.8,1.548455006504028,1.8494850021680092,3.7,3.9,50.0,test batch size $m$,0.1,50,,10.0,0.806,0.806,1.0,0.0835144577644577,-2.055378331375,0.0,0.97835,100,finite_k3_m_fixed_count,statistical power
tikz-v1,figure2,power_atlas_r4_c2,$N_{eff}$ by $m$; fixed 10 anomalies,14,heatmap_cell,weighted_wcs_homogeneous,finite_k3,m_fixed_count,1.6989700043360187,4.0,1.548455006504028,1.8494850021680092,3.9,4.1,50.0,test batch size $m$,0.1,50,,10.0,0.8030000000000002,0.8030000000000002,1.0,0.0750147907647907,-2.184798086384172,0.0,0.982775,100,finite_k3_m_fixed_count,statistical power
tikz-v1,figure2,power_atlas_r4_c2,$N_{eff}$ by $m$; fixed 10 anomalies,14,heatmap_cell,weighted_wcs_homogeneous,finite_k3,m_fixed_count,2.0,1.4,1.8494850021680092,2.15051499783199,1.3,1.5,100.0,test batch size $m$,0.1,100,,10.0,0.033,0.033,0.06,0.0138461538461538,0.5984717736024241,0.87,0.9831111111111112,100,finite_k3_m_fixed_count,statistical power
tikz-v1,figure2,power_atlas_r4_c2,$N_{eff}$ by $m$; fixed 10 anomalies,14,heatmap_cell,weighted_wcs_homogeneous,finite_k3,m_fixed_count,2.0,1.6,1.8494850021680092,2.15051499783199,1.5,1.7,100.0,test batch size $m$,0.1,100,,10.0,0.026,0.026,0.09,0.0201190476190476,0.3885841447243456,0.89,0.9837777777777778,100,finite_k3_m_fixed_count,statistical power
tikz-v1,figure2,power_atlas_r4_c2,$N_{eff}$ by $m$; fixed 10 anomalies,14,heatmap_cell,weighted_wcs_homogeneous,finite_k3,m_fixed_count,2.0,1.7999999999999998,1.8494850021680092,2.15051499783199,1.7,1.9,100.0,test batch size $m$,0.1,100,,10.0,0.083,0.083,0.18,0.0225833333333333,0.1938200260161128,0.73,0.9851000000000002,100,finite_k3_m_fixed_count,statistical power
tikz-v1,figure2,power_atlas_r4_c2,$N_{eff}$ by $m$; fixed 10 anomalies,14,heatmap_cell,weighted_wcs_homogeneous,finite_k3,m_fixed_count,2.0,2.0,1.8494850021680092,2.15051499783199,1.9,2.1,100.0,test batch size $m$,0.1,100,,10.0,0.201,0.201,0.37,0.049050283050283,-0.0043213737826425,0.45,0.9829333333333332,100,finite_k3_m_fixed_count,statistical power
tikz-v1,figure2,power_atlas_r4_c2,$N_{eff}$ by $m$; fixed 10 anomalies,14,heatmap_cell,weighted_wcs_homogeneous,finite_k3,m_fixed_count,2.0,2.2,1.8494850021680092,2.15051499783199,2.1,2.3,100.0,test batch size $m$,0.1,100,,10.0,0.4409999999999999,0.4409999999999999,0.68,0.0772474747474747,-0.2320433971400297,0.11,0.982577777777778,100,finite_k3_m_fixed_count,statistical power
tikz-v1,figure2,power_atlas_r4_c2,$N_{eff}$ by $m$; fixed 10 anomalies,14,heatmap_cell,weighted_wcs_homogeneous,finite_k3,m_fixed_count,2.0,2.4,1.8494850021680092,2.15051499783199,2.3,2.5,100.0,test batch size $m$,0.1,100,,10.0,0.501,0.501,0.79,0.0656968864468864,-0.4014005407815441,0.0,0.9832222222222222,100,finite_k3_m_fixed_count,statistical power
tikz-v1,figure2,power_atlas_r4_c2,$N_{eff}$ by $m$; fixed 10 anomalies,14,heatmap_cell,weighted_wcs_homogeneous,finite_k3,m_fixed_count,2.0,2.6,1.8494850021680092,2.15051499783199,2.5,2.7,100.0,test batch size $m$,0.1,100,,10.0,0.59,0.59,0.91,0.0649241363211951,-0.6087032309889842,0.0,0.9834333333333334,100,finite_k3_m_fixed_count,statistical power
tikz-v1,figure2,power_atlas_r4_c2,$N_{eff}$ by $m$; fixed 10 anomalies,14,heatmap_cell,weighted_wcs_homogeneous,finite_k3,m_fixed_count,2.0,2.8,1.8494850021680092,2.15051499783199,2.7,2.9,100.0,test batch size $m$,0.1,100,,10.0,0.6809999999999999,0.6809999999999999,0.99,0.0807027417027416,-0.8233735022749318,0.0,0.9839333333333332,100,finite_k3_m_fixed_count,statistical power
tikz-v1,figure2,power_atlas_r4_c2,$N_{eff}$ by $m$; fixed 10 anomalies,14,heatmap_cell,weighted_wcs_homogeneous,finite_k3,m_fixed_count,2.0,3.0,1.8494850021680092,2.15051499783199,2.9,3.1,100.0,test batch size $m$,0.1,100,,10.0,0.6920000000000001,0.6920000000000001,0.99,0.0850437895437895,-1.0332310523819537,0.0,0.9832666666666668,100,finite_k3_m_fixed_count,statistical power
tikz-v1,figure2,power_atlas_r4_c2,$N_{eff}$ by $m$; fixed 10 anomalies,14,heatmap_cell,weighted_wcs_homogeneous,finite_k3,m_fixed_count,2.0,3.2,1.8494850021680092,2.15051499783199,3.1,3.3,100.0,test batch size $m$,0.1,100,,10.0,0.7089999999999997,0.7089999999999997,0.99,0.0906789599289599,-1.2036153068064888,0.0,0.9822444444444446,100,finite_k3_m_fixed_count,statistical power
tikz-v1,figure2,power_atlas_r4_c2,$N_{eff}$ by $m$; fixed 10 anomalies,14,heatmap_cell,weighted_wcs_homogeneous,finite_k3,m_fixed_count,2.0,3.4,1.8494850021680092,2.15051499783199,3.3,3.5,100.0,test batch size $m$,0.1,100,,10.0,0.745,0.745,1.0,0.0828572538572538,-1.398503388032597,0.0,0.9866111111111112,100,finite_k3_m_fixed_count,statistical power
tikz-v1,figure2,power_atlas_r4_c2,$N_{eff}$ by $m$; fixed 10 anomalies,14,heatmap_cell,weighted_wcs_homogeneous,finite_k3,m_fixed_count,2.0,3.6,1.8494850021680092,2.15051499783199,3.5,3.7,100.0,test batch size $m$,0.1,100,,10.0,0.728,0.728,1.0,0.098494116994117,-1.6001012556913907,0.0,0.9840444444444444,100,finite_k3_m_fixed_count,statistical power
tikz-v1,figure2,power_atlas_r4_c2,$N_{eff}$ by $m$; fixed 10 anomalies,14,heatmap_cell,weighted_wcs_homogeneous,finite_k3,m_fixed_count,2.0,3.8,1.8494850021680092,2.15051499783199,3.7,3.9,100.0,test batch size $m$,0.1,100,,10.0,0.694,0.694,1.0,0.0731552059052059,-1.7543483357110188,0.0,0.9843666666666668,100,finite_k3_m_fixed_count,statistical power
tikz-v1,figure2,power_atlas_r4_c2,$N_{eff}$ by $m$; fixed 10 anomalies,14,heatmap_cell,weighted_wcs_homogeneous,finite_k3,m_fixed_count,2.0,4.0,1.8494850021680092,2.15051499783199,3.9,4.1,100.0,test batch size $m$,0.1,100,,10.0,0.742,0.742,1.0,0.0926913641913642,-1.943941214383171,0.0,0.9864888888888892,100,finite_k3_m_fixed_count,statistical power
tikz-v1,figure2,power_atlas_r4_c2,$N_{eff}$ by $m$; fixed 10 anomalies,14,heatmap_cell,weighted_wcs_homogeneous,finite_k3,m_fixed_count,2.3010299956639813,1.4,2.15051499783199,2.5,1.3,1.5,200.0,test batch size $m$,0.1,200,,10.0,0.006,0.006,0.03,0.0221428571428571,0.9069221953924314,0.95,0.9841842105263158,100,finite_k3_m_fixed_count,statistical power
tikz-v1,figure2,power_atlas_r4_c2,$N_{eff}$ by $m$; fixed 10 anomalies,14,heatmap_cell,weighted_wcs_homogeneous,finite_k3,m_fixed_count,2.3010299956639813,1.6,2.15051499783199,2.5,1.5,1.7,200.0,test batch size $m$,0.1,200,,10.0,0.012,0.012,0.04,0.0151190476190476,0.6882461389442457,0.92,0.9806526315789472,100,finite_k3_m_fixed_count,statistical power
tikz-v1,figure2,power_atlas_r4_c2,$N_{eff}$ by $m$; fixed 10 anomalies,14,heatmap_cell,weighted_wcs_homogeneous,finite_k3,m_fixed_count,2.3010299956639813,1.7999999999999998,2.15051499783199,2.5,1.7,1.9,200.0,test batch size $m$,0.1,200,,10.0,0.023,0.023,0.09,0.0158333333333333,0.494850021680094,0.86,0.9835105263157894,100,finite_k3_m_fixed_count,statistical power
tikz-v1,figure2,power_atlas_r4_c2,$N_{eff}$ by $m$; fixed 10 anomalies,14,heatmap_cell,weighted_wcs_homogeneous,finite_k3,m_fixed_count,2.3010299956639813,2.0,2.15051499783199,2.5,1.9,2.1,200.0,test batch size $m$,0.1,200,,10.0,0.048,0.048,0.16,0.0208333333333333,0.2903952672987658,0.78,0.9838210526315788,100,finite_k3_m_fixed_count,statistical power
tikz-v1,figure2,power_atlas_r4_c2,$N_{eff}$ by $m$; fixed 10 anomalies,14,heatmap_cell,weighted_wcs_homogeneous,finite_k3,m_fixed_count,2.3010299956639813,2.2,2.15051499783199,2.5,2.1,2.3,200.0,test batch size $m$,0.1,200,,10.0,0.115,0.115,0.25,0.0587168803418803,0.0996328713435296,0.66,0.9856526315789474,100,finite_k3_m_fixed_count,statistical power
tikz-v1,figure2,power_atlas_r4_c2,$N_{eff}$ by $m$; fixed 10 anomalies,14,heatmap_cell,weighted_wcs_homogeneous,finite_k3,m_fixed_count,2.3010299956639813,2.4,2.15051499783199,2.5,2.3,2.5,200.0,test batch size $m$,0.1,200,,10.0,0.162,0.162,0.32,0.0545930735930735,-0.1003705451175629,0.23,0.982521052631579,100,finite_k3_m_fixed_count,statistical power
tikz-v1,figure2,power_atlas_r4_c2,$N_{eff}$ by $m$; fixed 10 anomalies,14,heatmap_cell,weighted_wcs_homogeneous,finite_k3,m_fixed_count,2.3010299956639813,2.6,2.15051499783199,2.5,2.5,2.7,200.0,test batch size $m$,0.1,200,,10.0,0.3829999999999999,0.3829999999999999,0.7,0.0980895493395493,-0.3027184288968085,0.0,0.9837526315789472,100,finite_k3_m_fixed_count,statistical power
tikz-v1,figure2,power_atlas_r4_c2,$N_{eff}$ by $m$; fixed 10 anomalies,14,heatmap_cell,weighted_wcs_homogeneous,finite_k3,m_fixed_count,2.3010299956639813,2.8,2.15051499783199,2.5,2.7,2.9,200.0,test batch size $m$,0.1,200,,10.0,0.421,0.421,0.74,0.0701836453020663,-0.4996870826184039,0.0,0.9809631578947368,100,finite_k3_m_fixed_count,statistical power
tikz-v1,figure2,power_atlas_r4_c2,$N_{eff}$ by $m$; fixed 10 anomalies,14,heatmap_cell,weighted_wcs_homogeneous,finite_k3,m_fixed_count,2.3010299956639813,3.0,2.15051499783199,2.5,2.9,3.1,200.0,test batch size $m$,0.1,200,,10.0,0.5019999999999999,0.5019999999999999,0.85,0.0648531191031191,-0.6994040818153374,0.0,0.9836789473684212,100,finite_k3_m_fixed_count,statistical power
tikz-v1,figure2,power_atlas_r4_c2,$N_{eff}$ by $m$; fixed 10 anomalies,14,heatmap_cell,weighted_wcs_homogeneous,finite_k3,m_fixed_count,2.3010299956639813,3.2,2.15051499783199,2.5,3.1,3.3,200.0,test batch size $m$,0.1,200,,10.0,0.6070000000000001,0.6070000000000001,0.97,0.0987894327894328,-0.9021785620642148,0.0,0.9843210526315788,100,finite_k3_m_fixed_count,statistical power
tikz-v1,figure2,power_atlas_r4_c2,$N_{eff}$ by $m$; fixed 10 anomalies,14,heatmap_cell,weighted_wcs_homogeneous,finite_k3,m_fixed_count,2.3010299956639813,3.4,2.15051499783199,2.5,3.3,3.5,200.0,test batch size $m$,0.1,200,,10.0,0.6160000000000001,0.6160000000000001,0.98,0.1135540994952759,-1.0534626049254554,0.0,0.9867105263157891,100,finite_k3_m_fixed_count,statistical power
tikz-v1,figure2,power_atlas_r4_c2,$N_{eff}$ by $m$; fixed 10 anomalies,14,heatmap_cell,weighted_wcs_homogeneous,finite_k3,m_fixed_count,2.3010299956639813,3.6,2.15051499783199,2.5,3.5,3.7,200.0,test batch size $m$,0.1,200,,10.0,0.638,0.638,0.99,0.0739380341880341,-1.2907274000877955,0.0,0.9851526315789474,100,finite_k3_m_fixed_count,statistical power
tikz-v1,figure2,power_atlas_r4_c2,$N_{eff}$ by $m$; fixed 10 anomalies,14,heatmap_cell,weighted_wcs_homogeneous,finite_k3,m_fixed_count,2.3010299956639813,3.8,2.15051499783199,2.5,3.7,3.9,200.0,test batch size $m$,0.1,200,,10.0,0.597,0.597,0.99,0.088042402042402,-1.4533183400470375,0.0,0.9821210526315792,100,finite_k3_m_fixed_count,statistical power
tikz-v1,figure2,power_atlas_r4_c2,$N_{eff}$ by $m$; fixed 10 anomalies,14,heatmap_cell,weighted_wcs_homogeneous,finite_k3,m_fixed_count,2.3010299956639813,4.0,2.15051499783199,2.5,3.9,4.1,200.0,test batch size $m$,0.1,200,,10.0,0.6150000000000001,0.6150000000000001,1.0,0.087806277056277,-1.5884820749055946,0.0,0.9852894736842104,100,finite_k3_m_fixed_count,statistical power
tikz-v1,figure2,power_atlas_r4_c2,$N_{eff}$ by $m$; fixed 10 anomalies,14,heatmap_cell,weighted_wcs_homogeneous,finite_k3,m_fixed_count,2.6989700043360187,1.4,2.5,2.8494850021680094,1.3,1.5,500.0,test batch size $m$,0.1,500,,10.0,0.0,0.0,0.0,0.0,1.2839966563652008,0.98,0.984242857142857,100,finite_k3_m_fixed_count,statistical power
tikz-v1,figure2,power_atlas_r4_c2,$N_{eff}$ by $m$; fixed 10 anomalies,14,heatmap_cell,weighted_wcs_homogeneous,finite_k3,m_fixed_count,2.6989700043360187,1.6,2.5,2.8494850021680094,1.5,1.7,500.0,test batch size $m$,0.1,500,,10.0,0.005,0.005,0.02,0.0069999999999999,1.092929002356918,0.96,0.985569387755102,100,finite_k3_m_fixed_count,statistical power
tikz-v1,figure2,power_atlas_r4_c2,$N_{eff}$ by $m$; fixed 10 anomalies,14,heatmap_cell,weighted_wcs_homogeneous,finite_k3,m_fixed_count,2.6989700043360187,1.7999999999999998,2.5,2.8494850021680094,1.7,1.9,500.0,test batch size $m$,0.1,500,,10.0,0.001,0.001,0.01,0.02,0.8927900303521317,0.91,0.979395918367347,100,finite_k3_m_fixed_count,statistical power
tikz-v1,figure2,power_atlas_r4_c2,$N_{eff}$ by $m$; fixed 10 anomalies,14,heatmap_cell,weighted_wcs_homogeneous,finite_k3,m_fixed_count,2.6989700043360187,2.0,2.5,2.8494850021680094,1.9,2.1,500.0,test batch size $m$,0.1,500,,10.0,0.007,0.007,0.05,0.0,0.6946486305533762,0.84,0.9822571428571428,100,finite_k3_m_fixed_count,statistical power
tikz-v1,figure2,power_atlas_r4_c2,$N_{eff}$ by $m$; fixed 10 anomalies,14,heatmap_cell,weighted_wcs_homogeneous,finite_k3,m_fixed_count,2.6989700043360187,2.2,2.5,2.8494850021680094,2.1,2.3,500.0,test batch size $m$,0.1,500,,10.0,0.023,0.023,0.1,0.024047619047619,0.4975728800155673,0.87,0.9828591836734696,100,finite_k3_m_fixed_count,statistical power
tikz-v1,figure2,power_atlas_r4_c2,$N_{eff}$ by $m$; fixed 10 anomalies,14,heatmap_cell,weighted_wcs_homogeneous,finite_k3,m_fixed_count,2.6989700043360187,2.4,2.5,2.8494850021680094,2.3,2.5,500.0,test batch size $m$,0.1,500,,10.0,0.025,0.025,0.13,0.0195,0.2975694635544746,0.8,0.984916326530612,100,finite_k3_m_fixed_count,statistical power
tikz-v1,figure2,power_atlas_r4_c2,$N_{eff}$ by $m$; fixed 10 anomalies,14,heatmap_cell,weighted_wcs_homogeneous,finite_k3,m_fixed_count,2.6989700043360187,2.6,2.5,2.8494850021680094,2.5,2.7,500.0,test batch size $m$,0.1,500,,10.0,0.089,0.089,0.23,0.0594413919413919,0.07072760230346,0.67,0.9826530612244898,100,finite_k3_m_fixed_count,statistical power
tikz-v1,figure2,power_atlas_r4_c2,$N_{eff}$ by $m$; fixed 10 anomalies,14,heatmap_cell,weighted_wcs_homogeneous,finite_k3,m_fixed_count,2.6989700043360187,2.8,2.5,2.8494850021680094,2.7,2.9,500.0,test batch size $m$,0.1,500,,10.0,0.118,0.118,0.28,0.0800495892995893,-0.1017470739463662,0.27,0.9800326530612244,100,finite_k3_m_fixed_count,statistical power
tikz-v1,figure2,power_atlas_r4_c2,$N_{eff}$ by $m$; fixed 10 anomalies,14,heatmap_cell,weighted_wcs_homogeneous,finite_k3,m_fixed_count,2.6989700043360187,3.0,2.5,2.8494850021680094,2.9,3.1,500.0,test batch size $m$,0.1,500,,10.0,0.2259999999999999,0.2259999999999999,0.48,0.0734047619047619,-0.3406800741280409,0.02,0.9827591836734696,100,finite_k3_m_fixed_count,statistical power
tikz-v1,figure2,power_atlas_r4_c2,$N_{eff}$ by $m$; fixed 10 anomalies,14,heatmap_cell,weighted_wcs_homogeneous,finite_k3,m_fixed_count,2.6989700043360187,3.2,2.5,2.8494850021680094,3.1,3.3,500.0,test batch size $m$,0.1,500,,10.0,0.285,0.285,0.61,0.0847204184704184,-0.5013331786455661,0.0,0.9799346938775508,100,finite_k3_m_fixed_count,statistical power
tikz-v1,figure2,power_atlas_r4_c2,$N_{eff}$ by $m$; fixed 10 anomalies,14,heatmap_cell,weighted_wcs_homogeneous,finite_k3,m_fixed_count,2.6989700043360187,3.4,2.5,2.8494850021680094,3.3,3.5,500.0,test batch size $m$,0.1,500,,10.0,0.3929999999999999,0.3929999999999999,0.81,0.0734740259740259,-0.7012224842565572,0.0,0.9830734693877552,100,finite_k3_m_fixed_count,statistical power
tikz-v1,figure2,power_atlas_r4_c2,$N_{eff}$ by $m$; fixed 10 anomalies,14,heatmap_cell,weighted_wcs_homogeneous,finite_k3,m_fixed_count,2.6989700043360187,3.6,2.5,2.8494850021680094,3.5,3.7,500.0,test batch size $m$,0.1,500,,10.0,0.451,0.451,0.89,0.1014556277056277,-0.8920186498879353,0.0,0.9828714285714284,100,finite_k3_m_fixed_count,statistical power
tikz-v1,figure2,power_atlas_r4_c2,$N_{eff}$ by $m$; fixed 10 anomalies,14,heatmap_cell,weighted_wcs_homogeneous,finite_k3,m_fixed_count,2.6989700043360187,3.8,2.5,2.8494850021680094,3.7,3.9,500.0,test batch size $m$,0.1,500,,10.0,0.451,0.451,0.94,0.0963021423021422,-1.0664052566793227,0.0,0.984577551020408,100,finite_k3_m_fixed_count,statistical power
tikz-v1,figure2,power_atlas_r4_c2,$N_{eff}$ by $m$; fixed 10 anomalies,14,heatmap_cell,weighted_wcs_homogeneous,finite_k3,m_fixed_count,2.6989700043360187,4.0,2.5,2.8494850021680094,3.9,4.1,500.0,test batch size $m$,0.1,500,,10.0,0.4619999999999999,0.4619999999999999,0.97,0.0984451659451659,-1.223828154021842,0.0,0.9853142857142858,100,finite_k3_m_fixed_count,statistical power
tikz-v1,figure2,power_atlas_r4_c2,$N_{eff}$ by $m$; fixed 10 anomalies,14,heatmap_cell,weighted_wcs_homogeneous,finite_k3,m_fixed_count,3.0,1.4,2.8494850021680094,3.15051499783199,1.3,1.5,1000.0,test batch size $m$,0.1,1000,,10.0,0.003,0.003,0.01,0.01,1.585026652029182,0.96,0.983779797979798,100,finite_k3_m_fixed_count,statistical power
tikz-v1,figure2,power_atlas_r4_c2,$N_{eff}$ by $m$; fixed 10 anomalies,14,heatmap_cell,weighted_wcs_homogeneous,finite_k3,m_fixed_count,3.0,1.6,2.8494850021680094,3.15051499783199,1.5,1.7,1000.0,test batch size $m$,0.1,1000,,10.0,0.001,0.001,0.01,0.0,1.3872161432802643,0.98,0.9834404040404042,100,finite_k3_m_fixed_count,statistical power
tikz-v1,figure2,power_atlas_r4_c2,$N_{eff}$ by $m$; fixed 10 anomalies,14,heatmap_cell,weighted_wcs_homogeneous,finite_k3,m_fixed_count,3.0,1.7999999999999998,2.8494850021680094,3.15051499783199,1.7,1.9,1000.0,test batch size $m$,0.1,1000,,10.0,0.002,0.002,0.02,0.01,1.193820026016113,0.99,0.9819333333333332,100,finite_k3_m_fixed_count,statistical power
tikz-v1,figure2,power_atlas_r4_c2,$N_{eff}$ by $m$; fixed 10 anomalies,14,heatmap_cell,weighted_wcs_homogeneous,finite_k3,m_fixed_count,3.0,2.0,2.8494850021680094,3.15051499783199,1.9,2.1,1000.0,test batch size $m$,0.1,1000,,10.0,0.002,0.002,0.02,0.01,0.9956786262173576,0.95,0.9838333333333336,100,finite_k3_m_fixed_count,statistical power
tikz-v1,figure2,power_atlas_r4_c2,$N_{eff}$ by $m$; fixed 10 anomalies,14,heatmap_cell,weighted_wcs_homogeneous,finite_k3,m_fixed_count,3.0,2.2,2.8494850021680094,3.15051499783199,2.1,2.3,1000.0,test batch size $m$,0.1,1000,,10.0,0.006,0.006,0.04,0.02,0.7986028756795486,0.89,0.982961616161616,100,finite_k3_m_fixed_count,statistical power
tikz-v1,figure2,power_atlas_r4_c2,$N_{eff}$ by $m$; fixed 10 anomalies,14,heatmap_cell,weighted_wcs_homogeneous,finite_k3,m_fixed_count,3.0,2.4,2.8494850021680094,3.15051499783199,2.3,2.5,1000.0,test batch size $m$,0.1,1000,,10.0,0.0129999999999999,0.0129999999999999,0.05,0.01,0.5925308717200819,0.88,0.9811242424242426,100,finite_k3_m_fixed_count,statistical power
tikz-v1,figure2,power_atlas_r4_c2,$N_{eff}$ by $m$; fixed 10 anomalies,14,heatmap_cell,weighted_wcs_homogeneous,finite_k3,m_fixed_count,3.0,2.6,2.8494850021680094,3.15051499783199,2.5,2.7,1000.0,test batch size $m$,0.1,1000,,10.0,0.009,0.009,0.05,0.0119047619047619,0.3935427302387333,0.81,0.98079898989899,100,finite_k3_m_fixed_count,statistical power
tikz-v1,figure2,power_atlas_r4_c2,$N_{eff}$ by $m$; fixed 10 anomalies,14,heatmap_cell,weighted_wcs_homogeneous,finite_k3,m_fixed_count,3.0,2.8,2.8494850021680094,3.15051499783199,2.7,2.9,1000.0,test batch size $m$,0.1,1000,,10.0,0.013,0.013,0.06,0.0116666666666666,0.173817817580954,0.76,0.9829111111111112,100,finite_k3_m_fixed_count,statistical power
tikz-v1,figure2,power_atlas_r4_c2,$N_{eff}$ by $m$; fixed 10 anomalies,14,heatmap_cell,weighted_wcs_homogeneous,finite_k3,m_fixed_count,3.0,3.0,2.8494850021680094,3.15051499783199,2.9,3.1,1000.0,test batch size $m$,0.1,1000,,10.0,0.071,0.071,0.19,0.0383712121212121,-0.0010258880788168,0.4,0.9803,100,finite_k3_m_fixed_count,statistical power
tikz-v1,figure2,power_atlas_r4_c2,$N_{eff}$ by $m$; fixed 10 anomalies,14,heatmap_cell,weighted_wcs_homogeneous,finite_k3,m_fixed_count,3.0,3.2,2.8494850021680094,3.15051499783199,3.1,3.3,1000.0,test batch size $m$,0.1,1000,,10.0,0.0689999999999999,0.0689999999999999,0.22,0.0241031746031746,-0.2003031829815849,0.06,0.9861787878787877,100,finite_k3_m_fixed_count,statistical power
tikz-v1,figure2,power_atlas_r4_c2,$N_{eff}$ by $m$; fixed 10 anomalies,14,heatmap_cell,weighted_wcs_homogeneous,finite_k3,m_fixed_count,3.0,3.4,2.8494850021680094,3.15051499783199,3.3,3.5,1000.0,test batch size $m$,0.1,1000,,10.0,0.204,0.204,0.47,0.0733275613275613,-0.3867773571077995,0.0,0.9833434343434344,100,finite_k3_m_fixed_count,statistical power
tikz-v1,figure2,power_atlas_r4_c2,$N_{eff}$ by $m$; fixed 10 anomalies,14,heatmap_cell,weighted_wcs_homogeneous,finite_k3,m_fixed_count,3.0,3.6,2.8494850021680094,3.15051499783199,3.5,3.7,1000.0,test batch size $m$,0.1,1000,,10.0,0.2309999999999999,0.2309999999999999,0.63,0.0694736652236652,-0.5796565842843373,0.0,0.9840838383838384,100,finite_k3_m_fixed_count,statistical power
tikz-v1,figure2,power_atlas_r4_c2,$N_{eff}$ by $m$; fixed 10 anomalies,14,heatmap_cell,weighted_wcs_homogeneous,finite_k3,m_fixed_count,3.0,3.8,2.8494850021680094,3.15051499783199,3.7,3.9,1000.0,test batch size $m$,0.1,1000,,10.0,0.296,0.296,0.75,0.1192034632034632,-0.7543483357110188,0.0,0.9841929292929292,100,finite_k3_m_fixed_count,statistical power
tikz-v1,figure2,power_atlas_r4_c2,$N_{eff}$ by $m$; fixed 10 anomalies,14,heatmap_cell,weighted_wcs_homogeneous,finite_k3,m_fixed_count,3.0,4.0,2.8494850021680094,3.15051499783199,3.9,4.1,1000.0,test batch size $m$,0.1,1000,,10.0,0.3270000000000001,0.3270000000000001,0.91,0.0957554112554112,-0.9073050911032098,0.0,0.9836353535353536,100,finite_k3_m_fixed_count,statistical power
tikz-v1,figure2,power_atlas_r4_c2,$N_{eff}$ by $m$; fixed 10 anomalies,14,heatmap_cell,weighted_wcs_homogeneous,finite_k3,m_fixed_count,3.3010299956639813,1.4,3.15051499783199,3.451544993495972,1.3,1.5,2000.0,test batch size $m$,0.1,2000,,10.0,0.005,0.005,0.01,0.0016666666666666,1.8860566476931635,0.96,0.9823015075376884,100,finite_k3_m_fixed_count,statistical power
tikz-v1,figure2,power_atlas_r4_c2,$N_{eff}$ by $m$; fixed 10 anomalies,14,heatmap_cell,weighted_wcs_homogeneous,finite_k3,m_fixed_count,3.3010299956639813,1.6,3.15051499783199,3.451544993495972,1.5,1.7,2000.0,test batch size $m$,0.1,2000,,10.0,0.0,0.0,0.0,0.0,1.694390155497195,0.99,0.986048743718593,100,finite_k3_m_fixed_count,statistical power
tikz-v1,figure2,power_atlas_r4_c2,$N_{eff}$ by $m$; fixed 10 anomalies,14,heatmap_cell,weighted_wcs_homogeneous,finite_k3,m_fixed_count,3.3010299956639813,1.7999999999999998,3.15051499783199,3.451544993495972,1.7,1.9,2000.0,test batch size $m$,0.1,2000,,10.0,0.0,0.0,0.0,0.01,1.494850021680094,1.0,0.9858025125628144,100,finite_k3_m_fixed_count,statistical power
tikz-v1,figure2,power_atlas_r4_c2,$N_{eff}$ by $m$; fixed 10 anomalies,14,heatmap_cell,weighted_wcs_homogeneous,finite_k3,m_fixed_count,3.3010299956639813,2.0,3.15051499783199,3.451544993495972,1.9,2.1,2000.0,test batch size $m$,0.1,2000,,10.0,0.0,0.0,0.0,0.0,1.2967086218813386,0.98,0.9829090452261308,100,finite_k3_m_fixed_count,statistical power
tikz-v1,figure2,power_atlas_r4_c2,$N_{eff}$ by $m$; fixed 10 anomalies,14,heatmap_cell,weighted_wcs_homogeneous,finite_k3,m_fixed_count,3.3010299956639813,2.2,3.15051499783199,3.451544993495972,2.1,2.3,2000.0,test batch size $m$,0.1,2000,,10.0,0.009,0.009,0.03,0.0166666666666666,1.0543155531403308,0.91,0.9820613065326632,100,finite_k3_m_fixed_count,statistical power
tikz-v1,figure2,power_atlas_r4_c2,$N_{eff}$ by $m$; fixed 10 anomalies,14,heatmap_cell,weighted_wcs_homogeneous,finite_k3,m_fixed_count,3.3010299956639813,2.4,3.15051499783199,3.451544993495972,2.3,2.5,2000.0,test batch size $m$,0.1,2000,,10.0,0.003,0.003,0.03,0.03,0.8785801925130285,0.94,0.9838979899497484,100,finite_k3_m_fixed_count,statistical power
tikz-v1,figure2,power_atlas_r4_c2,$N_{eff}$ by $m$; fixed 10 anomalies,14,heatmap_cell,weighted_wcs_homogeneous,finite_k3,m_fixed_count,3.3010299956639813,2.6,3.15051499783199,3.451544993495972,2.5,2.7,2000.0,test batch size $m$,0.1,2000,,10.0,0.0139999999999999,0.0139999999999999,0.09,0.0435,0.6990862352400753,0.92,0.9833482412060304,100,finite_k3_m_fixed_count,statistical power
tikz-v1,figure2,power_atlas_r4_c2,$N_{eff}$ by $m$; fixed 10 anomalies,14,heatmap_cell,weighted_wcs_homogeneous,finite_k3,m_fixed_count,3.3010299956639813,2.8,3.15051499783199,3.451544993495972,2.7,2.9,2000.0,test batch size $m$,0.1,2000,,10.0,0.015,0.015,0.06,0.0225,0.5003129173815962,0.88,0.980605025125628,100,finite_k3_m_fixed_count,statistical power
tikz-v1,figure2,power_atlas_r4_c2,$N_{eff}$ by $m$; fixed 10 anomalies,14,heatmap_cell,weighted_wcs_homogeneous,finite_k3,m_fixed_count,3.3010299956639813,3.0,3.15051499783199,3.451544993495972,2.9,3.1,2000.0,test batch size $m$,0.1,2000,,10.0,0.02,0.02,0.1,0.0203333333333333,0.2580134536903885,0.76,0.9808618090452262,100,finite_k3_m_fixed_count,statistical power
tikz-v1,figure2,power_atlas_r4_c2,$N_{eff}$ by $m$; fixed 10 anomalies,14,heatmap_cell,weighted_wcs_homogeneous,finite_k3,m_fixed_count,3.3010299956639813,3.2,3.15051499783199,3.451544993495972,3.1,3.3,2000.0,test batch size $m$,0.1,2000,,10.0,0.031,0.031,0.1,0.0249999999999999,0.1007268126823962,0.7,0.979067336683417,100,finite_k3_m_fixed_count,statistical power
tikz-v1,figure2,power_atlas_r4_c2,$N_{eff}$ by $m$; fixed 10 anomalies,14,heatmap_cell,weighted_wcs_homogeneous,finite_k3,m_fixed_count,3.3010299956639813,3.4,3.15051499783199,3.451544993495972,3.3,3.5,2000.0,test batch size $m$,0.1,2000,,10.0,0.046,0.046,0.13,0.0419444444444444,-0.0991624929285947,0.22,0.9825512562814072,100,finite_k3_m_fixed_count,statistical power
tikz-v1,figure2,power_atlas_r4_c2,$N_{eff}$ by $m$; fixed 10 anomalies,14,heatmap_cell,weighted_wcs_homogeneous,finite_k3,m_fixed_count,3.3010299956639813,3.6,3.15051499783199,3.451544993495972,3.5,3.7,2000.0,test batch size $m$,0.1,2000,,10.0,0.066,0.066,0.25,0.047547619047619,-0.2920059852925808,0.0,0.9847185929648242,100,finite_k3_m_fixed_count,statistical power
tikz-v1,figure2,power_atlas_r4_c2,$N_{eff}$ by $m$; fixed 10 anomalies,14,heatmap_cell,weighted_wcs_homogeneous,finite_k3,m_fixed_count,3.3010299956639813,3.8,3.15051499783199,3.451544993495972,3.7,3.9,2000.0,test batch size $m$,0.1,2000,,10.0,0.195,0.195,0.52,0.0712258852258852,-0.4533183400470376,0.0,0.9847924623115576,100,finite_k3_m_fixed_count,statistical power
tikz-v1,figure2,power_atlas_r4_c2,$N_{eff}$ by $m$; fixed 10 anomalies,14,heatmap_cell,weighted_wcs_homogeneous,finite_k3,m_fixed_count,3.3010299956639813,4.0,3.15051499783199,3.451544993495972,3.9,4.1,2000.0,test batch size $m$,0.1,2000,,10.0,0.179,0.179,0.52,0.0714285714285714,-0.6029078152693448,0.0,0.9839929648241206,100,finite_k3_m_fixed_count,statistical power
tikz-v1,figure2,power_atlas_r4_c1,$N_{eff}$ by $m$; fixed $\pi_1=0.05$,13,heatmap_cell,weighted_wcs_homogeneous,finite_k3,m_fixed_pi,1.6989700043360187,1.4,1.548455006504028,1.8494850021680092,1.3,1.5,50.0,test batch size $m$,0.1,50,0.05,,0.015,0.015,0.03,0.0066666666666666,0.9232202017920484,0.95,0.9860416666666668,100,finite_k3_m_fixed_pi,statistical power
tikz-v1,figure2,power_atlas_r4_c1,$N_{eff}$ by $m$; fixed $\pi_1=0.05$,13,heatmap_cell,weighted_wcs_homogeneous,finite_k3,m_fixed_pi,1.6989700043360187,1.6,1.548455006504028,1.8494850021680092,1.5,1.7,50.0,test batch size $m$,0.1,50,0.05,,0.04,0.04,0.06,0.026,0.7304598636775768,0.89,0.9751041666666668,100,finite_k3_m_fixed_pi,statistical power
tikz-v1,figure2,power_atlas_r4_c1,$N_{eff}$ by $m$; fixed $\pi_1=0.05$,13,heatmap_cell,weighted_wcs_homogeneous,finite_k3,m_fixed_pi,1.6989700043360187,1.7999999999999998,1.548455006504028,1.8494850021680092,1.7,1.9,50.0,test batch size $m$,0.1,50,0.05,,0.085,0.085,0.13,0.0213333333333333,0.5344774082995501,0.83,0.9885416666666664,100,finite_k3_m_fixed_pi,statistical power
tikz-v1,figure2,power_atlas_r4_c1,$N_{eff}$ by $m$; fixed $\pi_1=0.05$,13,heatmap_cell,weighted_wcs_homogeneous,finite_k3,m_fixed_pi,1.6989700043360187,2.0,1.548455006504028,1.8494850021680092,1.9,2.1,50.0,test batch size $m$,0.1,50,0.05,,0.075,0.075,0.13,0.0409999999999999,0.3690307461526807,0.83,0.9840625,100,finite_k3_m_fixed_pi,statistical power
tikz-v1,figure2,power_atlas_r4_c1,$N_{eff}$ by $m$; fixed $\pi_1=0.05$,13,heatmap_cell,weighted_wcs_homogeneous,finite_k3,m_fixed_pi,1.6989700043360187,2.2,1.548455006504028,1.8494850021680092,2.1,2.3,50.0,test batch size $m$,0.1,50,0.05,,0.175,0.175,0.27,0.0483333333333333,0.1354889189416081,0.69,0.9871875,100,finite_k3_m_fixed_pi,statistical power
tikz-v1,figure2,power_atlas_r4_c1,$N_{eff}$ by $m$; fixed $\pi_1=0.05$,13,heatmap_cell,weighted_wcs_homogeneous,finite_k3,m_fixed_pi,1.6989700043360187,2.4,1.548455006504028,1.8494850021680092,2.3,2.5,50.0,test batch size $m$,0.1,50,0.05,,0.245,0.245,0.31,0.0533333333333333,-0.0644579892269185,0.36,0.9855208333333332,100,finite_k3_m_fixed_pi,statistical power
tikz-v1,figure2,power_atlas_r4_c1,$N_{eff}$ by $m$; fixed $\pi_1=0.05$,13,heatmap_cell,weighted_wcs_homogeneous,finite_k3,m_fixed_pi,1.6989700043360187,2.6,1.548455006504028,1.8494850021680092,2.5,2.7,50.0,test batch size $m$,0.1,50,0.05,,0.36,0.36,0.46,0.1176666666666666,-0.2270364254464064,0.08,0.9798958333333332,100,finite_k3_m_fixed_pi,statistical power
tikz-v1,figure2,power_atlas_r4_c1,$N_{eff}$ by $m$; fixed $\pi_1=0.05$,13,heatmap_cell,weighted_wcs_homogeneous,finite_k3,m_fixed_pi,1.6989700043360187,2.8,1.548455006504028,1.8494850021680092,2.7,2.9,50.0,test batch size $m$,0.1,50,0.05,,0.565,0.565,0.69,0.122,-0.4635944021870002,0.01,0.9783333333333334,100,finite_k3_m_fixed_pi,statistical power
tikz-v1,figure2,power_atlas_r4_c1,$N_{eff}$ by $m$; fixed $\pi_1=0.05$,13,heatmap_cell,weighted_wcs_homogeneous,finite_k3,m_fixed_pi,1.6989700043360187,3.0,1.548455006504028,1.8494850021680092,2.9,3.1,50.0,test batch size $m$,0.1,50,0.05,,0.55,0.55,0.75,0.0891666666666666,-0.6608041737442514,0.0,0.9808333333333332,100,finite_k3_m_fixed_pi,statistical power
tikz-v1,figure2,power_atlas_r4_c1,$N_{eff}$ by $m$; fixed $\pi_1=0.05$,13,heatmap_cell,weighted_wcs_homogeneous,finite_k3,m_fixed_pi,1.6989700043360187,3.2,1.548455006504028,1.8494850021680092,3.1,3.3,50.0,test batch size $m$,0.1,50,0.05,,0.605,0.605,0.79,0.0776666666666666,-0.8630848253203598,0.0,0.985,100,finite_k3_m_fixed_pi,statistical power
tikz-v1,figure2,power_atlas_r4_c1,$N_{eff}$ by $m$; fixed $\pi_1=0.05$,13,heatmap_cell,weighted_wcs_homogeneous,finite_k3,m_fixed_pi,1.6989700043360187,3.4,1.548455006504028,1.8494850021680092,3.3,3.5,50.0,test batch size $m$,0.1,50,0.05,,0.6,0.6,0.8,0.0493333333333333,-1.0022524799205383,0.0,0.9870833333333334,100,finite_k3_m_fixed_pi,statistical power
tikz-v1,figure2,power_atlas_r4_c1,$N_{eff}$ by $m$; fixed $\pi_1=0.05$,13,heatmap_cell,weighted_wcs_homogeneous,finite_k3,m_fixed_pi,1.6989700043360187,3.6,1.548455006504028,1.8494850021680092,3.5,3.7,50.0,test batch size $m$,0.1,50,0.05,,0.665,0.665,0.85,0.07,-1.2021612470193532,0.0,0.9865625,100,finite_k3_m_fixed_pi,statistical power
tikz-v1,figure2,power_atlas_r4_c1,$N_{eff}$ by $m$; fixed $\pi_1=0.05$,13,heatmap_cell,weighted_wcs_homogeneous,finite_k3,m_fixed_pi,1.6989700043360187,3.8,1.548455006504028,1.8494850021680092,3.7,3.9,50.0,test batch size $m$,0.1,50,0.05,,0.66,0.66,0.88,0.0643333333333333,-1.402158171502738,0.0,0.9857291666666664,100,finite_k3_m_fixed_pi,statistical power
tikz-v1,figure2,power_atlas_r4_c1,$N_{eff}$ by $m$; fixed $\pi_1=0.05$,13,heatmap_cell,weighted_wcs_homogeneous,finite_k3,m_fixed_pi,1.6989700043360187,4.0,1.548455006504028,1.8494850021680092,3.9,4.1,50.0,test batch size $m$,0.1,50,0.05,,0.62,0.62,0.83,0.0743333333333333,-1.5563507530290894,0.0,0.989375,100,finite_k3_m_fixed_pi,statistical power
tikz-v1,figure2,power_atlas_r4_c1,$N_{eff}$ by $m$; fixed $\pi_1=0.05$,13,heatmap_cell,weighted_wcs_homogeneous,finite_k3,m_fixed_pi,2.0,1.4,1.8494850021680092,2.15051499783199,1.3,1.5,100.0,test batch size $m$,0.1,100,0.05,,0.026,0.026,0.08,0.005,0.8860566476931633,0.92,0.9870947368421054,100,finite_k3_m_fixed_pi,statistical power
tikz-v1,figure2,power_atlas_r4_c1,$N_{eff}$ by $m$; fixed $\pi_1=0.05$,13,heatmap_cell,weighted_wcs_homogeneous,finite_k3,m_fixed_pi,2.0,1.6,1.8494850021680092,2.15051499783199,1.5,1.7,100.0,test batch size $m$,0.1,100,0.05,,0.006,0.006,0.01,0.0125,0.6906287565830828,0.96,0.9874947368421052,100,finite_k3_m_fixed_pi,statistical power
tikz-v1,figure2,power_atlas_r4_c1,$N_{eff}$ by $m$; fixed $\pi_1=0.05$,13,heatmap_cell,weighted_wcs_homogeneous,finite_k3,m_fixed_pi,2.0,1.7999999999999998,1.8494850021680092,2.15051499783199,1.7,1.9,100.0,test batch size $m$,0.1,100,0.05,,0.036,0.036,0.08,0.0216666666666666,0.4740810299254679,0.82,0.9826315789473684,100,finite_k3_m_fixed_pi,statistical power
tikz-v1,figure2,power_atlas_r4_c1,$N_{eff}$ by $m$; fixed $\pi_1=0.05$,13,heatmap_cell,weighted_wcs_homogeneous,finite_k3,m_fixed_pi,2.0,2.0,1.8494850021680092,2.15051499783199,1.9,2.1,100.0,test batch size $m$,0.1,100,0.05,,0.046,0.046,0.13,0.0245,0.2967086218813386,0.77,0.9837894736842104,100,finite_k3_m_fixed_pi,statistical power
tikz-v1,figure2,power_atlas_r4_c1,$N_{eff}$ by $m$; fixed $\pi_1=0.05$,13,heatmap_cell,weighted_wcs_homogeneous,finite_k3,m_fixed_pi,2.0,2.2,1.8494850021680092,2.15051499783199,2.1,2.3,100.0,test batch size $m$,0.1,100,0.05,,0.134,0.134,0.28,0.0348333333333333,0.0501032181554474,0.63,0.9822315789473683,100,finite_k3_m_fixed_pi,statistical power
tikz-v1,figure2,power_atlas_r4_c1,$N_{eff}$ by $m$; fixed $\pi_1=0.05$,13,heatmap_cell,weighted_wcs_homogeneous,finite_k3,m_fixed_pi,2.0,2.4,1.8494850021680092,2.15051499783199,2.3,2.5,100.0,test batch size $m$,0.1,100,0.05,,0.306,0.306,0.46,0.0865515873015873,-0.1509709528583968,0.14,0.981157894736842,100,finite_k3_m_fixed_pi,statistical power
tikz-v1,figure2,power_atlas_r4_c1,$N_{eff}$ by $m$; fixed $\pi_1=0.05$,13,heatmap_cell,weighted_wcs_homogeneous,finite_k3,m_fixed_pi,2.0,2.6,1.8494850021680092,2.15051499783199,2.5,2.7,100.0,test batch size $m$,0.1,100,0.05,,0.356,0.356,0.62,0.0613809523809523,-0.2999429000227671,0.04,0.982442105263158,100,finite_k3_m_fixed_pi,statistical power
tikz-v1,figure2,power_atlas_r4_c1,$N_{eff}$ by $m$; fixed $\pi_1=0.05$,13,heatmap_cell,weighted_wcs_homogeneous,finite_k3,m_fixed_pi,2.0,2.8,1.8494850021680092,2.15051499783199,2.7,2.9,100.0,test batch size $m$,0.1,100,0.05,,0.524,0.524,0.86,0.0902878787878787,-0.5314255933834733,0.0,0.983957894736842,100,finite_k3_m_fixed_pi,statistical power
tikz-v1,figure2,power_atlas_r4_c1,$N_{eff}$ by $m$; fixed $\pi_1=0.05$,13,heatmap_cell,weighted_wcs_homogeneous,finite_k3,m_fixed_pi,2.0,3.0,1.8494850021680092,2.15051499783199,2.9,3.1,100.0,test batch size $m$,0.1,100,0.05,,0.5299999999999999,0.5299999999999999,0.89,0.0756428571428571,-0.7365684088475615,0.0,0.984063157894737,100,finite_k3_m_fixed_pi,statistical power
tikz-v1,figure2,power_atlas_r4_c1,$N_{eff}$ by $m$; fixed $\pi_1=0.05$,13,heatmap_cell,weighted_wcs_homogeneous,finite_k3,m_fixed_pi,2.0,3.2,1.8494850021680092,2.15051499783199,3.1,3.3,100.0,test batch size $m$,0.1,100,0.05,,0.594,0.594,0.94,0.0913849206349206,-0.8992731873176038,0.0,0.984463157894737,100,finite_k3_m_fixed_pi,statistical power
tikz-v1,figure2,power_atlas_r4_c1,$N_{eff}$ by $m$; fixed $\pi_1=0.05$,13,heatmap_cell,weighted_wcs_homogeneous,finite_k3,m_fixed_pi,2.0,3.4,1.8494850021680092,2.15051499783199,3.3,3.5,100.0,test batch size $m$,0.1,100,0.05,,0.596,0.596,0.99,0.10325,-1.0991624929285948,0.0,0.9831368421052632,100,finite_k3_m_fixed_pi,statistical power
tikz-v1,figure2,power_atlas_r4_c1,$N_{eff}$ by $m$; fixed $\pi_1=0.05$,13,heatmap_cell,weighted_wcs_homogeneous,finite_k3,m_fixed_pi,2.0,3.6,1.8494850021680092,2.15051499783199,3.5,3.7,100.0,test batch size $m$,0.1,100,0.05,,0.652,0.652,0.97,0.0878809523809523,-1.2957048353684322,0.0,0.9833052631578948,100,finite_k3_m_fixed_pi,statistical power
tikz-v1,figure2,power_atlas_r4_c1,$N_{eff}$ by $m$; fixed $\pi_1=0.05$,13,heatmap_cell,weighted_wcs_homogeneous,finite_k3,m_fixed_pi,2.0,3.8,1.8494850021680092,2.15051499783199,3.7,3.9,100.0,test batch size $m$,0.1,100,0.05,,0.602,0.602,0.94,0.0869404761904761,-1.4825974206431831,0.0,0.9845894736842103,100,finite_k3_m_fixed_pi,statistical power
tikz-v1,figure2,power_atlas_r4_c1,$N_{eff}$ by $m$; fixed $\pi_1=0.05$,13,heatmap_cell,weighted_wcs_homogeneous,finite_k3,m_fixed_pi,2.0,4.0,1.8494850021680092,2.15051499783199,3.9,4.1,100.0,test batch size $m$,0.1,100,0.05,,0.598,0.598,0.96,0.0977142857142857,-1.653260766037146,0.0,0.9821052631578948,100,finite_k3_m_fixed_pi,statistical power
tikz-v1,figure2,power_atlas_r4_c1,$N_{eff}$ by $m$; fixed $\pi_1=0.05$,13,heatmap_cell,weighted_wcs_homogeneous,finite_k3,m_fixed_pi,2.3010299956639813,1.4,2.15051499783199,2.5,1.3,1.5,200.0,test batch size $m$,0.1,200,0.05,,0.0279999999999999,0.0279999999999999,0.1,0.0186666666666666,0.8860566476931633,0.92,0.9841157894736842,100,finite_k3_m_fixed_pi,statistical power
tikz-v1,figure2,power_atlas_r4_c1,$N_{eff}$ by $m$; fixed $\pi_1=0.05$,13,heatmap_cell,weighted_wcs_homogeneous,finite_k3,m_fixed_pi,2.3010299956639813,1.6,2.15051499783199,2.5,1.5,1.7,200.0,test batch size $m$,0.1,200,0.05,,0.024,0.024,0.1,0.02,0.6882461389442457,0.9,0.9860052631578946,100,finite_k3_m_fixed_pi,statistical power
tikz-v1,figure2,power_atlas_r4_c1,$N_{eff}$ by $m$; fixed $\pi_1=0.05$,13,heatmap_cell,weighted_wcs_homogeneous,finite_k3,m_fixed_pi,2.3010299956639813,1.7999999999999998,2.15051499783199,2.5,1.7,1.9,200.0,test batch size $m$,0.1,200,0.05,,0.025,0.025,0.1,0.015,0.494850021680094,0.88,0.9842947368421052,100,finite_k3_m_fixed_pi,statistical power
tikz-v1,figure2,power_atlas_r4_c1,$N_{eff}$ by $m$; fixed $\pi_1=0.05$,13,heatmap_cell,weighted_wcs_homogeneous,finite_k3,m_fixed_pi,2.3010299956639813,2.0,2.15051499783199,2.5,1.9,2.1,200.0,test batch size $m$,0.1,200,0.05,,0.04,0.04,0.16,0.0223809523809523,0.2957029707504909,0.82,0.9827894736842108,100,finite_k3_m_fixed_pi,statistical power
tikz-v1,figure2,power_atlas_r4_c1,$N_{eff}$ by $m$; fixed $\pi_1=0.05$,13,heatmap_cell,weighted_wcs_homogeneous,finite_k3,m_fixed_pi,2.3010299956639813,2.2,2.15051499783199,2.5,2.1,2.3,200.0,test batch size $m$,0.1,200,0.05,,0.102,0.102,0.28,0.0573223443223443,0.096469351732232,0.71,0.9830157894736844,100,finite_k3_m_fixed_pi,statistical power
tikz-v1,figure2,power_atlas_r4_c1,$N_{eff}$ by $m$; fixed $\pi_1=0.05$,13,heatmap_cell,weighted_wcs_homogeneous,finite_k3,m_fixed_pi,2.3010299956639813,2.4,2.15051499783199,2.5,2.3,2.5,200.0,test batch size $m$,0.1,200,0.05,,0.271,0.271,0.48,0.0695958534929123,-0.1003705451175629,0.2,0.9823052631578948,100,finite_k3_m_fixed_pi,statistical power
tikz-v1,figure2,power_atlas_r4_c1,$N_{eff}$ by $m$; fixed $\pi_1=0.05$,13,heatmap_cell,weighted_wcs_homogeneous,finite_k3,m_fixed_pi,2.3010299956639813,2.6,2.15051499783199,2.5,2.5,2.7,200.0,test batch size $m$,0.1,200,0.05,,0.3199999999999999,0.3199999999999999,0.59,0.0599953934953935,-0.36078268987328,0.0,0.9835842105263158,100,finite_k3_m_fixed_pi,statistical power
tikz-v1,figure2,power_atlas_r4_c1,$N_{eff}$ by $m$; fixed $\pi_1=0.05$,13,heatmap_cell,weighted_wcs_homogeneous,finite_k3,m_fixed_pi,2.3010299956639813,2.8,2.15051499783199,2.5,2.7,2.9,200.0,test batch size $m$,0.1,200,0.05,,0.4889999999999999,0.4889999999999999,0.84,0.0814605541517306,-0.4996870826184039,0.0,0.9842789473684213,100,finite_k3_m_fixed_pi,statistical power
tikz-v1,figure2,power_atlas_r4_c1,$N_{eff}$ by $m$; fixed $\pi_1=0.05$,13,heatmap_cell,weighted_wcs_homogeneous,finite_k3,m_fixed_pi,2.3010299956639813,3.0,2.15051499783199,2.5,2.9,3.1,200.0,test batch size $m$,0.1,200,0.05,,0.5589999999999999,0.5589999999999999,0.89,0.0733304473304473,-0.6994040818153374,0.0,0.9846105263157896,100,finite_k3_m_fixed_pi,statistical power
tikz-v1,figure2,power_atlas_r4_c1,$N_{eff}$ by $m$; fixed $\pi_1=0.05$,13,heatmap_cell,weighted_wcs_homogeneous,finite_k3,m_fixed_pi,2.3010299956639813,3.2,2.15051499783199,2.5,3.1,3.3,200.0,test batch size $m$,0.1,200,0.05,,0.575,0.575,0.95,0.073043734043734,-0.8992731873176038,0.0,0.9794947368421052,100,finite_k3_m_fixed_pi,statistical power
tikz-v1,figure2,power_atlas_r4_c1,$N_{eff}$ by $m$; fixed $\pi_1=0.05$,13,heatmap_cell,weighted_wcs_homogeneous,finite_k3,m_fixed_pi,2.3010299956639813,3.4,2.15051499783199,2.5,3.3,3.5,200.0,test batch size $m$,0.1,200,0.05,,0.5760000000000001,0.5760000000000001,0.99,0.109032856032856,-1.0991624929285948,0.0,0.9825052631578948,100,finite_k3_m_fixed_pi,statistical power
tikz-v1,figure2,power_atlas_r4_c1,$N_{eff}$ by $m$; fixed $\pi_1=0.05$,13,heatmap_cell,weighted_wcs_homogeneous,finite_k3,m_fixed_pi,2.3010299956639813,3.6,2.15051499783199,2.5,3.5,3.7,200.0,test batch size $m$,0.1,200,0.05,,0.617,0.617,0.99,0.0779278499278499,-1.2903262935376691,0.0,0.9844000000000002,100,finite_k3_m_fixed_pi,statistical power
tikz-v1,figure2,power_atlas_r4_c1,$N_{eff}$ by $m$; fixed $\pi_1=0.05$,13,heatmap_cell,weighted_wcs_homogeneous,finite_k3,m_fixed_pi,2.3010299956639813,3.8,2.15051499783199,2.5,3.7,3.9,200.0,test batch size $m$,0.1,200,0.05,,0.6589999999999999,0.6589999999999999,1.0,0.0947254689754689,-1.4591223608860877,0.0,0.9868105263157896,100,finite_k3_m_fixed_pi,statistical power
tikz-v1,figure2,power_atlas_r4_c1,$N_{eff}$ by $m$; fixed $\pi_1=0.05$,13,heatmap_cell,weighted_wcs_homogeneous,finite_k3,m_fixed_pi,2.3010299956639813,4.0,2.15051499783199,2.5,3.9,4.1,200.0,test batch size $m$,0.1,200,0.05,,0.613,0.613,1.0,0.0854869574869574,-1.605337035235906,0.0,0.9817,100,finite_k3_m_fixed_pi,statistical power
tikz-v1,figure2,power_atlas_r4_c1,$N_{eff}$ by $m$; fixed $\pi_1=0.05$,13,heatmap_cell,weighted_wcs_homogeneous,finite_k3,m_fixed_pi,2.6989700043360187,1.4,2.5,2.8494850021680094,1.3,1.5,500.0,test batch size $m$,0.1,500,0.05,,0.0064,0.0064,0.04,0.0172527472527472,0.902203993238238,0.93,0.9835132631578948,100,finite_k3_m_fixed_pi,statistical power
tikz-v1,figure2,power_atlas_r4_c1,$N_{eff}$ by $m$; fixed $\pi_1=0.05$,13,heatmap_cell,weighted_wcs_homogeneous,finite_k3,m_fixed_pi,2.6989700043360187,1.6,2.5,2.8494850021680094,1.5,1.7,500.0,test batch size $m$,0.1,500,0.05,,0.0108,0.0108,0.06,0.0147510822510822,0.6963635910447464,0.92,0.9832968421052632,100,finite_k3_m_fixed_pi,statistical power
tikz-v1,figure2,power_atlas_r4_c1,$N_{eff}$ by $m$; fixed $\pi_1=0.05$,13,heatmap_cell,weighted_wcs_homogeneous,finite_k3,m_fixed_pi,2.6989700043360187,1.7999999999999998,2.5,2.8494850021680094,1.7,1.9,500.0,test batch size $m$,0.1,500,0.05,,0.0224,0.0224,0.09,0.0091587301587301,0.494850021680094,0.82,0.9825970526315788,100,finite_k3_m_fixed_pi,statistical power
tikz-v1,figure2,power_atlas_r4_c1,$N_{eff}$ by $m$; fixed $\pi_1=0.05$,13,heatmap_cell,weighted_wcs_homogeneous,finite_k3,m_fixed_pi,2.6989700043360187,2.0,2.5,2.8494850021680094,1.9,2.1,500.0,test batch size $m$,0.1,500,0.05,,0.0336,0.0336,0.13,0.0235487012987012,0.2967086218813386,0.85,0.984554947368421,100,finite_k3_m_fixed_pi,statistical power
tikz-v1,figure2,power_atlas_r4_c1,$N_{eff}$ by $m$; fixed $\pi_1=0.05$,13,heatmap_cell,weighted_wcs_homogeneous,finite_k3,m_fixed_pi,2.6989700043360187,2.2,2.5,2.8494850021680094,2.1,2.3,500.0,test batch size $m$,0.1,500,0.05,,0.0424,0.0424,0.15,0.0133900214964288,0.0996328713435296,0.73,0.9834231578947368,100,finite_k3_m_fixed_pi,statistical power
tikz-v1,figure2,power_atlas_r4_c1,$N_{eff}$ by $m$; fixed $\pi_1=0.05$,13,heatmap_cell,weighted_wcs_homogeneous,finite_k3,m_fixed_pi,2.6989700043360187,2.4,2.5,2.8494850021680094,2.3,2.5,500.0,test batch size $m$,0.1,500,0.05,,0.1892,0.1892,0.4,0.0539669444957527,-0.0977417527411066,0.25,0.9838273684210526,100,finite_k3_m_fixed_pi,statistical power
tikz-v1,figure2,power_atlas_r4_c1,$N_{eff}$ by $m$; fixed $\pi_1=0.05$,13,heatmap_cell,weighted_wcs_homogeneous,finite_k3,m_fixed_pi,2.6989700043360187,2.6,2.5,2.8494850021680094,2.5,2.7,500.0,test batch size $m$,0.1,500,0.05,,0.3196,0.3196,0.63,0.0648205633768125,-0.2999429000227671,0.01,0.9834930526315788,100,finite_k3_m_fixed_pi,statistical power
tikz-v1,figure2,power_atlas_r4_c1,$N_{eff}$ by $m$; fixed $\pi_1=0.05$,13,heatmap_cell,weighted_wcs_homogeneous,finite_k3,m_fixed_pi,2.6989700043360187,2.8,2.5,2.8494850021680094,2.7,2.9,500.0,test batch size $m$,0.1,500,0.05,,0.4084,0.4084,0.78,0.0864239336687048,-0.4996870826184039,0.0,0.9838248421052632,100,finite_k3_m_fixed_pi,statistical power
tikz-v1,figure2,power_atlas_r4_c1,$N_{eff}$ by $m$; fixed $\pi_1=0.05$,13,heatmap_cell,weighted_wcs_homogeneous,finite_k3,m_fixed_pi,2.6989700043360187,3.0,2.5,2.8494850021680094,2.9,3.1,500.0,test batch size $m$,0.1,500,0.05,,0.5055999999999999,0.5055999999999999,0.89,0.0833176015553522,-0.6994040818153374,0.0,0.9818037894736844,100,finite_k3_m_fixed_pi,statistical power
tikz-v1,figure2,power_atlas_r4_c1,$N_{eff}$ by $m$; fixed $\pi_1=0.05$,13,heatmap_cell,weighted_wcs_homogeneous,finite_k3,m_fixed_pi,2.6989700043360187,3.2,2.5,2.8494850021680094,3.1,3.3,500.0,test batch size $m$,0.1,500,0.05,,0.5660000000000001,0.5660000000000001,0.99,0.09113965815746,-0.8992731873176038,0.0,0.9810964210526316,100,finite_k3_m_fixed_pi,statistical power
tikz-v1,figure2,power_atlas_r4_c1,$N_{eff}$ by $m$; fixed $\pi_1=0.05$,13,heatmap_cell,weighted_wcs_homogeneous,finite_k3,m_fixed_pi,2.6989700043360187,3.4,2.5,2.8494850021680094,3.3,3.5,500.0,test batch size $m$,0.1,500,0.05,,0.564,0.564,0.98,0.0809044105021524,-1.0534626049254554,0.0,0.9829204210526316,100,finite_k3_m_fixed_pi,statistical power
tikz-v1,figure2,power_atlas_r4_c1,$N_{eff}$ by $m$; fixed $\pi_1=0.05$,13,heatmap_cell,weighted_wcs_homogeneous,finite_k3,m_fixed_pi,2.6989700043360187,3.6,2.5,2.8494850021680094,3.5,3.7,500.0,test batch size $m$,0.1,500,0.05,,0.6068,0.6068,1.0,0.0941631688669984,-1.2562260690064542,0.0,0.983157894736842,100,finite_k3_m_fixed_pi,statistical power
tikz-v1,figure2,power_atlas_r4_c1,$N_{eff}$ by $m$; fixed $\pi_1=0.05$,13,heatmap_cell,weighted_wcs_homogeneous,finite_k3,m_fixed_pi,2.6989700043360187,3.8,2.5,2.8494850021680094,3.7,3.9,500.0,test batch size $m$,0.1,500,0.05,,0.6311999999999999,0.6311999999999999,1.0,0.1040687839579502,-1.4533183400470375,0.0,0.9826778947368422,100,finite_k3_m_fixed_pi,statistical power
tikz-v1,figure2,power_atlas_r4_c1,$N_{eff}$ by $m$; fixed $\pi_1=0.05$,13,heatmap_cell,weighted_wcs_homogeneous,finite_k3,m_fixed_pi,2.6989700043360187,4.0,2.5,2.8494850021680094,3.9,4.1,500.0,test batch size $m$,0.1,500,0.05,,0.6259999999999999,0.6259999999999999,1.0,0.1003912621867595,-1.5602919577107652,0.0,0.983611789473684,100,finite_k3_m_fixed_pi,statistical power
tikz-v1,figure2,power_atlas_r4_c1,$N_{eff}$ by $m$; fixed $\pi_1=0.05$,13,heatmap_cell,weighted_wcs_homogeneous,finite_k3,m_fixed_pi,3.0,1.4,2.8494850021680094,3.15051499783199,1.3,1.5,1000.0,test batch size $m$,0.1,1000,0.05,,0.009,0.009,0.04,0.0045576923076923,0.9208187539523752,0.93,0.983164210526316,100,finite_k3_m_fixed_pi,statistical power
tikz-v1,figure2,power_atlas_r4_c1,$N_{eff}$ by $m$; fixed $\pi_1=0.05$,13,heatmap_cell,weighted_wcs_homogeneous,finite_k3,m_fixed_pi,3.0,1.6,2.8494850021680094,3.15051499783199,1.5,1.7,1000.0,test batch size $m$,0.1,1000,0.05,,0.009,0.009,0.08,0.013781512605042,0.7328282715969862,0.9,0.9823545263157896,100,finite_k3_m_fixed_pi,statistical power
tikz-v1,figure2,power_atlas_r4_c1,$N_{eff}$ by $m$; fixed $\pi_1=0.05$,13,heatmap_cell,weighted_wcs_homogeneous,finite_k3,m_fixed_pi,3.0,1.7999999999999998,2.8494850021680094,3.15051499783199,1.7,1.9,1000.0,test batch size $m$,0.1,1000,0.05,,0.0292,0.0292,0.13,0.0437946672995348,0.5220748536995296,0.89,0.9827917894736842,100,finite_k3_m_fixed_pi,statistical power
tikz-v1,figure2,power_atlas_r4_c1,$N_{eff}$ by $m$; fixed $\pi_1=0.05$,13,heatmap_cell,weighted_wcs_homogeneous,finite_k3,m_fixed_pi,3.0,2.0,2.8494850021680094,3.15051499783199,1.9,2.1,1000.0,test batch size $m$,0.1,1000,0.05,,0.0344,0.0344,0.14,0.0152508609504407,0.2967086218813386,0.77,0.9835376842105262,100,finite_k3_m_fixed_pi,statistical power
tikz-v1,figure2,power_atlas_r4_c1,$N_{eff}$ by $m$; fixed $\pi_1=0.05$,13,heatmap_cell,weighted_wcs_homogeneous,finite_k3,m_fixed_pi,3.0,2.2,2.8494850021680094,3.15051499783199,2.1,2.3,1000.0,test batch size $m$,0.1,1000,0.05,,0.0784,0.0784,0.21,0.0319863870472503,0.0996328713435296,0.76,0.9836351578947368,100,finite_k3_m_fixed_pi,statistical power
tikz-v1,figure2,power_atlas_r4_c1,$N_{eff}$ by $m$; fixed $\pi_1=0.05$,13,heatmap_cell,weighted_wcs_homogeneous,finite_k3,m_fixed_pi,3.0,2.4,2.8494850021680094,3.15051499783199,2.3,2.5,1000.0,test batch size $m$,0.1,1000,0.05,,0.1554,0.1554,0.4,0.0629752319086618,-0.1003705451175629,0.32,0.9837174736842104,100,finite_k3_m_fixed_pi,statistical power
tikz-v1,figure2,power_atlas_r4_c1,$N_{eff}$ by $m$; fixed $\pi_1=0.05$,13,heatmap_cell,weighted_wcs_homogeneous,finite_k3,m_fixed_pi,3.0,2.6,2.8494850021680094,3.15051499783199,2.5,2.7,1000.0,test batch size $m$,0.1,1000,0.05,,0.3096,0.3096,0.6,0.0712418773852524,-0.2788650090961165,0.0,0.9815021052631576,100,finite_k3_m_fixed_pi,statistical power
tikz-v1,figure2,power_atlas_r4_c1,$N_{eff}$ by $m$; fixed $\pi_1=0.05$,13,heatmap_cell,weighted_wcs_homogeneous,finite_k3,m_fixed_pi,3.0,2.8,2.8494850021680094,3.15051499783199,2.7,2.9,1000.0,test batch size $m$,0.1,1000,0.05,,0.3972,0.3972,0.76,0.0692633618379023,-0.4932483943715464,0.0,0.9832054736842104,100,finite_k3_m_fixed_pi,statistical power
tikz-v1,figure2,power_atlas_r4_c1,$N_{eff}$ by $m$; fixed $\pi_1=0.05$,13,heatmap_cell,weighted_wcs_homogeneous,finite_k3,m_fixed_pi,3.0,3.0,2.8494850021680094,3.15051499783199,2.9,3.1,1000.0,test batch size $m$,0.1,1000,0.05,,0.5404000000000001,0.5404000000000001,0.94,0.0843084978559938,-0.6994040818153374,0.0,0.9827309473684211,100,finite_k3_m_fixed_pi,statistical power
tikz-v1,figure2,power_atlas_r4_c1,$N_{eff}$ by $m$; fixed $\pi_1=0.05$,13,heatmap_cell,weighted_wcs_homogeneous,finite_k3,m_fixed_pi,3.0,3.2,2.8494850021680094,3.15051499783199,3.1,3.3,1000.0,test batch size $m$,0.1,1000,0.05,,0.5516000000000001,0.5516000000000001,0.95,0.0801772256960932,-0.8992731873176038,0.0,0.9836665263157894,100,finite_k3_m_fixed_pi,statistical power
tikz-v1,figure2,power_atlas_r4_c1,$N_{eff}$ by $m$; fixed $\pi_1=0.05$,13,heatmap_cell,weighted_wcs_homogeneous,finite_k3,m_fixed_pi,3.0,3.4,2.8494850021680094,3.15051499783199,3.3,3.5,1000.0,test batch size $m$,0.1,1000,0.05,,0.5968000000000001,0.5968000000000001,0.99,0.0898890212063714,-1.0534626049254554,0.0,0.9829490526315792,100,finite_k3_m_fixed_pi,statistical power
tikz-v1,figure2,power_atlas_r4_c1,$N_{eff}$ by $m$; fixed $\pi_1=0.05$,13,heatmap_cell,weighted_wcs_homogeneous,finite_k3,m_fixed_pi,3.0,3.6,2.8494850021680094,3.15051499783199,3.5,3.7,1000.0,test batch size $m$,0.1,1000,0.05,,0.6108,0.6108,1.0,0.0951801987072089,-1.2533380053261065,0.0,0.9826814736842104,100,finite_k3_m_fixed_pi,statistical power
tikz-v1,figure2,power_atlas_r4_c1,$N_{eff}$ by $m$; fixed $\pi_1=0.05$,13,heatmap_cell,weighted_wcs_homogeneous,finite_k3,m_fixed_pi,3.0,3.8,2.8494850021680094,3.15051499783199,3.7,3.9,1000.0,test batch size $m$,0.1,1000,0.05,,0.6194,0.6194,1.0,0.0931588130038729,-1.4533183400470375,0.0,0.983666105263158,100,finite_k3_m_fixed_pi,statistical power
tikz-v1,figure2,power_atlas_r4_c1,$N_{eff}$ by $m$; fixed $\pi_1=0.05$,13,heatmap_cell,weighted_wcs_homogeneous,finite_k3,m_fixed_pi,3.0,4.0,2.8494850021680094,3.15051499783199,3.9,4.1,1000.0,test batch size $m$,0.1,1000,0.05,,0.6076,0.6076,1.0,0.0878987983113859,-1.5650732482499454,0.0,0.9826964210526314,100,finite_k3_m_fixed_pi,statistical power
tikz-v1,figure2,power_atlas_r4_c1,$N_{eff}$ by $m$; fixed $\pi_1=0.05$,13,heatmap_cell,weighted_wcs_homogeneous,finite_k3,m_fixed_pi,3.3010299956639813,1.4,3.15051499783199,3.451544993495972,1.3,1.5,2000.0,test batch size $m$,0.1,2000,0.05,,0.0029,0.0029,0.02,0.005,0.91956098806179,0.93,0.9833071578947368,100,finite_k3_m_fixed_pi,statistical power
tikz-v1,figure2,power_atlas_r4_c1,$N_{eff}$ by $m$; fixed $\pi_1=0.05$,13,heatmap_cell,weighted_wcs_homogeneous,finite_k3,m_fixed_pi,3.3010299956639813,1.6,3.15051499783199,3.451544993495972,1.5,1.7,2000.0,test batch size $m$,0.1,2000,0.05,,0.0172,0.0172,0.12,0.0417976367604027,0.6882461389442457,0.95,0.9833594210526316,100,finite_k3_m_fixed_pi,statistical power
tikz-v1,figure2,power_atlas_r4_c1,$N_{eff}$ by $m$; fixed $\pi_1=0.05$,13,heatmap_cell,weighted_wcs_homogeneous,finite_k3,m_fixed_pi,3.3010299956639813,1.7999999999999998,3.15051499783199,3.451544993495972,1.7,1.9,2000.0,test batch size $m$,0.1,2000,0.05,,0.0075,0.0075,0.06,0.0192308154645873,0.5376020021010439,0.91,0.9822249473684213,100,finite_k3_m_fixed_pi,statistical power
tikz-v1,figure2,power_atlas_r4_c1,$N_{eff}$ by $m$; fixed $\pi_1=0.05$,13,heatmap_cell,weighted_wcs_homogeneous,finite_k3,m_fixed_pi,3.3010299956639813,2.0,3.15051499783199,3.451544993495972,1.9,2.1,2000.0,test batch size $m$,0.1,2000,0.05,,0.0168,0.0168,0.08,0.012663705089237,0.3419886033428876,0.87,0.982185842105263,100,finite_k3_m_fixed_pi,statistical power
tikz-v1,figure2,power_atlas_r4_c1,$N_{eff}$ by $m$; fixed $\pi_1=0.05$,13,heatmap_cell,weighted_wcs_homogeneous,finite_k3,m_fixed_pi,3.3010299956639813,2.2,3.15051499783199,3.451544993495972,2.1,2.3,2000.0,test batch size $m$,0.1,2000,0.05,,0.0722,0.0722,0.22,0.0453146321140694,0.1018506072422642,0.74,0.982675842105263,100,finite_k3_m_fixed_pi,statistical power
tikz-v1,figure2,power_atlas_r4_c1,$N_{eff}$ by $m$; fixed $\pi_1=0.05$,13,heatmap_cell,weighted_wcs_homogeneous,finite_k3,m_fixed_pi,3.3010299956639813,2.4,3.15051499783199,3.451544993495972,2.3,2.5,2000.0,test batch size $m$,0.1,2000,0.05,,0.0938,0.0938,0.24,0.0380698808090115,-0.0549958615291414,0.35,0.9829757894736842,100,finite_k3_m_fixed_pi,statistical power
tikz-v1,figure2,power_atlas_r4_c1,$N_{eff}$ by $m$; fixed $\pi_1=0.05$,13,heatmap_cell,weighted_wcs_homogeneous,finite_k3,m_fixed_pi,3.3010299956639813,2.6,3.15051499783199,3.451544993495972,2.5,2.7,2000.0,test batch size $m$,0.1,2000,0.05,,0.3188,0.3188,0.62,0.0730219978741446,-0.2686020471568215,0.0,0.9836573157894736,100,finite_k3_m_fixed_pi,statistical power
tikz-v1,figure2,power_atlas_r4_c1,$N_{eff}$ by $m$; fixed $\pi_1=0.05$,13,heatmap_cell,weighted_wcs_homogeneous,finite_k3,m_fixed_pi,3.3010299956639813,2.8,3.15051499783199,3.451544993495972,2.7,2.9,2000.0,test batch size $m$,0.1,2000,0.05,,0.4731,0.4731,0.88,0.0951885437960432,-0.4908307446708322,0.0,0.9832876315789474,100,finite_k3_m_fixed_pi,statistical power
tikz-v1,figure2,power_atlas_r4_c1,$N_{eff}$ by $m$; fixed $\pi_1=0.05$,13,heatmap_cell,weighted_wcs_homogeneous,finite_k3,m_fixed_pi,3.3010299956639813,3.0,3.15051499783199,3.451544993495972,2.9,3.1,2000.0,test batch size $m$,0.1,2000,0.05,,0.526,0.526,0.95,0.0816093160244818,-0.6941189406623293,0.0,0.9833063684210528,100,finite_k3_m_fixed_pi,statistical power
tikz-v1,figure2,power_atlas_r4_c1,$N_{eff}$ by $m$; fixed $\pi_1=0.05$,13,heatmap_cell,weighted_wcs_homogeneous,finite_k3,m_fixed_pi,3.3010299956639813,3.2,3.15051499783199,3.451544993495972,3.1,3.3,2000.0,test batch size $m$,0.1,2000,0.05,,0.5470999999999999,0.5470999999999999,0.97,0.0863907989218326,-0.8849254382275986,0.0,0.9834352105263156,100,finite_k3_m_fixed_pi,statistical power
tikz-v1,figure2,power_atlas_r4_c1,$N_{eff}$ by $m$; fixed $\pi_1=0.05$,13,heatmap_cell,weighted_wcs_homogeneous,finite_k3,m_fixed_pi,3.3010299956639813,3.4,3.15051499783199,3.451544993495972,3.3,3.5,2000.0,test batch size $m$,0.1,2000,0.05,,0.5886,0.5886,0.99,0.0855083874386032,-1.0534626049254554,0.0,0.9834548421052632,100,finite_k3_m_fixed_pi,statistical power
tikz-v1,figure2,power_atlas_r4_c1,$N_{eff}$ by $m$; fixed $\pi_1=0.05$,13,heatmap_cell,weighted_wcs_homogeneous,finite_k3,m_fixed_pi,3.3010299956639813,3.6,3.15051499783199,3.451544993495972,3.5,3.7,2000.0,test batch size $m$,0.1,2000,0.05,,0.5893999999999999,0.5893999999999999,0.99,0.0896452956180986,-1.2533380053261065,0.0,0.9829352631578946,100,finite_k3_m_fixed_pi,statistical power
tikz-v1,figure2,power_atlas_r4_c1,$N_{eff}$ by $m$; fixed $\pi_1=0.05$,13,heatmap_cell,weighted_wcs_homogeneous,finite_k3,m_fixed_pi,3.3010299956639813,3.8,3.15051499783199,3.451544993495972,3.7,3.9,2000.0,test batch size $m$,0.1,2000,0.05,,0.6002,0.6002,0.99,0.0863635977246981,-1.4394398458734583,0.0,0.9832936315789472,100,finite_k3_m_fixed_pi,statistical power
tikz-v1,figure2,power_atlas_r4_c1,$N_{eff}$ by $m$; fixed $\pi_1=0.05$,13,heatmap_cell,weighted_wcs_homogeneous,finite_k3,m_fixed_pi,3.3010299956639813,4.0,3.15051499783199,3.451544993495972,3.9,4.1,2000.0,test batch size $m$,0.1,2000,0.05,,0.6141000000000001,0.6141000000000001,1.0,0.0908915089606126,-1.5441300819879646,0.0,0.9833796842105264,100,finite_k3_m_fixed_pi,statistical power
tikz-v1,figure2,power_atlas_r4_c3,$N_{eff}$ by anomaly rate,15,heatmap_cell,weighted_wcs_homogeneous,finite_k3,pi1_sweep,-2.3010299956639813,1.4,-2.451544993495972,-2.15051499783199,1.3,1.5,0.005,anomaly rate $\pi_1$,0.1,1000,0.005,,0.008,0.008,0.01,0.0033333333333333,1.8860566476931635,0.98,0.9835015075376884,100,finite_k3_pi1_sweep,statistical power
tikz-v1,figure2,power_atlas_r4_c3,$N_{eff}$ by anomaly rate,15,heatmap_cell,weighted_wcs_homogeneous,finite_k3,pi1_sweep,-2.3010299956639813,1.6,-2.451544993495972,-2.15051499783199,1.5,1.7,0.005,anomaly rate $\pi_1$,0.1,1000,0.005,,0.006,0.006,0.02,0.0189473684210526,1.6751236783231604,0.98,0.9802954773869346,100,finite_k3_pi1_sweep,statistical power
tikz-v1,figure2,power_atlas_r4_c3,$N_{eff}$ by anomaly rate,15,heatmap_cell,weighted_wcs_homogeneous,finite_k3,pi1_sweep,-2.3010299956639813,1.7999999999999998,-2.451544993495972,-2.15051499783199,1.7,1.9,0.005,anomaly rate $\pi_1$,0.1,1000,0.005,,0.002,0.002,0.01,0.0,1.494850021680094,0.98,0.9842914572864324,100,finite_k3_pi1_sweep,statistical power
tikz-v1,figure2,power_atlas_r4_c3,$N_{eff}$ by anomaly rate,15,heatmap_cell,weighted_wcs_homogeneous,finite_k3,pi1_sweep,-2.3010299956639813,2.0,-2.451544993495972,-2.15051499783199,1.9,2.1,0.005,anomaly rate $\pi_1$,0.1,1000,0.005,,0.006,0.006,0.02,0.0066666666666666,1.2929521093832457,0.98,0.9811256281407036,100,finite_k3_pi1_sweep,statistical power
tikz-v1,figure2,power_atlas_r4_c3,$N_{eff}$ by anomaly rate,15,heatmap_cell,weighted_wcs_homogeneous,finite_k3,pi1_sweep,-2.3010299956639813,2.2,-2.451544993495972,-2.15051499783199,2.1,2.3,0.005,anomaly rate $\pi_1$,0.1,1000,0.005,,0.004,0.004,0.02,0.015,1.0996328713435295,0.97,0.9833648241206028,100,finite_k3_pi1_sweep,statistical power
tikz-v1,figure2,power_atlas_r4_c3,$N_{eff}$ by anomaly rate,15,heatmap_cell,weighted_wcs_homogeneous,finite_k3,pi1_sweep,-2.3010299956639813,2.4,-2.451544993495972,-2.15051499783199,2.3,2.5,0.005,anomaly rate $\pi_1$,0.1,1000,0.005,,0.016,0.016,0.05,0.0108333333333333,0.8409964434481385,0.89,0.9863778894472364,100,finite_k3_pi1_sweep,statistical power
tikz-v1,figure2,power_atlas_r4_c3,$N_{eff}$ by anomaly rate,15,heatmap_cell,weighted_wcs_homogeneous,finite_k3,pi1_sweep,-2.3010299956639813,2.6,-2.451544993495972,-2.15051499783199,2.5,2.7,0.005,anomaly rate $\pi_1$,0.1,1000,0.005,,0.006,0.006,0.02,0.0183333333333333,0.6754735228139089,0.94,0.9841447236180904,100,finite_k3_pi1_sweep,statistical power
tikz-v1,figure2,power_atlas_r4_c3,$N_{eff}$ by anomaly rate,15,heatmap_cell,weighted_wcs_homogeneous,finite_k3,pi1_sweep,-2.3010299956639813,2.8,-2.451544993495972,-2.15051499783199,2.7,2.9,0.005,anomaly rate $\pi_1$,0.1,1000,0.005,,0.02,0.02,0.08,0.0316666666666666,0.4394955848049434,0.84,0.9777045226130652,100,finite_k3_pi1_sweep,statistical power
tikz-v1,figure2,power_atlas_r4_c3,$N_{eff}$ by anomaly rate,15,heatmap_cell,weighted_wcs_homogeneous,finite_k3,pi1_sweep,-2.3010299956639813,3.0,-2.451544993495972,-2.15051499783199,2.9,3.1,0.005,anomaly rate $\pi_1$,0.1,1000,0.005,,0.014,0.014,0.05,0.0225,0.3005959181846626,0.8,0.9795115577889448,100,finite_k3_pi1_sweep,statistical power
tikz-v1,figure2,power_atlas_r4_c3,$N_{eff}$ by anomaly rate,15,heatmap_cell,weighted_wcs_homogeneous,finite_k3,pi1_sweep,-2.3010299956639813,3.2,-2.451544993495972,-2.15051499783199,3.1,3.3,0.005,anomaly rate $\pi_1$,0.1,1000,0.005,,0.0519999999999999,0.0519999999999999,0.14,0.0608333333333333,0.0720005492618145,0.68,0.9821386934673368,100,finite_k3_pi1_sweep,statistical power
tikz-v1,figure2,power_atlas_r4_c3,$N_{eff}$ by anomaly rate,15,heatmap_cell,weighted_wcs_homogeneous,finite_k3,pi1_sweep,-2.3010299956639813,3.4,-2.451544993495972,-2.15051499783199,3.3,3.5,0.005,anomaly rate $\pi_1$,0.1,1000,0.005,,0.044,0.044,0.14,0.0115,-0.0991624929285947,0.18,0.982972864321608,100,finite_k3_pi1_sweep,statistical power
tikz-v1,figure2,power_atlas_r4_c3,$N_{eff}$ by anomaly rate,15,heatmap_cell,weighted_wcs_homogeneous,finite_k3,pi1_sweep,-2.3010299956639813,3.6,-2.451544993495972,-2.15051499783199,3.5,3.7,0.005,anomaly rate $\pi_1$,0.1,1000,0.005,,0.114,0.114,0.3,0.0808333333333333,-0.2990712600274095,0.02,0.9821346733668342,100,finite_k3_pi1_sweep,statistical power
tikz-v1,figure2,power_atlas_r4_c3,$N_{eff}$ by anomaly rate,15,heatmap_cell,weighted_wcs_homogeneous,finite_k3,pi1_sweep,-2.3010299956639813,3.8,-2.451544993495972,-2.15051499783199,3.7,3.9,0.005,anomaly rate $\pi_1$,0.1,1000,0.005,,0.2179999999999999,0.2179999999999999,0.48,0.0920238095238095,-0.4865096207665369,0.0,0.981396984924623,100,finite_k3_pi1_sweep,statistical power
tikz-v1,figure2,power_atlas_r4_c3,$N_{eff}$ by anomaly rate,15,heatmap_cell,weighted_wcs_homogeneous,finite_k3,pi1_sweep,-2.3010299956639813,4.0,-2.451544993495972,-2.15051499783199,3.9,4.1,0.005,anomaly rate $\pi_1$,0.1,1000,0.005,,0.2299999999999999,0.2299999999999999,0.52,0.0873333333333333,-0.6532607660371458,0.0,0.9841929648241208,100,finite_k3_pi1_sweep,statistical power
tikz-v1,figure2,power_atlas_r4_c3,$N_{eff}$ by anomaly rate,15,heatmap_cell,weighted_wcs_homogeneous,finite_k3,pi1_sweep,-2.0,1.4,-2.15051499783199,-1.8494850021680092,1.3,1.5,0.01,anomaly rate $\pi_1$,0.1,1000,0.01,,0.0,0.0,0.0,0.0,1.591896354391209,0.98,0.9816515151515152,100,finite_k3_pi1_sweep,statistical power
tikz-v1,figure2,power_atlas_r4_c3,$N_{eff}$ by anomaly rate,15,heatmap_cell,weighted_wcs_homogeneous,finite_k3,pi1_sweep,-2.0,1.6,-2.15051499783199,-1.8494850021680092,1.5,1.7,0.01,anomaly rate $\pi_1$,0.1,1000,0.01,,0.006,0.006,0.03,0.0091666666666666,1.3872161432802643,0.95,0.9815767676767676,100,finite_k3_pi1_sweep,statistical power
tikz-v1,figure2,power_atlas_r4_c3,$N_{eff}$ by anomaly rate,15,heatmap_cell,weighted_wcs_homogeneous,finite_k3,pi1_sweep,-2.0,1.7999999999999998,-2.15051499783199,-1.8494850021680092,1.7,1.9,0.01,anomaly rate $\pi_1$,0.1,1000,0.01,,0.001,0.001,0.01,0.03,1.193820026016113,0.96,0.9834212121212124,100,finite_k3_pi1_sweep,statistical power
tikz-v1,figure2,power_atlas_r4_c3,$N_{eff}$ by anomaly rate,15,heatmap_cell,weighted_wcs_homogeneous,finite_k3,pi1_sweep,-2.0,2.0,-2.15051499783199,-1.8494850021680092,1.9,2.1,0.01,anomaly rate $\pi_1$,0.1,1000,0.01,,0.005,0.005,0.02,0.0069999999999999,0.9956786262173576,0.96,0.984542424242424,100,finite_k3_pi1_sweep,statistical power
tikz-v1,figure2,power_atlas_r4_c3,$N_{eff}$ by anomaly rate,15,heatmap_cell,weighted_wcs_homogeneous,finite_k3,pi1_sweep,-2.0,2.2,-2.15051499783199,-1.8494850021680092,2.1,2.3,0.01,anomaly rate $\pi_1$,0.1,1000,0.01,,0.0139999999999999,0.0139999999999999,0.05,0.0086666666666666,0.7802231372352895,0.88,0.9812888888888888,100,finite_k3_pi1_sweep,statistical power
tikz-v1,figure2,power_atlas_r4_c3,$N_{eff}$ by anomaly rate,15,heatmap_cell,weighted_wcs_homogeneous,finite_k3,pi1_sweep,-2.0,2.4,-2.15051499783199,-1.8494850021680092,2.3,2.5,0.01,anomaly rate $\pi_1$,0.1,1000,0.01,,0.015,0.015,0.07,0.0033333333333333,0.5734394310189864,0.87,0.9837999999999998,100,finite_k3_pi1_sweep,statistical power
tikz-v1,figure2,power_atlas_r4_c3,$N_{eff}$ by anomaly rate,15,heatmap_cell,weighted_wcs_homogeneous,finite_k3,pi1_sweep,-2.0,2.6,-2.15051499783199,-1.8494850021680092,2.5,2.7,0.01,anomaly rate $\pi_1$,0.1,1000,0.01,,0.022,0.022,0.09,0.0191666666666666,0.3990271043132517,0.8,0.9819979797979798,100,finite_k3_pi1_sweep,statistical power
tikz-v1,figure2,power_atlas_r4_c3,$N_{eff}$ by anomaly rate,15,heatmap_cell,weighted_wcs_homogeneous,finite_k3,pi1_sweep,-2.0,2.8,-2.15051499783199,-1.8494850021680092,2.7,2.9,0.01,anomaly rate $\pi_1$,0.1,1000,0.01,,0.03,0.03,0.14,0.0148571428571428,0.199282921717615,0.72,0.9823161616161618,100,finite_k3_pi1_sweep,statistical power
tikz-v1,figure2,power_atlas_r4_c3,$N_{eff}$ by anomaly rate,15,heatmap_cell,weighted_wcs_homogeneous,finite_k3,pi1_sweep,-2.0,3.0,-2.15051499783199,-1.8494850021680092,2.9,3.1,0.01,anomaly rate $\pi_1$,0.1,1000,0.01,,0.06,0.06,0.16,0.0375137085137085,-0.0004340774793186,0.43,0.9833343434343432,100,finite_k3_pi1_sweep,statistical power
tikz-v1,figure2,power_atlas_r4_c3,$N_{eff}$ by anomaly rate,15,heatmap_cell,weighted_wcs_homogeneous,finite_k3,pi1_sweep,-2.0,3.2,-2.15051499783199,-1.8494850021680092,3.1,3.3,0.01,anomaly rate $\pi_1$,0.1,1000,0.01,,0.121,0.121,0.35,0.054030303030303,-0.2003031829815849,0.07,0.9803525252525253,100,finite_k3_pi1_sweep,statistical power
tikz-v1,figure2,power_atlas_r4_c3,$N_{eff}$ by anomaly rate,15,heatmap_cell,weighted_wcs_homogeneous,finite_k3,pi1_sweep,-2.0,3.4,-2.15051499783199,-1.8494850021680092,3.3,3.5,0.01,anomaly rate $\pi_1$,0.1,1000,0.01,,0.174,0.174,0.43,0.0731190476190476,-0.400192488592576,0.0,0.9829676767676766,100,finite_k3_pi1_sweep,statistical power
tikz-v1,figure2,power_atlas_r4_c3,$N_{eff}$ by anomaly rate,15,heatmap_cell,weighted_wcs_homogeneous,finite_k3,pi1_sweep,-2.0,3.6,-2.15051499783199,-1.8494850021680092,3.5,3.7,0.01,anomaly rate $\pi_1$,0.1,1000,0.01,,0.267,0.267,0.64,0.0745066877566877,-0.6001012556913907,0.0,0.9846363636363636,100,finite_k3_pi1_sweep,statistical power
tikz-v1,figure2,power_atlas_r4_c3,$N_{eff}$ by anomaly rate,15,heatmap_cell,weighted_wcs_homogeneous,finite_k3,pi1_sweep,-2.0,3.8,-2.15051499783199,-1.8494850021680092,3.7,3.9,0.01,anomaly rate $\pi_1$,0.1,1000,0.01,,0.304,0.304,0.72,0.0912362914862914,-0.7543483357110188,0.0,0.9839,100,finite_k3_pi1_sweep,statistical power
tikz-v1,figure2,power_atlas_r4_c3,$N_{eff}$ by anomaly rate,15,heatmap_cell,weighted_wcs_homogeneous,finite_k3,pi1_sweep,-2.0,4.0,-2.15051499783199,-1.8494850021680092,3.9,4.1,0.01,anomaly rate $\pi_1$,0.1,1000,0.01,,0.3399999999999999,0.3399999999999999,0.85,0.0995515873015873,-0.9118796465654232,0.0,0.9832242424242424,100,finite_k3_pi1_sweep,statistical power
tikz-v1,figure2,power_atlas_r4_c3,$N_{eff}$ by anomaly rate,15,heatmap_cell,weighted_wcs_homogeneous,finite_k3,pi1_sweep,-1.6989700043360187,1.4,-1.8494850021680092,-1.5,1.3,1.5,0.02,anomaly rate $\pi_1$,0.1,1000,0.02,,0.005,0.005,0.03,0.0176984126984127,1.317587786286016,0.94,0.9822301020408164,100,finite_k3_pi1_sweep,statistical power
tikz-v1,figure2,power_atlas_r4_c3,$N_{eff}$ by anomaly rate,15,heatmap_cell,weighted_wcs_homogeneous,finite_k3,pi1_sweep,-1.6989700043360187,1.6,-1.8494850021680092,-1.5,1.5,1.7,0.02,anomaly rate $\pi_1$,0.1,1000,0.02,,0.0015,0.0015,0.02,0.018,1.1221598056800937,0.97,0.9834948979591838,100,finite_k3_pi1_sweep,statistical power
tikz-v1,figure2,power_atlas_r4_c3,$N_{eff}$ by anomaly rate,15,heatmap_cell,weighted_wcs_homogeneous,finite_k3,pi1_sweep,-1.6989700043360187,1.7999999999999998,-1.8494850021680092,-1.5,1.7,1.9,0.02,anomaly rate $\pi_1$,0.1,1000,0.02,,0.001,0.001,0.02,0.015,0.9214380245780766,0.97,0.9844785714285714,100,finite_k3_pi1_sweep,statistical power
tikz-v1,figure2,power_atlas_r4_c3,$N_{eff}$ by anomaly rate,15,heatmap_cell,weighted_wcs_homogeneous,finite_k3,pi1_sweep,-1.6989700043360187,2.0,-1.8494850021680092,-1.5,1.9,2.1,0.02,anomaly rate $\pi_1$,0.1,1000,0.02,,0.019,0.019,0.11,0.0302777777777777,0.6946486305533762,0.9,0.9838035714285712,100,finite_k3_pi1_sweep,statistical power
tikz-v1,figure2,power_atlas_r4_c3,$N_{eff}$ by anomaly rate,15,heatmap_cell,weighted_wcs_homogeneous,finite_k3,pi1_sweep,-1.6989700043360187,2.2,-1.8494850021680092,-1.5,2.1,2.3,0.02,anomaly rate $\pi_1$,0.1,1000,0.02,,0.013,0.013,0.06,0.0186666666666666,0.4975728800155673,0.87,0.985388775510204,100,finite_k3_pi1_sweep,statistical power
tikz-v1,figure2,power_atlas_r4_c3,$N_{eff}$ by anomaly rate,15,heatmap_cell,weighted_wcs_homogeneous,finite_k3,pi1_sweep,-1.6989700043360187,2.4,-1.8494850021680092,-1.5,2.3,2.5,0.02,anomaly rate $\pi_1$,0.1,1000,0.02,,0.0395,0.0395,0.16,0.0286681096681096,0.2975694635544746,0.79,0.983894897959184,100,finite_k3_pi1_sweep,statistical power
tikz-v1,figure2,power_atlas_r4_c3,$N_{eff}$ by anomaly rate,15,heatmap_cell,weighted_wcs_homogeneous,finite_k3,pi1_sweep,-1.6989700043360187,2.6,-1.8494850021680092,-1.5,2.5,2.7,0.02,anomaly rate $\pi_1$,0.1,1000,0.02,,0.0575,0.0575,0.22,0.0629137737262737,0.0979971086492705,0.77,0.9828617346938776,100,finite_k3_pi1_sweep,statistical power
tikz-v1,figure2,power_atlas_r4_c3,$N_{eff}$ by anomaly rate,15,heatmap_cell,weighted_wcs_homogeneous,finite_k3,pi1_sweep,-1.6989700043360187,2.8,-1.8494850021680092,-1.5,2.7,2.9,0.02,anomaly rate $\pi_1$,0.1,1000,0.02,,0.1404999999999999,0.1404999999999999,0.37,0.0606305957200694,-0.1017470739463662,0.23,0.9844214285714286,100,finite_k3_pi1_sweep,statistical power
tikz-v1,figure2,power_atlas_r4_c3,$N_{eff}$ by anomaly rate,15,heatmap_cell,weighted_wcs_homogeneous,finite_k3,pi1_sweep,-1.6989700043360187,3.0,-1.8494850021680092,-1.5,2.9,3.1,0.02,anomaly rate $\pi_1$,0.1,1000,0.02,,0.2264999999999999,0.2264999999999999,0.54,0.0683676414833402,-0.3014640731432998,0.0,0.983939285714286,100,finite_k3_pi1_sweep,statistical power
tikz-v1,figure2,power_atlas_r4_c3,$N_{eff}$ by anomaly rate,15,heatmap_cell,weighted_wcs_homogeneous,finite_k3,pi1_sweep,-1.6989700043360187,3.2,-1.8494850021680092,-1.5,3.1,3.3,0.02,anomaly rate $\pi_1$,0.1,1000,0.02,,0.2584999999999999,0.2584999999999999,0.58,0.0784537268287268,-0.4911756681800466,0.0,0.983563775510204,100,finite_k3_pi1_sweep,statistical power
tikz-v1,figure2,power_atlas_r4_c3,$N_{eff}$ by anomaly rate,15,heatmap_cell,weighted_wcs_homogeneous,finite_k3,pi1_sweep,-1.6989700043360187,3.4,-1.8494850021680092,-1.5,3.3,3.5,0.02,anomaly rate $\pi_1$,0.1,1000,0.02,,0.3675,0.3675,0.87,0.0758324852354836,-0.6733896196426943,0.0,0.9830413265306122,100,finite_k3_pi1_sweep,statistical power
tikz-v1,figure2,power_atlas_r4_c3,$N_{eff}$ by anomaly rate,15,heatmap_cell,weighted_wcs_homogeneous,finite_k3,pi1_sweep,-1.6989700043360187,3.6,-1.8494850021680092,-1.5,3.5,3.7,0.02,anomaly rate $\pi_1$,0.1,1000,0.02,,0.389,0.389,0.9,0.0662263944775554,-0.8553979966540689,0.0,0.9834729591836736,100,finite_k3_pi1_sweep,statistical power
tikz-v1,figure2,power_atlas_r4_c3,$N_{eff}$ by anomaly rate,15,heatmap_cell,weighted_wcs_homogeneous,finite_k3,pi1_sweep,-1.6989700043360187,3.8,-1.8494850021680092,-1.5,3.7,3.9,0.02,anomaly rate $\pi_1$,0.1,1000,0.02,,0.473,0.473,0.97,0.0993307507298791,-1.055378331375,0.0,0.9823484693877552,100,finite_k3_pi1_sweep,statistical power
tikz-v1,figure2,power_atlas_r4_c3,$N_{eff}$ by anomaly rate,15,heatmap_cell,weighted_wcs_homogeneous,finite_k3,pi1_sweep,-1.6989700043360187,4.0,-1.8494850021680092,-1.5,3.9,4.1,0.02,anomaly rate $\pi_1$,0.1,1000,0.02,,0.443,0.443,0.98,0.1006969898436616,-1.17819078764433,0.0,0.98227193877551,100,finite_k3_pi1_sweep,statistical power
tikz-v1,figure2,power_atlas_r4_c3,$N_{eff}$ by anomaly rate,15,heatmap_cell,weighted_wcs_homogeneous,finite_k3,pi1_sweep,-1.3010299956639813,1.4,-1.5,-1.1505149978319906,1.3,1.5,0.05,anomaly rate $\pi_1$,0.1,1000,0.05,,0.0096,0.0096,0.03,0.0072463768115942,0.9194404252010936,0.92,0.9827233684210526,100,finite_k3_pi1_sweep,statistical power
tikz-v1,figure2,power_atlas_r4_c3,$N_{eff}$ by anomaly rate,15,heatmap_cell,weighted_wcs_homogeneous,finite_k3,pi1_sweep,-1.3010299956639813,1.6,-1.5,-1.1505149978319906,1.5,1.7,0.05,anomaly rate $\pi_1$,0.1,1000,0.05,,0.0182,0.0182,0.07,0.0140492424242424,0.7328282715969862,0.92,0.982268,100,finite_k3_pi1_sweep,statistical power
tikz-v1,figure2,power_atlas_r4_c3,$N_{eff}$ by anomaly rate,15,heatmap_cell,weighted_wcs_homogeneous,finite_k3,pi1_sweep,-1.3010299956639813,1.7999999999999998,-1.5,-1.1505149978319906,1.7,1.9,0.05,anomaly rate $\pi_1$,0.1,1000,0.05,,0.0212,0.0212,0.1,0.018037518037518,0.5376020021010439,0.9,0.9830566315789472,100,finite_k3_pi1_sweep,statistical power
tikz-v1,figure2,power_atlas_r4_c3,$N_{eff}$ by anomaly rate,15,heatmap_cell,weighted_wcs_homogeneous,finite_k3,pi1_sweep,-1.3010299956639813,2.0,-1.5,-1.1505149978319906,1.9,2.1,0.05,anomaly rate $\pi_1$,0.1,1000,0.05,,0.0342,0.0342,0.11,0.0178367844745553,0.3186971841164878,0.82,0.9832471578947368,100,finite_k3_pi1_sweep,statistical power
tikz-v1,figure2,power_atlas_r4_c3,$N_{eff}$ by anomaly rate,15,heatmap_cell,weighted_wcs_homogeneous,finite_k3,pi1_sweep,-1.3010299956639813,2.2,-1.5,-1.1505149978319906,2.1,2.3,0.05,anomaly rate $\pi_1$,0.1,1000,0.05,,0.0635999999999999,0.0635999999999999,0.22,0.0352073087540478,0.1426675035687315,0.82,0.9841953684210526,100,finite_k3_pi1_sweep,statistical power
tikz-v1,figure2,power_atlas_r4_c3,$N_{eff}$ by anomaly rate,15,heatmap_cell,weighted_wcs_homogeneous,finite_k3,pi1_sweep,-1.3010299956639813,2.4,-1.5,-1.1505149978319906,2.3,2.5,0.05,anomaly rate $\pi_1$,0.1,1000,0.05,,0.1828,0.1828,0.35,0.0536695896456846,-0.1003705451175629,0.26,0.984617052631579,100,finite_k3_pi1_sweep,statistical power
tikz-v1,figure2,power_atlas_r4_c3,$N_{eff}$ by anomaly rate,15,heatmap_cell,weighted_wcs_homogeneous,finite_k3,pi1_sweep,-1.3010299956639813,2.6,-1.5,-1.1505149978319906,2.5,2.7,0.05,anomaly rate $\pi_1$,0.1,1000,0.05,,0.3094,0.3094,0.6,0.0711658625502985,-0.2865549974906582,0.01,0.9841341052631578,100,finite_k3_pi1_sweep,statistical power
tikz-v1,figure2,power_atlas_r4_c3,$N_{eff}$ by anomaly rate,15,heatmap_cell,weighted_wcs_homogeneous,finite_k3,pi1_sweep,-1.3010299956639813,2.8,-1.5,-1.1505149978319906,2.7,2.9,0.05,anomaly rate $\pi_1$,0.1,1000,0.05,,0.413,0.413,0.79,0.0784662561642909,-0.4931857250335613,0.0,0.9828903157894736,100,finite_k3_pi1_sweep,statistical power
tikz-v1,figure2,power_atlas_r4_c3,$N_{eff}$ by anomaly rate,15,heatmap_cell,weighted_wcs_homogeneous,finite_k3,pi1_sweep,-1.3010299956639813,3.0,-1.5,-1.1505149978319906,2.9,3.1,0.05,anomaly rate $\pi_1$,0.1,1000,0.05,,0.5134000000000001,0.5134000000000001,0.95,0.0810714292119806,-0.6994040818153374,0.0,0.9828949473684208,100,finite_k3_pi1_sweep,statistical power
tikz-v1,figure2,power_atlas_r4_c3,$N_{eff}$ by anomaly rate,15,heatmap_cell,weighted_wcs_homogeneous,finite_k3,pi1_sweep,-1.3010299956639813,3.2,-1.5,-1.1505149978319906,3.1,3.3,0.05,anomaly rate $\pi_1$,0.1,1000,0.05,,0.5536000000000001,0.5536000000000001,0.95,0.0819255269249247,-0.8936089924566568,0.0,0.9836296842105264,100,finite_k3_pi1_sweep,statistical power
tikz-v1,figure2,power_atlas_r4_c3,$N_{eff}$ by anomaly rate,15,heatmap_cell,weighted_wcs_homogeneous,finite_k3,pi1_sweep,-1.3010299956639813,3.4,-1.5,-1.1505149978319906,3.3,3.5,0.05,anomaly rate $\pi_1$,0.1,1000,0.05,,0.5864,0.5864,0.99,0.0856781393944366,-1.0534626049254554,0.0,0.9835711578947368,100,finite_k3_pi1_sweep,statistical power
tikz-v1,figure2,power_atlas_r4_c3,$N_{eff}$ by anomaly rate,15,heatmap_cell,weighted_wcs_homogeneous,finite_k3,pi1_sweep,-1.3010299956639813,3.6,-1.5,-1.1505149978319906,3.5,3.7,0.05,anomaly rate $\pi_1$,0.1,1000,0.05,,0.6154,0.6154,0.99,0.0961639126315919,-1.2533380053261065,0.0,0.9826890526315788,100,finite_k3_pi1_sweep,statistical power
tikz-v1,figure2,power_atlas_r4_c3,$N_{eff}$ by anomaly rate,15,heatmap_cell,weighted_wcs_homogeneous,finite_k3,pi1_sweep,-1.3010299956639813,3.8,-1.5,-1.1505149978319906,3.7,3.9,0.05,anomaly rate $\pi_1$,0.1,1000,0.05,,0.6092,0.6092,1.0,0.089854327398461,-1.4533183400470375,0.0,0.9829324210526316,100,finite_k3_pi1_sweep,statistical power
tikz-v1,figure2,power_atlas_r4_c3,$N_{eff}$ by anomaly rate,15,heatmap_cell,weighted_wcs_homogeneous,finite_k3,pi1_sweep,-1.3010299956639813,4.0,-1.5,-1.1505149978319906,3.9,4.1,0.05,anomaly rate $\pi_1$,0.1,1000,0.05,,0.6043999999999999,0.6043999999999999,1.0,0.0979693911786405,-1.5587827824770388,0.0,0.9821802105263155,100,finite_k3_pi1_sweep,statistical power
tikz-v1,figure2,power_atlas_r4_c3,$N_{eff}$ by anomaly rate,15,heatmap_cell,weighted_wcs_homogeneous,finite_k3,pi1_sweep,-1.0,1.4,-1.1505149978319906,-0.8494850021680094,1.3,1.5,0.1,anomaly rate $\pi_1$,0.1,1000,0.1,,0.021,0.021,0.1,0.0248145556550728,0.619788758288394,0.9,0.9834863333333332,100,finite_k3_pi1_sweep,statistical power
tikz-v1,figure2,power_atlas_r4_c3,$N_{eff}$ by anomaly rate,15,heatmap_cell,weighted_wcs_homogeneous,finite_k3,pi1_sweep,-1.0,1.6,-1.1505149978319906,-0.8494850021680094,1.5,1.7,0.1,anomaly rate $\pi_1$,0.1,1000,0.1,,0.0209,0.0209,0.11,0.0271311892386928,0.431798275933005,0.91,0.9836768888888888,100,finite_k3_pi1_sweep,statistical power
tikz-v1,figure2,power_atlas_r4_c3,$N_{eff}$ by anomaly rate,15,heatmap_cell,weighted_wcs_homogeneous,finite_k3,pi1_sweep,-1.0,1.7999999999999998,-1.1505149978319906,-0.8494850021680094,1.7,1.9,0.1,anomaly rate $\pi_1$,0.1,1000,0.1,,0.0764,0.0764,0.24,0.0377118754059159,0.2347219480162203,0.78,0.983469,100,finite_k3_pi1_sweep,statistical power
tikz-v1,figure2,power_atlas_r4_c3,$N_{eff}$ by anomaly rate,15,heatmap_cell,weighted_wcs_homogeneous,finite_k3,pi1_sweep,-1.0,2.0,-1.1505149978319906,-0.8494850021680094,1.9,2.1,0.1,anomaly rate $\pi_1$,0.1,1000,0.1,,0.1895,0.1895,0.41,0.0654676853813637,0.0040867803338809,0.5,0.9825755555555556,100,finite_k3_pi1_sweep,statistical power
tikz-v1,figure2,power_atlas_r4_c3,$N_{eff}$ by anomaly rate,15,heatmap_cell,weighted_wcs_homogeneous,finite_k3,pi1_sweep,-1.0,2.2,-1.1505149978319906,-0.8494850021680094,2.1,2.3,0.1,anomaly rate $\pi_1$,0.1,1000,0.1,,0.3359,0.3359,0.58,0.0670724610430824,-0.1819673811267596,0.12,0.9826314444444442,100,finite_k3_pi1_sweep,statistical power
tikz-v1,figure2,power_atlas_r4_c3,$N_{eff}$ by anomaly rate,15,heatmap_cell,weighted_wcs_homogeneous,finite_k3,pi1_sweep,-1.0,2.4,-1.1505149978319906,-0.8494850021680094,2.3,2.5,0.1,anomaly rate $\pi_1$,0.1,1000,0.1,,0.4847000000000001,0.4847000000000001,0.81,0.0683183969307357,-0.4014005407815441,0.0,0.9821714444444444,100,finite_k3_pi1_sweep,statistical power
tikz-v1,figure2,power_atlas_r4_c3,$N_{eff}$ by anomaly rate,15,heatmap_cell,weighted_wcs_homogeneous,finite_k3,pi1_sweep,-1.0,2.6,-1.1505149978319906,-0.8494850021680094,2.5,2.7,0.1,anomaly rate $\pi_1$,0.1,1000,0.1,,0.6025,0.6025,0.93,0.0765353988745459,-0.5840471274585541,0.0,0.9832695555555554,100,finite_k3_pi1_sweep,statistical power
tikz-v1,figure2,power_atlas_r4_c3,$N_{eff}$ by anomaly rate,15,heatmap_cell,weighted_wcs_homogeneous,finite_k3,pi1_sweep,-1.0,2.8,-1.1505149978319906,-0.8494850021680094,2.7,2.9,0.1,anomaly rate $\pi_1$,0.1,1000,0.1,,0.6515000000000001,0.6515000000000001,0.97,0.0790734392813647,-0.7708255253614116,0.0,0.9835495555555552,100,finite_k3_pi1_sweep,statistical power
tikz-v1,figure2,power_atlas_r4_c3,$N_{eff}$ by anomaly rate,15,heatmap_cell,weighted_wcs_homogeneous,finite_k3,pi1_sweep,-1.0,3.0,-1.1505149978319906,-0.8494850021680094,2.9,3.1,0.1,anomaly rate $\pi_1$,0.1,1000,0.1,,0.6874999999999999,0.6874999999999999,0.98,0.0826649465191363,-0.9778078560103968,0.0,0.983604,100,finite_k3_pi1_sweep,statistical power
tikz-v1,figure2,power_atlas_r4_c3,$N_{eff}$ by anomaly rate,15,heatmap_cell,weighted_wcs_homogeneous,finite_k3,pi1_sweep,-1.0,3.2,-1.1505149978319906,-0.8494850021680094,3.1,3.3,0.1,anomaly rate $\pi_1$,0.1,1000,0.1,,0.6984,0.6984,0.99,0.0900277326393562,-1.15926383118299,0.0,0.982784222222222,100,finite_k3_pi1_sweep,statistical power
tikz-v1,figure2,power_atlas_r4_c3,$N_{eff}$ by anomaly rate,15,heatmap_cell,weighted_wcs_homogeneous,finite_k3,pi1_sweep,-1.0,3.4,-1.1505149978319906,-0.8494850021680094,3.3,3.5,0.1,anomaly rate $\pi_1$,0.1,1000,0.1,,0.7182,0.7182,1.0,0.0935765961287972,-1.3544926005894364,0.0,0.9835608888888888,100,finite_k3_pi1_sweep,statistical power
tikz-v1,figure2,power_atlas_r4_c3,$N_{eff}$ by anomaly rate,15,heatmap_cell,weighted_wcs_homogeneous,finite_k3,pi1_sweep,-1.0,3.6,-1.1505149978319906,-0.8494850021680094,3.5,3.7,0.1,anomaly rate $\pi_1$,0.1,1000,0.1,,0.7001000000000001,0.7001000000000001,1.0,0.0903157613075122,-1.5543680009900875,0.0,0.9817732222222224,100,finite_k3_pi1_sweep,statistical power
tikz-v1,figure2,power_atlas_r4_c3,$N_{eff}$ by anomaly rate,15,heatmap_cell,weighted_wcs_homogeneous,finite_k3,pi1_sweep,-1.0,3.8,-1.1505149978319906,-0.8494850021680094,3.7,3.9,0.1,anomaly rate $\pi_1$,0.1,1000,0.1,,0.7268000000000001,0.7268000000000001,1.0,0.1005252703808922,-1.7315989937504113,0.0,0.9827078888888888,100,finite_k3_pi1_sweep,statistical power
tikz-v1,figure2,power_atlas_r4_c3,$N_{eff}$ by anomaly rate,15,heatmap_cell,weighted_wcs_homogeneous,finite_k3,pi1_sweep,-1.0,4.0,-1.1505149978319906,-0.8494850021680094,3.9,4.1,0.1,anomaly rate $\pi_1$,0.1,1000,0.1,,0.7280999999999999,0.7280999999999999,1.0,0.0902027454840801,-1.8451671523023871,0.0,0.9835623333333336,100,finite_k3_pi1_sweep,statistical power
tikz-v1,figure2,power_atlas_r4_c3,$N_{eff}$ by anomaly rate,15,heatmap_cell,weighted_wcs_homogeneous,finite_k3,pi1_sweep,-0.6989700043360187,1.4,-0.8494850021680094,-0.5484550065040281,1.3,1.5,0.2,anomaly rate $\pi_1$,0.1,1000,0.2,,0.0272,0.0272,0.09,0.0228388417990556,0.3187587626244127,0.91,0.983334875,100,finite_k3_pi1_sweep,statistical power
tikz-v1,figure2,power_atlas_r4_c3,$N_{eff}$ by anomaly rate,15,heatmap_cell,weighted_wcs_homogeneous,finite_k3,pi1_sweep,-0.6989700043360187,1.6,-0.8494850021680094,-0.5484550065040281,1.5,1.7,0.2,anomaly rate $\pi_1$,0.1,1000,0.2,,0.08915,0.08915,0.2,0.0354983304339525,0.1307682802690238,0.84,0.9823904375,100,finite_k3_pi1_sweep,statistical power
tikz-v1,figure2,power_atlas_r4_c3,$N_{eff}$ by anomaly rate,15,heatmap_cell,weighted_wcs_homogeneous,finite_k3,pi1_sweep,-0.6989700043360187,1.7999999999999998,-0.8494850021680094,-0.5484550065040281,1.7,1.9,0.2,anomaly rate $\pi_1$,0.1,1000,0.2,,0.2878499999999999,0.2878499999999999,0.51,0.0473560785566159,-0.069350361925435,0.35,0.9830274375,100,finite_k3_pi1_sweep,statistical power
tikz-v1,figure2,power_atlas_r4_c3,$N_{eff}$ by anomaly rate,15,heatmap_cell,weighted_wcs_homogeneous,finite_k3,pi1_sweep,-0.6989700043360187,2.0,-0.8494850021680094,-0.5484550065040281,1.9,2.1,0.2,anomaly rate $\pi_1$,0.1,1000,0.2,,0.54255,0.54255,0.8,0.0705384117374286,-0.2618447006621758,0.01,0.9828169375000002,100,finite_k3_pi1_sweep,statistical power
tikz-v1,figure2,power_atlas_r4_c3,$N_{eff}$ by anomaly rate,15,heatmap_cell,weighted_wcs_homogeneous,finite_k3,pi1_sweep,-0.6989700043360187,2.2,-0.8494850021680094,-0.5484550065040281,2.1,2.3,0.2,anomaly rate $\pi_1$,0.1,1000,0.2,,0.6943,0.6943,0.92,0.0746571754397963,-0.4593924877592308,0.0,0.9834370625,100,finite_k3_pi1_sweep,statistical power
tikz-v1,figure2,power_atlas_r4_c3,$N_{eff}$ by anomaly rate,15,heatmap_cell,weighted_wcs_homogeneous,finite_k3,pi1_sweep,-0.6989700043360187,2.4,-0.8494850021680094,-0.5484550065040281,2.3,2.5,0.2,anomaly rate $\pi_1$,0.1,1000,0.2,,0.73835,0.73835,0.96,0.0681474238618807,-0.6810097215617869,0.0,0.9838419375,100,finite_k3_pi1_sweep,statistical power
tikz-v1,figure2,power_atlas_r4_c3,$N_{eff}$ by anomaly rate,15,heatmap_cell,weighted_wcs_homogeneous,finite_k3,pi1_sweep,-0.6989700043360187,2.6,-0.8494850021680094,-0.5484550065040281,2.5,2.7,0.2,anomaly rate $\pi_1$,0.1,1000,0.2,,0.78145,0.78145,0.98,0.0752297413391709,-0.8640348102624525,0.0,0.9837749999999998,100,finite_k3_pi1_sweep,statistical power
tikz-v1,figure2,power_atlas_r4_c3,$N_{eff}$ by anomaly rate,15,heatmap_cell,weighted_wcs_homogeneous,finite_k3,pi1_sweep,-0.6989700043360187,2.8,-0.8494850021680094,-0.5484550065040281,2.7,2.9,0.2,anomaly rate $\pi_1$,0.1,1000,0.2,,0.802,0.802,1.0,0.0804891574768513,-1.0561422620590524,0.0,0.98278775,100,finite_k3_pi1_sweep,statistical power
tikz-v1,figure2,power_atlas_r4_c3,$N_{eff}$ by anomaly rate,15,heatmap_cell,weighted_wcs_homogeneous,finite_k3,pi1_sweep,-0.6989700043360187,3.0,-0.8494850021680094,-0.5484550065040281,2.9,3.1,0.2,anomaly rate $\pi_1$,0.1,1000,0.2,,0.7989499999999999,0.7989499999999999,1.0,0.0793876670306105,-1.2802595982184606,0.0,0.982273875,100,finite_k3_pi1_sweep,statistical power
tikz-v1,figure2,power_atlas_r4_c3,$N_{eff}$ by anomaly rate,15,heatmap_cell,weighted_wcs_homogeneous,finite_k3,pi1_sweep,-0.6989700043360187,3.2,-0.8494850021680094,-0.5484550065040281,3.1,3.3,0.2,anomaly rate $\pi_1$,0.1,1000,0.2,,0.8022499999999999,0.8022499999999999,1.0,0.0762812598591003,-1.4774513547871166,0.0,0.9822744375,100,finite_k3_pi1_sweep,statistical power
tikz-v1,figure2,power_atlas_r4_c3,$N_{eff}$ by anomaly rate,15,heatmap_cell,weighted_wcs_homogeneous,finite_k3,pi1_sweep,-0.6989700043360187,3.4,-0.8494850021680094,-0.5484550065040281,3.3,3.5,0.2,anomaly rate $\pi_1$,0.1,1000,0.2,,0.81525,0.81525,1.0,0.0776498208089925,-1.6555225962534177,0.0,0.9827741875,100,finite_k3_pi1_sweep,statistical power
tikz-v1,figure2,power_atlas_r4_c3,$N_{eff}$ by anomaly rate,15,heatmap_cell,weighted_wcs_homogeneous,finite_k3,pi1_sweep,-0.6989700043360187,3.6,-0.8494850021680094,-0.5484550065040281,3.5,3.7,0.2,anomaly rate $\pi_1$,0.1,1000,0.2,,0.8089999999999999,0.8089999999999999,1.0,0.0804427591131161,-1.8553979966540688,0.0,0.9828119375,100,finite_k3_pi1_sweep,statistical power
tikz-v1,figure2,power_atlas_r4_c3,$N_{eff}$ by anomaly rate,15,heatmap_cell,weighted_wcs_homogeneous,finite_k3,pi1_sweep,-0.6989700043360187,3.8,-0.8494850021680094,-0.5484550065040281,3.7,3.9,0.2,anomaly rate $\pi_1$,0.1,1000,0.2,,0.8142500000000001,0.8142500000000001,1.0,0.0789158584590996,-2.012880267161328,0.0,0.9834989375,100,finite_k3_pi1_sweep,statistical power
tikz-v1,figure2,power_atlas_r4_c3,$N_{eff}$ by anomaly rate,15,heatmap_cell,weighted_wcs_homogeneous,finite_k3,pi1_sweep,-0.6989700043360187,4.0,-0.8494850021680094,-0.5484550065040281,3.9,4.1,0.2,anomaly rate $\pi_1$,0.1,1000,0.2,,0.8143500000000001,0.8143500000000001,1.0,0.0821594281022523,-2.146190073315927,0.0,0.9830765,100,finite_k3_pi1_sweep,statistical power
tikz-v1,figure2,power_atlas_r1_c4,$N_{eff}$ by FDR level,4,heatmap_cell,weighted_wcs_homogeneous,perfect,alpha_sweep,-2.0,1.4,-2.1989700043360187,-1.8010299956639813,1.3,1.5,0.01,nominal FDR $\alpha$,0.01,1000,0.05,,0.0132,0.0132,0.06,0.0022424242424242,1.9208187539523751,0.98,1.0,100,perfect_alpha_sweep,statistical power
tikz-v1,figure2,power_atlas_r1_c4,$N_{eff}$ by FDR level,4,heatmap_cell,weighted_wcs_homogeneous,perfect,alpha_sweep,-2.0,1.6,-2.1989700043360187,-1.8010299956639813,1.5,1.7,0.01,nominal FDR $\alpha$,0.01,1000,0.05,,0.0016,0.0016,0.02,0.0,1.7153669383950672,1.0,1.0,100,perfect_alpha_sweep,statistical power
tikz-v1,figure2,power_atlas_r1_c4,$N_{eff}$ by FDR level,4,heatmap_cell,weighted_wcs_homogeneous,perfect,alpha_sweep,-2.0,1.7999999999999998,-2.1989700043360187,-1.8010299956639813,1.7,1.9,0.01,nominal FDR $\alpha$,0.01,1000,0.05,,0.0054,0.0054,0.03,0.0,1.5333866137610568,0.98,1.0,100,perfect_alpha_sweep,statistical power
tikz-v1,figure2,power_atlas_r1_c4,$N_{eff}$ by FDR level,4,heatmap_cell,weighted_wcs_homogeneous,perfect,alpha_sweep,-2.0,2.0,-2.1989700043360187,-1.8010299956639813,1.9,2.1,0.01,nominal FDR $\alpha$,0.01,1000,0.05,,0.0032,0.0032,0.02,0.0021428571428571,1.3419886033428876,0.99,1.0,100,perfect_alpha_sweep,statistical power
tikz-v1,figure2,power_atlas_r1_c4,$N_{eff}$ by FDR level,4,heatmap_cell,weighted_wcs_homogeneous,perfect,alpha_sweep,-2.0,2.2,-2.1989700043360187,-1.8010299956639813,2.1,2.3,0.01,nominal FDR $\alpha$,0.01,1000,0.05,,0.0194,0.0194,0.06,0.0021929824561403,1.1173438054736222,0.96,1.0,100,perfect_alpha_sweep,statistical power
tikz-v1,figure2,power_atlas_r1_c4,$N_{eff}$ by FDR level,4,heatmap_cell,weighted_wcs_homogeneous,perfect,alpha_sweep,-2.0,2.4,-2.1989700043360187,-1.8010299956639813,2.3,2.5,0.01,nominal FDR $\alpha$,0.01,1000,0.05,,0.036,0.036,0.11,0.0011111111111111,0.9367601834010784,0.94,1.0,100,perfect_alpha_sweep,statistical power
tikz-v1,figure2,power_atlas_r1_c4,$N_{eff}$ by FDR level,4,heatmap_cell,weighted_wcs_homogeneous,perfect,alpha_sweep,-2.0,2.6,-2.1989700043360187,-1.8010299956639813,2.5,2.7,0.01,nominal FDR $\alpha$,0.01,1000,0.05,,0.0232,0.0232,0.07,0.0005263157894736,0.7304690280783216,0.96,1.0,100,perfect_alpha_sweep,statistical power
tikz-v1,figure2,power_atlas_r1_c4,$N_{eff}$ by FDR level,4,heatmap_cell,weighted_wcs_homogeneous,perfect,alpha_sweep,-2.0,2.8,-2.1989700043360187,-1.8010299956639813,2.7,2.9,0.01,nominal FDR $\alpha$,0.01,1000,0.05,,0.076,0.076,0.21,0.0027363834422657,0.5163404535740291,0.9,1.0,100,perfect_alpha_sweep,statistical power
tikz-v1,figure2,power_atlas_r1_c4,$N_{eff}$ by FDR level,4,heatmap_cell,weighted_wcs_homogeneous,perfect,alpha_sweep,-2.0,3.0,-2.1989700043360187,-1.8010299956639813,2.9,3.1,0.01,nominal FDR $\alpha$,0.01,1000,0.05,,0.1432,0.1432,0.29,0.0014799880525686,0.3005959181846626,0.84,1.0,100,perfect_alpha_sweep,statistical power
tikz-v1,figure2,power_atlas_r1_c4,$N_{eff}$ by FDR level,4,heatmap_cell,weighted_wcs_homogeneous,perfect,alpha_sweep,-2.0,3.2,-2.1989700043360187,-1.8010299956639813,3.1,3.3,0.01,nominal FDR $\alpha$,0.01,1000,0.05,,0.2309999999999999,0.2309999999999999,0.38,0.0050298734182197,0.1116425346971617,0.79,1.0,100,perfect_alpha_sweep,statistical power
tikz-v1,figure2,power_atlas_r1_c4,$N_{eff}$ by FDR level,4,heatmap_cell,weighted_wcs_homogeneous,perfect,alpha_sweep,-2.0,3.4,-2.1989700043360187,-1.8010299956639813,3.3,3.5,0.01,nominal FDR $\alpha$,0.01,1000,0.05,,0.759,0.759,0.89,0.0061098606451106,-0.0534626049254553,0.37,1.0,100,perfect_alpha_sweep,statistical power
tikz-v1,figure2,power_atlas_r1_c4,$N_{eff}$ by FDR level,4,heatmap_cell,weighted_wcs_homogeneous,perfect,alpha_sweep,-2.0,3.6,-2.1989700043360187,-1.8010299956639813,3.5,3.7,0.01,nominal FDR $\alpha$,0.01,1000,0.05,,0.8856,0.8856,0.93,0.0072557170909191,-0.2533380053261064,0.01,1.0,100,perfect_alpha_sweep,statistical power
tikz-v1,figure2,power_atlas_r1_c4,$N_{eff}$ by FDR level,4,heatmap_cell,weighted_wcs_homogeneous,perfect,alpha_sweep,-2.0,3.8,-2.1989700043360187,-1.8010299956639813,3.7,3.9,0.01,nominal FDR $\alpha$,0.01,1000,0.05,,0.9816,0.9816,0.99,0.0074298827223196,-0.4533183400470376,0.0,1.0,100,perfect_alpha_sweep,statistical power
tikz-v1,figure2,power_atlas_r1_c4,$N_{eff}$ by FDR level,4,heatmap_cell,weighted_wcs_homogeneous,perfect,alpha_sweep,-2.0,4.0,-2.1989700043360187,-1.8010299956639813,3.9,4.1,0.01,nominal FDR $\alpha$,0.01,1000,0.05,,1.0,1.0,1.0,0.0084087481146304,-0.5441300819879646,0.0,1.0,100,perfect_alpha_sweep,statistical power
tikz-v1,figure2,power_atlas_r1_c4,$N_{eff}$ by FDR level,4,heatmap_cell,weighted_wcs_homogeneous,perfect,alpha_sweep,-1.6020599913279625,1.4,-1.8010299956639813,-1.451544993495972,1.3,1.5,0.025,nominal FDR $\alpha$,0.025,1000,0.05,,0.0086,0.0086,0.03,0.0004761904761904,1.5228787452803374,0.98,1.0,100,perfect_alpha_sweep,statistical power
tikz-v1,figure2,power_atlas_r1_c4,$N_{eff}$ by FDR level,4,heatmap_cell,weighted_wcs_homogeneous,perfect,alpha_sweep,-1.6020599913279625,1.6,-1.8010299956639813,-1.451544993495972,1.5,1.7,0.025,nominal FDR $\alpha$,0.025,1000,0.05,,0.0064,0.0064,0.03,0.0005555555555555,1.3348882629249486,0.99,1.0,100,perfect_alpha_sweep,statistical power
tikz-v1,figure2,power_atlas_r1_c4,$N_{eff}$ by FDR level,4,heatmap_cell,weighted_wcs_homogeneous,perfect,alpha_sweep,-1.6020599913279625,1.7999999999999998,-1.8010299956639813,-1.451544993495972,1.7,1.9,0.025,nominal FDR $\alpha$,0.025,1000,0.05,,0.0064,0.0064,0.02,0.0,1.134060735938712,0.98,1.0,100,perfect_alpha_sweep,statistical power
tikz-v1,figure2,power_atlas_r1_c4,$N_{eff}$ by FDR level,4,heatmap_cell,weighted_wcs_homogeneous,perfect,alpha_sweep,-1.6020599913279625,2.0,-1.8010299956639813,-1.451544993495972,1.9,2.1,0.025,nominal FDR $\alpha$,0.025,1000,0.05,,0.0226,0.0226,0.07,0.0039180194805194,0.9014903193861986,0.92,1.0,100,perfect_alpha_sweep,statistical power
tikz-v1,figure2,power_atlas_r1_c4,$N_{eff}$ by FDR level,4,heatmap_cell,weighted_wcs_homogeneous,perfect,alpha_sweep,-1.6020599913279625,2.2,-1.8010299956639813,-1.451544993495972,2.1,2.3,0.025,nominal FDR $\alpha$,0.025,1000,0.05,,0.0492,0.0492,0.14,0.0069589945159205,0.7016928626714921,0.94,1.0,100,perfect_alpha_sweep,statistical power
tikz-v1,figure2,power_atlas_r1_c4,$N_{eff}$ by FDR level,4,heatmap_cell,weighted_wcs_homogeneous,perfect,alpha_sweep,-1.6020599913279625,2.4,-1.8010299956639813,-1.451544993495972,2.3,2.5,0.025,nominal FDR $\alpha$,0.025,1000,0.05,,0.098,0.098,0.23,0.0093600817079077,0.5016894462103995,0.9,1.0,100,perfect_alpha_sweep,statistical power
tikz-v1,figure2,power_atlas_r1_c4,$N_{eff}$ by FDR level,4,heatmap_cell,weighted_wcs_homogeneous,perfect,alpha_sweep,-1.6020599913279625,2.6,-1.8010299956639813,-1.451544993495972,2.5,2.7,0.025,nominal FDR $\alpha$,0.025,1000,0.05,,0.1467999999999999,0.1467999999999999,0.32,0.0097338429223771,0.3021170913051953,0.81,1.0,100,perfect_alpha_sweep,statistical power
tikz-v1,figure2,power_atlas_r1_c4,$N_{eff}$ by FDR level,4,heatmap_cell,weighted_wcs_homogeneous,perfect,alpha_sweep,-1.6020599913279625,2.8,-1.8010299956639813,-1.451544993495972,2.7,2.9,0.025,nominal FDR $\alpha$,0.025,1000,0.05,,0.3078,0.3078,0.5,0.0154185782935123,0.1270537072430182,0.79,1.0,100,perfect_alpha_sweep,statistical power
tikz-v1,figure2,power_atlas_r1_c4,$N_{eff}$ by FDR level,4,heatmap_cell,weighted_wcs_homogeneous,perfect,alpha_sweep,-1.6020599913279625,3.0,-1.8010299956639813,-1.451544993495972,2.9,3.1,0.025,nominal FDR $\alpha$,0.025,1000,0.05,,0.7325999999999999,0.7325999999999999,0.85,0.0171487296661809,-0.0834886893472372,0.3,1.0,100,perfect_alpha_sweep,statistical power
tikz-v1,figure2,power_atlas_r1_c4,$N_{eff}$ by FDR level,4,heatmap_cell,weighted_wcs_homogeneous,perfect,alpha_sweep,-1.6020599913279625,3.2,-1.8010299956639813,-1.451544993495972,3.1,3.3,0.025,nominal FDR $\alpha$,0.025,1000,0.05,,0.8792,0.8792,0.94,0.0197957142968649,-0.2972131959896414,0.0,1.0,100,perfect_alpha_sweep,statistical power
tikz-v1,figure2,power_atlas_r1_c4,$N_{eff}$ by FDR level,4,heatmap_cell,weighted_wcs_homogeneous,perfect,alpha_sweep,-1.6020599913279625,3.4,-1.8010299956639813,-1.451544993495972,3.3,3.5,0.025,nominal FDR $\alpha$,0.025,1000,0.05,,0.9828,0.9828,1.0,0.018733971334848,-0.4514026135974929,0.0,1.0,100,perfect_alpha_sweep,statistical power
tikz-v1,figure2,power_atlas_r1_c4,$N_{eff}$ by FDR level,4,heatmap_cell,weighted_wcs_homogeneous,perfect,alpha_sweep,-1.6020599913279625,3.6,-1.8010299956639813,-1.451544993495972,3.5,3.7,0.025,nominal FDR $\alpha$,0.025,1000,0.05,,0.9758,0.9758,0.98,0.0168303477301257,-0.651278013998144,0.0,1.0,100,perfect_alpha_sweep,statistical power
tikz-v1,figure2,power_atlas_r1_c4,$N_{eff}$ by FDR level,4,heatmap_cell,weighted_wcs_homogeneous,perfect,alpha_sweep,-1.6020599913279625,3.8,-1.8010299956639813,-1.451544993495972,3.7,3.9,0.025,nominal FDR $\alpha$,0.025,1000,0.05,,0.9988,0.9988,1.0,0.019804307129751,-0.8512583487190752,0.0,1.0,100,perfect_alpha_sweep,statistical power
tikz-v1,figure2,power_atlas_r1_c4,$N_{eff}$ by FDR level,4,heatmap_cell,weighted_wcs_homogeneous,perfect,alpha_sweep,-1.6020599913279625,4.0,-1.8010299956639813,-1.451544993495972,3.9,4.1,0.025,nominal FDR $\alpha$,0.025,1000,0.05,,1.0,1.0,1.0,0.0227419762380916,-0.9437875343435338,0.0,1.0,100,perfect_alpha_sweep,statistical power
tikz-v1,figure2,power_atlas_r1_c4,$N_{eff}$ by FDR level,4,heatmap_cell,weighted_wcs_homogeneous,perfect,alpha_sweep,-1.3010299956639813,1.4,-1.451544993495972,-1.1505149978319906,1.3,1.5,0.05,nominal FDR $\alpha$,0.05,1000,0.05,,0.0204,0.0204,0.05,0.0051236772486772,1.2218487496163564,0.95,1.0,100,perfect_alpha_sweep,statistical power
tikz-v1,figure2,power_atlas_r1_c4,$N_{eff}$ by FDR level,4,heatmap_cell,weighted_wcs_homogeneous,perfect,alpha_sweep,-1.3010299956639813,1.6,-1.451544993495972,-1.1505149978319906,1.5,1.7,0.05,nominal FDR $\alpha$,0.05,1000,0.05,,0.0166,0.0166,0.06,0.0047569892473118,1.0338582672609673,0.96,1.0,100,perfect_alpha_sweep,statistical power
tikz-v1,figure2,power_atlas_r1_c4,$N_{eff}$ by FDR level,4,heatmap_cell,weighted_wcs_homogeneous,perfect,alpha_sweep,-1.3010299956639813,1.7999999999999998,-1.451544993495972,-1.1505149978319906,1.7,1.9,0.05,nominal FDR $\alpha$,0.05,1000,0.05,,0.0208,0.0208,0.05,0.0041314935064935,0.8101030815692856,0.96,1.0,100,perfect_alpha_sweep,statistical power
tikz-v1,figure2,power_atlas_r1_c4,$N_{eff}$ by FDR level,4,heatmap_cell,weighted_wcs_homogeneous,perfect,alpha_sweep,-1.3010299956639813,2.0,-1.451544993495972,-1.1505149978319906,1.9,2.1,0.05,nominal FDR $\alpha$,0.05,1000,0.05,,0.0394,0.0394,0.11,0.0074641608391608,0.6430185990068689,0.94,1.0,100,perfect_alpha_sweep,statistical power
tikz-v1,figure2,power_atlas_r1_c4,$N_{eff}$ by FDR level,4,heatmap_cell,weighted_wcs_homogeneous,perfect,alpha_sweep,-1.3010299956639813,2.2,-1.451544993495972,-1.1505149978319906,2.1,2.3,0.05,nominal FDR $\alpha$,0.05,1000,0.05,,0.1058,0.1058,0.22,0.0201919044460165,0.4006628670075109,0.8,1.0,100,perfect_alpha_sweep,statistical power
tikz-v1,figure2,power_atlas_r1_c4,$N_{eff}$ by FDR level,4,heatmap_cell,weighted_wcs_homogeneous,perfect,alpha_sweep,-1.3010299956639813,2.4,-1.451544993495972,-1.1505149978319906,2.3,2.5,0.05,nominal FDR $\alpha$,0.05,1000,0.05,,0.2144,0.2144,0.37,0.0227923551746031,0.2006594505464182,0.75,1.0,100,perfect_alpha_sweep,statistical power
tikz-v1,figure2,power_atlas_r1_c4,$N_{eff}$ by FDR level,4,heatmap_cell,weighted_wcs_homogeneous,perfect,alpha_sweep,-1.3010299956639813,2.6,-1.451544993495972,-1.1505149978319906,2.5,2.7,0.05,nominal FDR $\alpha$,0.05,1000,0.05,,0.5408000000000001,0.5408000000000001,0.7,0.0379043670979553,0.0010870956412141,0.58,1.0,100,perfect_alpha_sweep,statistical power
tikz-v1,figure2,power_atlas_r1_c4,$N_{eff}$ by FDR level,4,heatmap_cell,weighted_wcs_homogeneous,perfect,alpha_sweep,-1.3010299956639813,2.8,-1.451544993495972,-1.1505149978319906,2.7,2.9,0.05,nominal FDR $\alpha$,0.05,1000,0.05,,0.7956,0.7956,0.87,0.0319598614870102,-0.1742868197666689,0.06,1.0,100,perfect_alpha_sweep,statistical power
tikz-v1,figure2,power_atlas_r1_c4,$N_{eff}$ by FDR level,4,heatmap_cell,weighted_wcs_homogeneous,perfect,alpha_sweep,-1.3010299956639813,3.0,-1.451544993495972,-1.1505149978319906,2.9,3.1,0.05,nominal FDR $\alpha$,0.05,1000,0.05,,0.9088,0.9088,0.95,0.0353271429120945,-0.3947261902211497,0.0,1.0,100,perfect_alpha_sweep,statistical power
tikz-v1,figure2,power_atlas_r1_c4,$N_{eff}$ by FDR level,4,heatmap_cell,weighted_wcs_homogeneous,perfect,alpha_sweep,-1.3010299956639813,3.2,-1.451544993495972,-1.1505149978319906,3.1,3.3,0.05,nominal FDR $\alpha$,0.05,1000,0.05,,0.9536,0.9536,0.97,0.0388242218843193,-0.5982431916536226,0.0,1.0,100,perfect_alpha_sweep,statistical power
tikz-v1,figure2,power_atlas_r1_c4,$N_{eff}$ by FDR level,4,heatmap_cell,weighted_wcs_homogeneous,perfect,alpha_sweep,-1.3010299956639813,3.4,-1.451544993495972,-1.1505149978319906,3.3,3.5,0.05,nominal FDR $\alpha$,0.05,1000,0.05,,0.9974,0.9974,1.0,0.0450652307967922,-0.7524326092614742,0.0,1.0,100,perfect_alpha_sweep,statistical power
tikz-v1,figure2,power_atlas_r1_c4,$N_{eff}$ by FDR level,4,heatmap_cell,weighted_wcs_homogeneous,perfect,alpha_sweep,-1.3010299956639813,3.6,-1.451544993495972,-1.1505149978319906,3.5,3.7,0.05,nominal FDR $\alpha$,0.05,1000,0.05,,0.9992,0.9992,1.0,0.0510061317246646,-0.9523080096621253,0.0,1.0,100,perfect_alpha_sweep,statistical power
tikz-v1,figure2,power_atlas_r1_c4,$N_{eff}$ by FDR level,4,heatmap_cell,weighted_wcs_homogeneous,perfect,alpha_sweep,-1.3010299956639813,3.8,-1.451544993495972,-1.1505149978319906,3.7,3.9,0.05,nominal FDR $\alpha$,0.05,1000,0.05,,1.0,1.0,1.0,0.0432636904034584,-1.1457529461697749,0.0,1.0,100,perfect_alpha_sweep,statistical power
tikz-v1,figure2,power_atlas_r1_c4,$N_{eff}$ by FDR level,4,heatmap_cell,weighted_wcs_homogeneous,perfect,alpha_sweep,-1.3010299956639813,4.0,-1.451544993495972,-1.1505149978319906,3.9,4.1,0.05,nominal FDR $\alpha$,0.05,1000,0.05,,1.0,1.0,1.0,0.0505330348118004,-1.2493519917028242,0.0,1.0,100,perfect_alpha_sweep,statistical power
tikz-v1,figure2,power_atlas_r1_c4,$N_{eff}$ by FDR level,4,heatmap_cell,weighted_wcs_homogeneous,perfect,alpha_sweep,-1.0,1.4,-1.1505149978319906,-0.8494850021680094,1.3,1.5,0.1,nominal FDR $\alpha$,0.1,1000,0.05,,0.0213999999999999,0.0213999999999999,0.06,0.0245247622001654,0.9198393228480404,0.92,1.0,100,perfect_alpha_sweep,statistical power
tikz-v1,figure2,power_atlas_r1_c4,$N_{eff}$ by FDR level,4,heatmap_cell,weighted_wcs_homogeneous,perfect,alpha_sweep,-1.0,1.6,-1.1505149978319906,-0.8494850021680094,1.5,1.7,0.1,nominal FDR $\alpha$,0.1,1000,0.05,,0.0384,0.0384,0.1,0.017287768168775,0.7248632346922798,0.92,1.0,100,perfect_alpha_sweep,statistical power
tikz-v1,figure2,power_atlas_r1_c4,$N_{eff}$ by FDR level,4,heatmap_cell,weighted_wcs_homogeneous,perfect,alpha_sweep,-1.0,1.7999999999999998,-1.1505149978319906,-0.8494850021680094,1.7,1.9,0.1,nominal FDR $\alpha$,0.1,1000,0.05,,0.0812,0.0812,0.16,0.0249637128887158,0.499691118441359,0.85,1.0,100,perfect_alpha_sweep,statistical power
tikz-v1,figure2,power_atlas_r1_c4,$N_{eff}$ by FDR level,4,heatmap_cell,weighted_wcs_homogeneous,perfect,alpha_sweep,-1.0,2.0,-1.1505149978319906,-0.8494850021680094,1.9,2.1,0.1,nominal FDR $\alpha$,0.1,1000,0.05,,0.1538,0.1538,0.32,0.0417570154800571,0.3109099602019385,0.81,1.0,100,perfect_alpha_sweep,statistical power
tikz-v1,figure2,power_atlas_r1_c4,$N_{eff}$ by FDR level,4,heatmap_cell,weighted_wcs_homogeneous,perfect,alpha_sweep,-1.0,2.2,-1.1505149978319906,-0.8494850021680094,2.1,2.3,0.1,nominal FDR $\alpha$,0.1,1000,0.05,,0.3312,0.3312,0.49,0.0561101273637412,0.1426675035687315,0.82,1.0,100,perfect_alpha_sweep,statistical power
tikz-v1,figure2,power_atlas_r1_c4,$N_{eff}$ by FDR level,4,heatmap_cell,weighted_wcs_homogeneous,perfect,alpha_sweep,-1.0,2.4,-1.1505149978319906,-0.8494850021680094,2.3,2.5,0.1,nominal FDR $\alpha$,0.1,1000,0.05,,0.7454,0.7454,0.84,0.080572154581507,-0.0671135718355703,0.28,1.0,100,perfect_alpha_sweep,statistical power
tikz-v1,figure2,power_atlas_r1_c4,$N_{eff}$ by FDR level,4,heatmap_cell,weighted_wcs_homogeneous,perfect,alpha_sweep,-1.0,2.6,-1.1505149978319906,-0.8494850021680094,2.5,2.7,0.1,nominal FDR $\alpha$,0.1,1000,0.05,,0.8602,0.8602,0.91,0.0734780064771531,-0.2999429000227671,0.0,1.0,100,perfect_alpha_sweep,statistical power
tikz-v1,figure2,power_atlas_r1_c4,$N_{eff}$ by FDR level,4,heatmap_cell,weighted_wcs_homogeneous,perfect,alpha_sweep,-1.0,2.8,-1.1505149978319906,-0.8494850021680094,2.7,2.9,0.1,nominal FDR $\alpha$,0.1,1000,0.05,,0.9456,0.9456,0.97,0.0858710320113784,-0.4894620161977467,0.0,1.0,100,perfect_alpha_sweep,statistical power
tikz-v1,figure2,power_atlas_r1_c4,$N_{eff}$ by FDR level,4,heatmap_cell,weighted_wcs_homogeneous,perfect,alpha_sweep,-1.0,3.0,-1.1505149978319906,-0.8494850021680094,2.9,3.1,0.1,nominal FDR $\alpha$,0.1,1000,0.05,,0.99,0.99,1.0,0.0811292072156347,-0.6994040818153374,0.0,1.0,100,perfect_alpha_sweep,statistical power
tikz-v1,figure2,power_atlas_r1_c4,$N_{eff}$ by FDR level,4,heatmap_cell,weighted_wcs_homogeneous,perfect,alpha_sweep,-1.0,3.2,-1.1505149978319906,-0.8494850021680094,3.1,3.3,0.1,nominal FDR $\alpha$,0.1,1000,0.05,,0.9958,0.9958,1.0,0.0917402925426032,-0.8726578032548046,0.0,1.0,100,perfect_alpha_sweep,statistical power
tikz-v1,figure2,power_atlas_r1_c4,$N_{eff}$ by FDR level,4,heatmap_cell,weighted_wcs_homogeneous,perfect,alpha_sweep,-1.0,3.4,-1.1505149978319906,-0.8494850021680094,3.3,3.5,0.1,nominal FDR $\alpha$,0.1,1000,0.05,,0.9996,0.9996,1.0,0.0899340965403321,-1.0534626049254554,0.0,1.0,100,perfect_alpha_sweep,statistical power
tikz-v1,figure2,power_atlas_r1_c4,$N_{eff}$ by FDR level,4,heatmap_cell,weighted_wcs_homogeneous,perfect,alpha_sweep,-1.0,3.6,-1.1505149978319906,-0.8494850021680094,3.5,3.7,0.1,nominal FDR $\alpha$,0.1,1000,0.05,,1.0,1.0,1.0,0.1007111334461913,-1.2533380053261065,0.0,1.0,100,perfect_alpha_sweep,statistical power
tikz-v1,figure2,power_atlas_r1_c4,$N_{eff}$ by FDR level,4,heatmap_cell,weighted_wcs_homogeneous,perfect,alpha_sweep,-1.0,3.8,-1.1505149978319906,-0.8494850021680094,3.7,3.9,0.1,nominal FDR $\alpha$,0.1,1000,0.05,,1.0,1.0,1.0,0.0945795454158825,-1.443302907622753,0.0,1.0,100,perfect_alpha_sweep,statistical power
tikz-v1,figure2,power_atlas_r1_c4,$N_{eff}$ by FDR level,4,heatmap_cell,weighted_wcs_homogeneous,perfect,alpha_sweep,-1.0,4.0,-1.1505149978319906,-0.8494850021680094,3.9,4.1,0.1,nominal FDR $\alpha$,0.1,1000,0.05,,1.0,1.0,1.0,0.0923338410911355,-1.5517437490351291,0.0,1.0,100,perfect_alpha_sweep,statistical power
tikz-v1,figure2,power_atlas_r1_c4,$N_{eff}$ by FDR level,4,heatmap_cell,weighted_wcs_homogeneous,perfect,alpha_sweep,-0.6989700043360187,1.4,-0.8494850021680094,-0.5484550065040281,1.3,1.5,0.2,nominal FDR $\alpha$,0.2,1000,0.05,,0.0798,0.0798,0.15,0.0695467769636753,0.619788758288394,0.9,1.0,100,perfect_alpha_sweep,statistical power
tikz-v1,figure2,power_atlas_r1_c4,$N_{eff}$ by FDR level,4,heatmap_cell,weighted_wcs_homogeneous,perfect,alpha_sweep,-0.6989700043360187,1.6,-0.8494850021680094,-0.5484550065040281,1.5,1.7,0.2,nominal FDR $\alpha$,0.2,1000,0.05,,0.1606,0.1606,0.28,0.1025943505873641,0.3872161432802645,0.89,1.0,100,perfect_alpha_sweep,statistical power
tikz-v1,figure2,power_atlas_r1_c4,$N_{eff}$ by FDR level,4,heatmap_cell,weighted_wcs_homogeneous,perfect,alpha_sweep,-0.6989700043360187,1.7999999999999998,-0.8494850021680094,-0.5484550065040281,1.7,1.9,0.2,nominal FDR $\alpha$,0.2,1000,0.05,,0.265,0.265,0.4,0.1034621434548332,0.2253098021363526,0.8,1.0,100,perfect_alpha_sweep,statistical power
tikz-v1,figure2,power_atlas_r1_c4,$N_{eff}$ by FDR level,4,heatmap_cell,weighted_wcs_homogeneous,perfect,alpha_sweep,-0.6989700043360187,2.0,-0.8494850021680094,-0.5484550065040281,1.9,2.1,0.2,nominal FDR $\alpha$,0.2,1000,0.05,,0.6602,0.6602,0.8,0.1395331980218317,-0.0005805673431173,0.5,1.0,100,perfect_alpha_sweep,statistical power
tikz-v1,figure2,power_atlas_r1_c4,$N_{eff}$ by FDR level,4,heatmap_cell,weighted_wcs_homogeneous,perfect,alpha_sweep,-0.6989700043360187,2.2,-0.8494850021680094,-0.5484550065040281,2.1,2.3,0.2,nominal FDR $\alpha$,0.2,1000,0.05,,0.8569999999999999,0.8569999999999999,0.93,0.1528793945981957,-0.185452472751543,0.11,1.0,100,perfect_alpha_sweep,statistical power
tikz-v1,figure2,power_atlas_r1_c4,$N_{eff}$ by FDR level,4,heatmap_cell,weighted_wcs_homogeneous,perfect,alpha_sweep,-0.6989700043360187,2.4,-0.8494850021680094,-0.5484550065040281,2.3,2.5,0.2,nominal FDR $\alpha$,0.2,1000,0.05,,0.9286,0.9286,0.96,0.1494018430942332,-0.4014005407815441,0.0,1.0,100,perfect_alpha_sweep,statistical power
tikz-v1,figure2,power_atlas_r1_c4,$N_{eff}$ by FDR level,4,heatmap_cell,weighted_wcs_homogeneous,perfect,alpha_sweep,-0.6989700043360187,2.6,-0.8494850021680094,-0.5484550065040281,2.5,2.7,0.2,nominal FDR $\alpha$,0.2,1000,0.05,,0.9648,0.9648,0.98,0.1694861521736632,-0.6009728956867483,0.0,1.0,100,perfect_alpha_sweep,statistical power
tikz-v1,figure2,power_atlas_r1_c4,$N_{eff}$ by FDR level,4,heatmap_cell,weighted_wcs_homogeneous,perfect,alpha_sweep,-0.6989700043360187,2.8,-0.8494850021680094,-0.5484550065040281,2.7,2.9,0.2,nominal FDR $\alpha$,0.2,1000,0.05,,0.9856,0.9856,0.99,0.1669499352114772,-0.800717078282385,0.0,1.0,100,perfect_alpha_sweep,statistical power
tikz-v1,figure2,power_atlas_r1_c4,$N_{eff}$ by FDR level,4,heatmap_cell,weighted_wcs_homogeneous,perfect,alpha_sweep,-0.6989700043360187,3.0,-0.8494850021680094,-0.5484550065040281,2.9,3.1,0.2,nominal FDR $\alpha$,0.2,1000,0.05,,0.9974,0.9974,1.0,0.1911428440837653,-1.0004340774793186,0.0,1.0,100,perfect_alpha_sweep,statistical power
tikz-v1,figure2,power_atlas_r1_c4,$N_{eff}$ by FDR level,4,heatmap_cell,weighted_wcs_homogeneous,perfect,alpha_sweep,-0.6989700043360187,3.2,-0.8494850021680094,-0.5484550065040281,3.1,3.3,0.2,nominal FDR $\alpha$,0.2,1000,0.05,,0.9992,0.9992,1.0,0.1768741101778215,-1.200303182981585,0.0,1.0,100,perfect_alpha_sweep,statistical power
tikz-v1,figure2,power_atlas_r1_c4,$N_{eff}$ by FDR level,4,heatmap_cell,weighted_wcs_homogeneous,perfect,alpha_sweep,-0.6989700043360187,3.4,-0.8494850021680094,-0.5484550065040281,3.3,3.5,0.2,nominal FDR $\alpha$,0.2,1000,0.05,,1.0,1.0,1.0,0.1940055017734943,-1.3544926005894364,0.0,1.0,100,perfect_alpha_sweep,statistical power
tikz-v1,figure2,power_atlas_r1_c4,$N_{eff}$ by FDR level,4,heatmap_cell,weighted_wcs_homogeneous,perfect,alpha_sweep,-0.6989700043360187,3.6,-0.8494850021680094,-0.5484550065040281,3.5,3.7,0.2,nominal FDR $\alpha$,0.2,1000,0.05,,1.0,1.0,1.0,0.1803798800950354,-1.5543680009900875,0.0,1.0,100,perfect_alpha_sweep,statistical power
tikz-v1,figure2,power_atlas_r1_c4,$N_{eff}$ by FDR level,4,heatmap_cell,weighted_wcs_homogeneous,perfect,alpha_sweep,-0.6989700043360187,3.8,-0.8494850021680094,-0.5484550065040281,3.7,3.9,0.2,nominal FDR $\alpha$,0.2,1000,0.05,,1.0,1.0,1.0,0.1809146441561449,-1.752070427492729,0.0,1.0,100,perfect_alpha_sweep,statistical power
tikz-v1,figure2,power_atlas_r1_c4,$N_{eff}$ by FDR level,4,heatmap_cell,weighted_wcs_homogeneous,perfect,alpha_sweep,-0.6989700043360187,4.0,-0.8494850021680094,-0.5484550065040281,3.9,4.1,0.2,nominal FDR $\alpha$,0.2,1000,0.05,,1.0,1.0,1.0,0.1885511631402911,-1.8488330379809312,0.0,1.0,100,perfect_alpha_sweep,statistical power
tikz-v1,figure2,power_atlas_r1_c2,$N_{eff}$ by $m$; fixed 10 anomalies,2,heatmap_cell,weighted_wcs_homogeneous,perfect,m_fixed_count,1.6989700043360187,1.4,1.548455006504028,1.8494850021680092,1.3,1.5,50.0,test batch size $m$,0.1,50,,10.0,0.1099999999999999,0.1099999999999999,0.19,0.0306991341991341,0.2839966563652008,0.8,1.0,100,perfect_m_fixed_count,statistical power
tikz-v1,figure2,power_atlas_r1_c2,$N_{eff}$ by $m$; fixed 10 anomalies,2,heatmap_cell,weighted_wcs_homogeneous,perfect,m_fixed_count,1.6989700043360187,1.6,1.548455006504028,1.8494850021680092,1.5,1.7,50.0,test batch size $m$,0.1,50,,10.0,0.385,0.385,0.53,0.0654952269952269,0.0861861476162833,0.73,1.0,100,perfect_m_fixed_count,statistical power
tikz-v1,figure2,power_atlas_r1_c2,$N_{eff}$ by $m$; fixed 10 anomalies,2,heatmap_cell,weighted_wcs_homogeneous,perfect,m_fixed_count,1.6989700043360187,1.7999999999999998,1.548455006504028,1.8494850021680092,1.7,1.9,50.0,test batch size $m$,0.1,50,,10.0,0.7659999999999999,0.7659999999999999,0.85,0.0669065934065934,-0.0940301534832588,0.25,1.0,100,perfect_m_fixed_count,statistical power
tikz-v1,figure2,power_atlas_r1_c2,$N_{eff}$ by $m$; fixed 10 anomalies,2,heatmap_cell,weighted_wcs_homogeneous,perfect,m_fixed_count,1.6989700043360187,2.0,1.548455006504028,1.8494850021680092,1.9,2.1,50.0,test batch size $m$,0.1,50,,10.0,0.9000000000000001,0.9000000000000001,0.94,0.069685745626922,-0.3053513694466238,0.02,1.0,100,perfect_m_fixed_count,statistical power
tikz-v1,figure2,power_atlas_r1_c2,$N_{eff}$ by $m$; fixed 10 anomalies,2,heatmap_cell,weighted_wcs_homogeneous,perfect,m_fixed_count,1.6989700043360187,2.2,1.548455006504028,1.8494850021680092,2.1,2.3,50.0,test batch size $m$,0.1,50,,10.0,0.945,0.945,0.96,0.0671844821844822,-0.502825092085708,0.0,1.0,100,perfect_m_fixed_count,statistical power
tikz-v1,figure2,power_atlas_r1_c2,$N_{eff}$ by $m$; fixed 10 anomalies,2,heatmap_cell,weighted_wcs_homogeneous,perfect,m_fixed_count,1.6989700043360187,2.4,1.548455006504028,1.8494850021680092,2.3,2.5,50.0,test batch size $m$,0.1,50,,10.0,0.973,0.973,0.98,0.0712499167499167,-0.7024305364455253,0.0,1.0,100,perfect_m_fixed_count,statistical power
tikz-v1,figure2,power_atlas_r1_c2,$N_{eff}$ by $m$; fixed 10 anomalies,2,heatmap_cell,weighted_wcs_homogeneous,perfect,m_fixed_count,1.6989700043360187,2.6,1.548455006504028,1.8494850021680092,2.5,2.7,50.0,test batch size $m$,0.1,50,,10.0,0.995,0.995,1.0,0.08399333999334,-0.9020028913507294,0.0,1.0,100,perfect_m_fixed_count,statistical power
tikz-v1,figure2,power_atlas_r1_c2,$N_{eff}$ by $m$; fixed 10 anomalies,2,heatmap_cell,weighted_wcs_homogeneous,perfect,m_fixed_count,1.6989700043360187,2.8,1.548455006504028,1.8494850021680092,2.7,2.9,50.0,test batch size $m$,0.1,50,,10.0,0.998,0.998,1.0,0.0756399156399156,-1.1017470739463662,0.0,1.0,100,perfect_m_fixed_count,statistical power
tikz-v1,figure2,power_atlas_r1_c2,$N_{eff}$ by $m$; fixed 10 anomalies,2,heatmap_cell,weighted_wcs_homogeneous,perfect,m_fixed_count,1.6989700043360187,3.0,1.548455006504028,1.8494850021680092,2.9,3.1,50.0,test batch size $m$,0.1,50,,10.0,0.999,0.999,1.0,0.0732400932400932,-1.3321939175444948,0.0,1.0,100,perfect_m_fixed_count,statistical power
tikz-v1,figure2,power_atlas_r1_c2,$N_{eff}$ by $m$; fixed 10 anomalies,2,heatmap_cell,weighted_wcs_homogeneous,perfect,m_fixed_count,1.6989700043360187,3.2,1.548455006504028,1.8494850021680092,3.1,3.3,50.0,test batch size $m$,0.1,50,,10.0,0.999,0.999,1.0,0.081027306027306,-1.501333178645566,0.0,1.0,100,perfect_m_fixed_count,statistical power
tikz-v1,figure2,power_atlas_r1_c2,$N_{eff}$ by $m$; fixed 10 anomalies,2,heatmap_cell,weighted_wcs_homogeneous,perfect,m_fixed_count,1.6989700043360187,3.4,1.548455006504028,1.8494850021680092,3.3,3.5,50.0,test batch size $m$,0.1,50,,10.0,1.0,1.0,1.0,0.0811938061938062,-1.6645412770655603,0.0,1.0,100,perfect_m_fixed_count,statistical power
tikz-v1,figure2,power_atlas_r1_c2,$N_{eff}$ by $m$; fixed 10 anomalies,2,heatmap_cell,weighted_wcs_homogeneous,perfect,m_fixed_count,1.6989700043360187,3.6,1.548455006504028,1.8494850021680092,3.5,3.7,50.0,test batch size $m$,0.1,50,,10.0,1.0,1.0,1.0,0.0819197469197469,-1.901131251355372,0.0,1.0,100,perfect_m_fixed_count,statistical power
tikz-v1,figure2,power_atlas_r1_c2,$N_{eff}$ by $m$; fixed 10 anomalies,2,heatmap_cell,weighted_wcs_homogeneous,perfect,m_fixed_count,1.6989700043360187,3.8,1.548455006504028,1.8494850021680092,3.7,3.9,50.0,test batch size $m$,0.1,50,,10.0,1.0,1.0,1.0,0.0862154512154512,-2.055378331375,0.0,1.0,100,perfect_m_fixed_count,statistical power
tikz-v1,figure2,power_atlas_r1_c2,$N_{eff}$ by $m$; fixed 10 anomalies,2,heatmap_cell,weighted_wcs_homogeneous,perfect,m_fixed_count,1.6989700043360187,4.0,1.548455006504028,1.8494850021680092,3.9,4.1,50.0,test batch size $m$,0.1,50,,10.0,1.0,1.0,1.0,0.0748318348318348,-2.184798086384172,0.0,1.0,100,perfect_m_fixed_count,statistical power
tikz-v1,figure2,power_atlas_r1_c2,$N_{eff}$ by $m$; fixed 10 anomalies,2,heatmap_cell,weighted_wcs_homogeneous,perfect,m_fixed_count,2.0,1.4,1.8494850021680092,2.15051499783199,1.3,1.5,100.0,test batch size $m$,0.1,100,,10.0,0.07,0.07,0.12,0.0136825396825396,0.5984717736024241,0.87,1.0,100,perfect_m_fixed_count,statistical power
tikz-v1,figure2,power_atlas_r1_c2,$N_{eff}$ by $m$; fixed 10 anomalies,2,heatmap_cell,weighted_wcs_homogeneous,perfect,m_fixed_count,2.0,1.6,1.8494850021680092,2.15051499783199,1.5,1.7,100.0,test batch size $m$,0.1,100,,10.0,0.083,0.083,0.16,0.0229007936507936,0.3885841447243456,0.89,1.0,100,perfect_m_fixed_count,statistical power
tikz-v1,figure2,power_atlas_r1_c2,$N_{eff}$ by $m$; fixed 10 anomalies,2,heatmap_cell,weighted_wcs_homogeneous,perfect,m_fixed_count,2.0,1.7999999999999998,1.8494850021680092,2.15051499783199,1.7,1.9,100.0,test batch size $m$,0.1,100,,10.0,0.236,0.236,0.38,0.0317067099567099,0.1938200260161128,0.73,1.0,100,perfect_m_fixed_count,statistical power
tikz-v1,figure2,power_atlas_r1_c2,$N_{eff}$ by $m$; fixed 10 anomalies,2,heatmap_cell,weighted_wcs_homogeneous,perfect,m_fixed_count,2.0,2.0,1.8494850021680092,2.15051499783199,1.9,2.1,100.0,test batch size $m$,0.1,100,,10.0,0.6629999999999999,0.6629999999999999,0.81,0.0606178543678543,-0.0043213737826425,0.45,1.0,100,perfect_m_fixed_count,statistical power
tikz-v1,figure2,power_atlas_r1_c2,$N_{eff}$ by $m$; fixed 10 anomalies,2,heatmap_cell,weighted_wcs_homogeneous,perfect,m_fixed_count,2.0,2.2,1.8494850021680092,2.15051499783199,2.1,2.3,100.0,test batch size $m$,0.1,100,,10.0,0.8190000000000001,0.8190000000000001,0.9,0.0769890387390387,-0.2320433971400297,0.11,1.0,100,perfect_m_fixed_count,statistical power
tikz-v1,figure2,power_atlas_r1_c2,$N_{eff}$ by $m$; fixed 10 anomalies,2,heatmap_cell,weighted_wcs_homogeneous,perfect,m_fixed_count,2.0,2.4,1.8494850021680092,2.15051499783199,2.3,2.5,100.0,test batch size $m$,0.1,100,,10.0,0.918,0.918,0.95,0.0737402042402042,-0.4014005407815441,0.0,1.0,100,perfect_m_fixed_count,statistical power
tikz-v1,figure2,power_atlas_r1_c2,$N_{eff}$ by $m$; fixed 10 anomalies,2,heatmap_cell,weighted_wcs_homogeneous,perfect,m_fixed_count,2.0,2.6,1.8494850021680092,2.15051499783199,2.5,2.7,100.0,test batch size $m$,0.1,100,,10.0,0.959,0.959,0.97,0.0622232212232212,-0.6087032309889842,0.0,1.0,100,perfect_m_fixed_count,statistical power
tikz-v1,figure2,power_atlas_r1_c2,$N_{eff}$ by $m$; fixed 10 anomalies,2,heatmap_cell,weighted_wcs_homogeneous,perfect,m_fixed_count,2.0,2.8,1.8494850021680092,2.15051499783199,2.7,2.9,100.0,test batch size $m$,0.1,100,,10.0,0.964,0.964,0.97,0.0743872793872793,-0.8233735022749318,0.0,1.0,100,perfect_m_fixed_count,statistical power
tikz-v1,figure2,power_atlas_r1_c2,$N_{eff}$ by $m$; fixed 10 anomalies,2,heatmap_cell,weighted_wcs_homogeneous,perfect,m_fixed_count,2.0,3.0,1.8494850021680092,2.15051499783199,2.9,3.1,100.0,test batch size $m$,0.1,100,,10.0,0.997,0.997,1.0,0.0951004828504828,-1.0332310523819537,0.0,1.0,100,perfect_m_fixed_count,statistical power
tikz-v1,figure2,power_atlas_r1_c2,$N_{eff}$ by $m$; fixed 10 anomalies,2,heatmap_cell,weighted_wcs_homogeneous,perfect,m_fixed_count,2.0,3.2,1.8494850021680092,2.15051499783199,3.1,3.3,100.0,test batch size $m$,0.1,100,,10.0,0.998,0.998,1.0,0.0904578754578754,-1.2036153068064888,0.0,1.0,100,perfect_m_fixed_count,statistical power
tikz-v1,figure2,power_atlas_r1_c2,$N_{eff}$ by $m$; fixed 10 anomalies,2,heatmap_cell,weighted_wcs_homogeneous,perfect,m_fixed_count,2.0,3.4,1.8494850021680092,2.15051499783199,3.3,3.5,100.0,test batch size $m$,0.1,100,,10.0,1.0,1.0,1.0,0.0814618714618714,-1.398503388032597,0.0,1.0,100,perfect_m_fixed_count,statistical power
tikz-v1,figure2,power_atlas_r1_c2,$N_{eff}$ by $m$; fixed 10 anomalies,2,heatmap_cell,weighted_wcs_homogeneous,perfect,m_fixed_count,2.0,3.6,1.8494850021680092,2.15051499783199,3.5,3.7,100.0,test batch size $m$,0.1,100,,10.0,1.0,1.0,1.0,0.102630800571977,-1.6001012556913907,0.0,1.0,100,perfect_m_fixed_count,statistical power
tikz-v1,figure2,power_atlas_r1_c2,$N_{eff}$ by $m$; fixed 10 anomalies,2,heatmap_cell,weighted_wcs_homogeneous,perfect,m_fixed_count,2.0,3.8,1.8494850021680092,2.15051499783199,3.7,3.9,100.0,test batch size $m$,0.1,100,,10.0,1.0,1.0,1.0,0.0706027306027306,-1.7543483357110188,0.0,1.0,100,perfect_m_fixed_count,statistical power
tikz-v1,figure2,power_atlas_r1_c2,$N_{eff}$ by $m$; fixed 10 anomalies,2,heatmap_cell,weighted_wcs_homogeneous,perfect,m_fixed_count,2.0,4.0,1.8494850021680092,2.15051499783199,3.9,4.1,100.0,test batch size $m$,0.1,100,,10.0,1.0,1.0,1.0,0.0918165168165168,-1.943941214383171,0.0,1.0,100,perfect_m_fixed_count,statistical power
tikz-v1,figure2,power_atlas_r1_c2,$N_{eff}$ by $m$; fixed 10 anomalies,2,heatmap_cell,weighted_wcs_homogeneous,perfect,m_fixed_count,2.3010299956639813,1.4,2.15051499783199,2.5,1.3,1.5,200.0,test batch size $m$,0.1,200,,10.0,0.03,0.03,0.08,0.0216071428571428,0.9069221953924314,0.95,1.0,100,perfect_m_fixed_count,statistical power
tikz-v1,figure2,power_atlas_r1_c2,$N_{eff}$ by $m$; fixed 10 anomalies,2,heatmap_cell,weighted_wcs_homogeneous,perfect,m_fixed_count,2.3010299956639813,1.6,2.15051499783199,2.5,1.5,1.7,200.0,test batch size $m$,0.1,200,,10.0,0.036,0.036,0.09,0.0097240259740259,0.6882461389442457,0.92,1.0,100,perfect_m_fixed_count,statistical power
tikz-v1,figure2,power_atlas_r1_c2,$N_{eff}$ by $m$; fixed 10 anomalies,2,heatmap_cell,weighted_wcs_homogeneous,perfect,m_fixed_count,2.3010299956639813,1.7999999999999998,2.15051499783199,2.5,1.7,1.9,200.0,test batch size $m$,0.1,200,,10.0,0.079,0.079,0.17,0.0323571428571428,0.494850021680094,0.86,1.0,100,perfect_m_fixed_count,statistical power
tikz-v1,figure2,power_atlas_r1_c2,$N_{eff}$ by $m$; fixed 10 anomalies,2,heatmap_cell,weighted_wcs_homogeneous,perfect,m_fixed_count,2.3010299956639813,2.0,2.15051499783199,2.5,1.9,2.1,200.0,test batch size $m$,0.1,200,,10.0,0.184,0.184,0.29,0.0383088023088023,0.2903952672987658,0.78,1.0,100,perfect_m_fixed_count,statistical power
tikz-v1,figure2,power_atlas_r1_c2,$N_{eff}$ by $m$; fixed 10 anomalies,2,heatmap_cell,weighted_wcs_homogeneous,perfect,m_fixed_count,2.3010299956639813,2.2,2.15051499783199,2.5,2.1,2.3,200.0,test batch size $m$,0.1,200,,10.0,0.3400000000000001,0.3400000000000001,0.47,0.0685119472031236,0.0996328713435296,0.66,1.0,100,perfect_m_fixed_count,statistical power
tikz-v1,figure2,power_atlas_r1_c2,$N_{eff}$ by $m$; fixed 10 anomalies,2,heatmap_cell,weighted_wcs_homogeneous,perfect,m_fixed_count,2.3010299956639813,2.4,2.15051499783199,2.5,2.3,2.5,200.0,test batch size $m$,0.1,200,,10.0,0.7480000000000001,0.7480000000000001,0.87,0.0710077422577422,-0.1003705451175629,0.23,1.0,100,perfect_m_fixed_count,statistical power
tikz-v1,figure2,power_atlas_r1_c2,$N_{eff}$ by $m$; fixed 10 anomalies,2,heatmap_cell,weighted_wcs_homogeneous,perfect,m_fixed_count,2.3010299956639813,2.6,2.15051499783199,2.5,2.5,2.7,200.0,test batch size $m$,0.1,200,,10.0,0.909,0.909,0.97,0.0898472915972916,-0.3027184288968085,0.0,1.0,100,perfect_m_fixed_count,statistical power
tikz-v1,figure2,power_atlas_r1_c2,$N_{eff}$ by $m$; fixed 10 anomalies,2,heatmap_cell,weighted_wcs_homogeneous,perfect,m_fixed_count,2.3010299956639813,2.8,2.15051499783199,2.5,2.7,2.9,200.0,test batch size $m$,0.1,200,,10.0,0.907,0.907,0.93,0.0874105572789783,-0.4996870826184039,0.0,1.0,100,perfect_m_fixed_count,statistical power
tikz-v1,figure2,power_atlas_r1_c2,$N_{eff}$ by $m$; fixed 10 anomalies,2,heatmap_cell,weighted_wcs_homogeneous,perfect,m_fixed_count,2.3010299956639813,3.0,2.15051499783199,2.5,2.9,3.1,200.0,test batch size $m$,0.1,200,,10.0,0.963,0.963,0.97,0.0859602211513976,-0.6994040818153374,0.0,1.0,100,perfect_m_fixed_count,statistical power
tikz-v1,figure2,power_atlas_r1_c2,$N_{eff}$ by $m$; fixed 10 anomalies,2,heatmap_cell,weighted_wcs_homogeneous,perfect,m_fixed_count,2.3010299956639813,3.2,2.15051499783199,2.5,3.1,3.3,200.0,test batch size $m$,0.1,200,,10.0,0.986,0.986,0.99,0.0892234432234432,-0.9021785620642148,0.0,1.0,100,perfect_m_fixed_count,statistical power
tikz-v1,figure2,power_atlas_r1_c2,$N_{eff}$ by $m$; fixed 10 anomalies,2,heatmap_cell,weighted_wcs_homogeneous,perfect,m_fixed_count,2.3010299956639813,3.4,2.15051499783199,2.5,3.3,3.5,200.0,test batch size $m$,0.1,200,,10.0,0.999,0.999,1.0,0.0959692954104718,-1.0534626049254554,0.0,1.0,100,perfect_m_fixed_count,statistical power
tikz-v1,figure2,power_atlas_r1_c2,$N_{eff}$ by $m$; fixed 10 anomalies,2,heatmap_cell,weighted_wcs_homogeneous,perfect,m_fixed_count,2.3010299956639813,3.6,2.15051499783199,2.5,3.5,3.7,200.0,test batch size $m$,0.1,200,,10.0,0.999,0.999,1.0,0.0837211269123033,-1.2907274000877955,0.0,1.0,100,perfect_m_fixed_count,statistical power
tikz-v1,figure2,power_atlas_r1_c2,$N_{eff}$ by $m$; fixed 10 anomalies,2,heatmap_cell,weighted_wcs_homogeneous,perfect,m_fixed_count,2.3010299956639813,3.8,2.15051499783199,2.5,3.7,3.9,200.0,test batch size $m$,0.1,200,,10.0,0.99,0.99,0.99,0.0878804528804528,-1.4533183400470375,0.0,1.0,100,perfect_m_fixed_count,statistical power
tikz-v1,figure2,power_atlas_r1_c2,$N_{eff}$ by $m$; fixed 10 anomalies,2,heatmap_cell,weighted_wcs_homogeneous,perfect,m_fixed_count,2.3010299956639813,4.0,2.15051499783199,2.5,3.9,4.1,200.0,test batch size $m$,0.1,200,,10.0,1.0,1.0,1.0,0.0914868464868464,-1.5884820749055946,0.0,1.0,100,perfect_m_fixed_count,statistical power
tikz-v1,figure2,power_atlas_r1_c2,$N_{eff}$ by $m$; fixed 10 anomalies,2,heatmap_cell,weighted_wcs_homogeneous,perfect,m_fixed_count,2.6989700043360187,1.4,2.5,2.8494850021680094,1.3,1.5,500.0,test batch size $m$,0.1,500,,10.0,0.01,0.01,0.03,0.005,1.2839966563652008,0.98,1.0,100,perfect_m_fixed_count,statistical power
tikz-v1,figure2,power_atlas_r1_c2,$N_{eff}$ by $m$; fixed 10 anomalies,2,heatmap_cell,weighted_wcs_homogeneous,perfect,m_fixed_count,2.6989700043360187,1.6,2.5,2.8494850021680094,1.5,1.7,500.0,test batch size $m$,0.1,500,,10.0,0.0139999999999999,0.0139999999999999,0.03,0.0061111111111111,1.092929002356918,0.96,1.0,100,perfect_m_fixed_count,statistical power
tikz-v1,figure2,power_atlas_r1_c2,$N_{eff}$ by $m$; fixed 10 anomalies,2,heatmap_cell,weighted_wcs_homogeneous,perfect,m_fixed_count,2.6989700043360187,1.7999999999999998,2.5,2.8494850021680094,1.7,1.9,500.0,test batch size $m$,0.1,500,,10.0,0.033,0.033,0.09,0.0223333333333333,0.8927900303521317,0.91,1.0,100,perfect_m_fixed_count,statistical power
tikz-v1,figure2,power_atlas_r1_c2,$N_{eff}$ by $m$; fixed 10 anomalies,2,heatmap_cell,weighted_wcs_homogeneous,perfect,m_fixed_count,2.6989700043360187,2.0,2.5,2.8494850021680094,1.9,2.1,500.0,test batch size $m$,0.1,500,,10.0,0.057,0.057,0.12,0.0076785714285714,0.6946486305533762,0.84,1.0,100,perfect_m_fixed_count,statistical power
tikz-v1,figure2,power_atlas_r1_c2,$N_{eff}$ by $m$; fixed 10 anomalies,2,heatmap_cell,weighted_wcs_homogeneous,perfect,m_fixed_count,2.6989700043360187,2.2,2.5,2.8494850021680094,2.1,2.3,500.0,test batch size $m$,0.1,500,,10.0,0.075,0.075,0.16,0.0220277777777777,0.4975728800155673,0.87,1.0,100,perfect_m_fixed_count,statistical power
tikz-v1,figure2,power_atlas_r1_c2,$N_{eff}$ by $m$; fixed 10 anomalies,2,heatmap_cell,weighted_wcs_homogeneous,perfect,m_fixed_count,2.6989700043360187,2.4,2.5,2.8494850021680094,2.3,2.5,500.0,test batch size $m$,0.1,500,,10.0,0.141,0.141,0.27,0.0324563492063492,0.2975694635544746,0.8,1.0,100,perfect_m_fixed_count,statistical power
tikz-v1,figure2,power_atlas_r1_c2,$N_{eff}$ by $m$; fixed 10 anomalies,2,heatmap_cell,weighted_wcs_homogeneous,perfect,m_fixed_count,2.6989700043360187,2.6,2.5,2.8494850021680094,2.5,2.7,500.0,test batch size $m$,0.1,500,,10.0,0.4,0.4,0.54,0.0802984515484515,0.07072760230346,0.67,1.0,100,perfect_m_fixed_count,statistical power
tikz-v1,figure2,power_atlas_r1_c2,$N_{eff}$ by $m$; fixed 10 anomalies,2,heatmap_cell,weighted_wcs_homogeneous,perfect,m_fixed_count,2.6989700043360187,2.8,2.5,2.8494850021680094,2.7,2.9,500.0,test batch size $m$,0.1,500,,10.0,0.7360000000000001,0.7360000000000001,0.85,0.0768859473859474,-0.1017470739463662,0.27,1.0,100,perfect_m_fixed_count,statistical power
tikz-v1,figure2,power_atlas_r1_c2,$N_{eff}$ by $m$; fixed 10 anomalies,2,heatmap_cell,weighted_wcs_homogeneous,perfect,m_fixed_count,2.6989700043360187,3.0,2.5,2.8494850021680094,2.9,3.1,500.0,test batch size $m$,0.1,500,,10.0,0.8960000000000001,0.8960000000000001,0.95,0.0688170163170163,-0.3406800741280409,0.02,1.0,100,perfect_m_fixed_count,statistical power
tikz-v1,figure2,power_atlas_r1_c2,$N_{eff}$ by $m$; fixed 10 anomalies,2,heatmap_cell,weighted_wcs_homogeneous,perfect,m_fixed_count,2.6989700043360187,3.2,2.5,2.8494850021680094,3.1,3.3,500.0,test batch size $m$,0.1,500,,10.0,0.977,0.977,0.99,0.1084109779109779,-0.5013331786455661,0.0,1.0,100,perfect_m_fixed_count,statistical power
tikz-v1,figure2,power_atlas_r1_c2,$N_{eff}$ by $m$; fixed 10 anomalies,2,heatmap_cell,weighted_wcs_homogeneous,perfect,m_fixed_count,2.6989700043360187,3.4,2.5,2.8494850021680094,3.3,3.5,500.0,test batch size $m$,0.1,500,,10.0,0.995,0.995,1.0,0.0873136863136863,-0.7012224842565572,0.0,1.0,100,perfect_m_fixed_count,statistical power
tikz-v1,figure2,power_atlas_r1_c2,$N_{eff}$ by $m$; fixed 10 anomalies,2,heatmap_cell,weighted_wcs_homogeneous,perfect,m_fixed_count,2.6989700043360187,3.6,2.5,2.8494850021680094,3.5,3.7,500.0,test batch size $m$,0.1,500,,10.0,0.989,0.989,0.99,0.0946591888503653,-0.8920186498879353,0.0,1.0,100,perfect_m_fixed_count,statistical power
tikz-v1,figure2,power_atlas_r1_c2,$N_{eff}$ by $m$; fixed 10 anomalies,2,heatmap_cell,weighted_wcs_homogeneous,perfect,m_fixed_count,2.6989700043360187,3.8,2.5,2.8494850021680094,3.7,3.9,500.0,test batch size $m$,0.1,500,,10.0,1.0,1.0,1.0,0.0996540959040959,-1.0664052566793227,0.0,1.0,100,perfect_m_fixed_count,statistical power
tikz-v1,figure2,power_atlas_r1_c2,$N_{eff}$ by $m$; fixed 10 anomalies,2,heatmap_cell,weighted_wcs_homogeneous,perfect,m_fixed_count,2.6989700043360187,4.0,2.5,2.8494850021680094,3.9,4.1,500.0,test batch size $m$,0.1,500,,10.0,1.0,1.0,1.0,0.0923226773226773,-1.223828154021842,0.0,1.0,100,perfect_m_fixed_count,statistical power
tikz-v1,figure2,power_atlas_r1_c2,$N_{eff}$ by $m$; fixed 10 anomalies,2,heatmap_cell,weighted_wcs_homogeneous,perfect,m_fixed_count,3.0,1.4,2.8494850021680094,3.15051499783199,1.3,1.5,1000.0,test batch size $m$,0.1,1000,,10.0,0.008,0.008,0.02,0.0083636363636363,1.585026652029182,0.96,1.0,100,perfect_m_fixed_count,statistical power
tikz-v1,figure2,power_atlas_r1_c2,$N_{eff}$ by $m$; fixed 10 anomalies,2,heatmap_cell,weighted_wcs_homogeneous,perfect,m_fixed_count,3.0,1.6,2.8494850021680094,3.15051499783199,1.5,1.7,1000.0,test batch size $m$,0.1,1000,,10.0,0.0069999999999999,0.0069999999999999,0.03,0.0025,1.3872161432802643,0.98,1.0,100,perfect_m_fixed_count,statistical power
tikz-v1,figure2,power_atlas_r1_c2,$N_{eff}$ by $m$; fixed 10 anomalies,2,heatmap_cell,weighted_wcs_homogeneous,perfect,m_fixed_count,3.0,1.7999999999999998,2.8494850021680094,3.15051499783199,1.7,1.9,1000.0,test batch size $m$,0.1,1000,,10.0,0.01,0.01,0.03,0.0085,1.193820026016113,0.99,1.0,100,perfect_m_fixed_count,statistical power
tikz-v1,figure2,power_atlas_r1_c2,$N_{eff}$ by $m$; fixed 10 anomalies,2,heatmap_cell,weighted_wcs_homogeneous,perfect,m_fixed_count,3.0,2.0,2.8494850021680094,3.15051499783199,1.9,2.1,1000.0,test batch size $m$,0.1,1000,,10.0,0.004,0.004,0.03,0.015,0.9956786262173576,0.95,1.0,100,perfect_m_fixed_count,statistical power
tikz-v1,figure2,power_atlas_r1_c2,$N_{eff}$ by $m$; fixed 10 anomalies,2,heatmap_cell,weighted_wcs_homogeneous,perfect,m_fixed_count,3.0,2.2,2.8494850021680094,3.15051499783199,2.1,2.3,1000.0,test batch size $m$,0.1,1000,,10.0,0.026,0.026,0.08,0.0278055555555555,0.7986028756795486,0.89,1.0,100,perfect_m_fixed_count,statistical power
tikz-v1,figure2,power_atlas_r1_c2,$N_{eff}$ by $m$; fixed 10 anomalies,2,heatmap_cell,weighted_wcs_homogeneous,perfect,m_fixed_count,3.0,2.4,2.8494850021680094,3.15051499783199,2.3,2.5,1000.0,test batch size $m$,0.1,1000,,10.0,0.0779999999999999,0.0779999999999999,0.14,0.0168975468975468,0.5925308717200819,0.88,1.0,100,perfect_m_fixed_count,statistical power
tikz-v1,figure2,power_atlas_r1_c2,$N_{eff}$ by $m$; fixed 10 anomalies,2,heatmap_cell,weighted_wcs_homogeneous,perfect,m_fixed_count,3.0,2.6,2.8494850021680094,3.15051499783199,2.5,2.7,1000.0,test batch size $m$,0.1,1000,,10.0,0.127,0.127,0.22,0.032760989010989,0.3935427302387333,0.81,1.0,100,perfect_m_fixed_count,statistical power
tikz-v1,figure2,power_atlas_r1_c2,$N_{eff}$ by $m$; fixed 10 anomalies,2,heatmap_cell,weighted_wcs_homogeneous,perfect,m_fixed_count,3.0,2.8,2.8494850021680094,3.15051499783199,2.7,2.9,1000.0,test batch size $m$,0.1,1000,,10.0,0.237,0.237,0.38,0.0510831624515835,0.173817817580954,0.76,1.0,100,perfect_m_fixed_count,statistical power
tikz-v1,figure2,power_atlas_r1_c2,$N_{eff}$ by $m$; fixed 10 anomalies,2,heatmap_cell,weighted_wcs_homogeneous,perfect,m_fixed_count,3.0,3.0,2.8494850021680094,3.15051499783199,2.9,3.1,1000.0,test batch size $m$,0.1,1000,,10.0,0.579,0.579,0.7,0.0692541951512539,-0.0010258880788168,0.4,1.0,100,perfect_m_fixed_count,statistical power
tikz-v1,figure2,power_atlas_r1_c2,$N_{eff}$ by $m$; fixed 10 anomalies,2,heatmap_cell,weighted_wcs_homogeneous,perfect,m_fixed_count,3.0,3.2,2.8494850021680094,3.15051499783199,3.1,3.3,1000.0,test batch size $m$,0.1,1000,,10.0,0.8420000000000001,0.8420000000000001,0.9,0.0553654401154401,-0.2003031829815849,0.06,1.0,100,perfect_m_fixed_count,statistical power
tikz-v1,figure2,power_atlas_r1_c2,$N_{eff}$ by $m$; fixed 10 anomalies,2,heatmap_cell,weighted_wcs_homogeneous,perfect,m_fixed_count,3.0,3.4,2.8494850021680094,3.15051499783199,3.3,3.5,1000.0,test batch size $m$,0.1,1000,,10.0,0.956,0.956,0.97,0.0939640359640359,-0.3867773571077995,0.0,1.0,100,perfect_m_fixed_count,statistical power
tikz-v1,figure2,power_atlas_r1_c2,$N_{eff}$ by $m$; fixed 10 anomalies,2,heatmap_cell,weighted_wcs_homogeneous,perfect,m_fixed_count,3.0,3.6,2.8494850021680094,3.15051499783199,3.5,3.7,1000.0,test batch size $m$,0.1,1000,,10.0,0.995,0.995,1.0,0.0753051262463027,-0.5796565842843373,0.0,1.0,100,perfect_m_fixed_count,statistical power
tikz-v1,figure2,power_atlas_r1_c2,$N_{eff}$ by $m$; fixed 10 anomalies,2,heatmap_cell,weighted_wcs_homogeneous,perfect,m_fixed_count,3.0,3.8,2.8494850021680094,3.15051499783199,3.7,3.9,1000.0,test batch size $m$,0.1,1000,,10.0,0.998,0.998,1.0,0.1005957098457098,-0.7543483357110188,0.0,1.0,100,perfect_m_fixed_count,statistical power
tikz-v1,figure2,power_atlas_r1_c2,$N_{eff}$ by $m$; fixed 10 anomalies,2,heatmap_cell,weighted_wcs_homogeneous,perfect,m_fixed_count,3.0,4.0,2.8494850021680094,3.15051499783199,3.9,4.1,1000.0,test batch size $m$,0.1,1000,,10.0,1.0,1.0,1.0,0.1065268065268065,-0.9073050911032098,0.0,1.0,100,perfect_m_fixed_count,statistical power
tikz-v1,figure2,power_atlas_r1_c2,$N_{eff}$ by $m$; fixed 10 anomalies,2,heatmap_cell,weighted_wcs_homogeneous,perfect,m_fixed_count,3.3010299956639813,1.4,3.15051499783199,3.451544993495972,1.3,1.5,2000.0,test batch size $m$,0.1,2000,,10.0,0.0069999999999999,0.0069999999999999,0.01,0.00125,1.8860566476931635,0.96,1.0,100,perfect_m_fixed_count,statistical power
tikz-v1,figure2,power_atlas_r1_c2,$N_{eff}$ by $m$; fixed 10 anomalies,2,heatmap_cell,weighted_wcs_homogeneous,perfect,m_fixed_count,3.3010299956639813,1.6,3.15051499783199,3.451544993495972,1.5,1.7,2000.0,test batch size $m$,0.1,2000,,10.0,0.005,0.005,0.01,0.0016666666666666,1.694390155497195,0.99,1.0,100,perfect_m_fixed_count,statistical power
tikz-v1,figure2,power_atlas_r1_c2,$N_{eff}$ by $m$; fixed 10 anomalies,2,heatmap_cell,weighted_wcs_homogeneous,perfect,m_fixed_count,3.3010299956639813,1.7999999999999998,3.15051499783199,3.451544993495972,1.7,1.9,2000.0,test batch size $m$,0.1,2000,,10.0,0.001,0.001,0.01,0.0066666666666666,1.494850021680094,1.0,1.0,100,perfect_m_fixed_count,statistical power
tikz-v1,figure2,power_atlas_r1_c2,$N_{eff}$ by $m$; fixed 10 anomalies,2,heatmap_cell,weighted_wcs_homogeneous,perfect,m_fixed_count,3.3010299956639813,2.0,3.15051499783199,3.451544993495972,1.9,2.1,2000.0,test batch size $m$,0.1,2000,,10.0,0.002,0.002,0.02,0.01,1.2967086218813386,0.98,1.0,100,perfect_m_fixed_count,statistical power
tikz-v1,figure2,power_atlas_r1_c2,$N_{eff}$ by $m$; fixed 10 anomalies,2,heatmap_cell,weighted_wcs_homogeneous,perfect,m_fixed_count,3.3010299956639813,2.2,3.15051499783199,3.451544993495972,2.1,2.3,2000.0,test batch size $m$,0.1,2000,,10.0,0.026,0.026,0.07,0.0167857142857142,1.0543155531403308,0.91,1.0,100,perfect_m_fixed_count,statistical power
tikz-v1,figure2,power_atlas_r1_c2,$N_{eff}$ by $m$; fixed 10 anomalies,2,heatmap_cell,weighted_wcs_homogeneous,perfect,m_fixed_count,3.3010299956639813,2.4,3.15051499783199,3.451544993495972,2.3,2.5,2000.0,test batch size $m$,0.1,2000,,10.0,0.048,0.048,0.12,0.036095238095238,0.8785801925130285,0.94,1.0,100,perfect_m_fixed_count,statistical power
tikz-v1,figure2,power_atlas_r1_c2,$N_{eff}$ by $m$; fixed 10 anomalies,2,heatmap_cell,weighted_wcs_homogeneous,perfect,m_fixed_count,3.3010299956639813,2.6,3.15051499783199,3.451544993495972,2.5,2.7,2000.0,test batch size $m$,0.1,2000,,10.0,0.065,0.065,0.17,0.0413333333333333,0.6990862352400753,0.92,1.0,100,perfect_m_fixed_count,statistical power
tikz-v1,figure2,power_atlas_r1_c2,$N_{eff}$ by $m$; fixed 10 anomalies,2,heatmap_cell,weighted_wcs_homogeneous,perfect,m_fixed_count,3.3010299956639813,2.8,3.15051499783199,3.451544993495972,2.7,2.9,2000.0,test batch size $m$,0.1,2000,,10.0,0.079,0.079,0.17,0.0292334267040149,0.5003129173815962,0.88,1.0,100,perfect_m_fixed_count,statistical power
tikz-v1,figure2,power_atlas_r1_c2,$N_{eff}$ by $m$; fixed 10 anomalies,2,heatmap_cell,weighted_wcs_homogeneous,perfect,m_fixed_count,3.3010299956639813,3.0,3.15051499783199,3.451544993495972,2.9,3.1,2000.0,test batch size $m$,0.1,2000,,10.0,0.185,0.185,0.31,0.031781746031746,0.2580134536903885,0.76,1.0,100,perfect_m_fixed_count,statistical power
tikz-v1,figure2,power_atlas_r1_c2,$N_{eff}$ by $m$; fixed 10 anomalies,2,heatmap_cell,weighted_wcs_homogeneous,perfect,m_fixed_count,3.3010299956639813,3.2,3.15051499783199,3.451544993495972,3.1,3.3,2000.0,test batch size $m$,0.1,2000,,10.0,0.369,0.369,0.54,0.0607384282384282,0.1007268126823962,0.7,1.0,100,perfect_m_fixed_count,statistical power
tikz-v1,figure2,power_atlas_r1_c2,$N_{eff}$ by $m$; fixed 10 anomalies,2,heatmap_cell,weighted_wcs_homogeneous,perfect,m_fixed_count,3.3010299956639813,3.4,3.15051499783199,3.451544993495972,3.3,3.5,2000.0,test batch size $m$,0.1,2000,,10.0,0.7530000000000001,0.7530000000000001,0.82,0.0725005966255966,-0.0991624929285947,0.22,1.0,100,perfect_m_fixed_count,statistical power
tikz-v1,figure2,power_atlas_r1_c2,$N_{eff}$ by $m$; fixed 10 anomalies,2,heatmap_cell,weighted_wcs_homogeneous,perfect,m_fixed_count,3.3010299956639813,3.6,3.15051499783199,3.451544993495972,3.5,3.7,2000.0,test batch size $m$,0.1,2000,,10.0,0.8919999999999999,0.8919999999999999,0.92,0.0756182853094617,-0.2920059852925808,0.0,1.0,100,perfect_m_fixed_count,statistical power
tikz-v1,figure2,power_atlas_r1_c2,$N_{eff}$ by $m$; fixed 10 anomalies,2,heatmap_cell,weighted_wcs_homogeneous,perfect,m_fixed_count,3.3010299956639813,3.8,3.15051499783199,3.451544993495972,3.7,3.9,2000.0,test batch size $m$,0.1,2000,,10.0,0.979,0.979,0.98,0.0860265714677479,-0.4533183400470376,0.0,1.0,100,perfect_m_fixed_count,statistical power
tikz-v1,figure2,power_atlas_r1_c2,$N_{eff}$ by $m$; fixed 10 anomalies,2,heatmap_cell,weighted_wcs_homogeneous,perfect,m_fixed_count,3.3010299956639813,4.0,3.15051499783199,3.451544993495972,3.9,4.1,2000.0,test batch size $m$,0.1,2000,,10.0,1.0,1.0,1.0,0.0984418870603081,-0.6029078152693448,0.0,1.0,100,perfect_m_fixed_count,statistical power
tikz-v1,figure2,power_atlas_r1_c1,$N_{eff}$ by $m$; fixed $\pi_1=0.05$,1,heatmap_cell,weighted_wcs_homogeneous,perfect,m_fixed_pi,1.6989700043360187,1.4,1.548455006504028,1.8494850021680092,1.3,1.5,50.0,test batch size $m$,0.1,50,0.05,,0.025,0.025,0.04,0.01,0.9232202017920484,0.95,1.0,100,perfect_m_fixed_pi,statistical power
tikz-v1,figure2,power_atlas_r1_c1,$N_{eff}$ by $m$; fixed $\pi_1=0.05$,1,heatmap_cell,weighted_wcs_homogeneous,perfect,m_fixed_pi,1.6989700043360187,1.6,1.548455006504028,1.8494850021680092,1.5,1.7,50.0,test batch size $m$,0.1,50,0.05,,0.065,0.065,0.1,0.016,0.7304598636775768,0.89,1.0,100,perfect_m_fixed_pi,statistical power
tikz-v1,figure2,power_atlas_r1_c1,$N_{eff}$ by $m$; fixed $\pi_1=0.05$,1,heatmap_cell,weighted_wcs_homogeneous,perfect,m_fixed_pi,1.6989700043360187,1.7999999999999998,1.548455006504028,1.8494850021680092,1.7,1.9,50.0,test batch size $m$,0.1,50,0.05,,0.13,0.13,0.18,0.0363333333333333,0.5344774082995501,0.83,1.0,100,perfect_m_fixed_pi,statistical power
tikz-v1,figure2,power_atlas_r1_c1,$N_{eff}$ by $m$; fixed $\pi_1=0.05$,1,heatmap_cell,weighted_wcs_homogeneous,perfect,m_fixed_pi,1.6989700043360187,2.0,1.548455006504028,1.8494850021680092,1.9,2.1,50.0,test batch size $m$,0.1,50,0.05,,0.16,0.16,0.25,0.066,0.3690307461526807,0.83,1.0,100,perfect_m_fixed_pi,statistical power
tikz-v1,figure2,power_atlas_r1_c1,$N_{eff}$ by $m$; fixed $\pi_1=0.05$,1,heatmap_cell,weighted_wcs_homogeneous,perfect,m_fixed_pi,1.6989700043360187,2.2,1.548455006504028,1.8494850021680092,2.1,2.3,50.0,test batch size $m$,0.1,50,0.05,,0.305,0.305,0.43,0.04,0.1354889189416081,0.69,1.0,100,perfect_m_fixed_pi,statistical power
tikz-v1,figure2,power_atlas_r1_c1,$N_{eff}$ by $m$; fixed $\pi_1=0.05$,1,heatmap_cell,weighted_wcs_homogeneous,perfect,m_fixed_pi,1.6989700043360187,2.4,1.548455006504028,1.8494850021680092,2.3,2.5,50.0,test batch size $m$,0.1,50,0.05,,0.635,0.635,0.72,0.0883333333333333,-0.0644579892269185,0.36,1.0,100,perfect_m_fixed_pi,statistical power
tikz-v1,figure2,power_atlas_r1_c1,$N_{eff}$ by $m$; fixed $\pi_1=0.05$,1,heatmap_cell,weighted_wcs_homogeneous,perfect,m_fixed_pi,1.6989700043360187,2.6,1.548455006504028,1.8494850021680092,2.5,2.7,50.0,test batch size $m$,0.1,50,0.05,,0.885,0.885,0.94,0.1093333333333333,-0.2270364254464064,0.08,1.0,100,perfect_m_fixed_pi,statistical power
tikz-v1,figure2,power_atlas_r1_c1,$N_{eff}$ by $m$; fixed $\pi_1=0.05$,1,heatmap_cell,weighted_wcs_homogeneous,perfect,m_fixed_pi,1.6989700043360187,2.8,1.548455006504028,1.8494850021680092,2.7,2.9,50.0,test batch size $m$,0.1,50,0.05,,0.985,0.985,1.0,0.127,-0.4635944021870002,0.01,1.0,100,perfect_m_fixed_pi,statistical power
tikz-v1,figure2,power_atlas_r1_c1,$N_{eff}$ by $m$; fixed $\pi_1=0.05$,1,heatmap_cell,weighted_wcs_homogeneous,perfect,m_fixed_pi,1.6989700043360187,3.0,1.548455006504028,1.8494850021680092,2.9,3.1,50.0,test batch size $m$,0.1,50,0.05,,0.99,0.99,0.99,0.0893333333333333,-0.6608041737442514,0.0,1.0,100,perfect_m_fixed_pi,statistical power
tikz-v1,figure2,power_atlas_r1_c1,$N_{eff}$ by $m$; fixed $\pi_1=0.05$,1,heatmap_cell,weighted_wcs_homogeneous,perfect,m_fixed_pi,1.6989700043360187,3.2,1.548455006504028,1.8494850021680092,3.1,3.3,50.0,test batch size $m$,0.1,50,0.05,,0.98,0.98,0.98,0.0976666666666666,-0.8630848253203598,0.0,1.0,100,perfect_m_fixed_pi,statistical power
tikz-v1,figure2,power_atlas_r1_c1,$N_{eff}$ by $m$; fixed $\pi_1=0.05$,1,heatmap_cell,weighted_wcs_homogeneous,perfect,m_fixed_pi,1.6989700043360187,3.4,1.548455006504028,1.8494850021680092,3.3,3.5,50.0,test batch size $m$,0.1,50,0.05,,1.0,1.0,1.0,0.0593333333333333,-1.0022524799205383,0.0,1.0,100,perfect_m_fixed_pi,statistical power
tikz-v1,figure2,power_atlas_r1_c1,$N_{eff}$ by $m$; fixed $\pi_1=0.05$,1,heatmap_cell,weighted_wcs_homogeneous,perfect,m_fixed_pi,1.6989700043360187,3.6,1.548455006504028,1.8494850021680092,3.5,3.7,50.0,test batch size $m$,0.1,50,0.05,,1.0,1.0,1.0,0.0799999999999999,-1.2021612470193532,0.0,1.0,100,perfect_m_fixed_pi,statistical power
tikz-v1,figure2,power_atlas_r1_c1,$N_{eff}$ by $m$; fixed $\pi_1=0.05$,1,heatmap_cell,weighted_wcs_homogeneous,perfect,m_fixed_pi,1.6989700043360187,3.8,1.548455006504028,1.8494850021680092,3.7,3.9,50.0,test batch size $m$,0.1,50,0.05,,1.0,1.0,1.0,0.0676666666666666,-1.402158171502738,0.0,1.0,100,perfect_m_fixed_pi,statistical power
tikz-v1,figure2,power_atlas_r1_c1,$N_{eff}$ by $m$; fixed $\pi_1=0.05$,1,heatmap_cell,weighted_wcs_homogeneous,perfect,m_fixed_pi,1.6989700043360187,4.0,1.548455006504028,1.8494850021680092,3.9,4.1,50.0,test batch size $m$,0.1,50,0.05,,1.0,1.0,1.0,0.0776666666666666,-1.5563507530290894,0.0,1.0,100,perfect_m_fixed_pi,statistical power
tikz-v1,figure2,power_atlas_r1_c1,$N_{eff}$ by $m$; fixed $\pi_1=0.05$,1,heatmap_cell,weighted_wcs_homogeneous,perfect,m_fixed_pi,2.0,1.4,1.8494850021680092,2.15051499783199,1.3,1.5,100.0,test batch size $m$,0.1,100,0.05,,0.07,0.07,0.16,0.0066666666666666,0.8860566476931633,0.92,1.0,100,perfect_m_fixed_pi,statistical power
tikz-v1,figure2,power_atlas_r1_c1,$N_{eff}$ by $m$; fixed $\pi_1=0.05$,1,heatmap_cell,weighted_wcs_homogeneous,perfect,m_fixed_pi,2.0,1.6,1.8494850021680092,2.15051499783199,1.5,1.7,100.0,test batch size $m$,0.1,100,0.05,,0.026,0.026,0.07,0.0125,0.6906287565830828,0.96,1.0,100,perfect_m_fixed_pi,statistical power
tikz-v1,figure2,power_atlas_r1_c1,$N_{eff}$ by $m$; fixed $\pi_1=0.05$,1,heatmap_cell,weighted_wcs_homogeneous,perfect,m_fixed_pi,2.0,1.7999999999999998,1.8494850021680092,2.15051499783199,1.7,1.9,100.0,test batch size $m$,0.1,100,0.05,,0.0939999999999999,0.0939999999999999,0.19,0.035,0.4740810299254679,0.82,1.0,100,perfect_m_fixed_pi,statistical power
tikz-v1,figure2,power_atlas_r1_c1,$N_{eff}$ by $m$; fixed $\pi_1=0.05$,1,heatmap_cell,weighted_wcs_homogeneous,perfect,m_fixed_pi,2.0,2.0,1.8494850021680092,2.15051499783199,1.9,2.1,100.0,test batch size $m$,0.1,100,0.05,,0.168,0.168,0.28,0.0301666666666666,0.2967086218813386,0.77,1.0,100,perfect_m_fixed_pi,statistical power
tikz-v1,figure2,power_atlas_r1_c1,$N_{eff}$ by $m$; fixed $\pi_1=0.05$,1,heatmap_cell,weighted_wcs_homogeneous,perfect,m_fixed_pi,2.0,2.2,1.8494850021680092,2.15051499783199,2.1,2.3,100.0,test batch size $m$,0.1,100,0.05,,0.358,0.358,0.51,0.0584999999999999,0.0501032181554474,0.63,1.0,100,perfect_m_fixed_pi,statistical power
tikz-v1,figure2,power_atlas_r1_c1,$N_{eff}$ by $m$; fixed $\pi_1=0.05$,1,heatmap_cell,weighted_wcs_homogeneous,perfect,m_fixed_pi,2.0,2.4,1.8494850021680092,2.15051499783199,2.3,2.5,100.0,test batch size $m$,0.1,100,0.05,,0.768,0.768,0.83,0.0849801587301587,-0.1509709528583968,0.14,1.0,100,perfect_m_fixed_pi,statistical power
tikz-v1,figure2,power_atlas_r1_c1,$N_{eff}$ by $m$; fixed $\pi_1=0.05$,1,heatmap_cell,weighted_wcs_homogeneous,perfect,m_fixed_pi,2.0,2.6,1.8494850021680092,2.15051499783199,2.5,2.7,100.0,test batch size $m$,0.1,100,0.05,,0.8960000000000001,0.8960000000000001,0.96,0.0795039682539682,-0.2999429000227671,0.04,1.0,100,perfect_m_fixed_pi,statistical power
tikz-v1,figure2,power_atlas_r1_c1,$N_{eff}$ by $m$; fixed $\pi_1=0.05$,1,heatmap_cell,weighted_wcs_homogeneous,perfect,m_fixed_pi,2.0,2.8,1.8494850021680092,2.15051499783199,2.7,2.9,100.0,test batch size $m$,0.1,100,0.05,,0.958,0.958,0.98,0.0960854978354978,-0.5314255933834733,0.0,1.0,100,perfect_m_fixed_pi,statistical power
tikz-v1,figure2,power_atlas_r1_c1,$N_{eff}$ by $m$; fixed $\pi_1=0.05$,1,heatmap_cell,weighted_wcs_homogeneous,perfect,m_fixed_pi,2.0,3.0,1.8494850021680092,2.15051499783199,2.9,3.1,100.0,test batch size $m$,0.1,100,0.05,,0.988,0.988,1.0,0.0845992063492063,-0.7365684088475615,0.0,1.0,100,perfect_m_fixed_pi,statistical power
tikz-v1,figure2,power_atlas_r1_c1,$N_{eff}$ by $m$; fixed $\pi_1=0.05$,1,heatmap_cell,weighted_wcs_homogeneous,perfect,m_fixed_pi,2.0,3.2,1.8494850021680092,2.15051499783199,3.1,3.3,100.0,test batch size $m$,0.1,100,0.05,,0.996,0.996,1.0,0.0859722222222222,-0.8992731873176038,0.0,1.0,100,perfect_m_fixed_pi,statistical power
tikz-v1,figure2,power_atlas_r1_c1,$N_{eff}$ by $m$; fixed $\pi_1=0.05$,1,heatmap_cell,weighted_wcs_homogeneous,perfect,m_fixed_pi,2.0,3.4,1.8494850021680092,2.15051499783199,3.3,3.5,100.0,test batch size $m$,0.1,100,0.05,,1.0,1.0,1.0,0.0928571428571428,-1.0991624929285948,0.0,1.0,100,perfect_m_fixed_pi,statistical power
tikz-v1,figure2,power_atlas_r1_c1,$N_{eff}$ by $m$; fixed $\pi_1=0.05$,1,heatmap_cell,weighted_wcs_homogeneous,perfect,m_fixed_pi,2.0,3.6,1.8494850021680092,2.15051499783199,3.5,3.7,100.0,test batch size $m$,0.1,100,0.05,,1.0,1.0,1.0,0.0798015873015873,-1.2957048353684322,0.0,1.0,100,perfect_m_fixed_pi,statistical power
tikz-v1,figure2,power_atlas_r1_c1,$N_{eff}$ by $m$; fixed $\pi_1=0.05$,1,heatmap_cell,weighted_wcs_homogeneous,perfect,m_fixed_pi,2.0,3.8,1.8494850021680092,2.15051499783199,3.7,3.9,100.0,test batch size $m$,0.1,100,0.05,,1.0,1.0,1.0,0.0971825396825396,-1.4825974206431831,0.0,1.0,100,perfect_m_fixed_pi,statistical power
tikz-v1,figure2,power_atlas_r1_c1,$N_{eff}$ by $m$; fixed $\pi_1=0.05$,1,heatmap_cell,weighted_wcs_homogeneous,perfect,m_fixed_pi,2.0,4.0,1.8494850021680092,2.15051499783199,3.9,4.1,100.0,test batch size $m$,0.1,100,0.05,,1.0,1.0,1.0,0.1032738095238095,-1.653260766037146,0.0,1.0,100,perfect_m_fixed_pi,statistical power
tikz-v1,figure2,power_atlas_r1_c1,$N_{eff}$ by $m$; fixed $\pi_1=0.05$,1,heatmap_cell,weighted_wcs_homogeneous,perfect,m_fixed_pi,2.3010299956639813,1.4,2.15051499783199,2.5,1.3,1.5,200.0,test batch size $m$,0.1,200,0.05,,0.052,0.052,0.1,0.0144682539682539,0.8860566476931633,0.92,1.0,100,perfect_m_fixed_pi,statistical power
tikz-v1,figure2,power_atlas_r1_c1,$N_{eff}$ by $m$; fixed $\pi_1=0.05$,1,heatmap_cell,weighted_wcs_homogeneous,perfect,m_fixed_pi,2.3010299956639813,1.6,2.15051499783199,2.5,1.5,1.7,200.0,test batch size $m$,0.1,200,0.05,,0.051,0.051,0.13,0.0137619047619047,0.6882461389442457,0.9,1.0,100,perfect_m_fixed_pi,statistical power
tikz-v1,figure2,power_atlas_r1_c1,$N_{eff}$ by $m$; fixed $\pi_1=0.05$,1,heatmap_cell,weighted_wcs_homogeneous,perfect,m_fixed_pi,2.3010299956639813,1.7999999999999998,2.15051499783199,2.5,1.7,1.9,200.0,test batch size $m$,0.1,200,0.05,,0.087,0.087,0.2,0.0273412698412698,0.494850021680094,0.88,1.0,100,perfect_m_fixed_pi,statistical power
tikz-v1,figure2,power_atlas_r1_c1,$N_{eff}$ by $m$; fixed $\pi_1=0.05$,1,heatmap_cell,weighted_wcs_homogeneous,perfect,m_fixed_pi,2.3010299956639813,2.0,2.15051499783199,2.5,1.9,2.1,200.0,test batch size $m$,0.1,200,0.05,,0.168,0.168,0.3,0.0441511544011544,0.2957029707504909,0.82,1.0,100,perfect_m_fixed_pi,statistical power
tikz-v1,figure2,power_atlas_r1_c1,$N_{eff}$ by $m$; fixed $\pi_1=0.05$,1,heatmap_cell,weighted_wcs_homogeneous,perfect,m_fixed_pi,2.3010299956639813,2.2,2.15051499783199,2.5,2.1,2.3,200.0,test batch size $m$,0.1,200,0.05,,0.3939999999999999,0.3939999999999999,0.54,0.0568618048618048,0.096469351732232,0.71,1.0,100,perfect_m_fixed_pi,statistical power
tikz-v1,figure2,power_atlas_r1_c1,$N_{eff}$ by $m$; fixed $\pi_1=0.05$,1,heatmap_cell,weighted_wcs_homogeneous,perfect,m_fixed_pi,2.3010299956639813,2.4,2.15051499783199,2.5,2.3,2.5,200.0,test batch size $m$,0.1,200,0.05,,0.742,0.742,0.84,0.0826327838827838,-0.1003705451175629,0.2,1.0,100,perfect_m_fixed_pi,statistical power
tikz-v1,figure2,power_atlas_r1_c1,$N_{eff}$ by $m$; fixed $\pi_1=0.05$,1,heatmap_cell,weighted_wcs_homogeneous,perfect,m_fixed_pi,2.3010299956639813,2.6,2.15051499783199,2.5,2.5,2.7,200.0,test batch size $m$,0.1,200,0.05,,0.8580000000000001,0.8580000000000001,0.91,0.0664103723074311,-0.36078268987328,0.0,1.0,100,perfect_m_fixed_pi,statistical power
tikz-v1,figure2,power_atlas_r1_c1,$N_{eff}$ by $m$; fixed $\pi_1=0.05$,1,heatmap_cell,weighted_wcs_homogeneous,perfect,m_fixed_pi,2.3010299956639813,2.8,2.15051499783199,2.5,2.7,2.9,200.0,test batch size $m$,0.1,200,0.05,,0.967,0.967,1.0,0.0867071131482896,-0.4996870826184039,0.0,1.0,100,perfect_m_fixed_pi,statistical power
tikz-v1,figure2,power_atlas_r1_c1,$N_{eff}$ by $m$; fixed $\pi_1=0.05$,1,heatmap_cell,weighted_wcs_homogeneous,perfect,m_fixed_pi,2.3010299956639813,3.0,2.15051499783199,2.5,2.9,3.1,200.0,test batch size $m$,0.1,200,0.05,,0.984,0.984,0.99,0.0788048618048618,-0.6994040818153374,0.0,1.0,100,perfect_m_fixed_pi,statistical power
tikz-v1,figure2,power_atlas_r1_c1,$N_{eff}$ by $m$; fixed $\pi_1=0.05$,1,heatmap_cell,weighted_wcs_homogeneous,perfect,m_fixed_pi,2.3010299956639813,3.2,2.15051499783199,2.5,3.1,3.3,200.0,test batch size $m$,0.1,200,0.05,,0.994,0.994,1.0,0.0749753579753579,-0.8992731873176038,0.0,1.0,100,perfect_m_fixed_pi,statistical power
tikz-v1,figure2,power_atlas_r1_c1,$N_{eff}$ by $m$; fixed $\pi_1=0.05$,1,heatmap_cell,weighted_wcs_homogeneous,perfect,m_fixed_pi,2.3010299956639813,3.4,2.15051499783199,2.5,3.3,3.5,200.0,test batch size $m$,0.1,200,0.05,,0.999,0.999,1.0,0.113037962037962,-1.0991624929285948,0.0,1.0,100,perfect_m_fixed_pi,statistical power
tikz-v1,figure2,power_atlas_r1_c1,$N_{eff}$ by $m$; fixed $\pi_1=0.05$,1,heatmap_cell,weighted_wcs_homogeneous,perfect,m_fixed_pi,2.3010299956639813,3.6,2.15051499783199,2.5,3.5,3.7,200.0,test batch size $m$,0.1,200,0.05,,1.0,1.0,1.0,0.0905860805860805,-1.2903262935376691,0.0,1.0,100,perfect_m_fixed_pi,statistical power
tikz-v1,figure2,power_atlas_r1_c1,$N_{eff}$ by $m$; fixed $\pi_1=0.05$,1,heatmap_cell,weighted_wcs_homogeneous,perfect,m_fixed_pi,2.3010299956639813,3.8,2.15051499783199,2.5,3.7,3.9,200.0,test batch size $m$,0.1,200,0.05,,1.0,1.0,1.0,0.0923709623709623,-1.4591223608860877,0.0,1.0,100,perfect_m_fixed_pi,statistical power
tikz-v1,figure2,power_atlas_r1_c1,$N_{eff}$ by $m$; fixed $\pi_1=0.05$,1,heatmap_cell,weighted_wcs_homogeneous,perfect,m_fixed_pi,2.3010299956639813,4.0,2.15051499783199,2.5,3.9,4.1,200.0,test batch size $m$,0.1,200,0.05,,1.0,1.0,1.0,0.0878604728604728,-1.605337035235906,0.0,1.0,100,perfect_m_fixed_pi,statistical power
tikz-v1,figure2,power_atlas_r1_c1,$N_{eff}$ by $m$; fixed $\pi_1=0.05$,1,heatmap_cell,weighted_wcs_homogeneous,perfect,m_fixed_pi,2.6989700043360187,1.4,2.5,2.8494850021680094,1.3,1.5,500.0,test batch size $m$,0.1,500,0.05,,0.0375999999999999,0.0375999999999999,0.09,0.0264631564088085,0.902203993238238,0.93,1.0,100,perfect_m_fixed_pi,statistical power
tikz-v1,figure2,power_atlas_r1_c1,$N_{eff}$ by $m$; fixed $\pi_1=0.05$,1,heatmap_cell,weighted_wcs_homogeneous,perfect,m_fixed_pi,2.6989700043360187,1.6,2.5,2.8494850021680094,1.5,1.7,500.0,test batch size $m$,0.1,500,0.05,,0.0424,0.0424,0.1,0.0120485568353215,0.6963635910447464,0.92,1.0,100,perfect_m_fixed_pi,statistical power
tikz-v1,figure2,power_atlas_r1_c1,$N_{eff}$ by $m$; fixed $\pi_1=0.05$,1,heatmap_cell,weighted_wcs_homogeneous,perfect,m_fixed_pi,2.6989700043360187,1.7999999999999998,2.5,2.8494850021680094,1.7,1.9,500.0,test batch size $m$,0.1,500,0.05,,0.0756,0.0756,0.15,0.0187297602488745,0.494850021680094,0.82,1.0,100,perfect_m_fixed_pi,statistical power
tikz-v1,figure2,power_atlas_r1_c1,$N_{eff}$ by $m$; fixed $\pi_1=0.05$,1,heatmap_cell,weighted_wcs_homogeneous,perfect,m_fixed_pi,2.6989700043360187,2.0,2.5,2.8494850021680094,1.9,2.1,500.0,test batch size $m$,0.1,500,0.05,,0.1348,0.1348,0.29,0.0368122441150355,0.2967086218813386,0.85,1.0,100,perfect_m_fixed_pi,statistical power
tikz-v1,figure2,power_atlas_r1_c1,$N_{eff}$ by $m$; fixed $\pi_1=0.05$,1,heatmap_cell,weighted_wcs_homogeneous,perfect,m_fixed_pi,2.6989700043360187,2.2,2.5,2.8494850021680094,2.1,2.3,500.0,test batch size $m$,0.1,500,0.05,,0.3176,0.3176,0.48,0.0507761710154983,0.0996328713435296,0.73,1.0,100,perfect_m_fixed_pi,statistical power
tikz-v1,figure2,power_atlas_r1_c1,$N_{eff}$ by $m$; fixed $\pi_1=0.05$,1,heatmap_cell,weighted_wcs_homogeneous,perfect,m_fixed_pi,2.6989700043360187,2.4,2.5,2.8494850021680094,2.3,2.5,500.0,test batch size $m$,0.1,500,0.05,,0.7495999999999999,0.7495999999999999,0.85,0.0616949768064453,-0.0977417527411066,0.25,1.0,100,perfect_m_fixed_pi,statistical power
tikz-v1,figure2,power_atlas_r1_c1,$N_{eff}$ by $m$; fixed $\pi_1=0.05$,1,heatmap_cell,weighted_wcs_homogeneous,perfect,m_fixed_pi,2.6989700043360187,2.6,2.5,2.8494850021680094,2.5,2.7,500.0,test batch size $m$,0.1,500,0.05,,0.8859999999999999,0.8859999999999999,0.94,0.0749755289428474,-0.2999429000227671,0.01,1.0,100,perfect_m_fixed_pi,statistical power
tikz-v1,figure2,power_atlas_r1_c1,$N_{eff}$ by $m$; fixed $\pi_1=0.05$,1,heatmap_cell,weighted_wcs_homogeneous,perfect,m_fixed_pi,2.6989700043360187,2.8,2.5,2.8494850021680094,2.7,2.9,500.0,test batch size $m$,0.1,500,0.05,,0.9496,0.9496,0.97,0.0736402010151151,-0.4996870826184039,0.0,1.0,100,perfect_m_fixed_pi,statistical power
tikz-v1,figure2,power_atlas_r1_c1,$N_{eff}$ by $m$; fixed $\pi_1=0.05$,1,heatmap_cell,weighted_wcs_homogeneous,perfect,m_fixed_pi,2.6989700043360187,3.0,2.5,2.8494850021680094,2.9,3.1,500.0,test batch size $m$,0.1,500,0.05,,0.9692,0.9692,0.98,0.0972297655927211,-0.6994040818153374,0.0,1.0,100,perfect_m_fixed_pi,statistical power
tikz-v1,figure2,power_atlas_r1_c1,$N_{eff}$ by $m$; fixed $\pi_1=0.05$,1,heatmap_cell,weighted_wcs_homogeneous,perfect,m_fixed_pi,2.6989700043360187,3.2,2.5,2.8494850021680094,3.1,3.3,500.0,test batch size $m$,0.1,500,0.05,,0.9876,0.9876,0.99,0.0871288713253952,-0.8992731873176038,0.0,1.0,100,perfect_m_fixed_pi,statistical power
tikz-v1,figure2,power_atlas_r1_c1,$N_{eff}$ by $m$; fixed $\pi_1=0.05$,1,heatmap_cell,weighted_wcs_homogeneous,perfect,m_fixed_pi,2.6989700043360187,3.4,2.5,2.8494850021680094,3.3,3.5,500.0,test batch size $m$,0.1,500,0.05,,0.9896,0.9896,0.99,0.0816559374975949,-1.0534626049254554,0.0,1.0,100,perfect_m_fixed_pi,statistical power
tikz-v1,figure2,power_atlas_r1_c1,$N_{eff}$ by $m$; fixed $\pi_1=0.05$,1,heatmap_cell,weighted_wcs_homogeneous,perfect,m_fixed_pi,2.6989700043360187,3.6,2.5,2.8494850021680094,3.5,3.7,500.0,test batch size $m$,0.1,500,0.05,,1.0,1.0,1.0,0.0999117938564545,-1.2562260690064542,0.0,1.0,100,perfect_m_fixed_pi,statistical power
tikz-v1,figure2,power_atlas_r1_c1,$N_{eff}$ by $m$; fixed $\pi_1=0.05$,1,heatmap_cell,weighted_wcs_homogeneous,perfect,m_fixed_pi,2.6989700043360187,3.8,2.5,2.8494850021680094,3.7,3.9,500.0,test batch size $m$,0.1,500,0.05,,1.0,1.0,1.0,0.0999116202901658,-1.4533183400470375,0.0,1.0,100,perfect_m_fixed_pi,statistical power
tikz-v1,figure2,power_atlas_r1_c1,$N_{eff}$ by $m$; fixed $\pi_1=0.05$,1,heatmap_cell,weighted_wcs_homogeneous,perfect,m_fixed_pi,2.6989700043360187,4.0,2.5,2.8494850021680094,3.9,4.1,500.0,test batch size $m$,0.1,500,0.05,,1.0,1.0,1.0,0.0953060312442264,-1.5602919577107652,0.0,1.0,100,perfect_m_fixed_pi,statistical power
tikz-v1,figure2,power_atlas_r1_c1,$N_{eff}$ by $m$; fixed $\pi_1=0.05$,1,heatmap_cell,weighted_wcs_homogeneous,perfect,m_fixed_pi,3.0,1.4,2.8494850021680094,3.15051499783199,1.3,1.5,1000.0,test batch size $m$,0.1,1000,0.05,,0.0375999999999999,0.0375999999999999,0.08,0.0077174947881469,0.9208187539523752,0.93,1.0,100,perfect_m_fixed_pi,statistical power
tikz-v1,figure2,power_atlas_r1_c1,$N_{eff}$ by $m$; fixed $\pi_1=0.05$,1,heatmap_cell,weighted_wcs_homogeneous,perfect,m_fixed_pi,3.0,1.6,2.8494850021680094,3.15051499783199,1.5,1.7,1000.0,test batch size $m$,0.1,1000,0.05,,0.045,0.045,0.13,0.0136014988595633,0.7328282715969862,0.9,1.0,100,perfect_m_fixed_pi,statistical power
tikz-v1,figure2,power_atlas_r1_c1,$N_{eff}$ by $m$; fixed $\pi_1=0.05$,1,heatmap_cell,weighted_wcs_homogeneous,perfect,m_fixed_pi,3.0,1.7999999999999998,2.8494850021680094,3.15051499783199,1.7,1.9,1000.0,test batch size $m$,0.1,1000,0.05,,0.0968,0.0968,0.19,0.0326102611737859,0.5220748536995296,0.89,1.0,100,perfect_m_fixed_pi,statistical power
tikz-v1,figure2,power_atlas_r1_c1,$N_{eff}$ by $m$; fixed $\pi_1=0.05$,1,heatmap_cell,weighted_wcs_homogeneous,perfect,m_fixed_pi,3.0,2.0,2.8494850021680094,3.15051499783199,1.9,2.1,1000.0,test batch size $m$,0.1,1000,0.05,,0.165,0.165,0.3,0.027995593129445,0.2967086218813386,0.77,1.0,100,perfect_m_fixed_pi,statistical power
tikz-v1,figure2,power_atlas_r1_c1,$N_{eff}$ by $m$; fixed $\pi_1=0.05$,1,heatmap_cell,weighted_wcs_homogeneous,perfect,m_fixed_pi,3.0,2.2,2.8494850021680094,3.15051499783199,2.1,2.3,1000.0,test batch size $m$,0.1,1000,0.05,,0.3265999999999999,0.3265999999999999,0.45,0.0513393891324255,0.0996328713435296,0.76,1.0,100,perfect_m_fixed_pi,statistical power
tikz-v1,figure2,power_atlas_r1_c1,$N_{eff}$ by $m$; fixed $\pi_1=0.05$,1,heatmap_cell,weighted_wcs_homogeneous,perfect,m_fixed_pi,3.0,2.4,2.8494850021680094,3.15051499783199,2.3,2.5,1000.0,test batch size $m$,0.1,1000,0.05,,0.7548000000000001,0.7548000000000001,0.87,0.0701478532349151,-0.1003705451175629,0.32,1.0,100,perfect_m_fixed_pi,statistical power
tikz-v1,figure2,power_atlas_r1_c1,$N_{eff}$ by $m$; fixed $\pi_1=0.05$,1,heatmap_cell,weighted_wcs_homogeneous,perfect,m_fixed_pi,3.0,2.6,2.8494850021680094,3.15051499783199,2.5,2.7,1000.0,test batch size $m$,0.1,1000,0.05,,0.8371999999999999,0.8371999999999999,0.89,0.0717842189489028,-0.2788650090961165,0.0,1.0,100,perfect_m_fixed_pi,statistical power
tikz-v1,figure2,power_atlas_r1_c1,$N_{eff}$ by $m$; fixed $\pi_1=0.05$,1,heatmap_cell,weighted_wcs_homogeneous,perfect,m_fixed_pi,3.0,2.8,2.8494850021680094,3.15051499783199,2.7,2.9,1000.0,test batch size $m$,0.1,1000,0.05,,0.9584,0.9584,0.98,0.0762142644542236,-0.4932483943715464,0.0,1.0,100,perfect_m_fixed_pi,statistical power
tikz-v1,figure2,power_atlas_r1_c1,$N_{eff}$ by $m$; fixed $\pi_1=0.05$,1,heatmap_cell,weighted_wcs_homogeneous,perfect,m_fixed_pi,3.0,3.0,2.8494850021680094,3.15051499783199,2.9,3.1,1000.0,test batch size $m$,0.1,1000,0.05,,0.983,0.983,0.99,0.0888237558316173,-0.6994040818153374,0.0,1.0,100,perfect_m_fixed_pi,statistical power
tikz-v1,figure2,power_atlas_r1_c1,$N_{eff}$ by $m$; fixed $\pi_1=0.05$,1,heatmap_cell,weighted_wcs_homogeneous,perfect,m_fixed_pi,3.0,3.2,2.8494850021680094,3.15051499783199,3.1,3.3,1000.0,test batch size $m$,0.1,1000,0.05,,0.9966,0.9966,1.0,0.0872459414011092,-0.8992731873176038,0.0,1.0,100,perfect_m_fixed_pi,statistical power
tikz-v1,figure2,power_atlas_r1_c1,$N_{eff}$ by $m$; fixed $\pi_1=0.05$,1,heatmap_cell,weighted_wcs_homogeneous,perfect,m_fixed_pi,3.0,3.4,2.8494850021680094,3.15051499783199,3.3,3.5,1000.0,test batch size $m$,0.1,1000,0.05,,1.0,1.0,1.0,0.0996737669101746,-1.0534626049254554,0.0,1.0,100,perfect_m_fixed_pi,statistical power
tikz-v1,figure2,power_atlas_r1_c1,$N_{eff}$ by $m$; fixed $\pi_1=0.05$,1,heatmap_cell,weighted_wcs_homogeneous,perfect,m_fixed_pi,3.0,3.6,2.8494850021680094,3.15051499783199,3.5,3.7,1000.0,test batch size $m$,0.1,1000,0.05,,1.0,1.0,1.0,0.0978491230458363,-1.2533380053261065,0.0,1.0,100,perfect_m_fixed_pi,statistical power
tikz-v1,figure2,power_atlas_r1_c1,$N_{eff}$ by $m$; fixed $\pi_1=0.05$,1,heatmap_cell,weighted_wcs_homogeneous,perfect,m_fixed_pi,3.0,3.8,2.8494850021680094,3.15051499783199,3.7,3.9,1000.0,test batch size $m$,0.1,1000,0.05,,1.0,1.0,1.0,0.0921150521697563,-1.4533183400470375,0.0,1.0,100,perfect_m_fixed_pi,statistical power
tikz-v1,figure2,power_atlas_r1_c1,$N_{eff}$ by $m$; fixed $\pi_1=0.05$,1,heatmap_cell,weighted_wcs_homogeneous,perfect,m_fixed_pi,3.0,4.0,2.8494850021680094,3.15051499783199,3.9,4.1,1000.0,test batch size $m$,0.1,1000,0.05,,1.0,1.0,1.0,0.0863782786453771,-1.5650732482499454,0.0,1.0,100,perfect_m_fixed_pi,statistical power
tikz-v1,figure2,power_atlas_r1_c1,$N_{eff}$ by $m$; fixed $\pi_1=0.05$,1,heatmap_cell,weighted_wcs_homogeneous,perfect,m_fixed_pi,3.3010299956639813,1.4,3.15051499783199,3.451544993495972,1.3,1.5,2000.0,test batch size $m$,0.1,2000,0.05,,0.0174,0.0174,0.05,0.0142848875661375,0.91956098806179,0.93,1.0,100,perfect_m_fixed_pi,statistical power
tikz-v1,figure2,power_atlas_r1_c1,$N_{eff}$ by $m$; fixed $\pi_1=0.05$,1,heatmap_cell,weighted_wcs_homogeneous,perfect,m_fixed_pi,3.3010299956639813,1.6,3.15051499783199,3.451544993495972,1.5,1.7,2000.0,test batch size $m$,0.1,2000,0.05,,0.0550999999999999,0.0550999999999999,0.16,0.0404585247619039,0.6882461389442457,0.95,1.0,100,perfect_m_fixed_pi,statistical power
tikz-v1,figure2,power_atlas_r1_c1,$N_{eff}$ by $m$; fixed $\pi_1=0.05$,1,heatmap_cell,weighted_wcs_homogeneous,perfect,m_fixed_pi,3.3010299956639813,1.7999999999999998,3.15051499783199,3.451544993495972,1.7,1.9,2000.0,test batch size $m$,0.1,2000,0.05,,0.0458,0.0458,0.12,0.0316287120470899,0.5376020021010439,0.91,1.0,100,perfect_m_fixed_pi,statistical power
tikz-v1,figure2,power_atlas_r1_c1,$N_{eff}$ by $m$; fixed $\pi_1=0.05$,1,heatmap_cell,weighted_wcs_homogeneous,perfect,m_fixed_pi,3.3010299956639813,2.0,3.15051499783199,3.451544993495972,1.9,2.1,2000.0,test batch size $m$,0.1,2000,0.05,,0.1064,0.1064,0.21,0.027695315489611,0.3419886033428876,0.87,1.0,100,perfect_m_fixed_pi,statistical power
tikz-v1,figure2,power_atlas_r1_c1,$N_{eff}$ by $m$; fixed $\pi_1=0.05$,1,heatmap_cell,weighted_wcs_homogeneous,perfect,m_fixed_pi,3.3010299956639813,2.2,3.15051499783199,3.451544993495972,2.1,2.3,2000.0,test batch size $m$,0.1,2000,0.05,,0.351,0.351,0.51,0.0559156680339573,0.1018506072422642,0.74,1.0,100,perfect_m_fixed_pi,statistical power
tikz-v1,figure2,power_atlas_r1_c1,$N_{eff}$ by $m$; fixed $\pi_1=0.05$,1,heatmap_cell,weighted_wcs_homogeneous,perfect,m_fixed_pi,3.3010299956639813,2.4,3.15051499783199,3.451544993495972,2.3,2.5,2000.0,test batch size $m$,0.1,2000,0.05,,0.7347,0.7347,0.85,0.0697622499236248,-0.0549958615291414,0.35,1.0,100,perfect_m_fixed_pi,statistical power
tikz-v1,figure2,power_atlas_r1_c1,$N_{eff}$ by $m$; fixed $\pi_1=0.05$,1,heatmap_cell,weighted_wcs_homogeneous,perfect,m_fixed_pi,3.3010299956639813,2.6,3.15051499783199,3.451544993495972,2.5,2.7,2000.0,test batch size $m$,0.1,2000,0.05,,0.8875,0.8875,0.94,0.0840558855488071,-0.2686020471568215,0.0,1.0,100,perfect_m_fixed_pi,statistical power
tikz-v1,figure2,power_atlas_r1_c1,$N_{eff}$ by $m$; fixed $\pi_1=0.05$,1,heatmap_cell,weighted_wcs_homogeneous,perfect,m_fixed_pi,3.3010299956639813,2.8,3.15051499783199,3.451544993495972,2.7,2.9,2000.0,test batch size $m$,0.1,2000,0.05,,0.9763,0.9763,1.0,0.0994450042871983,-0.4908307446708322,0.0,1.0,100,perfect_m_fixed_pi,statistical power
tikz-v1,figure2,power_atlas_r1_c1,$N_{eff}$ by $m$; fixed $\pi_1=0.05$,1,heatmap_cell,weighted_wcs_homogeneous,perfect,m_fixed_pi,3.3010299956639813,3.0,3.15051499783199,3.451544993495972,2.9,3.1,2000.0,test batch size $m$,0.1,2000,0.05,,0.9698,0.9698,0.98,0.0827232177324447,-0.6941189406623293,0.0,1.0,100,perfect_m_fixed_pi,statistical power
tikz-v1,figure2,power_atlas_r1_c1,$N_{eff}$ by $m$; fixed $\pi_1=0.05$,1,heatmap_cell,weighted_wcs_homogeneous,perfect,m_fixed_pi,3.3010299956639813,3.2,3.15051499783199,3.451544993495972,3.1,3.3,2000.0,test batch size $m$,0.1,2000,0.05,,0.9765,0.9765,0.98,0.0914665839592866,-0.8849254382275986,0.0,1.0,100,perfect_m_fixed_pi,statistical power
tikz-v1,figure2,power_atlas_r1_c1,$N_{eff}$ by $m$; fixed $\pi_1=0.05$,1,heatmap_cell,weighted_wcs_homogeneous,perfect,m_fixed_pi,3.3010299956639813,3.4,3.15051499783199,3.451544993495972,3.3,3.5,2000.0,test batch size $m$,0.1,2000,0.05,,0.9995,0.9995,1.0,0.0870075713135827,-1.0534626049254554,0.0,1.0,100,perfect_m_fixed_pi,statistical power
tikz-v1,figure2,power_atlas_r1_c1,$N_{eff}$ by $m$; fixed $\pi_1=0.05$,1,heatmap_cell,weighted_wcs_homogeneous,perfect,m_fixed_pi,3.3010299956639813,3.6,3.15051499783199,3.451544993495972,3.5,3.7,2000.0,test batch size $m$,0.1,2000,0.05,,1.0,1.0,1.0,0.0936683561968931,-1.2533380053261065,0.0,1.0,100,perfect_m_fixed_pi,statistical power
tikz-v1,figure2,power_atlas_r1_c1,$N_{eff}$ by $m$; fixed $\pi_1=0.05$,1,heatmap_cell,weighted_wcs_homogeneous,perfect,m_fixed_pi,3.3010299956639813,3.8,3.15051499783199,3.451544993495972,3.7,3.9,2000.0,test batch size $m$,0.1,2000,0.05,,1.0,1.0,1.0,0.0891762390529593,-1.4394398458734583,0.0,1.0,100,perfect_m_fixed_pi,statistical power
tikz-v1,figure2,power_atlas_r1_c1,$N_{eff}$ by $m$; fixed $\pi_1=0.05$,1,heatmap_cell,weighted_wcs_homogeneous,perfect,m_fixed_pi,3.3010299956639813,4.0,3.15051499783199,3.451544993495972,3.9,4.1,2000.0,test batch size $m$,0.1,2000,0.05,,1.0,1.0,1.0,0.0919129756693747,-1.5441300819879646,0.0,1.0,100,perfect_m_fixed_pi,statistical power
tikz-v1,figure2,power_atlas_r1_c3,$N_{eff}$ by anomaly rate,3,heatmap_cell,weighted_wcs_homogeneous,perfect,pi1_sweep,-2.3010299956639813,1.4,-2.451544993495972,-2.15051499783199,1.3,1.5,0.005,anomaly rate $\pi_1$,0.1,1000,0.005,,0.014,0.014,0.03,0.0042857142857142,1.8860566476931635,0.98,1.0,100,perfect_pi1_sweep,statistical power
tikz-v1,figure2,power_atlas_r1_c3,$N_{eff}$ by anomaly rate,3,heatmap_cell,weighted_wcs_homogeneous,perfect,pi1_sweep,-2.3010299956639813,1.6,-2.451544993495972,-2.15051499783199,1.5,1.7,0.005,anomaly rate $\pi_1$,0.1,1000,0.005,,0.002,0.002,0.01,0.0195,1.6751236783231604,0.98,1.0,100,perfect_pi1_sweep,statistical power
tikz-v1,figure2,power_atlas_r1_c3,$N_{eff}$ by anomaly rate,3,heatmap_cell,weighted_wcs_homogeneous,perfect,pi1_sweep,-2.3010299956639813,1.7999999999999998,-2.451544993495972,-2.15051499783199,1.7,1.9,0.005,anomaly rate $\pi_1$,0.1,1000,0.005,,0.006,0.006,0.01,0.0,1.494850021680094,0.98,1.0,100,perfect_pi1_sweep,statistical power
tikz-v1,figure2,power_atlas_r1_c3,$N_{eff}$ by anomaly rate,3,heatmap_cell,weighted_wcs_homogeneous,perfect,pi1_sweep,-2.3010299956639813,2.0,-2.451544993495972,-2.15051499783199,1.9,2.1,0.005,anomaly rate $\pi_1$,0.1,1000,0.005,,0.016,0.016,0.03,0.0057142857142857,1.2929521093832457,0.98,1.0,100,perfect_pi1_sweep,statistical power
tikz-v1,figure2,power_atlas_r1_c3,$N_{eff}$ by anomaly rate,3,heatmap_cell,weighted_wcs_homogeneous,perfect,pi1_sweep,-2.3010299956639813,2.2,-2.451544993495972,-2.15051499783199,2.1,2.3,0.005,anomaly rate $\pi_1$,0.1,1000,0.005,,0.016,0.016,0.05,0.0066666666666666,1.0996328713435295,0.97,1.0,100,perfect_pi1_sweep,statistical power
tikz-v1,figure2,power_atlas_r1_c3,$N_{eff}$ by anomaly rate,3,heatmap_cell,weighted_wcs_homogeneous,perfect,pi1_sweep,-2.3010299956639813,2.4,-2.451544993495972,-2.15051499783199,2.3,2.5,0.005,anomaly rate $\pi_1$,0.1,1000,0.005,,0.052,0.052,0.1,0.0098333333333333,0.8409964434481385,0.89,1.0,100,perfect_pi1_sweep,statistical power
tikz-v1,figure2,power_atlas_r1_c3,$N_{eff}$ by anomaly rate,3,heatmap_cell,weighted_wcs_homogeneous,perfect,pi1_sweep,-2.3010299956639813,2.6,-2.451544993495972,-2.15051499783199,2.5,2.7,0.005,anomaly rate $\pi_1$,0.1,1000,0.005,,0.036,0.036,0.1,0.0095,0.6754735228139089,0.94,1.0,100,perfect_pi1_sweep,statistical power
tikz-v1,figure2,power_atlas_r1_c3,$N_{eff}$ by anomaly rate,3,heatmap_cell,weighted_wcs_homogeneous,perfect,pi1_sweep,-2.3010299956639813,2.8,-2.451544993495972,-2.15051499783199,2.7,2.9,0.005,anomaly rate $\pi_1$,0.1,1000,0.005,,0.094,0.094,0.2,0.045,0.4394955848049434,0.84,1.0,100,perfect_pi1_sweep,statistical power
tikz-v1,figure2,power_atlas_r1_c3,$N_{eff}$ by anomaly rate,3,heatmap_cell,weighted_wcs_homogeneous,perfect,pi1_sweep,-2.3010299956639813,3.0,-2.451544993495972,-2.15051499783199,2.9,3.1,0.005,anomaly rate $\pi_1$,0.1,1000,0.005,,0.144,0.144,0.26,0.0417777777777777,0.3005959181846626,0.8,1.0,100,perfect_pi1_sweep,statistical power
tikz-v1,figure2,power_atlas_r1_c3,$N_{eff}$ by anomaly rate,3,heatmap_cell,weighted_wcs_homogeneous,perfect,pi1_sweep,-2.3010299956639813,3.2,-2.451544993495972,-2.15051499783199,3.1,3.3,0.005,anomaly rate $\pi_1$,0.1,1000,0.005,,0.3799999999999999,0.3799999999999999,0.52,0.0735436507936508,0.0720005492618145,0.68,1.0,100,perfect_pi1_sweep,statistical power
tikz-v1,figure2,power_atlas_r1_c3,$N_{eff}$ by anomaly rate,3,heatmap_cell,weighted_wcs_homogeneous,perfect,pi1_sweep,-2.3010299956639813,3.4,-2.451544993495972,-2.15051499783199,3.3,3.5,0.005,anomaly rate $\pi_1$,0.1,1000,0.005,,0.76,0.76,0.82,0.0436071428571428,-0.0991624929285947,0.18,1.0,100,perfect_pi1_sweep,statistical power
tikz-v1,figure2,power_atlas_r1_c3,$N_{eff}$ by anomaly rate,3,heatmap_cell,weighted_wcs_homogeneous,perfect,pi1_sweep,-2.3010299956639813,3.6,-2.451544993495972,-2.15051499783199,3.5,3.7,0.005,anomaly rate $\pi_1$,0.1,1000,0.005,,0.93,0.93,0.96,0.0877380952380952,-0.2990712600274095,0.02,1.0,100,perfect_pi1_sweep,statistical power
tikz-v1,figure2,power_atlas_r1_c3,$N_{eff}$ by anomaly rate,3,heatmap_cell,weighted_wcs_homogeneous,perfect,pi1_sweep,-2.3010299956639813,3.8,-2.451544993495972,-2.15051499783199,3.7,3.9,0.005,anomaly rate $\pi_1$,0.1,1000,0.005,,0.986,0.986,0.99,0.088563492063492,-0.4865096207665369,0.0,1.0,100,perfect_pi1_sweep,statistical power
tikz-v1,figure2,power_atlas_r1_c3,$N_{eff}$ by anomaly rate,3,heatmap_cell,weighted_wcs_homogeneous,perfect,pi1_sweep,-2.3010299956639813,4.0,-2.451544993495972,-2.15051499783199,3.9,4.1,0.005,anomaly rate $\pi_1$,0.1,1000,0.005,,1.0,1.0,1.0,0.1113870851370851,-0.6532607660371458,0.0,1.0,100,perfect_pi1_sweep,statistical power
tikz-v1,figure2,power_atlas_r1_c3,$N_{eff}$ by anomaly rate,3,heatmap_cell,weighted_wcs_homogeneous,perfect,pi1_sweep,-2.0,1.4,-2.15051499783199,-1.8494850021680092,1.3,1.5,0.01,anomaly rate $\pi_1$,0.1,1000,0.01,,0.012,0.012,0.03,0.0088333333333333,1.591896354391209,0.98,1.0,100,perfect_pi1_sweep,statistical power
tikz-v1,figure2,power_atlas_r1_c3,$N_{eff}$ by anomaly rate,3,heatmap_cell,weighted_wcs_homogeneous,perfect,pi1_sweep,-2.0,1.6,-2.15051499783199,-1.8494850021680092,1.5,1.7,0.01,anomaly rate $\pi_1$,0.1,1000,0.01,,0.016,0.016,0.03,0.0062222222222222,1.3872161432802643,0.95,1.0,100,perfect_pi1_sweep,statistical power
tikz-v1,figure2,power_atlas_r1_c3,$N_{eff}$ by anomaly rate,3,heatmap_cell,weighted_wcs_homogeneous,perfect,pi1_sweep,-2.0,1.7999999999999998,-2.15051499783199,-1.8494850021680092,1.7,1.9,0.01,anomaly rate $\pi_1$,0.1,1000,0.01,,0.0289999999999999,0.0289999999999999,0.07,0.0201785714285714,1.193820026016113,0.96,1.0,100,perfect_pi1_sweep,statistical power
tikz-v1,figure2,power_atlas_r1_c3,$N_{eff}$ by anomaly rate,3,heatmap_cell,weighted_wcs_homogeneous,perfect,pi1_sweep,-2.0,2.0,-2.15051499783199,-1.8494850021680092,1.9,2.1,0.01,anomaly rate $\pi_1$,0.1,1000,0.01,,0.01,0.01,0.04,0.0066666666666666,0.9956786262173576,0.96,1.0,100,perfect_pi1_sweep,statistical power
tikz-v1,figure2,power_atlas_r1_c3,$N_{eff}$ by anomaly rate,3,heatmap_cell,weighted_wcs_homogeneous,perfect,pi1_sweep,-2.0,2.2,-2.15051499783199,-1.8494850021680092,2.1,2.3,0.01,anomaly rate $\pi_1$,0.1,1000,0.01,,0.034,0.034,0.1,0.0158055555555555,0.7802231372352895,0.88,1.0,100,perfect_pi1_sweep,statistical power
tikz-v1,figure2,power_atlas_r1_c3,$N_{eff}$ by anomaly rate,3,heatmap_cell,weighted_wcs_homogeneous,perfect,pi1_sweep,-2.0,2.4,-2.15051499783199,-1.8494850021680092,2.3,2.5,0.01,anomaly rate $\pi_1$,0.1,1000,0.01,,0.069,0.069,0.15,0.0267997835497835,0.5734394310189864,0.87,1.0,100,perfect_pi1_sweep,statistical power
tikz-v1,figure2,power_atlas_r1_c3,$N_{eff}$ by anomaly rate,3,heatmap_cell,weighted_wcs_homogeneous,perfect,pi1_sweep,-2.0,2.6,-2.15051499783199,-1.8494850021680092,2.5,2.7,0.01,anomaly rate $\pi_1$,0.1,1000,0.01,,0.136,0.136,0.24,0.0348450438450438,0.3990271043132517,0.8,1.0,100,perfect_pi1_sweep,statistical power
tikz-v1,figure2,power_atlas_r1_c3,$N_{eff}$ by anomaly rate,3,heatmap_cell,weighted_wcs_homogeneous,perfect,pi1_sweep,-2.0,2.8,-2.15051499783199,-1.8494850021680092,2.7,2.9,0.01,anomaly rate $\pi_1$,0.1,1000,0.01,,0.2079999999999999,0.2079999999999999,0.34,0.0322269119769119,0.199282921717615,0.72,1.0,100,perfect_pi1_sweep,statistical power
tikz-v1,figure2,power_atlas_r1_c3,$N_{eff}$ by anomaly rate,3,heatmap_cell,weighted_wcs_homogeneous,perfect,pi1_sweep,-2.0,3.0,-2.15051499783199,-1.8494850021680092,2.9,3.1,0.01,anomaly rate $\pi_1$,0.1,1000,0.01,,0.62,0.62,0.77,0.0697257464757464,-0.0004340774793186,0.43,1.0,100,perfect_pi1_sweep,statistical power
tikz-v1,figure2,power_atlas_r1_c3,$N_{eff}$ by anomaly rate,3,heatmap_cell,weighted_wcs_homogeneous,perfect,pi1_sweep,-2.0,3.2,-2.15051499783199,-1.8494850021680092,3.1,3.3,0.01,anomaly rate $\pi_1$,0.1,1000,0.01,,0.85,0.85,0.93,0.0763721512405723,-0.2003031829815849,0.07,1.0,100,perfect_pi1_sweep,statistical power
tikz-v1,figure2,power_atlas_r1_c3,$N_{eff}$ by anomaly rate,3,heatmap_cell,weighted_wcs_homogeneous,perfect,pi1_sweep,-2.0,3.4,-2.15051499783199,-1.8494850021680092,3.3,3.5,0.01,anomaly rate $\pi_1$,0.1,1000,0.01,,0.948,0.948,0.96,0.0711473526473526,-0.400192488592576,0.0,1.0,100,perfect_pi1_sweep,statistical power
tikz-v1,figure2,power_atlas_r1_c3,$N_{eff}$ by anomaly rate,3,heatmap_cell,weighted_wcs_homogeneous,perfect,pi1_sweep,-2.0,3.6,-2.15051499783199,-1.8494850021680092,3.5,3.7,0.01,anomaly rate $\pi_1$,0.1,1000,0.01,,0.981,0.981,0.99,0.0885382117882117,-0.6001012556913907,0.0,1.0,100,perfect_pi1_sweep,statistical power
tikz-v1,figure2,power_atlas_r1_c3,$N_{eff}$ by anomaly rate,3,heatmap_cell,weighted_wcs_homogeneous,perfect,pi1_sweep,-2.0,3.8,-2.15051499783199,-1.8494850021680092,3.7,3.9,0.01,anomaly rate $\pi_1$,0.1,1000,0.01,,0.998,0.998,1.0,0.0953872108283873,-0.7543483357110188,0.0,1.0,100,perfect_pi1_sweep,statistical power
tikz-v1,figure2,power_atlas_r1_c3,$N_{eff}$ by anomaly rate,3,heatmap_cell,weighted_wcs_homogeneous,perfect,pi1_sweep,-2.0,4.0,-2.15051499783199,-1.8494850021680092,3.9,4.1,0.01,anomaly rate $\pi_1$,0.1,1000,0.01,,1.0,1.0,1.0,0.100051615051615,-0.9118796465654232,0.0,1.0,100,perfect_pi1_sweep,statistical power
tikz-v1,figure2,power_atlas_r1_c3,$N_{eff}$ by anomaly rate,3,heatmap_cell,weighted_wcs_homogeneous,perfect,pi1_sweep,-1.6989700043360187,1.4,-1.8494850021680092,-1.5,1.3,1.5,0.02,anomaly rate $\pi_1$,0.1,1000,0.02,,0.0225,0.0225,0.06,0.0186111111111111,1.317587786286016,0.94,1.0,100,perfect_pi1_sweep,statistical power
tikz-v1,figure2,power_atlas_r1_c3,$N_{eff}$ by anomaly rate,3,heatmap_cell,weighted_wcs_homogeneous,perfect,pi1_sweep,-1.6989700043360187,1.6,-1.8494850021680092,-1.5,1.5,1.7,0.02,anomaly rate $\pi_1$,0.1,1000,0.02,,0.002,0.002,0.01,0.0073333333333333,1.1221598056800937,0.97,1.0,100,perfect_pi1_sweep,statistical power
tikz-v1,figure2,power_atlas_r1_c3,$N_{eff}$ by anomaly rate,3,heatmap_cell,weighted_wcs_homogeneous,perfect,pi1_sweep,-1.6989700043360187,1.7999999999999998,-1.8494850021680092,-1.5,1.7,1.9,0.02,anomaly rate $\pi_1$,0.1,1000,0.02,,0.015,0.015,0.05,0.0195,0.9214380245780766,0.97,1.0,100,perfect_pi1_sweep,statistical power
tikz-v1,figure2,power_atlas_r1_c3,$N_{eff}$ by anomaly rate,3,heatmap_cell,weighted_wcs_homogeneous,perfect,pi1_sweep,-1.6989700043360187,2.0,-1.8494850021680092,-1.5,1.9,2.1,0.02,anomaly rate $\pi_1$,0.1,1000,0.02,,0.061,0.061,0.16,0.0230744949494949,0.6946486305533762,0.9,1.0,100,perfect_pi1_sweep,statistical power
tikz-v1,figure2,power_atlas_r1_c3,$N_{eff}$ by anomaly rate,3,heatmap_cell,weighted_wcs_homogeneous,perfect,pi1_sweep,-1.6989700043360187,2.2,-1.8494850021680092,-1.5,2.1,2.3,0.02,anomaly rate $\pi_1$,0.1,1000,0.02,,0.0835,0.0835,0.2,0.0342918090681248,0.4975728800155673,0.87,1.0,100,perfect_pi1_sweep,statistical power
tikz-v1,figure2,power_atlas_r1_c3,$N_{eff}$ by anomaly rate,3,heatmap_cell,weighted_wcs_homogeneous,perfect,pi1_sweep,-1.6989700043360187,2.4,-1.8494850021680092,-1.5,2.3,2.5,0.02,anomaly rate $\pi_1$,0.1,1000,0.02,,0.173,0.173,0.32,0.0331264427866595,0.2975694635544746,0.79,1.0,100,perfect_pi1_sweep,statistical power
tikz-v1,figure2,power_atlas_r1_c3,$N_{eff}$ by anomaly rate,3,heatmap_cell,weighted_wcs_homogeneous,perfect,pi1_sweep,-1.6989700043360187,2.6,-1.8494850021680092,-1.5,2.5,2.7,0.02,anomaly rate $\pi_1$,0.1,1000,0.02,,0.3759999999999999,0.3759999999999999,0.54,0.0785092205591034,0.0979971086492705,0.77,1.0,100,perfect_pi1_sweep,statistical power
tikz-v1,figure2,power_atlas_r1_c3,$N_{eff}$ by anomaly rate,3,heatmap_cell,weighted_wcs_homogeneous,perfect,pi1_sweep,-1.6989700043360187,2.8,-1.8494850021680092,-1.5,2.7,2.9,0.02,anomaly rate $\pi_1$,0.1,1000,0.02,,0.8,0.8,0.92,0.0831392119351821,-0.1017470739463662,0.23,1.0,100,perfect_pi1_sweep,statistical power
tikz-v1,figure2,power_atlas_r1_c3,$N_{eff}$ by anomaly rate,3,heatmap_cell,weighted_wcs_homogeneous,perfect,pi1_sweep,-1.6989700043360187,3.0,-1.8494850021680092,-1.5,2.9,3.1,0.02,anomaly rate $\pi_1$,0.1,1000,0.02,,0.933,0.933,0.98,0.0893483306948649,-0.3014640731432998,0.0,1.0,100,perfect_pi1_sweep,statistical power
tikz-v1,figure2,power_atlas_r1_c3,$N_{eff}$ by anomaly rate,3,heatmap_cell,weighted_wcs_homogeneous,perfect,pi1_sweep,-1.6989700043360187,3.2,-1.8494850021680092,-1.5,3.1,3.3,0.02,anomaly rate $\pi_1$,0.1,1000,0.02,,0.9575,0.9575,0.98,0.0881315417604772,-0.4911756681800466,0.0,1.0,100,perfect_pi1_sweep,statistical power
tikz-v1,figure2,power_atlas_r1_c3,$N_{eff}$ by anomaly rate,3,heatmap_cell,weighted_wcs_homogeneous,perfect,pi1_sweep,-1.6989700043360187,3.4,-1.8494850021680092,-1.5,3.3,3.5,0.02,anomaly rate $\pi_1$,0.1,1000,0.02,,0.987,0.987,0.99,0.0851671235366887,-0.6733896196426943,0.0,1.0,100,perfect_pi1_sweep,statistical power
tikz-v1,figure2,power_atlas_r1_c3,$N_{eff}$ by anomaly rate,3,heatmap_cell,weighted_wcs_homogeneous,perfect,pi1_sweep,-1.6989700043360187,3.6,-1.8494850021680092,-1.5,3.5,3.7,0.02,anomaly rate $\pi_1$,0.1,1000,0.02,,0.9985,0.9985,1.0,0.0811852205765249,-0.8553979966540689,0.0,1.0,100,perfect_pi1_sweep,statistical power
tikz-v1,figure2,power_atlas_r1_c3,$N_{eff}$ by anomaly rate,3,heatmap_cell,weighted_wcs_homogeneous,perfect,pi1_sweep,-1.6989700043360187,3.8,-1.8494850021680092,-1.5,3.7,3.9,0.02,anomaly rate $\pi_1$,0.1,1000,0.02,,1.0,1.0,1.0,0.1007553107118324,-1.055378331375,0.0,1.0,100,perfect_pi1_sweep,statistical power
tikz-v1,figure2,power_atlas_r1_c3,$N_{eff}$ by anomaly rate,3,heatmap_cell,weighted_wcs_homogeneous,perfect,pi1_sweep,-1.6989700043360187,4.0,-1.8494850021680092,-1.5,3.9,4.1,0.02,anomaly rate $\pi_1$,0.1,1000,0.02,,1.0,1.0,1.0,0.1068803483151309,-1.17819078764433,0.0,1.0,100,perfect_pi1_sweep,statistical power
tikz-v1,figure2,power_atlas_r1_c3,$N_{eff}$ by anomaly rate,3,heatmap_cell,weighted_wcs_homogeneous,perfect,pi1_sweep,-1.3010299956639813,1.4,-1.5,-1.1505149978319906,1.3,1.5,0.05,anomaly rate $\pi_1$,0.1,1000,0.05,,0.02,0.02,0.04,0.0089236605026078,0.9194404252010936,0.92,1.0,100,perfect_pi1_sweep,statistical power
tikz-v1,figure2,power_atlas_r1_c3,$N_{eff}$ by anomaly rate,3,heatmap_cell,weighted_wcs_homogeneous,perfect,pi1_sweep,-1.3010299956639813,1.6,-1.5,-1.1505149978319906,1.5,1.7,0.05,anomaly rate $\pi_1$,0.1,1000,0.05,,0.0424,0.0424,0.08,0.011713994051925,0.7328282715969862,0.92,1.0,100,perfect_pi1_sweep,statistical power
tikz-v1,figure2,power_atlas_r1_c3,$N_{eff}$ by anomaly rate,3,heatmap_cell,weighted_wcs_homogeneous,perfect,pi1_sweep,-1.3010299956639813,1.7999999999999998,-1.5,-1.1505149978319906,1.7,1.9,0.05,anomaly rate $\pi_1$,0.1,1000,0.05,,0.0684,0.0684,0.17,0.0254309287540647,0.5376020021010439,0.9,1.0,100,perfect_pi1_sweep,statistical power
tikz-v1,figure2,power_atlas_r1_c3,$N_{eff}$ by anomaly rate,3,heatmap_cell,weighted_wcs_homogeneous,perfect,pi1_sweep,-1.3010299956639813,2.0,-1.5,-1.1505149978319906,1.9,2.1,0.05,anomaly rate $\pi_1$,0.1,1000,0.05,,0.1262,0.1262,0.24,0.0309058252296343,0.3186971841164878,0.82,1.0,100,perfect_pi1_sweep,statistical power
tikz-v1,figure2,power_atlas_r1_c3,$N_{eff}$ by anomaly rate,3,heatmap_cell,weighted_wcs_homogeneous,perfect,pi1_sweep,-1.3010299956639813,2.2,-1.5,-1.1505149978319906,2.1,2.3,0.05,anomaly rate $\pi_1$,0.1,1000,0.05,,0.3274,0.3274,0.53,0.0522999038116433,0.1426675035687315,0.82,1.0,100,perfect_pi1_sweep,statistical power
tikz-v1,figure2,power_atlas_r1_c3,$N_{eff}$ by anomaly rate,3,heatmap_cell,weighted_wcs_homogeneous,perfect,pi1_sweep,-1.3010299956639813,2.4,-1.5,-1.1505149978319906,2.3,2.5,0.05,anomaly rate $\pi_1$,0.1,1000,0.05,,0.7120000000000001,0.7120000000000001,0.81,0.0709886828410421,-0.1003705451175629,0.26,1.0,100,perfect_pi1_sweep,statistical power
tikz-v1,figure2,power_atlas_r1_c3,$N_{eff}$ by anomaly rate,3,heatmap_cell,weighted_wcs_homogeneous,perfect,pi1_sweep,-1.3010299956639813,2.6,-1.5,-1.1505149978319906,2.5,2.7,0.05,anomaly rate $\pi_1$,0.1,1000,0.05,,0.8994,0.8994,0.95,0.0761037060248573,-0.2865549974906582,0.01,1.0,100,perfect_pi1_sweep,statistical power
tikz-v1,figure2,power_atlas_r1_c3,$N_{eff}$ by anomaly rate,3,heatmap_cell,weighted_wcs_homogeneous,perfect,pi1_sweep,-1.3010299956639813,2.8,-1.5,-1.1505149978319906,2.7,2.9,0.05,anomaly rate $\pi_1$,0.1,1000,0.05,,0.9466,0.9466,0.97,0.0829861949889374,-0.4931857250335613,0.0,1.0,100,perfect_pi1_sweep,statistical power
tikz-v1,figure2,power_atlas_r1_c3,$N_{eff}$ by anomaly rate,3,heatmap_cell,weighted_wcs_homogeneous,perfect,pi1_sweep,-1.3010299956639813,3.0,-1.5,-1.1505149978319906,2.9,3.1,0.05,anomaly rate $\pi_1$,0.1,1000,0.05,,0.9896,0.9896,1.0,0.0820540059285535,-0.6994040818153374,0.0,1.0,100,perfect_pi1_sweep,statistical power
tikz-v1,figure2,power_atlas_r1_c3,$N_{eff}$ by anomaly rate,3,heatmap_cell,weighted_wcs_homogeneous,perfect,pi1_sweep,-1.3010299956639813,3.2,-1.5,-1.1505149978319906,3.1,3.3,0.05,anomaly rate $\pi_1$,0.1,1000,0.05,,0.9884,0.9884,0.99,0.0861850935398619,-0.8936089924566568,0.0,1.0,100,perfect_pi1_sweep,statistical power
tikz-v1,figure2,power_atlas_r1_c3,$N_{eff}$ by anomaly rate,3,heatmap_cell,weighted_wcs_homogeneous,perfect,pi1_sweep,-1.3010299956639813,3.4,-1.5,-1.1505149978319906,3.3,3.5,0.05,anomaly rate $\pi_1$,0.1,1000,0.05,,0.9998,0.9998,1.0,0.0885333865793973,-1.0534626049254554,0.0,1.0,100,perfect_pi1_sweep,statistical power
tikz-v1,figure2,power_atlas_r1_c3,$N_{eff}$ by anomaly rate,3,heatmap_cell,weighted_wcs_homogeneous,perfect,pi1_sweep,-1.3010299956639813,3.6,-1.5,-1.1505149978319906,3.5,3.7,0.05,anomaly rate $\pi_1$,0.1,1000,0.05,,1.0,1.0,1.0,0.0973403136620326,-1.2533380053261065,0.0,1.0,100,perfect_pi1_sweep,statistical power
tikz-v1,figure2,power_atlas_r1_c3,$N_{eff}$ by anomaly rate,3,heatmap_cell,weighted_wcs_homogeneous,perfect,pi1_sweep,-1.3010299956639813,3.8,-1.5,-1.1505149978319906,3.7,3.9,0.05,anomaly rate $\pi_1$,0.1,1000,0.05,,1.0,1.0,1.0,0.0893617597631005,-1.4533183400470375,0.0,1.0,100,perfect_pi1_sweep,statistical power
tikz-v1,figure2,power_atlas_r1_c3,$N_{eff}$ by anomaly rate,3,heatmap_cell,weighted_wcs_homogeneous,perfect,pi1_sweep,-1.3010299956639813,4.0,-1.5,-1.1505149978319906,3.9,4.1,0.05,anomaly rate $\pi_1$,0.1,1000,0.05,,1.0,1.0,1.0,0.0938625688456564,-1.5587827824770388,0.0,1.0,100,perfect_pi1_sweep,statistical power
tikz-v1,figure2,power_atlas_r1_c3,$N_{eff}$ by anomaly rate,3,heatmap_cell,weighted_wcs_homogeneous,perfect,pi1_sweep,-1.0,1.4,-1.1505149978319906,-0.8494850021680094,1.3,1.5,0.1,anomaly rate $\pi_1$,0.1,1000,0.1,,0.0596,0.0596,0.13,0.02411971537702,0.619788758288394,0.9,1.0,100,perfect_pi1_sweep,statistical power
tikz-v1,figure2,power_atlas_r1_c3,$N_{eff}$ by anomaly rate,3,heatmap_cell,weighted_wcs_homogeneous,perfect,pi1_sweep,-1.0,1.6,-1.1505149978319906,-0.8494850021680094,1.5,1.7,0.1,anomaly rate $\pi_1$,0.1,1000,0.1,,0.0941,0.0941,0.24,0.0420123156664314,0.431798275933005,0.91,1.0,100,perfect_pi1_sweep,statistical power
tikz-v1,figure2,power_atlas_r1_c3,$N_{eff}$ by anomaly rate,3,heatmap_cell,weighted_wcs_homogeneous,perfect,pi1_sweep,-1.0,1.7999999999999998,-1.1505149978319906,-0.8494850021680094,1.7,1.9,0.1,anomaly rate $\pi_1$,0.1,1000,0.1,,0.2391999999999999,0.2391999999999999,0.42,0.0441515911988785,0.2347219480162203,0.78,1.0,100,perfect_pi1_sweep,statistical power
tikz-v1,figure2,power_atlas_r1_c3,$N_{eff}$ by anomaly rate,3,heatmap_cell,weighted_wcs_homogeneous,perfect,pi1_sweep,-1.0,2.0,-1.1505149978319906,-0.8494850021680094,1.9,2.1,0.1,anomaly rate $\pi_1$,0.1,1000,0.1,,0.6078999999999999,0.6078999999999999,0.75,0.0749366748980487,0.0040867803338809,0.5,1.0,100,perfect_pi1_sweep,statistical power
tikz-v1,figure2,power_atlas_r1_c3,$N_{eff}$ by anomaly rate,3,heatmap_cell,weighted_wcs_homogeneous,perfect,pi1_sweep,-1.0,2.2,-1.1505149978319906,-0.8494850021680094,2.1,2.3,0.1,anomaly rate $\pi_1$,0.1,1000,0.1,,0.8321,0.8321,0.91,0.0719038562582142,-0.1819673811267596,0.12,1.0,100,perfect_pi1_sweep,statistical power
tikz-v1,figure2,power_atlas_r1_c3,$N_{eff}$ by anomaly rate,3,heatmap_cell,weighted_wcs_homogeneous,perfect,pi1_sweep,-1.0,2.4,-1.1505149978319906,-0.8494850021680094,2.3,2.5,0.1,anomaly rate $\pi_1$,0.1,1000,0.1,,0.9328,0.9328,0.97,0.0697481730459967,-0.4014005407815441,0.0,1.0,100,perfect_pi1_sweep,statistical power
tikz-v1,figure2,power_atlas_r1_c3,$N_{eff}$ by anomaly rate,3,heatmap_cell,weighted_wcs_homogeneous,perfect,pi1_sweep,-1.0,2.6,-1.1505149978319906,-0.8494850021680094,2.5,2.7,0.1,anomaly rate $\pi_1$,0.1,1000,0.1,,0.9721,0.9721,0.99,0.0798840815837533,-0.5840471274585541,0.0,1.0,100,perfect_pi1_sweep,statistical power
tikz-v1,figure2,power_atlas_r1_c3,$N_{eff}$ by anomaly rate,3,heatmap_cell,weighted_wcs_homogeneous,perfect,pi1_sweep,-1.0,2.8,-1.1505149978319906,-0.8494850021680094,2.7,2.9,0.1,anomaly rate $\pi_1$,0.1,1000,0.1,,0.973,0.973,0.98,0.0812726308713818,-0.7708255253614116,0.0,1.0,100,perfect_pi1_sweep,statistical power
tikz-v1,figure2,power_atlas_r1_c3,$N_{eff}$ by anomaly rate,3,heatmap_cell,weighted_wcs_homogeneous,perfect,pi1_sweep,-1.0,3.0,-1.1505149978319906,-0.8494850021680094,2.9,3.1,0.1,anomaly rate $\pi_1$,0.1,1000,0.1,,0.9969,0.9969,1.0,0.0821251907351986,-0.9778078560103968,0.0,1.0,100,perfect_pi1_sweep,statistical power
tikz-v1,figure2,power_atlas_r1_c3,$N_{eff}$ by anomaly rate,3,heatmap_cell,weighted_wcs_homogeneous,perfect,pi1_sweep,-1.0,3.2,-1.1505149978319906,-0.8494850021680094,3.1,3.3,0.1,anomaly rate $\pi_1$,0.1,1000,0.1,,0.9993,0.9993,1.0,0.0888467609863119,-1.15926383118299,0.0,1.0,100,perfect_pi1_sweep,statistical power
tikz-v1,figure2,power_atlas_r1_c3,$N_{eff}$ by anomaly rate,3,heatmap_cell,weighted_wcs_homogeneous,perfect,pi1_sweep,-1.0,3.4,-1.1505149978319906,-0.8494850021680094,3.3,3.5,0.1,anomaly rate $\pi_1$,0.1,1000,0.1,,1.0,1.0,1.0,0.0927338115080755,-1.3544926005894364,0.0,1.0,100,perfect_pi1_sweep,statistical power
tikz-v1,figure2,power_atlas_r1_c3,$N_{eff}$ by anomaly rate,3,heatmap_cell,weighted_wcs_homogeneous,perfect,pi1_sweep,-1.0,3.6,-1.1505149978319906,-0.8494850021680094,3.5,3.7,0.1,anomaly rate $\pi_1$,0.1,1000,0.1,,1.0,1.0,1.0,0.0898242979965584,-1.5543680009900875,0.0,1.0,100,perfect_pi1_sweep,statistical power
tikz-v1,figure2,power_atlas_r1_c3,$N_{eff}$ by anomaly rate,3,heatmap_cell,weighted_wcs_homogeneous,perfect,pi1_sweep,-1.0,3.8,-1.1505149978319906,-0.8494850021680094,3.7,3.9,0.1,anomaly rate $\pi_1$,0.1,1000,0.1,,1.0,1.0,1.0,0.0976500938277977,-1.7315989937504113,0.0,1.0,100,perfect_pi1_sweep,statistical power
tikz-v1,figure2,power_atlas_r1_c3,$N_{eff}$ by anomaly rate,3,heatmap_cell,weighted_wcs_homogeneous,perfect,pi1_sweep,-1.0,4.0,-1.1505149978319906,-0.8494850021680094,3.9,4.1,0.1,anomaly rate $\pi_1$,0.1,1000,0.1,,1.0,1.0,1.0,0.0907888356293646,-1.8451671523023871,0.0,1.0,100,perfect_pi1_sweep,statistical power
tikz-v1,figure2,power_atlas_r1_c3,$N_{eff}$ by anomaly rate,3,heatmap_cell,weighted_wcs_homogeneous,perfect,pi1_sweep,-0.6989700043360187,1.4,-0.8494850021680094,-0.5484550065040281,1.3,1.5,0.2,anomaly rate $\pi_1$,0.1,1000,0.2,,0.11785,0.11785,0.24,0.0244129007296972,0.3187587626244127,0.91,1.0,100,perfect_pi1_sweep,statistical power
tikz-v1,figure2,power_atlas_r1_c3,$N_{eff}$ by anomaly rate,3,heatmap_cell,weighted_wcs_homogeneous,perfect,pi1_sweep,-0.6989700043360187,1.6,-0.8494850021680094,-0.5484550065040281,1.5,1.7,0.2,anomaly rate $\pi_1$,0.1,1000,0.2,,0.32,0.32,0.47,0.0437688561041936,0.1307682802690238,0.84,1.0,100,perfect_pi1_sweep,statistical power
tikz-v1,figure2,power_atlas_r1_c3,$N_{eff}$ by anomaly rate,3,heatmap_cell,weighted_wcs_homogeneous,perfect,pi1_sweep,-0.6989700043360187,1.7999999999999998,-0.8494850021680094,-0.5484550065040281,1.7,1.9,0.2,anomaly rate $\pi_1$,0.1,1000,0.2,,0.7333500000000002,0.7333500000000002,0.83,0.0477431357393591,-0.069350361925435,0.35,1.0,100,perfect_pi1_sweep,statistical power
tikz-v1,figure2,power_atlas_r1_c3,$N_{eff}$ by anomaly rate,3,heatmap_cell,weighted_wcs_homogeneous,perfect,pi1_sweep,-0.6989700043360187,2.0,-0.8494850021680094,-0.5484550065040281,1.9,2.1,0.2,anomaly rate $\pi_1$,0.1,1000,0.2,,0.89775,0.89775,0.95,0.0711178692602811,-0.2618447006621758,0.01,1.0,100,perfect_pi1_sweep,statistical power
tikz-v1,figure2,power_atlas_r1_c3,$N_{eff}$ by anomaly rate,3,heatmap_cell,weighted_wcs_homogeneous,perfect,pi1_sweep,-0.6989700043360187,2.2,-0.8494850021680094,-0.5484550065040281,2.1,2.3,0.2,anomaly rate $\pi_1$,0.1,1000,0.2,,0.95915,0.95915,0.98,0.0790966155053056,-0.4593924877592308,0.0,1.0,100,perfect_pi1_sweep,statistical power
tikz-v1,figure2,power_atlas_r1_c3,$N_{eff}$ by anomaly rate,3,heatmap_cell,weighted_wcs_homogeneous,perfect,pi1_sweep,-0.6989700043360187,2.4,-0.8494850021680094,-0.5484550065040281,2.3,2.5,0.2,anomaly rate $\pi_1$,0.1,1000,0.2,,0.9786499999999998,0.9786499999999998,0.99,0.0673788228390521,-0.6810097215617869,0.0,1.0,100,perfect_pi1_sweep,statistical power
tikz-v1,figure2,power_atlas_r1_c3,$N_{eff}$ by anomaly rate,3,heatmap_cell,weighted_wcs_homogeneous,perfect,pi1_sweep,-0.6989700043360187,2.6,-0.8494850021680094,-0.5484550065040281,2.5,2.7,0.2,anomaly rate $\pi_1$,0.1,1000,0.2,,0.9765,0.9765,0.98,0.0761520834201047,-0.8640348102624525,0.0,1.0,100,perfect_pi1_sweep,statistical power
tikz-v1,figure2,power_atlas_r1_c3,$N_{eff}$ by anomaly rate,3,heatmap_cell,weighted_wcs_homogeneous,perfect,pi1_sweep,-0.6989700043360187,2.8,-0.8494850021680094,-0.5484550065040281,2.7,2.9,0.2,anomaly rate $\pi_1$,0.1,1000,0.2,,0.99835,0.99835,1.0,0.0820658155817303,-1.0561422620590524,0.0,1.0,100,perfect_pi1_sweep,statistical power
tikz-v1,figure2,power_atlas_r1_c3,$N_{eff}$ by anomaly rate,3,heatmap_cell,weighted_wcs_homogeneous,perfect,pi1_sweep,-0.6989700043360187,3.0,-0.8494850021680094,-0.5484550065040281,2.9,3.1,0.2,anomaly rate $\pi_1$,0.1,1000,0.2,,0.9995,0.9995,1.0,0.0805805529098342,-1.2802595982184606,0.0,1.0,100,perfect_pi1_sweep,statistical power
tikz-v1,figure2,power_atlas_r1_c3,$N_{eff}$ by anomaly rate,3,heatmap_cell,weighted_wcs_homogeneous,perfect,pi1_sweep,-0.6989700043360187,3.2,-0.8494850021680094,-0.5484550065040281,3.1,3.3,0.2,anomaly rate $\pi_1$,0.1,1000,0.2,,0.9997,0.9997,1.0,0.0800883678044394,-1.4774513547871166,0.0,1.0,100,perfect_pi1_sweep,statistical power
tikz-v1,figure2,power_atlas_r1_c3,$N_{eff}$ by anomaly rate,3,heatmap_cell,weighted_wcs_homogeneous,perfect,pi1_sweep,-0.6989700043360187,3.4,-0.8494850021680094,-0.5484550065040281,3.3,3.5,0.2,anomaly rate $\pi_1$,0.1,1000,0.2,,1.0,1.0,1.0,0.0796644080614231,-1.6555225962534177,0.0,1.0,100,perfect_pi1_sweep,statistical power
tikz-v1,figure2,power_atlas_r1_c3,$N_{eff}$ by anomaly rate,3,heatmap_cell,weighted_wcs_homogeneous,perfect,pi1_sweep,-0.6989700043360187,3.6,-0.8494850021680094,-0.5484550065040281,3.5,3.7,0.2,anomaly rate $\pi_1$,0.1,1000,0.2,,1.0,1.0,1.0,0.0807220335135072,-1.8553979966540688,0.0,1.0,100,perfect_pi1_sweep,statistical power
tikz-v1,figure2,power_atlas_r1_c3,$N_{eff}$ by anomaly rate,3,heatmap_cell,weighted_wcs_homogeneous,perfect,pi1_sweep,-0.6989700043360187,3.8,-0.8494850021680094,-0.5484550065040281,3.7,3.9,0.2,anomaly rate $\pi_1$,0.1,1000,0.2,,1.0,1.0,1.0,0.0785036997889291,-2.012880267161328,0.0,1.0,100,perfect_pi1_sweep,statistical power
tikz-v1,figure2,power_atlas_r1_c3,$N_{eff}$ by anomaly rate,3,heatmap_cell,weighted_wcs_homogeneous,perfect,pi1_sweep,-0.6989700043360187,4.0,-0.8494850021680094,-0.5484550065040281,3.9,4.1,0.2,anomaly rate $\pi_1$,0.1,1000,0.2,,1.0,1.0,1.0,0.0819856130420148,-2.146190073315927,0.0,1.0,100,perfect_pi1_sweep,statistical power
