summary_version,collection,sweep,score_regime,x_index,x_value,x_plot,x_left,x_right,log10_neff_bin,log10_neff_left,log10_neff_right,log10_neff_center,alpha,m,target_pi1,n_anomaly_fixed,count,mean_n_cal,mean_rho,mean_neff,log10_mean_neff,mean_n_anomaly,actual_pi1,discovery_probability,power,fdr,mean_log10_rank_delta,median_log10_rank_delta,rank_delta_above_one_rate,mean_auroc,perfect_separation_rate
operational-envelope-v4,atlas,m_fixed_pi,perfect,0,50.0,1.6989700043360187,1.5484550065040281,1.8494850021680094,0,1.3,1.5,1.4,0.1,50,0.05,,100,242.43,0.64,26.026507099006086,1.4154158873019245,2.0,0.039999999999999994,0.04,0.025,0.01,0.8377858186954477,0.9232202017920483,0.95,1.0,1.0
operational-envelope-v4,atlas,m_fixed_pi,finite_k1,0,50.0,1.6989700043360187,1.5484550065040281,1.8494850021680094,0,1.3,1.5,1.4,0.1,50,0.05,,100,242.43,0.64,26.026507099006086,1.4154158873019245,2.0,0.039999999999999994,0.01,0.005,0.01,0.8377858186954477,0.9232202017920483,0.95,0.7579166666666665,0.02
operational-envelope-v4,atlas,m_fixed_pi,finite_k2,0,50.0,1.6989700043360187,1.5484550065040281,1.8494850021680094,0,1.3,1.5,1.4,0.1,50,0.05,,100,242.43,0.64,26.026507099006086,1.4154158873019245,2.0,0.039999999999999994,0.03,0.015,0.005,0.8377858186954477,0.9232202017920483,0.95,0.9188541666666665,0.2
operational-envelope-v4,atlas,m_fixed_pi,finite_k3,0,50.0,1.6989700043360187,1.5484550065040281,1.8494850021680094,0,1.3,1.5,1.4,0.1,50,0.05,,100,242.43,0.64,26.026507099006086,1.4154158873019245,2.0,0.039999999999999994,0.03,0.015,0.006666666666666666,0.8377858186954477,0.9232202017920483,0.95,0.9860416666666667,0.53
operational-envelope-v4,atlas,m_fixed_pi,perfect,0,50.0,1.6989700043360187,1.5484550065040281,1.8494850021680094,1,1.5,1.7,1.6,0.1,50,0.05,,100,230.76,0.65,41.12999949592125,1.614158704186573,2.0,0.039999999999999994,0.1,0.065,0.016,0.6037930404304175,0.7304598636775768,0.89,1.0,1.0
operational-envelope-v4,atlas,m_fixed_pi,finite_k1,0,50.0,1.6989700043360187,1.5484550065040281,1.8494850021680094,1,1.5,1.7,1.6,0.1,50,0.05,,100,230.76,0.65,41.12999949592125,1.614158704186573,2.0,0.039999999999999994,0.0,0.0,0.02,0.6037930404304175,0.7304598636775768,0.89,0.7334375000000002,0.04
operational-envelope-v4,atlas,m_fixed_pi,finite_k2,0,50.0,1.6989700043360187,1.5484550065040281,1.8494850021680094,1,1.5,1.7,1.6,0.1,50,0.05,,100,230.76,0.65,41.12999949592125,1.614158704186573,2.0,0.039999999999999994,0.02,0.015,0.02,0.6037930404304175,0.7304598636775768,0.89,0.904375,0.15
operational-envelope-v4,atlas,m_fixed_pi,finite_k3,0,50.0,1.6989700043360187,1.5484550065040281,1.8494850021680094,1,1.5,1.7,1.6,0.1,50,0.05,,100,230.76,0.65,41.12999949592125,1.614158704186573,2.0,0.039999999999999994,0.06,0.04,0.026000000000000002,0.6037930404304175,0.7304598636775768,0.89,0.9751041666666667,0.41
operational-envelope-v4,atlas,m_fixed_pi,perfect,0,50.0,1.6989700043360187,1.5484550065040281,1.8494850021680094,2,1.7,1.9,1.7999999999999998,0.1,50,0.05,,100,345.22,0.74,64.50697091246532,1.8096066489799634,2.0,0.039999999999999994,0.18,0.13,0.036333333333333336,0.38735392239950733,0.5344774082995501,0.83,1.0,1.0
operational-envelope-v4,atlas,m_fixed_pi,finite_k1,0,50.0,1.6989700043360187,1.5484550065040281,1.8494850021680094,2,1.7,1.9,1.7999999999999998,0.1,50,0.05,,100,345.22,0.74,64.50697091246532,1.8096066489799634,2.0,0.039999999999999994,0.02,0.01,0.04,0.38735392239950733,0.5344774082995501,0.83,0.76625,0.01
operational-envelope-v4,atlas,m_fixed_pi,finite_k2,0,50.0,1.6989700043360187,1.5484550065040281,1.8494850021680094,2,1.7,1.9,1.7999999999999998,0.1,50,0.05,,100,345.22,0.74,64.50697091246532,1.8096066489799634,2.0,0.039999999999999994,0.04,0.02,0.04,0.38735392239950733,0.5344774082995501,0.83,0.9323958333333334,0.1
operational-envelope-v4,atlas,m_fixed_pi,finite_k3,0,50.0,1.6989700043360187,1.5484550065040281,1.8494850021680094,2,1.7,1.9,1.7999999999999998,0.1,50,0.05,,100,345.22,0.74,64.50697091246532,1.8096066489799634,2.0,0.039999999999999994,0.13,0.085,0.021333333333333333,0.38735392239950733,0.5344774082995501,0.83,0.9885416666666665,0.43
operational-envelope-v4,atlas,m_fixed_pi,perfect,0,50.0,1.6989700043360187,1.5484550065040281,1.8494850021680094,3,1.9,2.1,2.0,0.1,50,0.05,,100,550.62,0.725,102.74249729250695,2.011750117619334,2.0,0.039999999999999994,0.25,0.16,0.066,0.2478115045850916,0.3690307461526807,0.83,1.0,1.0
operational-envelope-v4,atlas,m_fixed_pi,finite_k1,0,50.0,1.6989700043360187,1.5484550065040281,1.8494850021680094,3,1.9,2.1,2.0,0.1,50,0.05,,100,550.62,0.725,102.74249729250695,2.011750117619334,2.0,0.039999999999999994,0.01,0.005,0.025,0.2478115045850916,0.3690307461526807,0.83,0.7629166666666667,0.01
operational-envelope-v4,atlas,m_fixed_pi,finite_k2,0,50.0,1.6989700043360187,1.5484550065040281,1.8494850021680094,3,1.9,2.1,2.0,0.1,50,0.05,,100,550.62,0.725,102.74249729250695,2.011750117619334,2.0,0.039999999999999994,0.07,0.04,0.031,0.2478115045850916,0.3690307461526807,0.83,0.926875,0.08
operational-envelope-v4,atlas,m_fixed_pi,finite_k3,0,50.0,1.6989700043360187,1.5484550065040281,1.8494850021680094,3,1.9,2.1,2.0,0.1,50,0.05,,100,550.62,0.725,102.74249729250695,2.011750117619334,2.0,0.039999999999999994,0.13,0.075,0.040999999999999995,0.2478115045850916,0.3690307461526807,0.83,0.9840625,0.4
operational-envelope-v4,atlas,m_fixed_pi,perfect,0,50.0,1.6989700043360187,1.5484550065040281,1.8494850021680094,4,2.1,2.3,2.2,0.1,50,0.05,,100,640.68,0.685,163.39989647379574,2.213251777038052,2.0,0.039999999999999994,0.43,0.305,0.04,0.01954379118465088,0.13548891894160814,0.69,1.0,1.0
operational-envelope-v4,atlas,m_fixed_pi,finite_k1,0,50.0,1.6989700043360187,1.5484550065040281,1.8494850021680094,4,2.1,2.3,2.2,0.1,50,0.05,,100,640.68,0.685,163.39989647379574,2.213251777038052,2.0,0.039999999999999994,0.02,0.01,0.02,0.01954379118465088,0.13548891894160814,0.69,0.7736458333333335,0.0
operational-envelope-v4,atlas,m_fixed_pi,finite_k2,0,50.0,1.6989700043360187,1.5484550065040281,1.8494850021680094,4,2.1,2.3,2.2,0.1,50,0.05,,100,640.68,0.685,163.39989647379574,2.213251777038052,2.0,0.039999999999999994,0.1,0.055,0.016666666666666666,0.01954379118465088,0.13548891894160814,0.69,0.9284375,0.04
operational-envelope-v4,atlas,m_fixed_pi,finite_k3,0,50.0,1.6989700043360187,1.5484550065040281,1.8494850021680094,4,2.1,2.3,2.2,0.1,50,0.05,,100,640.68,0.685,163.39989647379574,2.213251777038052,2.0,0.039999999999999994,0.27,0.175,0.04833333333333333,0.01954379118465088,0.13548891894160814,0.69,0.9871874999999999,0.29
operational-envelope-v4,atlas,m_fixed_pi,perfect,0,50.0,1.6989700043360187,1.5484550065040281,1.8494850021680094,5,2.3,2.5,2.4,0.1,50,0.05,,100,1536.24,0.745,261.0009221474673,2.416642041755327,2.0,0.039999999999999994,0.72,0.635,0.08833333333333332,-0.2168763773456016,-0.0644579892269185,0.36,1.0,1.0
operational-envelope-v4,atlas,m_fixed_pi,finite_k1,0,50.0,1.6989700043360187,1.5484550065040281,1.8494850021680094,5,2.3,2.5,2.4,0.1,50,0.05,,100,1536.24,0.745,261.0009221474673,2.416642041755327,2.0,0.039999999999999994,0.02,0.01,0.05,-0.2168763773456016,-0.0644579892269185,0.36,0.7684374999999999,0.0
operational-envelope-v4,atlas,m_fixed_pi,finite_k2,0,50.0,1.6989700043360187,1.5484550065040281,1.8494850021680094,5,2.3,2.5,2.4,0.1,50,0.05,,100,1536.24,0.745,261.0009221474673,2.416642041755327,2.0,0.039999999999999994,0.17,0.135,0.03666666666666667,-0.2168763773456016,-0.0644579892269185,0.36,0.9266666666666667,0.09
operational-envelope-v4,atlas,m_fixed_pi,finite_k3,0,50.0,1.6989700043360187,1.5484550065040281,1.8494850021680094,5,2.3,2.5,2.4,0.1,50,0.05,,100,1536.24,0.745,261.0009221474673,2.416642041755327,2.0,0.039999999999999994,0.31,0.245,0.05333333333333333,-0.2168763773456016,-0.0644579892269185,0.36,0.9855208333333333,0.25
operational-envelope-v4,atlas,m_fixed_pi,perfect,0,50.0,1.6989700043360187,1.5484550065040281,1.8494850021680094,6,2.5,2.7,2.6,0.1,50,0.05,,100,1442.47,0.665,404.9190649254235,2.6073682252667743,2.0,0.039999999999999994,0.94,0.885,0.10933333333333334,-0.37738186593614775,-0.22703642544640648,0.08,1.0,1.0
operational-envelope-v4,atlas,m_fixed_pi,finite_k1,0,50.0,1.6989700043360187,1.5484550065040281,1.8494850021680094,6,2.5,2.7,2.6,0.1,50,0.05,,100,1442.47,0.665,404.9190649254235,2.6073682252667743,2.0,0.039999999999999994,0.03,0.02,0.091,-0.37738186593614775,-0.22703642544640648,0.08,0.7320833333333333,0.0
operational-envelope-v4,atlas,m_fixed_pi,finite_k2,0,50.0,1.6989700043360187,1.5484550065040281,1.8494850021680094,6,2.5,2.7,2.6,0.1,50,0.05,,100,1442.47,0.665,404.9190649254235,2.6073682252667743,2.0,0.039999999999999994,0.18,0.105,0.10599999999999998,-0.37738186593614775,-0.22703642544640648,0.08,0.9078124999999999,0.03
operational-envelope-v4,atlas,m_fixed_pi,finite_k3,0,50.0,1.6989700043360187,1.5484550065040281,1.8494850021680094,6,2.5,2.7,2.6,0.1,50,0.05,,100,1442.47,0.665,404.9190649254235,2.6073682252667743,2.0,0.039999999999999994,0.46,0.36,0.11766666666666666,-0.37738186593614775,-0.22703642544640648,0.08,0.9798958333333332,0.18
operational-envelope-v4,atlas,m_fixed_pi,perfect,0,50.0,1.6989700043360187,1.5484550065040281,1.8494850021680094,7,2.7,2.9,2.8,0.1,50,0.05,,100,2058.5,0.695,644.5381217736334,2.8092486091778746,2.0,0.039999999999999994,1.0,0.985,0.127,-0.51246986436814,-0.4635944021870002,0.01,1.0,1.0
operational-envelope-v4,atlas,m_fixed_pi,finite_k1,0,50.0,1.6989700043360187,1.5484550065040281,1.8494850021680094,7,2.7,2.9,2.8,0.1,50,0.05,,100,2058.5,0.695,644.5381217736334,2.8092486091778746,2.0,0.039999999999999994,0.06,0.03,0.095,-0.51246986436814,-0.4635944021870002,0.01,0.7427083333333333,0.0
operational-envelope-v4,atlas,m_fixed_pi,finite_k2,0,50.0,1.6989700043360187,1.5484550065040281,1.8494850021680094,7,2.7,2.9,2.8,0.1,50,0.05,,100,2058.5,0.695,644.5381217736334,2.8092486091778746,2.0,0.039999999999999994,0.3,0.185,0.1343333333333333,-0.51246986436814,-0.4635944021870002,0.01,0.910625,0.0
operational-envelope-v4,atlas,m_fixed_pi,finite_k3,0,50.0,1.6989700043360187,1.5484550065040281,1.8494850021680094,7,2.7,2.9,2.8,0.1,50,0.05,,100,2058.5,0.695,644.5381217736334,2.8092486091778746,2.0,0.039999999999999994,0.69,0.565,0.122,-0.51246986436814,-0.4635944021870002,0.01,0.9783333333333334,0.14
operational-envelope-v4,atlas,m_fixed_pi,perfect,0,50.0,1.6989700043360187,1.5484550065040281,1.8494850021680094,8,2.9,3.0999999999999996,3.0,0.1,50,0.05,,100,3045.34,0.65,1026.544333297929,3.0113777099568737,2.0,0.039999999999999994,0.99,0.99,0.08933333333333333,-0.7583439910760036,-0.6608041737442514,0.0,1.0,1.0
operational-envelope-v4,atlas,m_fixed_pi,finite_k1,0,50.0,1.6989700043360187,1.5484550065040281,1.8494850021680094,8,2.9,3.0999999999999996,3.0,0.1,50,0.05,,100,3045.34,0.65,1026.544333297929,3.0113777099568737,2.0,0.039999999999999994,0.05,0.025,0.085,-0.7583439910760036,-0.6608041737442514,0.0,0.7492708333333334,0.0
operational-envelope-v4,atlas,m_fixed_pi,finite_k2,0,50.0,1.6989700043360187,1.5484550065040281,1.8494850021680094,8,2.9,3.0999999999999996,3.0,0.1,50,0.05,,100,3045.34,0.65,1026.544333297929,3.0113777099568737,2.0,0.039999999999999994,0.29,0.175,0.1,-0.7583439910760036,-0.6608041737442514,0.0,0.918125,0.0
operational-envelope-v4,atlas,m_fixed_pi,finite_k3,0,50.0,1.6989700043360187,1.5484550065040281,1.8494850021680094,8,2.9,3.0999999999999996,3.0,0.1,50,0.05,,100,3045.34,0.65,1026.544333297929,3.0113777099568737,2.0,0.039999999999999994,0.75,0.55,0.08916666666666666,-0.7583439910760036,-0.6608041737442514,0.0,0.9808333333333333,0.08
operational-envelope-v4,atlas,m_fixed_pi,perfect,0,50.0,1.6989700043360187,1.5484550065040281,1.8494850021680094,9,3.0999999999999996,3.3,3.1999999999999997,0.1,50,0.05,,100,4672.33,0.69,1616.9472540947236,3.2086958531598175,2.0,0.039999999999999994,0.98,0.98,0.09766666666666668,-0.9673571508839122,-0.8630848253203598,0.0,1.0,1.0
operational-envelope-v4,atlas,m_fixed_pi,finite_k1,0,50.0,1.6989700043360187,1.5484550065040281,1.8494850021680094,9,3.0999999999999996,3.3,3.1999999999999997,0.1,50,0.05,,100,4672.33,0.69,1616.9472540947236,3.2086958531598175,2.0,0.039999999999999994,0.04,0.02,0.09166666666666666,-0.9673571508839122,-0.8630848253203598,0.0,0.7746875,0.0
operational-envelope-v4,atlas,m_fixed_pi,finite_k2,0,50.0,1.6989700043360187,1.5484550065040281,1.8494850021680094,9,3.0999999999999996,3.3,3.1999999999999997,0.1,50,0.05,,100,4672.33,0.69,1616.9472540947236,3.2086958531598175,2.0,0.039999999999999994,0.22,0.135,0.09933333333333333,-0.9673571508839122,-0.8630848253203598,0.0,0.929375,0.0
operational-envelope-v4,atlas,m_fixed_pi,finite_k3,0,50.0,1.6989700043360187,1.5484550065040281,1.8494850021680094,9,3.0999999999999996,3.3,3.1999999999999997,0.1,50,0.05,,100,4672.33,0.69,1616.9472540947236,3.2086958531598175,2.0,0.039999999999999994,0.79,0.605,0.07766666666666666,-0.9673571508839122,-0.8630848253203598,0.0,0.985,0.09
operational-envelope-v4,atlas,m_fixed_pi,perfect,0,50.0,1.6989700043360187,1.5484550065040281,1.8494850021680094,10,3.3,3.5,3.4,0.1,50,0.05,,100,4232.65,0.485,2556.5395669009595,3.407652518577822,2.0,0.039999999999999994,1.0,1.0,0.05933333333333333,-1.0612305821107244,-1.0022524799205383,0.0,1.0,1.0
operational-envelope-v4,atlas,m_fixed_pi,finite_k1,0,50.0,1.6989700043360187,1.5484550065040281,1.8494850021680094,10,3.3,3.5,3.4,0.1,50,0.05,,100,4232.65,0.485,2556.5395669009595,3.407652518577822,2.0,0.039999999999999994,0.05,0.025,0.04,-1.0612305821107244,-1.0022524799205383,0.0,0.7822916666666664,0.0
operational-envelope-v4,atlas,m_fixed_pi,finite_k2,0,50.0,1.6989700043360187,1.5484550065040281,1.8494850021680094,10,3.3,3.5,3.4,0.1,50,0.05,,100,4232.65,0.485,2556.5395669009595,3.407652518577822,2.0,0.039999999999999994,0.32,0.185,0.04333333333333333,-1.0612305821107244,-1.0022524799205383,0.0,0.9334374999999998,0.0
operational-envelope-v4,atlas,m_fixed_pi,finite_k3,0,50.0,1.6989700043360187,1.5484550065040281,1.8494850021680094,10,3.3,3.5,3.4,0.1,50,0.05,,100,4232.65,0.485,2556.5395669009595,3.407652518577822,2.0,0.039999999999999994,0.8,0.6,0.049333333333333326,-1.0612305821107244,-1.0022524799205383,0.0,0.9870833333333334,0.1
operational-envelope-v4,atlas,m_fixed_pi,perfect,0,50.0,1.6989700043360187,1.5484550065040281,1.8494850021680094,11,3.5,3.7,3.6,0.1,50,0.05,,100,6876.29,0.505,4061.4388250281713,3.6086799161071643,2.0,0.039999999999999994,1.0,1.0,0.07999999999999999,-1.239372466232985,-1.2021612470193532,0.0,1.0,1.0
operational-envelope-v4,atlas,m_fixed_pi,finite_k1,0,50.0,1.6989700043360187,1.5484550065040281,1.8494850021680094,11,3.5,3.7,3.6,0.1,50,0.05,,100,6876.29,0.505,4061.4388250281713,3.6086799161071643,2.0,0.039999999999999994,0.06,0.04,0.05166666666666666,-1.239372466232985,-1.2021612470193532,0.0,0.7690625,0.0
operational-envelope-v4,atlas,m_fixed_pi,finite_k2,0,50.0,1.6989700043360187,1.5484550065040281,1.8494850021680094,11,3.5,3.7,3.6,0.1,50,0.05,,100,6876.29,0.505,4061.4388250281713,3.6086799161071643,2.0,0.039999999999999994,0.27,0.155,0.04666666666666666,-1.239372466232985,-1.2021612470193532,0.0,0.9283333333333332,0.01
operational-envelope-v4,atlas,m_fixed_pi,finite_k3,0,50.0,1.6989700043360187,1.5484550065040281,1.8494850021680094,11,3.5,3.7,3.6,0.1,50,0.05,,100,6876.29,0.505,4061.4388250281713,3.6086799161071643,2.0,0.039999999999999994,0.85,0.665,0.07,-1.239372466232985,-1.2021612470193532,0.0,0.9865625,0.05
operational-envelope-v4,atlas,m_fixed_pi,perfect,0,50.0,1.6989700043360187,1.5484550065040281,1.8494850021680094,12,3.7,3.8999999999999995,3.8,0.1,50,0.05,,100,8434.63,0.35,6312.3812542601,3.8001932214467735,2.0,0.039999999999999994,1.0,1.0,0.06766666666666665,-1.4331620597284198,-1.402158171502738,0.0,1.0,1.0
operational-envelope-v4,atlas,m_fixed_pi,finite_k1,0,50.0,1.6989700043360187,1.5484550065040281,1.8494850021680094,12,3.7,3.8999999999999995,3.8,0.1,50,0.05,,100,8434.63,0.35,6312.3812542601,3.8001932214467735,2.0,0.039999999999999994,0.04,0.02,0.07666666666666666,-1.4331620597284198,-1.402158171502738,0.0,0.7765625000000002,0.0
operational-envelope-v4,atlas,m_fixed_pi,finite_k2,0,50.0,1.6989700043360187,1.5484550065040281,1.8494850021680094,12,3.7,3.8999999999999995,3.8,0.1,50,0.05,,100,8434.63,0.35,6312.3812542601,3.8001932214467735,2.0,0.039999999999999994,0.35,0.21,0.08766666666666666,-1.4331620597284198,-1.402158171502738,0.0,0.9327083333333333,0.01
operational-envelope-v4,atlas,m_fixed_pi,finite_k3,0,50.0,1.6989700043360187,1.5484550065040281,1.8494850021680094,12,3.7,3.8999999999999995,3.8,0.1,50,0.05,,100,8434.63,0.35,6312.3812542601,3.8001932214467735,2.0,0.039999999999999994,0.88,0.66,0.06433333333333333,-1.4331620597284198,-1.402158171502738,0.0,0.9857291666666665,0.07
operational-envelope-v4,atlas,m_fixed_pi,perfect,0,50.0,1.6989700043360187,1.5484550065040281,1.8494850021680094,13,3.8999999999999995,4.1,3.9999999999999996,0.1,50,0.05,,100,10627.88,0.245,9334.327834040592,3.97008304981832,2.0,0.039999999999999994,1.0,1.0,0.07766666666666666,-1.549133783380251,-1.5563507530290894,0.0,1.0,1.0
operational-envelope-v4,atlas,m_fixed_pi,finite_k1,0,50.0,1.6989700043360187,1.5484550065040281,1.8494850021680094,13,3.8999999999999995,4.1,3.9999999999999996,0.1,50,0.05,,100,10627.88,0.245,9334.327834040592,3.97008304981832,2.0,0.039999999999999994,0.06,0.03,0.08666666666666666,-1.549133783380251,-1.5563507530290894,0.0,0.7870833333333335,0.0
operational-envelope-v4,atlas,m_fixed_pi,finite_k2,0,50.0,1.6989700043360187,1.5484550065040281,1.8494850021680094,13,3.8999999999999995,4.1,3.9999999999999996,0.1,50,0.05,,100,10627.88,0.245,9334.327834040592,3.97008304981832,2.0,0.039999999999999994,0.41,0.23,0.07833333333333332,-1.549133783380251,-1.5563507530290894,0.0,0.93875,0.0
operational-envelope-v4,atlas,m_fixed_pi,finite_k3,0,50.0,1.6989700043360187,1.5484550065040281,1.8494850021680094,13,3.8999999999999995,4.1,3.9999999999999996,0.1,50,0.05,,100,10627.88,0.245,9334.327834040592,3.97008304981832,2.0,0.039999999999999994,0.83,0.62,0.07433333333333333,-1.549133783380251,-1.5563507530290894,0.0,0.989375,0.04
operational-envelope-v4,atlas,m_fixed_pi,perfect,1,100.0,2.0,1.8494850021680094,2.1505149978319906,0,1.3,1.5,1.4,0.1,100,0.05,,100,148.3,0.705,25.880522674023005,1.4129730429453435,5.0,0.04999999999999999,0.16,0.07,0.006666666666666666,0.7102031489190941,0.8860566476931633,0.92,1.0,1.0
operational-envelope-v4,atlas,m_fixed_pi,finite_k1,1,100.0,2.0,1.8494850021680094,2.1505149978319906,0,1.3,1.5,1.4,0.1,100,0.05,,100,148.3,0.705,25.880522674023005,1.4129730429453435,5.0,0.04999999999999999,0.0,0.0,0.0,0.7102031489190941,0.8860566476931633,0.92,0.7782736842105265,0.0
operational-envelope-v4,atlas,m_fixed_pi,finite_k2,1,100.0,2.0,1.8494850021680094,2.1505149978319906,0,1.3,1.5,1.4,0.1,100,0.05,,100,148.3,0.705,25.880522674023005,1.4129730429453435,5.0,0.04999999999999999,0.03,0.008,0.0,0.7102031489190941,0.8860566476931633,0.92,0.9310736842105265,0.06
operational-envelope-v4,atlas,m_fixed_pi,finite_k3,1,100.0,2.0,1.8494850021680094,2.1505149978319906,0,1.3,1.5,1.4,0.1,100,0.05,,100,148.3,0.705,25.880522674023005,1.4129730429453435,5.0,0.04999999999999999,0.08,0.026000000000000002,0.005,0.7102031489190941,0.8860566476931633,0.92,0.9870947368421054,0.3
operational-envelope-v4,atlas,m_fixed_pi,perfect,1,100.0,2.0,1.8494850021680094,2.1505149978319906,1,1.5,1.7,1.6,0.1,100,0.05,,100,140.17,0.57,40.78829238803084,1.610535523851564,5.0,0.04999999999999999,0.07,0.026000000000000002,0.0125,0.6378654774176735,0.6906287565830828,0.96,1.0,1.0
operational-envelope-v4,atlas,m_fixed_pi,finite_k1,1,100.0,2.0,1.8494850021680094,2.1505149978319906,1,1.5,1.7,1.6,0.1,100,0.05,,100,140.17,0.57,40.78829238803084,1.610535523851564,5.0,0.04999999999999999,0.0,0.0,0.02,0.6378654774176735,0.6906287565830828,0.96,0.7822526315789474,0.0
operational-envelope-v4,atlas,m_fixed_pi,finite_k2,1,100.0,2.0,1.8494850021680094,2.1505149978319906,1,1.5,1.7,1.6,0.1,100,0.05,,100,140.17,0.57,40.78829238803084,1.610535523851564,5.0,0.04999999999999999,0.0,0.0,0.02,0.6378654774176735,0.6906287565830828,0.96,0.9350315789473683,0.02
operational-envelope-v4,atlas,m_fixed_pi,finite_k3,1,100.0,2.0,1.8494850021680094,2.1505149978319906,1,1.5,1.7,1.6,0.1,100,0.05,,100,140.17,0.57,40.78829238803084,1.610535523851564,5.0,0.04999999999999999,0.01,0.006,0.0125,0.6378654774176735,0.6906287565830828,0.96,0.9874947368421053,0.37
operational-envelope-v4,atlas,m_fixed_pi,perfect,1,100.0,2.0,1.8494850021680094,2.1505149978319906,2,1.7,1.9,1.7999999999999998,0.1,100,0.05,,100,332.74,0.715,65.35969697229496,1.815310030005919,5.0,0.04999999999999999,0.19,0.09399999999999999,0.035,0.315934566324384,0.47408102992546797,0.82,1.0,1.0
operational-envelope-v4,atlas,m_fixed_pi,finite_k1,1,100.0,2.0,1.8494850021680094,2.1505149978319906,2,1.7,1.9,1.7999999999999998,0.1,100,0.05,,100,332.74,0.715,65.35969697229496,1.815310030005919,5.0,0.04999999999999999,0.02,0.006000000000000001,0.0275,0.315934566324384,0.47408102992546797,0.82,0.7629894736842104,0.0
operational-envelope-v4,atlas,m_fixed_pi,finite_k2,1,100.0,2.0,1.8494850021680094,2.1505149978319906,2,1.7,1.9,1.7999999999999998,0.1,100,0.05,,100,332.74,0.715,65.35969697229496,1.815310030005919,5.0,0.04999999999999999,0.07,0.02,0.012666666666666666,0.315934566324384,0.47408102992546797,0.82,0.9229894736842104,0.0
operational-envelope-v4,atlas,m_fixed_pi,finite_k3,1,100.0,2.0,1.8494850021680094,2.1505149978319906,2,1.7,1.9,1.7999999999999998,0.1,100,0.05,,100,332.74,0.715,65.35969697229496,1.815310030005919,5.0,0.04999999999999999,0.08,0.036000000000000004,0.021666666666666664,0.315934566324384,0.47408102992546797,0.82,0.9826315789473683,0.18
operational-envelope-v4,atlas,m_fixed_pi,perfect,1,100.0,2.0,1.8494850021680094,2.1505149978319906,3,1.9,2.1,2.0,0.1,100,0.05,,100,420.6,0.68,104.3835036130769,2.0186318697783956,5.0,0.04999999999999999,0.28,0.168,0.03016666666666667,0.1716026601074123,0.2967086218813386,0.77,1.0,1.0
operational-envelope-v4,atlas,m_fixed_pi,finite_k1,1,100.0,2.0,1.8494850021680094,2.1505149978319906,3,1.9,2.1,2.0,0.1,100,0.05,,100,420.6,0.68,104.3835036130769,2.0186318697783956,5.0,0.04999999999999999,0.02,0.004,0.03166666666666666,0.1716026601074123,0.2967086218813386,0.77,0.7618947368421053,0.0
operational-envelope-v4,atlas,m_fixed_pi,finite_k2,1,100.0,2.0,1.8494850021680094,2.1505149978319906,3,1.9,2.1,2.0,0.1,100,0.05,,100,420.6,0.68,104.3835036130769,2.0186318697783956,5.0,0.04999999999999999,0.06,0.012000000000000002,0.03666666666666667,0.1716026601074123,0.2967086218813386,0.77,0.9218736842105264,0.03
operational-envelope-v4,atlas,m_fixed_pi,finite_k3,1,100.0,2.0,1.8494850021680094,2.1505149978319906,3,1.9,2.1,2.0,0.1,100,0.05,,100,420.6,0.68,104.3835036130769,2.0186318697783956,5.0,0.04999999999999999,0.13,0.046,0.0245,0.1716026601074123,0.2967086218813386,0.77,0.9837894736842105,0.16
operational-envelope-v4,atlas,m_fixed_pi,perfect,1,100.0,2.0,1.8494850021680094,2.1505149978319906,4,2.1,2.3,2.2,0.1,100,0.05,,100,997.0,0.74,159.49299758875748,2.2027416204632915,5.0,0.04999999999999999,0.51,0.358,0.058499999999999996,-0.08572947903230949,0.05010321815544742,0.63,1.0,1.0
operational-envelope-v4,atlas,m_fixed_pi,finite_k1,1,100.0,2.0,1.8494850021680094,2.1505149978319906,4,2.1,2.3,2.2,0.1,100,0.05,,100,997.0,0.74,159.49299758875748,2.2027416204632915,5.0,0.04999999999999999,0.01,0.002,0.02,-0.08572947903230949,0.05010321815544742,0.63,0.7538947368421052,0.0
operational-envelope-v4,atlas,m_fixed_pi,finite_k2,1,100.0,2.0,1.8494850021680094,2.1505149978319906,4,2.1,2.3,2.2,0.1,100,0.05,,100,997.0,0.74,159.49299758875748,2.2027416204632915,5.0,0.04999999999999999,0.1,0.032,0.010333333333333332,-0.08572947903230949,0.05010321815544742,0.63,0.9212631578947371,0.0
operational-envelope-v4,atlas,m_fixed_pi,finite_k3,1,100.0,2.0,1.8494850021680094,2.1505149978319906,4,2.1,2.3,2.2,0.1,100,0.05,,100,997.0,0.74,159.49299758875748,2.2027416204632915,5.0,0.04999999999999999,0.28,0.134,0.034833333333333334,-0.08572947903230949,0.05010321815544742,0.63,0.9822315789473685,0.11
operational-envelope-v4,atlas,m_fixed_pi,perfect,1,100.0,2.0,1.8494850021680094,2.1505149978319906,5,2.3,2.5,2.4,0.1,100,0.05,,100,1873.92,0.765,257.30718974395893,2.4104519215484843,5.0,0.04999999999999999,0.83,0.768,0.08498015873015874,-0.3307215785957197,-0.15097095285839685,0.14,1.0,1.0
operational-envelope-v4,atlas,m_fixed_pi,finite_k1,1,100.0,2.0,1.8494850021680094,2.1505149978319906,5,2.3,2.5,2.4,0.1,100,0.05,,100,1873.92,0.765,257.30718974395893,2.4104519215484843,5.0,0.04999999999999999,0.01,0.002,0.0475,-0.3307215785957197,-0.15097095285839685,0.14,0.7651157894736841,0.0
operational-envelope-v4,atlas,m_fixed_pi,finite_k2,1,100.0,2.0,1.8494850021680094,2.1505149978319906,5,2.3,2.5,2.4,0.1,100,0.05,,100,1873.92,0.765,257.30718974395893,2.4104519215484843,5.0,0.04999999999999999,0.13,0.046,0.07071428571428572,-0.3307215785957197,-0.15097095285839685,0.14,0.9224210526315791,0.0
operational-envelope-v4,atlas,m_fixed_pi,finite_k3,1,100.0,2.0,1.8494850021680094,2.1505149978319906,5,2.3,2.5,2.4,0.1,100,0.05,,100,1873.92,0.765,257.30718974395893,2.4104519215484843,5.0,0.04999999999999999,0.46,0.306,0.0865515873015873,-0.3307215785957197,-0.15097095285839685,0.14,0.9811578947368421,0.1
operational-envelope-v4,atlas,m_fixed_pi,perfect,1,100.0,2.0,1.8494850021680094,2.1505149978319906,6,2.5,2.7,2.6,0.1,100,0.05,,100,1777.05,0.71,404.3172164422114,2.6067222346471963,5.0,0.04999999999999999,0.96,0.8960000000000001,0.07950396825396826,-0.41910783116208705,-0.2999429000227671,0.04,1.0,1.0
operational-envelope-v4,atlas,m_fixed_pi,finite_k1,1,100.0,2.0,1.8494850021680094,2.1505149978319906,6,2.5,2.7,2.6,0.1,100,0.05,,100,1777.05,0.71,404.3172164422114,2.6067222346471963,5.0,0.04999999999999999,0.06,0.012,0.06466666666666666,-0.41910783116208705,-0.2999429000227671,0.04,0.7645894736842104,0.0
operational-envelope-v4,atlas,m_fixed_pi,finite_k2,1,100.0,2.0,1.8494850021680094,2.1505149978319906,6,2.5,2.7,2.6,0.1,100,0.05,,100,1777.05,0.71,404.3172164422114,2.6067222346471963,5.0,0.04999999999999999,0.24,0.08,0.06333333333333332,-0.41910783116208705,-0.2999429000227671,0.04,0.9213894736842105,0.0
operational-envelope-v4,atlas,m_fixed_pi,finite_k3,1,100.0,2.0,1.8494850021680094,2.1505149978319906,6,2.5,2.7,2.6,0.1,100,0.05,,100,1777.05,0.71,404.3172164422114,2.6067222346471963,5.0,0.04999999999999999,0.62,0.35600000000000004,0.06138095238095238,-0.41910783116208705,-0.2999429000227671,0.04,0.982442105263158,0.02
operational-envelope-v4,atlas,m_fixed_pi,perfect,1,100.0,2.0,1.8494850021680094,2.1505149978319906,7,2.7,2.9,2.8,0.1,100,0.05,,100,1994.68,0.705,637.8430301314663,2.804713814245732,5.0,0.04999999999999999,0.98,0.958,0.09608549783549783,-0.6855976300060432,-0.5314255933834733,0.0,1.0,1.0
operational-envelope-v4,atlas,m_fixed_pi,finite_k1,1,100.0,2.0,1.8494850021680094,2.1505149978319906,7,2.7,2.9,2.8,0.1,100,0.05,,100,1994.68,0.705,637.8430301314663,2.804713814245732,5.0,0.04999999999999999,0.06,0.02,0.0775,-0.6855976300060432,-0.5314255933834733,0.0,0.7598947368421052,0.0
operational-envelope-v4,atlas,m_fixed_pi,finite_k2,1,100.0,2.0,1.8494850021680094,2.1505149978319906,7,2.7,2.9,2.8,0.1,100,0.05,,100,1994.68,0.705,637.8430301314663,2.804713814245732,5.0,0.04999999999999999,0.33,0.12,0.08569047619047619,-0.6855976300060432,-0.5314255933834733,0.0,0.9219578947368422,0.0
operational-envelope-v4,atlas,m_fixed_pi,finite_k3,1,100.0,2.0,1.8494850021680094,2.1505149978319906,7,2.7,2.9,2.8,0.1,100,0.05,,100,1994.68,0.705,637.8430301314663,2.804713814245732,5.0,0.04999999999999999,0.86,0.524,0.09028787878787879,-0.6855976300060432,-0.5314255933834733,0.0,0.9839578947368421,0.01
operational-envelope-v4,atlas,m_fixed_pi,perfect,1,100.0,2.0,1.8494850021680094,2.1505149978319906,8,2.9,3.0999999999999996,3.0,0.1,100,0.05,,100,3352.4,0.71,1027.264931235976,3.011682462424798,5.0,0.04999999999999999,1.0,0.9880000000000001,0.08459920634920634,-0.8658520443194135,-0.7365684088475615,0.0,1.0,1.0
operational-envelope-v4,atlas,m_fixed_pi,finite_k1,1,100.0,2.0,1.8494850021680094,2.1505149978319906,8,2.9,3.0999999999999996,3.0,0.1,100,0.05,,100,3352.4,0.71,1027.264931235976,3.011682462424798,5.0,0.04999999999999999,0.06,0.016,0.060714285714285714,-0.8658520443194135,-0.7365684088475615,0.0,0.7550105263157895,0.0
operational-envelope-v4,atlas,m_fixed_pi,finite_k2,1,100.0,2.0,1.8494850021680094,2.1505149978319906,8,2.9,3.0999999999999996,3.0,0.1,100,0.05,,100,3352.4,0.71,1027.264931235976,3.011682462424798,5.0,0.04999999999999999,0.41,0.15200000000000002,0.05449999999999999,-0.8658520443194135,-0.7365684088475615,0.0,0.9225684210526316,0.0
operational-envelope-v4,atlas,m_fixed_pi,finite_k3,1,100.0,2.0,1.8494850021680094,2.1505149978319906,8,2.9,3.0999999999999996,3.0,0.1,100,0.05,,100,3352.4,0.71,1027.264931235976,3.011682462424798,5.0,0.04999999999999999,0.89,0.5299999999999999,0.07564285714285714,-0.8658520443194135,-0.7365684088475615,0.0,0.984063157894737,0.0
operational-envelope-v4,atlas,m_fixed_pi,perfect,1,100.0,2.0,1.8494850021680094,2.1505149978319906,9,3.0999999999999996,3.3,3.1999999999999997,0.1,100,0.05,,100,4550.05,0.685,1619.903072578239,3.2094890291699296,5.0,0.04999999999999999,1.0,0.996,0.08597222222222221,-1.0200971208452883,-0.8992731873176038,0.0,1.0,1.0
operational-envelope-v4,atlas,m_fixed_pi,finite_k1,1,100.0,2.0,1.8494850021680094,2.1505149978319906,9,3.0999999999999996,3.3,3.1999999999999997,0.1,100,0.05,,100,4550.05,0.685,1619.903072578239,3.2094890291699296,5.0,0.04999999999999999,0.1,0.024000000000000004,0.056666666666666664,-1.0200971208452883,-0.8992731873176038,0.0,0.7693684210526315,0.0
operational-envelope-v4,atlas,m_fixed_pi,finite_k2,1,100.0,2.0,1.8494850021680094,2.1505149978319906,9,3.0999999999999996,3.3,3.1999999999999997,0.1,100,0.05,,100,4550.05,0.685,1619.903072578239,3.2094890291699296,5.0,0.04999999999999999,0.54,0.184,0.08828571428571429,-1.0200971208452883,-0.8992731873176038,0.0,0.9253684210526315,0.0
operational-envelope-v4,atlas,m_fixed_pi,finite_k3,1,100.0,2.0,1.8494850021680094,2.1505149978319906,9,3.0999999999999996,3.3,3.1999999999999997,0.1,100,0.05,,100,4550.05,0.685,1619.903072578239,3.2094890291699296,5.0,0.04999999999999999,0.94,0.594,0.09138492063492064,-1.0200971208452883,-0.8992731873176038,0.0,0.984463157894737,0.01
operational-envelope-v4,atlas,m_fixed_pi,perfect,1,100.0,2.0,1.8494850021680094,2.1505149978319906,10,3.3,3.5,3.4,0.1,100,0.05,,100,4299.71,0.495,2574.221364264027,3.4106458903324266,5.0,0.04999999999999999,1.0,1.0,0.09285714285714286,-1.127869459807401,-1.0991624929285948,0.0,1.0,1.0
operational-envelope-v4,atlas,m_fixed_pi,finite_k1,1,100.0,2.0,1.8494850021680094,2.1505149978319906,10,3.3,3.5,3.4,0.1,100,0.05,,100,4299.71,0.495,2574.221364264027,3.4106458903324266,5.0,0.04999999999999999,0.04,0.008,0.045,-1.127869459807401,-1.0991624929285948,0.0,0.7494526315789475,0.0
operational-envelope-v4,atlas,m_fixed_pi,finite_k2,1,100.0,2.0,1.8494850021680094,2.1505149978319906,10,3.3,3.5,3.4,0.1,100,0.05,,100,4299.71,0.495,2574.221364264027,3.4106458903324266,5.0,0.04999999999999999,0.42,0.12999999999999998,0.0765,-1.127869459807401,-1.0991624929285948,0.0,0.9165052631578948,0.0
operational-envelope-v4,atlas,m_fixed_pi,finite_k3,1,100.0,2.0,1.8494850021680094,2.1505149978319906,10,3.3,3.5,3.4,0.1,100,0.05,,100,4299.71,0.495,2574.221364264027,3.4106458903324266,5.0,0.04999999999999999,0.99,0.596,0.10325,-1.127869459807401,-1.0991624929285948,0.0,0.9831368421052631,0.0
operational-envelope-v4,atlas,m_fixed_pi,perfect,1,100.0,2.0,1.8494850021680094,2.1505149978319906,11,3.5,3.7,3.6,0.1,100,0.05,,100,6827.6,0.505,4067.8946675536217,3.609369698947738,5.0,0.04999999999999999,1.0,1.0,0.0798015873015873,-1.3161386251172655,-1.2957048353684322,0.0,1.0,1.0
operational-envelope-v4,atlas,m_fixed_pi,finite_k1,1,100.0,2.0,1.8494850021680094,2.1505149978319906,11,3.5,3.7,3.6,0.1,100,0.05,,100,6827.6,0.505,4067.8946675536217,3.609369698947738,5.0,0.04999999999999999,0.07,0.013999999999999999,0.03166666666666666,-1.3161386251172655,-1.2957048353684322,0.0,0.7744,0.0
operational-envelope-v4,atlas,m_fixed_pi,finite_k2,1,100.0,2.0,1.8494850021680094,2.1505149978319906,11,3.5,3.7,3.6,0.1,100,0.05,,100,6827.6,0.505,4067.8946675536217,3.609369698947738,5.0,0.04999999999999999,0.58,0.18799999999999997,0.07083333333333333,-1.3161386251172655,-1.2957048353684322,0.0,0.9251578947368421,0.0
operational-envelope-v4,atlas,m_fixed_pi,finite_k3,1,100.0,2.0,1.8494850021680094,2.1505149978319906,11,3.5,3.7,3.6,0.1,100,0.05,,100,6827.6,0.505,4067.8946675536217,3.609369698947738,5.0,0.04999999999999999,0.97,0.652,0.08788095238095238,-1.3161386251172655,-1.2957048353684322,0.0,0.9833052631578948,0.0
operational-envelope-v4,atlas,m_fixed_pi,perfect,1,100.0,2.0,1.8494850021680094,2.1505149978319906,12,3.7,3.8999999999999995,3.8,0.1,100,0.05,,100,8434.63,0.35,6303.836534838592,3.799604942911381,5.0,0.04999999999999999,1.0,1.0,0.09718253968253966,-1.4864449602954515,-1.4825974206431833,0.0,1.0,1.0
operational-envelope-v4,atlas,m_fixed_pi,finite_k1,1,100.0,2.0,1.8494850021680094,2.1505149978319906,12,3.7,3.8999999999999995,3.8,0.1,100,0.05,,100,8434.63,0.35,6303.836534838592,3.799604942911381,5.0,0.04999999999999999,0.09,0.019999999999999997,0.126,-1.4864449602954515,-1.4825974206431833,0.0,0.7602736842105261,0.0
operational-envelope-v4,atlas,m_fixed_pi,finite_k2,1,100.0,2.0,1.8494850021680094,2.1505149978319906,12,3.7,3.8999999999999995,3.8,0.1,100,0.05,,100,8434.63,0.35,6303.836534838592,3.799604942911381,5.0,0.04999999999999999,0.57,0.20800000000000002,0.10773809523809524,-1.4864449602954515,-1.4825974206431833,0.0,0.9249684210526316,0.0
operational-envelope-v4,atlas,m_fixed_pi,finite_k3,1,100.0,2.0,1.8494850021680094,2.1505149978319906,12,3.7,3.8999999999999995,3.8,0.1,100,0.05,,100,8434.63,0.35,6303.836534838592,3.799604942911381,5.0,0.04999999999999999,0.94,0.602,0.08694047619047619,-1.4864449602954515,-1.4825974206431833,0.0,0.9845894736842105,0.01
operational-envelope-v4,atlas,m_fixed_pi,perfect,1,100.0,2.0,1.8494850021680094,2.1505149978319906,13,3.8999999999999995,4.1,3.9999999999999996,0.1,100,0.05,,100,10627.88,0.245,9331.965958879002,3.96997314590633,5.0,0.04999999999999999,1.0,1.0,0.10327380952380953,-1.6158948944632707,-1.653260766037146,0.0,1.0,1.0
operational-envelope-v4,atlas,m_fixed_pi,finite_k1,1,100.0,2.0,1.8494850021680094,2.1505149978319906,13,3.8999999999999995,4.1,3.9999999999999996,0.1,100,0.05,,100,10627.88,0.245,9331.965958879002,3.96997314590633,5.0,0.04999999999999999,0.08,0.018000000000000002,0.10833333333333332,-1.6158948944632707,-1.653260766037146,0.0,0.7469894736842108,0.0
operational-envelope-v4,atlas,m_fixed_pi,finite_k2,1,100.0,2.0,1.8494850021680094,2.1505149978319906,13,3.8999999999999995,4.1,3.9999999999999996,0.1,100,0.05,,100,10627.88,0.245,9331.965958879002,3.96997314590633,5.0,0.04999999999999999,0.51,0.16599999999999998,0.10616666666666666,-1.6158948944632707,-1.653260766037146,0.0,0.917178947368421,0.0
operational-envelope-v4,atlas,m_fixed_pi,finite_k3,1,100.0,2.0,1.8494850021680094,2.1505149978319906,13,3.8999999999999995,4.1,3.9999999999999996,0.1,100,0.05,,100,10627.88,0.245,9331.965958879002,3.96997314590633,5.0,0.04999999999999999,0.96,0.598,0.0977142857142857,-1.6158948944632707,-1.653260766037146,0.0,0.9821052631578948,0.0
operational-envelope-v4,atlas,m_fixed_pi,perfect,2,200.0,2.3010299956639813,2.1505149978319906,2.5,0,1.3,1.5,1.4,0.1,200,0.05,,100,483.24,0.675,25.8923706522117,1.4131718153649748,10.0,0.04999999999999999,0.1,0.052000000000000005,0.01446825396825397,0.7087525961018311,0.8860566476931633,0.92,1.0,1.0
operational-envelope-v4,atlas,m_fixed_pi,finite_k1,2,200.0,2.3010299956639813,2.1505149978319906,2.5,0,1.3,1.5,1.4,0.1,200,0.05,,100,483.24,0.675,25.8923706522117,1.4131718153649748,10.0,0.04999999999999999,0.01,0.001,0.015,0.7087525961018311,0.8860566476931633,0.92,0.7692999999999999,0.0
operational-envelope-v4,atlas,m_fixed_pi,finite_k2,2,200.0,2.3010299956639813,2.1505149978319906,2.5,0,1.3,1.5,1.4,0.1,200,0.05,,100,483.24,0.675,25.8923706522117,1.4131718153649748,10.0,0.04999999999999999,0.04,0.007000000000000001,0.024,0.7087525961018311,0.8860566476931633,0.92,0.925042105263158,0.01
operational-envelope-v4,atlas,m_fixed_pi,finite_k3,2,200.0,2.3010299956639813,2.1505149978319906,2.5,0,1.3,1.5,1.4,0.1,200,0.05,,100,483.24,0.675,25.8923706522117,1.4131718153649748,10.0,0.04999999999999999,0.1,0.027999999999999997,0.018666666666666668,0.7087525961018311,0.8860566476931633,0.92,0.9841157894736842,0.21
operational-envelope-v4,atlas,m_fixed_pi,perfect,2,200.0,2.3010299956639813,2.1505149978319906,2.5,1,1.5,1.7,1.6,0.1,200,0.05,,100,221.38,0.66,40.753302260271326,1.6101628055988664,10.0,0.04999999999999999,0.13,0.051,0.013761904761904762,0.5606143933117529,0.6882461389442457,0.9,1.0,1.0
operational-envelope-v4,atlas,m_fixed_pi,finite_k1,2,200.0,2.3010299956639813,2.1505149978319906,2.5,1,1.5,1.7,1.6,0.1,200,0.05,,100,221.38,0.66,40.753302260271326,1.6101628055988664,10.0,0.04999999999999999,0.0,0.0,0.01,0.5606143933117529,0.6882461389442457,0.9,0.7728894736842105,0.0
operational-envelope-v4,atlas,m_fixed_pi,finite_k2,2,200.0,2.3010299956639813,2.1505149978319906,2.5,1,1.5,1.7,1.6,0.1,200,0.05,,100,221.38,0.66,40.753302260271326,1.6101628055988664,10.0,0.04999999999999999,0.05,0.006,0.01,0.5606143933117529,0.6882461389442457,0.9,0.9295157894736842,0.01
operational-envelope-v4,atlas,m_fixed_pi,finite_k3,2,200.0,2.3010299956639813,2.1505149978319906,2.5,1,1.5,1.7,1.6,0.1,200,0.05,,100,221.38,0.66,40.753302260271326,1.6101628055988664,10.0,0.04999999999999999,0.1,0.024,0.02,0.5606143933117529,0.6882461389442457,0.9,0.9860052631578946,0.09
operational-envelope-v4,atlas,m_fixed_pi,perfect,2,200.0,2.3010299956639813,2.1505149978319906,2.5,2,1.7,1.9,1.7999999999999998,0.1,200,0.05,,100,289.49,0.64,64.9432378877248,1.8125339375347749,10.0,0.04999999999999999,0.2,0.087,0.027341269841269836,0.39765998443476497,0.494850021680094,0.88,1.0,1.0
operational-envelope-v4,atlas,m_fixed_pi,finite_k1,2,200.0,2.3010299956639813,2.1505149978319906,2.5,2,1.7,1.9,1.7999999999999998,0.1,200,0.05,,100,289.49,0.64,64.9432378877248,1.8125339375347749,10.0,0.04999999999999999,0.01,0.001,0.0,0.39765998443476497,0.494850021680094,0.88,0.7643526315789475,0.0
operational-envelope-v4,atlas,m_fixed_pi,finite_k2,2,200.0,2.3010299956639813,2.1505149978319906,2.5,2,1.7,1.9,1.7999999999999998,0.1,200,0.05,,100,289.49,0.64,64.9432378877248,1.8125339375347749,10.0,0.04999999999999999,0.04,0.006,0.01,0.39765998443476497,0.494850021680094,0.88,0.9247736842105263,0.0
operational-envelope-v4,atlas,m_fixed_pi,finite_k3,2,200.0,2.3010299956639813,2.1505149978319906,2.5,2,1.7,1.9,1.7999999999999998,0.1,200,0.05,,100,289.49,0.64,64.9432378877248,1.8125339375347749,10.0,0.04999999999999999,0.1,0.025,0.015,0.39765998443476497,0.494850021680094,0.88,0.9842947368421052,0.05
operational-envelope-v4,atlas,m_fixed_pi,perfect,2,200.0,2.3010299956639813,2.1505149978319906,2.5,3,1.9,2.1,2.0,0.1,200,0.05,,100,467.81,0.715,102.36524384577464,2.0101525253096337,10.0,0.04999999999999999,0.3,0.168,0.0441511544011544,0.18136532199643102,0.2957029707504909,0.82,1.0,1.0
operational-envelope-v4,atlas,m_fixed_pi,finite_k1,2,200.0,2.3010299956639813,2.1505149978319906,2.5,3,1.9,2.1,2.0,0.1,200,0.05,,100,467.81,0.715,102.36524384577464,2.0101525253096337,10.0,0.04999999999999999,0.0,0.0,0.01,0.18136532199643102,0.2957029707504909,0.82,0.7684736842105263,0.0
operational-envelope-v4,atlas,m_fixed_pi,finite_k2,2,200.0,2.3010299956639813,2.1505149978319906,2.5,3,1.9,2.1,2.0,0.1,200,0.05,,100,467.81,0.715,102.36524384577464,2.0101525253096337,10.0,0.04999999999999999,0.04,0.004,0.005,0.18136532199643102,0.2957029707504909,0.82,0.9231736842105263,0.0
operational-envelope-v4,atlas,m_fixed_pi,finite_k3,2,200.0,2.3010299956639813,2.1505149978319906,2.5,3,1.9,2.1,2.0,0.1,200,0.05,,100,467.81,0.715,102.36524384577464,2.0101525253096337,10.0,0.04999999999999999,0.16,0.04,0.02238095238095238,0.18136532199643102,0.2957029707504909,0.82,0.9827894736842108,0.01
operational-envelope-v4,atlas,m_fixed_pi,perfect,2,200.0,2.3010299956639813,2.1505149978319906,2.5,4,2.1,2.3,2.2,0.1,200,0.05,,100,1011.2,0.735,163.069975563296,2.2123740061198567,10.0,0.04999999999999999,0.54,0.39399999999999996,0.056861804861804865,-0.059861697484316335,0.09646935173223205,0.71,1.0,1.0
operational-envelope-v4,atlas,m_fixed_pi,finite_k1,2,200.0,2.3010299956639813,2.1505149978319906,2.5,4,2.1,2.3,2.2,0.1,200,0.05,,100,1011.2,0.735,163.069975563296,2.2123740061198567,10.0,0.04999999999999999,0.0,0.0,0.01,-0.059861697484316335,0.09646935173223205,0.71,0.7580210526315789,0.0
operational-envelope-v4,atlas,m_fixed_pi,finite_k2,2,200.0,2.3010299956639813,2.1505149978319906,2.5,4,2.1,2.3,2.2,0.1,200,0.05,,100,1011.2,0.735,163.069975563296,2.2123740061198567,10.0,0.04999999999999999,0.09,0.025000000000000005,0.034545454545454546,-0.059861697484316335,0.09646935173223205,0.71,0.9209263157894736,0.0
operational-envelope-v4,atlas,m_fixed_pi,finite_k3,2,200.0,2.3010299956639813,2.1505149978319906,2.5,4,2.1,2.3,2.2,0.1,200,0.05,,100,1011.2,0.735,163.069975563296,2.2123740061198567,10.0,0.04999999999999999,0.28,0.102,0.05732234432234432,-0.059861697484316335,0.09646935173223205,0.71,0.9830157894736843,0.01
operational-envelope-v4,atlas,m_fixed_pi,perfect,2,200.0,2.3010299956639813,2.1505149978319906,2.5,5,2.3,2.5,2.4,0.1,200,0.05,,100,1207.76,0.715,255.98725756118685,2.4082183477001533,10.0,0.04999999999999999,0.84,0.742,0.08263278388278389,-0.21810524317455632,-0.10037054511756292,0.2,1.0,1.0
operational-envelope-v4,atlas,m_fixed_pi,finite_k1,2,200.0,2.3010299956639813,2.1505149978319906,2.5,5,2.3,2.5,2.4,0.1,200,0.05,,100,1207.76,0.715,255.98725756118685,2.4082183477001533,10.0,0.04999999999999999,0.02,0.002,0.0275,-0.21810524317455632,-0.10037054511756292,0.2,0.759078947368421,0.0
operational-envelope-v4,atlas,m_fixed_pi,finite_k2,2,200.0,2.3010299956639813,2.1505149978319906,2.5,5,2.3,2.5,2.4,0.1,200,0.05,,100,1207.76,0.715,255.98725756118685,2.4082183477001533,10.0,0.04999999999999999,0.14,0.033,0.04995238095238095,-0.21810524317455632,-0.10037054511756292,0.2,0.9202157894736841,0.0
operational-envelope-v4,atlas,m_fixed_pi,finite_k3,2,200.0,2.3010299956639813,2.1505149978319906,2.5,5,2.3,2.5,2.4,0.1,200,0.05,,100,1207.76,0.715,255.98725756118685,2.4082183477001533,10.0,0.04999999999999999,0.48,0.271,0.06959585349291231,-0.21810524317455632,-0.10037054511756292,0.2,0.9823052631578948,0.01
operational-envelope-v4,atlas,m_fixed_pi,perfect,2,200.0,2.3010299956639813,2.1505149978319906,2.5,6,2.5,2.7,2.6,0.1,200,0.05,,100,1810.45,0.72,400.3290440539136,2.602417099509981,10.0,0.04999999999999999,0.91,0.8580000000000001,0.06641037230743113,-0.47725401284530394,-0.36078268987328,0.0,1.0,1.0
operational-envelope-v4,atlas,m_fixed_pi,finite_k1,2,200.0,2.3010299956639813,2.1505149978319906,2.5,6,2.5,2.7,2.6,0.1,200,0.05,,100,1810.45,0.72,400.3290440539136,2.602417099509981,10.0,0.04999999999999999,0.01,0.001,0.005,-0.47725401284530394,-0.36078268987328,0.0,0.7590789473684211,0.0
operational-envelope-v4,atlas,m_fixed_pi,finite_k2,2,200.0,2.3010299956639813,2.1505149978319906,2.5,6,2.5,2.7,2.6,0.1,200,0.05,,100,1810.45,0.72,400.3290440539136,2.602417099509981,10.0,0.04999999999999999,0.14,0.03,0.021833333333333337,-0.47725401284530394,-0.36078268987328,0.0,0.921878947368421,0.0
operational-envelope-v4,atlas,m_fixed_pi,finite_k3,2,200.0,2.3010299956639813,2.1505149978319906,2.5,6,2.5,2.7,2.6,0.1,200,0.05,,100,1810.45,0.72,400.3290440539136,2.602417099509981,10.0,0.04999999999999999,0.59,0.31999999999999995,0.0599953934953935,-0.47725401284530394,-0.36078268987328,0.0,0.9835842105263158,0.0
operational-envelope-v4,atlas,m_fixed_pi,perfect,2,200.0,2.3010299956639813,2.1505149978319906,2.5,7,2.7,2.9,2.8,0.1,200,0.05,,100,1982.77,0.7,638.9304784813244,2.8054536054909467,10.0,0.04999999999999999,1.0,0.9670000000000001,0.08670711314828963,-0.597647914348957,-0.4996870826184039,0.0,1.0,1.0
operational-envelope-v4,atlas,m_fixed_pi,finite_k1,2,200.0,2.3010299956639813,2.1505149978319906,2.5,7,2.7,2.9,2.8,0.1,200,0.05,,100,1982.77,0.7,638.9304784813244,2.8054536054909467,10.0,0.04999999999999999,0.05,0.008,0.05533333333333333,-0.597647914348957,-0.4996870826184039,0.0,0.7637578947368421,0.0
operational-envelope-v4,atlas,m_fixed_pi,finite_k2,2,200.0,2.3010299956639813,2.1505149978319906,2.5,7,2.7,2.9,2.8,0.1,200,0.05,,100,1982.77,0.7,638.9304784813244,2.8054536054909467,10.0,0.04999999999999999,0.36,0.08700000000000001,0.07185714285714286,-0.597647914348957,-0.4996870826184039,0.0,0.9228526315789475,0.0
operational-envelope-v4,atlas,m_fixed_pi,finite_k3,2,200.0,2.3010299956639813,2.1505149978319906,2.5,7,2.7,2.9,2.8,0.1,200,0.05,,100,1982.77,0.7,638.9304784813244,2.8054536054909467,10.0,0.04999999999999999,0.84,0.48899999999999993,0.08146055415173063,-0.597647914348957,-0.4996870826184039,0.0,0.9842789473684213,0.0
operational-envelope-v4,atlas,m_fixed_pi,perfect,2,200.0,2.3010299956639813,2.1505149978319906,2.5,8,2.9,3.0999999999999996,3.0,0.1,200,0.05,,100,3204.73,0.675,1031.6656352204063,3.0135389644345585,10.0,0.04999999999999999,0.99,0.9840000000000001,0.0788048618048618,-0.8105082073171933,-0.6994040818153374,0.0,1.0,1.0
operational-envelope-v4,atlas,m_fixed_pi,finite_k1,2,200.0,2.3010299956639813,2.1505149978319906,2.5,8,2.9,3.0999999999999996,3.0,0.1,200,0.05,,100,3204.73,0.675,1031.6656352204063,3.0135389644345585,10.0,0.04999999999999999,0.04,0.004,0.028333333333333332,-0.8105082073171933,-0.6994040818153374,0.0,0.7736736842105263,0.0
operational-envelope-v4,atlas,m_fixed_pi,finite_k2,2,200.0,2.3010299956639813,2.1505149978319906,2.5,8,2.9,3.0999999999999996,3.0,0.1,200,0.05,,100,3204.73,0.675,1031.6656352204063,3.0135389644345585,10.0,0.04999999999999999,0.41,0.099,0.05602380952380953,-0.8105082073171933,-0.6994040818153374,0.0,0.9288157894736843,0.0
operational-envelope-v4,atlas,m_fixed_pi,finite_k3,2,200.0,2.3010299956639813,2.1505149978319906,2.5,8,2.9,3.0999999999999996,3.0,0.1,200,0.05,,100,3204.73,0.675,1031.6656352204063,3.0135389644345585,10.0,0.04999999999999999,0.89,0.5589999999999999,0.07333044733044733,-0.8105082073171933,-0.6994040818153374,0.0,0.9846105263157896,0.01
operational-envelope-v4,atlas,m_fixed_pi,perfect,2,200.0,2.3010299956639813,2.1505149978319906,2.5,9,3.0999999999999996,3.3,3.1999999999999997,0.1,200,0.05,,100,4247.11,0.635,1610.0756091883202,3.20684627098977,10.0,0.04999999999999999,1.0,0.9940000000000001,0.07497535797535798,-0.9861918311029021,-0.8992731873176038,0.0,1.0,1.0
operational-envelope-v4,atlas,m_fixed_pi,finite_k1,2,200.0,2.3010299956639813,2.1505149978319906,2.5,9,3.0999999999999996,3.3,3.1999999999999997,0.1,200,0.05,,100,4247.11,0.635,1610.0756091883202,3.20684627098977,10.0,0.04999999999999999,0.04,0.005,0.045,-0.9861918311029021,-0.8992731873176038,0.0,0.7451473684210528,0.0
operational-envelope-v4,atlas,m_fixed_pi,finite_k2,2,200.0,2.3010299956639813,2.1505149978319906,2.5,9,3.0999999999999996,3.3,3.1999999999999997,0.1,200,0.05,,100,4247.11,0.635,1610.0756091883202,3.20684627098977,10.0,0.04999999999999999,0.46,0.11499999999999998,0.06836904761904762,-0.9861918311029021,-0.8992731873176038,0.0,0.9108999999999997,0.0
operational-envelope-v4,atlas,m_fixed_pi,finite_k3,2,200.0,2.3010299956639813,2.1505149978319906,2.5,9,3.0999999999999996,3.3,3.1999999999999997,0.1,200,0.05,,100,4247.11,0.635,1610.0756091883202,3.20684627098977,10.0,0.04999999999999999,0.95,0.575,0.07304373404373404,-0.9861918311029021,-0.8992731873176038,0.0,0.9794947368421053,0.0
operational-envelope-v4,atlas,m_fixed_pi,perfect,2,200.0,2.3010299956639813,2.1505149978319906,2.5,10,3.3,3.5,3.4,0.1,200,0.05,,100,4277.1,0.505,2557.363940131342,3.4077925371556432,10.0,0.04999999999999999,1.0,0.9990000000000001,0.11303796203796206,-1.1013160105141804,-1.0991624929285948,0.0,1.0,1.0
operational-envelope-v4,atlas,m_fixed_pi,finite_k1,2,200.0,2.3010299956639813,2.1505149978319906,2.5,10,3.3,3.5,3.4,0.1,200,0.05,,100,4277.1,0.505,2557.363940131342,3.4077925371556432,10.0,0.04999999999999999,0.09,0.015,0.06666666666666667,-1.1013160105141804,-1.0991624929285948,0.0,0.7525842105263159,0.0
operational-envelope-v4,atlas,m_fixed_pi,finite_k2,2,200.0,2.3010299956639813,2.1505149978319906,2.5,10,3.3,3.5,3.4,0.1,200,0.05,,100,4277.1,0.505,2557.363940131342,3.4077925371556432,10.0,0.04999999999999999,0.52,0.129,0.10137301587301586,-1.1013160105141804,-1.0991624929285948,0.0,0.9191157894736842,0.0
operational-envelope-v4,atlas,m_fixed_pi,finite_k3,2,200.0,2.3010299956639813,2.1505149978319906,2.5,10,3.3,3.5,3.4,0.1,200,0.05,,100,4277.1,0.505,2557.363940131342,3.4077925371556432,10.0,0.04999999999999999,0.99,0.5760000000000001,0.10903285603285601,-1.1013160105141804,-1.0991624929285948,0.0,0.9825052631578948,0.0
operational-envelope-v4,atlas,m_fixed_pi,perfect,2,200.0,2.3010299956639813,2.1505149978319906,2.5,11,3.5,3.7,3.6,0.1,200,0.05,,100,6717.34,0.495,4039.751558878942,3.6063546572082146,10.0,0.04999999999999999,1.0,1.0,0.09058608058608059,-1.3030280025328604,-1.2903262935376691,0.0,1.0,1.0
operational-envelope-v4,atlas,m_fixed_pi,finite_k1,2,200.0,2.3010299956639813,2.1505149978319906,2.5,11,3.5,3.7,3.6,0.1,200,0.05,,100,6717.34,0.495,4039.751558878942,3.6063546572082146,10.0,0.04999999999999999,0.09,0.01,0.063,-1.3030280025328604,-1.2903262935376691,0.0,0.7639052631578945,0.0
operational-envelope-v4,atlas,m_fixed_pi,finite_k2,2,200.0,2.3010299956639813,2.1505149978319906,2.5,11,3.5,3.7,3.6,0.1,200,0.05,,100,6717.34,0.495,4039.751558878942,3.6063546572082146,10.0,0.04999999999999999,0.61,0.156,0.07902380952380951,-1.3030280025328604,-1.2903262935376691,0.0,0.9228105263157896,0.0
operational-envelope-v4,atlas,m_fixed_pi,finite_k3,2,200.0,2.3010299956639813,2.1505149978319906,2.5,11,3.5,3.7,3.6,0.1,200,0.05,,100,6717.34,0.495,4039.751558878942,3.6063546572082146,10.0,0.04999999999999999,0.99,0.617,0.07792784992784993,-1.3030280025328604,-1.2903262935376691,0.0,0.9844000000000002,0.0
operational-envelope-v4,atlas,m_fixed_pi,perfect,2,200.0,2.3010299956639813,2.1505149978319906,2.5,12,3.7,3.8999999999999995,3.8,0.1,200,0.05,,100,8434.63,0.35,6320.754665367138,3.800768933889696,10.0,0.04999999999999999,1.0,1.0,0.09237096237096239,-1.4534170220711689,-1.4591223608860875,0.0,1.0,1.0
operational-envelope-v4,atlas,m_fixed_pi,finite_k1,2,200.0,2.3010299956639813,2.1505149978319906,2.5,12,3.7,3.8999999999999995,3.8,0.1,200,0.05,,100,8434.63,0.35,6320.754665367138,3.800768933889696,10.0,0.04999999999999999,0.15,0.019000000000000003,0.12666666666666665,-1.4534170220711689,-1.4591223608860875,0.0,0.786,0.0
operational-envelope-v4,atlas,m_fixed_pi,finite_k2,2,200.0,2.3010299956639813,2.1505149978319906,2.5,12,3.7,3.8999999999999995,3.8,0.1,200,0.05,,100,8434.63,0.35,6320.754665367138,3.800768933889696,10.0,0.04999999999999999,0.67,0.185,0.10741666666666667,-1.4534170220711689,-1.4591223608860875,0.0,0.9340999999999999,0.0
operational-envelope-v4,atlas,m_fixed_pi,finite_k3,2,200.0,2.3010299956639813,2.1505149978319906,2.5,12,3.7,3.8999999999999995,3.8,0.1,200,0.05,,100,8434.63,0.35,6320.754665367138,3.800768933889696,10.0,0.04999999999999999,1.0,0.6589999999999999,0.09472546897546896,-1.4534170220711689,-1.4591223608860875,0.0,0.9868105263157895,0.0
operational-envelope-v4,atlas,m_fixed_pi,perfect,2,200.0,2.3010299956639813,2.1505149978319906,2.5,13,3.8999999999999995,4.1,3.9999999999999996,0.1,200,0.05,,100,10627.88,0.245,9332.155989856768,3.9699819895481863,10.0,0.04999999999999999,1.0,1.0,0.08786047286047285,-1.5971859421834864,-1.605337035235906,0.0,1.0,1.0
operational-envelope-v4,atlas,m_fixed_pi,finite_k1,2,200.0,2.3010299956639813,2.1505149978319906,2.5,13,3.8999999999999995,4.1,3.9999999999999996,0.1,200,0.05,,100,10627.88,0.245,9332.155989856768,3.9699819895481863,10.0,0.04999999999999999,0.17,0.02,0.07333333333333333,-1.5971859421834864,-1.605337035235906,0.0,0.7525526315789474,0.0
operational-envelope-v4,atlas,m_fixed_pi,finite_k2,2,200.0,2.3010299956639813,2.1505149978319906,2.5,13,3.8999999999999995,4.1,3.9999999999999996,0.1,200,0.05,,100,10627.88,0.245,9332.155989856768,3.9699819895481863,10.0,0.04999999999999999,0.64,0.16700000000000004,0.08958333333333333,-1.5971859421834864,-1.605337035235906,0.0,0.9175736842105263,0.0
operational-envelope-v4,atlas,m_fixed_pi,finite_k3,2,200.0,2.3010299956639813,2.1505149978319906,2.5,13,3.8999999999999995,4.1,3.9999999999999996,0.1,200,0.05,,100,10627.88,0.245,9332.155989856768,3.9699819895481863,10.0,0.04999999999999999,1.0,0.613,0.08548695748695749,-1.5971859421834864,-1.605337035235906,0.0,0.9816999999999999,0.0
operational-envelope-v4,atlas,m_fixed_pi,perfect,3,500.0,2.6989700043360187,2.5,2.8494850021680094,0,1.3,1.5,1.4,0.1,500,0.05,,100,378.35,0.645,26.040315954005813,1.415646249337353,25.0,0.04999999999999999,0.09,0.037599999999999995,0.026463156408808582,0.7878373198824157,0.9022039932382379,0.93,1.0,1.0
operational-envelope-v4,atlas,m_fixed_pi,finite_k1,3,500.0,2.6989700043360187,2.5,2.8494850021680094,0,1.3,1.5,1.4,0.1,500,0.05,,100,378.35,0.645,26.040315954005813,1.415646249337353,25.0,0.04999999999999999,0.0,0.0,0.01,0.7878373198824157,0.9022039932382379,0.93,0.7577094736842105,0.0
operational-envelope-v4,atlas,m_fixed_pi,finite_k2,3,500.0,2.6989700043360187,2.5,2.8494850021680094,0,1.3,1.5,1.4,0.1,500,0.05,,100,378.35,0.645,26.040315954005813,1.415646249337353,25.0,0.04999999999999999,0.04,0.0036,0.013500000000000002,0.7878373198824157,0.9022039932382379,0.93,0.9209642105263156,0.0
operational-envelope-v4,atlas,m_fixed_pi,finite_k3,3,500.0,2.6989700043360187,2.5,2.8494850021680094,0,1.3,1.5,1.4,0.1,500,0.05,,100,378.35,0.645,26.040315954005813,1.415646249337353,25.0,0.04999999999999999,0.04,0.0064,0.017252747252747253,0.7878373198824157,0.9022039932382379,0.93,0.9835132631578947,0.06
operational-envelope-v4,atlas,m_fixed_pi,perfect,3,500.0,2.6989700043360187,2.5,2.8494850021680094,1,1.5,1.7,1.6,0.1,500,0.05,,100,316.67,0.65,40.88565009658903,1.6115709075819904,25.0,0.04999999999999999,0.1,0.0424,0.012048556835321543,0.5929961034834497,0.6963635910447464,0.92,1.0,1.0
operational-envelope-v4,atlas,m_fixed_pi,finite_k1,3,500.0,2.6989700043360187,2.5,2.8494850021680094,1,1.5,1.7,1.6,0.1,500,0.05,,100,316.67,0.65,40.88565009658903,1.6115709075819904,25.0,0.04999999999999999,0.0,0.0,0.0,0.5929961034834497,0.6963635910447464,0.92,0.754693052631579,0.0
operational-envelope-v4,atlas,m_fixed_pi,finite_k2,3,500.0,2.6989700043360187,2.5,2.8494850021680094,1,1.5,1.7,1.6,0.1,500,0.05,,100,316.67,0.65,40.88565009658903,1.6115709075819904,25.0,0.04999999999999999,0.02,0.0008,0.005,0.5929961034834497,0.6963635910447464,0.92,0.9197701052631579,0.0
operational-envelope-v4,atlas,m_fixed_pi,finite_k3,3,500.0,2.6989700043360187,2.5,2.8494850021680094,1,1.5,1.7,1.6,0.1,500,0.05,,100,316.67,0.65,40.88565009658903,1.6115709075819904,25.0,0.04999999999999999,0.06,0.0108,0.014751082251082251,0.5929961034834497,0.6963635910447464,0.92,0.9832968421052632,0.03
operational-envelope-v4,atlas,m_fixed_pi,perfect,3,500.0,2.6989700043360187,2.5,2.8494850021680094,2,1.7,1.9,1.7999999999999998,0.1,500,0.05,,100,455.52,0.725,65.37681776436793,1.8154237773485125,25.0,0.04999999999999999,0.15,0.0756,0.01872976024887453,0.33845495487452465,0.494850021680094,0.82,1.0,1.0
operational-envelope-v4,atlas,m_fixed_pi,finite_k1,3,500.0,2.6989700043360187,2.5,2.8494850021680094,2,1.7,1.9,1.7999999999999998,0.1,500,0.05,,100,455.52,0.725,65.37681776436793,1.8154237773485125,25.0,0.04999999999999999,0.01,0.0004,0.01,0.33845495487452465,0.494850021680094,0.82,0.7594711578947367,0.0
operational-envelope-v4,atlas,m_fixed_pi,finite_k2,3,500.0,2.6989700043360187,2.5,2.8494850021680094,2,1.7,1.9,1.7999999999999998,0.1,500,0.05,,100,455.52,0.725,65.37681776436793,1.8154237773485125,25.0,0.04999999999999999,0.06,0.0068,0.0095,0.33845495487452465,0.494850021680094,0.82,0.9202955789473682,0.0
operational-envelope-v4,atlas,m_fixed_pi,finite_k3,3,500.0,2.6989700043360187,2.5,2.8494850021680094,2,1.7,1.9,1.7999999999999998,0.1,500,0.05,,100,455.52,0.725,65.37681776436793,1.8154237773485125,25.0,0.04999999999999999,0.09,0.022400000000000003,0.00915873015873016,0.33845495487452465,0.494850021680094,0.82,0.9825970526315789,0.01
operational-envelope-v4,atlas,m_fixed_pi,perfect,3,500.0,2.6989700043360187,2.5,2.8494850021680094,3,1.9,2.1,2.0,0.1,500,0.05,,100,342.69,0.67,102.24093074697917,2.009624794417975,25.0,0.04999999999999999,0.29,0.13480000000000003,0.036812244115035545,0.23008094523594402,0.2967086218813386,0.85,1.0,1.0
operational-envelope-v4,atlas,m_fixed_pi,finite_k1,3,500.0,2.6989700043360187,2.5,2.8494850021680094,3,1.9,2.1,2.0,0.1,500,0.05,,100,342.69,0.67,102.24093074697917,2.009624794417975,25.0,0.04999999999999999,0.0,0.0,0.0,0.23008094523594402,0.2967086218813386,0.85,0.7730669473684211,0.0
operational-envelope-v4,atlas,m_fixed_pi,finite_k2,3,500.0,2.6989700043360187,2.5,2.8494850021680094,3,1.9,2.1,2.0,0.1,500,0.05,,100,342.69,0.67,102.24093074697917,2.009624794417975,25.0,0.04999999999999999,0.03,0.0032,0.0,0.23008094523594402,0.2967086218813386,0.85,0.9273187368421053,0.0
operational-envelope-v4,atlas,m_fixed_pi,finite_k3,3,500.0,2.6989700043360187,2.5,2.8494850021680094,3,1.9,2.1,2.0,0.1,500,0.05,,100,342.69,0.67,102.24093074697917,2.009624794417975,25.0,0.04999999999999999,0.13,0.033600000000000005,0.023548701298701298,0.23008094523594402,0.2967086218813386,0.85,0.984554947368421,0.01
operational-envelope-v4,atlas,m_fixed_pi,perfect,3,500.0,2.6989700043360187,2.5,2.8494850021680094,4,2.1,2.3,2.2,0.1,500,0.05,,100,796.48,0.72,164.2679126276798,2.2155527385434874,25.0,0.04999999999999999,0.48,0.3176,0.050776171015498306,-0.030166685393886936,0.09963287134352969,0.73,1.0,1.0
operational-envelope-v4,atlas,m_fixed_pi,finite_k1,3,500.0,2.6989700043360187,2.5,2.8494850021680094,4,2.1,2.3,2.2,0.1,500,0.05,,100,796.48,0.72,164.2679126276798,2.2155527385434874,25.0,0.04999999999999999,0.02,0.0008,0.0,-0.030166685393886936,0.09963287134352969,0.73,0.7616505263157894,0.0
operational-envelope-v4,atlas,m_fixed_pi,finite_k2,3,500.0,2.6989700043360187,2.5,2.8494850021680094,4,2.1,2.3,2.2,0.1,500,0.05,,100,796.48,0.72,164.2679126276798,2.2155527385434874,25.0,0.04999999999999999,0.03,0.0032,0.0044444444444444444,-0.030166685393886936,0.09963287134352969,0.73,0.9225221052631579,0.0
operational-envelope-v4,atlas,m_fixed_pi,finite_k3,3,500.0,2.6989700043360187,2.5,2.8494850021680094,4,2.1,2.3,2.2,0.1,500,0.05,,100,796.48,0.72,164.2679126276798,2.2155527385434874,25.0,0.04999999999999999,0.15,0.0424,0.013390021496428818,-0.030166685393886936,0.09963287134352969,0.73,0.9834231578947369,0.0
operational-envelope-v4,atlas,m_fixed_pi,perfect,3,500.0,2.6989700043360187,2.5,2.8494850021680094,5,2.3,2.5,2.4,0.1,500,0.05,,100,1118.31,0.715,254.98440166588355,2.4065136138550023,25.0,0.04999999999999999,0.85,0.7495999999999999,0.06169497680644538,-0.20373777479264088,-0.09774175274110669,0.25,1.0,1.0
operational-envelope-v4,atlas,m_fixed_pi,finite_k1,3,500.0,2.6989700043360187,2.5,2.8494850021680094,5,2.3,2.5,2.4,0.1,500,0.05,,100,1118.31,0.715,254.98440166588355,2.4065136138550023,25.0,0.04999999999999999,0.02,0.0012,0.007142857142857143,-0.20373777479264088,-0.09774175274110669,0.25,0.7628067368421053,0.0
operational-envelope-v4,atlas,m_fixed_pi,finite_k2,3,500.0,2.6989700043360187,2.5,2.8494850021680094,5,2.3,2.5,2.4,0.1,500,0.05,,100,1118.31,0.715,254.98440166588355,2.4065136138550023,25.0,0.04999999999999999,0.15,0.0292,0.027774410774410774,-0.20373777479264088,-0.09774175274110669,0.25,0.9223553684210528,0.0
operational-envelope-v4,atlas,m_fixed_pi,finite_k3,3,500.0,2.6989700043360187,2.5,2.8494850021680094,5,2.3,2.5,2.4,0.1,500,0.05,,100,1118.31,0.715,254.98440166588355,2.4065136138550023,25.0,0.04999999999999999,0.4,0.1892,0.0539669444957527,-0.20373777479264088,-0.09774175274110669,0.25,0.9838273684210526,0.0
operational-envelope-v4,atlas,m_fixed_pi,perfect,3,500.0,2.6989700043360187,2.5,2.8494850021680094,6,2.5,2.7,2.6,0.1,500,0.05,,100,1723.57,0.715,405.776479926066,2.608286870360329,25.0,0.04999999999999999,0.94,0.8859999999999999,0.07497552894284745,-0.3921063207167272,-0.2999429000227671,0.01,1.0,1.0
operational-envelope-v4,atlas,m_fixed_pi,finite_k1,3,500.0,2.6989700043360187,2.5,2.8494850021680094,6,2.5,2.7,2.6,0.1,500,0.05,,100,1723.57,0.715,405.776479926066,2.608286870360329,25.0,0.04999999999999999,0.03,0.0012,0.006666666666666666,-0.3921063207167272,-0.2999429000227671,0.01,0.7626256842105262,0.0
operational-envelope-v4,atlas,m_fixed_pi,finite_k2,3,500.0,2.6989700043360187,2.5,2.8494850021680094,6,2.5,2.7,2.6,0.1,500,0.05,,100,1723.57,0.715,405.776479926066,2.608286870360329,25.0,0.04999999999999999,0.16,0.0216,0.043893273393273396,-0.3921063207167272,-0.2999429000227671,0.01,0.9222846315789475,0.0
operational-envelope-v4,atlas,m_fixed_pi,finite_k3,3,500.0,2.6989700043360187,2.5,2.8494850021680094,6,2.5,2.7,2.6,0.1,500,0.05,,100,1723.57,0.715,405.776479926066,2.608286870360329,25.0,0.04999999999999999,0.63,0.3196,0.06482056337681254,-0.3921063207167272,-0.2999429000227671,0.01,0.9834930526315788,0.0
operational-envelope-v4,atlas,m_fixed_pi,perfect,3,500.0,2.6989700043360187,2.5,2.8494850021680094,7,2.7,2.9,2.8,0.1,500,0.05,,100,1982.87,0.69,646.0625886189889,2.8102745931888364,25.0,0.04999999999999999,0.97,0.9496000000000001,0.07364020101511516,-0.5770927907147955,-0.4996870826184039,0.0,1.0,1.0
operational-envelope-v4,atlas,m_fixed_pi,finite_k1,3,500.0,2.6989700043360187,2.5,2.8494850021680094,7,2.7,2.9,2.8,0.1,500,0.05,,100,1982.87,0.69,646.0625886189889,2.8102745931888364,25.0,0.04999999999999999,0.05,0.0024000000000000002,0.02,-0.5770927907147955,-0.4996870826184039,0.0,0.7604143157894738,0.0
operational-envelope-v4,atlas,m_fixed_pi,finite_k2,3,500.0,2.6989700043360187,2.5,2.8494850021680094,7,2.7,2.9,2.8,0.1,500,0.05,,100,1982.87,0.69,646.0625886189889,2.8102745931888364,25.0,0.04999999999999999,0.25,0.0344,0.026357142857142857,-0.5770927907147955,-0.4996870826184039,0.0,0.9220210526315789,0.0
operational-envelope-v4,atlas,m_fixed_pi,finite_k3,3,500.0,2.6989700043360187,2.5,2.8494850021680094,7,2.7,2.9,2.8,0.1,500,0.05,,100,1982.87,0.69,646.0625886189889,2.8102745931888364,25.0,0.04999999999999999,0.78,0.40840000000000004,0.08642393366870485,-0.5770927907147955,-0.4996870826184039,0.0,0.9838248421052631,0.0
operational-envelope-v4,atlas,m_fixed_pi,perfect,3,500.0,2.6989700043360187,2.5,2.8494850021680094,8,2.9,3.0999999999999996,3.0,0.1,500,0.05,,100,3219.74,0.7,1032.2711814338195,3.0137938030366382,25.0,0.04999999999999999,0.98,0.9692000000000001,0.09722976559272115,-0.7692699184605464,-0.6994040818153374,0.0,1.0,1.0
operational-envelope-v4,atlas,m_fixed_pi,finite_k1,3,500.0,2.6989700043360187,2.5,2.8494850021680094,8,2.9,3.0999999999999996,3.0,0.1,500,0.05,,100,3219.74,0.7,1032.2711814338195,3.0137938030366382,25.0,0.04999999999999999,0.06,0.0032,0.04,-0.7692699184605464,-0.6994040818153374,0.0,0.7506265263157894,0.0
operational-envelope-v4,atlas,m_fixed_pi,finite_k2,3,500.0,2.6989700043360187,2.5,2.8494850021680094,8,2.9,3.0999999999999996,3.0,0.1,500,0.05,,100,3219.74,0.7,1032.2711814338195,3.0137938030366382,25.0,0.04999999999999999,0.38,0.07560000000000001,0.056629842379842386,-0.7692699184605464,-0.6994040818153374,0.0,0.9160176842105261,0.0
operational-envelope-v4,atlas,m_fixed_pi,finite_k3,3,500.0,2.6989700043360187,2.5,2.8494850021680094,8,2.9,3.0999999999999996,3.0,0.1,500,0.05,,100,3219.74,0.7,1032.2711814338195,3.0137938030366382,25.0,0.04999999999999999,0.89,0.5055999999999999,0.08331760155535227,-0.7692699184605464,-0.6994040818153374,0.0,0.9818037894736843,0.0
operational-envelope-v4,atlas,m_fixed_pi,perfect,3,500.0,2.6989700043360187,2.5,2.8494850021680094,9,3.0999999999999996,3.3,3.1999999999999997,0.1,500,0.05,,100,4272.84,0.635,1601.066268387375,3.204409307808962,25.0,0.04999999999999999,0.99,0.9876,0.08712887132539522,-0.9547679644560167,-0.8992731873176038,0.0,1.0,1.0
operational-envelope-v4,atlas,m_fixed_pi,finite_k1,3,500.0,2.6989700043360187,2.5,2.8494850021680094,9,3.0999999999999996,3.3,3.1999999999999997,0.1,500,0.05,,100,4272.84,0.635,1601.066268387375,3.204409307808962,25.0,0.04999999999999999,0.03,0.0012,0.0375,-0.9547679644560167,-0.8992731873176038,0.0,0.7554492631578948,0.0
operational-envelope-v4,atlas,m_fixed_pi,finite_k2,3,500.0,2.6989700043360187,2.5,2.8494850021680094,9,3.0999999999999996,3.3,3.1999999999999997,0.1,500,0.05,,100,4272.84,0.635,1601.066268387375,3.204409307808962,25.0,0.04999999999999999,0.5,0.0828,0.0606031746031746,-0.9547679644560167,-0.8992731873176038,0.0,0.9179705263157893,0.0
operational-envelope-v4,atlas,m_fixed_pi,finite_k3,3,500.0,2.6989700043360187,2.5,2.8494850021680094,9,3.0999999999999996,3.3,3.1999999999999997,0.1,500,0.05,,100,4272.84,0.635,1601.066268387375,3.204409307808962,25.0,0.04999999999999999,0.99,0.5660000000000001,0.09113965815746,-0.9547679644560167,-0.8992731873176038,0.0,0.9810964210526316,0.0
operational-envelope-v4,atlas,m_fixed_pi,perfect,3,500.0,2.6989700043360187,2.5,2.8494850021680094,10,3.3,3.5,3.4,0.1,500,0.05,,100,4307.82,0.505,2571.641639347219,3.4102104491287766,25.0,0.04999999999999999,0.99,0.9896,0.0816559374975949,-1.0486795082634863,-1.0534626049254554,0.0,1.0,1.0
operational-envelope-v4,atlas,m_fixed_pi,finite_k1,3,500.0,2.6989700043360187,2.5,2.8494850021680094,10,3.3,3.5,3.4,0.1,500,0.05,,100,4307.82,0.505,2571.641639347219,3.4102104491287766,25.0,0.04999999999999999,0.04,0.0024000000000000002,0.03,-1.0486795082634863,-1.0534626049254554,0.0,0.7578989473684211,0.0
operational-envelope-v4,atlas,m_fixed_pi,finite_k2,3,500.0,2.6989700043360187,2.5,2.8494850021680094,10,3.3,3.5,3.4,0.1,500,0.05,,100,4307.82,0.505,2571.641639347219,3.4102104491287766,25.0,0.04999999999999999,0.58,0.08199999999999999,0.08405627705627705,-1.0486795082634863,-1.0534626049254554,0.0,0.9208244210526318,0.0
operational-envelope-v4,atlas,m_fixed_pi,finite_k3,3,500.0,2.6989700043360187,2.5,2.8494850021680094,10,3.3,3.5,3.4,0.1,500,0.05,,100,4307.82,0.505,2571.641639347219,3.4102104491287766,25.0,0.04999999999999999,0.98,0.564,0.08090441050215245,-1.0486795082634863,-1.0534626049254554,0.0,0.9829204210526317,0.0
operational-envelope-v4,atlas,m_fixed_pi,perfect,3,500.0,2.6989700043360187,2.5,2.8494850021680094,11,3.5,3.7,3.6,0.1,500,0.05,,100,6827.6,0.505,4073.153547695927,3.6099307822097657,25.0,0.04999999999999999,1.0,1.0,0.09991179385645457,-1.2606642744712608,-1.2562260690064542,0.0,1.0,1.0
operational-envelope-v4,atlas,m_fixed_pi,finite_k1,3,500.0,2.6989700043360187,2.5,2.8494850021680094,11,3.5,3.7,3.6,0.1,500,0.05,,100,6827.6,0.505,4073.153547695927,3.6099307822097657,25.0,0.04999999999999999,0.07,0.004,0.04833333333333333,-1.2606642744712608,-1.2562260690064542,0.0,0.756773052631579,0.0
operational-envelope-v4,atlas,m_fixed_pi,finite_k2,3,500.0,2.6989700043360187,2.5,2.8494850021680094,11,3.5,3.7,3.6,0.1,500,0.05,,100,6827.6,0.505,4073.153547695927,3.6099307822097657,25.0,0.04999999999999999,0.69,0.12200000000000001,0.0857918192918193,-1.2606642744712608,-1.2562260690064542,0.0,0.9199621052631579,0.0
operational-envelope-v4,atlas,m_fixed_pi,finite_k3,3,500.0,2.6989700043360187,2.5,2.8494850021680094,11,3.5,3.7,3.6,0.1,500,0.05,,100,6827.6,0.505,4073.153547695927,3.6099307822097657,25.0,0.04999999999999999,1.0,0.6068,0.09416316886699842,-1.2606642744712608,-1.2562260690064542,0.0,0.983157894736842,0.0
operational-envelope-v4,atlas,m_fixed_pi,perfect,3,500.0,2.6989700043360187,2.5,2.8494850021680094,12,3.7,3.8999999999999995,3.8,0.1,500,0.05,,100,8352.83,0.34,6323.037840394435,3.8009257808683063,25.0,0.04999999999999999,1.0,1.0,0.09991162029016587,-1.4408338075881661,-1.4533183400470377,0.0,1.0,1.0
operational-envelope-v4,atlas,m_fixed_pi,finite_k1,3,500.0,2.6989700043360187,2.5,2.8494850021680094,12,3.7,3.8999999999999995,3.8,0.1,500,0.05,,100,8352.83,0.34,6323.037840394435,3.8009257808683063,25.0,0.04999999999999999,0.12,0.006400000000000001,0.08516666666666665,-1.4408338075881661,-1.4533183400470377,0.0,0.7655966315789473,0.0
operational-envelope-v4,atlas,m_fixed_pi,finite_k2,3,500.0,2.6989700043360187,2.5,2.8494850021680094,12,3.7,3.8999999999999995,3.8,0.1,500,0.05,,100,8352.83,0.34,6323.037840394435,3.8009257808683063,25.0,0.04999999999999999,0.81,0.12319999999999999,0.08917121767121766,-1.4408338075881661,-1.4533183400470377,0.0,0.9221743157894737,0.0
operational-envelope-v4,atlas,m_fixed_pi,finite_k3,3,500.0,2.6989700043360187,2.5,2.8494850021680094,12,3.7,3.8999999999999995,3.8,0.1,500,0.05,,100,8352.83,0.34,6323.037840394435,3.8009257808683063,25.0,0.04999999999999999,1.0,0.6311999999999999,0.10406878395795022,-1.4408338075881661,-1.4533183400470377,0.0,0.9826778947368422,0.0
operational-envelope-v4,atlas,m_fixed_pi,perfect,3,500.0,2.6989700043360187,2.5,2.8494850021680094,13,3.8999999999999995,4.1,3.9999999999999996,0.1,500,0.05,,100,10627.88,0.245,9330.424229754246,3.9699013904188254,25.0,0.04999999999999999,1.0,1.0,0.09530603124422646,-1.5785210216095684,-1.5602919577107652,0.0,1.0,1.0
operational-envelope-v4,atlas,m_fixed_pi,finite_k1,3,500.0,2.6989700043360187,2.5,2.8494850021680094,13,3.8999999999999995,4.1,3.9999999999999996,0.1,500,0.05,,100,10627.88,0.245,9330.424229754246,3.9699013904188254,25.0,0.04999999999999999,0.11,0.005600000000000001,0.07566666666666666,-1.5785210216095684,-1.5602919577107652,0.0,0.762613894736842,0.0
operational-envelope-v4,atlas,m_fixed_pi,finite_k2,3,500.0,2.6989700043360187,2.5,2.8494850021680094,13,3.8999999999999995,4.1,3.9999999999999996,0.1,500,0.05,,100,10627.88,0.245,9330.424229754246,3.9699013904188254,25.0,0.04999999999999999,0.83,0.12359999999999997,0.08664621489621491,-1.5785210216095684,-1.5602919577107652,0.0,0.9230947368421054,0.0
operational-envelope-v4,atlas,m_fixed_pi,finite_k3,3,500.0,2.6989700043360187,2.5,2.8494850021680094,13,3.8999999999999995,4.1,3.9999999999999996,0.1,500,0.05,,100,10627.88,0.245,9330.424229754246,3.9699013904188254,25.0,0.04999999999999999,1.0,0.6259999999999999,0.10039126218675953,-1.5785210216095684,-1.5602919577107652,0.0,0.9836117894736841,0.0
operational-envelope-v4,atlas,m_fixed_pi,perfect,4,1000.0,3.0,2.8494850021680094,3.1505149978319906,0,1.3,1.5,1.4,0.1,1000,0.05,,100,252.17,0.65,26.317426371132232,1.4202434165731663,50.0,0.04999999999999999,0.08,0.037599999999999995,0.007717494788146961,0.8110720595517289,0.9208187539523751,0.93,1.0,1.0
operational-envelope-v4,atlas,m_fixed_pi,finite_k1,4,1000.0,3.0,2.8494850021680094,3.1505149978319906,0,1.3,1.5,1.4,0.1,1000,0.05,,100,252.17,0.65,26.317426371132232,1.4202434165731663,50.0,0.04999999999999999,0.0,0.0,0.0,0.8110720595517289,0.9208187539523751,0.93,0.7595795789473685,0.0
operational-envelope-v4,atlas,m_fixed_pi,finite_k2,4,1000.0,3.0,2.8494850021680094,3.1505149978319906,0,1.3,1.5,1.4,0.1,1000,0.05,,100,252.17,0.65,26.317426371132232,1.4202434165731663,50.0,0.04999999999999999,0.02,0.0006,0.0,0.8110720595517289,0.9208187539523751,0.93,0.921029052631579,0.0
operational-envelope-v4,atlas,m_fixed_pi,finite_k3,4,1000.0,3.0,2.8494850021680094,3.1505149978319906,0,1.3,1.5,1.4,0.1,1000,0.05,,100,252.17,0.65,26.317426371132232,1.4202434165731663,50.0,0.04999999999999999,0.04,0.009000000000000001,0.004557692307692308,0.8110720595517289,0.9208187539523751,0.93,0.9831642105263159,0.01
operational-envelope-v4,atlas,m_fixed_pi,perfect,4,1000.0,3.0,2.8494850021680094,3.1505149978319906,1,1.5,1.7,1.6,0.1,1000,0.05,,100,486.22,0.665,40.85366204567968,1.6112309919565253,50.0,0.04999999999999999,0.13,0.045,0.013601498859563375,0.6265846494903836,0.7328282715969862,0.9,1.0,1.0
operational-envelope-v4,atlas,m_fixed_pi,finite_k1,4,1000.0,3.0,2.8494850021680094,3.1505149978319906,1,1.5,1.7,1.6,0.1,1000,0.05,,100,486.22,0.665,40.85366204567968,1.6112309919565253,50.0,0.04999999999999999,0.01,0.0002,0.0,0.6265846494903836,0.7328282715969862,0.9,0.7586395789473683,0.0
operational-envelope-v4,atlas,m_fixed_pi,finite_k2,4,1000.0,3.0,2.8494850021680094,3.1505149978319906,1,1.5,1.7,1.6,0.1,1000,0.05,,100,486.22,0.665,40.85366204567968,1.6112309919565253,50.0,0.04999999999999999,0.04,0.0022,0.002,0.6265846494903836,0.7328282715969862,0.9,0.9196355789473685,0.0
operational-envelope-v4,atlas,m_fixed_pi,finite_k3,4,1000.0,3.0,2.8494850021680094,3.1505149978319906,1,1.5,1.7,1.6,0.1,1000,0.05,,100,486.22,0.665,40.85366204567968,1.6112309919565253,50.0,0.04999999999999999,0.08,0.009000000000000001,0.013781512605042017,0.6265846494903836,0.7328282715969862,0.9,0.9823545263157896,0.01
operational-envelope-v4,atlas,m_fixed_pi,perfect,4,1000.0,3.0,2.8494850021680094,3.1505149978319906,2,1.7,1.9,1.7999999999999998,0.1,1000,0.05,,100,375.05,0.675,64.79406525898136,1.811535228967653,50.0,0.04999999999999999,0.19,0.09680000000000001,0.032610261173785966,0.4142819541817741,0.5220748536995296,0.89,1.0,1.0
operational-envelope-v4,atlas,m_fixed_pi,finite_k1,4,1000.0,3.0,2.8494850021680094,3.1505149978319906,2,1.7,1.9,1.7999999999999998,0.1,1000,0.05,,100,375.05,0.675,64.79406525898136,1.811535228967653,50.0,0.04999999999999999,0.0,0.0,0.0,0.4142819541817741,0.5220748536995296,0.89,0.7616138947368423,0.0
operational-envelope-v4,atlas,m_fixed_pi,finite_k2,4,1000.0,3.0,2.8494850021680094,3.1505149978319906,2,1.7,1.9,1.7999999999999998,0.1,1000,0.05,,100,375.05,0.675,64.79406525898136,1.811535228967653,50.0,0.04999999999999999,0.03,0.0006,0.01,0.4142819541817741,0.5220748536995296,0.89,0.9212018947368421,0.0
operational-envelope-v4,atlas,m_fixed_pi,finite_k3,4,1000.0,3.0,2.8494850021680094,3.1505149978319906,2,1.7,1.9,1.7999999999999998,0.1,1000,0.05,,100,375.05,0.675,64.79406525898136,1.811535228967653,50.0,0.04999999999999999,0.13,0.0292,0.043794667299534885,0.4142819541817741,0.5220748536995296,0.89,0.9827917894736842,0.0
operational-envelope-v4,atlas,m_fixed_pi,perfect,4,1000.0,3.0,2.8494850021680094,3.1505149978319906,3,1.9,2.1,2.0,0.1,1000,0.05,,100,771.89,0.76,102.33931470995904,2.010042504499693,50.0,0.04999999999999999,0.3,0.165,0.027995593129445065,0.1511969606313732,0.2967086218813386,0.77,1.0,1.0
operational-envelope-v4,atlas,m_fixed_pi,finite_k1,4,1000.0,3.0,2.8494850021680094,3.1505149978319906,3,1.9,2.1,2.0,0.1,1000,0.05,,100,771.89,0.76,102.33931470995904,2.010042504499693,50.0,0.04999999999999999,0.01,0.0004,0.02,0.1511969606313732,0.2967086218813386,0.77,0.762137052631579,0.0
operational-envelope-v4,atlas,m_fixed_pi,finite_k2,4,1000.0,3.0,2.8494850021680094,3.1505149978319906,3,1.9,2.1,2.0,0.1,1000,0.05,,100,771.89,0.76,102.33931470995904,2.010042504499693,50.0,0.04999999999999999,0.06,0.0052,0.017107843137254903,0.1511969606313732,0.2967086218813386,0.77,0.9227355789473686,0.0
operational-envelope-v4,atlas,m_fixed_pi,finite_k3,4,1000.0,3.0,2.8494850021680094,3.1505149978319906,3,1.9,2.1,2.0,0.1,1000,0.05,,100,771.89,0.76,102.33931470995904,2.010042504499693,50.0,0.04999999999999999,0.14,0.0344,0.015250860950440783,0.1511969606313732,0.2967086218813386,0.77,0.9835376842105262,0.0
operational-envelope-v4,atlas,m_fixed_pi,perfect,4,1000.0,3.0,2.8494850021680094,3.1505149978319906,4,2.1,2.3,2.2,0.1,1000,0.05,,100,1126.74,0.74,162.0815345503977,2.209733539835153,50.0,0.04999999999999999,0.45,0.32659999999999995,0.051339389132425535,-0.029194099248231114,0.09963287134352969,0.76,1.0,1.0
operational-envelope-v4,atlas,m_fixed_pi,finite_k1,4,1000.0,3.0,2.8494850021680094,3.1505149978319906,4,2.1,2.3,2.2,0.1,1000,0.05,,100,1126.74,0.74,162.0815345503977,2.209733539835153,50.0,0.04999999999999999,0.01,0.0002,0.01,-0.029194099248231114,0.09963287134352969,0.76,0.7587482105263157,0.0
operational-envelope-v4,atlas,m_fixed_pi,finite_k2,4,1000.0,3.0,2.8494850021680094,3.1505149978319906,4,2.1,2.3,2.2,0.1,1000,0.05,,100,1126.74,0.74,162.0815345503977,2.209733539835153,50.0,0.04999999999999999,0.1,0.0058000000000000005,0.019801587301587303,-0.029194099248231114,0.09963287134352969,0.76,0.9218985263157894,0.0
operational-envelope-v4,atlas,m_fixed_pi,finite_k3,4,1000.0,3.0,2.8494850021680094,3.1505149978319906,4,2.1,2.3,2.2,0.1,1000,0.05,,100,1126.74,0.74,162.0815345503977,2.209733539835153,50.0,0.04999999999999999,0.21,0.0784,0.03198638704725031,-0.029194099248231114,0.09963287134352969,0.76,0.9836351578947368,0.0
operational-envelope-v4,atlas,m_fixed_pi,perfect,4,1000.0,3.0,2.8494850021680094,3.1505149978319906,5,2.3,2.5,2.4,0.1,1000,0.05,,100,951.32,0.69,256.48381863409753,2.4090599710088663,50.0,0.04999999999999999,0.87,0.7548000000000001,0.07014785323491515,-0.15157634735720568,-0.10037054511756292,0.32,1.0,1.0
operational-envelope-v4,atlas,m_fixed_pi,finite_k1,4,1000.0,3.0,2.8494850021680094,3.1505149978319906,5,2.3,2.5,2.4,0.1,1000,0.05,,100,951.32,0.69,256.48381863409753,2.4090599710088663,50.0,0.04999999999999999,0.01,0.0002,0.02,-0.15157634735720568,-0.10037054511756292,0.32,0.7598246315789474,0.0
operational-envelope-v4,atlas,m_fixed_pi,finite_k2,4,1000.0,3.0,2.8494850021680094,3.1505149978319906,5,2.3,2.5,2.4,0.1,1000,0.05,,100,951.32,0.69,256.48381863409753,2.4090599710088663,50.0,0.04999999999999999,0.12,0.013600000000000003,0.016958228905597325,-0.15157634735720568,-0.10037054511756292,0.32,0.9216425263157896,0.0
operational-envelope-v4,atlas,m_fixed_pi,finite_k3,4,1000.0,3.0,2.8494850021680094,3.1505149978319906,5,2.3,2.5,2.4,0.1,1000,0.05,,100,951.32,0.69,256.48381863409753,2.4090599710088663,50.0,0.04999999999999999,0.4,0.1554,0.06297523190866189,-0.15157634735720568,-0.10037054511756292,0.32,0.9837174736842104,0.0
operational-envelope-v4,atlas,m_fixed_pi,perfect,4,1000.0,3.0,2.8494850021680094,3.1505149978319906,6,2.5,2.7,2.6,0.1,1000,0.05,,100,1338.35,0.7,408.6317267696593,2.6113320828693025,50.0,0.04999999999999999,0.89,0.8371999999999999,0.07178421894890288,-0.35881227330776794,-0.27886500909611656,0.0,1.0,1.0
operational-envelope-v4,atlas,m_fixed_pi,finite_k1,4,1000.0,3.0,2.8494850021680094,3.1505149978319906,6,2.5,2.7,2.6,0.1,1000,0.05,,100,1338.35,0.7,408.6317267696593,2.6113320828693025,50.0,0.04999999999999999,0.0,0.0,0.01,-0.35881227330776794,-0.27886500909611656,0.0,0.7547031578947366,0.0
operational-envelope-v4,atlas,m_fixed_pi,finite_k2,4,1000.0,3.0,2.8494850021680094,3.1505149978319906,6,2.5,2.7,2.6,0.1,1000,0.05,,100,1338.35,0.7,408.6317267696593,2.6113320828693025,50.0,0.04999999999999999,0.13,0.011800000000000001,0.03183974358974359,-0.35881227330776794,-0.27886500909611656,0.0,0.9170658947368421,0.0
operational-envelope-v4,atlas,m_fixed_pi,finite_k3,4,1000.0,3.0,2.8494850021680094,3.1505149978319906,6,2.5,2.7,2.6,0.1,1000,0.05,,100,1338.35,0.7,408.6317267696593,2.6113320828693025,50.0,0.04999999999999999,0.6,0.3096,0.07124187738525244,-0.35881227330776794,-0.27886500909611656,0.0,0.9815021052631577,0.0
operational-envelope-v4,atlas,m_fixed_pi,perfect,4,1000.0,3.0,2.8494850021680094,3.1505149978319906,7,2.7,2.9,2.8,0.1,1000,0.05,,100,1964.12,0.685,643.1931075342525,2.8083413818599854,50.0,0.04999999999999999,0.98,0.9584,0.07621426445422365,-0.5499206812463749,-0.49324839437154644,0.0,1.0,1.0
operational-envelope-v4,atlas,m_fixed_pi,finite_k1,4,1000.0,3.0,2.8494850021680094,3.1505149978319906,7,2.7,2.9,2.8,0.1,1000,0.05,,100,1964.12,0.685,643.1931075342525,2.8083413818599854,50.0,0.04999999999999999,0.01,0.0002,0.005,-0.5499206812463749,-0.49324839437154644,0.0,0.7624385263157895,0.0
operational-envelope-v4,atlas,m_fixed_pi,finite_k2,4,1000.0,3.0,2.8494850021680094,3.1505149978319906,7,2.7,2.9,2.8,0.1,1000,0.05,,100,1964.12,0.685,643.1931075342525,2.8083413818599854,50.0,0.04999999999999999,0.26,0.034800000000000005,0.061774143905722854,-0.5499206812463749,-0.49324839437154644,0.0,0.9227254736842105,0.0
operational-envelope-v4,atlas,m_fixed_pi,finite_k3,4,1000.0,3.0,2.8494850021680094,3.1505149978319906,7,2.7,2.9,2.8,0.1,1000,0.05,,100,1964.12,0.685,643.1931075342525,2.8083413818599854,50.0,0.04999999999999999,0.76,0.3972,0.06926336183790233,-0.5499206812463749,-0.49324839437154644,0.0,0.9832054736842104,0.0
operational-envelope-v4,atlas,m_fixed_pi,perfect,4,1000.0,3.0,2.8494850021680094,3.1505149978319906,8,2.9,3.0999999999999996,3.0,0.1,1000,0.05,,100,3307.87,0.695,1028.6049367409535,3.0122486043659866,50.0,0.04999999999999999,0.99,0.9830000000000001,0.08882375583161738,-0.7636636398707666,-0.6994040818153374,0.0,1.0,1.0
operational-envelope-v4,atlas,m_fixed_pi,finite_k1,4,1000.0,3.0,2.8494850021680094,3.1505149978319906,8,2.9,3.0999999999999996,3.0,0.1,1000,0.05,,100,3307.87,0.695,1028.6049367409535,3.0122486043659866,50.0,0.04999999999999999,0.01,0.0002,0.0,-0.7636636398707666,-0.6994040818153374,0.0,0.7649673684210525,0.0
operational-envelope-v4,atlas,m_fixed_pi,finite_k2,4,1000.0,3.0,2.8494850021680094,3.1505149978319906,8,2.9,3.0999999999999996,3.0,0.1,1000,0.05,,100,3307.87,0.695,1028.6049367409535,3.0122486043659866,50.0,0.04999999999999999,0.38,0.056400000000000006,0.04716681929181928,-0.7636636398707666,-0.6994040818153374,0.0,0.9222151578947368,0.0
operational-envelope-v4,atlas,m_fixed_pi,finite_k3,4,1000.0,3.0,2.8494850021680094,3.1505149978319906,8,2.9,3.0999999999999996,3.0,0.1,1000,0.05,,100,3307.87,0.695,1028.6049367409535,3.0122486043659866,50.0,0.04999999999999999,0.94,0.5404000000000001,0.08430849785599381,-0.7636636398707666,-0.6994040818153374,0.0,0.9827309473684211,0.0
operational-envelope-v4,atlas,m_fixed_pi,perfect,4,1000.0,3.0,2.8494850021680094,3.1505149978319906,9,3.0999999999999996,3.3,3.1999999999999997,0.1,1000,0.05,,100,4593.16,0.68,1624.675681042136,3.210766679781893,50.0,0.04999999999999999,1.0,0.9965999999999999,0.08724594140110922,-0.9342433029157664,-0.8992731873176038,0.0,1.0,1.0
operational-envelope-v4,atlas,m_fixed_pi,finite_k1,4,1000.0,3.0,2.8494850021680094,3.1505149978319906,9,3.0999999999999996,3.3,3.1999999999999997,0.1,1000,0.05,,100,4593.16,0.68,1624.675681042136,3.210766679781893,50.0,0.04999999999999999,0.04,0.0008,0.0175,-0.9342433029157664,-0.8992731873176038,0.0,0.7608004210526316,0.0
operational-envelope-v4,atlas,m_fixed_pi,finite_k2,4,1000.0,3.0,2.8494850021680094,3.1505149978319906,9,3.0999999999999996,3.3,3.1999999999999997,0.1,1000,0.05,,100,4593.16,0.68,1624.675681042136,3.210766679781893,50.0,0.04999999999999999,0.43,0.06180000000000001,0.04163732101232101,-0.9342433029157664,-0.8992731873176038,0.0,0.9222406315789472,0.0
operational-envelope-v4,atlas,m_fixed_pi,finite_k3,4,1000.0,3.0,2.8494850021680094,3.1505149978319906,9,3.0999999999999996,3.3,3.1999999999999997,0.1,1000,0.05,,100,4593.16,0.68,1624.675681042136,3.210766679781893,50.0,0.04999999999999999,0.95,0.5516000000000001,0.08017722569609326,-0.9342433029157664,-0.8992731873176038,0.0,0.9836665263157894,0.0
operational-envelope-v4,atlas,m_fixed_pi,perfect,4,1000.0,3.0,2.8494850021680094,3.1505149978319906,10,3.3,3.5,3.4,0.1,1000,0.05,,100,4184.85,0.485,2549.326420366467,3.406425446880716,50.0,0.04999999999999999,1.0,1.0,0.09967376691017464,-1.0491879360103358,-1.0534626049254554,0.0,1.0,1.0
operational-envelope-v4,atlas,m_fixed_pi,finite_k1,4,1000.0,3.0,2.8494850021680094,3.1505149978319906,10,3.3,3.5,3.4,0.1,1000,0.05,,100,4184.85,0.485,2549.326420366467,3.406425446880716,50.0,0.04999999999999999,0.05,0.003,0.030750000000000003,-1.0491879360103358,-1.0534626049254554,0.0,0.7625336842105261,0.0
operational-envelope-v4,atlas,m_fixed_pi,finite_k2,4,1000.0,3.0,2.8494850021680094,3.1505149978319906,10,3.3,3.5,3.4,0.1,1000,0.05,,100,4184.85,0.485,2549.326420366467,3.406425446880716,50.0,0.04999999999999999,0.66,0.1158,0.09111980102613769,-1.0491879360103358,-1.0534626049254554,0.0,0.9216701052631581,0.0
operational-envelope-v4,atlas,m_fixed_pi,finite_k3,4,1000.0,3.0,2.8494850021680094,3.1505149978319906,10,3.3,3.5,3.4,0.1,1000,0.05,,100,4184.85,0.485,2549.326420366467,3.406425446880716,50.0,0.04999999999999999,0.99,0.5968000000000001,0.08988902120637149,-1.0491879360103358,-1.0534626049254554,0.0,0.9829490526315792,0.0
operational-envelope-v4,atlas,m_fixed_pi,perfect,4,1000.0,3.0,2.8494850021680094,3.1505149978319906,11,3.5,3.7,3.6,0.1,1000,0.05,,100,6659.75,0.485,4052.8257929658457,3.607757936389202,50.0,0.04999999999999999,1.0,1.0,0.09784912304583634,-1.2396879464802424,-1.2533380053261065,0.0,1.0,1.0
operational-envelope-v4,atlas,m_fixed_pi,finite_k1,4,1000.0,3.0,2.8494850021680094,3.1505149978319906,11,3.5,3.7,3.6,0.1,1000,0.05,,100,6659.75,0.485,4052.8257929658457,3.607757936389202,50.0,0.04999999999999999,0.01,0.0004,0.037142857142857144,-1.2396879464802424,-1.2533380053261065,0.0,0.761718947368421,0.0
operational-envelope-v4,atlas,m_fixed_pi,finite_k2,4,1000.0,3.0,2.8494850021680094,3.1505149978319906,11,3.5,3.7,3.6,0.1,1000,0.05,,100,6659.75,0.485,4052.8257929658457,3.607757936389202,50.0,0.04999999999999999,0.78,0.11359999999999999,0.09623159746955007,-1.2396879464802424,-1.2533380053261065,0.0,0.9213328421052631,0.0
operational-envelope-v4,atlas,m_fixed_pi,finite_k3,4,1000.0,3.0,2.8494850021680094,3.1505149978319906,11,3.5,3.7,3.6,0.1,1000,0.05,,100,6659.75,0.485,4052.8257929658457,3.607757936389202,50.0,0.04999999999999999,1.0,0.6108,0.09518019870720897,-1.2396879464802424,-1.2533380053261065,0.0,0.9826814736842105,0.0
operational-envelope-v4,atlas,m_fixed_pi,perfect,4,1000.0,3.0,2.8494850021680094,3.1505149978319906,12,3.7,3.8999999999999995,3.8,0.1,1000,0.05,,100,8434.63,0.35,6307.399408873001,3.799850333066784,50.0,0.04999999999999999,1.0,1.0,0.09211505216975631,-1.426076121883601,-1.4533183400470377,0.0,1.0,1.0
operational-envelope-v4,atlas,m_fixed_pi,finite_k1,4,1000.0,3.0,2.8494850021680094,3.1505149978319906,12,3.7,3.8999999999999995,3.8,0.1,1000,0.05,,100,8434.63,0.35,6307.399408873001,3.799850333066784,50.0,0.04999999999999999,0.11,0.0024,0.05833333333333332,-1.426076121883601,-1.4533183400470377,0.0,0.7651722105263158,0.0
operational-envelope-v4,atlas,m_fixed_pi,finite_k2,4,1000.0,3.0,2.8494850021680094,3.1505149978319906,12,3.7,3.8999999999999995,3.8,0.1,1000,0.05,,100,8434.63,0.35,6307.399408873001,3.799850333066784,50.0,0.04999999999999999,0.85,0.1202,0.08715561743038522,-1.426076121883601,-1.4533183400470377,0.0,0.9236351578947369,0.0
operational-envelope-v4,atlas,m_fixed_pi,finite_k3,4,1000.0,3.0,2.8494850021680094,3.1505149978319906,12,3.7,3.8999999999999995,3.8,0.1,1000,0.05,,100,8434.63,0.35,6307.399408873001,3.799850333066784,50.0,0.04999999999999999,1.0,0.6194,0.09315881300387292,-1.426076121883601,-1.4533183400470377,0.0,0.983666105263158,0.0
operational-envelope-v4,atlas,m_fixed_pi,perfect,4,1000.0,3.0,2.8494850021680094,3.1505149978319906,13,3.8999999999999995,4.1,3.9999999999999996,0.1,1000,0.05,,100,10627.88,0.245,9329.807173327685,3.9698726679238696,50.0,0.04999999999999999,1.0,1.0,0.08637827864537716,-1.5777186748729761,-1.5650732482499454,0.0,1.0,1.0
operational-envelope-v4,atlas,m_fixed_pi,finite_k1,4,1000.0,3.0,2.8494850021680094,3.1505149978319906,13,3.8999999999999995,4.1,3.9999999999999996,0.1,1000,0.05,,100,10627.88,0.245,9329.807173327685,3.9698726679238696,50.0,0.04999999999999999,0.05,0.0014000000000000002,0.02,-1.5777186748729761,-1.5650732482499454,0.0,0.7584665263157894,0.0
operational-envelope-v4,atlas,m_fixed_pi,finite_k2,4,1000.0,3.0,2.8494850021680094,3.1505149978319906,13,3.8999999999999995,4.1,3.9999999999999996,0.1,1000,0.05,,100,10627.88,0.245,9329.807173327685,3.9698726679238696,50.0,0.04999999999999999,0.84,0.0968,0.07572483072483073,-1.5777186748729761,-1.5650732482499454,0.0,0.9203378947368421,0.0
operational-envelope-v4,atlas,m_fixed_pi,finite_k3,4,1000.0,3.0,2.8494850021680094,3.1505149978319906,13,3.8999999999999995,4.1,3.9999999999999996,0.1,1000,0.05,,100,10627.88,0.245,9329.807173327685,3.9698726679238696,50.0,0.04999999999999999,1.0,0.6076,0.08789879831138596,-1.5777186748729761,-1.5650732482499454,0.0,0.9826964210526314,0.0
operational-envelope-v4,atlas,m_fixed_pi,perfect,5,2000.0,3.3010299956639813,3.1505149978319906,3.451544993495972,0,1.3,1.5,1.4,0.1,2000,0.05,,100,144.44,0.64,25.797793643911913,1.4115825645194946,100.0,0.04999999999999999,0.05,0.0174,0.014284887566137567,0.8167568708110332,0.9195609880617901,0.93,1.0,1.0
operational-envelope-v4,atlas,m_fixed_pi,finite_k1,5,2000.0,3.3010299956639813,3.1505149978319906,3.451544993495972,0,1.3,1.5,1.4,0.1,2000,0.05,,100,144.44,0.64,25.797793643911913,1.4115825645194946,100.0,0.04999999999999999,0.0,0.0,0.0,0.8167568708110332,0.9195609880617901,0.93,0.7621137894736841,0.0
operational-envelope-v4,atlas,m_fixed_pi,finite_k2,5,2000.0,3.3010299956639813,3.1505149978319906,3.451544993495972,0,1.3,1.5,1.4,0.1,2000,0.05,,100,144.44,0.64,25.797793643911913,1.4115825645194946,100.0,0.04999999999999999,0.02,0.0003,0.0,0.8167568708110332,0.9195609880617901,0.93,0.9221547368421052,0.0
operational-envelope-v4,atlas,m_fixed_pi,finite_k3,5,2000.0,3.3010299956639813,3.1505149978319906,3.451544993495972,0,1.3,1.5,1.4,0.1,2000,0.05,,100,144.44,0.64,25.797793643911913,1.4115825645194946,100.0,0.04999999999999999,0.02,0.0029,0.005,0.8167568708110332,0.9195609880617901,0.93,0.9833071578947369,0.0
operational-envelope-v4,atlas,m_fixed_pi,perfect,5,2000.0,3.3010299956639813,3.1505149978319906,3.451544993495972,1,1.5,1.7,1.6,0.1,2000,0.05,,100,167.88,0.635,41.61290415597263,1.6192280261726872,100.0,0.04999999999999999,0.16,0.055099999999999996,0.04045852476190398,0.6338184886331154,0.6882461389442457,0.95,1.0,1.0
operational-envelope-v4,atlas,m_fixed_pi,finite_k1,5,2000.0,3.3010299956639813,3.1505149978319906,3.451544993495972,1,1.5,1.7,1.6,0.1,2000,0.05,,100,167.88,0.635,41.61290415597263,1.6192280261726872,100.0,0.04999999999999999,0.02,0.0002,0.026666666666666665,0.6338184886331154,0.6882461389442457,0.95,0.7588152631578947,0.0
operational-envelope-v4,atlas,m_fixed_pi,finite_k2,5,2000.0,3.3010299956639813,3.1505149978319906,3.451544993495972,1,1.5,1.7,1.6,0.1,2000,0.05,,100,167.88,0.635,41.61290415597263,1.6192280261726872,100.0,0.04999999999999999,0.06,0.0022,0.031465201465201466,0.6338184886331154,0.6882461389442457,0.95,0.921438052631579,0.0
operational-envelope-v4,atlas,m_fixed_pi,finite_k3,5,2000.0,3.3010299956639813,3.1505149978319906,3.451544993495972,1,1.5,1.7,1.6,0.1,2000,0.05,,100,167.88,0.635,41.61290415597263,1.6192280261726872,100.0,0.04999999999999999,0.12,0.0172,0.04179763676040272,0.6338184886331154,0.6882461389442457,0.95,0.9833594210526315,0.0
operational-envelope-v4,atlas,m_fixed_pi,perfect,5,2000.0,3.3010299956639813,3.1505149978319906,3.451544993495972,2,1.7,1.9,1.7999999999999998,0.1,2000,0.05,,100,228.73,0.645,64.15238473296293,1.8072128050151843,100.0,0.04999999999999999,0.12,0.0458,0.03162871204708998,0.4627451451480588,0.5376020021010439,0.91,1.0,1.0
operational-envelope-v4,atlas,m_fixed_pi,finite_k1,5,2000.0,3.3010299956639813,3.1505149978319906,3.451544993495972,2,1.7,1.9,1.7999999999999998,0.1,2000,0.05,,100,228.73,0.645,64.15238473296293,1.8072128050151843,100.0,0.04999999999999999,0.02,0.0003,0.008888888888888889,0.4627451451480588,0.5376020021010439,0.91,0.7577394736842106,0.0
operational-envelope-v4,atlas,m_fixed_pi,finite_k2,5,2000.0,3.3010299956639813,3.1505149978319906,3.451544993495972,2,1.7,1.9,1.7999999999999998,0.1,2000,0.05,,100,228.73,0.645,64.15238473296293,1.8072128050151843,100.0,0.04999999999999999,0.02,0.0018000000000000002,0.007407407407407407,0.4627451451480588,0.5376020021010439,0.91,0.9194156842105266,0.0
operational-envelope-v4,atlas,m_fixed_pi,finite_k3,5,2000.0,3.3010299956639813,3.1505149978319906,3.451544993495972,2,1.7,1.9,1.7999999999999998,0.1,2000,0.05,,100,228.73,0.645,64.15238473296293,1.8072128050151843,100.0,0.04999999999999999,0.06,0.0075,0.019230815464587395,0.4627451451480588,0.5376020021010439,0.91,0.9822249473684213,0.0
operational-envelope-v4,atlas,m_fixed_pi,perfect,5,2000.0,3.3010299956639813,3.1505149978319906,3.451544993495972,3,1.9,2.1,2.0,0.1,2000,0.05,,100,460.14,0.66,102.364143880617,2.010147858575624,100.0,0.04999999999999999,0.21,0.10640000000000001,0.02769531548961106,0.2609976114463614,0.3419886033428876,0.87,1.0,1.0
operational-envelope-v4,atlas,m_fixed_pi,finite_k1,5,2000.0,3.3010299956639813,3.1505149978319906,3.451544993495972,3,1.9,2.1,2.0,0.1,2000,0.05,,100,460.14,0.66,102.364143880617,2.010147858575624,100.0,0.04999999999999999,0.01,0.0001,0.0,0.2609976114463614,0.3419886033428876,0.87,0.7596250000000001,0.0
operational-envelope-v4,atlas,m_fixed_pi,finite_k2,5,2000.0,3.3010299956639813,3.1505149978319906,3.451544993495972,3,1.9,2.1,2.0,0.1,2000,0.05,,100,460.14,0.66,102.364143880617,2.010147858575624,100.0,0.04999999999999999,0.03,0.0027,0.00443609022556391,0.2609976114463614,0.3419886033428876,0.87,0.9198960526315791,0.0
operational-envelope-v4,atlas,m_fixed_pi,finite_k3,5,2000.0,3.3010299956639813,3.1505149978319906,3.451544993495972,3,1.9,2.1,2.0,0.1,2000,0.05,,100,460.14,0.66,102.364143880617,2.010147858575624,100.0,0.04999999999999999,0.08,0.016800000000000002,0.012663705089237002,0.2609976114463614,0.3419886033428876,0.87,0.982185842105263,0.0
operational-envelope-v4,atlas,m_fixed_pi,perfect,5,2000.0,3.3010299956639813,3.1505149978319906,3.451544993495972,4,2.1,2.3,2.2,0.1,2000,0.05,,100,887.09,0.73,166.23388233072507,2.2207195477847086,100.0,0.04999999999999999,0.51,0.35100000000000003,0.05591566803395732,-0.005593040253595452,0.10185060724226422,0.74,1.0,1.0
operational-envelope-v4,atlas,m_fixed_pi,finite_k1,5,2000.0,3.3010299956639813,3.1505149978319906,3.451544993495972,4,2.1,2.3,2.2,0.1,2000,0.05,,100,887.09,0.73,166.23388233072507,2.2207195477847086,100.0,0.04999999999999999,0.03,0.0004,0.016,-0.005593040253595452,0.10185060724226422,0.74,0.7591370000000001,0.0
operational-envelope-v4,atlas,m_fixed_pi,finite_k2,5,2000.0,3.3010299956639813,3.1505149978319906,3.451544993495972,4,2.1,2.3,2.2,0.1,2000,0.05,,100,887.09,0.73,166.23388233072507,2.2207195477847086,100.0,0.04999999999999999,0.08,0.0051,0.009075757575757576,-0.005593040253595452,0.10185060724226422,0.74,0.9204777894736842,0.0
operational-envelope-v4,atlas,m_fixed_pi,finite_k3,5,2000.0,3.3010299956639813,3.1505149978319906,3.451544993495972,4,2.1,2.3,2.2,0.1,2000,0.05,,100,887.09,0.73,166.23388233072507,2.2207195477847086,100.0,0.04999999999999999,0.22,0.0722,0.04531463211406944,-0.005593040253595452,0.10185060724226422,0.74,0.982675842105263,0.0
operational-envelope-v4,atlas,m_fixed_pi,perfect,5,2000.0,3.3010299956639813,3.1505149978319906,3.451544993495972,5,2.3,2.5,2.4,0.1,2000,0.05,,100,930.71,0.695,256.42289750858686,2.4089568032868134,100.0,0.04999999999999999,0.85,0.7347,0.06976224992362483,-0.1281415375274747,-0.05499586152914149,0.35,1.0,1.0
operational-envelope-v4,atlas,m_fixed_pi,finite_k1,5,2000.0,3.3010299956639813,3.1505149978319906,3.451544993495972,5,2.3,2.5,2.4,0.1,2000,0.05,,100,930.71,0.695,256.42289750858686,2.4089568032868134,100.0,0.04999999999999999,0.0,0.0,0.0,-0.1281415375274747,-0.05499586152914149,0.35,0.7596063157894739,0.0
operational-envelope-v4,atlas,m_fixed_pi,finite_k2,5,2000.0,3.3010299956639813,3.1505149978319906,3.451544993495972,5,2.3,2.5,2.4,0.1,2000,0.05,,100,930.71,0.695,256.42289750858686,2.4089568032868134,100.0,0.04999999999999999,0.09,0.0098,0.018289473684210526,-0.1281415375274747,-0.05499586152914149,0.35,0.9211766315789472,0.0
operational-envelope-v4,atlas,m_fixed_pi,finite_k3,5,2000.0,3.3010299956639813,3.1505149978319906,3.451544993495972,5,2.3,2.5,2.4,0.1,2000,0.05,,100,930.71,0.695,256.42289750858686,2.4089568032868134,100.0,0.04999999999999999,0.24,0.0938,0.03806988080901158,-0.1281415375274747,-0.05499586152914149,0.35,0.9829757894736842,0.0
operational-envelope-v4,atlas,m_fixed_pi,perfect,5,2000.0,3.3010299956639813,3.1505149978319906,3.451544993495972,6,2.5,2.7,2.6,0.1,2000,0.05,,100,1445.61,0.7,411.51392580684274,2.614384536507547,100.0,0.04999999999999999,0.94,0.8875,0.08405588554880714,-0.3401663681080759,-0.26860204715682157,0.0,1.0,1.0
operational-envelope-v4,atlas,m_fixed_pi,finite_k1,5,2000.0,3.3010299956639813,3.1505149978319906,3.451544993495972,6,2.5,2.7,2.6,0.1,2000,0.05,,100,1445.61,0.7,411.51392580684274,2.614384536507547,100.0,0.04999999999999999,0.02,0.0002,0.005,-0.3401663681080759,-0.26860204715682157,0.0,0.7626779473684209,0.0
operational-envelope-v4,atlas,m_fixed_pi,finite_k2,5,2000.0,3.3010299956639813,3.1505149978319906,3.451544993495972,6,2.5,2.7,2.6,0.1,2000,0.05,,100,1445.61,0.7,411.51392580684274,2.614384536507547,100.0,0.04999999999999999,0.15,0.0164,0.029386966200521315,-0.3401663681080759,-0.26860204715682157,0.0,0.9231534736842106,0.0
operational-envelope-v4,atlas,m_fixed_pi,finite_k3,5,2000.0,3.3010299956639813,3.1505149978319906,3.451544993495972,6,2.5,2.7,2.6,0.1,2000,0.05,,100,1445.61,0.7,411.51392580684274,2.614384536507547,100.0,0.04999999999999999,0.62,0.31880000000000003,0.07302199787414468,-0.3401663681080759,-0.26860204715682157,0.0,0.9836573157894736,0.0
operational-envelope-v4,atlas,m_fixed_pi,perfect,5,2000.0,3.3010299956639813,3.1505149978319906,3.451544993495972,7,2.7,2.9,2.8,0.1,2000,0.05,,100,1767.97,0.67,637.6881262172084,2.8046083304789367,100.0,0.04999999999999999,1.0,0.9763,0.09944500428719834,-0.5129699188793224,-0.4908307446708322,0.0,1.0,1.0
operational-envelope-v4,atlas,m_fixed_pi,finite_k1,5,2000.0,3.3010299956639813,3.1505149978319906,3.451544993495972,7,2.7,2.9,2.8,0.1,2000,0.05,,100,1767.97,0.67,637.6881262172084,2.8046083304789367,100.0,0.04999999999999999,0.0,0.0,0.02,-0.5129699188793224,-0.4908307446708322,0.0,0.7604368421052632,0.0
operational-envelope-v4,atlas,m_fixed_pi,finite_k2,5,2000.0,3.3010299956639813,3.1505149978319906,3.451544993495972,7,2.7,2.9,2.8,0.1,2000,0.05,,100,1767.97,0.67,637.6881262172084,2.8046083304789367,100.0,0.04999999999999999,0.21,0.027700000000000006,0.037441896758500445,-0.5129699188793224,-0.4908307446708322,0.0,0.9218397894736841,0.0
operational-envelope-v4,atlas,m_fixed_pi,finite_k3,5,2000.0,3.3010299956639813,3.1505149978319906,3.451544993495972,7,2.7,2.9,2.8,0.1,2000,0.05,,100,1767.97,0.67,637.6881262172084,2.8046083304789367,100.0,0.04999999999999999,0.88,0.4731,0.09518854379604322,-0.5129699188793224,-0.4908307446708322,0.0,0.9832876315789474,0.0
operational-envelope-v4,atlas,m_fixed_pi,perfect,5,2000.0,3.3010299956639813,3.1505149978319906,3.451544993495972,8,2.9,3.0999999999999996,3.0,0.1,2000,0.05,,100,3263.26,0.725,1007.451810821828,3.0032242818159376,100.0,0.04999999999999999,0.98,0.9698,0.08272321773244473,-0.7524553803673044,-0.6941189406623293,0.0,1.0,1.0
operational-envelope-v4,atlas,m_fixed_pi,finite_k1,5,2000.0,3.3010299956639813,3.1505149978319906,3.451544993495972,8,2.9,3.0999999999999996,3.0,0.1,2000,0.05,,100,3263.26,0.725,1007.451810821828,3.0032242818159376,100.0,0.04999999999999999,0.02,0.0004,0.01,-0.7524553803673044,-0.6941189406623293,0.0,0.7601813684210527,0.0
operational-envelope-v4,atlas,m_fixed_pi,finite_k2,5,2000.0,3.3010299956639813,3.1505149978319906,3.451544993495972,8,2.9,3.0999999999999996,3.0,0.1,2000,0.05,,100,3263.26,0.725,1007.451810821828,3.0032242818159376,100.0,0.04999999999999999,0.37,0.05080000000000001,0.05919694794778678,-0.7524553803673044,-0.6941189406623293,0.0,0.921695,0.0
operational-envelope-v4,atlas,m_fixed_pi,finite_k3,5,2000.0,3.3010299956639813,3.1505149978319906,3.451544993495972,8,2.9,3.0999999999999996,3.0,0.1,2000,0.05,,100,3263.26,0.725,1007.451810821828,3.0032242818159376,100.0,0.04999999999999999,0.95,0.526,0.08160931602448183,-0.7524553803673044,-0.6941189406623293,0.0,0.9833063684210528,0.0
operational-envelope-v4,atlas,m_fixed_pi,perfect,5,2000.0,3.3010299956639813,3.1505149978319906,3.451544993495972,9,3.0999999999999996,3.3,3.1999999999999997,0.1,2000,0.05,,100,4883.81,0.69,1620.6840767007598,3.209698365177077,100.0,0.04999999999999999,0.98,0.9765,0.09146658395928663,-0.9303656664001717,-0.8849254382275986,0.0,1.0,1.0
operational-envelope-v4,atlas,m_fixed_pi,finite_k1,5,2000.0,3.3010299956639813,3.1505149978319906,3.451544993495972,9,3.0999999999999996,3.3,3.1999999999999997,0.1,2000,0.05,,100,4883.81,0.69,1620.6840767007598,3.209698365177077,100.0,0.04999999999999999,0.02,0.0002,0.018000000000000002,-0.9303656664001717,-0.8849254382275986,0.0,0.761735,0.0
operational-envelope-v4,atlas,m_fixed_pi,finite_k2,5,2000.0,3.3010299956639813,3.1505149978319906,3.451544993495972,9,3.0999999999999996,3.3,3.1999999999999997,0.1,2000,0.05,,100,4883.81,0.69,1620.6840767007598,3.209698365177077,100.0,0.04999999999999999,0.4,0.0525,0.048635587109728984,-0.9303656664001717,-0.8849254382275986,0.0,0.9224752631578947,0.0
operational-envelope-v4,atlas,m_fixed_pi,finite_k3,5,2000.0,3.3010299956639813,3.1505149978319906,3.451544993495972,9,3.0999999999999996,3.3,3.1999999999999997,0.1,2000,0.05,,100,4883.81,0.69,1620.6840767007598,3.209698365177077,100.0,0.04999999999999999,0.97,0.5470999999999999,0.08639079892183263,-0.9303656664001717,-0.8849254382275986,0.0,0.9834352105263156,0.0
operational-envelope-v4,atlas,m_fixed_pi,perfect,5,2000.0,3.3010299956639813,3.1505149978319906,3.451544993495972,10,3.3,3.5,3.4,0.1,2000,0.05,,100,4338.55,0.505,2562.8599069546585,3.408724867089667,100.0,0.04999999999999999,1.0,0.9995,0.08700757131358271,-1.0373776694351864,-1.0534626049254554,0.0,1.0,1.0
operational-envelope-v4,atlas,m_fixed_pi,finite_k1,5,2000.0,3.3010299956639813,3.1505149978319906,3.451544993495972,10,3.3,3.5,3.4,0.1,2000,0.05,,100,4338.55,0.505,2562.8599069546585,3.408724867089667,100.0,0.04999999999999999,0.03,0.0004,0.0,-1.0373776694351864,-1.0534626049254554,0.0,0.763679947368421,0.0
operational-envelope-v4,atlas,m_fixed_pi,finite_k2,5,2000.0,3.3010299956639813,3.1505149978319906,3.451544993495972,10,3.3,3.5,3.4,0.1,2000,0.05,,100,4338.55,0.505,2562.8599069546585,3.408724867089667,100.0,0.04999999999999999,0.58,0.0751,0.07172778110684104,-1.0373776694351864,-1.0534626049254554,0.0,0.9233091578947369,0.0
operational-envelope-v4,atlas,m_fixed_pi,finite_k3,5,2000.0,3.3010299956639813,3.1505149978319906,3.451544993495972,10,3.3,3.5,3.4,0.1,2000,0.05,,100,4338.55,0.505,2562.8599069546585,3.408724867089667,100.0,0.04999999999999999,0.99,0.5886,0.0855083874386032,-1.0373776694351864,-1.0534626049254554,0.0,0.9834548421052632,0.0
operational-envelope-v4,atlas,m_fixed_pi,perfect,5,2000.0,3.3010299956639813,3.1505149978319906,3.451544993495972,11,3.5,3.7,3.6,0.1,2000,0.05,,100,6827.6,0.505,4072.9145953002503,3.609905303486758,100.0,0.04999999999999999,1.0,1.0,0.09366835619689312,-1.2348732727608487,-1.2533380053261065,0.0,1.0,1.0
operational-envelope-v4,atlas,m_fixed_pi,finite_k1,5,2000.0,3.3010299956639813,3.1505149978319906,3.451544993495972,11,3.5,3.7,3.6,0.1,2000,0.05,,100,6827.6,0.505,4072.9145953002503,3.609905303486758,100.0,0.04999999999999999,0.03,0.0005,0.013000000000000001,-1.2348732727608487,-1.2533380053261065,0.0,0.7602464736842104,0.0
operational-envelope-v4,atlas,m_fixed_pi,finite_k2,5,2000.0,3.3010299956639813,3.1505149978319906,3.451544993495972,11,3.5,3.7,3.6,0.1,2000,0.05,,100,6827.6,0.505,4072.9145953002503,3.609905303486758,100.0,0.04999999999999999,0.68,0.08469999999999998,0.07208446941560634,-1.2348732727608487,-1.2533380053261065,0.0,0.921536052631579,0.0
operational-envelope-v4,atlas,m_fixed_pi,finite_k3,5,2000.0,3.3010299956639813,3.1505149978319906,3.451544993495972,11,3.5,3.7,3.6,0.1,2000,0.05,,100,6827.6,0.505,4072.9145953002503,3.609905303486758,100.0,0.04999999999999999,0.99,0.5893999999999999,0.08964529561809868,-1.2348732727608487,-1.2533380053261065,0.0,0.9829352631578946,0.0
operational-envelope-v4,atlas,m_fixed_pi,perfect,5,2000.0,3.3010299956639813,3.1505149978319906,3.451544993495972,12,3.7,3.8999999999999995,3.8,0.1,2000,0.05,,100,8434.63,0.35,6316.0289102500965,3.8004441092294408,100.0,0.04999999999999999,1.0,1.0,0.08917623905295931,-1.4078634028112997,-1.4394398458734585,0.0,1.0,1.0
operational-envelope-v4,atlas,m_fixed_pi,finite_k1,5,2000.0,3.3010299956639813,3.1505149978319906,3.451544993495972,12,3.7,3.8999999999999995,3.8,0.1,2000,0.05,,100,8434.63,0.35,6316.0289102500965,3.8004441092294408,100.0,0.04999999999999999,0.01,0.0003,0.0,-1.4078634028112997,-1.4394398458734585,0.0,0.758984157894737,0.0
operational-envelope-v4,atlas,m_fixed_pi,finite_k2,5,2000.0,3.3010299956639813,3.1505149978319906,3.451544993495972,12,3.7,3.8999999999999995,3.8,0.1,2000,0.05,,100,8434.63,0.35,6316.0289102500965,3.8004441092294408,100.0,0.04999999999999999,0.78,0.1029,0.0591659554145635,-1.4078634028112997,-1.4394398458734585,0.0,0.921262,0.0
operational-envelope-v4,atlas,m_fixed_pi,finite_k3,5,2000.0,3.3010299956639813,3.1505149978319906,3.451544993495972,12,3.7,3.8999999999999995,3.8,0.1,2000,0.05,,100,8434.63,0.35,6316.0289102500965,3.8004441092294408,100.0,0.04999999999999999,0.99,0.6002,0.08636359772469819,-1.4078634028112997,-1.4394398458734585,0.0,0.9832936315789472,0.0
operational-envelope-v4,atlas,m_fixed_pi,perfect,5,2000.0,3.3010299956639813,3.1505149978319906,3.451544993495972,13,3.8999999999999995,4.1,3.9999999999999996,0.1,2000,0.05,,100,10627.88,0.245,9328.149710498354,3.9697955076037856,100.0,0.04999999999999999,1.0,1.0,0.09191297566937476,-1.566774767228162,-1.5441300819879646,0.0,1.0,1.0
operational-envelope-v4,atlas,m_fixed_pi,finite_k1,5,2000.0,3.3010299956639813,3.1505149978319906,3.451544993495972,13,3.8999999999999995,4.1,3.9999999999999996,0.1,2000,0.05,,100,10627.88,0.245,9328.149710498354,3.9697955076037856,100.0,0.04999999999999999,0.09,0.0029,0.05433333333333334,-1.566774767228162,-1.5441300819879646,0.0,0.7608322631578948,0.0
operational-envelope-v4,atlas,m_fixed_pi,finite_k2,5,2000.0,3.3010299956639813,3.1505149978319906,3.451544993495972,13,3.8999999999999995,4.1,3.9999999999999996,0.1,2000,0.05,,100,10627.88,0.245,9328.149710498354,3.9697955076037856,100.0,0.04999999999999999,0.88,0.1063,0.0904168436375092,-1.566774767228162,-1.5441300819879646,0.0,0.9219385789473685,0.0
operational-envelope-v4,atlas,m_fixed_pi,finite_k3,5,2000.0,3.3010299956639813,3.1505149978319906,3.451544993495972,13,3.8999999999999995,4.1,3.9999999999999996,0.1,2000,0.05,,100,10627.88,0.245,9328.149710498354,3.9697955076037856,100.0,0.04999999999999999,1.0,0.6141000000000001,0.09089150896061264,-1.566774767228162,-1.5441300819879646,0.0,0.9833796842105264,0.0
operational-envelope-v4,atlas,m_fixed_count,perfect,0,50.0,1.6989700043360187,1.5484550065040281,1.8494850021680094,0,1.3,1.5,1.4,0.1,50,,10.0,100,114.85,0.645,26.054568761795302,1.4158838894036594,10.0,0.19999999999999996,0.19,0.10999999999999999,0.030699134199134198,0.16225495302000753,0.28399665636520083,0.8,1.0,1.0
operational-envelope-v4,atlas,m_fixed_count,finite_k1,0,50.0,1.6989700043360187,1.5484550065040281,1.8494850021680094,0,1.3,1.5,1.4,0.1,50,,10.0,100,114.85,0.645,26.054568761795302,1.4158838894036594,10.0,0.19999999999999996,0.01,0.001,0.03,0.16225495302000753,0.28399665636520083,0.8,0.7565500000000001,0.0
operational-envelope-v4,atlas,m_fixed_count,finite_k2,0,50.0,1.6989700043360187,1.5484550065040281,1.8494850021680094,0,1.3,1.5,1.4,0.1,50,,10.0,100,114.85,0.645,26.054568761795302,1.4158838894036594,10.0,0.19999999999999996,0.09,0.021,0.026666666666666665,0.16225495302000753,0.28399665636520083,0.8,0.9186749999999999,0.02
operational-envelope-v4,atlas,m_fixed_count,finite_k3,0,50.0,1.6989700043360187,1.5484550065040281,1.8494850021680094,0,1.3,1.5,1.4,0.1,50,,10.0,100,114.85,0.645,26.054568761795302,1.4158838894036594,10.0,0.19999999999999996,0.13,0.052000000000000005,0.02905952380952381,0.16225495302000753,0.28399665636520083,0.8,0.9821000000000001,0.26
operational-envelope-v4,atlas,m_fixed_count,perfect,0,50.0,1.6989700043360187,1.5484550065040281,1.8494850021680094,1,1.5,1.7,1.6,0.1,50,,10.0,100,207.02,0.66,41.614876487581896,1.6192486099904442,10.0,0.19999999999999996,0.53,0.38500000000000006,0.06549522699522699,-0.012369259204950212,0.0861861476162833,0.73,1.0,1.0
operational-envelope-v4,atlas,m_fixed_count,finite_k1,0,50.0,1.6989700043360187,1.5484550065040281,1.8494850021680094,1,1.5,1.7,1.6,0.1,50,,10.0,100,207.02,0.66,41.614876487581896,1.6192486099904442,10.0,0.19999999999999996,0.02,0.0030000000000000005,0.01,-0.012369259204950212,0.0861861476162833,0.73,0.7555499999999999,0.0
operational-envelope-v4,atlas,m_fixed_count,finite_k2,0,50.0,1.6989700043360187,1.5484550065040281,1.8494850021680094,1,1.5,1.7,1.6,0.1,50,,10.0,100,207.02,0.66,41.614876487581896,1.6192486099904442,10.0,0.19999999999999996,0.16,0.053000000000000005,0.036880952380952375,-0.012369259204950212,0.0861861476162833,0.73,0.9183999999999999,0.01
operational-envelope-v4,atlas,m_fixed_count,finite_k3,0,50.0,1.6989700043360187,1.5484550065040281,1.8494850021680094,1,1.5,1.7,1.6,0.1,50,,10.0,100,207.02,0.66,41.614876487581896,1.6192486099904442,10.0,0.19999999999999996,0.31,0.157,0.04472183372183371,-0.012369259204950212,0.0861861476162833,0.73,0.981525,0.13
operational-envelope-v4,atlas,m_fixed_count,perfect,0,50.0,1.6989700043360187,1.5484550065040281,1.8494850021680094,2,1.7,1.9,1.7999999999999998,0.1,50,,10.0,100,306.38,0.62,65.3096017061002,1.814977035202032,10.0,0.19999999999999996,0.85,0.7659999999999999,0.0669065934065934,-0.21091989100289205,-0.09403015348325884,0.25,1.0,1.0
operational-envelope-v4,atlas,m_fixed_count,finite_k1,0,50.0,1.6989700043360187,1.5484550065040281,1.8494850021680094,2,1.7,1.9,1.7999999999999998,0.1,50,,10.0,100,306.38,0.62,65.3096017061002,1.814977035202032,10.0,0.19999999999999996,0.04,0.01,0.02,-0.21091989100289205,-0.09403015348325884,0.25,0.7577499999999998,0.0
operational-envelope-v4,atlas,m_fixed_count,finite_k2,0,50.0,1.6989700043360187,1.5484550065040281,1.8494850021680094,2,1.7,1.9,1.7999999999999998,0.1,50,,10.0,100,306.38,0.62,65.3096017061002,1.814977035202032,10.0,0.19999999999999996,0.22,0.09,0.035581973581973576,-0.21091989100289205,-0.09403015348325884,0.25,0.9168000000000001,0.0
operational-envelope-v4,atlas,m_fixed_count,finite_k3,0,50.0,1.6989700043360187,1.5484550065040281,1.8494850021680094,2,1.7,1.9,1.7999999999999998,0.1,50,,10.0,100,306.38,0.62,65.3096017061002,1.814977035202032,10.0,0.19999999999999996,0.56,0.375,0.07547302697302698,-0.21091989100289205,-0.09403015348325884,0.25,0.9806999999999999,0.06
operational-envelope-v4,atlas,m_fixed_count,perfect,0,50.0,1.6989700043360187,1.5484550065040281,1.8494850021680094,3,1.9,2.1,2.0,0.1,50,,10.0,100,449.81,0.655,102.32047748276598,2.0099625581285983,10.0,0.19999999999999996,0.94,0.9000000000000001,0.06968574562692209,-0.4280506609633001,-0.3053513694466238,0.02,1.0,1.0
operational-envelope-v4,atlas,m_fixed_count,finite_k1,0,50.0,1.6989700043360187,1.5484550065040281,1.8494850021680094,3,1.9,2.1,2.0,0.1,50,,10.0,100,449.81,0.655,102.32047748276598,2.0099625581285983,10.0,0.19999999999999996,0.12,0.019,0.02386363636363636,-0.4280506609633001,-0.3053513694466238,0.02,0.74705,0.0
operational-envelope-v4,atlas,m_fixed_count,finite_k2,0,50.0,1.6989700043360187,1.5484550065040281,1.8494850021680094,3,1.9,2.1,2.0,0.1,50,,10.0,100,449.81,0.655,102.32047748276598,2.0099625581285983,10.0,0.19999999999999996,0.4,0.149,0.06771969696969697,-0.4280506609633001,-0.3053513694466238,0.02,0.9139249999999999,0.0
operational-envelope-v4,atlas,m_fixed_count,finite_k3,0,50.0,1.6989700043360187,1.5484550065040281,1.8494850021680094,3,1.9,2.1,2.0,0.1,50,,10.0,100,449.81,0.655,102.32047748276598,2.0099625581285983,10.0,0.19999999999999996,0.72,0.526,0.07100559163059163,-0.4280506609633001,-0.3053513694466238,0.02,0.9814250000000001,0.03
operational-envelope-v4,atlas,m_fixed_count,perfect,0,50.0,1.6989700043360187,1.5484550065040281,1.8494850021680094,4,2.1,2.3,2.2,0.1,50,,10.0,100,1019.63,0.75,162.08445209854807,2.209741357281243,10.0,0.19999999999999996,0.96,0.945,0.0671844821844822,-0.6645143257685487,-0.502825092085708,0.0,1.0,1.0
operational-envelope-v4,atlas,m_fixed_count,finite_k1,0,50.0,1.6989700043360187,1.5484550065040281,1.8494850021680094,4,2.1,2.3,2.2,0.1,50,,10.0,100,1019.63,0.75,162.08445209854807,2.209741357281243,10.0,0.19999999999999996,0.09,0.012,0.02,-0.6645143257685487,-0.502825092085708,0.0,0.74665,0.0
operational-envelope-v4,atlas,m_fixed_count,finite_k2,0,50.0,1.6989700043360187,1.5484550065040281,1.8494850021680094,4,2.1,2.3,2.2,0.1,50,,10.0,100,1019.63,0.75,162.08445209854807,2.209741357281243,10.0,0.19999999999999996,0.59,0.19899999999999995,0.05177777777777777,-0.6645143257685487,-0.502825092085708,0.0,0.9163749999999999,0.0
operational-envelope-v4,atlas,m_fixed_count,finite_k3,0,50.0,1.6989700043360187,1.5484550065040281,1.8494850021680094,4,2.1,2.3,2.2,0.1,50,,10.0,100,1019.63,0.75,162.08445209854807,2.209741357281243,10.0,0.19999999999999996,0.89,0.6580000000000001,0.06740839715839715,-0.6645143257685487,-0.502825092085708,0.0,0.98175,0.02
operational-envelope-v4,atlas,m_fixed_count,perfect,0,50.0,1.6989700043360187,1.5484550065040281,1.8494850021680094,5,2.3,2.5,2.4,0.1,50,,10.0,100,1349.62,0.71,259.17582188281364,2.413594484418286,10.0,0.19999999999999996,0.98,0.973,0.07124991674991675,-0.8533015556303392,-0.7024305364455253,0.0,1.0,1.0
operational-envelope-v4,atlas,m_fixed_count,finite_k1,0,50.0,1.6989700043360187,1.5484550065040281,1.8494850021680094,5,2.3,2.5,2.4,0.1,50,,10.0,100,1349.62,0.71,259.17582188281364,2.413594484418286,10.0,0.19999999999999996,0.16,0.026000000000000002,0.026666666666666665,-0.8533015556303392,-0.7024305364455253,0.0,0.75535,0.0
operational-envelope-v4,atlas,m_fixed_count,finite_k2,0,50.0,1.6989700043360187,1.5484550065040281,1.8494850021680094,5,2.3,2.5,2.4,0.1,50,,10.0,100,1349.62,0.71,259.17582188281364,2.413594484418286,10.0,0.19999999999999996,0.65,0.289,0.054508297258297256,-0.8533015556303392,-0.7024305364455253,0.0,0.91975,0.0
operational-envelope-v4,atlas,m_fixed_count,finite_k3,0,50.0,1.6989700043360187,1.5484550065040281,1.8494850021680094,5,2.3,2.5,2.4,0.1,50,,10.0,100,1349.62,0.71,259.17582188281364,2.413594484418286,10.0,0.19999999999999996,0.94,0.7190000000000002,0.06992565767565767,-0.8533015556303392,-0.7024305364455253,0.0,0.9839999999999999,0.0
operational-envelope-v4,atlas,m_fixed_count,perfect,0,50.0,1.6989700043360187,1.5484550065040281,1.8494850021680094,6,2.5,2.7,2.6,0.1,50,,10.0,100,1575.57,0.725,402.2542099340386,2.604500598057716,10.0,0.19999999999999996,1.0,0.995,0.08399333999334001,-1.037106080691381,-0.9020028913507294,0.0,1.0,1.0
operational-envelope-v4,atlas,m_fixed_count,finite_k1,0,50.0,1.6989700043360187,1.5484550065040281,1.8494850021680094,6,2.5,2.7,2.6,0.1,50,,10.0,100,1575.57,0.725,402.2542099340386,2.604500598057716,10.0,0.19999999999999996,0.2,0.028999999999999998,0.05733333333333333,-1.037106080691381,-0.9020028913507294,0.0,0.7363,0.0
operational-envelope-v4,atlas,m_fixed_count,finite_k2,0,50.0,1.6989700043360187,1.5484550065040281,1.8494850021680094,6,2.5,2.7,2.6,0.1,50,,10.0,100,1575.57,0.725,402.2542099340386,2.604500598057716,10.0,0.19999999999999996,0.72,0.268,0.06002849927849928,-1.037106080691381,-0.9020028913507294,0.0,0.90975,0.0
operational-envelope-v4,atlas,m_fixed_count,finite_k3,0,50.0,1.6989700043360187,1.5484550065040281,1.8494850021680094,6,2.5,2.7,2.6,0.1,50,,10.0,100,1575.57,0.725,402.2542099340386,2.604500598057716,10.0,0.19999999999999996,0.99,0.757,0.08034476634476634,-1.037106080691381,-0.9020028913507294,0.0,0.98055,0.0
operational-envelope-v4,atlas,m_fixed_count,perfect,0,50.0,1.6989700043360187,1.5484550065040281,1.8494850021680094,7,2.7,2.9,2.8,0.1,50,,10.0,100,2143.69,0.725,652.4482074191255,2.8145460422557878,10.0,0.19999999999999996,1.0,0.998,0.07563991563991564,-1.236426752648134,-1.1017470739463662,0.0,1.0,1.0
operational-envelope-v4,atlas,m_fixed_count,finite_k1,0,50.0,1.6989700043360187,1.5484550065040281,1.8494850021680094,7,2.7,2.9,2.8,0.1,50,,10.0,100,2143.69,0.725,652.4482074191255,2.8145460422557878,10.0,0.19999999999999996,0.16,0.026000000000000002,0.029857142857142856,-1.236426752648134,-1.1017470739463662,0.0,0.7735499999999998,0.0
operational-envelope-v4,atlas,m_fixed_count,finite_k2,0,50.0,1.6989700043360187,1.5484550065040281,1.8494850021680094,7,2.7,2.9,2.8,0.1,50,,10.0,100,2143.69,0.725,652.4482074191255,2.8145460422557878,10.0,0.19999999999999996,0.85,0.3340000000000001,0.07981349206349206,-1.236426752648134,-1.1017470739463662,0.0,0.9310250000000001,0.0
operational-envelope-v4,atlas,m_fixed_count,finite_k3,0,50.0,1.6989700043360187,1.5484550065040281,1.8494850021680094,7,2.7,2.9,2.8,0.1,50,,10.0,100,2143.69,0.725,652.4482074191255,2.8145460422557878,10.0,0.19999999999999996,1.0,0.8170000000000002,0.07373010323010322,-1.236426752648134,-1.1017470739463662,0.0,0.98645,0.0
operational-envelope-v4,atlas,m_fixed_count,perfect,0,50.0,1.6989700043360187,1.5484550065040281,1.8494850021680094,8,2.9,3.0999999999999996,3.0,0.1,50,,10.0,100,3240.98,0.705,1028.5880142693898,3.0122414593521785,10.0,0.19999999999999996,1.0,0.9990000000000001,0.07324009324009324,-1.4211068075437219,-1.3321939175444948,0.0,1.0,1.0
operational-envelope-v4,atlas,m_fixed_count,finite_k1,0,50.0,1.6989700043360187,1.5484550065040281,1.8494850021680094,8,2.9,3.0999999999999996,3.0,0.1,50,,10.0,100,3240.98,0.705,1028.5880142693898,3.0122414593521785,10.0,0.19999999999999996,0.24,0.04,0.07416666666666666,-1.4211068075437219,-1.3321939175444948,0.0,0.7702000000000001,0.0
operational-envelope-v4,atlas,m_fixed_count,finite_k2,0,50.0,1.6989700043360187,1.5484550065040281,1.8494850021680094,8,2.9,3.0999999999999996,3.0,0.1,50,,10.0,100,3240.98,0.705,1028.5880142693898,3.0122414593521785,10.0,0.19999999999999996,0.89,0.36300000000000004,0.0706449938949939,-1.4211068075437219,-1.3321939175444948,0.0,0.9258750000000002,0.0
operational-envelope-v4,atlas,m_fixed_count,finite_k3,0,50.0,1.6989700043360187,1.5484550065040281,1.8494850021680094,8,2.9,3.0999999999999996,3.0,0.1,50,,10.0,100,3240.98,0.705,1028.5880142693898,3.0122414593521785,10.0,0.19999999999999996,1.0,0.806,0.0717142302142302,-1.4211068075437219,-1.3321939175444948,0.0,0.983675,0.0
operational-envelope-v4,atlas,m_fixed_count,perfect,0,50.0,1.6989700043360187,1.5484550065040281,1.8494850021680094,9,3.0999999999999996,3.3,3.1999999999999997,0.1,50,,10.0,100,4524.17,0.685,1604.8549837086016,3.2054357952327837,10.0,0.19999999999999996,1.0,0.9990000000000001,0.08102730602730604,-1.5685148491048315,-1.5013331786455661,0.0,1.0,1.0
operational-envelope-v4,atlas,m_fixed_count,finite_k1,0,50.0,1.6989700043360187,1.5484550065040281,1.8494850021680094,9,3.0999999999999996,3.3,3.1999999999999997,0.1,50,,10.0,100,4524.17,0.685,1604.8549837086016,3.2054357952327837,10.0,0.19999999999999996,0.25,0.034,0.05166666666666666,-1.5685148491048315,-1.5013331786455661,0.0,0.7693000000000001,0.0
operational-envelope-v4,atlas,m_fixed_count,finite_k2,0,50.0,1.6989700043360187,1.5484550065040281,1.8494850021680094,9,3.0999999999999996,3.3,3.1999999999999997,0.1,50,,10.0,100,4524.17,0.685,1604.8549837086016,3.2054357952327837,10.0,0.19999999999999996,0.92,0.32800000000000007,0.06934126984126983,-1.5685148491048315,-1.5013331786455661,0.0,0.9281,0.0
operational-envelope-v4,atlas,m_fixed_count,finite_k3,0,50.0,1.6989700043360187,1.5484550065040281,1.8494850021680094,9,3.0999999999999996,3.3,3.1999999999999997,0.1,50,,10.0,100,4524.17,0.685,1604.8549837086016,3.2054357952327837,10.0,0.19999999999999996,1.0,0.816,0.07095199245199245,-1.5685148491048315,-1.5013331786455661,0.0,0.986375,0.0
operational-envelope-v4,atlas,m_fixed_count,perfect,0,50.0,1.6989700043360187,1.5484550065040281,1.8494850021680094,10,3.3,3.5,3.4,0.1,50,,10.0,100,4066.77,0.465,2548.11297184635,3.40621867875038,10.0,0.19999999999999996,1.0,1.0,0.08119380619380621,-1.6869979173844982,-1.6645412770655603,0.0,1.0,1.0
operational-envelope-v4,atlas,m_fixed_count,finite_k1,0,50.0,1.6989700043360187,1.5484550065040281,1.8494850021680094,10,3.3,3.5,3.4,0.1,50,,10.0,100,4066.77,0.465,2548.11297184635,3.40621867875038,10.0,0.19999999999999996,0.23,0.034,0.04866666666666667,-1.6869979173844982,-1.6645412770655603,0.0,0.7679250000000001,0.0
operational-envelope-v4,atlas,m_fixed_count,finite_k2,0,50.0,1.6989700043360187,1.5484550065040281,1.8494850021680094,10,3.3,3.5,3.4,0.1,50,,10.0,100,4066.77,0.465,2548.11297184635,3.40621867875038,10.0,0.19999999999999996,0.9,0.36200000000000004,0.07627197802197802,-1.6869979173844982,-1.6645412770655603,0.0,0.926075,0.0
operational-envelope-v4,atlas,m_fixed_count,finite_k3,0,50.0,1.6989700043360187,1.5484550065040281,1.8494850021680094,10,3.3,3.5,3.4,0.1,50,,10.0,100,4066.77,0.465,2548.11297184635,3.40621867875038,10.0,0.19999999999999996,1.0,0.825,0.0774176934176934,-1.6869979173844982,-1.6645412770655603,0.0,0.9836000000000001,0.0
operational-envelope-v4,atlas,m_fixed_count,perfect,0,50.0,1.6989700043360187,1.5484550065040281,1.8494850021680094,11,3.5,3.7,3.6,0.1,50,,10.0,100,6766.03,0.495,4066.589149847161,3.6092302975662767,10.0,0.19999999999999996,1.0,1.0,0.08191974691974693,-1.8927316793187139,-1.901131251355372,0.0,1.0,1.0
operational-envelope-v4,atlas,m_fixed_count,finite_k1,0,50.0,1.6989700043360187,1.5484550065040281,1.8494850021680094,11,3.5,3.7,3.6,0.1,50,,10.0,100,6766.03,0.495,4066.589149847161,3.6092302975662767,10.0,0.19999999999999996,0.36,0.059000000000000004,0.077,-1.8927316793187139,-1.901131251355372,0.0,0.7783499999999998,0.0
operational-envelope-v4,atlas,m_fixed_count,finite_k2,0,50.0,1.6989700043360187,1.5484550065040281,1.8494850021680094,11,3.5,3.7,3.6,0.1,50,,10.0,100,6766.03,0.495,4066.589149847161,3.6092302975662767,10.0,0.19999999999999996,0.93,0.371,0.07761976911976912,-1.8927316793187139,-1.901131251355372,0.0,0.9287249999999999,0.0
operational-envelope-v4,atlas,m_fixed_count,finite_k3,0,50.0,1.6989700043360187,1.5484550065040281,1.8494850021680094,11,3.5,3.7,3.6,0.1,50,,10.0,100,6766.03,0.495,4066.589149847161,3.6092302975662767,10.0,0.19999999999999996,1.0,0.8400000000000003,0.07840334665334664,-1.8927316793187139,-1.901131251355372,0.0,0.9856750000000001,0.0
operational-envelope-v4,atlas,m_fixed_count,perfect,0,50.0,1.6989700043360187,1.5484550065040281,1.8494850021680094,12,3.7,3.8999999999999995,3.8,0.1,50,,10.0,100,8434.63,0.35,6310.823560611579,3.8000860382441872,10.0,0.19999999999999996,1.0,1.0,0.08621545121545121,-2.0688966171086265,-2.055378331375,0.0,1.0,1.0
operational-envelope-v4,atlas,m_fixed_count,finite_k1,0,50.0,1.6989700043360187,1.5484550065040281,1.8494850021680094,12,3.7,3.8999999999999995,3.8,0.1,50,,10.0,100,8434.63,0.35,6310.823560611579,3.8000860382441872,10.0,0.19999999999999996,0.24,0.037000000000000005,0.09783333333333333,-2.0688966171086265,-2.055378331375,0.0,0.74075,0.0
operational-envelope-v4,atlas,m_fixed_count,finite_k2,0,50.0,1.6989700043360187,1.5484550065040281,1.8494850021680094,12,3.7,3.8999999999999995,3.8,0.1,50,,10.0,100,8434.63,0.35,6310.823560611579,3.8000860382441872,10.0,0.19999999999999996,0.88,0.311,0.09089285714285714,-2.0688966171086265,-2.055378331375,0.0,0.9116499999999997,0.0
operational-envelope-v4,atlas,m_fixed_count,finite_k3,0,50.0,1.6989700043360187,1.5484550065040281,1.8494850021680094,12,3.7,3.8999999999999995,3.8,0.1,50,,10.0,100,8434.63,0.35,6310.823560611579,3.8000860382441872,10.0,0.19999999999999996,1.0,0.806,0.08351445776445775,-2.0688966171086265,-2.055378331375,0.0,0.9783499999999999,0.0
operational-envelope-v4,atlas,m_fixed_count,perfect,0,50.0,1.6989700043360187,1.5484550065040281,1.8494850021680094,13,3.8999999999999995,4.1,3.9999999999999996,0.1,50,,10.0,100,10627.88,0.245,9331.707065607203,3.969961097268401,10.0,0.19999999999999996,1.0,1.0,0.07483183483183482,-2.190488631678309,-2.1847980863841716,0.0,1.0,1.0
operational-envelope-v4,atlas,m_fixed_count,finite_k1,0,50.0,1.6989700043360187,1.5484550065040281,1.8494850021680094,13,3.8999999999999995,4.1,3.9999999999999996,0.1,50,,10.0,100,10627.88,0.245,9331.707065607203,3.969961097268401,10.0,0.19999999999999996,0.37,0.05800000000000001,0.08083333333333333,-2.190488631678309,-2.1847980863841716,0.0,0.7639750000000002,0.0
operational-envelope-v4,atlas,m_fixed_count,finite_k2,0,50.0,1.6989700043360187,1.5484550065040281,1.8494850021680094,13,3.8999999999999995,4.1,3.9999999999999996,0.1,50,,10.0,100,10627.88,0.245,9331.707065607203,3.969961097268401,10.0,0.19999999999999996,0.92,0.381,0.07496428571428572,-2.190488631678309,-2.1847980863841716,0.0,0.9210749999999999,0.0
operational-envelope-v4,atlas,m_fixed_count,finite_k3,0,50.0,1.6989700043360187,1.5484550065040281,1.8494850021680094,13,3.8999999999999995,4.1,3.9999999999999996,0.1,50,,10.0,100,10627.88,0.245,9331.707065607203,3.969961097268401,10.0,0.19999999999999996,1.0,0.8030000000000002,0.07501479076479077,-2.190488631678309,-2.1847980863841716,0.0,0.9827750000000001,0.0
operational-envelope-v4,atlas,m_fixed_count,perfect,1,100.0,2.0,1.8494850021680094,2.1505149978319906,0,1.3,1.5,1.4,0.1,100,,10.0,100,541.09,0.655,26.056620747722633,1.41591809189161,10.0,0.09999999999999998,0.12,0.07,0.013682539682539683,0.44921832173926196,0.5984717736024241,0.87,1.0,1.0
operational-envelope-v4,atlas,m_fixed_count,finite_k1,1,100.0,2.0,1.8494850021680094,2.1505149978319906,0,1.3,1.5,1.4,0.1,100,,10.0,100,541.09,0.655,26.056620747722633,1.41591809189161,10.0,0.09999999999999998,0.0,0.0,0.0,0.44921832173926196,0.5984717736024241,0.87,0.757288888888889,0.0
operational-envelope-v4,atlas,m_fixed_count,finite_k2,1,100.0,2.0,1.8494850021680094,2.1505149978319906,0,1.3,1.5,1.4,0.1,100,,10.0,100,541.09,0.655,26.056620747722633,1.41591809189161,10.0,0.09999999999999998,0.04,0.011,0.0,0.44921832173926196,0.5984717736024241,0.87,0.9199555555555555,0.01
operational-envelope-v4,atlas,m_fixed_count,finite_k3,1,100.0,2.0,1.8494850021680094,2.1505149978319906,0,1.3,1.5,1.4,0.1,100,,10.0,100,541.09,0.655,26.056620747722633,1.41591809189161,10.0,0.09999999999999998,0.06,0.033,0.013846153846153847,0.44921832173926196,0.5984717736024241,0.87,0.9831111111111112,0.14
operational-envelope-v4,atlas,m_fixed_count,perfect,1,100.0,2.0,1.8494850021680094,2.1505149978319906,1,1.5,1.7,1.6,0.1,100,,10.0,100,108.96,0.56,40.76100355772935,1.6102448680286672,10.0,0.09999999999999998,0.16,0.083,0.02290079365079365,0.3185776447129123,0.38858414472434566,0.89,1.0,1.0
operational-envelope-v4,atlas,m_fixed_count,finite_k1,1,100.0,2.0,1.8494850021680094,2.1505149978319906,1,1.5,1.7,1.6,0.1,100,,10.0,100,108.96,0.56,40.76100355772935,1.6102448680286672,10.0,0.09999999999999998,0.0,0.0,0.0,0.3185776447129123,0.38858414472434566,0.89,0.7591666666666665,0.0
operational-envelope-v4,atlas,m_fixed_count,finite_k2,1,100.0,2.0,1.8494850021680094,2.1505149978319906,1,1.5,1.7,1.6,0.1,100,,10.0,100,108.96,0.56,40.76100355772935,1.6102448680286672,10.0,0.09999999999999998,0.03,0.005,0.005,0.3185776447129123,0.38858414472434566,0.89,0.9224888888888888,0.0
operational-envelope-v4,atlas,m_fixed_count,finite_k3,1,100.0,2.0,1.8494850021680094,2.1505149978319906,1,1.5,1.7,1.6,0.1,100,,10.0,100,108.96,0.56,40.76100355772935,1.6102448680286672,10.0,0.09999999999999998,0.09,0.026000000000000002,0.02011904761904762,0.3185776447129123,0.38858414472434566,0.89,0.9837777777777778,0.12
operational-envelope-v4,atlas,m_fixed_count,perfect,1,100.0,2.0,1.8494850021680094,2.1505149978319906,2,1.7,1.9,1.7999999999999998,0.1,100,,10.0,100,305.41,0.71,65.97879601607028,1.819404386257101,10.0,0.09999999999999998,0.38,0.23600000000000002,0.03170670995670996,0.0609903922439638,0.19382002601611284,0.73,1.0,1.0
operational-envelope-v4,atlas,m_fixed_count,finite_k1,1,100.0,2.0,1.8494850021680094,2.1505149978319906,2,1.7,1.9,1.7999999999999998,0.1,100,,10.0,100,305.41,0.71,65.97879601607028,1.819404386257101,10.0,0.09999999999999998,0.02,0.0030000000000000005,0.0,0.0609903922439638,0.19382002601611284,0.73,0.7642111111111112,0.0
operational-envelope-v4,atlas,m_fixed_count,finite_k2,1,100.0,2.0,1.8494850021680094,2.1505149978319906,2,1.7,1.9,1.7999999999999998,0.1,100,,10.0,100,305.41,0.71,65.97879601607028,1.819404386257101,10.0,0.09999999999999998,0.1,0.028999999999999995,0.026428571428571426,0.0609903922439638,0.19382002601611284,0.73,0.9242666666666668,0.0
operational-envelope-v4,atlas,m_fixed_count,finite_k3,1,100.0,2.0,1.8494850021680094,2.1505149978319906,2,1.7,1.9,1.7999999999999998,0.1,100,,10.0,100,305.41,0.71,65.97879601607028,1.819404386257101,10.0,0.09999999999999998,0.18,0.083,0.022583333333333334,0.0609903922439638,0.19382002601611284,0.73,0.9851000000000002,0.07
operational-envelope-v4,atlas,m_fixed_count,perfect,1,100.0,2.0,1.8494850021680094,2.1505149978319906,3,1.9,2.1,2.0,0.1,100,,10.0,100,414.32,0.655,101.22004137013268,2.0052665104754035,10.0,0.09999999999999998,0.81,0.6629999999999999,0.060617854367854364,-0.08855646864975636,-0.004321373782642578,0.45,1.0,1.0
operational-envelope-v4,atlas,m_fixed_count,finite_k1,1,100.0,2.0,1.8494850021680094,2.1505149978319906,3,1.9,2.1,2.0,0.1,100,,10.0,100,414.32,0.655,101.22004137013268,2.0052665104754035,10.0,0.09999999999999998,0.0,0.0,0.0,-0.08855646864975636,-0.004321373782642578,0.45,0.7628666666666668,0.0
operational-envelope-v4,atlas,m_fixed_count,finite_k2,1,100.0,2.0,1.8494850021680094,2.1505149978319906,3,1.9,2.1,2.0,0.1,100,,10.0,100,414.32,0.655,101.22004137013268,2.0052665104754035,10.0,0.09999999999999998,0.12,0.037,0.038379953379953376,-0.08855646864975636,-0.004321373782642578,0.45,0.9213111111111114,0.0
operational-envelope-v4,atlas,m_fixed_count,finite_k3,1,100.0,2.0,1.8494850021680094,2.1505149978319906,3,1.9,2.1,2.0,0.1,100,,10.0,100,414.32,0.655,101.22004137013268,2.0052665104754035,10.0,0.09999999999999998,0.37,0.201,0.049050283050283056,-0.08855646864975636,-0.004321373782642578,0.45,0.9829333333333332,0.04
operational-envelope-v4,atlas,m_fixed_count,perfect,1,100.0,2.0,1.8494850021680094,2.1505149978319906,4,2.1,2.3,2.2,0.1,100,,10.0,100,1031.47,0.745,164.26897556707866,2.215555548752825,10.0,0.09999999999999998,0.9,0.8190000000000001,0.07698903873903874,-0.4037323938641578,-0.23204339714002978,0.11,1.0,1.0
operational-envelope-v4,atlas,m_fixed_count,finite_k1,1,100.0,2.0,1.8494850021680094,2.1505149978319906,4,2.1,2.3,2.2,0.1,100,,10.0,100,1031.47,0.745,164.26897556707866,2.215555548752825,10.0,0.09999999999999998,0.03,0.0030000000000000005,0.006666666666666666,-0.4037323938641578,-0.23204339714002978,0.11,0.7728666666666666,0.0
operational-envelope-v4,atlas,m_fixed_count,finite_k2,1,100.0,2.0,1.8494850021680094,2.1505149978319906,4,2.1,2.3,2.2,0.1,100,,10.0,100,1031.47,0.745,164.26897556707866,2.215555548752825,10.0,0.09999999999999998,0.21,0.074,0.03625,-0.4037323938641578,-0.23204339714002978,0.11,0.9228111111111111,0.0
operational-envelope-v4,atlas,m_fixed_count,finite_k3,1,100.0,2.0,1.8494850021680094,2.1505149978319906,4,2.1,2.3,2.2,0.1,100,,10.0,100,1031.47,0.745,164.26897556707866,2.215555548752825,10.0,0.09999999999999998,0.68,0.44099999999999995,0.07724747474747475,-0.4037323938641578,-0.23204339714002978,0.11,0.9825777777777779,0.02
operational-envelope-v4,atlas,m_fixed_count,perfect,1,100.0,2.0,1.8494850021680094,2.1505149978319906,5,2.3,2.5,2.4,0.1,100,,10.0,100,1190.58,0.71,255.16451121078455,2.4068202717063247,10.0,0.09999999999999998,0.95,0.9180000000000001,0.07374020424020424,-0.5107790515403842,-0.40140054078154414,0.0,1.0,1.0
operational-envelope-v4,atlas,m_fixed_count,finite_k1,1,100.0,2.0,1.8494850021680094,2.1505149978319906,5,2.3,2.5,2.4,0.1,100,,10.0,100,1190.58,0.71,255.16451121078455,2.4068202717063247,10.0,0.09999999999999998,0.08,0.008,0.0225,-0.5107790515403842,-0.40140054078154414,0.0,0.7587333333333333,0.0
operational-envelope-v4,atlas,m_fixed_count,finite_k2,1,100.0,2.0,1.8494850021680094,2.1505149978319906,5,2.3,2.5,2.4,0.1,100,,10.0,100,1190.58,0.71,255.16451121078455,2.4068202717063247,10.0,0.09999999999999998,0.32,0.099,0.05546825396825397,-0.5107790515403842,-0.40140054078154414,0.0,0.9216111111111113,0.0
operational-envelope-v4,atlas,m_fixed_count,finite_k3,1,100.0,2.0,1.8494850021680094,2.1505149978319906,5,2.3,2.5,2.4,0.1,100,,10.0,100,1190.58,0.71,255.16451121078455,2.4068202717063247,10.0,0.09999999999999998,0.79,0.501,0.06569688644688645,-0.5107790515403842,-0.40140054078154414,0.0,0.9832222222222222,0.0
operational-envelope-v4,atlas,m_fixed_count,perfect,1,100.0,2.0,1.8494850021680094,2.1505149978319906,6,2.5,2.7,2.6,0.1,100,,10.0,100,1460.85,0.705,411.6092627394766,2.6144851394416544,10.0,0.09999999999999998,0.97,0.9590000000000001,0.062223221223221215,-0.6977593462567961,-0.6087032309889842,0.0,1.0,1.0
operational-envelope-v4,atlas,m_fixed_count,finite_k1,1,100.0,2.0,1.8494850021680094,2.1505149978319906,6,2.5,2.7,2.6,0.1,100,,10.0,100,1460.85,0.705,411.6092627394766,2.6144851394416544,10.0,0.09999999999999998,0.08,0.015000000000000003,0.04166666666666666,-0.6977593462567961,-0.6087032309889842,0.0,0.7559111111111112,0.0
operational-envelope-v4,atlas,m_fixed_count,finite_k2,1,100.0,2.0,1.8494850021680094,2.1505149978319906,6,2.5,2.7,2.6,0.1,100,,10.0,100,1460.85,0.705,411.6092627394766,2.6144851394416544,10.0,0.09999999999999998,0.38,0.143,0.061841269841269836,-0.6977593462567961,-0.6087032309889842,0.0,0.9209222222222222,0.0
operational-envelope-v4,atlas,m_fixed_count,finite_k3,1,100.0,2.0,1.8494850021680094,2.1505149978319906,6,2.5,2.7,2.6,0.1,100,,10.0,100,1460.85,0.705,411.6092627394766,2.6144851394416544,10.0,0.09999999999999998,0.91,0.59,0.06492413632119515,-0.6977593462567961,-0.6087032309889842,0.0,0.9834333333333334,0.0
operational-envelope-v4,atlas,m_fixed_count,perfect,1,100.0,2.0,1.8494850021680094,2.1505149978319906,7,2.7,2.9,2.8,0.1,100,,10.0,100,1893.96,0.685,645.357683924251,2.809800485330838,10.0,0.09999999999999998,0.97,0.9640000000000001,0.07438727938727938,-0.9137181513499958,-0.8233735022749318,0.0,1.0,1.0
operational-envelope-v4,atlas,m_fixed_count,finite_k1,1,100.0,2.0,1.8494850021680094,2.1505149978319906,7,2.7,2.9,2.8,0.1,100,,10.0,100,1893.96,0.685,645.357683924251,2.809800485330838,10.0,0.09999999999999998,0.1,0.013000000000000003,0.05833333333333333,-0.9137181513499958,-0.8233735022749318,0.0,0.7708555555555557,0.0
operational-envelope-v4,atlas,m_fixed_count,finite_k2,1,100.0,2.0,1.8494850021680094,2.1505149978319906,7,2.7,2.9,2.8,0.1,100,,10.0,100,1893.96,0.685,645.357683924251,2.809800485330838,10.0,0.09999999999999998,0.6,0.18400000000000005,0.05561507936507936,-0.9137181513499958,-0.8233735022749318,0.0,0.9267333333333333,0.0
operational-envelope-v4,atlas,m_fixed_count,finite_k3,1,100.0,2.0,1.8494850021680094,2.1505149978319906,7,2.7,2.9,2.8,0.1,100,,10.0,100,1893.96,0.685,645.357683924251,2.809800485330838,10.0,0.09999999999999998,0.99,0.6809999999999999,0.08070274170274169,-0.9137181513499958,-0.8233735022749318,0.0,0.9839333333333332,0.0
operational-envelope-v4,atlas,m_fixed_count,perfect,1,100.0,2.0,1.8494850021680094,2.1505149978319906,8,2.9,3.0999999999999996,3.0,0.1,100,,10.0,100,3252.2,0.705,1023.4958011177073,3.010086065312984,10.0,0.09999999999999998,1.0,0.9969999999999999,0.09510048285048285,-1.1288142578713038,-1.0332310523819537,0.0,1.0,1.0
operational-envelope-v4,atlas,m_fixed_count,finite_k1,1,100.0,2.0,1.8494850021680094,2.1505149978319906,8,2.9,3.0999999999999996,3.0,0.1,100,,10.0,100,3252.2,0.705,1023.4958011177073,3.010086065312984,10.0,0.09999999999999998,0.11,0.013000000000000003,0.07166666666666666,-1.1288142578713038,-1.0332310523819537,0.0,0.7589444444444444,0.0
operational-envelope-v4,atlas,m_fixed_count,finite_k2,1,100.0,2.0,1.8494850021680094,2.1505149978319906,8,2.9,3.0999999999999996,3.0,0.1,100,,10.0,100,3252.2,0.705,1023.4958011177073,3.010086065312984,10.0,0.09999999999999998,0.67,0.20600000000000002,0.09302958152958152,-1.1288142578713038,-1.0332310523819537,0.0,0.9212777777777776,0.0
operational-envelope-v4,atlas,m_fixed_count,finite_k3,1,100.0,2.0,1.8494850021680094,2.1505149978319906,8,2.9,3.0999999999999996,3.0,0.1,100,,10.0,100,3252.2,0.705,1023.4958011177073,3.010086065312984,10.0,0.09999999999999998,0.99,0.6920000000000001,0.08504378954378952,-1.1288142578713038,-1.0332310523819537,0.0,0.9832666666666667,0.0
operational-envelope-v4,atlas,m_fixed_count,perfect,1,100.0,2.0,1.8494850021680094,2.1505149978319906,9,3.0999999999999996,3.3,3.1999999999999997,0.1,100,,10.0,100,4527.82,0.67,1609.6553592421528,3.2067328998817697,10.0,0.09999999999999998,1.0,0.998,0.09045787545787548,-1.3011652057787808,-1.2036153068064888,0.0,1.0,1.0
operational-envelope-v4,atlas,m_fixed_count,finite_k1,1,100.0,2.0,1.8494850021680094,2.1505149978319906,9,3.0999999999999996,3.3,3.1999999999999997,0.1,100,,10.0,100,4527.82,0.67,1609.6553592421528,3.2067328998817697,10.0,0.09999999999999998,0.1,0.015,0.04933333333333333,-1.3011652057787808,-1.2036153068064888,0.0,0.7581555555555555,0.0
operational-envelope-v4,atlas,m_fixed_count,finite_k2,1,100.0,2.0,1.8494850021680094,2.1505149978319906,9,3.0999999999999996,3.3,3.1999999999999997,0.1,100,,10.0,100,4527.82,0.67,1609.6553592421528,3.2067328998817697,10.0,0.09999999999999998,0.73,0.23199999999999998,0.07599603174603174,-1.3011652057787808,-1.2036153068064888,0.0,0.9190555555555554,0.0
operational-envelope-v4,atlas,m_fixed_count,finite_k3,1,100.0,2.0,1.8494850021680094,2.1505149978319906,9,3.0999999999999996,3.3,3.1999999999999997,0.1,100,,10.0,100,4527.82,0.67,1609.6553592421528,3.2067328998817697,10.0,0.09999999999999998,0.99,0.7089999999999997,0.09067895992895991,-1.3011652057787808,-1.2036153068064888,0.0,0.9822444444444446,0.0
operational-envelope-v4,atlas,m_fixed_count,perfect,1,100.0,2.0,1.8494850021680094,2.1505149978319906,10,3.3,3.5,3.4,0.1,100,,10.0,100,4307.82,0.505,2573.607097491294,3.410542245592489,10.0,0.09999999999999998,1.0,1.0,0.08146187146187148,-1.4260615864970134,-1.398503388032597,0.0,1.0,1.0
operational-envelope-v4,atlas,m_fixed_count,finite_k1,1,100.0,2.0,1.8494850021680094,2.1505149978319906,10,3.3,3.5,3.4,0.1,100,,10.0,100,4307.82,0.505,2573.607097491294,3.410542245592489,10.0,0.09999999999999998,0.19,0.024000000000000004,0.06166666666666666,-1.4260615864970134,-1.398503388032597,0.0,0.7706333333333335,0.0
operational-envelope-v4,atlas,m_fixed_count,finite_k2,1,100.0,2.0,1.8494850021680094,2.1505149978319906,10,3.3,3.5,3.4,0.1,100,,10.0,100,4307.82,0.505,2573.607097491294,3.410542245592489,10.0,0.09999999999999998,0.83,0.21599999999999997,0.07483333333333332,-1.4260615864970134,-1.398503388032597,0.0,0.9293222222222224,0.0
operational-envelope-v4,atlas,m_fixed_count,finite_k3,1,100.0,2.0,1.8494850021680094,2.1505149978319906,10,3.3,3.5,3.4,0.1,100,,10.0,100,4307.82,0.505,2573.607097491294,3.410542245592489,10.0,0.09999999999999998,1.0,0.745,0.08285725385725386,-1.4260615864970134,-1.398503388032597,0.0,0.9866111111111111,0.0
operational-envelope-v4,atlas,m_fixed_count,perfect,1,100.0,2.0,1.8494850021680094,2.1505149978319906,11,3.5,3.7,3.6,0.1,100,,10.0,100,6876.29,0.505,4056.603001571067,3.608162507664057,10.0,0.09999999999999998,1.0,1.0,0.10263080057197703,-1.6279654366913283,-1.6001012556913907,0.0,1.0,1.0
operational-envelope-v4,atlas,m_fixed_count,finite_k1,1,100.0,2.0,1.8494850021680094,2.1505149978319906,11,3.5,3.7,3.6,0.1,100,,10.0,100,6876.29,0.505,4056.603001571067,3.608162507664057,10.0,0.09999999999999998,0.18,0.026000000000000002,0.1125,-1.6279654366913283,-1.6001012556913907,0.0,0.7704666666666666,0.0
operational-envelope-v4,atlas,m_fixed_count,finite_k2,1,100.0,2.0,1.8494850021680094,2.1505149978319906,11,3.5,3.7,3.6,0.1,100,,10.0,100,6876.29,0.505,4056.603001571067,3.608162507664057,10.0,0.09999999999999998,0.88,0.26,0.10357142857142858,-1.6279654366913283,-1.6001012556913907,0.0,0.9251777777777777,0.0
operational-envelope-v4,atlas,m_fixed_count,finite_k3,1,100.0,2.0,1.8494850021680094,2.1505149978319906,11,3.5,3.7,3.6,0.1,100,,10.0,100,6876.29,0.505,4056.603001571067,3.608162507664057,10.0,0.09999999999999998,1.0,0.728,0.098494116994117,-1.6279654366913283,-1.6001012556913907,0.0,0.9840444444444445,0.0
operational-envelope-v4,atlas,m_fixed_count,perfect,1,100.0,2.0,1.8494850021680094,2.1505149978319906,12,3.7,3.8999999999999995,3.8,0.1,100,,10.0,100,8352.83,0.34,6332.437255587646,3.801570895314215,10.0,0.09999999999999998,1.0,1.0,0.0706027306027306,-1.7489407696439923,-1.7543483357110188,0.0,1.0,1.0
operational-envelope-v4,atlas,m_fixed_count,finite_k1,1,100.0,2.0,1.8494850021680094,2.1505149978319906,12,3.7,3.8999999999999995,3.8,0.1,100,,10.0,100,8352.83,0.34,6332.437255587646,3.801570895314215,10.0,0.09999999999999998,0.16,0.018000000000000002,0.08416666666666667,-1.7489407696439923,-1.7543483357110188,0.0,0.7560444444444445,0.0
operational-envelope-v4,atlas,m_fixed_count,finite_k2,1,100.0,2.0,1.8494850021680094,2.1505149978319906,12,3.7,3.8999999999999995,3.8,0.1,100,,10.0,100,8352.83,0.34,6332.437255587646,3.801570895314215,10.0,0.09999999999999998,0.77,0.228,0.0885238095238095,-1.7489407696439923,-1.7543483357110188,0.0,0.9215111111111112,0.0
operational-envelope-v4,atlas,m_fixed_count,finite_k3,1,100.0,2.0,1.8494850021680094,2.1505149978319906,12,3.7,3.8999999999999995,3.8,0.1,100,,10.0,100,8352.83,0.34,6332.437255587646,3.801570895314215,10.0,0.09999999999999998,1.0,0.694,0.07315520590520591,-1.7489407696439923,-1.7543483357110188,0.0,0.9843666666666668,0.0
operational-envelope-v4,atlas,m_fixed_count,perfect,1,100.0,2.0,1.8494850021680094,2.1505149978319906,13,3.8999999999999995,4.1,3.9999999999999996,0.1,100,,10.0,100,10627.88,0.245,9331.108541372176,3.9699332412601627,10.0,0.09999999999999998,1.0,1.0,0.09181651681651683,-1.8999090373930836,-1.943941214383171,0.0,1.0,1.0
operational-envelope-v4,atlas,m_fixed_count,finite_k1,1,100.0,2.0,1.8494850021680094,2.1505149978319906,13,3.8999999999999995,4.1,3.9999999999999996,0.1,100,,10.0,100,10627.88,0.245,9331.108541372176,3.9699332412601627,10.0,0.09999999999999998,0.18,0.019000000000000003,0.0375,-1.8999090373930836,-1.943941214383171,0.0,0.7692444444444442,0.0
operational-envelope-v4,atlas,m_fixed_count,finite_k2,1,100.0,2.0,1.8494850021680094,2.1505149978319906,13,3.8999999999999995,4.1,3.9999999999999996,0.1,100,,10.0,100,10627.88,0.245,9331.108541372176,3.9699332412601627,10.0,0.09999999999999998,0.82,0.264,0.07376190476190476,-1.8999090373930836,-1.943941214383171,0.0,0.9297222222222224,0.0
operational-envelope-v4,atlas,m_fixed_count,finite_k3,1,100.0,2.0,1.8494850021680094,2.1505149978319906,13,3.8999999999999995,4.1,3.9999999999999996,0.1,100,,10.0,100,10627.88,0.245,9331.108541372176,3.9699332412601627,10.0,0.09999999999999998,1.0,0.742,0.0926913641913642,-1.8999090373930836,-1.943941214383171,0.0,0.9864888888888891,0.0
operational-envelope-v4,atlas,m_fixed_count,perfect,2,200.0,2.3010299956639813,2.1505149978319906,2.5,0,1.3,1.5,1.4,0.1,200,,10.0,100,115.52,0.58,25.987102473701235,1.4147578589610388,10.0,0.04999999999999999,0.08,0.03,0.021607142857142856,0.8299820151377879,0.9069221953924314,0.95,1.0,1.0
operational-envelope-v4,atlas,m_fixed_count,finite_k1,2,200.0,2.3010299956639813,2.1505149978319906,2.5,0,1.3,1.5,1.4,0.1,200,,10.0,100,115.52,0.58,25.987102473701235,1.4147578589610388,10.0,0.04999999999999999,0.0,0.0,0.01,0.8299820151377879,0.9069221953924314,0.95,0.7702315789473684,0.0
operational-envelope-v4,atlas,m_fixed_count,finite_k2,2,200.0,2.3010299956639813,2.1505149978319906,2.5,0,1.3,1.5,1.4,0.1,200,,10.0,100,115.52,0.58,25.987102473701235,1.4147578589610388,10.0,0.04999999999999999,0.0,0.0,0.0,0.8299820151377879,0.9069221953924314,0.95,0.9252578947368423,0.0
operational-envelope-v4,atlas,m_fixed_count,finite_k3,2,200.0,2.3010299956639813,2.1505149978319906,2.5,0,1.3,1.5,1.4,0.1,200,,10.0,100,115.52,0.58,25.987102473701235,1.4147578589610388,10.0,0.04999999999999999,0.03,0.006000000000000001,0.022142857142857145,0.8299820151377879,0.9069221953924314,0.95,0.9841842105263158,0.17
operational-envelope-v4,atlas,m_fixed_count,perfect,2,200.0,2.3010299956639813,2.1505149978319906,2.5,1,1.5,1.7,1.6,0.1,200,,10.0,100,281.23,0.645,40.69569154022345,1.6095484328283667,10.0,0.04999999999999999,0.09,0.036000000000000004,0.009724025974025973,0.5938646184569185,0.6882461389442457,0.92,1.0,1.0
operational-envelope-v4,atlas,m_fixed_count,finite_k1,2,200.0,2.3010299956639813,2.1505149978319906,2.5,1,1.5,1.7,1.6,0.1,200,,10.0,100,281.23,0.645,40.69569154022345,1.6095484328283667,10.0,0.04999999999999999,0.0,0.0,0.0,0.5938646184569185,0.6882461389442457,0.92,0.7632421052631579,0.0
operational-envelope-v4,atlas,m_fixed_count,finite_k2,2,200.0,2.3010299956639813,2.1505149978319906,2.5,1,1.5,1.7,1.6,0.1,200,,10.0,100,281.23,0.645,40.69569154022345,1.6095484328283667,10.0,0.04999999999999999,0.02,0.002,0.005,0.5938646184569185,0.6882461389442457,0.92,0.9193052631578946,0.0
operational-envelope-v4,atlas,m_fixed_count,finite_k3,2,200.0,2.3010299956639813,2.1505149978319906,2.5,1,1.5,1.7,1.6,0.1,200,,10.0,100,281.23,0.645,40.69569154022345,1.6095484328283667,10.0,0.04999999999999999,0.04,0.012,0.015119047619047619,0.5938646184569185,0.6882461389442457,0.92,0.9806526315789472,0.07
operational-envelope-v4,atlas,m_fixed_count,perfect,2,200.0,2.3010299956639813,2.1505149978319906,2.5,2,1.7,1.9,1.7999999999999998,0.1,200,,10.0,100,338.14,0.695,64.82543818174133,1.8117454610259502,10.0,0.04999999999999999,0.17,0.079,0.032357142857142855,0.3381727666463765,0.494850021680094,0.86,1.0,1.0
operational-envelope-v4,atlas,m_fixed_count,finite_k1,2,200.0,2.3010299956639813,2.1505149978319906,2.5,2,1.7,1.9,1.7999999999999998,0.1,200,,10.0,100,338.14,0.695,64.82543818174133,1.8117454610259502,10.0,0.04999999999999999,0.02,0.002,0.0,0.3381727666463765,0.494850021680094,0.86,0.7610315789473685,0.0
operational-envelope-v4,atlas,m_fixed_count,finite_k2,2,200.0,2.3010299956639813,2.1505149978319906,2.5,2,1.7,1.9,1.7999999999999998,0.1,200,,10.0,100,338.14,0.695,64.82543818174133,1.8117454610259502,10.0,0.04999999999999999,0.06,0.010000000000000002,0.0,0.3381727666463765,0.494850021680094,0.86,0.9222105263157893,0.0
operational-envelope-v4,atlas,m_fixed_count,finite_k3,2,200.0,2.3010299956639813,2.1505149978319906,2.5,2,1.7,1.9,1.7999999999999998,0.1,200,,10.0,100,338.14,0.695,64.82543818174133,1.8117454610259502,10.0,0.04999999999999999,0.09,0.023000000000000003,0.01583333333333333,0.3381727666463765,0.494850021680094,0.86,0.9835105263157894,0.1
operational-envelope-v4,atlas,m_fixed_count,perfect,2,200.0,2.3010299956639813,2.1505149978319906,2.5,3,1.9,2.1,2.0,0.1,200,,10.0,100,752.01,0.75,102.36469573322184,2.0101501998827067,10.0,0.04999999999999999,0.29,0.18400000000000002,0.03830880230880231,0.10750333421466277,0.2903952672987658,0.78,1.0,1.0
operational-envelope-v4,atlas,m_fixed_count,finite_k1,2,200.0,2.3010299956639813,2.1505149978319906,2.5,3,1.9,2.1,2.0,0.1,200,,10.0,100,752.01,0.75,102.36469573322184,2.0101501998827067,10.0,0.04999999999999999,0.01,0.001,0.015,0.10750333421466277,0.2903952672987658,0.78,0.7636894736842106,0.0
operational-envelope-v4,atlas,m_fixed_count,finite_k2,2,200.0,2.3010299956639813,2.1505149978319906,2.5,3,1.9,2.1,2.0,0.1,200,,10.0,100,752.01,0.75,102.36469573322184,2.0101501998827067,10.0,0.04999999999999999,0.05,0.007000000000000001,0.0175,0.10750333421466277,0.2903952672987658,0.78,0.9236,0.0
operational-envelope-v4,atlas,m_fixed_count,finite_k3,2,200.0,2.3010299956639813,2.1505149978319906,2.5,3,1.9,2.1,2.0,0.1,200,,10.0,100,752.01,0.75,102.36469573322184,2.0101501998827067,10.0,0.04999999999999999,0.16,0.048,0.020833333333333336,0.10750333421466277,0.2903952672987658,0.78,0.9838210526315788,0.07
operational-envelope-v4,atlas,m_fixed_count,perfect,2,200.0,2.3010299956639813,2.1505149978319906,2.5,4,2.1,2.3,2.2,0.1,200,,10.0,100,884.49,0.725,163.74233591604604,2.2141609816576246,10.0,0.04999999999999999,0.47,0.3400000000000001,0.06851194720312366,-0.042005413256993016,0.09963287134352969,0.66,1.0,1.0
operational-envelope-v4,atlas,m_fixed_count,finite_k1,2,200.0,2.3010299956639813,2.1505149978319906,2.5,4,2.1,2.3,2.2,0.1,200,,10.0,100,884.49,0.725,163.74233591604604,2.2141609816576246,10.0,0.04999999999999999,0.01,0.001,0.0175,-0.042005413256993016,0.09963287134352969,0.66,0.7597999999999999,0.0
operational-envelope-v4,atlas,m_fixed_count,finite_k2,2,200.0,2.3010299956639813,2.1505149978319906,2.5,4,2.1,2.3,2.2,0.1,200,,10.0,100,884.49,0.725,163.74233591604604,2.2141609816576246,10.0,0.04999999999999999,0.09,0.016,0.06338461538461539,-0.042005413256993016,0.09963287134352969,0.66,0.9262684210526316,0.0
operational-envelope-v4,atlas,m_fixed_count,finite_k3,2,200.0,2.3010299956639813,2.1505149978319906,2.5,4,2.1,2.3,2.2,0.1,200,,10.0,100,884.49,0.725,163.74233591604604,2.2141609816576246,10.0,0.04999999999999999,0.25,0.115,0.05871688034188034,-0.042005413256993016,0.09963287134352969,0.66,0.9856526315789474,0.0
operational-envelope-v4,atlas,m_fixed_count,perfect,2,200.0,2.3010299956639813,2.1505149978319906,2.5,5,2.3,2.5,2.4,0.1,200,,10.0,100,1091.18,0.705,253.16208648480472,2.4033986663400944,10.0,0.04999999999999999,0.87,0.7480000000000001,0.07100774225774226,-0.22726021557036216,-0.10037054511756292,0.23,1.0,1.0
operational-envelope-v4,atlas,m_fixed_count,finite_k1,2,200.0,2.3010299956639813,2.1505149978319906,2.5,5,2.3,2.5,2.4,0.1,200,,10.0,100,1091.18,0.705,253.16208648480472,2.4033986663400944,10.0,0.04999999999999999,0.01,0.001,0.015,-0.22726021557036216,-0.10037054511756292,0.23,0.7544894736842105,0.0
operational-envelope-v4,atlas,m_fixed_count,finite_k2,2,200.0,2.3010299956639813,2.1505149978319906,2.5,5,2.3,2.5,2.4,0.1,200,,10.0,100,1091.18,0.705,253.16208648480472,2.4033986663400944,10.0,0.04999999999999999,0.09,0.017,0.00875,-0.22726021557036216,-0.10037054511756292,0.23,0.9190315789473685,0.0
operational-envelope-v4,atlas,m_fixed_count,finite_k3,2,200.0,2.3010299956639813,2.1505149978319906,2.5,5,2.3,2.5,2.4,0.1,200,,10.0,100,1091.18,0.705,253.16208648480472,2.4033986663400944,10.0,0.04999999999999999,0.32,0.162,0.05459307359307359,-0.22726021557036216,-0.10037054511756292,0.23,0.982521052631579,0.0
operational-envelope-v4,atlas,m_fixed_count,perfect,2,200.0,2.3010299956639813,2.1505149978319906,2.5,6,2.5,2.7,2.6,0.1,200,,10.0,100,1575.21,0.71,411.92089241458285,2.6148138197065087,10.0,0.04999999999999999,0.97,0.909,0.0898472915972916,-0.41751300947749553,-0.30271842889680856,0.0,1.0,1.0
operational-envelope-v4,atlas,m_fixed_count,finite_k1,2,200.0,2.3010299956639813,2.1505149978319906,2.5,6,2.5,2.7,2.6,0.1,200,,10.0,100,1575.21,0.71,411.92089241458285,2.6148138197065087,10.0,0.04999999999999999,0.02,0.002,0.035,-0.41751300947749553,-0.30271842889680856,0.0,0.7566947368421054,0.0
operational-envelope-v4,atlas,m_fixed_count,finite_k2,2,200.0,2.3010299956639813,2.1505149978319906,2.5,6,2.5,2.7,2.6,0.1,200,,10.0,100,1575.21,0.71,411.92089241458285,2.6148138197065087,10.0,0.04999999999999999,0.16,0.046000000000000006,0.07055555555555555,-0.41751300947749553,-0.30271842889680856,0.0,0.9216578947368421,0.0
operational-envelope-v4,atlas,m_fixed_count,finite_k3,2,200.0,2.3010299956639813,2.1505149978319906,2.5,6,2.5,2.7,2.6,0.1,200,,10.0,100,1575.21,0.71,411.92089241458285,2.6148138197065087,10.0,0.04999999999999999,0.7,0.38299999999999995,0.09808954933954933,-0.41751300947749553,-0.30271842889680856,0.0,0.9837526315789473,0.0
operational-envelope-v4,atlas,m_fixed_count,perfect,2,200.0,2.3010299956639813,2.1505149978319906,2.5,7,2.7,2.9,2.8,0.1,200,,10.0,100,1720.34,0.635,637.8741696724071,2.8047350160149085,10.0,0.04999999999999999,0.93,0.9070000000000001,0.08741055727897834,-0.5859149475873058,-0.4996870826184039,0.0,1.0,1.0
operational-envelope-v4,atlas,m_fixed_count,finite_k1,2,200.0,2.3010299956639813,2.1505149978319906,2.5,7,2.7,2.9,2.8,0.1,200,,10.0,100,1720.34,0.635,637.8741696724071,2.8047350160149085,10.0,0.04999999999999999,0.06,0.009000000000000001,0.035666666666666666,-0.5859149475873058,-0.4996870826184039,0.0,0.7561052631578947,0.0
operational-envelope-v4,atlas,m_fixed_count,finite_k2,2,200.0,2.3010299956639813,2.1505149978319906,2.5,7,2.7,2.9,2.8,0.1,200,,10.0,100,1720.34,0.635,637.8741696724071,2.8047350160149085,10.0,0.04999999999999999,0.34,0.09300000000000001,0.06576633986928104,-0.5859149475873058,-0.4996870826184039,0.0,0.9141684210526315,0.0
operational-envelope-v4,atlas,m_fixed_count,finite_k3,2,200.0,2.3010299956639813,2.1505149978319906,2.5,7,2.7,2.9,2.8,0.1,200,,10.0,100,1720.34,0.635,637.8741696724071,2.8047350160149085,10.0,0.04999999999999999,0.74,0.42100000000000004,0.07018364530206636,-0.5859149475873058,-0.4996870826184039,0.0,0.9809631578947369,0.0
operational-envelope-v4,atlas,m_fixed_count,perfect,2,200.0,2.3010299956639813,2.1505149978319906,2.5,8,2.9,3.0999999999999996,3.0,0.1,200,,10.0,100,3038.38,0.685,1020.7967294630644,3.008939269940548,10.0,0.04999999999999999,0.97,0.9630000000000001,0.08596022115139762,-0.8092579207706779,-0.6994040818153374,0.0,1.0,1.0
operational-envelope-v4,atlas,m_fixed_count,finite_k1,2,200.0,2.3010299956639813,2.1505149978319906,2.5,8,2.9,3.0999999999999996,3.0,0.1,200,,10.0,100,3038.38,0.685,1020.7967294630644,3.008939269940548,10.0,0.04999999999999999,0.03,0.0030000000000000005,0.025,-0.8092579207706779,-0.6994040818153374,0.0,0.764684210526316,0.0
operational-envelope-v4,atlas,m_fixed_count,finite_k2,2,200.0,2.3010299956639813,2.1505149978319906,2.5,8,2.9,3.0999999999999996,3.0,0.1,200,,10.0,100,3038.38,0.685,1020.7967294630644,3.008939269940548,10.0,0.04999999999999999,0.38,0.10100000000000002,0.04845238095238095,-0.8092579207706779,-0.6994040818153374,0.0,0.9236684210526316,0.0
operational-envelope-v4,atlas,m_fixed_count,finite_k3,2,200.0,2.3010299956639813,2.1505149978319906,2.5,8,2.9,3.0999999999999996,3.0,0.1,200,,10.0,100,3038.38,0.685,1020.7967294630644,3.008939269940548,10.0,0.04999999999999999,0.85,0.5019999999999999,0.06485311910311911,-0.8092579207706779,-0.6994040818153374,0.0,0.9836789473684212,0.0
operational-envelope-v4,atlas,m_fixed_count,perfect,2,200.0,2.3010299956639813,2.1505149978319906,2.5,9,3.0999999999999996,3.3,3.1999999999999997,0.1,200,,10.0,100,4252.53,0.64,1615.7749822631795,3.208380879479543,10.0,0.04999999999999999,0.99,0.986,0.08922344322344322,-0.9690924376424561,-0.9021785620642149,0.0,1.0,1.0
operational-envelope-v4,atlas,m_fixed_count,finite_k1,2,200.0,2.3010299956639813,2.1505149978319906,2.5,9,3.0999999999999996,3.3,3.1999999999999997,0.1,200,,10.0,100,4252.53,0.64,1615.7749822631795,3.208380879479543,10.0,0.04999999999999999,0.09,0.012000000000000002,0.04,-0.9690924376424561,-0.9021785620642149,0.0,0.7690210526315789,0.0
operational-envelope-v4,atlas,m_fixed_count,finite_k2,2,200.0,2.3010299956639813,2.1505149978319906,2.5,9,3.0999999999999996,3.3,3.1999999999999997,0.1,200,,10.0,100,4252.53,0.64,1615.7749822631795,3.208380879479543,10.0,0.04999999999999999,0.56,0.161,0.06235064935064935,-0.9690924376424561,-0.9021785620642149,0.0,0.9251052631578949,0.0
operational-envelope-v4,atlas,m_fixed_count,finite_k3,2,200.0,2.3010299956639813,2.1505149978319906,2.5,9,3.0999999999999996,3.3,3.1999999999999997,0.1,200,,10.0,100,4252.53,0.64,1615.7749822631795,3.208380879479543,10.0,0.04999999999999999,0.97,0.6070000000000001,0.0987894327894328,-0.9690924376424561,-0.9021785620642149,0.0,0.9843210526315788,0.01
operational-envelope-v4,atlas,m_fixed_count,perfect,2,200.0,2.3010299956639813,2.1505149978319906,2.5,10,3.3,3.5,3.4,0.1,200,,10.0,100,4321.48,0.505,2564.273539799836,3.4089643509907708,10.0,0.04999999999999999,1.0,0.9990000000000001,0.09596929541047187,-1.0783445645142449,-1.0534626049254554,0.0,1.0,1.0
operational-envelope-v4,atlas,m_fixed_count,finite_k1,2,200.0,2.3010299956639813,2.1505149978319906,2.5,10,3.3,3.5,3.4,0.1,200,,10.0,100,4321.48,0.505,2564.273539799836,3.4089643509907708,10.0,0.04999999999999999,0.1,0.016,0.09033333333333333,-1.0783445645142449,-1.0534626049254554,0.0,0.7757421052631578,0.0
operational-envelope-v4,atlas,m_fixed_count,finite_k2,2,200.0,2.3010299956639813,2.1505149978319906,2.5,10,3.3,3.5,3.4,0.1,200,,10.0,100,4321.48,0.505,2564.273539799836,3.4089643509907708,10.0,0.04999999999999999,0.64,0.161,0.11380952380952382,-1.0783445645142449,-1.0534626049254554,0.0,0.9305473684210526,0.0
operational-envelope-v4,atlas,m_fixed_count,finite_k3,2,200.0,2.3010299956639813,2.1505149978319906,2.5,10,3.3,3.5,3.4,0.1,200,,10.0,100,4321.48,0.505,2564.273539799836,3.4089643509907708,10.0,0.04999999999999999,0.98,0.6160000000000001,0.11355409949527596,-1.0783445645142449,-1.0534626049254554,0.0,0.9867105263157893,0.0
operational-envelope-v4,atlas,m_fixed_count,perfect,2,200.0,2.3010299956639813,2.1505149978319906,2.5,11,3.5,3.7,3.6,0.1,200,,10.0,100,6827.6,0.505,4075.2450996425796,3.6101537338664795,10.0,0.04999999999999999,1.0,0.9990000000000001,0.08372112691230338,-1.300385511309042,-1.2907274000877957,0.0,1.0,1.0
operational-envelope-v4,atlas,m_fixed_count,finite_k1,2,200.0,2.3010299956639813,2.1505149978319906,2.5,11,3.5,3.7,3.6,0.1,200,,10.0,100,6827.6,0.505,4075.2450996425796,3.6101537338664795,10.0,0.04999999999999999,0.08,0.01,0.08650000000000001,-1.300385511309042,-1.2907274000877957,0.0,0.7744526315789476,0.0
operational-envelope-v4,atlas,m_fixed_count,finite_k2,2,200.0,2.3010299956639813,2.1505149978319906,2.5,11,3.5,3.7,3.6,0.1,200,,10.0,100,6827.6,0.505,4075.2450996425796,3.6101537338664795,10.0,0.04999999999999999,0.73,0.171,0.06063492063492063,-1.300385511309042,-1.2907274000877957,0.0,0.9276894736842105,0.0
operational-envelope-v4,atlas,m_fixed_count,finite_k3,2,200.0,2.3010299956639813,2.1505149978319906,2.5,11,3.5,3.7,3.6,0.1,200,,10.0,100,6827.6,0.505,4075.2450996425796,3.6101537338664795,10.0,0.04999999999999999,0.99,0.638,0.07393803418803419,-1.300385511309042,-1.2907274000877957,0.0,0.9851526315789474,0.0
operational-envelope-v4,atlas,m_fixed_count,perfect,2,200.0,2.3010299956639813,2.1505149978319906,2.5,12,3.7,3.8999999999999995,3.8,0.1,200,,10.0,100,8434.63,0.35,6296.669303766311,3.7991108850885,10.0,0.04999999999999999,0.99,0.99,0.08788045288045289,-1.4462743171885666,-1.4533183400470377,0.0,1.0,1.0
operational-envelope-v4,atlas,m_fixed_count,finite_k1,2,200.0,2.3010299956639813,2.1505149978319906,2.5,12,3.7,3.8999999999999995,3.8,0.1,200,,10.0,100,8434.63,0.35,6296.669303766311,3.7991108850885,10.0,0.04999999999999999,0.1,0.012,0.08333333333333331,-1.4462743171885666,-1.4533183400470377,0.0,0.7571210526315789,0.0
operational-envelope-v4,atlas,m_fixed_count,finite_k2,2,200.0,2.3010299956639813,2.1505149978319906,2.5,12,3.7,3.8999999999999995,3.8,0.1,200,,10.0,100,8434.63,0.35,6296.669303766311,3.7991108850885,10.0,0.04999999999999999,0.59,0.12100000000000001,0.07192857142857143,-1.4462743171885666,-1.4533183400470377,0.0,0.9185578947368422,0.0
operational-envelope-v4,atlas,m_fixed_count,finite_k3,2,200.0,2.3010299956639813,2.1505149978319906,2.5,12,3.7,3.8999999999999995,3.8,0.1,200,,10.0,100,8434.63,0.35,6296.669303766311,3.7991108850885,10.0,0.04999999999999999,0.99,0.597,0.08804240204240203,-1.4462743171885666,-1.4533183400470377,0.0,0.9821210526315791,0.0
operational-envelope-v4,atlas,m_fixed_count,perfect,2,200.0,2.3010299956639813,2.1505149978319906,2.5,13,3.8999999999999995,4.1,3.9999999999999996,0.1,200,,10.0,100,10627.88,0.245,9327.603057519887,3.969770056111682,10.0,0.04999999999999999,1.0,1.0,0.09148684648684649,-1.5898040583743787,-1.5884820749055946,0.0,1.0,1.0
operational-envelope-v4,atlas,m_fixed_count,finite_k1,2,200.0,2.3010299956639813,2.1505149978319906,2.5,13,3.8999999999999995,4.1,3.9999999999999996,0.1,200,,10.0,100,10627.88,0.245,9327.603057519887,3.969770056111682,10.0,0.04999999999999999,0.13,0.016,0.04666666666666666,-1.5898040583743787,-1.5884820749055946,0.0,0.7652736842105263,0.0
operational-envelope-v4,atlas,m_fixed_count,finite_k2,2,200.0,2.3010299956639813,2.1505149978319906,2.5,13,3.8999999999999995,4.1,3.9999999999999996,0.1,200,,10.0,100,10627.88,0.245,9327.603057519887,3.969770056111682,10.0,0.04999999999999999,0.68,0.16400000000000003,0.08285714285714287,-1.5898040583743787,-1.5884820749055946,0.0,0.9256947368421053,0.0
operational-envelope-v4,atlas,m_fixed_count,finite_k3,2,200.0,2.3010299956639813,2.1505149978319906,2.5,13,3.8999999999999995,4.1,3.9999999999999996,0.1,200,,10.0,100,10627.88,0.245,9327.603057519887,3.969770056111682,10.0,0.04999999999999999,1.0,0.6150000000000001,0.08780627705627703,-1.5898040583743787,-1.5884820749055946,0.0,0.9852894736842104,0.0
operational-envelope-v4,atlas,m_fixed_count,perfect,3,500.0,2.6989700043360187,2.5,2.8494850021680094,0,1.3,1.5,1.4,0.1,500,,10.0,100,281.73,0.655,25.691958302315776,1.4097972084888457,10.0,0.019999999999999997,0.03,0.01,0.005,1.1838599683479856,1.2839966563652008,0.98,1.0,1.0
operational-envelope-v4,atlas,m_fixed_count,finite_k1,3,500.0,2.6989700043360187,2.5,2.8494850021680094,0,1.3,1.5,1.4,0.1,500,,10.0,100,281.73,0.655,25.691958302315776,1.4097972084888457,10.0,0.019999999999999997,0.0,0.0,0.0,1.1838599683479856,1.2839966563652008,0.98,0.7715673469387754,0.0
operational-envelope-v4,atlas,m_fixed_count,finite_k2,3,500.0,2.6989700043360187,2.5,2.8494850021680094,0,1.3,1.5,1.4,0.1,500,,10.0,100,281.73,0.655,25.691958302315776,1.4097972084888457,10.0,0.019999999999999997,0.0,0.0,0.0,1.1838599683479856,1.2839966563652008,0.98,0.9265734693877551,0.02
operational-envelope-v4,atlas,m_fixed_count,finite_k3,3,500.0,2.6989700043360187,2.5,2.8494850021680094,0,1.3,1.5,1.4,0.1,500,,10.0,100,281.73,0.655,25.691958302315776,1.4097972084888457,10.0,0.019999999999999997,0.0,0.0,0.0,1.1838599683479856,1.2839966563652008,0.98,0.984242857142857,0.17
operational-envelope-v4,atlas,m_fixed_count,perfect,3,500.0,2.6989700043360187,2.5,2.8494850021680094,1,1.5,1.7,1.6,0.1,500,,10.0,100,196.34,0.695,40.822597239423374,1.6109006321994273,10.0,0.019999999999999997,0.03,0.013999999999999999,0.006111111111111111,0.9613390923616643,1.092929002356918,0.96,1.0,1.0
operational-envelope-v4,atlas,m_fixed_count,finite_k1,3,500.0,2.6989700043360187,2.5,2.8494850021680094,1,1.5,1.7,1.6,0.1,500,,10.0,100,196.34,0.695,40.822597239423374,1.6109006321994273,10.0,0.019999999999999997,0.0,0.0,0.0,0.9613390923616643,1.092929002356918,0.96,0.7661469387755102,0.0
operational-envelope-v4,atlas,m_fixed_count,finite_k2,3,500.0,2.6989700043360187,2.5,2.8494850021680094,1,1.5,1.7,1.6,0.1,500,,10.0,100,196.34,0.695,40.822597239423374,1.6109006321994273,10.0,0.019999999999999997,0.0,0.0,0.0,0.9613390923616643,1.092929002356918,0.96,0.9264612244897958,0.0
operational-envelope-v4,atlas,m_fixed_count,finite_k3,3,500.0,2.6989700043360187,2.5,2.8494850021680094,1,1.5,1.7,1.6,0.1,500,,10.0,100,196.34,0.695,40.822597239423374,1.6109006321994273,10.0,0.019999999999999997,0.02,0.005,0.006999999999999999,0.9613390923616643,1.092929002356918,0.96,0.985569387755102,0.11
operational-envelope-v4,atlas,m_fixed_count,perfect,3,500.0,2.6989700043360187,2.5,2.8494850021680094,2,1.7,1.9,1.7999999999999998,0.1,500,,10.0,100,295.49,0.685,65.11034252566631,1.813649980043802,10.0,0.019999999999999997,0.09,0.033,0.022333333333333334,0.7576105839607714,0.8927900303521317,0.91,1.0,1.0
operational-envelope-v4,atlas,m_fixed_count,finite_k1,3,500.0,2.6989700043360187,2.5,2.8494850021680094,2,1.7,1.9,1.7999999999999998,0.1,500,,10.0,100,295.49,0.685,65.11034252566631,1.813649980043802,10.0,0.019999999999999997,0.0,0.0,0.0,0.7576105839607714,0.8927900303521317,0.91,0.735208163265306,0.0
operational-envelope-v4,atlas,m_fixed_count,finite_k2,3,500.0,2.6989700043360187,2.5,2.8494850021680094,2,1.7,1.9,1.7999999999999998,0.1,500,,10.0,100,295.49,0.685,65.11034252566631,1.813649980043802,10.0,0.019999999999999997,0.0,0.0,0.01,0.7576105839607714,0.8927900303521317,0.91,0.9081020408163265,0.0
operational-envelope-v4,atlas,m_fixed_count,finite_k3,3,500.0,2.6989700043360187,2.5,2.8494850021680094,2,1.7,1.9,1.7999999999999998,0.1,500,,10.0,100,295.49,0.685,65.11034252566631,1.813649980043802,10.0,0.019999999999999997,0.01,0.001,0.02,0.7576105839607714,0.8927900303521317,0.91,0.979395918367347,0.0
operational-envelope-v4,atlas,m_fixed_count,perfect,3,500.0,2.6989700043360187,2.5,2.8494850021680094,3,1.9,2.1,2.0,0.1,500,,10.0,100,701.76,0.76,101.9073921249002,2.0082056878593693,10.0,0.019999999999999997,0.12,0.057,0.007678571428571428,0.5047520852089881,0.6946486305533762,0.84,1.0,1.0
operational-envelope-v4,atlas,m_fixed_count,finite_k1,3,500.0,2.6989700043360187,2.5,2.8494850021680094,3,1.9,2.1,2.0,0.1,500,,10.0,100,701.76,0.76,101.9073921249002,2.0082056878593693,10.0,0.019999999999999997,0.0,0.0,0.01,0.5047520852089881,0.6946486305533762,0.84,0.7580510204081632,0.0
operational-envelope-v4,atlas,m_fixed_count,finite_k2,3,500.0,2.6989700043360187,2.5,2.8494850021680094,3,1.9,2.1,2.0,0.1,500,,10.0,100,701.76,0.76,101.9073921249002,2.0082056878593693,10.0,0.019999999999999997,0.04,0.005,0.005,0.5047520852089881,0.6946486305533762,0.84,0.9193755102040817,0.0
operational-envelope-v4,atlas,m_fixed_count,finite_k3,3,500.0,2.6989700043360187,2.5,2.8494850021680094,3,1.9,2.1,2.0,0.1,500,,10.0,100,701.76,0.76,101.9073921249002,2.0082056878593693,10.0,0.019999999999999997,0.05,0.007000000000000001,0.0,0.5047520852089881,0.6946486305533762,0.84,0.9822571428571427,0.04
operational-envelope-v4,atlas,m_fixed_count,perfect,3,500.0,2.6989700043360187,2.5,2.8494850021680094,4,2.1,2.3,2.2,0.1,500,,10.0,100,768.41,0.675,163.4243895371715,2.213316871357809,10.0,0.019999999999999997,0.16,0.075,0.022027777777777778,0.38023740202588613,0.4975728800155673,0.87,1.0,1.0
operational-envelope-v4,atlas,m_fixed_count,finite_k1,3,500.0,2.6989700043360187,2.5,2.8494850021680094,4,2.1,2.3,2.2,0.1,500,,10.0,100,768.41,0.675,163.4243895371715,2.213316871357809,10.0,0.019999999999999997,0.03,0.0030000000000000005,0.02,0.38023740202588613,0.4975728800155673,0.87,0.7598489795918368,0.0
operational-envelope-v4,atlas,m_fixed_count,finite_k2,3,500.0,2.6989700043360187,2.5,2.8494850021680094,4,2.1,2.3,2.2,0.1,500,,10.0,100,768.41,0.675,163.4243895371715,2.213316871357809,10.0,0.019999999999999997,0.07,0.011000000000000001,0.0275,0.38023740202588613,0.4975728800155673,0.87,0.921765306122449,0.0
operational-envelope-v4,atlas,m_fixed_count,finite_k3,3,500.0,2.6989700043360187,2.5,2.8494850021680094,4,2.1,2.3,2.2,0.1,500,,10.0,100,768.41,0.675,163.4243895371715,2.213316871357809,10.0,0.019999999999999997,0.1,0.023,0.024047619047619047,0.38023740202588613,0.4975728800155673,0.87,0.9828591836734695,0.03
operational-envelope-v4,atlas,m_fixed_count,perfect,3,500.0,2.6989700043360187,2.5,2.8494850021680094,5,2.3,2.5,2.4,0.1,500,,10.0,100,1207.01,0.725,258.3700629172033,2.4122421909675134,10.0,0.019999999999999997,0.27,0.141,0.032456349206349204,0.18054562284508724,0.29756946355447467,0.8,1.0,1.0
operational-envelope-v4,atlas,m_fixed_count,finite_k1,3,500.0,2.6989700043360187,2.5,2.8494850021680094,5,2.3,2.5,2.4,0.1,500,,10.0,100,1207.01,0.725,258.3700629172033,2.4122421909675134,10.0,0.019999999999999997,0.0,0.0,0.0,0.18054562284508724,0.29756946355447467,0.8,0.7616795918367347,0.0
operational-envelope-v4,atlas,m_fixed_count,finite_k2,3,500.0,2.6989700043360187,2.5,2.8494850021680094,5,2.3,2.5,2.4,0.1,500,,10.0,100,1207.01,0.725,258.3700629172033,2.4122421909675134,10.0,0.019999999999999997,0.05,0.007000000000000001,0.006666666666666666,0.18054562284508724,0.29756946355447467,0.8,0.9248734693877548,0.0
operational-envelope-v4,atlas,m_fixed_count,finite_k3,3,500.0,2.6989700043360187,2.5,2.8494850021680094,5,2.3,2.5,2.4,0.1,500,,10.0,100,1207.01,0.725,258.3700629172033,2.4122421909675134,10.0,0.019999999999999997,0.13,0.025,0.0195,0.18054562284508724,0.29756946355447467,0.8,0.9849163265306121,0.0
operational-envelope-v4,atlas,m_fixed_count,perfect,3,500.0,2.6989700043360187,2.5,2.8494850021680094,6,2.5,2.7,2.6,0.1,500,,10.0,100,1676.08,0.765,407.35533639503154,2.6099734099844185,10.0,0.019999999999999997,0.54,0.4,0.08029845154845154,-0.03479072366447316,0.07072760230346002,0.67,1.0,1.0
operational-envelope-v4,atlas,m_fixed_count,finite_k1,3,500.0,2.6989700043360187,2.5,2.8494850021680094,6,2.5,2.7,2.6,0.1,500,,10.0,100,1676.08,0.765,407.35533639503154,2.6099734099844185,10.0,0.019999999999999997,0.01,0.001,0.0375,-0.03479072366447316,0.07072760230346002,0.67,0.7582122448979591,0.0
operational-envelope-v4,atlas,m_fixed_count,finite_k2,3,500.0,2.6989700043360187,2.5,2.8494850021680094,6,2.5,2.7,2.6,0.1,500,,10.0,100,1676.08,0.765,407.35533639503154,2.6099734099844185,10.0,0.019999999999999997,0.08,0.012,0.06416666666666666,-0.03479072366447316,0.07072760230346002,0.67,0.9191755102040815,0.0
operational-envelope-v4,atlas,m_fixed_count,finite_k3,3,500.0,2.6989700043360187,2.5,2.8494850021680094,6,2.5,2.7,2.6,0.1,500,,10.0,100,1676.08,0.765,407.35533639503154,2.6099734099844185,10.0,0.019999999999999997,0.23,0.08900000000000001,0.05944139194139193,-0.03479072366447316,0.07072760230346002,0.67,0.9826530612244898,0.0
operational-envelope-v4,atlas,m_fixed_count,perfect,3,500.0,2.6989700043360187,2.5,2.8494850021680094,7,2.7,2.9,2.8,0.1,500,,10.0,100,1837.92,0.66,646.8068373726859,2.810774602170562,10.0,0.019999999999999997,0.85,0.7360000000000001,0.0768859473859474,-0.1594737843087581,-0.10174707394636621,0.27,1.0,1.0
operational-envelope-v4,atlas,m_fixed_count,finite_k1,3,500.0,2.6989700043360187,2.5,2.8494850021680094,7,2.7,2.9,2.8,0.1,500,,10.0,100,1837.92,0.66,646.8068373726859,2.810774602170562,10.0,0.019999999999999997,0.0,0.0,0.01,-0.1594737843087581,-0.10174707394636621,0.27,0.7498469387755102,0.0
operational-envelope-v4,atlas,m_fixed_count,finite_k2,3,500.0,2.6989700043360187,2.5,2.8494850021680094,7,2.7,2.9,2.8,0.1,500,,10.0,100,1837.92,0.66,646.8068373726859,2.810774602170562,10.0,0.019999999999999997,0.07,0.011000000000000001,0.06,-0.1594737843087581,-0.10174707394636621,0.27,0.914904081632653,0.0
operational-envelope-v4,atlas,m_fixed_count,finite_k3,3,500.0,2.6989700043360187,2.5,2.8494850021680094,7,2.7,2.9,2.8,0.1,500,,10.0,100,1837.92,0.66,646.8068373726859,2.810774602170562,10.0,0.019999999999999997,0.28,0.118,0.0800495892995893,-0.1594737843087581,-0.10174707394636621,0.27,0.9800326530612244,0.0
operational-envelope-v4,atlas,m_fixed_count,perfect,3,500.0,2.6989700043360187,2.5,2.8494850021680094,8,2.9,3.0999999999999996,3.0,0.1,500,,10.0,100,3126.33,0.695,1035.3805009203454,3.015099981756097,10.0,0.019999999999999997,0.95,0.8960000000000001,0.06881701631701631,-0.4103604074611652,-0.34068007412804097,0.02,1.0,1.0
operational-envelope-v4,atlas,m_fixed_count,finite_k1,3,500.0,2.6989700043360187,2.5,2.8494850021680094,8,2.9,3.0999999999999996,3.0,0.1,500,,10.0,100,3126.33,0.695,1035.3805009203454,3.015099981756097,10.0,0.019999999999999997,0.02,0.002,0.01,-0.4103604074611652,-0.34068007412804097,0.02,0.7598795918367345,0.0
operational-envelope-v4,atlas,m_fixed_count,finite_k2,3,500.0,2.6989700043360187,2.5,2.8494850021680094,8,2.9,3.0999999999999996,3.0,0.1,500,,10.0,100,3126.33,0.695,1035.3805009203454,3.015099981756097,10.0,0.019999999999999997,0.14,0.022000000000000006,0.035,-0.4103604074611652,-0.34068007412804097,0.02,0.9213816326530612,0.0
operational-envelope-v4,atlas,m_fixed_count,finite_k3,3,500.0,2.6989700043360187,2.5,2.8494850021680094,8,2.9,3.0999999999999996,3.0,0.1,500,,10.0,100,3126.33,0.695,1035.3805009203454,3.015099981756097,10.0,0.019999999999999997,0.48,0.22599999999999998,0.0734047619047619,-0.4103604074611652,-0.34068007412804097,0.02,0.9827591836734695,0.0
operational-envelope-v4,atlas,m_fixed_count,perfect,3,500.0,2.6989700043360187,2.5,2.8494850021680094,9,3.0999999999999996,3.3,3.1999999999999997,0.1,500,,10.0,100,4264.14,0.64,1618.184989339764,3.20902816823862,10.0,0.019999999999999997,0.99,0.977,0.10841097791097791,-0.5753312104252776,-0.5013331786455661,0.0,1.0,1.0
operational-envelope-v4,atlas,m_fixed_count,finite_k1,3,500.0,2.6989700043360187,2.5,2.8494850021680094,9,3.0999999999999996,3.3,3.1999999999999997,0.1,500,,10.0,100,4264.14,0.64,1618.184989339764,3.20902816823862,10.0,0.019999999999999997,0.0,0.0,0.03,-0.5753312104252776,-0.5013331786455661,0.0,0.7408163265306122,0.0
operational-envelope-v4,atlas,m_fixed_count,finite_k2,3,500.0,2.6989700043360187,2.5,2.8494850021680094,9,3.0999999999999996,3.3,3.1999999999999997,0.1,500,,10.0,100,4264.14,0.64,1618.184989339764,3.20902816823862,10.0,0.019999999999999997,0.13,0.022000000000000002,0.03966666666666667,-0.5753312104252776,-0.5013331786455661,0.0,0.9113040816326529,0.0
operational-envelope-v4,atlas,m_fixed_count,finite_k3,3,500.0,2.6989700043360187,2.5,2.8494850021680094,9,3.0999999999999996,3.3,3.1999999999999997,0.1,500,,10.0,100,4264.14,0.64,1618.184989339764,3.20902816823862,10.0,0.019999999999999997,0.61,0.28500000000000003,0.08472041847041847,-0.5753312104252776,-0.5013331786455661,0.0,0.9799346938775509,0.0
operational-envelope-v4,atlas,m_fixed_count,perfect,3,500.0,2.6989700043360187,2.5,2.8494850021680094,10,3.3,3.5,3.4,0.1,500,,10.0,100,4304.42,0.505,2552.4372951985392,3.4069550817349463,10.0,0.019999999999999997,1.0,0.995,0.08731368631368634,-0.7019903838557393,-0.7012224842565572,0.0,1.0,1.0
operational-envelope-v4,atlas,m_fixed_count,finite_k1,3,500.0,2.6989700043360187,2.5,2.8494850021680094,10,3.3,3.5,3.4,0.1,500,,10.0,100,4304.42,0.505,2552.4372951985392,3.4069550817349463,10.0,0.019999999999999997,0.03,0.004,0.0285,-0.7019903838557393,-0.7012224842565572,0.0,0.7583857142857142,0.0
operational-envelope-v4,atlas,m_fixed_count,finite_k2,3,500.0,2.6989700043360187,2.5,2.8494850021680094,10,3.3,3.5,3.4,0.1,500,,10.0,100,4304.42,0.505,2552.4372951985392,3.4069550817349463,10.0,0.019999999999999997,0.26,0.056999999999999995,0.06461904761904762,-0.7019903838557393,-0.7012224842565572,0.0,0.9199775510204081,0.0
operational-envelope-v4,atlas,m_fixed_count,finite_k3,3,500.0,2.6989700043360187,2.5,2.8494850021680094,10,3.3,3.5,3.4,0.1,500,,10.0,100,4304.42,0.505,2552.4372951985392,3.4069550817349463,10.0,0.019999999999999997,0.81,0.39299999999999996,0.07347402597402597,-0.7019903838557393,-0.7012224842565572,0.0,0.9830734693877551,0.0
operational-envelope-v4,atlas,m_fixed_count,perfect,3,500.0,2.6989700043360187,2.5,2.8494850021680094,11,3.5,3.7,3.6,0.1,500,,10.0,100,6776.85,0.495,4068.7651767520188,3.609462625861235,10.0,0.019999999999999997,0.99,0.9890000000000001,0.09465918885036531,-0.9047264376950048,-0.8920186498879353,0.0,1.0,1.0
operational-envelope-v4,atlas,m_fixed_count,finite_k1,3,500.0,2.6989700043360187,2.5,2.8494850021680094,11,3.5,3.7,3.6,0.1,500,,10.0,100,6776.85,0.495,4068.7651767520188,3.609462625861235,10.0,0.019999999999999997,0.02,0.002,0.0425,-0.9047264376950048,-0.8920186498879353,0.0,0.7658632653061226,0.0
operational-envelope-v4,atlas,m_fixed_count,finite_k2,3,500.0,2.6989700043360187,2.5,2.8494850021680094,11,3.5,3.7,3.6,0.1,500,,10.0,100,6776.85,0.495,4068.7651767520188,3.609462625861235,10.0,0.019999999999999997,0.28,0.063,0.07395238095238095,-0.9047264376950048,-0.8920186498879353,0.0,0.9216673469387756,0.0
operational-envelope-v4,atlas,m_fixed_count,finite_k3,3,500.0,2.6989700043360187,2.5,2.8494850021680094,11,3.5,3.7,3.6,0.1,500,,10.0,100,6776.85,0.495,4068.7651767520188,3.609462625861235,10.0,0.019999999999999997,0.89,0.451,0.10145562770562772,-0.9047264376950048,-0.8920186498879353,0.0,0.9828714285714284,0.0
operational-envelope-v4,atlas,m_fixed_count,perfect,3,500.0,2.6989700043360187,2.5,2.8494850021680094,12,3.7,3.8999999999999995,3.8,0.1,500,,10.0,100,8434.63,0.35,6307.990481388227,3.799891029317029,10.0,0.019999999999999997,1.0,1.0,0.09965409590409591,-1.0646878216052547,-1.0664052566793227,0.0,1.0,1.0
operational-envelope-v4,atlas,m_fixed_count,finite_k1,3,500.0,2.6989700043360187,2.5,2.8494850021680094,12,3.7,3.8999999999999995,3.8,0.1,500,,10.0,100,8434.63,0.35,6307.990481388227,3.799891029317029,10.0,0.019999999999999997,0.07,0.008,0.06,-1.0646878216052547,-1.0664052566793227,0.0,0.7626877551020408,0.0
operational-envelope-v4,atlas,m_fixed_count,finite_k2,3,500.0,2.6989700043360187,2.5,2.8494850021680094,12,3.7,3.8999999999999995,3.8,0.1,500,,10.0,100,8434.63,0.35,6307.990481388227,3.799891029317029,10.0,0.019999999999999997,0.48,0.091,0.08611904761904761,-1.0646878216052547,-1.0664052566793227,0.0,0.9241938775510203,0.0
operational-envelope-v4,atlas,m_fixed_count,finite_k3,3,500.0,2.6989700043360187,2.5,2.8494850021680094,12,3.7,3.8999999999999995,3.8,0.1,500,,10.0,100,8434.63,0.35,6307.990481388227,3.799891029317029,10.0,0.019999999999999997,0.94,0.45100000000000007,0.09630214230214229,-1.0646878216052547,-1.0664052566793227,0.0,0.9845775510204081,0.0
operational-envelope-v4,atlas,m_fixed_count,perfect,3,500.0,2.6989700043360187,2.5,2.8494850021680094,13,3.8999999999999995,4.1,3.9999999999999996,0.1,500,,10.0,100,10627.88,0.245,9327.318675663299,3.9697568150514573,10.0,0.019999999999999997,1.0,1.0,0.09232267732267734,-1.199684600907086,-1.2238281540218419,0.0,1.0,1.0
operational-envelope-v4,atlas,m_fixed_count,finite_k1,3,500.0,2.6989700043360187,2.5,2.8494850021680094,13,3.8999999999999995,4.1,3.9999999999999996,0.1,500,,10.0,100,10627.88,0.245,9327.318675663299,3.9697568150514573,10.0,0.019999999999999997,0.02,0.002,0.056666666666666664,-1.199684600907086,-1.2238281540218419,0.0,0.7672204081632654,0.0
operational-envelope-v4,atlas,m_fixed_count,finite_k2,3,500.0,2.6989700043360187,2.5,2.8494850021680094,13,3.8999999999999995,4.1,3.9999999999999996,0.1,500,,10.0,100,10627.88,0.245,9327.318675663299,3.9697568150514573,10.0,0.019999999999999997,0.46,0.08900000000000001,0.08466666666666667,-1.199684600907086,-1.2238281540218419,0.0,0.926861224489796,0.0
operational-envelope-v4,atlas,m_fixed_count,finite_k3,3,500.0,2.6989700043360187,2.5,2.8494850021680094,13,3.8999999999999995,4.1,3.9999999999999996,0.1,500,,10.0,100,10627.88,0.245,9327.318675663299,3.9697568150514573,10.0,0.019999999999999997,0.97,0.46199999999999997,0.09844516594516595,-1.199684600907086,-1.2238281540218419,0.0,0.9853142857142858,0.0
operational-envelope-v4,atlas,m_fixed_count,perfect,4,1000.0,3.0,2.8494850021680094,3.1505149978319906,0,1.3,1.5,1.4,0.1,1000,,10.0,100,356.34,0.705,25.705750976638456,1.4100302960165527,10.0,0.009999999999999998,0.02,0.008,0.008363636363636365,1.3971212317958281,1.585026652029182,0.96,1.0,1.0
operational-envelope-v4,atlas,m_fixed_count,finite_k1,4,1000.0,3.0,2.8494850021680094,3.1505149978319906,0,1.3,1.5,1.4,0.1,1000,,10.0,100,356.34,0.705,25.705750976638456,1.4100302960165527,10.0,0.009999999999999998,0.0,0.0,0.0,1.3971212317958281,1.585026652029182,0.96,0.7566141414141414,0.0
operational-envelope-v4,atlas,m_fixed_count,finite_k2,4,1000.0,3.0,2.8494850021680094,3.1505149978319906,0,1.3,1.5,1.4,0.1,1000,,10.0,100,356.34,0.705,25.705750976638456,1.4100302960165527,10.0,0.009999999999999998,0.02,0.002,0.0,1.3971212317958281,1.585026652029182,0.96,0.9215131313131313,0.01
operational-envelope-v4,atlas,m_fixed_count,finite_k3,4,1000.0,3.0,2.8494850021680094,3.1505149978319906,0,1.3,1.5,1.4,0.1,1000,,10.0,100,356.34,0.705,25.705750976638456,1.4100302960165527,10.0,0.009999999999999998,0.01,0.003,0.01,1.3971212317958281,1.585026652029182,0.96,0.9837797979797979,0.24
operational-envelope-v4,atlas,m_fixed_count,perfect,4,1000.0,3.0,2.8494850021680094,3.1505149978319906,1,1.5,1.7,1.6,0.1,1000,,10.0,100,192.15,0.66,41.294941805091476,1.6158968584198201,10.0,0.009999999999999998,0.03,0.006999999999999999,0.0025,1.2691810121320162,1.3872161432802645,0.98,1.0,1.0
operational-envelope-v4,atlas,m_fixed_count,finite_k1,4,1000.0,3.0,2.8494850021680094,3.1505149978319906,1,1.5,1.7,1.6,0.1,1000,,10.0,100,192.15,0.66,41.294941805091476,1.6158968584198201,10.0,0.009999999999999998,0.0,0.0,0.0,1.2691810121320162,1.3872161432802645,0.98,0.761258585858586,0.0
operational-envelope-v4,atlas,m_fixed_count,finite_k2,4,1000.0,3.0,2.8494850021680094,3.1505149978319906,1,1.5,1.7,1.6,0.1,1000,,10.0,100,192.15,0.66,41.294941805091476,1.6158968584198201,10.0,0.009999999999999998,0.0,0.0,0.0,1.2691810121320162,1.3872161432802645,0.98,0.9224585858585859,0.0
operational-envelope-v4,atlas,m_fixed_count,finite_k3,4,1000.0,3.0,2.8494850021680094,3.1505149978319906,1,1.5,1.7,1.6,0.1,1000,,10.0,100,192.15,0.66,41.294941805091476,1.6158968584198201,10.0,0.009999999999999998,0.01,0.001,0.0,1.2691810121320162,1.3872161432802645,0.98,0.9834404040404042,0.08
operational-envelope-v4,atlas,m_fixed_count,perfect,4,1000.0,3.0,2.8494850021680094,3.1505149978319906,2,1.7,1.9,1.7999999999999998,0.1,1000,,10.0,100,242.89,0.61,65.03596026645741,1.8131535570559771,10.0,0.009999999999999998,0.03,0.01,0.0085,1.1265400999481738,1.193820026016113,0.99,1.0,1.0
operational-envelope-v4,atlas,m_fixed_count,finite_k1,4,1000.0,3.0,2.8494850021680094,3.1505149978319906,2,1.7,1.9,1.7999999999999998,0.1,1000,,10.0,100,242.89,0.61,65.03596026645741,1.8131535570559771,10.0,0.009999999999999998,0.0,0.0,0.0,1.1265400999481738,1.193820026016113,0.99,0.7600656565656565,0.0
operational-envelope-v4,atlas,m_fixed_count,finite_k2,4,1000.0,3.0,2.8494850021680094,3.1505149978319906,2,1.7,1.9,1.7999999999999998,0.1,1000,,10.0,100,242.89,0.61,65.03596026645741,1.8131535570559771,10.0,0.009999999999999998,0.01,0.001,0.01,1.1265400999481738,1.193820026016113,0.99,0.9202898989898991,0.0
operational-envelope-v4,atlas,m_fixed_count,finite_k3,4,1000.0,3.0,2.8494850021680094,3.1505149978319906,2,1.7,1.9,1.7999999999999998,0.1,1000,,10.0,100,242.89,0.61,65.03596026645741,1.8131535570559771,10.0,0.009999999999999998,0.02,0.002,0.01,1.1265400999481738,1.193820026016113,0.99,0.9819333333333333,0.08
operational-envelope-v4,atlas,m_fixed_count,perfect,4,1000.0,3.0,2.8494850021680094,3.1505149978319906,3,1.9,2.1,2.0,0.1,1000,,10.0,100,422.8,0.71,102.2816813875531,2.009797858690769,10.0,0.009999999999999998,0.03,0.004,0.015,0.8630860339991646,0.9956786262173575,0.95,1.0,1.0
operational-envelope-v4,atlas,m_fixed_count,finite_k1,4,1000.0,3.0,2.8494850021680094,3.1505149978319906,3,1.9,2.1,2.0,0.1,1000,,10.0,100,422.8,0.71,102.2816813875531,2.009797858690769,10.0,0.009999999999999998,0.0,0.0,0.01,0.8630860339991646,0.9956786262173575,0.95,0.7588676767676769,0.0
operational-envelope-v4,atlas,m_fixed_count,finite_k2,4,1000.0,3.0,2.8494850021680094,3.1505149978319906,3,1.9,2.1,2.0,0.1,1000,,10.0,100,422.8,0.71,102.2816813875531,2.009797858690769,10.0,0.009999999999999998,0.0,0.0,0.01,0.8630860339991646,0.9956786262173575,0.95,0.9219888888888889,0.0
operational-envelope-v4,atlas,m_fixed_count,finite_k3,4,1000.0,3.0,2.8494850021680094,3.1505149978319906,3,1.9,2.1,2.0,0.1,1000,,10.0,100,422.8,0.71,102.2816813875531,2.009797858690769,10.0,0.009999999999999998,0.02,0.002,0.01,0.8630860339991646,0.9956786262173575,0.95,0.9838333333333336,0.05
operational-envelope-v4,atlas,m_fixed_count,perfect,4,1000.0,3.0,2.8494850021680094,3.1505149978319906,4,2.1,2.3,2.2,0.1,1000,,10.0,100,714.75,0.7,163.30304844091881,2.212994291954747,10.0,0.009999999999999998,0.08,0.026000000000000006,0.027805555555555556,0.6422897837170258,0.7986028756795486,0.89,1.0,1.0
operational-envelope-v4,atlas,m_fixed_count,finite_k1,4,1000.0,3.0,2.8494850021680094,3.1505149978319906,4,2.1,2.3,2.2,0.1,1000,,10.0,100,714.75,0.7,163.30304844091881,2.212994291954747,10.0,0.009999999999999998,0.0,0.0,0.01,0.6422897837170258,0.7986028756795486,0.89,0.7544242424242423,0.0
operational-envelope-v4,atlas,m_fixed_count,finite_k2,4,1000.0,3.0,2.8494850021680094,3.1505149978319906,4,2.1,2.3,2.2,0.1,1000,,10.0,100,714.75,0.7,163.30304844091881,2.212994291954747,10.0,0.009999999999999998,0.01,0.002,0.01,0.6422897837170258,0.7986028756795486,0.89,0.9187424242424244,0.0
operational-envelope-v4,atlas,m_fixed_count,finite_k3,4,1000.0,3.0,2.8494850021680094,3.1505149978319906,4,2.1,2.3,2.2,0.1,1000,,10.0,100,714.75,0.7,163.30304844091881,2.212994291954747,10.0,0.009999999999999998,0.04,0.006000000000000001,0.02,0.6422897837170258,0.7986028756795486,0.89,0.9829616161616161,0.01
operational-envelope-v4,atlas,m_fixed_count,perfect,4,1000.0,3.0,2.8494850021680094,3.1505149978319906,5,2.3,2.5,2.4,0.1,1000,,10.0,100,1444.81,0.735,257.437448681947,2.410671722727443,10.0,0.009999999999999998,0.14,0.07799999999999999,0.016897546897546897,0.44508430347407263,0.5925308717200819,0.88,1.0,1.0
operational-envelope-v4,atlas,m_fixed_count,finite_k1,4,1000.0,3.0,2.8494850021680094,3.1505149978319906,5,2.3,2.5,2.4,0.1,1000,,10.0,100,1444.81,0.735,257.437448681947,2.410671722727443,10.0,0.009999999999999998,0.0,0.0,0.02,0.44508430347407263,0.5925308717200819,0.88,0.7545959595959597,0.0
operational-envelope-v4,atlas,m_fixed_count,finite_k2,4,1000.0,3.0,2.8494850021680094,3.1505149978319906,5,2.3,2.5,2.4,0.1,1000,,10.0,100,1444.81,0.735,257.437448681947,2.410671722727443,10.0,0.009999999999999998,0.01,0.001,0.02,0.44508430347407263,0.5925308717200819,0.88,0.9173505050505052,0.0
operational-envelope-v4,atlas,m_fixed_count,finite_k3,4,1000.0,3.0,2.8494850021680094,3.1505149978319906,5,2.3,2.5,2.4,0.1,1000,,10.0,100,1444.81,0.735,257.437448681947,2.410671722727443,10.0,0.009999999999999998,0.05,0.012999999999999998,0.01,0.44508430347407263,0.5925308717200819,0.88,0.9811242424242426,0.01
operational-envelope-v4,atlas,m_fixed_count,perfect,4,1000.0,3.0,2.8494850021680094,3.1505149978319906,6,2.5,2.7,2.6,0.1,1000,,10.0,100,1374.95,0.675,410.82214733652387,2.6136538482815497,10.0,0.009999999999999998,0.22,0.127,0.03276098901098901,0.2666430999588879,0.3935427302387333,0.81,1.0,1.0
operational-envelope-v4,atlas,m_fixed_count,finite_k1,4,1000.0,3.0,2.8494850021680094,3.1505149978319906,6,2.5,2.7,2.6,0.1,1000,,10.0,100,1374.95,0.675,410.82214733652387,2.6136538482815497,10.0,0.009999999999999998,0.0,0.0,0.01,0.2666430999588879,0.3935427302387333,0.81,0.7544151515151514,0.0
operational-envelope-v4,atlas,m_fixed_count,finite_k2,4,1000.0,3.0,2.8494850021680094,3.1505149978319906,6,2.5,2.7,2.6,0.1,1000,,10.0,100,1374.95,0.675,410.82214733652387,2.6136538482815497,10.0,0.009999999999999998,0.01,0.001,0.015,0.2666430999588879,0.3935427302387333,0.81,0.9162343434343435,0.0
operational-envelope-v4,atlas,m_fixed_count,finite_k3,4,1000.0,3.0,2.8494850021680094,3.1505149978319906,6,2.5,2.7,2.6,0.1,1000,,10.0,100,1374.95,0.675,410.82214733652387,2.6136538482815497,10.0,0.009999999999999998,0.05,0.009,0.011904761904761904,0.2666430999588879,0.3935427302387333,0.81,0.9807989898989901,0.0
operational-envelope-v4,atlas,m_fixed_count,perfect,4,1000.0,3.0,2.8494850021680094,3.1505149978319906,7,2.7,2.9,2.8,0.1,1000,,10.0,100,1938.73,0.695,634.364767362381,2.8023390542512066,10.0,0.009999999999999998,0.38,0.237,0.05108316245158351,0.10680191595820278,0.173817817580954,0.76,1.0,1.0
operational-envelope-v4,atlas,m_fixed_count,finite_k1,4,1000.0,3.0,2.8494850021680094,3.1505149978319906,7,2.7,2.9,2.8,0.1,1000,,10.0,100,1938.73,0.695,634.364767362381,2.8023390542512066,10.0,0.009999999999999998,0.01,0.001,0.01,0.10680191595820278,0.173817817580954,0.76,0.7603787878787878,0.0
operational-envelope-v4,atlas,m_fixed_count,finite_k2,4,1000.0,3.0,2.8494850021680094,3.1505149978319906,7,2.7,2.9,2.8,0.1,1000,,10.0,100,1938.73,0.695,634.364767362381,2.8023390542512066,10.0,0.009999999999999998,0.03,0.004,0.01,0.10680191595820278,0.173817817580954,0.76,0.9214434343434346,0.0
operational-envelope-v4,atlas,m_fixed_count,finite_k3,4,1000.0,3.0,2.8494850021680094,3.1505149978319906,7,2.7,2.9,2.8,0.1,1000,,10.0,100,1938.73,0.695,634.364767362381,2.8023390542512066,10.0,0.009999999999999998,0.06,0.013000000000000001,0.011666666666666665,0.10680191595820278,0.173817817580954,0.76,0.9829111111111111,0.0
operational-envelope-v4,atlas,m_fixed_count,perfect,4,1000.0,3.0,2.8494850021680094,3.1505149978319906,8,2.9,3.0999999999999996,3.0,0.1,1000,,10.0,100,2926.25,0.65,1026.3682788384651,3.011303221174453,10.0,0.009999999999999998,0.7,0.579,0.06925419515125396,-0.09045356992635835,-0.0010258880788168046,0.4,1.0,1.0
operational-envelope-v4,atlas,m_fixed_count,finite_k1,4,1000.0,3.0,2.8494850021680094,3.1505149978319906,8,2.9,3.0999999999999996,3.0,0.1,1000,,10.0,100,2926.25,0.65,1026.3682788384651,3.011303221174453,10.0,0.009999999999999998,0.0,0.0,0.01,-0.09045356992635835,-0.0010258880788168046,0.4,0.7498464646464646,0.0
operational-envelope-v4,atlas,m_fixed_count,finite_k2,4,1000.0,3.0,2.8494850021680094,3.1505149978319906,8,2.9,3.0999999999999996,3.0,0.1,1000,,10.0,100,2926.25,0.65,1026.3682788384651,3.011303221174453,10.0,0.009999999999999998,0.04,0.009000000000000001,0.019,-0.09045356992635835,-0.0010258880788168046,0.4,0.9140636363636364,0.0
operational-envelope-v4,atlas,m_fixed_count,finite_k3,4,1000.0,3.0,2.8494850021680094,3.1505149978319906,8,2.9,3.0999999999999996,3.0,0.1,1000,,10.0,100,2926.25,0.65,1026.3682788384651,3.011303221174453,10.0,0.009999999999999998,0.19,0.071,0.03837121212121212,-0.09045356992635835,-0.0010258880788168046,0.4,0.9803000000000001,0.0
operational-envelope-v4,atlas,m_fixed_count,perfect,4,1000.0,3.0,2.8494850021680094,3.1505149978319906,9,3.0999999999999996,3.3,3.1999999999999997,0.1,1000,,10.0,100,4333.03,0.635,1622.5404681151072,3.2101955374353714,10.0,0.009999999999999998,0.9,0.8420000000000001,0.05536544011544011,-0.29318893572910504,-0.20030318298158498,0.06,1.0,1.0
operational-envelope-v4,atlas,m_fixed_count,finite_k1,4,1000.0,3.0,2.8494850021680094,3.1505149978319906,9,3.0999999999999996,3.3,3.1999999999999997,0.1,1000,,10.0,100,4333.03,0.635,1622.5404681151072,3.2101955374353714,10.0,0.009999999999999998,0.01,0.001,0.01,-0.29318893572910504,-0.20030318298158498,0.06,0.7689646464646465,0.0
operational-envelope-v4,atlas,m_fixed_count,finite_k2,4,1000.0,3.0,2.8494850021680094,3.1505149978319906,9,3.0999999999999996,3.3,3.1999999999999997,0.1,1000,,10.0,100,4333.03,0.635,1622.5404681151072,3.2101955374353714,10.0,0.009999999999999998,0.06,0.013000000000000001,0.01619047619047619,-0.29318893572910504,-0.20030318298158498,0.06,0.9279717171717172,0.0
operational-envelope-v4,atlas,m_fixed_count,finite_k3,4,1000.0,3.0,2.8494850021680094,3.1505149978319906,9,3.0999999999999996,3.3,3.1999999999999997,0.1,1000,,10.0,100,4333.03,0.635,1622.5404681151072,3.2101955374353714,10.0,0.009999999999999998,0.22,0.06899999999999999,0.024103174603174602,-0.29318893572910504,-0.20030318298158498,0.06,0.9861787878787877,0.0
operational-envelope-v4,atlas,m_fixed_count,perfect,4,1000.0,3.0,2.8494850021680094,3.1505149978319906,10,3.3,3.5,3.4,0.1,1000,,10.0,100,4251.91,0.495,2552.6308369288354,3.4069880114053643,10.0,0.009999999999999998,0.97,0.9560000000000001,0.09396403596403598,-0.40021011363508,-0.3867773571077995,0.0,1.0,1.0
operational-envelope-v4,atlas,m_fixed_count,finite_k1,4,1000.0,3.0,2.8494850021680094,3.1505149978319906,10,3.3,3.5,3.4,0.1,1000,,10.0,100,4251.91,0.495,2552.6308369288354,3.4069880114053643,10.0,0.009999999999999998,0.0,0.0,0.02,-0.40021011363508,-0.3867773571077995,0.0,0.7596050505050504,0.0
operational-envelope-v4,atlas,m_fixed_count,finite_k2,4,1000.0,3.0,2.8494850021680094,3.1505149978319906,10,3.3,3.5,3.4,0.1,1000,,10.0,100,4251.91,0.495,2552.6308369288354,3.4069880114053643,10.0,0.009999999999999998,0.08,0.011000000000000001,0.029999999999999995,-0.40021011363508,-0.3867773571077995,0.0,0.9215868686868689,0.0
operational-envelope-v4,atlas,m_fixed_count,finite_k3,4,1000.0,3.0,2.8494850021680094,3.1505149978319906,10,3.3,3.5,3.4,0.1,1000,,10.0,100,4251.91,0.495,2552.6308369288354,3.4069880114053643,10.0,0.009999999999999998,0.47,0.20400000000000001,0.07332756132756132,-0.40021011363508,-0.3867773571077995,0.0,0.9833434343434344,0.0
operational-envelope-v4,atlas,m_fixed_count,perfect,4,1000.0,3.0,2.8494850021680094,3.1505149978319906,11,3.5,3.7,3.6,0.1,1000,,10.0,100,6827.6,0.505,4039.082524322023,3.6062827265276374,10.0,0.009999999999999998,1.0,0.995,0.07530512624630271,-0.5958773438649687,-0.5796565842843373,0.0,1.0,1.0
operational-envelope-v4,atlas,m_fixed_count,finite_k1,4,1000.0,3.0,2.8494850021680094,3.1505149978319906,11,3.5,3.7,3.6,0.1,1000,,10.0,100,6827.6,0.505,4039.082524322023,3.6062827265276374,10.0,0.009999999999999998,0.01,0.001,0.018000000000000002,-0.5958773438649687,-0.5796565842843373,0.0,0.7624595959595962,0.0
operational-envelope-v4,atlas,m_fixed_count,finite_k2,4,1000.0,3.0,2.8494850021680094,3.1505149978319906,11,3.5,3.7,3.6,0.1,1000,,10.0,100,6827.6,0.505,4039.082524322023,3.6062827265276374,10.0,0.009999999999999998,0.13,0.017,0.033,-0.5958773438649687,-0.5796565842843373,0.0,0.9239838383838385,0.0
operational-envelope-v4,atlas,m_fixed_count,finite_k3,4,1000.0,3.0,2.8494850021680094,3.1505149978319906,11,3.5,3.7,3.6,0.1,1000,,10.0,100,6827.6,0.505,4039.082524322023,3.6062827265276374,10.0,0.009999999999999998,0.63,0.23099999999999996,0.06947366522366522,-0.5958773438649687,-0.5796565842843373,0.0,0.9840838383838385,0.0
operational-envelope-v4,atlas,m_fixed_count,perfect,4,1000.0,3.0,2.8494850021680094,3.1505149978319906,12,3.7,3.8999999999999995,3.8,0.1,1000,,10.0,100,8434.63,0.35,6334.633560586875,3.8017214973223896,10.0,0.009999999999999998,1.0,0.998,0.10059570984570984,-0.7390421149284596,-0.7543483357110188,0.0,1.0,1.0
operational-envelope-v4,atlas,m_fixed_count,finite_k1,4,1000.0,3.0,2.8494850021680094,3.1505149978319906,12,3.7,3.8999999999999995,3.8,0.1,1000,,10.0,100,8434.63,0.35,6334.633560586875,3.8017214973223896,10.0,0.009999999999999998,0.02,0.002,0.08,-0.7390421149284596,-0.7543483357110188,0.0,0.7684252525252525,0.0
operational-envelope-v4,atlas,m_fixed_count,finite_k2,4,1000.0,3.0,2.8494850021680094,3.1505149978319906,12,3.7,3.8999999999999995,3.8,0.1,1000,,10.0,100,8434.63,0.35,6334.633560586875,3.8017214973223896,10.0,0.009999999999999998,0.22,0.035,0.0825,-0.7390421149284596,-0.7543483357110188,0.0,0.9260151515151515,0.0
operational-envelope-v4,atlas,m_fixed_count,finite_k3,4,1000.0,3.0,2.8494850021680094,3.1505149978319906,12,3.7,3.8999999999999995,3.8,0.1,1000,,10.0,100,8434.63,0.35,6334.633560586875,3.8017214973223896,10.0,0.009999999999999998,0.75,0.29600000000000004,0.1192034632034632,-0.7390421149284596,-0.7543483357110188,0.0,0.9841929292929293,0.0
operational-envelope-v4,atlas,m_fixed_count,perfect,4,1000.0,3.0,2.8494850021680094,3.1505149978319906,13,3.8999999999999995,4.1,3.9999999999999996,0.1,1000,,10.0,100,10627.88,0.245,9327.1946873262,3.969751041923038,10.0,0.009999999999999998,1.0,1.0,0.10652680652680653,-0.8914625805015254,-0.9073050911032098,0.0,1.0,1.0
operational-envelope-v4,atlas,m_fixed_count,finite_k1,4,1000.0,3.0,2.8494850021680094,3.1505149978319906,13,3.8999999999999995,4.1,3.9999999999999996,0.1,1000,,10.0,100,10627.88,0.245,9327.1946873262,3.969751041923038,10.0,0.009999999999999998,0.04,0.006000000000000001,0.02333333333333333,-0.8914625805015254,-0.9073050911032098,0.0,0.7579343434343434,0.0
operational-envelope-v4,atlas,m_fixed_count,finite_k2,4,1000.0,3.0,2.8494850021680094,3.1505149978319906,13,3.8999999999999995,4.1,3.9999999999999996,0.1,1000,,10.0,100,10627.88,0.245,9327.1946873262,3.969751041923038,10.0,0.009999999999999998,0.27,0.044000000000000004,0.044452380952380945,-0.8914625805015254,-0.9073050911032098,0.0,0.9208747474747476,0.0
operational-envelope-v4,atlas,m_fixed_count,finite_k3,4,1000.0,3.0,2.8494850021680094,3.1505149978319906,13,3.8999999999999995,4.1,3.9999999999999996,0.1,1000,,10.0,100,10627.88,0.245,9327.1946873262,3.969751041923038,10.0,0.009999999999999998,0.91,0.3270000000000001,0.09575541125541126,-0.8914625805015254,-0.9073050911032098,0.0,0.9836353535353537,0.0
operational-envelope-v4,atlas,m_fixed_count,perfect,5,2000.0,3.3010299956639813,3.1505149978319906,3.451544993495972,0,1.3,1.5,1.4,0.1,2000,,10.0,100,503.81,0.655,26.289425353133453,1.41978109319306,10.0,0.004999999999999999,0.01,0.006999999999999999,0.00125,1.7318112468839826,1.8860566476931633,0.96,1.0,1.0
operational-envelope-v4,atlas,m_fixed_count,finite_k1,5,2000.0,3.3010299956639813,3.1505149978319906,3.451544993495972,0,1.3,1.5,1.4,0.1,2000,,10.0,100,503.81,0.655,26.289425353133453,1.41978109319306,10.0,0.004999999999999999,0.0,0.0,0.0,1.7318112468839826,1.8860566476931633,0.96,0.759478391959799,0.0
operational-envelope-v4,atlas,m_fixed_count,finite_k2,5,2000.0,3.3010299956639813,3.1505149978319906,3.451544993495972,0,1.3,1.5,1.4,0.1,2000,,10.0,100,503.81,0.655,26.289425353133453,1.41978109319306,10.0,0.004999999999999999,0.0,0.0,0.0,1.7318112468839826,1.8860566476931633,0.96,0.9188452261306533,0.0
operational-envelope-v4,atlas,m_fixed_count,finite_k3,5,2000.0,3.3010299956639813,3.1505149978319906,3.451544993495972,0,1.3,1.5,1.4,0.1,2000,,10.0,100,503.81,0.655,26.289425353133453,1.41978109319306,10.0,0.004999999999999999,0.01,0.005,0.0016666666666666666,1.7318112468839826,1.8860566476931633,0.96,0.9823015075376884,0.19
operational-envelope-v4,atlas,m_fixed_count,perfect,5,2000.0,3.3010299956639813,3.1505149978319906,3.451544993495972,1,1.5,1.7,1.6,0.1,2000,,10.0,100,294.88,0.625,40.912737343148194,1.6118585377543886,10.0,0.004999999999999999,0.01,0.005,0.0016666666666666666,1.6130702984293677,1.694390155497195,0.99,1.0,1.0
operational-envelope-v4,atlas,m_fixed_count,finite_k1,5,2000.0,3.3010299956639813,3.1505149978319906,3.451544993495972,1,1.5,1.7,1.6,0.1,2000,,10.0,100,294.88,0.625,40.912737343148194,1.6118585377543886,10.0,0.004999999999999999,0.0,0.0,0.0,1.6130702984293677,1.694390155497195,0.99,0.7758839195979899,0.0
operational-envelope-v4,atlas,m_fixed_count,finite_k2,5,2000.0,3.3010299956639813,3.1505149978319906,3.451544993495972,1,1.5,1.7,1.6,0.1,2000,,10.0,100,294.88,0.625,40.912737343148194,1.6118585377543886,10.0,0.004999999999999999,0.0,0.0,0.0,1.6130702984293677,1.694390155497195,0.99,0.9299120603015075,0.0
operational-envelope-v4,atlas,m_fixed_count,finite_k3,5,2000.0,3.3010299956639813,3.1505149978319906,3.451544993495972,1,1.5,1.7,1.6,0.1,2000,,10.0,100,294.88,0.625,40.912737343148194,1.6118585377543886,10.0,0.004999999999999999,0.0,0.0,0.0,1.6130702984293677,1.694390155497195,0.99,0.986048743718593,0.1
operational-envelope-v4,atlas,m_fixed_count,perfect,5,2000.0,3.3010299956639813,3.1505149978319906,3.451544993495972,2,1.7,1.9,1.7999999999999998,0.1,2000,,10.0,100,197.71,0.625,64.79209936593253,1.8115220519976323,10.0,0.004999999999999999,0.01,0.001,0.006666666666666666,1.4173419688641877,1.494850021680094,1.0,1.0,1.0
operational-envelope-v4,atlas,m_fixed_count,finite_k1,5,2000.0,3.3010299956639813,3.1505149978319906,3.451544993495972,2,1.7,1.9,1.7999999999999998,0.1,2000,,10.0,100,197.71,0.625,64.79209936593253,1.8115220519976323,10.0,0.004999999999999999,0.0,0.0,0.0,1.4173419688641877,1.494850021680094,1.0,0.7674934673366834,0.0
operational-envelope-v4,atlas,m_fixed_count,finite_k2,5,2000.0,3.3010299956639813,3.1505149978319906,3.451544993495972,2,1.7,1.9,1.7999999999999998,0.1,2000,,10.0,100,197.71,0.625,64.79209936593253,1.8115220519976323,10.0,0.004999999999999999,0.0,0.0,0.0,1.4173419688641877,1.494850021680094,1.0,0.9270422110552764,0.0
operational-envelope-v4,atlas,m_fixed_count,finite_k3,5,2000.0,3.3010299956639813,3.1505149978319906,3.451544993495972,2,1.7,1.9,1.7999999999999998,0.1,2000,,10.0,100,197.71,0.625,64.79209936593253,1.8115220519976323,10.0,0.004999999999999999,0.0,0.0,0.01,1.4173419688641877,1.494850021680094,1.0,0.9858025125628143,0.06
operational-envelope-v4,atlas,m_fixed_count,perfect,5,2000.0,3.3010299956639813,3.1505149978319906,3.451544993495972,3,1.9,2.1,2.0,0.1,2000,,10.0,100,508.55,0.7,102.99117461793257,2.012800011317346,10.0,0.004999999999999999,0.02,0.002,0.01,1.17281628627207,1.2967086218813386,0.98,1.0,1.0
operational-envelope-v4,atlas,m_fixed_count,finite_k1,5,2000.0,3.3010299956639813,3.1505149978319906,3.451544993495972,3,1.9,2.1,2.0,0.1,2000,,10.0,100,508.55,0.7,102.99117461793257,2.012800011317346,10.0,0.004999999999999999,0.0,0.0,0.0,1.17281628627207,1.2967086218813386,0.98,0.7656195979899499,0.0
operational-envelope-v4,atlas,m_fixed_count,finite_k2,5,2000.0,3.3010299956639813,3.1505149978319906,3.451544993495972,3,1.9,2.1,2.0,0.1,2000,,10.0,100,508.55,0.7,102.99117461793257,2.012800011317346,10.0,0.004999999999999999,0.0,0.0,0.0,1.17281628627207,1.2967086218813386,0.98,0.9233587939698492,0.0
operational-envelope-v4,atlas,m_fixed_count,finite_k3,5,2000.0,3.3010299956639813,3.1505149978319906,3.451544993495972,3,1.9,2.1,2.0,0.1,2000,,10.0,100,508.55,0.7,102.99117461793257,2.012800011317346,10.0,0.004999999999999999,0.0,0.0,0.0,1.17281628627207,1.2967086218813386,0.98,0.9829090452261308,0.03
operational-envelope-v4,atlas,m_fixed_count,perfect,5,2000.0,3.3010299956639813,3.1505149978319906,3.451544993495972,4,2.1,2.3,2.2,0.1,2000,,10.0,100,1198.79,0.79,160.7407758043439,2.2061260600894794,10.0,0.004999999999999999,0.07,0.026000000000000002,0.016785714285714286,0.8998842211481518,1.0543155531403308,0.91,1.0,1.0
operational-envelope-v4,atlas,m_fixed_count,finite_k1,5,2000.0,3.3010299956639813,3.1505149978319906,3.451544993495972,4,2.1,2.3,2.2,0.1,2000,,10.0,100,1198.79,0.79,160.7407758043439,2.2061260600894794,10.0,0.004999999999999999,0.0,0.0,0.03,0.8998842211481518,1.0543155531403308,0.91,0.7610376884422111,0.0
operational-envelope-v4,atlas,m_fixed_count,finite_k2,5,2000.0,3.3010299956639813,3.1505149978319906,3.451544993495972,4,2.1,2.3,2.2,0.1,2000,,10.0,100,1198.79,0.79,160.7407758043439,2.2061260600894794,10.0,0.004999999999999999,0.0,0.0,0.03,0.8998842211481518,1.0543155531403308,0.91,0.9201266331658292,0.0
operational-envelope-v4,atlas,m_fixed_count,finite_k3,5,2000.0,3.3010299956639813,3.1505149978319906,3.451544993495972,4,2.1,2.3,2.2,0.1,2000,,10.0,100,1198.79,0.79,160.7407758043439,2.2061260600894794,10.0,0.004999999999999999,0.03,0.009000000000000001,0.016666666666666666,0.8998842211481518,1.0543155531403308,0.91,0.9820613065326633,0.01
operational-envelope-v4,atlas,m_fixed_count,perfect,5,2000.0,3.3010299956639813,3.1505149978319906,3.451544993495972,5,2.3,2.5,2.4,0.1,2000,,10.0,100,1248.99,0.725,255.58959004888777,2.4075431613940634,10.0,0.004999999999999999,0.12,0.048,0.03609523809523809,0.7490719822325584,0.8785801925130285,0.94,1.0,1.0
operational-envelope-v4,atlas,m_fixed_count,finite_k1,5,2000.0,3.3010299956639813,3.1505149978319906,3.451544993495972,5,2.3,2.5,2.4,0.1,2000,,10.0,100,1248.99,0.725,255.58959004888777,2.4075431613940634,10.0,0.004999999999999999,0.0,0.0,0.0,0.7490719822325584,0.8785801925130285,0.94,0.7656603015075377,0.0
operational-envelope-v4,atlas,m_fixed_count,finite_k2,5,2000.0,3.3010299956639813,3.1505149978319906,3.451544993495972,5,2.3,2.5,2.4,0.1,2000,,10.0,100,1248.99,0.725,255.58959004888777,2.4075431613940634,10.0,0.004999999999999999,0.0,0.0,0.02,0.7490719822325584,0.8785801925130285,0.94,0.9238608040201005,0.0
operational-envelope-v4,atlas,m_fixed_count,finite_k3,5,2000.0,3.3010299956639813,3.1505149978319906,3.451544993495972,5,2.3,2.5,2.4,0.1,2000,,10.0,100,1248.99,0.725,255.58959004888777,2.4075431613940634,10.0,0.004999999999999999,0.03,0.0030000000000000005,0.03,0.7490719822325584,0.8785801925130285,0.94,0.9838979899497485,0.01
operational-envelope-v4,atlas,m_fixed_count,perfect,5,2000.0,3.3010299956639813,3.1505149978319906,3.451544993495972,6,2.5,2.7,2.6,0.1,2000,,10.0,100,1537.25,0.705,405.9889773225327,2.608514242559991,10.0,0.004999999999999999,0.17,0.065,0.041333333333333326,0.5603208340324835,0.6990862352400753,0.92,1.0,1.0
operational-envelope-v4,atlas,m_fixed_count,finite_k1,5,2000.0,3.3010299956639813,3.1505149978319906,3.451544993495972,6,2.5,2.7,2.6,0.1,2000,,10.0,100,1537.25,0.705,405.9889773225327,2.608514242559991,10.0,0.004999999999999999,0.0,0.0,0.01,0.5603208340324835,0.6990862352400753,0.92,0.7614201005025127,0.0
operational-envelope-v4,atlas,m_fixed_count,finite_k2,5,2000.0,3.3010299956639813,3.1505149978319906,3.451544993495972,6,2.5,2.7,2.6,0.1,2000,,10.0,100,1537.25,0.705,405.9889773225327,2.608514242559991,10.0,0.004999999999999999,0.03,0.0030000000000000005,0.025,0.5603208340324835,0.6990862352400753,0.92,0.9228447236180906,0.0
operational-envelope-v4,atlas,m_fixed_count,finite_k3,5,2000.0,3.3010299956639813,3.1505149978319906,3.451544993495972,6,2.5,2.7,2.6,0.1,2000,,10.0,100,1537.25,0.705,405.9889773225327,2.608514242559991,10.0,0.004999999999999999,0.09,0.013999999999999999,0.0435,0.5603208340324835,0.6990862352400753,0.92,0.9833482412060303,0.0
operational-envelope-v4,atlas,m_fixed_count,perfect,5,2000.0,3.3010299956639813,3.1505149978319906,3.451544993495972,7,2.7,2.9,2.8,0.1,2000,,10.0,100,2057.54,0.705,642.669689506035,2.8079878175847583,10.0,0.004999999999999999,0.17,0.079,0.029233426704014943,0.37584951706794406,0.5003129173815962,0.88,1.0,1.0
operational-envelope-v4,atlas,m_fixed_count,finite_k1,5,2000.0,3.3010299956639813,3.1505149978319906,3.451544993495972,7,2.7,2.9,2.8,0.1,2000,,10.0,100,2057.54,0.705,642.669689506035,2.8079878175847583,10.0,0.004999999999999999,0.0,0.0,0.0,0.37584951706794406,0.5003129173815962,0.88,0.7498261306532663,0.0
operational-envelope-v4,atlas,m_fixed_count,finite_k2,5,2000.0,3.3010299956639813,3.1505149978319906,3.451544993495972,7,2.7,2.9,2.8,0.1,2000,,10.0,100,2057.54,0.705,642.669689506035,2.8079878175847583,10.0,0.004999999999999999,0.01,0.001,0.0,0.37584951706794406,0.5003129173815962,0.88,0.9142381909547739,0.0
operational-envelope-v4,atlas,m_fixed_count,finite_k3,5,2000.0,3.3010299956639813,3.1505149978319906,3.451544993495972,7,2.7,2.9,2.8,0.1,2000,,10.0,100,2057.54,0.705,642.669689506035,2.8079878175847583,10.0,0.004999999999999999,0.06,0.015,0.0225,0.37584951706794406,0.5003129173815962,0.88,0.9806050251256281,0.0
operational-envelope-v4,atlas,m_fixed_count,perfect,5,2000.0,3.3010299956639813,3.1505149978319906,3.451544993495972,8,2.9,3.0999999999999996,3.0,0.1,2000,,10.0,100,3371.71,0.72,1027.8311895952593,3.0119217922395927,10.0,0.004999999999999999,0.31,0.185,0.03178174603174603,0.15892842591903475,0.25801345369038853,0.76,1.0,1.0
operational-envelope-v4,atlas,m_fixed_count,finite_k1,5,2000.0,3.3010299956639813,3.1505149978319906,3.451544993495972,8,2.9,3.0999999999999996,3.0,0.1,2000,,10.0,100,3371.71,0.72,1027.8311895952593,3.0119217922395927,10.0,0.004999999999999999,0.01,0.001,0.01,0.15892842591903475,0.25801345369038853,0.76,0.7558286432160802,0.0
operational-envelope-v4,atlas,m_fixed_count,finite_k2,5,2000.0,3.3010299956639813,3.1505149978319906,3.451544993495972,8,2.9,3.0999999999999996,3.0,0.1,2000,,10.0,100,3371.71,0.72,1027.8311895952593,3.0119217922395927,10.0,0.004999999999999999,0.02,0.002,0.01,0.15892842591903475,0.25801345369038853,0.76,0.917010552763819,0.0
operational-envelope-v4,atlas,m_fixed_count,finite_k3,5,2000.0,3.3010299956639813,3.1505149978319906,3.451544993495972,8,2.9,3.0999999999999996,3.0,0.1,2000,,10.0,100,3371.71,0.72,1027.8311895952593,3.0119217922395927,10.0,0.004999999999999999,0.1,0.02,0.02033333333333333,0.15892842591903475,0.25801345369038853,0.76,0.9808618090452262,0.0
operational-envelope-v4,atlas,m_fixed_count,perfect,5,2000.0,3.3010299956639813,3.1505149978319906,3.451544993495972,9,3.0999999999999996,3.3,3.1999999999999997,0.1,2000,,10.0,100,4543.46,0.66,1600.085024531993,3.2041430605959147,10.0,0.004999999999999999,0.54,0.369,0.060738428238428226,0.019796866959337692,0.10072681268239621,0.7,1.0,1.0
operational-envelope-v4,atlas,m_fixed_count,finite_k1,5,2000.0,3.3010299956639813,3.1505149978319906,3.451544993495972,9,3.0999999999999996,3.3,3.1999999999999997,0.1,2000,,10.0,100,4543.46,0.66,1600.085024531993,3.2041430605959147,10.0,0.004999999999999999,0.01,0.001,0.0075,0.019796866959337692,0.10072681268239621,0.7,0.7498653266331659,0.0
operational-envelope-v4,atlas,m_fixed_count,finite_k2,5,2000.0,3.3010299956639813,3.1505149978319906,3.451544993495972,9,3.0999999999999996,3.3,3.1999999999999997,0.1,2000,,10.0,100,4543.46,0.66,1600.085024531993,3.2041430605959147,10.0,0.004999999999999999,0.01,0.001,0.0175,0.019796866959337692,0.10072681268239621,0.7,0.9122969849246229,0.0
operational-envelope-v4,atlas,m_fixed_count,finite_k3,5,2000.0,3.3010299956639813,3.1505149978319906,3.451544993495972,9,3.0999999999999996,3.3,3.1999999999999997,0.1,2000,,10.0,100,4543.46,0.66,1600.085024531993,3.2041430605959147,10.0,0.004999999999999999,0.1,0.031000000000000007,0.024999999999999994,0.019796866959337692,0.10072681268239621,0.7,0.979067336683417,0.0
operational-envelope-v4,atlas,m_fixed_count,perfect,5,2000.0,3.3010299956639813,3.1505149978319906,3.451544993495972,10,3.3,3.5,3.4,0.1,2000,,10.0,100,4321.48,0.505,2568.19623289952,3.40962820460299,10.0,0.004999999999999999,0.82,0.7530000000000001,0.07250059662559663,-0.10943141370253309,-0.09916249292859479,0.22,1.0,1.0
operational-envelope-v4,atlas,m_fixed_count,finite_k1,5,2000.0,3.3010299956639813,3.1505149978319906,3.451544993495972,10,3.3,3.5,3.4,0.1,2000,,10.0,100,4321.48,0.505,2568.19623289952,3.40962820460299,10.0,0.004999999999999999,0.0,0.0,0.0,-0.10943141370253309,-0.09916249292859479,0.22,0.7629251256281404,0.0
operational-envelope-v4,atlas,m_fixed_count,finite_k2,5,2000.0,3.3010299956639813,3.1505149978319906,3.451544993495972,10,3.3,3.5,3.4,0.1,2000,,10.0,100,4321.48,0.505,2568.19623289952,3.40962820460299,10.0,0.004999999999999999,0.01,0.002,0.003333333333333333,-0.10943141370253309,-0.09916249292859479,0.22,0.9223497487437186,0.0
operational-envelope-v4,atlas,m_fixed_count,finite_k3,5,2000.0,3.3010299956639813,3.1505149978319906,3.451544993495972,10,3.3,3.5,3.4,0.1,2000,,10.0,100,4321.48,0.505,2568.19623289952,3.40962820460299,10.0,0.004999999999999999,0.13,0.046,0.04194444444444444,-0.10943141370253309,-0.09916249292859479,0.22,0.9825512562814072,0.0
operational-envelope-v4,atlas,m_fixed_count,perfect,5,2000.0,3.3010299956639813,3.1505149978319906,3.451544993495972,11,3.5,3.7,3.6,0.1,2000,,10.0,100,6717.34,0.495,4055.057571979469,3.6079970245189386,10.0,0.004999999999999999,0.92,0.8919999999999999,0.07561828530946178,-0.29982474491113076,-0.2920059852925808,0.0,1.0,1.0
operational-envelope-v4,atlas,m_fixed_count,finite_k1,5,2000.0,3.3010299956639813,3.1505149978319906,3.451544993495972,11,3.5,3.7,3.6,0.1,2000,,10.0,100,6717.34,0.495,4055.057571979469,3.6079970245189386,10.0,0.004999999999999999,0.0,0.0,0.01,-0.29982474491113076,-0.2920059852925808,0.0,0.7597994974874372,0.0
operational-envelope-v4,atlas,m_fixed_count,finite_k2,5,2000.0,3.3010299956639813,3.1505149978319906,3.451544993495972,11,3.5,3.7,3.6,0.1,2000,,10.0,100,6717.34,0.495,4055.057571979469,3.6079970245189386,10.0,0.004999999999999999,0.04,0.007000000000000001,0.018500000000000003,-0.29982474491113076,-0.2920059852925808,0.0,0.9234849246231154,0.0
operational-envelope-v4,atlas,m_fixed_count,finite_k3,5,2000.0,3.3010299956639813,3.1505149978319906,3.451544993495972,11,3.5,3.7,3.6,0.1,2000,,10.0,100,6717.34,0.495,4055.057571979469,3.6079970245189386,10.0,0.004999999999999999,0.25,0.066,0.04754761904761905,-0.29982474491113076,-0.2920059852925808,0.0,0.9847185929648242,0.0
operational-envelope-v4,atlas,m_fixed_count,perfect,5,2000.0,3.3010299956639813,3.1505149978319906,3.451544993495972,12,3.7,3.8999999999999995,3.8,0.1,2000,,10.0,100,8352.83,0.34,6325.912745376196,3.8011231973073394,10.0,0.004999999999999999,0.98,0.9790000000000001,0.08602657146774796,-0.46394141526790095,-0.45331834004703764,0.0,1.0,1.0
operational-envelope-v4,atlas,m_fixed_count,finite_k1,5,2000.0,3.3010299956639813,3.1505149978319906,3.451544993495972,12,3.7,3.8999999999999995,3.8,0.1,2000,,10.0,100,8352.83,0.34,6325.912745376196,3.8011231973073394,10.0,0.004999999999999999,0.01,0.001,0.00857142857142857,-0.46394141526790095,-0.45331834004703764,0.0,0.7683437185929648,0.0
operational-envelope-v4,atlas,m_fixed_count,finite_k2,5,2000.0,3.3010299956639813,3.1505149978319906,3.451544993495972,12,3.7,3.8999999999999995,3.8,0.1,2000,,10.0,100,8352.83,0.34,6325.912745376196,3.8011231973073394,10.0,0.004999999999999999,0.08,0.021,0.02396825396825397,-0.46394141526790095,-0.45331834004703764,0.0,0.9254773869346734,0.0
operational-envelope-v4,atlas,m_fixed_count,finite_k3,5,2000.0,3.3010299956639813,3.1505149978319906,3.451544993495972,12,3.7,3.8999999999999995,3.8,0.1,2000,,10.0,100,8352.83,0.34,6325.912745376196,3.8011231973073394,10.0,0.004999999999999999,0.52,0.19500000000000003,0.07122588522588522,-0.46394141526790095,-0.45331834004703764,0.0,0.9847924623115577,0.0
operational-envelope-v4,atlas,m_fixed_count,perfect,5,2000.0,3.3010299956639813,3.1505149978319906,3.451544993495972,13,3.8999999999999995,4.1,3.9999999999999996,0.1,2000,,10.0,100,10627.88,0.245,9328.929243913262,3.9698317991434826,10.0,0.004999999999999999,1.0,1.0,0.09844188706030814,-0.5877830073340333,-0.6029078152693448,0.0,1.0,1.0
operational-envelope-v4,atlas,m_fixed_count,finite_k1,5,2000.0,3.3010299956639813,3.1505149978319906,3.451544993495972,13,3.8999999999999995,4.1,3.9999999999999996,0.1,2000,,10.0,100,10627.88,0.245,9328.929243913262,3.9698317991434826,10.0,0.004999999999999999,0.0,0.0,0.0,-0.5877830073340333,-0.6029078152693448,0.0,0.7617743718592965,0.0
operational-envelope-v4,atlas,m_fixed_count,finite_k2,5,2000.0,3.3010299956639813,3.1505149978319906,3.451544993495972,13,3.8999999999999995,4.1,3.9999999999999996,0.1,2000,,10.0,100,10627.88,0.245,9328.929243913262,3.9698317991434826,10.0,0.004999999999999999,0.05,0.006000000000000001,0.01583333333333333,-0.5877830073340333,-0.6029078152693448,0.0,0.9233442211055276,0.0
operational-envelope-v4,atlas,m_fixed_count,finite_k3,5,2000.0,3.3010299956639813,3.1505149978319906,3.451544993495972,13,3.8999999999999995,4.1,3.9999999999999996,0.1,2000,,10.0,100,10627.88,0.245,9328.929243913262,3.9698317991434826,10.0,0.004999999999999999,0.52,0.179,0.07142857142857144,-0.5877830073340333,-0.6029078152693448,0.0,0.9839929648241206,0.0
operational-envelope-v4,atlas,pi1_sweep,perfect,0,0.005,-2.3010299956639813,-2.451544993495972,-2.1505149978319906,0,1.3,1.5,1.4,0.1,1000,0.005,,100,459.76,0.635,25.88036495615911,1.4129703963138376,5.0,0.004999999999999999,0.03,0.014000000000000002,0.004285714285714285,1.7294100097192449,1.8860566476931633,0.98,1.0,1.0
operational-envelope-v4,atlas,pi1_sweep,finite_k1,0,0.005,-2.3010299956639813,-2.451544993495972,-2.1505149978319906,0,1.3,1.5,1.4,0.1,1000,0.005,,100,459.76,0.635,25.88036495615911,1.4129703963138376,5.0,0.004999999999999999,0.0,0.0,0.0,1.7294100097192449,1.8860566476931633,0.98,0.7750070351758795,0.0
operational-envelope-v4,atlas,pi1_sweep,finite_k2,0,0.005,-2.3010299956639813,-2.451544993495972,-2.1505149978319906,0,1.3,1.5,1.4,0.1,1000,0.005,,100,459.76,0.635,25.88036495615911,1.4129703963138376,5.0,0.004999999999999999,0.0,0.0,0.0,1.7294100097192449,1.8860566476931633,0.98,0.9259577889447235,0.04
operational-envelope-v4,atlas,pi1_sweep,finite_k3,0,0.005,-2.3010299956639813,-2.451544993495972,-2.1505149978319906,0,1.3,1.5,1.4,0.1,1000,0.005,,100,459.76,0.635,25.88036495615911,1.4129703963138376,5.0,0.004999999999999999,0.01,0.008,0.003333333333333333,1.7294100097192449,1.8860566476931633,0.98,0.9835015075376884,0.33
operational-envelope-v4,atlas,pi1_sweep,perfect,0,0.005,-2.3010299956639813,-2.451544993495972,-2.1505149978319906,1,1.5,1.7,1.6,0.1,1000,0.005,,100,307.64,0.665,40.94731221347083,1.6122253998896516,5.0,0.004999999999999999,0.01,0.002,0.0195,1.5291869711841315,1.6751236783231604,0.98,1.0,1.0
operational-envelope-v4,atlas,pi1_sweep,finite_k1,0,0.005,-2.3010299956639813,-2.451544993495972,-2.1505149978319906,1,1.5,1.7,1.6,0.1,1000,0.005,,100,307.64,0.665,40.94731221347083,1.6122253998896516,5.0,0.004999999999999999,0.0,0.0,0.0,1.5291869711841315,1.6751236783231604,0.98,0.7512984924623116,0.0
operational-envelope-v4,atlas,pi1_sweep,finite_k2,0,0.005,-2.3010299956639813,-2.451544993495972,-2.1505149978319906,1,1.5,1.7,1.6,0.1,1000,0.005,,100,307.64,0.665,40.94731221347083,1.6122253998896516,5.0,0.004999999999999999,0.0,0.0,0.0,1.5291869711841315,1.6751236783231604,0.98,0.9156281407035175,0.01
operational-envelope-v4,atlas,pi1_sweep,finite_k3,0,0.005,-2.3010299956639813,-2.451544993495972,-2.1505149978319906,1,1.5,1.7,1.6,0.1,1000,0.005,,100,307.64,0.665,40.94731221347083,1.6122253998896516,5.0,0.004999999999999999,0.02,0.006000000000000001,0.018947368421052633,1.5291869711841315,1.6751236783231604,0.98,0.9802954773869346,0.21
operational-envelope-v4,atlas,pi1_sweep,perfect,0,0.005,-2.3010299956639813,-2.451544993495972,-2.1505149978319906,2,1.7,1.9,1.7999999999999998,0.1,1000,0.005,,100,277.25,0.62,65.21714716443766,1.8143617972629364,5.0,0.004999999999999999,0.01,0.006,0.0,1.402352879951466,1.494850021680094,0.98,1.0,1.0
operational-envelope-v4,atlas,pi1_sweep,finite_k1,0,0.005,-2.3010299956639813,-2.451544993495972,-2.1505149978319906,2,1.7,1.9,1.7999999999999998,0.1,1000,0.005,,100,277.25,0.62,65.21714716443766,1.8143617972629364,5.0,0.004999999999999999,0.0,0.0,0.0,1.402352879951466,1.494850021680094,0.98,0.7738231155778895,0.0
operational-envelope-v4,atlas,pi1_sweep,finite_k2,0,0.005,-2.3010299956639813,-2.451544993495972,-2.1505149978319906,2,1.7,1.9,1.7999999999999998,0.1,1000,0.005,,100,277.25,0.62,65.21714716443766,1.8143617972629364,5.0,0.004999999999999999,0.01,0.002,0.0,1.402352879951466,1.494850021680094,0.98,0.9271195979899496,0.02
operational-envelope-v4,atlas,pi1_sweep,finite_k3,0,0.005,-2.3010299956639813,-2.451544993495972,-2.1505149978319906,2,1.7,1.9,1.7999999999999998,0.1,1000,0.005,,100,277.25,0.62,65.21714716443766,1.8143617972629364,5.0,0.004999999999999999,0.01,0.002,0.0,1.402352879951466,1.494850021680094,0.98,0.9842914572864323,0.27
operational-envelope-v4,atlas,pi1_sweep,perfect,0,0.005,-2.3010299956639813,-2.451544993495972,-2.1505149978319906,3,1.9,2.1,2.0,0.1,1000,0.005,,100,335.72,0.63,100.8994947446203,2.0038889915077456,5.0,0.004999999999999999,0.03,0.016,0.005714285714285714,1.158877045630156,1.2929521093832457,0.98,1.0,1.0
operational-envelope-v4,atlas,pi1_sweep,finite_k1,0,0.005,-2.3010299956639813,-2.451544993495972,-2.1505149978319906,3,1.9,2.1,2.0,0.1,1000,0.005,,100,335.72,0.63,100.8994947446203,2.0038889915077456,5.0,0.004999999999999999,0.0,0.0,0.0,1.158877045630156,1.2929521093832457,0.98,0.7615376884422111,0.0
operational-envelope-v4,atlas,pi1_sweep,finite_k2,0,0.005,-2.3010299956639813,-2.451544993495972,-2.1505149978319906,3,1.9,2.1,2.0,0.1,1000,0.005,,100,335.72,0.63,100.8994947446203,2.0038889915077456,5.0,0.004999999999999999,0.0,0.0,0.01,1.158877045630156,1.2929521093832457,0.98,0.9198432160804021,0.01
operational-envelope-v4,atlas,pi1_sweep,finite_k3,0,0.005,-2.3010299956639813,-2.451544993495972,-2.1505149978319906,3,1.9,2.1,2.0,0.1,1000,0.005,,100,335.72,0.63,100.8994947446203,2.0038889915077456,5.0,0.004999999999999999,0.02,0.006000000000000001,0.006666666666666666,1.158877045630156,1.2929521093832457,0.98,0.9811256281407035,0.09
operational-envelope-v4,atlas,pi1_sweep,perfect,0,0.005,-2.3010299956639813,-2.451544993495972,-2.1505149978319906,4,2.1,2.3,2.2,0.1,1000,0.005,,100,548.14,0.64,161.61522318846258,2.2084822663108556,5.0,0.004999999999999999,0.05,0.016,0.006666666666666666,0.9880977307598096,1.0996328713435297,0.97,1.0,1.0
operational-envelope-v4,atlas,pi1_sweep,finite_k1,0,0.005,-2.3010299956639813,-2.451544993495972,-2.1505149978319906,4,2.1,2.3,2.2,0.1,1000,0.005,,100,548.14,0.64,161.61522318846258,2.2084822663108556,5.0,0.004999999999999999,0.0,0.0,0.01,0.9880977307598096,1.0996328713435297,0.97,0.7711497487437186,0.0
operational-envelope-v4,atlas,pi1_sweep,finite_k2,0,0.005,-2.3010299956639813,-2.451544993495972,-2.1505149978319906,4,2.1,2.3,2.2,0.1,1000,0.005,,100,548.14,0.64,161.61522318846258,2.2084822663108556,5.0,0.004999999999999999,0.01,0.002,0.01,0.9880977307598096,1.0996328713435297,0.97,0.9243296482412062,0.01
operational-envelope-v4,atlas,pi1_sweep,finite_k3,0,0.005,-2.3010299956639813,-2.451544993495972,-2.1505149978319906,4,2.1,2.3,2.2,0.1,1000,0.005,,100,548.14,0.64,161.61522318846258,2.2084822663108556,5.0,0.004999999999999999,0.02,0.004,0.015,0.9880977307598096,1.0996328713435297,0.97,0.9833648241206029,0.1
operational-envelope-v4,atlas,pi1_sweep,perfect,0,0.005,-2.3010299956639813,-2.451544993495972,-2.1505149978319906,5,2.3,2.5,2.4,0.1,1000,0.005,,100,1486.64,0.735,256.6975815570523,2.409421777041624,5.0,0.004999999999999999,0.1,0.052000000000000005,0.009833333333333333,0.6984820804567023,0.8409964434481385,0.89,1.0,1.0
operational-envelope-v4,atlas,pi1_sweep,finite_k1,0,0.005,-2.3010299956639813,-2.451544993495972,-2.1505149978319906,5,2.3,2.5,2.4,0.1,1000,0.005,,100,1486.64,0.735,256.6975815570523,2.409421777041624,5.0,0.004999999999999999,0.0,0.0,0.0,0.6984820804567023,0.8409964434481385,0.89,0.7716261306532664,0.0
operational-envelope-v4,atlas,pi1_sweep,finite_k2,0,0.005,-2.3010299956639813,-2.451544993495972,-2.1505149978319906,5,2.3,2.5,2.4,0.1,1000,0.005,,100,1486.64,0.735,256.6975815570523,2.409421777041624,5.0,0.004999999999999999,0.0,0.0,0.0,0.6984820804567023,0.8409964434481385,0.89,0.9286472361809046,0.0
operational-envelope-v4,atlas,pi1_sweep,finite_k3,0,0.005,-2.3010299956639813,-2.451544993495972,-2.1505149978319906,5,2.3,2.5,2.4,0.1,1000,0.005,,100,1486.64,0.735,256.6975815570523,2.409421777041624,5.0,0.004999999999999999,0.05,0.016,0.010833333333333332,0.6984820804567023,0.8409964434481385,0.89,0.9863778894472363,0.06
operational-envelope-v4,atlas,pi1_sweep,perfect,0,0.005,-2.3010299956639813,-2.451544993495972,-2.1505149978319906,6,2.5,2.7,2.6,0.1,1000,0.005,,100,1754.58,0.72,410.48399074317274,2.613296223897654,5.0,0.004999999999999999,0.1,0.036,0.0095,0.5554202177522395,0.6754735228139089,0.94,1.0,1.0
operational-envelope-v4,atlas,pi1_sweep,finite_k1,0,0.005,-2.3010299956639813,-2.451544993495972,-2.1505149978319906,6,2.5,2.7,2.6,0.1,1000,0.005,,100,1754.58,0.72,410.48399074317274,2.613296223897654,5.0,0.004999999999999999,0.01,0.002,0.005,0.5554202177522395,0.6754735228139089,0.94,0.770486432160804,0.0
operational-envelope-v4,atlas,pi1_sweep,finite_k2,0,0.005,-2.3010299956639813,-2.451544993495972,-2.1505149978319906,6,2.5,2.7,2.6,0.1,1000,0.005,,100,1754.58,0.72,410.48399074317274,2.613296223897654,5.0,0.004999999999999999,0.02,0.004,0.02,0.5554202177522395,0.6754735228139089,0.94,0.9254150753768845,0.0
operational-envelope-v4,atlas,pi1_sweep,finite_k3,0,0.005,-2.3010299956639813,-2.451544993495972,-2.1505149978319906,6,2.5,2.7,2.6,0.1,1000,0.005,,100,1754.58,0.72,410.48399074317274,2.613296223897654,5.0,0.004999999999999999,0.02,0.006000000000000001,0.018333333333333333,0.5554202177522395,0.6754735228139089,0.94,0.9841447236180905,0.06
operational-envelope-v4,atlas,pi1_sweep,perfect,0,0.005,-2.3010299956639813,-2.451544993495972,-2.1505149978319906,7,2.7,2.9,2.8,0.1,1000,0.005,,100,2012.18,0.705,633.7768464089481,2.801936369186082,5.0,0.004999999999999999,0.2,0.094,0.045,0.34340518334301,0.4394955848049434,0.84,1.0,1.0
operational-envelope-v4,atlas,pi1_sweep,finite_k1,0,0.005,-2.3010299956639813,-2.451544993495972,-2.1505149978319906,7,2.7,2.9,2.8,0.1,1000,0.005,,100,2012.18,0.705,633.7768464089481,2.801936369186082,5.0,0.004999999999999999,0.0,0.0,0.01,0.34340518334301,0.4394955848049434,0.84,0.7597306532663317,0.0
operational-envelope-v4,atlas,pi1_sweep,finite_k2,0,0.005,-2.3010299956639813,-2.451544993495972,-2.1505149978319906,7,2.7,2.9,2.8,0.1,1000,0.005,,100,2012.18,0.705,633.7768464089481,2.801936369186082,5.0,0.004999999999999999,0.01,0.002,0.01,0.34340518334301,0.4394955848049434,0.84,0.9130492462311558,0.0
operational-envelope-v4,atlas,pi1_sweep,finite_k3,0,0.005,-2.3010299956639813,-2.451544993495972,-2.1505149978319906,7,2.7,2.9,2.8,0.1,1000,0.005,,100,2012.18,0.705,633.7768464089481,2.801936369186082,5.0,0.004999999999999999,0.08,0.02,0.03166666666666666,0.34340518334301,0.4394955848049434,0.84,0.9777045226130653,0.03
operational-envelope-v4,atlas,pi1_sweep,perfect,0,0.005,-2.3010299956639813,-2.451544993495972,-2.1505149978319906,8,2.9,3.0999999999999996,3.0,0.1,1000,0.005,,100,3061.46,0.675,1031.976199415086,3.0136696812234707,5.0,0.004999999999999999,0.26,0.14400000000000002,0.04177777777777778,0.2000501401180751,0.3005959181846626,0.8,1.0,1.0
operational-envelope-v4,atlas,pi1_sweep,finite_k1,0,0.005,-2.3010299956639813,-2.451544993495972,-2.1505149978319906,8,2.9,3.0999999999999996,3.0,0.1,1000,0.005,,100,3061.46,0.675,1031.976199415086,3.0136696812234707,5.0,0.004999999999999999,0.0,0.0,0.02,0.2000501401180751,0.3005959181846626,0.8,0.7511859296482412,0.0
operational-envelope-v4,atlas,pi1_sweep,finite_k2,0,0.005,-2.3010299956639813,-2.451544993495972,-2.1505149978319906,8,2.9,3.0999999999999996,3.0,0.1,1000,0.005,,100,3061.46,0.675,1031.976199415086,3.0136696812234707,5.0,0.004999999999999999,0.01,0.002,0.02,0.2000501401180751,0.3005959181846626,0.8,0.9153427135678391,0.0
operational-envelope-v4,atlas,pi1_sweep,finite_k3,0,0.005,-2.3010299956639813,-2.451544993495972,-2.1505149978319906,8,2.9,3.0999999999999996,3.0,0.1,1000,0.005,,100,3061.46,0.675,1031.976199415086,3.0136696812234707,5.0,0.004999999999999999,0.05,0.014000000000000002,0.0225,0.2000501401180751,0.3005959181846626,0.8,0.9795115577889448,0.01
operational-envelope-v4,atlas,pi1_sweep,perfect,0,0.005,-2.3010299956639813,-2.451544993495972,-2.1505149978319906,9,3.0999999999999996,3.3,3.1999999999999997,0.1,1000,0.005,,100,4521.99,0.66,1609.2675762868557,3.2066282611551835,5.0,0.004999999999999999,0.52,0.37999999999999995,0.0735436507936508,-0.03685481512103926,0.07200054926181454,0.68,1.0,1.0
operational-envelope-v4,atlas,pi1_sweep,finite_k1,0,0.005,-2.3010299956639813,-2.451544993495972,-2.1505149978319906,9,3.0999999999999996,3.3,3.1999999999999997,0.1,1000,0.005,,100,4521.99,0.66,1609.2675762868557,3.2066282611551835,5.0,0.004999999999999999,0.0,0.0,0.03,-0.03685481512103926,0.07200054926181454,0.68,0.7594391959798995,0.0
operational-envelope-v4,atlas,pi1_sweep,finite_k2,0,0.005,-2.3010299956639813,-2.451544993495972,-2.1505149978319906,9,3.0999999999999996,3.3,3.1999999999999997,0.1,1000,0.005,,100,4521.99,0.66,1609.2675762868557,3.2066282611551835,5.0,0.004999999999999999,0.07,0.018000000000000002,0.03484848484848485,-0.03685481512103926,0.07200054926181454,0.68,0.9205929648241207,0.0
operational-envelope-v4,atlas,pi1_sweep,finite_k3,0,0.005,-2.3010299956639813,-2.451544993495972,-2.1505149978319906,9,3.0999999999999996,3.3,3.1999999999999997,0.1,1000,0.005,,100,4521.99,0.66,1609.2675762868557,3.2066282611551835,5.0,0.004999999999999999,0.14,0.05199999999999999,0.06083333333333333,-0.03685481512103926,0.07200054926181454,0.68,0.9821386934673367,0.01
operational-envelope-v4,atlas,pi1_sweep,perfect,0,0.005,-2.3010299956639813,-2.451544993495972,-2.1505149978319906,10,3.3,3.5,3.4,0.1,1000,0.005,,100,4238.25,0.495,2564.1133894936097,3.4089372265185927,5.0,0.004999999999999999,0.82,0.76,0.04360714285714285,-0.12714893586257886,-0.09916249292859479,0.18,1.0,1.0
operational-envelope-v4,atlas,pi1_sweep,finite_k1,0,0.005,-2.3010299956639813,-2.451544993495972,-2.1505149978319906,10,3.3,3.5,3.4,0.1,1000,0.005,,100,4238.25,0.495,2564.1133894936097,3.4089372265185927,5.0,0.004999999999999999,0.0,0.0,0.0,-0.12714893586257886,-0.09916249292859479,0.18,0.7574391959798994,0.0
operational-envelope-v4,atlas,pi1_sweep,finite_k2,0,0.005,-2.3010299956639813,-2.451544993495972,-2.1505149978319906,10,3.3,3.5,3.4,0.1,1000,0.005,,100,4238.25,0.495,2564.1133894936097,3.4089372265185927,5.0,0.004999999999999999,0.02,0.006000000000000001,0.0,-0.12714893586257886,-0.09916249292859479,0.18,0.9209266331658291,0.0
operational-envelope-v4,atlas,pi1_sweep,finite_k3,0,0.005,-2.3010299956639813,-2.451544993495972,-2.1505149978319906,10,3.3,3.5,3.4,0.1,1000,0.005,,100,4238.25,0.495,2564.1133894936097,3.4089372265185927,5.0,0.004999999999999999,0.14,0.044000000000000004,0.0115,-0.12714893586257886,-0.09916249292859479,0.18,0.982972864321608,0.0
operational-envelope-v4,atlas,pi1_sweep,perfect,0,0.005,-2.3010299956639813,-2.451544993495972,-2.1505149978319906,11,3.5,3.7,3.6,0.1,1000,0.005,,100,6887.11,0.505,4060.1099748004785,3.608537797321564,5.0,0.004999999999999999,0.96,0.93,0.08773809523809524,-0.3082277942775913,-0.2990712600274095,0.02,1.0,1.0
operational-envelope-v4,atlas,pi1_sweep,finite_k1,0,0.005,-2.3010299956639813,-2.451544993495972,-2.1505149978319906,11,3.5,3.7,3.6,0.1,1000,0.005,,100,6887.11,0.505,4060.1099748004785,3.608537797321564,5.0,0.004999999999999999,0.0,0.0,0.05,-0.3082277942775913,-0.2990712600274095,0.02,0.7618814070351759,0.0
operational-envelope-v4,atlas,pi1_sweep,finite_k2,0,0.005,-2.3010299956639813,-2.451544993495972,-2.1505149978319906,11,3.5,3.7,3.6,0.1,1000,0.005,,100,6887.11,0.505,4060.1099748004785,3.608537797321564,5.0,0.004999999999999999,0.09,0.02,0.05416666666666666,-0.3082277942775913,-0.2990712600274095,0.02,0.9211939698492465,0.0
operational-envelope-v4,atlas,pi1_sweep,finite_k3,0,0.005,-2.3010299956639813,-2.451544993495972,-2.1505149978319906,11,3.5,3.7,3.6,0.1,1000,0.005,,100,6887.11,0.505,4060.1099748004785,3.608537797321564,5.0,0.004999999999999999,0.3,0.114,0.08083333333333333,-0.3082277942775913,-0.2990712600274095,0.02,0.9821346733668342,0.0
operational-envelope-v4,atlas,pi1_sweep,perfect,0,0.005,-2.3010299956639813,-2.451544993495972,-2.1505149978319906,12,3.7,3.8999999999999995,3.8,0.1,1000,0.005,,100,8434.63,0.35,6314.315123870599,3.8003262521116405,5.0,0.004999999999999999,0.99,0.986,0.08856349206349207,-0.4835207397546863,-0.4865096207665369,0.0,1.0,1.0
operational-envelope-v4,atlas,pi1_sweep,finite_k1,0,0.005,-2.3010299956639813,-2.451544993495972,-2.1505149978319906,12,3.7,3.8999999999999995,3.8,0.1,1000,0.005,,100,8434.63,0.35,6314.315123870599,3.8003262521116405,5.0,0.004999999999999999,0.0,0.0,0.04,-0.4835207397546863,-0.4865096207665369,0.0,0.7500763819095478,0.0
operational-envelope-v4,atlas,pi1_sweep,finite_k2,0,0.005,-2.3010299956639813,-2.451544993495972,-2.1505149978319906,12,3.7,3.8999999999999995,3.8,0.1,1000,0.005,,100,8434.63,0.35,6314.315123870599,3.8003262521116405,5.0,0.004999999999999999,0.07,0.016,0.06,-0.4835207397546863,-0.4865096207665369,0.0,0.915897487437186,0.0
operational-envelope-v4,atlas,pi1_sweep,finite_k3,0,0.005,-2.3010299956639813,-2.451544993495972,-2.1505149978319906,12,3.7,3.8999999999999995,3.8,0.1,1000,0.005,,100,8434.63,0.35,6314.315123870599,3.8003262521116405,5.0,0.004999999999999999,0.48,0.21799999999999997,0.09202380952380951,-0.4835207397546863,-0.4865096207665369,0.0,0.981396984924623,0.0
operational-envelope-v4,atlas,pi1_sweep,perfect,0,0.005,-2.3010299956639813,-2.451544993495972,-2.1505149978319906,13,3.8999999999999995,4.1,3.9999999999999996,0.1,1000,0.005,,100,10627.88,0.245,9333.908304566341,3.9700635301021197,5.0,0.004999999999999999,1.0,1.0,0.11138708513708513,-0.616915719911028,-0.6532607660371458,0.0,1.0,1.0
operational-envelope-v4,atlas,pi1_sweep,finite_k1,0,0.005,-2.3010299956639813,-2.451544993495972,-2.1505149978319906,13,3.8999999999999995,4.1,3.9999999999999996,0.1,1000,0.005,,100,10627.88,0.245,9333.908304566341,3.9700635301021197,5.0,0.004999999999999999,0.01,0.002,0.05,-0.616915719911028,-0.6532607660371458,0.0,0.758289447236181,0.0
operational-envelope-v4,atlas,pi1_sweep,finite_k2,0,0.005,-2.3010299956639813,-2.451544993495972,-2.1505149978319906,13,3.8999999999999995,4.1,3.9999999999999996,0.1,1000,0.005,,100,10627.88,0.245,9333.908304566341,3.9700635301021197,5.0,0.004999999999999999,0.09,0.024,0.052976190476190475,-0.616915719911028,-0.6532607660371458,0.0,0.9220321608040203,0.0
operational-envelope-v4,atlas,pi1_sweep,finite_k3,0,0.005,-2.3010299956639813,-2.451544993495972,-2.1505149978319906,13,3.8999999999999995,4.1,3.9999999999999996,0.1,1000,0.005,,100,10627.88,0.245,9333.908304566341,3.9700635301021197,5.0,0.004999999999999999,0.52,0.22999999999999995,0.08733333333333332,-0.616915719911028,-0.6532607660371458,0.0,0.9841929648241207,0.0
operational-envelope-v4,atlas,pi1_sweep,perfect,1,0.01,-2.0,-2.1505149978319906,-1.8494850021680094,0,1.3,1.5,1.4,0.1,1000,0.01,,100,248.98,0.645,25.77547012504067,1.4112065952300052,10.0,0.009999999999999998,0.03,0.012,0.008833333333333334,1.4587739327300082,1.591896354391209,0.98,1.0,1.0
operational-envelope-v4,atlas,pi1_sweep,finite_k1,1,0.01,-2.0,-2.1505149978319906,-1.8494850021680094,0,1.3,1.5,1.4,0.1,1000,0.01,,100,248.98,0.645,25.77547012504067,1.4112065952300052,10.0,0.009999999999999998,0.0,0.0,0.0,1.4587739327300082,1.591896354391209,0.98,0.7578929292929293,0.0
operational-envelope-v4,atlas,pi1_sweep,finite_k2,1,0.01,-2.0,-2.1505149978319906,-1.8494850021680094,0,1.3,1.5,1.4,0.1,1000,0.01,,100,248.98,0.645,25.77547012504067,1.4112065952300052,10.0,0.009999999999999998,0.0,0.0,0.0,1.4587739327300082,1.591896354391209,0.98,0.9193353535353535,0.02
operational-envelope-v4,atlas,pi1_sweep,finite_k3,1,0.01,-2.0,-2.1505149978319906,-1.8494850021680094,0,1.3,1.5,1.4,0.1,1000,0.01,,100,248.98,0.645,25.77547012504067,1.4112065952300052,10.0,0.009999999999999998,0.0,0.0,0.0,1.4587739327300082,1.591896354391209,0.98,0.9816515151515152,0.13
operational-envelope-v4,atlas,pi1_sweep,perfect,1,0.01,-2.0,-2.1505149978319906,-1.8494850021680094,1,1.5,1.7,1.6,0.1,1000,0.01,,100,452.16,0.69,41.514845142267475,1.6182034222668777,10.0,0.009999999999999998,0.03,0.016,0.006222222222222223,1.2166505424495804,1.3872161432802645,0.95,1.0,1.0
operational-envelope-v4,atlas,pi1_sweep,finite_k1,1,0.01,-2.0,-2.1505149978319906,-1.8494850021680094,1,1.5,1.7,1.6,0.1,1000,0.01,,100,452.16,0.69,41.514845142267475,1.6182034222668777,10.0,0.009999999999999998,0.0,0.0,0.01,1.2166505424495804,1.3872161432802645,0.95,0.751707070707071,0.0
operational-envelope-v4,atlas,pi1_sweep,finite_k2,1,0.01,-2.0,-2.1505149978319906,-1.8494850021680094,1,1.5,1.7,1.6,0.1,1000,0.01,,100,452.16,0.69,41.514845142267475,1.6182034222668777,10.0,0.009999999999999998,0.02,0.002,0.015,1.2166505424495804,1.3872161432802645,0.95,0.9171989898989898,0.0
operational-envelope-v4,atlas,pi1_sweep,finite_k3,1,0.01,-2.0,-2.1505149978319906,-1.8494850021680094,1,1.5,1.7,1.6,0.1,1000,0.01,,100,452.16,0.69,41.514845142267475,1.6182034222668777,10.0,0.009999999999999998,0.03,0.006000000000000001,0.009166666666666667,1.2166505424495804,1.3872161432802645,0.95,0.9815767676767677,0.09
operational-envelope-v4,atlas,pi1_sweep,perfect,1,0.01,-2.0,-2.1505149978319906,-1.8494850021680094,2,1.7,1.9,1.7999999999999998,0.1,1000,0.01,,100,384.24,0.68,65.00147531429505,1.8129232137749518,10.0,0.009999999999999998,0.07,0.028999999999999995,0.020178571428571428,1.0572539906315654,1.193820026016113,0.96,1.0,1.0
operational-envelope-v4,atlas,pi1_sweep,finite_k1,1,0.01,-2.0,-2.1505149978319906,-1.8494850021680094,2,1.7,1.9,1.7999999999999998,0.1,1000,0.01,,100,384.24,0.68,65.00147531429505,1.8129232137749518,10.0,0.009999999999999998,0.0,0.0,0.0,1.0572539906315654,1.193820026016113,0.96,0.7615969696969698,0.0
operational-envelope-v4,atlas,pi1_sweep,finite_k2,1,0.01,-2.0,-2.1505149978319906,-1.8494850021680094,2,1.7,1.9,1.7999999999999998,0.1,1000,0.01,,100,384.24,0.68,65.00147531429505,1.8129232137749518,10.0,0.009999999999999998,0.0,0.0,0.02,1.0572539906315654,1.193820026016113,0.96,0.9227626262626262,0.0
operational-envelope-v4,atlas,pi1_sweep,finite_k3,1,0.01,-2.0,-2.1505149978319906,-1.8494850021680094,2,1.7,1.9,1.7999999999999998,0.1,1000,0.01,,100,384.24,0.68,65.00147531429505,1.8129232137749518,10.0,0.009999999999999998,0.01,0.001,0.03,1.0572539906315654,1.193820026016113,0.96,0.9834212121212123,0.1
operational-envelope-v4,atlas,pi1_sweep,perfect,1,0.01,-2.0,-2.1505149978319906,-1.8494850021680094,3,1.9,2.1,2.0,0.1,1000,0.01,,100,488.17,0.71,102.9302824862256,2.0125431646736365,10.0,0.009999999999999998,0.04,0.01,0.006666666666666666,0.8840395149369112,0.9956786262173575,0.96,1.0,1.0
operational-envelope-v4,atlas,pi1_sweep,finite_k1,1,0.01,-2.0,-2.1505149978319906,-1.8494850021680094,3,1.9,2.1,2.0,0.1,1000,0.01,,100,488.17,0.71,102.9302824862256,2.0125431646736365,10.0,0.009999999999999998,0.0,0.0,0.0,0.8840395149369112,0.9956786262173575,0.96,0.7710737373737373,0.0
operational-envelope-v4,atlas,pi1_sweep,finite_k2,1,0.01,-2.0,-2.1505149978319906,-1.8494850021680094,3,1.9,2.1,2.0,0.1,1000,0.01,,100,488.17,0.71,102.9302824862256,2.0125431646736365,10.0,0.009999999999999998,0.0,0.0,0.0,0.8840395149369112,0.9956786262173575,0.96,0.926631313131313,0.0
operational-envelope-v4,atlas,pi1_sweep,finite_k3,1,0.01,-2.0,-2.1505149978319906,-1.8494850021680094,3,1.9,2.1,2.0,0.1,1000,0.01,,100,488.17,0.71,102.9302824862256,2.0125431646736365,10.0,0.009999999999999998,0.02,0.005,0.006999999999999999,0.8840395149369112,0.9956786262173575,0.96,0.9845424242424241,0.12
operational-envelope-v4,atlas,pi1_sweep,perfect,1,0.01,-2.0,-2.1505149978319906,-1.8494850021680094,4,2.1,2.3,2.2,0.1,1000,0.01,,100,918.93,0.75,162.30247095859247,2.2103251317517576,10.0,0.009999999999999998,0.1,0.034,0.01580555555555556,0.6017078986663179,0.7802231372352895,0.88,1.0,1.0
operational-envelope-v4,atlas,pi1_sweep,finite_k1,1,0.01,-2.0,-2.1505149978319906,-1.8494850021680094,4,2.1,2.3,2.2,0.1,1000,0.01,,100,918.93,0.75,162.30247095859247,2.2103251317517576,10.0,0.009999999999999998,0.0,0.0,0.01,0.6017078986663179,0.7802231372352895,0.88,0.7592161616161617,0.0
operational-envelope-v4,atlas,pi1_sweep,finite_k2,1,0.01,-2.0,-2.1505149978319906,-1.8494850021680094,4,2.1,2.3,2.2,0.1,1000,0.01,,100,918.93,0.75,162.30247095859247,2.2103251317517576,10.0,0.009999999999999998,0.03,0.006999999999999999,0.012,0.6017078986663179,0.7802231372352895,0.88,0.917988888888889,0.0
operational-envelope-v4,atlas,pi1_sweep,finite_k3,1,0.01,-2.0,-2.1505149978319906,-1.8494850021680094,4,2.1,2.3,2.2,0.1,1000,0.01,,100,918.93,0.75,162.30247095859247,2.2103251317517576,10.0,0.009999999999999998,0.05,0.013999999999999999,0.008666666666666666,0.6017078986663179,0.7802231372352895,0.88,0.9812888888888887,0.02
operational-envelope-v4,atlas,pi1_sweep,perfect,1,0.01,-2.0,-2.1505149978319906,-1.8494850021680094,5,2.3,2.5,2.4,0.1,1000,0.01,,100,1565.49,0.785,260.8495667400057,2.416390119714399,10.0,0.009999999999999998,0.15,0.069,0.02679978354978355,0.41329182485450294,0.5734394310189864,0.87,1.0,1.0
operational-envelope-v4,atlas,pi1_sweep,finite_k1,1,0.01,-2.0,-2.1505149978319906,-1.8494850021680094,5,2.3,2.5,2.4,0.1,1000,0.01,,100,1565.49,0.785,260.8495667400057,2.416390119714399,10.0,0.009999999999999998,0.0,0.0,0.0,0.41329182485450294,0.5734394310189864,0.87,0.762078787878788,0.0
operational-envelope-v4,atlas,pi1_sweep,finite_k2,1,0.01,-2.0,-2.1505149978319906,-1.8494850021680094,5,2.3,2.5,2.4,0.1,1000,0.01,,100,1565.49,0.785,260.8495667400057,2.416390119714399,10.0,0.009999999999999998,0.02,0.002,0.0,0.41329182485450294,0.5734394310189864,0.87,0.9237717171717172,0.0
operational-envelope-v4,atlas,pi1_sweep,finite_k3,1,0.01,-2.0,-2.1505149978319906,-1.8494850021680094,5,2.3,2.5,2.4,0.1,1000,0.01,,100,1565.49,0.785,260.8495667400057,2.416390119714399,10.0,0.009999999999999998,0.07,0.015,0.003333333333333333,0.41329182485450294,0.5734394310189864,0.87,0.9837999999999998,0.0
operational-envelope-v4,atlas,pi1_sweep,perfect,1,0.01,-2.0,-2.1505149978319906,-1.8494850021680094,6,2.5,2.7,2.6,0.1,1000,0.01,,100,2035.42,0.73,412.319146263764,2.615233501970023,10.0,0.009999999999999998,0.24,0.136,0.03484504384504385,0.23723849315194948,0.3990271043132517,0.8,1.0,1.0
operational-envelope-v4,atlas,pi1_sweep,finite_k1,1,0.01,-2.0,-2.1505149978319906,-1.8494850021680094,6,2.5,2.7,2.6,0.1,1000,0.01,,100,2035.42,0.73,412.319146263764,2.615233501970023,10.0,0.009999999999999998,0.0,0.0,0.0,0.23723849315194948,0.3990271043132517,0.8,0.7512030303030302,0.0
operational-envelope-v4,atlas,pi1_sweep,finite_k2,1,0.01,-2.0,-2.1505149978319906,-1.8494850021680094,6,2.5,2.7,2.6,0.1,1000,0.01,,100,2035.42,0.73,412.319146263764,2.615233501970023,10.0,0.009999999999999998,0.04,0.009000000000000001,0.007272727272727273,0.23723849315194948,0.3990271043132517,0.8,0.9164595959595961,0.0
operational-envelope-v4,atlas,pi1_sweep,finite_k3,1,0.01,-2.0,-2.1505149978319906,-1.8494850021680094,6,2.5,2.7,2.6,0.1,1000,0.01,,100,2035.42,0.73,412.319146263764,2.615233501970023,10.0,0.009999999999999998,0.09,0.022000000000000002,0.019166666666666665,0.23723849315194948,0.3990271043132517,0.8,0.9819979797979798,0.0
operational-envelope-v4,atlas,pi1_sweep,perfect,1,0.01,-2.0,-2.1505149978319906,-1.8494850021680094,7,2.7,2.9,2.8,0.1,1000,0.01,,100,2056.75,0.7,649.3391844460245,2.8124716112128305,10.0,0.009999999999999998,0.34,0.20799999999999996,0.03222691197691198,0.07494536464295128,0.199282921717615,0.72,1.0,1.0
operational-envelope-v4,atlas,pi1_sweep,finite_k1,1,0.01,-2.0,-2.1505149978319906,-1.8494850021680094,7,2.7,2.9,2.8,0.1,1000,0.01,,100,2056.75,0.7,649.3391844460245,2.8124716112128305,10.0,0.009999999999999998,0.01,0.001,0.01,0.07494536464295128,0.199282921717615,0.72,0.7686818181818184,0.0
operational-envelope-v4,atlas,pi1_sweep,finite_k2,1,0.01,-2.0,-2.1505149978319906,-1.8494850021680094,7,2.7,2.9,2.8,0.1,1000,0.01,,100,2056.75,0.7,649.3391844460245,2.8124716112128305,10.0,0.009999999999999998,0.06,0.007000000000000001,0.005,0.07494536464295128,0.199282921717615,0.72,0.9219353535353535,0.0
operational-envelope-v4,atlas,pi1_sweep,finite_k3,1,0.01,-2.0,-2.1505149978319906,-1.8494850021680094,7,2.7,2.9,2.8,0.1,1000,0.01,,100,2056.75,0.7,649.3391844460245,2.8124716112128305,10.0,0.009999999999999998,0.14,0.03,0.014857142857142855,0.07494536464295128,0.199282921717615,0.72,0.9823161616161618,0.0
operational-envelope-v4,atlas,pi1_sweep,perfect,1,0.01,-2.0,-2.1505149978319906,-1.8494850021680094,8,2.9,3.0999999999999996,3.0,0.1,1000,0.01,,100,2991.53,0.685,1019.5736486470532,3.0084186024003436,10.0,0.009999999999999998,0.77,0.62,0.06972574647574648,-0.1166543893786169,-0.00043407747931862597,0.43,1.0,1.0
operational-envelope-v4,atlas,pi1_sweep,finite_k1,1,0.01,-2.0,-2.1505149978319906,-1.8494850021680094,8,2.9,3.0999999999999996,3.0,0.1,1000,0.01,,100,2991.53,0.685,1019.5736486470532,3.0084186024003436,10.0,0.009999999999999998,0.0,0.0,0.0,-0.1166543893786169,-0.00043407747931862597,0.43,0.756919191919192,0.0
operational-envelope-v4,atlas,pi1_sweep,finite_k2,1,0.01,-2.0,-2.1505149978319906,-1.8494850021680094,8,2.9,3.0999999999999996,3.0,0.1,1000,0.01,,100,2991.53,0.685,1019.5736486470532,3.0084186024003436,10.0,0.009999999999999998,0.05,0.008,0.028333333333333332,-0.1166543893786169,-0.00043407747931862597,0.43,0.9203212121212121,0.0
operational-envelope-v4,atlas,pi1_sweep,finite_k3,1,0.01,-2.0,-2.1505149978319906,-1.8494850021680094,8,2.9,3.0999999999999996,3.0,0.1,1000,0.01,,100,2991.53,0.685,1019.5736486470532,3.0084186024003436,10.0,0.009999999999999998,0.16,0.06,0.03751370851370852,-0.1166543893786169,-0.00043407747931862597,0.43,0.9833343434343433,0.0
operational-envelope-v4,atlas,pi1_sweep,perfect,1,0.01,-2.0,-2.1505149978319906,-1.8494850021680094,9,3.0999999999999996,3.3,3.1999999999999997,0.1,1000,0.01,,100,4575.77,0.685,1620.1426246602082,3.209553248108327,10.0,0.009999999999999998,0.93,0.85,0.0763721512405723,-0.2983989218309005,-0.20030318298158498,0.07,1.0,1.0
operational-envelope-v4,atlas,pi1_sweep,finite_k1,1,0.01,-2.0,-2.1505149978319906,-1.8494850021680094,9,3.0999999999999996,3.3,3.1999999999999997,0.1,1000,0.01,,100,4575.77,0.685,1620.1426246602082,3.209553248108327,10.0,0.009999999999999998,0.0,0.0,0.02,-0.2983989218309005,-0.20030318298158498,0.07,0.7491595959595959,0.0
operational-envelope-v4,atlas,pi1_sweep,finite_k2,1,0.01,-2.0,-2.1505149978319906,-1.8494850021680094,9,3.0999999999999996,3.3,3.1999999999999997,0.1,1000,0.01,,100,4575.77,0.685,1620.1426246602082,3.209553248108327,10.0,0.009999999999999998,0.05,0.011000000000000001,0.04166666666666666,-0.2983989218309005,-0.20030318298158498,0.07,0.9136434343434344,0.0
operational-envelope-v4,atlas,pi1_sweep,finite_k3,1,0.01,-2.0,-2.1505149978319906,-1.8494850021680094,9,3.0999999999999996,3.3,3.1999999999999997,0.1,1000,0.01,,100,4575.77,0.685,1620.1426246602082,3.209553248108327,10.0,0.009999999999999998,0.35,0.12100000000000001,0.054030303030303026,-0.2983989218309005,-0.20030318298158498,0.07,0.9803525252525251,0.0
operational-envelope-v4,atlas,pi1_sweep,perfect,1,0.01,-2.0,-2.1505149978319906,-1.8494850021680094,10,3.3,3.5,3.4,0.1,1000,0.01,,100,4238.25,0.495,2562.7424197116284,3.4087049576007526,10.0,0.009999999999999998,0.96,0.948,0.07114735264735265,-0.4218923781983968,-0.400192488592576,0.0,1.0,1.0
operational-envelope-v4,atlas,pi1_sweep,finite_k1,1,0.01,-2.0,-2.1505149978319906,-1.8494850021680094,10,3.3,3.5,3.4,0.1,1000,0.01,,100,4238.25,0.495,2562.7424197116284,3.4087049576007526,10.0,0.009999999999999998,0.01,0.001,0.015,-0.4218923781983968,-0.400192488592576,0.0,0.7552141414141414,0.0
operational-envelope-v4,atlas,pi1_sweep,finite_k2,1,0.01,-2.0,-2.1505149978319906,-1.8494850021680094,10,3.3,3.5,3.4,0.1,1000,0.01,,100,4238.25,0.495,2562.7424197116284,3.4087049576007526,10.0,0.009999999999999998,0.07,0.01,0.035,-0.4218923781983968,-0.400192488592576,0.0,0.9202050505050505,0.0
operational-envelope-v4,atlas,pi1_sweep,finite_k3,1,0.01,-2.0,-2.1505149978319906,-1.8494850021680094,10,3.3,3.5,3.4,0.1,1000,0.01,,100,4238.25,0.495,2562.7424197116284,3.4087049576007526,10.0,0.009999999999999998,0.43,0.17400000000000002,0.07311904761904761,-0.4218923781983968,-0.400192488592576,0.0,0.9829676767676766,0.0
operational-envelope-v4,atlas,pi1_sweep,perfect,1,0.01,-2.0,-2.1505149978319906,-1.8494850021680094,11,3.5,3.7,3.6,0.1,1000,0.01,,100,6849.24,0.505,4064.8074378939427,3.6090399765866863,10.0,0.009999999999999998,0.99,0.9810000000000001,0.08853821178821178,-0.613604909644678,-0.6001012556913907,0.0,1.0,1.0
operational-envelope-v4,atlas,pi1_sweep,finite_k1,1,0.01,-2.0,-2.1505149978319906,-1.8494850021680094,11,3.5,3.7,3.6,0.1,1000,0.01,,100,6849.24,0.505,4064.8074378939427,3.6090399765866863,10.0,0.009999999999999998,0.02,0.002,0.03,-0.613604909644678,-0.6001012556913907,0.0,0.7737090909090911,0.0
operational-envelope-v4,atlas,pi1_sweep,finite_k2,1,0.01,-2.0,-2.1505149978319906,-1.8494850021680094,11,3.5,3.7,3.6,0.1,1000,0.01,,100,6849.24,0.505,4064.8074378939427,3.6090399765866863,10.0,0.009999999999999998,0.15,0.027000000000000007,0.03933333333333333,-0.613604909644678,-0.6001012556913907,0.0,0.9273333333333335,0.0
operational-envelope-v4,atlas,pi1_sweep,finite_k3,1,0.01,-2.0,-2.1505149978319906,-1.8494850021680094,11,3.5,3.7,3.6,0.1,1000,0.01,,100,6849.24,0.505,4064.8074378939427,3.6090399765866863,10.0,0.009999999999999998,0.64,0.267,0.07450668775668776,-0.613604909644678,-0.6001012556913907,0.0,0.9846363636363636,0.0
operational-envelope-v4,atlas,pi1_sweep,perfect,1,0.01,-2.0,-2.1505149978319906,-1.8494850021680094,12,3.7,3.8999999999999995,3.8,0.1,1000,0.01,,100,8434.63,0.35,6295.994079550914,3.799064310961622,10.0,0.009999999999999998,1.0,0.998,0.0953872108283873,-0.7631379103719326,-0.7543483357110188,0.0,1.0,1.0
operational-envelope-v4,atlas,pi1_sweep,finite_k1,1,0.01,-2.0,-2.1505149978319906,-1.8494850021680094,12,3.7,3.8999999999999995,3.8,0.1,1000,0.01,,100,8434.63,0.35,6295.994079550914,3.799064310961622,10.0,0.009999999999999998,0.01,0.001,0.0,-0.7631379103719326,-0.7543483357110188,0.0,0.7617333333333334,0.0
operational-envelope-v4,atlas,pi1_sweep,finite_k2,1,0.01,-2.0,-2.1505149978319906,-1.8494850021680094,12,3.7,3.8999999999999995,3.8,0.1,1000,0.01,,100,8434.63,0.35,6295.994079550914,3.799064310961622,10.0,0.009999999999999998,0.15,0.03,0.0325,-0.7631379103719326,-0.7543483357110188,0.0,0.9226050505050505,0.0
operational-envelope-v4,atlas,pi1_sweep,finite_k3,1,0.01,-2.0,-2.1505149978319906,-1.8494850021680094,12,3.7,3.8999999999999995,3.8,0.1,1000,0.01,,100,8434.63,0.35,6295.994079550914,3.799064310961622,10.0,0.009999999999999998,0.72,0.30400000000000005,0.09123629148629148,-0.7631379103719326,-0.7543483357110188,0.0,0.9838999999999999,0.0
operational-envelope-v4,atlas,pi1_sweep,perfect,1,0.01,-2.0,-2.1505149978319906,-1.8494850021680094,13,3.8999999999999995,4.1,3.9999999999999996,0.1,1000,0.01,,100,10627.88,0.245,9333.956773937156,3.9700657853123644,10.0,0.009999999999999998,1.0,1.0,0.10005161505161504,-0.8916221969443875,-0.9118796465654233,0.0,1.0,1.0
operational-envelope-v4,atlas,pi1_sweep,finite_k1,1,0.01,-2.0,-2.1505149978319906,-1.8494850021680094,13,3.8999999999999995,4.1,3.9999999999999996,0.1,1000,0.01,,100,10627.88,0.245,9333.956773937156,3.9700657853123644,10.0,0.009999999999999998,0.03,0.0030000000000000005,0.045,-0.8916221969443875,-0.9118796465654233,0.0,0.766112121212121,0.0
operational-envelope-v4,atlas,pi1_sweep,finite_k2,1,0.01,-2.0,-2.1505149978319906,-1.8494850021680094,13,3.8999999999999995,4.1,3.9999999999999996,0.1,1000,0.01,,100,10627.88,0.245,9333.956773937156,3.9700657853123644,10.0,0.009999999999999998,0.22,0.040999999999999995,0.07066666666666667,-0.8916221969443875,-0.9118796465654233,0.0,0.9242555555555555,0.0
operational-envelope-v4,atlas,pi1_sweep,finite_k3,1,0.01,-2.0,-2.1505149978319906,-1.8494850021680094,13,3.8999999999999995,4.1,3.9999999999999996,0.1,1000,0.01,,100,10627.88,0.245,9333.956773937156,3.9700657853123644,10.0,0.009999999999999998,0.85,0.3399999999999999,0.09955158730158731,-0.8916221969443875,-0.9118796465654233,0.0,0.9832242424242423,0.0
operational-envelope-v4,atlas,pi1_sweep,perfect,2,0.02,-1.6989700043360187,-1.8494850021680094,-1.5,0,1.3,1.5,1.4,0.1,1000,0.02,,100,507.04,0.69,26.069132904357307,1.4161265861696508,20.0,0.019999999999999997,0.06,0.0225,0.018611111111111113,1.1468948737680358,1.317587786286016,0.94,1.0,1.0
operational-envelope-v4,atlas,pi1_sweep,finite_k1,2,0.02,-1.6989700043360187,-1.8494850021680094,-1.5,0,1.3,1.5,1.4,0.1,1000,0.02,,100,507.04,0.69,26.069132904357307,1.4161265861696508,20.0,0.019999999999999997,0.0,0.0,0.02,1.1468948737680358,1.317587786286016,0.94,0.7580051020408166,0.0
operational-envelope-v4,atlas,pi1_sweep,finite_k2,2,0.02,-1.6989700043360187,-1.8494850021680094,-1.5,0,1.3,1.5,1.4,0.1,1000,0.02,,100,507.04,0.69,26.069132904357307,1.4161265861696508,20.0,0.019999999999999997,0.03,0.0015000000000000002,0.014166666666666666,1.1468948737680358,1.317587786286016,0.94,0.9191469387755103,0.0
operational-envelope-v4,atlas,pi1_sweep,finite_k3,2,0.02,-1.6989700043360187,-1.8494850021680094,-1.5,0,1.3,1.5,1.4,0.1,1000,0.02,,100,507.04,0.69,26.069132904357307,1.4161265861696508,20.0,0.019999999999999997,0.03,0.005,0.0176984126984127,1.1468948737680358,1.317587786286016,0.94,0.9822301020408163,0.09
operational-envelope-v4,atlas,pi1_sweep,perfect,2,0.02,-1.6989700043360187,-1.8494850021680094,-1.5,1,1.5,1.7,1.6,0.1,1000,0.02,,100,284.19,0.58,41.795152350851794,1.6211259126515054,20.0,0.019999999999999997,0.01,0.002,0.007333333333333333,1.0431396684461203,1.1221598056800937,0.97,1.0,1.0
operational-envelope-v4,atlas,pi1_sweep,finite_k1,2,0.02,-1.6989700043360187,-1.8494850021680094,-1.5,1,1.5,1.7,1.6,0.1,1000,0.02,,100,284.19,0.58,41.795152350851794,1.6211259126515054,20.0,0.019999999999999997,0.01,0.0005,0.006666666666666666,1.0431396684461203,1.1221598056800937,0.97,0.7577484693877551,0.0
operational-envelope-v4,atlas,pi1_sweep,finite_k2,2,0.02,-1.6989700043360187,-1.8494850021680094,-1.5,1,1.5,1.7,1.6,0.1,1000,0.02,,100,284.19,0.58,41.795152350851794,1.6211259126515054,20.0,0.019999999999999997,0.01,0.001,0.0075,1.0431396684461203,1.1221598056800937,0.97,0.9205903061224491,0.0
operational-envelope-v4,atlas,pi1_sweep,finite_k3,2,0.02,-1.6989700043360187,-1.8494850021680094,-1.5,1,1.5,1.7,1.6,0.1,1000,0.02,,100,284.19,0.58,41.795152350851794,1.6211259126515054,20.0,0.019999999999999997,0.02,0.0015000000000000002,0.018000000000000002,1.0431396684461203,1.1221598056800937,0.97,0.9834948979591838,0.04
operational-envelope-v4,atlas,pi1_sweep,perfect,2,0.02,-1.6989700043360187,-1.8494850021680094,-1.5,2,1.7,1.9,1.7999999999999998,0.1,1000,0.02,,100,279.36,0.655,65.55579324214553,1.8166110768334733,20.0,0.019999999999999997,0.05,0.015000000000000003,0.0195,0.8148222899905424,0.9214380245780766,0.97,1.0,1.0
operational-envelope-v4,atlas,pi1_sweep,finite_k1,2,0.02,-1.6989700043360187,-1.8494850021680094,-1.5,2,1.7,1.9,1.7999999999999998,0.1,1000,0.02,,100,279.36,0.655,65.55579324214553,1.8166110768334733,20.0,0.019999999999999997,0.01,0.0005,0.0,0.8148222899905424,0.9214380245780766,0.97,0.7583561224489798,0.0
operational-envelope-v4,atlas,pi1_sweep,finite_k2,2,0.02,-1.6989700043360187,-1.8494850021680094,-1.5,2,1.7,1.9,1.7999999999999998,0.1,1000,0.02,,100,279.36,0.655,65.55579324214553,1.8166110768334733,20.0,0.019999999999999997,0.02,0.001,0.0,0.8148222899905424,0.9214380245780766,0.97,0.9226806122448982,0.0
operational-envelope-v4,atlas,pi1_sweep,finite_k3,2,0.02,-1.6989700043360187,-1.8494850021680094,-1.5,2,1.7,1.9,1.7999999999999998,0.1,1000,0.02,,100,279.36,0.655,65.55579324214553,1.8166110768334733,20.0,0.019999999999999997,0.02,0.001,0.015,0.8148222899905424,0.9214380245780766,0.97,0.9844785714285714,0.02
operational-envelope-v4,atlas,pi1_sweep,perfect,2,0.02,-1.6989700043360187,-1.8494850021680094,-1.5,3,1.9,2.1,2.0,0.1,1000,0.02,,100,637.86,0.695,102.22323031213749,2.009549600788359,20.0,0.019999999999999997,0.16,0.061,0.02307449494949495,0.5649842396578479,0.6946486305533762,0.9,1.0,1.0
operational-envelope-v4,atlas,pi1_sweep,finite_k1,2,0.02,-1.6989700043360187,-1.8494850021680094,-1.5,3,1.9,2.1,2.0,0.1,1000,0.02,,100,637.86,0.695,102.22323031213749,2.009549600788359,20.0,0.019999999999999997,0.0,0.0,0.03,0.5649842396578479,0.6946486305533762,0.9,0.7609887755102039,0.0
operational-envelope-v4,atlas,pi1_sweep,finite_k2,2,0.02,-1.6989700043360187,-1.8494850021680094,-1.5,3,1.9,2.1,2.0,0.1,1000,0.02,,100,637.86,0.695,102.22323031213749,2.009549600788359,20.0,0.019999999999999997,0.03,0.0030000000000000005,0.035,0.5649842396578479,0.6946486305533762,0.9,0.923122448979592,0.0
operational-envelope-v4,atlas,pi1_sweep,finite_k3,2,0.02,-1.6989700043360187,-1.8494850021680094,-1.5,3,1.9,2.1,2.0,0.1,1000,0.02,,100,637.86,0.695,102.22323031213749,2.009549600788359,20.0,0.019999999999999997,0.11,0.019,0.03027777777777778,0.5649842396578479,0.6946486305533762,0.9,0.9838035714285712,0.0
operational-envelope-v4,atlas,pi1_sweep,perfect,2,0.02,-1.6989700043360187,-1.8494850021680094,-1.5,4,2.1,2.3,2.2,0.1,1000,0.02,,100,935.56,0.745,162.4183494078963,2.2106350926171165,20.0,0.019999999999999997,0.2,0.08350000000000002,0.03429180906812486,0.3672385586806983,0.4975728800155673,0.87,1.0,1.0
operational-envelope-v4,atlas,pi1_sweep,finite_k1,2,0.02,-1.6989700043360187,-1.8494850021680094,-1.5,4,2.1,2.3,2.2,0.1,1000,0.02,,100,935.56,0.745,162.4183494078963,2.2106350926171165,20.0,0.019999999999999997,0.01,0.0005,0.0,0.3672385586806983,0.4975728800155673,0.87,0.7657163265306122,0.0
operational-envelope-v4,atlas,pi1_sweep,finite_k2,2,0.02,-1.6989700043360187,-1.8494850021680094,-1.5,4,2.1,2.3,2.2,0.1,1000,0.02,,100,935.56,0.745,162.4183494078963,2.2106350926171165,20.0,0.019999999999999997,0.03,0.0030000000000000005,0.0075,0.3672385586806983,0.4975728800155673,0.87,0.926401530612245,0.0
operational-envelope-v4,atlas,pi1_sweep,finite_k3,2,0.02,-1.6989700043360187,-1.8494850021680094,-1.5,4,2.1,2.3,2.2,0.1,1000,0.02,,100,935.56,0.745,162.4183494078963,2.2106350926171165,20.0,0.019999999999999997,0.06,0.013000000000000001,0.018666666666666668,0.3672385586806983,0.4975728800155673,0.87,0.9853887755102041,0.0
operational-envelope-v4,atlas,pi1_sweep,perfect,2,0.02,-1.6989700043360187,-1.8494850021680094,-1.5,5,2.3,2.5,2.4,0.1,1000,0.02,,100,1335.22,0.73,260.8228910158096,2.4163457044125867,20.0,0.019999999999999997,0.32,0.17300000000000001,0.03312644278665951,0.16003146976173227,0.29756946355447467,0.79,1.0,1.0
operational-envelope-v4,atlas,pi1_sweep,finite_k1,2,0.02,-1.6989700043360187,-1.8494850021680094,-1.5,5,2.3,2.5,2.4,0.1,1000,0.02,,100,1335.22,0.73,260.8228910158096,2.4163457044125867,20.0,0.019999999999999997,0.01,0.0005,0.01,0.16003146976173227,0.29756946355447467,0.79,0.7650086734693877,0.0
operational-envelope-v4,atlas,pi1_sweep,finite_k2,2,0.02,-1.6989700043360187,-1.8494850021680094,-1.5,5,2.3,2.5,2.4,0.1,1000,0.02,,100,1335.22,0.73,260.8228910158096,2.4163457044125867,20.0,0.019999999999999997,0.04,0.003,0.008333333333333333,0.16003146976173227,0.29756946355447467,0.79,0.9236316326530613,0.0
operational-envelope-v4,atlas,pi1_sweep,finite_k3,2,0.02,-1.6989700043360187,-1.8494850021680094,-1.5,5,2.3,2.5,2.4,0.1,1000,0.02,,100,1335.22,0.73,260.8228910158096,2.4163457044125867,20.0,0.019999999999999997,0.16,0.0395,0.028668109668109665,0.16003146976173227,0.29756946355447467,0.79,0.983894897959184,0.0
operational-envelope-v4,atlas,pi1_sweep,perfect,2,0.02,-1.6989700043360187,-1.8494850021680094,-1.5,6,2.5,2.7,2.6,0.1,1000,0.02,,100,1414.62,0.69,407.8666245474102,2.610518168744593,20.0,0.019999999999999997,0.54,0.37599999999999995,0.07850922055910342,0.024517453927504228,0.09799710864927055,0.77,1.0,1.0
operational-envelope-v4,atlas,pi1_sweep,finite_k1,2,0.02,-1.6989700043360187,-1.8494850021680094,-1.5,6,2.5,2.7,2.6,0.1,1000,0.02,,100,1414.62,0.69,407.8666245474102,2.610518168744593,20.0,0.019999999999999997,0.01,0.0005,0.015,0.024517453927504228,0.09799710864927055,0.77,0.7574520408163268,0.0
operational-envelope-v4,atlas,pi1_sweep,finite_k2,2,0.02,-1.6989700043360187,-1.8494850021680094,-1.5,6,2.5,2.7,2.6,0.1,1000,0.02,,100,1414.62,0.69,407.8666245474102,2.610518168744593,20.0,0.019999999999999997,0.06,0.0030000000000000005,0.0375,0.024517453927504228,0.09799710864927055,0.77,0.9205469387755103,0.0
operational-envelope-v4,atlas,pi1_sweep,finite_k3,2,0.02,-1.6989700043360187,-1.8494850021680094,-1.5,6,2.5,2.7,2.6,0.1,1000,0.02,,100,1414.62,0.69,407.8666245474102,2.610518168744593,20.0,0.019999999999999997,0.22,0.05750000000000001,0.06291377372627373,0.024517453927504228,0.09799710864927055,0.77,0.9828617346938775,0.0
operational-envelope-v4,atlas,pi1_sweep,perfect,2,0.02,-1.6989700043360187,-1.8494850021680094,-1.5,7,2.7,2.9,2.8,0.1,1000,0.02,,100,2024.23,0.7,642.0770081286747,2.807587118722566,20.0,0.019999999999999997,0.92,0.8,0.08313921193518217,-0.21381073681395793,-0.10174707394636621,0.23,1.0,1.0
operational-envelope-v4,atlas,pi1_sweep,finite_k1,2,0.02,-1.6989700043360187,-1.8494850021680094,-1.5,7,2.7,2.9,2.8,0.1,1000,0.02,,100,2024.23,0.7,642.0770081286747,2.807587118722566,20.0,0.019999999999999997,0.01,0.0005,0.005,-0.21381073681395793,-0.10174707394636621,0.23,0.7655663265306122,0.0
operational-envelope-v4,atlas,pi1_sweep,finite_k2,2,0.02,-1.6989700043360187,-1.8494850021680094,-1.5,7,2.7,2.9,2.8,0.1,1000,0.02,,100,2024.23,0.7,642.0770081286747,2.807587118722566,20.0,0.019999999999999997,0.04,0.0045000000000000005,0.012,-0.21381073681395793,-0.10174707394636621,0.23,0.9257801020408162,0.0
operational-envelope-v4,atlas,pi1_sweep,finite_k3,2,0.02,-1.6989700043360187,-1.8494850021680094,-1.5,7,2.7,2.9,2.8,0.1,1000,0.02,,100,2024.23,0.7,642.0770081286747,2.807587118722566,20.0,0.019999999999999997,0.37,0.14049999999999999,0.0606305957200694,-0.21381073681395793,-0.10174707394636621,0.23,0.9844214285714286,0.0
operational-envelope-v4,atlas,pi1_sweep,perfect,2,0.02,-1.6989700043360187,-1.8494850021680094,-1.5,8,2.9,3.0999999999999996,3.0,0.1,1000,0.02,,100,3227.18,0.7,1024.154717783175,3.0103655699248137,20.0,0.019999999999999997,0.98,0.9329999999999999,0.08934833069486497,-0.3893692272744342,-0.3014640731432998,0.0,1.0,1.0
operational-envelope-v4,atlas,pi1_sweep,finite_k1,2,0.02,-1.6989700043360187,-1.8494850021680094,-1.5,8,2.9,3.0999999999999996,3.0,0.1,1000,0.02,,100,3227.18,0.7,1024.154717783175,3.0103655699248137,20.0,0.019999999999999997,0.0,0.0,0.0,-0.3893692272744342,-0.3014640731432998,0.0,0.7621479591836734,0.0
operational-envelope-v4,atlas,pi1_sweep,finite_k2,2,0.02,-1.6989700043360187,-1.8494850021680094,-1.5,8,2.9,3.0999999999999996,3.0,0.1,1000,0.02,,100,3227.18,0.7,1024.154717783175,3.0103655699248137,20.0,0.019999999999999997,0.13,0.014000000000000002,0.018023809523809525,-0.3893692272744342,-0.3014640731432998,0.0,0.9231816326530613,0.0
operational-envelope-v4,atlas,pi1_sweep,finite_k3,2,0.02,-1.6989700043360187,-1.8494850021680094,-1.5,8,2.9,3.0999999999999996,3.0,0.1,1000,0.02,,100,3227.18,0.7,1024.154717783175,3.0103655699248137,20.0,0.019999999999999997,0.54,0.22649999999999998,0.06836764148334021,-0.3893692272744342,-0.3014640731432998,0.0,0.9839392857142859,0.0
operational-envelope-v4,atlas,pi1_sweep,perfect,2,0.02,-1.6989700043360187,-1.8494850021680094,-1.5,9,3.0999999999999996,3.3,3.1999999999999997,0.1,1000,0.02,,100,4487.99,0.675,1625.7875171003789,3.21106378468927,20.0,0.019999999999999997,0.98,0.9575000000000001,0.08813154176047729,-0.5486811948914361,-0.4911756681800466,0.0,1.0,1.0
operational-envelope-v4,atlas,pi1_sweep,finite_k1,2,0.02,-1.6989700043360187,-1.8494850021680094,-1.5,9,3.0999999999999996,3.3,3.1999999999999997,0.1,1000,0.02,,100,4487.99,0.675,1625.7875171003789,3.21106378468927,20.0,0.019999999999999997,0.01,0.0005,0.01,-0.5486811948914361,-0.4911756681800466,0.0,0.7571341836734693,0.0
operational-envelope-v4,atlas,pi1_sweep,finite_k2,2,0.02,-1.6989700043360187,-1.8494850021680094,-1.5,9,3.0999999999999996,3.3,3.1999999999999997,0.1,1000,0.02,,100,4487.99,0.675,1625.7875171003789,3.21106378468927,20.0,0.019999999999999997,0.08,0.012,0.021136363636363637,-0.5486811948914361,-0.4911756681800466,0.0,0.9204260204081632,0.0
operational-envelope-v4,atlas,pi1_sweep,finite_k3,2,0.02,-1.6989700043360187,-1.8494850021680094,-1.5,9,3.0999999999999996,3.3,3.1999999999999997,0.1,1000,0.02,,100,4487.99,0.675,1625.7875171003789,3.21106378468927,20.0,0.019999999999999997,0.58,0.25849999999999995,0.07845372682872682,-0.5486811948914361,-0.4911756681800466,0.0,0.983563775510204,0.0
operational-envelope-v4,atlas,pi1_sweep,perfect,2,0.02,-1.6989700043360187,-1.8494850021680094,-1.5,10,3.3,3.5,3.4,0.1,1000,0.02,,100,4184.85,0.485,2555.72660753642,3.4075143944047217,20.0,0.019999999999999997,0.99,0.9869999999999999,0.08516712353668877,-0.6778436218117198,-0.6733896196426943,0.0,1.0,1.0
operational-envelope-v4,atlas,pi1_sweep,finite_k1,2,0.02,-1.6989700043360187,-1.8494850021680094,-1.5,10,3.3,3.5,3.4,0.1,1000,0.02,,100,4184.85,0.485,2555.72660753642,3.4075143944047217,20.0,0.019999999999999997,0.0,0.0,0.04,-0.6778436218117198,-0.6733896196426943,0.0,0.7574576530612245,0.0
operational-envelope-v4,atlas,pi1_sweep,finite_k2,2,0.02,-1.6989700043360187,-1.8494850021680094,-1.5,10,3.3,3.5,3.4,0.1,1000,0.02,,100,4184.85,0.485,2555.72660753642,3.4075143944047217,20.0,0.019999999999999997,0.19,0.0285,0.06083333333333333,-0.6778436218117198,-0.6733896196426943,0.0,0.9205188775510205,0.0
operational-envelope-v4,atlas,pi1_sweep,finite_k3,2,0.02,-1.6989700043360187,-1.8494850021680094,-1.5,10,3.3,3.5,3.4,0.1,1000,0.02,,100,4184.85,0.485,2555.72660753642,3.4075143944047217,20.0,0.019999999999999997,0.87,0.36750000000000005,0.07583248523548361,-0.6778436218117198,-0.6733896196426943,0.0,0.9830413265306122,0.0
operational-envelope-v4,atlas,pi1_sweep,perfect,2,0.02,-1.6989700043360187,-1.8494850021680094,-1.5,11,3.5,3.7,3.6,0.1,1000,0.02,,100,6814.72,0.495,4079.501711096725,3.610607119624968,20.0,0.019999999999999997,1.0,0.9984999999999999,0.08118522057652493,-0.8747768316504357,-0.8553979966540689,0.0,1.0,1.0
operational-envelope-v4,atlas,pi1_sweep,finite_k1,2,0.02,-1.6989700043360187,-1.8494850021680094,-1.5,11,3.5,3.7,3.6,0.1,1000,0.02,,100,6814.72,0.495,4079.501711096725,3.610607119624968,20.0,0.019999999999999997,0.02,0.001,0.03666666666666667,-0.8747768316504357,-0.8553979966540689,0.0,0.7626959183673471,0.0
operational-envelope-v4,atlas,pi1_sweep,finite_k2,2,0.02,-1.6989700043360187,-1.8494850021680094,-1.5,11,3.5,3.7,3.6,0.1,1000,0.02,,100,6814.72,0.495,4079.501711096725,3.610607119624968,20.0,0.019999999999999997,0.21,0.0275,0.0565,-0.8747768316504357,-0.8553979966540689,0.0,0.923070918367347,0.0
operational-envelope-v4,atlas,pi1_sweep,finite_k3,2,0.02,-1.6989700043360187,-1.8494850021680094,-1.5,11,3.5,3.7,3.6,0.1,1000,0.02,,100,6814.72,0.495,4079.501711096725,3.610607119624968,20.0,0.019999999999999997,0.9,0.38900000000000007,0.06622639447755546,-0.8747768316504357,-0.8553979966540689,0.0,0.9834729591836736,0.0
operational-envelope-v4,atlas,pi1_sweep,perfect,2,0.02,-1.6989700043360187,-1.8494850021680094,-1.5,12,3.7,3.8999999999999995,3.8,0.1,1000,0.02,,100,8434.63,0.35,6310.224689825587,3.8000448235569815,20.0,0.019999999999999997,1.0,1.0,0.10075531071183244,-1.0404353422335804,-1.055378331375,0.0,1.0,1.0
operational-envelope-v4,atlas,pi1_sweep,finite_k1,2,0.02,-1.6989700043360187,-1.8494850021680094,-1.5,12,3.7,3.8999999999999995,3.8,0.1,1000,0.02,,100,8434.63,0.35,6310.224689825587,3.8000448235569815,20.0,0.019999999999999997,0.02,0.0015000000000000002,0.05833333333333333,-1.0404353422335804,-1.055378331375,0.0,0.7589520408163263,0.0
operational-envelope-v4,atlas,pi1_sweep,finite_k2,2,0.02,-1.6989700043360187,-1.8494850021680094,-1.5,12,3.7,3.8999999999999995,3.8,0.1,1000,0.02,,100,8434.63,0.35,6310.224689825587,3.8000448235569815,20.0,0.019999999999999997,0.38,0.048,0.06517857142857142,-1.0404353422335804,-1.055378331375,0.0,0.9192862244897959,0.0
operational-envelope-v4,atlas,pi1_sweep,finite_k3,2,0.02,-1.6989700043360187,-1.8494850021680094,-1.5,12,3.7,3.8999999999999995,3.8,0.1,1000,0.02,,100,8434.63,0.35,6310.224689825587,3.8000448235569815,20.0,0.019999999999999997,0.97,0.47300000000000003,0.09933075072987912,-1.0404353422335804,-1.055378331375,0.0,0.9823484693877552,0.0
operational-envelope-v4,atlas,pi1_sweep,perfect,2,0.02,-1.6989700043360187,-1.8494850021680094,-1.5,13,3.8999999999999995,4.1,3.9999999999999996,0.1,1000,0.02,,100,10627.88,0.245,9331.675961884901,3.9699596497093017,20.0,0.019999999999999997,1.0,1.0,0.10688034831513091,-1.184938110608477,-1.17819078764433,0.0,1.0,1.0
operational-envelope-v4,atlas,pi1_sweep,finite_k1,2,0.02,-1.6989700043360187,-1.8494850021680094,-1.5,13,3.8999999999999995,4.1,3.9999999999999996,0.1,1000,0.02,,100,10627.88,0.245,9331.675961884901,3.9699596497093017,20.0,0.019999999999999997,0.07,0.0035000000000000005,0.08833333333333332,-1.184938110608477,-1.17819078764433,0.0,0.7591954081632651,0.0
operational-envelope-v4,atlas,pi1_sweep,finite_k2,2,0.02,-1.6989700043360187,-1.8494850021680094,-1.5,13,3.8999999999999995,4.1,3.9999999999999996,0.1,1000,0.02,,100,10627.88,0.245,9331.675961884901,3.9699596497093017,20.0,0.019999999999999997,0.46,0.066,0.0884423076923077,-1.184938110608477,-1.17819078764433,0.0,0.9203867346938774,0.0
operational-envelope-v4,atlas,pi1_sweep,finite_k3,2,0.02,-1.6989700043360187,-1.8494850021680094,-1.5,13,3.8999999999999995,4.1,3.9999999999999996,0.1,1000,0.02,,100,10627.88,0.245,9331.675961884901,3.9699596497093017,20.0,0.019999999999999997,0.98,0.44300000000000006,0.10069698984366166,-1.184938110608477,-1.17819078764433,0.0,0.9822719387755101,0.0
operational-envelope-v4,atlas,pi1_sweep,perfect,3,0.05,-1.3010299956639813,-1.5,-1.1505149978319906,0,1.3,1.5,1.4,0.1,1000,0.05,,100,521.73,0.705,25.90610615512688,1.4134021407965212,50.0,0.04999999999999999,0.04,0.02,0.00892366050260787,0.7745388590945192,0.9194404252010937,0.92,1.0,1.0
operational-envelope-v4,atlas,pi1_sweep,finite_k1,3,0.05,-1.3010299956639813,-1.5,-1.1505149978319906,0,1.3,1.5,1.4,0.1,1000,0.05,,100,521.73,0.705,25.90610615512688,1.4134021407965212,50.0,0.04999999999999999,0.0,0.0,0.01,0.7745388590945192,0.9194404252010937,0.92,0.759621052631579,0.0
operational-envelope-v4,atlas,pi1_sweep,finite_k2,3,0.05,-1.3010299956639813,-1.5,-1.1505149978319906,0,1.3,1.5,1.4,0.1,1000,0.05,,100,521.73,0.705,25.90610615512688,1.4134021407965212,50.0,0.04999999999999999,0.01,0.0002,0.005,0.7745388590945192,0.9194404252010937,0.92,0.9206366315789474,0.0
operational-envelope-v4,atlas,pi1_sweep,finite_k3,3,0.05,-1.3010299956639813,-1.5,-1.1505149978319906,0,1.3,1.5,1.4,0.1,1000,0.05,,100,521.73,0.705,25.90610615512688,1.4134021407965212,50.0,0.04999999999999999,0.03,0.009600000000000001,0.007246376811594203,0.7745388590945192,0.9194404252010937,0.92,0.9827233684210526,0.03
operational-envelope-v4,atlas,pi1_sweep,perfect,3,0.05,-1.3010299956639813,-1.5,-1.1505149978319906,1,1.5,1.7,1.6,0.1,1000,0.05,,100,360.59,0.63,41.02825490528766,1.613083045089709,50.0,0.04999999999999999,0.08,0.0424,0.011713994051925086,0.624545292364255,0.7328282715969862,0.92,1.0,1.0
operational-envelope-v4,atlas,pi1_sweep,finite_k1,3,0.05,-1.3010299956639813,-1.5,-1.1505149978319906,1,1.5,1.7,1.6,0.1,1000,0.05,,100,360.59,0.63,41.02825490528766,1.613083045089709,50.0,0.04999999999999999,0.0,0.0,0.01,0.624545292364255,0.7328282715969862,0.92,0.7602684210526317,0.0
operational-envelope-v4,atlas,pi1_sweep,finite_k2,3,0.05,-1.3010299956639813,-1.5,-1.1505149978319906,1,1.5,1.7,1.6,0.1,1000,0.05,,100,360.59,0.63,41.02825490528766,1.613083045089709,50.0,0.04999999999999999,0.04,0.0018000000000000002,0.016476190476190474,0.624545292364255,0.7328282715969862,0.92,0.9205387368421053,0.0
operational-envelope-v4,atlas,pi1_sweep,finite_k3,3,0.05,-1.3010299956639813,-1.5,-1.1505149978319906,1,1.5,1.7,1.6,0.1,1000,0.05,,100,360.59,0.63,41.02825490528766,1.613083045089709,50.0,0.04999999999999999,0.07,0.0182,0.014049242424242426,0.624545292364255,0.7328282715969862,0.92,0.9822679999999999,0.01
operational-envelope-v4,atlas,pi1_sweep,perfect,3,0.05,-1.3010299956639813,-1.5,-1.1505149978319906,2,1.7,1.9,1.7999999999999998,0.1,1000,0.05,,100,304.5,0.62,64.37728218221538,1.8087326381125426,50.0,0.04999999999999999,0.17,0.0684,0.025430928754064778,0.4467158648840355,0.5376020021010439,0.9,1.0,1.0
operational-envelope-v4,atlas,pi1_sweep,finite_k1,3,0.05,-1.3010299956639813,-1.5,-1.1505149978319906,2,1.7,1.9,1.7999999999999998,0.1,1000,0.05,,100,304.5,0.62,64.37728218221538,1.8087326381125426,50.0,0.04999999999999999,0.01,0.0002,0.01,0.4467158648840355,0.5376020021010439,0.9,0.760557052631579,0.0
operational-envelope-v4,atlas,pi1_sweep,finite_k2,3,0.05,-1.3010299956639813,-1.5,-1.1505149978319906,2,1.7,1.9,1.7999999999999998,0.1,1000,0.05,,100,304.5,0.62,64.37728218221538,1.8087326381125426,50.0,0.04999999999999999,0.02,0.0024,0.027532467532467533,0.4467158648840355,0.5376020021010439,0.9,0.9213875789473684,0.0
operational-envelope-v4,atlas,pi1_sweep,finite_k3,3,0.05,-1.3010299956639813,-1.5,-1.1505149978319906,2,1.7,1.9,1.7999999999999998,0.1,1000,0.05,,100,304.5,0.62,64.37728218221538,1.8087326381125426,50.0,0.04999999999999999,0.1,0.0212,0.018037518037518033,0.4467158648840355,0.5376020021010439,0.9,0.9830566315789473,0.0
operational-envelope-v4,atlas,pi1_sweep,perfect,3,0.05,-1.3010299956639813,-1.5,-1.1505149978319906,3,1.9,2.1,2.0,0.1,1000,0.05,,100,586.54,0.695,102.4420763450028,2.010478372373888,50.0,0.04999999999999999,0.24,0.1262,0.030905825229634334,0.19637903497023917,0.31869718411648784,0.82,1.0,1.0
operational-envelope-v4,atlas,pi1_sweep,finite_k1,3,0.05,-1.3010299956639813,-1.5,-1.1505149978319906,3,1.9,2.1,2.0,0.1,1000,0.05,,100,586.54,0.695,102.4420763450028,2.010478372373888,50.0,0.04999999999999999,0.0,0.0,0.0,0.19637903497023917,0.31869718411648784,0.82,0.758686947368421,0.0
operational-envelope-v4,atlas,pi1_sweep,finite_k2,3,0.05,-1.3010299956639813,-1.5,-1.1505149978319906,3,1.9,2.1,2.0,0.1,1000,0.05,,100,586.54,0.695,102.4420763450028,2.010478372373888,50.0,0.04999999999999999,0.05,0.0036,0.005,0.19637903497023917,0.31869718411648784,0.82,0.9212494736842105,0.0
operational-envelope-v4,atlas,pi1_sweep,finite_k3,3,0.05,-1.3010299956639813,-1.5,-1.1505149978319906,3,1.9,2.1,2.0,0.1,1000,0.05,,100,586.54,0.695,102.4420763450028,2.010478372373888,50.0,0.04999999999999999,0.11,0.0342,0.017836784474555372,0.19637903497023917,0.31869718411648784,0.82,0.9832471578947368,0.0
operational-envelope-v4,atlas,pi1_sweep,perfect,3,0.05,-1.3010299956639813,-1.5,-1.1505149978319906,4,2.1,2.3,2.2,0.1,1000,0.05,,100,750.8,0.705,160.1593269260695,2.204552235004698,50.0,0.04999999999999999,0.53,0.3274,0.05229990381164336,0.054310045038521874,0.14266750356873154,0.82,1.0,1.0
operational-envelope-v4,atlas,pi1_sweep,finite_k1,3,0.05,-1.3010299956639813,-1.5,-1.1505149978319906,4,2.1,2.3,2.2,0.1,1000,0.05,,100,750.8,0.705,160.1593269260695,2.204552235004698,50.0,0.04999999999999999,0.01,0.0002,0.0175,0.054310045038521874,0.14266750356873154,0.82,0.7662320000000001,0.0
operational-envelope-v4,atlas,pi1_sweep,finite_k2,3,0.05,-1.3010299956639813,-1.5,-1.1505149978319906,4,2.1,2.3,2.2,0.1,1000,0.05,,100,750.8,0.705,160.1593269260695,2.204552235004698,50.0,0.04999999999999999,0.08,0.0062,0.03205555555555556,0.054310045038521874,0.14266750356873154,0.82,0.924828842105263,0.0
operational-envelope-v4,atlas,pi1_sweep,finite_k3,3,0.05,-1.3010299956639813,-1.5,-1.1505149978319906,4,2.1,2.3,2.2,0.1,1000,0.05,,100,750.8,0.705,160.1593269260695,2.204552235004698,50.0,0.04999999999999999,0.22,0.06359999999999999,0.03520730875404788,0.054310045038521874,0.14266750356873154,0.82,0.9841953684210526,0.0
operational-envelope-v4,atlas,pi1_sweep,perfect,3,0.05,-1.3010299956639813,-1.5,-1.1505149978319906,5,2.3,2.5,2.4,0.1,1000,0.05,,100,1350.0,0.715,260.26731160351164,2.415419626112766,50.0,0.04999999999999999,0.81,0.7120000000000001,0.07098868284104218,-0.20502184907380847,-0.10037054511756292,0.26,1.0,1.0
operational-envelope-v4,atlas,pi1_sweep,finite_k1,3,0.05,-1.3010299956639813,-1.5,-1.1505149978319906,5,2.3,2.5,2.4,0.1,1000,0.05,,100,1350.0,0.715,260.26731160351164,2.415419626112766,50.0,0.04999999999999999,0.01,0.0002,0.027999999999999997,-0.20502184907380847,-0.10037054511756292,0.26,0.7696269473684211,0.0
operational-envelope-v4,atlas,pi1_sweep,finite_k2,3,0.05,-1.3010299956639813,-1.5,-1.1505149978319906,5,2.3,2.5,2.4,0.1,1000,0.05,,100,1350.0,0.715,260.26731160351164,2.415419626112766,50.0,0.04999999999999999,0.07,0.0126,0.016641943734015344,-0.20502184907380847,-0.10037054511756292,0.26,0.9262421052631578,0.0
operational-envelope-v4,atlas,pi1_sweep,finite_k3,3,0.05,-1.3010299956639813,-1.5,-1.1505149978319906,5,2.3,2.5,2.4,0.1,1000,0.05,,100,1350.0,0.715,260.26731160351164,2.415419626112766,50.0,0.04999999999999999,0.35,0.18280000000000002,0.053669589645684655,-0.20502184907380847,-0.10037054511756292,0.26,0.984617052631579,0.0
operational-envelope-v4,atlas,pi1_sweep,perfect,3,0.05,-1.3010299956639813,-1.5,-1.1505149978319906,6,2.5,2.7,2.6,0.1,1000,0.05,,100,1488.06,0.665,406.79533192787284,2.609375960647959,50.0,0.04999999999999999,0.95,0.8994,0.07610370602485732,-0.3561387028259733,-0.28655499749065827,0.01,1.0,1.0
operational-envelope-v4,atlas,pi1_sweep,finite_k1,3,0.05,-1.3010299956639813,-1.5,-1.1505149978319906,6,2.5,2.7,2.6,0.1,1000,0.05,,100,1488.06,0.665,406.79533192787284,2.609375960647959,50.0,0.04999999999999999,0.01,0.0002,0.01,-0.3561387028259733,-0.28655499749065827,0.01,0.7612614736842103,0.0
operational-envelope-v4,atlas,pi1_sweep,finite_k2,3,0.05,-1.3010299956639813,-1.5,-1.1505149978319906,6,2.5,2.7,2.6,0.1,1000,0.05,,100,1488.06,0.665,406.79533192787284,2.609375960647959,50.0,0.04999999999999999,0.09,0.012200000000000003,0.029659003831417622,-0.3561387028259733,-0.28655499749065827,0.01,0.9234124210526317,0.0
operational-envelope-v4,atlas,pi1_sweep,finite_k3,3,0.05,-1.3010299956639813,-1.5,-1.1505149978319906,6,2.5,2.7,2.6,0.1,1000,0.05,,100,1488.06,0.665,406.79533192787284,2.609375960647959,50.0,0.04999999999999999,0.6,0.3094,0.07116586255029853,-0.3561387028259733,-0.28655499749065827,0.01,0.9841341052631578,0.0
operational-envelope-v4,atlas,pi1_sweep,perfect,3,0.05,-1.3010299956639813,-1.5,-1.1505149978319906,7,2.7,2.9,2.8,0.1,1000,0.05,,100,2021.74,0.69,644.6084705627177,2.8092960081177933,50.0,0.04999999999999999,0.97,0.9466,0.08298619498893749,-0.540802032602966,-0.49318572503356134,0.0,1.0,1.0
operational-envelope-v4,atlas,pi1_sweep,finite_k1,3,0.05,-1.3010299956639813,-1.5,-1.1505149978319906,7,2.7,2.9,2.8,0.1,1000,0.05,,100,2021.74,0.69,644.6084705627177,2.8092960081177933,50.0,0.04999999999999999,0.03,0.0016,0.03266666666666666,-0.540802032602966,-0.49318572503356134,0.0,0.7600583157894737,0.0
operational-envelope-v4,atlas,pi1_sweep,finite_k2,3,0.05,-1.3010299956639813,-1.5,-1.1505149978319906,7,2.7,2.9,2.8,0.1,1000,0.05,,100,2021.74,0.69,644.6084705627177,2.8092960081177933,50.0,0.04999999999999999,0.27,0.0332,0.05206905431170137,-0.540802032602966,-0.49318572503356134,0.0,0.9211391578947368,0.0
operational-envelope-v4,atlas,pi1_sweep,finite_k3,3,0.05,-1.3010299956639813,-1.5,-1.1505149978319906,7,2.7,2.9,2.8,0.1,1000,0.05,,100,2021.74,0.69,644.6084705627177,2.8092960081177933,50.0,0.04999999999999999,0.79,0.41300000000000003,0.07846625616429098,-0.540802032602966,-0.49318572503356134,0.0,0.9828903157894736,0.0
operational-envelope-v4,atlas,pi1_sweep,perfect,3,0.05,-1.3010299956639813,-1.5,-1.1505149978319906,8,2.9,3.0999999999999996,3.0,0.1,1000,0.05,,100,3243.91,0.71,1014.7059965822774,3.006340226921213,50.0,0.04999999999999999,1.0,0.9896,0.08205400592855351,-0.7638281345669047,-0.6994040818153374,0.0,1.0,1.0
operational-envelope-v4,atlas,pi1_sweep,finite_k1,3,0.05,-1.3010299956639813,-1.5,-1.1505149978319906,8,2.9,3.0999999999999996,3.0,0.1,1000,0.05,,100,3243.91,0.71,1014.7059965822774,3.006340226921213,50.0,0.04999999999999999,0.04,0.0014000000000000002,0.011000000000000001,-0.7638281345669047,-0.6994040818153374,0.0,0.7570370526315792,0.0
operational-envelope-v4,atlas,pi1_sweep,finite_k2,3,0.05,-1.3010299956639813,-1.5,-1.1505149978319906,8,2.9,3.0999999999999996,3.0,0.1,1000,0.05,,100,3243.91,0.71,1014.7059965822774,3.006340226921213,50.0,0.04999999999999999,0.35,0.0438,0.043501856584808526,-0.7638281345669047,-0.6994040818153374,0.0,0.9206797894736841,0.0
operational-envelope-v4,atlas,pi1_sweep,finite_k3,3,0.05,-1.3010299956639813,-1.5,-1.1505149978319906,8,2.9,3.0999999999999996,3.0,0.1,1000,0.05,,100,3243.91,0.71,1014.7059965822774,3.006340226921213,50.0,0.04999999999999999,0.95,0.5134000000000001,0.08107142921198066,-0.7638281345669047,-0.6994040818153374,0.0,0.9828949473684208,0.0
operational-envelope-v4,atlas,pi1_sweep,perfect,3,0.05,-1.3010299956639813,-1.5,-1.1505149978319906,9,3.0999999999999996,3.3,3.1999999999999997,0.1,1000,0.05,,100,4530.61,0.66,1605.8116102510667,3.20569459360301,50.0,0.04999999999999999,0.99,0.9884000000000001,0.08618509353986195,-0.9288577503269297,-0.8936089924566568,0.0,1.0,1.0
operational-envelope-v4,atlas,pi1_sweep,finite_k1,3,0.05,-1.3010299956639813,-1.5,-1.1505149978319906,9,3.0999999999999996,3.3,3.1999999999999997,0.1,1000,0.05,,100,4530.61,0.66,1605.8116102510667,3.20569459360301,50.0,0.04999999999999999,0.01,0.0002,0.02,-0.9288577503269297,-0.8936089924566568,0.0,0.7606717894736843,0.0
operational-envelope-v4,atlas,pi1_sweep,finite_k2,3,0.05,-1.3010299956639813,-1.5,-1.1505149978319906,9,3.0999999999999996,3.3,3.1999999999999997,0.1,1000,0.05,,100,4530.61,0.66,1605.8116102510667,3.20569459360301,50.0,0.04999999999999999,0.44,0.0576,0.049536943448708154,-0.9288577503269297,-0.8936089924566568,0.0,0.9226970526315789,0.0
operational-envelope-v4,atlas,pi1_sweep,finite_k3,3,0.05,-1.3010299956639813,-1.5,-1.1505149978319906,9,3.0999999999999996,3.3,3.1999999999999997,0.1,1000,0.05,,100,4530.61,0.66,1605.8116102510667,3.20569459360301,50.0,0.04999999999999999,0.95,0.5536000000000001,0.08192552692492475,-0.9288577503269297,-0.8936089924566568,0.0,0.9836296842105264,0.0
operational-envelope-v4,atlas,pi1_sweep,perfect,3,0.05,-1.3010299956639813,-1.5,-1.1505149978319906,10,3.3,3.5,3.4,0.1,1000,0.05,,100,4275.81,0.495,2573.5913301813443,3.4105395848612963,50.0,0.04999999999999999,1.0,0.9998,0.0885333865793973,-1.0425026752845918,-1.0534626049254554,0.0,1.0,1.0
operational-envelope-v4,atlas,pi1_sweep,finite_k1,3,0.05,-1.3010299956639813,-1.5,-1.1505149978319906,10,3.3,3.5,3.4,0.1,1000,0.05,,100,4275.81,0.495,2573.5913301813443,3.4105395848612963,50.0,0.04999999999999999,0.03,0.0008,0.0125,-1.0425026752845918,-1.0534626049254554,0.0,0.7626635789473685,0.0
operational-envelope-v4,atlas,pi1_sweep,finite_k2,3,0.05,-1.3010299956639813,-1.5,-1.1505149978319906,10,3.3,3.5,3.4,0.1,1000,0.05,,100,4275.81,0.495,2573.5913301813443,3.4105395848612963,50.0,0.04999999999999999,0.55,0.0774,0.0665546515859815,-1.0425026752845918,-1.0534626049254554,0.0,0.9228461052631579,0.0
operational-envelope-v4,atlas,pi1_sweep,finite_k3,3,0.05,-1.3010299956639813,-1.5,-1.1505149978319906,10,3.3,3.5,3.4,0.1,1000,0.05,,100,4275.81,0.495,2573.5913301813443,3.4105395848612963,50.0,0.04999999999999999,0.99,0.5864,0.08567813939443666,-1.0425026752845918,-1.0534626049254554,0.0,0.9835711578947368,0.0
operational-envelope-v4,atlas,pi1_sweep,perfect,3,0.05,-1.3010299956639813,-1.5,-1.1505149978319906,11,3.5,3.7,3.6,0.1,1000,0.05,,100,6738.98,0.495,4067.538666994544,3.6093316901356434,50.0,0.04999999999999999,1.0,1.0,0.09734031366203265,-1.244177757720123,-1.2533380053261065,0.0,1.0,1.0
operational-envelope-v4,atlas,pi1_sweep,finite_k1,3,0.05,-1.3010299956639813,-1.5,-1.1505149978319906,11,3.5,3.7,3.6,0.1,1000,0.05,,100,6738.98,0.495,4067.538666994544,3.6093316901356434,50.0,0.04999999999999999,0.1,0.0034,0.0525,-1.244177757720123,-1.2533380053261065,0.0,0.7629275789473686,0.0
operational-envelope-v4,atlas,pi1_sweep,finite_k2,3,0.05,-1.3010299956639813,-1.5,-1.1505149978319906,11,3.5,3.7,3.6,0.1,1000,0.05,,100,6738.98,0.495,4067.538666994544,3.6093316901356434,50.0,0.04999999999999999,0.72,0.10779999999999999,0.08589029099555416,-1.244177757720123,-1.2533380053261065,0.0,0.9216637894736843,0.0
operational-envelope-v4,atlas,pi1_sweep,finite_k3,3,0.05,-1.3010299956639813,-1.5,-1.1505149978319906,11,3.5,3.7,3.6,0.1,1000,0.05,,100,6738.98,0.495,4067.538666994544,3.6093316901356434,50.0,0.04999999999999999,0.99,0.6154,0.0961639126315919,-1.244177757720123,-1.2533380053261065,0.0,0.9826890526315789,0.0
operational-envelope-v4,atlas,pi1_sweep,perfect,3,0.05,-1.3010299956639813,-1.5,-1.1505149978319906,12,3.7,3.8999999999999995,3.8,0.1,1000,0.05,,100,8434.63,0.35,6305.527442312508,3.799721420124833,50.0,0.04999999999999999,1.0,1.0,0.08936175976310054,-1.4160656930897861,-1.4533183400470377,0.0,1.0,1.0
operational-envelope-v4,atlas,pi1_sweep,finite_k1,3,0.05,-1.3010299956639813,-1.5,-1.1505149978319906,12,3.7,3.8999999999999995,3.8,0.1,1000,0.05,,100,8434.63,0.35,6305.527442312508,3.799721420124833,50.0,0.04999999999999999,0.08,0.0034000000000000002,0.02738095238095238,-1.4160656930897861,-1.4533183400470377,0.0,0.7580574736842106,0.0
operational-envelope-v4,atlas,pi1_sweep,finite_k2,3,0.05,-1.3010299956639813,-1.5,-1.1505149978319906,12,3.7,3.8999999999999995,3.8,0.1,1000,0.05,,100,8434.63,0.35,6305.527442312508,3.799721420124833,50.0,0.04999999999999999,0.78,0.10739999999999998,0.07368672993672994,-1.4160656930897861,-1.4533183400470377,0.0,0.920532,0.0
operational-envelope-v4,atlas,pi1_sweep,finite_k3,3,0.05,-1.3010299956639813,-1.5,-1.1505149978319906,12,3.7,3.8999999999999995,3.8,0.1,1000,0.05,,100,8434.63,0.35,6305.527442312508,3.799721420124833,50.0,0.04999999999999999,1.0,0.6092,0.08985432739846103,-1.4160656930897861,-1.4533183400470377,0.0,0.9829324210526316,0.0
operational-envelope-v4,atlas,pi1_sweep,perfect,3,0.05,-1.3010299956639813,-1.5,-1.1505149978319906,13,3.8999999999999995,4.1,3.9999999999999996,0.1,1000,0.05,,100,10627.88,0.245,9327.800645853687,3.969779255754255,50.0,0.04999999999999999,1.0,1.0,0.09386256884565643,-1.5758273089957777,-1.5587827824770388,0.0,1.0,1.0
operational-envelope-v4,atlas,pi1_sweep,finite_k1,3,0.05,-1.3010299956639813,-1.5,-1.1505149978319906,13,3.8999999999999995,4.1,3.9999999999999996,0.1,1000,0.05,,100,10627.88,0.245,9327.800645853687,3.969779255754255,50.0,0.04999999999999999,0.06,0.0018,0.0575,-1.5758273089957777,-1.5587827824770388,0.0,0.7569734736842105,0.0
operational-envelope-v4,atlas,pi1_sweep,finite_k2,3,0.05,-1.3010299956639813,-1.5,-1.1505149978319906,13,3.8999999999999995,4.1,3.9999999999999996,0.1,1000,0.05,,100,10627.88,0.245,9327.800645853687,3.969779255754255,50.0,0.04999999999999999,0.77,0.1042,0.09112730862189064,-1.5758273089957777,-1.5587827824770388,0.0,0.9188496842105264,0.0
operational-envelope-v4,atlas,pi1_sweep,finite_k3,3,0.05,-1.3010299956639813,-1.5,-1.1505149978319906,13,3.8999999999999995,4.1,3.9999999999999996,0.1,1000,0.05,,100,10627.88,0.245,9327.800645853687,3.969779255754255,50.0,0.04999999999999999,1.0,0.6043999999999999,0.09796939117864052,-1.5758273089957777,-1.5587827824770388,0.0,0.9821802105263155,0.0
operational-envelope-v4,atlas,pi1_sweep,perfect,4,0.1,-1.0,-1.1505149978319906,-0.8494850021680094,0,1.3,1.5,1.4,0.1,1000,0.1,,100,134.72,0.62,25.894216196289435,1.4132027696972909,100.0,0.09999999999999998,0.13,0.05960000000000001,0.024119715377020026,0.5259549046836999,0.619788758288394,0.9,1.0,1.0
operational-envelope-v4,atlas,pi1_sweep,finite_k1,4,0.1,-1.0,-1.1505149978319906,-0.8494850021680094,0,1.3,1.5,1.4,0.1,1000,0.1,,100,134.72,0.62,25.894216196289435,1.4132027696972909,100.0,0.09999999999999998,0.0,0.0,0.0,0.5259549046836999,0.619788758288394,0.9,0.7614612222222221,0.0
operational-envelope-v4,atlas,pi1_sweep,finite_k2,4,0.1,-1.0,-1.1505149978319906,-0.8494850021680094,0,1.3,1.5,1.4,0.1,1000,0.1,,100,134.72,0.62,25.894216196289435,1.4132027696972909,100.0,0.09999999999999998,0.04,0.0036,0.020341013824884794,0.5259549046836999,0.619788758288394,0.9,0.9223691111111111,0.0
operational-envelope-v4,atlas,pi1_sweep,finite_k3,4,0.1,-1.0,-1.1505149978319906,-0.8494850021680094,0,1.3,1.5,1.4,0.1,1000,0.1,,100,134.72,0.62,25.894216196289435,1.4132027696972909,100.0,0.09999999999999998,0.1,0.021,0.024814555655072894,0.5259549046836999,0.619788758288394,0.9,0.9834863333333332,0.01
operational-envelope-v4,atlas,pi1_sweep,perfect,4,0.1,-1.0,-1.1505149978319906,-0.8494850021680094,1,1.5,1.7,1.6,0.1,1000,0.1,,100,138.42,0.6,40.976127525035736,1.612530912728541,100.0,0.09999999999999998,0.24,0.0941,0.04201231566643147,0.39601079346462176,0.431798275933005,0.91,1.0,1.0
operational-envelope-v4,atlas,pi1_sweep,finite_k1,4,0.1,-1.0,-1.1505149978319906,-0.8494850021680094,1,1.5,1.7,1.6,0.1,1000,0.1,,100,138.42,0.6,40.976127525035736,1.612530912728541,100.0,0.09999999999999998,0.01,0.0002,0.018333333333333333,0.39601079346462176,0.431798275933005,0.91,0.7622224444444445,0.0
operational-envelope-v4,atlas,pi1_sweep,finite_k2,4,0.1,-1.0,-1.1505149978319906,-0.8494850021680094,1,1.5,1.7,1.6,0.1,1000,0.1,,100,138.42,0.6,40.976127525035736,1.612530912728541,100.0,0.09999999999999998,0.07,0.0036,0.021525930210140737,0.39601079346462176,0.431798275933005,0.91,0.9229006666666666,0.0
operational-envelope-v4,atlas,pi1_sweep,finite_k3,4,0.1,-1.0,-1.1505149978319906,-0.8494850021680094,1,1.5,1.7,1.6,0.1,1000,0.1,,100,138.42,0.6,40.976127525035736,1.612530912728541,100.0,0.09999999999999998,0.11,0.0209,0.027131189238692816,0.39601079346462176,0.431798275933005,0.91,0.9836768888888889,0.0
operational-envelope-v4,atlas,pi1_sweep,perfect,4,0.1,-1.0,-1.1505149978319906,-0.8494850021680094,2,1.7,1.9,1.7999999999999998,0.1,1000,0.1,,100,410.8,0.74,64.77131533832154,1.811382716544006,100.0,0.09999999999999998,0.42,0.23919999999999997,0.04415159119887854,0.0939656846991959,0.23472194801622032,0.78,1.0,1.0
operational-envelope-v4,atlas,pi1_sweep,finite_k1,4,0.1,-1.0,-1.1505149978319906,-0.8494850021680094,2,1.7,1.9,1.7999999999999998,0.1,1000,0.1,,100,410.8,0.74,64.77131533832154,1.811382716544006,100.0,0.09999999999999998,0.01,0.0001,0.0,0.0939656846991959,0.23472194801622032,0.78,0.7637898888888889,0.0
operational-envelope-v4,atlas,pi1_sweep,finite_k2,4,0.1,-1.0,-1.1505149978319906,-0.8494850021680094,2,1.7,1.9,1.7999999999999998,0.1,1000,0.1,,100,410.8,0.74,64.77131533832154,1.811382716544006,100.0,0.09999999999999998,0.11,0.0046,0.01226190476190476,0.0939656846991959,0.23472194801622032,0.78,0.9229586666666667,0.0
operational-envelope-v4,atlas,pi1_sweep,finite_k3,4,0.1,-1.0,-1.1505149978319906,-0.8494850021680094,2,1.7,1.9,1.7999999999999998,0.1,1000,0.1,,100,410.8,0.74,64.77131533832154,1.811382716544006,100.0,0.09999999999999998,0.24,0.07640000000000001,0.03771187540591599,0.0939656846991959,0.23472194801622032,0.78,0.9834689999999999,0.0
operational-envelope-v4,atlas,pi1_sweep,perfect,4,0.1,-1.0,-1.1505149978319906,-0.8494850021680094,3,1.9,2.1,2.0,0.1,1000,0.1,,100,551.94,0.725,101.55650968166958,2.006707766521901,100.0,0.09999999999999998,0.75,0.6078999999999999,0.07493667489804874,-0.10309362193559962,0.004086780333880935,0.5,1.0,1.0
operational-envelope-v4,atlas,pi1_sweep,finite_k1,4,0.1,-1.0,-1.1505149978319906,-0.8494850021680094,3,1.9,2.1,2.0,0.1,1000,0.1,,100,551.94,0.725,101.55650968166958,2.006707766521901,100.0,0.09999999999999998,0.02,0.0028000000000000004,0.037403846153846156,-0.10309362193559962,0.004086780333880935,0.5,0.7567622222222222,0.0
operational-envelope-v4,atlas,pi1_sweep,finite_k2,4,0.1,-1.0,-1.1505149978319906,-0.8494850021680094,3,1.9,2.1,2.0,0.1,1000,0.1,,100,551.94,0.725,101.55650968166958,2.006707766521901,100.0,0.09999999999999998,0.12,0.022400000000000003,0.022547948227037408,-0.10309362193559962,0.004086780333880935,0.5,0.919489,0.0
operational-envelope-v4,atlas,pi1_sweep,finite_k3,4,0.1,-1.0,-1.1505149978319906,-0.8494850021680094,3,1.9,2.1,2.0,0.1,1000,0.1,,100,551.94,0.725,101.55650968166958,2.006707766521901,100.0,0.09999999999999998,0.41,0.1895,0.0654676853813637,-0.10309362193559962,0.004086780333880935,0.5,0.9825755555555556,0.0
operational-envelope-v4,atlas,pi1_sweep,perfect,4,0.1,-1.0,-1.1505149978319906,-0.8494850021680094,4,2.1,2.3,2.2,0.1,1000,0.1,,100,933.0,0.725,164.53676939025084,2.216262965865756,100.0,0.09999999999999998,0.91,0.8321,0.0719038562582142,-0.29892793694915154,-0.18196738112675961,0.12,1.0,1.0
operational-envelope-v4,atlas,pi1_sweep,finite_k1,4,0.1,-1.0,-1.1505149978319906,-0.8494850021680094,4,2.1,2.3,2.2,0.1,1000,0.1,,100,933.0,0.725,164.53676939025084,2.216262965865756,100.0,0.09999999999999998,0.04,0.0009,0.027884615384615383,-0.29892793694915154,-0.18196738112675961,0.12,0.7575386666666667,0.0
operational-envelope-v4,atlas,pi1_sweep,finite_k2,4,0.1,-1.0,-1.1505149978319906,-0.8494850021680094,4,2.1,2.3,2.2,0.1,1000,0.1,,100,933.0,0.725,164.53676939025084,2.216262965865756,100.0,0.09999999999999998,0.18,0.0339,0.040459028179422915,-0.29892793694915154,-0.18196738112675961,0.12,0.9197902222222223,0.0
operational-envelope-v4,atlas,pi1_sweep,finite_k3,4,0.1,-1.0,-1.1505149978319906,-0.8494850021680094,4,2.1,2.3,2.2,0.1,1000,0.1,,100,933.0,0.725,164.53676939025084,2.216262965865756,100.0,0.09999999999999998,0.58,0.33590000000000003,0.06707246104308244,-0.29892793694915154,-0.18196738112675961,0.12,0.9826314444444442,0.0
operational-envelope-v4,atlas,pi1_sweep,perfect,4,0.1,-1.0,-1.1505149978319906,-0.8494850021680094,5,2.3,2.5,2.4,0.1,1000,0.1,,100,1941.76,0.79,257.0490802744477,2.4100160542935143,100.0,0.09999999999999998,0.97,0.9328,0.06974817304599673,-0.532297529554923,-0.40140054078154414,0.0,1.0,1.0
operational-envelope-v4,atlas,pi1_sweep,finite_k1,4,0.1,-1.0,-1.1505149978319906,-0.8494850021680094,5,2.3,2.5,2.4,0.1,1000,0.1,,100,1941.76,0.79,257.0490802744477,2.4100160542935143,100.0,0.09999999999999998,0.05,0.0013,0.0225,-0.532297529554923,-0.40140054078154414,0.0,0.7541380000000001,0.0
operational-envelope-v4,atlas,pi1_sweep,finite_k2,4,0.1,-1.0,-1.1505149978319906,-0.8494850021680094,5,2.3,2.5,2.4,0.1,1000,0.1,,100,1941.76,0.79,257.0490802744477,2.4100160542935143,100.0,0.09999999999999998,0.28,0.04860000000000001,0.04728098978363506,-0.532297529554923,-0.40140054078154414,0.0,0.9184843333333333,0.0
operational-envelope-v4,atlas,pi1_sweep,finite_k3,4,0.1,-1.0,-1.1505149978319906,-0.8494850021680094,5,2.3,2.5,2.4,0.1,1000,0.1,,100,1941.76,0.79,257.0490802744477,2.4100160542935143,100.0,0.09999999999999998,0.81,0.4847000000000001,0.06831839693073573,-0.532297529554923,-0.40140054078154414,0.0,0.9821714444444445,0.0
operational-envelope-v4,atlas,pi1_sweep,perfect,4,0.1,-1.0,-1.1505149978319906,-0.8494850021680094,6,2.5,2.7,2.6,0.1,1000,0.1,,100,1835.84,0.755,407.84065289368635,2.6104905133681755,100.0,0.09999999999999998,0.99,0.9721,0.07988408158375339,-0.6822222008717265,-0.5840471274585541,0.0,1.0,1.0
operational-envelope-v4,atlas,pi1_sweep,finite_k1,4,0.1,-1.0,-1.1505149978319906,-0.8494850021680094,6,2.5,2.7,2.6,0.1,1000,0.1,,100,1835.84,0.755,407.84065289368635,2.6104905133681755,100.0,0.09999999999999998,0.07,0.0011,0.0345,-0.6822222008717265,-0.5840471274585541,0.0,0.7623657777777777,0.0
operational-envelope-v4,atlas,pi1_sweep,finite_k2,4,0.1,-1.0,-1.1505149978319906,-0.8494850021680094,6,2.5,2.7,2.6,0.1,1000,0.1,,100,1835.84,0.755,407.84065289368635,2.6104905133681755,100.0,0.09999999999999998,0.37,0.0788,0.05108689269123643,-0.6822222008717265,-0.5840471274585541,0.0,0.9225632222222221,0.0
operational-envelope-v4,atlas,pi1_sweep,finite_k3,4,0.1,-1.0,-1.1505149978319906,-0.8494850021680094,6,2.5,2.7,2.6,0.1,1000,0.1,,100,1835.84,0.755,407.84065289368635,2.6104905133681755,100.0,0.09999999999999998,0.93,0.6025,0.07653539887454594,-0.6822222008717265,-0.5840471274585541,0.0,0.9832695555555554,0.0
operational-envelope-v4,atlas,pi1_sweep,perfect,4,0.1,-1.0,-1.1505149978319906,-0.8494850021680094,7,2.7,2.9,2.8,0.1,1000,0.1,,100,2093.9,0.705,646.7137861883126,2.810712119029217,100.0,0.09999999999999998,0.98,0.973,0.08127263087138185,-0.8429950819685647,-0.7708255253614116,0.0,1.0,1.0
operational-envelope-v4,atlas,pi1_sweep,finite_k1,4,0.1,-1.0,-1.1505149978319906,-0.8494850021680094,7,2.7,2.9,2.8,0.1,1000,0.1,,100,2093.9,0.705,646.7137861883126,2.810712119029217,100.0,0.09999999999999998,0.02,0.0006,0.0,-0.8429950819685647,-0.7708255253614116,0.0,0.7623403333333334,0.0
operational-envelope-v4,atlas,pi1_sweep,finite_k2,4,0.1,-1.0,-1.1505149978319906,-0.8494850021680094,7,2.7,2.9,2.8,0.1,1000,0.1,,100,2093.9,0.705,646.7137861883126,2.810712119029217,100.0,0.09999999999999998,0.5,0.11409999999999998,0.06263082272742108,-0.8429950819685647,-0.7708255253614116,0.0,0.9228521111111111,0.0
operational-envelope-v4,atlas,pi1_sweep,finite_k3,4,0.1,-1.0,-1.1505149978319906,-0.8494850021680094,7,2.7,2.9,2.8,0.1,1000,0.1,,100,2093.9,0.705,646.7137861883126,2.810712119029217,100.0,0.09999999999999998,0.97,0.6515000000000001,0.07907343928136473,-0.8429950819685647,-0.7708255253614116,0.0,0.9835495555555553,0.0
operational-envelope-v4,atlas,pi1_sweep,perfect,4,0.1,-1.0,-1.1505149978319906,-0.8494850021680094,8,2.9,3.0999999999999996,3.0,0.1,1000,0.1,,100,3311.1,0.705,1028.3703616075986,3.012149551463863,100.0,0.09999999999999998,1.0,0.9969,0.08212519073519867,-1.0329390217109498,-0.9778078560103969,0.0,1.0,1.0
operational-envelope-v4,atlas,pi1_sweep,finite_k1,4,0.1,-1.0,-1.1505149978319906,-0.8494850021680094,8,2.9,3.0999999999999996,3.0,0.1,1000,0.1,,100,3311.1,0.705,1028.3703616075986,3.012149551463863,100.0,0.09999999999999998,0.08,0.0008,0.0175,-1.0329390217109498,-0.9778078560103969,0.0,0.7642092222222223,0.0
operational-envelope-v4,atlas,pi1_sweep,finite_k2,4,0.1,-1.0,-1.1505149978319906,-0.8494850021680094,8,2.9,3.0999999999999996,3.0,0.1,1000,0.1,,100,3311.1,0.705,1028.3703616075986,3.012149551463863,100.0,0.09999999999999998,0.67,0.12110000000000001,0.06865047209121958,-1.0329390217109498,-0.9778078560103969,0.0,0.9231983333333333,0.0
operational-envelope-v4,atlas,pi1_sweep,finite_k3,4,0.1,-1.0,-1.1505149978319906,-0.8494850021680094,8,2.9,3.0999999999999996,3.0,0.1,1000,0.1,,100,3311.1,0.705,1028.3703616075986,3.012149551463863,100.0,0.09999999999999998,0.98,0.6874999999999999,0.08266494651913639,-1.0329390217109498,-0.9778078560103969,0.0,0.983604,0.0
operational-envelope-v4,atlas,pi1_sweep,perfect,4,0.1,-1.0,-1.1505149978319906,-0.8494850021680094,9,3.0999999999999996,3.3,3.1999999999999997,0.1,1000,0.1,,100,4567.44,0.68,1619.653419156711,3.2094220921655285,100.0,0.09999999999999998,1.0,0.9993,0.0888467609863119,-1.2057259603788955,-1.1592638311829901,0.0,1.0,1.0
operational-envelope-v4,atlas,pi1_sweep,finite_k1,4,0.1,-1.0,-1.1505149978319906,-0.8494850021680094,9,3.0999999999999996,3.3,3.1999999999999997,0.1,1000,0.1,,100,4567.44,0.68,1619.653419156711,3.2094220921655285,100.0,0.09999999999999998,0.1,0.0027,0.009285714285714286,-1.2057259603788955,-1.1592638311829901,0.0,0.756832,0.0
operational-envelope-v4,atlas,pi1_sweep,finite_k2,4,0.1,-1.0,-1.1505149978319906,-0.8494850021680094,9,3.0999999999999996,3.3,3.1999999999999997,0.1,1000,0.1,,100,4567.44,0.68,1619.653419156711,3.2094220921655285,100.0,0.09999999999999998,0.85,0.17030000000000003,0.0780235389635953,-1.2057259603788955,-1.1592638311829901,0.0,0.9196711111111112,0.0
operational-envelope-v4,atlas,pi1_sweep,finite_k3,4,0.1,-1.0,-1.1505149978319906,-0.8494850021680094,9,3.0999999999999996,3.3,3.1999999999999997,0.1,1000,0.1,,100,4567.44,0.68,1619.653419156711,3.2094220921655285,100.0,0.09999999999999998,0.99,0.6984,0.09002773263935623,-1.2057259603788955,-1.1592638311829901,0.0,0.9827842222222221,0.0
operational-envelope-v4,atlas,pi1_sweep,perfect,4,0.1,-1.0,-1.1505149978319906,-0.8494850021680094,10,3.3,3.5,3.4,0.1,1000,0.1,,100,4201.92,0.485,2565.9822897540457,3.4092536545764647,100.0,0.09999999999999998,1.0,1.0,0.09273381150807555,-1.3328643458597358,-1.3544926005894364,0.0,1.0,1.0
operational-envelope-v4,atlas,pi1_sweep,finite_k1,4,0.1,-1.0,-1.1505149978319906,-0.8494850021680094,10,3.3,3.5,3.4,0.1,1000,0.1,,100,4201.92,0.485,2565.9822897540457,3.4092536545764647,100.0,0.09999999999999998,0.06,0.0015,0.031952380952380954,-1.3328643458597358,-1.3544926005894364,0.0,0.7625723333333333,0.0
operational-envelope-v4,atlas,pi1_sweep,finite_k2,4,0.1,-1.0,-1.1505149978319906,-0.8494850021680094,10,3.3,3.5,3.4,0.1,1000,0.1,,100,4201.92,0.485,2565.9822897540457,3.4092536545764647,100.0,0.09999999999999998,0.92,0.19150000000000006,0.08183208448662019,-1.3328643458597358,-1.3544926005894364,0.0,0.922873,0.0
operational-envelope-v4,atlas,pi1_sweep,finite_k3,4,0.1,-1.0,-1.1505149978319906,-0.8494850021680094,10,3.3,3.5,3.4,0.1,1000,0.1,,100,4201.92,0.485,2565.9822897540457,3.4092536545764647,100.0,0.09999999999999998,1.0,0.7182,0.09357659612879723,-1.3328643458597358,-1.3544926005894364,0.0,0.9835608888888888,0.0
operational-envelope-v4,atlas,pi1_sweep,perfect,4,0.1,-1.0,-1.1505149978319906,-0.8494850021680094,11,3.5,3.7,3.6,0.1,1000,0.1,,100,6608.13,0.475,4052.641489716199,3.607738186291758,100.0,0.09999999999999998,1.0,1.0,0.0898242979965584,-1.5247497763847033,-1.5543680009900875,0.0,1.0,1.0
operational-envelope-v4,atlas,pi1_sweep,finite_k1,4,0.1,-1.0,-1.1505149978319906,-0.8494850021680094,11,3.5,3.7,3.6,0.1,1000,0.1,,100,6608.13,0.475,4052.641489716199,3.607738186291758,100.0,0.09999999999999998,0.19,0.004,0.04616666666666667,-1.5247497763847033,-1.5543680009900875,0.0,0.7547992222222223,0.0
operational-envelope-v4,atlas,pi1_sweep,finite_k2,4,0.1,-1.0,-1.1505149978319906,-0.8494850021680094,11,3.5,3.7,3.6,0.1,1000,0.1,,100,6608.13,0.475,4052.641489716199,3.607738186291758,100.0,0.09999999999999998,0.9,0.17539999999999994,0.08875113782763945,-1.5247497763847033,-1.5543680009900875,0.0,0.9180083333333332,0.0
operational-envelope-v4,atlas,pi1_sweep,finite_k3,4,0.1,-1.0,-1.1505149978319906,-0.8494850021680094,11,3.5,3.7,3.6,0.1,1000,0.1,,100,6608.13,0.475,4052.641489716199,3.607738186291758,100.0,0.09999999999999998,1.0,0.7001000000000001,0.0903157613075122,-1.5247497763847033,-1.5543680009900875,0.0,0.9817732222222223,0.0
operational-envelope-v4,atlas,pi1_sweep,perfect,4,0.1,-1.0,-1.1505149978319906,-0.8494850021680094,12,3.7,3.8999999999999995,3.8,0.1,1000,0.1,,100,8434.63,0.35,6296.966165698438,3.79913135979564,100.0,0.09999999999999998,1.0,1.0,0.09765009382779771,-1.7097844907882276,-1.7315989937504113,0.0,1.0,1.0
operational-envelope-v4,atlas,pi1_sweep,finite_k1,4,0.1,-1.0,-1.1505149978319906,-0.8494850021680094,12,3.7,3.8999999999999995,3.8,0.1,1000,0.1,,100,8434.63,0.35,6296.966165698438,3.79913135979564,100.0,0.09999999999999998,0.17,0.0037,0.05285714285714285,-1.7097844907882276,-1.7315989937504113,0.0,0.7587880000000001,0.0
operational-envelope-v4,atlas,pi1_sweep,finite_k2,4,0.1,-1.0,-1.1505149978319906,-0.8494850021680094,12,3.7,3.8999999999999995,3.8,0.1,1000,0.1,,100,8434.63,0.35,6296.966165698438,3.79913135979564,100.0,0.09999999999999998,0.98,0.19169999999999998,0.09433654897080979,-1.7097844907882276,-1.7315989937504113,0.0,0.9207476666666666,0.0
operational-envelope-v4,atlas,pi1_sweep,finite_k3,4,0.1,-1.0,-1.1505149978319906,-0.8494850021680094,12,3.7,3.8999999999999995,3.8,0.1,1000,0.1,,100,8434.63,0.35,6296.966165698438,3.79913135979564,100.0,0.09999999999999998,1.0,0.7268000000000001,0.10052527038089228,-1.7097844907882276,-1.7315989937504113,0.0,0.9827078888888887,0.0
operational-envelope-v4,atlas,pi1_sweep,perfect,4,0.1,-1.0,-1.1505149978319906,-0.8494850021680094,13,3.8999999999999995,4.1,3.9999999999999996,0.1,1000,0.1,,100,10627.88,0.245,9333.866184950233,3.970061570327336,100.0,0.09999999999999998,1.0,1.0,0.09078883562936461,-1.8660499416683753,-1.8451671523023871,0.0,1.0,1.0
operational-envelope-v4,atlas,pi1_sweep,finite_k1,4,0.1,-1.0,-1.1505149978319906,-0.8494850021680094,13,3.8999999999999995,4.1,3.9999999999999996,0.1,1000,0.1,,100,10627.88,0.245,9333.866184950233,3.970061570327336,100.0,0.09999999999999998,0.26,0.0044,0.08505128205128205,-1.8660499416683753,-1.8451671523023871,0.0,0.7604916666666667,0.0
operational-envelope-v4,atlas,pi1_sweep,finite_k2,4,0.1,-1.0,-1.1505149978319906,-0.8494850021680094,13,3.8999999999999995,4.1,3.9999999999999996,0.1,1000,0.1,,100,10627.88,0.245,9333.866184950233,3.970061570327336,100.0,0.09999999999999998,1.0,0.19610000000000002,0.09725390989167235,-1.8660499416683753,-1.8451671523023871,0.0,0.9222610000000002,0.0
operational-envelope-v4,atlas,pi1_sweep,finite_k3,4,0.1,-1.0,-1.1505149978319906,-0.8494850021680094,13,3.8999999999999995,4.1,3.9999999999999996,0.1,1000,0.1,,100,10627.88,0.245,9333.866184950233,3.970061570327336,100.0,0.09999999999999998,1.0,0.7280999999999999,0.09020274548408015,-1.8660499416683753,-1.8451671523023871,0.0,0.9835623333333335,0.0
operational-envelope-v4,atlas,pi1_sweep,perfect,5,0.2,-0.6989700043360187,-0.8494850021680094,-0.5484550065040281,0,1.3,1.5,1.4,0.1,1000,0.2,,100,191.75,0.565,25.837589823771893,1.4122519994524967,200.0,0.19999999999999996,0.24,0.11785,0.02441290072969722,0.30551088223136863,0.3187587626244127,0.91,1.0,1.0
operational-envelope-v4,atlas,pi1_sweep,finite_k1,5,0.2,-0.6989700043360187,-0.8494850021680094,-0.5484550065040281,0,1.3,1.5,1.4,0.1,1000,0.2,,100,191.75,0.565,25.837589823771893,1.4122519994524967,200.0,0.19999999999999996,0.02,0.0002,0.005,0.30551088223136863,0.3187587626244127,0.91,0.7625868125,0.0
operational-envelope-v4,atlas,pi1_sweep,finite_k2,5,0.2,-0.6989700043360187,-0.8494850021680094,-0.5484550065040281,0,1.3,1.5,1.4,0.1,1000,0.2,,100,191.75,0.565,25.837589823771893,1.4122519994524967,200.0,0.19999999999999996,0.06,0.00945,0.02236978025073867,0.30551088223136863,0.3187587626244127,0.91,0.9223783125,0.0
operational-envelope-v4,atlas,pi1_sweep,finite_k3,5,0.2,-0.6989700043360187,-0.8494850021680094,-0.5484550065040281,0,1.3,1.5,1.4,0.1,1000,0.2,,100,191.75,0.565,25.837589823771893,1.4122519994524967,200.0,0.19999999999999996,0.09,0.0272,0.02283884179905566,0.30551088223136863,0.3187587626244127,0.91,0.983334875,0.0
operational-envelope-v4,atlas,pi1_sweep,perfect,5,0.2,-0.6989700043360187,-0.8494850021680094,-0.5484550065040281,1,1.5,1.7,1.6,0.1,1000,0.2,,100,349.86,0.66,40.38356130858542,1.606204615461197,200.0,0.19999999999999996,0.47,0.32,0.04376885610419369,0.03502040439221011,0.1307682802690238,0.84,1.0,1.0
operational-envelope-v4,atlas,pi1_sweep,finite_k1,5,0.2,-0.6989700043360187,-0.8494850021680094,-0.5484550065040281,1,1.5,1.7,1.6,0.1,1000,0.2,,100,349.86,0.66,40.38356130858542,1.606204615461197,200.0,0.19999999999999996,0.04,0.0005,0.0175,0.03502040439221011,0.1307682802690238,0.84,0.75692,0.0
operational-envelope-v4,atlas,pi1_sweep,finite_k2,5,0.2,-0.6989700043360187,-0.8494850021680094,-0.5484550065040281,1,1.5,1.7,1.6,0.1,1000,0.2,,100,349.86,0.66,40.38356130858542,1.606204615461197,200.0,0.19999999999999996,0.12,0.024799999999999996,0.02448376218755436,0.03502040439221011,0.1307682802690238,0.84,0.9195159375,0.0
operational-envelope-v4,atlas,pi1_sweep,finite_k3,5,0.2,-0.6989700043360187,-0.8494850021680094,-0.5484550065040281,1,1.5,1.7,1.6,0.1,1000,0.2,,100,349.86,0.66,40.38356130858542,1.606204615461197,200.0,0.19999999999999996,0.2,0.08915,0.035498330433952535,0.03502040439221011,0.1307682802690238,0.84,0.9823904374999999,0.0
operational-envelope-v4,atlas,pi1_sweep,perfect,5,0.2,-0.6989700043360187,-0.8494850021680094,-0.5484550065040281,2,1.7,1.9,1.7999999999999998,0.1,1000,0.2,,100,319.92,0.675,64.98161328233472,1.8127904892637863,200.0,0.19999999999999996,0.83,0.7333500000000002,0.04774313573935917,-0.16405069558233534,-0.06935036192543503,0.35,1.0,1.0
operational-envelope-v4,atlas,pi1_sweep,finite_k1,5,0.2,-0.6989700043360187,-0.8494850021680094,-0.5484550065040281,2,1.7,1.9,1.7999999999999998,0.1,1000,0.2,,100,319.92,0.675,64.98161328233472,1.8127904892637863,200.0,0.19999999999999996,0.03,0.00039999999999999996,0.0125,-0.16405069558233534,-0.06935036192543503,0.35,0.75960825,0.0
operational-envelope-v4,atlas,pi1_sweep,finite_k2,5,0.2,-0.6989700043360187,-0.8494850021680094,-0.5484550065040281,2,1.7,1.9,1.7999999999999998,0.1,1000,0.2,,100,319.92,0.675,64.98161328233472,1.8127904892637863,200.0,0.19999999999999996,0.15,0.026550000000000004,0.02243611356264677,-0.16405069558233534,-0.06935036192543503,0.35,0.9211465625000002,0.0
operational-envelope-v4,atlas,pi1_sweep,finite_k3,5,0.2,-0.6989700043360187,-0.8494850021680094,-0.5484550065040281,2,1.7,1.9,1.7999999999999998,0.1,1000,0.2,,100,319.92,0.675,64.98161328233472,1.8127904892637863,200.0,0.19999999999999996,0.51,0.28784999999999994,0.04735607855661592,-0.16405069558233534,-0.06935036192543503,0.35,0.9830274374999999,0.0
operational-envelope-v4,atlas,pi1_sweep,perfect,5,0.2,-0.6989700043360187,-0.8494850021680094,-0.5484550065040281,3,1.9,2.1,2.0,0.1,1000,0.2,,100,656.34,0.735,103.15001177950491,2.0134692819046496,200.0,0.19999999999999996,0.95,0.89775,0.07111786926028117,-0.37577334345448316,-0.2618447006621758,0.01,1.0,1.0
operational-envelope-v4,atlas,pi1_sweep,finite_k1,5,0.2,-0.6989700043360187,-0.8494850021680094,-0.5484550065040281,3,1.9,2.1,2.0,0.1,1000,0.2,,100,656.34,0.735,103.15001177950491,2.0134692819046496,200.0,0.19999999999999996,0.07,0.0007500000000000001,0.023666666666666666,-0.37577334345448316,-0.2618447006621758,0.01,0.7572333125,0.0
operational-envelope-v4,atlas,pi1_sweep,finite_k2,5,0.2,-0.6989700043360187,-0.8494850021680094,-0.5484550065040281,3,1.9,2.1,2.0,0.1,1000,0.2,,100,656.34,0.735,103.15001177950491,2.0134692819046496,200.0,0.19999999999999996,0.34,0.09720000000000002,0.04745596281549933,-0.37577334345448316,-0.2618447006621758,0.01,0.9200588750000002,0.0
operational-envelope-v4,atlas,pi1_sweep,finite_k3,5,0.2,-0.6989700043360187,-0.8494850021680094,-0.5484550065040281,3,1.9,2.1,2.0,0.1,1000,0.2,,100,656.34,0.735,103.15001177950491,2.0134692819046496,200.0,0.19999999999999996,0.8,0.54255,0.07053841173742867,-0.37577334345448316,-0.2618447006621758,0.01,0.9828169375000002,0.0
operational-envelope-v4,atlas,pi1_sweep,perfect,5,0.2,-0.6989700043360187,-0.8494850021680094,-0.5484550065040281,4,2.1,2.3,2.2,0.1,1000,0.2,,100,909.05,0.67,164.2218644157401,2.215430978380003,200.0,0.19999999999999996,0.98,0.9591500000000001,0.07909661550530567,-0.5410681680649924,-0.45939248775923086,0.0,1.0,1.0
operational-envelope-v4,atlas,pi1_sweep,finite_k1,5,0.2,-0.6989700043360187,-0.8494850021680094,-0.5484550065040281,4,2.1,2.3,2.2,0.1,1000,0.2,,100,909.05,0.67,164.2218644157401,2.215430978380003,200.0,0.19999999999999996,0.03,0.0006999999999999999,0.0085,-0.5410681680649924,-0.45939248775923086,0.0,0.7603699375,0.0
operational-envelope-v4,atlas,pi1_sweep,finite_k2,5,0.2,-0.6989700043360187,-0.8494850021680094,-0.5484550065040281,4,2.1,2.3,2.2,0.1,1000,0.2,,100,909.05,0.67,164.2218644157401,2.215430978380003,200.0,0.19999999999999996,0.4,0.11950000000000001,0.05232338683866724,-0.5410681680649924,-0.45939248775923086,0.0,0.9218500625000001,0.0
operational-envelope-v4,atlas,pi1_sweep,finite_k3,5,0.2,-0.6989700043360187,-0.8494850021680094,-0.5484550065040281,4,2.1,2.3,2.2,0.1,1000,0.2,,100,909.05,0.67,164.2218644157401,2.215430978380003,200.0,0.19999999999999996,0.92,0.6943,0.0746571754397963,-0.5410681680649924,-0.45939248775923086,0.0,0.9834370625000001,0.0
operational-envelope-v4,atlas,pi1_sweep,perfect,5,0.2,-0.6989700043360187,-0.8494850021680094,-0.5484550065040281,5,2.3,2.5,2.4,0.1,1000,0.2,,100,1843.71,0.785,259.6335053419175,2.414360736842367,200.0,0.19999999999999996,0.99,0.9786499999999998,0.06737882283905212,-0.8238751804252975,-0.6810097215617869,0.0,1.0,1.0
operational-envelope-v4,atlas,pi1_sweep,finite_k1,5,0.2,-0.6989700043360187,-0.8494850021680094,-0.5484550065040281,5,2.3,2.5,2.4,0.1,1000,0.2,,100,1843.71,0.785,259.6335053419175,2.414360736842367,200.0,0.19999999999999996,0.1,0.0029500000000000004,0.02506837606837607,-0.8238751804252975,-0.6810097215617869,0.0,0.7632433125000001,0.0
operational-envelope-v4,atlas,pi1_sweep,finite_k2,5,0.2,-0.6989700043360187,-0.8494850021680094,-0.5484550065040281,5,2.3,2.5,2.4,0.1,1000,0.2,,100,1843.71,0.785,259.6335053419175,2.414360736842367,200.0,0.19999999999999996,0.64,0.1997,0.057171302610768804,-0.8238751804252975,-0.6810097215617869,0.0,0.9233561874999998,0.0
operational-envelope-v4,atlas,pi1_sweep,finite_k3,5,0.2,-0.6989700043360187,-0.8494850021680094,-0.5484550065040281,5,2.3,2.5,2.4,0.1,1000,0.2,,100,1843.71,0.785,259.6335053419175,2.414360736842367,200.0,0.19999999999999996,0.96,0.73835,0.06814742386188076,-0.8238751804252975,-0.6810097215617869,0.0,0.9838419375,0.0
operational-envelope-v4,atlas,pi1_sweep,perfect,5,0.2,-0.6989700043360187,-0.8494850021680094,-0.5484550065040281,6,2.5,2.7,2.6,0.1,1000,0.2,,100,1524.78,0.665,404.58348644664204,2.6070081525537687,200.0,0.19999999999999996,0.98,0.9764999999999999,0.07615208342010478,-0.9280836429956102,-0.8640348102624525,0.0,1.0,1.0
operational-envelope-v4,atlas,pi1_sweep,finite_k1,5,0.2,-0.6989700043360187,-0.8494850021680094,-0.5484550065040281,6,2.5,2.7,2.6,0.1,1000,0.2,,100,1524.78,0.665,404.58348644664204,2.6070081525537687,200.0,0.19999999999999996,0.1,0.0017,0.014690476190476191,-0.9280836429956102,-0.8640348102624525,0.0,0.7630833124999999,0.0
operational-envelope-v4,atlas,pi1_sweep,finite_k2,5,0.2,-0.6989700043360187,-0.8494850021680094,-0.5484550065040281,6,2.5,2.7,2.6,0.1,1000,0.2,,100,1524.78,0.665,404.58348644664204,2.6070081525537687,200.0,0.19999999999999996,0.73,0.23795,0.06495274173712284,-0.9280836429956102,-0.8640348102624525,0.0,0.9231958124999998,0.0
operational-envelope-v4,atlas,pi1_sweep,finite_k3,5,0.2,-0.6989700043360187,-0.8494850021680094,-0.5484550065040281,6,2.5,2.7,2.6,0.1,1000,0.2,,100,1524.78,0.665,404.58348644664204,2.6070081525537687,200.0,0.19999999999999996,0.98,0.78145,0.07522974133917097,-0.9280836429956102,-0.8640348102624525,0.0,0.9837749999999998,0.0
operational-envelope-v4,atlas,pi1_sweep,perfect,5,0.2,-0.6989700043360187,-0.8494850021680094,-0.5484550065040281,7,2.7,2.9,2.8,0.1,1000,0.2,,100,2052.46,0.715,651.35555818248,2.813818123442018,200.0,0.19999999999999996,1.0,0.99835,0.08206581558173033,-1.117200491592811,-1.0561422620590524,0.0,1.0,1.0
operational-envelope-v4,atlas,pi1_sweep,finite_k1,5,0.2,-0.6989700043360187,-0.8494850021680094,-0.5484550065040281,7,2.7,2.9,2.8,0.1,1000,0.2,,100,2052.46,0.715,651.35555818248,2.813818123442018,200.0,0.19999999999999996,0.05,0.0004,0.015,-1.117200491592811,-1.0561422620590524,0.0,0.76038325,0.0
operational-envelope-v4,atlas,pi1_sweep,finite_k2,5,0.2,-0.6989700043360187,-0.8494850021680094,-0.5484550065040281,7,2.7,2.9,2.8,0.1,1000,0.2,,100,2052.46,0.715,651.35555818248,2.813818123442018,200.0,0.19999999999999996,0.85,0.28345,0.07656326753912736,-1.117200491592811,-1.0561422620590524,0.0,0.92087575,0.0
operational-envelope-v4,atlas,pi1_sweep,finite_k3,5,0.2,-0.6989700043360187,-0.8494850021680094,-0.5484550065040281,7,2.7,2.9,2.8,0.1,1000,0.2,,100,2052.46,0.715,651.35555818248,2.813818123442018,200.0,0.19999999999999996,1.0,0.802,0.08048915747685131,-1.117200491592811,-1.0561422620590524,0.0,0.98278775,0.0
operational-envelope-v4,atlas,pi1_sweep,perfect,5,0.2,-0.6989700043360187,-0.8494850021680094,-0.5484550065040281,8,2.9,3.0999999999999996,3.0,0.1,1000,0.2,,100,3441.88,0.71,1027.5933871978796,3.011821300817439,200.0,0.19999999999999996,1.0,0.9995,0.0805805529098342,-1.3380016970962019,-1.2802595982184606,0.0,1.0,1.0
operational-envelope-v4,atlas,pi1_sweep,finite_k1,5,0.2,-0.6989700043360187,-0.8494850021680094,-0.5484550065040281,8,2.9,3.0999999999999996,3.0,0.1,1000,0.2,,100,3441.88,0.71,1027.5933871978796,3.011821300817439,200.0,0.19999999999999996,0.16,0.0032500000000000007,0.05611269841269841,-1.3380016970962019,-1.2802595982184606,0.0,0.7555975,0.0
operational-envelope-v4,atlas,pi1_sweep,finite_k2,5,0.2,-0.6989700043360187,-0.8494850021680094,-0.5484550065040281,8,2.9,3.0999999999999996,3.0,0.1,1000,0.2,,100,3441.88,0.71,1027.5933871978796,3.011821300817439,200.0,0.19999999999999996,0.98,0.28359999999999996,0.07622571885188272,-1.3380016970962019,-1.2802595982184606,0.0,0.9187596875,0.0
operational-envelope-v4,atlas,pi1_sweep,finite_k3,5,0.2,-0.6989700043360187,-0.8494850021680094,-0.5484550065040281,8,2.9,3.0999999999999996,3.0,0.1,1000,0.2,,100,3441.88,0.71,1027.5933871978796,3.011821300817439,200.0,0.19999999999999996,1.0,0.7989499999999999,0.07938766703061054,-1.3380016970962019,-1.2802595982184606,0.0,0.982273875,0.0
operational-envelope-v4,atlas,pi1_sweep,perfect,5,0.2,-0.6989700043360187,-0.8494850021680094,-0.5484550065040281,9,3.0999999999999996,3.3,3.1999999999999997,0.1,1000,0.2,,100,4768.89,0.695,1605.6802946462537,3.2056590776221023,200.0,0.19999999999999996,1.0,0.9997,0.08008836780443945,-1.514935460108859,-1.4774513547871166,0.0,1.0,1.0
operational-envelope-v4,atlas,pi1_sweep,finite_k1,5,0.2,-0.6989700043360187,-0.8494850021680094,-0.5484550065040281,9,3.0999999999999996,3.3,3.1999999999999997,0.1,1000,0.2,,100,4768.89,0.695,1605.6802946462537,3.2056590776221023,200.0,0.19999999999999996,0.18,0.0035000000000000005,0.056377610693400165,-1.514935460108859,-1.4774513547871166,0.0,0.7564954375,0.0
operational-envelope-v4,atlas,pi1_sweep,finite_k2,5,0.2,-0.6989700043360187,-0.8494850021680094,-0.5484550065040281,9,3.0999999999999996,3.3,3.1999999999999997,0.1,1000,0.2,,100,4768.89,0.695,1605.6802946462537,3.2056590776221023,200.0,0.19999999999999996,1.0,0.2903,0.07595039379949353,-1.514935460108859,-1.4774513547871166,0.0,0.9191998749999999,0.0
operational-envelope-v4,atlas,pi1_sweep,finite_k3,5,0.2,-0.6989700043360187,-0.8494850021680094,-0.5484550065040281,9,3.0999999999999996,3.3,3.1999999999999997,0.1,1000,0.2,,100,4768.89,0.695,1605.6802946462537,3.2056590776221023,200.0,0.19999999999999996,1.0,0.8022499999999999,0.07628125985910032,-1.514935460108859,-1.4774513547871166,0.0,0.9822744374999999,0.0
operational-envelope-v4,atlas,pi1_sweep,perfect,5,0.2,-0.6989700043360187,-0.8494850021680094,-0.5484550065040281,10,3.3,3.5,3.4,0.1,1000,0.2,,100,4265.57,0.495,2561.3262653129186,3.4084649030291425,200.0,0.19999999999999996,1.0,1.0,0.0796644080614231,-1.6241716752376734,-1.6555225962534177,0.0,1.0,1.0
operational-envelope-v4,atlas,pi1_sweep,finite_k1,5,0.2,-0.6989700043360187,-0.8494850021680094,-0.5484550065040281,10,3.3,3.5,3.4,0.1,1000,0.2,,100,4265.57,0.495,2561.3262653129186,3.4084649030291425,200.0,0.19999999999999996,0.25,0.00635,0.04264209401709401,-1.6241716752376734,-1.6555225962534177,0.0,0.7611206875,0.0
operational-envelope-v4,atlas,pi1_sweep,finite_k2,5,0.2,-0.6989700043360187,-0.8494850021680094,-0.5484550065040281,10,3.3,3.5,3.4,0.1,1000,0.2,,100,4265.57,0.495,2561.3262653129186,3.4084649030291425,200.0,0.19999999999999996,1.0,0.32370000000000004,0.07673575410786039,-1.6241716752376734,-1.6555225962534177,0.0,0.9213895624999999,0.0
operational-envelope-v4,atlas,pi1_sweep,finite_k3,5,0.2,-0.6989700043360187,-0.8494850021680094,-0.5484550065040281,10,3.3,3.5,3.4,0.1,1000,0.2,,100,4265.57,0.495,2561.3262653129186,3.4084649030291425,200.0,0.19999999999999996,1.0,0.81525,0.07764982080899255,-1.6241716752376734,-1.6555225962534177,0.0,0.9827741875000001,0.0
operational-envelope-v4,atlas,pi1_sweep,perfect,5,0.2,-0.6989700043360187,-0.8494850021680094,-0.5484550065040281,11,3.5,3.7,3.6,0.1,1000,0.2,,100,6717.34,0.495,4044.1731369216272,3.6068297400940637,200.0,0.19999999999999996,1.0,1.0,0.08072203351350721,-1.8249430228568844,-1.8553979966540688,0.0,1.0,1.0
operational-envelope-v4,atlas,pi1_sweep,finite_k1,5,0.2,-0.6989700043360187,-0.8494850021680094,-0.5484550065040281,11,3.5,3.7,3.6,0.1,1000,0.2,,100,6717.34,0.495,4044.1731369216272,3.6068297400940637,200.0,0.19999999999999996,0.34,0.00605,0.043361111111111114,-1.8249430228568844,-1.8553979966540688,0.0,0.7573003749999999,0.0
operational-envelope-v4,atlas,pi1_sweep,finite_k2,5,0.2,-0.6989700043360187,-0.8494850021680094,-0.5484550065040281,11,3.5,3.7,3.6,0.1,1000,0.2,,100,6717.34,0.495,4044.1731369216272,3.6068297400940637,200.0,0.19999999999999996,0.98,0.32280000000000003,0.08044467504716402,-1.8249430228568844,-1.8553979966540688,0.0,0.9201201874999998,0.0
operational-envelope-v4,atlas,pi1_sweep,finite_k3,5,0.2,-0.6989700043360187,-0.8494850021680094,-0.5484550065040281,11,3.5,3.7,3.6,0.1,1000,0.2,,100,6717.34,0.495,4044.1731369216272,3.6068297400940637,200.0,0.19999999999999996,1.0,0.8089999999999999,0.0804427591131161,-1.8249430228568844,-1.8553979966540688,0.0,0.9828119375,0.0
operational-envelope-v4,atlas,pi1_sweep,perfect,5,0.2,-0.6989700043360187,-0.8494850021680094,-0.5484550065040281,12,3.7,3.8999999999999995,3.8,0.1,1000,0.2,,100,8434.63,0.35,6311.567091817335,3.8001372031160483,200.0,0.19999999999999996,1.0,1.0,0.07850369978892918,-2.004649605181014,-2.012880267161328,0.0,1.0,1.0
operational-envelope-v4,atlas,pi1_sweep,finite_k1,5,0.2,-0.6989700043360187,-0.8494850021680094,-0.5484550065040281,12,3.7,3.8999999999999995,3.8,0.1,1000,0.2,,100,8434.63,0.35,6311.567091817335,3.8001372031160483,200.0,0.19999999999999996,0.37,0.0069500000000000004,0.05196642246642246,-2.004649605181014,-2.012880267161328,0.0,0.7619803750000002,0.0
operational-envelope-v4,atlas,pi1_sweep,finite_k2,5,0.2,-0.6989700043360187,-0.8494850021680094,-0.5484550065040281,12,3.7,3.8999999999999995,3.8,0.1,1000,0.2,,100,8434.63,0.35,6311.567091817335,3.8001372031160483,200.0,0.19999999999999996,1.0,0.3257000000000001,0.07954871054528297,-2.004649605181014,-2.012880267161328,0.0,0.9225297499999999,0.0
operational-envelope-v4,atlas,pi1_sweep,finite_k3,5,0.2,-0.6989700043360187,-0.8494850021680094,-0.5484550065040281,12,3.7,3.8999999999999995,3.8,0.1,1000,0.2,,100,8434.63,0.35,6311.567091817335,3.8001372031160483,200.0,0.19999999999999996,1.0,0.8142500000000001,0.0789158584590996,-2.004649605181014,-2.012880267161328,0.0,0.9834989375,0.0
operational-envelope-v4,atlas,pi1_sweep,perfect,5,0.2,-0.6989700043360187,-0.8494850021680094,-0.5484550065040281,13,3.8999999999999995,4.1,3.9999999999999996,0.1,1000,0.2,,100,10627.88,0.245,9332.634737492013,3.9700042686574775,200.0,0.19999999999999996,1.0,1.0,0.08198561304201489,-2.1664564229971353,-2.146190073315927,0.0,1.0,1.0
operational-envelope-v4,atlas,pi1_sweep,finite_k1,5,0.2,-0.6989700043360187,-0.8494850021680094,-0.5484550065040281,13,3.8999999999999995,4.1,3.9999999999999996,0.1,1000,0.2,,100,10627.88,0.245,9332.634737492013,3.9700042686574775,200.0,0.19999999999999996,0.43,0.0072,0.05958333333333333,-2.1664564229971353,-2.146190073315927,0.0,0.762013875,0.0
operational-envelope-v4,atlas,pi1_sweep,finite_k2,5,0.2,-0.6989700043360187,-0.8494850021680094,-0.5484550065040281,13,3.8999999999999995,4.1,3.9999999999999996,0.1,1000,0.2,,100,10627.88,0.245,9332.634737492013,3.9700042686574775,200.0,0.19999999999999996,1.0,0.3312,0.08356426424144989,-2.1664564229971353,-2.146190073315927,0.0,0.9219051875000001,0.0
operational-envelope-v4,atlas,pi1_sweep,finite_k3,5,0.2,-0.6989700043360187,-0.8494850021680094,-0.5484550065040281,13,3.8999999999999995,4.1,3.9999999999999996,0.1,1000,0.2,,100,10627.88,0.245,9332.634737492013,3.9700042686574775,200.0,0.19999999999999996,1.0,0.8143500000000001,0.08215942810225237,-2.1664564229971353,-2.146190073315927,0.0,0.9830764999999999,0.0
operational-envelope-v4,atlas,alpha_sweep,perfect,0,0.01,-2.0,-2.1989700043360187,-1.8010299956639813,0,1.3,1.5,1.4,0.01,1000,0.05,,100,518.13,0.685,26.08196686521163,1.4163403388428308,50.0,0.04999999999999999,0.06,0.0132,0.0022424242424242424,1.7547081097329362,1.9208187539523751,0.98,1.0,1.0
operational-envelope-v4,atlas,alpha_sweep,finite_k1,0,0.01,-2.0,-2.1989700043360187,-1.8010299956639813,0,1.3,1.5,1.4,0.01,1000,0.05,,100,518.13,0.685,26.08196686521163,1.4163403388428308,50.0,0.04999999999999999,0.0,0.0,0.0,1.7547081097329362,1.9208187539523751,0.98,0.7568482105263158,0.0
operational-envelope-v4,atlas,alpha_sweep,finite_k2,0,0.01,-2.0,-2.1989700043360187,-1.8010299956639813,0,1.3,1.5,1.4,0.01,1000,0.05,,100,518.13,0.685,26.08196686521163,1.4163403388428308,50.0,0.04999999999999999,0.0,0.0,0.0,1.7547081097329362,1.9208187539523751,0.98,0.9196572631578946,0.0
operational-envelope-v4,atlas,alpha_sweep,finite_k3,0,0.01,-2.0,-2.1989700043360187,-1.8010299956639813,0,1.3,1.5,1.4,0.01,1000,0.05,,100,518.13,0.685,26.08196686521163,1.4163403388428308,50.0,0.04999999999999999,0.02,0.0014000000000000002,0.0,1.7547081097329362,1.9208187539523751,0.98,0.982808,0.01
operational-envelope-v4,atlas,alpha_sweep,perfect,0,0.01,-2.0,-2.1989700043360187,-1.8010299956639813,1,1.5,1.7,1.6,0.01,1000,0.05,,100,146.15,0.665,40.52021281176512,1.607671717604644,50.0,0.04999999999999999,0.02,0.0016,0.0,1.643317088858702,1.7153669383950672,1.0,1.0,1.0
operational-envelope-v4,atlas,alpha_sweep,finite_k1,0,0.01,-2.0,-2.1989700043360187,-1.8010299956639813,1,1.5,1.7,1.6,0.01,1000,0.05,,100,146.15,0.665,40.52021281176512,1.607671717604644,50.0,0.04999999999999999,0.0,0.0,0.0,1.643317088858702,1.7153669383950672,1.0,0.7524623157894736,0.0
operational-envelope-v4,atlas,alpha_sweep,finite_k2,0,0.01,-2.0,-2.1989700043360187,-1.8010299956639813,1,1.5,1.7,1.6,0.01,1000,0.05,,100,146.15,0.665,40.52021281176512,1.607671717604644,50.0,0.04999999999999999,0.0,0.0,0.0,1.643317088858702,1.7153669383950672,1.0,0.9166254736842104,0.0
operational-envelope-v4,atlas,alpha_sweep,finite_k3,0,0.01,-2.0,-2.1989700043360187,-1.8010299956639813,1,1.5,1.7,1.6,0.01,1000,0.05,,100,146.15,0.665,40.52021281176512,1.607671717604644,50.0,0.04999999999999999,0.0,0.0,0.0,1.643317088858702,1.7153669383950672,1.0,0.981747157894737,0.0
operational-envelope-v4,atlas,alpha_sweep,perfect,0,0.01,-2.0,-2.1989700043360187,-1.8010299956639813,2,1.7,1.9,1.7999999999999998,0.01,1000,0.05,,100,340.16,0.68,64.70921927642213,1.810966160044937,50.0,0.04999999999999999,0.03,0.0054,0.0,1.4024349484611522,1.5333866137610568,0.98,1.0,1.0
operational-envelope-v4,atlas,alpha_sweep,finite_k1,0,0.01,-2.0,-2.1989700043360187,-1.8010299956639813,2,1.7,1.9,1.7999999999999998,0.01,1000,0.05,,100,340.16,0.68,64.70921927642213,1.810966160044937,50.0,0.04999999999999999,0.0,0.0,0.0,1.4024349484611522,1.5333866137610568,0.98,0.7620345263157893,0.0
operational-envelope-v4,atlas,alpha_sweep,finite_k2,0,0.01,-2.0,-2.1989700043360187,-1.8010299956639813,2,1.7,1.9,1.7999999999999998,0.01,1000,0.05,,100,340.16,0.68,64.70921927642213,1.810966160044937,50.0,0.04999999999999999,0.0,0.0,0.0,1.4024349484611522,1.5333866137610568,0.98,0.9230686315789474,0.0
operational-envelope-v4,atlas,alpha_sweep,finite_k3,0,0.01,-2.0,-2.1989700043360187,-1.8010299956639813,2,1.7,1.9,1.7999999999999998,0.01,1000,0.05,,100,340.16,0.68,64.70921927642213,1.810966160044937,50.0,0.04999999999999999,0.0,0.0,0.0,1.4024349484611522,1.5333866137610568,0.98,0.9838789473684209,0.0
operational-envelope-v4,atlas,alpha_sweep,perfect,0,0.01,-2.0,-2.1989700043360187,-1.8010299956639813,3,1.9,2.1,2.0,0.01,1000,0.05,,100,357.7,0.635,102.07557369679598,2.008921829473336,50.0,0.04999999999999999,0.02,0.0032,0.0021428571428571425,1.2761887581715459,1.3419886033428876,0.99,1.0,1.0
operational-envelope-v4,atlas,alpha_sweep,finite_k1,0,0.01,-2.0,-2.1989700043360187,-1.8010299956639813,3,1.9,2.1,2.0,0.01,1000,0.05,,100,357.7,0.635,102.07557369679598,2.008921829473336,50.0,0.04999999999999999,0.0,0.0,0.0,1.2761887581715459,1.3419886033428876,0.99,0.7640762105263158,0.0
operational-envelope-v4,atlas,alpha_sweep,finite_k2,0,0.01,-2.0,-2.1989700043360187,-1.8010299956639813,3,1.9,2.1,2.0,0.01,1000,0.05,,100,357.7,0.635,102.07557369679598,2.008921829473336,50.0,0.04999999999999999,0.0,0.0,0.0,1.2761887581715459,1.3419886033428876,0.99,0.9233023157894736,0.0
operational-envelope-v4,atlas,alpha_sweep,finite_k3,0,0.01,-2.0,-2.1989700043360187,-1.8010299956639813,3,1.9,2.1,2.0,0.01,1000,0.05,,100,357.7,0.635,102.07557369679598,2.008921829473336,50.0,0.04999999999999999,0.0,0.0,0.0,1.2761887581715459,1.3419886033428876,0.99,0.9838602105263158,0.0
operational-envelope-v4,atlas,alpha_sweep,perfect,0,0.01,-2.0,-2.1989700043360187,-1.8010299956639813,4,2.1,2.3,2.2,0.01,1000,0.05,,100,896.59,0.735,164.33202253351266,2.2157222004070642,50.0,0.04999999999999999,0.06,0.0194,0.0021929824561403508,1.005456871660877,1.1173438054736222,0.96,1.0,1.0
operational-envelope-v4,atlas,alpha_sweep,finite_k1,0,0.01,-2.0,-2.1989700043360187,-1.8010299956639813,4,2.1,2.3,2.2,0.01,1000,0.05,,100,896.59,0.735,164.33202253351266,2.2157222004070642,50.0,0.04999999999999999,0.0,0.0,0.0,1.005456871660877,1.1173438054736222,0.96,0.7612696842105262,0.0
operational-envelope-v4,atlas,alpha_sweep,finite_k2,0,0.01,-2.0,-2.1989700043360187,-1.8010299956639813,4,2.1,2.3,2.2,0.01,1000,0.05,,100,896.59,0.735,164.33202253351266,2.2157222004070642,50.0,0.04999999999999999,0.0,0.0,0.0,1.005456871660877,1.1173438054736222,0.96,0.9225966315789473,0.0
operational-envelope-v4,atlas,alpha_sweep,finite_k3,0,0.01,-2.0,-2.1989700043360187,-1.8010299956639813,4,2.1,2.3,2.2,0.01,1000,0.05,,100,896.59,0.735,164.33202253351266,2.2157222004070642,50.0,0.04999999999999999,0.0,0.0,0.0,1.005456871660877,1.1173438054736222,0.96,0.9836383157894737,0.0
operational-envelope-v4,atlas,alpha_sweep,perfect,0,0.01,-2.0,-2.1989700043360187,-1.8010299956639813,5,2.3,2.5,2.4,0.01,1000,0.05,,100,1335.26,0.71,255.31001281753842,2.407067847417386,50.0,0.04999999999999999,0.11,0.036000000000000004,0.0011111111111111111,0.8168864012816792,0.9367601834010784,0.94,1.0,1.0
operational-envelope-v4,atlas,alpha_sweep,finite_k1,0,0.01,-2.0,-2.1989700043360187,-1.8010299956639813,5,2.3,2.5,2.4,0.01,1000,0.05,,100,1335.26,0.71,255.31001281753842,2.407067847417386,50.0,0.04999999999999999,0.0,0.0,0.0,0.8168864012816792,0.9367601834010784,0.94,0.7557941052631579,0.0
operational-envelope-v4,atlas,alpha_sweep,finite_k2,0,0.01,-2.0,-2.1989700043360187,-1.8010299956639813,5,2.3,2.5,2.4,0.01,1000,0.05,,100,1335.26,0.71,255.31001281753842,2.407067847417386,50.0,0.04999999999999999,0.0,0.0,0.0,0.8168864012816792,0.9367601834010784,0.94,0.918841684210526,0.0
operational-envelope-v4,atlas,alpha_sweep,finite_k3,0,0.01,-2.0,-2.1989700043360187,-1.8010299956639813,5,2.3,2.5,2.4,0.01,1000,0.05,,100,1335.26,0.71,255.31001281753842,2.407067847417386,50.0,0.04999999999999999,0.05,0.0044,0.0,0.8168864012816792,0.9367601834010784,0.94,0.982396842105263,0.0
operational-envelope-v4,atlas,alpha_sweep,perfect,0,0.01,-2.0,-2.1989700043360187,-1.8010299956639813,6,2.5,2.7,2.6,0.01,1000,0.05,,100,1428.39,0.69,403.9156971590842,2.606290731251453,50.0,0.04999999999999999,0.07,0.0232,0.0005263157894736842,0.6446217245921043,0.7304690280783216,0.96,1.0,1.0
operational-envelope-v4,atlas,alpha_sweep,finite_k1,0,0.01,-2.0,-2.1989700043360187,-1.8010299956639813,6,2.5,2.7,2.6,0.01,1000,0.05,,100,1428.39,0.69,403.9156971590842,2.606290731251453,50.0,0.04999999999999999,0.0,0.0,0.0,0.6446217245921043,0.7304690280783216,0.96,0.7574362105263157,0.0
operational-envelope-v4,atlas,alpha_sweep,finite_k2,0,0.01,-2.0,-2.1989700043360187,-1.8010299956639813,6,2.5,2.7,2.6,0.01,1000,0.05,,100,1428.39,0.69,403.9156971590842,2.606290731251453,50.0,0.04999999999999999,0.0,0.0,0.0,0.6446217245921043,0.7304690280783216,0.96,0.9192054736842106,0.0
operational-envelope-v4,atlas,alpha_sweep,finite_k3,0,0.01,-2.0,-2.1989700043360187,-1.8010299956639813,6,2.5,2.7,2.6,0.01,1000,0.05,,100,1428.39,0.69,403.9156971590842,2.606290731251453,50.0,0.04999999999999999,0.02,0.0012,0.0,0.6446217245921043,0.7304690280783216,0.96,0.982412842105263,0.0
operational-envelope-v4,atlas,alpha_sweep,perfect,0,0.01,-2.0,-2.1989700043360187,-1.8010299956639813,7,2.7,2.9,2.8,0.01,1000,0.05,,100,1889.69,0.685,647.6494256802457,2.811339984740241,50.0,0.04999999999999999,0.21,0.07600000000000001,0.002736383442265795,0.4591084374523779,0.5163404535740291,0.9,1.0,1.0
operational-envelope-v4,atlas,alpha_sweep,finite_k1,0,0.01,-2.0,-2.1989700043360187,-1.8010299956639813,7,2.7,2.9,2.8,0.01,1000,0.05,,100,1889.69,0.685,647.6494256802457,2.811339984740241,50.0,0.04999999999999999,0.0,0.0,0.0,0.4591084374523779,0.5163404535740291,0.9,0.7627349473684211,0.0
operational-envelope-v4,atlas,alpha_sweep,finite_k2,0,0.01,-2.0,-2.1989700043360187,-1.8010299956639813,7,2.7,2.9,2.8,0.01,1000,0.05,,100,1889.69,0.685,647.6494256802457,2.811339984740241,50.0,0.04999999999999999,0.01,0.0002,0.0,0.4591084374523779,0.5163404535740291,0.9,0.922290105263158,0.0
operational-envelope-v4,atlas,alpha_sweep,finite_k3,0,0.01,-2.0,-2.1989700043360187,-1.8010299956639813,7,2.7,2.9,2.8,0.01,1000,0.05,,100,1889.69,0.685,647.6494256802457,2.811339984740241,50.0,0.04999999999999999,0.02,0.0006,0.0,0.4591084374523779,0.5163404535740291,0.9,0.9835010526315788,0.0
operational-envelope-v4,atlas,alpha_sweep,perfect,0,0.01,-2.0,-2.1989700043360187,-1.8010299956639813,8,2.9,3.0999999999999996,3.0,0.01,1000,0.05,,100,3346.73,0.715,1017.6962361799062,3.007618168337468,50.0,0.04999999999999999,0.29,0.1432,0.0014799880525686977,0.23033547742338434,0.3005959181846626,0.84,1.0,1.0
operational-envelope-v4,atlas,alpha_sweep,finite_k1,0,0.01,-2.0,-2.1989700043360187,-1.8010299956639813,8,2.9,3.0999999999999996,3.0,0.01,1000,0.05,,100,3346.73,0.715,1017.6962361799062,3.007618168337468,50.0,0.04999999999999999,0.0,0.0,0.0,0.23033547742338434,0.3005959181846626,0.84,0.756508842105263,0.0
operational-envelope-v4,atlas,alpha_sweep,finite_k2,0,0.01,-2.0,-2.1989700043360187,-1.8010299956639813,8,2.9,3.0999999999999996,3.0,0.01,1000,0.05,,100,3346.73,0.715,1017.6962361799062,3.007618168337468,50.0,0.04999999999999999,0.01,0.0002,0.0,0.23033547742338434,0.3005959181846626,0.84,0.9198046315789474,0.0
operational-envelope-v4,atlas,alpha_sweep,finite_k3,0,0.01,-2.0,-2.1989700043360187,-1.8010299956639813,8,2.9,3.0999999999999996,3.0,0.01,1000,0.05,,100,3346.73,0.715,1017.6962361799062,3.007618168337468,50.0,0.04999999999999999,0.06,0.0046,0.0,0.23033547742338434,0.3005959181846626,0.84,0.9828042105263158,0.0
operational-envelope-v4,atlas,alpha_sweep,perfect,0,0.01,-2.0,-2.1989700043360187,-1.8010299956639813,9,3.0999999999999996,3.3,3.1999999999999997,0.01,1000,0.05,,100,4470.46,0.66,1610.2629529013277,3.206896801292284,50.0,0.04999999999999999,0.38,0.23099999999999998,0.005029873418219788,0.045547394041209034,0.11164253469716173,0.79,1.0,1.0
operational-envelope-v4,atlas,alpha_sweep,finite_k1,0,0.01,-2.0,-2.1989700043360187,-1.8010299956639813,9,3.0999999999999996,3.3,3.1999999999999997,0.01,1000,0.05,,100,4470.46,0.66,1610.2629529013277,3.206896801292284,50.0,0.04999999999999999,0.0,0.0,0.0,0.045547394041209034,0.11164253469716173,0.79,0.7578850526315789,0.0
operational-envelope-v4,atlas,alpha_sweep,finite_k2,0,0.01,-2.0,-2.1989700043360187,-1.8010299956639813,9,3.0999999999999996,3.3,3.1999999999999997,0.01,1000,0.05,,100,4470.46,0.66,1610.2629529013277,3.206896801292284,50.0,0.04999999999999999,0.01,0.0002,0.0,0.045547394041209034,0.11164253469716173,0.79,0.9205951578947368,0.0
operational-envelope-v4,atlas,alpha_sweep,finite_k3,0,0.01,-2.0,-2.1989700043360187,-1.8010299956639813,9,3.0999999999999996,3.3,3.1999999999999997,0.01,1000,0.05,,100,4470.46,0.66,1610.2629529013277,3.206896801292284,50.0,0.04999999999999999,0.07,0.0068000000000000005,0.0125,0.045547394041209034,0.11164253469716173,0.79,0.9826522105263158,0.0
operational-envelope-v4,atlas,alpha_sweep,perfect,0,0.01,-2.0,-2.1989700043360187,-1.8010299956639813,10,3.3,3.5,3.4,0.01,1000,0.05,,100,4238.25,0.495,2561.8498887442365,3.4085536787263937,50.0,0.04999999999999999,0.89,0.759,0.006109860645110604,-0.038778151848018944,-0.05346260492545534,0.37,1.0,1.0
operational-envelope-v4,atlas,alpha_sweep,finite_k1,0,0.01,-2.0,-2.1989700043360187,-1.8010299956639813,10,3.3,3.5,3.4,0.01,1000,0.05,,100,4238.25,0.495,2561.8498887442365,3.4085536787263937,50.0,0.04999999999999999,0.0,0.0,0.0,-0.038778151848018944,-0.05346260492545534,0.37,0.761605052631579,0.0
operational-envelope-v4,atlas,alpha_sweep,finite_k2,0,0.01,-2.0,-2.1989700043360187,-1.8010299956639813,10,3.3,3.5,3.4,0.01,1000,0.05,,100,4238.25,0.495,2561.8498887442365,3.4085536787263937,50.0,0.04999999999999999,0.01,0.0002,0.0,-0.038778151848018944,-0.05346260492545534,0.37,0.9221610526315789,0.0
operational-envelope-v4,atlas,alpha_sweep,finite_k3,0,0.01,-2.0,-2.1989700043360187,-1.8010299956639813,10,3.3,3.5,3.4,0.01,1000,0.05,,100,4238.25,0.495,2561.8498887442365,3.4085536787263937,50.0,0.04999999999999999,0.05,0.0032,0.003333333333333333,-0.038778151848018944,-0.05346260492545534,0.37,0.9835107368421053,0.0
operational-envelope-v4,atlas,alpha_sweep,perfect,0,0.01,-2.0,-2.1989700043360187,-1.8010299956639813,11,3.5,3.7,3.6,0.01,1000,0.05,,100,6766.03,0.495,4073.6129096007935,3.6099797582892292,50.0,0.04999999999999999,0.93,0.8856,0.007255717090919189,-0.24657623135608772,-0.25333800532610645,0.01,1.0,1.0
operational-envelope-v4,atlas,alpha_sweep,finite_k1,0,0.01,-2.0,-2.1989700043360187,-1.8010299956639813,11,3.5,3.7,3.6,0.01,1000,0.05,,100,6766.03,0.495,4073.6129096007935,3.6099797582892292,50.0,0.04999999999999999,0.0,0.0,0.0,-0.24657623135608772,-0.25333800532610645,0.01,0.7600160000000001,0.0
operational-envelope-v4,atlas,alpha_sweep,finite_k2,0,0.01,-2.0,-2.1989700043360187,-1.8010299956639813,11,3.5,3.7,3.6,0.01,1000,0.05,,100,6766.03,0.495,4073.6129096007935,3.6099797582892292,50.0,0.04999999999999999,0.0,0.0,0.0,-0.24657623135608772,-0.25333800532610645,0.01,0.9215791578947369,0.0
operational-envelope-v4,atlas,alpha_sweep,finite_k3,0,0.01,-2.0,-2.1989700043360187,-1.8010299956639813,11,3.5,3.7,3.6,0.01,1000,0.05,,100,6766.03,0.495,4073.6129096007935,3.6099797582892292,50.0,0.04999999999999999,0.15,0.032600000000000004,0.0032638888888888882,-0.24657623135608772,-0.25333800532610645,0.01,0.9834932631578946,0.0
operational-envelope-v4,atlas,alpha_sweep,perfect,0,0.01,-2.0,-2.1989700043360187,-1.8010299956639813,12,3.7,3.8999999999999995,3.8,0.01,1000,0.05,,100,8434.63,0.35,6322.983508620308,3.8009220491033435,50.0,0.04999999999999999,0.99,0.9816000000000001,0.007429882722319696,-0.42363260699015387,-0.45331834004703764,0.0,1.0,1.0
operational-envelope-v4,atlas,alpha_sweep,finite_k1,0,0.01,-2.0,-2.1989700043360187,-1.8010299956639813,12,3.7,3.8999999999999995,3.8,0.01,1000,0.05,,100,8434.63,0.35,6322.983508620308,3.8009220491033435,50.0,0.04999999999999999,0.0,0.0,0.0,-0.42363260699015387,-0.45331834004703764,0.0,0.7587195789473684,0.0
operational-envelope-v4,atlas,alpha_sweep,finite_k2,0,0.01,-2.0,-2.1989700043360187,-1.8010299956639813,12,3.7,3.8999999999999995,3.8,0.01,1000,0.05,,100,8434.63,0.35,6322.983508620308,3.8009220491033435,50.0,0.04999999999999999,0.01,0.0002,0.005,-0.42363260699015387,-0.45331834004703764,0.0,0.9212170526315789,0.0
operational-envelope-v4,atlas,alpha_sweep,finite_k3,0,0.01,-2.0,-2.1989700043360187,-1.8010299956639813,12,3.7,3.8999999999999995,3.8,0.01,1000,0.05,,100,8434.63,0.35,6322.983508620308,3.8009220491033435,50.0,0.04999999999999999,0.29,0.0696,0.004278711484593837,-0.42363260699015387,-0.45331834004703764,0.0,0.983305894736842,0.0
operational-envelope-v4,atlas,alpha_sweep,perfect,0,0.01,-2.0,-2.1989700043360187,-1.8010299956639813,13,3.8999999999999995,4.1,3.9999999999999996,0.01,1000,0.05,,100,10627.88,0.245,9332.173454798234,3.9699828023207777,50.0,0.04999999999999999,1.0,1.0,0.008408748114630467,-0.5702690094367292,-0.5441300819879646,0.0,1.0,1.0
operational-envelope-v4,atlas,alpha_sweep,finite_k1,0,0.01,-2.0,-2.1989700043360187,-1.8010299956639813,13,3.8999999999999995,4.1,3.9999999999999996,0.01,1000,0.05,,100,10627.88,0.245,9332.173454798234,3.9699828023207777,50.0,0.04999999999999999,0.0,0.0,0.0,-0.5702690094367292,-0.5441300819879646,0.0,0.7526673684210526,0.0
operational-envelope-v4,atlas,alpha_sweep,finite_k2,0,0.01,-2.0,-2.1989700043360187,-1.8010299956639813,13,3.8999999999999995,4.1,3.9999999999999996,0.01,1000,0.05,,100,10627.88,0.245,9332.173454798234,3.9699828023207777,50.0,0.04999999999999999,0.0,0.0,0.0,-0.5702690094367292,-0.5441300819879646,0.0,0.9179014736842105,0.0
operational-envelope-v4,atlas,alpha_sweep,finite_k3,0,0.01,-2.0,-2.1989700043360187,-1.8010299956639813,13,3.8999999999999995,4.1,3.9999999999999996,0.01,1000,0.05,,100,10627.88,0.245,9332.173454798234,3.9699828023207777,50.0,0.04999999999999999,0.49,0.1348,0.007809115147501875,-0.5702690094367292,-0.5441300819879646,0.0,0.981957894736842,0.0
operational-envelope-v4,atlas,alpha_sweep,perfect,1,0.025,-1.6020599913279623,-1.8010299956639813,-1.4515449934959719,0,1.3,1.5,1.4,0.025,1000,0.05,,100,415.01,0.67,26.101117694986943,1.4166591049770592,50.0,0.04999999999999999,0.03,0.008600000000000002,0.0004761904761904762,1.4179680646821604,1.5228787452803374,0.98,1.0,1.0
operational-envelope-v4,atlas,alpha_sweep,finite_k1,1,0.025,-1.6020599913279623,-1.8010299956639813,-1.4515449934959719,0,1.3,1.5,1.4,0.025,1000,0.05,,100,415.01,0.67,26.101117694986943,1.4166591049770592,50.0,0.04999999999999999,0.0,0.0,0.01,1.4179680646821604,1.5228787452803374,0.98,0.755824842105263,0.0
operational-envelope-v4,atlas,alpha_sweep,finite_k2,1,0.025,-1.6020599913279623,-1.8010299956639813,-1.4515449934959719,0,1.3,1.5,1.4,0.025,1000,0.05,,100,415.01,0.67,26.101117694986943,1.4166591049770592,50.0,0.04999999999999999,0.01,0.0002,0.005,1.4179680646821604,1.5228787452803374,0.98,0.920138105263158,0.0
operational-envelope-v4,atlas,alpha_sweep,finite_k3,1,0.025,-1.6020599913279623,-1.8010299956639813,-1.4515449934959719,0,1.3,1.5,1.4,0.025,1000,0.05,,100,415.01,0.67,26.101117694986943,1.4166591049770592,50.0,0.04999999999999999,0.02,0.0024,0.001,1.4179680646821604,1.5228787452803374,0.98,0.983042736842105,0.02
operational-envelope-v4,atlas,alpha_sweep,perfect,1,0.025,-1.6020599913279623,-1.8010299956639813,-1.4515449934959719,1,1.5,1.7,1.6,0.025,1000,0.05,,100,201.66,0.72,40.594099947335174,1.608462916667925,50.0,0.04999999999999999,0.03,0.0064,0.0005555555555555556,1.2274030256797004,1.3348882629249486,0.99,1.0,1.0
operational-envelope-v4,atlas,alpha_sweep,finite_k1,1,0.025,-1.6020599913279623,-1.8010299956639813,-1.4515449934959719,1,1.5,1.7,1.6,0.025,1000,0.05,,100,201.66,0.72,40.594099947335174,1.608462916667925,50.0,0.04999999999999999,0.0,0.0,0.0,1.2274030256797004,1.3348882629249486,0.99,0.757607157894737,0.0
operational-envelope-v4,atlas,alpha_sweep,finite_k2,1,0.025,-1.6020599913279623,-1.8010299956639813,-1.4515449934959719,1,1.5,1.7,1.6,0.025,1000,0.05,,100,201.66,0.72,40.594099947335174,1.608462916667925,50.0,0.04999999999999999,0.0,0.0,0.0,1.2274030256797004,1.3348882629249486,0.99,0.9208134736842104,0.0
operational-envelope-v4,atlas,alpha_sweep,finite_k3,1,0.025,-1.6020599913279623,-1.8010299956639813,-1.4515449934959719,1,1.5,1.7,1.6,0.025,1000,0.05,,100,201.66,0.72,40.594099947335174,1.608462916667925,50.0,0.04999999999999999,0.01,0.0014000000000000002,0.0,1.2274030256797004,1.3348882629249486,0.99,0.9834016842105262,0.0
operational-envelope-v4,atlas,alpha_sweep,perfect,1,0.025,-1.6020599913279623,-1.8010299956639813,-1.4515449934959719,2,1.7,1.9,1.7999999999999998,0.025,1000,0.05,,100,295.5,0.66,65.41418914571601,1.815671962380889,50.0,0.04999999999999999,0.02,0.0064,0.0,1.0342400381378016,1.134060735938712,0.98,1.0,1.0
operational-envelope-v4,atlas,alpha_sweep,finite_k1,1,0.025,-1.6020599913279623,-1.8010299956639813,-1.4515449934959719,2,1.7,1.9,1.7999999999999998,0.025,1000,0.05,,100,295.5,0.66,65.41418914571601,1.815671962380889,50.0,0.04999999999999999,0.0,0.0,0.0,1.0342400381378016,1.134060735938712,0.98,0.7590581052631579,0.0
operational-envelope-v4,atlas,alpha_sweep,finite_k2,1,0.025,-1.6020599913279623,-1.8010299956639813,-1.4515449934959719,2,1.7,1.9,1.7999999999999998,0.025,1000,0.05,,100,295.5,0.66,65.41418914571601,1.815671962380889,50.0,0.04999999999999999,0.01,0.0004,0.0,1.0342400381378016,1.134060735938712,0.98,0.9222858947368422,0.0
operational-envelope-v4,atlas,alpha_sweep,finite_k3,1,0.025,-1.6020599913279623,-1.8010299956639813,-1.4515449934959719,2,1.7,1.9,1.7999999999999998,0.025,1000,0.05,,100,295.5,0.66,65.41418914571601,1.815671962380889,50.0,0.04999999999999999,0.01,0.0004,0.0,1.0342400381378016,1.134060735938712,0.98,0.9839934736842108,0.0
operational-envelope-v4,atlas,alpha_sweep,perfect,1,0.025,-1.6020599913279623,-1.8010299956639813,-1.4515449934959719,3,1.9,2.1,2.0,0.025,1000,0.05,,100,606.33,0.74,102.53462301777546,2.0108705390168256,50.0,0.04999999999999999,0.07,0.022600000000000002,0.003918019480519481,0.7889955980394199,0.9014903193861986,0.92,1.0,1.0
operational-envelope-v4,atlas,alpha_sweep,finite_k1,1,0.025,-1.6020599913279623,-1.8010299956639813,-1.4515449934959719,3,1.9,2.1,2.0,0.025,1000,0.05,,100,606.33,0.74,102.53462301777546,2.0108705390168256,50.0,0.04999999999999999,0.0,0.0,0.0,0.7889955980394199,0.9014903193861986,0.92,0.7611357894736842,0.0
operational-envelope-v4,atlas,alpha_sweep,finite_k2,1,0.025,-1.6020599913279623,-1.8010299956639813,-1.4515449934959719,3,1.9,2.1,2.0,0.025,1000,0.05,,100,606.33,0.74,102.53462301777546,2.0108705390168256,50.0,0.04999999999999999,0.02,0.0006,0.003333333333333333,0.7889955980394199,0.9014903193861986,0.92,0.9214941052631579,0.0
operational-envelope-v4,atlas,alpha_sweep,finite_k3,1,0.025,-1.6020599913279623,-1.8010299956639813,-1.4515449934959719,3,1.9,2.1,2.0,0.025,1000,0.05,,100,606.33,0.74,102.53462301777546,2.0108705390168256,50.0,0.04999999999999999,0.03,0.0024,0.006761904761904762,0.7889955980394199,0.9014903193861986,0.92,0.9829522105263159,0.0
operational-envelope-v4,atlas,alpha_sweep,perfect,1,0.025,-1.6020599913279623,-1.8010299956639813,-1.4515449934959719,4,2.1,2.3,2.2,0.025,1000,0.05,,100,686.76,0.705,161.9126363108577,2.2092807441574718,50.0,0.04999999999999999,0.14,0.0492,0.006958994515920512,0.6180528395474497,0.7016928626714921,0.94,1.0,1.0
operational-envelope-v4,atlas,alpha_sweep,finite_k1,1,0.025,-1.6020599913279623,-1.8010299956639813,-1.4515449934959719,4,2.1,2.3,2.2,0.025,1000,0.05,,100,686.76,0.705,161.9126363108577,2.2092807441574718,50.0,0.04999999999999999,0.0,0.0,0.0,0.6180528395474497,0.7016928626714921,0.94,0.7568444210526316,0.0
operational-envelope-v4,atlas,alpha_sweep,finite_k2,1,0.025,-1.6020599913279623,-1.8010299956639813,-1.4515449934959719,4,2.1,2.3,2.2,0.025,1000,0.05,,100,686.76,0.705,161.9126363108577,2.2092807441574718,50.0,0.04999999999999999,0.01,0.0002,0.0,0.6180528395474497,0.7016928626714921,0.94,0.9191890526315789,0.0
operational-envelope-v4,atlas,alpha_sweep,finite_k3,1,0.025,-1.6020599913279623,-1.8010299956639813,-1.4515449934959719,4,2.1,2.3,2.2,0.025,1000,0.05,,100,686.76,0.705,161.9126363108577,2.2092807441574718,50.0,0.04999999999999999,0.05,0.0048000000000000004,0.004722222222222222,0.6180528395474497,0.7016928626714921,0.94,0.9817762105263159,0.0
operational-envelope-v4,atlas,alpha_sweep,perfect,1,0.025,-1.6020599913279623,-1.8010299956639813,-1.4515449934959719,5,2.3,2.5,2.4,0.025,1000,0.05,,100,1363.28,0.73,258.2168096844566,2.4119845110348694,50.0,0.04999999999999999,0.23,0.098,0.009360081707907794,0.408446931053964,0.5016894462103995,0.9,1.0,1.0
operational-envelope-v4,atlas,alpha_sweep,finite_k1,1,0.025,-1.6020599913279623,-1.8010299956639813,-1.4515449934959719,5,2.3,2.5,2.4,0.025,1000,0.05,,100,1363.28,0.73,258.2168096844566,2.4119845110348694,50.0,0.04999999999999999,0.0,0.0,0.0,0.408446931053964,0.5016894462103995,0.9,0.7583347368421053,0.0
operational-envelope-v4,atlas,alpha_sweep,finite_k2,1,0.025,-1.6020599913279623,-1.8010299956639813,-1.4515449934959719,5,2.3,2.5,2.4,0.025,1000,0.05,,100,1363.28,0.73,258.2168096844566,2.4119845110348694,50.0,0.04999999999999999,0.02,0.0004,0.01,0.408446931053964,0.5016894462103995,0.9,0.9198423157894737,0.0
operational-envelope-v4,atlas,alpha_sweep,finite_k3,1,0.025,-1.6020599913279623,-1.8010299956639813,-1.4515449934959719,5,2.3,2.5,2.4,0.025,1000,0.05,,100,1363.28,0.73,258.2168096844566,2.4119845110348694,50.0,0.04999999999999999,0.08,0.0152,0.014206349206349207,0.408446931053964,0.5016894462103995,0.9,0.9823052631578949,0.0
operational-envelope-v4,atlas,alpha_sweep,perfect,1,0.025,-1.6020599913279623,-1.8010299956639813,-1.4515449934959719,6,2.5,2.7,2.6,0.025,1000,0.05,,100,1745.15,0.72,403.6625770108795,2.6060184884466637,50.0,0.04999999999999999,0.32,0.14679999999999999,0.009733842922377138,0.21564814499268894,0.3021170913051953,0.81,1.0,1.0
operational-envelope-v4,atlas,alpha_sweep,finite_k1,1,0.025,-1.6020599913279623,-1.8010299956639813,-1.4515449934959719,6,2.5,2.7,2.6,0.025,1000,0.05,,100,1745.15,0.72,403.6625770108795,2.6060184884466637,50.0,0.04999999999999999,0.0,0.0,0.0,0.21564814499268894,0.3021170913051953,0.81,0.7592027368421053,0.0
operational-envelope-v4,atlas,alpha_sweep,finite_k2,1,0.025,-1.6020599913279623,-1.8010299956639813,-1.4515449934959719,6,2.5,2.7,2.6,0.025,1000,0.05,,100,1745.15,0.72,403.6625770108795,2.6060184884466637,50.0,0.04999999999999999,0.04,0.0016,0.003333333333333333,0.21564814499268894,0.3021170913051953,0.81,0.9219989473684211,0.0
operational-envelope-v4,atlas,alpha_sweep,finite_k3,1,0.025,-1.6020599913279623,-1.8010299956639813,-1.4515449934959719,6,2.5,2.7,2.6,0.025,1000,0.05,,100,1745.15,0.72,403.6625770108795,2.6060184884466637,50.0,0.04999999999999999,0.09,0.0132,0.0024812030075187968,0.21564814499268894,0.3021170913051953,0.81,0.9832612631578945,0.0
operational-envelope-v4,atlas,alpha_sweep,perfect,1,0.025,-1.6020599913279623,-1.8010299956639813,-1.4515449934959719,7,2.7,2.9,2.8,0.025,1000,0.05,,100,1952.87,0.695,643.9816797132717,2.808873512526574,50.0,0.04999999999999999,0.5,0.3078,0.015418578293512326,0.05802610079921334,0.1270537072430182,0.79,1.0,1.0
operational-envelope-v4,atlas,alpha_sweep,finite_k1,1,0.025,-1.6020599913279623,-1.8010299956639813,-1.4515449934959719,7,2.7,2.9,2.8,0.025,1000,0.05,,100,1952.87,0.695,643.9816797132717,2.808873512526574,50.0,0.04999999999999999,0.0,0.0,0.0,0.05802610079921334,0.1270537072430182,0.79,0.7564501052631578,0.0
operational-envelope-v4,atlas,alpha_sweep,finite_k2,1,0.025,-1.6020599913279623,-1.8010299956639813,-1.4515449934959719,7,2.7,2.9,2.8,0.025,1000,0.05,,100,1952.87,0.695,643.9816797132717,2.808873512526574,50.0,0.04999999999999999,0.03,0.0018,0.0025,0.05802610079921334,0.1270537072430182,0.79,0.9186797894736842,0.0
operational-envelope-v4,atlas,alpha_sweep,finite_k3,1,0.025,-1.6020599913279623,-1.8010299956639813,-1.4515449934959719,7,2.7,2.9,2.8,0.025,1000,0.05,,100,1952.87,0.695,643.9816797132717,2.808873512526574,50.0,0.04999999999999999,0.12,0.0152,0.010824786324786326,0.05802610079921334,0.1270537072430182,0.79,0.9818482105263154,0.0
operational-envelope-v4,atlas,alpha_sweep,perfect,1,0.025,-1.6020599913279623,-1.8010299956639813,-1.4515449934959719,8,2.9,3.0999999999999996,3.0,0.025,1000,0.05,,100,2959.39,0.66,1023.8586280037828,3.010239994416726,50.0,0.04999999999999999,0.85,0.7325999999999999,0.017148729666180904,-0.13821999978766697,-0.08348868934723724,0.3,1.0,1.0
operational-envelope-v4,atlas,alpha_sweep,finite_k1,1,0.025,-1.6020599913279623,-1.8010299956639813,-1.4515449934959719,8,2.9,3.0999999999999996,3.0,0.025,1000,0.05,,100,2959.39,0.66,1023.8586280037828,3.010239994416726,50.0,0.04999999999999999,0.0,0.0,0.0,-0.13821999978766697,-0.08348868934723724,0.3,0.7604404210526315,0.0
operational-envelope-v4,atlas,alpha_sweep,finite_k2,1,0.025,-1.6020599913279623,-1.8010299956639813,-1.4515449934959719,8,2.9,3.0999999999999996,3.0,0.025,1000,0.05,,100,2959.39,0.66,1023.8586280037828,3.010239994416726,50.0,0.04999999999999999,0.05,0.0016,0.0,-0.13821999978766697,-0.08348868934723724,0.3,0.9212648421052633,0.0
operational-envelope-v4,atlas,alpha_sweep,finite_k3,1,0.025,-1.6020599913279623,-1.8010299956639813,-1.4515449934959719,8,2.9,3.0999999999999996,3.0,0.025,1000,0.05,,100,2959.39,0.66,1023.8586280037828,3.010239994416726,50.0,0.04999999999999999,0.22,0.0464,0.00777008547008547,-0.13821999978766697,-0.08348868934723724,0.3,0.9830376842105263,0.0
operational-envelope-v4,atlas,alpha_sweep,perfect,1,0.025,-1.6020599913279623,-1.8010299956639813,-1.4515449934959719,9,3.0999999999999996,3.3,3.1999999999999997,0.025,1000,0.05,,100,4732.47,0.69,1607.1693937315254,3.2060616532946513,50.0,0.04999999999999999,0.94,0.8792,0.01979571429686497,-0.33748040277375213,-0.2972131959896414,0.0,1.0,1.0
operational-envelope-v4,atlas,alpha_sweep,finite_k1,1,0.025,-1.6020599913279623,-1.8010299956639813,-1.4515449934959719,9,3.0999999999999996,3.3,3.1999999999999997,0.025,1000,0.05,,100,4732.47,0.69,1607.1693937315254,3.2060616532946513,50.0,0.04999999999999999,0.0,0.0,0.0,-0.33748040277375213,-0.2972131959896414,0.0,0.7603696842105263,0.0
operational-envelope-v4,atlas,alpha_sweep,finite_k2,1,0.025,-1.6020599913279623,-1.8010299956639813,-1.4515449934959719,9,3.0999999999999996,3.3,3.1999999999999997,0.025,1000,0.05,,100,4732.47,0.69,1607.1693937315254,3.2060616532946513,50.0,0.04999999999999999,0.06,0.0025999999999999994,0.002,-0.33748040277375213,-0.2972131959896414,0.0,0.9219928421052633,0.0
operational-envelope-v4,atlas,alpha_sweep,finite_k3,1,0.025,-1.6020599913279623,-1.8010299956639813,-1.4515449934959719,9,3.0999999999999996,3.3,3.1999999999999997,0.025,1000,0.05,,100,4732.47,0.69,1607.1693937315254,3.2060616532946513,50.0,0.04999999999999999,0.27,0.069,0.019965495888550802,-0.33748040277375213,-0.2972131959896414,0.0,0.9838033684210526,0.0
operational-envelope-v4,atlas,alpha_sweep,perfect,1,0.025,-1.6020599913279623,-1.8010299956639813,-1.4515449934959719,10,3.3,3.5,3.4,0.025,1000,0.05,,100,4338.55,0.505,2579.8300858558546,3.4115911031705033,50.0,0.04999999999999999,1.0,0.9828,0.018733971334848016,-0.44995095394656687,-0.45140261359749295,0.0,1.0,1.0
operational-envelope-v4,atlas,alpha_sweep,finite_k1,1,0.025,-1.6020599913279623,-1.8010299956639813,-1.4515449934959719,10,3.3,3.5,3.4,0.025,1000,0.05,,100,4338.55,0.505,2579.8300858558546,3.4115911031705033,50.0,0.04999999999999999,0.01,0.0002,0.0,-0.44995095394656687,-0.45140261359749295,0.0,0.7613101052631579,0.0
operational-envelope-v4,atlas,alpha_sweep,finite_k2,1,0.025,-1.6020599913279623,-1.8010299956639813,-1.4515449934959719,10,3.3,3.5,3.4,0.025,1000,0.05,,100,4338.55,0.505,2579.8300858558546,3.4115911031705033,50.0,0.04999999999999999,0.05,0.0014000000000000002,0.003333333333333333,-0.44995095394656687,-0.45140261359749295,0.0,0.9220894736842103,0.0
operational-envelope-v4,atlas,alpha_sweep,finite_k3,1,0.025,-1.6020599913279623,-1.8010299956639813,-1.4515449934959719,10,3.3,3.5,3.4,0.025,1000,0.05,,100,4338.55,0.505,2579.8300858558546,3.4115911031705033,50.0,0.04999999999999999,0.56,0.1782,0.016709110714993064,-0.44995095394656687,-0.45140261359749295,0.0,0.9834094736842104,0.0
operational-envelope-v4,atlas,alpha_sweep,perfect,1,0.025,-1.6020599913279623,-1.8010299956639813,-1.4515449934959719,11,3.5,3.7,3.6,0.025,1000,0.05,,100,6827.6,0.505,4067.6420230632134,3.6093427254087387,50.0,0.04999999999999999,0.98,0.9758000000000001,0.016830347730125754,-0.6348735870990967,-0.651278013998144,0.0,1.0,1.0
operational-envelope-v4,atlas,alpha_sweep,finite_k1,1,0.025,-1.6020599913279623,-1.8010299956639813,-1.4515449934959719,11,3.5,3.7,3.6,0.025,1000,0.05,,100,6827.6,0.505,4067.6420230632134,3.6093427254087387,50.0,0.04999999999999999,0.0,0.0,0.0,-0.6348735870990967,-0.651278013998144,0.0,0.7614880000000003,0.0
operational-envelope-v4,atlas,alpha_sweep,finite_k2,1,0.025,-1.6020599913279623,-1.8010299956639813,-1.4515449934959719,11,3.5,3.7,3.6,0.025,1000,0.05,,100,6827.6,0.505,4067.6420230632134,3.6093427254087387,50.0,0.04999999999999999,0.08,0.0052,0.0,-0.6348735870990967,-0.651278013998144,0.0,0.9220797894736841,0.0
operational-envelope-v4,atlas,alpha_sweep,finite_k3,1,0.025,-1.6020599913279623,-1.8010299956639813,-1.4515449934959719,11,3.5,3.7,3.6,0.025,1000,0.05,,100,6827.6,0.505,4067.6420230632134,3.6093427254087387,50.0,0.04999999999999999,0.79,0.2636,0.017121218219947106,-0.6348735870990967,-0.651278013998144,0.0,0.9833964210526315,0.0
operational-envelope-v4,atlas,alpha_sweep,perfect,1,0.025,-1.6020599913279623,-1.8010299956639813,-1.4515449934959719,12,3.7,3.8999999999999995,3.8,0.025,1000,0.05,,100,8434.63,0.35,6318.851112428059,3.800638122445378,50.0,0.04999999999999999,1.0,0.9988000000000001,0.01980430712975108,-0.8200974280725145,-0.8512583487190752,0.0,1.0,1.0
operational-envelope-v4,atlas,alpha_sweep,finite_k1,1,0.025,-1.6020599913279623,-1.8010299956639813,-1.4515449934959719,12,3.7,3.8999999999999995,3.8,0.025,1000,0.05,,100,8434.63,0.35,6318.851112428059,3.800638122445378,50.0,0.04999999999999999,0.0,0.0,0.0,-0.8200974280725145,-0.8512583487190752,0.0,0.7572444210526315,0.0
operational-envelope-v4,atlas,alpha_sweep,finite_k2,1,0.025,-1.6020599913279623,-1.8010299956639813,-1.4515449934959719,12,3.7,3.8999999999999995,3.8,0.025,1000,0.05,,100,8434.63,0.35,6318.851112428059,3.800638122445378,50.0,0.04999999999999999,0.1,0.0102,0.010833333333333332,-0.8200974280725145,-0.8512583487190752,0.0,0.9203475789473683,0.0
operational-envelope-v4,atlas,alpha_sweep,finite_k3,1,0.025,-1.6020599913279623,-1.8010299956639813,-1.4515449934959719,12,3.7,3.8999999999999995,3.8,0.025,1000,0.05,,100,8434.63,0.35,6318.851112428059,3.800638122445378,50.0,0.04999999999999999,0.86,0.3044,0.01624601315230835,-0.8200974280725145,-0.8512583487190752,0.0,0.9828315789473683,0.0
operational-envelope-v4,atlas,alpha_sweep,perfect,1,0.025,-1.6020599913279623,-1.8010299956639813,-1.4515449934959719,13,3.8999999999999995,4.1,3.9999999999999996,0.025,1000,0.05,,100,10627.88,0.245,9332.333540315945,3.9699902522102386,50.0,0.04999999999999999,1.0,1.0,0.02274197623809166,-0.967960597215764,-0.9437875343435338,0.0,1.0,1.0
operational-envelope-v4,atlas,alpha_sweep,finite_k1,1,0.025,-1.6020599913279623,-1.8010299956639813,-1.4515449934959719,13,3.8999999999999995,4.1,3.9999999999999996,0.025,1000,0.05,,100,10627.88,0.245,9332.333540315945,3.9699902522102386,50.0,0.04999999999999999,0.0,0.0,0.01,-0.967960597215764,-0.9437875343435338,0.0,0.7632473684210527,0.0
operational-envelope-v4,atlas,alpha_sweep,finite_k2,1,0.025,-1.6020599913279623,-1.8010299956639813,-1.4515449934959719,13,3.8999999999999995,4.1,3.9999999999999996,0.025,1000,0.05,,100,10627.88,0.245,9332.333540315945,3.9699902522102386,50.0,0.04999999999999999,0.17,0.017400000000000002,0.01859174159174159,-0.967960597215764,-0.9437875343435338,0.0,0.9221374736842105,0.0
operational-envelope-v4,atlas,alpha_sweep,finite_k3,1,0.025,-1.6020599913279623,-1.8010299956639813,-1.4515449934959719,13,3.8999999999999995,4.1,3.9999999999999996,0.025,1000,0.05,,100,10627.88,0.245,9332.333540315945,3.9699902522102386,50.0,0.04999999999999999,0.96,0.37800000000000006,0.028333265346621905,-0.967960597215764,-0.9437875343435338,0.0,0.9831338947368422,0.0
operational-envelope-v4,atlas,alpha_sweep,perfect,2,0.05,-1.3010299956639813,-1.4515449934959719,-1.1505149978319906,0,1.3,1.5,1.4,0.05,1000,0.05,,100,478.66,0.59,25.715539046662748,1.4101956323917952,50.0,0.04999999999999999,0.05,0.0204,0.005123677248677249,1.099784573225267,1.2218487496163564,0.95,1.0,1.0
operational-envelope-v4,atlas,alpha_sweep,finite_k1,2,0.05,-1.3010299956639813,-1.4515449934959719,-1.1505149978319906,0,1.3,1.5,1.4,0.05,1000,0.05,,100,478.66,0.59,25.715539046662748,1.4101956323917952,50.0,0.04999999999999999,0.0,0.0,0.0,1.099784573225267,1.2218487496163564,0.95,0.7554633684210524,0.0
operational-envelope-v4,atlas,alpha_sweep,finite_k2,2,0.05,-1.3010299956639813,-1.4515449934959719,-1.1505149978319906,0,1.3,1.5,1.4,0.05,1000,0.05,,100,478.66,0.59,25.715539046662748,1.4101956323917952,50.0,0.04999999999999999,0.02,0.0004,0.0,1.099784573225267,1.2218487496163564,0.95,0.9192145263157893,0.0
operational-envelope-v4,atlas,alpha_sweep,finite_k3,2,0.05,-1.3010299956639813,-1.4515449934959719,-1.1505149978319906,0,1.3,1.5,1.4,0.05,1000,0.05,,100,478.66,0.59,25.715539046662748,1.4101956323917952,50.0,0.04999999999999999,0.04,0.0048000000000000004,0.010952380952380951,1.099784573225267,1.2218487496163564,0.95,0.982163157894737,0.02
operational-envelope-v4,atlas,alpha_sweep,perfect,2,0.05,-1.3010299956639813,-1.4515449934959719,-1.1505149978319906,1,1.5,1.7,1.6,0.05,1000,0.05,,100,439.6,0.625,40.70007533170344,1.6095952130609164,50.0,0.04999999999999999,0.06,0.0166,0.004756989247311828,0.9455516796988992,1.0338582672609673,0.96,1.0,1.0
operational-envelope-v4,atlas,alpha_sweep,finite_k1,2,0.05,-1.3010299956639813,-1.4515449934959719,-1.1505149978319906,1,1.5,1.7,1.6,0.05,1000,0.05,,100,439.6,0.625,40.70007533170344,1.6095952130609164,50.0,0.04999999999999999,0.01,0.0002,0.0,0.9455516796988992,1.0338582672609673,0.96,0.7529652631578949,0.0
operational-envelope-v4,atlas,alpha_sweep,finite_k2,2,0.05,-1.3010299956639813,-1.4515449934959719,-1.1505149978319906,1,1.5,1.7,1.6,0.05,1000,0.05,,100,439.6,0.625,40.70007533170344,1.6095952130609164,50.0,0.04999999999999999,0.01,0.0002,0.005,0.9455516796988992,1.0338582672609673,0.96,0.9171269473684213,0.0
operational-envelope-v4,atlas,alpha_sweep,finite_k3,2,0.05,-1.3010299956639813,-1.4515449934959719,-1.1505149978319906,1,1.5,1.7,1.6,0.05,1000,0.05,,100,439.6,0.625,40.70007533170344,1.6095952130609164,50.0,0.04999999999999999,0.03,0.0054,0.0031111111111111114,0.9455516796988992,1.0338582672609673,0.96,0.9814136842105262,0.0
operational-envelope-v4,atlas,alpha_sweep,perfect,2,0.05,-1.3010299956639813,-1.4515449934959719,-1.1505149978319906,2,1.7,1.9,1.7999999999999998,0.05,1000,0.05,,100,279.75,0.685,64.36072880787312,1.8086209533176938,50.0,0.04999999999999999,0.05,0.0208,0.004131493506493506,0.7398547178729155,0.8101030815692856,0.96,1.0,1.0
operational-envelope-v4,atlas,alpha_sweep,finite_k1,2,0.05,-1.3010299956639813,-1.4515449934959719,-1.1505149978319906,2,1.7,1.9,1.7999999999999998,0.05,1000,0.05,,100,279.75,0.685,64.36072880787312,1.8086209533176938,50.0,0.04999999999999999,0.01,0.0002,0.0,0.7398547178729155,0.8101030815692856,0.96,0.7617345263157896,0.0
operational-envelope-v4,atlas,alpha_sweep,finite_k2,2,0.05,-1.3010299956639813,-1.4515449934959719,-1.1505149978319906,2,1.7,1.9,1.7999999999999998,0.05,1000,0.05,,100,279.75,0.685,64.36072880787312,1.8086209533176938,50.0,0.04999999999999999,0.02,0.0006,0.0,0.7398547178729155,0.8101030815692856,0.96,0.9222572631578947,0.0
operational-envelope-v4,atlas,alpha_sweep,finite_k3,2,0.05,-1.3010299956639813,-1.4515449934959719,-1.1505149978319906,2,1.7,1.9,1.7999999999999998,0.05,1000,0.05,,100,279.75,0.685,64.36072880787312,1.8086209533176938,50.0,0.04999999999999999,0.01,0.001,0.002857142857142857,0.7398547178729155,0.8101030815692856,0.96,0.9831191578947369,0.01
operational-envelope-v4,atlas,alpha_sweep,perfect,2,0.05,-1.3010299956639813,-1.4515449934959719,-1.1505149978319906,3,1.9,2.1,2.0,0.05,1000,0.05,,100,353.89,0.655,102.34564899939159,2.010069384314393,50.0,0.04999999999999999,0.11,0.0394,0.007464160839160839,0.5555502928342095,0.6430185990068689,0.94,1.0,1.0
operational-envelope-v4,atlas,alpha_sweep,finite_k1,2,0.05,-1.3010299956639813,-1.4515449934959719,-1.1505149978319906,3,1.9,2.1,2.0,0.05,1000,0.05,,100,353.89,0.655,102.34564899939159,2.010069384314393,50.0,0.04999999999999999,0.01,0.0002,0.0,0.5555502928342095,0.6430185990068689,0.94,0.7582185263157893,0.0
operational-envelope-v4,atlas,alpha_sweep,finite_k2,2,0.05,-1.3010299956639813,-1.4515449934959719,-1.1505149978319906,3,1.9,2.1,2.0,0.05,1000,0.05,,100,353.89,0.655,102.34564899939159,2.010069384314393,50.0,0.04999999999999999,0.01,0.0002,0.0,0.5555502928342095,0.6430185990068689,0.94,0.9203098947368423,0.0
operational-envelope-v4,atlas,alpha_sweep,finite_k3,2,0.05,-1.3010299956639813,-1.4515449934959719,-1.1505149978319906,3,1.9,2.1,2.0,0.05,1000,0.05,,100,353.89,0.655,102.34564899939159,2.010069384314393,50.0,0.04999999999999999,0.05,0.0048,0.007357142857142857,0.5555502928342095,0.6430185990068689,0.94,0.9828694736842104,0.0
operational-envelope-v4,atlas,alpha_sweep,perfect,2,0.05,-1.3010299956639813,-1.4515449934959719,-1.1505149978319906,4,2.1,2.3,2.2,0.05,1000,0.05,,100,858.39,0.78,164.25072487382698,2.215507294871139,50.0,0.04999999999999999,0.22,0.10580000000000002,0.020191904446016543,0.28568543992474854,0.4006628670075109,0.8,1.0,1.0
operational-envelope-v4,atlas,alpha_sweep,finite_k1,2,0.05,-1.3010299956639813,-1.4515449934959719,-1.1505149978319906,4,2.1,2.3,2.2,0.05,1000,0.05,,100,858.39,0.78,164.25072487382698,2.215507294871139,50.0,0.04999999999999999,0.01,0.0002,0.0,0.28568543992474854,0.4006628670075109,0.8,0.7550263157894738,0.0
operational-envelope-v4,atlas,alpha_sweep,finite_k2,2,0.05,-1.3010299956639813,-1.4515449934959719,-1.1505149978319906,4,2.1,2.3,2.2,0.05,1000,0.05,,100,858.39,0.78,164.25072487382698,2.215507294871139,50.0,0.04999999999999999,0.03,0.0006,0.0,0.28568543992474854,0.4006628670075109,0.8,0.9186524210526315,0.0
operational-envelope-v4,atlas,alpha_sweep,finite_k3,2,0.05,-1.3010299956639813,-1.4515449934959719,-1.1505149978319906,4,2.1,2.3,2.2,0.05,1000,0.05,,100,858.39,0.78,164.25072487382698,2.215507294871139,50.0,0.04999999999999999,0.11,0.0176,0.01224442121346146,0.28568543992474854,0.4006628670075109,0.8,0.982372,0.0
operational-envelope-v4,atlas,alpha_sweep,perfect,2,0.05,-1.3010299956639813,-1.4515449934959719,-1.1505149978319906,5,2.3,2.5,2.4,0.05,1000,0.05,,100,1440.82,0.8,259.7146223016116,2.4144964017129817,50.0,0.04999999999999999,0.37,0.2144,0.022792355174603145,0.05978462745359167,0.20065945054641826,0.75,1.0,1.0
operational-envelope-v4,atlas,alpha_sweep,finite_k1,2,0.05,-1.3010299956639813,-1.4515449934959719,-1.1505149978319906,5,2.3,2.5,2.4,0.05,1000,0.05,,100,1440.82,0.8,259.7146223016116,2.4144964017129817,50.0,0.04999999999999999,0.0,0.0,0.01,0.05978462745359167,0.20065945054641826,0.75,0.757420210526316,0.0
operational-envelope-v4,atlas,alpha_sweep,finite_k2,2,0.05,-1.3010299956639813,-1.4515449934959719,-1.1505149978319906,5,2.3,2.5,2.4,0.05,1000,0.05,,100,1440.82,0.8,259.7146223016116,2.4144964017129817,50.0,0.04999999999999999,0.05,0.0014000000000000002,0.01,0.05978462745359167,0.20065945054641826,0.75,0.9198254736842105,0.0
operational-envelope-v4,atlas,alpha_sweep,finite_k3,2,0.05,-1.3010299956639813,-1.4515449934959719,-1.1505149978319906,5,2.3,2.5,2.4,0.05,1000,0.05,,100,1440.82,0.8,259.7146223016116,2.4144964017129817,50.0,0.04999999999999999,0.16,0.029600000000000005,0.017838030218835173,0.05978462745359167,0.20065945054641826,0.75,0.9827284210526315,0.0
operational-envelope-v4,atlas,alpha_sweep,perfect,2,0.05,-1.3010299956639813,-1.4515449934959719,-1.1505149978319906,6,2.5,2.7,2.6,0.05,1000,0.05,,100,1818.62,0.76,408.1327971193049,2.6108014956201724,50.0,0.04999999999999999,0.7,0.5408000000000001,0.03790436709795532,-0.09918720727021567,0.0010870956412141369,0.58,1.0,1.0
operational-envelope-v4,atlas,alpha_sweep,finite_k1,2,0.05,-1.3010299956639813,-1.4515449934959719,-1.1505149978319906,6,2.5,2.7,2.6,0.05,1000,0.05,,100,1818.62,0.76,408.1327971193049,2.6108014956201724,50.0,0.04999999999999999,0.0,0.0,0.0,-0.09918720727021567,0.0010870956412141369,0.58,0.7531010526315791,0.0
operational-envelope-v4,atlas,alpha_sweep,finite_k2,2,0.05,-1.3010299956639813,-1.4515449934959719,-1.1505149978319906,6,2.5,2.7,2.6,0.05,1000,0.05,,100,1818.62,0.76,408.1327971193049,2.6108014956201724,50.0,0.04999999999999999,0.04,0.001,0.01,-0.09918720727021567,0.0010870956412141369,0.58,0.9190174736842104,0.0
operational-envelope-v4,atlas,alpha_sweep,finite_k3,2,0.05,-1.3010299956639813,-1.4515449934959719,-1.1505149978319906,6,2.5,2.7,2.6,0.05,1000,0.05,,100,1818.62,0.76,408.1327971193049,2.6108014956201724,50.0,0.04999999999999999,0.2,0.05859999999999999,0.01535327758345661,-0.09918720727021567,0.0010870956412141369,0.58,0.9825684210526314,0.0
operational-envelope-v4,atlas,alpha_sweep,perfect,2,0.05,-1.3010299956639813,-1.4515449934959719,-1.1505149978319906,7,2.7,2.9,2.8,0.05,1000,0.05,,100,1971.78,0.685,649.7365610624473,2.812737305461575,50.0,0.04999999999999999,0.87,0.7956,0.03195986148701024,-0.2380010639458202,-0.1742868197666689,0.06,1.0,1.0
operational-envelope-v4,atlas,alpha_sweep,finite_k1,2,0.05,-1.3010299956639813,-1.4515449934959719,-1.1505149978319906,7,2.7,2.9,2.8,0.05,1000,0.05,,100,1971.78,0.685,649.7365610624473,2.812737305461575,50.0,0.04999999999999999,0.0,0.0,0.0,-0.2380010639458202,-0.1742868197666689,0.06,0.7644597894736843,0.0
operational-envelope-v4,atlas,alpha_sweep,finite_k2,2,0.05,-1.3010299956639813,-1.4515449934959719,-1.1505149978319906,7,2.7,2.9,2.8,0.05,1000,0.05,,100,1971.78,0.685,649.7365610624473,2.812737305461575,50.0,0.04999999999999999,0.06,0.003,0.0025,-0.2380010639458202,-0.1742868197666689,0.06,0.9235574736842104,0.0
operational-envelope-v4,atlas,alpha_sweep,finite_k3,2,0.05,-1.3010299956639813,-1.4515449934959719,-1.1505149978319906,7,2.7,2.9,2.8,0.05,1000,0.05,,100,1971.78,0.685,649.7365610624473,2.812737305461575,50.0,0.04999999999999999,0.32,0.114,0.020811642223280153,-0.2380010639458202,-0.1742868197666689,0.06,0.9836711578947369,0.0
operational-envelope-v4,atlas,alpha_sweep,perfect,2,0.05,-1.3010299956639813,-1.4515449934959719,-1.1505149978319906,8,2.9,3.0999999999999996,3.0,0.05,1000,0.05,,100,3500.08,0.715,1022.6191928650625,3.009713939453659,50.0,0.04999999999999999,0.95,0.9087999999999999,0.03532714291209459,-0.4642498420598545,-0.39472619022114974,0.0,1.0,1.0
operational-envelope-v4,atlas,alpha_sweep,finite_k1,2,0.05,-1.3010299956639813,-1.4515449934959719,-1.1505149978319906,8,2.9,3.0999999999999996,3.0,0.05,1000,0.05,,100,3500.08,0.715,1022.6191928650625,3.009713939453659,50.0,0.04999999999999999,0.0,0.0,0.0,-0.4642498420598545,-0.39472619022114974,0.0,0.7575515789473684,0.0
operational-envelope-v4,atlas,alpha_sweep,finite_k2,2,0.05,-1.3010299956639813,-1.4515449934959719,-1.1505149978319906,8,2.9,3.0999999999999996,3.0,0.05,1000,0.05,,100,3500.08,0.715,1022.6191928650625,3.009713939453659,50.0,0.04999999999999999,0.12,0.0094,0.009899999999999999,-0.4642498420598545,-0.39472619022114974,0.0,0.9196360000000001,0.0
operational-envelope-v4,atlas,alpha_sweep,finite_k3,2,0.05,-1.3010299956639813,-1.4515449934959719,-1.1505149978319906,8,2.9,3.0999999999999996,3.0,0.05,1000,0.05,,100,3500.08,0.715,1022.6191928650625,3.009713939453659,50.0,0.04999999999999999,0.53,0.19400000000000003,0.029316766745877323,-0.4642498420598545,-0.39472619022114974,0.0,0.9827671578947368,0.0
operational-envelope-v4,atlas,alpha_sweep,perfect,2,0.05,-1.3010299956639813,-1.4515449934959719,-1.1505149978319906,9,3.0999999999999996,3.3,3.1999999999999997,0.05,1000,0.05,,100,4446.81,0.66,1614.315186246271,3.207988332296686,50.0,0.04999999999999999,0.97,0.9536,0.03882422188431931,-0.6416200005321658,-0.5982431916536226,0.0,1.0,1.0
operational-envelope-v4,atlas,alpha_sweep,finite_k1,2,0.05,-1.3010299956639813,-1.4515449934959719,-1.1505149978319906,9,3.0999999999999996,3.3,3.1999999999999997,0.05,1000,0.05,,100,4446.81,0.66,1614.315186246271,3.207988332296686,50.0,0.04999999999999999,0.0,0.0,0.0,-0.6416200005321658,-0.5982431916536226,0.0,0.7697873684210528,0.0
operational-envelope-v4,atlas,alpha_sweep,finite_k2,2,0.05,-1.3010299956639813,-1.4515449934959719,-1.1505149978319906,9,3.0999999999999996,3.3,3.1999999999999997,0.05,1000,0.05,,100,4446.81,0.66,1614.315186246271,3.207988332296686,50.0,0.04999999999999999,0.12,0.009800000000000001,0.016249999999999997,-0.6416200005321658,-0.5982431916536226,0.0,0.9254244210526315,0.0
operational-envelope-v4,atlas,alpha_sweep,finite_k3,2,0.05,-1.3010299956639813,-1.4515449934959719,-1.1505149978319906,9,3.0999999999999996,3.3,3.1999999999999997,0.05,1000,0.05,,100,4446.81,0.66,1614.315186246271,3.207988332296686,50.0,0.04999999999999999,0.82,0.36999999999999994,0.03134061761784904,-0.6416200005321658,-0.5982431916536226,0.0,0.9838587368421052,0.0
operational-envelope-v4,atlas,alpha_sweep,perfect,2,0.05,-1.3010299956639813,-1.4515449934959719,-1.1505149978319906,10,3.3,3.5,3.4,0.05,1000,0.05,,100,4238.25,0.495,2532.3578220620657,3.403525071474671,50.0,0.04999999999999999,1.0,0.9974,0.04506523079679221,-0.7335898779386124,-0.7524326092614742,0.0,1.0,1.0
operational-envelope-v4,atlas,alpha_sweep,finite_k1,2,0.05,-1.3010299956639813,-1.4515449934959719,-1.1505149978319906,10,3.3,3.5,3.4,0.05,1000,0.05,,100,4238.25,0.495,2532.3578220620657,3.403525071474671,50.0,0.04999999999999999,0.0,0.0,0.0,-0.7335898779386124,-0.7524326092614742,0.0,0.7666924210526315,0.0
operational-envelope-v4,atlas,alpha_sweep,finite_k2,2,0.05,-1.3010299956639813,-1.4515449934959719,-1.1505149978319906,10,3.3,3.5,3.4,0.05,1000,0.05,,100,4238.25,0.495,2532.3578220620657,3.403525071474671,50.0,0.04999999999999999,0.19,0.0148,0.025464285714285714,-0.7335898779386124,-0.7524326092614742,0.0,0.924226105263158,0.0
operational-envelope-v4,atlas,alpha_sweep,finite_k3,2,0.05,-1.3010299956639813,-1.4515449934959719,-1.1505149978319906,10,3.3,3.5,3.4,0.05,1000,0.05,,100,4238.25,0.495,2532.3578220620657,3.403525071474671,50.0,0.04999999999999999,0.95,0.43640000000000007,0.037751251807730354,-0.7335898779386124,-0.7524326092614742,0.0,0.984010947368421,0.0
operational-envelope-v4,atlas,alpha_sweep,perfect,2,0.05,-1.3010299956639813,-1.4515449934959719,-1.1505149978319906,11,3.5,3.7,3.6,0.05,1000,0.05,,100,6659.75,0.485,4067.0131222518357,3.609275573661624,50.0,0.04999999999999999,1.0,0.9992,0.05100613172466461,-0.9414943522195128,-0.9523080096621253,0.0,1.0,1.0
operational-envelope-v4,atlas,alpha_sweep,finite_k1,2,0.05,-1.3010299956639813,-1.4515449934959719,-1.1505149978319906,11,3.5,3.7,3.6,0.05,1000,0.05,,100,6659.75,0.485,4067.0131222518357,3.609275573661624,50.0,0.04999999999999999,0.03,0.0008,0.006666666666666666,-0.9414943522195128,-0.9523080096621253,0.0,0.7589008421052629,0.0
operational-envelope-v4,atlas,alpha_sweep,finite_k2,2,0.05,-1.3010299956639813,-1.4515449934959719,-1.1505149978319906,11,3.5,3.7,3.6,0.05,1000,0.05,,100,6659.75,0.485,4067.0131222518357,3.609275573661624,50.0,0.04999999999999999,0.33,0.0438,0.027416531524890656,-0.9414943522195128,-0.9523080096621253,0.0,0.9213031578947368,0.0
operational-envelope-v4,atlas,alpha_sweep,finite_k3,2,0.05,-1.3010299956639813,-1.4515449934959719,-1.1505149978319906,11,3.5,3.7,3.6,0.05,1000,0.05,,100,6659.75,0.485,4067.0131222518357,3.609275573661624,50.0,0.04999999999999999,0.98,0.45439999999999997,0.04963988093344336,-0.9414943522195128,-0.9523080096621253,0.0,0.9830298947368422,0.0
operational-envelope-v4,atlas,alpha_sweep,perfect,2,0.05,-1.3010299956639813,-1.4515449934959719,-1.1505149978319906,12,3.7,3.8999999999999995,3.8,0.05,1000,0.05,,100,8434.63,0.35,6315.022818199536,3.8003749241392106,50.0,0.04999999999999999,1.0,1.0,0.043263690403458475,-1.1119899183585642,-1.1457529461697749,0.0,1.0,1.0
operational-envelope-v4,atlas,alpha_sweep,finite_k1,2,0.05,-1.3010299956639813,-1.4515449934959719,-1.1505149978319906,12,3.7,3.8999999999999995,3.8,0.05,1000,0.05,,100,8434.63,0.35,6315.022818199536,3.8003749241392106,50.0,0.04999999999999999,0.01,0.0006,0.02,-1.1119899183585642,-1.1457529461697749,0.0,0.7642964210526314,0.0
operational-envelope-v4,atlas,alpha_sweep,finite_k2,2,0.05,-1.3010299956639813,-1.4515449934959719,-1.1505149978319906,12,3.7,3.8999999999999995,3.8,0.05,1000,0.05,,100,8434.63,0.35,6315.022818199536,3.8003749241392106,50.0,0.04999999999999999,0.4,0.0348,0.033067821067821065,-1.1119899183585642,-1.1457529461697749,0.0,0.9231955789473684,0.0
operational-envelope-v4,atlas,alpha_sweep,finite_k3,2,0.05,-1.3010299956639813,-1.4515449934959719,-1.1505149978319906,12,3.7,3.8999999999999995,3.8,0.05,1000,0.05,,100,8434.63,0.35,6315.022818199536,3.8003749241392106,50.0,0.04999999999999999,1.0,0.47700000000000004,0.04039468247910158,-1.1119899183585642,-1.1457529461697749,0.0,0.9837949473684209,0.0
operational-envelope-v4,atlas,alpha_sweep,perfect,2,0.05,-1.3010299956639813,-1.4515449934959719,-1.1505149978319906,13,3.8999999999999995,4.1,3.9999999999999996,0.05,1000,0.05,,100,10627.88,0.245,9326.960197067967,3.9697401234090823,50.0,0.04999999999999999,1.0,1.0,0.050533034811800485,-1.2717183832774,-1.2493519917028242,0.0,1.0,1.0
operational-envelope-v4,atlas,alpha_sweep,finite_k1,2,0.05,-1.3010299956639813,-1.4515449934959719,-1.1505149978319906,13,3.8999999999999995,4.1,3.9999999999999996,0.05,1000,0.05,,100,10627.88,0.245,9326.960197067967,3.9697401234090823,50.0,0.04999999999999999,0.05,0.0012,0.0125,-1.2717183832774,-1.2493519917028242,0.0,0.7598623157894737,0.0
operational-envelope-v4,atlas,alpha_sweep,finite_k2,2,0.05,-1.3010299956639813,-1.4515449934959719,-1.1505149978319906,13,3.8999999999999995,4.1,3.9999999999999996,0.05,1000,0.05,,100,10627.88,0.245,9326.960197067967,3.9697401234090823,50.0,0.04999999999999999,0.45,0.0388,0.04484798534798535,-1.2717183832774,-1.2493519917028242,0.0,0.9207021052631578,0.0
operational-envelope-v4,atlas,alpha_sweep,finite_k3,2,0.05,-1.3010299956639813,-1.4515449934959719,-1.1505149978319906,13,3.8999999999999995,4.1,3.9999999999999996,0.05,1000,0.05,,100,10627.88,0.245,9326.960197067967,3.9697401234090823,50.0,0.04999999999999999,1.0,0.479,0.05279252524201364,-1.2717183832774,-1.2493519917028242,0.0,0.982718105263158,0.0
operational-envelope-v4,atlas,alpha_sweep,perfect,3,0.1,-1.0,-1.1505149978319906,-0.8494850021680094,0,1.3,1.5,1.4,0.1,1000,0.05,,100,271.99,0.68,26.190806773144583,1.4181488764980972,50.0,0.04999999999999999,0.06,0.021399999999999995,0.024524762200165428,0.7903803905930157,0.9198393228480405,0.92,1.0,1.0
operational-envelope-v4,atlas,alpha_sweep,finite_k1,3,0.1,-1.0,-1.1505149978319906,-0.8494850021680094,0,1.3,1.5,1.4,0.1,1000,0.05,,100,271.99,0.68,26.190806773144583,1.4181488764980972,50.0,0.04999999999999999,0.0,0.0,0.01,0.7903803905930157,0.9198393228480405,0.92,0.7620823157894736,0.0
operational-envelope-v4,atlas,alpha_sweep,finite_k2,3,0.1,-1.0,-1.1505149978319906,-0.8494850021680094,0,1.3,1.5,1.4,0.1,1000,0.05,,100,271.99,0.68,26.190806773144583,1.4181488764980972,50.0,0.04999999999999999,0.02,0.0012000000000000001,0.006666666666666666,0.7903803905930157,0.9198393228480405,0.92,0.9216267368421052,0.0
operational-envelope-v4,atlas,alpha_sweep,finite_k3,3,0.1,-1.0,-1.1505149978319906,-0.8494850021680094,0,1.3,1.5,1.4,0.1,1000,0.05,,100,271.99,0.68,26.190806773144583,1.4181488764980972,50.0,0.04999999999999999,0.05,0.0098,0.026832983193277312,0.7903803905930157,0.9198393228480405,0.92,0.9829867368421052,0.01
operational-envelope-v4,atlas,alpha_sweep,perfect,3,0.1,-1.0,-1.1505149978319906,-0.8494850021680094,1,1.5,1.7,1.6,0.1,1000,0.05,,100,343.72,0.675,40.69779817853395,1.6095709137760932,50.0,0.04999999999999999,0.1,0.0384,0.017287768168775034,0.6102043841730436,0.7248632346922798,0.92,1.0,1.0
operational-envelope-v4,atlas,alpha_sweep,finite_k1,3,0.1,-1.0,-1.1505149978319906,-0.8494850021680094,1,1.5,1.7,1.6,0.1,1000,0.05,,100,343.72,0.675,40.69779817853395,1.6095709137760932,50.0,0.04999999999999999,0.0,0.0,0.0,0.6102043841730436,0.7248632346922798,0.92,0.7581877894736843,0.0
operational-envelope-v4,atlas,alpha_sweep,finite_k2,3,0.1,-1.0,-1.1505149978319906,-0.8494850021680094,1,1.5,1.7,1.6,0.1,1000,0.05,,100,343.72,0.675,40.69779817853395,1.6095709137760932,50.0,0.04999999999999999,0.01,0.0006,0.01,0.6102043841730436,0.7248632346922798,0.92,0.9199374736842106,0.0
operational-envelope-v4,atlas,alpha_sweep,finite_k3,3,0.1,-1.0,-1.1505149978319906,-0.8494850021680094,1,1.5,1.7,1.6,0.1,1000,0.05,,100,343.72,0.675,40.69779817853395,1.6095709137760932,50.0,0.04999999999999999,0.05,0.0076,0.009107142857142859,0.6102043841730436,0.7248632346922798,0.92,0.982729052631579,0.0
operational-envelope-v4,atlas,alpha_sweep,perfect,3,0.1,-1.0,-1.1505149978319906,-0.8494850021680094,2,1.7,1.9,1.7999999999999998,0.1,1000,0.05,,100,380.42,0.715,64.50800185879189,1.8096135897914236,50.0,0.04999999999999999,0.16,0.08120000000000001,0.02496371288871586,0.369933616590671,0.49969111844135905,0.85,1.0,1.0
operational-envelope-v4,atlas,alpha_sweep,finite_k1,3,0.1,-1.0,-1.1505149978319906,-0.8494850021680094,2,1.7,1.9,1.7999999999999998,0.1,1000,0.05,,100,380.42,0.715,64.50800185879189,1.8096135897914236,50.0,0.04999999999999999,0.02,0.0004,0.01,0.369933616590671,0.49969111844135905,0.85,0.7609604210526316,0.0
operational-envelope-v4,atlas,alpha_sweep,finite_k2,3,0.1,-1.0,-1.1505149978319906,-0.8494850021680094,2,1.7,1.9,1.7999999999999998,0.1,1000,0.05,,100,380.42,0.715,64.50800185879189,1.8096135897914236,50.0,0.04999999999999999,0.05,0.0032,0.012833333333333332,0.369933616590671,0.49969111844135905,0.85,0.9216842105263158,0.0
operational-envelope-v4,atlas,alpha_sweep,finite_k3,3,0.1,-1.0,-1.1505149978319906,-0.8494850021680094,2,1.7,1.9,1.7999999999999998,0.1,1000,0.05,,100,380.42,0.715,64.50800185879189,1.8096135897914236,50.0,0.04999999999999999,0.09,0.026999999999999996,0.015832800747793575,0.369933616590671,0.49969111844135905,0.85,0.9832353684210524,0.0
operational-envelope-v4,atlas,alpha_sweep,perfect,3,0.1,-1.0,-1.1505149978319906,-0.8494850021680094,3,1.9,2.1,2.0,0.1,1000,0.05,,100,507.67,0.715,102.67943565011441,2.0114834730232203,50.0,0.04999999999999999,0.32,0.1538,0.0417570154800571,0.20550117184721356,0.3109099602019385,0.81,1.0,1.0
operational-envelope-v4,atlas,alpha_sweep,finite_k1,3,0.1,-1.0,-1.1505149978319906,-0.8494850021680094,3,1.9,2.1,2.0,0.1,1000,0.05,,100,507.67,0.715,102.67943565011441,2.0114834730232203,50.0,0.04999999999999999,0.02,0.0004,0.01,0.20550117184721356,0.3109099602019385,0.81,0.7551229473684211,0.0
operational-envelope-v4,atlas,alpha_sweep,finite_k2,3,0.1,-1.0,-1.1505149978319906,-0.8494850021680094,3,1.9,2.1,2.0,0.1,1000,0.05,,100,507.67,0.715,102.67943565011441,2.0114834730232203,50.0,0.04999999999999999,0.08,0.004199999999999999,0.023095238095238092,0.20550117184721356,0.3109099602019385,0.81,0.9185654736842105,0.0
operational-envelope-v4,atlas,alpha_sweep,finite_k3,3,0.1,-1.0,-1.1505149978319906,-0.8494850021680094,3,1.9,2.1,2.0,0.1,1000,0.05,,100,507.67,0.715,102.67943565011441,2.0114834730232203,50.0,0.04999999999999999,0.16,0.0374,0.0313197134514582,0.20550117184721356,0.3109099602019385,0.81,0.9819616842105264,0.0
operational-envelope-v4,atlas,alpha_sweep,perfect,3,0.1,-1.0,-1.1505149978319906,-0.8494850021680094,4,2.1,2.3,2.2,0.1,1000,0.05,,100,870.34,0.67,160.92394788687523,2.206620678413602,50.0,0.04999999999999999,0.49,0.33120000000000005,0.05611012736374122,0.045998579629051115,0.14266750356873154,0.82,1.0,1.0
operational-envelope-v4,atlas,alpha_sweep,finite_k1,3,0.1,-1.0,-1.1505149978319906,-0.8494850021680094,4,2.1,2.3,2.2,0.1,1000,0.05,,100,870.34,0.67,160.92394788687523,2.206620678413602,50.0,0.04999999999999999,0.0,0.0,0.02,0.045998579629051115,0.14266750356873154,0.82,0.7655450526315789,0.0
operational-envelope-v4,atlas,alpha_sweep,finite_k2,3,0.1,-1.0,-1.1505149978319906,-0.8494850021680094,4,2.1,2.3,2.2,0.1,1000,0.05,,100,870.34,0.67,160.92394788687523,2.206620678413602,50.0,0.04999999999999999,0.1,0.0094,0.03757971014492753,0.045998579629051115,0.14266750356873154,0.82,0.9238774736842104,0.0
operational-envelope-v4,atlas,alpha_sweep,finite_k3,3,0.1,-1.0,-1.1505149978319906,-0.8494850021680094,4,2.1,2.3,2.2,0.1,1000,0.05,,100,870.34,0.67,160.92394788687523,2.206620678413602,50.0,0.04999999999999999,0.19,0.0676,0.032015188016973624,0.045998579629051115,0.14266750356873154,0.82,0.9836772631578947,0.0
operational-envelope-v4,atlas,alpha_sweep,perfect,3,0.1,-1.0,-1.1505149978319906,-0.8494850021680094,5,2.3,2.5,2.4,0.1,1000,0.05,,100,1412.53,0.745,255.93328908921782,2.408126777983669,50.0,0.04999999999999999,0.84,0.7454,0.08057215458150703,-0.19588705450123936,-0.06711357183557033,0.28,1.0,1.0
operational-envelope-v4,atlas,alpha_sweep,finite_k1,3,0.1,-1.0,-1.1505149978319906,-0.8494850021680094,5,2.3,2.5,2.4,0.1,1000,0.05,,100,1412.53,0.745,255.93328908921782,2.408126777983669,50.0,0.04999999999999999,0.0,0.0,0.0,-0.19588705450123936,-0.06711357183557033,0.28,0.7576280000000001,0.0
operational-envelope-v4,atlas,alpha_sweep,finite_k2,3,0.1,-1.0,-1.1505149978319906,-0.8494850021680094,5,2.3,2.5,2.4,0.1,1000,0.05,,100,1412.53,0.745,255.93328908921782,2.408126777983669,50.0,0.04999999999999999,0.12,0.009,0.02611038961038961,-0.19588705450123936,-0.06711357183557033,0.28,0.9215985263157894,0.0
operational-envelope-v4,atlas,alpha_sweep,finite_k3,3,0.1,-1.0,-1.1505149978319906,-0.8494850021680094,5,2.3,2.5,2.4,0.1,1000,0.05,,100,1412.53,0.745,255.93328908921782,2.408126777983669,50.0,0.04999999999999999,0.39,0.18560000000000001,0.07551524574780276,-0.19588705450123936,-0.06711357183557033,0.28,0.9837282105263156,0.0
operational-envelope-v4,atlas,alpha_sweep,perfect,3,0.1,-1.0,-1.1505149978319906,-0.8494850021680094,6,2.5,2.7,2.6,0.1,1000,0.05,,100,1707.48,0.755,405.57924070150096,2.608075717825496,50.0,0.04999999999999999,0.91,0.8602,0.07347800647715311,-0.4064785783686038,-0.2999429000227671,0.0,1.0,1.0
operational-envelope-v4,atlas,alpha_sweep,finite_k1,3,0.1,-1.0,-1.1505149978319906,-0.8494850021680094,6,2.5,2.7,2.6,0.1,1000,0.05,,100,1707.48,0.755,405.57924070150096,2.608075717825496,50.0,0.04999999999999999,0.03,0.0006,0.015,-0.4064785783686038,-0.2999429000227671,0.0,0.7619734736842106,0.0
operational-envelope-v4,atlas,alpha_sweep,finite_k2,3,0.1,-1.0,-1.1505149978319906,-0.8494850021680094,6,2.5,2.7,2.6,0.1,1000,0.05,,100,1707.48,0.755,405.57924070150096,2.608075717825496,50.0,0.04999999999999999,0.19,0.026200000000000005,0.04569514031525916,-0.4064785783686038,-0.2999429000227671,0.0,0.9225199999999998,0.0
operational-envelope-v4,atlas,alpha_sweep,finite_k3,3,0.1,-1.0,-1.1505149978319906,-0.8494850021680094,6,2.5,2.7,2.6,0.1,1000,0.05,,100,1707.48,0.755,405.57924070150096,2.608075717825496,50.0,0.04999999999999999,0.55,0.268,0.0576088293603068,-0.4064785783686038,-0.2999429000227671,0.0,0.983520842105263,0.0
operational-envelope-v4,atlas,alpha_sweep,perfect,3,0.1,-1.0,-1.1505149978319906,-0.8494850021680094,7,2.7,2.9,2.8,0.1,1000,0.05,,100,1985.44,0.685,642.963250074617,2.808186150613308,50.0,0.04999999999999999,0.97,0.9456,0.08587103201137845,-0.5646572577954627,-0.4894620161977467,0.0,1.0,1.0
operational-envelope-v4,atlas,alpha_sweep,finite_k1,3,0.1,-1.0,-1.1505149978319906,-0.8494850021680094,7,2.7,2.9,2.8,0.1,1000,0.05,,100,1985.44,0.685,642.963250074617,2.808186150613308,50.0,0.04999999999999999,0.02,0.0004,0.01,-0.5646572577954627,-0.4894620161977467,0.0,0.7563033684210526,0.0
operational-envelope-v4,atlas,alpha_sweep,finite_k2,3,0.1,-1.0,-1.1505149978319906,-0.8494850021680094,7,2.7,2.9,2.8,0.1,1000,0.05,,100,1985.44,0.685,642.963250074617,2.808186150613308,50.0,0.04999999999999999,0.23,0.03540000000000001,0.03451731601731601,-0.5646572577954627,-0.4894620161977467,0.0,0.9203696842105262,0.0
operational-envelope-v4,atlas,alpha_sweep,finite_k3,3,0.1,-1.0,-1.1505149978319906,-0.8494850021680094,7,2.7,2.9,2.8,0.1,1000,0.05,,100,1985.44,0.685,642.963250074617,2.808186150613308,50.0,0.04999999999999999,0.8,0.41400000000000003,0.08290790900466902,-0.5646572577954627,-0.4894620161977467,0.0,0.9832381052631579,0.0
operational-envelope-v4,atlas,alpha_sweep,perfect,3,0.1,-1.0,-1.1505149978319906,-0.8494850021680094,8,2.9,3.0999999999999996,3.0,0.1,1000,0.05,,100,2978.55,0.695,1012.2876031837394,3.0053039183640147,50.0,0.04999999999999999,1.0,0.99,0.08112920721563474,-0.739927669868806,-0.6994040818153374,0.0,1.0,1.0
operational-envelope-v4,atlas,alpha_sweep,finite_k1,3,0.1,-1.0,-1.1505149978319906,-0.8494850021680094,8,2.9,3.0999999999999996,3.0,0.1,1000,0.05,,100,2978.55,0.695,1012.2876031837394,3.0053039183640147,50.0,0.04999999999999999,0.03,0.001,0.026000000000000002,-0.739927669868806,-0.6994040818153374,0.0,0.7626604210526315,0.0
operational-envelope-v4,atlas,alpha_sweep,finite_k2,3,0.1,-1.0,-1.1505149978319906,-0.8494850021680094,8,2.9,3.0999999999999996,3.0,0.1,1000,0.05,,100,2978.55,0.695,1012.2876031837394,3.0053039183640147,50.0,0.04999999999999999,0.3,0.046799999999999994,0.05224081310846016,-0.739927669868806,-0.6994040818153374,0.0,0.9228987368421052,0.0
operational-envelope-v4,atlas,alpha_sweep,finite_k3,3,0.1,-1.0,-1.1505149978319906,-0.8494850021680094,8,2.9,3.0999999999999996,3.0,0.1,1000,0.05,,100,2978.55,0.695,1012.2876031837394,3.0053039183640147,50.0,0.04999999999999999,0.9,0.5074000000000001,0.07837657246536446,-0.739927669868806,-0.6994040818153374,0.0,0.9836707368421053,0.0
operational-envelope-v4,atlas,alpha_sweep,perfect,3,0.1,-1.0,-1.1505149978319906,-0.8494850021680094,9,3.0999999999999996,3.3,3.1999999999999997,0.1,1000,0.05,,100,4474.08,0.67,1612.531554680933,3.207508221843568,50.0,0.04999999999999999,1.0,0.9958,0.09174029254260323,-0.9288333069223068,-0.8726578032548046,0.0,1.0,1.0
operational-envelope-v4,atlas,alpha_sweep,finite_k1,3,0.1,-1.0,-1.1505149978319906,-0.8494850021680094,9,3.0999999999999996,3.3,3.1999999999999997,0.1,1000,0.05,,100,4474.08,0.67,1612.531554680933,3.207508221843568,50.0,0.04999999999999999,0.02,0.0004,0.034166666666666665,-0.9288333069223068,-0.8726578032548046,0.0,0.7652046315789476,0.0
operational-envelope-v4,atlas,alpha_sweep,finite_k2,3,0.1,-1.0,-1.1505149978319906,-0.8494850021680094,9,3.0999999999999996,3.3,3.1999999999999997,0.1,1000,0.05,,100,4474.08,0.67,1612.531554680933,3.207508221843568,50.0,0.04999999999999999,0.44,0.055,0.05641862094995087,-0.9288333069223068,-0.8726578032548046,0.0,0.9239406315789472,0.0
operational-envelope-v4,atlas,alpha_sweep,finite_k3,3,0.1,-1.0,-1.1505149978319906,-0.8494850021680094,9,3.0999999999999996,3.3,3.1999999999999997,0.1,1000,0.05,,100,4474.08,0.67,1612.531554680933,3.207508221843568,50.0,0.04999999999999999,0.97,0.5682,0.0840691428966471,-0.9288333069223068,-0.8726578032548046,0.0,0.9839772631578947,0.0
operational-envelope-v4,atlas,alpha_sweep,perfect,3,0.1,-1.0,-1.1505149978319906,-0.8494850021680094,10,3.3,3.5,3.4,0.1,1000,0.05,,100,4376.11,0.505,2597.7219012042165,3.414592655883632,50.0,0.04999999999999999,1.0,0.9996,0.08993409654033213,-1.0416830832370914,-1.0534626049254554,0.0,1.0,1.0
operational-envelope-v4,atlas,alpha_sweep,finite_k1,3,0.1,-1.0,-1.1505149978319906,-0.8494850021680094,10,3.3,3.5,3.4,0.1,1000,0.05,,100,4376.11,0.505,2597.7219012042165,3.414592655883632,50.0,0.04999999999999999,0.05,0.0014000000000000002,0.04,-1.0416830832370914,-1.0534626049254554,0.0,0.7592964210526315,0.0
operational-envelope-v4,atlas,alpha_sweep,finite_k2,3,0.1,-1.0,-1.1505149978319906,-0.8494850021680094,10,3.3,3.5,3.4,0.1,1000,0.05,,100,4376.11,0.505,2597.7219012042165,3.414592655883632,50.0,0.04999999999999999,0.51,0.07399999999999998,0.07061015373515374,-1.0416830832370914,-1.0534626049254554,0.0,0.9208574736842106,0.0
operational-envelope-v4,atlas,alpha_sweep,finite_k3,3,0.1,-1.0,-1.1505149978319906,-0.8494850021680094,10,3.3,3.5,3.4,0.1,1000,0.05,,100,4376.11,0.505,2597.7219012042165,3.414592655883632,50.0,0.04999999999999999,0.99,0.5754,0.0805657480841499,-1.0416830832370914,-1.0534626049254554,0.0,0.982914947368421,0.0
operational-envelope-v4,atlas,alpha_sweep,perfect,3,0.1,-1.0,-1.1505149978319906,-0.8494850021680094,11,3.5,3.7,3.6,0.1,1000,0.05,,100,6827.6,0.505,4041.4477313403063,3.6065369663741413,50.0,0.04999999999999999,1.0,1.0,0.10071113344619131,-1.2478877966876871,-1.2533380053261065,0.0,1.0,1.0
operational-envelope-v4,atlas,alpha_sweep,finite_k1,3,0.1,-1.0,-1.1505149978319906,-0.8494850021680094,11,3.5,3.7,3.6,0.1,1000,0.05,,100,6827.6,0.505,4041.4477313403063,3.6065369663741413,50.0,0.04999999999999999,0.03,0.0006,0.04,-1.2478877966876871,-1.2533380053261065,0.0,0.7564391578947367,0.0
operational-envelope-v4,atlas,alpha_sweep,finite_k2,3,0.1,-1.0,-1.1505149978319906,-0.8494850021680094,11,3.5,3.7,3.6,0.1,1000,0.05,,100,6827.6,0.505,4041.4477313403063,3.6065369663741413,50.0,0.04999999999999999,0.78,0.10080000000000001,0.08217750060397119,-1.2478877966876871,-1.2533380053261065,0.0,0.9195966315789473,0.0
operational-envelope-v4,atlas,alpha_sweep,finite_k3,3,0.1,-1.0,-1.1505149978319906,-0.8494850021680094,11,3.5,3.7,3.6,0.1,1000,0.05,,100,6827.6,0.505,4041.4477313403063,3.6065369663741413,50.0,0.04999999999999999,0.99,0.5866,0.09661137281013382,-1.2478877966876871,-1.2533380053261065,0.0,0.9824564210526318,0.0
operational-envelope-v4,atlas,alpha_sweep,perfect,3,0.1,-1.0,-1.1505149978319906,-0.8494850021680094,12,3.7,3.8999999999999995,3.8,0.1,1000,0.05,,100,8434.63,0.35,6315.075179106053,3.8003785250697453,50.0,0.04999999999999999,1.0,1.0,0.09457954541588252,-1.416016509276593,-1.443302907622753,0.0,1.0,1.0
operational-envelope-v4,atlas,alpha_sweep,finite_k1,3,0.1,-1.0,-1.1505149978319906,-0.8494850021680094,12,3.7,3.8999999999999995,3.8,0.1,1000,0.05,,100,8434.63,0.35,6315.075179106053,3.8003785250697453,50.0,0.04999999999999999,0.08,0.0024000000000000002,0.05708333333333333,-1.416016509276593,-1.443302907622753,0.0,0.7630162105263159,0.0
operational-envelope-v4,atlas,alpha_sweep,finite_k2,3,0.1,-1.0,-1.1505149978319906,-0.8494850021680094,12,3.7,3.8999999999999995,3.8,0.1,1000,0.05,,100,8434.63,0.35,6315.075179106053,3.8003785250697453,50.0,0.04999999999999999,0.72,0.10800000000000001,0.08886789070324537,-1.416016509276593,-1.443302907622753,0.0,0.9239313684210525,0.0
operational-envelope-v4,atlas,alpha_sweep,finite_k3,3,0.1,-1.0,-1.1505149978319906,-0.8494850021680094,12,3.7,3.8999999999999995,3.8,0.1,1000,0.05,,100,8434.63,0.35,6315.075179106053,3.8003785250697453,50.0,0.04999999999999999,1.0,0.6136,0.09412668043230095,-1.416016509276593,-1.443302907622753,0.0,0.9841197894736841,0.0
operational-envelope-v4,atlas,alpha_sweep,perfect,3,0.1,-1.0,-1.1505149978319906,-0.8494850021680094,13,3.8999999999999995,4.1,3.9999999999999996,0.1,1000,0.05,,100,10627.88,0.245,9328.861973896368,3.969828667476203,50.0,0.04999999999999999,1.0,1.0,0.09233384109113552,-1.5697385190421178,-1.5517437490351291,0.0,1.0,1.0
operational-envelope-v4,atlas,alpha_sweep,finite_k1,3,0.1,-1.0,-1.1505149978319906,-0.8494850021680094,13,3.8999999999999995,4.1,3.9999999999999996,0.1,1000,0.05,,100,10627.88,0.245,9328.861973896368,3.969828667476203,50.0,0.04999999999999999,0.11,0.0030000000000000005,0.035,-1.5697385190421178,-1.5517437490351291,0.0,0.7578856842105263,0.0
operational-envelope-v4,atlas,alpha_sweep,finite_k2,3,0.1,-1.0,-1.1505149978319906,-0.8494850021680094,13,3.8999999999999995,4.1,3.9999999999999996,0.1,1000,0.05,,100,10627.88,0.245,9328.861973896368,3.969828667476203,50.0,0.04999999999999999,0.87,0.10439999999999998,0.0782409951159951,-1.5697385190421178,-1.5517437490351291,0.0,0.9205385263157895,0.0
operational-envelope-v4,atlas,alpha_sweep,finite_k3,3,0.1,-1.0,-1.1505149978319906,-0.8494850021680094,13,3.8999999999999995,4.1,3.9999999999999996,0.1,1000,0.05,,100,10627.88,0.245,9328.861973896368,3.969828667476203,50.0,0.04999999999999999,1.0,0.6086,0.08769414420089054,-1.5697385190421178,-1.5517437490351291,0.0,0.9830884210526315,0.0
operational-envelope-v4,atlas,alpha_sweep,perfect,4,0.2,-0.6989700043360187,-0.8494850021680094,-0.5484550065040281,0,1.3,1.5,1.4,0.2,1000,0.05,,100,452.6,0.645,25.895668231290507,1.413227122359809,50.0,0.04999999999999999,0.15,0.07980000000000001,0.06954677696367537,0.47170952899364715,0.619788758288394,0.9,1.0,1.0
operational-envelope-v4,atlas,alpha_sweep,finite_k1,4,0.2,-0.6989700043360187,-0.8494850021680094,-0.5484550065040281,0,1.3,1.5,1.4,0.2,1000,0.05,,100,452.6,0.645,25.895668231290507,1.413227122359809,50.0,0.04999999999999999,0.02,0.001,0.025,0.47170952899364715,0.619788758288394,0.9,0.7569113684210527,0.0
operational-envelope-v4,atlas,alpha_sweep,finite_k2,4,0.2,-0.6989700043360187,-0.8494850021680094,-0.5484550065040281,0,1.3,1.5,1.4,0.2,1000,0.05,,100,452.6,0.645,25.895668231290507,1.413227122359809,50.0,0.04999999999999999,0.11,0.0126,0.0526132769823472,0.47170952899364715,0.619788758288394,0.9,0.9206852631578947,0.0
operational-envelope-v4,atlas,alpha_sweep,finite_k3,4,0.2,-0.6989700043360187,-0.8494850021680094,-0.5484550065040281,0,1.3,1.5,1.4,0.2,1000,0.05,,100,452.6,0.645,25.895668231290507,1.413227122359809,50.0,0.04999999999999999,0.11,0.036000000000000004,0.06083607433010709,0.47170952899364715,0.619788758288394,0.9,0.9834322105263158,0.0
operational-envelope-v4,atlas,alpha_sweep,perfect,4,0.2,-0.6989700043360187,-0.8494850021680094,-0.5484550065040281,1,1.5,1.7,1.6,0.2,1000,0.05,,100,291.84,0.635,40.82232628311765,1.6108977495994237,50.0,0.04999999999999999,0.28,0.1606,0.10259435058736414,0.333577356186883,0.3872161432802645,0.89,1.0,1.0
operational-envelope-v4,atlas,alpha_sweep,finite_k1,4,0.2,-0.6989700043360187,-0.8494850021680094,-0.5484550065040281,1,1.5,1.7,1.6,0.2,1000,0.05,,100,291.84,0.635,40.82232628311765,1.6108977495994237,50.0,0.04999999999999999,0.02,0.0106,0.03660282755219464,0.333577356186883,0.3872161432802645,0.89,0.7583924210526317,0.0
operational-envelope-v4,atlas,alpha_sweep,finite_k2,4,0.2,-0.6989700043360187,-0.8494850021680094,-0.5484550065040281,1,1.5,1.7,1.6,0.2,1000,0.05,,100,291.84,0.635,40.82232628311765,1.6108977495994237,50.0,0.04999999999999999,0.09,0.0336,0.04687990901448844,0.333577356186883,0.3872161432802645,0.89,0.9204764210526316,0.0
operational-envelope-v4,atlas,alpha_sweep,finite_k3,4,0.2,-0.6989700043360187,-0.8494850021680094,-0.5484550065040281,1,1.5,1.7,1.6,0.2,1000,0.05,,100,291.84,0.635,40.82232628311765,1.6108977495994237,50.0,0.04999999999999999,0.18,0.0866,0.08768030074820535,0.333577356186883,0.3872161432802645,0.89,0.9833166315789472,0.01
operational-envelope-v4,atlas,alpha_sweep,perfect,4,0.2,-0.6989700043360187,-0.8494850021680094,-0.5484550065040281,2,1.7,1.9,1.7999999999999998,0.2,1000,0.05,,100,275.99,0.665,64.65574199999868,1.810607100108588,50.0,0.04999999999999999,0.4,0.265,0.10346214345483329,0.11579178522078587,0.22530980213635268,0.8,1.0,1.0
operational-envelope-v4,atlas,alpha_sweep,finite_k1,4,0.2,-0.6989700043360187,-0.8494850021680094,-0.5484550065040281,2,1.7,1.9,1.7999999999999998,0.2,1000,0.05,,100,275.99,0.665,64.65574199999868,1.810607100108588,50.0,0.04999999999999999,0.03,0.001,0.028333333333333332,0.11579178522078587,0.22530980213635268,0.8,0.763509894736842,0.0
operational-envelope-v4,atlas,alpha_sweep,finite_k2,4,0.2,-0.6989700043360187,-0.8494850021680094,-0.5484550065040281,2,1.7,1.9,1.7999999999999998,0.2,1000,0.05,,100,275.99,0.665,64.65574199999868,1.810607100108588,50.0,0.04999999999999999,0.13,0.024600000000000004,0.06325765526904047,0.11579178522078587,0.22530980213635268,0.8,0.9226583157894735,0.0
operational-envelope-v4,atlas,alpha_sweep,finite_k3,4,0.2,-0.6989700043360187,-0.8494850021680094,-0.5484550065040281,2,1.7,1.9,1.7999999999999998,0.2,1000,0.05,,100,275.99,0.665,64.65574199999868,1.810607100108588,50.0,0.04999999999999999,0.23,0.10140000000000002,0.08399706713390381,0.11579178522078587,0.22530980213635268,0.8,0.9832210526315788,0.0
operational-envelope-v4,atlas,alpha_sweep,perfect,4,0.2,-0.6989700043360187,-0.8494850021680094,-0.5484550065040281,3,1.9,2.1,2.0,0.2,1000,0.05,,100,534.98,0.715,103.55374581766654,2.0151658131137764,50.0,0.04999999999999999,0.8,0.6602,0.13953319802183173,-0.08197213046551814,-0.0005805673431173357,0.5,1.0,1.0
operational-envelope-v4,atlas,alpha_sweep,finite_k1,4,0.2,-0.6989700043360187,-0.8494850021680094,-0.5484550065040281,3,1.9,2.1,2.0,0.2,1000,0.05,,100,534.98,0.715,103.55374581766654,2.0151658131137764,50.0,0.04999999999999999,0.01,0.0018,0.008199999999999999,-0.08197213046551814,-0.0005805673431173357,0.5,0.7563880000000001,0.0
operational-envelope-v4,atlas,alpha_sweep,finite_k2,4,0.2,-0.6989700043360187,-0.8494850021680094,-0.5484550065040281,3,1.9,2.1,2.0,0.2,1000,0.05,,100,534.98,0.715,103.55374581766654,2.0151658131137764,50.0,0.04999999999999999,0.17,0.0324,0.05372737967934144,-0.08197213046551814,-0.0005805673431173357,0.5,0.9190265263157896,0.0
operational-envelope-v4,atlas,alpha_sweep,finite_k3,4,0.2,-0.6989700043360187,-0.8494850021680094,-0.5484550065040281,3,1.9,2.1,2.0,0.2,1000,0.05,,100,534.98,0.715,103.55374581766654,2.0151658131137764,50.0,0.04999999999999999,0.37,0.1808,0.10134885836352096,-0.08197213046551814,-0.0005805673431173357,0.5,0.9825134736842106,0.0
operational-envelope-v4,atlas,alpha_sweep,perfect,4,0.2,-0.6989700043360187,-0.8494850021680094,-0.5484550065040281,4,2.1,2.3,2.2,0.2,1000,0.05,,100,763.45,0.71,160.26325827486787,2.2048339680344373,50.0,0.04999999999999999,0.93,0.8569999999999999,0.15287939459819574,-0.28527170584194755,-0.18545247275154308,0.11,1.0,1.0
operational-envelope-v4,atlas,alpha_sweep,finite_k1,4,0.2,-0.6989700043360187,-0.8494850021680094,-0.5484550065040281,4,2.1,2.3,2.2,0.2,1000,0.05,,100,763.45,0.71,160.26325827486787,2.2048339680344373,50.0,0.04999999999999999,0.09,0.0054,0.0493234649122807,-0.28527170584194755,-0.18545247275154308,0.11,0.7648646315789475,0.0
operational-envelope-v4,atlas,alpha_sweep,finite_k2,4,0.2,-0.6989700043360187,-0.8494850021680094,-0.5484550065040281,4,2.1,2.3,2.2,0.2,1000,0.05,,100,763.45,0.71,160.26325827486787,2.2048339680344373,50.0,0.04999999999999999,0.32,0.06520000000000001,0.09827498091867191,-0.28527170584194755,-0.18545247275154308,0.11,0.9232233684210526,0.0
operational-envelope-v4,atlas,alpha_sweep,finite_k3,4,0.2,-0.6989700043360187,-0.8494850021680094,-0.5484550065040281,4,2.1,2.3,2.2,0.2,1000,0.05,,100,763.45,0.71,160.26325827486787,2.2048339680344373,50.0,0.04999999999999999,0.71,0.4174,0.15281135808562557,-0.28527170584194755,-0.18545247275154308,0.11,0.9833625263157892,0.0
operational-envelope-v4,atlas,alpha_sweep,perfect,4,0.2,-0.6989700043360187,-0.8494850021680094,-0.5484550065040281,5,2.3,2.5,2.4,0.2,1000,0.05,,100,1508.89,0.735,258.74037472694914,2.4128642027906757,50.0,0.04999999999999999,0.96,0.9285999999999999,0.14940184309423327,-0.5211246085874283,-0.40140054078154414,0.0,1.0,1.0
operational-envelope-v4,atlas,alpha_sweep,finite_k1,4,0.2,-0.6989700043360187,-0.8494850021680094,-0.5484550065040281,5,2.3,2.5,2.4,0.2,1000,0.05,,100,1508.89,0.735,258.74037472694914,2.4128642027906757,50.0,0.04999999999999999,0.05,0.0014000000000000002,0.024333333333333335,-0.5211246085874283,-0.40140054078154414,0.0,0.7573557894736842,0.0
operational-envelope-v4,atlas,alpha_sweep,finite_k2,4,0.2,-0.6989700043360187,-0.8494850021680094,-0.5484550065040281,5,2.3,2.5,2.4,0.2,1000,0.05,,100,1508.89,0.735,258.74037472694914,2.4128642027906757,50.0,0.04999999999999999,0.41,0.0876,0.11279260651734908,-0.5211246085874283,-0.40140054078154414,0.0,0.919448842105263,0.0
operational-envelope-v4,atlas,alpha_sweep,finite_k3,4,0.2,-0.6989700043360187,-0.8494850021680094,-0.5484550065040281,5,2.3,2.5,2.4,0.2,1000,0.05,,100,1508.89,0.735,258.74037472694914,2.4128642027906757,50.0,0.04999999999999999,0.82,0.4844,0.13373735212734186,-0.5211246085874283,-0.40140054078154414,0.0,0.982373052631579,0.0
operational-envelope-v4,atlas,alpha_sweep,perfect,4,0.2,-0.6989700043360187,-0.8494850021680094,-0.5484550065040281,6,2.5,2.7,2.6,0.2,1000,0.05,,100,1490.84,0.725,407.82968233543187,2.6104788310678444,50.0,0.04999999999999999,0.98,0.9647999999999999,0.16948615217366325,-0.6780282697427816,-0.6009728956867483,0.0,1.0,1.0
operational-envelope-v4,atlas,alpha_sweep,finite_k1,4,0.2,-0.6989700043360187,-0.8494850021680094,-0.5484550065040281,6,2.5,2.7,2.6,0.2,1000,0.05,,100,1490.84,0.725,407.82968233543187,2.6104788310678444,50.0,0.04999999999999999,0.05,0.0024,0.06606349206349206,-0.6780282697427816,-0.6009728956867483,0.0,0.7557381052631578,0.0
operational-envelope-v4,atlas,alpha_sweep,finite_k2,4,0.2,-0.6989700043360187,-0.8494850021680094,-0.5484550065040281,6,2.5,2.7,2.6,0.2,1000,0.05,,100,1490.84,0.725,407.82968233543187,2.6104788310678444,50.0,0.04999999999999999,0.43,0.10500000000000002,0.11091778644047513,-0.6780282697427816,-0.6009728956867483,0.0,0.9191031578947368,0.0
operational-envelope-v4,atlas,alpha_sweep,finite_k3,4,0.2,-0.6989700043360187,-0.8494850021680094,-0.5484550065040281,6,2.5,2.7,2.6,0.2,1000,0.05,,100,1490.84,0.725,407.82968233543187,2.6104788310678444,50.0,0.04999999999999999,0.91,0.6158,0.1645535413104469,-0.6780282697427816,-0.6009728956867483,0.0,0.9821673684210527,0.0
operational-envelope-v4,atlas,alpha_sweep,perfect,4,0.2,-0.6989700043360187,-0.8494850021680094,-0.5484550065040281,7,2.7,2.9,2.8,0.2,1000,0.05,,100,2061.95,0.695,645.7538911364895,2.8100670317931122,50.0,0.04999999999999999,0.99,0.9856,0.16694993521147727,-0.8754229817769528,-0.800717078282385,0.0,1.0,1.0
operational-envelope-v4,atlas,alpha_sweep,finite_k1,4,0.2,-0.6989700043360187,-0.8494850021680094,-0.5484550065040281,7,2.7,2.9,2.8,0.2,1000,0.05,,100,2061.95,0.695,645.7538911364895,2.8100670317931122,50.0,0.04999999999999999,0.1,0.004,0.0575,-0.8754229817769528,-0.800717078282385,0.0,0.7693513684210527,0.0
operational-envelope-v4,atlas,alpha_sweep,finite_k2,4,0.2,-0.6989700043360187,-0.8494850021680094,-0.5484550065040281,7,2.7,2.9,2.8,0.2,1000,0.05,,100,2061.95,0.695,645.7538911364895,2.8100670317931122,50.0,0.04999999999999999,0.59,0.1548,0.13136647159434567,-0.8754229817769528,-0.800717078282385,0.0,0.9258242105263159,0.0
operational-envelope-v4,atlas,alpha_sweep,finite_k3,4,0.2,-0.6989700043360187,-0.8494850021680094,-0.5484550065040281,7,2.7,2.9,2.8,0.2,1000,0.05,,100,2061.95,0.695,645.7538911364895,2.8100670317931122,50.0,0.04999999999999999,0.99,0.7064000000000001,0.1724789105653107,-0.8754229817769528,-0.800717078282385,0.0,0.9841797894736841,0.0
operational-envelope-v4,atlas,alpha_sweep,perfect,4,0.2,-0.6989700043360187,-0.8494850021680094,-0.5484550065040281,8,2.9,3.0999999999999996,3.0,0.2,1000,0.05,,100,3247.48,0.7,1007.5563794206182,3.0032693571319546,50.0,0.04999999999999999,1.0,0.9974000000000001,0.19114284408376533,-1.0792847016203693,-1.0004340774793186,0.0,1.0,1.0
operational-envelope-v4,atlas,alpha_sweep,finite_k1,4,0.2,-0.6989700043360187,-0.8494850021680094,-0.5484550065040281,8,2.9,3.0999999999999996,3.0,0.2,1000,0.05,,100,3247.48,0.7,1007.5563794206182,3.0032693571319546,50.0,0.04999999999999999,0.16,0.0062,0.114,-1.0792847016203693,-1.0004340774793186,0.0,0.7547642105263158,0.0
operational-envelope-v4,atlas,alpha_sweep,finite_k2,4,0.2,-0.6989700043360187,-0.8494850021680094,-0.5484550065040281,8,2.9,3.0999999999999996,3.0,0.2,1000,0.05,,100,3247.48,0.7,1007.5563794206182,3.0032693571319546,50.0,0.04999999999999999,0.76,0.16620000000000001,0.1602642875164699,-1.0792847016203693,-1.0004340774793186,0.0,0.9183802105263158,0.0
operational-envelope-v4,atlas,alpha_sweep,finite_k3,4,0.2,-0.6989700043360187,-0.8494850021680094,-0.5484550065040281,8,2.9,3.0999999999999996,3.0,0.2,1000,0.05,,100,3247.48,0.7,1007.5563794206182,3.0032693571319546,50.0,0.04999999999999999,0.99,0.6928,0.1893152346782831,-1.0792847016203693,-1.0004340774793186,0.0,0.9823402105263157,0.0
operational-envelope-v4,atlas,alpha_sweep,perfect,4,0.2,-0.6989700043360187,-0.8494850021680094,-0.5484550065040281,9,3.0999999999999996,3.3,3.1999999999999997,0.2,1000,0.05,,100,4701.55,0.68,1605.568688477955,3.2056288900263645,50.0,0.04999999999999999,1.0,0.9992,0.17687411017782154,-1.2558711074304483,-1.200303182981585,0.0,1.0,1.0
operational-envelope-v4,atlas,alpha_sweep,finite_k1,4,0.2,-0.6989700043360187,-0.8494850021680094,-0.5484550065040281,9,3.0999999999999996,3.3,3.1999999999999997,0.2,1000,0.05,,100,4701.55,0.68,1605.568688477955,3.2056288900263645,50.0,0.04999999999999999,0.15,0.006999999999999999,0.06747069597069597,-1.2558711074304483,-1.200303182981585,0.0,0.7602610526315788,0.0
operational-envelope-v4,atlas,alpha_sweep,finite_k2,4,0.2,-0.6989700043360187,-0.8494850021680094,-0.5484550065040281,9,3.0999999999999996,3.3,3.1999999999999997,0.2,1000,0.05,,100,4701.55,0.68,1605.568688477955,3.2056288900263645,50.0,0.04999999999999999,0.84,0.198,0.16020699043784747,-1.2558711074304483,-1.200303182981585,0.0,0.9218421052631578,0.0
operational-envelope-v4,atlas,alpha_sweep,finite_k3,4,0.2,-0.6989700043360187,-0.8494850021680094,-0.5484550065040281,9,3.0999999999999996,3.3,3.1999999999999997,0.2,1000,0.05,,100,4701.55,0.68,1605.568688477955,3.2056288900263645,50.0,0.04999999999999999,1.0,0.7248,0.18057510264570023,-1.2558711074304483,-1.200303182981585,0.0,0.9835328421052631,0.0
operational-envelope-v4,atlas,alpha_sweep,perfect,4,0.2,-0.6989700043360187,-0.8494850021680094,-0.5484550065040281,10,3.3,3.5,3.4,0.2,1000,0.05,,100,4268.98,0.495,2560.999253418872,3.408409451863154,50.0,0.04999999999999999,1.0,1.0,0.19400550177349438,-1.350058472909814,-1.3544926005894364,0.0,1.0,1.0
operational-envelope-v4,atlas,alpha_sweep,finite_k1,4,0.2,-0.6989700043360187,-0.8494850021680094,-0.5484550065040281,10,3.3,3.5,3.4,0.2,1000,0.05,,100,4268.98,0.495,2560.999253418872,3.408409451863154,50.0,0.04999999999999999,0.22,0.009000000000000001,0.14135714285714285,-1.350058472909814,-1.3544926005894364,0.0,0.7632566315789472,0.0
operational-envelope-v4,atlas,alpha_sweep,finite_k2,4,0.2,-0.6989700043360187,-0.8494850021680094,-0.5484550065040281,10,3.3,3.5,3.4,0.2,1000,0.05,,100,4268.98,0.495,2560.999253418872,3.408409451863154,50.0,0.04999999999999999,0.94,0.2346,0.20017302734397688,-1.350058472909814,-1.3544926005894364,0.0,0.9237633684210526,0.0
operational-envelope-v4,atlas,alpha_sweep,finite_k3,4,0.2,-0.6989700043360187,-0.8494850021680094,-0.5484550065040281,10,3.3,3.5,3.4,0.2,1000,0.05,,100,4268.98,0.495,2560.999253418872,3.408409451863154,50.0,0.04999999999999999,1.0,0.7355999999999999,0.18702259728689893,-1.350058472909814,-1.3544926005894364,0.0,0.9841425263157894,0.0
operational-envelope-v4,atlas,alpha_sweep,perfect,4,0.2,-0.6989700043360187,-0.8494850021680094,-0.5484550065040281,11,3.5,3.7,3.6,0.2,1000,0.05,,100,6827.6,0.505,4070.0146432112047,3.6095959717447244,50.0,0.04999999999999999,1.0,1.0,0.1803798800950354,-1.547600739755885,-1.5543680009900875,0.0,1.0,1.0
operational-envelope-v4,atlas,alpha_sweep,finite_k1,4,0.2,-0.6989700043360187,-0.8494850021680094,-0.5484550065040281,11,3.5,3.7,3.6,0.2,1000,0.05,,100,6827.6,0.505,4070.0146432112047,3.6095959717447244,50.0,0.04999999999999999,0.24,0.0088,0.08621428571428572,-1.547600739755885,-1.5543680009900875,0.0,0.7655667368421055,0.0
operational-envelope-v4,atlas,alpha_sweep,finite_k2,4,0.2,-0.6989700043360187,-0.8494850021680094,-0.5484550065040281,11,3.5,3.7,3.6,0.2,1000,0.05,,100,6827.6,0.505,4070.0146432112047,3.6095959717447244,50.0,0.04999999999999999,0.94,0.20259999999999997,0.15811598943018584,-1.547600739755885,-1.5543680009900875,0.0,0.9243530526315789,0.0
operational-envelope-v4,atlas,alpha_sweep,finite_k3,4,0.2,-0.6989700043360187,-0.8494850021680094,-0.5484550065040281,11,3.5,3.7,3.6,0.2,1000,0.05,,100,6827.6,0.505,4070.0146432112047,3.6095959717447244,50.0,0.04999999999999999,1.0,0.7396000000000003,0.18171841319846638,-1.547600739755885,-1.5543680009900875,0.0,0.9840138947368421,0.0
operational-envelope-v4,atlas,alpha_sweep,perfect,4,0.2,-0.6989700043360187,-0.8494850021680094,-0.5484550065040281,12,3.7,3.8999999999999995,3.8,0.2,1000,0.05,,100,8434.63,0.35,6322.012125655072,3.8008553244836363,50.0,0.04999999999999999,1.0,1.0,0.1809146441561449,-1.7203578655818241,-1.752070427492729,0.0,1.0,1.0
operational-envelope-v4,atlas,alpha_sweep,finite_k1,4,0.2,-0.6989700043360187,-0.8494850021680094,-0.5484550065040281,12,3.7,3.8999999999999995,3.8,0.2,1000,0.05,,100,8434.63,0.35,6322.012125655072,3.8008553244836363,50.0,0.04999999999999999,0.14,0.0046,0.10375,-1.7203578655818241,-1.752070427492729,0.0,0.7656275789473684,0.0
operational-envelope-v4,atlas,alpha_sweep,finite_k2,4,0.2,-0.6989700043360187,-0.8494850021680094,-0.5484550065040281,12,3.7,3.8999999999999995,3.8,0.2,1000,0.05,,100,8434.63,0.35,6322.012125655072,3.8008553244836363,50.0,0.04999999999999999,0.98,0.22860000000000003,0.18798144263847302,-1.7203578655818241,-1.752070427492729,0.0,0.9252258947368422,0.0
operational-envelope-v4,atlas,alpha_sweep,finite_k3,4,0.2,-0.6989700043360187,-0.8494850021680094,-0.5484550065040281,12,3.7,3.8999999999999995,3.8,0.2,1000,0.05,,100,8434.63,0.35,6322.012125655072,3.8008553244836363,50.0,0.04999999999999999,1.0,0.7478000000000001,0.18129298308329259,-1.7203578655818241,-1.752070427492729,0.0,0.9846374736842105,0.0
operational-envelope-v4,atlas,alpha_sweep,perfect,4,0.2,-0.6989700043360187,-0.8494850021680094,-0.5484550065040281,13,3.8999999999999995,4.1,3.9999999999999996,0.2,1000,0.05,,100,10627.88,0.245,9326.947346291257,3.969739525033498,50.0,0.04999999999999999,1.0,1.0,0.18855116314029113,-1.871843590961983,-1.8488330379809312,0.0,1.0,1.0
operational-envelope-v4,atlas,alpha_sweep,finite_k1,4,0.2,-0.6989700043360187,-0.8494850021680094,-0.5484550065040281,13,3.8999999999999995,4.1,3.9999999999999996,0.2,1000,0.05,,100,10627.88,0.245,9326.947346291257,3.969739525033498,50.0,0.04999999999999999,0.25,0.0082,0.11569047619047619,-1.871843590961983,-1.8488330379809312,0.0,0.7561791578947369,0.0
operational-envelope-v4,atlas,alpha_sweep,finite_k2,4,0.2,-0.6989700043360187,-0.8494850021680094,-0.5484550065040281,13,3.8999999999999995,4.1,3.9999999999999996,0.2,1000,0.05,,100,10627.88,0.245,9326.947346291257,3.969739525033498,50.0,0.04999999999999999,0.96,0.21280000000000004,0.1814226051945043,-1.871843590961983,-1.8488330379809312,0.0,0.9196200000000002,0.0
operational-envelope-v4,atlas,alpha_sweep,finite_k3,4,0.2,-0.6989700043360187,-0.8494850021680094,-0.5484550065040281,13,3.8999999999999995,4.1,3.9999999999999996,0.2,1000,0.05,,100,10627.88,0.245,9326.947346291257,3.969739525033498,50.0,0.04999999999999999,1.0,0.7159999999999997,0.18680158422298632,-1.871843590961983,-1.8488330379809312,0.0,0.9828907368421053,0.0
