export_version,figure,panel,panel_title,plot_order,group,method,score_regime,sweep,x,y,x_left,x_right,y_bottom,y_top,x_value,x_label,alpha,m,target_pi1,n_anomaly_fixed,calibration_repeats,test_repeats_per_calibration,value,fdr_ratio,power,discovery_probability,fdr,median_log10_rank_delta,certified_no_rank_rate,mean_auroc,count,style_key,label
tikz-v1,figure6_supp,fdr_ratio_atlas_r2_c4,$N_{cal}$ by FDR level,8,heatmap_cell,standard_conformal_bh,finite_k1,alpha_sweep,-2.0,1.4,-2.1989700043360187,-1.8010299956639813,1.3,1.5,0.01,nominal FDR $\alpha$,0.01,1000,0.05,,25,100,0.0,0.0,0.0,0.0,0.0,1.8860566476931633,1.0,0.762148025263158,2500,finite_k1_alpha_sweep,empirical FDR / nominal alpha
tikz-v1,figure6_supp,fdr_ratio_atlas_r2_c4,$N_{cal}$ by FDR level,8,heatmap_cell,standard_conformal_bh,finite_k1,alpha_sweep,-2.0,1.6,-2.1989700043360187,-1.8010299956639813,1.5,1.7,0.01,nominal FDR $\alpha$,0.01,1000,0.05,,25,100,0.0,0.0,0.0,0.0,0.0,1.6882461389442458,1.0,0.761138694736842,2500,finite_k1_alpha_sweep,empirical FDR / nominal alpha
tikz-v1,figure6_supp,fdr_ratio_atlas_r2_c4,$N_{cal}$ by FDR level,8,heatmap_cell,standard_conformal_bh,finite_k1,alpha_sweep,-2.0,1.7999999999999998,-2.1989700043360187,-1.8010299956639813,1.7,1.9,0.01,nominal FDR $\alpha$,0.01,1000,0.05,,25,100,0.0,0.0,0.0,0.0,0.0,1.494850021680094,1.0,0.7603560084210527,2500,finite_k1_alpha_sweep,empirical FDR / nominal alpha
tikz-v1,figure6_supp,fdr_ratio_atlas_r2_c4,$N_{cal}$ by FDR level,8,heatmap_cell,standard_conformal_bh,finite_k1,alpha_sweep,-2.0,2.0,-2.1989700043360187,-1.8010299956639813,1.9,2.1,0.01,nominal FDR $\alpha$,0.01,1000,0.05,,25,100,0.0,0.0,0.0,0.0,0.0,1.2967086218813386,1.0,0.7598073684210526,2500,finite_k1_alpha_sweep,empirical FDR / nominal alpha
tikz-v1,figure6_supp,fdr_ratio_atlas_r2_c4,$N_{cal}$ by FDR level,8,heatmap_cell,standard_conformal_bh,finite_k1,alpha_sweep,-2.0,2.2,-2.1989700043360187,-1.8010299956639813,2.1,2.3,0.01,nominal FDR $\alpha$,0.01,1000,0.05,,25,100,0.0,0.0,0.0,0.0,0.0,1.0996328713435297,1.0,0.7606784757894737,2500,finite_k1_alpha_sweep,empirical FDR / nominal alpha
tikz-v1,figure6_supp,fdr_ratio_atlas_r2_c4,$N_{cal}$ by FDR level,8,heatmap_cell,standard_conformal_bh,finite_k1,alpha_sweep,-2.0,2.4,-2.1989700043360187,-1.8010299956639813,2.3,2.5,0.01,nominal FDR $\alpha$,0.01,1000,0.05,,25,100,0.0,0.0,0.0,0.0,0.0,0.8996294548824371,1.0,0.7598533978947368,2500,finite_k1_alpha_sweep,empirical FDR / nominal alpha
tikz-v1,figure6_supp,fdr_ratio_atlas_r2_c4,$N_{cal}$ by FDR level,8,heatmap_cell,standard_conformal_bh,finite_k1,alpha_sweep,-2.0,2.6,-2.1989700043360187,-1.8010299956639813,2.5,2.7,0.01,nominal FDR $\alpha$,0.01,1000,0.05,,25,100,0.0,0.0,0.0,0.0,0.0,0.700057099977233,1.0,0.7608982315789473,2500,finite_k1_alpha_sweep,empirical FDR / nominal alpha
tikz-v1,figure6_supp,fdr_ratio_atlas_r2_c4,$N_{cal}$ by FDR level,8,heatmap_cell,standard_conformal_bh,finite_k1,alpha_sweep,-2.0,2.8,-2.1989700043360187,-1.8010299956639813,2.7,2.9,0.01,nominal FDR $\alpha$,0.01,1000,0.05,,25,100,0.0,0.0,0.0,0.0,0.0,0.5003129173815962,1.0,0.7601236126315789,2500,finite_k1_alpha_sweep,empirical FDR / nominal alpha
tikz-v1,figure6_supp,fdr_ratio_atlas_r2_c4,$N_{cal}$ by FDR level,8,heatmap_cell,standard_conformal_bh,finite_k1,alpha_sweep,-2.0,3.0,-2.1989700043360187,-1.8010299956639813,2.9,3.0999999999999996,0.01,nominal FDR $\alpha$,0.01,1000,0.05,,25,100,0.0,0.0,0.0,0.0,0.0,0.3005959181846626,1.0,0.7592656505263158,2500,finite_k1_alpha_sweep,empirical FDR / nominal alpha
tikz-v1,figure6_supp,fdr_ratio_atlas_r2_c4,$N_{cal}$ by FDR level,8,heatmap_cell,standard_conformal_bh,finite_k1,alpha_sweep,-2.0,3.1999999999999997,-2.1989700043360187,-1.8010299956639813,3.0999999999999996,3.3,0.01,nominal FDR $\alpha$,0.01,1000,0.05,,25,100,0.0,0.0,0.0,0.0,0.0,0.10072681268239621,1.0,0.7602131536842106,2500,finite_k1_alpha_sweep,empirical FDR / nominal alpha
tikz-v1,figure6_supp,fdr_ratio_atlas_r2_c4,$N_{cal}$ by FDR level,8,heatmap_cell,standard_conformal_bh,finite_k1,alpha_sweep,-2.0,3.4,-2.1989700043360187,-1.8010299956639813,3.3,3.5,0.01,nominal FDR $\alpha$,0.01,1000,0.05,,25,100,0.0,0.0,0.0,0.0,0.0,-0.09916249292859479,0.0,0.7616306021052631,2500,finite_k1_alpha_sweep,empirical FDR / nominal alpha
tikz-v1,figure6_supp,fdr_ratio_atlas_r2_c4,$N_{cal}$ by FDR level,8,heatmap_cell,standard_conformal_bh,finite_k1,alpha_sweep,-2.0,3.6,-2.1989700043360187,-1.8010299956639813,3.5,3.7,0.01,nominal FDR $\alpha$,0.01,1000,0.05,,25,100,0.0,0.0,0.0,0.0,0.0,-0.2990712600274095,0.0,0.758667452631579,2500,finite_k1_alpha_sweep,empirical FDR / nominal alpha
tikz-v1,figure6_supp,fdr_ratio_atlas_r2_c4,$N_{cal}$ by FDR level,8,heatmap_cell,standard_conformal_bh,finite_k1,alpha_sweep,-2.0,3.8,-2.1989700043360187,-1.8010299956639813,3.7,3.8999999999999995,0.01,nominal FDR $\alpha$,0.01,1000,0.05,,25,100,0.0,0.0,0.0,0.0,0.0,-0.4990681845107945,0.0,0.7600680252631579,2500,finite_k1_alpha_sweep,empirical FDR / nominal alpha
tikz-v1,figure6_supp,fdr_ratio_atlas_r2_c4,$N_{cal}$ by FDR level,8,heatmap_cell,standard_conformal_bh,finite_k1,alpha_sweep,-2.0,3.9999999999999996,-2.1989700043360187,-1.8010299956639813,3.8999999999999995,4.1,0.01,nominal FDR $\alpha$,0.01,1000,0.05,,25,100,0.0,0.0,0.0,0.0,0.0,-0.6990134316128814,0.0,0.7601311831578947,2500,finite_k1_alpha_sweep,empirical FDR / nominal alpha
tikz-v1,figure6_supp,fdr_ratio_atlas_r2_c4,$N_{cal}$ by FDR level,8,heatmap_cell,standard_conformal_bh,finite_k1,alpha_sweep,-1.6020599913279623,1.4,-1.8010299956639813,-1.4515449934959719,1.3,1.5,0.025,nominal FDR $\alpha$,0.025,1000,0.05,,25,100,0.0,0.0,0.0,0.0,0.0,1.4881166390211256,1.0,0.7605368252631579,2500,finite_k1_alpha_sweep,empirical FDR / nominal alpha
tikz-v1,figure6_supp,fdr_ratio_atlas_r2_c4,$N_{cal}$ by FDR level,8,heatmap_cell,standard_conformal_bh,finite_k1,alpha_sweep,-1.6020599913279623,1.6,-1.8010299956639813,-1.4515449934959719,1.5,1.7,0.025,nominal FDR $\alpha$,0.025,1000,0.05,,25,100,0.0,0.0,0.0,0.0,0.0,1.290306130272208,1.0,0.7599350736842105,2500,finite_k1_alpha_sweep,empirical FDR / nominal alpha
tikz-v1,figure6_supp,fdr_ratio_atlas_r2_c4,$N_{cal}$ by FDR level,8,heatmap_cell,standard_conformal_bh,finite_k1,alpha_sweep,-1.6020599913279623,1.7999999999999998,-1.8010299956639813,-1.4515449934959719,1.7,1.9,0.025,nominal FDR $\alpha$,0.025,1000,0.05,,25,100,0.0,0.0,0.0,0.0,0.0,1.0969100130080565,1.0,0.7605430568421053,2500,finite_k1_alpha_sweep,empirical FDR / nominal alpha
tikz-v1,figure6_supp,fdr_ratio_atlas_r2_c4,$N_{cal}$ by FDR level,8,heatmap_cell,standard_conformal_bh,finite_k1,alpha_sweep,-1.6020599913279623,2.0,-1.8010299956639813,-1.4515449934959719,1.9,2.1,0.025,nominal FDR $\alpha$,0.025,1000,0.05,,25,100,0.0,0.0,0.0,0.0,0.0,0.898768613209301,1.0,0.7605163115789474,2500,finite_k1_alpha_sweep,empirical FDR / nominal alpha
tikz-v1,figure6_supp,fdr_ratio_atlas_r2_c4,$N_{cal}$ by FDR level,8,heatmap_cell,standard_conformal_bh,finite_k1,alpha_sweep,-1.6020599913279623,2.2,-1.8010299956639813,-1.4515449934959719,2.1,2.3,0.025,nominal FDR $\alpha$,0.025,1000,0.05,,25,100,0.0,0.0,0.0,0.0,0.0,0.7016928626714921,1.0,0.7608525136842106,2500,finite_k1_alpha_sweep,empirical FDR / nominal alpha
tikz-v1,figure6_supp,fdr_ratio_atlas_r2_c4,$N_{cal}$ by FDR level,8,heatmap_cell,standard_conformal_bh,finite_k1,alpha_sweep,-1.6020599913279623,2.4,-1.8010299956639813,-1.4515449934959719,2.3,2.5,0.025,nominal FDR $\alpha$,0.025,1000,0.05,,25,100,0.0,0.0,0.0,0.0,0.0,0.5016894462103995,1.0,0.7598987284210527,2500,finite_k1_alpha_sweep,empirical FDR / nominal alpha
tikz-v1,figure6_supp,fdr_ratio_atlas_r2_c4,$N_{cal}$ by FDR level,8,heatmap_cell,standard_conformal_bh,finite_k1,alpha_sweep,-1.6020599913279623,2.6,-1.8010299956639813,-1.4515449934959719,2.5,2.7,0.025,nominal FDR $\alpha$,0.025,1000,0.05,,25,100,0.0,0.0,0.0,0.0,0.0,0.3021170913051953,1.0,0.7597485642105263,2500,finite_k1_alpha_sweep,empirical FDR / nominal alpha
tikz-v1,figure6_supp,fdr_ratio_atlas_r2_c4,$N_{cal}$ by FDR level,8,heatmap_cell,standard_conformal_bh,finite_k1,alpha_sweep,-1.6020599913279623,2.8,-1.8010299956639813,-1.4515449934959719,2.7,2.9,0.025,nominal FDR $\alpha$,0.025,1000,0.05,,25,100,0.0,0.0,0.0,0.0,0.0,0.10237290870955852,1.0,0.7611795284210526,2500,finite_k1_alpha_sweep,empirical FDR / nominal alpha
tikz-v1,figure6_supp,fdr_ratio_atlas_r2_c4,$N_{cal}$ by FDR level,8,heatmap_cell,standard_conformal_bh,finite_k1,alpha_sweep,-1.6020599913279623,3.0,-1.8010299956639813,-1.4515449934959719,2.9,3.0999999999999996,0.025,nominal FDR $\alpha$,0.025,1000,0.05,,25,100,0.0,0.0,0.0,0.0,0.0,-0.09734409048737504,0.0,0.7595743410526316,2500,finite_k1_alpha_sweep,empirical FDR / nominal alpha
tikz-v1,figure6_supp,fdr_ratio_atlas_r2_c4,$N_{cal}$ by FDR level,8,heatmap_cell,standard_conformal_bh,finite_k1,alpha_sweep,-1.6020599913279623,3.1999999999999997,-1.8010299956639813,-1.4515449934959719,3.0999999999999996,3.3,0.025,nominal FDR $\alpha$,0.025,1000,0.05,,25,100,0.0,0.0,0.0,0.0,0.0,-0.2972131959896414,0.0,0.7603642778947368,2500,finite_k1_alpha_sweep,empirical FDR / nominal alpha
tikz-v1,figure6_supp,fdr_ratio_atlas_r2_c4,$N_{cal}$ by FDR level,8,heatmap_cell,standard_conformal_bh,finite_k1,alpha_sweep,-1.6020599913279623,3.4,-1.8010299956639813,-1.4515449934959719,3.3,3.5,0.025,nominal FDR $\alpha$,0.025,1000,0.05,,25,100,0.0,0.0,0.0,0.0,0.0,-0.4971025016006324,0.0,0.7604805642105262,2500,finite_k1_alpha_sweep,empirical FDR / nominal alpha
tikz-v1,figure6_supp,fdr_ratio_atlas_r2_c4,$N_{cal}$ by FDR level,8,heatmap_cell,standard_conformal_bh,finite_k1,alpha_sweep,-1.6020599913279623,3.6,-1.8010299956639813,-1.4515449934959719,3.5,3.7,0.025,nominal FDR $\alpha$,0.025,1000,0.05,,25,100,0.0,0.0,0.0,0.0,0.0,-0.6970112686994471,0.0,0.7596527410526316,2500,finite_k1_alpha_sweep,empirical FDR / nominal alpha
tikz-v1,figure6_supp,fdr_ratio_atlas_r2_c4,$N_{cal}$ by FDR level,8,heatmap_cell,standard_conformal_bh,finite_k1,alpha_sweep,-1.6020599913279623,3.8,-1.8010299956639813,-1.4515449934959719,3.7,3.8999999999999995,0.025,nominal FDR $\alpha$,0.025,1000,0.05,,25,100,0.0,0.0,0.0,0.0,0.0,-0.8970081931828321,0.0,0.75946368,2500,finite_k1_alpha_sweep,empirical FDR / nominal alpha
tikz-v1,figure6_supp,fdr_ratio_atlas_r2_c4,$N_{cal}$ by FDR level,8,heatmap_cell,standard_conformal_bh,finite_k1,alpha_sweep,-1.6020599913279623,3.9999999999999996,-1.8010299956639813,-1.4515449934959719,3.8999999999999995,4.1,0.025,nominal FDR $\alpha$,0.025,1000,0.05,,25,100,0.0,0.0,0.0,0.0,0.0,-1.096953440284919,0.0,0.7609812631578947,2500,finite_k1_alpha_sweep,empirical FDR / nominal alpha
tikz-v1,figure6_supp,fdr_ratio_atlas_r2_c4,$N_{cal}$ by FDR level,8,heatmap_cell,standard_conformal_bh,finite_k1,alpha_sweep,-1.3010299956639813,1.4,-1.4515449934959719,-1.1505149978319906,1.3,1.5,0.05,nominal FDR $\alpha$,0.05,1000,0.05,,25,100,0.0,0.0,0.0,0.0,0.0,1.1870866433571445,1.0,0.7601669389473683,2500,finite_k1_alpha_sweep,empirical FDR / nominal alpha
tikz-v1,figure6_supp,fdr_ratio_atlas_r2_c4,$N_{cal}$ by FDR level,8,heatmap_cell,standard_conformal_bh,finite_k1,alpha_sweep,-1.3010299956639813,1.6,-1.4515449934959719,-1.1505149978319906,1.5,1.7,0.05,nominal FDR $\alpha$,0.05,1000,0.05,,25,100,0.0,0.0,0.0,0.0,0.0,0.9892761346082268,1.0,0.758717052631579,2500,finite_k1_alpha_sweep,empirical FDR / nominal alpha
tikz-v1,figure6_supp,fdr_ratio_atlas_r2_c4,$N_{cal}$ by FDR level,8,heatmap_cell,standard_conformal_bh,finite_k1,alpha_sweep,-1.3010299956639813,1.7999999999999998,-1.4515449934959719,-1.1505149978319906,1.7,1.9,0.05,nominal FDR $\alpha$,0.05,1000,0.05,,25,100,0.0,0.0,0.0,0.0,0.0,0.7958800173440752,1.0,0.7600095242105264,2500,finite_k1_alpha_sweep,empirical FDR / nominal alpha
tikz-v1,figure6_supp,fdr_ratio_atlas_r2_c4,$N_{cal}$ by FDR level,8,heatmap_cell,standard_conformal_bh,finite_k1,alpha_sweep,-1.3010299956639813,2.0,-1.4515449934959719,-1.1505149978319906,1.9,2.1,0.05,nominal FDR $\alpha$,0.05,1000,0.05,,25,100,0.0,0.0,0.0,0.0,0.0,0.5977386175453198,1.0,0.7607925305263158,2500,finite_k1_alpha_sweep,empirical FDR / nominal alpha
tikz-v1,figure6_supp,fdr_ratio_atlas_r2_c4,$N_{cal}$ by FDR level,8,heatmap_cell,standard_conformal_bh,finite_k1,alpha_sweep,-1.3010299956639813,2.2,-1.4515449934959719,-1.1505149978319906,2.1,2.3,0.05,nominal FDR $\alpha$,0.05,1000,0.05,,25,100,0.0,0.0,0.0,0.0,0.0,0.4006628670075109,1.0,0.7603877305263158,2500,finite_k1_alpha_sweep,empirical FDR / nominal alpha
tikz-v1,figure6_supp,fdr_ratio_atlas_r2_c4,$N_{cal}$ by FDR level,8,heatmap_cell,standard_conformal_bh,finite_k1,alpha_sweep,-1.3010299956639813,2.4,-1.4515449934959719,-1.1505149978319906,2.3,2.5,0.05,nominal FDR $\alpha$,0.05,1000,0.05,,25,100,0.0,0.0,0.0,0.0,0.0,0.20065945054641826,1.0,0.7591700126315789,2500,finite_k1_alpha_sweep,empirical FDR / nominal alpha
tikz-v1,figure6_supp,fdr_ratio_atlas_r2_c4,$N_{cal}$ by FDR level,8,heatmap_cell,standard_conformal_bh,finite_k1,alpha_sweep,-1.3010299956639813,2.6,-1.4515449934959719,-1.1505149978319906,2.5,2.7,0.05,nominal FDR $\alpha$,0.05,1000,0.05,,25,100,0.0,0.0,0.0,0.0,0.0,0.0010870956412141369,1.0,0.7597816842105263,2500,finite_k1_alpha_sweep,empirical FDR / nominal alpha
tikz-v1,figure6_supp,fdr_ratio_atlas_r2_c4,$N_{cal}$ by FDR level,8,heatmap_cell,standard_conformal_bh,finite_k1,alpha_sweep,-1.3010299956639813,2.8,-1.4515449934959719,-1.1505149978319906,2.7,2.9,0.05,nominal FDR $\alpha$,0.05,1000,0.05,,25,100,0.0,0.0,0.0,0.0,0.0,-0.19865708695442266,0.0,0.7593257768421052,2500,finite_k1_alpha_sweep,empirical FDR / nominal alpha
tikz-v1,figure6_supp,fdr_ratio_atlas_r2_c4,$N_{cal}$ by FDR level,8,heatmap_cell,standard_conformal_bh,finite_k1,alpha_sweep,-1.3010299956639813,3.0,-1.4515449934959719,-1.1505149978319906,2.9,3.0999999999999996,0.05,nominal FDR $\alpha$,0.05,1000,0.05,,25,100,0.0,0.0,0.0,0.0,0.0,-0.3983740861513562,0.0,0.7604890778947369,2500,finite_k1_alpha_sweep,empirical FDR / nominal alpha
tikz-v1,figure6_supp,fdr_ratio_atlas_r2_c4,$N_{cal}$ by FDR level,8,heatmap_cell,standard_conformal_bh,finite_k1,alpha_sweep,-1.3010299956639813,3.1999999999999997,-1.4515449934959719,-1.1505149978319906,3.0999999999999996,3.3,0.05,nominal FDR $\alpha$,0.05,1000,0.05,,25,100,0.0,0.0,0.0,0.0,0.0,-0.5982431916536226,0.0,0.7595563621052632,2500,finite_k1_alpha_sweep,empirical FDR / nominal alpha
tikz-v1,figure6_supp,fdr_ratio_atlas_r2_c4,$N_{cal}$ by FDR level,8,heatmap_cell,standard_conformal_bh,finite_k1,alpha_sweep,-1.3010299956639813,3.4,-1.4515449934959719,-1.1505149978319906,3.3,3.5,0.05,nominal FDR $\alpha$,0.05,1000,0.05,,25,100,0.0,0.0,0.0,0.0,0.0,-0.7981324972646135,0.0,0.7599901557894736,2500,finite_k1_alpha_sweep,empirical FDR / nominal alpha
tikz-v1,figure6_supp,fdr_ratio_atlas_r2_c4,$N_{cal}$ by FDR level,8,heatmap_cell,standard_conformal_bh,finite_k1,alpha_sweep,-1.3010299956639813,3.6,-1.4515449934959719,-1.1505149978319906,3.5,3.7,0.05,nominal FDR $\alpha$,0.05,1000,0.05,,25,100,0.013333333333333332,0.013333333333333332,6.4e-05,0.0012,0.0006666666666666666,-0.9980412643634283,0.0,0.75967904,2500,finite_k1_alpha_sweep,empirical FDR / nominal alpha
tikz-v1,figure6_supp,fdr_ratio_atlas_r2_c4,$N_{cal}$ by FDR level,8,heatmap_cell,standard_conformal_bh,finite_k1,alpha_sweep,-1.3010299956639813,3.8,-1.4515449934959719,-1.1505149978319906,3.7,3.8999999999999995,0.05,nominal FDR $\alpha$,0.05,1000,0.05,,25,100,0.005999999999999999,0.005999999999999999,8e-05,0.0012,0.0003,-1.1980381888468132,0.0,0.7604504757894737,2500,finite_k1_alpha_sweep,empirical FDR / nominal alpha
tikz-v1,figure6_supp,fdr_ratio_atlas_r2_c4,$N_{cal}$ by FDR level,8,heatmap_cell,standard_conformal_bh,finite_k1,alpha_sweep,-1.3010299956639813,3.9999999999999996,-1.4515449934959719,-1.1505149978319906,3.8999999999999995,4.1,0.05,nominal FDR $\alpha$,0.05,1000,0.05,,25,100,0.4749333333333332,0.4749333333333332,0.001704,0.0572,0.023746666666666662,-1.3979834359489003,0.0,0.7615701136842106,2500,finite_k1_alpha_sweep,empirical FDR / nominal alpha
tikz-v1,figure6_supp,fdr_ratio_atlas_r2_c4,$N_{cal}$ by FDR level,8,heatmap_cell,standard_conformal_bh,finite_k1,alpha_sweep,-1.0,1.4,-1.1505149978319906,-0.8494850021680094,1.3,1.5,0.1,nominal FDR $\alpha$,0.1,1000,0.05,,25,100,0.0,0.0,0.0,0.0,0.0,0.8860566476931633,1.0,0.7590098357894737,2500,finite_k1_alpha_sweep,empirical FDR / nominal alpha
tikz-v1,figure6_supp,fdr_ratio_atlas_r2_c4,$N_{cal}$ by FDR level,8,heatmap_cell,standard_conformal_bh,finite_k1,alpha_sweep,-1.0,1.6,-1.1505149978319906,-0.8494850021680094,1.5,1.7,0.1,nominal FDR $\alpha$,0.1,1000,0.05,,25,100,0.0,0.0,0.0,0.0,0.0,0.6882461389442457,1.0,0.7607028294736842,2500,finite_k1_alpha_sweep,empirical FDR / nominal alpha
tikz-v1,figure6_supp,fdr_ratio_atlas_r2_c4,$N_{cal}$ by FDR level,8,heatmap_cell,standard_conformal_bh,finite_k1,alpha_sweep,-1.0,1.7999999999999998,-1.1505149978319906,-0.8494850021680094,1.7,1.9,0.1,nominal FDR $\alpha$,0.1,1000,0.05,,25,100,0.0,0.0,0.0,0.0,0.0,0.494850021680094,1.0,0.7608850273684211,2500,finite_k1_alpha_sweep,empirical FDR / nominal alpha
tikz-v1,figure6_supp,fdr_ratio_atlas_r2_c4,$N_{cal}$ by FDR level,8,heatmap_cell,standard_conformal_bh,finite_k1,alpha_sweep,-1.0,2.0,-1.1505149978319906,-0.8494850021680094,1.9,2.1,0.1,nominal FDR $\alpha$,0.1,1000,0.05,,25,100,0.0,0.0,0.0,0.0,0.0,0.2967086218813386,1.0,0.7605232421052631,2500,finite_k1_alpha_sweep,empirical FDR / nominal alpha
tikz-v1,figure6_supp,fdr_ratio_atlas_r2_c4,$N_{cal}$ by FDR level,8,heatmap_cell,standard_conformal_bh,finite_k1,alpha_sweep,-1.0,2.2,-1.1505149978319906,-0.8494850021680094,2.1,2.3,0.1,nominal FDR $\alpha$,0.1,1000,0.05,,25,100,0.0,0.0,0.0,0.0,0.0,0.09963287134352969,1.0,0.7599125894736842,2500,finite_k1_alpha_sweep,empirical FDR / nominal alpha
tikz-v1,figure6_supp,fdr_ratio_atlas_r2_c4,$N_{cal}$ by FDR level,8,heatmap_cell,standard_conformal_bh,finite_k1,alpha_sweep,-1.0,2.4,-1.1505149978319906,-0.8494850021680094,2.3,2.5,0.1,nominal FDR $\alpha$,0.1,1000,0.05,,25,100,0.0,0.0,0.0,0.0,0.0,-0.10037054511756292,0.0,0.7598492126315789,2500,finite_k1_alpha_sweep,empirical FDR / nominal alpha
tikz-v1,figure6_supp,fdr_ratio_atlas_r2_c4,$N_{cal}$ by FDR level,8,heatmap_cell,standard_conformal_bh,finite_k1,alpha_sweep,-1.0,2.6,-1.1505149978319906,-0.8494850021680094,2.5,2.7,0.1,nominal FDR $\alpha$,0.1,1000,0.05,,25,100,0.0,0.0,0.0,0.0,0.0,-0.2999429000227671,0.0,0.7598913431578947,2500,finite_k1_alpha_sweep,empirical FDR / nominal alpha
tikz-v1,figure6_supp,fdr_ratio_atlas_r2_c4,$N_{cal}$ by FDR level,8,heatmap_cell,standard_conformal_bh,finite_k1,alpha_sweep,-1.0,2.8,-1.1505149978319906,-0.8494850021680094,2.7,2.9,0.1,nominal FDR $\alpha$,0.1,1000,0.05,,25,100,0.00275,0.00275,4e-05,0.0004,0.000275,-0.4996870826184039,0.0,0.7610153684210527,2500,finite_k1_alpha_sweep,empirical FDR / nominal alpha
tikz-v1,figure6_supp,fdr_ratio_atlas_r2_c4,$N_{cal}$ by FDR level,8,heatmap_cell,standard_conformal_bh,finite_k1,alpha_sweep,-1.0,3.0,-1.1505149978319906,-0.8494850021680094,2.9,3.0999999999999996,0.1,nominal FDR $\alpha$,0.1,1000,0.05,,25,100,0.2237026473526474,0.2237026473526474,0.003,0.0356,0.02237026473526474,-0.6994040818153374,0.0,0.7616473178947368,2500,finite_k1_alpha_sweep,empirical FDR / nominal alpha
tikz-v1,figure6_supp,fdr_ratio_atlas_r2_c4,$N_{cal}$ by FDR level,8,heatmap_cell,standard_conformal_bh,finite_k1,alpha_sweep,-1.0,3.1999999999999997,-1.1505149978319906,-0.8494850021680094,3.0999999999999996,3.3,0.1,nominal FDR $\alpha$,0.1,1000,0.05,,25,100,0.0474126984126984,0.0474126984126984,0.000552,0.0084,0.0047412698412698405,-0.8992731873176038,0.0,0.7608745684210526,2500,finite_k1_alpha_sweep,empirical FDR / nominal alpha
tikz-v1,figure6_supp,fdr_ratio_atlas_r2_c4,$N_{cal}$ by FDR level,8,heatmap_cell,standard_conformal_bh,finite_k1,alpha_sweep,-1.0,3.4,-1.1505149978319906,-0.8494850021680094,3.3,3.5,0.1,nominal FDR $\alpha$,0.1,1000,0.05,,25,100,0.20569206349206345,0.20569206349206345,0.0017520000000000003,0.0392,0.020569206349206347,-1.0991624929285948,0.0,0.7602238989473684,2500,finite_k1_alpha_sweep,empirical FDR / nominal alpha
tikz-v1,figure6_supp,fdr_ratio_atlas_r2_c4,$N_{cal}$ by FDR level,8,heatmap_cell,standard_conformal_bh,finite_k1,alpha_sweep,-1.0,3.6,-1.1505149978319906,-0.8494850021680094,3.5,3.7,0.1,nominal FDR $\alpha$,0.1,1000,0.05,,25,100,0.10999999999999999,0.10999999999999999,0.0008640000000000001,0.024,0.011,-1.2990712600274095,0.0,0.7603997557894737,2500,finite_k1_alpha_sweep,empirical FDR / nominal alpha
tikz-v1,figure6_supp,fdr_ratio_atlas_r2_c4,$N_{cal}$ by FDR level,8,heatmap_cell,standard_conformal_bh,finite_k1,alpha_sweep,-1.0,3.8,-1.1505149978319906,-0.8494850021680094,3.7,3.8999999999999995,0.1,nominal FDR $\alpha$,0.1,1000,0.05,,25,100,0.5584813186813187,0.5584813186813187,0.003568000000000001,0.124,0.055848131868131874,-1.4990681845107945,0.0,0.7601774568421052,2500,finite_k1_alpha_sweep,empirical FDR / nominal alpha
tikz-v1,figure6_supp,fdr_ratio_atlas_r2_c4,$N_{cal}$ by FDR level,8,heatmap_cell,standard_conformal_bh,finite_k1,alpha_sweep,-1.0,3.9999999999999996,-1.1505149978319906,-0.8494850021680094,3.8999999999999995,4.1,0.1,nominal FDR $\alpha$,0.1,1000,0.05,,25,100,1.0316285714285713,1.0316285714285713,0.00476,0.2476,0.10316285714285714,-1.6990134316128815,0.0,0.7602578947368421,2500,finite_k1_alpha_sweep,empirical FDR / nominal alpha
tikz-v1,figure6_supp,fdr_ratio_atlas_r2_c4,$N_{cal}$ by FDR level,8,heatmap_cell,standard_conformal_bh,finite_k1,alpha_sweep,-0.6989700043360187,1.4,-0.8494850021680094,-0.5484550065040281,1.3,1.5,0.2,nominal FDR $\alpha$,0.2,1000,0.05,,25,100,0.0,0.0,0.0,0.0,0.0,0.585026652029182,1.0,0.7597716968421053,2500,finite_k1_alpha_sweep,empirical FDR / nominal alpha
tikz-v1,figure6_supp,fdr_ratio_atlas_r2_c4,$N_{cal}$ by FDR level,8,heatmap_cell,standard_conformal_bh,finite_k1,alpha_sweep,-0.6989700043360187,1.6,-0.8494850021680094,-0.5484550065040281,1.5,1.7,0.2,nominal FDR $\alpha$,0.2,1000,0.05,,25,100,0.0,0.0,0.0,0.0,0.0,0.3872161432802645,1.0,0.75938912,2500,finite_k1_alpha_sweep,empirical FDR / nominal alpha
tikz-v1,figure6_supp,fdr_ratio_atlas_r2_c4,$N_{cal}$ by FDR level,8,heatmap_cell,standard_conformal_bh,finite_k1,alpha_sweep,-0.6989700043360187,1.7999999999999998,-0.8494850021680094,-0.5484550065040281,1.7,1.9,0.2,nominal FDR $\alpha$,0.2,1000,0.05,,25,100,0.0,0.0,0.0,0.0,0.0,0.19382002601611284,1.0,0.7606874610526315,2500,finite_k1_alpha_sweep,empirical FDR / nominal alpha
tikz-v1,figure6_supp,fdr_ratio_atlas_r2_c4,$N_{cal}$ by FDR level,8,heatmap_cell,standard_conformal_bh,finite_k1,alpha_sweep,-0.6989700043360187,2.0,-0.8494850021680094,-0.5484550065040281,1.9,2.1,0.2,nominal FDR $\alpha$,0.2,1000,0.05,,25,100,0.31785345438653423,0.31785345438653423,0.023928,0.08,0.06357069087730685,-0.004321373782642578,0.0,0.76046496,2500,finite_k1_alpha_sweep,empirical FDR / nominal alpha
tikz-v1,figure6_supp,fdr_ratio_atlas_r2_c4,$N_{cal}$ by FDR level,8,heatmap_cell,standard_conformal_bh,finite_k1,alpha_sweep,-0.6989700043360187,2.2,-0.8494850021680094,-0.5484550065040281,2.1,2.3,0.2,nominal FDR $\alpha$,0.2,1000,0.05,,25,100,0.3782524086641681,0.3782524086641681,0.020816,0.1,0.07565048173283362,-0.2013971243204515,0.0,0.7601313010526316,2500,finite_k1_alpha_sweep,empirical FDR / nominal alpha
tikz-v1,figure6_supp,fdr_ratio_atlas_r2_c4,$N_{cal}$ by FDR level,8,heatmap_cell,standard_conformal_bh,finite_k1,alpha_sweep,-0.6989700043360187,2.4,-0.8494850021680094,-0.5484550065040281,2.3,2.5,0.2,nominal FDR $\alpha$,0.2,1000,0.05,,25,100,0.14942617600004712,0.14942617600004712,0.0057280000000000005,0.0416,0.029885235200009425,-0.40140054078154414,0.0,0.7612319410526317,2500,finite_k1_alpha_sweep,empirical FDR / nominal alpha
tikz-v1,figure6_supp,fdr_ratio_atlas_r2_c4,$N_{cal}$ by FDR level,8,heatmap_cell,standard_conformal_bh,finite_k1,alpha_sweep,-0.6989700043360187,2.6,-0.8494850021680094,-0.5484550065040281,2.5,2.7,0.2,nominal FDR $\alpha$,0.2,1000,0.05,,25,100,0.10290639019993532,0.10290639019993532,0.004584,0.0296,0.020581278039987064,-0.6009728956867483,0.0,0.7606218021052631,2500,finite_k1_alpha_sweep,empirical FDR / nominal alpha
tikz-v1,figure6_supp,fdr_ratio_atlas_r2_c4,$N_{cal}$ by FDR level,8,heatmap_cell,standard_conformal_bh,finite_k1,alpha_sweep,-0.6989700043360187,2.8,-0.8494850021680094,-0.5484550065040281,2.7,2.9,0.2,nominal FDR $\alpha$,0.2,1000,0.05,,25,100,0.2791730621969476,0.2791730621969476,0.0082,0.0912,0.055834612439389524,-0.800717078282385,0.0,0.7611061978947369,2500,finite_k1_alpha_sweep,empirical FDR / nominal alpha
tikz-v1,figure6_supp,fdr_ratio_atlas_r2_c4,$N_{cal}$ by FDR level,8,heatmap_cell,standard_conformal_bh,finite_k1,alpha_sweep,-0.6989700043360187,3.0,-0.8494850021680094,-0.5484550065040281,2.9,3.0999999999999996,0.2,nominal FDR $\alpha$,0.2,1000,0.05,,25,100,0.13171831501831502,0.13171831501831502,0.0028399999999999996,0.0448,0.026343663003663004,-1.0004340774793186,0.0,0.7605800926315789,2500,finite_k1_alpha_sweep,empirical FDR / nominal alpha
tikz-v1,figure6_supp,fdr_ratio_atlas_r2_c4,$N_{cal}$ by FDR level,8,heatmap_cell,standard_conformal_bh,finite_k1,alpha_sweep,-0.6989700043360187,3.1999999999999997,-0.8494850021680094,-0.5484550065040281,3.0999999999999996,3.3,0.2,nominal FDR $\alpha$,0.2,1000,0.05,,25,100,0.2773341908091908,0.2773341908091908,0.0057599999999999995,0.1016,0.055466838161838165,-1.200303182981585,0.0,0.7596978189473684,2500,finite_k1_alpha_sweep,empirical FDR / nominal alpha
tikz-v1,figure6_supp,fdr_ratio_atlas_r2_c4,$N_{cal}$ by FDR level,8,heatmap_cell,standard_conformal_bh,finite_k1,alpha_sweep,-0.6989700043360187,3.4,-0.8494850021680094,-0.5484550065040281,3.3,3.5,0.2,nominal FDR $\alpha$,0.2,1000,0.05,,25,100,0.6164854833572223,0.6164854833572223,0.008487999999999999,0.2344,0.12329709667144448,-1.400192488592576,0.0,0.7603689178947368,2500,finite_k1_alpha_sweep,empirical FDR / nominal alpha
tikz-v1,figure6_supp,fdr_ratio_atlas_r2_c4,$N_{cal}$ by FDR level,8,heatmap_cell,standard_conformal_bh,finite_k1,alpha_sweep,-0.6989700043360187,3.6,-0.8494850021680094,-0.5484550065040281,3.5,3.7,0.2,nominal FDR $\alpha$,0.2,1000,0.05,,25,100,0.5491193184266714,0.5491193184266714,0.007688000000000001,0.1936,0.10982386368533428,-1.6001012556913907,0.0,0.7609703494736842,2500,finite_k1_alpha_sweep,empirical FDR / nominal alpha
tikz-v1,figure6_supp,fdr_ratio_atlas_r2_c4,$N_{cal}$ by FDR level,8,heatmap_cell,standard_conformal_bh,finite_k1,alpha_sweep,-0.6989700043360187,3.8,-0.8494850021680094,-0.5484550065040281,3.7,3.8999999999999995,0.2,nominal FDR $\alpha$,0.2,1000,0.05,,25,100,0.676921220282985,0.676921220282985,0.008312,0.3172,0.135384244056597,-1.8000981801747757,0.0,0.7612921936842104,2500,finite_k1_alpha_sweep,empirical FDR / nominal alpha
tikz-v1,figure6_supp,fdr_ratio_atlas_r2_c4,$N_{cal}$ by FDR level,8,heatmap_cell,standard_conformal_bh,finite_k1,alpha_sweep,-0.6989700043360187,3.9999999999999996,-0.8494850021680094,-0.5484550065040281,3.8999999999999995,4.1,0.2,nominal FDR $\alpha$,0.2,1000,0.05,,25,100,1.0520061688311688,1.0520061688311688,0.011632,0.4492,0.2104012337662338,-2.0000434272768626,0.0,0.7600405894736841,2500,finite_k1_alpha_sweep,empirical FDR / nominal alpha
tikz-v1,figure6_supp,fdr_ratio_atlas_r2_c2,$N_{cal}$ by $m$; fixed 10 anomalies,6,heatmap_cell,standard_conformal_bh,finite_k1,m_fixed_count,1.6989700043360187,1.4,1.5484550065040281,1.8494850021680094,1.3,1.5,50.0,test batch size $m$,0.1,50,,10.0,25,100,0.0,0.0,0.0,0.0,0.0,0.28399665636520083,1.0,0.7590979999999999,2500,finite_k1_m_fixed_count,empirical FDR / nominal alpha
tikz-v1,figure6_supp,fdr_ratio_atlas_r2_c2,$N_{cal}$ by $m$; fixed 10 anomalies,6,heatmap_cell,standard_conformal_bh,finite_k1,m_fixed_count,1.6989700043360187,1.6,1.5484550065040281,1.8494850021680094,1.5,1.7,50.0,test batch size $m$,0.1,50,,10.0,25,100,0.0,0.0,0.0,0.0,0.0,0.0861861476162833,1.0,0.7585119999999999,2500,finite_k1_m_fixed_count,empirical FDR / nominal alpha
tikz-v1,figure6_supp,fdr_ratio_atlas_r2_c2,$N_{cal}$ by $m$; fixed 10 anomalies,6,heatmap_cell,standard_conformal_bh,finite_k1,m_fixed_count,1.6989700043360187,1.7999999999999998,1.5484550065040281,1.8494850021680094,1.7,1.9,50.0,test batch size $m$,0.1,50,,10.0,25,100,0.06042929292929292,0.06042929292929292,0.0057599999999999995,0.0128,0.006042929292929293,-0.10720996964786837,0.0,0.7576289999999999,2500,finite_k1_m_fixed_count,empirical FDR / nominal alpha
tikz-v1,figure6_supp,fdr_ratio_atlas_r2_c2,$N_{cal}$ by $m$; fixed 10 anomalies,6,heatmap_cell,standard_conformal_bh,finite_k1,m_fixed_count,1.6989700043360187,2.0,1.5484550065040281,1.8494850021680094,1.9,2.1,50.0,test batch size $m$,0.1,50,,10.0,25,100,0.2866070929070929,0.2866070929070929,0.0224,0.0676,0.028660709290709293,-0.3053513694466238,0.0,0.760791,2500,finite_k1_m_fixed_count,empirical FDR / nominal alpha
tikz-v1,figure6_supp,fdr_ratio_atlas_r2_c2,$N_{cal}$ by $m$; fixed 10 anomalies,6,heatmap_cell,standard_conformal_bh,finite_k1,m_fixed_count,1.6989700043360187,2.2,1.5484550065040281,1.8494850021680094,2.1,2.3,50.0,test batch size $m$,0.1,50,,10.0,25,100,0.03955714285714286,0.03955714285714286,0.00396,0.0124,0.003955714285714286,-0.5024271199844327,0.0,0.759769,2500,finite_k1_m_fixed_count,empirical FDR / nominal alpha
tikz-v1,figure6_supp,fdr_ratio_atlas_r2_c2,$N_{cal}$ by $m$; fixed 10 anomalies,6,heatmap_cell,standard_conformal_bh,finite_k1,m_fixed_count,1.6989700043360187,2.4,1.5484550065040281,1.8494850021680094,2.3,2.5,50.0,test batch size $m$,0.1,50,,10.0,25,100,0.48302380952380947,0.48302380952380947,0.027760000000000003,0.1556,0.04830238095238095,-0.7024305364455253,0.0,0.759783,2500,finite_k1_m_fixed_count,empirical FDR / nominal alpha
tikz-v1,figure6_supp,fdr_ratio_atlas_r2_c2,$N_{cal}$ by $m$; fixed 10 anomalies,6,heatmap_cell,standard_conformal_bh,finite_k1,m_fixed_count,1.6989700043360187,2.6,1.5484550065040281,1.8494850021680094,2.5,2.7,50.0,test batch size $m$,0.1,50,,10.0,25,100,0.41425079365079365,0.41425079365079365,0.032560000000000006,0.1436,0.041425079365079366,-0.9020028913507294,0.0,0.7613439999999999,2500,finite_k1_m_fixed_count,empirical FDR / nominal alpha
tikz-v1,figure6_supp,fdr_ratio_atlas_r2_c2,$N_{cal}$ by $m$; fixed 10 anomalies,6,heatmap_cell,standard_conformal_bh,finite_k1,m_fixed_count,1.6989700043360187,2.8,1.5484550065040281,1.8494850021680094,2.7,2.9,50.0,test batch size $m$,0.1,50,,10.0,25,100,0.8254333333333332,0.8254333333333332,0.04564,0.3392,0.08254333333333333,-1.1017470739463662,0.0,0.759542,2500,finite_k1_m_fixed_count,empirical FDR / nominal alpha
tikz-v1,figure6_supp,fdr_ratio_atlas_r2_c2,$N_{cal}$ by $m$; fixed 10 anomalies,6,heatmap_cell,standard_conformal_bh,finite_k1,m_fixed_count,1.6989700043360187,3.0,1.5484550065040281,1.8494850021680094,2.9,3.0999999999999996,50.0,test batch size $m$,0.1,50,,10.0,25,100,0.8657190476190475,0.8657190476190475,0.04704,0.3544,0.08657190476190475,-1.3014640731432998,0.0,0.760073,2500,finite_k1_m_fixed_count,empirical FDR / nominal alpha
tikz-v1,figure6_supp,fdr_ratio_atlas_r2_c2,$N_{cal}$ by $m$; fixed 10 anomalies,6,heatmap_cell,standard_conformal_bh,finite_k1,m_fixed_count,1.6989700043360187,3.1999999999999997,1.5484550065040281,1.8494850021680094,3.0999999999999996,3.3,50.0,test batch size $m$,0.1,50,,10.0,25,100,0.6408904761904761,0.6408904761904761,0.03996,0.306,0.06408904761904761,-1.5013331786455661,0.0,0.756498,2500,finite_k1_m_fixed_count,empirical FDR / nominal alpha
tikz-v1,figure6_supp,fdr_ratio_atlas_r2_c2,$N_{cal}$ by $m$; fixed 10 anomalies,6,heatmap_cell,standard_conformal_bh,finite_k1,m_fixed_count,1.6989700043360187,3.4,1.5484550065040281,1.8494850021680094,3.3,3.5,50.0,test batch size $m$,0.1,50,,10.0,25,100,0.958622222222222,0.958622222222222,0.048760000000000005,0.3768,0.09586222222222221,-1.701222484256557,0.0,0.759946,2500,finite_k1_m_fixed_count,empirical FDR / nominal alpha
tikz-v1,figure6_supp,fdr_ratio_atlas_r2_c2,$N_{cal}$ by $m$; fixed 10 anomalies,6,heatmap_cell,standard_conformal_bh,finite_k1,m_fixed_count,1.6989700043360187,3.6,1.5484550065040281,1.8494850021680094,3.5,3.7,50.0,test batch size $m$,0.1,50,,10.0,25,100,0.6671142857142855,0.6671142857142855,0.0412,0.3084,0.06671142857142856,-1.901131251355372,0.0,0.76005,2500,finite_k1_m_fixed_count,empirical FDR / nominal alpha
tikz-v1,figure6_supp,fdr_ratio_atlas_r2_c2,$N_{cal}$ by $m$; fixed 10 anomalies,6,heatmap_cell,standard_conformal_bh,finite_k1,m_fixed_count,1.6989700043360187,3.8,1.5484550065040281,1.8494850021680094,3.7,3.8999999999999995,50.0,test batch size $m$,0.1,50,,10.0,25,100,0.8011238095238095,0.8011238095238095,0.04488000000000001,0.3296,0.08011238095238095,-2.101128175838757,0.0,0.76076,2500,finite_k1_m_fixed_count,empirical FDR / nominal alpha
tikz-v1,figure6_supp,fdr_ratio_atlas_r2_c2,$N_{cal}$ by $m$; fixed 10 anomalies,6,heatmap_cell,standard_conformal_bh,finite_k1,m_fixed_count,1.6989700043360187,3.9999999999999996,1.5484550065040281,1.8494850021680094,3.8999999999999995,4.1,50.0,test batch size $m$,0.1,50,,10.0,25,100,0.7773920634920635,0.7773920634920635,0.04468,0.3552,0.07773920634920635,-2.301073422940844,0.0,0.7623270000000001,2500,finite_k1_m_fixed_count,empirical FDR / nominal alpha
tikz-v1,figure6_supp,fdr_ratio_atlas_r2_c2,$N_{cal}$ by $m$; fixed 10 anomalies,6,heatmap_cell,standard_conformal_bh,finite_k1,m_fixed_count,2.0,1.4,1.8494850021680094,2.1505149978319906,1.3,1.5,100.0,test batch size $m$,0.1,100,,10.0,25,100,0.0,0.0,0.0,0.0,0.0,0.585026652029182,1.0,0.7588435555555556,2500,finite_k1_m_fixed_count,empirical FDR / nominal alpha
tikz-v1,figure6_supp,fdr_ratio_atlas_r2_c2,$N_{cal}$ by $m$; fixed 10 anomalies,6,heatmap_cell,standard_conformal_bh,finite_k1,m_fixed_count,2.0,1.6,1.8494850021680094,2.1505149978319906,1.5,1.7,100.0,test batch size $m$,0.1,100,,10.0,25,100,0.0,0.0,0.0,0.0,0.0,0.3872161432802645,1.0,0.7631057777777778,2500,finite_k1_m_fixed_count,empirical FDR / nominal alpha
tikz-v1,figure6_supp,fdr_ratio_atlas_r2_c2,$N_{cal}$ by $m$; fixed 10 anomalies,6,heatmap_cell,standard_conformal_bh,finite_k1,m_fixed_count,2.0,1.7999999999999998,1.8494850021680094,2.1505149978319906,1.7,1.9,100.0,test batch size $m$,0.1,100,,10.0,25,100,0.017535947712418298,0.017535947712418298,0.0010799999999999998,0.0024,0.00175359477124183,0.19382002601611284,1.0,0.7617217777777778,2500,finite_k1_m_fixed_count,empirical FDR / nominal alpha
tikz-v1,figure6_supp,fdr_ratio_atlas_r2_c2,$N_{cal}$ by $m$; fixed 10 anomalies,6,heatmap_cell,standard_conformal_bh,finite_k1,m_fixed_count,2.0,2.0,1.8494850021680094,2.1505149978319906,1.9,2.1,100.0,test batch size $m$,0.1,100,,10.0,25,100,0.014109090909090908,0.014109090909090908,0.0006,0.002,0.001410909090909091,-0.004321373782642578,0.0,0.7613284444444445,2500,finite_k1_m_fixed_count,empirical FDR / nominal alpha
tikz-v1,figure6_supp,fdr_ratio_atlas_r2_c2,$N_{cal}$ by $m$; fixed 10 anomalies,6,heatmap_cell,standard_conformal_bh,finite_k1,m_fixed_count,2.0,2.2,1.8494850021680094,2.1505149978319906,2.1,2.3,100.0,test batch size $m$,0.1,100,,10.0,25,100,0.0235,0.0235,0.00176,0.0048,0.00235,-0.2013971243204515,0.0,0.7598093333333334,2500,finite_k1_m_fixed_count,empirical FDR / nominal alpha
tikz-v1,figure6_supp,fdr_ratio_atlas_r2_c2,$N_{cal}$ by $m$; fixed 10 anomalies,6,heatmap_cell,standard_conformal_bh,finite_k1,m_fixed_count,2.0,2.4,1.8494850021680094,2.1505149978319906,2.3,2.5,100.0,test batch size $m$,0.1,100,,10.0,25,100,0.3893015873015873,0.3893015873015873,0.0164,0.0728,0.03893015873015873,-0.40140054078154414,0.0,0.7619968888888888,2500,finite_k1_m_fixed_count,empirical FDR / nominal alpha
tikz-v1,figure6_supp,fdr_ratio_atlas_r2_c2,$N_{cal}$ by $m$; fixed 10 anomalies,6,heatmap_cell,standard_conformal_bh,finite_k1,m_fixed_count,2.0,2.6,1.8494850021680094,2.1505149978319906,2.5,2.7,100.0,test batch size $m$,0.1,100,,10.0,25,100,0.12606666666666663,0.12606666666666663,0.00544,0.0288,0.012606666666666665,-0.6009728956867483,0.0,0.763491111111111,2500,finite_k1_m_fixed_count,empirical FDR / nominal alpha
tikz-v1,figure6_supp,fdr_ratio_atlas_r2_c2,$N_{cal}$ by $m$; fixed 10 anomalies,6,heatmap_cell,standard_conformal_bh,finite_k1,m_fixed_count,2.0,2.8,1.8494850021680094,2.1505149978319906,2.7,2.9,100.0,test batch size $m$,0.1,100,,10.0,25,100,0.3496904761904762,0.3496904761904762,0.01204,0.078,0.03496904761904762,-0.800717078282385,0.0,0.7608884444444444,2500,finite_k1_m_fixed_count,empirical FDR / nominal alpha
tikz-v1,figure6_supp,fdr_ratio_atlas_r2_c2,$N_{cal}$ by $m$; fixed 10 anomalies,6,heatmap_cell,standard_conformal_bh,finite_k1,m_fixed_count,2.0,3.0,1.8494850021680094,2.1505149978319906,2.9,3.0999999999999996,100.0,test batch size $m$,0.1,100,,10.0,25,100,0.8609999999999998,0.8609999999999998,0.02476,0.2324,0.08609999999999998,-1.0004340774793186,0.0,0.7604786666666666,2500,finite_k1_m_fixed_count,empirical FDR / nominal alpha
tikz-v1,figure6_supp,fdr_ratio_atlas_r2_c2,$N_{cal}$ by $m$; fixed 10 anomalies,6,heatmap_cell,standard_conformal_bh,finite_k1,m_fixed_count,2.0,3.1999999999999997,1.8494850021680094,2.1505149978319906,3.0999999999999996,3.3,100.0,test batch size $m$,0.1,100,,10.0,25,100,0.6757714285714286,0.6757714285714286,0.021560000000000003,0.1976,0.06757714285714286,-1.200303182981585,0.0,0.7613062222222223,2500,finite_k1_m_fixed_count,empirical FDR / nominal alpha
tikz-v1,figure6_supp,fdr_ratio_atlas_r2_c2,$N_{cal}$ by $m$; fixed 10 anomalies,6,heatmap_cell,standard_conformal_bh,finite_k1,m_fixed_count,2.0,3.4,1.8494850021680094,2.1505149978319906,3.3,3.5,100.0,test batch size $m$,0.1,100,,10.0,25,100,0.6835999999999999,0.6835999999999999,0.019719999999999998,0.2,0.06835999999999999,-1.400192488592576,0.0,0.7609084444444445,2500,finite_k1_m_fixed_count,empirical FDR / nominal alpha
tikz-v1,figure6_supp,fdr_ratio_atlas_r2_c2,$N_{cal}$ by $m$; fixed 10 anomalies,6,heatmap_cell,standard_conformal_bh,finite_k1,m_fixed_count,2.0,3.6,1.8494850021680094,2.1505149978319906,3.5,3.7,100.0,test batch size $m$,0.1,100,,10.0,25,100,0.7238857142857144,0.7238857142857144,0.0202,0.2088,0.07238857142857144,-1.6001012556913907,0.0,0.7579342222222222,2500,finite_k1_m_fixed_count,empirical FDR / nominal alpha
tikz-v1,figure6_supp,fdr_ratio_atlas_r2_c2,$N_{cal}$ by $m$; fixed 10 anomalies,6,heatmap_cell,standard_conformal_bh,finite_k1,m_fixed_count,2.0,3.8,1.8494850021680094,2.1505149978319906,3.7,3.8999999999999995,100.0,test batch size $m$,0.1,100,,10.0,25,100,0.760895238095238,0.760895238095238,0.020640000000000002,0.2256,0.0760895238095238,-1.8000981801747757,0.0,0.7616595555555555,2500,finite_k1_m_fixed_count,empirical FDR / nominal alpha
tikz-v1,figure6_supp,fdr_ratio_atlas_r2_c2,$N_{cal}$ by $m$; fixed 10 anomalies,6,heatmap_cell,standard_conformal_bh,finite_k1,m_fixed_count,2.0,3.9999999999999996,1.8494850021680094,2.1505149978319906,3.8999999999999995,4.1,100.0,test batch size $m$,0.1,100,,10.0,25,100,0.8953999999999999,0.8953999999999999,0.02452,0.2576,0.08954,-2.0000434272768626,0.0,0.761863111111111,2500,finite_k1_m_fixed_count,empirical FDR / nominal alpha
tikz-v1,figure6_supp,fdr_ratio_atlas_r2_c2,$N_{cal}$ by $m$; fixed 10 anomalies,6,heatmap_cell,standard_conformal_bh,finite_k1,m_fixed_count,2.3010299956639813,1.4,2.1505149978319906,2.5,1.3,1.5,200.0,test batch size $m$,0.1,200,,10.0,25,100,0.0,0.0,0.0,0.0,0.0,0.8860566476931633,1.0,0.7610951578947368,2500,finite_k1_m_fixed_count,empirical FDR / nominal alpha
tikz-v1,figure6_supp,fdr_ratio_atlas_r2_c2,$N_{cal}$ by $m$; fixed 10 anomalies,6,heatmap_cell,standard_conformal_bh,finite_k1,m_fixed_count,2.3010299956639813,1.6,2.1505149978319906,2.5,1.5,1.7,200.0,test batch size $m$,0.1,200,,10.0,25,100,0.0,0.0,0.0,0.0,0.0,0.6882461389442457,1.0,0.7609555789473684,2500,finite_k1_m_fixed_count,empirical FDR / nominal alpha
tikz-v1,figure6_supp,fdr_ratio_atlas_r2_c2,$N_{cal}$ by $m$; fixed 10 anomalies,6,heatmap_cell,standard_conformal_bh,finite_k1,m_fixed_count,2.3010299956639813,1.7999999999999998,2.1505149978319906,2.5,1.7,1.9,200.0,test batch size $m$,0.1,200,,10.0,25,100,0.0,0.0,0.0,0.0,0.0,0.494850021680094,1.0,0.7621528421052631,2500,finite_k1_m_fixed_count,empirical FDR / nominal alpha
tikz-v1,figure6_supp,fdr_ratio_atlas_r2_c2,$N_{cal}$ by $m$; fixed 10 anomalies,6,heatmap_cell,standard_conformal_bh,finite_k1,m_fixed_count,2.3010299956639813,2.0,2.1505149978319906,2.5,1.9,2.1,200.0,test batch size $m$,0.1,200,,10.0,25,100,0.0,0.0,0.0,0.0,0.0,0.2967086218813386,1.0,0.7614456842105263,2500,finite_k1_m_fixed_count,empirical FDR / nominal alpha
tikz-v1,figure6_supp,fdr_ratio_atlas_r2_c2,$N_{cal}$ by $m$; fixed 10 anomalies,6,heatmap_cell,standard_conformal_bh,finite_k1,m_fixed_count,2.3010299956639813,2.2,2.1505149978319906,2.5,2.1,2.3,200.0,test batch size $m$,0.1,200,,10.0,25,100,0.011815384615384615,0.011815384615384615,0.00056,0.0016,0.0011815384615384615,0.09963287134352969,1.0,0.7592715789473684,2500,finite_k1_m_fixed_count,empirical FDR / nominal alpha
tikz-v1,figure6_supp,fdr_ratio_atlas_r2_c2,$N_{cal}$ by $m$; fixed 10 anomalies,6,heatmap_cell,standard_conformal_bh,finite_k1,m_fixed_count,2.3010299956639813,2.4,2.1505149978319906,2.5,2.3,2.5,200.0,test batch size $m$,0.1,200,,10.0,25,100,0.0025,0.0025,0.00011999999999999999,0.0004,0.00025,-0.10037054511756292,0.0,0.7593347368421053,2500,finite_k1_m_fixed_count,empirical FDR / nominal alpha
tikz-v1,figure6_supp,fdr_ratio_atlas_r2_c2,$N_{cal}$ by $m$; fixed 10 anomalies,6,heatmap_cell,standard_conformal_bh,finite_k1,m_fixed_count,2.3010299956639813,2.6,2.1505149978319906,2.5,2.5,2.7,200.0,test batch size $m$,0.1,200,,10.0,25,100,0.021809523809523806,0.021809523809523806,0.00064,0.0032,0.0021809523809523806,-0.2999429000227671,0.0,0.7577698947368421,2500,finite_k1_m_fixed_count,empirical FDR / nominal alpha
tikz-v1,figure6_supp,fdr_ratio_atlas_r2_c2,$N_{cal}$ by $m$; fixed 10 anomalies,6,heatmap_cell,standard_conformal_bh,finite_k1,m_fixed_count,2.3010299956639813,2.8,2.1505149978319906,2.5,2.7,2.9,200.0,test batch size $m$,0.1,200,,10.0,25,100,0.06445714285714285,0.06445714285714285,0.00176,0.0104,0.0064457142857142855,-0.4996870826184039,0.0,0.7593606315789473,2500,finite_k1_m_fixed_count,empirical FDR / nominal alpha
tikz-v1,figure6_supp,fdr_ratio_atlas_r2_c2,$N_{cal}$ by $m$; fixed 10 anomalies,6,heatmap_cell,standard_conformal_bh,finite_k1,m_fixed_count,2.3010299956639813,3.0,2.1505149978319906,2.5,2.9,3.0999999999999996,200.0,test batch size $m$,0.1,200,,10.0,25,100,0.5250666666666666,0.5250666666666666,0.010520000000000002,0.0976,0.05250666666666666,-0.6994040818153374,0.0,0.7584458947368421,2500,finite_k1_m_fixed_count,empirical FDR / nominal alpha
tikz-v1,figure6_supp,fdr_ratio_atlas_r2_c2,$N_{cal}$ by $m$; fixed 10 anomalies,6,heatmap_cell,standard_conformal_bh,finite_k1,m_fixed_count,2.3010299956639813,3.1999999999999997,2.1505149978319906,2.5,3.0999999999999996,3.3,200.0,test batch size $m$,0.1,200,,10.0,25,100,0.21959999999999996,0.21959999999999996,0.00464,0.0392,0.021959999999999997,-0.8992731873176038,0.0,0.7585690526315789,2500,finite_k1_m_fixed_count,empirical FDR / nominal alpha
tikz-v1,figure6_supp,fdr_ratio_atlas_r2_c2,$N_{cal}$ by $m$; fixed 10 anomalies,6,heatmap_cell,standard_conformal_bh,finite_k1,m_fixed_count,2.3010299956639813,3.4,2.1505149978319906,2.5,3.3,3.5,200.0,test batch size $m$,0.1,200,,10.0,25,100,0.6638666666666665,0.6638666666666665,0.009559999999999999,0.138,0.06638666666666665,-1.0991624929285948,0.0,0.759537052631579,2500,finite_k1_m_fixed_count,empirical FDR / nominal alpha
tikz-v1,figure6_supp,fdr_ratio_atlas_r2_c2,$N_{cal}$ by $m$; fixed 10 anomalies,6,heatmap_cell,standard_conformal_bh,finite_k1,m_fixed_count,2.3010299956639813,3.6,2.1505149978319906,2.5,3.5,3.7,200.0,test batch size $m$,0.1,200,,10.0,25,100,0.5079619047619047,0.5079619047619047,0.008320000000000001,0.1036,0.050796190476190474,-1.2990712600274095,0.0,0.7574738947368421,2500,finite_k1_m_fixed_count,empirical FDR / nominal alpha
tikz-v1,figure6_supp,fdr_ratio_atlas_r2_c2,$N_{cal}$ by $m$; fixed 10 anomalies,6,heatmap_cell,standard_conformal_bh,finite_k1,m_fixed_count,2.3010299956639813,3.8,2.1505149978319906,2.5,3.7,3.8999999999999995,200.0,test batch size $m$,0.1,200,,10.0,25,100,0.7847333333333334,0.7847333333333334,0.0132,0.1768,0.07847333333333334,-1.4990681845107945,0.0,0.760854947368421,2500,finite_k1_m_fixed_count,empirical FDR / nominal alpha
tikz-v1,figure6_supp,fdr_ratio_atlas_r2_c2,$N_{cal}$ by $m$; fixed 10 anomalies,6,heatmap_cell,standard_conformal_bh,finite_k1,m_fixed_count,2.3010299956639813,3.9999999999999996,2.1505149978319906,2.5,3.8999999999999995,4.1,200.0,test batch size $m$,0.1,200,,10.0,25,100,0.8446,0.8446,0.013560000000000003,0.1816,0.08446000000000001,-1.6990134316128815,0.0,0.7577637894736842,2500,finite_k1_m_fixed_count,empirical FDR / nominal alpha
tikz-v1,figure6_supp,fdr_ratio_atlas_r2_c2,$N_{cal}$ by $m$; fixed 10 anomalies,6,heatmap_cell,standard_conformal_bh,finite_k1,m_fixed_count,2.6989700043360187,1.4,2.5,2.8494850021680094,1.3,1.5,500.0,test batch size $m$,0.1,500,,10.0,25,100,0.0,0.0,0.0,0.0,0.0,1.2839966563652008,1.0,0.7600205714285714,2500,finite_k1_m_fixed_count,empirical FDR / nominal alpha
tikz-v1,figure6_supp,fdr_ratio_atlas_r2_c2,$N_{cal}$ by $m$; fixed 10 anomalies,6,heatmap_cell,standard_conformal_bh,finite_k1,m_fixed_count,2.6989700043360187,1.6,2.5,2.8494850021680094,1.5,1.7,500.0,test batch size $m$,0.1,500,,10.0,25,100,0.0,0.0,0.0,0.0,0.0,1.0861861476162833,1.0,0.7599789387755101,2500,finite_k1_m_fixed_count,empirical FDR / nominal alpha
tikz-v1,figure6_supp,fdr_ratio_atlas_r2_c2,$N_{cal}$ by $m$; fixed 10 anomalies,6,heatmap_cell,standard_conformal_bh,finite_k1,m_fixed_count,2.6989700043360187,1.7999999999999998,2.5,2.8494850021680094,1.7,1.9,500.0,test batch size $m$,0.1,500,,10.0,25,100,0.0,0.0,0.0,0.0,0.0,0.8927900303521317,1.0,0.7620689795918368,2500,finite_k1_m_fixed_count,empirical FDR / nominal alpha
tikz-v1,figure6_supp,fdr_ratio_atlas_r2_c2,$N_{cal}$ by $m$; fixed 10 anomalies,6,heatmap_cell,standard_conformal_bh,finite_k1,m_fixed_count,2.6989700043360187,2.0,2.5,2.8494850021680094,1.9,2.1,500.0,test batch size $m$,0.1,500,,10.0,25,100,0.0,0.0,0.0,0.0,0.0,0.6946486305533762,1.0,0.7608775510204082,2500,finite_k1_m_fixed_count,empirical FDR / nominal alpha
tikz-v1,figure6_supp,fdr_ratio_atlas_r2_c2,$N_{cal}$ by $m$; fixed 10 anomalies,6,heatmap_cell,standard_conformal_bh,finite_k1,m_fixed_count,2.6989700043360187,2.2,2.5,2.8494850021680094,2.1,2.3,500.0,test batch size $m$,0.1,500,,10.0,25,100,0.0,0.0,0.0,0.0,0.0,0.4975728800155673,1.0,0.7573222040816326,2500,finite_k1_m_fixed_count,empirical FDR / nominal alpha
tikz-v1,figure6_supp,fdr_ratio_atlas_r2_c2,$N_{cal}$ by $m$; fixed 10 anomalies,6,heatmap_cell,standard_conformal_bh,finite_k1,m_fixed_count,2.6989700043360187,2.4,2.5,2.8494850021680094,2.3,2.5,500.0,test batch size $m$,0.1,500,,10.0,25,100,0.0,0.0,0.0,0.0,0.0,0.29756946355447467,1.0,0.7602233469387755,2500,finite_k1_m_fixed_count,empirical FDR / nominal alpha
tikz-v1,figure6_supp,fdr_ratio_atlas_r2_c2,$N_{cal}$ by $m$; fixed 10 anomalies,6,heatmap_cell,standard_conformal_bh,finite_k1,m_fixed_count,2.6989700043360187,2.6,2.5,2.8494850021680094,2.5,2.7,500.0,test batch size $m$,0.1,500,,10.0,25,100,0.0,0.0,0.0,0.0,0.0,0.09799710864927055,1.0,0.7600884897959184,2500,finite_k1_m_fixed_count,empirical FDR / nominal alpha
tikz-v1,figure6_supp,fdr_ratio_atlas_r2_c2,$N_{cal}$ by $m$; fixed 10 anomalies,6,heatmap_cell,standard_conformal_bh,finite_k1,m_fixed_count,2.6989700043360187,2.8,2.5,2.8494850021680094,2.7,2.9,500.0,test batch size $m$,0.1,500,,10.0,25,100,0.03216666666666666,0.03216666666666666,0.00064,0.004,0.0032166666666666663,-0.10174707394636621,0.0,0.7615497142857143,2500,finite_k1_m_fixed_count,empirical FDR / nominal alpha
tikz-v1,figure6_supp,fdr_ratio_atlas_r2_c2,$N_{cal}$ by $m$; fixed 10 anomalies,6,heatmap_cell,standard_conformal_bh,finite_k1,m_fixed_count,2.6989700043360187,3.0,2.5,2.8494850021680094,2.9,3.0999999999999996,500.0,test batch size $m$,0.1,500,,10.0,25,100,0.0064,0.0064,8e-05,0.0008,0.00064,-0.3014640731432998,0.0,0.7583371428571428,2500,finite_k1_m_fixed_count,empirical FDR / nominal alpha
tikz-v1,figure6_supp,fdr_ratio_atlas_r2_c2,$N_{cal}$ by $m$; fixed 10 anomalies,6,heatmap_cell,standard_conformal_bh,finite_k1,m_fixed_count,2.6989700043360187,3.1999999999999997,2.5,2.8494850021680094,3.0999999999999996,3.3,500.0,test batch size $m$,0.1,500,,10.0,25,100,0.12951904761904762,0.12951904761904762,0.0016799999999999996,0.0164,0.012951904761904763,-0.5013331786455661,0.0,0.7616054693877552,2500,finite_k1_m_fixed_count,empirical FDR / nominal alpha
tikz-v1,figure6_supp,fdr_ratio_atlas_r2_c2,$N_{cal}$ by $m$; fixed 10 anomalies,6,heatmap_cell,standard_conformal_bh,finite_k1,m_fixed_count,2.6989700043360187,3.4,2.5,2.8494850021680094,3.3,3.5,500.0,test batch size $m$,0.1,500,,10.0,25,100,0.27219999999999994,0.27219999999999994,0.00212,0.0364,0.027219999999999998,-0.7012224842565572,0.0,0.758908,2500,finite_k1_m_fixed_count,empirical FDR / nominal alpha
tikz-v1,figure6_supp,fdr_ratio_atlas_r2_c2,$N_{cal}$ by $m$; fixed 10 anomalies,6,heatmap_cell,standard_conformal_bh,finite_k1,m_fixed_count,2.6989700043360187,3.6,2.5,2.8494850021680094,3.5,3.7,500.0,test batch size $m$,0.1,500,,10.0,25,100,0.2715238095238095,0.2715238095238095,0.0030800000000000003,0.0388,0.027152380952380952,-0.901131251355372,0.0,0.7612275918367347,2500,finite_k1_m_fixed_count,empirical FDR / nominal alpha
tikz-v1,figure6_supp,fdr_ratio_atlas_r2_c2,$N_{cal}$ by $m$; fixed 10 anomalies,6,heatmap_cell,standard_conformal_bh,finite_k1,m_fixed_count,2.6989700043360187,3.8,2.5,2.8494850021680094,3.7,3.8999999999999995,500.0,test batch size $m$,0.1,500,,10.0,25,100,0.7551666666666665,0.7551666666666665,0.00512,0.114,0.07551666666666666,-1.1011281758387568,0.0,0.7580459591836735,2500,finite_k1_m_fixed_count,empirical FDR / nominal alpha
tikz-v1,figure6_supp,fdr_ratio_atlas_r2_c2,$N_{cal}$ by $m$; fixed 10 anomalies,6,heatmap_cell,standard_conformal_bh,finite_k1,m_fixed_count,2.6989700043360187,3.9999999999999996,2.5,2.8494850021680094,3.8999999999999995,4.1,500.0,test batch size $m$,0.1,500,,10.0,25,100,0.8137999999999999,0.8137999999999999,0.006240000000000001,0.1288,0.08138,-1.3010734229408438,0.0,0.7594769795918368,2500,finite_k1_m_fixed_count,empirical FDR / nominal alpha
tikz-v1,figure6_supp,fdr_ratio_atlas_r2_c2,$N_{cal}$ by $m$; fixed 10 anomalies,6,heatmap_cell,standard_conformal_bh,finite_k1,m_fixed_count,3.0,1.4,2.8494850021680094,3.1505149978319906,1.3,1.5,1000.0,test batch size $m$,0.1,1000,,10.0,25,100,0.0,0.0,0.0,0.0,0.0,1.585026652029182,1.0,0.7607165252525252,2500,finite_k1_m_fixed_count,empirical FDR / nominal alpha
tikz-v1,figure6_supp,fdr_ratio_atlas_r2_c2,$N_{cal}$ by $m$; fixed 10 anomalies,6,heatmap_cell,standard_conformal_bh,finite_k1,m_fixed_count,3.0,1.6,2.8494850021680094,3.1505149978319906,1.5,1.7,1000.0,test batch size $m$,0.1,1000,,10.0,25,100,0.0,0.0,0.0,0.0,0.0,1.3872161432802645,1.0,0.7604200000000001,2500,finite_k1_m_fixed_count,empirical FDR / nominal alpha
tikz-v1,figure6_supp,fdr_ratio_atlas_r2_c2,$N_{cal}$ by $m$; fixed 10 anomalies,6,heatmap_cell,standard_conformal_bh,finite_k1,m_fixed_count,3.0,1.7999999999999998,2.8494850021680094,3.1505149978319906,1.7,1.9,1000.0,test batch size $m$,0.1,1000,,10.0,25,100,0.0,0.0,0.0,0.0,0.0,1.193820026016113,1.0,0.7602571717171717,2500,finite_k1_m_fixed_count,empirical FDR / nominal alpha
tikz-v1,figure6_supp,fdr_ratio_atlas_r2_c2,$N_{cal}$ by $m$; fixed 10 anomalies,6,heatmap_cell,standard_conformal_bh,finite_k1,m_fixed_count,3.0,2.0,2.8494850021680094,3.1505149978319906,1.9,2.1,1000.0,test batch size $m$,0.1,1000,,10.0,25,100,0.0,0.0,0.0,0.0,0.0,0.9956786262173575,1.0,0.7593654949494949,2500,finite_k1_m_fixed_count,empirical FDR / nominal alpha
tikz-v1,figure6_supp,fdr_ratio_atlas_r2_c2,$N_{cal}$ by $m$; fixed 10 anomalies,6,heatmap_cell,standard_conformal_bh,finite_k1,m_fixed_count,3.0,2.2,2.8494850021680094,3.1505149978319906,2.1,2.3,1000.0,test batch size $m$,0.1,1000,,10.0,25,100,0.0,0.0,0.0,0.0,0.0,0.7986028756795486,1.0,0.7579218585858586,2500,finite_k1_m_fixed_count,empirical FDR / nominal alpha
tikz-v1,figure6_supp,fdr_ratio_atlas_r2_c2,$N_{cal}$ by $m$; fixed 10 anomalies,6,heatmap_cell,standard_conformal_bh,finite_k1,m_fixed_count,3.0,2.4,2.8494850021680094,3.1505149978319906,2.3,2.5,1000.0,test batch size $m$,0.1,1000,,10.0,25,100,0.0,0.0,0.0,0.0,0.0,0.5985994592184559,1.0,0.7597571717171717,2500,finite_k1_m_fixed_count,empirical FDR / nominal alpha
tikz-v1,figure6_supp,fdr_ratio_atlas_r2_c2,$N_{cal}$ by $m$; fixed 10 anomalies,6,heatmap_cell,standard_conformal_bh,finite_k1,m_fixed_count,3.0,2.6,2.8494850021680094,3.1505149978319906,2.5,2.7,1000.0,test batch size $m$,0.1,1000,,10.0,25,100,0.0,0.0,0.0,0.0,0.0,0.3990271043132517,1.0,0.7599352323232322,2500,finite_k1_m_fixed_count,empirical FDR / nominal alpha
tikz-v1,figure6_supp,fdr_ratio_atlas_r2_c2,$N_{cal}$ by $m$; fixed 10 anomalies,6,heatmap_cell,standard_conformal_bh,finite_k1,m_fixed_count,3.0,2.8,2.8494850021680094,3.1505149978319906,2.7,2.9,1000.0,test batch size $m$,0.1,1000,,10.0,25,100,0.0075,0.0075,8e-05,0.0008,0.00075,0.199282921717615,1.0,0.759750707070707,2500,finite_k1_m_fixed_count,empirical FDR / nominal alpha
tikz-v1,figure6_supp,fdr_ratio_atlas_r2_c2,$N_{cal}$ by $m$; fixed 10 anomalies,6,heatmap_cell,standard_conformal_bh,finite_k1,m_fixed_count,3.0,3.0,2.8494850021680094,3.1505149978319906,2.9,3.0999999999999996,1000.0,test batch size $m$,0.1,1000,,10.0,25,100,0.0,0.0,0.0,0.0,0.0,-0.00043407747931862597,0.0,0.7609988282828283,2500,finite_k1_m_fixed_count,empirical FDR / nominal alpha
tikz-v1,figure6_supp,fdr_ratio_atlas_r2_c2,$N_{cal}$ by $m$; fixed 10 anomalies,6,heatmap_cell,standard_conformal_bh,finite_k1,m_fixed_count,3.0,3.1999999999999997,2.8494850021680094,3.1505149978319906,3.0999999999999996,3.3,1000.0,test batch size $m$,0.1,1000,,10.0,25,100,0.0034285714285714284,0.0034285714285714284,4e-05,0.0004,0.00034285714285714285,-0.20030318298158498,0.0,0.7593059797979799,2500,finite_k1_m_fixed_count,empirical FDR / nominal alpha
tikz-v1,figure6_supp,fdr_ratio_atlas_r2_c2,$N_{cal}$ by $m$; fixed 10 anomalies,6,heatmap_cell,standard_conformal_bh,finite_k1,m_fixed_count,3.0,3.4,2.8494850021680094,3.1505149978319906,3.3,3.5,1000.0,test batch size $m$,0.1,1000,,10.0,25,100,0.05979523809523808,0.05979523809523808,0.00068,0.0072,0.005979523809523809,-0.400192488592576,0.0,0.7613792727272728,2500,finite_k1_m_fixed_count,empirical FDR / nominal alpha
tikz-v1,figure6_supp,fdr_ratio_atlas_r2_c2,$N_{cal}$ by $m$; fixed 10 anomalies,6,heatmap_cell,standard_conformal_bh,finite_k1,m_fixed_count,3.0,3.6,2.8494850021680094,3.1505149978319906,3.5,3.7,1000.0,test batch size $m$,0.1,1000,,10.0,25,100,0.0482,0.0482,0.0004,0.006,0.0048200000000000005,-0.6001012556913907,0.0,0.7606712323232323,2500,finite_k1_m_fixed_count,empirical FDR / nominal alpha
tikz-v1,figure6_supp,fdr_ratio_atlas_r2_c2,$N_{cal}$ by $m$; fixed 10 anomalies,6,heatmap_cell,standard_conformal_bh,finite_k1,m_fixed_count,3.0,3.8,2.8494850021680094,3.1505149978319906,3.7,3.8999999999999995,1000.0,test batch size $m$,0.1,1000,,10.0,25,100,0.15319999999999998,0.15319999999999998,0.00056,0.018,0.015319999999999999,-0.8000981801747756,0.0,0.7627527676767677,2500,finite_k1_m_fixed_count,empirical FDR / nominal alpha
tikz-v1,figure6_supp,fdr_ratio_atlas_r2_c2,$N_{cal}$ by $m$; fixed 10 anomalies,6,heatmap_cell,standard_conformal_bh,finite_k1,m_fixed_count,3.0,3.9999999999999996,2.8494850021680094,3.1505149978319906,3.8999999999999995,4.1,1000.0,test batch size $m$,0.1,1000,,10.0,25,100,0.9099999999999999,0.9099999999999999,0.0044,0.122,0.091,-1.0000434272768626,0.0,0.7603827070707071,2500,finite_k1_m_fixed_count,empirical FDR / nominal alpha
tikz-v1,figure6_supp,fdr_ratio_atlas_r2_c2,$N_{cal}$ by $m$; fixed 10 anomalies,6,heatmap_cell,standard_conformal_bh,finite_k1,m_fixed_count,3.3010299956639813,1.4,3.1505149978319906,3.451544993495972,1.3,1.5,2000.0,test batch size $m$,0.1,2000,,10.0,25,100,0.0,0.0,0.0,0.0,0.0,1.8860566476931633,1.0,0.7584008442211055,2500,finite_k1_m_fixed_count,empirical FDR / nominal alpha
tikz-v1,figure6_supp,fdr_ratio_atlas_r2_c2,$N_{cal}$ by $m$; fixed 10 anomalies,6,heatmap_cell,standard_conformal_bh,finite_k1,m_fixed_count,3.3010299956639813,1.6,3.1505149978319906,3.451544993495972,1.5,1.7,2000.0,test batch size $m$,0.1,2000,,10.0,25,100,0.0,0.0,0.0,0.0,0.0,1.6882461389442458,1.0,0.759218552763819,2500,finite_k1_m_fixed_count,empirical FDR / nominal alpha
tikz-v1,figure6_supp,fdr_ratio_atlas_r2_c2,$N_{cal}$ by $m$; fixed 10 anomalies,6,heatmap_cell,standard_conformal_bh,finite_k1,m_fixed_count,3.3010299956639813,1.7999999999999998,3.1505149978319906,3.451544993495972,1.7,1.9,2000.0,test batch size $m$,0.1,2000,,10.0,25,100,0.0,0.0,0.0,0.0,0.0,1.494850021680094,1.0,0.7625869748743719,2500,finite_k1_m_fixed_count,empirical FDR / nominal alpha
tikz-v1,figure6_supp,fdr_ratio_atlas_r2_c2,$N_{cal}$ by $m$; fixed 10 anomalies,6,heatmap_cell,standard_conformal_bh,finite_k1,m_fixed_count,3.3010299956639813,2.0,3.1505149978319906,3.451544993495972,1.9,2.1,2000.0,test batch size $m$,0.1,2000,,10.0,25,100,0.0,0.0,0.0,0.0,0.0,1.2967086218813386,1.0,0.7610145929648242,2500,finite_k1_m_fixed_count,empirical FDR / nominal alpha
tikz-v1,figure6_supp,fdr_ratio_atlas_r2_c2,$N_{cal}$ by $m$; fixed 10 anomalies,6,heatmap_cell,standard_conformal_bh,finite_k1,m_fixed_count,3.3010299956639813,2.2,3.1505149978319906,3.451544993495972,2.1,2.3,2000.0,test batch size $m$,0.1,2000,,10.0,25,100,0.0,0.0,0.0,0.0,0.0,1.0996328713435297,1.0,0.7590776683417085,2500,finite_k1_m_fixed_count,empirical FDR / nominal alpha
tikz-v1,figure6_supp,fdr_ratio_atlas_r2_c2,$N_{cal}$ by $m$; fixed 10 anomalies,6,heatmap_cell,standard_conformal_bh,finite_k1,m_fixed_count,3.3010299956639813,2.4,3.1505149978319906,3.451544993495972,2.3,2.5,2000.0,test batch size $m$,0.1,2000,,10.0,25,100,0.0,0.0,0.0,0.0,0.0,0.8996294548824371,1.0,0.761907336683417,2500,finite_k1_m_fixed_count,empirical FDR / nominal alpha
tikz-v1,figure6_supp,fdr_ratio_atlas_r2_c2,$N_{cal}$ by $m$; fixed 10 anomalies,6,heatmap_cell,standard_conformal_bh,finite_k1,m_fixed_count,3.3010299956639813,2.6,3.1505149978319906,3.451544993495972,2.5,2.7,2000.0,test batch size $m$,0.1,2000,,10.0,25,100,0.0,0.0,0.0,0.0,0.0,0.700057099977233,1.0,0.7595093869346733,2500,finite_k1_m_fixed_count,empirical FDR / nominal alpha
tikz-v1,figure6_supp,fdr_ratio_atlas_r2_c2,$N_{cal}$ by $m$; fixed 10 anomalies,6,heatmap_cell,standard_conformal_bh,finite_k1,m_fixed_count,3.3010299956639813,2.8,3.1505149978319906,3.451544993495972,2.7,2.9,2000.0,test batch size $m$,0.1,2000,,10.0,25,100,0.0,0.0,0.0,0.0,0.0,0.5003129173815962,1.0,0.7646055879396985,2500,finite_k1_m_fixed_count,empirical FDR / nominal alpha
tikz-v1,figure6_supp,fdr_ratio_atlas_r2_c2,$N_{cal}$ by $m$; fixed 10 anomalies,6,heatmap_cell,standard_conformal_bh,finite_k1,m_fixed_count,3.3010299956639813,3.0,3.1505149978319906,3.451544993495972,2.9,3.0999999999999996,2000.0,test batch size $m$,0.1,2000,,10.0,25,100,0.0,0.0,0.0,0.0,0.0,0.3005959181846626,1.0,0.7578484623115579,2500,finite_k1_m_fixed_count,empirical FDR / nominal alpha
tikz-v1,figure6_supp,fdr_ratio_atlas_r2_c2,$N_{cal}$ by $m$; fixed 10 anomalies,6,heatmap_cell,standard_conformal_bh,finite_k1,m_fixed_count,3.3010299956639813,3.1999999999999997,3.1505149978319906,3.451544993495972,3.0999999999999996,3.3,2000.0,test batch size $m$,0.1,2000,,10.0,25,100,0.0,0.0,0.0,0.0,0.0,0.10072681268239621,1.0,0.7596682412060302,2500,finite_k1_m_fixed_count,empirical FDR / nominal alpha
tikz-v1,figure6_supp,fdr_ratio_atlas_r2_c2,$N_{cal}$ by $m$; fixed 10 anomalies,6,heatmap_cell,standard_conformal_bh,finite_k1,m_fixed_count,3.3010299956639813,3.4,3.1505149978319906,3.451544993495972,3.3,3.5,2000.0,test batch size $m$,0.1,2000,,10.0,25,100,0.015499999999999998,0.015499999999999998,4e-05,0.0016,0.00155,-0.09916249292859479,0.0,0.7624321005025125,2500,finite_k1_m_fixed_count,empirical FDR / nominal alpha
tikz-v1,figure6_supp,fdr_ratio_atlas_r2_c2,$N_{cal}$ by $m$; fixed 10 anomalies,6,heatmap_cell,standard_conformal_bh,finite_k1,m_fixed_count,3.3010299956639813,3.6,3.1505149978319906,3.451544993495972,3.5,3.7,2000.0,test batch size $m$,0.1,2000,,10.0,25,100,0.007333333333333333,0.007333333333333333,4e-05,0.0008,0.0007333333333333333,-0.2990712600274095,0.0,0.7604252261306532,2500,finite_k1_m_fixed_count,empirical FDR / nominal alpha
tikz-v1,figure6_supp,fdr_ratio_atlas_r2_c2,$N_{cal}$ by $m$; fixed 10 anomalies,6,heatmap_cell,standard_conformal_bh,finite_k1,m_fixed_count,3.3010299956639813,3.8,3.1505149978319906,3.451544993495972,3.7,3.8999999999999995,2000.0,test batch size $m$,0.1,2000,,10.0,25,100,0.11876190476190475,0.11876190476190475,0.00044,0.0128,0.011876190476190476,-0.4990681845107945,0.0,0.7610316381909548,2500,finite_k1_m_fixed_count,empirical FDR / nominal alpha
tikz-v1,figure6_supp,fdr_ratio_atlas_r2_c2,$N_{cal}$ by $m$; fixed 10 anomalies,6,heatmap_cell,standard_conformal_bh,finite_k1,m_fixed_count,3.3010299956639813,3.9999999999999996,3.1505149978319906,3.451544993495972,3.8999999999999995,4.1,2000.0,test batch size $m$,0.1,2000,,10.0,25,100,0.23800000000000002,0.23800000000000002,0.00076,0.0272,0.0238,-0.6990134316128814,0.0,0.7585179698492462,2500,finite_k1_m_fixed_count,empirical FDR / nominal alpha
tikz-v1,figure6_supp,fdr_ratio_atlas_r2_c1,$N_{cal}$ by $m$; fixed $\pi_1=0.05$,5,heatmap_cell,standard_conformal_bh,finite_k1,m_fixed_pi,1.6989700043360187,1.4,1.5484550065040281,1.8494850021680094,1.3,1.5,50.0,test batch size $m$,0.1,50,0.05,,25,100,0.0,0.0,0.0,0.0,0.0,0.9829666607012196,1.0,0.754075,2500,finite_k1_m_fixed_pi,empirical FDR / nominal alpha
tikz-v1,figure6_supp,fdr_ratio_atlas_r2_c1,$N_{cal}$ by $m$; fixed $\pi_1=0.05$,5,heatmap_cell,standard_conformal_bh,finite_k1,m_fixed_pi,1.6989700043360187,1.6,1.5484550065040281,1.8494850021680094,1.5,1.7,50.0,test batch size $m$,0.1,50,0.05,,25,100,0.0,0.0,0.0,0.0,0.0,0.7851561519523022,1.0,0.7633291666666667,2500,finite_k1_m_fixed_pi,empirical FDR / nominal alpha
tikz-v1,figure6_supp,fdr_ratio_atlas_r2_c1,$N_{cal}$ by $m$; fixed $\pi_1=0.05$,5,heatmap_cell,standard_conformal_bh,finite_k1,m_fixed_pi,1.6989700043360187,1.7999999999999998,1.5484550065040281,1.8494850021680094,1.7,1.9,50.0,test batch size $m$,0.1,50,0.05,,25,100,0.0,0.0,0.0,0.0,0.0,0.5917600346881504,1.0,0.7574041666666667,2500,finite_k1_m_fixed_pi,empirical FDR / nominal alpha
tikz-v1,figure6_supp,fdr_ratio_atlas_r2_c1,$N_{cal}$ by $m$; fixed $\pi_1=0.05$,5,heatmap_cell,standard_conformal_bh,finite_k1,m_fixed_pi,1.6989700043360187,2.0,1.5484550065040281,1.8494850021680094,1.9,2.1,50.0,test batch size $m$,0.1,50,0.05,,25,100,0.0128,0.0128,0.0008,0.0016,0.00128,0.393618634889395,1.0,0.7553,2500,finite_k1_m_fixed_pi,empirical FDR / nominal alpha
tikz-v1,figure6_supp,fdr_ratio_atlas_r2_c1,$N_{cal}$ by $m$; fixed $\pi_1=0.05$,5,heatmap_cell,standard_conformal_bh,finite_k1,m_fixed_pi,1.6989700043360187,2.2,1.5484550065040281,1.8494850021680094,2.1,2.3,50.0,test batch size $m$,0.1,50,0.05,,25,100,0.07532380952380953,0.07532380952380953,0.0058,0.01,0.007532380952380953,0.19654288435158615,1.0,0.7626375,2500,finite_k1_m_fixed_pi,empirical FDR / nominal alpha
tikz-v1,figure6_supp,fdr_ratio_atlas_r2_c1,$N_{cal}$ by $m$; fixed $\pi_1=0.05$,5,heatmap_cell,standard_conformal_bh,finite_k1,m_fixed_pi,1.6989700043360187,2.4,1.5484550065040281,1.8494850021680094,2.3,2.5,50.0,test batch size $m$,0.1,50,0.05,,25,100,0.3721999999999999,0.3721999999999999,0.0152,0.0504,0.037219999999999996,-0.0034605321095065224,0.0,0.7604458333333334,2500,finite_k1_m_fixed_pi,empirical FDR / nominal alpha
tikz-v1,figure6_supp,fdr_ratio_atlas_r2_c1,$N_{cal}$ by $m$; fixed $\pi_1=0.05$,5,heatmap_cell,standard_conformal_bh,finite_k1,m_fixed_pi,1.6989700043360187,2.6,1.5484550065040281,1.8494850021680094,2.5,2.7,50.0,test batch size $m$,0.1,50,0.05,,25,100,0.1976,0.1976,0.0106,0.0284,0.01976,-0.20303288701471064,0.0,0.7581125,2500,finite_k1_m_fixed_pi,empirical FDR / nominal alpha
tikz-v1,figure6_supp,fdr_ratio_atlas_r2_c1,$N_{cal}$ by $m$; fixed $\pi_1=0.05$,5,heatmap_cell,standard_conformal_bh,finite_k1,m_fixed_pi,1.6989700043360187,2.8,1.5484550065040281,1.8494850021680094,2.7,2.9,50.0,test batch size $m$,0.1,50,0.05,,25,100,0.9976666666666665,0.9976666666666665,0.0364,0.1584,0.09976666666666666,-0.4027770696103474,0.0,0.7627208333333334,2500,finite_k1_m_fixed_pi,empirical FDR / nominal alpha
tikz-v1,figure6_supp,fdr_ratio_atlas_r2_c1,$N_{cal}$ by $m$; fixed $\pi_1=0.05$,5,heatmap_cell,standard_conformal_bh,finite_k1,m_fixed_pi,1.6989700043360187,3.0,1.5484550065040281,1.8494850021680094,2.9,3.0999999999999996,50.0,test batch size $m$,0.1,50,0.05,,25,100,0.9288888888888889,0.9288888888888889,0.0334,0.146,0.0928888888888889,-0.6024940688072811,0.0,0.7622375,2500,finite_k1_m_fixed_pi,empirical FDR / nominal alpha
tikz-v1,figure6_supp,fdr_ratio_atlas_r2_c1,$N_{cal}$ by $m$; fixed $\pi_1=0.05$,5,heatmap_cell,standard_conformal_bh,finite_k1,m_fixed_pi,1.6989700043360187,3.1999999999999997,1.5484550065040281,1.8494850021680094,3.0999999999999996,3.3,50.0,test batch size $m$,0.1,50,0.05,,25,100,0.9111999999999999,0.9111999999999999,0.034,0.1488,0.09111999999999999,-0.8023631743095474,0.0,0.7634083333333334,2500,finite_k1_m_fixed_pi,empirical FDR / nominal alpha
tikz-v1,figure6_supp,fdr_ratio_atlas_r2_c1,$N_{cal}$ by $m$; fixed $\pi_1=0.05$,5,heatmap_cell,standard_conformal_bh,finite_k1,m_fixed_pi,1.6989700043360187,3.4,1.5484550065040281,1.8494850021680094,3.3,3.5,50.0,test batch size $m$,0.1,50,0.05,,25,100,0.8187619047619047,0.8187619047619047,0.032,0.1348,0.08187619047619048,-1.0022524799205383,0.0,0.75945,2500,finite_k1_m_fixed_pi,empirical FDR / nominal alpha
tikz-v1,figure6_supp,fdr_ratio_atlas_r2_c1,$N_{cal}$ by $m$; fixed $\pi_1=0.05$,5,heatmap_cell,standard_conformal_bh,finite_k1,m_fixed_pi,1.6989700043360187,3.6,1.5484550065040281,1.8494850021680094,3.5,3.7,50.0,test batch size $m$,0.1,50,0.05,,25,100,0.8183333333333332,0.8183333333333332,0.0282,0.1296,0.08183333333333333,-1.2021612470193532,0.0,0.7632,2500,finite_k1_m_fixed_pi,empirical FDR / nominal alpha
tikz-v1,figure6_supp,fdr_ratio_atlas_r2_c1,$N_{cal}$ by $m$; fixed $\pi_1=0.05$,5,heatmap_cell,standard_conformal_bh,finite_k1,m_fixed_pi,1.6989700043360187,3.8,1.5484550065040281,1.8494850021680094,3.7,3.8999999999999995,50.0,test batch size $m$,0.1,50,0.05,,25,100,0.9095999999999999,0.9095999999999999,0.0332,0.1428,0.09095999999999999,-1.402158171502738,0.0,0.7653666666666666,2500,finite_k1_m_fixed_pi,empirical FDR / nominal alpha
tikz-v1,figure6_supp,fdr_ratio_atlas_r2_c1,$N_{cal}$ by $m$; fixed $\pi_1=0.05$,5,heatmap_cell,standard_conformal_bh,finite_k1,m_fixed_pi,1.6989700043360187,3.9999999999999996,1.5484550065040281,1.8494850021680094,3.8999999999999995,4.1,50.0,test batch size $m$,0.1,50,0.05,,25,100,0.8866666666666665,0.8866666666666665,0.0258,0.13,0.08866666666666666,-1.602103418604825,0.0,0.7603625,2500,finite_k1_m_fixed_pi,empirical FDR / nominal alpha
tikz-v1,figure6_supp,fdr_ratio_atlas_r2_c1,$N_{cal}$ by $m$; fixed $\pi_1=0.05$,5,heatmap_cell,standard_conformal_bh,finite_k1,m_fixed_pi,2.0,1.4,1.8494850021680094,2.1505149978319906,1.3,1.5,100.0,test batch size $m$,0.1,100,0.05,,25,100,0.0,0.0,0.0,0.0,0.0,0.8860566476931633,1.0,0.7596446315789473,2500,finite_k1_m_fixed_pi,empirical FDR / nominal alpha
tikz-v1,figure6_supp,fdr_ratio_atlas_r2_c1,$N_{cal}$ by $m$; fixed $\pi_1=0.05$,5,heatmap_cell,standard_conformal_bh,finite_k1,m_fixed_pi,2.0,1.6,1.8494850021680094,2.1505149978319906,1.5,1.7,100.0,test batch size $m$,0.1,100,0.05,,25,100,0.0,0.0,0.0,0.0,0.0,0.6882461389442457,1.0,0.7594753684210527,2500,finite_k1_m_fixed_pi,empirical FDR / nominal alpha
tikz-v1,figure6_supp,fdr_ratio_atlas_r2_c1,$N_{cal}$ by $m$; fixed $\pi_1=0.05$,5,heatmap_cell,standard_conformal_bh,finite_k1,m_fixed_pi,2.0,1.7999999999999998,1.8494850021680094,2.1505149978319906,1.7,1.9,100.0,test batch size $m$,0.1,100,0.05,,25,100,0.0,0.0,0.0,0.0,0.0,0.494850021680094,1.0,0.7606341052631579,2500,finite_k1_m_fixed_pi,empirical FDR / nominal alpha
tikz-v1,figure6_supp,fdr_ratio_atlas_r2_c1,$N_{cal}$ by $m$; fixed $\pi_1=0.05$,5,heatmap_cell,standard_conformal_bh,finite_k1,m_fixed_pi,2.0,2.0,1.8494850021680094,2.1505149978319906,1.9,2.1,100.0,test batch size $m$,0.1,100,0.05,,25,100,0.028366433566433563,0.028366433566433563,0.0016,0.0036,0.0028366433566433566,0.2967086218813386,1.0,0.7614728421052632,2500,finite_k1_m_fixed_pi,empirical FDR / nominal alpha
tikz-v1,figure6_supp,fdr_ratio_atlas_r2_c1,$N_{cal}$ by $m$; fixed $\pi_1=0.05$,5,heatmap_cell,standard_conformal_bh,finite_k1,m_fixed_pi,2.0,2.2,1.8494850021680094,2.1505149978319906,2.1,2.3,100.0,test batch size $m$,0.1,100,0.05,,25,100,0.0,0.0,0.0,0.0,0.0,0.09963287134352969,1.0,0.7585136842105263,2500,finite_k1_m_fixed_pi,empirical FDR / nominal alpha
tikz-v1,figure6_supp,fdr_ratio_atlas_r2_c1,$N_{cal}$ by $m$; fixed $\pi_1=0.05$,5,heatmap_cell,standard_conformal_bh,finite_k1,m_fixed_pi,2.0,2.4,1.8494850021680094,2.1505149978319906,2.3,2.5,100.0,test batch size $m$,0.1,100,0.05,,25,100,0.2725396825396825,0.2725396825396825,0.009600000000000001,0.0368,0.027253968253968253,-0.10037054511756292,0.0,0.7575376842105263,2500,finite_k1_m_fixed_pi,empirical FDR / nominal alpha
tikz-v1,figure6_supp,fdr_ratio_atlas_r2_c1,$N_{cal}$ by $m$; fixed $\pi_1=0.05$,5,heatmap_cell,standard_conformal_bh,finite_k1,m_fixed_pi,2.0,2.6,1.8494850021680094,2.1505149978319906,2.5,2.7,100.0,test batch size $m$,0.1,100,0.05,,25,100,0.13068571428571427,0.13068571428571427,0.004640000000000001,0.0196,0.013068571428571428,-0.2999429000227671,0.0,0.7619983157894736,2500,finite_k1_m_fixed_pi,empirical FDR / nominal alpha
tikz-v1,figure6_supp,fdr_ratio_atlas_r2_c1,$N_{cal}$ by $m$; fixed $\pi_1=0.05$,5,heatmap_cell,standard_conformal_bh,finite_k1,m_fixed_pi,2.0,2.8,1.8494850021680094,2.1505149978319906,2.7,2.9,100.0,test batch size $m$,0.1,100,0.05,,25,100,0.23921904761904758,0.23921904761904758,0.00824,0.0408,0.02392190476190476,-0.4996870826184039,0.0,0.763296,2500,finite_k1_m_fixed_pi,empirical FDR / nominal alpha
tikz-v1,figure6_supp,fdr_ratio_atlas_r2_c1,$N_{cal}$ by $m$; fixed $\pi_1=0.05$,5,heatmap_cell,standard_conformal_bh,finite_k1,m_fixed_pi,2.0,3.0,1.8494850021680094,2.1505149978319906,2.9,3.0999999999999996,100.0,test batch size $m$,0.1,100,0.05,,25,100,1.0805333333333333,1.0805333333333333,0.02592,0.1944,0.10805333333333333,-0.6994040818153374,0.0,0.7604471578947368,2500,finite_k1_m_fixed_pi,empirical FDR / nominal alpha
tikz-v1,figure6_supp,fdr_ratio_atlas_r2_c1,$N_{cal}$ by $m$; fixed $\pi_1=0.05$,5,heatmap_cell,standard_conformal_bh,finite_k1,m_fixed_pi,2.0,3.1999999999999997,1.8494850021680094,2.1505149978319906,3.0999999999999996,3.3,100.0,test batch size $m$,0.1,100,0.05,,25,100,0.7370666666666665,0.7370666666666665,0.0204,0.1484,0.07370666666666666,-0.8992731873176038,0.0,0.7578972631578946,2500,finite_k1_m_fixed_pi,empirical FDR / nominal alpha
tikz-v1,figure6_supp,fdr_ratio_atlas_r2_c1,$N_{cal}$ by $m$; fixed $\pi_1=0.05$,5,heatmap_cell,standard_conformal_bh,finite_k1,m_fixed_pi,2.0,3.4,1.8494850021680094,2.1505149978319906,3.3,3.5,100.0,test batch size $m$,0.1,100,0.05,,25,100,0.9403999999999999,0.9403999999999999,0.02016,0.1636,0.09404,-1.0991624929285948,0.0,0.7572985263157894,2500,finite_k1_m_fixed_pi,empirical FDR / nominal alpha
tikz-v1,figure6_supp,fdr_ratio_atlas_r2_c1,$N_{cal}$ by $m$; fixed $\pi_1=0.05$,5,heatmap_cell,standard_conformal_bh,finite_k1,m_fixed_pi,2.0,3.6,1.8494850021680094,2.1505149978319906,3.5,3.7,100.0,test batch size $m$,0.1,100,0.05,,25,100,0.8399999999999999,0.8399999999999999,0.01768,0.1476,0.08399999999999999,-1.2990712600274095,0.0,0.7615107368421054,2500,finite_k1_m_fixed_pi,empirical FDR / nominal alpha
tikz-v1,figure6_supp,fdr_ratio_atlas_r2_c1,$N_{cal}$ by $m$; fixed $\pi_1=0.05$,5,heatmap_cell,standard_conformal_bh,finite_k1,m_fixed_pi,2.0,3.8,1.8494850021680094,2.1505149978319906,3.7,3.8999999999999995,100.0,test batch size $m$,0.1,100,0.05,,25,100,0.8361333333333332,0.8361333333333332,0.02392,0.1748,0.08361333333333332,-1.4990681845107945,0.0,0.759594947368421,2500,finite_k1_m_fixed_pi,empirical FDR / nominal alpha
tikz-v1,figure6_supp,fdr_ratio_atlas_r2_c1,$N_{cal}$ by $m$; fixed $\pi_1=0.05$,5,heatmap_cell,standard_conformal_bh,finite_k1,m_fixed_pi,2.0,3.9999999999999996,1.8494850021680094,2.1505149978319906,3.8999999999999995,4.1,100.0,test batch size $m$,0.1,100,0.05,,25,100,1.0079333333333333,1.0079333333333333,0.024720000000000002,0.1888,0.10079333333333335,-1.6990134316128815,0.0,0.7634357894736843,2500,finite_k1_m_fixed_pi,empirical FDR / nominal alpha
tikz-v1,figure6_supp,fdr_ratio_atlas_r2_c1,$N_{cal}$ by $m$; fixed $\pi_1=0.05$,5,heatmap_cell,standard_conformal_bh,finite_k1,m_fixed_pi,2.3010299956639813,1.4,2.1505149978319906,2.5,1.3,1.5,200.0,test batch size $m$,0.1,200,0.05,,25,100,0.0,0.0,0.0,0.0,0.0,0.8860566476931633,1.0,0.7620553684210527,2500,finite_k1_m_fixed_pi,empirical FDR / nominal alpha
tikz-v1,figure6_supp,fdr_ratio_atlas_r2_c1,$N_{cal}$ by $m$; fixed $\pi_1=0.05$,5,heatmap_cell,standard_conformal_bh,finite_k1,m_fixed_pi,2.3010299956639813,1.6,2.1505149978319906,2.5,1.5,1.7,200.0,test batch size $m$,0.1,200,0.05,,25,100,0.0,0.0,0.0,0.0,0.0,0.6882461389442457,1.0,0.7596913684210527,2500,finite_k1_m_fixed_pi,empirical FDR / nominal alpha
tikz-v1,figure6_supp,fdr_ratio_atlas_r2_c1,$N_{cal}$ by $m$; fixed $\pi_1=0.05$,5,heatmap_cell,standard_conformal_bh,finite_k1,m_fixed_pi,2.3010299956639813,1.7999999999999998,2.1505149978319906,2.5,1.7,1.9,200.0,test batch size $m$,0.1,200,0.05,,25,100,0.0,0.0,0.0,0.0,0.0,0.494850021680094,1.0,0.7625014736842106,2500,finite_k1_m_fixed_pi,empirical FDR / nominal alpha
tikz-v1,figure6_supp,fdr_ratio_atlas_r2_c1,$N_{cal}$ by $m$; fixed $\pi_1=0.05$,5,heatmap_cell,standard_conformal_bh,finite_k1,m_fixed_pi,2.3010299956639813,2.0,2.1505149978319906,2.5,1.9,2.1,200.0,test batch size $m$,0.1,200,0.05,,25,100,0.0,0.0,0.0,0.0,0.0,0.2967086218813386,1.0,0.7593871578947368,2500,finite_k1_m_fixed_pi,empirical FDR / nominal alpha
tikz-v1,figure6_supp,fdr_ratio_atlas_r2_c1,$N_{cal}$ by $m$; fixed $\pi_1=0.05$,5,heatmap_cell,standard_conformal_bh,finite_k1,m_fixed_pi,2.3010299956639813,2.2,2.1505149978319906,2.5,2.1,2.3,200.0,test batch size $m$,0.1,200,0.05,,25,100,0.0,0.0,0.0,0.0,0.0,0.09963287134352969,1.0,0.7591835789473683,2500,finite_k1_m_fixed_pi,empirical FDR / nominal alpha
tikz-v1,figure6_supp,fdr_ratio_atlas_r2_c1,$N_{cal}$ by $m$; fixed $\pi_1=0.05$,5,heatmap_cell,standard_conformal_bh,finite_k1,m_fixed_pi,2.3010299956639813,2.4,2.1505149978319906,2.5,2.3,2.5,200.0,test batch size $m$,0.1,200,0.05,,25,100,0.0055,0.0055,0.0002,0.0008,0.00055,-0.10037054511756292,0.0,0.758933052631579,2500,finite_k1_m_fixed_pi,empirical FDR / nominal alpha
tikz-v1,figure6_supp,fdr_ratio_atlas_r2_c1,$N_{cal}$ by $m$; fixed $\pi_1=0.05$,5,heatmap_cell,standard_conformal_bh,finite_k1,m_fixed_pi,2.3010299956639813,2.6,2.1505149978319906,2.5,2.5,2.7,200.0,test batch size $m$,0.1,200,0.05,,25,100,0.021547619047619045,0.021547619047619045,0.0006799999999999999,0.0032,0.0021547619047619045,-0.2999429000227671,0.0,0.7609345263157895,2500,finite_k1_m_fixed_pi,empirical FDR / nominal alpha
tikz-v1,figure6_supp,fdr_ratio_atlas_r2_c1,$N_{cal}$ by $m$; fixed $\pi_1=0.05$,5,heatmap_cell,standard_conformal_bh,finite_k1,m_fixed_pi,2.3010299956639813,2.8,2.1505149978319906,2.5,2.7,2.9,200.0,test batch size $m$,0.1,200,0.05,,25,100,0.06895714285714286,0.06895714285714286,0.0018399999999999998,0.0104,0.006895714285714285,-0.4996870826184039,0.0,0.7619555789473684,2500,finite_k1_m_fixed_pi,empirical FDR / nominal alpha
tikz-v1,figure6_supp,fdr_ratio_atlas_r2_c1,$N_{cal}$ by $m$; fixed $\pi_1=0.05$,5,heatmap_cell,standard_conformal_bh,finite_k1,m_fixed_pi,2.3010299956639813,3.0,2.1505149978319906,2.5,2.9,3.0999999999999996,200.0,test batch size $m$,0.1,200,0.05,,25,100,0.8342857142857142,0.8342857142857142,0.014520000000000002,0.1396,0.08342857142857142,-0.6994040818153374,0.0,0.7606164210526316,2500,finite_k1_m_fixed_pi,empirical FDR / nominal alpha
tikz-v1,figure6_supp,fdr_ratio_atlas_r2_c1,$N_{cal}$ by $m$; fixed $\pi_1=0.05$,5,heatmap_cell,standard_conformal_bh,finite_k1,m_fixed_pi,2.3010299956639813,3.1999999999999997,2.1505149978319906,2.5,3.0999999999999996,3.3,200.0,test batch size $m$,0.1,200,0.05,,25,100,0.23808253968253967,0.23808253968253967,0.006480000000000001,0.0484,0.023808253968253968,-0.8992731873176038,0.0,0.7602602105263158,2500,finite_k1_m_fixed_pi,empirical FDR / nominal alpha
tikz-v1,figure6_supp,fdr_ratio_atlas_r2_c1,$N_{cal}$ by $m$; fixed $\pi_1=0.05$,5,heatmap_cell,standard_conformal_bh,finite_k1,m_fixed_pi,2.3010299956639813,3.4,2.1505149978319906,2.5,3.3,3.5,200.0,test batch size $m$,0.1,200,0.05,,25,100,0.6658857142857144,0.6658857142857144,0.00788,0.122,0.06658857142857144,-1.0991624929285948,0.0,0.7587029473684209,2500,finite_k1_m_fixed_pi,empirical FDR / nominal alpha
tikz-v1,figure6_supp,fdr_ratio_atlas_r2_c1,$N_{cal}$ by $m$; fixed $\pi_1=0.05$,5,heatmap_cell,standard_conformal_bh,finite_k1,m_fixed_pi,2.3010299956639813,3.6,2.1505149978319906,2.5,3.5,3.7,200.0,test batch size $m$,0.1,200,0.05,,25,100,0.5815333333333332,0.5815333333333332,0.00864,0.116,0.05815333333333333,-1.2990712600274095,0.0,0.7601463157894737,2500,finite_k1_m_fixed_pi,empirical FDR / nominal alpha
tikz-v1,figure6_supp,fdr_ratio_atlas_r2_c1,$N_{cal}$ by $m$; fixed $\pi_1=0.05$,5,heatmap_cell,standard_conformal_bh,finite_k1,m_fixed_pi,2.3010299956639813,3.8,2.1505149978319906,2.5,3.7,3.8999999999999995,200.0,test batch size $m$,0.1,200,0.05,,25,100,0.7807999999999999,0.7807999999999999,0.013360000000000002,0.1716,0.07808,-1.4990681845107945,0.0,0.760266947368421,2500,finite_k1_m_fixed_pi,empirical FDR / nominal alpha
tikz-v1,figure6_supp,fdr_ratio_atlas_r2_c1,$N_{cal}$ by $m$; fixed $\pi_1=0.05$,5,heatmap_cell,standard_conformal_bh,finite_k1,m_fixed_pi,2.3010299956639813,3.9999999999999996,2.1505149978319906,2.5,3.8999999999999995,4.1,200.0,test batch size $m$,0.1,200,0.05,,25,100,0.9785571428571427,0.9785571428571427,0.01492,0.2012,0.09785571428571427,-1.6990134316128815,0.0,0.7598494736842105,2500,finite_k1_m_fixed_pi,empirical FDR / nominal alpha
tikz-v1,figure6_supp,fdr_ratio_atlas_r2_c1,$N_{cal}$ by $m$; fixed $\pi_1=0.05$,5,heatmap_cell,standard_conformal_bh,finite_k1,m_fixed_pi,2.6989700043360187,1.4,2.5,2.8494850021680094,1.3,1.5,500.0,test batch size $m$,0.1,500,0.05,,25,100,0.0,0.0,0.0,0.0,0.0,0.8860566476931633,1.0,0.760111292631579,2500,finite_k1_m_fixed_pi,empirical FDR / nominal alpha
tikz-v1,figure6_supp,fdr_ratio_atlas_r2_c1,$N_{cal}$ by $m$; fixed $\pi_1=0.05$,5,heatmap_cell,standard_conformal_bh,finite_k1,m_fixed_pi,2.6989700043360187,1.6,2.5,2.8494850021680094,1.5,1.7,500.0,test batch size $m$,0.1,500,0.05,,25,100,0.0,0.0,0.0,0.0,0.0,0.6882461389442457,1.0,0.7600855242105262,2500,finite_k1_m_fixed_pi,empirical FDR / nominal alpha
tikz-v1,figure6_supp,fdr_ratio_atlas_r2_c1,$N_{cal}$ by $m$; fixed $\pi_1=0.05$,5,heatmap_cell,standard_conformal_bh,finite_k1,m_fixed_pi,2.6989700043360187,1.7999999999999998,2.5,2.8494850021680094,1.7,1.9,500.0,test batch size $m$,0.1,500,0.05,,25,100,0.0,0.0,0.0,0.0,0.0,0.494850021680094,1.0,0.7612718147368421,2500,finite_k1_m_fixed_pi,empirical FDR / nominal alpha
tikz-v1,figure6_supp,fdr_ratio_atlas_r2_c1,$N_{cal}$ by $m$; fixed $\pi_1=0.05$,5,heatmap_cell,standard_conformal_bh,finite_k1,m_fixed_pi,2.6989700043360187,2.0,2.5,2.8494850021680094,1.9,2.1,500.0,test batch size $m$,0.1,500,0.05,,25,100,0.0,0.0,0.0,0.0,0.0,0.2967086218813386,1.0,0.7600641347368421,2500,finite_k1_m_fixed_pi,empirical FDR / nominal alpha
tikz-v1,figure6_supp,fdr_ratio_atlas_r2_c1,$N_{cal}$ by $m$; fixed $\pi_1=0.05$,5,heatmap_cell,standard_conformal_bh,finite_k1,m_fixed_pi,2.6989700043360187,2.2,2.5,2.8494850021680094,2.1,2.3,500.0,test batch size $m$,0.1,500,0.05,,25,100,0.00675,0.00675,0.00016,0.0008,0.000675,0.09963287134352969,1.0,0.759373372631579,2500,finite_k1_m_fixed_pi,empirical FDR / nominal alpha
tikz-v1,figure6_supp,fdr_ratio_atlas_r2_c1,$N_{cal}$ by $m$; fixed $\pi_1=0.05$,5,heatmap_cell,standard_conformal_bh,finite_k1,m_fixed_pi,2.6989700043360187,2.4,2.5,2.8494850021680094,2.3,2.5,500.0,test batch size $m$,0.1,500,0.05,,25,100,0.0,0.0,0.0,0.0,0.0,-0.10037054511756292,0.0,0.7612213557894736,2500,finite_k1_m_fixed_pi,empirical FDR / nominal alpha
tikz-v1,figure6_supp,fdr_ratio_atlas_r2_c1,$N_{cal}$ by $m$; fixed $\pi_1=0.05$,5,heatmap_cell,standard_conformal_bh,finite_k1,m_fixed_pi,2.6989700043360187,2.6,2.5,2.8494850021680094,2.5,2.7,500.0,test batch size $m$,0.1,500,0.05,,25,100,0.0,0.0,0.0,0.0,0.0,-0.2999429000227671,0.0,0.7621428210526315,2500,finite_k1_m_fixed_pi,empirical FDR / nominal alpha
tikz-v1,figure6_supp,fdr_ratio_atlas_r2_c1,$N_{cal}$ by $m$; fixed $\pi_1=0.05$,5,heatmap_cell,standard_conformal_bh,finite_k1,m_fixed_pi,2.6989700043360187,2.8,2.5,2.8494850021680094,2.7,2.9,500.0,test batch size $m$,0.1,500,0.05,,25,100,0.1300379953379953,0.1300379953379953,0.002672,0.0204,0.01300379953379953,-0.4996870826184039,0.0,0.7600999747368421,2500,finite_k1_m_fixed_pi,empirical FDR / nominal alpha
tikz-v1,figure6_supp,fdr_ratio_atlas_r2_c1,$N_{cal}$ by $m$; fixed $\pi_1=0.05$,5,heatmap_cell,standard_conformal_bh,finite_k1,m_fixed_pi,2.6989700043360187,3.0,2.5,2.8494850021680094,2.9,3.0999999999999996,500.0,test batch size $m$,0.1,500,0.05,,25,100,0.046066666666666665,0.046066666666666665,0.0007520000000000001,0.0076,0.004606666666666667,-0.6994040818153374,0.0,0.7608971789473684,2500,finite_k1_m_fixed_pi,empirical FDR / nominal alpha
tikz-v1,figure6_supp,fdr_ratio_atlas_r2_c1,$N_{cal}$ by $m$; fixed $\pi_1=0.05$,5,heatmap_cell,standard_conformal_bh,finite_k1,m_fixed_pi,2.6989700043360187,3.1999999999999997,2.5,2.8494850021680094,3.0999999999999996,3.3,500.0,test batch size $m$,0.1,500,0.05,,25,100,0.0906095238095238,0.0906095238095238,0.00152,0.0164,0.009060952380952381,-0.8992731873176038,0.0,0.7611293978947369,2500,finite_k1_m_fixed_pi,empirical FDR / nominal alpha
tikz-v1,figure6_supp,fdr_ratio_atlas_r2_c1,$N_{cal}$ by $m$; fixed $\pi_1=0.05$,5,heatmap_cell,standard_conformal_bh,finite_k1,m_fixed_pi,2.6989700043360187,3.4,2.5,2.8494850021680094,3.3,3.5,500.0,test batch size $m$,0.1,500,0.05,,25,100,0.2730666666666666,0.2730666666666666,0.002928,0.0592,0.027306666666666667,-1.0991624929285948,0.0,0.7611906694736842,2500,finite_k1_m_fixed_pi,empirical FDR / nominal alpha
tikz-v1,figure6_supp,fdr_ratio_atlas_r2_c1,$N_{cal}$ by $m$; fixed $\pi_1=0.05$,5,heatmap_cell,standard_conformal_bh,finite_k1,m_fixed_pi,2.6989700043360187,3.6,2.5,2.8494850021680094,3.5,3.7,500.0,test batch size $m$,0.1,500,0.05,,25,100,0.3282523809523809,0.3282523809523809,0.0036000000000000008,0.064,0.032825238095238095,-1.2990712600274095,0.0,0.7601246315789475,2500,finite_k1_m_fixed_pi,empirical FDR / nominal alpha
tikz-v1,figure6_supp,fdr_ratio_atlas_r2_c1,$N_{cal}$ by $m$; fixed $\pi_1=0.05$,5,heatmap_cell,standard_conformal_bh,finite_k1,m_fixed_pi,2.6989700043360187,3.8,2.5,2.8494850021680094,3.7,3.8999999999999995,500.0,test batch size $m$,0.1,500,0.05,,25,100,0.4486190476190476,0.4486190476190476,0.004048,0.116,0.04486190476190476,-1.4990681845107945,0.0,0.759654972631579,2500,finite_k1_m_fixed_pi,empirical FDR / nominal alpha
tikz-v1,figure6_supp,fdr_ratio_atlas_r2_c1,$N_{cal}$ by $m$; fixed $\pi_1=0.05$,5,heatmap_cell,standard_conformal_bh,finite_k1,m_fixed_pi,2.6989700043360187,3.9999999999999996,2.5,2.8494850021680094,3.8999999999999995,4.1,500.0,test batch size $m$,0.1,500,0.05,,25,100,1.0900714285714284,1.0900714285714284,0.008848,0.258,0.10900714285714284,-1.6990134316128815,0.0,0.7595973389473684,2500,finite_k1_m_fixed_pi,empirical FDR / nominal alpha
tikz-v1,figure6_supp,fdr_ratio_atlas_r2_c1,$N_{cal}$ by $m$; fixed $\pi_1=0.05$,5,heatmap_cell,standard_conformal_bh,finite_k1,m_fixed_pi,3.0,1.4,2.8494850021680094,3.1505149978319906,1.3,1.5,1000.0,test batch size $m$,0.1,1000,0.05,,25,100,0.0,0.0,0.0,0.0,0.0,0.8860566476931633,1.0,0.7585863663157895,2500,finite_k1_m_fixed_pi,empirical FDR / nominal alpha
tikz-v1,figure6_supp,fdr_ratio_atlas_r2_c1,$N_{cal}$ by $m$; fixed $\pi_1=0.05$,5,heatmap_cell,standard_conformal_bh,finite_k1,m_fixed_pi,3.0,1.6,2.8494850021680094,3.1505149978319906,1.5,1.7,1000.0,test batch size $m$,0.1,1000,0.05,,25,100,0.0,0.0,0.0,0.0,0.0,0.6882461389442457,1.0,0.7604835705263158,2500,finite_k1_m_fixed_pi,empirical FDR / nominal alpha
tikz-v1,figure6_supp,fdr_ratio_atlas_r2_c1,$N_{cal}$ by $m$; fixed $\pi_1=0.05$,5,heatmap_cell,standard_conformal_bh,finite_k1,m_fixed_pi,3.0,1.7999999999999998,2.8494850021680094,3.1505149978319906,1.7,1.9,1000.0,test batch size $m$,0.1,1000,0.05,,25,100,0.0,0.0,0.0,0.0,0.0,0.494850021680094,1.0,0.75867568,2500,finite_k1_m_fixed_pi,empirical FDR / nominal alpha
tikz-v1,figure6_supp,fdr_ratio_atlas_r2_c1,$N_{cal}$ by $m$; fixed $\pi_1=0.05$,5,heatmap_cell,standard_conformal_bh,finite_k1,m_fixed_pi,3.0,2.0,2.8494850021680094,3.1505149978319906,1.9,2.1,1000.0,test batch size $m$,0.1,1000,0.05,,25,100,0.0,0.0,0.0,0.0,0.0,0.2967086218813386,1.0,0.760815587368421,2500,finite_k1_m_fixed_pi,empirical FDR / nominal alpha
tikz-v1,figure6_supp,fdr_ratio_atlas_r2_c1,$N_{cal}$ by $m$; fixed $\pi_1=0.05$,5,heatmap_cell,standard_conformal_bh,finite_k1,m_fixed_pi,3.0,2.2,2.8494850021680094,3.1505149978319906,2.1,2.3,1000.0,test batch size $m$,0.1,1000,0.05,,25,100,0.0,0.0,0.0,0.0,0.0,0.09963287134352969,1.0,0.7603096421052632,2500,finite_k1_m_fixed_pi,empirical FDR / nominal alpha
tikz-v1,figure6_supp,fdr_ratio_atlas_r2_c1,$N_{cal}$ by $m$; fixed $\pi_1=0.05$,5,heatmap_cell,standard_conformal_bh,finite_k1,m_fixed_pi,3.0,2.4,2.8494850021680094,3.1505149978319906,2.3,2.5,1000.0,test batch size $m$,0.1,1000,0.05,,25,100,0.008952380952380951,0.008952380952380951,0.000256,0.0012,0.0008952380952380952,-0.10037054511756292,0.0,0.7605133221052631,2500,finite_k1_m_fixed_pi,empirical FDR / nominal alpha
tikz-v1,figure6_supp,fdr_ratio_atlas_r2_c1,$N_{cal}$ by $m$; fixed $\pi_1=0.05$,5,heatmap_cell,standard_conformal_bh,finite_k1,m_fixed_pi,3.0,2.6,2.8494850021680094,3.1505149978319906,2.5,2.7,1000.0,test batch size $m$,0.1,1000,0.05,,25,100,0.008700854700854702,0.008700854700854702,0.000176,0.0012,0.0008700854700854702,-0.2999429000227671,0.0,0.760408067368421,2500,finite_k1_m_fixed_pi,empirical FDR / nominal alpha
tikz-v1,figure6_supp,fdr_ratio_atlas_r2_c1,$N_{cal}$ by $m$; fixed $\pi_1=0.05$,5,heatmap_cell,standard_conformal_bh,finite_k1,m_fixed_pi,3.0,2.8,2.8494850021680094,3.1505149978319906,2.7,2.9,1000.0,test batch size $m$,0.1,1000,0.05,,25,100,0.006156862745098039,0.006156862745098039,6.4e-05,0.0008,0.0006156862745098039,-0.4996870826184039,0.0,0.7605700042105263,2500,finite_k1_m_fixed_pi,empirical FDR / nominal alpha
tikz-v1,figure6_supp,fdr_ratio_atlas_r2_c1,$N_{cal}$ by $m$; fixed $\pi_1=0.05$,5,heatmap_cell,standard_conformal_bh,finite_k1,m_fixed_pi,3.0,3.0,2.8494850021680094,3.1505149978319906,2.9,3.0999999999999996,1000.0,test batch size $m$,0.1,1000,0.05,,25,100,0.002,0.002,4e-05,0.0004,0.0002,-0.6994040818153374,0.0,0.7609730357894737,2500,finite_k1_m_fixed_pi,empirical FDR / nominal alpha
tikz-v1,figure6_supp,fdr_ratio_atlas_r2_c1,$N_{cal}$ by $m$; fixed $\pi_1=0.05$,5,heatmap_cell,standard_conformal_bh,finite_k1,m_fixed_pi,3.0,3.1999999999999997,2.8494850021680094,3.1505149978319906,3.0999999999999996,3.3,1000.0,test batch size $m$,0.1,1000,0.05,,25,100,0.03574603174603175,0.03574603174603175,0.00041600000000000003,0.0064,0.0035746031746031748,-0.8992731873176038,0.0,0.759050374736842,2500,finite_k1_m_fixed_pi,empirical FDR / nominal alpha
tikz-v1,figure6_supp,fdr_ratio_atlas_r2_c1,$N_{cal}$ by $m$; fixed $\pi_1=0.05$,5,heatmap_cell,standard_conformal_bh,finite_k1,m_fixed_pi,3.0,3.4,2.8494850021680094,3.1505149978319906,3.3,3.5,1000.0,test batch size $m$,0.1,1000,0.05,,25,100,0.09415238095238095,0.09415238095238095,0.000808,0.018,0.009415238095238095,-1.0991624929285948,0.0,0.7592198568421052,2500,finite_k1_m_fixed_pi,empirical FDR / nominal alpha
tikz-v1,figure6_supp,fdr_ratio_atlas_r2_c1,$N_{cal}$ by $m$; fixed $\pi_1=0.05$,5,heatmap_cell,standard_conformal_bh,finite_k1,m_fixed_pi,3.0,3.6,2.8494850021680094,3.1505149978319906,3.5,3.7,1000.0,test batch size $m$,0.1,1000,0.05,,25,100,0.19653968253968251,0.19653968253968251,0.001472,0.0392,0.019653968253968254,-1.2990712600274095,0.0,0.760823385263158,2500,finite_k1_m_fixed_pi,empirical FDR / nominal alpha
tikz-v1,figure6_supp,fdr_ratio_atlas_r2_c1,$N_{cal}$ by $m$; fixed $\pi_1=0.05$,5,heatmap_cell,standard_conformal_bh,finite_k1,m_fixed_pi,3.0,3.8,2.8494850021680094,3.1505149978319906,3.7,3.8999999999999995,1000.0,test batch size $m$,0.1,1000,0.05,,25,100,0.4479730158730158,0.4479730158730158,0.0036079999999999997,0.0972,0.04479730158730158,-1.4990681845107945,0.0,0.7590849684210526,2500,finite_k1_m_fixed_pi,empirical FDR / nominal alpha
tikz-v1,figure6_supp,fdr_ratio_atlas_r2_c1,$N_{cal}$ by $m$; fixed $\pi_1=0.05$,5,heatmap_cell,standard_conformal_bh,finite_k1,m_fixed_pi,3.0,3.9999999999999996,2.8494850021680094,3.1505149978319906,3.8999999999999995,4.1,1000.0,test batch size $m$,0.1,1000,0.05,,25,100,1.4715,1.4715,0.006456,0.3244,0.14715,-1.6990134316128815,0.0,0.7595774652631578,2500,finite_k1_m_fixed_pi,empirical FDR / nominal alpha
tikz-v1,figure6_supp,fdr_ratio_atlas_r2_c1,$N_{cal}$ by $m$; fixed $\pi_1=0.05$,5,heatmap_cell,standard_conformal_bh,finite_k1,m_fixed_pi,3.3010299956639813,1.4,3.1505149978319906,3.451544993495972,1.3,1.5,2000.0,test batch size $m$,0.1,2000,0.05,,25,100,0.0,0.0,0.0,0.0,0.0,0.8860566476931633,1.0,0.7600754231578947,2500,finite_k1_m_fixed_pi,empirical FDR / nominal alpha
tikz-v1,figure6_supp,fdr_ratio_atlas_r2_c1,$N_{cal}$ by $m$; fixed $\pi_1=0.05$,5,heatmap_cell,standard_conformal_bh,finite_k1,m_fixed_pi,3.3010299956639813,1.6,3.1505149978319906,3.451544993495972,1.5,1.7,2000.0,test batch size $m$,0.1,2000,0.05,,25,100,0.0,0.0,0.0,0.0,0.0,0.6882461389442457,1.0,0.7604933157894737,2500,finite_k1_m_fixed_pi,empirical FDR / nominal alpha
tikz-v1,figure6_supp,fdr_ratio_atlas_r2_c1,$N_{cal}$ by $m$; fixed $\pi_1=0.05$,5,heatmap_cell,standard_conformal_bh,finite_k1,m_fixed_pi,3.3010299956639813,1.7999999999999998,3.1505149978319906,3.451544993495972,1.7,1.9,2000.0,test batch size $m$,0.1,2000,0.05,,25,100,0.0,0.0,0.0,0.0,0.0,0.494850021680094,1.0,0.7604300168421052,2500,finite_k1_m_fixed_pi,empirical FDR / nominal alpha
tikz-v1,figure6_supp,fdr_ratio_atlas_r2_c1,$N_{cal}$ by $m$; fixed $\pi_1=0.05$,5,heatmap_cell,standard_conformal_bh,finite_k1,m_fixed_pi,3.3010299956639813,2.0,3.1505149978319906,3.451544993495972,1.9,2.1,2000.0,test batch size $m$,0.1,2000,0.05,,25,100,0.0,0.0,0.0,0.0,0.0,0.2967086218813386,1.0,0.7611648652631579,2500,finite_k1_m_fixed_pi,empirical FDR / nominal alpha
tikz-v1,figure6_supp,fdr_ratio_atlas_r2_c1,$N_{cal}$ by $m$; fixed $\pi_1=0.05$,5,heatmap_cell,standard_conformal_bh,finite_k1,m_fixed_pi,3.3010299956639813,2.2,3.1505149978319906,3.451544993495972,2.1,2.3,2000.0,test batch size $m$,0.1,2000,0.05,,25,100,0.0,0.0,0.0,0.0,0.0,0.09963287134352969,1.0,0.7614335284210526,2500,finite_k1_m_fixed_pi,empirical FDR / nominal alpha
tikz-v1,figure6_supp,fdr_ratio_atlas_r2_c1,$N_{cal}$ by $m$; fixed $\pi_1=0.05$,5,heatmap_cell,standard_conformal_bh,finite_k1,m_fixed_pi,3.3010299956639813,2.4,3.1505149978319906,3.451544993495972,2.3,2.5,2000.0,test batch size $m$,0.1,2000,0.05,,25,100,0.0,0.0,0.0,0.0,0.0,-0.10037054511756292,0.0,0.7598816884210526,2500,finite_k1_m_fixed_pi,empirical FDR / nominal alpha
tikz-v1,figure6_supp,fdr_ratio_atlas_r2_c1,$N_{cal}$ by $m$; fixed $\pi_1=0.05$,5,heatmap_cell,standard_conformal_bh,finite_k1,m_fixed_pi,3.3010299956639813,2.6,3.1505149978319906,3.451544993495972,2.5,2.7,2000.0,test batch size $m$,0.1,2000,0.05,,25,100,0.0,0.0,0.0,0.0,0.0,-0.2999429000227671,0.0,0.76067348,2500,finite_k1_m_fixed_pi,empirical FDR / nominal alpha
tikz-v1,figure6_supp,fdr_ratio_atlas_r2_c1,$N_{cal}$ by $m$; fixed $\pi_1=0.05$,5,heatmap_cell,standard_conformal_bh,finite_k1,m_fixed_pi,3.3010299956639813,2.8,3.1505149978319906,3.451544993495972,2.7,2.9,2000.0,test batch size $m$,0.1,2000,0.05,,25,100,0.0025,0.0025,4.8e-05,0.0004,0.00025,-0.4996870826184039,0.0,0.7600924863157894,2500,finite_k1_m_fixed_pi,empirical FDR / nominal alpha
tikz-v1,figure6_supp,fdr_ratio_atlas_r2_c1,$N_{cal}$ by $m$; fixed $\pi_1=0.05$,5,heatmap_cell,standard_conformal_bh,finite_k1,m_fixed_pi,3.3010299956639813,3.0,3.1505149978319906,3.451544993495972,2.9,3.0999999999999996,2000.0,test batch size $m$,0.1,2000,0.05,,25,100,0.0,0.0,0.0,0.0,0.0,-0.6994040818153374,0.0,0.759841307368421,2500,finite_k1_m_fixed_pi,empirical FDR / nominal alpha
tikz-v1,figure6_supp,fdr_ratio_atlas_r2_c1,$N_{cal}$ by $m$; fixed $\pi_1=0.05$,5,heatmap_cell,standard_conformal_bh,finite_k1,m_fixed_pi,3.3010299956639813,3.1999999999999997,3.1505149978319906,3.451544993495972,3.0999999999999996,3.3,2000.0,test batch size $m$,0.1,2000,0.05,,25,100,0.003076923076923077,0.003076923076923077,1.2e-05,0.0004,0.0003076923076923077,-0.8992731873176038,0.0,0.7610384610526315,2500,finite_k1_m_fixed_pi,empirical FDR / nominal alpha
tikz-v1,figure6_supp,fdr_ratio_atlas_r2_c1,$N_{cal}$ by $m$; fixed $\pi_1=0.05$,5,heatmap_cell,standard_conformal_bh,finite_k1,m_fixed_pi,3.3010299956639813,3.4,3.1505149978319906,3.451544993495972,3.3,3.5,2000.0,test batch size $m$,0.1,2000,0.05,,25,100,0.23174566943548364,0.23174566943548364,0.0019040000000000005,0.0424,0.023174566943548365,-1.0991624929285948,0.0,0.7604354189473684,2500,finite_k1_m_fixed_pi,empirical FDR / nominal alpha
tikz-v1,figure6_supp,fdr_ratio_atlas_r2_c1,$N_{cal}$ by $m$; fixed $\pi_1=0.05$,5,heatmap_cell,standard_conformal_bh,finite_k1,m_fixed_pi,3.3010299956639813,3.6,3.1505149978319906,3.451544993495972,3.5,3.7,2000.0,test batch size $m$,0.1,2000,0.05,,25,100,0.02843989343989344,0.02843989343989344,0.00021600000000000002,0.0052,0.002843989343989344,-1.2990712600274095,0.0,0.7599940715789474,2500,finite_k1_m_fixed_pi,empirical FDR / nominal alpha
tikz-v1,figure6_supp,fdr_ratio_atlas_r2_c1,$N_{cal}$ by $m$; fixed $\pi_1=0.05$,5,heatmap_cell,standard_conformal_bh,finite_k1,m_fixed_pi,3.3010299956639813,3.8,3.1505149978319906,3.451544993495972,3.7,3.8999999999999995,2000.0,test batch size $m$,0.1,2000,0.05,,25,100,0.14017142857142859,0.14017142857142859,0.0007800000000000001,0.0296,0.014017142857142858,-1.4990681845107945,0.0,0.7599481978947369,2500,finite_k1_m_fixed_pi,empirical FDR / nominal alpha
tikz-v1,figure6_supp,fdr_ratio_atlas_r2_c1,$N_{cal}$ by $m$; fixed $\pi_1=0.05$,5,heatmap_cell,standard_conformal_bh,finite_k1,m_fixed_pi,3.3010299956639813,3.9999999999999996,3.1505149978319906,3.451544993495972,3.8999999999999995,4.1,2000.0,test batch size $m$,0.1,2000,0.05,,25,100,0.46698167388167383,0.46698167388167383,0.001912,0.1132,0.046698167388167386,-1.6990134316128815,0.0,0.7599095094736842,2500,finite_k1_m_fixed_pi,empirical FDR / nominal alpha
tikz-v1,figure6_supp,fdr_ratio_atlas_r2_c3,$N_{cal}$ by anomaly rate,7,heatmap_cell,standard_conformal_bh,finite_k1,pi1_sweep,-2.3010299956639813,1.4,-2.451544993495972,-2.1505149978319906,1.3,1.5,0.005,anomaly rate $\pi_1$,0.1,1000,0.005,,25,100,0.0,0.0,0.0,0.0,0.0,1.8860566476931633,1.0,0.7609257487437185,2500,finite_k1_pi1_sweep,empirical FDR / nominal alpha
tikz-v1,figure6_supp,fdr_ratio_atlas_r2_c3,$N_{cal}$ by anomaly rate,7,heatmap_cell,standard_conformal_bh,finite_k1,pi1_sweep,-2.3010299956639813,1.6,-2.451544993495972,-2.1505149978319906,1.5,1.7,0.005,anomaly rate $\pi_1$,0.1,1000,0.005,,25,100,0.0,0.0,0.0,0.0,0.0,1.6882461389442458,1.0,0.7602777085427136,2500,finite_k1_pi1_sweep,empirical FDR / nominal alpha
tikz-v1,figure6_supp,fdr_ratio_atlas_r2_c3,$N_{cal}$ by anomaly rate,7,heatmap_cell,standard_conformal_bh,finite_k1,pi1_sweep,-2.3010299956639813,1.7999999999999998,-2.451544993495972,-2.1505149978319906,1.7,1.9,0.005,anomaly rate $\pi_1$,0.1,1000,0.005,,25,100,0.0,0.0,0.0,0.0,0.0,1.494850021680094,1.0,0.7592597386934673,2500,finite_k1_pi1_sweep,empirical FDR / nominal alpha
tikz-v1,figure6_supp,fdr_ratio_atlas_r2_c3,$N_{cal}$ by anomaly rate,7,heatmap_cell,standard_conformal_bh,finite_k1,pi1_sweep,-2.3010299956639813,2.0,-2.451544993495972,-2.1505149978319906,1.9,2.1,0.005,anomaly rate $\pi_1$,0.1,1000,0.005,,25,100,0.0,0.0,0.0,0.0,0.0,1.2967086218813386,1.0,0.76348791959799,2500,finite_k1_pi1_sweep,empirical FDR / nominal alpha
tikz-v1,figure6_supp,fdr_ratio_atlas_r2_c3,$N_{cal}$ by anomaly rate,7,heatmap_cell,standard_conformal_bh,finite_k1,pi1_sweep,-2.3010299956639813,2.2,-2.451544993495972,-2.1505149978319906,2.1,2.3,0.005,anomaly rate $\pi_1$,0.1,1000,0.005,,25,100,0.0,0.0,0.0,0.0,0.0,1.0996328713435297,1.0,0.7660452663316584,2500,finite_k1_pi1_sweep,empirical FDR / nominal alpha
tikz-v1,figure6_supp,fdr_ratio_atlas_r2_c3,$N_{cal}$ by anomaly rate,7,heatmap_cell,standard_conformal_bh,finite_k1,pi1_sweep,-2.3010299956639813,2.4,-2.451544993495972,-2.1505149978319906,2.3,2.5,0.005,anomaly rate $\pi_1$,0.1,1000,0.005,,25,100,0.0,0.0,0.0,0.0,0.0,0.8996294548824371,1.0,0.7595427537688442,2500,finite_k1_pi1_sweep,empirical FDR / nominal alpha
tikz-v1,figure6_supp,fdr_ratio_atlas_r2_c3,$N_{cal}$ by anomaly rate,7,heatmap_cell,standard_conformal_bh,finite_k1,pi1_sweep,-2.3010299956639813,2.6,-2.451544993495972,-2.1505149978319906,2.5,2.7,0.005,anomaly rate $\pi_1$,0.1,1000,0.005,,25,100,0.0,0.0,0.0,0.0,0.0,0.700057099977233,1.0,0.7594123417085427,2500,finite_k1_pi1_sweep,empirical FDR / nominal alpha
tikz-v1,figure6_supp,fdr_ratio_atlas_r2_c3,$N_{cal}$ by anomaly rate,7,heatmap_cell,standard_conformal_bh,finite_k1,pi1_sweep,-2.3010299956639813,2.8,-2.451544993495972,-2.1505149978319906,2.7,2.9,0.005,anomaly rate $\pi_1$,0.1,1000,0.005,,25,100,0.004,0.004,0.0,0.0004,0.0004,0.5003129173815962,1.0,0.7592699497487437,2500,finite_k1_pi1_sweep,empirical FDR / nominal alpha
tikz-v1,figure6_supp,fdr_ratio_atlas_r2_c3,$N_{cal}$ by anomaly rate,7,heatmap_cell,standard_conformal_bh,finite_k1,pi1_sweep,-2.3010299956639813,3.0,-2.451544993495972,-2.1505149978319906,2.9,3.0999999999999996,0.005,anomaly rate $\pi_1$,0.1,1000,0.005,,25,100,0.0,0.0,0.0,0.0,0.0,0.3005959181846626,1.0,0.7592272562814071,2500,finite_k1_pi1_sweep,empirical FDR / nominal alpha
tikz-v1,figure6_supp,fdr_ratio_atlas_r2_c3,$N_{cal}$ by anomaly rate,7,heatmap_cell,standard_conformal_bh,finite_k1,pi1_sweep,-2.3010299956639813,3.1999999999999997,-2.451544993495972,-2.1505149978319906,3.0999999999999996,3.3,0.005,anomaly rate $\pi_1$,0.1,1000,0.005,,25,100,0.0074285714285714285,0.0074285714285714285,8e-05,0.0008,0.0007428571428571429,0.10072681268239621,1.0,0.7612619095477386,2500,finite_k1_pi1_sweep,empirical FDR / nominal alpha
tikz-v1,figure6_supp,fdr_ratio_atlas_r2_c3,$N_{cal}$ by anomaly rate,7,heatmap_cell,standard_conformal_bh,finite_k1,pi1_sweep,-2.3010299956639813,3.4,-2.451544993495972,-2.1505149978319906,3.3,3.5,0.005,anomaly rate $\pi_1$,0.1,1000,0.005,,25,100,0.02,0.02,0.00032,0.0024,0.002,-0.09916249292859479,0.0,0.7626404824120604,2500,finite_k1_pi1_sweep,empirical FDR / nominal alpha
tikz-v1,figure6_supp,fdr_ratio_atlas_r2_c3,$N_{cal}$ by anomaly rate,7,heatmap_cell,standard_conformal_bh,finite_k1,pi1_sweep,-2.3010299956639813,3.6,-2.451544993495972,-2.1505149978319906,3.5,3.7,0.005,anomaly rate $\pi_1$,0.1,1000,0.005,,25,100,0.043,0.043,0.0005600000000000001,0.0052,0.0043,-0.2990712600274095,0.0,0.761500783919598,2500,finite_k1_pi1_sweep,empirical FDR / nominal alpha
tikz-v1,figure6_supp,fdr_ratio_atlas_r2_c3,$N_{cal}$ by anomaly rate,7,heatmap_cell,standard_conformal_bh,finite_k1,pi1_sweep,-2.3010299956639813,3.8,-2.451544993495972,-2.1505149978319906,3.7,3.8999999999999995,0.005,anomaly rate $\pi_1$,0.1,1000,0.005,,25,100,0.15066666666666664,0.15066666666666664,0.0004,0.016,0.015066666666666666,-0.4990681845107945,0.0,0.7628131859296483,2500,finite_k1_pi1_sweep,empirical FDR / nominal alpha
tikz-v1,figure6_supp,fdr_ratio_atlas_r2_c3,$N_{cal}$ by anomaly rate,7,heatmap_cell,standard_conformal_bh,finite_k1,pi1_sweep,-2.3010299956639813,3.9999999999999996,-2.451544993495972,-2.1505149978319906,3.8999999999999995,4.1,0.005,anomaly rate $\pi_1$,0.1,1000,0.005,,25,100,1.1996666666666664,1.1996666666666664,0.0038399999999999997,0.1344,0.11996666666666665,-0.6990134316128814,0.0,0.7611093065326633,2500,finite_k1_pi1_sweep,empirical FDR / nominal alpha
tikz-v1,figure6_supp,fdr_ratio_atlas_r2_c3,$N_{cal}$ by anomaly rate,7,heatmap_cell,standard_conformal_bh,finite_k1,pi1_sweep,-2.0,1.4,-2.1505149978319906,-1.8494850021680094,1.3,1.5,0.01,anomaly rate $\pi_1$,0.1,1000,0.01,,25,100,0.0,0.0,0.0,0.0,0.0,1.585026652029182,1.0,0.7598944242424243,2500,finite_k1_pi1_sweep,empirical FDR / nominal alpha
tikz-v1,figure6_supp,fdr_ratio_atlas_r2_c3,$N_{cal}$ by anomaly rate,7,heatmap_cell,standard_conformal_bh,finite_k1,pi1_sweep,-2.0,1.6,-2.1505149978319906,-1.8494850021680094,1.5,1.7,0.01,anomaly rate $\pi_1$,0.1,1000,0.01,,25,100,0.0,0.0,0.0,0.0,0.0,1.3872161432802645,1.0,0.7611618989898989,2500,finite_k1_pi1_sweep,empirical FDR / nominal alpha
tikz-v1,figure6_supp,fdr_ratio_atlas_r2_c3,$N_{cal}$ by anomaly rate,7,heatmap_cell,standard_conformal_bh,finite_k1,pi1_sweep,-2.0,1.7999999999999998,-2.1505149978319906,-1.8494850021680094,1.7,1.9,0.01,anomaly rate $\pi_1$,0.1,1000,0.01,,25,100,0.0,0.0,0.0,0.0,0.0,1.193820026016113,1.0,0.7589121212121211,2500,finite_k1_pi1_sweep,empirical FDR / nominal alpha
tikz-v1,figure6_supp,fdr_ratio_atlas_r2_c3,$N_{cal}$ by anomaly rate,7,heatmap_cell,standard_conformal_bh,finite_k1,pi1_sweep,-2.0,2.0,-2.1505149978319906,-1.8494850021680094,1.9,2.1,0.01,anomaly rate $\pi_1$,0.1,1000,0.01,,25,100,0.0,0.0,0.0,0.0,0.0,0.9956786262173575,1.0,0.7610372929292929,2500,finite_k1_pi1_sweep,empirical FDR / nominal alpha
tikz-v1,figure6_supp,fdr_ratio_atlas_r2_c3,$N_{cal}$ by anomaly rate,7,heatmap_cell,standard_conformal_bh,finite_k1,pi1_sweep,-2.0,2.2,-2.1505149978319906,-1.8494850021680094,2.1,2.3,0.01,anomaly rate $\pi_1$,0.1,1000,0.01,,25,100,0.0,0.0,0.0,0.0,0.0,0.7986028756795486,1.0,0.7582804444444444,2500,finite_k1_pi1_sweep,empirical FDR / nominal alpha
tikz-v1,figure6_supp,fdr_ratio_atlas_r2_c3,$N_{cal}$ by anomaly rate,7,heatmap_cell,standard_conformal_bh,finite_k1,pi1_sweep,-2.0,2.4,-2.1505149978319906,-1.8494850021680094,2.3,2.5,0.01,anomaly rate $\pi_1$,0.1,1000,0.01,,25,100,0.0,0.0,0.0,0.0,0.0,0.5985994592184559,1.0,0.7624490505050505,2500,finite_k1_pi1_sweep,empirical FDR / nominal alpha
tikz-v1,figure6_supp,fdr_ratio_atlas_r2_c3,$N_{cal}$ by anomaly rate,7,heatmap_cell,standard_conformal_bh,finite_k1,pi1_sweep,-2.0,2.6,-2.1505149978319906,-1.8494850021680094,2.5,2.7,0.01,anomaly rate $\pi_1$,0.1,1000,0.01,,25,100,0.0,0.0,0.0,0.0,0.0,0.3990271043132517,1.0,0.7611322828282827,2500,finite_k1_pi1_sweep,empirical FDR / nominal alpha
tikz-v1,figure6_supp,fdr_ratio_atlas_r2_c3,$N_{cal}$ by anomaly rate,7,heatmap_cell,standard_conformal_bh,finite_k1,pi1_sweep,-2.0,2.8,-2.1505149978319906,-1.8494850021680094,2.7,2.9,0.01,anomaly rate $\pi_1$,0.1,1000,0.01,,25,100,0.1255519976411617,0.1255519976411617,0.0018399999999999998,0.0136,0.012555199764116173,0.199282921717615,1.0,0.7587761212121211,2500,finite_k1_pi1_sweep,empirical FDR / nominal alpha
tikz-v1,figure6_supp,fdr_ratio_atlas_r2_c3,$N_{cal}$ by anomaly rate,7,heatmap_cell,standard_conformal_bh,finite_k1,pi1_sweep,-2.0,3.0,-2.1505149978319906,-1.8494850021680094,2.9,3.0999999999999996,0.01,anomaly rate $\pi_1$,0.1,1000,0.01,,25,100,0.0,0.0,0.0,0.0,0.0,-0.00043407747931862597,0.0,0.7617042424242424,2500,finite_k1_pi1_sweep,empirical FDR / nominal alpha
tikz-v1,figure6_supp,fdr_ratio_atlas_r2_c3,$N_{cal}$ by anomaly rate,7,heatmap_cell,standard_conformal_bh,finite_k1,pi1_sweep,-2.0,3.1999999999999997,-2.1505149978319906,-1.8494850021680094,3.0999999999999996,3.3,0.01,anomaly rate $\pi_1$,0.1,1000,0.01,,25,100,0.035071428571428566,0.035071428571428566,0.00035999999999999997,0.004,0.003507142857142857,-0.20030318298158498,0.0,0.7591606464646464,2500,finite_k1_pi1_sweep,empirical FDR / nominal alpha
tikz-v1,figure6_supp,fdr_ratio_atlas_r2_c3,$N_{cal}$ by anomaly rate,7,heatmap_cell,standard_conformal_bh,finite_k1,pi1_sweep,-2.0,3.4,-2.1505149978319906,-1.8494850021680094,3.3,3.5,0.01,anomaly rate $\pi_1$,0.1,1000,0.01,,25,100,0.06680000000000001,0.06680000000000001,0.0005600000000000002,0.008,0.006680000000000001,-0.400192488592576,0.0,0.7586592323232323,2500,finite_k1_pi1_sweep,empirical FDR / nominal alpha
tikz-v1,figure6_supp,fdr_ratio_atlas_r2_c3,$N_{cal}$ by anomaly rate,7,heatmap_cell,standard_conformal_bh,finite_k1,pi1_sweep,-2.0,3.6,-2.1505149978319906,-1.8494850021680094,3.5,3.7,0.01,anomaly rate $\pi_1$,0.1,1000,0.01,,25,100,0.05333333333333333,0.05333333333333333,0.00036,0.0064,0.005333333333333333,-0.6001012556913907,0.0,0.7631686868686869,2500,finite_k1_pi1_sweep,empirical FDR / nominal alpha
tikz-v1,figure6_supp,fdr_ratio_atlas_r2_c3,$N_{cal}$ by anomaly rate,7,heatmap_cell,standard_conformal_bh,finite_k1,pi1_sweep,-2.0,3.8,-2.1505149978319906,-1.8494850021680094,3.7,3.8999999999999995,0.01,anomaly rate $\pi_1$,0.1,1000,0.01,,25,100,0.1744,0.1744,0.00112,0.022,0.01744,-0.8000981801747756,0.0,0.7590782222222222,2500,finite_k1_pi1_sweep,empirical FDR / nominal alpha
tikz-v1,figure6_supp,fdr_ratio_atlas_r2_c3,$N_{cal}$ by anomaly rate,7,heatmap_cell,standard_conformal_bh,finite_k1,pi1_sweep,-2.0,3.9999999999999996,-2.1505149978319906,-1.8494850021680094,3.8999999999999995,4.1,0.01,anomaly rate $\pi_1$,0.1,1000,0.01,,25,100,0.8699999999999999,0.8699999999999999,0.00392,0.1172,0.087,-1.0000434272768626,0.0,0.758134707070707,2500,finite_k1_pi1_sweep,empirical FDR / nominal alpha
tikz-v1,figure6_supp,fdr_ratio_atlas_r2_c3,$N_{cal}$ by anomaly rate,7,heatmap_cell,standard_conformal_bh,finite_k1,pi1_sweep,-1.6989700043360187,1.4,-1.8494850021680094,-1.5,1.3,1.5,0.02,anomaly rate $\pi_1$,0.1,1000,0.02,,25,100,0.0,0.0,0.0,0.0,0.0,1.2839966563652008,1.0,0.7602445306122448,2500,finite_k1_pi1_sweep,empirical FDR / nominal alpha
tikz-v1,figure6_supp,fdr_ratio_atlas_r2_c3,$N_{cal}$ by anomaly rate,7,heatmap_cell,standard_conformal_bh,finite_k1,pi1_sweep,-1.6989700043360187,1.6,-1.8494850021680094,-1.5,1.5,1.7,0.02,anomaly rate $\pi_1$,0.1,1000,0.02,,25,100,0.0,0.0,0.0,0.0,0.0,1.0861861476162833,1.0,0.7599957551020408,2500,finite_k1_pi1_sweep,empirical FDR / nominal alpha
tikz-v1,figure6_supp,fdr_ratio_atlas_r2_c3,$N_{cal}$ by anomaly rate,7,heatmap_cell,standard_conformal_bh,finite_k1,pi1_sweep,-1.6989700043360187,1.7999999999999998,-1.8494850021680094,-1.5,1.7,1.9,0.02,anomaly rate $\pi_1$,0.1,1000,0.02,,25,100,0.0,0.0,0.0,0.0,0.0,0.8927900303521317,1.0,0.7599710816326531,2500,finite_k1_pi1_sweep,empirical FDR / nominal alpha
tikz-v1,figure6_supp,fdr_ratio_atlas_r2_c3,$N_{cal}$ by anomaly rate,7,heatmap_cell,standard_conformal_bh,finite_k1,pi1_sweep,-1.6989700043360187,2.0,-1.8494850021680094,-1.5,1.9,2.1,0.02,anomaly rate $\pi_1$,0.1,1000,0.02,,25,100,0.0,0.0,0.0,0.0,0.0,0.6946486305533762,1.0,0.7590301836734694,2500,finite_k1_pi1_sweep,empirical FDR / nominal alpha
tikz-v1,figure6_supp,fdr_ratio_atlas_r2_c3,$N_{cal}$ by anomaly rate,7,heatmap_cell,standard_conformal_bh,finite_k1,pi1_sweep,-1.6989700043360187,2.2,-1.8494850021680094,-1.5,2.1,2.3,0.02,anomaly rate $\pi_1$,0.1,1000,0.02,,25,100,0.0,0.0,0.0,0.0,0.0,0.4975728800155673,1.0,0.7617588367346939,2500,finite_k1_pi1_sweep,empirical FDR / nominal alpha
tikz-v1,figure6_supp,fdr_ratio_atlas_r2_c3,$N_{cal}$ by anomaly rate,7,heatmap_cell,standard_conformal_bh,finite_k1,pi1_sweep,-1.6989700043360187,2.4,-1.8494850021680094,-1.5,2.3,2.5,0.02,anomaly rate $\pi_1$,0.1,1000,0.02,,25,100,0.0,0.0,0.0,0.0,0.0,0.29756946355447467,1.0,0.7602627551020408,2500,finite_k1_pi1_sweep,empirical FDR / nominal alpha
tikz-v1,figure6_supp,fdr_ratio_atlas_r2_c3,$N_{cal}$ by anomaly rate,7,heatmap_cell,standard_conformal_bh,finite_k1,pi1_sweep,-1.6989700043360187,2.6,-1.8494850021680094,-1.5,2.5,2.7,0.02,anomaly rate $\pi_1$,0.1,1000,0.02,,25,100,0.0,0.0,0.0,0.0,0.0,0.09799710864927055,1.0,0.7580048979591837,2500,finite_k1_pi1_sweep,empirical FDR / nominal alpha
tikz-v1,figure6_supp,fdr_ratio_atlas_r2_c3,$N_{cal}$ by anomaly rate,7,heatmap_cell,standard_conformal_bh,finite_k1,pi1_sweep,-1.6989700043360187,2.8,-1.8494850021680094,-1.5,2.7,2.9,0.02,anomaly rate $\pi_1$,0.1,1000,0.02,,25,100,0.0,0.0,0.0,0.0,0.0,-0.10174707394636621,0.0,0.7595885714285714,2500,finite_k1_pi1_sweep,empirical FDR / nominal alpha
tikz-v1,figure6_supp,fdr_ratio_atlas_r2_c3,$N_{cal}$ by anomaly rate,7,heatmap_cell,standard_conformal_bh,finite_k1,pi1_sweep,-1.6989700043360187,3.0,-1.8494850021680094,-1.5,2.9,3.0999999999999996,0.02,anomaly rate $\pi_1$,0.1,1000,0.02,,25,100,0.010036363636363637,0.010036363636363637,0.0001,0.0012,0.0010036363636363637,-0.3014640731432998,0.0,0.7588311632653062,2500,finite_k1_pi1_sweep,empirical FDR / nominal alpha
tikz-v1,figure6_supp,fdr_ratio_atlas_r2_c3,$N_{cal}$ by anomaly rate,7,heatmap_cell,standard_conformal_bh,finite_k1,pi1_sweep,-1.6989700043360187,3.1999999999999997,-1.8494850021680094,-1.5,3.0999999999999996,3.3,0.02,anomaly rate $\pi_1$,0.1,1000,0.02,,25,100,0.009142857142857142,0.009142857142857142,0.0001,0.0012,0.0009142857142857143,-0.5013331786455661,0.0,0.7579070204081633,2500,finite_k1_pi1_sweep,empirical FDR / nominal alpha
tikz-v1,figure6_supp,fdr_ratio_atlas_r2_c3,$N_{cal}$ by anomaly rate,7,heatmap_cell,standard_conformal_bh,finite_k1,pi1_sweep,-1.6989700043360187,3.4,-1.8494850021680094,-1.5,3.3,3.5,0.02,anomaly rate $\pi_1$,0.1,1000,0.02,,25,100,0.15235238095238096,0.15235238095238096,0.00114,0.02,0.015235238095238097,-0.7012224842565572,0.0,0.7599766326530613,2500,finite_k1_pi1_sweep,empirical FDR / nominal alpha
tikz-v1,figure6_supp,fdr_ratio_atlas_r2_c3,$N_{cal}$ by anomaly rate,7,heatmap_cell,standard_conformal_bh,finite_k1,pi1_sweep,-1.6989700043360187,3.6,-1.8494850021680094,-1.5,3.5,3.7,0.02,anomaly rate $\pi_1$,0.1,1000,0.02,,25,100,0.1640995670995671,0.1640995670995671,0.0009,0.0216,0.01640995670995671,-0.901131251355372,0.0,0.761736612244898,2500,finite_k1_pi1_sweep,empirical FDR / nominal alpha
tikz-v1,figure6_supp,fdr_ratio_atlas_r2_c3,$N_{cal}$ by anomaly rate,7,heatmap_cell,standard_conformal_bh,finite_k1,pi1_sweep,-1.6989700043360187,3.8,-1.8494850021680094,-1.5,3.7,3.8999999999999995,0.02,anomaly rate $\pi_1$,0.1,1000,0.02,,25,100,0.33284761904761906,0.33284761904761906,0.0018400000000000003,0.048,0.03328476190476191,-1.1011281758387568,0.0,0.7607242857142857,2500,finite_k1_pi1_sweep,empirical FDR / nominal alpha
tikz-v1,figure6_supp,fdr_ratio_atlas_r2_c3,$N_{cal}$ by anomaly rate,7,heatmap_cell,standard_conformal_bh,finite_k1,pi1_sweep,-1.6989700043360187,3.9999999999999996,-1.8494850021680094,-1.5,3.8999999999999995,4.1,0.02,anomaly rate $\pi_1$,0.1,1000,0.02,,25,100,1.0359999999999998,1.0359999999999998,0.00394,0.1588,0.1036,-1.3010734229408438,0.0,0.7616906530612245,2500,finite_k1_pi1_sweep,empirical FDR / nominal alpha
tikz-v1,figure6_supp,fdr_ratio_atlas_r2_c3,$N_{cal}$ by anomaly rate,7,heatmap_cell,standard_conformal_bh,finite_k1,pi1_sweep,-1.3010299956639813,1.4,-1.5,-1.1505149978319906,1.3,1.5,0.05,anomaly rate $\pi_1$,0.1,1000,0.05,,25,100,0.0,0.0,0.0,0.0,0.0,0.8860566476931633,1.0,0.7606374063157895,2500,finite_k1_pi1_sweep,empirical FDR / nominal alpha
tikz-v1,figure6_supp,fdr_ratio_atlas_r2_c3,$N_{cal}$ by anomaly rate,7,heatmap_cell,standard_conformal_bh,finite_k1,pi1_sweep,-1.3010299956639813,1.6,-1.5,-1.1505149978319906,1.5,1.7,0.05,anomaly rate $\pi_1$,0.1,1000,0.05,,25,100,0.0,0.0,0.0,0.0,0.0,0.6882461389442457,1.0,0.7609617768421052,2500,finite_k1_pi1_sweep,empirical FDR / nominal alpha
tikz-v1,figure6_supp,fdr_ratio_atlas_r2_c3,$N_{cal}$ by anomaly rate,7,heatmap_cell,standard_conformal_bh,finite_k1,pi1_sweep,-1.3010299956639813,1.7999999999999998,-1.5,-1.1505149978319906,1.7,1.9,0.05,anomaly rate $\pi_1$,0.1,1000,0.05,,25,100,0.0,0.0,0.0,0.0,0.0,0.494850021680094,1.0,0.7595818694736841,2500,finite_k1_pi1_sweep,empirical FDR / nominal alpha
tikz-v1,figure6_supp,fdr_ratio_atlas_r2_c3,$N_{cal}$ by anomaly rate,7,heatmap_cell,standard_conformal_bh,finite_k1,pi1_sweep,-1.3010299956639813,2.0,-1.5,-1.1505149978319906,1.9,2.1,0.05,anomaly rate $\pi_1$,0.1,1000,0.05,,25,100,0.0,0.0,0.0,0.0,0.0,0.2967086218813386,1.0,0.7595110568421053,2500,finite_k1_pi1_sweep,empirical FDR / nominal alpha
tikz-v1,figure6_supp,fdr_ratio_atlas_r2_c3,$N_{cal}$ by anomaly rate,7,heatmap_cell,standard_conformal_bh,finite_k1,pi1_sweep,-1.3010299956639813,2.2,-1.5,-1.1505149978319906,2.1,2.3,0.05,anomaly rate $\pi_1$,0.1,1000,0.05,,25,100,0.0,0.0,0.0,0.0,0.0,0.09963287134352969,1.0,0.7611226694736842,2500,finite_k1_pi1_sweep,empirical FDR / nominal alpha
tikz-v1,figure6_supp,fdr_ratio_atlas_r2_c3,$N_{cal}$ by anomaly rate,7,heatmap_cell,standard_conformal_bh,finite_k1,pi1_sweep,-1.3010299956639813,2.4,-1.5,-1.1505149978319906,2.3,2.5,0.05,anomaly rate $\pi_1$,0.1,1000,0.05,,25,100,0.0,0.0,0.0,0.0,0.0,-0.10037054511756292,0.0,0.7606226105263157,2500,finite_k1_pi1_sweep,empirical FDR / nominal alpha
tikz-v1,figure6_supp,fdr_ratio_atlas_r2_c3,$N_{cal}$ by anomaly rate,7,heatmap_cell,standard_conformal_bh,finite_k1,pi1_sweep,-1.3010299956639813,2.6,-1.5,-1.1505149978319906,2.5,2.7,0.05,anomaly rate $\pi_1$,0.1,1000,0.05,,25,100,0.031080179080179078,0.031080179080179078,0.000688,0.0044,0.003108017908017908,-0.2999429000227671,0.0,0.7607272589473684,2500,finite_k1_pi1_sweep,empirical FDR / nominal alpha
tikz-v1,figure6_supp,fdr_ratio_atlas_r2_c3,$N_{cal}$ by anomaly rate,7,heatmap_cell,standard_conformal_bh,finite_k1,pi1_sweep,-1.3010299956639813,2.8,-1.5,-1.1505149978319906,2.7,2.9,0.05,anomaly rate $\pi_1$,0.1,1000,0.05,,25,100,0.0,0.0,0.0,0.0,0.0,-0.4996870826184039,0.0,0.7581952000000001,2500,finite_k1_pi1_sweep,empirical FDR / nominal alpha
tikz-v1,figure6_supp,fdr_ratio_atlas_r2_c3,$N_{cal}$ by anomaly rate,7,heatmap_cell,standard_conformal_bh,finite_k1,pi1_sweep,-1.3010299956639813,3.0,-1.5,-1.1505149978319906,2.9,3.0999999999999996,0.05,anomaly rate $\pi_1$,0.1,1000,0.05,,25,100,0.02577902097902098,0.02577902097902098,0.00032,0.004,0.002577902097902098,-0.6994040818153374,0.0,0.7597065431578947,2500,finite_k1_pi1_sweep,empirical FDR / nominal alpha
tikz-v1,figure6_supp,fdr_ratio_atlas_r2_c3,$N_{cal}$ by anomaly rate,7,heatmap_cell,standard_conformal_bh,finite_k1,pi1_sweep,-1.3010299956639813,3.1999999999999997,-1.5,-1.1505149978319906,3.0999999999999996,3.3,0.05,anomaly rate $\pi_1$,0.1,1000,0.05,,25,100,0.0977111333111333,0.0977111333111333,0.001296,0.0176,0.009771113331113331,-0.8992731873176038,0.0,0.7598291789473683,2500,finite_k1_pi1_sweep,empirical FDR / nominal alpha
tikz-v1,figure6_supp,fdr_ratio_atlas_r2_c3,$N_{cal}$ by anomaly rate,7,heatmap_cell,standard_conformal_bh,finite_k1,pi1_sweep,-1.3010299956639813,3.4,-1.5,-1.1505149978319906,3.3,3.5,0.05,anomaly rate $\pi_1$,0.1,1000,0.05,,25,100,0.37678864468864465,0.37678864468864465,0.0031440000000000005,0.0684,0.03767886446886447,-1.0991624929285948,0.0,0.7606426442105263,2500,finite_k1_pi1_sweep,empirical FDR / nominal alpha
tikz-v1,figure6_supp,fdr_ratio_atlas_r2_c3,$N_{cal}$ by anomaly rate,7,heatmap_cell,standard_conformal_bh,finite_k1,pi1_sweep,-1.3010299956639813,3.6,-1.5,-1.1505149978319906,3.5,3.7,0.05,anomaly rate $\pi_1$,0.1,1000,0.05,,25,100,0.21194126984126985,0.21194126984126985,0.0016240000000000002,0.044,0.021194126984126985,-1.2990712600274095,0.0,0.7599181894736843,2500,finite_k1_pi1_sweep,empirical FDR / nominal alpha
tikz-v1,figure6_supp,fdr_ratio_atlas_r2_c3,$N_{cal}$ by anomaly rate,7,heatmap_cell,standard_conformal_bh,finite_k1,pi1_sweep,-1.3010299956639813,3.8,-1.5,-1.1505149978319906,3.7,3.8999999999999995,0.05,anomaly rate $\pi_1$,0.1,1000,0.05,,25,100,0.1857443223443223,0.1857443223443223,0.001368,0.0416,0.018574432234432232,-1.4990681845107945,0.0,0.7609461389473685,2500,finite_k1_pi1_sweep,empirical FDR / nominal alpha
tikz-v1,figure6_supp,fdr_ratio_atlas_r2_c3,$N_{cal}$ by anomaly rate,7,heatmap_cell,standard_conformal_bh,finite_k1,pi1_sweep,-1.3010299956639813,3.9999999999999996,-1.5,-1.1505149978319906,3.8999999999999995,4.1,0.05,anomaly rate $\pi_1$,0.1,1000,0.05,,25,100,1.3479714285714286,1.3479714285714286,0.006208000000000001,0.3084,0.13479714285714287,-1.6990134316128815,0.0,0.7624197810526315,2500,finite_k1_pi1_sweep,empirical FDR / nominal alpha
tikz-v1,figure6_supp,fdr_ratio_atlas_r2_c3,$N_{cal}$ by anomaly rate,7,heatmap_cell,standard_conformal_bh,finite_k1,pi1_sweep,-1.0,1.4,-1.1505149978319906,-0.8494850021680094,1.3,1.5,0.1,anomaly rate $\pi_1$,0.1,1000,0.1,,25,100,0.0,0.0,0.0,0.0,0.0,0.585026652029182,1.0,0.7598912577777778,2500,finite_k1_pi1_sweep,empirical FDR / nominal alpha
tikz-v1,figure6_supp,fdr_ratio_atlas_r2_c3,$N_{cal}$ by anomaly rate,7,heatmap_cell,standard_conformal_bh,finite_k1,pi1_sweep,-1.0,1.6,-1.1505149978319906,-0.8494850021680094,1.5,1.7,0.1,anomaly rate $\pi_1$,0.1,1000,0.1,,25,100,0.0,0.0,0.0,0.0,0.0,0.3872161432802645,1.0,0.7608898577777778,2500,finite_k1_pi1_sweep,empirical FDR / nominal alpha
tikz-v1,figure6_supp,fdr_ratio_atlas_r2_c3,$N_{cal}$ by anomaly rate,7,heatmap_cell,standard_conformal_bh,finite_k1,pi1_sweep,-1.0,1.7999999999999998,-1.1505149978319906,-0.8494850021680094,1.7,1.9,0.1,anomaly rate $\pi_1$,0.1,1000,0.1,,25,100,0.0,0.0,0.0,0.0,0.0,0.19382002601611284,1.0,0.7598337022222222,2500,finite_k1_pi1_sweep,empirical FDR / nominal alpha
tikz-v1,figure6_supp,fdr_ratio_atlas_r2_c3,$N_{cal}$ by anomaly rate,7,heatmap_cell,standard_conformal_bh,finite_k1,pi1_sweep,-1.0,2.0,-1.1505149978319906,-0.8494850021680094,1.9,2.1,0.1,anomaly rate $\pi_1$,0.1,1000,0.1,,25,100,0.0,0.0,0.0,0.0,0.0,-0.004321373782642578,0.0,0.7609151422222222,2500,finite_k1_pi1_sweep,empirical FDR / nominal alpha
tikz-v1,figure6_supp,fdr_ratio_atlas_r2_c3,$N_{cal}$ by anomaly rate,7,heatmap_cell,standard_conformal_bh,finite_k1,pi1_sweep,-1.0,2.2,-1.1505149978319906,-0.8494850021680094,2.1,2.3,0.1,anomaly rate $\pi_1$,0.1,1000,0.1,,25,100,0.0,0.0,0.0,0.0,0.0,-0.2013971243204515,0.0,0.7601943466666666,2500,finite_k1_pi1_sweep,empirical FDR / nominal alpha
tikz-v1,figure6_supp,fdr_ratio_atlas_r2_c3,$N_{cal}$ by anomaly rate,7,heatmap_cell,standard_conformal_bh,finite_k1,pi1_sweep,-1.0,2.4,-1.1505149978319906,-0.8494850021680094,2.3,2.5,0.1,anomaly rate $\pi_1$,0.1,1000,0.1,,25,100,0.0,0.0,0.0,0.0,0.0,-0.40140054078154414,0.0,0.7594384977777777,2500,finite_k1_pi1_sweep,empirical FDR / nominal alpha
tikz-v1,figure6_supp,fdr_ratio_atlas_r2_c3,$N_{cal}$ by anomaly rate,7,heatmap_cell,standard_conformal_bh,finite_k1,pi1_sweep,-1.0,2.6,-1.1505149978319906,-0.8494850021680094,2.5,2.7,0.1,anomaly rate $\pi_1$,0.1,1000,0.1,,25,100,0.0025185185185185185,0.0025185185185185185,4e-05,0.0004,0.00025185185185185185,-0.6009728956867483,0.0,0.7599309555555556,2500,finite_k1_pi1_sweep,empirical FDR / nominal alpha
tikz-v1,figure6_supp,fdr_ratio_atlas_r2_c3,$N_{cal}$ by anomaly rate,7,heatmap_cell,standard_conformal_bh,finite_k1,pi1_sweep,-1.0,2.8,-1.1505149978319906,-0.8494850021680094,2.7,2.9,0.1,anomaly rate $\pi_1$,0.1,1000,0.1,,25,100,0.006176470588235294,0.006176470588235294,0.00016,0.0016,0.0006176470588235294,-0.800717078282385,0.0,0.7599506222222222,2500,finite_k1_pi1_sweep,empirical FDR / nominal alpha
tikz-v1,figure6_supp,fdr_ratio_atlas_r2_c3,$N_{cal}$ by anomaly rate,7,heatmap_cell,standard_conformal_bh,finite_k1,pi1_sweep,-1.0,3.0,-1.1505149978319906,-0.8494850021680094,2.9,3.0999999999999996,0.1,anomaly rate $\pi_1$,0.1,1000,0.1,,25,100,0.10224711954711953,0.10224711954711953,0.00158,0.0244,0.010224711954711953,-1.0004340774793186,0.0,0.76036612,2500,finite_k1_pi1_sweep,empirical FDR / nominal alpha
tikz-v1,figure6_supp,fdr_ratio_atlas_r2_c3,$N_{cal}$ by anomaly rate,7,heatmap_cell,standard_conformal_bh,finite_k1,pi1_sweep,-1.0,3.1999999999999997,-1.1505149978319906,-0.8494850021680094,3.0999999999999996,3.3,0.1,anomaly rate $\pi_1$,0.1,1000,0.1,,25,100,0.03007997557997558,0.03007997557997558,0.00037999999999999997,0.008,0.003007997557997558,-1.200303182981585,0.0,0.7602462977777777,2500,finite_k1_pi1_sweep,empirical FDR / nominal alpha
tikz-v1,figure6_supp,fdr_ratio_atlas_r2_c3,$N_{cal}$ by anomaly rate,7,heatmap_cell,standard_conformal_bh,finite_k1,pi1_sweep,-1.0,3.4,-1.1505149978319906,-0.8494850021680094,3.3,3.5,0.1,anomaly rate $\pi_1$,0.1,1000,0.1,,25,100,0.18937523295418035,0.18937523295418035,0.002356,0.0608,0.018937523295418035,-1.400192488592576,0.0,0.7599260666666667,2500,finite_k1_pi1_sweep,empirical FDR / nominal alpha
tikz-v1,figure6_supp,fdr_ratio_atlas_r2_c3,$N_{cal}$ by anomaly rate,7,heatmap_cell,standard_conformal_bh,finite_k1,pi1_sweep,-1.0,3.6,-1.1505149978319906,-0.8494850021680094,3.5,3.7,0.1,anomaly rate $\pi_1$,0.1,1000,0.1,,25,100,0.24454992784992788,0.24454992784992788,0.0023799999999999997,0.0848,0.024454992784992788,-1.6001012556913907,0.0,0.7604118577777778,2500,finite_k1_pi1_sweep,empirical FDR / nominal alpha
tikz-v1,figure6_supp,fdr_ratio_atlas_r2_c3,$N_{cal}$ by anomaly rate,7,heatmap_cell,standard_conformal_bh,finite_k1,pi1_sweep,-1.0,3.8,-1.1505149978319906,-0.8494850021680094,3.7,3.8999999999999995,0.1,anomaly rate $\pi_1$,0.1,1000,0.1,,25,100,0.4004428571428571,0.4004428571428571,0.0032920000000000002,0.1408,0.04004428571428571,-1.8000981801747757,0.0,0.7593629822222222,2500,finite_k1_pi1_sweep,empirical FDR / nominal alpha
tikz-v1,figure6_supp,fdr_ratio_atlas_r2_c3,$N_{cal}$ by anomaly rate,7,heatmap_cell,standard_conformal_bh,finite_k1,pi1_sweep,-1.0,3.9999999999999996,-1.1505149978319906,-0.8494850021680094,3.8999999999999995,4.1,0.1,anomaly rate $\pi_1$,0.1,1000,0.1,,25,100,0.9840587301587301,0.9840587301587301,0.006,0.3748,0.09840587301587302,-2.0000434272768626,0.0,0.7597711555555555,2500,finite_k1_pi1_sweep,empirical FDR / nominal alpha
tikz-v1,figure6_supp,fdr_ratio_atlas_r2_c3,$N_{cal}$ by anomaly rate,7,heatmap_cell,standard_conformal_bh,finite_k1,pi1_sweep,-0.6989700043360187,1.4,-0.8494850021680094,-0.5484550065040281,1.3,1.5,0.2,anomaly rate $\pi_1$,0.1,1000,0.2,,25,100,0.0,0.0,0.0,0.0,0.0,0.28399665636520083,1.0,0.7606614549999999,2500,finite_k1_pi1_sweep,empirical FDR / nominal alpha
tikz-v1,figure6_supp,fdr_ratio_atlas_r2_c3,$N_{cal}$ by anomaly rate,7,heatmap_cell,standard_conformal_bh,finite_k1,pi1_sweep,-0.6989700043360187,1.6,-0.8494850021680094,-0.5484550065040281,1.5,1.7,0.2,anomaly rate $\pi_1$,0.1,1000,0.2,,25,100,0.0,0.0,0.0,0.0,0.0,0.0861861476162833,1.0,0.7602746325,2500,finite_k1_pi1_sweep,empirical FDR / nominal alpha
tikz-v1,figure6_supp,fdr_ratio_atlas_r2_c3,$N_{cal}$ by anomaly rate,7,heatmap_cell,standard_conformal_bh,finite_k1,pi1_sweep,-0.6989700043360187,1.7999999999999998,-0.8494850021680094,-0.5484550065040281,1.7,1.9,0.2,anomaly rate $\pi_1$,0.1,1000,0.2,,25,100,0.0,0.0,0.0,0.0,0.0,-0.10720996964786837,0.0,0.7607318074999999,2500,finite_k1_pi1_sweep,empirical FDR / nominal alpha
tikz-v1,figure6_supp,fdr_ratio_atlas_r2_c3,$N_{cal}$ by anomaly rate,7,heatmap_cell,standard_conformal_bh,finite_k1,pi1_sweep,-0.6989700043360187,2.0,-0.8494850021680094,-0.5484550065040281,1.9,2.1,0.2,anomaly rate $\pi_1$,0.1,1000,0.2,,25,100,0.0,0.0,0.0,0.0,0.0,-0.3053513694466238,0.0,0.7602611525,2500,finite_k1_pi1_sweep,empirical FDR / nominal alpha
tikz-v1,figure6_supp,fdr_ratio_atlas_r2_c3,$N_{cal}$ by anomaly rate,7,heatmap_cell,standard_conformal_bh,finite_k1,pi1_sweep,-0.6989700043360187,2.2,-0.8494850021680094,-0.5484550065040281,2.1,2.3,0.2,anomaly rate $\pi_1$,0.1,1000,0.2,,25,100,0.0,0.0,0.0,0.0,0.0,-0.5024271199844327,0.0,0.75963168,2500,finite_k1_pi1_sweep,empirical FDR / nominal alpha
tikz-v1,figure6_supp,fdr_ratio_atlas_r2_c3,$N_{cal}$ by anomaly rate,7,heatmap_cell,standard_conformal_bh,finite_k1,pi1_sweep,-0.6989700043360187,2.4,-0.8494850021680094,-0.5484550065040281,2.3,2.5,0.2,anomaly rate $\pi_1$,0.1,1000,0.2,,25,100,0.10132219679518926,0.10132219679518926,0.004449999999999999,0.0292,0.010132219679518927,-0.7024305364455253,0.0,0.7605624275,2500,finite_k1_pi1_sweep,empirical FDR / nominal alpha
tikz-v1,figure6_supp,fdr_ratio_atlas_r2_c3,$N_{cal}$ by anomaly rate,7,heatmap_cell,standard_conformal_bh,finite_k1,pi1_sweep,-0.6989700043360187,2.6,-0.8494850021680094,-0.5484550065040281,2.5,2.7,0.2,anomaly rate $\pi_1$,0.1,1000,0.2,,25,100,0.0834513940524246,0.0834513940524246,0.002954,0.028,0.00834513940524246,-0.9020028913507294,0.0,0.7602153125,2500,finite_k1_pi1_sweep,empirical FDR / nominal alpha
tikz-v1,figure6_supp,fdr_ratio_atlas_r2_c3,$N_{cal}$ by anomaly rate,7,heatmap_cell,standard_conformal_bh,finite_k1,pi1_sweep,-0.6989700043360187,2.8,-0.8494850021680094,-0.5484550065040281,2.7,2.9,0.2,anomaly rate $\pi_1$,0.1,1000,0.2,,25,100,0.12260374577263121,0.12260374577263121,0.003432,0.0444,0.012260374577263122,-1.1017470739463662,0.0,0.7602350025,2500,finite_k1_pi1_sweep,empirical FDR / nominal alpha
tikz-v1,figure6_supp,fdr_ratio_atlas_r2_c3,$N_{cal}$ by anomaly rate,7,heatmap_cell,standard_conformal_bh,finite_k1,pi1_sweep,-0.6989700043360187,3.0,-0.8494850021680094,-0.5484550065040281,2.9,3.0999999999999996,0.2,anomaly rate $\pi_1$,0.1,1000,0.2,,25,100,0.19161019827737094,0.19161019827737094,0.00468,0.0936,0.019161019827737096,-1.3014640731432998,0.0,0.7599158175,2500,finite_k1_pi1_sweep,empirical FDR / nominal alpha
tikz-v1,figure6_supp,fdr_ratio_atlas_r2_c3,$N_{cal}$ by anomaly rate,7,heatmap_cell,standard_conformal_bh,finite_k1,pi1_sweep,-0.6989700043360187,3.1999999999999997,-0.8494850021680094,-0.5484550065040281,3.0999999999999996,3.3,0.2,anomaly rate $\pi_1$,0.1,1000,0.2,,25,100,0.14284800567509545,0.14284800567509545,0.003058,0.0632,0.014284800567509547,-1.5013331786455661,0.0,0.7603907575000001,2500,finite_k1_pi1_sweep,empirical FDR / nominal alpha
tikz-v1,figure6_supp,fdr_ratio_atlas_r2_c3,$N_{cal}$ by anomaly rate,7,heatmap_cell,standard_conformal_bh,finite_k1,pi1_sweep,-0.6989700043360187,3.4,-0.8494850021680094,-0.5484550065040281,3.3,3.5,0.2,anomaly rate $\pi_1$,0.1,1000,0.2,,25,100,0.47204685206434427,0.47204685206434427,0.007178,0.2688,0.04720468520643443,-1.701222484256557,0.0,0.76057785,2500,finite_k1_pi1_sweep,empirical FDR / nominal alpha
tikz-v1,figure6_supp,fdr_ratio_atlas_r2_c3,$N_{cal}$ by anomaly rate,7,heatmap_cell,standard_conformal_bh,finite_k1,pi1_sweep,-0.6989700043360187,3.6,-0.8494850021680094,-0.5484550065040281,3.5,3.7,0.2,anomaly rate $\pi_1$,0.1,1000,0.2,,25,100,0.3999488847753553,0.3999488847753553,0.005786,0.24,0.03999488847753553,-1.901131251355372,0.0,0.759696695,2500,finite_k1_pi1_sweep,empirical FDR / nominal alpha
tikz-v1,figure6_supp,fdr_ratio_atlas_r2_c3,$N_{cal}$ by anomaly rate,7,heatmap_cell,standard_conformal_bh,finite_k1,pi1_sweep,-0.6989700043360187,3.8,-0.8494850021680094,-0.5484550065040281,3.7,3.8999999999999995,0.2,anomaly rate $\pi_1$,0.1,1000,0.2,,25,100,0.4944759212744002,0.4944759212744002,0.006188,0.3112,0.04944759212744002,-2.101128175838757,0.0,0.7605207675,2500,finite_k1_pi1_sweep,empirical FDR / nominal alpha
tikz-v1,figure6_supp,fdr_ratio_atlas_r2_c3,$N_{cal}$ by anomaly rate,7,heatmap_cell,standard_conformal_bh,finite_k1,pi1_sweep,-0.6989700043360187,3.9999999999999996,-0.8494850021680094,-0.5484550065040281,3.8999999999999995,4.1,0.2,anomaly rate $\pi_1$,0.1,1000,0.2,,25,100,0.6889167580785227,0.6889167580785227,0.007166,0.5192,0.06889167580785227,-2.301073422940844,0.0,0.7599653124999999,2500,finite_k1_pi1_sweep,empirical FDR / nominal alpha
tikz-v1,figure6_supp,fdr_ratio_atlas_r3_c4,$N_{cal}$ by FDR level,12,heatmap_cell,standard_conformal_bh,finite_k2,alpha_sweep,-2.0,1.4,-2.1989700043360187,-1.8010299956639813,1.3,1.5,0.01,nominal FDR $\alpha$,0.01,1000,0.05,,25,100,0.0,0.0,0.0,0.0,0.0,1.8860566476931633,1.0,0.9223281600000001,2500,finite_k2_alpha_sweep,empirical FDR / nominal alpha
tikz-v1,figure6_supp,fdr_ratio_atlas_r3_c4,$N_{cal}$ by FDR level,12,heatmap_cell,standard_conformal_bh,finite_k2,alpha_sweep,-2.0,1.6,-2.1989700043360187,-1.8010299956639813,1.5,1.7,0.01,nominal FDR $\alpha$,0.01,1000,0.05,,25,100,0.0,0.0,0.0,0.0,0.0,1.6882461389442458,1.0,0.9218509052631579,2500,finite_k2_alpha_sweep,empirical FDR / nominal alpha
tikz-v1,figure6_supp,fdr_ratio_atlas_r3_c4,$N_{cal}$ by FDR level,12,heatmap_cell,standard_conformal_bh,finite_k2,alpha_sweep,-2.0,1.7999999999999998,-2.1989700043360187,-1.8010299956639813,1.7,1.9,0.01,nominal FDR $\alpha$,0.01,1000,0.05,,25,100,0.0,0.0,0.0,0.0,0.0,1.494850021680094,1.0,0.9214911915789474,2500,finite_k2_alpha_sweep,empirical FDR / nominal alpha
tikz-v1,figure6_supp,fdr_ratio_atlas_r3_c4,$N_{cal}$ by FDR level,12,heatmap_cell,standard_conformal_bh,finite_k2,alpha_sweep,-2.0,2.0,-2.1989700043360187,-1.8010299956639813,1.9,2.1,0.01,nominal FDR $\alpha$,0.01,1000,0.05,,25,100,0.0,0.0,0.0,0.0,0.0,1.2967086218813386,1.0,0.9209912926315789,2500,finite_k2_alpha_sweep,empirical FDR / nominal alpha
tikz-v1,figure6_supp,fdr_ratio_atlas_r3_c4,$N_{cal}$ by FDR level,12,heatmap_cell,standard_conformal_bh,finite_k2,alpha_sweep,-2.0,2.2,-2.1989700043360187,-1.8010299956639813,2.1,2.3,0.01,nominal FDR $\alpha$,0.01,1000,0.05,,25,100,0.0,0.0,0.0,0.0,0.0,1.0996328713435297,1.0,0.921573734736842,2500,finite_k2_alpha_sweep,empirical FDR / nominal alpha
tikz-v1,figure6_supp,fdr_ratio_atlas_r3_c4,$N_{cal}$ by FDR level,12,heatmap_cell,standard_conformal_bh,finite_k2,alpha_sweep,-2.0,2.4,-2.1989700043360187,-1.8010299956639813,2.3,2.5,0.01,nominal FDR $\alpha$,0.01,1000,0.05,,25,100,0.0,0.0,0.0,0.0,0.0,0.8996294548824371,1.0,0.92120064,2500,finite_k2_alpha_sweep,empirical FDR / nominal alpha
tikz-v1,figure6_supp,fdr_ratio_atlas_r3_c4,$N_{cal}$ by FDR level,12,heatmap_cell,standard_conformal_bh,finite_k2,alpha_sweep,-2.0,2.6,-2.1989700043360187,-1.8010299956639813,2.5,2.7,0.01,nominal FDR $\alpha$,0.01,1000,0.05,,25,100,0.0,0.0,0.0,0.0,0.0,0.700057099977233,1.0,0.921867427368421,2500,finite_k2_alpha_sweep,empirical FDR / nominal alpha
tikz-v1,figure6_supp,fdr_ratio_atlas_r3_c4,$N_{cal}$ by FDR level,12,heatmap_cell,standard_conformal_bh,finite_k2,alpha_sweep,-2.0,2.8,-2.1989700043360187,-1.8010299956639813,2.7,2.9,0.01,nominal FDR $\alpha$,0.01,1000,0.05,,25,100,0.0,0.0,0.0,0.0,0.0,0.5003129173815962,1.0,0.9212211115789473,2500,finite_k2_alpha_sweep,empirical FDR / nominal alpha
tikz-v1,figure6_supp,fdr_ratio_atlas_r3_c4,$N_{cal}$ by FDR level,12,heatmap_cell,standard_conformal_bh,finite_k2,alpha_sweep,-2.0,3.0,-2.1989700043360187,-1.8010299956639813,2.9,3.0999999999999996,0.01,nominal FDR $\alpha$,0.01,1000,0.05,,25,100,0.0,0.0,0.0,0.0,0.0,0.3005959181846626,1.0,0.9208627957894736,2500,finite_k2_alpha_sweep,empirical FDR / nominal alpha
tikz-v1,figure6_supp,fdr_ratio_atlas_r3_c4,$N_{cal}$ by FDR level,12,heatmap_cell,standard_conformal_bh,finite_k2,alpha_sweep,-2.0,3.1999999999999997,-2.1989700043360187,-1.8010299956639813,3.0999999999999996,3.3,0.01,nominal FDR $\alpha$,0.01,1000,0.05,,25,100,0.0,0.0,0.0,0.0,0.0,0.10072681268239621,1.0,0.9212903410526316,2500,finite_k2_alpha_sweep,empirical FDR / nominal alpha
tikz-v1,figure6_supp,fdr_ratio_atlas_r3_c4,$N_{cal}$ by FDR level,12,heatmap_cell,standard_conformal_bh,finite_k2,alpha_sweep,-2.0,3.4,-2.1989700043360187,-1.8010299956639813,3.3,3.5,0.01,nominal FDR $\alpha$,0.01,1000,0.05,,25,100,0.0,0.0,0.0,0.0,0.0,-0.09916249292859479,0.0,0.9218681347368419,2500,finite_k2_alpha_sweep,empirical FDR / nominal alpha
tikz-v1,figure6_supp,fdr_ratio_atlas_r3_c4,$N_{cal}$ by FDR level,12,heatmap_cell,standard_conformal_bh,finite_k2,alpha_sweep,-2.0,3.6,-2.1989700043360187,-1.8010299956639813,3.5,3.7,0.01,nominal FDR $\alpha$,0.01,1000,0.05,,25,100,0.0,0.0,0.0,0.0,0.0,-0.2990712600274095,0.0,0.9204669810526317,2500,finite_k2_alpha_sweep,empirical FDR / nominal alpha
tikz-v1,figure6_supp,fdr_ratio_atlas_r3_c4,$N_{cal}$ by FDR level,12,heatmap_cell,standard_conformal_bh,finite_k2,alpha_sweep,-2.0,3.8,-2.1989700043360187,-1.8010299956639813,3.7,3.8999999999999995,0.01,nominal FDR $\alpha$,0.01,1000,0.05,,25,100,0.0,0.0,0.0,0.0,0.0,-0.4990681845107945,0.0,0.9212487915789473,2500,finite_k2_alpha_sweep,empirical FDR / nominal alpha
tikz-v1,figure6_supp,fdr_ratio_atlas_r3_c4,$N_{cal}$ by FDR level,12,heatmap_cell,standard_conformal_bh,finite_k2,alpha_sweep,-2.0,3.9999999999999996,-2.1989700043360187,-1.8010299956639813,3.8999999999999995,4.1,0.01,nominal FDR $\alpha$,0.01,1000,0.05,,25,100,0.008,0.008,6.4e-05,0.0004,8e-05,-0.6990134316128814,0.0,0.9211973136842105,2500,finite_k2_alpha_sweep,empirical FDR / nominal alpha
tikz-v1,figure6_supp,fdr_ratio_atlas_r3_c4,$N_{cal}$ by FDR level,12,heatmap_cell,standard_conformal_bh,finite_k2,alpha_sweep,-1.6020599913279623,1.4,-1.8010299956639813,-1.4515449934959719,1.3,1.5,0.025,nominal FDR $\alpha$,0.025,1000,0.05,,25,100,0.0,0.0,0.0,0.0,0.0,1.4881166390211256,1.0,0.9215584757894738,2500,finite_k2_alpha_sweep,empirical FDR / nominal alpha
tikz-v1,figure6_supp,fdr_ratio_atlas_r3_c4,$N_{cal}$ by FDR level,12,heatmap_cell,standard_conformal_bh,finite_k2,alpha_sweep,-1.6020599913279623,1.6,-1.8010299956639813,-1.4515449934959719,1.5,1.7,0.025,nominal FDR $\alpha$,0.025,1000,0.05,,25,100,0.0,0.0,0.0,0.0,0.0,1.290306130272208,1.0,0.9212181978947368,2500,finite_k2_alpha_sweep,empirical FDR / nominal alpha
tikz-v1,figure6_supp,fdr_ratio_atlas_r3_c4,$N_{cal}$ by FDR level,12,heatmap_cell,standard_conformal_bh,finite_k2,alpha_sweep,-1.6020599913279623,1.7999999999999998,-1.8010299956639813,-1.4515449934959719,1.7,1.9,0.025,nominal FDR $\alpha$,0.025,1000,0.05,,25,100,0.0,0.0,0.0,0.0,0.0,1.0969100130080565,1.0,0.9213866357894738,2500,finite_k2_alpha_sweep,empirical FDR / nominal alpha
tikz-v1,figure6_supp,fdr_ratio_atlas_r3_c4,$N_{cal}$ by FDR level,12,heatmap_cell,standard_conformal_bh,finite_k2,alpha_sweep,-1.6020599913279623,2.0,-1.8010299956639813,-1.4515449934959719,1.9,2.1,0.025,nominal FDR $\alpha$,0.025,1000,0.05,,25,100,0.0,0.0,0.0,0.0,0.0,0.898768613209301,1.0,0.9214708294736842,2500,finite_k2_alpha_sweep,empirical FDR / nominal alpha
tikz-v1,figure6_supp,fdr_ratio_atlas_r3_c4,$N_{cal}$ by FDR level,12,heatmap_cell,standard_conformal_bh,finite_k2,alpha_sweep,-1.6020599913279623,2.2,-1.8010299956639813,-1.4515449934959719,2.1,2.3,0.025,nominal FDR $\alpha$,0.025,1000,0.05,,25,100,0.0,0.0,0.0,0.0,0.0,0.7016928626714921,1.0,0.921246787368421,2500,finite_k2_alpha_sweep,empirical FDR / nominal alpha
tikz-v1,figure6_supp,fdr_ratio_atlas_r3_c4,$N_{cal}$ by FDR level,12,heatmap_cell,standard_conformal_bh,finite_k2,alpha_sweep,-1.6020599913279623,2.4,-1.8010299956639813,-1.4515449934959719,2.3,2.5,0.025,nominal FDR $\alpha$,0.025,1000,0.05,,25,100,0.0,0.0,0.0,0.0,0.0,0.5016894462103995,1.0,0.9207615157894735,2500,finite_k2_alpha_sweep,empirical FDR / nominal alpha
tikz-v1,figure6_supp,fdr_ratio_atlas_r3_c4,$N_{cal}$ by FDR level,12,heatmap_cell,standard_conformal_bh,finite_k2,alpha_sweep,-1.6020599913279623,2.6,-1.8010299956639813,-1.4515449934959719,2.5,2.7,0.025,nominal FDR $\alpha$,0.025,1000,0.05,,25,100,0.0,0.0,0.0,0.0,0.0,0.3021170913051953,1.0,0.9210728757894736,2500,finite_k2_alpha_sweep,empirical FDR / nominal alpha
tikz-v1,figure6_supp,fdr_ratio_atlas_r3_c4,$N_{cal}$ by FDR level,12,heatmap_cell,standard_conformal_bh,finite_k2,alpha_sweep,-1.6020599913279623,2.8,-1.8010299956639813,-1.4515449934959719,2.7,2.9,0.025,nominal FDR $\alpha$,0.025,1000,0.05,,25,100,0.0,0.0,0.0,0.0,0.0,0.10237290870955852,1.0,0.9216421557894737,2500,finite_k2_alpha_sweep,empirical FDR / nominal alpha
tikz-v1,figure6_supp,fdr_ratio_atlas_r3_c4,$N_{cal}$ by FDR level,12,heatmap_cell,standard_conformal_bh,finite_k2,alpha_sweep,-1.6020599913279623,3.0,-1.8010299956639813,-1.4515449934959719,2.9,3.0999999999999996,0.025,nominal FDR $\alpha$,0.025,1000,0.05,,25,100,0.0,0.0,0.0,0.0,0.0,-0.09734409048737504,0.0,0.9208719073684212,2500,finite_k2_alpha_sweep,empirical FDR / nominal alpha
tikz-v1,figure6_supp,fdr_ratio_atlas_r3_c4,$N_{cal}$ by FDR level,12,heatmap_cell,standard_conformal_bh,finite_k2,alpha_sweep,-1.6020599913279623,3.1999999999999997,-1.8010299956639813,-1.4515449934959719,3.0999999999999996,3.3,0.025,nominal FDR $\alpha$,0.025,1000,0.05,,25,100,0.0,0.0,0.0,0.0,0.0,-0.2972131959896414,0.0,0.9213766063157894,2500,finite_k2_alpha_sweep,empirical FDR / nominal alpha
tikz-v1,figure6_supp,fdr_ratio_atlas_r3_c4,$N_{cal}$ by FDR level,12,heatmap_cell,standard_conformal_bh,finite_k2,alpha_sweep,-1.6020599913279623,3.4,-1.8010299956639813,-1.4515449934959719,3.3,3.5,0.025,nominal FDR $\alpha$,0.025,1000,0.05,,25,100,0.0,0.0,0.0,0.0,0.0,-0.4971025016006324,0.0,0.9214224336842104,2500,finite_k2_alpha_sweep,empirical FDR / nominal alpha
tikz-v1,figure6_supp,fdr_ratio_atlas_r3_c4,$N_{cal}$ by FDR level,12,heatmap_cell,standard_conformal_bh,finite_k2,alpha_sweep,-1.6020599913279623,3.6,-1.8010299956639813,-1.4515449934959719,3.5,3.7,0.025,nominal FDR $\alpha$,0.025,1000,0.05,,25,100,0.1044270396270396,0.1044270396270396,0.004632000000000001,0.0224,0.0026106759906759903,-0.6970112686994471,0.0,0.9210816589473683,2500,finite_k2_alpha_sweep,empirical FDR / nominal alpha
tikz-v1,figure6_supp,fdr_ratio_atlas_r3_c4,$N_{cal}$ by FDR level,12,heatmap_cell,standard_conformal_bh,finite_k2,alpha_sweep,-1.6020599913279623,3.8,-1.8010299956639813,-1.4515449934959719,3.7,3.8999999999999995,0.025,nominal FDR $\alpha$,0.025,1000,0.05,,25,100,0.2150250194250194,0.2150250194250194,0.008896000000000001,0.06,0.005375625485625485,-0.8970081931828321,0.0,0.9210670063157893,2500,finite_k2_alpha_sweep,empirical FDR / nominal alpha
tikz-v1,figure6_supp,fdr_ratio_atlas_r3_c4,$N_{cal}$ by FDR level,12,heatmap_cell,standard_conformal_bh,finite_k2,alpha_sweep,-1.6020599913279623,3.9999999999999996,-1.8010299956639813,-1.4515449934959719,3.8999999999999995,4.1,0.025,nominal FDR $\alpha$,0.025,1000,0.05,,25,100,0.4066390276390276,0.4066390276390276,0.019352,0.1808,0.01016597569097569,-1.096953440284919,0.0,0.9214396378947367,2500,finite_k2_alpha_sweep,empirical FDR / nominal alpha
tikz-v1,figure6_supp,fdr_ratio_atlas_r3_c4,$N_{cal}$ by FDR level,12,heatmap_cell,standard_conformal_bh,finite_k2,alpha_sweep,-1.3010299956639813,1.4,-1.4515449934959719,-1.1505149978319906,1.3,1.5,0.05,nominal FDR $\alpha$,0.05,1000,0.05,,25,100,0.0,0.0,0.0,0.0,0.0,1.1870866433571445,1.0,0.9213670063157894,2500,finite_k2_alpha_sweep,empirical FDR / nominal alpha
tikz-v1,figure6_supp,fdr_ratio_atlas_r3_c4,$N_{cal}$ by FDR level,12,heatmap_cell,standard_conformal_bh,finite_k2,alpha_sweep,-1.3010299956639813,1.6,-1.4515449934959719,-1.1505149978319906,1.5,1.7,0.05,nominal FDR $\alpha$,0.05,1000,0.05,,25,100,0.0,0.0,0.0,0.0,0.0,0.9892761346082268,1.0,0.9205286484210526,2500,finite_k2_alpha_sweep,empirical FDR / nominal alpha
tikz-v1,figure6_supp,fdr_ratio_atlas_r3_c4,$N_{cal}$ by FDR level,12,heatmap_cell,standard_conformal_bh,finite_k2,alpha_sweep,-1.3010299956639813,1.7999999999999998,-1.4515449934959719,-1.1505149978319906,1.7,1.9,0.05,nominal FDR $\alpha$,0.05,1000,0.05,,25,100,0.0,0.0,0.0,0.0,0.0,0.7958800173440752,1.0,0.9210376757894737,2500,finite_k2_alpha_sweep,empirical FDR / nominal alpha
tikz-v1,figure6_supp,fdr_ratio_atlas_r3_c4,$N_{cal}$ by FDR level,12,heatmap_cell,standard_conformal_bh,finite_k2,alpha_sweep,-1.3010299956639813,2.0,-1.4515449934959719,-1.1505149978319906,1.9,2.1,0.05,nominal FDR $\alpha$,0.05,1000,0.05,,25,100,0.0,0.0,0.0,0.0,0.0,0.5977386175453198,1.0,0.9217867031578948,2500,finite_k2_alpha_sweep,empirical FDR / nominal alpha
tikz-v1,figure6_supp,fdr_ratio_atlas_r3_c4,$N_{cal}$ by FDR level,12,heatmap_cell,standard_conformal_bh,finite_k2,alpha_sweep,-1.3010299956639813,2.2,-1.4515449934959719,-1.1505149978319906,2.1,2.3,0.05,nominal FDR $\alpha$,0.05,1000,0.05,,25,100,0.0,0.0,0.0,0.0,0.0,0.4006628670075109,1.0,0.9216805305263157,2500,finite_k2_alpha_sweep,empirical FDR / nominal alpha
tikz-v1,figure6_supp,fdr_ratio_atlas_r3_c4,$N_{cal}$ by FDR level,12,heatmap_cell,standard_conformal_bh,finite_k2,alpha_sweep,-1.3010299956639813,2.4,-1.4515449934959719,-1.1505149978319906,2.3,2.5,0.05,nominal FDR $\alpha$,0.05,1000,0.05,,25,100,0.0,0.0,0.0,0.0,0.0,0.20065945054641826,1.0,0.9204767494736843,2500,finite_k2_alpha_sweep,empirical FDR / nominal alpha
tikz-v1,figure6_supp,fdr_ratio_atlas_r3_c4,$N_{cal}$ by FDR level,12,heatmap_cell,standard_conformal_bh,finite_k2,alpha_sweep,-1.3010299956639813,2.6,-1.4515449934959719,-1.1505149978319906,2.5,2.7,0.05,nominal FDR $\alpha$,0.05,1000,0.05,,25,100,0.0,0.0,0.0,0.0,0.0,0.0010870956412141369,1.0,0.9209448926315789,2500,finite_k2_alpha_sweep,empirical FDR / nominal alpha
tikz-v1,figure6_supp,fdr_ratio_atlas_r3_c4,$N_{cal}$ by FDR level,12,heatmap_cell,standard_conformal_bh,finite_k2,alpha_sweep,-1.3010299956639813,2.8,-1.4515449934959719,-1.1505149978319906,2.7,2.9,0.05,nominal FDR $\alpha$,0.05,1000,0.05,,25,100,0.056525469954881724,0.056525469954881724,0.0034799999999999996,0.008,0.002826273497744086,-0.19865708695442266,0.0,0.9206362189473682,2500,finite_k2_alpha_sweep,empirical FDR / nominal alpha
tikz-v1,figure6_supp,fdr_ratio_atlas_r3_c4,$N_{cal}$ by FDR level,12,heatmap_cell,standard_conformal_bh,finite_k2,alpha_sweep,-1.3010299956639813,3.0,-1.4515449934959719,-1.1505149978319906,2.9,3.0999999999999996,0.05,nominal FDR $\alpha$,0.05,1000,0.05,,25,100,0.02938238283455675,0.02938238283455675,0.002264,0.0068,0.0014691191417278374,-0.3983740861513562,0.0,0.9215527915789474,2500,finite_k2_alpha_sweep,empirical FDR / nominal alpha
tikz-v1,figure6_supp,fdr_ratio_atlas_r3_c4,$N_{cal}$ by FDR level,12,heatmap_cell,standard_conformal_bh,finite_k2,alpha_sweep,-1.3010299956639813,3.1999999999999997,-1.4515449934959719,-1.1505149978319906,3.0999999999999996,3.3,0.05,nominal FDR $\alpha$,0.05,1000,0.05,,25,100,0.13520950209808738,0.13520950209808738,0.010112,0.0404,0.00676047510490437,-0.5982431916536226,0.0,0.9212208421052632,2500,finite_k2_alpha_sweep,empirical FDR / nominal alpha
tikz-v1,figure6_supp,fdr_ratio_atlas_r3_c4,$N_{cal}$ by FDR level,12,heatmap_cell,standard_conformal_bh,finite_k2,alpha_sweep,-1.3010299956639813,3.4,-1.4515449934959719,-1.1505149978319906,3.3,3.5,0.05,nominal FDR $\alpha$,0.05,1000,0.05,,25,100,0.27798092626327914,0.27798092626327914,0.023144,0.1388,0.013899046313163958,-0.7981324972646135,0.0,0.9210540631578947,2500,finite_k2_alpha_sweep,empirical FDR / nominal alpha
tikz-v1,figure6_supp,fdr_ratio_atlas_r3_c4,$N_{cal}$ by FDR level,12,heatmap_cell,standard_conformal_bh,finite_k2,alpha_sweep,-1.3010299956639813,3.6,-1.4515449934959719,-1.1505149978319906,3.5,3.7,0.05,nominal FDR $\alpha$,0.05,1000,0.05,,25,100,0.3378493813376166,0.3378493813376166,0.025984000000000004,0.174,0.01689246906688083,-0.9980412643634283,0.0,0.9211147789473686,2500,finite_k2_alpha_sweep,empirical FDR / nominal alpha
tikz-v1,figure6_supp,fdr_ratio_atlas_r3_c4,$N_{cal}$ by FDR level,12,heatmap_cell,standard_conformal_bh,finite_k2,alpha_sweep,-1.3010299956639813,3.8,-1.4515449934959719,-1.1505149978319906,3.7,3.8999999999999995,0.05,nominal FDR $\alpha$,0.05,1000,0.05,,25,100,0.4423405744582215,0.4423405744582215,0.035512,0.2988,0.022117028722911075,-1.1980381888468132,0.0,0.9215005389473685,2500,finite_k2_alpha_sweep,empirical FDR / nominal alpha
tikz-v1,figure6_supp,fdr_ratio_atlas_r3_c4,$N_{cal}$ by FDR level,12,heatmap_cell,standard_conformal_bh,finite_k2,alpha_sweep,-1.3010299956639813,3.9999999999999996,-1.4515449934959719,-1.1505149978319906,3.8999999999999995,4.1,0.05,nominal FDR $\alpha$,0.05,1000,0.05,,25,100,1.0370597701232376,1.0370597701232376,0.072144,0.7132,0.051852988506161886,-1.3979834359489003,0.0,0.9220119831578948,2500,finite_k2_alpha_sweep,empirical FDR / nominal alpha
tikz-v1,figure6_supp,fdr_ratio_atlas_r3_c4,$N_{cal}$ by FDR level,12,heatmap_cell,standard_conformal_bh,finite_k2,alpha_sweep,-1.0,1.4,-1.1505149978319906,-0.8494850021680094,1.3,1.5,0.1,nominal FDR $\alpha$,0.1,1000,0.05,,25,100,0.0,0.0,0.0,0.0,0.0,0.8860566476931633,1.0,0.9207751831578945,2500,finite_k2_alpha_sweep,empirical FDR / nominal alpha
tikz-v1,figure6_supp,fdr_ratio_atlas_r3_c4,$N_{cal}$ by FDR level,12,heatmap_cell,standard_conformal_bh,finite_k2,alpha_sweep,-1.0,1.6,-1.1505149978319906,-0.8494850021680094,1.5,1.7,0.1,nominal FDR $\alpha$,0.1,1000,0.05,,25,100,0.0,0.0,0.0,0.0,0.0,0.6882461389442457,1.0,0.9216085389473685,2500,finite_k2_alpha_sweep,empirical FDR / nominal alpha
tikz-v1,figure6_supp,fdr_ratio_atlas_r3_c4,$N_{cal}$ by FDR level,12,heatmap_cell,standard_conformal_bh,finite_k2,alpha_sweep,-1.0,1.7999999999999998,-1.1505149978319906,-0.8494850021680094,1.7,1.9,0.1,nominal FDR $\alpha$,0.1,1000,0.05,,25,100,0.0,0.0,0.0,0.0,0.0,0.494850021680094,1.0,0.9216078652631579,2500,finite_k2_alpha_sweep,empirical FDR / nominal alpha
tikz-v1,figure6_supp,fdr_ratio_atlas_r3_c4,$N_{cal}$ by FDR level,12,heatmap_cell,standard_conformal_bh,finite_k2,alpha_sweep,-1.0,2.0,-1.1505149978319906,-0.8494850021680094,1.9,2.1,0.1,nominal FDR $\alpha$,0.1,1000,0.05,,25,100,0.0,0.0,0.0,0.0,0.0,0.2967086218813386,1.0,0.9210754947368421,2500,finite_k2_alpha_sweep,empirical FDR / nominal alpha
tikz-v1,figure6_supp,fdr_ratio_atlas_r3_c4,$N_{cal}$ by FDR level,12,heatmap_cell,standard_conformal_bh,finite_k2,alpha_sweep,-1.0,2.2,-1.1505149978319906,-0.8494850021680094,2.1,2.3,0.1,nominal FDR $\alpha$,0.1,1000,0.05,,25,100,0.0,0.0,0.0,0.0,0.0,0.09963287134352969,1.0,0.9211894400000001,2500,finite_k2_alpha_sweep,empirical FDR / nominal alpha
tikz-v1,figure6_supp,fdr_ratio_atlas_r3_c4,$N_{cal}$ by FDR level,12,heatmap_cell,standard_conformal_bh,finite_k2,alpha_sweep,-1.0,2.4,-1.1505149978319906,-0.8494850021680094,2.3,2.5,0.1,nominal FDR $\alpha$,0.1,1000,0.05,,25,100,0.008984240508971082,0.008984240508971082,0.001256,0.0024,0.0008984240508971082,-0.10037054511756292,0.0,0.9211313010526315,2500,finite_k2_alpha_sweep,empirical FDR / nominal alpha
tikz-v1,figure6_supp,fdr_ratio_atlas_r3_c4,$N_{cal}$ by FDR level,12,heatmap_cell,standard_conformal_bh,finite_k2,alpha_sweep,-1.0,2.6,-1.1505149978319906,-0.8494850021680094,2.5,2.7,0.1,nominal FDR $\alpha$,0.1,1000,0.05,,25,100,0.11783481471671617,0.11783481471671617,0.013784000000000001,0.0356,0.011783481471671617,-0.2999429000227671,0.0,0.9212077136842105,2500,finite_k2_alpha_sweep,empirical FDR / nominal alpha
tikz-v1,figure6_supp,fdr_ratio_atlas_r3_c4,$N_{cal}$ by FDR level,12,heatmap_cell,standard_conformal_bh,finite_k2,alpha_sweep,-1.0,2.8,-1.1505149978319906,-0.8494850021680094,2.7,2.9,0.1,nominal FDR $\alpha$,0.1,1000,0.05,,25,100,0.34879782606325876,0.34879782606325876,0.045352,0.1404,0.034879782606325876,-0.4996870826184039,0.0,0.921499082105263,2500,finite_k2_alpha_sweep,empirical FDR / nominal alpha
tikz-v1,figure6_supp,fdr_ratio_atlas_r3_c4,$N_{cal}$ by FDR level,12,heatmap_cell,standard_conformal_bh,finite_k2,alpha_sweep,-1.0,3.0,-1.1505149978319906,-0.8494850021680094,2.9,3.0999999999999996,0.1,nominal FDR $\alpha$,0.1,1000,0.05,,25,100,0.7760773152618123,0.7760773152618123,0.09655200000000001,0.3888,0.07760773152618124,-0.6994040818153374,0.0,0.9223104168421052,2500,finite_k2_alpha_sweep,empirical FDR / nominal alpha
tikz-v1,figure6_supp,fdr_ratio_atlas_r3_c4,$N_{cal}$ by FDR level,12,heatmap_cell,standard_conformal_bh,finite_k2,alpha_sweep,-1.0,3.1999999999999997,-1.1505149978319906,-0.8494850021680094,3.0999999999999996,3.3,0.1,nominal FDR $\alpha$,0.1,1000,0.05,,25,100,0.6509970623116382,0.6509970623116382,0.088104,0.4376,0.06509970623116383,-0.8992731873176038,0.0,0.9216611789473683,2500,finite_k2_alpha_sweep,empirical FDR / nominal alpha
tikz-v1,figure6_supp,fdr_ratio_atlas_r3_c4,$N_{cal}$ by FDR level,12,heatmap_cell,standard_conformal_bh,finite_k2,alpha_sweep,-1.0,3.4,-1.1505149978319906,-0.8494850021680094,3.3,3.5,0.1,nominal FDR $\alpha$,0.1,1000,0.05,,25,100,0.7264304584774639,0.7264304584774639,0.093488,0.5468,0.07264304584774639,-1.0991624929285948,0.0,0.9213106021052632,2500,finite_k2_alpha_sweep,empirical FDR / nominal alpha
tikz-v1,figure6_supp,fdr_ratio_atlas_r3_c4,$N_{cal}$ by FDR level,12,heatmap_cell,standard_conformal_bh,finite_k2,alpha_sweep,-1.0,3.6,-1.1505149978319906,-0.8494850021680094,3.5,3.7,0.1,nominal FDR $\alpha$,0.1,1000,0.05,,25,100,0.692117867333822,0.692117867333822,0.09010399999999999,0.6424,0.0692117867333822,-1.2990712600274095,0.0,0.921241734736842,2500,finite_k2_alpha_sweep,empirical FDR / nominal alpha
tikz-v1,figure6_supp,fdr_ratio_atlas_r3_c4,$N_{cal}$ by FDR level,12,heatmap_cell,standard_conformal_bh,finite_k2,alpha_sweep,-1.0,3.8,-1.1505149978319906,-0.8494850021680094,3.7,3.8999999999999995,0.1,nominal FDR $\alpha$,0.1,1000,0.05,,25,100,1.0217470253276633,1.0217470253276633,0.12980799999999998,0.9144,0.10217470253276634,-1.4990681845107945,0.0,0.9213367915789473,2500,finite_k2_alpha_sweep,empirical FDR / nominal alpha
tikz-v1,figure6_supp,fdr_ratio_atlas_r3_c4,$N_{cal}$ by FDR level,12,heatmap_cell,standard_conformal_bh,finite_k2,alpha_sweep,-1.0,3.9999999999999996,-1.1505149978319906,-0.8494850021680094,3.8999999999999995,4.1,0.1,nominal FDR $\alpha$,0.1,1000,0.05,,25,100,0.9323335556583826,0.9323335556583826,0.117752,0.9108,0.09323335556583827,-1.6990134316128815,0.0,0.9214056421052632,2500,finite_k2_alpha_sweep,empirical FDR / nominal alpha
tikz-v1,figure6_supp,fdr_ratio_atlas_r3_c4,$N_{cal}$ by FDR level,12,heatmap_cell,standard_conformal_bh,finite_k2,alpha_sweep,-0.6989700043360187,1.4,-0.8494850021680094,-0.5484550065040281,1.3,1.5,0.2,nominal FDR $\alpha$,0.2,1000,0.05,,25,100,0.0,0.0,0.0,0.0,0.0,0.585026652029182,1.0,0.9209666189473684,2500,finite_k2_alpha_sweep,empirical FDR / nominal alpha
tikz-v1,figure6_supp,fdr_ratio_atlas_r3_c4,$N_{cal}$ by FDR level,12,heatmap_cell,standard_conformal_bh,finite_k2,alpha_sweep,-0.6989700043360187,1.6,-0.8494850021680094,-0.5484550065040281,1.5,1.7,0.2,nominal FDR $\alpha$,0.2,1000,0.05,,25,100,0.0,0.0,0.0,0.0,0.0,0.3872161432802645,1.0,0.9211322947368422,2500,finite_k2_alpha_sweep,empirical FDR / nominal alpha
tikz-v1,figure6_supp,fdr_ratio_atlas_r3_c4,$N_{cal}$ by FDR level,12,heatmap_cell,standard_conformal_bh,finite_k2,alpha_sweep,-0.6989700043360187,1.7999999999999998,-0.8494850021680094,-0.5484550065040281,1.7,1.9,0.2,nominal FDR $\alpha$,0.2,1000,0.05,,25,100,0.014269325613629006,0.014269325613629006,0.0031520000000000003,0.0048,0.0028538651227258014,0.19382002601611284,1.0,0.9217118484210525,2500,finite_k2_alpha_sweep,empirical FDR / nominal alpha
tikz-v1,figure6_supp,fdr_ratio_atlas_r3_c4,$N_{cal}$ by FDR level,12,heatmap_cell,standard_conformal_bh,finite_k2,alpha_sweep,-0.6989700043360187,2.0,-0.8494850021680094,-0.5484550065040281,1.9,2.1,0.2,nominal FDR $\alpha$,0.2,1000,0.05,,25,100,0.3394134497812605,0.3394134497812605,0.073976,0.1104,0.0678826899562521,-0.004321373782642578,0.0,0.9213591326315789,2500,finite_k2_alpha_sweep,empirical FDR / nominal alpha
tikz-v1,figure6_supp,fdr_ratio_atlas_r3_c4,$N_{cal}$ by FDR level,12,heatmap_cell,standard_conformal_bh,finite_k2,alpha_sweep,-0.6989700043360187,2.2,-0.8494850021680094,-0.5484550065040281,2.1,2.3,0.2,nominal FDR $\alpha$,0.2,1000,0.05,,25,100,0.6205225873326534,0.6205225873326534,0.13733599999999999,0.2516,0.1241045174665307,-0.2013971243204515,0.0,0.9214240505263158,2500,finite_k2_alpha_sweep,empirical FDR / nominal alpha
tikz-v1,figure6_supp,fdr_ratio_atlas_r3_c4,$N_{cal}$ by FDR level,12,heatmap_cell,standard_conformal_bh,finite_k2,alpha_sweep,-0.6989700043360187,2.4,-0.8494850021680094,-0.5484550065040281,2.3,2.5,0.2,nominal FDR $\alpha$,0.2,1000,0.05,,25,100,0.5803304205446629,0.5803304205446629,0.13419199999999998,0.3224,0.11606608410893259,-0.40140054078154414,0.0,0.9219052799999997,2500,finite_k2_alpha_sweep,empirical FDR / nominal alpha
tikz-v1,figure6_supp,fdr_ratio_atlas_r3_c4,$N_{cal}$ by FDR level,12,heatmap_cell,standard_conformal_bh,finite_k2,alpha_sweep,-0.6989700043360187,2.6,-0.8494850021680094,-0.5484550065040281,2.5,2.7,0.2,nominal FDR $\alpha$,0.2,1000,0.05,,25,100,0.6108796118176565,0.6108796118176565,0.145952,0.4324,0.1221759223635313,-0.6009728956867483,0.0,0.9213778694736844,2500,finite_k2_alpha_sweep,empirical FDR / nominal alpha
tikz-v1,figure6_supp,fdr_ratio_atlas_r3_c4,$N_{cal}$ by FDR level,12,heatmap_cell,standard_conformal_bh,finite_k2,alpha_sweep,-0.6989700043360187,2.8,-0.8494850021680094,-0.5484550065040281,2.7,2.9,0.2,nominal FDR $\alpha$,0.2,1000,0.05,,25,100,0.8623755399757475,0.8623755399757475,0.20822399999999996,0.702,0.1724751079951495,-0.800717078282385,0.0,0.9216601515789474,2500,finite_k2_alpha_sweep,empirical FDR / nominal alpha
tikz-v1,figure6_supp,fdr_ratio_atlas_r3_c4,$N_{cal}$ by FDR level,12,heatmap_cell,standard_conformal_bh,finite_k2,alpha_sweep,-0.6989700043360187,3.0,-0.8494850021680094,-0.5484550065040281,2.9,3.0999999999999996,0.2,nominal FDR $\alpha$,0.2,1000,0.05,,25,100,0.6348872962264033,0.6348872962264033,0.159896,0.7312,0.12697745924528067,-1.0004340774793186,0.0,0.9212828799999999,2500,finite_k2_alpha_sweep,empirical FDR / nominal alpha
tikz-v1,figure6_supp,fdr_ratio_atlas_r3_c4,$N_{cal}$ by FDR level,12,heatmap_cell,standard_conformal_bh,finite_k2,alpha_sweep,-0.6989700043360187,3.1999999999999997,-0.8494850021680094,-0.5484550065040281,3.0999999999999996,3.3,0.2,nominal FDR $\alpha$,0.2,1000,0.05,,25,100,0.8902923193281435,0.8902923193281435,0.213952,0.884,0.1780584638656287,-1.200303182981585,0.0,0.9212261305263159,2500,finite_k2_alpha_sweep,empirical FDR / nominal alpha
tikz-v1,figure6_supp,fdr_ratio_atlas_r3_c4,$N_{cal}$ by FDR level,12,heatmap_cell,standard_conformal_bh,finite_k2,alpha_sweep,-0.6989700043360187,3.4,-0.8494850021680094,-0.5484550065040281,3.3,3.5,0.2,nominal FDR $\alpha$,0.2,1000,0.05,,25,100,0.8687250633308947,0.8687250633308947,0.214088,0.916,0.17374501266617895,-1.400192488592576,0.0,0.921685002105263,2500,finite_k2_alpha_sweep,empirical FDR / nominal alpha
tikz-v1,figure6_supp,fdr_ratio_atlas_r3_c4,$N_{cal}$ by FDR level,12,heatmap_cell,standard_conformal_bh,finite_k2,alpha_sweep,-0.6989700043360187,3.6,-0.8494850021680094,-0.5484550065040281,3.5,3.7,0.2,nominal FDR $\alpha$,0.2,1000,0.05,,25,100,0.9065161519056604,0.9065161519056604,0.21980000000000005,0.9388,0.18130323038113208,-1.6001012556913907,0.0,0.9215851115789475,2500,finite_k2_alpha_sweep,empirical FDR / nominal alpha
tikz-v1,figure6_supp,fdr_ratio_atlas_r3_c4,$N_{cal}$ by FDR level,12,heatmap_cell,standard_conformal_bh,finite_k2,alpha_sweep,-0.6989700043360187,3.8,-0.8494850021680094,-0.5484550065040281,3.7,3.8999999999999995,0.2,nominal FDR $\alpha$,0.2,1000,0.05,,25,100,0.8905416473069839,0.8905416473069839,0.21138400000000002,0.9704,0.1781083294613968,-1.8000981801747757,0.0,0.9220636294736841,2500,finite_k2_alpha_sweep,empirical FDR / nominal alpha
tikz-v1,figure6_supp,fdr_ratio_atlas_r3_c4,$N_{cal}$ by FDR level,12,heatmap_cell,standard_conformal_bh,finite_k2,alpha_sweep,-0.6989700043360187,3.9999999999999996,-0.8494850021680094,-0.5484550065040281,3.8999999999999995,4.1,0.2,nominal FDR $\alpha$,0.2,1000,0.05,,25,100,0.9907470472149968,0.9907470472149968,0.23232799999999998,0.9928,0.19814940944299939,-2.0000434272768626,0.0,0.9210939200000001,2500,finite_k2_alpha_sweep,empirical FDR / nominal alpha
tikz-v1,figure6_supp,fdr_ratio_atlas_r3_c2,$N_{cal}$ by $m$; fixed 10 anomalies,10,heatmap_cell,standard_conformal_bh,finite_k2,m_fixed_count,1.6989700043360187,1.4,1.5484550065040281,1.8494850021680094,1.3,1.5,50.0,test batch size $m$,0.1,50,,10.0,25,100,0.0024,0.0024,0.00032,0.0004,0.00023999999999999998,0.28399665636520083,1.0,0.9211880000000001,2500,finite_k2_m_fixed_count,empirical FDR / nominal alpha
tikz-v1,figure6_supp,fdr_ratio_atlas_r3_c2,$N_{cal}$ by $m$; fixed 10 anomalies,10,heatmap_cell,standard_conformal_bh,finite_k2,m_fixed_count,1.6989700043360187,1.6,1.5484550065040281,1.8494850021680094,1.5,1.7,50.0,test batch size $m$,0.1,50,,10.0,25,100,0.008615384615384615,0.008615384615384615,0.002,0.0024,0.0008615384615384615,0.0861861476162833,1.0,0.9196639999999999,2500,finite_k2_m_fixed_count,empirical FDR / nominal alpha
tikz-v1,figure6_supp,fdr_ratio_atlas_r3_c2,$N_{cal}$ by $m$; fixed 10 anomalies,10,heatmap_cell,standard_conformal_bh,finite_k2,m_fixed_count,1.6989700043360187,1.7999999999999998,1.5484550065040281,1.8494850021680094,1.7,1.9,50.0,test batch size $m$,0.1,50,,10.0,25,100,0.4810185481185481,0.4810185481185481,0.1464,0.2104,0.04810185481185481,-0.10720996964786837,0.0,0.919441,2500,finite_k2_m_fixed_count,empirical FDR / nominal alpha
tikz-v1,figure6_supp,fdr_ratio_atlas_r3_c2,$N_{cal}$ by $m$; fixed 10 anomalies,10,heatmap_cell,standard_conformal_bh,finite_k2,m_fixed_count,1.6989700043360187,2.0,1.5484550065040281,1.8494850021680094,1.9,2.1,50.0,test batch size $m$,0.1,50,,10.0,25,100,0.6511362970362969,0.6511362970362969,0.25424,0.4432,0.0651136297036297,-0.3053513694466238,0.0,0.921307,2500,finite_k2_m_fixed_count,empirical FDR / nominal alpha
tikz-v1,figure6_supp,fdr_ratio_atlas_r3_c2,$N_{cal}$ by $m$; fixed 10 anomalies,10,heatmap_cell,standard_conformal_bh,finite_k2,m_fixed_count,1.6989700043360187,2.2,1.5484550065040281,1.8494850021680094,2.1,2.3,50.0,test batch size $m$,0.1,50,,10.0,25,100,0.30950468420468413,0.30950468420468413,0.14952000000000001,0.302,0.030950468420468415,-0.5024271199844327,0.0,0.920703,2500,finite_k2_m_fixed_count,empirical FDR / nominal alpha
tikz-v1,figure6_supp,fdr_ratio_atlas_r3_c2,$N_{cal}$ by $m$; fixed 10 anomalies,10,heatmap_cell,standard_conformal_bh,finite_k2,m_fixed_count,1.6989700043360187,2.4,1.5484550065040281,1.8494850021680094,2.3,2.5,50.0,test batch size $m$,0.1,50,,10.0,25,100,0.6214135642135641,0.6214135642135641,0.29423999999999995,0.7308,0.06214135642135642,-0.7024305364455253,0.0,0.9207310000000001,2500,finite_k2_m_fixed_count,empirical FDR / nominal alpha
tikz-v1,figure6_supp,fdr_ratio_atlas_r3_c2,$N_{cal}$ by $m$; fixed 10 anomalies,10,heatmap_cell,standard_conformal_bh,finite_k2,m_fixed_count,1.6989700043360187,2.6,1.5484550065040281,1.8494850021680094,2.5,2.7,50.0,test batch size $m$,0.1,50,,10.0,25,100,0.7634386502386501,0.7634386502386501,0.34176,0.758,0.07634386502386502,-0.9020028913507294,0.0,0.921509,2500,finite_k2_m_fixed_count,empirical FDR / nominal alpha
tikz-v1,figure6_supp,fdr_ratio_atlas_r3_c2,$N_{cal}$ by $m$; fixed 10 anomalies,10,heatmap_cell,standard_conformal_bh,finite_k2,m_fixed_count,1.6989700043360187,2.8,1.5484550065040281,1.8494850021680094,2.7,2.9,50.0,test batch size $m$,0.1,50,,10.0,25,100,0.8536572316572316,0.8536572316572316,0.36748000000000003,0.8912,0.08536572316572316,-1.1017470739463662,0.0,0.9214070000000002,2500,finite_k2_m_fixed_count,empirical FDR / nominal alpha
tikz-v1,figure6_supp,fdr_ratio_atlas_r3_c2,$N_{cal}$ by $m$; fixed 10 anomalies,10,heatmap_cell,standard_conformal_bh,finite_k2,m_fixed_count,1.6989700043360187,3.0,1.5484550065040281,1.8494850021680094,2.9,3.0999999999999996,50.0,test batch size $m$,0.1,50,,10.0,25,100,0.847890909090909,0.847890909090909,0.35672000000000004,0.9168,0.08478909090909091,-1.3014640731432998,0.0,0.9215110000000001,2500,finite_k2_m_fixed_count,empirical FDR / nominal alpha
tikz-v1,figure6_supp,fdr_ratio_atlas_r3_c2,$N_{cal}$ by $m$; fixed 10 anomalies,10,heatmap_cell,standard_conformal_bh,finite_k2,m_fixed_count,1.6989700043360187,3.1999999999999997,1.5484550065040281,1.8494850021680094,3.0999999999999996,3.3,50.0,test batch size $m$,0.1,50,,10.0,25,100,0.7808183705183704,0.7808183705183704,0.3424,0.896,0.07808183705183705,-1.5013331786455661,0.0,0.9189639999999999,2500,finite_k2_m_fixed_count,empirical FDR / nominal alpha
tikz-v1,figure6_supp,fdr_ratio_atlas_r3_c2,$N_{cal}$ by $m$; fixed 10 anomalies,10,heatmap_cell,standard_conformal_bh,finite_k2,m_fixed_count,1.6989700043360187,3.4,1.5484550065040281,1.8494850021680094,3.3,3.5,50.0,test batch size $m$,0.1,50,,10.0,25,100,0.9111866133866132,0.9111866133866132,0.36983999999999995,0.9352,0.09111866133866132,-1.701222484256557,0.0,0.920752,2500,finite_k2_m_fixed_count,empirical FDR / nominal alpha
tikz-v1,figure6_supp,fdr_ratio_atlas_r3_c2,$N_{cal}$ by $m$; fixed 10 anomalies,10,heatmap_cell,standard_conformal_bh,finite_k2,m_fixed_count,1.6989700043360187,3.6,1.5484550065040281,1.8494850021680094,3.5,3.7,50.0,test batch size $m$,0.1,50,,10.0,25,100,0.7414173160173158,0.7414173160173158,0.35352,0.9008,0.07414173160173158,-1.901131251355372,0.0,0.9216220000000002,2500,finite_k2_m_fixed_count,empirical FDR / nominal alpha
tikz-v1,figure6_supp,fdr_ratio_atlas_r3_c2,$N_{cal}$ by $m$; fixed 10 anomalies,10,heatmap_cell,standard_conformal_bh,finite_k2,m_fixed_count,1.6989700043360187,3.8,1.5484550065040281,1.8494850021680094,3.7,3.8999999999999995,50.0,test batch size $m$,0.1,50,,10.0,25,100,0.8641322102733867,0.8641322102733867,0.36132,0.9224,0.08641322102733867,-2.101128175838757,0.0,0.9214459999999999,2500,finite_k2_m_fixed_count,empirical FDR / nominal alpha
tikz-v1,figure6_supp,fdr_ratio_atlas_r3_c2,$N_{cal}$ by $m$; fixed 10 anomalies,10,heatmap_cell,standard_conformal_bh,finite_k2,m_fixed_count,1.6989700043360187,3.9999999999999996,1.5484550065040281,1.8494850021680094,3.8999999999999995,4.1,50.0,test batch size $m$,0.1,50,,10.0,25,100,0.7808187257187257,0.7808187257187257,0.36168,0.9172,0.07808187257187257,-2.301073422940844,0.0,0.9217139999999999,2500,finite_k2_m_fixed_count,empirical FDR / nominal alpha
tikz-v1,figure6_supp,fdr_ratio_atlas_r3_c2,$N_{cal}$ by $m$; fixed 10 anomalies,10,heatmap_cell,standard_conformal_bh,finite_k2,m_fixed_count,2.0,1.4,1.8494850021680094,2.1505149978319906,1.3,1.5,100.0,test batch size $m$,0.1,100,,10.0,25,100,0.0,0.0,0.0,0.0,0.0,0.585026652029182,1.0,0.9202875555555554,2500,finite_k2_m_fixed_count,empirical FDR / nominal alpha
tikz-v1,figure6_supp,fdr_ratio_atlas_r3_c2,$N_{cal}$ by $m$; fixed 10 anomalies,10,heatmap_cell,standard_conformal_bh,finite_k2,m_fixed_count,2.0,1.6,1.8494850021680094,2.1505149978319906,1.5,1.7,100.0,test batch size $m$,0.1,100,,10.0,25,100,0.0,0.0,0.0,0.0,0.0,0.3872161432802645,1.0,0.9225928888888888,2500,finite_k2_m_fixed_count,empirical FDR / nominal alpha
tikz-v1,figure6_supp,fdr_ratio_atlas_r3_c2,$N_{cal}$ by $m$; fixed 10 anomalies,10,heatmap_cell,standard_conformal_bh,finite_k2,m_fixed_count,2.0,1.7999999999999998,1.8494850021680094,2.1505149978319906,1.7,1.9,100.0,test batch size $m$,0.1,100,,10.0,25,100,0.09413427709201702,0.09413427709201702,0.013879999999999998,0.0176,0.009413427709201703,0.19382002601611284,1.0,0.9224591111111112,2500,finite_k2_m_fixed_count,empirical FDR / nominal alpha
tikz-v1,figure6_supp,fdr_ratio_atlas_r3_c2,$N_{cal}$ by $m$; fixed 10 anomalies,10,heatmap_cell,standard_conformal_bh,finite_k2,m_fixed_count,2.0,2.0,1.8494850021680094,2.1505149978319906,1.9,2.1,100.0,test batch size $m$,0.1,100,,10.0,25,100,0.13803053417171066,0.13803053417171066,0.024679999999999997,0.0364,0.013803053417171066,-0.004321373782642578,0.0,0.9222231111111112,2500,finite_k2_m_fixed_count,empirical FDR / nominal alpha
tikz-v1,figure6_supp,fdr_ratio_atlas_r3_c2,$N_{cal}$ by $m$; fixed 10 anomalies,10,heatmap_cell,standard_conformal_bh,finite_k2,m_fixed_count,2.0,2.2,1.8494850021680094,2.1505149978319906,2.1,2.3,100.0,test batch size $m$,0.1,100,,10.0,25,100,0.23866948606948604,0.23866948606948604,0.0462,0.082,0.023866948606948605,-0.2013971243204515,0.0,0.9211031111111111,2500,finite_k2_m_fixed_count,empirical FDR / nominal alpha
tikz-v1,figure6_supp,fdr_ratio_atlas_r3_c2,$N_{cal}$ by $m$; fixed 10 anomalies,10,heatmap_cell,standard_conformal_bh,finite_k2,m_fixed_count,2.0,2.4,1.8494850021680094,2.1505149978319906,2.3,2.5,100.0,test batch size $m$,0.1,100,,10.0,25,100,0.84714985014985,0.84714985014985,0.193,0.4136,0.084714985014985,-0.40140054078154414,0.0,0.9219391111111112,2500,finite_k2_m_fixed_count,empirical FDR / nominal alpha
tikz-v1,figure6_supp,fdr_ratio_atlas_r3_c2,$N_{cal}$ by $m$; fixed 10 anomalies,10,heatmap_cell,standard_conformal_bh,finite_k2,m_fixed_count,2.0,2.6,1.8494850021680094,2.1505149978319906,2.5,2.7,100.0,test batch size $m$,0.1,100,,10.0,25,100,0.46571616161616153,0.46571616161616153,0.14304,0.376,0.046571616161616154,-0.6009728956867483,0.0,0.9231995555555556,2500,finite_k2_m_fixed_count,empirical FDR / nominal alpha
tikz-v1,figure6_supp,fdr_ratio_atlas_r3_c2,$N_{cal}$ by $m$; fixed 10 anomalies,10,heatmap_cell,standard_conformal_bh,finite_k2,m_fixed_count,2.0,2.8,1.8494850021680094,2.1505149978319906,2.7,2.9,100.0,test batch size $m$,0.1,100,,10.0,25,100,0.6770665445665445,0.6770665445665445,0.18652,0.5172,0.06770665445665446,-0.800717078282385,0.0,0.9216031111111112,2500,finite_k2_m_fixed_count,empirical FDR / nominal alpha
tikz-v1,figure6_supp,fdr_ratio_atlas_r3_c2,$N_{cal}$ by $m$; fixed 10 anomalies,10,heatmap_cell,standard_conformal_bh,finite_k2,m_fixed_count,2.0,3.0,1.8494850021680094,2.1505149978319906,2.9,3.0999999999999996,100.0,test batch size $m$,0.1,100,,10.0,25,100,0.9030705627705626,0.9030705627705626,0.2366,0.7592,0.09030705627705626,-1.0004340774793186,0.0,0.9219466666666667,2500,finite_k2_m_fixed_count,empirical FDR / nominal alpha
tikz-v1,figure6_supp,fdr_ratio_atlas_r3_c2,$N_{cal}$ by $m$; fixed 10 anomalies,10,heatmap_cell,standard_conformal_bh,finite_k2,m_fixed_count,2.0,3.1999999999999997,1.8494850021680094,2.1505149978319906,3.0999999999999996,3.3,100.0,test batch size $m$,0.1,100,,10.0,25,100,0.8249966588966587,0.8249966588966587,0.23312,0.764,0.08249966588966588,-1.200303182981585,0.0,0.9222204444444444,2500,finite_k2_m_fixed_count,empirical FDR / nominal alpha
tikz-v1,figure6_supp,fdr_ratio_atlas_r3_c2,$N_{cal}$ by $m$; fixed 10 anomalies,10,heatmap_cell,standard_conformal_bh,finite_k2,m_fixed_count,2.0,3.4,1.8494850021680094,2.1505149978319906,3.3,3.5,100.0,test batch size $m$,0.1,100,,10.0,25,100,0.740015873015873,0.740015873015873,0.22128,0.7728,0.0740015873015873,-1.400192488592576,0.0,0.9220257777777777,2500,finite_k2_m_fixed_count,empirical FDR / nominal alpha
tikz-v1,figure6_supp,fdr_ratio_atlas_r3_c2,$N_{cal}$ by $m$; fixed 10 anomalies,10,heatmap_cell,standard_conformal_bh,finite_k2,m_fixed_count,2.0,3.6,1.8494850021680094,2.1505149978319906,3.5,3.7,100.0,test batch size $m$,0.1,100,,10.0,25,100,0.8162936507936508,0.8162936507936508,0.2274,0.7808,0.08162936507936508,-1.6001012556913907,0.0,0.9199991111111111,2500,finite_k2_m_fixed_count,empirical FDR / nominal alpha
tikz-v1,figure6_supp,fdr_ratio_atlas_r3_c2,$N_{cal}$ by $m$; fixed 10 anomalies,10,heatmap_cell,standard_conformal_bh,finite_k2,m_fixed_count,2.0,3.8,1.8494850021680094,2.1505149978319906,3.7,3.8999999999999995,100.0,test batch size $m$,0.1,100,,10.0,25,100,0.9056056166056166,0.9056056166056166,0.2408,0.804,0.09056056166056166,-1.8000981801747757,0.0,0.9223079999999998,2500,finite_k2_m_fixed_count,empirical FDR / nominal alpha
tikz-v1,figure6_supp,fdr_ratio_atlas_r3_c2,$N_{cal}$ by $m$; fixed 10 anomalies,10,heatmap_cell,standard_conformal_bh,finite_k2,m_fixed_count,2.0,3.9999999999999996,1.8494850021680094,2.1505149978319906,3.8999999999999995,4.1,100.0,test batch size $m$,0.1,100,,10.0,25,100,0.8600324675324674,0.8600324675324674,0.24456,0.8204,0.08600324675324675,-2.0000434272768626,0.0,0.9220004444444445,2500,finite_k2_m_fixed_count,empirical FDR / nominal alpha
tikz-v1,figure6_supp,fdr_ratio_atlas_r3_c2,$N_{cal}$ by $m$; fixed 10 anomalies,10,heatmap_cell,standard_conformal_bh,finite_k2,m_fixed_count,2.3010299956639813,1.4,2.1505149978319906,2.5,1.3,1.5,200.0,test batch size $m$,0.1,200,,10.0,25,100,0.0,0.0,0.0,0.0,0.0,0.8860566476931633,1.0,0.9221831578947367,2500,finite_k2_m_fixed_count,empirical FDR / nominal alpha
tikz-v1,figure6_supp,fdr_ratio_atlas_r3_c2,$N_{cal}$ by $m$; fixed 10 anomalies,10,heatmap_cell,standard_conformal_bh,finite_k2,m_fixed_count,2.3010299956639813,1.6,2.1505149978319906,2.5,1.5,1.7,200.0,test batch size $m$,0.1,200,,10.0,25,100,0.0,0.0,0.0,0.0,0.0,0.6882461389442457,1.0,0.9220427368421052,2500,finite_k2_m_fixed_count,empirical FDR / nominal alpha
tikz-v1,figure6_supp,fdr_ratio_atlas_r3_c2,$N_{cal}$ by $m$; fixed 10 anomalies,10,heatmap_cell,standard_conformal_bh,finite_k2,m_fixed_count,2.3010299956639813,1.7999999999999998,2.1505149978319906,2.5,1.7,1.9,200.0,test batch size $m$,0.1,200,,10.0,25,100,0.0,0.0,0.0,0.0,0.0,0.494850021680094,1.0,0.9224128421052632,2500,finite_k2_m_fixed_count,empirical FDR / nominal alpha
tikz-v1,figure6_supp,fdr_ratio_atlas_r3_c2,$N_{cal}$ by $m$; fixed 10 anomalies,10,heatmap_cell,standard_conformal_bh,finite_k2,m_fixed_count,2.3010299956639813,2.0,2.1505149978319906,2.5,1.9,2.1,200.0,test batch size $m$,0.1,200,,10.0,25,100,0.0,0.0,0.0,0.0,0.0,0.2967086218813386,1.0,0.9221888421052631,2500,finite_k2_m_fixed_count,empirical FDR / nominal alpha
tikz-v1,figure6_supp,fdr_ratio_atlas_r3_c2,$N_{cal}$ by $m$; fixed 10 anomalies,10,heatmap_cell,standard_conformal_bh,finite_k2,m_fixed_count,2.3010299956639813,2.2,2.1505149978319906,2.5,2.1,2.3,200.0,test batch size $m$,0.1,200,,10.0,25,100,0.12105343675931912,0.12105343675931912,0.01384,0.022,0.012105343675931912,0.09963287134352969,1.0,0.9204983157894738,2500,finite_k2_m_fixed_count,empirical FDR / nominal alpha
tikz-v1,figure6_supp,fdr_ratio_atlas_r3_c2,$N_{cal}$ by $m$; fixed 10 anomalies,10,heatmap_cell,standard_conformal_bh,finite_k2,m_fixed_count,2.3010299956639813,2.4,2.1505149978319906,2.5,2.3,2.5,200.0,test batch size $m$,0.1,200,,10.0,25,100,0.10777272727272727,0.10777272727272727,0.015360000000000002,0.0288,0.010777272727272727,-0.10037054511756292,0.0,0.9204515789473684,2500,finite_k2_m_fixed_count,empirical FDR / nominal alpha
tikz-v1,figure6_supp,fdr_ratio_atlas_r3_c2,$N_{cal}$ by $m$; fixed 10 anomalies,10,heatmap_cell,standard_conformal_bh,finite_k2,m_fixed_count,2.3010299956639813,2.6,2.1505149978319906,2.5,2.5,2.7,200.0,test batch size $m$,0.1,200,,10.0,25,100,0.1512062271062271,0.1512062271062271,0.022600000000000002,0.048,0.015120622710622712,-0.2999429000227671,0.0,0.9201846315789473,2500,finite_k2_m_fixed_count,empirical FDR / nominal alpha
tikz-v1,figure6_supp,fdr_ratio_atlas_r3_c2,$N_{cal}$ by $m$; fixed 10 anomalies,10,heatmap_cell,standard_conformal_bh,finite_k2,m_fixed_count,2.3010299956639813,2.8,2.1505149978319906,2.5,2.7,2.9,200.0,test batch size $m$,0.1,200,,10.0,25,100,0.28563827773533657,0.28563827773533657,0.047159999999999994,0.1196,0.02856382777353366,-0.4996870826184039,0.0,0.9210749473684209,2500,finite_k2_m_fixed_count,empirical FDR / nominal alpha
tikz-v1,figure6_supp,fdr_ratio_atlas_r3_c2,$N_{cal}$ by $m$; fixed 10 anomalies,10,heatmap_cell,standard_conformal_bh,finite_k2,m_fixed_count,2.3010299956639813,3.0,2.1505149978319906,2.5,2.9,3.0999999999999996,200.0,test batch size $m$,0.1,200,,10.0,25,100,0.7987896103896103,0.7987896103896103,0.137,0.4972,0.07987896103896103,-0.6994040818153374,0.0,0.9202292631578948,2500,finite_k2_m_fixed_count,empirical FDR / nominal alpha
tikz-v1,figure6_supp,fdr_ratio_atlas_r3_c2,$N_{cal}$ by $m$; fixed 10 anomalies,10,heatmap_cell,standard_conformal_bh,finite_k2,m_fixed_count,2.3010299956639813,3.1999999999999997,2.1505149978319906,2.5,3.0999999999999996,3.3,200.0,test batch size $m$,0.1,200,,10.0,25,100,0.6080461760461761,0.6080461760461761,0.1074,0.354,0.060804617604617604,-0.8992731873176038,0.0,0.9198846315789473,2500,finite_k2_m_fixed_count,empirical FDR / nominal alpha
tikz-v1,figure6_supp,fdr_ratio_atlas_r3_c2,$N_{cal}$ by $m$; fixed 10 anomalies,10,heatmap_cell,standard_conformal_bh,finite_k2,m_fixed_count,2.3010299956639813,3.4,2.1505149978319906,2.5,3.3,3.5,200.0,test batch size $m$,0.1,200,,10.0,25,100,0.7447968253968253,0.7447968253968253,0.13192,0.6028,0.07447968253968254,-1.0991624929285948,0.0,0.9210086315789473,2500,finite_k2_m_fixed_count,empirical FDR / nominal alpha
tikz-v1,figure6_supp,fdr_ratio_atlas_r3_c2,$N_{cal}$ by $m$; fixed 10 anomalies,10,heatmap_cell,standard_conformal_bh,finite_k2,m_fixed_count,2.3010299956639813,3.6,2.1505149978319906,2.5,3.5,3.7,200.0,test batch size $m$,0.1,200,,10.0,25,100,0.732421212121212,0.732421212121212,0.12836,0.526,0.0732421212121212,-1.2990712600274095,0.0,0.9198136842105263,2500,finite_k2_m_fixed_count,empirical FDR / nominal alpha
tikz-v1,figure6_supp,fdr_ratio_atlas_r3_c2,$N_{cal}$ by $m$; fixed 10 anomalies,10,heatmap_cell,standard_conformal_bh,finite_k2,m_fixed_count,2.3010299956639813,3.8,2.1505149978319906,2.5,3.7,3.8999999999999995,200.0,test batch size $m$,0.1,200,,10.0,25,100,0.8151910533910534,0.8151910533910534,0.14736,0.6892,0.08151910533910534,-1.4990681845107945,0.0,0.9216892631578947,2500,finite_k2_m_fixed_count,empirical FDR / nominal alpha
tikz-v1,figure6_supp,fdr_ratio_atlas_r3_c2,$N_{cal}$ by $m$; fixed 10 anomalies,10,heatmap_cell,standard_conformal_bh,finite_k2,m_fixed_count,2.3010299956639813,3.9999999999999996,2.1505149978319906,2.5,3.8999999999999995,4.1,200.0,test batch size $m$,0.1,200,,10.0,25,100,0.8778101010101008,0.8778101010101008,0.15368,0.6932,0.08778101010101008,-1.6990134316128815,0.0,0.9202168421052632,2500,finite_k2_m_fixed_count,empirical FDR / nominal alpha
tikz-v1,figure6_supp,fdr_ratio_atlas_r3_c2,$N_{cal}$ by $m$; fixed 10 anomalies,10,heatmap_cell,standard_conformal_bh,finite_k2,m_fixed_count,2.6989700043360187,1.4,2.5,2.8494850021680094,1.3,1.5,500.0,test batch size $m$,0.1,500,,10.0,25,100,0.0,0.0,0.0,0.0,0.0,1.2839966563652008,1.0,0.9218822040816326,2500,finite_k2_m_fixed_count,empirical FDR / nominal alpha
tikz-v1,figure6_supp,fdr_ratio_atlas_r3_c2,$N_{cal}$ by $m$; fixed 10 anomalies,10,heatmap_cell,standard_conformal_bh,finite_k2,m_fixed_count,2.6989700043360187,1.6,2.5,2.8494850021680094,1.5,1.7,500.0,test batch size $m$,0.1,500,,10.0,25,100,0.0,0.0,0.0,0.0,0.0,1.0861861476162833,1.0,0.9206479999999999,2500,finite_k2_m_fixed_count,empirical FDR / nominal alpha
tikz-v1,figure6_supp,fdr_ratio_atlas_r3_c2,$N_{cal}$ by $m$; fixed 10 anomalies,10,heatmap_cell,standard_conformal_bh,finite_k2,m_fixed_count,2.6989700043360187,1.7999999999999998,2.5,2.8494850021680094,1.7,1.9,500.0,test batch size $m$,0.1,500,,10.0,25,100,0.0,0.0,0.0,0.0,0.0,0.8927900303521317,1.0,0.922219836734694,2500,finite_k2_m_fixed_count,empirical FDR / nominal alpha
tikz-v1,figure6_supp,fdr_ratio_atlas_r3_c2,$N_{cal}$ by $m$; fixed 10 anomalies,10,heatmap_cell,standard_conformal_bh,finite_k2,m_fixed_count,2.6989700043360187,2.0,2.5,2.8494850021680094,1.9,2.1,500.0,test batch size $m$,0.1,500,,10.0,25,100,0.0,0.0,0.0,0.0,0.0,0.6946486305533762,1.0,0.9209873469387756,2500,finite_k2_m_fixed_count,empirical FDR / nominal alpha
tikz-v1,figure6_supp,fdr_ratio_atlas_r3_c2,$N_{cal}$ by $m$; fixed 10 anomalies,10,heatmap_cell,standard_conformal_bh,finite_k2,m_fixed_count,2.6989700043360187,2.2,2.5,2.8494850021680094,2.1,2.3,500.0,test batch size $m$,0.1,500,,10.0,25,100,0.0,0.0,0.0,0.0,0.0,0.4975728800155673,1.0,0.9200098775510204,2500,finite_k2_m_fixed_count,empirical FDR / nominal alpha
tikz-v1,figure6_supp,fdr_ratio_atlas_r3_c2,$N_{cal}$ by $m$; fixed 10 anomalies,10,heatmap_cell,standard_conformal_bh,finite_k2,m_fixed_count,2.6989700043360187,2.4,2.5,2.8494850021680094,2.3,2.5,500.0,test batch size $m$,0.1,500,,10.0,25,100,0.0,0.0,0.0,0.0,0.0,0.29756946355447467,1.0,0.920647836734694,2500,finite_k2_m_fixed_count,empirical FDR / nominal alpha
tikz-v1,figure6_supp,fdr_ratio_atlas_r3_c2,$N_{cal}$ by $m$; fixed 10 anomalies,10,heatmap_cell,standard_conformal_bh,finite_k2,m_fixed_count,2.6989700043360187,2.6,2.5,2.8494850021680094,2.5,2.7,500.0,test batch size $m$,0.1,500,,10.0,25,100,0.009340659340659339,0.009340659340659339,0.00088,0.0016,0.000934065934065934,0.09799710864927055,1.0,0.9211192653061225,2500,finite_k2_m_fixed_count,empirical FDR / nominal alpha
tikz-v1,figure6_supp,fdr_ratio_atlas_r3_c2,$N_{cal}$ by $m$; fixed 10 anomalies,10,heatmap_cell,standard_conformal_bh,finite_k2,m_fixed_count,2.6989700043360187,2.8,2.5,2.8494850021680094,2.7,2.9,500.0,test batch size $m$,0.1,500,,10.0,25,100,0.1823894236482472,0.1823894236482472,0.0162,0.036,0.01823894236482472,-0.10174707394636621,0.0,0.9218419591836735,2500,finite_k2_m_fixed_count,empirical FDR / nominal alpha
tikz-v1,figure6_supp,fdr_ratio_atlas_r3_c2,$N_{cal}$ by $m$; fixed 10 anomalies,10,heatmap_cell,standard_conformal_bh,finite_k2,m_fixed_count,2.6989700043360187,3.0,2.5,2.8494850021680094,2.9,3.0999999999999996,500.0,test batch size $m$,0.1,500,,10.0,25,100,0.0698047619047619,0.0698047619047619,0.00812,0.022,0.006980476190476191,-0.3014640731432998,0.0,0.9201439999999999,2500,finite_k2_m_fixed_count,empirical FDR / nominal alpha
tikz-v1,figure6_supp,fdr_ratio_atlas_r3_c2,$N_{cal}$ by $m$; fixed 10 anomalies,10,heatmap_cell,standard_conformal_bh,finite_k2,m_fixed_count,2.6989700043360187,3.1999999999999997,2.5,2.8494850021680094,3.0999999999999996,3.3,500.0,test batch size $m$,0.1,500,,10.0,25,100,0.4149788988788988,0.4149788988788988,0.03412,0.1088,0.04149788988788988,-0.5013331786455661,0.0,0.9219856326530613,2500,finite_k2_m_fixed_count,empirical FDR / nominal alpha
tikz-v1,figure6_supp,fdr_ratio_atlas_r3_c2,$N_{cal}$ by $m$; fixed 10 anomalies,10,heatmap_cell,standard_conformal_bh,finite_k2,m_fixed_count,2.6989700043360187,3.4,2.5,2.8494850021680094,3.3,3.5,500.0,test batch size $m$,0.1,500,,10.0,25,100,0.672604761904762,0.672604761904762,0.05852,0.2576,0.0672604761904762,-0.7012224842565572,0.0,0.9208077551020407,2500,finite_k2_m_fixed_count,empirical FDR / nominal alpha
tikz-v1,figure6_supp,fdr_ratio_atlas_r3_c2,$N_{cal}$ by $m$; fixed 10 anomalies,10,heatmap_cell,standard_conformal_bh,finite_k2,m_fixed_count,2.6989700043360187,3.6,2.5,2.8494850021680094,3.5,3.7,500.0,test batch size $m$,0.1,500,,10.0,25,100,0.6657904761904763,0.6657904761904763,0.06348,0.2712,0.06657904761904763,-0.901131251355372,0.0,0.9218408979591837,2500,finite_k2_m_fixed_count,empirical FDR / nominal alpha
tikz-v1,figure6_supp,fdr_ratio_atlas_r3_c2,$N_{cal}$ by $m$; fixed 10 anomalies,10,heatmap_cell,standard_conformal_bh,finite_k2,m_fixed_count,2.6989700043360187,3.8,2.5,2.8494850021680094,3.7,3.8999999999999995,500.0,test batch size $m$,0.1,500,,10.0,25,100,0.8360269841269841,0.8360269841269841,0.07672000000000001,0.466,0.0836026984126984,-1.1011281758387568,0.0,0.9203560816326529,2500,finite_k2_m_fixed_count,empirical FDR / nominal alpha
tikz-v1,figure6_supp,fdr_ratio_atlas_r3_c2,$N_{cal}$ by $m$; fixed 10 anomalies,10,heatmap_cell,standard_conformal_bh,finite_k2,m_fixed_count,2.6989700043360187,3.9999999999999996,2.5,2.8494850021680094,3.8999999999999995,4.1,500.0,test batch size $m$,0.1,500,,10.0,25,100,0.875883261183261,0.875883261183261,0.09064,0.5096,0.0875883261183261,-1.3010734229408438,0.0,0.9207946122448979,2500,finite_k2_m_fixed_count,empirical FDR / nominal alpha
tikz-v1,figure6_supp,fdr_ratio_atlas_r3_c2,$N_{cal}$ by $m$; fixed 10 anomalies,10,heatmap_cell,standard_conformal_bh,finite_k2,m_fixed_count,3.0,1.4,2.8494850021680094,3.1505149978319906,1.3,1.5,1000.0,test batch size $m$,0.1,1000,,10.0,25,100,0.0,0.0,0.0,0.0,0.0,1.585026652029182,1.0,0.9213966464646465,2500,finite_k2_m_fixed_count,empirical FDR / nominal alpha
tikz-v1,figure6_supp,fdr_ratio_atlas_r3_c2,$N_{cal}$ by $m$; fixed 10 anomalies,10,heatmap_cell,standard_conformal_bh,finite_k2,m_fixed_count,3.0,1.6,2.8494850021680094,3.1505149978319906,1.5,1.7,1000.0,test batch size $m$,0.1,1000,,10.0,25,100,0.0,0.0,0.0,0.0,0.0,1.3872161432802645,1.0,0.9214609696969698,2500,finite_k2_m_fixed_count,empirical FDR / nominal alpha
tikz-v1,figure6_supp,fdr_ratio_atlas_r3_c2,$N_{cal}$ by $m$; fixed 10 anomalies,10,heatmap_cell,standard_conformal_bh,finite_k2,m_fixed_count,3.0,1.7999999999999998,2.8494850021680094,3.1505149978319906,1.7,1.9,1000.0,test batch size $m$,0.1,1000,,10.0,25,100,0.0,0.0,0.0,0.0,0.0,1.193820026016113,1.0,0.9219490909090909,2500,finite_k2_m_fixed_count,empirical FDR / nominal alpha
tikz-v1,figure6_supp,fdr_ratio_atlas_r3_c2,$N_{cal}$ by $m$; fixed 10 anomalies,10,heatmap_cell,standard_conformal_bh,finite_k2,m_fixed_count,3.0,2.0,2.8494850021680094,3.1505149978319906,1.9,2.1,1000.0,test batch size $m$,0.1,1000,,10.0,25,100,0.0,0.0,0.0,0.0,0.0,0.9956786262173575,1.0,0.9206032727272726,2500,finite_k2_m_fixed_count,empirical FDR / nominal alpha
tikz-v1,figure6_supp,fdr_ratio_atlas_r3_c2,$N_{cal}$ by $m$; fixed 10 anomalies,10,heatmap_cell,standard_conformal_bh,finite_k2,m_fixed_count,3.0,2.2,2.8494850021680094,3.1505149978319906,2.1,2.3,1000.0,test batch size $m$,0.1,1000,,10.0,25,100,0.0,0.0,0.0,0.0,0.0,0.7986028756795486,1.0,0.9199404444444444,2500,finite_k2_m_fixed_count,empirical FDR / nominal alpha
tikz-v1,figure6_supp,fdr_ratio_atlas_r3_c2,$N_{cal}$ by $m$; fixed 10 anomalies,10,heatmap_cell,standard_conformal_bh,finite_k2,m_fixed_count,3.0,2.4,2.8494850021680094,3.1505149978319906,2.3,2.5,1000.0,test batch size $m$,0.1,1000,,10.0,25,100,0.0,0.0,0.0,0.0,0.0,0.5985994592184559,1.0,0.920946505050505,2500,finite_k2_m_fixed_count,empirical FDR / nominal alpha
tikz-v1,figure6_supp,fdr_ratio_atlas_r3_c2,$N_{cal}$ by $m$; fixed 10 anomalies,10,heatmap_cell,standard_conformal_bh,finite_k2,m_fixed_count,3.0,2.6,2.8494850021680094,3.1505149978319906,2.5,2.7,1000.0,test batch size $m$,0.1,1000,,10.0,25,100,0.006478632478632478,0.006478632478632478,0.0004,0.0008,0.0006478632478632479,0.3990271043132517,1.0,0.9210317575757575,2500,finite_k2_m_fixed_count,empirical FDR / nominal alpha
tikz-v1,figure6_supp,fdr_ratio_atlas_r3_c2,$N_{cal}$ by $m$; fixed 10 anomalies,10,heatmap_cell,standard_conformal_bh,finite_k2,m_fixed_count,3.0,2.8,2.8494850021680094,3.1505149978319906,2.7,2.9,1000.0,test batch size $m$,0.1,1000,,10.0,25,100,0.049191159270725836,0.049191159270725836,0.0032,0.0068,0.004919115927072584,0.199282921717615,1.0,0.9211333737373738,2500,finite_k2_m_fixed_count,empirical FDR / nominal alpha
tikz-v1,figure6_supp,fdr_ratio_atlas_r3_c2,$N_{cal}$ by $m$; fixed 10 anomalies,10,heatmap_cell,standard_conformal_bh,finite_k2,m_fixed_count,3.0,3.0,2.8494850021680094,3.1505149978319906,2.9,3.0999999999999996,1000.0,test batch size $m$,0.1,1000,,10.0,25,100,0.014733333333333331,0.014733333333333331,0.0009599999999999999,0.0024,0.0014733333333333332,-0.00043407747931862597,0.0,0.9220912323232322,2500,finite_k2_m_fixed_count,empirical FDR / nominal alpha
tikz-v1,figure6_supp,fdr_ratio_atlas_r3_c2,$N_{cal}$ by $m$; fixed 10 anomalies,10,heatmap_cell,standard_conformal_bh,finite_k2,m_fixed_count,3.0,3.1999999999999997,2.8494850021680094,3.1505149978319906,3.0999999999999996,3.3,1000.0,test batch size $m$,0.1,1000,,10.0,25,100,0.026936507936507936,0.026936507936507936,0.0015600000000000002,0.0048,0.0026936507936507936,-0.20030318298158498,0.0,0.9206501818181818,2500,finite_k2_m_fixed_count,empirical FDR / nominal alpha
tikz-v1,figure6_supp,fdr_ratio_atlas_r3_c2,$N_{cal}$ by $m$; fixed 10 anomalies,10,heatmap_cell,standard_conformal_bh,finite_k2,m_fixed_count,3.0,3.4,2.8494850021680094,3.1505149978319906,3.3,3.5,1000.0,test batch size $m$,0.1,1000,,10.0,25,100,0.2810215007215007,0.2810215007215007,0.016720000000000002,0.064,0.028102150072150073,-0.400192488592576,0.0,0.9228169292929294,2500,finite_k2_m_fixed_count,empirical FDR / nominal alpha
tikz-v1,figure6_supp,fdr_ratio_atlas_r3_c2,$N_{cal}$ by $m$; fixed 10 anomalies,10,heatmap_cell,standard_conformal_bh,finite_k2,m_fixed_count,3.0,3.6,2.8494850021680094,3.1505149978319906,3.5,3.7,1000.0,test batch size $m$,0.1,1000,,10.0,25,100,0.20368095238095235,0.20368095238095235,0.016280000000000003,0.0684,0.020368095238095237,-0.6001012556913907,0.0,0.9218084040404039,2500,finite_k2_m_fixed_count,empirical FDR / nominal alpha
tikz-v1,figure6_supp,fdr_ratio_atlas_r3_c2,$N_{cal}$ by $m$; fixed 10 anomalies,10,heatmap_cell,standard_conformal_bh,finite_k2,m_fixed_count,3.0,3.8,2.8494850021680094,3.1505149978319906,3.7,3.8999999999999995,1000.0,test batch size $m$,0.1,1000,,10.0,25,100,0.3742904761904762,0.3742904761904762,0.02648,0.1376,0.03742904761904762,-0.8000981801747756,0.0,0.922226101010101,2500,finite_k2_m_fixed_count,empirical FDR / nominal alpha
tikz-v1,figure6_supp,fdr_ratio_atlas_r3_c2,$N_{cal}$ by $m$; fixed 10 anomalies,10,heatmap_cell,standard_conformal_bh,finite_k2,m_fixed_count,3.0,3.9999999999999996,2.8494850021680094,3.1505149978319906,3.8999999999999995,4.1,1000.0,test batch size $m$,0.1,1000,,10.0,25,100,0.8901507936507936,0.8901507936507936,0.05604,0.3932,0.08901507936507937,-1.0000434272768626,0.0,0.9211977373737372,2500,finite_k2_m_fixed_count,empirical FDR / nominal alpha
tikz-v1,figure6_supp,fdr_ratio_atlas_r3_c2,$N_{cal}$ by $m$; fixed 10 anomalies,10,heatmap_cell,standard_conformal_bh,finite_k2,m_fixed_count,3.3010299956639813,1.4,3.1505149978319906,3.451544993495972,1.3,1.5,2000.0,test batch size $m$,0.1,2000,,10.0,25,100,0.0,0.0,0.0,0.0,0.0,1.8860566476931633,1.0,0.9202874773869347,2500,finite_k2_m_fixed_count,empirical FDR / nominal alpha
tikz-v1,figure6_supp,fdr_ratio_atlas_r3_c2,$N_{cal}$ by $m$; fixed 10 anomalies,10,heatmap_cell,standard_conformal_bh,finite_k2,m_fixed_count,3.3010299956639813,1.6,3.1505149978319906,3.451544993495972,1.5,1.7,2000.0,test batch size $m$,0.1,2000,,10.0,25,100,0.0,0.0,0.0,0.0,0.0,1.6882461389442458,1.0,0.9207995175879398,2500,finite_k2_m_fixed_count,empirical FDR / nominal alpha
tikz-v1,figure6_supp,fdr_ratio_atlas_r3_c2,$N_{cal}$ by $m$; fixed 10 anomalies,10,heatmap_cell,standard_conformal_bh,finite_k2,m_fixed_count,3.3010299956639813,1.7999999999999998,3.1505149978319906,3.451544993495972,1.7,1.9,2000.0,test batch size $m$,0.1,2000,,10.0,25,100,0.0,0.0,0.0,0.0,0.0,1.494850021680094,1.0,0.9228720402010049,2500,finite_k2_m_fixed_count,empirical FDR / nominal alpha
tikz-v1,figure6_supp,fdr_ratio_atlas_r3_c2,$N_{cal}$ by $m$; fixed 10 anomalies,10,heatmap_cell,standard_conformal_bh,finite_k2,m_fixed_count,3.3010299956639813,2.0,3.1505149978319906,3.451544993495972,1.9,2.1,2000.0,test batch size $m$,0.1,2000,,10.0,25,100,0.0,0.0,0.0,0.0,0.0,1.2967086218813386,1.0,0.9220457085427137,2500,finite_k2_m_fixed_count,empirical FDR / nominal alpha
tikz-v1,figure6_supp,fdr_ratio_atlas_r3_c2,$N_{cal}$ by $m$; fixed 10 anomalies,10,heatmap_cell,standard_conformal_bh,finite_k2,m_fixed_count,3.3010299956639813,2.2,3.1505149978319906,3.451544993495972,2.1,2.3,2000.0,test batch size $m$,0.1,2000,,10.0,25,100,0.0,0.0,0.0,0.0,0.0,1.0996328713435297,1.0,0.9203157788944724,2500,finite_k2_m_fixed_count,empirical FDR / nominal alpha
tikz-v1,figure6_supp,fdr_ratio_atlas_r3_c2,$N_{cal}$ by $m$; fixed 10 anomalies,10,heatmap_cell,standard_conformal_bh,finite_k2,m_fixed_count,3.3010299956639813,2.4,3.1505149978319906,3.451544993495972,2.3,2.5,2000.0,test batch size $m$,0.1,2000,,10.0,25,100,0.0,0.0,0.0,0.0,0.0,0.8996294548824371,1.0,0.9209185527638191,2500,finite_k2_m_fixed_count,empirical FDR / nominal alpha
tikz-v1,figure6_supp,fdr_ratio_atlas_r3_c2,$N_{cal}$ by $m$; fixed 10 anomalies,10,heatmap_cell,standard_conformal_bh,finite_k2,m_fixed_count,3.3010299956639813,2.6,3.1505149978319906,3.451544993495972,2.5,2.7,2000.0,test batch size $m$,0.1,2000,,10.0,25,100,0.0,0.0,0.0,0.0,0.0,0.700057099977233,1.0,0.9208634371859297,2500,finite_k2_m_fixed_count,empirical FDR / nominal alpha
tikz-v1,figure6_supp,fdr_ratio_atlas_r3_c2,$N_{cal}$ by $m$; fixed 10 anomalies,10,heatmap_cell,standard_conformal_bh,finite_k2,m_fixed_count,3.3010299956639813,2.8,3.1505149978319906,3.451544993495972,2.7,2.9,2000.0,test batch size $m$,0.1,2000,,10.0,25,100,0.0,0.0,0.0,0.0,0.0,0.5003129173815962,1.0,0.9237048643216079,2500,finite_k2_m_fixed_count,empirical FDR / nominal alpha
tikz-v1,figure6_supp,fdr_ratio_atlas_r3_c2,$N_{cal}$ by $m$; fixed 10 anomalies,10,heatmap_cell,standard_conformal_bh,finite_k2,m_fixed_count,3.3010299956639813,3.0,3.1505149978319906,3.451544993495972,2.9,3.0999999999999996,2000.0,test batch size $m$,0.1,2000,,10.0,25,100,0.0,0.0,0.0,0.0,0.0,0.3005959181846626,1.0,0.9202973266331658,2500,finite_k2_m_fixed_count,empirical FDR / nominal alpha
tikz-v1,figure6_supp,fdr_ratio_atlas_r3_c2,$N_{cal}$ by $m$; fixed 10 anomalies,10,heatmap_cell,standard_conformal_bh,finite_k2,m_fixed_count,3.3010299956639813,3.1999999999999997,3.1505149978319906,3.451544993495972,3.0999999999999996,3.3,2000.0,test batch size $m$,0.1,2000,,10.0,25,100,0.0,0.0,0.0,0.0,0.0,0.10072681268239621,1.0,0.9209481809045227,2500,finite_k2_m_fixed_count,empirical FDR / nominal alpha
tikz-v1,figure6_supp,fdr_ratio_atlas_r3_c2,$N_{cal}$ by $m$; fixed 10 anomalies,10,heatmap_cell,standard_conformal_bh,finite_k2,m_fixed_count,3.3010299956639813,3.4,3.1505149978319906,3.451544993495972,3.3,3.5,2000.0,test batch size $m$,0.1,2000,,10.0,25,100,0.04453131313131313,0.04453131313131313,0.0020399999999999997,0.0068,0.004453131313131313,-0.09916249292859479,0.0,0.9222930452261305,2500,finite_k2_m_fixed_count,empirical FDR / nominal alpha
tikz-v1,figure6_supp,fdr_ratio_atlas_r3_c2,$N_{cal}$ by $m$; fixed 10 anomalies,10,heatmap_cell,standard_conformal_bh,finite_k2,m_fixed_count,3.3010299956639813,3.6,3.1505149978319906,3.451544993495972,3.5,3.7,2000.0,test batch size $m$,0.1,2000,,10.0,25,100,0.05019047619047619,0.05019047619047619,0.00252,0.0088,0.005019047619047619,-0.2990712600274095,0.0,0.921181025125628,2500,finite_k2_m_fixed_count,empirical FDR / nominal alpha
tikz-v1,figure6_supp,fdr_ratio_atlas_r3_c2,$N_{cal}$ by $m$; fixed 10 anomalies,10,heatmap_cell,standard_conformal_bh,finite_k2,m_fixed_count,3.3010299956639813,3.8,3.1505149978319906,3.451544993495972,3.7,3.8999999999999995,2000.0,test batch size $m$,0.1,2000,,10.0,25,100,0.31271327561327555,0.31271327561327555,0.01288,0.0576,0.031271327561327555,-0.4990681845107945,0.0,0.9213272964824121,2500,finite_k2_m_fixed_count,empirical FDR / nominal alpha
tikz-v1,figure6_supp,fdr_ratio_atlas_r3_c2,$N_{cal}$ by $m$; fixed 10 anomalies,10,heatmap_cell,standard_conformal_bh,finite_k2,m_fixed_count,3.3010299956639813,3.9999999999999996,3.1505149978319906,3.451544993495972,3.8999999999999995,4.1,2000.0,test batch size $m$,0.1,2000,,10.0,25,100,0.4418380952380952,0.4418380952380952,0.01956,0.12,0.04418380952380952,-0.6990134316128814,0.0,0.920397728643216,2500,finite_k2_m_fixed_count,empirical FDR / nominal alpha
tikz-v1,figure6_supp,fdr_ratio_atlas_r3_c1,$N_{cal}$ by $m$; fixed $\pi_1=0.05$,9,heatmap_cell,standard_conformal_bh,finite_k2,m_fixed_pi,1.6989700043360187,1.4,1.5484550065040281,1.8494850021680094,1.3,1.5,50.0,test batch size $m$,0.1,50,0.05,,25,100,0.0,0.0,0.0,0.0,0.0,0.9829666607012196,1.0,0.9172041666666666,2500,finite_k2_m_fixed_pi,empirical FDR / nominal alpha
tikz-v1,figure6_supp,fdr_ratio_atlas_r3_c1,$N_{cal}$ by $m$; fixed $\pi_1=0.05$,9,heatmap_cell,standard_conformal_bh,finite_k2,m_fixed_pi,1.6989700043360187,1.6,1.5484550065040281,1.8494850021680094,1.5,1.7,50.0,test batch size $m$,0.1,50,0.05,,25,100,0.0,0.0,0.0,0.0,0.0,0.7851561519523022,1.0,0.9238333333333332,2500,finite_k2_m_fixed_pi,empirical FDR / nominal alpha
tikz-v1,figure6_supp,fdr_ratio_atlas_r3_c1,$N_{cal}$ by $m$; fixed $\pi_1=0.05$,9,heatmap_cell,standard_conformal_bh,finite_k2,m_fixed_pi,1.6989700043360187,1.7999999999999998,1.5484550065040281,1.8494850021680094,1.7,1.9,50.0,test batch size $m$,0.1,50,0.05,,25,100,0.0,0.0,0.0,0.0,0.0,0.5917600346881504,1.0,0.9187416666666668,2500,finite_k2_m_fixed_pi,empirical FDR / nominal alpha
tikz-v1,figure6_supp,fdr_ratio_atlas_r3_c1,$N_{cal}$ by $m$; fixed $\pi_1=0.05$,9,heatmap_cell,standard_conformal_bh,finite_k2,m_fixed_pi,1.6989700043360187,2.0,1.5484550065040281,1.8494850021680094,1.9,2.1,50.0,test batch size $m$,0.1,50,0.05,,25,100,0.04906666666666667,0.04906666666666667,0.006,0.0072,0.004906666666666667,0.393618634889395,1.0,0.9196833333333332,2500,finite_k2_m_fixed_pi,empirical FDR / nominal alpha
tikz-v1,figure6_supp,fdr_ratio_atlas_r3_c1,$N_{cal}$ by $m$; fixed $\pi_1=0.05$,9,heatmap_cell,standard_conformal_bh,finite_k2,m_fixed_pi,1.6989700043360187,2.2,1.5484550065040281,1.8494850021680094,2.1,2.3,50.0,test batch size $m$,0.1,50,0.05,,25,100,0.1736952380952381,0.1736952380952381,0.0214,0.0268,0.01736952380952381,0.19654288435158615,1.0,0.9244041666666666,2500,finite_k2_m_fixed_pi,empirical FDR / nominal alpha
tikz-v1,figure6_supp,fdr_ratio_atlas_r3_c1,$N_{cal}$ by $m$; fixed $\pi_1=0.05$,9,heatmap_cell,standard_conformal_bh,finite_k2,m_fixed_pi,1.6989700043360187,2.4,1.5484550065040281,1.8494850021680094,2.3,2.5,50.0,test batch size $m$,0.1,50,0.05,,25,100,0.5917999999999999,0.5917999999999999,0.0992,0.1448,0.059179999999999996,-0.0034605321095065224,0.0,0.92285,2500,finite_k2_m_fixed_pi,empirical FDR / nominal alpha
tikz-v1,figure6_supp,fdr_ratio_atlas_r3_c1,$N_{cal}$ by $m$; fixed $\pi_1=0.05$,9,heatmap_cell,standard_conformal_bh,finite_k2,m_fixed_pi,1.6989700043360187,2.6,1.5484550065040281,1.8494850021680094,2.5,2.7,50.0,test batch size $m$,0.1,50,0.05,,25,100,0.41549206349206347,0.41549206349206347,0.07,0.0992,0.04154920634920635,-0.20303288701471064,0.0,0.9195041666666666,2500,finite_k2_m_fixed_pi,empirical FDR / nominal alpha
tikz-v1,figure6_supp,fdr_ratio_atlas_r3_c1,$N_{cal}$ by $m$; fixed $\pi_1=0.05$,9,heatmap_cell,standard_conformal_bh,finite_k2,m_fixed_pi,1.6989700043360187,2.8,1.5484550065040281,1.8494850021680094,2.7,2.9,50.0,test batch size $m$,0.1,50,0.05,,25,100,1.0471619047619045,1.0471619047619045,0.2158,0.4048,0.10471619047619046,-0.4027770696103474,0.0,0.9221833333333332,2500,finite_k2_m_fixed_pi,empirical FDR / nominal alpha
tikz-v1,figure6_supp,fdr_ratio_atlas_r3_c1,$N_{cal}$ by $m$; fixed $\pi_1=0.05$,9,heatmap_cell,standard_conformal_bh,finite_k2,m_fixed_pi,1.6989700043360187,3.0,1.5484550065040281,1.8494850021680094,2.9,3.0999999999999996,50.0,test batch size $m$,0.1,50,0.05,,25,100,0.9450507936507936,0.9450507936507936,0.22,0.4,0.09450507936507936,-0.6024940688072811,0.0,0.9204916666666666,2500,finite_k2_m_fixed_pi,empirical FDR / nominal alpha
tikz-v1,figure6_supp,fdr_ratio_atlas_r3_c1,$N_{cal}$ by $m$; fixed $\pi_1=0.05$,9,heatmap_cell,standard_conformal_bh,finite_k2,m_fixed_pi,1.6989700043360187,3.1999999999999997,1.5484550065040281,1.8494850021680094,3.0999999999999996,3.3,50.0,test batch size $m$,0.1,50,0.05,,25,100,0.8654666666666664,0.8654666666666664,0.2108,0.3992,0.08654666666666665,-0.8023631743095474,0.0,0.9231875,2500,finite_k2_m_fixed_pi,empirical FDR / nominal alpha
tikz-v1,figure6_supp,fdr_ratio_atlas_r3_c1,$N_{cal}$ by $m$; fixed $\pi_1=0.05$,9,heatmap_cell,standard_conformal_bh,finite_k2,m_fixed_pi,1.6989700043360187,3.4,1.5484550065040281,1.8494850021680094,3.3,3.5,50.0,test batch size $m$,0.1,50,0.05,,25,100,0.8435999999999999,0.8435999999999999,0.2182,0.4108,0.08435999999999999,-1.0022524799205383,0.0,0.9217291666666668,2500,finite_k2_m_fixed_pi,empirical FDR / nominal alpha
tikz-v1,figure6_supp,fdr_ratio_atlas_r3_c1,$N_{cal}$ by $m$; fixed $\pi_1=0.05$,9,heatmap_cell,standard_conformal_bh,finite_k2,m_fixed_pi,1.6989700043360187,3.6,1.5484550065040281,1.8494850021680094,3.5,3.7,50.0,test batch size $m$,0.1,50,0.05,,25,100,0.8099333333333333,0.8099333333333333,0.2044,0.3892,0.08099333333333333,-1.2021612470193532,0.0,0.9222958333333332,2500,finite_k2_m_fixed_pi,empirical FDR / nominal alpha
tikz-v1,figure6_supp,fdr_ratio_atlas_r3_c1,$N_{cal}$ by $m$; fixed $\pi_1=0.05$,9,heatmap_cell,standard_conformal_bh,finite_k2,m_fixed_pi,1.6989700043360187,3.8,1.5484550065040281,1.8494850021680094,3.7,3.8999999999999995,50.0,test batch size $m$,0.1,50,0.05,,25,100,0.9048666666666666,0.9048666666666666,0.21,0.3992,0.09048666666666666,-1.402158171502738,0.0,0.9265375,2500,finite_k2_m_fixed_pi,empirical FDR / nominal alpha
tikz-v1,figure6_supp,fdr_ratio_atlas_r3_c1,$N_{cal}$ by $m$; fixed $\pi_1=0.05$,9,heatmap_cell,standard_conformal_bh,finite_k2,m_fixed_pi,1.6989700043360187,3.9999999999999996,1.5484550065040281,1.8494850021680094,3.8999999999999995,4.1,50.0,test batch size $m$,0.1,50,0.05,,25,100,0.8927333333333333,0.8927333333333333,0.2148,0.4016,0.08927333333333333,-1.602103418604825,0.0,0.9218125,2500,finite_k2_m_fixed_pi,empirical FDR / nominal alpha
tikz-v1,figure6_supp,fdr_ratio_atlas_r3_c1,$N_{cal}$ by $m$; fixed $\pi_1=0.05$,9,heatmap_cell,standard_conformal_bh,finite_k2,m_fixed_pi,2.0,1.4,1.8494850021680094,2.1505149978319906,1.3,1.5,100.0,test batch size $m$,0.1,100,0.05,,25,100,0.0,0.0,0.0,0.0,0.0,0.8860566476931633,1.0,0.9209305263157894,2500,finite_k2_m_fixed_pi,empirical FDR / nominal alpha
tikz-v1,figure6_supp,fdr_ratio_atlas_r3_c1,$N_{cal}$ by $m$; fixed $\pi_1=0.05$,9,heatmap_cell,standard_conformal_bh,finite_k2,m_fixed_pi,2.0,1.6,1.8494850021680094,2.1505149978319906,1.5,1.7,100.0,test batch size $m$,0.1,100,0.05,,25,100,0.0,0.0,0.0,0.0,0.0,0.6882461389442457,1.0,0.9212395789473685,2500,finite_k2_m_fixed_pi,empirical FDR / nominal alpha
tikz-v1,figure6_supp,fdr_ratio_atlas_r3_c1,$N_{cal}$ by $m$; fixed $\pi_1=0.05$,9,heatmap_cell,standard_conformal_bh,finite_k2,m_fixed_pi,2.0,1.7999999999999998,1.8494850021680094,2.1505149978319906,1.7,1.9,100.0,test batch size $m$,0.1,100,0.05,,25,100,0.00275,0.00275,0.0004,0.0004,0.000275,0.494850021680094,1.0,0.920901894736842,2500,finite_k2_m_fixed_pi,empirical FDR / nominal alpha
tikz-v1,figure6_supp,fdr_ratio_atlas_r3_c1,$N_{cal}$ by $m$; fixed $\pi_1=0.05$,9,heatmap_cell,standard_conformal_bh,finite_k2,m_fixed_pi,2.0,2.0,1.8494850021680094,2.1505149978319906,1.9,2.1,100.0,test batch size $m$,0.1,100,0.05,,25,100,0.05805754245754245,0.05805754245754245,0.00656,0.0088,0.005805754245754246,0.2967086218813386,1.0,0.9218618947368421,2500,finite_k2_m_fixed_pi,empirical FDR / nominal alpha
tikz-v1,figure6_supp,fdr_ratio_atlas_r3_c1,$N_{cal}$ by $m$; fixed $\pi_1=0.05$,9,heatmap_cell,standard_conformal_bh,finite_k2,m_fixed_pi,2.0,2.2,1.8494850021680094,2.1505149978319906,2.1,2.3,100.0,test batch size $m$,0.1,100,0.05,,25,100,0.0054285714285714284,0.0054285714285714284,0.0009600000000000001,0.0012,0.0005428571428571429,0.09963287134352969,1.0,0.9209919999999998,2500,finite_k2_m_fixed_pi,empirical FDR / nominal alpha
tikz-v1,figure6_supp,fdr_ratio_atlas_r3_c1,$N_{cal}$ by $m$; fixed $\pi_1=0.05$,9,heatmap_cell,standard_conformal_bh,finite_k2,m_fixed_pi,2.0,2.4,1.8494850021680094,2.1505149978319906,2.3,2.5,100.0,test batch size $m$,0.1,100,0.05,,25,100,0.5747568072450426,0.5747568072450426,0.07936,0.1364,0.05747568072450426,-0.10037054511756292,0.0,0.9204766315789474,2500,finite_k2_m_fixed_pi,empirical FDR / nominal alpha
tikz-v1,figure6_supp,fdr_ratio_atlas_r3_c1,$N_{cal}$ by $m$; fixed $\pi_1=0.05$,9,heatmap_cell,standard_conformal_bh,finite_k2,m_fixed_pi,2.0,2.6,1.8494850021680094,2.1505149978319906,2.5,2.7,100.0,test batch size $m$,0.1,100,0.05,,25,100,0.3416555555555555,0.3416555555555555,0.060320000000000006,0.1124,0.03416555555555555,-0.2999429000227671,0.0,0.9219882105263157,2500,finite_k2_m_fixed_pi,empirical FDR / nominal alpha
tikz-v1,figure6_supp,fdr_ratio_atlas_r3_c1,$N_{cal}$ by $m$; fixed $\pi_1=0.05$,9,heatmap_cell,standard_conformal_bh,finite_k2,m_fixed_pi,2.0,2.8,1.8494850021680094,2.1505149978319906,2.7,2.9,100.0,test batch size $m$,0.1,100,0.05,,25,100,0.5820428571428572,0.5820428571428572,0.12,0.2752,0.05820428571428572,-0.4996870826184039,0.0,0.9226989473684211,2500,finite_k2_m_fixed_pi,empirical FDR / nominal alpha
tikz-v1,figure6_supp,fdr_ratio_atlas_r3_c1,$N_{cal}$ by $m$; fixed $\pi_1=0.05$,9,heatmap_cell,standard_conformal_bh,finite_k2,m_fixed_pi,2.0,3.0,1.8494850021680094,2.1505149978319906,2.9,3.0999999999999996,100.0,test batch size $m$,0.1,100,0.05,,25,100,1.1089285714285713,1.1089285714285713,0.19944,0.584,0.11089285714285713,-0.6994040818153374,0.0,0.9221397894736841,2500,finite_k2_m_fixed_pi,empirical FDR / nominal alpha
tikz-v1,figure6_supp,fdr_ratio_atlas_r3_c1,$N_{cal}$ by $m$; fixed $\pi_1=0.05$,9,heatmap_cell,standard_conformal_bh,finite_k2,m_fixed_pi,2.0,3.1999999999999997,1.8494850021680094,2.1505149978319906,3.0999999999999996,3.3,100.0,test batch size $m$,0.1,100,0.05,,25,100,0.764984126984127,0.764984126984127,0.16376,0.5088,0.0764984126984127,-0.8992731873176038,0.0,0.9198164210526316,2500,finite_k2_m_fixed_pi,empirical FDR / nominal alpha
tikz-v1,figure6_supp,fdr_ratio_atlas_r3_c1,$N_{cal}$ by $m$; fixed $\pi_1=0.05$,9,heatmap_cell,standard_conformal_bh,finite_k2,m_fixed_pi,2.0,3.4,1.8494850021680094,2.1505149978319906,3.3,3.5,100.0,test batch size $m$,0.1,100,0.05,,25,100,0.9699920634920633,0.9699920634920633,0.17648,0.5452,0.09699920634920633,-1.0991624929285948,0.0,0.9203275789473684,2500,finite_k2_m_fixed_pi,empirical FDR / nominal alpha
tikz-v1,figure6_supp,fdr_ratio_atlas_r3_c1,$N_{cal}$ by $m$; fixed $\pi_1=0.05$,9,heatmap_cell,standard_conformal_bh,finite_k2,m_fixed_pi,2.0,3.6,1.8494850021680094,2.1505149978319906,3.5,3.7,100.0,test batch size $m$,0.1,100,0.05,,25,100,0.863620634920635,0.863620634920635,0.17848,0.534,0.0863620634920635,-1.2990712600274095,0.0,0.9221086315789475,2500,finite_k2_m_fixed_pi,empirical FDR / nominal alpha
tikz-v1,figure6_supp,fdr_ratio_atlas_r3_c1,$N_{cal}$ by $m$; fixed $\pi_1=0.05$,9,heatmap_cell,standard_conformal_bh,finite_k2,m_fixed_pi,2.0,3.8,1.8494850021680094,2.1505149978319906,3.7,3.8999999999999995,100.0,test batch size $m$,0.1,100,0.05,,25,100,0.8455904761904761,0.8455904761904761,0.1824,0.5612,0.08455904761904762,-1.4990681845107945,0.0,0.9215376842105263,2500,finite_k2_m_fixed_pi,empirical FDR / nominal alpha
tikz-v1,figure6_supp,fdr_ratio_atlas_r3_c1,$N_{cal}$ by $m$; fixed $\pi_1=0.05$,9,heatmap_cell,standard_conformal_bh,finite_k2,m_fixed_pi,2.0,3.9999999999999996,1.8494850021680094,2.1505149978319906,3.8999999999999995,4.1,100.0,test batch size $m$,0.1,100,0.05,,25,100,1.026209523809524,1.026209523809524,0.20176000000000002,0.6168,0.1026209523809524,-1.6990134316128815,0.0,0.9224825263157894,2500,finite_k2_m_fixed_pi,empirical FDR / nominal alpha
tikz-v1,figure6_supp,fdr_ratio_atlas_r3_c1,$N_{cal}$ by $m$; fixed $\pi_1=0.05$,9,heatmap_cell,standard_conformal_bh,finite_k2,m_fixed_pi,2.3010299956639813,1.4,2.1505149978319906,2.5,1.3,1.5,200.0,test batch size $m$,0.1,200,0.05,,25,100,0.0,0.0,0.0,0.0,0.0,0.8860566476931633,1.0,0.9225368421052632,2500,finite_k2_m_fixed_pi,empirical FDR / nominal alpha
tikz-v1,figure6_supp,fdr_ratio_atlas_r3_c1,$N_{cal}$ by $m$; fixed $\pi_1=0.05$,9,heatmap_cell,standard_conformal_bh,finite_k2,m_fixed_pi,2.3010299956639813,1.6,2.1505149978319906,2.5,1.5,1.7,200.0,test batch size $m$,0.1,200,0.05,,25,100,0.0,0.0,0.0,0.0,0.0,0.6882461389442457,1.0,0.9207056842105263,2500,finite_k2_m_fixed_pi,empirical FDR / nominal alpha
tikz-v1,figure6_supp,fdr_ratio_atlas_r3_c1,$N_{cal}$ by $m$; fixed $\pi_1=0.05$,9,heatmap_cell,standard_conformal_bh,finite_k2,m_fixed_pi,2.3010299956639813,1.7999999999999998,2.1505149978319906,2.5,1.7,1.9,200.0,test batch size $m$,0.1,200,0.05,,25,100,0.0,0.0,0.0,0.0,0.0,0.494850021680094,1.0,0.9228458947368421,2500,finite_k2_m_fixed_pi,empirical FDR / nominal alpha
tikz-v1,figure6_supp,fdr_ratio_atlas_r3_c1,$N_{cal}$ by $m$; fixed $\pi_1=0.05$,9,heatmap_cell,standard_conformal_bh,finite_k2,m_fixed_pi,2.3010299956639813,2.0,2.1505149978319906,2.5,1.9,2.1,200.0,test batch size $m$,0.1,200,0.05,,25,100,0.0,0.0,0.0,0.0,0.0,0.2967086218813386,1.0,0.9215416842105264,2500,finite_k2_m_fixed_pi,empirical FDR / nominal alpha
tikz-v1,figure6_supp,fdr_ratio_atlas_r3_c1,$N_{cal}$ by $m$; fixed $\pi_1=0.05$,9,heatmap_cell,standard_conformal_bh,finite_k2,m_fixed_pi,2.3010299956639813,2.2,2.1505149978319906,2.5,2.1,2.3,200.0,test batch size $m$,0.1,200,0.05,,25,100,0.008833699633699633,0.008833699633699633,0.0015199999999999999,0.002,0.0008833699633699634,0.09963287134352969,1.0,0.9211570526315791,2500,finite_k2_m_fixed_pi,empirical FDR / nominal alpha
tikz-v1,figure6_supp,fdr_ratio_atlas_r3_c1,$N_{cal}$ by $m$; fixed $\pi_1=0.05$,9,heatmap_cell,standard_conformal_bh,finite_k2,m_fixed_pi,2.3010299956639813,2.4,2.1505149978319906,2.5,2.3,2.5,200.0,test batch size $m$,0.1,200,0.05,,25,100,0.07492937062937062,0.07492937062937062,0.011280000000000002,0.0204,0.0074929370629370625,-0.10037054511756292,0.0,0.9206368421052633,2500,finite_k2_m_fixed_pi,empirical FDR / nominal alpha
tikz-v1,figure6_supp,fdr_ratio_atlas_r3_c1,$N_{cal}$ by $m$; fixed $\pi_1=0.05$,9,heatmap_cell,standard_conformal_bh,finite_k2,m_fixed_pi,2.3010299956639813,2.6,2.1505149978319906,2.5,2.5,2.7,200.0,test batch size $m$,0.1,200,0.05,,25,100,0.25991903651903653,0.25991903651903653,0.03724,0.0792,0.025991903651903653,-0.2999429000227671,0.0,0.9211166315789474,2500,finite_k2_m_fixed_pi,empirical FDR / nominal alpha
tikz-v1,figure6_supp,fdr_ratio_atlas_r3_c1,$N_{cal}$ by $m$; fixed $\pi_1=0.05$,9,heatmap_cell,standard_conformal_bh,finite_k2,m_fixed_pi,2.3010299956639813,2.8,2.1505149978319906,2.5,2.7,2.9,200.0,test batch size $m$,0.1,200,0.05,,25,100,0.33069131979131977,0.33069131979131977,0.054360000000000006,0.1372,0.03306913197913198,-0.4996870826184039,0.0,0.9212802105263159,2500,finite_k2_m_fixed_pi,empirical FDR / nominal alpha
tikz-v1,figure6_supp,fdr_ratio_atlas_r3_c1,$N_{cal}$ by $m$; fixed $\pi_1=0.05$,9,heatmap_cell,standard_conformal_bh,finite_k2,m_fixed_pi,2.3010299956639813,3.0,2.1505149978319906,2.5,2.9,3.0999999999999996,200.0,test batch size $m$,0.1,200,0.05,,25,100,1.23749627039627,1.23749627039627,0.17924,0.6112,0.12374962703962701,-0.6994040818153374,0.0,0.9213951578947368,2500,finite_k2_m_fixed_pi,empirical FDR / nominal alpha
tikz-v1,figure6_supp,fdr_ratio_atlas_r3_c1,$N_{cal}$ by $m$; fixed $\pi_1=0.05$,9,heatmap_cell,standard_conformal_bh,finite_k2,m_fixed_pi,2.3010299956639813,3.1999999999999997,2.1505149978319906,2.5,3.0999999999999996,3.3,200.0,test batch size $m$,0.1,200,0.05,,25,100,0.7288572538572539,0.7288572538572539,0.128,0.4268,0.0728857253857254,-0.8992731873176038,0.0,0.9213437894736842,2500,finite_k2_m_fixed_pi,empirical FDR / nominal alpha
tikz-v1,figure6_supp,fdr_ratio_atlas_r3_c1,$N_{cal}$ by $m$; fixed $\pi_1=0.05$,9,heatmap_cell,standard_conformal_bh,finite_k2,m_fixed_pi,2.3010299956639813,3.4,2.1505149978319906,2.5,3.3,3.5,200.0,test batch size $m$,0.1,200,0.05,,25,100,0.7393189033189032,0.7393189033189032,0.12384,0.5448,0.07393189033189032,-1.0991624929285948,0.0,0.9203541052631579,2500,finite_k2_m_fixed_pi,empirical FDR / nominal alpha
tikz-v1,figure6_supp,fdr_ratio_atlas_r3_c1,$N_{cal}$ by $m$; fixed $\pi_1=0.05$,9,heatmap_cell,standard_conformal_bh,finite_k2,m_fixed_pi,2.3010299956639813,3.6,2.1505149978319906,2.5,3.5,3.7,200.0,test batch size $m$,0.1,200,0.05,,25,100,0.7875836940836941,0.7875836940836941,0.13432000000000002,0.5796,0.07875836940836942,-1.2990712600274095,0.0,0.9213058947368421,2500,finite_k2_m_fixed_pi,empirical FDR / nominal alpha
tikz-v1,figure6_supp,fdr_ratio_atlas_r3_c1,$N_{cal}$ by $m$; fixed $\pi_1=0.05$,9,heatmap_cell,standard_conformal_bh,finite_k2,m_fixed_pi,2.3010299956639813,3.8,2.1505149978319906,2.5,3.7,3.8999999999999995,200.0,test batch size $m$,0.1,200,0.05,,25,100,0.8088904761904762,0.8088904761904762,0.1468,0.6484,0.08088904761904762,-1.4990681845107945,0.0,0.9209970526315788,2500,finite_k2_m_fixed_pi,empirical FDR / nominal alpha
tikz-v1,figure6_supp,fdr_ratio_atlas_r3_c1,$N_{cal}$ by $m$; fixed $\pi_1=0.05$,9,heatmap_cell,standard_conformal_bh,finite_k2,m_fixed_pi,2.3010299956639813,3.9999999999999996,2.1505149978319906,2.5,3.8999999999999995,4.1,200.0,test batch size $m$,0.1,200,0.05,,25,100,0.9517815295815294,0.9517815295815294,0.16384,0.7304,0.09517815295815295,-1.6990134316128815,0.0,0.920568,2500,finite_k2_m_fixed_pi,empirical FDR / nominal alpha
tikz-v1,figure6_supp,fdr_ratio_atlas_r3_c1,$N_{cal}$ by $m$; fixed $\pi_1=0.05$,9,heatmap_cell,standard_conformal_bh,finite_k2,m_fixed_pi,2.6989700043360187,1.4,2.5,2.8494850021680094,1.3,1.5,500.0,test batch size $m$,0.1,500,0.05,,25,100,0.0,0.0,0.0,0.0,0.0,0.8860566476931633,1.0,0.9212509978947367,2500,finite_k2_m_fixed_pi,empirical FDR / nominal alpha
tikz-v1,figure6_supp,fdr_ratio_atlas_r3_c1,$N_{cal}$ by $m$; fixed $\pi_1=0.05$,9,heatmap_cell,standard_conformal_bh,finite_k2,m_fixed_pi,2.6989700043360187,1.6,2.5,2.8494850021680094,1.5,1.7,500.0,test batch size $m$,0.1,500,0.05,,25,100,0.0,0.0,0.0,0.0,0.0,0.6882461389442457,1.0,0.9211368757894736,2500,finite_k2_m_fixed_pi,empirical FDR / nominal alpha
tikz-v1,figure6_supp,fdr_ratio_atlas_r3_c1,$N_{cal}$ by $m$; fixed $\pi_1=0.05$,9,heatmap_cell,standard_conformal_bh,finite_k2,m_fixed_pi,2.6989700043360187,1.7999999999999998,2.5,2.8494850021680094,1.7,1.9,500.0,test batch size $m$,0.1,500,0.05,,25,100,0.0,0.0,0.0,0.0,0.0,0.494850021680094,1.0,0.9220838736842106,2500,finite_k2_m_fixed_pi,empirical FDR / nominal alpha
tikz-v1,figure6_supp,fdr_ratio_atlas_r3_c1,$N_{cal}$ by $m$; fixed $\pi_1=0.05$,9,heatmap_cell,standard_conformal_bh,finite_k2,m_fixed_pi,2.6989700043360187,2.0,2.5,2.8494850021680094,1.9,2.1,500.0,test batch size $m$,0.1,500,0.05,,25,100,0.0,0.0,0.0,0.0,0.0,0.2967086218813386,1.0,0.9210080673684211,2500,finite_k2_m_fixed_pi,empirical FDR / nominal alpha
tikz-v1,figure6_supp,fdr_ratio_atlas_r3_c1,$N_{cal}$ by $m$; fixed $\pi_1=0.05$,9,heatmap_cell,standard_conformal_bh,finite_k2,m_fixed_pi,2.6989700043360187,2.2,2.5,2.8494850021680094,2.1,2.3,500.0,test batch size $m$,0.1,500,0.05,,25,100,0.04648632065488931,0.04648632065488931,0.0056159999999999995,0.0088,0.004648632065488931,0.09963287134352969,1.0,0.9209403621052632,2500,finite_k2_m_fixed_pi,empirical FDR / nominal alpha
tikz-v1,figure6_supp,fdr_ratio_atlas_r3_c1,$N_{cal}$ by $m$; fixed $\pi_1=0.05$,9,heatmap_cell,standard_conformal_bh,finite_k2,m_fixed_pi,2.6989700043360187,2.4,2.5,2.8494850021680094,2.3,2.5,500.0,test batch size $m$,0.1,500,0.05,,25,100,0.01745264069264069,0.01745264069264069,0.002592,0.0048,0.0017452640692640691,-0.10037054511756292,0.0,0.9217822989473683,2500,finite_k2_m_fixed_pi,empirical FDR / nominal alpha
tikz-v1,figure6_supp,fdr_ratio_atlas_r3_c1,$N_{cal}$ by $m$; fixed $\pi_1=0.05$,9,heatmap_cell,standard_conformal_bh,finite_k2,m_fixed_pi,2.6989700043360187,2.6,2.5,2.8494850021680094,2.5,2.7,500.0,test batch size $m$,0.1,500,0.05,,25,100,0.1101226164959911,0.1101226164959911,0.014256,0.0352,0.011012261649599111,-0.2999429000227671,0.0,0.9224260715789474,2500,finite_k2_m_fixed_pi,empirical FDR / nominal alpha
tikz-v1,figure6_supp,fdr_ratio_atlas_r3_c1,$N_{cal}$ by $m$; fixed $\pi_1=0.05$,9,heatmap_cell,standard_conformal_bh,finite_k2,m_fixed_pi,2.6989700043360187,2.8,2.5,2.8494850021680094,2.7,2.9,500.0,test batch size $m$,0.1,500,0.05,,25,100,0.49045058682287784,0.49045058682287784,0.062608,0.1912,0.049045058682287784,-0.4996870826184039,0.0,0.9211066273684212,2500,finite_k2_m_fixed_pi,empirical FDR / nominal alpha
tikz-v1,figure6_supp,fdr_ratio_atlas_r3_c1,$N_{cal}$ by $m$; fixed $\pi_1=0.05$,9,heatmap_cell,standard_conformal_bh,finite_k2,m_fixed_pi,2.6989700043360187,3.0,2.5,2.8494850021680094,2.9,3.0999999999999996,500.0,test batch size $m$,0.1,500,0.05,,25,100,0.5168972210967567,0.5168972210967567,0.07337600000000001,0.2744,0.05168972210967568,-0.6994040818153374,0.0,0.9218605136842106,2500,finite_k2_m_fixed_pi,empirical FDR / nominal alpha
tikz-v1,figure6_supp,fdr_ratio_atlas_r3_c1,$N_{cal}$ by $m$; fixed $\pi_1=0.05$,9,heatmap_cell,standard_conformal_bh,finite_k2,m_fixed_pi,2.6989700043360187,3.1999999999999997,2.5,2.8494850021680094,3.0999999999999996,3.3,500.0,test batch size $m$,0.1,500,0.05,,25,100,0.5284266034275322,0.5284266034275322,0.083312,0.3756,0.05284266034275322,-0.8992731873176038,0.0,0.9217812884210526,2500,finite_k2_m_fixed_pi,empirical FDR / nominal alpha
tikz-v1,figure6_supp,fdr_ratio_atlas_r3_c1,$N_{cal}$ by $m$; fixed $\pi_1=0.05$,9,heatmap_cell,standard_conformal_bh,finite_k2,m_fixed_pi,2.6989700043360187,3.4,2.5,2.8494850021680094,3.3,3.5,500.0,test batch size $m$,0.1,500,0.05,,25,100,0.684186136086136,0.684186136086136,0.103744,0.626,0.06841861360861361,-1.0991624929285948,0.0,0.9214634105263158,2500,finite_k2_m_fixed_pi,empirical FDR / nominal alpha
tikz-v1,figure6_supp,fdr_ratio_atlas_r3_c1,$N_{cal}$ by $m$; fixed $\pi_1=0.05$,9,heatmap_cell,standard_conformal_bh,finite_k2,m_fixed_pi,2.6989700043360187,3.6,2.5,2.8494850021680094,3.5,3.7,500.0,test batch size $m$,0.1,500,0.05,,25,100,0.8821642706450756,0.8821642706450756,0.122608,0.6464,0.08821642706450757,-1.2990712600274095,0.0,0.9213367242105264,2500,finite_k2_m_fixed_pi,empirical FDR / nominal alpha
tikz-v1,figure6_supp,fdr_ratio_atlas_r3_c1,$N_{cal}$ by $m$; fixed $\pi_1=0.05$,9,heatmap_cell,standard_conformal_bh,finite_k2,m_fixed_pi,2.6989700043360187,3.8,2.5,2.8494850021680094,3.7,3.8999999999999995,500.0,test batch size $m$,0.1,500,0.05,,25,100,0.7483883116883117,0.7483883116883117,0.114,0.7276,0.07483883116883117,-1.4990681845107945,0.0,0.9210587957894739,2500,finite_k2_m_fixed_pi,empirical FDR / nominal alpha
tikz-v1,figure6_supp,fdr_ratio_atlas_r3_c1,$N_{cal}$ by $m$; fixed $\pi_1=0.05$,9,heatmap_cell,standard_conformal_bh,finite_k2,m_fixed_pi,2.6989700043360187,3.9999999999999996,2.5,2.8494850021680094,3.8999999999999995,4.1,500.0,test batch size $m$,0.1,500,0.05,,25,100,0.955072980339234,0.955072980339234,0.137824,0.8572,0.09550729803392341,-1.6990134316128815,0.0,0.9209502989473684,2500,finite_k2_m_fixed_pi,empirical FDR / nominal alpha
tikz-v1,figure6_supp,fdr_ratio_atlas_r3_c1,$N_{cal}$ by $m$; fixed $\pi_1=0.05$,9,heatmap_cell,standard_conformal_bh,finite_k2,m_fixed_pi,3.0,1.4,2.8494850021680094,3.1505149978319906,1.3,1.5,1000.0,test batch size $m$,0.1,1000,0.05,,25,100,0.0,0.0,0.0,0.0,0.0,0.8860566476931633,1.0,0.9204578947368421,2500,finite_k2_m_fixed_pi,empirical FDR / nominal alpha
tikz-v1,figure6_supp,fdr_ratio_atlas_r3_c1,$N_{cal}$ by $m$; fixed $\pi_1=0.05$,9,heatmap_cell,standard_conformal_bh,finite_k2,m_fixed_pi,3.0,1.6,2.8494850021680094,3.1505149978319906,1.5,1.7,1000.0,test batch size $m$,0.1,1000,0.05,,25,100,0.0,0.0,0.0,0.0,0.0,0.6882461389442457,1.0,0.9217525642105263,2500,finite_k2_m_fixed_pi,empirical FDR / nominal alpha
tikz-v1,figure6_supp,fdr_ratio_atlas_r3_c1,$N_{cal}$ by $m$; fixed $\pi_1=0.05$,9,heatmap_cell,standard_conformal_bh,finite_k2,m_fixed_pi,3.0,1.7999999999999998,2.8494850021680094,3.1505149978319906,1.7,1.9,1000.0,test batch size $m$,0.1,1000,0.05,,25,100,0.0,0.0,0.0,0.0,0.0,0.494850021680094,1.0,0.9207083452631577,2500,finite_k2_m_fixed_pi,empirical FDR / nominal alpha
tikz-v1,figure6_supp,fdr_ratio_atlas_r3_c1,$N_{cal}$ by $m$; fixed $\pi_1=0.05$,9,heatmap_cell,standard_conformal_bh,finite_k2,m_fixed_pi,3.0,2.0,2.8494850021680094,3.1505149978319906,1.9,2.1,1000.0,test batch size $m$,0.1,1000,0.05,,25,100,0.0,0.0,0.0,0.0,0.0,0.2967086218813386,1.0,0.9216636042105263,2500,finite_k2_m_fixed_pi,empirical FDR / nominal alpha
tikz-v1,figure6_supp,fdr_ratio_atlas_r3_c1,$N_{cal}$ by $m$; fixed $\pi_1=0.05$,9,heatmap_cell,standard_conformal_bh,finite_k2,m_fixed_pi,3.0,2.2,2.8494850021680094,3.1505149978319906,2.1,2.3,1000.0,test batch size $m$,0.1,1000,0.05,,25,100,0.08445536178151879,0.08445536178151879,0.009503999999999999,0.0156,0.008445536178151879,0.09963287134352969,1.0,0.9216265010526317,2500,finite_k2_m_fixed_pi,empirical FDR / nominal alpha
tikz-v1,figure6_supp,fdr_ratio_atlas_r3_c1,$N_{cal}$ by $m$; fixed $\pi_1=0.05$,9,heatmap_cell,standard_conformal_bh,finite_k2,m_fixed_pi,3.0,2.4,2.8494850021680094,3.1505149978319906,2.3,2.5,1000.0,test batch size $m$,0.1,1000,0.05,,25,100,0.18420164256906846,0.18420164256906846,0.020559999999999995,0.0404,0.018420164256906846,-0.10037054511756292,0.0,0.921631932631579,2500,finite_k2_m_fixed_pi,empirical FDR / nominal alpha
tikz-v1,figure6_supp,fdr_ratio_atlas_r3_c1,$N_{cal}$ by $m$; fixed $\pi_1=0.05$,9,heatmap_cell,standard_conformal_bh,finite_k2,m_fixed_pi,3.0,2.6,2.8494850021680094,3.1505149978319906,2.5,2.7,1000.0,test batch size $m$,0.1,1000,0.05,,25,100,0.25895644923295275,0.25895644923295275,0.031224000000000002,0.0768,0.025895644923295276,-0.2999429000227671,0.0,0.9212755284210525,2500,finite_k2_m_fixed_pi,empirical FDR / nominal alpha
tikz-v1,figure6_supp,fdr_ratio_atlas_r3_c1,$N_{cal}$ by $m$; fixed $\pi_1=0.05$,9,heatmap_cell,standard_conformal_bh,finite_k2,m_fixed_pi,3.0,2.8,2.8494850021680094,3.1505149978319906,2.7,2.9,1000.0,test batch size $m$,0.1,1000,0.05,,25,100,0.5778394640327466,0.5778394640327466,0.074616,0.248,0.05778394640327466,-0.4996870826184039,0.0,0.9213658021052632,2500,finite_k2_m_fixed_pi,empirical FDR / nominal alpha
tikz-v1,figure6_supp,fdr_ratio_atlas_r3_c1,$N_{cal}$ by $m$; fixed $\pi_1=0.05$,9,heatmap_cell,standard_conformal_bh,finite_k2,m_fixed_pi,3.0,3.0,2.8494850021680094,3.1505149978319906,2.9,3.0999999999999996,1000.0,test batch size $m$,0.1,1000,0.05,,25,100,0.43087938025849937,0.43087938025849937,0.060031999999999995,0.2624,0.04308793802584994,-0.6994040818153374,0.0,0.9216878989473684,2500,finite_k2_m_fixed_pi,empirical FDR / nominal alpha
tikz-v1,figure6_supp,fdr_ratio_atlas_r3_c1,$N_{cal}$ by $m$; fixed $\pi_1=0.05$,9,heatmap_cell,standard_conformal_bh,finite_k2,m_fixed_pi,3.0,3.1999999999999997,2.8494850021680094,3.1505149978319906,3.0999999999999996,3.3,1000.0,test batch size $m$,0.1,1000,0.05,,25,100,0.6232891452651099,0.6232891452651099,0.08040800000000001,0.3892,0.062328914526510994,-0.8992731873176038,0.0,0.9208482863157895,2500,finite_k2_m_fixed_pi,empirical FDR / nominal alpha
tikz-v1,figure6_supp,fdr_ratio_atlas_r3_c1,$N_{cal}$ by $m$; fixed $\pi_1=0.05$,9,heatmap_cell,standard_conformal_bh,finite_k2,m_fixed_pi,3.0,3.4,2.8494850021680094,3.1505149978319906,3.3,3.5,1000.0,test batch size $m$,0.1,1000,0.05,,25,100,0.6973578054752116,0.6973578054752116,0.095872,0.5732,0.06973578054752116,-1.0991624929285948,0.0,0.9207004715789473,2500,finite_k2_m_fixed_pi,empirical FDR / nominal alpha
tikz-v1,figure6_supp,fdr_ratio_atlas_r3_c1,$N_{cal}$ by $m$; fixed $\pi_1=0.05$,9,heatmap_cell,standard_conformal_bh,finite_k2,m_fixed_pi,3.0,3.6,2.8494850021680094,3.1505149978319906,3.5,3.7,1000.0,test batch size $m$,0.1,1000,0.05,,25,100,0.8822238823499364,0.8822238823499364,0.117104,0.7288,0.08822238823499365,-1.2990712600274095,0.0,0.9213513852631579,2500,finite_k2_m_fixed_pi,empirical FDR / nominal alpha
tikz-v1,figure6_supp,fdr_ratio_atlas_r3_c1,$N_{cal}$ by $m$; fixed $\pi_1=0.05$,9,heatmap_cell,standard_conformal_bh,finite_k2,m_fixed_pi,3.0,3.8,2.8494850021680094,3.1505149978319906,3.7,3.8999999999999995,1000.0,test batch size $m$,0.1,1000,0.05,,25,100,0.9619857294422046,0.9619857294422046,0.120808,0.8108,0.09619857294422046,-1.4990681845107945,0.0,0.9209527578947369,2500,finite_k2_m_fixed_pi,empirical FDR / nominal alpha
tikz-v1,figure6_supp,fdr_ratio_atlas_r3_c1,$N_{cal}$ by $m$; fixed $\pi_1=0.05$,9,heatmap_cell,standard_conformal_bh,finite_k2,m_fixed_pi,3.0,3.9999999999999996,2.8494850021680094,3.1505149978319906,3.8999999999999995,4.1,1000.0,test batch size $m$,0.1,1000,0.05,,25,100,1.0591455892298725,1.0591455892298725,0.13017600000000001,0.946,0.10591455892298725,-1.6990134316128815,0.0,0.9209683368421052,2500,finite_k2_m_fixed_pi,empirical FDR / nominal alpha
tikz-v1,figure6_supp,fdr_ratio_atlas_r3_c1,$N_{cal}$ by $m$; fixed $\pi_1=0.05$,9,heatmap_cell,standard_conformal_bh,finite_k2,m_fixed_pi,3.3010299956639813,1.4,3.1505149978319906,3.451544993495972,1.3,1.5,2000.0,test batch size $m$,0.1,2000,0.05,,25,100,0.0,0.0,0.0,0.0,0.0,0.8860566476931633,1.0,0.9212655136842104,2500,finite_k2_m_fixed_pi,empirical FDR / nominal alpha
tikz-v1,figure6_supp,fdr_ratio_atlas_r3_c1,$N_{cal}$ by $m$; fixed $\pi_1=0.05$,9,heatmap_cell,standard_conformal_bh,finite_k2,m_fixed_pi,3.3010299956639813,1.6,3.1505149978319906,3.451544993495972,1.5,1.7,2000.0,test batch size $m$,0.1,2000,0.05,,25,100,0.0,0.0,0.0,0.0,0.0,0.6882461389442457,1.0,0.9216481684210528,2500,finite_k2_m_fixed_pi,empirical FDR / nominal alpha
tikz-v1,figure6_supp,fdr_ratio_atlas_r3_c1,$N_{cal}$ by $m$; fixed $\pi_1=0.05$,9,heatmap_cell,standard_conformal_bh,finite_k2,m_fixed_pi,3.3010299956639813,1.7999999999999998,3.1505149978319906,3.451544993495972,1.7,1.9,2000.0,test batch size $m$,0.1,2000,0.05,,25,100,0.0,0.0,0.0,0.0,0.0,0.494850021680094,1.0,0.9212829284210525,2500,finite_k2_m_fixed_pi,empirical FDR / nominal alpha
tikz-v1,figure6_supp,fdr_ratio_atlas_r3_c1,$N_{cal}$ by $m$; fixed $\pi_1=0.05$,9,heatmap_cell,standard_conformal_bh,finite_k2,m_fixed_pi,3.3010299956639813,2.0,3.1505149978319906,3.451544993495972,1.9,2.1,2000.0,test batch size $m$,0.1,2000,0.05,,25,100,0.0,0.0,0.0,0.0,0.0,0.2967086218813386,1.0,0.921868012631579,2500,finite_k2_m_fixed_pi,empirical FDR / nominal alpha
tikz-v1,figure6_supp,fdr_ratio_atlas_r3_c1,$N_{cal}$ by $m$; fixed $\pi_1=0.05$,9,heatmap_cell,standard_conformal_bh,finite_k2,m_fixed_pi,3.3010299956639813,2.2,3.1505149978319906,3.451544993495972,2.1,2.3,2000.0,test batch size $m$,0.1,2000,0.05,,25,100,0.0,0.0,0.0,0.0,0.0,0.09963287134352969,1.0,0.9219211305263157,2500,finite_k2_m_fixed_pi,empirical FDR / nominal alpha
tikz-v1,figure6_supp,fdr_ratio_atlas_r3_c1,$N_{cal}$ by $m$; fixed $\pi_1=0.05$,9,heatmap_cell,standard_conformal_bh,finite_k2,m_fixed_pi,3.3010299956639813,2.4,3.1505149978319906,3.451544993495972,2.3,2.5,2000.0,test batch size $m$,0.1,2000,0.05,,25,100,0.003079629629629629,0.003079629629629629,0.000396,0.0008,0.00030796296296296295,-0.10037054511756292,0.0,0.9211810357894737,2500,finite_k2_m_fixed_pi,empirical FDR / nominal alpha
tikz-v1,figure6_supp,fdr_ratio_atlas_r3_c1,$N_{cal}$ by $m$; fixed $\pi_1=0.05$,9,heatmap_cell,standard_conformal_bh,finite_k2,m_fixed_pi,3.3010299956639813,2.6,3.1505149978319906,3.451544993495972,2.5,2.7,2000.0,test batch size $m$,0.1,2000,0.05,,25,100,0.09348117295014721,0.09348117295014721,0.011192000000000002,0.0296,0.009348117295014722,-0.2999429000227671,0.0,0.921533372631579,2500,finite_k2_m_fixed_pi,empirical FDR / nominal alpha
tikz-v1,figure6_supp,fdr_ratio_atlas_r3_c1,$N_{cal}$ by $m$; fixed $\pi_1=0.05$,9,heatmap_cell,standard_conformal_bh,finite_k2,m_fixed_pi,3.3010299956639813,2.8,3.1505149978319906,3.451544993495972,2.7,2.9,2000.0,test batch size $m$,0.1,2000,0.05,,25,100,0.446855492882582,0.446855492882582,0.0526,0.17,0.0446855492882582,-0.4996870826184039,0.0,0.9213142084210527,2500,finite_k2_m_fixed_pi,empirical FDR / nominal alpha
tikz-v1,figure6_supp,fdr_ratio_atlas_r3_c1,$N_{cal}$ by $m$; fixed $\pi_1=0.05$,9,heatmap_cell,standard_conformal_bh,finite_k2,m_fixed_pi,3.3010299956639813,3.0,3.1505149978319906,3.451544993495972,2.9,3.0999999999999996,2000.0,test batch size $m$,0.1,2000,0.05,,25,100,0.2242227957449335,0.2242227957449335,0.029519999999999998,0.1472,0.022422279574493352,-0.6994040818153374,0.0,0.9211195031578947,2500,finite_k2_m_fixed_pi,empirical FDR / nominal alpha
tikz-v1,figure6_supp,fdr_ratio_atlas_r3_c1,$N_{cal}$ by $m$; fixed $\pi_1=0.05$,9,heatmap_cell,standard_conformal_bh,finite_k2,m_fixed_pi,3.3010299956639813,3.1999999999999997,3.1505149978319906,3.451544993495972,3.0999999999999996,3.3,2000.0,test batch size $m$,0.1,2000,0.05,,25,100,0.6596777597337414,0.6596777597337414,0.080496,0.4208,0.06596777597337415,-0.8992731873176038,0.0,0.9218236884210526,2500,finite_k2_m_fixed_pi,empirical FDR / nominal alpha
tikz-v1,figure6_supp,fdr_ratio_atlas_r3_c1,$N_{cal}$ by $m$; fixed $\pi_1=0.05$,9,heatmap_cell,standard_conformal_bh,finite_k2,m_fixed_pi,3.3010299956639813,3.4,3.1505149978319906,3.451544993495972,3.3,3.5,2000.0,test batch size $m$,0.1,2000,0.05,,25,100,0.9838422152584388,0.9838422152584388,0.11886399999999998,0.7252,0.09838422152584389,-1.0991624929285948,0.0,0.921537307368421,2500,finite_k2_m_fixed_pi,empirical FDR / nominal alpha
tikz-v1,figure6_supp,fdr_ratio_atlas_r3_c1,$N_{cal}$ by $m$; fixed $\pi_1=0.05$,9,heatmap_cell,standard_conformal_bh,finite_k2,m_fixed_pi,3.3010299956639813,3.6,3.1505149978319906,3.451544993495972,3.5,3.7,2000.0,test batch size $m$,0.1,2000,0.05,,25,100,0.6662430795258517,0.6662430795258517,0.080252,0.5648,0.06662430795258517,-1.2990712600274095,0.0,0.9213392778947369,2500,finite_k2_m_fixed_pi,empirical FDR / nominal alpha
tikz-v1,figure6_supp,fdr_ratio_atlas_r3_c1,$N_{cal}$ by $m$; fixed $\pi_1=0.05$,9,heatmap_cell,standard_conformal_bh,finite_k2,m_fixed_pi,3.3010299956639813,3.8,3.1505149978319906,3.451544993495972,3.7,3.8999999999999995,2000.0,test batch size $m$,0.1,2000,0.05,,25,100,0.7805705455400104,0.7805705455400104,0.09724400000000001,0.7732,0.07805705455400104,-1.4990681845107945,0.0,0.9211855410526315,2500,finite_k2_m_fixed_pi,empirical FDR / nominal alpha
tikz-v1,figure6_supp,fdr_ratio_atlas_r3_c1,$N_{cal}$ by $m$; fixed $\pi_1=0.05$,9,heatmap_cell,standard_conformal_bh,finite_k2,m_fixed_pi,3.3010299956639813,3.9999999999999996,3.1505149978319906,3.451544993495972,3.8999999999999995,4.1,2000.0,test batch size $m$,0.1,2000,0.05,,25,100,0.9883141714569382,0.9883141714569382,0.11933600000000001,0.9452,0.09883141714569382,-1.6990134316128815,0.0,0.9212447957894737,2500,finite_k2_m_fixed_pi,empirical FDR / nominal alpha
tikz-v1,figure6_supp,fdr_ratio_atlas_r3_c3,$N_{cal}$ by anomaly rate,11,heatmap_cell,standard_conformal_bh,finite_k2,pi1_sweep,-2.3010299956639813,1.4,-2.451544993495972,-2.1505149978319906,1.3,1.5,0.005,anomaly rate $\pi_1$,0.1,1000,0.005,,25,100,0.0,0.0,0.0,0.0,0.0,1.8860566476931633,1.0,0.921734432160804,2500,finite_k2_pi1_sweep,empirical FDR / nominal alpha
tikz-v1,figure6_supp,fdr_ratio_atlas_r3_c3,$N_{cal}$ by anomaly rate,11,heatmap_cell,standard_conformal_bh,finite_k2,pi1_sweep,-2.3010299956639813,1.6,-2.451544993495972,-2.1505149978319906,1.5,1.7,0.005,anomaly rate $\pi_1$,0.1,1000,0.005,,25,100,0.0,0.0,0.0,0.0,0.0,1.6882461389442458,1.0,0.9216028140703518,2500,finite_k2_pi1_sweep,empirical FDR / nominal alpha
tikz-v1,figure6_supp,fdr_ratio_atlas_r3_c3,$N_{cal}$ by anomaly rate,11,heatmap_cell,standard_conformal_bh,finite_k2,pi1_sweep,-2.3010299956639813,1.7999999999999998,-2.451544993495972,-2.1505149978319906,1.7,1.9,0.005,anomaly rate $\pi_1$,0.1,1000,0.005,,25,100,0.0,0.0,0.0,0.0,0.0,1.494850021680094,1.0,0.9206538291457287,2500,finite_k2_pi1_sweep,empirical FDR / nominal alpha
tikz-v1,figure6_supp,fdr_ratio_atlas_r3_c3,$N_{cal}$ by anomaly rate,11,heatmap_cell,standard_conformal_bh,finite_k2,pi1_sweep,-2.3010299956639813,2.0,-2.451544993495972,-2.1505149978319906,1.9,2.1,0.005,anomaly rate $\pi_1$,0.1,1000,0.005,,25,100,0.0,0.0,0.0,0.0,0.0,1.2967086218813386,1.0,0.9236226733668341,2500,finite_k2_pi1_sweep,empirical FDR / nominal alpha
tikz-v1,figure6_supp,fdr_ratio_atlas_r3_c3,$N_{cal}$ by anomaly rate,11,heatmap_cell,standard_conformal_bh,finite_k2,pi1_sweep,-2.3010299956639813,2.2,-2.451544993495972,-2.1505149978319906,2.1,2.3,0.005,anomaly rate $\pi_1$,0.1,1000,0.005,,25,100,0.0,0.0,0.0,0.0,0.0,1.0996328713435297,1.0,0.9244346532663316,2500,finite_k2_pi1_sweep,empirical FDR / nominal alpha
tikz-v1,figure6_supp,fdr_ratio_atlas_r3_c3,$N_{cal}$ by anomaly rate,11,heatmap_cell,standard_conformal_bh,finite_k2,pi1_sweep,-2.3010299956639813,2.4,-2.451544993495972,-2.1505149978319906,2.3,2.5,0.005,anomaly rate $\pi_1$,0.1,1000,0.005,,25,100,0.0,0.0,0.0,0.0,0.0,0.8996294548824371,1.0,0.921270592964824,2500,finite_k2_pi1_sweep,empirical FDR / nominal alpha
tikz-v1,figure6_supp,fdr_ratio_atlas_r3_c3,$N_{cal}$ by anomaly rate,11,heatmap_cell,standard_conformal_bh,finite_k2,pi1_sweep,-2.3010299956639813,2.6,-2.451544993495972,-2.1505149978319906,2.5,2.7,0.005,anomaly rate $\pi_1$,0.1,1000,0.005,,25,100,0.0,0.0,0.0,0.0,0.0,0.700057099977233,1.0,0.9206430552763821,2500,finite_k2_pi1_sweep,empirical FDR / nominal alpha
tikz-v1,figure6_supp,fdr_ratio_atlas_r3_c3,$N_{cal}$ by anomaly rate,11,heatmap_cell,standard_conformal_bh,finite_k2,pi1_sweep,-2.3010299956639813,2.8,-2.451544993495972,-2.1505149978319906,2.7,2.9,0.005,anomaly rate $\pi_1$,0.1,1000,0.005,,25,100,0.0037647058823529413,0.0037647058823529413,8e-05,0.0004,0.00037647058823529414,0.5003129173815962,1.0,0.9198929849246229,2500,finite_k2_pi1_sweep,empirical FDR / nominal alpha
tikz-v1,figure6_supp,fdr_ratio_atlas_r3_c3,$N_{cal}$ by anomaly rate,11,heatmap_cell,standard_conformal_bh,finite_k2,pi1_sweep,-2.3010299956639813,3.0,-2.451544993495972,-2.1505149978319906,2.9,3.0999999999999996,0.005,anomaly rate $\pi_1$,0.1,1000,0.005,,25,100,0.008945454545454545,0.008945454545454545,0.00064,0.0012,0.0008945454545454545,0.3005959181846626,1.0,0.919796984924623,2500,finite_k2_pi1_sweep,empirical FDR / nominal alpha
tikz-v1,figure6_supp,fdr_ratio_atlas_r3_c3,$N_{cal}$ by anomaly rate,11,heatmap_cell,standard_conformal_bh,finite_k2,pi1_sweep,-2.3010299956639813,3.1999999999999997,-2.451544993495972,-2.1505149978319906,3.0999999999999996,3.3,0.005,anomaly rate $\pi_1$,0.1,1000,0.005,,25,100,0.02064285714285714,0.02064285714285714,0.0010400000000000001,0.0028,0.0020642857142857142,0.10072681268239621,1.0,0.9216009648241205,2500,finite_k2_pi1_sweep,empirical FDR / nominal alpha
tikz-v1,figure6_supp,fdr_ratio_atlas_r3_c3,$N_{cal}$ by anomaly rate,11,heatmap_cell,standard_conformal_bh,finite_k2,pi1_sweep,-2.3010299956639813,3.4,-2.451544993495972,-2.1505149978319906,3.3,3.5,0.005,anomaly rate $\pi_1$,0.1,1000,0.005,,25,100,0.06280000000000001,0.06280000000000001,0.0041600000000000005,0.0112,0.006280000000000001,-0.09916249292859479,0.0,0.9228300703517589,2500,finite_k2_pi1_sweep,empirical FDR / nominal alpha
tikz-v1,figure6_supp,fdr_ratio_atlas_r3_c3,$N_{cal}$ by anomaly rate,11,heatmap_cell,standard_conformal_bh,finite_k2,pi1_sweep,-2.3010299956639813,3.6,-2.451544993495972,-2.1505149978319906,3.5,3.7,0.005,anomaly rate $\pi_1$,0.1,1000,0.005,,25,100,0.11153333333333332,0.11153333333333332,0.0067199999999999985,0.0216,0.011153333333333333,-0.2990712600274095,0.0,0.9221362814070352,2500,finite_k2_pi1_sweep,empirical FDR / nominal alpha
tikz-v1,figure6_supp,fdr_ratio_atlas_r3_c3,$N_{cal}$ by anomaly rate,11,heatmap_cell,standard_conformal_bh,finite_k2,pi1_sweep,-2.3010299956639813,3.8,-2.451544993495972,-2.1505149978319906,3.7,3.8999999999999995,0.005,anomaly rate $\pi_1$,0.1,1000,0.005,,25,100,0.27270793650793645,0.27270793650793645,0.013519999999999999,0.0548,0.02727079365079365,-0.4990681845107945,0.0,0.9229817085427136,2500,finite_k2_pi1_sweep,empirical FDR / nominal alpha
tikz-v1,figure6_supp,fdr_ratio_atlas_r3_c3,$N_{cal}$ by anomaly rate,11,heatmap_cell,standard_conformal_bh,finite_k2,pi1_sweep,-2.3010299956639813,3.9999999999999996,-2.451544993495972,-2.1505149978319906,3.8999999999999995,4.1,0.005,anomaly rate $\pi_1$,0.1,1000,0.005,,25,100,1.1583238095238093,1.1583238095238093,0.05024,0.2828,0.11583238095238094,-0.6990134316128814,0.0,0.9217083819095478,2500,finite_k2_pi1_sweep,empirical FDR / nominal alpha
tikz-v1,figure6_supp,fdr_ratio_atlas_r3_c3,$N_{cal}$ by anomaly rate,11,heatmap_cell,standard_conformal_bh,finite_k2,pi1_sweep,-2.0,1.4,-2.1505149978319906,-1.8494850021680094,1.3,1.5,0.01,anomaly rate $\pi_1$,0.1,1000,0.01,,25,100,0.0,0.0,0.0,0.0,0.0,1.585026652029182,1.0,0.9215545454545456,2500,finite_k2_pi1_sweep,empirical FDR / nominal alpha
tikz-v1,figure6_supp,fdr_ratio_atlas_r3_c3,$N_{cal}$ by anomaly rate,11,heatmap_cell,standard_conformal_bh,finite_k2,pi1_sweep,-2.0,1.6,-2.1505149978319906,-1.8494850021680094,1.5,1.7,0.01,anomaly rate $\pi_1$,0.1,1000,0.01,,25,100,0.0,0.0,0.0,0.0,0.0,1.3872161432802645,1.0,0.9218244040404041,2500,finite_k2_pi1_sweep,empirical FDR / nominal alpha
tikz-v1,figure6_supp,fdr_ratio_atlas_r3_c3,$N_{cal}$ by anomaly rate,11,heatmap_cell,standard_conformal_bh,finite_k2,pi1_sweep,-2.0,1.7999999999999998,-2.1505149978319906,-1.8494850021680094,1.7,1.9,0.01,anomaly rate $\pi_1$,0.1,1000,0.01,,25,100,0.0,0.0,0.0,0.0,0.0,1.193820026016113,1.0,0.9207113939393939,2500,finite_k2_pi1_sweep,empirical FDR / nominal alpha
tikz-v1,figure6_supp,fdr_ratio_atlas_r3_c3,$N_{cal}$ by anomaly rate,11,heatmap_cell,standard_conformal_bh,finite_k2,pi1_sweep,-2.0,2.0,-2.1505149978319906,-1.8494850021680094,1.9,2.1,0.01,anomaly rate $\pi_1$,0.1,1000,0.01,,25,100,0.0,0.0,0.0,0.0,0.0,0.9956786262173575,1.0,0.9221432323232323,2500,finite_k2_pi1_sweep,empirical FDR / nominal alpha
tikz-v1,figure6_supp,fdr_ratio_atlas_r3_c3,$N_{cal}$ by anomaly rate,11,heatmap_cell,standard_conformal_bh,finite_k2,pi1_sweep,-2.0,2.2,-2.1505149978319906,-1.8494850021680094,2.1,2.3,0.01,anomaly rate $\pi_1$,0.1,1000,0.01,,25,100,0.0,0.0,0.0,0.0,0.0,0.7986028756795486,1.0,0.9203014949494948,2500,finite_k2_pi1_sweep,empirical FDR / nominal alpha
tikz-v1,figure6_supp,fdr_ratio_atlas_r3_c3,$N_{cal}$ by anomaly rate,11,heatmap_cell,standard_conformal_bh,finite_k2,pi1_sweep,-2.0,2.4,-2.1505149978319906,-1.8494850021680094,2.3,2.5,0.01,anomaly rate $\pi_1$,0.1,1000,0.01,,25,100,0.0,0.0,0.0,0.0,0.0,0.5985994592184559,1.0,0.9223130909090909,2500,finite_k2_pi1_sweep,empirical FDR / nominal alpha
tikz-v1,figure6_supp,fdr_ratio_atlas_r3_c3,$N_{cal}$ by anomaly rate,11,heatmap_cell,standard_conformal_bh,finite_k2,pi1_sweep,-2.0,2.6,-2.1505149978319906,-1.8494850021680094,2.5,2.7,0.01,anomaly rate $\pi_1$,0.1,1000,0.01,,25,100,0.0,0.0,0.0,0.0,0.0,0.3990271043132517,1.0,0.9224172929292931,2500,finite_k2_pi1_sweep,empirical FDR / nominal alpha
tikz-v1,figure6_supp,fdr_ratio_atlas_r3_c3,$N_{cal}$ by anomaly rate,11,heatmap_cell,standard_conformal_bh,finite_k2,pi1_sweep,-2.0,2.8,-2.1505149978319906,-1.8494850021680094,2.7,2.9,0.01,anomaly rate $\pi_1$,0.1,1000,0.01,,25,100,0.22933860881180707,0.22933860881180707,0.01284,0.03,0.02293386088118071,0.199282921717615,1.0,0.9210145858585859,2500,finite_k2_pi1_sweep,empirical FDR / nominal alpha
tikz-v1,figure6_supp,fdr_ratio_atlas_r3_c3,$N_{cal}$ by anomaly rate,11,heatmap_cell,standard_conformal_bh,finite_k2,pi1_sweep,-2.0,3.0,-2.1505149978319906,-1.8494850021680094,2.9,3.0999999999999996,0.01,anomaly rate $\pi_1$,0.1,1000,0.01,,25,100,0.011812121212121213,0.011812121212121213,0.00088,0.002,0.0011812121212121213,-0.00043407747931862597,0.0,0.9218313131313131,2500,finite_k2_pi1_sweep,empirical FDR / nominal alpha
tikz-v1,figure6_supp,fdr_ratio_atlas_r3_c3,$N_{cal}$ by anomaly rate,11,heatmap_cell,standard_conformal_bh,finite_k2,pi1_sweep,-2.0,3.1999999999999997,-2.1505149978319906,-1.8494850021680094,3.0999999999999996,3.3,0.01,anomaly rate $\pi_1$,0.1,1000,0.01,,25,100,0.1379279942279942,0.1379279942279942,0.00732,0.0232,0.013792799422799422,-0.20030318298158498,0.0,0.9211442020202023,2500,finite_k2_pi1_sweep,empirical FDR / nominal alpha
tikz-v1,figure6_supp,fdr_ratio_atlas_r3_c3,$N_{cal}$ by anomaly rate,11,heatmap_cell,standard_conformal_bh,finite_k2,pi1_sweep,-2.0,3.4,-2.1505149978319906,-1.8494850021680094,3.3,3.5,0.01,anomaly rate $\pi_1$,0.1,1000,0.01,,25,100,0.24549413919413915,0.24549413919413915,0.01488,0.0564,0.024549413919413916,-0.400192488592576,0.0,0.9208632727272729,2500,finite_k2_pi1_sweep,empirical FDR / nominal alpha
tikz-v1,figure6_supp,fdr_ratio_atlas_r3_c3,$N_{cal}$ by anomaly rate,11,heatmap_cell,standard_conformal_bh,finite_k2,pi1_sweep,-2.0,3.6,-2.1505149978319906,-1.8494850021680094,3.5,3.7,0.01,anomaly rate $\pi_1$,0.1,1000,0.01,,25,100,0.2329412698412698,0.2329412698412698,0.01664,0.0712,0.023294126984126983,-0.6001012556913907,0.0,0.9229356767676767,2500,finite_k2_pi1_sweep,empirical FDR / nominal alpha
tikz-v1,figure6_supp,fdr_ratio_atlas_r3_c3,$N_{cal}$ by anomaly rate,11,heatmap_cell,standard_conformal_bh,finite_k2,pi1_sweep,-2.0,3.8,-2.1505149978319906,-1.8494850021680094,3.7,3.8999999999999995,0.01,anomaly rate $\pi_1$,0.1,1000,0.01,,25,100,0.43791111111111103,0.43791111111111103,0.029920000000000006,0.1532,0.04379111111111111,-0.8000981801747756,0.0,0.920633696969697,2500,finite_k2_pi1_sweep,empirical FDR / nominal alpha
tikz-v1,figure6_supp,fdr_ratio_atlas_r3_c3,$N_{cal}$ by anomaly rate,11,heatmap_cell,standard_conformal_bh,finite_k2,pi1_sweep,-2.0,3.9999999999999996,-2.1505149978319906,-1.8494850021680094,3.8999999999999995,4.1,0.01,anomaly rate $\pi_1$,0.1,1000,0.01,,25,100,0.9810761904761903,0.9810761904761903,0.058960000000000005,0.3996,0.09810761904761904,-1.0000434272768626,0.0,0.9197930505050504,2500,finite_k2_pi1_sweep,empirical FDR / nominal alpha
tikz-v1,figure6_supp,fdr_ratio_atlas_r3_c3,$N_{cal}$ by anomaly rate,11,heatmap_cell,standard_conformal_bh,finite_k2,pi1_sweep,-1.6989700043360187,1.4,-1.8494850021680094,-1.5,1.3,1.5,0.02,anomaly rate $\pi_1$,0.1,1000,0.02,,25,100,0.0,0.0,0.0,0.0,0.0,1.2839966563652008,1.0,0.9215037755102039,2500,finite_k2_pi1_sweep,empirical FDR / nominal alpha
tikz-v1,figure6_supp,fdr_ratio_atlas_r3_c3,$N_{cal}$ by anomaly rate,11,heatmap_cell,standard_conformal_bh,finite_k2,pi1_sweep,-1.6989700043360187,1.6,-1.8494850021680094,-1.5,1.5,1.7,0.02,anomaly rate $\pi_1$,0.1,1000,0.02,,25,100,0.0,0.0,0.0,0.0,0.0,1.0861861476162833,1.0,0.9213030204081634,2500,finite_k2_pi1_sweep,empirical FDR / nominal alpha
tikz-v1,figure6_supp,fdr_ratio_atlas_r3_c3,$N_{cal}$ by anomaly rate,11,heatmap_cell,standard_conformal_bh,finite_k2,pi1_sweep,-1.6989700043360187,1.7999999999999998,-1.8494850021680094,-1.5,1.7,1.9,0.02,anomaly rate $\pi_1$,0.1,1000,0.02,,25,100,0.0,0.0,0.0,0.0,0.0,0.8927900303521317,1.0,0.9212585714285713,2500,finite_k2_pi1_sweep,empirical FDR / nominal alpha
tikz-v1,figure6_supp,fdr_ratio_atlas_r3_c3,$N_{cal}$ by anomaly rate,11,heatmap_cell,standard_conformal_bh,finite_k2,pi1_sweep,-1.6989700043360187,2.0,-1.8494850021680094,-1.5,1.9,2.1,0.02,anomaly rate $\pi_1$,0.1,1000,0.02,,25,100,0.0,0.0,0.0,0.0,0.0,0.6946486305533762,1.0,0.9207941224489796,2500,finite_k2_pi1_sweep,empirical FDR / nominal alpha
tikz-v1,figure6_supp,fdr_ratio_atlas_r3_c3,$N_{cal}$ by anomaly rate,11,heatmap_cell,standard_conformal_bh,finite_k2,pi1_sweep,-1.6989700043360187,2.2,-1.8494850021680094,-1.5,2.1,2.3,0.02,anomaly rate $\pi_1$,0.1,1000,0.02,,25,100,0.0,0.0,0.0,0.0,0.0,0.4975728800155673,1.0,0.9220690612244898,2500,finite_k2_pi1_sweep,empirical FDR / nominal alpha
tikz-v1,figure6_supp,fdr_ratio_atlas_r3_c3,$N_{cal}$ by anomaly rate,11,heatmap_cell,standard_conformal_bh,finite_k2,pi1_sweep,-1.6989700043360187,2.4,-1.8494850021680094,-1.5,2.3,2.5,0.02,anomaly rate $\pi_1$,0.1,1000,0.02,,25,100,0.0,0.0,0.0,0.0,0.0,0.29756946355447467,1.0,0.9218125714285714,2500,finite_k2_pi1_sweep,empirical FDR / nominal alpha
tikz-v1,figure6_supp,fdr_ratio_atlas_r3_c3,$N_{cal}$ by anomaly rate,11,heatmap_cell,standard_conformal_bh,finite_k2,pi1_sweep,-1.6989700043360187,2.6,-1.8494850021680094,-1.5,2.5,2.7,0.02,anomaly rate $\pi_1$,0.1,1000,0.02,,25,100,0.007694342694342694,0.007694342694342694,0.00058,0.0012,0.0007694342694342694,0.09799710864927055,1.0,0.920541448979592,2500,finite_k2_pi1_sweep,empirical FDR / nominal alpha
tikz-v1,figure6_supp,fdr_ratio_atlas_r3_c3,$N_{cal}$ by anomaly rate,11,heatmap_cell,standard_conformal_bh,finite_k2,pi1_sweep,-1.6989700043360187,2.8,-1.8494850021680094,-1.5,2.7,2.9,0.02,anomaly rate $\pi_1$,0.1,1000,0.02,,25,100,0.013403095975232197,0.013403095975232197,0.00126,0.0028,0.0013403095975232197,-0.10174707394636621,0.0,0.9210168775510204,2500,finite_k2_pi1_sweep,empirical FDR / nominal alpha
tikz-v1,figure6_supp,fdr_ratio_atlas_r3_c3,$N_{cal}$ by anomaly rate,11,heatmap_cell,standard_conformal_bh,finite_k2,pi1_sweep,-1.6989700043360187,3.0,-1.8494850021680094,-1.5,2.9,3.0999999999999996,0.02,anomaly rate $\pi_1$,0.1,1000,0.02,,25,100,0.15328138528138527,0.15328138528138527,0.011160000000000002,0.0352,0.015328138528138528,-0.3014640731432998,0.0,0.9204610000000001,2500,finite_k2_pi1_sweep,empirical FDR / nominal alpha
tikz-v1,figure6_supp,fdr_ratio_atlas_r3_c3,$N_{cal}$ by anomaly rate,11,heatmap_cell,standard_conformal_bh,finite_k2,pi1_sweep,-1.6989700043360187,3.1999999999999997,-1.8494850021680094,-1.5,3.0999999999999996,3.3,0.02,anomaly rate $\pi_1$,0.1,1000,0.02,,25,100,0.17981886153062623,0.17981886153062623,0.0152,0.0556,0.017981886153062624,-0.5013331786455661,0.0,0.9204229591836735,2500,finite_k2_pi1_sweep,empirical FDR / nominal alpha
tikz-v1,figure6_supp,fdr_ratio_atlas_r3_c3,$N_{cal}$ by anomaly rate,11,heatmap_cell,standard_conformal_bh,finite_k2,pi1_sweep,-1.6989700043360187,3.4,-1.8494850021680094,-1.5,3.3,3.5,0.02,anomaly rate $\pi_1$,0.1,1000,0.02,,25,100,0.5889057223821931,0.5889057223821931,0.0457,0.218,0.05889057223821931,-0.7012224842565572,0.0,0.9212619999999999,2500,finite_k2_pi1_sweep,empirical FDR / nominal alpha
tikz-v1,figure6_supp,fdr_ratio_atlas_r3_c3,$N_{cal}$ by anomaly rate,11,heatmap_cell,standard_conformal_bh,finite_k2,pi1_sweep,-1.6989700043360187,3.6,-1.8494850021680094,-1.5,3.5,3.7,0.02,anomaly rate $\pi_1$,0.1,1000,0.02,,25,100,0.5037557664557665,0.5037557664557665,0.039939999999999996,0.232,0.050375576645576646,-0.901131251355372,0.0,0.9214996326530612,2500,finite_k2_pi1_sweep,empirical FDR / nominal alpha
tikz-v1,figure6_supp,fdr_ratio_atlas_r3_c3,$N_{cal}$ by anomaly rate,11,heatmap_cell,standard_conformal_bh,finite_k2,pi1_sweep,-1.6989700043360187,3.8,-1.8494850021680094,-1.5,3.7,3.8999999999999995,0.02,anomaly rate $\pi_1$,0.1,1000,0.02,,25,100,0.6098969696969696,0.6098969696969696,0.0518,0.3524,0.060989696969696965,-1.1011281758387568,0.0,0.9220772857142856,2500,finite_k2_pi1_sweep,empirical FDR / nominal alpha
tikz-v1,figure6_supp,fdr_ratio_atlas_r3_c3,$N_{cal}$ by anomaly rate,11,heatmap_cell,standard_conformal_bh,finite_k2,pi1_sweep,-1.6989700043360187,3.9999999999999996,-1.8494850021680094,-1.5,3.8999999999999995,4.1,0.02,anomaly rate $\pi_1$,0.1,1000,0.02,,25,100,1.0300323454323452,1.0300323454323452,0.07232000000000001,0.6288,0.10300323454323454,-1.3010734229408438,0.0,0.922134612244898,2500,finite_k2_pi1_sweep,empirical FDR / nominal alpha
tikz-v1,figure6_supp,fdr_ratio_atlas_r3_c3,$N_{cal}$ by anomaly rate,11,heatmap_cell,standard_conformal_bh,finite_k2,pi1_sweep,-1.3010299956639813,1.4,-1.5,-1.1505149978319906,1.3,1.5,0.05,anomaly rate $\pi_1$,0.1,1000,0.05,,25,100,0.0,0.0,0.0,0.0,0.0,0.8860566476931633,1.0,0.9214151494736842,2500,finite_k2_pi1_sweep,empirical FDR / nominal alpha
tikz-v1,figure6_supp,fdr_ratio_atlas_r3_c3,$N_{cal}$ by anomaly rate,11,heatmap_cell,standard_conformal_bh,finite_k2,pi1_sweep,-1.3010299956639813,1.6,-1.5,-1.1505149978319906,1.5,1.7,0.05,anomaly rate $\pi_1$,0.1,1000,0.05,,25,100,0.0,0.0,0.0,0.0,0.0,0.6882461389442457,1.0,0.9218212884210527,2500,finite_k2_pi1_sweep,empirical FDR / nominal alpha
tikz-v1,figure6_supp,fdr_ratio_atlas_r3_c3,$N_{cal}$ by anomaly rate,11,heatmap_cell,standard_conformal_bh,finite_k2,pi1_sweep,-1.3010299956639813,1.7999999999999998,-1.5,-1.1505149978319906,1.7,1.9,0.05,anomaly rate $\pi_1$,0.1,1000,0.05,,25,100,0.0,0.0,0.0,0.0,0.0,0.494850021680094,1.0,0.9211439663157894,2500,finite_k2_pi1_sweep,empirical FDR / nominal alpha
tikz-v1,figure6_supp,fdr_ratio_atlas_r3_c3,$N_{cal}$ by anomaly rate,11,heatmap_cell,standard_conformal_bh,finite_k2,pi1_sweep,-1.3010299956639813,2.0,-1.5,-1.1505149978319906,1.9,2.1,0.05,anomaly rate $\pi_1$,0.1,1000,0.05,,25,100,0.002509803921568627,0.002509803921568627,0.000304,0.0004,0.00025098039215686274,0.2967086218813386,1.0,0.921058812631579,2500,finite_k2_pi1_sweep,empirical FDR / nominal alpha
tikz-v1,figure6_supp,fdr_ratio_atlas_r3_c3,$N_{cal}$ by anomaly rate,11,heatmap_cell,standard_conformal_bh,finite_k2,pi1_sweep,-1.3010299956639813,2.2,-1.5,-1.1505149978319906,2.1,2.3,0.05,anomaly rate $\pi_1$,0.1,1000,0.05,,25,100,0.0055335497835497845,0.0055335497835497845,0.0008320000000000001,0.0012,0.0005533549783549785,0.09963287134352969,1.0,0.9217788463157894,2500,finite_k2_pi1_sweep,empirical FDR / nominal alpha
tikz-v1,figure6_supp,fdr_ratio_atlas_r3_c3,$N_{cal}$ by anomaly rate,11,heatmap_cell,standard_conformal_bh,finite_k2,pi1_sweep,-1.3010299956639813,2.4,-1.5,-1.1505149978319906,2.3,2.5,0.05,anomaly rate $\pi_1$,0.1,1000,0.05,,25,100,0.032166839589958605,0.032166839589958605,0.003728,0.0076,0.0032166839589958607,-0.10037054511756292,0.0,0.9213603789473683,2500,finite_k2_pi1_sweep,empirical FDR / nominal alpha
tikz-v1,figure6_supp,fdr_ratio_atlas_r3_c3,$N_{cal}$ by anomaly rate,11,heatmap_cell,standard_conformal_bh,finite_k2,pi1_sweep,-1.3010299956639813,2.6,-1.5,-1.1505149978319906,2.5,2.7,0.05,anomaly rate $\pi_1$,0.1,1000,0.05,,25,100,0.32077641591352807,0.32077641591352807,0.036879999999999996,0.0896,0.03207764159135281,-0.2999429000227671,0.0,0.9218351578947368,2500,finite_k2_pi1_sweep,empirical FDR / nominal alpha
tikz-v1,figure6_supp,fdr_ratio_atlas_r3_c3,$N_{cal}$ by anomaly rate,11,heatmap_cell,standard_conformal_bh,finite_k2,pi1_sweep,-1.3010299956639813,2.8,-1.5,-1.1505149978319906,2.7,2.9,0.05,anomaly rate $\pi_1$,0.1,1000,0.05,,25,100,0.22452980934697098,0.22452980934697098,0.029824,0.1004,0.0224529809346971,-0.4996870826184039,0.0,0.9204037473684209,2500,finite_k2_pi1_sweep,empirical FDR / nominal alpha
tikz-v1,figure6_supp,fdr_ratio_atlas_r3_c3,$N_{cal}$ by anomaly rate,11,heatmap_cell,standard_conformal_bh,finite_k2,pi1_sweep,-1.3010299956639813,3.0,-1.5,-1.1505149978319906,2.9,3.0999999999999996,0.05,anomaly rate $\pi_1$,0.1,1000,0.05,,25,100,0.5568680903317869,0.5568680903317869,0.071992,0.2876,0.05568680903317869,-0.6994040818153374,0.0,0.9208565894736843,2500,finite_k2_pi1_sweep,empirical FDR / nominal alpha
tikz-v1,figure6_supp,fdr_ratio_atlas_r3_c3,$N_{cal}$ by anomaly rate,11,heatmap_cell,standard_conformal_bh,finite_k2,pi1_sweep,-1.3010299956639813,3.1999999999999997,-1.5,-1.1505149978319906,3.0999999999999996,3.3,0.05,anomaly rate $\pi_1$,0.1,1000,0.05,,25,100,0.5407557954791055,0.5407557954791055,0.076544,0.362,0.05407557954791055,-0.8992731873176038,0.0,0.9209963200000002,2500,finite_k2_pi1_sweep,empirical FDR / nominal alpha
tikz-v1,figure6_supp,fdr_ratio_atlas_r3_c3,$N_{cal}$ by anomaly rate,11,heatmap_cell,standard_conformal_bh,finite_k2,pi1_sweep,-1.3010299956639813,3.4,-1.5,-1.1505149978319906,3.3,3.5,0.05,anomaly rate $\pi_1$,0.1,1000,0.05,,25,100,0.8807452104053728,0.8807452104053728,0.11443199999999999,0.6236,0.08807452104053728,-1.0991624929285948,0.0,0.921543174736842,2500,finite_k2_pi1_sweep,empirical FDR / nominal alpha
tikz-v1,figure6_supp,fdr_ratio_atlas_r3_c3,$N_{cal}$ by anomaly rate,11,heatmap_cell,standard_conformal_bh,finite_k2,pi1_sweep,-1.3010299956639813,3.6,-1.5,-1.1505149978319906,3.5,3.7,0.05,anomaly rate $\pi_1$,0.1,1000,0.05,,25,100,0.8097541906451792,0.8097541906451792,0.10543200000000001,0.724,0.08097541906451793,-1.2990712600274095,0.0,0.9211544505263156,2500,finite_k2_pi1_sweep,empirical FDR / nominal alpha
tikz-v1,figure6_supp,fdr_ratio_atlas_r3_c3,$N_{cal}$ by anomaly rate,11,heatmap_cell,standard_conformal_bh,finite_k2,pi1_sweep,-1.3010299956639813,3.8,-1.5,-1.1505149978319906,3.7,3.8999999999999995,0.05,anomaly rate $\pi_1$,0.1,1000,0.05,,25,100,0.8056139806268133,0.8056139806268133,0.111256,0.7612,0.08056139806268134,-1.4990681845107945,0.0,0.921588345263158,2500,finite_k2_pi1_sweep,empirical FDR / nominal alpha
tikz-v1,figure6_supp,fdr_ratio_atlas_r3_c3,$N_{cal}$ by anomaly rate,11,heatmap_cell,standard_conformal_bh,finite_k2,pi1_sweep,-1.3010299956639813,3.9999999999999996,-1.5,-1.1505149978319906,3.8999999999999995,4.1,0.05,anomaly rate $\pi_1$,0.1,1000,0.05,,25,100,1.0099208370472201,1.0099208370472201,0.12804000000000001,0.928,0.10099208370472201,-1.6990134316128815,0.0,0.9225782736842105,2500,finite_k2_pi1_sweep,empirical FDR / nominal alpha
tikz-v1,figure6_supp,fdr_ratio_atlas_r3_c3,$N_{cal}$ by anomaly rate,11,heatmap_cell,standard_conformal_bh,finite_k2,pi1_sweep,-1.0,1.4,-1.1505149978319906,-0.8494850021680094,1.3,1.5,0.1,anomaly rate $\pi_1$,0.1,1000,0.1,,25,100,0.0,0.0,0.0,0.0,0.0,0.585026652029182,1.0,0.9210777155555555,2500,finite_k2_pi1_sweep,empirical FDR / nominal alpha
tikz-v1,figure6_supp,fdr_ratio_atlas_r3_c3,$N_{cal}$ by anomaly rate,11,heatmap_cell,standard_conformal_bh,finite_k2,pi1_sweep,-1.0,1.6,-1.1505149978319906,-0.8494850021680094,1.5,1.7,0.1,anomaly rate $\pi_1$,0.1,1000,0.1,,25,100,0.0,0.0,0.0,0.0,0.0,0.3872161432802645,1.0,0.9217734977777778,2500,finite_k2_pi1_sweep,empirical FDR / nominal alpha
tikz-v1,figure6_supp,fdr_ratio_atlas_r3_c3,$N_{cal}$ by anomaly rate,11,heatmap_cell,standard_conformal_bh,finite_k2,pi1_sweep,-1.0,1.7999999999999998,-1.1505149978319906,-0.8494850021680094,1.7,1.9,0.1,anomaly rate $\pi_1$,0.1,1000,0.1,,25,100,0.0,0.0,0.0,0.0,0.0,0.19382002601611284,1.0,0.921008262222222,2500,finite_k2_pi1_sweep,empirical FDR / nominal alpha
tikz-v1,figure6_supp,fdr_ratio_atlas_r3_c3,$N_{cal}$ by anomaly rate,11,heatmap_cell,standard_conformal_bh,finite_k2,pi1_sweep,-1.0,2.0,-1.1505149978319906,-0.8494850021680094,1.9,2.1,0.1,anomaly rate $\pi_1$,0.1,1000,0.1,,25,100,0.10900084787814023,0.10900084787814023,0.0172,0.0268,0.010900084787814023,-0.004321373782642578,0.0,0.9215262355555555,2500,finite_k2_pi1_sweep,empirical FDR / nominal alpha
tikz-v1,figure6_supp,fdr_ratio_atlas_r3_c3,$N_{cal}$ by anomaly rate,11,heatmap_cell,standard_conformal_bh,finite_k2,pi1_sweep,-1.0,2.2,-1.1505149978319906,-0.8494850021680094,2.1,2.3,0.1,anomaly rate $\pi_1$,0.1,1000,0.1,,25,100,0.030453547862114922,0.030453547862114922,0.005416,0.0112,0.0030453547862114923,-0.2013971243204515,0.0,0.9213691511111111,2500,finite_k2_pi1_sweep,empirical FDR / nominal alpha
tikz-v1,figure6_supp,fdr_ratio_atlas_r3_c3,$N_{cal}$ by anomaly rate,11,heatmap_cell,standard_conformal_bh,finite_k2,pi1_sweep,-1.0,2.4,-1.1505149978319906,-0.8494850021680094,2.3,2.5,0.1,anomaly rate $\pi_1$,0.1,1000,0.1,,25,100,0.2592327817847978,0.2592327817847978,0.050748,0.1316,0.02592327817847978,-0.40140054078154414,0.0,0.9208154266666668,2500,finite_k2_pi1_sweep,empirical FDR / nominal alpha
tikz-v1,figure6_supp,fdr_ratio_atlas_r3_c3,$N_{cal}$ by anomaly rate,11,heatmap_cell,standard_conformal_bh,finite_k2,pi1_sweep,-1.0,2.6,-1.1505149978319906,-0.8494850021680094,2.5,2.7,0.1,anomaly rate $\pi_1$,0.1,1000,0.1,,25,100,0.5556191356105914,0.5556191356105914,0.1189,0.3928,0.05556191356105915,-0.6009728956867483,0.0,0.9211997333333333,2500,finite_k2_pi1_sweep,empirical FDR / nominal alpha
tikz-v1,figure6_supp,fdr_ratio_atlas_r3_c3,$N_{cal}$ by anomaly rate,11,heatmap_cell,standard_conformal_bh,finite_k2,pi1_sweep,-1.0,2.8,-1.1505149978319906,-0.8494850021680094,2.7,2.9,0.1,anomaly rate $\pi_1$,0.1,1000,0.1,,25,100,0.4776209622588469,0.4776209622588469,0.10746800000000001,0.4508,0.0477620962258847,-0.800717078282385,0.0,0.9211023333333335,2500,finite_k2_pi1_sweep,empirical FDR / nominal alpha
tikz-v1,figure6_supp,fdr_ratio_atlas_r3_c3,$N_{cal}$ by anomaly rate,11,heatmap_cell,standard_conformal_bh,finite_k2,pi1_sweep,-1.0,3.0,-1.1505149978319906,-0.8494850021680094,2.9,3.0999999999999996,0.1,anomaly rate $\pi_1$,0.1,1000,0.1,,25,100,1.07201774604132,1.07201774604132,0.224332,0.8852,0.10720177460413202,-1.0004340774793186,0.0,0.9215546577777777,2500,finite_k2_pi1_sweep,empirical FDR / nominal alpha
tikz-v1,figure6_supp,fdr_ratio_atlas_r3_c3,$N_{cal}$ by anomaly rate,11,heatmap_cell,standard_conformal_bh,finite_k2,pi1_sweep,-1.0,3.1999999999999997,-1.1505149978319906,-0.8494850021680094,3.0999999999999996,3.3,0.1,anomaly rate $\pi_1$,0.1,1000,0.1,,25,100,0.7334170578645203,0.7334170578645203,0.16382,0.8568,0.07334170578645204,-1.200303182981585,0.0,0.9213280266666668,2500,finite_k2_pi1_sweep,empirical FDR / nominal alpha
tikz-v1,figure6_supp,fdr_ratio_atlas_r3_c3,$N_{cal}$ by anomaly rate,11,heatmap_cell,standard_conformal_bh,finite_k2,pi1_sweep,-1.0,3.4,-1.1505149978319906,-0.8494850021680094,3.3,3.5,0.1,anomaly rate $\pi_1$,0.1,1000,0.1,,25,100,0.771026229404474,0.771026229404474,0.17494,0.8892,0.0771026229404474,-1.400192488592576,0.0,0.9210002844444444,2500,finite_k2_pi1_sweep,empirical FDR / nominal alpha
tikz-v1,figure6_supp,fdr_ratio_atlas_r3_c3,$N_{cal}$ by anomaly rate,11,heatmap_cell,standard_conformal_bh,finite_k2,pi1_sweep,-1.0,3.6,-1.1505149978319906,-0.8494850021680094,3.5,3.7,0.1,anomaly rate $\pi_1$,0.1,1000,0.1,,25,100,0.8924276973463589,0.8924276973463589,0.201352,0.9732,0.0892427697346359,-1.6001012556913907,0.0,0.9214863555555556,2500,finite_k2_pi1_sweep,empirical FDR / nominal alpha
tikz-v1,figure6_supp,fdr_ratio_atlas_r3_c3,$N_{cal}$ by anomaly rate,11,heatmap_cell,standard_conformal_bh,finite_k2,pi1_sweep,-1.0,3.8,-1.1505149978319906,-0.8494850021680094,3.7,3.8999999999999995,0.1,anomaly rate $\pi_1$,0.1,1000,0.1,,25,100,0.8496653236381299,0.8496653236381299,0.192516,0.9776,0.08496653236381299,-1.8000981801747757,0.0,0.9208721511111111,2500,finite_k2_pi1_sweep,empirical FDR / nominal alpha
tikz-v1,figure6_supp,fdr_ratio_atlas_r3_c3,$N_{cal}$ by anomaly rate,11,heatmap_cell,standard_conformal_bh,finite_k2,pi1_sweep,-1.0,3.9999999999999996,-1.1505149978319906,-0.8494850021680094,3.8999999999999995,4.1,0.1,anomaly rate $\pi_1$,0.1,1000,0.1,,25,100,0.8296822550095448,0.8296822550095448,0.18613199999999996,0.9944,0.08296822550095449,-2.0000434272768626,0.0,0.9211189688888888,2500,finite_k2_pi1_sweep,empirical FDR / nominal alpha
tikz-v1,figure6_supp,fdr_ratio_atlas_r3_c3,$N_{cal}$ by anomaly rate,11,heatmap_cell,standard_conformal_bh,finite_k2,pi1_sweep,-0.6989700043360187,1.4,-0.8494850021680094,-0.5484550065040281,1.3,1.5,0.2,anomaly rate $\pi_1$,0.1,1000,0.2,,25,100,0.0,0.0,0.0,0.0,0.0,0.28399665636520083,1.0,0.9216368275000001,2500,finite_k2_pi1_sweep,empirical FDR / nominal alpha
tikz-v1,figure6_supp,fdr_ratio_atlas_r3_c3,$N_{cal}$ by anomaly rate,11,heatmap_cell,standard_conformal_bh,finite_k2,pi1_sweep,-0.6989700043360187,1.6,-0.8494850021680094,-0.5484550065040281,1.5,1.7,0.2,anomaly rate $\pi_1$,0.1,1000,0.2,,25,100,0.06528785629093405,0.06528785629093405,0.014381999999999999,0.018,0.0065287856290934055,0.0861861476162833,1.0,0.9213065875,2500,finite_k2_pi1_sweep,empirical FDR / nominal alpha
tikz-v1,figure6_supp,fdr_ratio_atlas_r3_c3,$N_{cal}$ by anomaly rate,11,heatmap_cell,standard_conformal_bh,finite_k2,pi1_sweep,-0.6989700043360187,1.7999999999999998,-0.8494850021680094,-0.5484550065040281,1.7,1.9,0.2,anomaly rate $\pi_1$,0.1,1000,0.2,,25,100,0.1100633469265349,0.1100633469265349,0.029431999999999993,0.0444,0.01100633469265349,-0.10720996964786837,0.0,0.9215288049999999,2500,finite_k2_pi1_sweep,empirical FDR / nominal alpha
tikz-v1,figure6_supp,fdr_ratio_atlas_r3_c3,$N_{cal}$ by anomaly rate,11,heatmap_cell,standard_conformal_bh,finite_k2,pi1_sweep,-0.6989700043360187,2.0,-0.8494850021680094,-0.5484550065040281,1.9,2.1,0.2,anomaly rate $\pi_1$,0.1,1000,0.2,,25,100,0.25647974785875216,0.25647974785875216,0.081968,0.156,0.025647974785875216,-0.3053513694466238,0.0,0.921259615,2500,finite_k2_pi1_sweep,empirical FDR / nominal alpha
tikz-v1,figure6_supp,fdr_ratio_atlas_r3_c3,$N_{cal}$ by anomaly rate,11,heatmap_cell,standard_conformal_bh,finite_k2,pi1_sweep,-0.6989700043360187,2.2,-0.8494850021680094,-0.5484550065040281,2.1,2.3,0.2,anomaly rate $\pi_1$,0.1,1000,0.2,,25,100,0.3738158765240838,0.3738158765240838,0.13648000000000002,0.3396,0.037381587652408385,-0.5024271199844327,0.0,0.9210045875,2500,finite_k2_pi1_sweep,empirical FDR / nominal alpha
tikz-v1,figure6_supp,fdr_ratio_atlas_r3_c3,$N_{cal}$ by anomaly rate,11,heatmap_cell,standard_conformal_bh,finite_k2,pi1_sweep,-0.6989700043360187,2.4,-0.8494850021680094,-0.5484550065040281,2.3,2.5,0.2,anomaly rate $\pi_1$,0.1,1000,0.2,,25,100,0.5042566439049971,0.5042566439049971,0.19611800000000001,0.5668,0.05042566439049972,-0.7024305364455253,0.0,0.9214969975,2500,finite_k2_pi1_sweep,empirical FDR / nominal alpha
tikz-v1,figure6_supp,fdr_ratio_atlas_r3_c3,$N_{cal}$ by anomaly rate,11,heatmap_cell,standard_conformal_bh,finite_k2,pi1_sweep,-0.6989700043360187,2.6,-0.8494850021680094,-0.5484550065040281,2.5,2.7,0.2,anomaly rate $\pi_1$,0.1,1000,0.2,,25,100,0.69890591178165,0.69890591178165,0.27042200000000005,0.7724,0.069890591178165,-0.9020028913507294,0.0,0.921401325,2500,finite_k2_pi1_sweep,empirical FDR / nominal alpha
tikz-v1,figure6_supp,fdr_ratio_atlas_r3_c3,$N_{cal}$ by anomaly rate,11,heatmap_cell,standard_conformal_bh,finite_k2,pi1_sweep,-0.6989700043360187,2.8,-0.8494850021680094,-0.5484550065040281,2.7,2.9,0.2,anomaly rate $\pi_1$,0.1,1000,0.2,,25,100,0.7185609602529976,0.7185609602529976,0.287304,0.9564,0.07185609602529977,-1.1017470739463662,0.0,0.9212596024999999,2500,finite_k2_pi1_sweep,empirical FDR / nominal alpha
tikz-v1,figure6_supp,fdr_ratio_atlas_r3_c3,$N_{cal}$ by anomaly rate,11,heatmap_cell,standard_conformal_bh,finite_k2,pi1_sweep,-0.6989700043360187,3.0,-0.8494850021680094,-0.5484550065040281,2.9,3.0999999999999996,0.2,anomaly rate $\pi_1$,0.1,1000,0.2,,25,100,0.7420384928411835,0.7420384928411835,0.29988000000000004,0.9844,0.07420384928411836,-1.3014640731432998,0.0,0.9212442300000001,2500,finite_k2_pi1_sweep,empirical FDR / nominal alpha
tikz-v1,figure6_supp,fdr_ratio_atlas_r3_c3,$N_{cal}$ by anomaly rate,11,heatmap_cell,standard_conformal_bh,finite_k2,pi1_sweep,-0.6989700043360187,3.1999999999999997,-0.8494850021680094,-0.5484550065040281,3.0999999999999996,3.3,0.2,anomaly rate $\pi_1$,0.1,1000,0.2,,25,100,0.7596603054066479,0.7596603054066479,0.30587600000000004,0.9968,0.0759660305406648,-1.5013331786455661,0.0,0.9214532825,2500,finite_k2_pi1_sweep,empirical FDR / nominal alpha
tikz-v1,figure6_supp,fdr_ratio_atlas_r3_c3,$N_{cal}$ by anomaly rate,11,heatmap_cell,standard_conformal_bh,finite_k2,pi1_sweep,-0.6989700043360187,3.4,-0.8494850021680094,-0.5484550065040281,3.3,3.5,0.2,anomaly rate $\pi_1$,0.1,1000,0.2,,25,100,0.7536750019506092,0.7536750019506092,0.30758,1.0,0.07536750019506093,-1.701222484256557,0.0,0.9214917600000001,2500,finite_k2_pi1_sweep,empirical FDR / nominal alpha
tikz-v1,figure6_supp,fdr_ratio_atlas_r3_c3,$N_{cal}$ by anomaly rate,11,heatmap_cell,standard_conformal_bh,finite_k2,pi1_sweep,-0.6989700043360187,3.6,-0.8494850021680094,-0.5484550065040281,3.5,3.7,0.2,anomaly rate $\pi_1$,0.1,1000,0.2,,25,100,0.7537357964957172,0.7537357964957172,0.312138,1.0,0.07537357964957173,-1.901131251355372,0.0,0.9209872075,2500,finite_k2_pi1_sweep,empirical FDR / nominal alpha
tikz-v1,figure6_supp,fdr_ratio_atlas_r3_c3,$N_{cal}$ by anomaly rate,11,heatmap_cell,standard_conformal_bh,finite_k2,pi1_sweep,-0.6989700043360187,3.8,-0.8494850021680094,-0.5484550065040281,3.7,3.8999999999999995,0.2,anomaly rate $\pi_1$,0.1,1000,0.2,,25,100,0.7859309857021699,0.7859309857021699,0.322252,1.0,0.078593098570217,-2.101128175838757,0.0,0.921521795,2500,finite_k2_pi1_sweep,empirical FDR / nominal alpha
tikz-v1,figure6_supp,fdr_ratio_atlas_r3_c3,$N_{cal}$ by anomaly rate,11,heatmap_cell,standard_conformal_bh,finite_k2,pi1_sweep,-0.6989700043360187,3.9999999999999996,-0.8494850021680094,-0.5484550065040281,3.8999999999999995,4.1,0.2,anomaly rate $\pi_1$,0.1,1000,0.2,,25,100,0.7754378256968666,0.7754378256968666,0.315906,1.0,0.07754378256968666,-2.301073422940844,0.0,0.9211972099999999,2500,finite_k2_pi1_sweep,empirical FDR / nominal alpha
tikz-v1,figure6_supp,fdr_ratio_atlas_r4_c4,$N_{cal}$ by FDR level,16,heatmap_cell,standard_conformal_bh,finite_k3,alpha_sweep,-2.0,1.4,-2.1989700043360187,-1.8010299956639813,1.3,1.5,0.01,nominal FDR $\alpha$,0.01,1000,0.05,,25,100,0.0,0.0,0.0,0.0,0.0,1.8860566476931633,1.0,0.9833306105263159,2500,finite_k3_alpha_sweep,empirical FDR / nominal alpha
tikz-v1,figure6_supp,fdr_ratio_atlas_r4_c4,$N_{cal}$ by FDR level,16,heatmap_cell,standard_conformal_bh,finite_k3,alpha_sweep,-2.0,1.6,-2.1989700043360187,-1.8010299956639813,1.5,1.7,0.01,nominal FDR $\alpha$,0.01,1000,0.05,,25,100,0.0,0.0,0.0,0.0,0.0,1.6882461389442458,1.0,0.9832587705263157,2500,finite_k3_alpha_sweep,empirical FDR / nominal alpha
tikz-v1,figure6_supp,fdr_ratio_atlas_r4_c4,$N_{cal}$ by FDR level,16,heatmap_cell,standard_conformal_bh,finite_k3,alpha_sweep,-2.0,1.7999999999999998,-2.1989700043360187,-1.8010299956639813,1.7,1.9,0.01,nominal FDR $\alpha$,0.01,1000,0.05,,25,100,0.0,0.0,0.0,0.0,0.0,1.494850021680094,1.0,0.9831294399999999,2500,finite_k3_alpha_sweep,empirical FDR / nominal alpha
tikz-v1,figure6_supp,fdr_ratio_atlas_r4_c4,$N_{cal}$ by FDR level,16,heatmap_cell,standard_conformal_bh,finite_k3,alpha_sweep,-2.0,2.0,-2.1989700043360187,-1.8010299956639813,1.9,2.1,0.01,nominal FDR $\alpha$,0.01,1000,0.05,,25,100,0.0,0.0,0.0,0.0,0.0,1.2967086218813386,1.0,0.9828873178947368,2500,finite_k3_alpha_sweep,empirical FDR / nominal alpha
tikz-v1,figure6_supp,fdr_ratio_atlas_r4_c4,$N_{cal}$ by FDR level,16,heatmap_cell,standard_conformal_bh,finite_k3,alpha_sweep,-2.0,2.2,-2.1989700043360187,-1.8010299956639813,2.1,2.3,0.01,nominal FDR $\alpha$,0.01,1000,0.05,,25,100,0.0,0.0,0.0,0.0,0.0,1.0996328713435297,1.0,0.9831476547368422,2500,finite_k3_alpha_sweep,empirical FDR / nominal alpha
tikz-v1,figure6_supp,fdr_ratio_atlas_r4_c4,$N_{cal}$ by FDR level,16,heatmap_cell,standard_conformal_bh,finite_k3,alpha_sweep,-2.0,2.4,-2.1989700043360187,-1.8010299956639813,2.3,2.5,0.01,nominal FDR $\alpha$,0.01,1000,0.05,,25,100,0.0,0.0,0.0,0.0,0.0,0.8996294548824371,1.0,0.9830346694736841,2500,finite_k3_alpha_sweep,empirical FDR / nominal alpha
tikz-v1,figure6_supp,fdr_ratio_atlas_r4_c4,$N_{cal}$ by FDR level,16,heatmap_cell,standard_conformal_bh,finite_k3,alpha_sweep,-2.0,2.6,-2.1989700043360187,-1.8010299956639813,2.5,2.7,0.01,nominal FDR $\alpha$,0.01,1000,0.05,,25,100,0.0,0.0,0.0,0.0,0.0,0.700057099977233,1.0,0.9833082273684209,2500,finite_k3_alpha_sweep,empirical FDR / nominal alpha
tikz-v1,figure6_supp,fdr_ratio_atlas_r4_c4,$N_{cal}$ by FDR level,16,heatmap_cell,standard_conformal_bh,finite_k3,alpha_sweep,-2.0,2.8,-2.1989700043360187,-1.8010299956639813,2.7,2.9,0.01,nominal FDR $\alpha$,0.01,1000,0.05,,25,100,0.0,0.0,0.0,0.0,0.0,0.5003129173815962,1.0,0.9830153094736841,2500,finite_k3_alpha_sweep,empirical FDR / nominal alpha
tikz-v1,figure6_supp,fdr_ratio_atlas_r4_c4,$N_{cal}$ by FDR level,16,heatmap_cell,standard_conformal_bh,finite_k3,alpha_sweep,-2.0,3.0,-2.1989700043360187,-1.8010299956639813,2.9,3.0999999999999996,0.01,nominal FDR $\alpha$,0.01,1000,0.05,,25,100,0.0,0.0,0.0,0.0,0.0,0.3005959181846626,1.0,0.9828869389473682,2500,finite_k3_alpha_sweep,empirical FDR / nominal alpha
tikz-v1,figure6_supp,fdr_ratio_atlas_r4_c4,$N_{cal}$ by FDR level,16,heatmap_cell,standard_conformal_bh,finite_k3,alpha_sweep,-2.0,3.1999999999999997,-2.1989700043360187,-1.8010299956639813,3.0999999999999996,3.3,0.01,nominal FDR $\alpha$,0.01,1000,0.05,,25,100,0.0,0.0,0.0,0.0,0.0,0.10072681268239621,1.0,0.9830725305263158,2500,finite_k3_alpha_sweep,empirical FDR / nominal alpha
tikz-v1,figure6_supp,fdr_ratio_atlas_r4_c4,$N_{cal}$ by FDR level,16,heatmap_cell,standard_conformal_bh,finite_k3,alpha_sweep,-2.0,3.4,-2.1989700043360187,-1.8010299956639813,3.3,3.5,0.01,nominal FDR $\alpha$,0.01,1000,0.05,,25,100,0.0,0.0,0.0,0.0,0.0,-0.09916249292859479,0.0,0.9831634105263157,2500,finite_k3_alpha_sweep,empirical FDR / nominal alpha
tikz-v1,figure6_supp,fdr_ratio_atlas_r4_c4,$N_{cal}$ by FDR level,16,heatmap_cell,standard_conformal_bh,finite_k3,alpha_sweep,-2.0,3.6,-2.1989700043360187,-1.8010299956639813,3.5,3.7,0.01,nominal FDR $\alpha$,0.01,1000,0.05,,25,100,0.11757114561786418,0.11757114561786418,0.014736,0.028,0.0011757114561786418,-0.2990712600274095,0.0,0.9827659957894737,2500,finite_k3_alpha_sweep,empirical FDR / nominal alpha
tikz-v1,figure6_supp,fdr_ratio_atlas_r4_c4,$N_{cal}$ by FDR level,16,heatmap_cell,standard_conformal_bh,finite_k3,alpha_sweep,-2.0,3.8,-2.1989700043360187,-1.8010299956639813,3.7,3.8999999999999995,0.01,nominal FDR $\alpha$,0.01,1000,0.05,,25,100,0.48792355689485556,0.48792355689485556,0.11917599999999998,0.3168,0.004879235568948556,-0.4990681845107945,0.0,0.9830782147368422,2500,finite_k3_alpha_sweep,empirical FDR / nominal alpha
tikz-v1,figure6_supp,fdr_ratio_atlas_r4_c4,$N_{cal}$ by FDR level,16,heatmap_cell,standard_conformal_bh,finite_k3,alpha_sweep,-2.0,3.9999999999999996,-2.1989700043360187,-1.8010299956639813,3.8999999999999995,4.1,0.01,nominal FDR $\alpha$,0.01,1000,0.05,,25,100,0.6448465250906494,0.6448465250906494,0.16775199999999998,0.6016,0.006448465250906494,-0.6990134316128814,0.0,0.9829531368421053,2500,finite_k3_alpha_sweep,empirical FDR / nominal alpha
tikz-v1,figure6_supp,fdr_ratio_atlas_r4_c4,$N_{cal}$ by FDR level,16,heatmap_cell,standard_conformal_bh,finite_k3,alpha_sweep,-1.6020599913279623,1.4,-1.8010299956639813,-1.4515449934959719,1.3,1.5,0.025,nominal FDR $\alpha$,0.025,1000,0.05,,25,100,0.0,0.0,0.0,0.0,0.0,1.4881166390211256,1.0,0.9831425010526317,2500,finite_k3_alpha_sweep,empirical FDR / nominal alpha
tikz-v1,figure6_supp,fdr_ratio_atlas_r4_c4,$N_{cal}$ by FDR level,16,heatmap_cell,standard_conformal_bh,finite_k3,alpha_sweep,-1.6020599913279623,1.6,-1.8010299956639813,-1.4515449934959719,1.5,1.7,0.025,nominal FDR $\alpha$,0.025,1000,0.05,,25,100,0.0,0.0,0.0,0.0,0.0,1.290306130272208,1.0,0.9829887578947367,2500,finite_k3_alpha_sweep,empirical FDR / nominal alpha
tikz-v1,figure6_supp,fdr_ratio_atlas_r4_c4,$N_{cal}$ by FDR level,16,heatmap_cell,standard_conformal_bh,finite_k3,alpha_sweep,-1.6020599913279623,1.7999999999999998,-1.8010299956639813,-1.4515449934959719,1.7,1.9,0.025,nominal FDR $\alpha$,0.025,1000,0.05,,25,100,0.0,0.0,0.0,0.0,0.0,1.0969100130080565,1.0,0.9830061642105262,2500,finite_k3_alpha_sweep,empirical FDR / nominal alpha
tikz-v1,figure6_supp,fdr_ratio_atlas_r4_c4,$N_{cal}$ by FDR level,16,heatmap_cell,standard_conformal_bh,finite_k3,alpha_sweep,-1.6020599913279623,2.0,-1.8010299956639813,-1.4515449934959719,1.9,2.1,0.025,nominal FDR $\alpha$,0.025,1000,0.05,,25,100,0.0,0.0,0.0,0.0,0.0,0.898768613209301,1.0,0.9830397642105263,2500,finite_k3_alpha_sweep,empirical FDR / nominal alpha
tikz-v1,figure6_supp,fdr_ratio_atlas_r4_c4,$N_{cal}$ by FDR level,16,heatmap_cell,standard_conformal_bh,finite_k3,alpha_sweep,-1.6020599913279623,2.2,-1.8010299956639813,-1.4515449934959719,2.1,2.3,0.025,nominal FDR $\alpha$,0.025,1000,0.05,,25,100,0.0,0.0,0.0,0.0,0.0,0.7016928626714921,1.0,0.9828091284210528,2500,finite_k3_alpha_sweep,empirical FDR / nominal alpha
tikz-v1,figure6_supp,fdr_ratio_atlas_r4_c4,$N_{cal}$ by FDR level,16,heatmap_cell,standard_conformal_bh,finite_k3,alpha_sweep,-1.6020599913279623,2.4,-1.8010299956639813,-1.4515449934959719,2.3,2.5,0.025,nominal FDR $\alpha$,0.025,1000,0.05,,25,100,0.0,0.0,0.0,0.0,0.0,0.5016894462103995,1.0,0.9826643957894735,2500,finite_k3_alpha_sweep,empirical FDR / nominal alpha
tikz-v1,figure6_supp,fdr_ratio_atlas_r4_c4,$N_{cal}$ by FDR level,16,heatmap_cell,standard_conformal_bh,finite_k3,alpha_sweep,-1.6020599913279623,2.6,-1.8010299956639813,-1.4515449934959719,2.5,2.7,0.025,nominal FDR $\alpha$,0.025,1000,0.05,,25,100,0.0,0.0,0.0,0.0,0.0,0.3021170913051953,1.0,0.9829545936842103,2500,finite_k3_alpha_sweep,empirical FDR / nominal alpha
tikz-v1,figure6_supp,fdr_ratio_atlas_r4_c4,$N_{cal}$ by FDR level,16,heatmap_cell,standard_conformal_bh,finite_k3,alpha_sweep,-1.6020599913279623,2.8,-1.8010299956639813,-1.4515449934959719,2.7,2.9,0.025,nominal FDR $\alpha$,0.025,1000,0.05,,25,100,0.0,0.0,0.0,0.0,0.0,0.10237290870955852,1.0,0.9830206736842105,2500,finite_k3_alpha_sweep,empirical FDR / nominal alpha
tikz-v1,figure6_supp,fdr_ratio_atlas_r4_c4,$N_{cal}$ by FDR level,16,heatmap_cell,standard_conformal_bh,finite_k3,alpha_sweep,-1.6020599913279623,3.0,-1.8010299956639813,-1.4515449934959719,2.9,3.0999999999999996,0.025,nominal FDR $\alpha$,0.025,1000,0.05,,25,100,0.01144390243902439,0.01144390243902439,0.0017120000000000002,0.0024,0.0002860975609756098,-0.09734409048737504,0.0,0.9828412884210526,2500,finite_k3_alpha_sweep,empirical FDR / nominal alpha
tikz-v1,figure6_supp,fdr_ratio_atlas_r4_c4,$N_{cal}$ by FDR level,16,heatmap_cell,standard_conformal_bh,finite_k3,alpha_sweep,-1.6020599913279623,3.1999999999999997,-1.8010299956639813,-1.4515449934959719,3.0999999999999996,3.3,0.025,nominal FDR $\alpha$,0.025,1000,0.05,,25,100,0.6352987640468966,0.6352987640468966,0.140368,0.2492,0.015882469101172414,-0.2972131959896414,0.0,0.9830519494736841,2500,finite_k3_alpha_sweep,empirical FDR / nominal alpha
tikz-v1,figure6_supp,fdr_ratio_atlas_r4_c4,$N_{cal}$ by FDR level,16,heatmap_cell,standard_conformal_bh,finite_k3,alpha_sweep,-1.6020599913279623,3.4,-1.8010299956639813,-1.4515449934959719,3.3,3.5,0.025,nominal FDR $\alpha$,0.025,1000,0.05,,25,100,0.679262346575555,0.679262346575555,0.25927999999999995,0.6332,0.016981558664388875,-0.4971025016006324,0.0,0.983049145263158,2500,finite_k3_alpha_sweep,empirical FDR / nominal alpha
tikz-v1,figure6_supp,fdr_ratio_atlas_r4_c4,$N_{cal}$ by FDR level,16,heatmap_cell,standard_conformal_bh,finite_k3,alpha_sweep,-1.6020599913279623,3.6,-1.8010299956639813,-1.4515449934959719,3.5,3.7,0.025,nominal FDR $\alpha$,0.025,1000,0.05,,25,100,0.8424238502584244,0.8424238502584244,0.304632,0.774,0.02106059625646061,-0.6970112686994471,0.0,0.9830039494736842,2500,finite_k3_alpha_sweep,empirical FDR / nominal alpha
tikz-v1,figure6_supp,fdr_ratio_atlas_r4_c4,$N_{cal}$ by FDR level,16,heatmap_cell,standard_conformal_bh,finite_k3,alpha_sweep,-1.6020599913279623,3.8,-1.8010299956639813,-1.4515449934959719,3.7,3.8999999999999995,0.025,nominal FDR $\alpha$,0.025,1000,0.05,,25,100,0.8412273476455363,0.8412273476455363,0.343168,0.9256,0.02103068369113841,-0.8970081931828321,0.0,0.9830336673684211,2500,finite_k3_alpha_sweep,empirical FDR / nominal alpha
tikz-v1,figure6_supp,fdr_ratio_atlas_r4_c4,$N_{cal}$ by FDR level,16,heatmap_cell,standard_conformal_bh,finite_k3,alpha_sweep,-1.6020599913279623,3.9999999999999996,-1.8010299956639813,-1.4515449934959719,3.8999999999999995,4.1,0.025,nominal FDR $\alpha$,0.025,1000,0.05,,25,100,0.8229741991588929,0.8229741991588929,0.3546,0.9888,0.020574354978972323,-1.096953440284919,0.0,0.982933254736842,2500,finite_k3_alpha_sweep,empirical FDR / nominal alpha
tikz-v1,figure6_supp,fdr_ratio_atlas_r4_c4,$N_{cal}$ by FDR level,16,heatmap_cell,standard_conformal_bh,finite_k3,alpha_sweep,-1.3010299956639813,1.4,-1.4515449934959719,-1.1505149978319906,1.3,1.5,0.05,nominal FDR $\alpha$,0.05,1000,0.05,,25,100,0.0,0.0,0.0,0.0,0.0,1.1870866433571445,1.0,0.9830634863157894,2500,finite_k3_alpha_sweep,empirical FDR / nominal alpha
tikz-v1,figure6_supp,fdr_ratio_atlas_r4_c4,$N_{cal}$ by FDR level,16,heatmap_cell,standard_conformal_bh,finite_k3,alpha_sweep,-1.3010299956639813,1.6,-1.4515449934959719,-1.1505149978319906,1.5,1.7,0.05,nominal FDR $\alpha$,0.05,1000,0.05,,25,100,0.0,0.0,0.0,0.0,0.0,0.9892761346082268,1.0,0.9828103578947368,2500,finite_k3_alpha_sweep,empirical FDR / nominal alpha
tikz-v1,figure6_supp,fdr_ratio_atlas_r4_c4,$N_{cal}$ by FDR level,16,heatmap_cell,standard_conformal_bh,finite_k3,alpha_sweep,-1.3010299956639813,1.7999999999999998,-1.4515449934959719,-1.1505149978319906,1.7,1.9,0.05,nominal FDR $\alpha$,0.05,1000,0.05,,25,100,0.0,0.0,0.0,0.0,0.0,0.7958800173440752,1.0,0.9828512252631579,2500,finite_k3_alpha_sweep,empirical FDR / nominal alpha
tikz-v1,figure6_supp,fdr_ratio_atlas_r4_c4,$N_{cal}$ by FDR level,16,heatmap_cell,standard_conformal_bh,finite_k3,alpha_sweep,-1.3010299956639813,2.0,-1.4515449934959719,-1.1505149978319906,1.9,2.1,0.05,nominal FDR $\alpha$,0.05,1000,0.05,,25,100,0.0,0.0,0.0,0.0,0.0,0.5977386175453198,1.0,0.9832580378947369,2500,finite_k3_alpha_sweep,empirical FDR / nominal alpha
tikz-v1,figure6_supp,fdr_ratio_atlas_r4_c4,$N_{cal}$ by FDR level,16,heatmap_cell,standard_conformal_bh,finite_k3,alpha_sweep,-1.3010299956639813,2.2,-1.4515449934959719,-1.1505149978319906,2.1,2.3,0.05,nominal FDR $\alpha$,0.05,1000,0.05,,25,100,0.0,0.0,0.0,0.0,0.0,0.4006628670075109,1.0,0.9832069473684211,2500,finite_k3_alpha_sweep,empirical FDR / nominal alpha
tikz-v1,figure6_supp,fdr_ratio_atlas_r4_c4,$N_{cal}$ by FDR level,16,heatmap_cell,standard_conformal_bh,finite_k3,alpha_sweep,-1.3010299956639813,2.4,-1.4515449934959719,-1.1505149978319906,2.3,2.5,0.05,nominal FDR $\alpha$,0.05,1000,0.05,,25,100,0.0,0.0,0.0,0.0,0.0,0.20065945054641826,1.0,0.9826715536842104,2500,finite_k3_alpha_sweep,empirical FDR / nominal alpha
tikz-v1,figure6_supp,fdr_ratio_atlas_r4_c4,$N_{cal}$ by FDR level,16,heatmap_cell,standard_conformal_bh,finite_k3,alpha_sweep,-1.3010299956639813,2.6,-1.4515449934959719,-1.1505149978319906,2.5,2.7,0.05,nominal FDR $\alpha$,0.05,1000,0.05,,25,100,0.0016923076923076922,0.0016923076923076922,0.000328,0.0004,8.461538461538461e-05,0.0010870956412141369,1.0,0.9828820715789472,2500,finite_k3_alpha_sweep,empirical FDR / nominal alpha
tikz-v1,figure6_supp,fdr_ratio_atlas_r4_c4,$N_{cal}$ by FDR level,16,heatmap_cell,standard_conformal_bh,finite_k3,alpha_sweep,-1.3010299956639813,2.8,-1.4515449934959719,-1.1505149978319906,2.7,2.9,0.05,nominal FDR $\alpha$,0.05,1000,0.05,,25,100,0.6544808727510582,0.6544808727510582,0.18783200000000003,0.2832,0.03272404363755291,-0.19865708695442266,0.0,0.9827480757894737,2500,finite_k3_alpha_sweep,empirical FDR / nominal alpha
tikz-v1,figure6_supp,fdr_ratio_atlas_r4_c4,$N_{cal}$ by FDR level,16,heatmap_cell,standard_conformal_bh,finite_k3,alpha_sweep,-1.3010299956639813,3.0,-1.4515449934959719,-1.1505149978319906,2.9,3.0999999999999996,0.05,nominal FDR $\alpha$,0.05,1000,0.05,,25,100,0.6629271803551048,0.6629271803551048,0.33622399999999997,0.6688,0.03314635901775524,-0.3983740861513562,0.0,0.9831097010526315,2500,finite_k3_alpha_sweep,empirical FDR / nominal alpha
tikz-v1,figure6_supp,fdr_ratio_atlas_r4_c4,$N_{cal}$ by FDR level,16,heatmap_cell,standard_conformal_bh,finite_k3,alpha_sweep,-1.3010299956639813,3.1999999999999997,-1.4515449934959719,-1.1505149978319906,3.0999999999999996,3.3,0.05,nominal FDR $\alpha$,0.05,1000,0.05,,25,100,0.5974500559916754,0.5974500559916754,0.35947199999999996,0.8196,0.029872502799583776,-0.5982431916536226,0.0,0.9831703157894736,2500,finite_k3_alpha_sweep,empirical FDR / nominal alpha
tikz-v1,figure6_supp,fdr_ratio_atlas_r4_c4,$N_{cal}$ by FDR level,16,heatmap_cell,standard_conformal_bh,finite_k3,alpha_sweep,-1.3010299956639813,3.4,-1.4515449934959719,-1.1505149978319906,3.3,3.5,0.05,nominal FDR $\alpha$,0.05,1000,0.05,,25,100,0.8375374471600769,0.8375374471600769,0.458496,0.9952,0.04187687235800385,-0.7981324972646135,0.0,0.9828580042105263,2500,finite_k3_alpha_sweep,empirical FDR / nominal alpha
tikz-v1,figure6_supp,fdr_ratio_atlas_r4_c4,$N_{cal}$ by FDR level,16,heatmap_cell,standard_conformal_bh,finite_k3,alpha_sweep,-1.3010299956639813,3.6,-1.4515449934959719,-1.1505149978319906,3.5,3.7,0.05,nominal FDR $\alpha$,0.05,1000,0.05,,25,100,0.7770311873675892,0.7770311873675892,0.431256,0.966,0.03885155936837947,-0.9980412643634283,0.0,0.9829986021052631,2500,finite_k3_alpha_sweep,empirical FDR / nominal alpha
tikz-v1,figure6_supp,fdr_ratio_atlas_r4_c4,$N_{cal}$ by FDR level,16,heatmap_cell,standard_conformal_bh,finite_k3,alpha_sweep,-1.3010299956639813,3.8,-1.4515449934959719,-1.1505149978319906,3.7,3.8999999999999995,0.05,nominal FDR $\alpha$,0.05,1000,0.05,,25,100,0.8473682381318692,0.8473682381318692,0.47292800000000007,1.0,0.04236841190659346,-1.1980381888468132,0.0,0.9831546357894738,2500,finite_k3_alpha_sweep,empirical FDR / nominal alpha
tikz-v1,figure6_supp,fdr_ratio_atlas_r4_c4,$N_{cal}$ by FDR level,16,heatmap_cell,standard_conformal_bh,finite_k3,alpha_sweep,-1.3010299956639813,3.9999999999999996,-1.4515449934959719,-1.1505149978319906,3.8999999999999995,4.1,0.05,nominal FDR $\alpha$,0.05,1000,0.05,,25,100,1.0698786750379192,1.0698786750379192,0.511488,1.0,0.05349393375189596,-1.3979834359489003,0.0,0.9832129178947369,2500,finite_k3_alpha_sweep,empirical FDR / nominal alpha
tikz-v1,figure6_supp,fdr_ratio_atlas_r4_c4,$N_{cal}$ by FDR level,16,heatmap_cell,standard_conformal_bh,finite_k3,alpha_sweep,-1.0,1.4,-1.1505149978319906,-0.8494850021680094,1.3,1.5,0.1,nominal FDR $\alpha$,0.1,1000,0.05,,25,100,0.0,0.0,0.0,0.0,0.0,0.8860566476931633,1.0,0.9828808421052632,2500,finite_k3_alpha_sweep,empirical FDR / nominal alpha
tikz-v1,figure6_supp,fdr_ratio_atlas_r4_c4,$N_{cal}$ by FDR level,16,heatmap_cell,standard_conformal_bh,finite_k3,alpha_sweep,-1.0,1.6,-1.1505149978319906,-0.8494850021680094,1.5,1.7,0.1,nominal FDR $\alpha$,0.1,1000,0.05,,25,100,0.0,0.0,0.0,0.0,0.0,0.6882461389442457,1.0,0.9831097431578947,2500,finite_k3_alpha_sweep,empirical FDR / nominal alpha
tikz-v1,figure6_supp,fdr_ratio_atlas_r4_c4,$N_{cal}$ by FDR level,16,heatmap_cell,standard_conformal_bh,finite_k3,alpha_sweep,-1.0,1.7999999999999998,-1.1505149978319906,-0.8494850021680094,1.7,1.9,0.1,nominal FDR $\alpha$,0.1,1000,0.05,,25,100,0.0,0.0,0.0,0.0,0.0,0.494850021680094,1.0,0.9830605810526315,2500,finite_k3_alpha_sweep,empirical FDR / nominal alpha
tikz-v1,figure6_supp,fdr_ratio_atlas_r4_c4,$N_{cal}$ by FDR level,16,heatmap_cell,standard_conformal_bh,finite_k3,alpha_sweep,-1.0,2.0,-1.1505149978319906,-0.8494850021680094,1.9,2.1,0.1,nominal FDR $\alpha$,0.1,1000,0.05,,25,100,0.0022857142857142855,0.0022857142857142855,0.00036,0.0004,0.00022857142857142857,0.2967086218813386,1.0,0.9828290105263159,2500,finite_k3_alpha_sweep,empirical FDR / nominal alpha
tikz-v1,figure6_supp,fdr_ratio_atlas_r4_c4,$N_{cal}$ by FDR level,16,heatmap_cell,standard_conformal_bh,finite_k3,alpha_sweep,-1.0,2.2,-1.1505149978319906,-0.8494850021680094,2.1,2.3,0.1,nominal FDR $\alpha$,0.1,1000,0.05,,25,100,0.08552560893568152,0.08552560893568152,0.020944,0.0244,0.008552560893568152,0.09963287134352969,1.0,0.9830316210526314,2500,finite_k3_alpha_sweep,empirical FDR / nominal alpha
tikz-v1,figure6_supp,fdr_ratio_atlas_r4_c4,$N_{cal}$ by FDR level,16,heatmap_cell,standard_conformal_bh,finite_k3,alpha_sweep,-1.0,2.4,-1.1505149978319906,-0.8494850021680094,2.3,2.5,0.1,nominal FDR $\alpha$,0.1,1000,0.05,,25,100,0.4260914361087623,0.4260914361087623,0.181696,0.2456,0.042609143610876234,-0.10037054511756292,0.0,0.983014585263158,2500,finite_k3_alpha_sweep,empirical FDR / nominal alpha
tikz-v1,figure6_supp,fdr_ratio_atlas_r4_c4,$N_{cal}$ by FDR level,16,heatmap_cell,standard_conformal_bh,finite_k3,alpha_sweep,-1.0,2.6,-1.1505149978319906,-0.8494850021680094,2.5,2.7,0.1,nominal FDR $\alpha$,0.1,1000,0.05,,25,100,0.6196891836416543,0.6196891836416543,0.35716000000000003,0.57,0.061968918364165425,-0.2999429000227671,0.0,0.9830015999999999,2500,finite_k3_alpha_sweep,empirical FDR / nominal alpha
tikz-v1,figure6_supp,fdr_ratio_atlas_r4_c4,$N_{cal}$ by FDR level,16,heatmap_cell,standard_conformal_bh,finite_k3,alpha_sweep,-1.0,2.8,-1.1505149978319906,-0.8494850021680094,2.7,2.9,0.1,nominal FDR $\alpha$,0.1,1000,0.05,,25,100,0.9963746186628556,0.9963746186628556,0.553824,0.886,0.09963746186628557,-0.4996870826184039,0.0,0.9829736589473683,2500,finite_k3_alpha_sweep,empirical FDR / nominal alpha
tikz-v1,figure6_supp,fdr_ratio_atlas_r4_c4,$N_{cal}$ by FDR level,16,heatmap_cell,standard_conformal_bh,finite_k3,alpha_sweep,-1.0,3.0,-1.1505149978319906,-0.8494850021680094,2.9,3.0999999999999996,0.1,nominal FDR $\alpha$,0.1,1000,0.05,,25,100,0.9677655346754136,0.9677655346754136,0.5894,0.9804,0.09677655346754137,-0.6994040818153374,0.0,0.9834020631578947,2500,finite_k3_alpha_sweep,empirical FDR / nominal alpha
tikz-v1,figure6_supp,fdr_ratio_atlas_r4_c4,$N_{cal}$ by FDR level,16,heatmap_cell,standard_conformal_bh,finite_k3,alpha_sweep,-1.0,3.1999999999999997,-1.1505149978319906,-0.8494850021680094,3.0999999999999996,3.3,0.1,nominal FDR $\alpha$,0.1,1000,0.05,,25,100,0.90951742152893,0.90951742152893,0.598688,0.9992,0.090951742152893,-0.8992731873176038,0.0,0.9831332968421053,2500,finite_k3_alpha_sweep,empirical FDR / nominal alpha
tikz-v1,figure6_supp,fdr_ratio_atlas_r4_c4,$N_{cal}$ by FDR level,16,heatmap_cell,standard_conformal_bh,finite_k3,alpha_sweep,-1.0,3.4,-1.1505149978319906,-0.8494850021680094,3.3,3.5,0.1,nominal FDR $\alpha$,0.1,1000,0.05,,25,100,0.9639701520497518,0.9639701520497518,0.6077359999999999,0.9996,0.09639701520497518,-1.0991624929285948,0.0,0.9830340631578947,2500,finite_k3_alpha_sweep,empirical FDR / nominal alpha
tikz-v1,figure6_supp,fdr_ratio_atlas_r4_c4,$N_{cal}$ by FDR level,16,heatmap_cell,standard_conformal_bh,finite_k3,alpha_sweep,-1.0,3.6,-1.1505149978319906,-0.8494850021680094,3.5,3.7,0.1,nominal FDR $\alpha$,0.1,1000,0.05,,25,100,0.913936578914695,0.913936578914695,0.60424,1.0,0.09139365789146951,-1.2990712600274095,0.0,0.9829405473684212,2500,finite_k3_alpha_sweep,empirical FDR / nominal alpha
tikz-v1,figure6_supp,fdr_ratio_atlas_r4_c4,$N_{cal}$ by FDR level,16,heatmap_cell,standard_conformal_bh,finite_k3,alpha_sweep,-1.0,3.8,-1.1505149978319906,-0.8494850021680094,3.7,3.8999999999999995,0.1,nominal FDR $\alpha$,0.1,1000,0.05,,25,100,0.9568821107991613,0.9568821107991613,0.61064,1.0,0.09568821107991614,-1.4990681845107945,0.0,0.9830035115789473,2500,finite_k3_alpha_sweep,empirical FDR / nominal alpha
tikz-v1,figure6_supp,fdr_ratio_atlas_r4_c4,$N_{cal}$ by FDR level,16,heatmap_cell,standard_conformal_bh,finite_k3,alpha_sweep,-1.0,3.9999999999999996,-1.1505149978319906,-0.8494850021680094,3.8999999999999995,4.1,0.1,nominal FDR $\alpha$,0.1,1000,0.05,,25,100,0.9078978034631054,0.9078978034631054,0.606864,1.0,0.09078978034631055,-1.6990134316128815,0.0,0.9829941473684212,2500,finite_k3_alpha_sweep,empirical FDR / nominal alpha
tikz-v1,figure6_supp,fdr_ratio_atlas_r4_c4,$N_{cal}$ by FDR level,16,heatmap_cell,standard_conformal_bh,finite_k3,alpha_sweep,-0.6989700043360187,1.4,-0.8494850021680094,-0.5484550065040281,1.3,1.5,0.2,nominal FDR $\alpha$,0.2,1000,0.05,,25,100,0.0,0.0,0.0,0.0,0.0,0.585026652029182,1.0,0.9829286568421054,2500,finite_k3_alpha_sweep,empirical FDR / nominal alpha
tikz-v1,figure6_supp,fdr_ratio_atlas_r4_c4,$N_{cal}$ by FDR level,16,heatmap_cell,standard_conformal_bh,finite_k3,alpha_sweep,-0.6989700043360187,1.6,-0.8494850021680094,-0.5484550065040281,1.5,1.7,0.2,nominal FDR $\alpha$,0.2,1000,0.05,,25,100,0.001238095238095238,0.001238095238095238,0.000384,0.0004,0.0002476190476190476,0.3872161432802645,1.0,0.9831063915789473,2500,finite_k3_alpha_sweep,empirical FDR / nominal alpha
tikz-v1,figure6_supp,fdr_ratio_atlas_r4_c4,$N_{cal}$ by FDR level,16,heatmap_cell,standard_conformal_bh,finite_k3,alpha_sweep,-0.6989700043360187,1.7999999999999998,-0.8494850021680094,-0.5484550065040281,1.7,1.9,0.2,nominal FDR $\alpha$,0.2,1000,0.05,,25,100,0.07446409598527864,0.07446409598527864,0.028031999999999998,0.0312,0.01489281919705573,0.19382002601611284,1.0,0.9832089263157895,2500,finite_k3_alpha_sweep,empirical FDR / nominal alpha
tikz-v1,figure6_supp,fdr_ratio_atlas_r4_c4,$N_{cal}$ by FDR level,16,heatmap_cell,standard_conformal_bh,finite_k3,alpha_sweep,-0.6989700043360187,2.0,-0.8494850021680094,-0.5484550065040281,1.9,2.1,0.2,nominal FDR $\alpha$,0.2,1000,0.05,,25,100,0.6272927915096796,0.6272927915096796,0.293536,0.3464,0.12545855830193595,-0.004321373782642578,0.0,0.9829919915789475,2500,finite_k3_alpha_sweep,empirical FDR / nominal alpha
tikz-v1,figure6_supp,fdr_ratio_atlas_r4_c4,$N_{cal}$ by FDR level,16,heatmap_cell,standard_conformal_bh,finite_k3,alpha_sweep,-0.6989700043360187,2.2,-0.8494850021680094,-0.5484550065040281,2.1,2.3,0.2,nominal FDR $\alpha$,0.2,1000,0.05,,25,100,0.8725013515197402,0.8725013515197402,0.5223760000000001,0.684,0.17450027030394805,-0.2013971243204515,0.0,0.9831257010526316,2500,finite_k3_alpha_sweep,empirical FDR / nominal alpha
tikz-v1,figure6_supp,fdr_ratio_atlas_r4_c4,$N_{cal}$ by FDR level,16,heatmap_cell,standard_conformal_bh,finite_k3,alpha_sweep,-0.6989700043360187,2.4,-0.8494850021680094,-0.5484550065040281,2.3,2.5,0.2,nominal FDR $\alpha$,0.2,1000,0.05,,25,100,0.8425006005692994,0.8425006005692994,0.64912,0.9156,0.1685001201138599,-0.40140054078154414,0.0,0.9832675031578947,2500,finite_k3_alpha_sweep,empirical FDR / nominal alpha
tikz-v1,figure6_supp,fdr_ratio_atlas_r4_c4,$N_{cal}$ by FDR level,16,heatmap_cell,standard_conformal_bh,finite_k3,alpha_sweep,-0.6989700043360187,2.6,-0.8494850021680094,-0.5484550065040281,2.5,2.7,0.2,nominal FDR $\alpha$,0.2,1000,0.05,,25,100,0.8129904641578348,0.8129904641578348,0.6732,0.984,0.16259809283156698,-0.6009728956867483,0.0,0.9829967578947367,2500,finite_k3_alpha_sweep,empirical FDR / nominal alpha
tikz-v1,figure6_supp,fdr_ratio_atlas_r4_c4,$N_{cal}$ by FDR level,16,heatmap_cell,standard_conformal_bh,finite_k3,alpha_sweep,-0.6989700043360187,2.8,-0.8494850021680094,-0.5484550065040281,2.7,2.9,0.2,nominal FDR $\alpha$,0.2,1000,0.05,,25,100,0.9320519356066732,0.9320519356066732,0.719704,1.0,0.18641038712133465,-0.800717078282385,0.0,0.9831617178947368,2500,finite_k3_alpha_sweep,empirical FDR / nominal alpha
tikz-v1,figure6_supp,fdr_ratio_atlas_r4_c4,$N_{cal}$ by FDR level,16,heatmap_cell,standard_conformal_bh,finite_k3,alpha_sweep,-0.6989700043360187,3.0,-0.8494850021680094,-0.5484550065040281,2.9,3.0999999999999996,0.2,nominal FDR $\alpha$,0.2,1000,0.05,,25,100,0.8383490662570336,0.8383490662570336,0.7063280000000001,1.0,0.16766981325140673,-1.0004340774793186,0.0,0.9829327831578947,2500,finite_k3_alpha_sweep,empirical FDR / nominal alpha
tikz-v1,figure6_supp,fdr_ratio_atlas_r4_c4,$N_{cal}$ by FDR level,16,heatmap_cell,standard_conformal_bh,finite_k3,alpha_sweep,-0.6989700043360187,3.1999999999999997,-0.8494850021680094,-0.5484550065040281,3.0999999999999996,3.3,0.2,nominal FDR $\alpha$,0.2,1000,0.05,,25,100,0.9179852607115879,0.9179852607115879,0.729672,1.0,0.18359705214231758,-1.200303182981585,0.0,0.9830525978947368,2500,finite_k3_alpha_sweep,empirical FDR / nominal alpha
tikz-v1,figure6_supp,fdr_ratio_atlas_r4_c4,$N_{cal}$ by FDR level,16,heatmap_cell,standard_conformal_bh,finite_k3,alpha_sweep,-0.6989700043360187,3.4,-0.8494850021680094,-0.5484550065040281,3.3,3.5,0.2,nominal FDR $\alpha$,0.2,1000,0.05,,25,100,0.9061002807029933,0.9061002807029933,0.727184,1.0,0.18122005614059866,-1.400192488592576,0.0,0.9833009599999999,2500,finite_k3_alpha_sweep,empirical FDR / nominal alpha
tikz-v1,figure6_supp,fdr_ratio_atlas_r4_c4,$N_{cal}$ by FDR level,16,heatmap_cell,standard_conformal_bh,finite_k3,alpha_sweep,-0.6989700043360187,3.6,-0.8494850021680094,-0.5484550065040281,3.5,3.7,0.2,nominal FDR $\alpha$,0.2,1000,0.05,,25,100,0.9693896765269105,0.9693896765269105,0.742344,1.0,0.1938779353053821,-1.6001012556913907,0.0,0.9831102147368419,2500,finite_k3_alpha_sweep,empirical FDR / nominal alpha
tikz-v1,figure6_supp,fdr_ratio_atlas_r4_c4,$N_{cal}$ by FDR level,16,heatmap_cell,standard_conformal_bh,finite_k3,alpha_sweep,-0.6989700043360187,3.8,-0.8494850021680094,-0.5484550065040281,3.7,3.8999999999999995,0.2,nominal FDR $\alpha$,0.2,1000,0.05,,25,100,0.9150834405755239,0.9150834405755239,0.731264,1.0,0.1830166881151048,-1.8000981801747757,0.0,0.9833032757894736,2500,finite_k3_alpha_sweep,empirical FDR / nominal alpha
tikz-v1,figure6_supp,fdr_ratio_atlas_r4_c4,$N_{cal}$ by FDR level,16,heatmap_cell,standard_conformal_bh,finite_k3,alpha_sweep,-0.6989700043360187,3.9999999999999996,-0.8494850021680094,-0.5484550065040281,3.8999999999999995,4.1,0.2,nominal FDR $\alpha$,0.2,1000,0.05,,25,100,0.9384171572894865,0.9384171572894865,0.733928,1.0,0.18768343145789732,-2.0000434272768626,0.0,0.9828877305263158,2500,finite_k3_alpha_sweep,empirical FDR / nominal alpha
tikz-v1,figure6_supp,fdr_ratio_atlas_r4_c2,$N_{cal}$ by $m$; fixed 10 anomalies,14,heatmap_cell,standard_conformal_bh,finite_k3,m_fixed_count,1.6989700043360187,1.4,1.5484550065040281,1.8494850021680094,1.3,1.5,50.0,test batch size $m$,0.1,50,,10.0,25,100,0.004381818181818182,0.004381818181818182,0.0007599999999999999,0.0008,0.0004381818181818182,0.28399665636520083,1.0,0.9832420000000001,2500,finite_k3_m_fixed_count,empirical FDR / nominal alpha
tikz-v1,figure6_supp,fdr_ratio_atlas_r4_c2,$N_{cal}$ by $m$; fixed 10 anomalies,14,heatmap_cell,standard_conformal_bh,finite_k3,m_fixed_count,1.6989700043360187,1.6,1.5484550065040281,1.8494850021680094,1.5,1.7,50.0,test batch size $m$,0.1,50,,10.0,25,100,0.07657252747252748,0.07657252747252748,0.026479999999999997,0.0276,0.007657252747252748,0.0861861476162833,1.0,0.982567,2500,finite_k3_m_fixed_count,empirical FDR / nominal alpha
tikz-v1,figure6_supp,fdr_ratio_atlas_r4_c2,$N_{cal}$ by $m$; fixed 10 anomalies,14,heatmap_cell,standard_conformal_bh,finite_k3,m_fixed_count,1.6989700043360187,1.7999999999999998,1.5484550065040281,1.8494850021680094,1.7,1.9,50.0,test batch size $m$,0.1,50,,10.0,25,100,0.7454581594875712,0.7454581594875712,0.57368,0.6588,0.07454581594875713,-0.10720996964786837,0.0,0.9824950000000001,2500,finite_k3_m_fixed_count,empirical FDR / nominal alpha
tikz-v1,figure6_supp,fdr_ratio_atlas_r4_c2,$N_{cal}$ by $m$; fixed 10 anomalies,14,heatmap_cell,standard_conformal_bh,finite_k3,m_fixed_count,1.6989700043360187,2.0,1.5484550065040281,1.8494850021680094,1.9,2.1,50.0,test batch size $m$,0.1,50,,10.0,25,100,0.7200755421049538,0.7200755421049538,0.69844,0.8816,0.07200755421049539,-0.3053513694466238,0.0,0.9827450000000001,2500,finite_k3_m_fixed_count,empirical FDR / nominal alpha
tikz-v1,figure6_supp,fdr_ratio_atlas_r4_c2,$N_{cal}$ by $m$; fixed 10 anomalies,14,heatmap_cell,standard_conformal_bh,finite_k3,m_fixed_count,1.6989700043360187,2.2,1.5484550065040281,1.8494850021680094,2.1,2.3,50.0,test batch size $m$,0.1,50,,10.0,25,100,0.5270414092443504,0.5270414092443504,0.6772,0.9076,0.052704140924435046,-0.5024271199844327,0.0,0.982699,2500,finite_k3_m_fixed_count,empirical FDR / nominal alpha
tikz-v1,figure6_supp,fdr_ratio_atlas_r4_c2,$N_{cal}$ by $m$; fixed 10 anomalies,14,heatmap_cell,standard_conformal_bh,finite_k3,m_fixed_count,1.6989700043360187,2.4,1.5484550065040281,1.8494850021680094,2.3,2.5,50.0,test batch size $m$,0.1,50,,10.0,25,100,0.6457870740370739,0.6457870740370739,0.773,0.994,0.0645787074037074,-0.7024305364455253,0.0,0.9828779999999999,2500,finite_k3_m_fixed_count,empirical FDR / nominal alpha
tikz-v1,figure6_supp,fdr_ratio_atlas_r4_c2,$N_{cal}$ by $m$; fixed 10 anomalies,14,heatmap_cell,standard_conformal_bh,finite_k3,m_fixed_count,1.6989700043360187,2.6,1.5484550065040281,1.8494850021680094,2.5,2.7,50.0,test batch size $m$,0.1,50,,10.0,25,100,0.7805936785436786,0.7805936785436786,0.8061200000000001,0.9964,0.07805936785436786,-0.9020028913507294,0.0,0.9832490000000002,2500,finite_k3_m_fixed_count,empirical FDR / nominal alpha
tikz-v1,figure6_supp,fdr_ratio_atlas_r4_c2,$N_{cal}$ by $m$; fixed 10 anomalies,14,heatmap_cell,standard_conformal_bh,finite_k3,m_fixed_count,1.6989700043360187,2.8,1.5484550065040281,1.8494850021680094,2.7,2.9,50.0,test batch size $m$,0.1,50,,10.0,25,100,0.8955668690786337,0.8955668690786337,0.8294,0.9996,0.08955668690786338,-1.1017470739463662,0.0,0.9831630000000001,2500,finite_k3_m_fixed_count,empirical FDR / nominal alpha
tikz-v1,figure6_supp,fdr_ratio_atlas_r4_c2,$N_{cal}$ by $m$; fixed 10 anomalies,14,heatmap_cell,standard_conformal_bh,finite_k3,m_fixed_count,1.6989700043360187,3.0,1.5484550065040281,1.8494850021680094,2.9,3.0999999999999996,50.0,test batch size $m$,0.1,50,,10.0,25,100,0.8443012601777307,0.8443012601777307,0.82084,1.0,0.08443012601777307,-1.3014640731432998,0.0,0.9830040000000001,2500,finite_k3_m_fixed_count,empirical FDR / nominal alpha
tikz-v1,figure6_supp,fdr_ratio_atlas_r4_c2,$N_{cal}$ by $m$; fixed 10 anomalies,14,heatmap_cell,standard_conformal_bh,finite_k3,m_fixed_count,1.6989700043360187,3.1999999999999997,1.5484550065040281,1.8494850021680094,3.0999999999999996,3.3,50.0,test batch size $m$,0.1,50,,10.0,25,100,0.8111179542679542,0.8111179542679542,0.8078,0.9996,0.08111179542679542,-1.5013331786455661,0.0,0.9823939999999999,2500,finite_k3_m_fixed_count,empirical FDR / nominal alpha
tikz-v1,figure6_supp,fdr_ratio_atlas_r4_c2,$N_{cal}$ by $m$; fixed 10 anomalies,14,heatmap_cell,standard_conformal_bh,finite_k3,m_fixed_count,1.6989700043360187,3.4,1.5484550065040281,1.8494850021680094,3.3,3.5,50.0,test batch size $m$,0.1,50,,10.0,25,100,0.8267549842314549,0.8267549842314549,0.82032,1.0,0.08267549842314549,-1.701222484256557,0.0,0.982664,2500,finite_k3_m_fixed_count,empirical FDR / nominal alpha
tikz-v1,figure6_supp,fdr_ratio_atlas_r4_c2,$N_{cal}$ by $m$; fixed 10 anomalies,14,heatmap_cell,standard_conformal_bh,finite_k3,m_fixed_count,1.6989700043360187,3.6,1.5484550065040281,1.8494850021680094,3.5,3.7,50.0,test batch size $m$,0.1,50,,10.0,25,100,0.7704257298257298,0.7704257298257298,0.81528,1.0,0.07704257298257298,-1.901131251355372,0.0,0.9831840000000001,2500,finite_k3_m_fixed_count,empirical FDR / nominal alpha
tikz-v1,figure6_supp,fdr_ratio_atlas_r4_c2,$N_{cal}$ by $m$; fixed 10 anomalies,14,heatmap_cell,standard_conformal_bh,finite_k3,m_fixed_count,1.6989700043360187,3.8,1.5484550065040281,1.8494850021680094,3.7,3.8999999999999995,50.0,test batch size $m$,0.1,50,,10.0,25,100,0.8263973897447581,0.8263973897447581,0.8193600000000001,1.0,0.08263973897447581,-2.101128175838757,0.0,0.9829420000000002,2500,finite_k3_m_fixed_count,empirical FDR / nominal alpha
tikz-v1,figure6_supp,fdr_ratio_atlas_r4_c2,$N_{cal}$ by $m$; fixed 10 anomalies,14,heatmap_cell,standard_conformal_bh,finite_k3,m_fixed_count,1.6989700043360187,3.9999999999999996,1.5484550065040281,1.8494850021680094,3.8999999999999995,4.1,50.0,test batch size $m$,0.1,50,,10.0,25,100,0.7835434030022266,0.7835434030022266,0.8186,1.0,0.07835434030022266,-2.301073422940844,0.0,0.9829279999999999,2500,finite_k3_m_fixed_count,empirical FDR / nominal alpha
tikz-v1,figure6_supp,fdr_ratio_atlas_r4_c2,$N_{cal}$ by $m$; fixed 10 anomalies,14,heatmap_cell,standard_conformal_bh,finite_k3,m_fixed_count,2.0,1.4,1.8494850021680094,2.1505149978319906,1.3,1.5,100.0,test batch size $m$,0.1,100,,10.0,25,100,0.0,0.0,0.0,0.0,0.0,0.585026652029182,1.0,0.9826533333333333,2500,finite_k3_m_fixed_count,empirical FDR / nominal alpha
tikz-v1,figure6_supp,fdr_ratio_atlas_r4_c2,$N_{cal}$ by $m$; fixed 10 anomalies,14,heatmap_cell,standard_conformal_bh,finite_k3,m_fixed_count,2.0,1.6,1.8494850021680094,2.1505149978319906,1.5,1.7,100.0,test batch size $m$,0.1,100,,10.0,25,100,0.0,0.0,0.0,0.0,0.0,0.3872161432802645,1.0,0.9833128888888888,2500,finite_k3_m_fixed_count,empirical FDR / nominal alpha
tikz-v1,figure6_supp,fdr_ratio_atlas_r4_c2,$N_{cal}$ by $m$; fixed 10 anomalies,14,heatmap_cell,standard_conformal_bh,finite_k3,m_fixed_count,2.0,1.7999999999999998,1.8494850021680094,2.1505149978319906,1.7,1.9,100.0,test batch size $m$,0.1,100,,10.0,25,100,0.22324491487184983,0.22324491487184983,0.047639999999999995,0.05,0.022324491487184985,0.19382002601611284,1.0,0.9834853333333334,2500,finite_k3_m_fixed_count,empirical FDR / nominal alpha
tikz-v1,figure6_supp,fdr_ratio_atlas_r4_c2,$N_{cal}$ by $m$; fixed 10 anomalies,14,heatmap_cell,standard_conformal_bh,finite_k3,m_fixed_count,2.0,2.0,1.8494850021680094,2.1505149978319906,1.9,2.1,100.0,test batch size $m$,0.1,100,,10.0,25,100,0.5120545681872307,0.5120545681872307,0.23563999999999996,0.266,0.05120545681872308,-0.004321373782642578,0.0,0.9834746666666666,2500,finite_k3_m_fixed_count,empirical FDR / nominal alpha
tikz-v1,figure6_supp,fdr_ratio_atlas_r4_c2,$N_{cal}$ by $m$; fixed 10 anomalies,14,heatmap_cell,standard_conformal_bh,finite_k3,m_fixed_count,2.0,2.2,1.8494850021680094,2.1505149978319906,2.1,2.3,100.0,test batch size $m$,0.1,100,,10.0,25,100,0.4840668442668443,0.4840668442668443,0.3876,0.5056,0.048406684426684436,-0.2013971243204515,0.0,0.9829897777777776,2500,finite_k3_m_fixed_count,empirical FDR / nominal alpha
tikz-v1,figure6_supp,fdr_ratio_atlas_r4_c2,$N_{cal}$ by $m$; fixed 10 anomalies,14,heatmap_cell,standard_conformal_bh,finite_k3,m_fixed_count,2.0,2.4,1.8494850021680094,2.1505149978319906,2.3,2.5,100.0,test batch size $m$,0.1,100,,10.0,25,100,1.0246959824489237,1.0246959824489237,0.69108,0.9232,0.10246959824489237,-0.40140054078154414,0.0,0.9832191111111112,2500,finite_k3_m_fixed_count,empirical FDR / nominal alpha
tikz-v1,figure6_supp,fdr_ratio_atlas_r4_c2,$N_{cal}$ by $m$; fixed 10 anomalies,14,heatmap_cell,standard_conformal_bh,finite_k3,m_fixed_count,2.0,2.6,1.8494850021680094,2.1505149978319906,2.5,2.7,100.0,test batch size $m$,0.1,100,,10.0,25,100,0.6502123376623377,0.6502123376623377,0.62876,0.9072,0.06502123376623377,-0.6009728956867483,0.0,0.9838337777777779,2500,finite_k3_m_fixed_count,empirical FDR / nominal alpha
tikz-v1,figure6_supp,fdr_ratio_atlas_r4_c2,$N_{cal}$ by $m$; fixed 10 anomalies,14,heatmap_cell,standard_conformal_bh,finite_k3,m_fixed_count,2.0,2.8,1.8494850021680094,2.1505149978319906,2.7,2.9,100.0,test batch size $m$,0.1,100,,10.0,25,100,0.9005411819003148,0.9005411819003148,0.6982,0.986,0.09005411819003149,-0.800717078282385,0.0,0.9832608888888889,2500,finite_k3_m_fixed_count,empirical FDR / nominal alpha
tikz-v1,figure6_supp,fdr_ratio_atlas_r4_c2,$N_{cal}$ by $m$; fixed 10 anomalies,14,heatmap_cell,standard_conformal_bh,finite_k3,m_fixed_count,2.0,3.0,1.8494850021680094,2.1505149978319906,2.9,3.0999999999999996,100.0,test batch size $m$,0.1,100,,10.0,25,100,0.903183805083805,0.903183805083805,0.72108,0.9984,0.09031838050838051,-1.0004340774793186,0.0,0.9832826666666667,2500,finite_k3_m_fixed_count,empirical FDR / nominal alpha
tikz-v1,figure6_supp,fdr_ratio_atlas_r4_c2,$N_{cal}$ by $m$; fixed 10 anomalies,14,heatmap_cell,standard_conformal_bh,finite_k3,m_fixed_count,2.0,3.1999999999999997,1.8494850021680094,2.1505149978319906,3.0999999999999996,3.3,100.0,test batch size $m$,0.1,100,,10.0,25,100,0.9194485847485847,0.9194485847485847,0.72268,0.998,0.09194485847485848,-1.200303182981585,0.0,0.9836608888888888,2500,finite_k3_m_fixed_count,empirical FDR / nominal alpha
tikz-v1,figure6_supp,fdr_ratio_atlas_r4_c2,$N_{cal}$ by $m$; fixed 10 anomalies,14,heatmap_cell,standard_conformal_bh,finite_k3,m_fixed_count,2.0,3.4,1.8494850021680094,2.1505149978319906,3.3,3.5,100.0,test batch size $m$,0.1,100,,10.0,25,100,0.7531393717393716,0.7531393717393716,0.7044,0.9984,0.07531393717393717,-1.400192488592576,0.0,0.9832728888888891,2500,finite_k3_m_fixed_count,empirical FDR / nominal alpha
tikz-v1,figure6_supp,fdr_ratio_atlas_r4_c2,$N_{cal}$ by $m$; fixed 10 anomalies,14,heatmap_cell,standard_conformal_bh,finite_k3,m_fixed_count,2.0,3.6,1.8494850021680094,2.1505149978319906,3.5,3.7,100.0,test batch size $m$,0.1,100,,10.0,25,100,0.8467097125097125,0.8467097125097125,0.70896,0.9988,0.08467097125097126,-1.6001012556913907,0.0,0.9826684444444445,2500,finite_k3_m_fixed_count,empirical FDR / nominal alpha
tikz-v1,figure6_supp,fdr_ratio_atlas_r4_c2,$N_{cal}$ by $m$; fixed 10 anomalies,14,heatmap_cell,standard_conformal_bh,finite_k3,m_fixed_count,2.0,3.8,1.8494850021680094,2.1505149978319906,3.7,3.8999999999999995,100.0,test batch size $m$,0.1,100,,10.0,25,100,0.9126638864403569,0.9126638864403569,0.72504,0.9996,0.09126638864403569,-1.8000981801747757,0.0,0.9834973333333333,2500,finite_k3_m_fixed_count,empirical FDR / nominal alpha
tikz-v1,figure6_supp,fdr_ratio_atlas_r4_c2,$N_{cal}$ by $m$; fixed 10 anomalies,14,heatmap_cell,standard_conformal_bh,finite_k3,m_fixed_count,2.0,3.9999999999999996,1.8494850021680094,2.1505149978319906,3.8999999999999995,4.1,100.0,test batch size $m$,0.1,100,,10.0,25,100,0.889026728826729,0.889026728826729,0.7225199999999999,0.9988,0.0889026728826729,-2.0000434272768626,0.0,0.9833395555555556,2500,finite_k3_m_fixed_count,empirical FDR / nominal alpha
tikz-v1,figure6_supp,fdr_ratio_atlas_r4_c2,$N_{cal}$ by $m$; fixed 10 anomalies,14,heatmap_cell,standard_conformal_bh,finite_k3,m_fixed_count,2.3010299956639813,1.4,2.1505149978319906,2.5,1.3,1.5,200.0,test batch size $m$,0.1,200,,10.0,25,100,0.0,0.0,0.0,0.0,0.0,0.8860566476931633,1.0,0.9835176842105262,2500,finite_k3_m_fixed_count,empirical FDR / nominal alpha
tikz-v1,figure6_supp,fdr_ratio_atlas_r4_c2,$N_{cal}$ by $m$; fixed 10 anomalies,14,heatmap_cell,standard_conformal_bh,finite_k3,m_fixed_count,2.3010299956639813,1.6,2.1505149978319906,2.5,1.5,1.7,200.0,test batch size $m$,0.1,200,,10.0,25,100,0.0,0.0,0.0,0.0,0.0,0.6882461389442457,1.0,0.9832627368421054,2500,finite_k3_m_fixed_count,empirical FDR / nominal alpha
tikz-v1,figure6_supp,fdr_ratio_atlas_r4_c2,$N_{cal}$ by $m$; fixed 10 anomalies,14,heatmap_cell,standard_conformal_bh,finite_k3,m_fixed_count,2.3010299956639813,1.7999999999999998,2.1505149978319906,2.5,1.7,1.9,200.0,test batch size $m$,0.1,200,,10.0,25,100,0.0,0.0,0.0,0.0,0.0,0.494850021680094,1.0,0.9834538947368421,2500,finite_k3_m_fixed_count,empirical FDR / nominal alpha
tikz-v1,figure6_supp,fdr_ratio_atlas_r4_c2,$N_{cal}$ by $m$; fixed 10 anomalies,14,heatmap_cell,standard_conformal_bh,finite_k3,m_fixed_count,2.3010299956639813,2.0,2.1505149978319906,2.5,1.9,2.1,200.0,test batch size $m$,0.1,200,,10.0,25,100,0.013085714285714284,0.013085714285714284,0.0022,0.0024,0.0013085714285714285,0.2967086218813386,1.0,0.9832557894736841,2500,finite_k3_m_fixed_count,empirical FDR / nominal alpha
tikz-v1,figure6_supp,fdr_ratio_atlas_r4_c2,$N_{cal}$ by $m$; fixed 10 anomalies,14,heatmap_cell,standard_conformal_bh,finite_k3,m_fixed_count,2.3010299956639813,2.2,2.1505149978319906,2.5,2.1,2.3,200.0,test batch size $m$,0.1,200,,10.0,25,100,0.2842570218910776,0.2842570218910776,0.06572,0.074,0.02842570218910776,0.09963287134352969,1.0,0.9825473684210527,2500,finite_k3_m_fixed_count,empirical FDR / nominal alpha
tikz-v1,figure6_supp,fdr_ratio_atlas_r4_c2,$N_{cal}$ by $m$; fixed 10 anomalies,14,heatmap_cell,standard_conformal_bh,finite_k3,m_fixed_count,2.3010299956639813,2.4,2.1505149978319906,2.5,2.3,2.5,200.0,test batch size $m$,0.1,200,,10.0,25,100,0.4623751248751249,0.4623751248751249,0.2316,0.3016,0.04623751248751249,-0.10037054511756292,0.0,0.9827488421052633,2500,finite_k3_m_fixed_count,empirical FDR / nominal alpha
tikz-v1,figure6_supp,fdr_ratio_atlas_r4_c2,$N_{cal}$ by $m$; fixed 10 anomalies,14,heatmap_cell,standard_conformal_bh,finite_k3,m_fixed_count,2.3010299956639813,2.6,2.1505149978319906,2.5,2.5,2.7,200.0,test batch size $m$,0.1,200,,10.0,25,100,0.6355880619380618,0.6355880619380618,0.41663999999999995,0.6108,0.06355880619380619,-0.2999429000227671,0.0,0.9829244210526317,2500,finite_k3_m_fixed_count,empirical FDR / nominal alpha
tikz-v1,figure6_supp,fdr_ratio_atlas_r4_c2,$N_{cal}$ by $m$; fixed 10 anomalies,14,heatmap_cell,standard_conformal_bh,finite_k3,m_fixed_count,2.3010299956639813,2.8,2.1505149978319906,2.5,2.7,2.9,200.0,test batch size $m$,0.1,200,,10.0,25,100,0.6832703278317828,0.6832703278317828,0.44816000000000006,0.7136,0.06832703278317828,-0.4996870826184039,0.0,0.9830861052631579,2500,finite_k3_m_fixed_count,empirical FDR / nominal alpha
tikz-v1,figure6_supp,fdr_ratio_atlas_r4_c2,$N_{cal}$ by $m$; fixed 10 anomalies,14,heatmap_cell,standard_conformal_bh,finite_k3,m_fixed_count,2.3010299956639813,3.0,2.1505149978319906,2.5,2.9,3.0999999999999996,200.0,test batch size $m$,0.1,200,,10.0,25,100,0.84467088662971,0.84467088662971,0.57872,0.9704,0.08446708866297101,-0.6994040818153374,0.0,0.9825877894736841,2500,finite_k3_m_fixed_count,empirical FDR / nominal alpha
tikz-v1,figure6_supp,fdr_ratio_atlas_r4_c2,$N_{cal}$ by $m$; fixed 10 anomalies,14,heatmap_cell,standard_conformal_bh,finite_k3,m_fixed_count,2.3010299956639813,3.1999999999999997,2.1505149978319906,2.5,3.0999999999999996,3.3,200.0,test batch size $m$,0.1,200,,10.0,25,100,0.8537287379287379,0.8537287379287379,0.58204,0.9692,0.0853728737928738,-0.8992731873176038,0.0,0.9825042105263158,2500,finite_k3_m_fixed_count,empirical FDR / nominal alpha
tikz-v1,figure6_supp,fdr_ratio_atlas_r4_c2,$N_{cal}$ by $m$; fixed 10 anomalies,14,heatmap_cell,standard_conformal_bh,finite_k3,m_fixed_count,2.3010299956639813,3.4,2.1505149978319906,2.5,3.3,3.5,200.0,test batch size $m$,0.1,200,,10.0,25,100,0.8162562829327535,0.8162562829327535,0.5851200000000001,0.988,0.08162562829327535,-1.0991624929285948,0.0,0.9828543157894737,2500,finite_k3_m_fixed_count,empirical FDR / nominal alpha
tikz-v1,figure6_supp,fdr_ratio_atlas_r4_c2,$N_{cal}$ by $m$; fixed 10 anomalies,14,heatmap_cell,standard_conformal_bh,finite_k3,m_fixed_count,2.3010299956639813,3.6,2.1505149978319906,2.5,3.5,3.7,200.0,test batch size $m$,0.1,200,,10.0,25,100,0.9064378954378952,0.9064378954378952,0.60712,0.9876,0.09064378954378953,-1.2990712600274095,0.0,0.9824867368421052,2500,finite_k3_m_fixed_count,empirical FDR / nominal alpha
tikz-v1,figure6_supp,fdr_ratio_atlas_r4_c2,$N_{cal}$ by $m$; fixed 10 anomalies,14,heatmap_cell,standard_conformal_bh,finite_k3,m_fixed_count,2.3010299956639813,3.8,2.1505149978319906,2.5,3.7,3.8999999999999995,200.0,test batch size $m$,0.1,200,,10.0,25,100,0.9097817848817848,0.9097817848817848,0.60956,0.9952,0.09097817848817849,-1.4990681845107945,0.0,0.9831162105263158,2500,finite_k3_m_fixed_count,empirical FDR / nominal alpha
tikz-v1,figure6_supp,fdr_ratio_atlas_r4_c2,$N_{cal}$ by $m$; fixed 10 anomalies,14,heatmap_cell,standard_conformal_bh,finite_k3,m_fixed_count,2.3010299956639813,3.9999999999999996,2.1505149978319906,2.5,3.8999999999999995,4.1,200.0,test batch size $m$,0.1,200,,10.0,25,100,0.9266757373345608,0.9266757373345608,0.6149600000000001,0.9964,0.09266757373345608,-1.6990134316128815,0.0,0.9827677894736844,2500,finite_k3_m_fixed_count,empirical FDR / nominal alpha
tikz-v1,figure6_supp,fdr_ratio_atlas_r4_c2,$N_{cal}$ by $m$; fixed 10 anomalies,14,heatmap_cell,standard_conformal_bh,finite_k3,m_fixed_count,2.6989700043360187,1.4,2.5,2.8494850021680094,1.3,1.5,500.0,test batch size $m$,0.1,500,,10.0,25,100,0.0,0.0,0.0,0.0,0.0,1.2839966563652008,1.0,0.9835497142857142,2500,finite_k3_m_fixed_count,empirical FDR / nominal alpha
tikz-v1,figure6_supp,fdr_ratio_atlas_r4_c2,$N_{cal}$ by $m$; fixed 10 anomalies,14,heatmap_cell,standard_conformal_bh,finite_k3,m_fixed_count,2.6989700043360187,1.6,2.5,2.8494850021680094,1.5,1.7,500.0,test batch size $m$,0.1,500,,10.0,25,100,0.0,0.0,0.0,0.0,0.0,1.0861861476162833,1.0,0.9826013877551021,2500,finite_k3_m_fixed_count,empirical FDR / nominal alpha
tikz-v1,figure6_supp,fdr_ratio_atlas_r4_c2,$N_{cal}$ by $m$; fixed 10 anomalies,14,heatmap_cell,standard_conformal_bh,finite_k3,m_fixed_count,2.6989700043360187,1.7999999999999998,2.5,2.8494850021680094,1.7,1.9,500.0,test batch size $m$,0.1,500,,10.0,25,100,0.0,0.0,0.0,0.0,0.0,0.8927900303521317,1.0,0.9832217959183673,2500,finite_k3_m_fixed_count,empirical FDR / nominal alpha
tikz-v1,figure6_supp,fdr_ratio_atlas_r4_c2,$N_{cal}$ by $m$; fixed 10 anomalies,14,heatmap_cell,standard_conformal_bh,finite_k3,m_fixed_count,2.6989700043360187,2.0,2.5,2.8494850021680094,1.9,2.1,500.0,test batch size $m$,0.1,500,,10.0,25,100,0.0,0.0,0.0,0.0,0.0,0.6946486305533762,1.0,0.9826991836734694,2500,finite_k3_m_fixed_count,empirical FDR / nominal alpha
tikz-v1,figure6_supp,fdr_ratio_atlas_r4_c2,$N_{cal}$ by $m$; fixed 10 anomalies,14,heatmap_cell,standard_conformal_bh,finite_k3,m_fixed_count,2.6989700043360187,2.2,2.5,2.8494850021680094,2.1,2.3,500.0,test batch size $m$,0.1,500,,10.0,25,100,0.002875,0.002875,0.00036,0.0004,0.0002875,0.4975728800155673,1.0,0.9827915918367347,2500,finite_k3_m_fixed_count,empirical FDR / nominal alpha
tikz-v1,figure6_supp,fdr_ratio_atlas_r4_c2,$N_{cal}$ by $m$; fixed 10 anomalies,14,heatmap_cell,standard_conformal_bh,finite_k3,m_fixed_count,2.6989700043360187,2.4,2.5,2.8494850021680094,2.3,2.5,500.0,test batch size $m$,0.1,500,,10.0,25,100,0.006695238095238095,0.006695238095238095,0.00108,0.0012,0.0006695238095238095,0.29756946355447467,1.0,0.9825942857142858,2500,finite_k3_m_fixed_count,empirical FDR / nominal alpha
tikz-v1,figure6_supp,fdr_ratio_atlas_r4_c2,$N_{cal}$ by $m$; fixed 10 anomalies,14,heatmap_cell,standard_conformal_bh,finite_k3,m_fixed_count,2.6989700043360187,2.6,2.5,2.8494850021680094,2.5,2.7,500.0,test batch size $m$,0.1,500,,10.0,25,100,0.13851141995259644,0.13851141995259644,0.027279999999999995,0.0336,0.013851141995259645,0.09799710864927055,1.0,0.9829390204081632,2500,finite_k3_m_fixed_count,empirical FDR / nominal alpha
tikz-v1,figure6_supp,fdr_ratio_atlas_r4_c2,$N_{cal}$ by $m$; fixed 10 anomalies,14,heatmap_cell,standard_conformal_bh,finite_k3,m_fixed_count,2.6989700043360187,2.8,2.5,2.8494850021680094,2.7,2.9,500.0,test batch size $m$,0.1,500,,10.0,25,100,0.5848455955808897,0.5848455955808897,0.18036000000000005,0.2512,0.05848455955808897,-0.10174707394636621,0.0,0.9830221224489797,2500,finite_k3_m_fixed_count,empirical FDR / nominal alpha
tikz-v1,figure6_supp,fdr_ratio_atlas_r4_c2,$N_{cal}$ by $m$; fixed 10 anomalies,14,heatmap_cell,standard_conformal_bh,finite_k3,m_fixed_count,2.6989700043360187,3.0,2.5,2.8494850021680094,2.9,3.0999999999999996,500.0,test batch size $m$,0.1,500,,10.0,25,100,0.42895450660450657,0.42895450660450657,0.23592,0.4232,0.04289545066045066,-0.3014640731432998,0.0,0.9825598367346938,2500,finite_k3_m_fixed_count,empirical FDR / nominal alpha
tikz-v1,figure6_supp,fdr_ratio_atlas_r4_c2,$N_{cal}$ by $m$; fixed 10 anomalies,14,heatmap_cell,standard_conformal_bh,finite_k3,m_fixed_count,2.6989700043360187,3.1999999999999997,2.5,2.8494850021680094,3.0999999999999996,3.3,500.0,test batch size $m$,0.1,500,,10.0,25,100,0.8373649461649461,0.8373649461649461,0.3648,0.638,0.08373649461649461,-0.5013331786455661,0.0,0.9832439999999999,2500,finite_k3_m_fixed_count,empirical FDR / nominal alpha
tikz-v1,figure6_supp,fdr_ratio_atlas_r4_c2,$N_{cal}$ by $m$; fixed 10 anomalies,14,heatmap_cell,standard_conformal_bh,finite_k3,m_fixed_count,2.6989700043360187,3.4,2.5,2.8494850021680094,3.3,3.5,500.0,test batch size $m$,0.1,500,,10.0,25,100,0.911261716061716,0.911261716061716,0.43072000000000005,0.8876,0.0911261716061716,-0.7012224842565572,0.0,0.982866693877551,2500,finite_k3_m_fixed_count,empirical FDR / nominal alpha
tikz-v1,figure6_supp,fdr_ratio_atlas_r4_c2,$N_{cal}$ by $m$; fixed 10 anomalies,14,heatmap_cell,standard_conformal_bh,finite_k3,m_fixed_count,2.6989700043360187,3.6,2.5,2.8494850021680094,3.5,3.7,500.0,test batch size $m$,0.1,500,,10.0,25,100,0.9086253635253635,0.9086253635253635,0.4298,0.8652,0.09086253635253635,-0.901131251355372,0.0,0.9830208979591837,2500,finite_k3_m_fixed_count,empirical FDR / nominal alpha
tikz-v1,figure6_supp,fdr_ratio_atlas_r4_c2,$N_{cal}$ by $m$; fixed 10 anomalies,14,heatmap_cell,standard_conformal_bh,finite_k3,m_fixed_count,2.6989700043360187,3.8,2.5,2.8494850021680094,3.7,3.8999999999999995,500.0,test batch size $m$,0.1,500,,10.0,25,100,0.9291570596070595,0.9291570596070595,0.45715999999999996,0.9644,0.09291570596070596,-1.1011281758387568,0.0,0.9826973061224491,2500,finite_k3_m_fixed_count,empirical FDR / nominal alpha
tikz-v1,figure6_supp,fdr_ratio_atlas_r4_c2,$N_{cal}$ by $m$; fixed 10 anomalies,14,heatmap_cell,standard_conformal_bh,finite_k3,m_fixed_count,2.6989700043360187,3.9999999999999996,2.5,2.8494850021680094,3.8999999999999995,4.1,500.0,test batch size $m$,0.1,500,,10.0,25,100,0.9793682706182706,0.9793682706182706,0.47456000000000004,0.9776,0.09793682706182706,-1.3010734229408438,0.0,0.9828661224489796,2500,finite_k3_m_fixed_count,empirical FDR / nominal alpha
tikz-v1,figure6_supp,fdr_ratio_atlas_r4_c2,$N_{cal}$ by $m$; fixed 10 anomalies,14,heatmap_cell,standard_conformal_bh,finite_k3,m_fixed_count,3.0,1.4,2.8494850021680094,3.1505149978319906,1.3,1.5,1000.0,test batch size $m$,0.1,1000,,10.0,25,100,0.0,0.0,0.0,0.0,0.0,1.585026652029182,1.0,0.9830957575757576,2500,finite_k3_m_fixed_count,empirical FDR / nominal alpha
tikz-v1,figure6_supp,fdr_ratio_atlas_r4_c2,$N_{cal}$ by $m$; fixed 10 anomalies,14,heatmap_cell,standard_conformal_bh,finite_k3,m_fixed_count,3.0,1.6,2.8494850021680094,3.1505149978319906,1.5,1.7,1000.0,test batch size $m$,0.1,1000,,10.0,25,100,0.0,0.0,0.0,0.0,0.0,1.3872161432802645,1.0,0.9831694141414142,2500,finite_k3_m_fixed_count,empirical FDR / nominal alpha
tikz-v1,figure6_supp,fdr_ratio_atlas_r4_c2,$N_{cal}$ by $m$; fixed 10 anomalies,14,heatmap_cell,standard_conformal_bh,finite_k3,m_fixed_count,3.0,1.7999999999999998,2.8494850021680094,3.1505149978319906,1.7,1.9,1000.0,test batch size $m$,0.1,1000,,10.0,25,100,0.0,0.0,0.0,0.0,0.0,1.193820026016113,1.0,0.9835376565656565,2500,finite_k3_m_fixed_count,empirical FDR / nominal alpha
tikz-v1,figure6_supp,fdr_ratio_atlas_r4_c2,$N_{cal}$ by $m$; fixed 10 anomalies,14,heatmap_cell,standard_conformal_bh,finite_k3,m_fixed_count,3.0,2.0,2.8494850021680094,3.1505149978319906,1.9,2.1,1000.0,test batch size $m$,0.1,1000,,10.0,25,100,0.0,0.0,0.0,0.0,0.0,0.9956786262173575,1.0,0.9827677575757576,2500,finite_k3_m_fixed_count,empirical FDR / nominal alpha
tikz-v1,figure6_supp,fdr_ratio_atlas_r4_c2,$N_{cal}$ by $m$; fixed 10 anomalies,14,heatmap_cell,standard_conformal_bh,finite_k3,m_fixed_count,3.0,2.2,2.8494850021680094,3.1505149978319906,2.1,2.3,1000.0,test batch size $m$,0.1,1000,,10.0,25,100,0.0,0.0,0.0,0.0,0.0,0.7986028756795486,1.0,0.9825696565656566,2500,finite_k3_m_fixed_count,empirical FDR / nominal alpha
tikz-v1,figure6_supp,fdr_ratio_atlas_r4_c2,$N_{cal}$ by $m$; fixed 10 anomalies,14,heatmap_cell,standard_conformal_bh,finite_k3,m_fixed_count,3.0,2.4,2.8494850021680094,3.1505149978319906,2.3,2.5,1000.0,test batch size $m$,0.1,1000,,10.0,25,100,0.0,0.0,0.0,0.0,0.0,0.5985994592184559,1.0,0.9828689292929293,2500,finite_k3_m_fixed_count,empirical FDR / nominal alpha
tikz-v1,figure6_supp,fdr_ratio_atlas_r4_c2,$N_{cal}$ by $m$; fixed 10 anomalies,14,heatmap_cell,standard_conformal_bh,finite_k3,m_fixed_count,3.0,2.6,2.8494850021680094,3.1505149978319906,2.5,2.7,1000.0,test batch size $m$,0.1,1000,,10.0,25,100,0.04387300536977957,0.04387300536977957,0.00548,0.0064,0.004387300536977957,0.3990271043132517,1.0,0.9828295353535353,2500,finite_k3_m_fixed_count,empirical FDR / nominal alpha
tikz-v1,figure6_supp,fdr_ratio_atlas_r4_c2,$N_{cal}$ by $m$; fixed 10 anomalies,14,heatmap_cell,standard_conformal_bh,finite_k3,m_fixed_count,3.0,2.8,2.8494850021680094,3.1505149978319906,2.7,2.9,1000.0,test batch size $m$,0.1,1000,,10.0,25,100,0.15311018575851396,0.15311018575851396,0.0216,0.0272,0.015311018575851395,0.199282921717615,1.0,0.982983797979798,2500,finite_k3_m_fixed_count,empirical FDR / nominal alpha
tikz-v1,figure6_supp,fdr_ratio_atlas_r4_c2,$N_{cal}$ by $m$; fixed 10 anomalies,14,heatmap_cell,standard_conformal_bh,finite_k3,m_fixed_count,3.0,3.0,2.8494850021680094,3.1505149978319906,2.9,3.0999999999999996,1000.0,test batch size $m$,0.1,1000,,10.0,25,100,0.18561365301365298,0.18561365301365298,0.03756,0.0532,0.0185613653013653,-0.00043407747931862597,0.0,0.9834150707070707,2500,finite_k3_m_fixed_count,empirical FDR / nominal alpha
tikz-v1,figure6_supp,fdr_ratio_atlas_r4_c2,$N_{cal}$ by $m$; fixed 10 anomalies,14,heatmap_cell,standard_conformal_bh,finite_k3,m_fixed_count,3.0,3.1999999999999997,2.8494850021680094,3.1505149978319906,3.0999999999999996,3.3,1000.0,test batch size $m$,0.1,1000,,10.0,25,100,0.27985981795981796,0.27985981795981796,0.08092,0.1276,0.027985981795981798,-0.20030318298158498,0.0,0.9827559191919192,2500,finite_k3_m_fixed_count,empirical FDR / nominal alpha
tikz-v1,figure6_supp,fdr_ratio_atlas_r4_c2,$N_{cal}$ by $m$; fixed 10 anomalies,14,heatmap_cell,standard_conformal_bh,finite_k3,m_fixed_count,3.0,3.4,2.8494850021680094,3.1505149978319906,3.3,3.5,1000.0,test batch size $m$,0.1,1000,,10.0,25,100,0.8215377955377956,0.8215377955377956,0.27144,0.5464,0.08215377955377956,-0.400192488592576,0.0,0.9837612121212121,2500,finite_k3_m_fixed_count,empirical FDR / nominal alpha
tikz-v1,figure6_supp,fdr_ratio_atlas_r4_c2,$N_{cal}$ by $m$; fixed 10 anomalies,14,heatmap_cell,standard_conformal_bh,finite_k3,m_fixed_count,3.0,3.6,2.8494850021680094,3.1505149978319906,3.5,3.7,1000.0,test batch size $m$,0.1,1000,,10.0,25,100,0.6219890387390387,0.6219890387390387,0.26332,0.5836,0.06219890387390387,-0.6001012556913907,0.0,0.9834113535353536,2500,finite_k3_m_fixed_count,empirical FDR / nominal alpha
tikz-v1,figure6_supp,fdr_ratio_atlas_r4_c2,$N_{cal}$ by $m$; fixed 10 anomalies,14,heatmap_cell,standard_conformal_bh,finite_k3,m_fixed_count,3.0,3.8,2.8494850021680094,3.1505149978319906,3.7,3.8999999999999995,1000.0,test batch size $m$,0.1,1000,,10.0,25,100,0.8378155289155288,0.8378155289155288,0.33576000000000006,0.7732,0.08378155289155288,-0.8000981801747756,0.0,0.9832254141414142,2500,finite_k3_m_fixed_count,empirical FDR / nominal alpha
tikz-v1,figure6_supp,fdr_ratio_atlas_r4_c2,$N_{cal}$ by $m$; fixed 10 anomalies,14,heatmap_cell,standard_conformal_bh,finite_k3,m_fixed_count,3.0,3.9999999999999996,2.8494850021680094,3.1505149978319906,3.8999999999999995,4.1,1000.0,test batch size $m$,0.1,1000,,10.0,25,100,0.9050119547119546,0.9050119547119546,0.36,0.9144,0.09050119547119546,-1.0000434272768626,0.0,0.9829525656565656,2500,finite_k3_m_fixed_count,empirical FDR / nominal alpha
tikz-v1,figure6_supp,fdr_ratio_atlas_r4_c2,$N_{cal}$ by $m$; fixed 10 anomalies,14,heatmap_cell,standard_conformal_bh,finite_k3,m_fixed_count,3.3010299956639813,1.4,3.1505149978319906,3.451544993495972,1.3,1.5,2000.0,test batch size $m$,0.1,2000,,10.0,25,100,0.0,0.0,0.0,0.0,0.0,1.8860566476931633,1.0,0.982669809045226,2500,finite_k3_m_fixed_count,empirical FDR / nominal alpha
tikz-v1,figure6_supp,fdr_ratio_atlas_r4_c2,$N_{cal}$ by $m$; fixed 10 anomalies,14,heatmap_cell,standard_conformal_bh,finite_k3,m_fixed_count,3.3010299956639813,1.6,3.1505149978319906,3.451544993495972,1.5,1.7,2000.0,test batch size $m$,0.1,2000,,10.0,25,100,0.0,0.0,0.0,0.0,0.0,1.6882461389442458,1.0,0.9827777085427136,2500,finite_k3_m_fixed_count,empirical FDR / nominal alpha
tikz-v1,figure6_supp,fdr_ratio_atlas_r4_c2,$N_{cal}$ by $m$; fixed 10 anomalies,14,heatmap_cell,standard_conformal_bh,finite_k3,m_fixed_count,3.3010299956639813,1.7999999999999998,3.1505149978319906,3.451544993495972,1.7,1.9,2000.0,test batch size $m$,0.1,2000,,10.0,25,100,0.0,0.0,0.0,0.0,0.0,1.494850021680094,1.0,0.9835731457286431,2500,finite_k3_m_fixed_count,empirical FDR / nominal alpha
tikz-v1,figure6_supp,fdr_ratio_atlas_r4_c2,$N_{cal}$ by $m$; fixed 10 anomalies,14,heatmap_cell,standard_conformal_bh,finite_k3,m_fixed_count,3.3010299956639813,2.0,3.1505149978319906,3.451544993495972,1.9,2.1,2000.0,test batch size $m$,0.1,2000,,10.0,25,100,0.0,0.0,0.0,0.0,0.0,1.2967086218813386,1.0,0.9833532261306532,2500,finite_k3_m_fixed_count,empirical FDR / nominal alpha
tikz-v1,figure6_supp,fdr_ratio_atlas_r4_c2,$N_{cal}$ by $m$; fixed 10 anomalies,14,heatmap_cell,standard_conformal_bh,finite_k3,m_fixed_count,3.3010299956639813,2.2,3.1505149978319906,3.451544993495972,2.1,2.3,2000.0,test batch size $m$,0.1,2000,,10.0,25,100,0.0,0.0,0.0,0.0,0.0,1.0996328713435297,1.0,0.982578351758794,2500,finite_k3_m_fixed_count,empirical FDR / nominal alpha
tikz-v1,figure6_supp,fdr_ratio_atlas_r4_c2,$N_{cal}$ by $m$; fixed 10 anomalies,14,heatmap_cell,standard_conformal_bh,finite_k3,m_fixed_count,3.3010299956639813,2.4,3.1505149978319906,3.451544993495972,2.3,2.5,2000.0,test batch size $m$,0.1,2000,,10.0,25,100,0.0,0.0,0.0,0.0,0.0,0.8996294548824371,1.0,0.982499336683417,2500,finite_k3_m_fixed_count,empirical FDR / nominal alpha
tikz-v1,figure6_supp,fdr_ratio_atlas_r4_c2,$N_{cal}$ by $m$; fixed 10 anomalies,14,heatmap_cell,standard_conformal_bh,finite_k3,m_fixed_count,3.3010299956639813,2.6,3.1505149978319906,3.451544993495972,2.5,2.7,2000.0,test batch size $m$,0.1,2000,,10.0,25,100,0.0,0.0,0.0,0.0,0.0,0.700057099977233,1.0,0.9829553567839197,2500,finite_k3_m_fixed_count,empirical FDR / nominal alpha
tikz-v1,figure6_supp,fdr_ratio_atlas_r4_c2,$N_{cal}$ by $m$; fixed 10 anomalies,14,heatmap_cell,standard_conformal_bh,finite_k3,m_fixed_count,3.3010299956639813,2.8,3.1505149978319906,3.451544993495972,2.7,2.9,2000.0,test batch size $m$,0.1,2000,,10.0,25,100,0.0,0.0,0.0,0.0,0.0,0.5003129173815962,1.0,0.9838950753768844,2500,finite_k3_m_fixed_count,empirical FDR / nominal alpha
tikz-v1,figure6_supp,fdr_ratio_atlas_r4_c2,$N_{cal}$ by $m$; fixed 10 anomalies,14,heatmap_cell,standard_conformal_bh,finite_k3,m_fixed_count,3.3010299956639813,3.0,3.1505149978319906,3.451544993495972,2.9,3.0999999999999996,2000.0,test batch size $m$,0.1,2000,,10.0,25,100,0.0,0.0,0.0,0.0,0.0,0.3005959181846626,1.0,0.9827214874371861,2500,finite_k3_m_fixed_count,empirical FDR / nominal alpha
tikz-v1,figure6_supp,fdr_ratio_atlas_r4_c2,$N_{cal}$ by $m$; fixed 10 anomalies,14,heatmap_cell,standard_conformal_bh,finite_k3,m_fixed_count,3.3010299956639813,3.1999999999999997,3.1505149978319906,3.451544993495972,3.0999999999999996,3.3,2000.0,test batch size $m$,0.1,2000,,10.0,25,100,0.04433553113553113,0.04433553113553113,0.00532,0.0084,0.004433553113553114,0.10072681268239621,1.0,0.9830178894472363,2500,finite_k3_m_fixed_count,empirical FDR / nominal alpha
tikz-v1,figure6_supp,fdr_ratio_atlas_r4_c2,$N_{cal}$ by $m$; fixed 10 anomalies,14,heatmap_cell,standard_conformal_bh,finite_k3,m_fixed_count,3.3010299956639813,3.4,3.1505149978319906,3.451544993495972,3.3,3.5,2000.0,test batch size $m$,0.1,2000,,10.0,25,100,0.24006012876012872,0.24006012876012872,0.04596,0.0748,0.024006012876012874,-0.09916249292859479,0.0,0.9832463718592964,2500,finite_k3_m_fixed_count,empirical FDR / nominal alpha
tikz-v1,figure6_supp,fdr_ratio_atlas_r4_c2,$N_{cal}$ by $m$; fixed 10 anomalies,14,heatmap_cell,standard_conformal_bh,finite_k3,m_fixed_count,3.3010299956639813,3.6,3.1505149978319906,3.451544993495972,3.5,3.7,2000.0,test batch size $m$,0.1,2000,,10.0,25,100,0.4509404262404263,0.4509404262404263,0.09988,0.1836,0.04509404262404263,-0.2990712600274095,0.0,0.9829096884422112,2500,finite_k3_m_fixed_count,empirical FDR / nominal alpha
tikz-v1,figure6_supp,fdr_ratio_atlas_r4_c2,$N_{cal}$ by $m$; fixed 10 anomalies,14,heatmap_cell,standard_conformal_bh,finite_k3,m_fixed_count,3.3010299956639813,3.8,3.1505149978319906,3.451544993495972,3.7,3.8999999999999995,2000.0,test batch size $m$,0.1,2000,,10.0,25,100,0.899782763641587,0.899782763641587,0.20947999999999997,0.4416,0.08997827636415871,-0.4990681845107945,0.0,0.9829802211055277,2500,finite_k3_m_fixed_count,empirical FDR / nominal alpha
tikz-v1,figure6_supp,fdr_ratio_atlas_r4_c2,$N_{cal}$ by $m$; fixed 10 anomalies,14,heatmap_cell,standard_conformal_bh,finite_k3,m_fixed_count,3.3010299956639813,3.9999999999999996,3.1505149978319906,3.451544993495972,3.8999999999999995,4.1,2000.0,test batch size $m$,0.1,2000,,10.0,25,100,0.7654532467532467,0.7654532467532467,0.2438,0.6788,0.07654532467532467,-0.6990134316128814,0.0,0.9828301708542713,2500,finite_k3_m_fixed_count,empirical FDR / nominal alpha
tikz-v1,figure6_supp,fdr_ratio_atlas_r4_c1,$N_{cal}$ by $m$; fixed $\pi_1=0.05$,13,heatmap_cell,standard_conformal_bh,finite_k3,m_fixed_pi,1.6989700043360187,1.4,1.5484550065040281,1.8494850021680094,1.3,1.5,50.0,test batch size $m$,0.1,50,0.05,,25,100,0.0,0.0,0.0,0.0,0.0,0.9829666607012196,1.0,0.9809458333333334,2500,finite_k3_m_fixed_pi,empirical FDR / nominal alpha
tikz-v1,figure6_supp,fdr_ratio_atlas_r4_c1,$N_{cal}$ by $m$; fixed $\pi_1=0.05$,13,heatmap_cell,standard_conformal_bh,finite_k3,m_fixed_pi,1.6989700043360187,1.6,1.5484550065040281,1.8494850021680094,1.5,1.7,50.0,test batch size $m$,0.1,50,0.05,,25,100,0.0,0.0,0.0,0.0,0.0,0.7851561519523022,1.0,0.9838833333333334,2500,finite_k3_m_fixed_pi,empirical FDR / nominal alpha
tikz-v1,figure6_supp,fdr_ratio_atlas_r4_c1,$N_{cal}$ by $m$; fixed $\pi_1=0.05$,13,heatmap_cell,standard_conformal_bh,finite_k3,m_fixed_pi,1.6989700043360187,1.7999999999999998,1.5484550065040281,1.8494850021680094,1.7,1.9,50.0,test batch size $m$,0.1,50,0.05,,25,100,0.0,0.0,0.0,0.0,0.0,0.5917600346881504,1.0,0.9823708333333332,2500,finite_k3_m_fixed_pi,empirical FDR / nominal alpha
tikz-v1,figure6_supp,fdr_ratio_atlas_r4_c1,$N_{cal}$ by $m$; fixed $\pi_1=0.05$,13,heatmap_cell,standard_conformal_bh,finite_k3,m_fixed_pi,1.6989700043360187,2.0,1.5484550065040281,1.8494850021680094,1.9,2.1,50.0,test batch size $m$,0.1,50,0.05,,25,100,0.10879999999999998,0.10879999999999998,0.0164,0.0172,0.010879999999999999,0.393618634889395,1.0,0.9830833333333334,2500,finite_k3_m_fixed_pi,empirical FDR / nominal alpha
tikz-v1,figure6_supp,fdr_ratio_atlas_r4_c1,$N_{cal}$ by $m$; fixed $\pi_1=0.05$,13,heatmap_cell,standard_conformal_bh,finite_k3,m_fixed_pi,1.6989700043360187,2.2,1.5484550065040281,1.8494850021680094,2.1,2.3,50.0,test batch size $m$,0.1,50,0.05,,25,100,0.28675844155844155,0.28675844155844155,0.0476,0.0504,0.028675844155844156,0.19654288435158615,1.0,0.984975,2500,finite_k3_m_fixed_pi,empirical FDR / nominal alpha
tikz-v1,figure6_supp,fdr_ratio_atlas_r4_c1,$N_{cal}$ by $m$; fixed $\pi_1=0.05$,13,heatmap_cell,standard_conformal_bh,finite_k3,m_fixed_pi,1.6989700043360187,2.4,1.5484550065040281,1.8494850021680094,2.3,2.5,50.0,test batch size $m$,0.1,50,0.05,,25,100,0.7858666666666665,0.7858666666666665,0.3876,0.4204,0.07858666666666665,-0.0034605321095065224,0.0,0.983575,2500,finite_k3_m_fixed_pi,empirical FDR / nominal alpha
tikz-v1,figure6_supp,fdr_ratio_atlas_r4_c1,$N_{cal}$ by $m$; fixed $\pi_1=0.05$,13,heatmap_cell,standard_conformal_bh,finite_k3,m_fixed_pi,1.6989700043360187,2.6,1.5484550065040281,1.8494850021680094,2.5,2.7,50.0,test batch size $m$,0.1,50,0.05,,25,100,0.7020253968253967,0.7020253968253967,0.342,0.3672,0.07020253968253967,-0.20303288701471064,0.0,0.9824208333333332,2500,finite_k3_m_fixed_pi,empirical FDR / nominal alpha
tikz-v1,figure6_supp,fdr_ratio_atlas_r4_c1,$N_{cal}$ by $m$; fixed $\pi_1=0.05$,13,heatmap_cell,standard_conformal_bh,finite_k3,m_fixed_pi,1.6989700043360187,2.8,1.5484550065040281,1.8494850021680094,2.7,2.9,50.0,test batch size $m$,0.1,50,0.05,,25,100,0.983711111111111,0.983711111111111,0.6046,0.7884,0.0983711111111111,-0.4027770696103474,0.0,0.9830666666666666,2500,finite_k3_m_fixed_pi,empirical FDR / nominal alpha
tikz-v1,figure6_supp,fdr_ratio_atlas_r4_c1,$N_{cal}$ by $m$; fixed $\pi_1=0.05$,13,heatmap_cell,standard_conformal_bh,finite_k3,m_fixed_pi,1.6989700043360187,3.0,1.5484550065040281,1.8494850021680094,2.9,3.0999999999999996,50.0,test batch size $m$,0.1,50,0.05,,25,100,1.025311111111111,1.025311111111111,0.617,0.8196,0.10253111111111111,-0.6024940688072811,0.0,0.9814916666666667,2500,finite_k3_m_fixed_pi,empirical FDR / nominal alpha
tikz-v1,figure6_supp,fdr_ratio_atlas_r4_c1,$N_{cal}$ by $m$; fixed $\pi_1=0.05$,13,heatmap_cell,standard_conformal_bh,finite_k3,m_fixed_pi,1.6989700043360187,3.1999999999999997,1.5484550065040281,1.8494850021680094,3.0999999999999996,3.3,50.0,test batch size $m$,0.1,50,0.05,,25,100,0.8674571428571427,0.8674571428571427,0.6026,0.8068,0.08674571428571427,-0.8023631743095474,0.0,0.9833791666666668,2500,finite_k3_m_fixed_pi,empirical FDR / nominal alpha
tikz-v1,figure6_supp,fdr_ratio_atlas_r4_c1,$N_{cal}$ by $m$; fixed $\pi_1=0.05$,13,heatmap_cell,standard_conformal_bh,finite_k3,m_fixed_pi,1.6989700043360187,3.4,1.5484550065040281,1.8494850021680094,3.3,3.5,50.0,test batch size $m$,0.1,50,0.05,,25,100,0.853,0.853,0.602,0.8104,0.0853,-1.0022524799205383,0.0,0.9837208333333334,2500,finite_k3_m_fixed_pi,empirical FDR / nominal alpha
tikz-v1,figure6_supp,fdr_ratio_atlas_r4_c1,$N_{cal}$ by $m$; fixed $\pi_1=0.05$,13,heatmap_cell,standard_conformal_bh,finite_k3,m_fixed_pi,1.6989700043360187,3.6,1.5484550065040281,1.8494850021680094,3.5,3.7,50.0,test batch size $m$,0.1,50,0.05,,25,100,0.869,0.869,0.5962,0.8084,0.0869,-1.2021612470193532,0.0,0.9833041666666666,2500,finite_k3_m_fixed_pi,empirical FDR / nominal alpha
tikz-v1,figure6_supp,fdr_ratio_atlas_r4_c1,$N_{cal}$ by $m$; fixed $\pi_1=0.05$,13,heatmap_cell,standard_conformal_bh,finite_k3,m_fixed_pi,1.6989700043360187,3.8,1.5484550065040281,1.8494850021680094,3.7,3.8999999999999995,50.0,test batch size $m$,0.1,50,0.05,,25,100,0.9442666666666666,0.9442666666666666,0.6326,0.8356,0.09442666666666666,-1.402158171502738,0.0,0.9859291666666667,2500,finite_k3_m_fixed_pi,empirical FDR / nominal alpha
tikz-v1,figure6_supp,fdr_ratio_atlas_r4_c1,$N_{cal}$ by $m$; fixed $\pi_1=0.05$,13,heatmap_cell,standard_conformal_bh,finite_k3,m_fixed_pi,1.6989700043360187,3.9999999999999996,1.5484550065040281,1.8494850021680094,3.8999999999999995,4.1,50.0,test batch size $m$,0.1,50,0.05,,25,100,0.9460666666666665,0.9460666666666665,0.6198,0.8264,0.09460666666666666,-1.602103418604825,0.0,0.9832708333333332,2500,finite_k3_m_fixed_pi,empirical FDR / nominal alpha
tikz-v1,figure6_supp,fdr_ratio_atlas_r4_c1,$N_{cal}$ by $m$; fixed $\pi_1=0.05$,13,heatmap_cell,standard_conformal_bh,finite_k3,m_fixed_pi,2.0,1.4,1.8494850021680094,2.1505149978319906,1.3,1.5,100.0,test batch size $m$,0.1,100,0.05,,25,100,0.0,0.0,0.0,0.0,0.0,0.8860566476931633,1.0,0.9827267368421053,2500,finite_k3_m_fixed_pi,empirical FDR / nominal alpha
tikz-v1,figure6_supp,fdr_ratio_atlas_r4_c1,$N_{cal}$ by $m$; fixed $\pi_1=0.05$,13,heatmap_cell,standard_conformal_bh,finite_k3,m_fixed_pi,2.0,1.6,1.8494850021680094,2.1505149978319906,1.5,1.7,100.0,test batch size $m$,0.1,100,0.05,,25,100,0.0,0.0,0.0,0.0,0.0,0.6882461389442457,1.0,0.9831840000000001,2500,finite_k3_m_fixed_pi,empirical FDR / nominal alpha
tikz-v1,figure6_supp,fdr_ratio_atlas_r4_c1,$N_{cal}$ by $m$; fixed $\pi_1=0.05$,13,heatmap_cell,standard_conformal_bh,finite_k3,m_fixed_pi,2.0,1.7999999999999998,1.8494850021680094,2.1505149978319906,1.7,1.9,100.0,test batch size $m$,0.1,100,0.05,,25,100,0.011,0.011,0.0016,0.0016,0.0011,0.494850021680094,1.0,0.9827654736842105,2500,finite_k3_m_fixed_pi,empirical FDR / nominal alpha
tikz-v1,figure6_supp,fdr_ratio_atlas_r4_c1,$N_{cal}$ by $m$; fixed $\pi_1=0.05$,13,heatmap_cell,standard_conformal_bh,finite_k3,m_fixed_pi,2.0,2.0,1.8494850021680094,2.1505149978319906,1.9,2.1,100.0,test batch size $m$,0.1,100,0.05,,25,100,0.13673726273726272,0.13673726273726272,0.023280000000000002,0.0244,0.013673726273726273,0.2967086218813386,1.0,0.9832084210526316,2500,finite_k3_m_fixed_pi,empirical FDR / nominal alpha
tikz-v1,figure6_supp,fdr_ratio_atlas_r4_c1,$N_{cal}$ by $m$; fixed $\pi_1=0.05$,13,heatmap_cell,standard_conformal_bh,finite_k3,m_fixed_pi,2.0,2.2,1.8494850021680094,2.1505149978319906,2.1,2.3,100.0,test batch size $m$,0.1,100,0.05,,25,100,0.05005555555555556,0.05005555555555556,0.01152,0.0128,0.0050055555555555565,0.09963287134352969,1.0,0.9829557894736841,2500,finite_k3_m_fixed_pi,empirical FDR / nominal alpha
tikz-v1,figure6_supp,fdr_ratio_atlas_r4_c1,$N_{cal}$ by $m$; fixed $\pi_1=0.05$,13,heatmap_cell,standard_conformal_bh,finite_k3,m_fixed_pi,2.0,2.4,1.8494850021680094,2.1505149978319906,2.3,2.5,100.0,test batch size $m$,0.1,100,0.05,,25,100,0.8789344518226871,0.8789344518226871,0.37895999999999996,0.4656,0.08789344518226871,-0.10037054511756292,0.0,0.982810947368421,2500,finite_k3_m_fixed_pi,empirical FDR / nominal alpha
tikz-v1,figure6_supp,fdr_ratio_atlas_r4_c1,$N_{cal}$ by $m$; fixed $\pi_1=0.05$,13,heatmap_cell,standard_conformal_bh,finite_k3,m_fixed_pi,2.0,2.6,1.8494850021680094,2.1505149978319906,2.5,2.7,100.0,test batch size $m$,0.1,100,0.05,,25,100,0.6091878787878788,0.6091878787878788,0.38927999999999996,0.5412,0.060918787878787885,-0.2999429000227671,0.0,0.9830492631578949,2500,finite_k3_m_fixed_pi,empirical FDR / nominal alpha
tikz-v1,figure6_supp,fdr_ratio_atlas_r4_c1,$N_{cal}$ by $m$; fixed $\pi_1=0.05$,13,heatmap_cell,standard_conformal_bh,finite_k3,m_fixed_pi,2.0,2.8,1.8494850021680094,2.1505149978319906,2.7,2.9,100.0,test batch size $m$,0.1,100,0.05,,25,100,0.8074952380952379,0.8074952380952379,0.55584,0.8268,0.0807495238095238,-0.4996870826184039,0.0,0.983344,2500,finite_k3_m_fixed_pi,empirical FDR / nominal alpha
tikz-v1,figure6_supp,fdr_ratio_atlas_r4_c1,$N_{cal}$ by $m$; fixed $\pi_1=0.05$,13,heatmap_cell,standard_conformal_bh,finite_k3,m_fixed_pi,2.0,3.0,1.8494850021680094,2.1505149978319906,2.9,3.0999999999999996,100.0,test batch size $m$,0.1,100,0.05,,25,100,1.100383694083694,1.100383694083694,0.63888,0.9568,0.1100383694083694,-0.6994040818153374,0.0,0.9834357894736844,2500,finite_k3_m_fixed_pi,empirical FDR / nominal alpha
tikz-v1,figure6_supp,fdr_ratio_atlas_r4_c1,$N_{cal}$ by $m$; fixed $\pi_1=0.05$,13,heatmap_cell,standard_conformal_bh,finite_k3,m_fixed_pi,2.0,3.1999999999999997,1.8494850021680094,2.1505149978319906,3.0999999999999996,3.3,100.0,test batch size $m$,0.1,100,0.05,,25,100,0.7873984126984126,0.7873984126984126,0.5748800000000001,0.9404,0.07873984126984127,-0.8992731873176038,0.0,0.982517052631579,2500,finite_k3_m_fixed_pi,empirical FDR / nominal alpha
tikz-v1,figure6_supp,fdr_ratio_atlas_r4_c1,$N_{cal}$ by $m$; fixed $\pi_1=0.05$,13,heatmap_cell,standard_conformal_bh,finite_k3,m_fixed_pi,2.0,3.4,1.8494850021680094,2.1505149978319906,3.3,3.5,100.0,test batch size $m$,0.1,100,0.05,,25,100,0.9882523809523809,0.9882523809523809,0.61216,0.9548,0.09882523809523809,-1.0991624929285948,0.0,0.9828277894736842,2500,finite_k3_m_fixed_pi,empirical FDR / nominal alpha
tikz-v1,figure6_supp,fdr_ratio_atlas_r4_c1,$N_{cal}$ by $m$; fixed $\pi_1=0.05$,13,heatmap_cell,standard_conformal_bh,finite_k3,m_fixed_pi,2.0,3.6,1.8494850021680094,2.1505149978319906,3.5,3.7,100.0,test batch size $m$,0.1,100,0.05,,25,100,0.9239764790764791,0.9239764790764791,0.61816,0.956,0.09239764790764791,-1.2990712600274095,0.0,0.9831730526315791,2500,finite_k3_m_fixed_pi,empirical FDR / nominal alpha
tikz-v1,figure6_supp,fdr_ratio_atlas_r4_c1,$N_{cal}$ by $m$; fixed $\pi_1=0.05$,13,heatmap_cell,standard_conformal_bh,finite_k3,m_fixed_pi,2.0,3.8,1.8494850021680094,2.1505149978319906,3.7,3.8999999999999995,100.0,test batch size $m$,0.1,100,0.05,,25,100,0.887195238095238,0.887195238095238,0.6152799999999999,0.9624,0.0887195238095238,-1.4990681845107945,0.0,0.9829414736842106,2500,finite_k3_m_fixed_pi,empirical FDR / nominal alpha
tikz-v1,figure6_supp,fdr_ratio_atlas_r4_c1,$N_{cal}$ by $m$; fixed $\pi_1=0.05$,13,heatmap_cell,standard_conformal_bh,finite_k3,m_fixed_pi,2.0,3.9999999999999996,1.8494850021680094,2.1505149978319906,3.8999999999999995,4.1,100.0,test batch size $m$,0.1,100,0.05,,25,100,1.0354454545454546,1.0354454545454546,0.6473599999999999,0.9732,0.10354454545454546,-1.6990134316128815,0.0,0.9834088421052631,2500,finite_k3_m_fixed_pi,empirical FDR / nominal alpha
tikz-v1,figure6_supp,fdr_ratio_atlas_r4_c1,$N_{cal}$ by $m$; fixed $\pi_1=0.05$,13,heatmap_cell,standard_conformal_bh,finite_k3,m_fixed_pi,2.3010299956639813,1.4,2.1505149978319906,2.5,1.3,1.5,200.0,test batch size $m$,0.1,200,0.05,,25,100,0.0,0.0,0.0,0.0,0.0,0.8860566476931633,1.0,0.9835566315789475,2500,finite_k3_m_fixed_pi,empirical FDR / nominal alpha
tikz-v1,figure6_supp,fdr_ratio_atlas_r4_c1,$N_{cal}$ by $m$; fixed $\pi_1=0.05$,13,heatmap_cell,standard_conformal_bh,finite_k3,m_fixed_pi,2.3010299956639813,1.6,2.1505149978319906,2.5,1.5,1.7,200.0,test batch size $m$,0.1,200,0.05,,25,100,0.0,0.0,0.0,0.0,0.0,0.6882461389442457,1.0,0.982808,2500,finite_k3_m_fixed_pi,empirical FDR / nominal alpha
tikz-v1,figure6_supp,fdr_ratio_atlas_r4_c1,$N_{cal}$ by $m$; fixed $\pi_1=0.05$,13,heatmap_cell,standard_conformal_bh,finite_k3,m_fixed_pi,2.3010299956639813,1.7999999999999998,2.1505149978319906,2.5,1.7,1.9,200.0,test batch size $m$,0.1,200,0.05,,25,100,0.0,0.0,0.0,0.0,0.0,0.494850021680094,1.0,0.9836206315789474,2500,finite_k3_m_fixed_pi,empirical FDR / nominal alpha
tikz-v1,figure6_supp,fdr_ratio_atlas_r4_c1,$N_{cal}$ by $m$; fixed $\pi_1=0.05$,13,heatmap_cell,standard_conformal_bh,finite_k3,m_fixed_pi,2.3010299956639813,2.0,2.1505149978319906,2.5,1.9,2.1,200.0,test batch size $m$,0.1,200,0.05,,25,100,0.020953246753246748,0.020953246753246748,0.0038799999999999998,0.004,0.002095324675324675,0.2967086218813386,1.0,0.9833237894736842,2500,finite_k3_m_fixed_pi,empirical FDR / nominal alpha
tikz-v1,figure6_supp,fdr_ratio_atlas_r4_c1,$N_{cal}$ by $m$; fixed $\pi_1=0.05$,13,heatmap_cell,standard_conformal_bh,finite_k3,m_fixed_pi,2.3010299956639813,2.2,2.1505149978319906,2.5,2.1,2.3,200.0,test batch size $m$,0.1,200,0.05,,25,100,0.13451110751993103,0.13451110751993103,0.0372,0.0408,0.013451110751993104,0.09963287134352969,1.0,0.9829829473684211,2500,finite_k3_m_fixed_pi,empirical FDR / nominal alpha
tikz-v1,figure6_supp,fdr_ratio_atlas_r4_c1,$N_{cal}$ by $m$; fixed $\pi_1=0.05$,13,heatmap_cell,standard_conformal_bh,finite_k3,m_fixed_pi,2.3010299956639813,2.4,2.1505149978319906,2.5,2.3,2.5,200.0,test batch size $m$,0.1,200,0.05,,25,100,0.5247860871154988,0.5247860871154988,0.2626,0.3404,0.052478608711549884,-0.10037054511756292,0.0,0.9828113684210527,2500,finite_k3_m_fixed_pi,empirical FDR / nominal alpha
tikz-v1,figure6_supp,fdr_ratio_atlas_r4_c1,$N_{cal}$ by $m$; fixed $\pi_1=0.05$,13,heatmap_cell,standard_conformal_bh,finite_k3,m_fixed_pi,2.3010299956639813,2.6,2.1505149978319906,2.5,2.5,2.7,200.0,test batch size $m$,0.1,200,0.05,,25,100,0.6372802641802641,0.6372802641802641,0.37651999999999997,0.5404,0.06372802641802641,-0.2999429000227671,0.0,0.9826848421052631,2500,finite_k3_m_fixed_pi,empirical FDR / nominal alpha
tikz-v1,figure6_supp,fdr_ratio_atlas_r4_c1,$N_{cal}$ by $m$; fixed $\pi_1=0.05$,13,heatmap_cell,standard_conformal_bh,finite_k3,m_fixed_pi,2.3010299956639813,2.8,2.1505149978319906,2.5,2.7,2.9,200.0,test batch size $m$,0.1,200,0.05,,25,100,0.7296252199125264,0.7296252199125264,0.49735999999999997,0.778,0.07296252199125264,-0.4996870826184039,0.0,0.9825273684210526,2500,finite_k3_m_fixed_pi,empirical FDR / nominal alpha
tikz-v1,figure6_supp,fdr_ratio_atlas_r4_c1,$N_{cal}$ by $m$; fixed $\pi_1=0.05$,13,heatmap_cell,standard_conformal_bh,finite_k3,m_fixed_pi,2.3010299956639813,3.0,2.1505149978319906,2.5,2.9,3.0999999999999996,200.0,test batch size $m$,0.1,200,0.05,,25,100,1.1176154456654455,1.1176154456654455,0.6352399999999999,0.9848,0.11176154456654455,-0.6994040818153374,0.0,0.9829025263157896,2500,finite_k3_m_fixed_pi,empirical FDR / nominal alpha
tikz-v1,figure6_supp,fdr_ratio_atlas_r4_c1,$N_{cal}$ by $m$; fixed $\pi_1=0.05$,13,heatmap_cell,standard_conformal_bh,finite_k3,m_fixed_pi,2.3010299956639813,3.1999999999999997,2.1505149978319906,2.5,3.0999999999999996,3.3,200.0,test batch size $m$,0.1,200,0.05,,25,100,1.0126149239649238,1.0126149239649238,0.6154,0.9692,0.10126149239649239,-0.8992731873176038,0.0,0.9829387368421052,2500,finite_k3_m_fixed_pi,empirical FDR / nominal alpha
tikz-v1,figure6_supp,fdr_ratio_atlas_r4_c1,$N_{cal}$ by $m$; fixed $\pi_1=0.05$,13,heatmap_cell,standard_conformal_bh,finite_k3,m_fixed_pi,2.3010299956639813,3.4,2.1505149978319906,2.5,3.3,3.5,200.0,test batch size $m$,0.1,200,0.05,,25,100,0.8297124986124985,0.8297124986124985,0.5838399999999999,0.984,0.08297124986124986,-1.0991624929285948,0.0,0.9828168421052631,2500,finite_k3_m_fixed_pi,empirical FDR / nominal alpha
tikz-v1,figure6_supp,fdr_ratio_atlas_r4_c1,$N_{cal}$ by $m$; fixed $\pi_1=0.05$,13,heatmap_cell,standard_conformal_bh,finite_k3,m_fixed_pi,2.3010299956639813,3.6,2.1505149978319906,2.5,3.5,3.7,200.0,test batch size $m$,0.1,200,0.05,,25,100,0.8353261238761237,0.8353261238761237,0.59248,0.9856,0.08353261238761238,-1.2990712600274095,0.0,0.983042105263158,2500,finite_k3_m_fixed_pi,empirical FDR / nominal alpha
tikz-v1,figure6_supp,fdr_ratio_atlas_r4_c1,$N_{cal}$ by $m$; fixed $\pi_1=0.05$,13,heatmap_cell,standard_conformal_bh,finite_k3,m_fixed_pi,2.3010299956639813,3.8,2.1505149978319906,2.5,3.7,3.8999999999999995,200.0,test batch size $m$,0.1,200,0.05,,25,100,0.9117170499435204,0.9117170499435204,0.61116,0.9944,0.09117170499435205,-1.4990681845107945,0.0,0.9827688421052633,2500,finite_k3_m_fixed_pi,empirical FDR / nominal alpha
tikz-v1,figure6_supp,fdr_ratio_atlas_r4_c1,$N_{cal}$ by $m$; fixed $\pi_1=0.05$,13,heatmap_cell,standard_conformal_bh,finite_k3,m_fixed_pi,2.3010299956639813,3.9999999999999996,2.1505149978319906,2.5,3.8999999999999995,4.1,200.0,test batch size $m$,0.1,200,0.05,,25,100,0.9764494172494173,0.9764494172494173,0.62292,0.9964,0.09764494172494173,-1.6990134316128815,0.0,0.9825663157894738,2500,finite_k3_m_fixed_pi,empirical FDR / nominal alpha
tikz-v1,figure6_supp,fdr_ratio_atlas_r4_c1,$N_{cal}$ by $m$; fixed $\pi_1=0.05$,13,heatmap_cell,standard_conformal_bh,finite_k3,m_fixed_pi,2.6989700043360187,1.4,2.5,2.8494850021680094,1.3,1.5,500.0,test batch size $m$,0.1,500,0.05,,25,100,0.0,0.0,0.0,0.0,0.0,0.8860566476931633,1.0,0.9830206315789474,2500,finite_k3_m_fixed_pi,empirical FDR / nominal alpha
tikz-v1,figure6_supp,fdr_ratio_atlas_r4_c1,$N_{cal}$ by $m$; fixed $\pi_1=0.05$,13,heatmap_cell,standard_conformal_bh,finite_k3,m_fixed_pi,2.6989700043360187,1.6,2.5,2.8494850021680094,1.5,1.7,500.0,test batch size $m$,0.1,500,0.05,,25,100,0.0,0.0,0.0,0.0,0.0,0.6882461389442457,1.0,0.9828933052631579,2500,finite_k3_m_fixed_pi,empirical FDR / nominal alpha
tikz-v1,figure6_supp,fdr_ratio_atlas_r4_c1,$N_{cal}$ by $m$; fixed $\pi_1=0.05$,13,heatmap_cell,standard_conformal_bh,finite_k3,m_fixed_pi,2.6989700043360187,1.7999999999999998,2.5,2.8494850021680094,1.7,1.9,500.0,test batch size $m$,0.1,500,0.05,,25,100,0.0,0.0,0.0,0.0,0.0,0.494850021680094,1.0,0.9832508968421054,2500,finite_k3_m_fixed_pi,empirical FDR / nominal alpha
tikz-v1,figure6_supp,fdr_ratio_atlas_r4_c1,$N_{cal}$ by $m$; fixed $\pi_1=0.05$,13,heatmap_cell,standard_conformal_bh,finite_k3,m_fixed_pi,2.6989700043360187,2.0,2.5,2.8494850021680094,1.9,2.1,500.0,test batch size $m$,0.1,500,0.05,,25,100,0.002,0.002,0.0004,0.0004,0.0002,0.2967086218813386,1.0,0.9828813136842105,2500,finite_k3_m_fixed_pi,empirical FDR / nominal alpha
tikz-v1,figure6_supp,fdr_ratio_atlas_r4_c1,$N_{cal}$ by $m$; fixed $\pi_1=0.05$,13,heatmap_cell,standard_conformal_bh,finite_k3,m_fixed_pi,2.6989700043360187,2.2,2.5,2.8494850021680094,2.1,2.3,500.0,test batch size $m$,0.1,500,0.05,,25,100,0.40137516860917355,0.40137516860917355,0.092656,0.106,0.040137516860917356,0.09963287134352969,1.0,0.9830794105263158,2500,finite_k3_m_fixed_pi,empirical FDR / nominal alpha
tikz-v1,figure6_supp,fdr_ratio_atlas_r4_c1,$N_{cal}$ by $m$; fixed $\pi_1=0.05$,13,heatmap_cell,standard_conformal_bh,finite_k3,m_fixed_pi,2.6989700043360187,2.4,2.5,2.8494850021680094,2.3,2.5,500.0,test batch size $m$,0.1,500,0.05,,25,100,0.4144314237507051,0.4144314237507051,0.18975999999999998,0.2548,0.04144314237507051,-0.10037054511756292,0.0,0.9831780378947369,2500,finite_k3_m_fixed_pi,empirical FDR / nominal alpha
tikz-v1,figure6_supp,fdr_ratio_atlas_r4_c1,$N_{cal}$ by $m$; fixed $\pi_1=0.05$,13,heatmap_cell,standard_conformal_bh,finite_k3,m_fixed_pi,2.6989700043360187,2.6,2.5,2.8494850021680094,2.5,2.7,500.0,test batch size $m$,0.1,500,0.05,,25,100,0.5444215235976383,0.5444215235976383,0.350512,0.5624,0.05444215235976383,-0.2999429000227671,0.0,0.9834196547368421,2500,finite_k3_m_fixed_pi,empirical FDR / nominal alpha
tikz-v1,figure6_supp,fdr_ratio_atlas_r4_c1,$N_{cal}$ by $m$; fixed $\pi_1=0.05$,13,heatmap_cell,standard_conformal_bh,finite_k3,m_fixed_pi,2.6989700043360187,2.8,2.5,2.8494850021680094,2.7,2.9,500.0,test batch size $m$,0.1,500,0.05,,25,100,0.8317360768330259,0.8317360768330259,0.543632,0.9532,0.08317360768330259,-0.4996870826184039,0.0,0.9829699705263157,2500,finite_k3_m_fixed_pi,empirical FDR / nominal alpha
tikz-v1,figure6_supp,fdr_ratio_atlas_r4_c1,$N_{cal}$ by $m$; fixed $\pi_1=0.05$,13,heatmap_cell,standard_conformal_bh,finite_k3,m_fixed_pi,2.6989700043360187,3.0,2.5,2.8494850021680094,2.9,3.0999999999999996,500.0,test batch size $m$,0.1,500,0.05,,25,100,0.8672814733632013,0.8672814733632013,0.565136,0.966,0.08672814733632013,-0.6994040818153374,0.0,0.9833418105263158,2500,finite_k3_m_fixed_pi,empirical FDR / nominal alpha
tikz-v1,figure6_supp,fdr_ratio_atlas_r4_c1,$N_{cal}$ by $m$; fixed $\pi_1=0.05$,13,heatmap_cell,standard_conformal_bh,finite_k3,m_fixed_pi,2.6989700043360187,3.1999999999999997,2.5,2.8494850021680094,3.0999999999999996,3.3,500.0,test batch size $m$,0.1,500,0.05,,25,100,0.744349881583836,0.744349881583836,0.558016,0.9848,0.0744349881583836,-0.8992731873176038,0.0,0.9831434105263157,2500,finite_k3_m_fixed_pi,empirical FDR / nominal alpha
tikz-v1,figure6_supp,fdr_ratio_atlas_r4_c1,$N_{cal}$ by $m$; fixed $\pi_1=0.05$,13,heatmap_cell,standard_conformal_bh,finite_k3,m_fixed_pi,2.6989700043360187,3.4,2.5,2.8494850021680094,3.3,3.5,500.0,test batch size $m$,0.1,500,0.05,,25,100,0.8015826972247334,0.8015826972247334,0.5804,1.0,0.08015826972247335,-1.0991624929285948,0.0,0.9829550821052632,2500,finite_k3_m_fixed_pi,empirical FDR / nominal alpha
tikz-v1,figure6_supp,fdr_ratio_atlas_r4_c1,$N_{cal}$ by $m$; fixed $\pi_1=0.05$,13,heatmap_cell,standard_conformal_bh,finite_k3,m_fixed_pi,2.6989700043360187,3.6,2.5,2.8494850021680094,3.5,3.7,500.0,test batch size $m$,0.1,500,0.05,,25,100,0.9384648416411321,0.9384648416411321,0.605904,0.9996,0.09384648416411322,-1.2990712600274095,0.0,0.9830731452631578,2500,finite_k3_m_fixed_pi,empirical FDR / nominal alpha
tikz-v1,figure6_supp,fdr_ratio_atlas_r4_c1,$N_{cal}$ by $m$; fixed $\pi_1=0.05$,13,heatmap_cell,standard_conformal_bh,finite_k3,m_fixed_pi,2.6989700043360187,3.8,2.5,2.8494850021680094,3.7,3.8999999999999995,500.0,test batch size $m$,0.1,500,0.05,,25,100,0.8993920685805842,0.8993920685805842,0.6024639999999999,1.0,0.08993920685805842,-1.4990681845107945,0.0,0.9829928084210525,2500,finite_k3_m_fixed_pi,empirical FDR / nominal alpha
tikz-v1,figure6_supp,fdr_ratio_atlas_r4_c1,$N_{cal}$ by $m$; fixed $\pi_1=0.05$,13,heatmap_cell,standard_conformal_bh,finite_k3,m_fixed_pi,2.6989700043360187,3.9999999999999996,2.5,2.8494850021680094,3.8999999999999995,4.1,500.0,test batch size $m$,0.1,500,0.05,,25,100,0.924937694930756,0.924937694930756,0.6128319999999999,1.0,0.0924937694930756,-1.6990134316128815,0.0,0.9829286063157895,2500,finite_k3_m_fixed_pi,empirical FDR / nominal alpha
tikz-v1,figure6_supp,fdr_ratio_atlas_r4_c1,$N_{cal}$ by $m$; fixed $\pi_1=0.05$,13,heatmap_cell,standard_conformal_bh,finite_k3,m_fixed_pi,3.0,1.4,2.8494850021680094,3.1505149978319906,1.3,1.5,1000.0,test batch size $m$,0.1,1000,0.05,,25,100,0.0,0.0,0.0,0.0,0.0,0.8860566476931633,1.0,0.9828179957894736,2500,finite_k3_m_fixed_pi,empirical FDR / nominal alpha
tikz-v1,figure6_supp,fdr_ratio_atlas_r4_c1,$N_{cal}$ by $m$; fixed $\pi_1=0.05$,13,heatmap_cell,standard_conformal_bh,finite_k3,m_fixed_pi,3.0,1.6,2.8494850021680094,3.1505149978319906,1.5,1.7,1000.0,test batch size $m$,0.1,1000,0.05,,25,100,0.0,0.0,0.0,0.0,0.0,0.6882461389442457,1.0,0.9832174063157896,2500,finite_k3_m_fixed_pi,empirical FDR / nominal alpha
tikz-v1,figure6_supp,fdr_ratio_atlas_r4_c1,$N_{cal}$ by $m$; fixed $\pi_1=0.05$,13,heatmap_cell,standard_conformal_bh,finite_k3,m_fixed_pi,3.0,1.7999999999999998,2.8494850021680094,3.1505149978319906,1.7,1.9,1000.0,test batch size $m$,0.1,1000,0.05,,25,100,0.0,0.0,0.0,0.0,0.0,0.494850021680094,1.0,0.9829411705263159,2500,finite_k3_m_fixed_pi,empirical FDR / nominal alpha
tikz-v1,figure6_supp,fdr_ratio_atlas_r4_c1,$N_{cal}$ by $m$; fixed $\pi_1=0.05$,13,heatmap_cell,standard_conformal_bh,finite_k3,m_fixed_pi,3.0,2.0,2.8494850021680094,3.1505149978319906,1.9,2.1,1000.0,test batch size $m$,0.1,1000,0.05,,25,100,0.0,0.0,0.0,0.0,0.0,0.2967086218813386,1.0,0.9830991663157894,2500,finite_k3_m_fixed_pi,empirical FDR / nominal alpha
tikz-v1,figure6_supp,fdr_ratio_atlas_r4_c1,$N_{cal}$ by $m$; fixed $\pi_1=0.05$,13,heatmap_cell,standard_conformal_bh,finite_k3,m_fixed_pi,3.0,2.2,2.8494850021680094,3.1505149978319906,2.1,2.3,1000.0,test batch size $m$,0.1,1000,0.05,,25,100,0.216501740521466,0.216501740521466,0.04799200000000001,0.0548,0.0216501740521466,0.09963287134352969,1.0,0.9832145178947369,2500,finite_k3_m_fixed_pi,empirical FDR / nominal alpha
tikz-v1,figure6_supp,fdr_ratio_atlas_r4_c1,$N_{cal}$ by $m$; fixed $\pi_1=0.05$,13,heatmap_cell,standard_conformal_bh,finite_k3,m_fixed_pi,3.0,2.4,2.8494850021680094,3.1505149978319906,2.3,2.5,1000.0,test batch size $m$,0.1,1000,0.05,,25,100,0.8376732219233194,0.8376732219233194,0.327288,0.4356,0.08376732219233195,-0.10037054511756292,0.0,0.9832197221052631,2500,finite_k3_m_fixed_pi,empirical FDR / nominal alpha
tikz-v1,figure6_supp,fdr_ratio_atlas_r4_c1,$N_{cal}$ by $m$; fixed $\pi_1=0.05$,13,heatmap_cell,standard_conformal_bh,finite_k3,m_fixed_pi,3.0,2.6,2.8494850021680094,3.1505149978319906,2.5,2.7,1000.0,test batch size $m$,0.1,1000,0.05,,25,100,0.615542418461066,0.615542418461066,0.3595360000000001,0.5672,0.061554241846106604,-0.2999429000227671,0.0,0.9829632673684209,2500,finite_k3_m_fixed_pi,empirical FDR / nominal alpha
tikz-v1,figure6_supp,fdr_ratio_atlas_r4_c1,$N_{cal}$ by $m$; fixed $\pi_1=0.05$,13,heatmap_cell,standard_conformal_bh,finite_k3,m_fixed_pi,3.0,2.8,2.8494850021680094,3.1505149978319906,2.7,2.9,1000.0,test batch size $m$,0.1,1000,0.05,,25,100,0.9187451517689019,0.9187451517689019,0.546104,0.9156,0.0918745151768902,-0.4996870826184039,0.0,0.9830317389473683,2500,finite_k3_m_fixed_pi,empirical FDR / nominal alpha
tikz-v1,figure6_supp,fdr_ratio_atlas_r4_c1,$N_{cal}$ by $m$; fixed $\pi_1=0.05$,13,heatmap_cell,standard_conformal_bh,finite_k3,m_fixed_pi,3.0,3.0,2.8494850021680094,3.1505149978319906,2.9,3.0999999999999996,1000.0,test batch size $m$,0.1,1000,0.05,,25,100,0.8805021571653338,0.8805021571653338,0.5845359999999998,0.986,0.08805021571653338,-0.6994040818153374,0.0,0.9831433936842106,2500,finite_k3_m_fixed_pi,empirical FDR / nominal alpha
tikz-v1,figure6_supp,fdr_ratio_atlas_r4_c1,$N_{cal}$ by $m$; fixed $\pi_1=0.05$,13,heatmap_cell,standard_conformal_bh,finite_k3,m_fixed_pi,3.0,3.1999999999999997,2.8494850021680094,3.1505149978319906,3.0999999999999996,3.3,1000.0,test batch size $m$,0.1,1000,0.05,,25,100,0.9358727348096616,0.9358727348096616,0.59956,1.0,0.09358727348096617,-0.8992731873176038,0.0,0.9829267873684212,2500,finite_k3_m_fixed_pi,empirical FDR / nominal alpha
tikz-v1,figure6_supp,fdr_ratio_atlas_r4_c1,$N_{cal}$ by $m$; fixed $\pi_1=0.05$,13,heatmap_cell,standard_conformal_bh,finite_k3,m_fixed_pi,3.0,3.4,2.8494850021680094,3.1505149978319906,3.3,3.5,1000.0,test batch size $m$,0.1,1000,0.05,,25,100,0.9057716982492475,0.9057716982492475,0.597328,1.0,0.09057716982492475,-1.0991624929285948,0.0,0.9828423494736842,2500,finite_k3_m_fixed_pi,empirical FDR / nominal alpha
tikz-v1,figure6_supp,fdr_ratio_atlas_r4_c1,$N_{cal}$ by $m$; fixed $\pi_1=0.05$,13,heatmap_cell,standard_conformal_bh,finite_k3,m_fixed_pi,3.0,3.6,2.8494850021680094,3.1505149978319906,3.5,3.7,1000.0,test batch size $m$,0.1,1000,0.05,,25,100,1.0199859442282266,1.0199859442282266,0.622552,1.0,0.10199859442282268,-1.2990712600274095,0.0,0.9829071242105263,2500,finite_k3_m_fixed_pi,empirical FDR / nominal alpha
tikz-v1,figure6_supp,fdr_ratio_atlas_r4_c1,$N_{cal}$ by $m$; fixed $\pi_1=0.05$,13,heatmap_cell,standard_conformal_bh,finite_k3,m_fixed_pi,3.0,3.8,2.8494850021680094,3.1505149978319906,3.7,3.8999999999999995,1000.0,test batch size $m$,0.1,1000,0.05,,25,100,0.9822994134981264,0.9822994134981264,0.61364,1.0,0.09822994134981265,-1.4990681845107945,0.0,0.9829803031578948,2500,finite_k3_m_fixed_pi,empirical FDR / nominal alpha
tikz-v1,figure6_supp,fdr_ratio_atlas_r4_c1,$N_{cal}$ by $m$; fixed $\pi_1=0.05$,13,heatmap_cell,standard_conformal_bh,finite_k3,m_fixed_pi,3.0,3.9999999999999996,2.8494850021680094,3.1505149978319906,3.8999999999999995,4.1,1000.0,test batch size $m$,0.1,1000,0.05,,25,100,0.9905563439437732,0.9905563439437732,0.623848,1.0,0.09905563439437733,-1.6990134316128815,0.0,0.982846652631579,2500,finite_k3_m_fixed_pi,empirical FDR / nominal alpha
tikz-v1,figure6_supp,fdr_ratio_atlas_r4_c1,$N_{cal}$ by $m$; fixed $\pi_1=0.05$,13,heatmap_cell,standard_conformal_bh,finite_k3,m_fixed_pi,3.3010299956639813,1.4,3.1505149978319906,3.451544993495972,1.3,1.5,2000.0,test batch size $m$,0.1,2000,0.05,,25,100,0.0,0.0,0.0,0.0,0.0,0.8860566476931633,1.0,0.9830576799999999,2500,finite_k3_m_fixed_pi,empirical FDR / nominal alpha
tikz-v1,figure6_supp,fdr_ratio_atlas_r4_c1,$N_{cal}$ by $m$; fixed $\pi_1=0.05$,13,heatmap_cell,standard_conformal_bh,finite_k3,m_fixed_pi,3.3010299956639813,1.6,3.1505149978319906,3.451544993495972,1.5,1.7,2000.0,test batch size $m$,0.1,2000,0.05,,25,100,0.0,0.0,0.0,0.0,0.0,0.6882461389442457,1.0,0.9831607768421055,2500,finite_k3_m_fixed_pi,empirical FDR / nominal alpha
tikz-v1,figure6_supp,fdr_ratio_atlas_r4_c1,$N_{cal}$ by $m$; fixed $\pi_1=0.05$,13,heatmap_cell,standard_conformal_bh,finite_k3,m_fixed_pi,3.3010299956639813,1.7999999999999998,3.1505149978319906,3.451544993495972,1.7,1.9,2000.0,test batch size $m$,0.1,2000,0.05,,25,100,0.0,0.0,0.0,0.0,0.0,0.494850021680094,1.0,0.9829504484210527,2500,finite_k3_m_fixed_pi,empirical FDR / nominal alpha
tikz-v1,figure6_supp,fdr_ratio_atlas_r4_c1,$N_{cal}$ by $m$; fixed $\pi_1=0.05$,13,heatmap_cell,standard_conformal_bh,finite_k3,m_fixed_pi,3.3010299956639813,2.0,3.1505149978319906,3.451544993495972,1.9,2.1,2000.0,test batch size $m$,0.1,2000,0.05,,25,100,0.0,0.0,0.0,0.0,0.0,0.2967086218813386,1.0,0.9832463221052632,2500,finite_k3_m_fixed_pi,empirical FDR / nominal alpha
tikz-v1,figure6_supp,fdr_ratio_atlas_r4_c1,$N_{cal}$ by $m$; fixed $\pi_1=0.05$,13,heatmap_cell,standard_conformal_bh,finite_k3,m_fixed_pi,3.3010299956639813,2.2,3.1505149978319906,3.451544993495972,2.1,2.3,2000.0,test batch size $m$,0.1,2000,0.05,,25,100,0.04948914699403347,0.04948914699403347,0.012364000000000002,0.0144,0.004948914699403347,0.09963287134352969,1.0,0.9831526421052633,2500,finite_k3_m_fixed_pi,empirical FDR / nominal alpha
tikz-v1,figure6_supp,fdr_ratio_atlas_r4_c1,$N_{cal}$ by $m$; fixed $\pi_1=0.05$,13,heatmap_cell,standard_conformal_bh,finite_k3,m_fixed_pi,3.3010299956639813,2.4,3.1505149978319906,3.451544993495972,2.3,2.5,2000.0,test batch size $m$,0.1,2000,0.05,,25,100,0.7146902763320173,0.7146902763320173,0.275016,0.3688,0.07146902763320173,-0.10037054511756292,0.0,0.9830194,2500,finite_k3_m_fixed_pi,empirical FDR / nominal alpha
tikz-v1,figure6_supp,fdr_ratio_atlas_r4_c1,$N_{cal}$ by $m$; fixed $\pi_1=0.05$,13,heatmap_cell,standard_conformal_bh,finite_k3,m_fixed_pi,3.3010299956639813,2.6,3.1505149978319906,3.451544993495972,2.5,2.7,2000.0,test batch size $m$,0.1,2000,0.05,,25,100,0.5255185757825145,0.5255185757825145,0.348396,0.5788,0.052551857578251454,-0.2999429000227671,0.0,0.9830733452631579,2500,finite_k3_m_fixed_pi,empirical FDR / nominal alpha
tikz-v1,figure6_supp,fdr_ratio_atlas_r4_c1,$N_{cal}$ by $m$; fixed $\pi_1=0.05$,13,heatmap_cell,standard_conformal_bh,finite_k3,m_fixed_pi,3.3010299956639813,2.8,3.1505149978319906,3.451544993495972,2.7,2.9,2000.0,test batch size $m$,0.1,2000,0.05,,25,100,0.9015219709717365,0.9015219709717365,0.555108,0.9768,0.09015219709717365,-0.4996870826184039,0.0,0.9829933684210526,2500,finite_k3_m_fixed_pi,empirical FDR / nominal alpha
tikz-v1,figure6_supp,fdr_ratio_atlas_r4_c1,$N_{cal}$ by $m$; fixed $\pi_1=0.05$,13,heatmap_cell,standard_conformal_bh,finite_k3,m_fixed_pi,3.3010299956639813,3.0,3.1505149978319906,3.451544993495972,2.9,3.0999999999999996,2000.0,test batch size $m$,0.1,2000,0.05,,25,100,0.7590469982574768,0.7590469982574768,0.541856,0.982,0.07590469982574768,-0.6994040818153374,0.0,0.9829646568421052,2500,finite_k3_m_fixed_pi,empirical FDR / nominal alpha
tikz-v1,figure6_supp,fdr_ratio_atlas_r4_c1,$N_{cal}$ by $m$; fixed $\pi_1=0.05$,13,heatmap_cell,standard_conformal_bh,finite_k3,m_fixed_pi,3.3010299956639813,3.1999999999999997,3.1505149978319906,3.451544993495972,3.0999999999999996,3.3,2000.0,test batch size $m$,0.1,2000,0.05,,25,100,0.9357542205879167,0.9357542205879167,0.586716,0.9952,0.09357542205879167,-0.8992731873176038,0.0,0.9832361810526316,2500,finite_k3_m_fixed_pi,empirical FDR / nominal alpha
tikz-v1,figure6_supp,fdr_ratio_atlas_r4_c1,$N_{cal}$ by $m$; fixed $\pi_1=0.05$,13,heatmap_cell,standard_conformal_bh,finite_k3,m_fixed_pi,3.3010299956639813,3.4,3.1505149978319906,3.451544993495972,3.3,3.5,2000.0,test batch size $m$,0.1,2000,0.05,,25,100,0.8906001242989938,0.8906001242989938,0.602788,1.0,0.08906001242989939,-1.0991624929285948,0.0,0.983188829473684,2500,finite_k3_m_fixed_pi,empirical FDR / nominal alpha
tikz-v1,figure6_supp,fdr_ratio_atlas_r4_c1,$N_{cal}$ by $m$; fixed $\pi_1=0.05$,13,heatmap_cell,standard_conformal_bh,finite_k3,m_fixed_pi,3.3010299956639813,3.6,3.1505149978319906,3.451544993495972,3.5,3.7,2000.0,test batch size $m$,0.1,2000,0.05,,25,100,0.8790728487256061,0.8790728487256061,0.59548,1.0,0.08790728487256061,-1.2990712600274095,0.0,0.9830786063157895,2500,finite_k3_m_fixed_pi,empirical FDR / nominal alpha
tikz-v1,figure6_supp,fdr_ratio_atlas_r4_c1,$N_{cal}$ by $m$; fixed $\pi_1=0.05$,13,heatmap_cell,standard_conformal_bh,finite_k3,m_fixed_pi,3.3010299956639813,3.8,3.1505149978319906,3.451544993495972,3.7,3.8999999999999995,2000.0,test batch size $m$,0.1,2000,0.05,,25,100,0.9710734235422075,0.9710734235422075,0.617484,1.0,0.09710734235422075,-1.4990681845107945,0.0,0.9829952778947368,2500,finite_k3_m_fixed_pi,empirical FDR / nominal alpha
tikz-v1,figure6_supp,fdr_ratio_atlas_r4_c1,$N_{cal}$ by $m$; fixed $\pi_1=0.05$,13,heatmap_cell,standard_conformal_bh,finite_k3,m_fixed_pi,3.3010299956639813,3.9999999999999996,3.1505149978319906,3.451544993495972,3.8999999999999995,4.1,2000.0,test batch size $m$,0.1,2000,0.05,,25,100,0.9089782883698247,0.9089782883698247,0.605028,1.0,0.09089782883698248,-1.6990134316128815,0.0,0.9830544442105263,2500,finite_k3_m_fixed_pi,empirical FDR / nominal alpha
tikz-v1,figure6_supp,fdr_ratio_atlas_r4_c3,$N_{cal}$ by anomaly rate,15,heatmap_cell,standard_conformal_bh,finite_k3,pi1_sweep,-2.3010299956639813,1.4,-2.451544993495972,-2.1505149978319906,1.3,1.5,0.005,anomaly rate $\pi_1$,0.1,1000,0.005,,25,100,0.0,0.0,0.0,0.0,0.0,1.8860566476931633,1.0,0.9829830753768846,2500,finite_k3_pi1_sweep,empirical FDR / nominal alpha
tikz-v1,figure6_supp,fdr_ratio_atlas_r4_c3,$N_{cal}$ by anomaly rate,15,heatmap_cell,standard_conformal_bh,finite_k3,pi1_sweep,-2.3010299956639813,1.6,-2.451544993495972,-2.1505149978319906,1.5,1.7,0.005,anomaly rate $\pi_1$,0.1,1000,0.005,,25,100,0.0,0.0,0.0,0.0,0.0,1.6882461389442458,1.0,0.9832454271356783,2500,finite_k3_pi1_sweep,empirical FDR / nominal alpha
tikz-v1,figure6_supp,fdr_ratio_atlas_r4_c3,$N_{cal}$ by anomaly rate,15,heatmap_cell,standard_conformal_bh,finite_k3,pi1_sweep,-2.3010299956639813,1.7999999999999998,-2.451544993495972,-2.1505149978319906,1.7,1.9,0.005,anomaly rate $\pi_1$,0.1,1000,0.005,,25,100,0.0,0.0,0.0,0.0,0.0,1.494850021680094,1.0,0.982547135678392,2500,finite_k3_pi1_sweep,empirical FDR / nominal alpha
tikz-v1,figure6_supp,fdr_ratio_atlas_r4_c3,$N_{cal}$ by anomaly rate,15,heatmap_cell,standard_conformal_bh,finite_k3,pi1_sweep,-2.3010299956639813,2.0,-2.451544993495972,-2.1505149978319906,1.9,2.1,0.005,anomaly rate $\pi_1$,0.1,1000,0.005,,25,100,0.0,0.0,0.0,0.0,0.0,1.2967086218813386,1.0,0.9839314974874371,2500,finite_k3_pi1_sweep,empirical FDR / nominal alpha
tikz-v1,figure6_supp,fdr_ratio_atlas_r4_c3,$N_{cal}$ by anomaly rate,15,heatmap_cell,standard_conformal_bh,finite_k3,pi1_sweep,-2.3010299956639813,2.2,-2.451544993495972,-2.1505149978319906,2.1,2.3,0.005,anomaly rate $\pi_1$,0.1,1000,0.005,,25,100,0.0,0.0,0.0,0.0,0.0,1.0996328713435297,1.0,0.9839528844221106,2500,finite_k3_pi1_sweep,empirical FDR / nominal alpha
tikz-v1,figure6_supp,fdr_ratio_atlas_r4_c3,$N_{cal}$ by anomaly rate,15,heatmap_cell,standard_conformal_bh,finite_k3,pi1_sweep,-2.3010299956639813,2.4,-2.451544993495972,-2.1505149978319906,2.3,2.5,0.005,anomaly rate $\pi_1$,0.1,1000,0.005,,25,100,0.0,0.0,0.0,0.0,0.0,0.8996294548824371,1.0,0.9833637788944724,2500,finite_k3_pi1_sweep,empirical FDR / nominal alpha
tikz-v1,figure6_supp,fdr_ratio_atlas_r4_c3,$N_{cal}$ by anomaly rate,15,heatmap_cell,standard_conformal_bh,finite_k3,pi1_sweep,-2.3010299956639813,2.6,-2.451544993495972,-2.1505149978319906,2.5,2.7,0.005,anomaly rate $\pi_1$,0.1,1000,0.005,,25,100,0.0,0.0,0.0,0.0,0.0,0.700057099977233,1.0,0.9826990954773868,2500,finite_k3_pi1_sweep,empirical FDR / nominal alpha
tikz-v1,figure6_supp,fdr_ratio_atlas_r4_c3,$N_{cal}$ by anomaly rate,15,heatmap_cell,standard_conformal_bh,finite_k3,pi1_sweep,-2.3010299956639813,2.8,-2.451544993495972,-2.1505149978319906,2.7,2.9,0.005,anomaly rate $\pi_1$,0.1,1000,0.005,,25,100,0.00895,0.00895,0.0010400000000000001,0.0012,0.000895,0.5003129173815962,1.0,0.9822838190954776,2500,finite_k3_pi1_sweep,empirical FDR / nominal alpha
tikz-v1,figure6_supp,fdr_ratio_atlas_r4_c3,$N_{cal}$ by anomaly rate,15,heatmap_cell,standard_conformal_bh,finite_k3,pi1_sweep,-2.3010299956639813,3.0,-2.451544993495972,-2.1505149978319906,2.9,3.0999999999999996,0.005,anomaly rate $\pi_1$,0.1,1000,0.005,,25,100,0.04361818181818182,0.04361818181818182,0.00592,0.0072,0.004361818181818182,0.3005959181846626,1.0,0.9821611256281407,2500,finite_k3_pi1_sweep,empirical FDR / nominal alpha
tikz-v1,figure6_supp,fdr_ratio_atlas_r4_c3,$N_{cal}$ by anomaly rate,15,heatmap_cell,standard_conformal_bh,finite_k3,pi1_sweep,-2.3010299956639813,3.1999999999999997,-2.451544993495972,-2.1505149978319906,3.0999999999999996,3.3,0.005,anomaly rate $\pi_1$,0.1,1000,0.005,,25,100,0.08125238095238096,0.08125238095238096,0.0116,0.016,0.008125238095238097,0.10072681268239621,1.0,0.9828151155778895,2500,finite_k3_pi1_sweep,empirical FDR / nominal alpha
tikz-v1,figure6_supp,fdr_ratio_atlas_r4_c3,$N_{cal}$ by anomaly rate,15,heatmap_cell,standard_conformal_bh,finite_k3,pi1_sweep,-2.3010299956639813,3.4,-2.451544993495972,-2.1505149978319906,3.3,3.5,0.005,anomaly rate $\pi_1$,0.1,1000,0.005,,25,100,0.3107357142857142,0.3107357142857142,0.07144,0.11,0.031073571428571426,-0.09916249292859479,0.0,0.9835466130653268,2500,finite_k3_pi1_sweep,empirical FDR / nominal alpha
tikz-v1,figure6_supp,fdr_ratio_atlas_r4_c3,$N_{cal}$ by anomaly rate,15,heatmap_cell,standard_conformal_bh,finite_k3,pi1_sweep,-2.3010299956639813,3.6,-2.451544993495972,-2.1505149978319906,3.5,3.7,0.005,anomaly rate $\pi_1$,0.1,1000,0.005,,25,100,0.3854246753246753,0.3854246753246753,0.1276,0.2208,0.03854246753246753,-0.2990712600274095,0.0,0.98342416080402,2500,finite_k3_pi1_sweep,empirical FDR / nominal alpha
tikz-v1,figure6_supp,fdr_ratio_atlas_r4_c3,$N_{cal}$ by anomaly rate,15,heatmap_cell,standard_conformal_bh,finite_k3,pi1_sweep,-2.3010299956639813,3.8,-2.451544993495972,-2.1505149978319906,3.7,3.8999999999999995,0.005,anomaly rate $\pi_1$,0.1,1000,0.005,,25,100,0.547639072039072,0.547639072039072,0.1868,0.384,0.054763907203907204,-0.4990681845107945,0.0,0.9837942512562815,2500,finite_k3_pi1_sweep,empirical FDR / nominal alpha
tikz-v1,figure6_supp,fdr_ratio_atlas_r4_c3,$N_{cal}$ by anomaly rate,15,heatmap_cell,standard_conformal_bh,finite_k3,pi1_sweep,-2.3010299956639813,3.9999999999999996,-2.451544993495972,-2.1505149978319906,3.8999999999999995,4.1,0.005,anomaly rate $\pi_1$,0.1,1000,0.005,,25,100,1.089715873015873,1.089715873015873,0.30864,0.7524,0.1089715873015873,-0.6990134316128814,0.0,0.9831783718592964,2500,finite_k3_pi1_sweep,empirical FDR / nominal alpha
tikz-v1,figure6_supp,fdr_ratio_atlas_r4_c3,$N_{cal}$ by anomaly rate,15,heatmap_cell,standard_conformal_bh,finite_k3,pi1_sweep,-2.0,1.4,-2.1505149978319906,-1.8494850021680094,1.3,1.5,0.01,anomaly rate $\pi_1$,0.1,1000,0.01,,25,100,0.0,0.0,0.0,0.0,0.0,1.585026652029182,1.0,0.9832015353535353,2500,finite_k3_pi1_sweep,empirical FDR / nominal alpha
tikz-v1,figure6_supp,fdr_ratio_atlas_r4_c3,$N_{cal}$ by anomaly rate,15,heatmap_cell,standard_conformal_bh,finite_k3,pi1_sweep,-2.0,1.6,-2.1505149978319906,-1.8494850021680094,1.5,1.7,0.01,anomaly rate $\pi_1$,0.1,1000,0.01,,25,100,0.0,0.0,0.0,0.0,0.0,1.3872161432802645,1.0,0.9832235959595961,2500,finite_k3_pi1_sweep,empirical FDR / nominal alpha
tikz-v1,figure6_supp,fdr_ratio_atlas_r4_c3,$N_{cal}$ by anomaly rate,15,heatmap_cell,standard_conformal_bh,finite_k3,pi1_sweep,-2.0,1.7999999999999998,-2.1505149978319906,-1.8494850021680094,1.7,1.9,0.01,anomaly rate $\pi_1$,0.1,1000,0.01,,25,100,0.0,0.0,0.0,0.0,0.0,1.193820026016113,1.0,0.9829772929292929,2500,finite_k3_pi1_sweep,empirical FDR / nominal alpha
tikz-v1,figure6_supp,fdr_ratio_atlas_r4_c3,$N_{cal}$ by anomaly rate,15,heatmap_cell,standard_conformal_bh,finite_k3,pi1_sweep,-2.0,2.0,-2.1505149978319906,-1.8494850021680094,1.9,2.1,0.01,anomaly rate $\pi_1$,0.1,1000,0.01,,25,100,0.0,0.0,0.0,0.0,0.0,0.9956786262173575,1.0,0.9833985050505049,2500,finite_k3_pi1_sweep,empirical FDR / nominal alpha
tikz-v1,figure6_supp,fdr_ratio_atlas_r4_c3,$N_{cal}$ by anomaly rate,15,heatmap_cell,standard_conformal_bh,finite_k3,pi1_sweep,-2.0,2.2,-2.1505149978319906,-1.8494850021680094,2.1,2.3,0.01,anomaly rate $\pi_1$,0.1,1000,0.01,,25,100,0.0,0.0,0.0,0.0,0.0,0.7986028756795486,1.0,0.9827177373737374,2500,finite_k3_pi1_sweep,empirical FDR / nominal alpha
tikz-v1,figure6_supp,fdr_ratio_atlas_r4_c3,$N_{cal}$ by anomaly rate,15,heatmap_cell,standard_conformal_bh,finite_k3,pi1_sweep,-2.0,2.4,-2.1505149978319906,-1.8494850021680094,2.3,2.5,0.01,anomaly rate $\pi_1$,0.1,1000,0.01,,25,100,0.0,0.0,0.0,0.0,0.0,0.5985994592184559,1.0,0.9832130101010101,2500,finite_k3_pi1_sweep,empirical FDR / nominal alpha
tikz-v1,figure6_supp,fdr_ratio_atlas_r4_c3,$N_{cal}$ by anomaly rate,15,heatmap_cell,standard_conformal_bh,finite_k3,pi1_sweep,-2.0,2.6,-2.1505149978319906,-1.8494850021680094,2.5,2.7,0.01,anomaly rate $\pi_1$,0.1,1000,0.01,,25,100,0.0,0.0,0.0,0.0,0.0,0.3990271043132517,1.0,0.9837508686868685,2500,finite_k3_pi1_sweep,empirical FDR / nominal alpha
tikz-v1,figure6_supp,fdr_ratio_atlas_r4_c3,$N_{cal}$ by anomaly rate,15,heatmap_cell,standard_conformal_bh,finite_k3,pi1_sweep,-2.0,2.8,-2.1505149978319906,-1.8494850021680094,2.7,2.9,0.01,anomaly rate $\pi_1$,0.1,1000,0.01,,25,100,0.4008418473007156,0.4008418473007156,0.051519999999999996,0.0668,0.04008418473007156,0.199282921717615,1.0,0.9830261818181818,2500,finite_k3_pi1_sweep,empirical FDR / nominal alpha
tikz-v1,figure6_supp,fdr_ratio_atlas_r4_c3,$N_{cal}$ by anomaly rate,15,heatmap_cell,standard_conformal_bh,finite_k3,pi1_sweep,-2.0,3.0,-2.1505149978319906,-1.8494850021680094,2.9,3.0999999999999996,0.01,anomaly rate $\pi_1$,0.1,1000,0.01,,25,100,0.1688743256743257,0.1688743256743257,0.03772,0.052,0.01688743256743257,-0.00043407747931862597,0.0,0.9831610505050504,2500,finite_k3_pi1_sweep,empirical FDR / nominal alpha
tikz-v1,figure6_supp,fdr_ratio_atlas_r4_c3,$N_{cal}$ by anomaly rate,15,heatmap_cell,standard_conformal_bh,finite_k3,pi1_sweep,-2.0,3.1999999999999997,-2.1505149978319906,-1.8494850021680094,3.0999999999999996,3.3,0.01,anomaly rate $\pi_1$,0.1,1000,0.01,,25,100,0.5748201574139654,0.5748201574139654,0.139,0.2228,0.057482015741396546,-0.20030318298158498,0.0,0.9830757171717173,2500,finite_k3_pi1_sweep,empirical FDR / nominal alpha
tikz-v1,figure6_supp,fdr_ratio_atlas_r4_c3,$N_{cal}$ by anomaly rate,15,heatmap_cell,standard_conformal_bh,finite_k3,pi1_sweep,-2.0,3.4,-2.1505149978319906,-1.8494850021680094,3.3,3.5,0.01,anomaly rate $\pi_1$,0.1,1000,0.01,,25,100,0.627298729048729,0.627298729048729,0.21771999999999997,0.4392,0.0627298729048729,-0.400192488592576,0.0,0.9830906666666666,2500,finite_k3_pi1_sweep,empirical FDR / nominal alpha
tikz-v1,figure6_supp,fdr_ratio_atlas_r4_c3,$N_{cal}$ by anomaly rate,15,heatmap_cell,standard_conformal_bh,finite_k3,pi1_sweep,-2.0,3.6,-2.1505149978319906,-1.8494850021680094,3.5,3.7,0.01,anomaly rate $\pi_1$,0.1,1000,0.01,,25,100,0.6572385281385281,0.6572385281385281,0.25772,0.5808,0.06572385281385282,-0.6001012556913907,0.0,0.9834549090909092,2500,finite_k3_pi1_sweep,empirical FDR / nominal alpha
tikz-v1,figure6_supp,fdr_ratio_atlas_r4_c3,$N_{cal}$ by anomaly rate,15,heatmap_cell,standard_conformal_bh,finite_k3,pi1_sweep,-2.0,3.8,-2.1505149978319906,-1.8494850021680094,3.7,3.8999999999999995,0.01,anomaly rate $\pi_1$,0.1,1000,0.01,,25,100,0.8381915972915973,0.8381915972915973,0.32095999999999997,0.7576,0.08381915972915974,-0.8000981801747756,0.0,0.9827869494949495,2500,finite_k3_pi1_sweep,empirical FDR / nominal alpha
tikz-v1,figure6_supp,fdr_ratio_atlas_r4_c3,$N_{cal}$ by anomaly rate,15,heatmap_cell,standard_conformal_bh,finite_k3,pi1_sweep,-2.0,3.9999999999999996,-2.1505149978319906,-1.8494850021680094,3.8999999999999995,4.1,0.01,anomaly rate $\pi_1$,0.1,1000,0.01,,25,100,1.0432941946941947,1.0432941946941947,0.38132,0.9432,0.10432941946941947,-1.0000434272768626,0.0,0.982492686868687,2500,finite_k3_pi1_sweep,empirical FDR / nominal alpha
tikz-v1,figure6_supp,fdr_ratio_atlas_r4_c3,$N_{cal}$ by anomaly rate,15,heatmap_cell,standard_conformal_bh,finite_k3,pi1_sweep,-1.6989700043360187,1.4,-1.8494850021680094,-1.5,1.3,1.5,0.02,anomaly rate $\pi_1$,0.1,1000,0.02,,25,100,0.0,0.0,0.0,0.0,0.0,1.2839966563652008,1.0,0.9831276122448981,2500,finite_k3_pi1_sweep,empirical FDR / nominal alpha
tikz-v1,figure6_supp,fdr_ratio_atlas_r4_c3,$N_{cal}$ by anomaly rate,15,heatmap_cell,standard_conformal_bh,finite_k3,pi1_sweep,-1.6989700043360187,1.6,-1.8494850021680094,-1.5,1.5,1.7,0.02,anomaly rate $\pi_1$,0.1,1000,0.02,,25,100,0.0,0.0,0.0,0.0,0.0,1.0861861476162833,1.0,0.9830630204081634,2500,finite_k3_pi1_sweep,empirical FDR / nominal alpha
tikz-v1,figure6_supp,fdr_ratio_atlas_r4_c3,$N_{cal}$ by anomaly rate,15,heatmap_cell,standard_conformal_bh,finite_k3,pi1_sweep,-1.6989700043360187,1.7999999999999998,-1.8494850021680094,-1.5,1.7,1.9,0.02,anomaly rate $\pi_1$,0.1,1000,0.02,,25,100,0.0,0.0,0.0,0.0,0.0,0.8927900303521317,1.0,0.9830652448979592,2500,finite_k3_pi1_sweep,empirical FDR / nominal alpha
tikz-v1,figure6_supp,fdr_ratio_atlas_r4_c3,$N_{cal}$ by anomaly rate,15,heatmap_cell,standard_conformal_bh,finite_k3,pi1_sweep,-1.6989700043360187,2.0,-1.8494850021680094,-1.5,1.9,2.1,0.02,anomaly rate $\pi_1$,0.1,1000,0.02,,25,100,0.0,0.0,0.0,0.0,0.0,0.6946486305533762,1.0,0.9829012857142858,2500,finite_k3_pi1_sweep,empirical FDR / nominal alpha
tikz-v1,figure6_supp,fdr_ratio_atlas_r4_c3,$N_{cal}$ by anomaly rate,15,heatmap_cell,standard_conformal_bh,finite_k3,pi1_sweep,-1.6989700043360187,2.2,-1.8494850021680094,-1.5,2.1,2.3,0.02,anomaly rate $\pi_1$,0.1,1000,0.02,,25,100,0.0,0.0,0.0,0.0,0.0,0.4975728800155673,1.0,0.9832685510204082,2500,finite_k3_pi1_sweep,empirical FDR / nominal alpha
tikz-v1,figure6_supp,fdr_ratio_atlas_r4_c3,$N_{cal}$ by anomaly rate,15,heatmap_cell,standard_conformal_bh,finite_k3,pi1_sweep,-1.6989700043360187,2.4,-1.8494850021680094,-1.5,2.3,2.5,0.02,anomaly rate $\pi_1$,0.1,1000,0.02,,25,100,0.0022999999999999995,0.0022999999999999995,0.00033999999999999997,0.0004,0.00022999999999999998,0.29756946355447467,1.0,0.983299918367347,2500,finite_k3_pi1_sweep,empirical FDR / nominal alpha
tikz-v1,figure6_supp,fdr_ratio_atlas_r4_c3,$N_{cal}$ by anomaly rate,15,heatmap_cell,standard_conformal_bh,finite_k3,pi1_sweep,-1.6989700043360187,2.6,-1.8494850021680094,-1.5,2.5,2.7,0.02,anomaly rate $\pi_1$,0.1,1000,0.02,,25,100,0.09949402185223687,0.09949402185223687,0.01896,0.0236,0.009949402185223687,0.09799710864927055,1.0,0.9829400204081634,2500,finite_k3_pi1_sweep,empirical FDR / nominal alpha
tikz-v1,figure6_supp,fdr_ratio_atlas_r4_c3,$N_{cal}$ by anomaly rate,15,heatmap_cell,standard_conformal_bh,finite_k3,pi1_sweep,-1.6989700043360187,2.8,-1.8494850021680094,-1.5,2.7,2.9,0.02,anomaly rate $\pi_1$,0.1,1000,0.02,,25,100,0.36683347169170694,0.36683347169170694,0.11168000000000002,0.1624,0.036683347169170696,-0.10174707394636621,0.0,0.9829556530612245,2500,finite_k3_pi1_sweep,empirical FDR / nominal alpha
tikz-v1,figure6_supp,fdr_ratio_atlas_r4_c3,$N_{cal}$ by anomaly rate,15,heatmap_cell,standard_conformal_bh,finite_k3,pi1_sweep,-1.6989700043360187,3.0,-1.8494850021680094,-1.5,2.9,3.0999999999999996,0.02,anomaly rate $\pi_1$,0.1,1000,0.02,,25,100,0.6412248714503963,0.6412248714503963,0.2564,0.4532,0.06412248714503964,-0.3014640731432998,0.0,0.9826887142857144,2500,finite_k3_pi1_sweep,empirical FDR / nominal alpha
tikz-v1,figure6_supp,fdr_ratio_atlas_r4_c3,$N_{cal}$ by anomaly rate,15,heatmap_cell,standard_conformal_bh,finite_k3,pi1_sweep,-1.6989700043360187,3.1999999999999997,-1.8494850021680094,-1.5,3.0999999999999996,3.3,0.02,anomaly rate $\pi_1$,0.1,1000,0.02,,25,100,0.6917994498838084,0.6917994498838084,0.31878,0.6372,0.06917994498838084,-0.5013331786455661,0.0,0.9829033673469388,2500,finite_k3_pi1_sweep,empirical FDR / nominal alpha
tikz-v1,figure6_supp,fdr_ratio_atlas_r4_c3,$N_{cal}$ by anomaly rate,15,heatmap_cell,standard_conformal_bh,finite_k3,pi1_sweep,-1.6989700043360187,3.4,-1.8494850021680094,-1.5,3.3,3.5,0.02,anomaly rate $\pi_1$,0.1,1000,0.02,,25,100,1.113275842343893,1.113275842343893,0.4717,0.9288,0.11132758423438932,-0.7012224842565572,0.0,0.9830796326530612,2500,finite_k3_pi1_sweep,empirical FDR / nominal alpha
tikz-v1,figure6_supp,fdr_ratio_atlas_r4_c3,$N_{cal}$ by anomaly rate,15,heatmap_cell,standard_conformal_bh,finite_k3,pi1_sweep,-1.6989700043360187,3.6,-1.8494850021680094,-1.5,3.5,3.7,0.02,anomaly rate $\pi_1$,0.1,1000,0.02,,25,100,0.7979298979448932,0.7979298979448932,0.40558,0.898,0.07979298979448933,-0.901131251355372,0.0,0.9828495102040815,2500,finite_k3_pi1_sweep,empirical FDR / nominal alpha
tikz-v1,figure6_supp,fdr_ratio_atlas_r4_c3,$N_{cal}$ by anomaly rate,15,heatmap_cell,standard_conformal_bh,finite_k3,pi1_sweep,-1.6989700043360187,3.8,-1.8494850021680094,-1.5,3.7,3.8999999999999995,0.02,anomaly rate $\pi_1$,0.1,1000,0.02,,25,100,0.884792498078939,0.884792498078939,0.43904,0.9728,0.0884792498078939,-1.1011281758387568,0.0,0.9833948367346941,2500,finite_k3_pi1_sweep,empirical FDR / nominal alpha
tikz-v1,figure6_supp,fdr_ratio_atlas_r4_c3,$N_{cal}$ by anomaly rate,15,heatmap_cell,standard_conformal_bh,finite_k3,pi1_sweep,-1.6989700043360187,3.9999999999999996,-1.8494850021680094,-1.5,3.8999999999999995,4.1,0.02,anomaly rate $\pi_1$,0.1,1000,0.02,,25,100,1.0128667904551736,1.0128667904551736,0.4739,0.9972,0.10128667904551737,-1.3010734229408438,0.0,0.9832726530612245,2500,finite_k3_pi1_sweep,empirical FDR / nominal alpha
tikz-v1,figure6_supp,fdr_ratio_atlas_r4_c3,$N_{cal}$ by anomaly rate,15,heatmap_cell,standard_conformal_bh,finite_k3,pi1_sweep,-1.3010299956639813,1.4,-1.5,-1.1505149978319906,1.3,1.5,0.05,anomaly rate $\pi_1$,0.1,1000,0.05,,25,100,0.0,0.0,0.0,0.0,0.0,0.8860566476931633,1.0,0.9830579284210526,2500,finite_k3_pi1_sweep,empirical FDR / nominal alpha
tikz-v1,figure6_supp,fdr_ratio_atlas_r4_c3,$N_{cal}$ by anomaly rate,15,heatmap_cell,standard_conformal_bh,finite_k3,pi1_sweep,-1.3010299956639813,1.6,-1.5,-1.1505149978319906,1.5,1.7,0.05,anomaly rate $\pi_1$,0.1,1000,0.05,,25,100,0.0,0.0,0.0,0.0,0.0,0.6882461389442457,1.0,0.9831621557894736,2500,finite_k3_pi1_sweep,empirical FDR / nominal alpha
tikz-v1,figure6_supp,fdr_ratio_atlas_r4_c3,$N_{cal}$ by anomaly rate,15,heatmap_cell,standard_conformal_bh,finite_k3,pi1_sweep,-1.3010299956639813,1.7999999999999998,-1.5,-1.1505149978319906,1.7,1.9,0.05,anomaly rate $\pi_1$,0.1,1000,0.05,,25,100,0.0,0.0,0.0,0.0,0.0,0.494850021680094,1.0,0.9830162778947368,2500,finite_k3_pi1_sweep,empirical FDR / nominal alpha
tikz-v1,figure6_supp,fdr_ratio_atlas_r4_c3,$N_{cal}$ by anomaly rate,15,heatmap_cell,standard_conformal_bh,finite_k3,pi1_sweep,-1.3010299956639813,2.0,-1.5,-1.1505149978319906,1.9,2.1,0.05,anomaly rate $\pi_1$,0.1,1000,0.05,,25,100,0.015493047656578138,0.015493047656578138,0.0025839999999999995,0.0028,0.0015493047656578139,0.2967086218813386,1.0,0.9830177768421052,2500,finite_k3_pi1_sweep,empirical FDR / nominal alpha
tikz-v1,figure6_supp,fdr_ratio_atlas_r4_c3,$N_{cal}$ by anomaly rate,15,heatmap_cell,standard_conformal_bh,finite_k3,pi1_sweep,-1.3010299956639813,2.2,-1.5,-1.1505149978319906,2.1,2.3,0.05,anomaly rate $\pi_1$,0.1,1000,0.05,,25,100,0.196827606127094,0.196827606127094,0.047400000000000005,0.0548,0.0196827606127094,0.09963287134352969,1.0,0.9831536168421053,2500,finite_k3_pi1_sweep,empirical FDR / nominal alpha
tikz-v1,figure6_supp,fdr_ratio_atlas_r4_c3,$N_{cal}$ by anomaly rate,15,heatmap_cell,standard_conformal_bh,finite_k3,pi1_sweep,-1.3010299956639813,2.4,-1.5,-1.1505149978319906,2.3,2.5,0.05,anomaly rate $\pi_1$,0.1,1000,0.05,,25,100,0.29212226317956697,0.29212226317956697,0.12191199999999999,0.1648,0.029212226317956697,-0.10037054511756292,0.0,0.9830235031578948,2500,finite_k3_pi1_sweep,empirical FDR / nominal alpha
tikz-v1,figure6_supp,fdr_ratio_atlas_r4_c3,$N_{cal}$ by anomaly rate,15,heatmap_cell,standard_conformal_bh,finite_k3,pi1_sweep,-1.3010299956639813,2.6,-1.5,-1.1505149978319906,2.5,2.7,0.05,anomaly rate $\pi_1$,0.1,1000,0.05,,25,100,0.6172500410576418,0.6172500410576418,0.338744,0.5284,0.06172500410576418,-0.2999429000227671,0.0,0.9832623410526315,2500,finite_k3_pi1_sweep,empirical FDR / nominal alpha
tikz-v1,figure6_supp,fdr_ratio_atlas_r4_c3,$N_{cal}$ by anomaly rate,15,heatmap_cell,standard_conformal_bh,finite_k3,pi1_sweep,-1.3010299956639813,2.8,-1.5,-1.1505149978319906,2.7,2.9,0.05,anomaly rate $\pi_1$,0.1,1000,0.05,,25,100,0.6313543879475162,0.6313543879475162,0.49724799999999997,0.9216,0.06313543879475163,-0.4996870826184039,0.0,0.9827696168421053,2500,finite_k3_pi1_sweep,empirical FDR / nominal alpha
tikz-v1,figure6_supp,fdr_ratio_atlas_r4_c3,$N_{cal}$ by anomaly rate,15,heatmap_cell,standard_conformal_bh,finite_k3,pi1_sweep,-1.3010299956639813,3.0,-1.5,-1.1505149978319906,2.9,3.0999999999999996,0.05,anomaly rate $\pi_1$,0.1,1000,0.05,,25,100,0.9452068609324629,0.9452068609324629,0.5788160000000001,0.9848,0.09452068609324629,-0.6994040818153374,0.0,0.9828680084210526,2500,finite_k3_pi1_sweep,empirical FDR / nominal alpha
tikz-v1,figure6_supp,fdr_ratio_atlas_r4_c3,$N_{cal}$ by anomaly rate,15,heatmap_cell,standard_conformal_bh,finite_k3,pi1_sweep,-1.3010299956639813,3.1999999999999997,-1.5,-1.1505149978319906,3.0999999999999996,3.3,0.05,anomaly rate $\pi_1$,0.1,1000,0.05,,25,100,0.7435526219657359,0.7435526219657359,0.5624480000000001,0.9992,0.0743552621965736,-0.8992731873176038,0.0,0.9828952505263158,2500,finite_k3_pi1_sweep,empirical FDR / nominal alpha
tikz-v1,figure6_supp,fdr_ratio_atlas_r4_c3,$N_{cal}$ by anomaly rate,15,heatmap_cell,standard_conformal_bh,finite_k3,pi1_sweep,-1.3010299956639813,3.4,-1.5,-1.1505149978319906,3.3,3.5,0.05,anomaly rate $\pi_1$,0.1,1000,0.05,,25,100,1.0162571410275794,1.0162571410275794,0.613712,0.9992,0.10162571410275793,-1.0991624929285948,0.0,0.983103797894737,2500,finite_k3_pi1_sweep,empirical FDR / nominal alpha
tikz-v1,figure6_supp,fdr_ratio_atlas_r4_c3,$N_{cal}$ by anomaly rate,15,heatmap_cell,standard_conformal_bh,finite_k3,pi1_sweep,-1.3010299956639813,3.6,-1.5,-1.1505149978319906,3.5,3.7,0.05,anomaly rate $\pi_1$,0.1,1000,0.05,,25,100,0.96134164048947,0.96134164048947,0.6112639999999999,1.0,0.09613416404894701,-1.2990712600274095,0.0,0.9830019536842105,2500,finite_k3_pi1_sweep,empirical FDR / nominal alpha
tikz-v1,figure6_supp,fdr_ratio_atlas_r4_c3,$N_{cal}$ by anomaly rate,15,heatmap_cell,standard_conformal_bh,finite_k3,pi1_sweep,-1.3010299956639813,3.8,-1.5,-1.1505149978319906,3.7,3.8999999999999995,0.05,anomaly rate $\pi_1$,0.1,1000,0.05,,25,100,0.9921963756928023,0.9921963756928023,0.623896,1.0,0.09921963756928023,-1.4990681845107945,0.0,0.9831231494736843,2500,finite_k3_pi1_sweep,empirical FDR / nominal alpha
tikz-v1,figure6_supp,fdr_ratio_atlas_r4_c3,$N_{cal}$ by anomaly rate,15,heatmap_cell,standard_conformal_bh,finite_k3,pi1_sweep,-1.3010299956639813,3.9999999999999996,-1.5,-1.1505149978319906,3.8999999999999995,4.1,0.05,anomaly rate $\pi_1$,0.1,1000,0.05,,25,100,0.9367341531515717,0.9367341531515717,0.6186,1.0,0.09367341531515717,-1.6990134316128815,0.0,0.9834775747368422,2500,finite_k3_pi1_sweep,empirical FDR / nominal alpha
tikz-v1,figure6_supp,fdr_ratio_atlas_r4_c3,$N_{cal}$ by anomaly rate,15,heatmap_cell,standard_conformal_bh,finite_k3,pi1_sweep,-1.0,1.4,-1.1505149978319906,-0.8494850021680094,1.3,1.5,0.1,anomaly rate $\pi_1$,0.1,1000,0.1,,25,100,0.0,0.0,0.0,0.0,0.0,0.585026652029182,1.0,0.9829492577777778,2500,finite_k3_pi1_sweep,empirical FDR / nominal alpha
tikz-v1,figure6_supp,fdr_ratio_atlas_r4_c3,$N_{cal}$ by anomaly rate,15,heatmap_cell,standard_conformal_bh,finite_k3,pi1_sweep,-1.0,1.6,-1.1505149978319906,-0.8494850021680094,1.5,1.7,0.1,anomaly rate $\pi_1$,0.1,1000,0.1,,25,100,0.0,0.0,0.0,0.0,0.0,0.3872161432802645,1.0,0.9831723555555556,2500,finite_k3_pi1_sweep,empirical FDR / nominal alpha
tikz-v1,figure6_supp,fdr_ratio_atlas_r4_c3,$N_{cal}$ by anomaly rate,15,heatmap_cell,standard_conformal_bh,finite_k3,pi1_sweep,-1.0,1.7999999999999998,-1.1505149978319906,-0.8494850021680094,1.7,1.9,0.1,anomaly rate $\pi_1$,0.1,1000,0.1,,25,100,0.0,0.0,0.0,0.0,0.0,0.19382002601611284,1.0,0.9828940088888889,2500,finite_k3_pi1_sweep,empirical FDR / nominal alpha
tikz-v1,figure6_supp,fdr_ratio_atlas_r4_c3,$N_{cal}$ by anomaly rate,15,heatmap_cell,standard_conformal_bh,finite_k3,pi1_sweep,-1.0,2.0,-1.1505149978319906,-0.8494850021680094,1.9,2.1,0.1,anomaly rate $\pi_1$,0.1,1000,0.1,,25,100,0.4617610531359066,0.4617610531359066,0.177844,0.2064,0.04617610531359066,-0.004321373782642578,0.0,0.9830246088888889,2500,finite_k3_pi1_sweep,empirical FDR / nominal alpha
tikz-v1,figure6_supp,fdr_ratio_atlas_r4_c3,$N_{cal}$ by anomaly rate,15,heatmap_cell,standard_conformal_bh,finite_k3,pi1_sweep,-1.0,2.2,-1.1505149978319906,-0.8494850021680094,2.1,2.3,0.1,anomaly rate $\pi_1$,0.1,1000,0.1,,25,100,0.4684135395416944,0.4684135395416944,0.39358,0.5576,0.04684135395416944,-0.2013971243204515,0.0,0.983114648888889,2500,finite_k3_pi1_sweep,empirical FDR / nominal alpha
tikz-v1,figure6_supp,fdr_ratio_atlas_r4_c3,$N_{cal}$ by anomaly rate,15,heatmap_cell,standard_conformal_bh,finite_k3,pi1_sweep,-1.0,2.4,-1.1505149978319906,-0.8494850021680094,2.3,2.5,0.1,anomaly rate $\pi_1$,0.1,1000,0.1,,25,100,0.8005105977169388,0.8005105977169388,0.608584,0.9088,0.08005105977169388,-0.40140054078154414,0.0,0.9828530755555556,2500,finite_k3_pi1_sweep,empirical FDR / nominal alpha
tikz-v1,figure6_supp,fdr_ratio_atlas_r4_c3,$N_{cal}$ by anomaly rate,15,heatmap_cell,standard_conformal_bh,finite_k3,pi1_sweep,-1.0,2.6,-1.1505149978319906,-0.8494850021680094,2.5,2.7,0.1,anomaly rate $\pi_1$,0.1,1000,0.1,,25,100,0.7982578766081786,0.7982578766081786,0.6646479999999999,0.9936,0.07982578766081787,-0.6009728956867483,0.0,0.9830548444444442,2500,finite_k3_pi1_sweep,empirical FDR / nominal alpha
tikz-v1,figure6_supp,fdr_ratio_atlas_r4_c3,$N_{cal}$ by anomaly rate,15,heatmap_cell,standard_conformal_bh,finite_k3,pi1_sweep,-1.0,2.8,-1.1505149978319906,-0.8494850021680094,2.7,2.9,0.1,anomaly rate $\pi_1$,0.1,1000,0.1,,25,100,0.7603260224911924,0.7603260224911924,0.669716,1.0,0.07603260224911924,-0.800717078282385,0.0,0.9829594266666667,2500,finite_k3_pi1_sweep,empirical FDR / nominal alpha
tikz-v1,figure6_supp,fdr_ratio_atlas_r4_c3,$N_{cal}$ by anomaly rate,15,heatmap_cell,standard_conformal_bh,finite_k3,pi1_sweep,-1.0,3.0,-1.1505149978319906,-0.8494850021680094,2.9,3.0999999999999996,0.1,anomaly rate $\pi_1$,0.1,1000,0.1,,25,100,0.8607995475358788,0.8607995475358788,0.705588,1.0,0.08607995475358789,-1.0004340774793186,0.0,0.9831350177777778,2500,finite_k3_pi1_sweep,empirical FDR / nominal alpha
tikz-v1,figure6_supp,fdr_ratio_atlas_r4_c3,$N_{cal}$ by anomaly rate,15,heatmap_cell,standard_conformal_bh,finite_k3,pi1_sweep,-1.0,3.1999999999999997,-1.1505149978319906,-0.8494850021680094,3.0999999999999996,3.3,0.1,anomaly rate $\pi_1$,0.1,1000,0.1,,25,100,0.8202982372323897,0.8202982372323897,0.6990599999999999,1.0,0.08202982372323897,-1.200303182981585,0.0,0.9830261333333333,2500,finite_k3_pi1_sweep,empirical FDR / nominal alpha
tikz-v1,figure6_supp,fdr_ratio_atlas_r4_c3,$N_{cal}$ by anomaly rate,15,heatmap_cell,standard_conformal_bh,finite_k3,pi1_sweep,-1.0,3.4,-1.1505149978319906,-0.8494850021680094,3.3,3.5,0.1,anomaly rate $\pi_1$,0.1,1000,0.1,,25,100,0.8705501307173188,0.8705501307173188,0.71244,1.0,0.08705501307173188,-1.400192488592576,0.0,0.9829223822222222,2500,finite_k3_pi1_sweep,empirical FDR / nominal alpha
tikz-v1,figure6_supp,fdr_ratio_atlas_r4_c3,$N_{cal}$ by anomaly rate,15,heatmap_cell,standard_conformal_bh,finite_k3,pi1_sweep,-1.0,3.6,-1.1505149978319906,-0.8494850021680094,3.5,3.7,0.1,anomaly rate $\pi_1$,0.1,1000,0.1,,25,100,0.8854675998986891,0.8854675998986891,0.7194799999999999,1.0,0.08854675998986891,-1.6001012556913907,0.0,0.9830959911111109,2500,finite_k3_pi1_sweep,empirical FDR / nominal alpha
tikz-v1,figure6_supp,fdr_ratio_atlas_r4_c3,$N_{cal}$ by anomaly rate,15,heatmap_cell,standard_conformal_bh,finite_k3,pi1_sweep,-1.0,3.8,-1.1505149978319906,-0.8494850021680094,3.7,3.8999999999999995,0.1,anomaly rate $\pi_1$,0.1,1000,0.1,,25,100,0.8872467263378512,0.8872467263378512,0.716844,1.0,0.08872467263378513,-1.8000981801747757,0.0,0.9829052533333331,2500,finite_k3_pi1_sweep,empirical FDR / nominal alpha
tikz-v1,figure6_supp,fdr_ratio_atlas_r4_c3,$N_{cal}$ by anomaly rate,15,heatmap_cell,standard_conformal_bh,finite_k3,pi1_sweep,-1.0,3.9999999999999996,-1.1505149978319906,-0.8494850021680094,3.8999999999999995,4.1,0.1,anomaly rate $\pi_1$,0.1,1000,0.1,,25,100,0.8808594617862989,0.8808594617862989,0.7161280000000001,1.0,0.0880859461786299,-2.0000434272768626,0.0,0.9829962177777778,2500,finite_k3_pi1_sweep,empirical FDR / nominal alpha
tikz-v1,figure6_supp,fdr_ratio_atlas_r4_c3,$N_{cal}$ by anomaly rate,15,heatmap_cell,standard_conformal_bh,finite_k3,pi1_sweep,-0.6989700043360187,1.4,-0.8494850021680094,-0.5484550065040281,1.3,1.5,0.2,anomaly rate $\pi_1$,0.1,1000,0.2,,25,100,0.0,0.0,0.0,0.0,0.0,0.28399665636520083,1.0,0.9831818325,2500,finite_k3_pi1_sweep,empirical FDR / nominal alpha
tikz-v1,figure6_supp,fdr_ratio_atlas_r4_c3,$N_{cal}$ by anomaly rate,15,heatmap_cell,standard_conformal_bh,finite_k3,pi1_sweep,-0.6989700043360187,1.6,-0.8494850021680094,-0.5484550065040281,1.5,1.7,0.2,anomaly rate $\pi_1$,0.1,1000,0.2,,25,100,0.27958056922967145,0.27958056922967145,0.09207,0.0964,0.02795805692296715,0.0861861476162833,1.0,0.9830117500000001,2500,finite_k3_pi1_sweep,empirical FDR / nominal alpha
tikz-v1,figure6_supp,fdr_ratio_atlas_r4_c3,$N_{cal}$ by anomaly rate,15,heatmap_cell,standard_conformal_bh,finite_k3,pi1_sweep,-0.6989700043360187,1.7999999999999998,-0.8494850021680094,-0.5484550065040281,1.7,1.9,0.2,anomaly rate $\pi_1$,0.1,1000,0.2,,25,100,0.5648165052569324,0.5648165052569324,0.463154,0.552,0.05648165052569325,-0.10720996964786837,0.0,0.9831046700000001,2500,finite_k3_pi1_sweep,empirical FDR / nominal alpha
tikz-v1,figure6_supp,fdr_ratio_atlas_r4_c3,$N_{cal}$ by anomaly rate,15,heatmap_cell,standard_conformal_bh,finite_k3,pi1_sweep,-0.6989700043360187,2.0,-0.8494850021680094,-0.5484550065040281,1.9,2.1,0.2,anomaly rate $\pi_1$,0.1,1000,0.2,,25,100,0.4754361503874065,0.4754361503874065,0.6001599999999999,0.848,0.047543615038740654,-0.3053513694466238,0.0,0.9829642650000001,2500,finite_k3_pi1_sweep,empirical FDR / nominal alpha
tikz-v1,figure6_supp,fdr_ratio_atlas_r4_c3,$N_{cal}$ by anomaly rate,15,heatmap_cell,standard_conformal_bh,finite_k3,pi1_sweep,-0.6989700043360187,2.2,-0.8494850021680094,-0.5484550065040281,2.1,2.3,0.2,anomaly rate $\pi_1$,0.1,1000,0.2,,25,100,0.5496307888574126,0.5496307888574126,0.6880139999999999,0.9772,0.054963078885741264,-0.5024271199844327,0.0,0.98294703,2500,finite_k3_pi1_sweep,empirical FDR / nominal alpha
tikz-v1,figure6_supp,fdr_ratio_atlas_r4_c3,$N_{cal}$ by anomaly rate,15,heatmap_cell,standard_conformal_bh,finite_k3,pi1_sweep,-0.6989700043360187,2.4,-0.8494850021680094,-0.5484550065040281,2.3,2.5,0.2,anomaly rate $\pi_1$,0.1,1000,0.2,,25,100,0.7101334347788252,0.7101334347788252,0.785004,1.0,0.07101334347788252,-0.7024305364455253,0.0,0.9831261825000002,2500,finite_k3_pi1_sweep,empirical FDR / nominal alpha
tikz-v1,figure6_supp,fdr_ratio_atlas_r4_c3,$N_{cal}$ by anomaly rate,15,heatmap_cell,standard_conformal_bh,finite_k3,pi1_sweep,-0.6989700043360187,2.6,-0.8494850021680094,-0.5484550065040281,2.5,2.7,0.2,anomaly rate $\pi_1$,0.1,1000,0.2,,25,100,0.7747173820603882,0.7747173820603882,0.8000820000000001,1.0,0.07747173820603882,-0.9020028913507294,0.0,0.9831383475000001,2500,finite_k3_pi1_sweep,empirical FDR / nominal alpha
tikz-v1,figure6_supp,fdr_ratio_atlas_r4_c3,$N_{cal}$ by anomaly rate,15,heatmap_cell,standard_conformal_bh,finite_k3,pi1_sweep,-0.6989700043360187,2.8,-0.8494850021680094,-0.5484550065040281,2.7,2.9,0.2,anomaly rate $\pi_1$,0.1,1000,0.2,,25,100,0.7536338039022883,0.7536338039022883,0.79763,1.0,0.07536338039022883,-1.1017470739463662,0.0,0.9830408800000001,2500,finite_k3_pi1_sweep,empirical FDR / nominal alpha
tikz-v1,figure6_supp,fdr_ratio_atlas_r4_c3,$N_{cal}$ by anomaly rate,15,heatmap_cell,standard_conformal_bh,finite_k3,pi1_sweep,-0.6989700043360187,3.0,-0.8494850021680094,-0.5484550065040281,2.9,3.0999999999999996,0.2,anomaly rate $\pi_1$,0.1,1000,0.2,,25,100,0.8011132592256445,0.8011132592256445,0.80991,1.0,0.08011132592256445,-1.3014640731432998,0.0,0.9830466800000001,2500,finite_k3_pi1_sweep,empirical FDR / nominal alpha
tikz-v1,figure6_supp,fdr_ratio_atlas_r4_c3,$N_{cal}$ by anomaly rate,15,heatmap_cell,standard_conformal_bh,finite_k3,pi1_sweep,-0.6989700043360187,3.1999999999999997,-0.8494850021680094,-0.5484550065040281,3.0999999999999996,3.3,0.2,anomaly rate $\pi_1$,0.1,1000,0.2,,25,100,0.7747782049955316,0.7747782049955316,0.807856,1.0,0.07747782049955317,-1.5013331786455661,0.0,0.9830633524999999,2500,finite_k3_pi1_sweep,empirical FDR / nominal alpha
tikz-v1,figure6_supp,fdr_ratio_atlas_r4_c3,$N_{cal}$ by anomaly rate,15,heatmap_cell,standard_conformal_bh,finite_k3,pi1_sweep,-0.6989700043360187,3.4,-0.8494850021680094,-0.5484550065040281,3.3,3.5,0.2,anomaly rate $\pi_1$,0.1,1000,0.2,,25,100,0.806019318479089,0.806019318479089,0.813366,1.0,0.08060193184790891,-1.701222484256557,0.0,0.9830729500000002,2500,finite_k3_pi1_sweep,empirical FDR / nominal alpha
tikz-v1,figure6_supp,fdr_ratio_atlas_r4_c3,$N_{cal}$ by anomaly rate,15,heatmap_cell,standard_conformal_bh,finite_k3,pi1_sweep,-0.6989700043360187,3.6,-0.8494850021680094,-0.5484550065040281,3.5,3.7,0.2,anomaly rate $\pi_1$,0.1,1000,0.2,,25,100,0.7659348675732406,0.7659348675732406,0.8072940000000001,1.0,0.07659348675732407,-1.901131251355372,0.0,0.9829290049999999,2500,finite_k3_pi1_sweep,empirical FDR / nominal alpha
tikz-v1,figure6_supp,fdr_ratio_atlas_r4_c3,$N_{cal}$ by anomaly rate,15,heatmap_cell,standard_conformal_bh,finite_k3,pi1_sweep,-0.6989700043360187,3.8,-0.8494850021680094,-0.5484550065040281,3.7,3.8999999999999995,0.2,anomaly rate $\pi_1$,0.1,1000,0.2,,25,100,0.7918730140378982,0.7918730140378982,0.81405,1.0,0.07918730140378982,-2.101128175838757,0.0,0.9831236200000001,2500,finite_k3_pi1_sweep,empirical FDR / nominal alpha
tikz-v1,figure6_supp,fdr_ratio_atlas_r4_c3,$N_{cal}$ by anomaly rate,15,heatmap_cell,standard_conformal_bh,finite_k3,pi1_sweep,-0.6989700043360187,3.9999999999999996,-0.8494850021680094,-0.5484550065040281,3.8999999999999995,4.1,0.2,anomaly rate $\pi_1$,0.1,1000,0.2,,25,100,0.7947463383680877,0.7947463383680877,0.814076,1.0,0.07947463383680878,-2.301073422940844,0.0,0.9829903525000001,2500,finite_k3_pi1_sweep,empirical FDR / nominal alpha
tikz-v1,figure6_supp,fdr_ratio_atlas_r1_c4,$N_{cal}$ by FDR level,4,heatmap_cell,standard_conformal_bh,perfect,alpha_sweep,-2.0,1.4,-2.1989700043360187,-1.8010299956639813,1.3,1.5,0.01,nominal FDR $\alpha$,0.01,1000,0.05,,25,100,0.0,0.0,0.0,0.0,0.0,1.8860566476931633,1.0,1.0,2500,perfect_alpha_sweep,empirical FDR / nominal alpha
tikz-v1,figure6_supp,fdr_ratio_atlas_r1_c4,$N_{cal}$ by FDR level,4,heatmap_cell,standard_conformal_bh,perfect,alpha_sweep,-2.0,1.6,-2.1989700043360187,-1.8010299956639813,1.5,1.7,0.01,nominal FDR $\alpha$,0.01,1000,0.05,,25,100,0.0,0.0,0.0,0.0,0.0,1.6882461389442458,1.0,1.0,2500,perfect_alpha_sweep,empirical FDR / nominal alpha
tikz-v1,figure6_supp,fdr_ratio_atlas_r1_c4,$N_{cal}$ by FDR level,4,heatmap_cell,standard_conformal_bh,perfect,alpha_sweep,-2.0,1.7999999999999998,-2.1989700043360187,-1.8010299956639813,1.7,1.9,0.01,nominal FDR $\alpha$,0.01,1000,0.05,,25,100,0.0,0.0,0.0,0.0,0.0,1.494850021680094,1.0,1.0,2500,perfect_alpha_sweep,empirical FDR / nominal alpha
tikz-v1,figure6_supp,fdr_ratio_atlas_r1_c4,$N_{cal}$ by FDR level,4,heatmap_cell,standard_conformal_bh,perfect,alpha_sweep,-2.0,2.0,-2.1989700043360187,-1.8010299956639813,1.9,2.1,0.01,nominal FDR $\alpha$,0.01,1000,0.05,,25,100,0.0,0.0,0.0,0.0,0.0,1.2967086218813386,1.0,1.0,2500,perfect_alpha_sweep,empirical FDR / nominal alpha
tikz-v1,figure6_supp,fdr_ratio_atlas_r1_c4,$N_{cal}$ by FDR level,4,heatmap_cell,standard_conformal_bh,perfect,alpha_sweep,-2.0,2.2,-2.1989700043360187,-1.8010299956639813,2.1,2.3,0.01,nominal FDR $\alpha$,0.01,1000,0.05,,25,100,0.0,0.0,0.0,0.0,0.0,1.0996328713435297,1.0,1.0,2500,perfect_alpha_sweep,empirical FDR / nominal alpha
tikz-v1,figure6_supp,fdr_ratio_atlas_r1_c4,$N_{cal}$ by FDR level,4,heatmap_cell,standard_conformal_bh,perfect,alpha_sweep,-2.0,2.4,-2.1989700043360187,-1.8010299956639813,2.3,2.5,0.01,nominal FDR $\alpha$,0.01,1000,0.05,,25,100,0.0,0.0,0.0,0.0,0.0,0.8996294548824371,1.0,1.0,2500,perfect_alpha_sweep,empirical FDR / nominal alpha
tikz-v1,figure6_supp,fdr_ratio_atlas_r1_c4,$N_{cal}$ by FDR level,4,heatmap_cell,standard_conformal_bh,perfect,alpha_sweep,-2.0,2.6,-2.1989700043360187,-1.8010299956639813,2.5,2.7,0.01,nominal FDR $\alpha$,0.01,1000,0.05,,25,100,0.0,0.0,0.0,0.0,0.0,0.700057099977233,1.0,1.0,2500,perfect_alpha_sweep,empirical FDR / nominal alpha
tikz-v1,figure6_supp,fdr_ratio_atlas_r1_c4,$N_{cal}$ by FDR level,4,heatmap_cell,standard_conformal_bh,perfect,alpha_sweep,-2.0,2.8,-2.1989700043360187,-1.8010299956639813,2.7,2.9,0.01,nominal FDR $\alpha$,0.01,1000,0.05,,25,100,0.0,0.0,0.0,0.0,0.0,0.5003129173815962,1.0,1.0,2500,perfect_alpha_sweep,empirical FDR / nominal alpha
tikz-v1,figure6_supp,fdr_ratio_atlas_r1_c4,$N_{cal}$ by FDR level,4,heatmap_cell,standard_conformal_bh,perfect,alpha_sweep,-2.0,3.0,-2.1989700043360187,-1.8010299956639813,2.9,3.0999999999999996,0.01,nominal FDR $\alpha$,0.01,1000,0.05,,25,100,0.0,0.0,0.0,0.0,0.0,0.3005959181846626,1.0,1.0,2500,perfect_alpha_sweep,empirical FDR / nominal alpha
tikz-v1,figure6_supp,fdr_ratio_atlas_r1_c4,$N_{cal}$ by FDR level,4,heatmap_cell,standard_conformal_bh,perfect,alpha_sweep,-2.0,3.1999999999999997,-2.1989700043360187,-1.8010299956639813,3.0999999999999996,3.3,0.01,nominal FDR $\alpha$,0.01,1000,0.05,,25,100,0.0,0.0,0.0,0.0,0.0,0.10072681268239621,1.0,1.0,2500,perfect_alpha_sweep,empirical FDR / nominal alpha
tikz-v1,figure6_supp,fdr_ratio_atlas_r1_c4,$N_{cal}$ by FDR level,4,heatmap_cell,standard_conformal_bh,perfect,alpha_sweep,-2.0,3.4,-2.1989700043360187,-1.8010299956639813,3.3,3.5,0.01,nominal FDR $\alpha$,0.01,1000,0.05,,25,100,0.3512134981391362,0.3512134981391362,1.0,1.0,0.0035121349813913624,-0.09916249292859479,0.0,1.0,2500,perfect_alpha_sweep,empirical FDR / nominal alpha
tikz-v1,figure6_supp,fdr_ratio_atlas_r1_c4,$N_{cal}$ by FDR level,4,heatmap_cell,standard_conformal_bh,perfect,alpha_sweep,-2.0,3.6,-2.1989700043360187,-1.8010299956639813,3.5,3.7,0.01,nominal FDR $\alpha$,0.01,1000,0.05,,25,100,0.9619673096254673,0.9619673096254673,1.0,1.0,0.009619673096254673,-0.2990712600274095,0.0,1.0,2500,perfect_alpha_sweep,empirical FDR / nominal alpha
tikz-v1,figure6_supp,fdr_ratio_atlas_r1_c4,$N_{cal}$ by FDR level,4,heatmap_cell,standard_conformal_bh,perfect,alpha_sweep,-2.0,3.8,-2.1989700043360187,-1.8010299956639813,3.7,3.8999999999999995,0.01,nominal FDR $\alpha$,0.01,1000,0.05,,25,100,0.812675924136874,0.812675924136874,1.0,1.0,0.00812675924136874,-0.4990681845107945,0.0,1.0,2500,perfect_alpha_sweep,empirical FDR / nominal alpha
tikz-v1,figure6_supp,fdr_ratio_atlas_r1_c4,$N_{cal}$ by FDR level,4,heatmap_cell,standard_conformal_bh,perfect,alpha_sweep,-2.0,3.9999999999999996,-2.1989700043360187,-1.8010299956639813,3.8999999999999995,4.1,0.01,nominal FDR $\alpha$,0.01,1000,0.05,,25,100,0.979898699565736,0.979898699565736,1.0,1.0,0.009798986995657361,-0.6990134316128814,0.0,1.0,2500,perfect_alpha_sweep,empirical FDR / nominal alpha
tikz-v1,figure6_supp,fdr_ratio_atlas_r1_c4,$N_{cal}$ by FDR level,4,heatmap_cell,standard_conformal_bh,perfect,alpha_sweep,-1.6020599913279623,1.4,-1.8010299956639813,-1.4515449934959719,1.3,1.5,0.025,nominal FDR $\alpha$,0.025,1000,0.05,,25,100,0.0,0.0,0.0,0.0,0.0,1.4881166390211256,1.0,1.0,2500,perfect_alpha_sweep,empirical FDR / nominal alpha
tikz-v1,figure6_supp,fdr_ratio_atlas_r1_c4,$N_{cal}$ by FDR level,4,heatmap_cell,standard_conformal_bh,perfect,alpha_sweep,-1.6020599913279623,1.6,-1.8010299956639813,-1.4515449934959719,1.5,1.7,0.025,nominal FDR $\alpha$,0.025,1000,0.05,,25,100,0.0,0.0,0.0,0.0,0.0,1.290306130272208,1.0,1.0,2500,perfect_alpha_sweep,empirical FDR / nominal alpha
tikz-v1,figure6_supp,fdr_ratio_atlas_r1_c4,$N_{cal}$ by FDR level,4,heatmap_cell,standard_conformal_bh,perfect,alpha_sweep,-1.6020599913279623,1.7999999999999998,-1.8010299956639813,-1.4515449934959719,1.7,1.9,0.025,nominal FDR $\alpha$,0.025,1000,0.05,,25,100,0.0,0.0,0.0,0.0,0.0,1.0969100130080565,1.0,1.0,2500,perfect_alpha_sweep,empirical FDR / nominal alpha
tikz-v1,figure6_supp,fdr_ratio_atlas_r1_c4,$N_{cal}$ by FDR level,4,heatmap_cell,standard_conformal_bh,perfect,alpha_sweep,-1.6020599913279623,2.0,-1.8010299956639813,-1.4515449934959719,1.9,2.1,0.025,nominal FDR $\alpha$,0.025,1000,0.05,,25,100,0.0,0.0,0.0,0.0,0.0,0.898768613209301,1.0,1.0,2500,perfect_alpha_sweep,empirical FDR / nominal alpha
tikz-v1,figure6_supp,fdr_ratio_atlas_r1_c4,$N_{cal}$ by FDR level,4,heatmap_cell,standard_conformal_bh,perfect,alpha_sweep,-1.6020599913279623,2.2,-1.8010299956639813,-1.4515449934959719,2.1,2.3,0.025,nominal FDR $\alpha$,0.025,1000,0.05,,25,100,0.0,0.0,0.0,0.0,0.0,0.7016928626714921,1.0,1.0,2500,perfect_alpha_sweep,empirical FDR / nominal alpha
tikz-v1,figure6_supp,fdr_ratio_atlas_r1_c4,$N_{cal}$ by FDR level,4,heatmap_cell,standard_conformal_bh,perfect,alpha_sweep,-1.6020599913279623,2.4,-1.8010299956639813,-1.4515449934959719,2.3,2.5,0.025,nominal FDR $\alpha$,0.025,1000,0.05,,25,100,0.0,0.0,0.0,0.0,0.0,0.5016894462103995,1.0,1.0,2500,perfect_alpha_sweep,empirical FDR / nominal alpha
tikz-v1,figure6_supp,fdr_ratio_atlas_r1_c4,$N_{cal}$ by FDR level,4,heatmap_cell,standard_conformal_bh,perfect,alpha_sweep,-1.6020599913279623,2.6,-1.8010299956639813,-1.4515449934959719,2.5,2.7,0.025,nominal FDR $\alpha$,0.025,1000,0.05,,25,100,0.0,0.0,0.0,0.0,0.0,0.3021170913051953,1.0,1.0,2500,perfect_alpha_sweep,empirical FDR / nominal alpha
tikz-v1,figure6_supp,fdr_ratio_atlas_r1_c4,$N_{cal}$ by FDR level,4,heatmap_cell,standard_conformal_bh,perfect,alpha_sweep,-1.6020599913279623,2.8,-1.8010299956639813,-1.4515449934959719,2.7,2.9,0.025,nominal FDR $\alpha$,0.025,1000,0.05,,25,100,0.0034999999999999996,0.0034999999999999996,0.0004,0.0004,8.75e-05,0.10237290870955852,1.0,1.0,2500,perfect_alpha_sweep,empirical FDR / nominal alpha
tikz-v1,figure6_supp,fdr_ratio_atlas_r1_c4,$N_{cal}$ by FDR level,4,heatmap_cell,standard_conformal_bh,perfect,alpha_sweep,-1.6020599913279623,3.0,-1.8010299956639813,-1.4515449934959719,2.9,3.0999999999999996,0.025,nominal FDR $\alpha$,0.025,1000,0.05,,25,100,0.6446449371130194,0.6446449371130194,1.0,1.0,0.016116123427825486,-0.09734409048737504,0.0,1.0,2500,perfect_alpha_sweep,empirical FDR / nominal alpha
tikz-v1,figure6_supp,fdr_ratio_atlas_r1_c4,$N_{cal}$ by FDR level,4,heatmap_cell,standard_conformal_bh,perfect,alpha_sweep,-1.6020599913279623,3.1999999999999997,-1.8010299956639813,-1.4515449934959719,3.0999999999999996,3.3,0.025,nominal FDR $\alpha$,0.025,1000,0.05,,25,100,1.143977821721109,1.143977821721109,1.0,1.0,0.028599445543027725,-0.2972131959896414,0.0,1.0,2500,perfect_alpha_sweep,empirical FDR / nominal alpha
tikz-v1,figure6_supp,fdr_ratio_atlas_r1_c4,$N_{cal}$ by FDR level,4,heatmap_cell,standard_conformal_bh,perfect,alpha_sweep,-1.6020599913279623,3.4,-1.8010299956639813,-1.4515449934959719,3.3,3.5,0.025,nominal FDR $\alpha$,0.025,1000,0.05,,25,100,0.8408004106500513,0.8408004106500513,1.0,1.0,0.021020010266251284,-0.4971025016006324,0.0,1.0,2500,perfect_alpha_sweep,empirical FDR / nominal alpha
tikz-v1,figure6_supp,fdr_ratio_atlas_r1_c4,$N_{cal}$ by FDR level,4,heatmap_cell,standard_conformal_bh,perfect,alpha_sweep,-1.6020599913279623,3.6,-1.8010299956639813,-1.4515449934959719,3.5,3.7,0.025,nominal FDR $\alpha$,0.025,1000,0.05,,25,100,0.8977796612544454,0.8977796612544454,1.0,1.0,0.022444491531361136,-0.6970112686994471,0.0,1.0,2500,perfect_alpha_sweep,empirical FDR / nominal alpha
tikz-v1,figure6_supp,fdr_ratio_atlas_r1_c4,$N_{cal}$ by FDR level,4,heatmap_cell,standard_conformal_bh,perfect,alpha_sweep,-1.6020599913279623,3.8,-1.8010299956639813,-1.4515449934959719,3.7,3.8999999999999995,0.025,nominal FDR $\alpha$,0.025,1000,0.05,,25,100,0.9158149398161081,0.9158149398161081,1.0,1.0,0.0228953734954027,-0.8970081931828321,0.0,1.0,2500,perfect_alpha_sweep,empirical FDR / nominal alpha
tikz-v1,figure6_supp,fdr_ratio_atlas_r1_c4,$N_{cal}$ by FDR level,4,heatmap_cell,standard_conformal_bh,perfect,alpha_sweep,-1.6020599913279623,3.9999999999999996,-1.8010299956639813,-1.4515449934959719,3.8999999999999995,4.1,0.025,nominal FDR $\alpha$,0.025,1000,0.05,,25,100,0.8852376564119071,0.8852376564119071,1.0,1.0,0.02213094141029768,-1.096953440284919,0.0,1.0,2500,perfect_alpha_sweep,empirical FDR / nominal alpha
tikz-v1,figure6_supp,fdr_ratio_atlas_r1_c4,$N_{cal}$ by FDR level,4,heatmap_cell,standard_conformal_bh,perfect,alpha_sweep,-1.3010299956639813,1.4,-1.4515449934959719,-1.1505149978319906,1.3,1.5,0.05,nominal FDR $\alpha$,0.05,1000,0.05,,25,100,0.0,0.0,0.0,0.0,0.0,1.1870866433571445,1.0,1.0,2500,perfect_alpha_sweep,empirical FDR / nominal alpha
tikz-v1,figure6_supp,fdr_ratio_atlas_r1_c4,$N_{cal}$ by FDR level,4,heatmap_cell,standard_conformal_bh,perfect,alpha_sweep,-1.3010299956639813,1.6,-1.4515449934959719,-1.1505149978319906,1.5,1.7,0.05,nominal FDR $\alpha$,0.05,1000,0.05,,25,100,0.0,0.0,0.0,0.0,0.0,0.9892761346082268,1.0,1.0,2500,perfect_alpha_sweep,empirical FDR / nominal alpha
tikz-v1,figure6_supp,fdr_ratio_atlas_r1_c4,$N_{cal}$ by FDR level,4,heatmap_cell,standard_conformal_bh,perfect,alpha_sweep,-1.3010299956639813,1.7999999999999998,-1.4515449934959719,-1.1505149978319906,1.7,1.9,0.05,nominal FDR $\alpha$,0.05,1000,0.05,,25,100,0.0,0.0,0.0,0.0,0.0,0.7958800173440752,1.0,1.0,2500,perfect_alpha_sweep,empirical FDR / nominal alpha
tikz-v1,figure6_supp,fdr_ratio_atlas_r1_c4,$N_{cal}$ by FDR level,4,heatmap_cell,standard_conformal_bh,perfect,alpha_sweep,-1.3010299956639813,2.0,-1.4515449934959719,-1.1505149978319906,1.9,2.1,0.05,nominal FDR $\alpha$,0.05,1000,0.05,,25,100,0.0,0.0,0.0,0.0,0.0,0.5977386175453198,1.0,1.0,2500,perfect_alpha_sweep,empirical FDR / nominal alpha
tikz-v1,figure6_supp,fdr_ratio_atlas_r1_c4,$N_{cal}$ by FDR level,4,heatmap_cell,standard_conformal_bh,perfect,alpha_sweep,-1.3010299956639813,2.2,-1.4515449934959719,-1.1505149978319906,2.1,2.3,0.05,nominal FDR $\alpha$,0.05,1000,0.05,,25,100,0.0,0.0,0.0,0.0,0.0,0.4006628670075109,1.0,1.0,2500,perfect_alpha_sweep,empirical FDR / nominal alpha
tikz-v1,figure6_supp,fdr_ratio_atlas_r1_c4,$N_{cal}$ by FDR level,4,heatmap_cell,standard_conformal_bh,perfect,alpha_sweep,-1.3010299956639813,2.4,-1.4515449934959719,-1.1505149978319906,2.3,2.5,0.05,nominal FDR $\alpha$,0.05,1000,0.05,,25,100,0.0,0.0,0.0,0.0,0.0,0.20065945054641826,1.0,1.0,2500,perfect_alpha_sweep,empirical FDR / nominal alpha
tikz-v1,figure6_supp,fdr_ratio_atlas_r1_c4,$N_{cal}$ by FDR level,4,heatmap_cell,standard_conformal_bh,perfect,alpha_sweep,-1.3010299956639813,2.6,-1.4515449934959719,-1.1505149978319906,2.5,2.7,0.05,nominal FDR $\alpha$,0.05,1000,0.05,,25,100,0.6447981750983952,0.6447981750983952,0.624,0.624,0.03223990875491976,0.0010870956412141369,1.0,1.0,2500,perfect_alpha_sweep,empirical FDR / nominal alpha
tikz-v1,figure6_supp,fdr_ratio_atlas_r1_c4,$N_{cal}$ by FDR level,4,heatmap_cell,standard_conformal_bh,perfect,alpha_sweep,-1.3010299956639813,2.8,-1.4515449934959719,-1.1505149978319906,2.7,2.9,0.05,nominal FDR $\alpha$,0.05,1000,0.05,,25,100,0.7463282404653451,0.7463282404653451,1.0,1.0,0.037316412023267256,-0.19865708695442266,0.0,1.0,2500,perfect_alpha_sweep,empirical FDR / nominal alpha
tikz-v1,figure6_supp,fdr_ratio_atlas_r1_c4,$N_{cal}$ by FDR level,4,heatmap_cell,standard_conformal_bh,perfect,alpha_sweep,-1.3010299956639813,3.0,-1.4515449934959719,-1.1505149978319906,2.9,3.0999999999999996,0.05,nominal FDR $\alpha$,0.05,1000,0.05,,25,100,0.7382443311534471,0.7382443311534471,1.0,1.0,0.03691221655767236,-0.3983740861513562,0.0,1.0,2500,perfect_alpha_sweep,empirical FDR / nominal alpha
tikz-v1,figure6_supp,fdr_ratio_atlas_r1_c4,$N_{cal}$ by FDR level,4,heatmap_cell,standard_conformal_bh,perfect,alpha_sweep,-1.3010299956639813,3.1999999999999997,-1.4515449934959719,-1.1505149978319906,3.0999999999999996,3.3,0.05,nominal FDR $\alpha$,0.05,1000,0.05,,25,100,0.7715059277305572,0.7715059277305572,1.0,1.0,0.03857529638652786,-0.5982431916536226,0.0,1.0,2500,perfect_alpha_sweep,empirical FDR / nominal alpha
tikz-v1,figure6_supp,fdr_ratio_atlas_r1_c4,$N_{cal}$ by FDR level,4,heatmap_cell,standard_conformal_bh,perfect,alpha_sweep,-1.3010299956639813,3.4,-1.4515449934959719,-1.1505149978319906,3.3,3.5,0.05,nominal FDR $\alpha$,0.05,1000,0.05,,25,100,0.8986208251030722,0.8986208251030722,1.0,1.0,0.04493104125515361,-0.7981324972646135,0.0,1.0,2500,perfect_alpha_sweep,empirical FDR / nominal alpha
tikz-v1,figure6_supp,fdr_ratio_atlas_r1_c4,$N_{cal}$ by FDR level,4,heatmap_cell,standard_conformal_bh,perfect,alpha_sweep,-1.3010299956639813,3.6,-1.4515449934959719,-1.1505149978319906,3.5,3.7,0.05,nominal FDR $\alpha$,0.05,1000,0.05,,25,100,0.8770693512884821,0.8770693512884821,1.0,1.0,0.043853467564424105,-0.9980412643634283,0.0,1.0,2500,perfect_alpha_sweep,empirical FDR / nominal alpha
tikz-v1,figure6_supp,fdr_ratio_atlas_r1_c4,$N_{cal}$ by FDR level,4,heatmap_cell,standard_conformal_bh,perfect,alpha_sweep,-1.3010299956639813,3.8,-1.4515449934959719,-1.1505149978319906,3.7,3.8999999999999995,0.05,nominal FDR $\alpha$,0.05,1000,0.05,,25,100,0.8673836776245709,0.8673836776245709,1.0,1.0,0.04336918388122855,-1.1980381888468132,0.0,1.0,2500,perfect_alpha_sweep,empirical FDR / nominal alpha
tikz-v1,figure6_supp,fdr_ratio_atlas_r1_c4,$N_{cal}$ by FDR level,4,heatmap_cell,standard_conformal_bh,perfect,alpha_sweep,-1.3010299956639813,3.9999999999999996,-1.4515449934959719,-1.1505149978319906,3.8999999999999995,4.1,0.05,nominal FDR $\alpha$,0.05,1000,0.05,,25,100,1.0112664065356287,1.0112664065356287,1.0,1.0,0.05056332032678144,-1.3979834359489003,0.0,1.0,2500,perfect_alpha_sweep,empirical FDR / nominal alpha
tikz-v1,figure6_supp,fdr_ratio_atlas_r1_c4,$N_{cal}$ by FDR level,4,heatmap_cell,standard_conformal_bh,perfect,alpha_sweep,-1.0,1.4,-1.1505149978319906,-0.8494850021680094,1.3,1.5,0.1,nominal FDR $\alpha$,0.1,1000,0.05,,25,100,0.0,0.0,0.0,0.0,0.0,0.8860566476931633,1.0,1.0,2500,perfect_alpha_sweep,empirical FDR / nominal alpha
tikz-v1,figure6_supp,fdr_ratio_atlas_r1_c4,$N_{cal}$ by FDR level,4,heatmap_cell,standard_conformal_bh,perfect,alpha_sweep,-1.0,1.6,-1.1505149978319906,-0.8494850021680094,1.5,1.7,0.1,nominal FDR $\alpha$,0.1,1000,0.05,,25,100,0.0,0.0,0.0,0.0,0.0,0.6882461389442457,1.0,1.0,2500,perfect_alpha_sweep,empirical FDR / nominal alpha
tikz-v1,figure6_supp,fdr_ratio_atlas_r1_c4,$N_{cal}$ by FDR level,4,heatmap_cell,standard_conformal_bh,perfect,alpha_sweep,-1.0,1.7999999999999998,-1.1505149978319906,-0.8494850021680094,1.7,1.9,0.1,nominal FDR $\alpha$,0.1,1000,0.05,,25,100,0.0,0.0,0.0,0.0,0.0,0.494850021680094,1.0,1.0,2500,perfect_alpha_sweep,empirical FDR / nominal alpha
tikz-v1,figure6_supp,fdr_ratio_atlas_r1_c4,$N_{cal}$ by FDR level,4,heatmap_cell,standard_conformal_bh,perfect,alpha_sweep,-1.0,2.0,-1.1505149978319906,-0.8494850021680094,1.9,2.1,0.1,nominal FDR $\alpha$,0.1,1000,0.05,,25,100,0.026606856742558548,0.026606856742558548,0.0052,0.0052,0.002660685674255855,0.2967086218813386,1.0,1.0,2500,perfect_alpha_sweep,empirical FDR / nominal alpha
tikz-v1,figure6_supp,fdr_ratio_atlas_r1_c4,$N_{cal}$ by FDR level,4,heatmap_cell,standard_conformal_bh,perfect,alpha_sweep,-1.0,2.2,-1.1505149978319906,-0.8494850021680094,2.1,2.3,0.1,nominal FDR $\alpha$,0.1,1000,0.05,,25,100,0.3402759553673291,0.3402759553673291,0.132,0.132,0.03402759553673291,0.09963287134352969,1.0,1.0,2500,perfect_alpha_sweep,empirical FDR / nominal alpha
tikz-v1,figure6_supp,fdr_ratio_atlas_r1_c4,$N_{cal}$ by FDR level,4,heatmap_cell,standard_conformal_bh,perfect,alpha_sweep,-1.0,2.4,-1.1505149978319906,-0.8494850021680094,2.3,2.5,0.1,nominal FDR $\alpha$,0.1,1000,0.05,,25,100,0.5803629726066033,0.5803629726066033,1.0,1.0,0.058036297260660334,-0.10037054511756292,0.0,1.0,2500,perfect_alpha_sweep,empirical FDR / nominal alpha
tikz-v1,figure6_supp,fdr_ratio_atlas_r1_c4,$N_{cal}$ by FDR level,4,heatmap_cell,standard_conformal_bh,perfect,alpha_sweep,-1.0,2.6,-1.1505149978319906,-0.8494850021680094,2.5,2.7,0.1,nominal FDR $\alpha$,0.1,1000,0.05,,25,100,0.8480413754438961,0.8480413754438961,1.0,1.0,0.08480413754438962,-0.2999429000227671,0.0,1.0,2500,perfect_alpha_sweep,empirical FDR / nominal alpha
tikz-v1,figure6_supp,fdr_ratio_atlas_r1_c4,$N_{cal}$ by FDR level,4,heatmap_cell,standard_conformal_bh,perfect,alpha_sweep,-1.0,2.8,-1.1505149978319906,-0.8494850021680094,2.7,2.9,0.1,nominal FDR $\alpha$,0.1,1000,0.05,,25,100,1.0640451893531375,1.0640451893531375,1.0,1.0,0.10640451893531376,-0.4996870826184039,0.0,1.0,2500,perfect_alpha_sweep,empirical FDR / nominal alpha
tikz-v1,figure6_supp,fdr_ratio_atlas_r1_c4,$N_{cal}$ by FDR level,4,heatmap_cell,standard_conformal_bh,perfect,alpha_sweep,-1.0,3.0,-1.1505149978319906,-0.8494850021680094,2.9,3.0999999999999996,0.1,nominal FDR $\alpha$,0.1,1000,0.05,,25,100,0.9202622741996382,0.9202622741996382,1.0,1.0,0.09202622741996383,-0.6994040818153374,0.0,1.0,2500,perfect_alpha_sweep,empirical FDR / nominal alpha
tikz-v1,figure6_supp,fdr_ratio_atlas_r1_c4,$N_{cal}$ by FDR level,4,heatmap_cell,standard_conformal_bh,perfect,alpha_sweep,-1.0,3.1999999999999997,-1.1505149978319906,-0.8494850021680094,3.0999999999999996,3.3,0.1,nominal FDR $\alpha$,0.1,1000,0.05,,25,100,0.9032018382323529,0.9032018382323529,1.0,1.0,0.0903201838232353,-0.8992731873176038,0.0,1.0,2500,perfect_alpha_sweep,empirical FDR / nominal alpha
tikz-v1,figure6_supp,fdr_ratio_atlas_r1_c4,$N_{cal}$ by FDR level,4,heatmap_cell,standard_conformal_bh,perfect,alpha_sweep,-1.0,3.4,-1.1505149978319906,-0.8494850021680094,3.3,3.5,0.1,nominal FDR $\alpha$,0.1,1000,0.05,,25,100,0.9384724138562867,0.9384724138562867,1.0,1.0,0.09384724138562867,-1.0991624929285948,0.0,1.0,2500,perfect_alpha_sweep,empirical FDR / nominal alpha
tikz-v1,figure6_supp,fdr_ratio_atlas_r1_c4,$N_{cal}$ by FDR level,4,heatmap_cell,standard_conformal_bh,perfect,alpha_sweep,-1.0,3.6,-1.1505149978319906,-0.8494850021680094,3.5,3.7,0.1,nominal FDR $\alpha$,0.1,1000,0.05,,25,100,0.9305045596409564,0.9305045596409564,1.0,1.0,0.09305045596409564,-1.2990712600274095,0.0,1.0,2500,perfect_alpha_sweep,empirical FDR / nominal alpha
tikz-v1,figure6_supp,fdr_ratio_atlas_r1_c4,$N_{cal}$ by FDR level,4,heatmap_cell,standard_conformal_bh,perfect,alpha_sweep,-1.0,3.8,-1.1505149978319906,-0.8494850021680094,3.7,3.8999999999999995,0.1,nominal FDR $\alpha$,0.1,1000,0.05,,25,100,0.9459795010367535,0.9459795010367535,1.0,1.0,0.09459795010367536,-1.4990681845107945,0.0,1.0,2500,perfect_alpha_sweep,empirical FDR / nominal alpha
tikz-v1,figure6_supp,fdr_ratio_atlas_r1_c4,$N_{cal}$ by FDR level,4,heatmap_cell,standard_conformal_bh,perfect,alpha_sweep,-1.0,3.9999999999999996,-1.1505149978319906,-0.8494850021680094,3.8999999999999995,4.1,0.1,nominal FDR $\alpha$,0.1,1000,0.05,,25,100,0.915681534700308,0.915681534700308,1.0,1.0,0.0915681534700308,-1.6990134316128815,0.0,1.0,2500,perfect_alpha_sweep,empirical FDR / nominal alpha
tikz-v1,figure6_supp,fdr_ratio_atlas_r1_c4,$N_{cal}$ by FDR level,4,heatmap_cell,standard_conformal_bh,perfect,alpha_sweep,-0.6989700043360187,1.4,-0.8494850021680094,-0.5484550065040281,1.3,1.5,0.2,nominal FDR $\alpha$,0.2,1000,0.05,,25,100,0.0,0.0,0.0,0.0,0.0,0.585026652029182,1.0,1.0,2500,perfect_alpha_sweep,empirical FDR / nominal alpha
tikz-v1,figure6_supp,fdr_ratio_atlas_r1_c4,$N_{cal}$ by FDR level,4,heatmap_cell,standard_conformal_bh,perfect,alpha_sweep,-0.6989700043360187,1.6,-0.8494850021680094,-0.5484550065040281,1.5,1.7,0.2,nominal FDR $\alpha$,0.2,1000,0.05,,25,100,0.004766397607623617,0.004766397607623617,0.0016,0.0016,0.0009532795215247234,0.3872161432802645,1.0,1.0,2500,perfect_alpha_sweep,empirical FDR / nominal alpha
tikz-v1,figure6_supp,fdr_ratio_atlas_r1_c4,$N_{cal}$ by FDR level,4,heatmap_cell,standard_conformal_bh,perfect,alpha_sweep,-0.6989700043360187,1.7999999999999998,-0.8494850021680094,-0.5484550065040281,1.7,1.9,0.2,nominal FDR $\alpha$,0.2,1000,0.05,,25,100,0.11395616337593023,0.11395616337593023,0.054,0.054,0.022791232675186048,0.19382002601611284,1.0,1.0,2500,perfect_alpha_sweep,empirical FDR / nominal alpha
tikz-v1,figure6_supp,fdr_ratio_atlas_r1_c4,$N_{cal}$ by FDR level,4,heatmap_cell,standard_conformal_bh,perfect,alpha_sweep,-0.6989700043360187,2.0,-0.8494850021680094,-0.5484550065040281,1.9,2.1,0.2,nominal FDR $\alpha$,0.2,1000,0.05,,25,100,0.8137423463482115,0.8137423463482115,1.0,1.0,0.16274846926964232,-0.004321373782642578,0.0,1.0,2500,perfect_alpha_sweep,empirical FDR / nominal alpha
tikz-v1,figure6_supp,fdr_ratio_atlas_r1_c4,$N_{cal}$ by FDR level,4,heatmap_cell,standard_conformal_bh,perfect,alpha_sweep,-0.6989700043360187,2.2,-0.8494850021680094,-0.5484550065040281,2.1,2.3,0.2,nominal FDR $\alpha$,0.2,1000,0.05,,25,100,0.9569932938352245,0.9569932938352245,1.0,1.0,0.1913986587670449,-0.2013971243204515,0.0,1.0,2500,perfect_alpha_sweep,empirical FDR / nominal alpha
tikz-v1,figure6_supp,fdr_ratio_atlas_r1_c4,$N_{cal}$ by FDR level,4,heatmap_cell,standard_conformal_bh,perfect,alpha_sweep,-0.6989700043360187,2.4,-0.8494850021680094,-0.5484550065040281,2.3,2.5,0.2,nominal FDR $\alpha$,0.2,1000,0.05,,25,100,0.8929743390044018,0.8929743390044018,1.0,1.0,0.17859486780088038,-0.40140054078154414,0.0,1.0,2500,perfect_alpha_sweep,empirical FDR / nominal alpha
tikz-v1,figure6_supp,fdr_ratio_atlas_r1_c4,$N_{cal}$ by FDR level,4,heatmap_cell,standard_conformal_bh,perfect,alpha_sweep,-0.6989700043360187,2.6,-0.8494850021680094,-0.5484550065040281,2.5,2.7,0.2,nominal FDR $\alpha$,0.2,1000,0.05,,25,100,0.8121376752275156,0.8121376752275156,1.0,1.0,0.1624275350455031,-0.6009728956867483,0.0,1.0,2500,perfect_alpha_sweep,empirical FDR / nominal alpha
tikz-v1,figure6_supp,fdr_ratio_atlas_r1_c4,$N_{cal}$ by FDR level,4,heatmap_cell,standard_conformal_bh,perfect,alpha_sweep,-0.6989700043360187,2.8,-0.8494850021680094,-0.5484550065040281,2.7,2.9,0.2,nominal FDR $\alpha$,0.2,1000,0.05,,25,100,0.9303326247575322,0.9303326247575322,1.0,1.0,0.18606652495150644,-0.800717078282385,0.0,1.0,2500,perfect_alpha_sweep,empirical FDR / nominal alpha
tikz-v1,figure6_supp,fdr_ratio_atlas_r1_c4,$N_{cal}$ by FDR level,4,heatmap_cell,standard_conformal_bh,perfect,alpha_sweep,-0.6989700043360187,3.0,-0.8494850021680094,-0.5484550065040281,2.9,3.0999999999999996,0.2,nominal FDR $\alpha$,0.2,1000,0.05,,25,100,0.8753815019783896,0.8753815019783896,1.0,1.0,0.17507630039567793,-1.0004340774793186,0.0,1.0,2500,perfect_alpha_sweep,empirical FDR / nominal alpha
tikz-v1,figure6_supp,fdr_ratio_atlas_r1_c4,$N_{cal}$ by FDR level,4,heatmap_cell,standard_conformal_bh,perfect,alpha_sweep,-0.6989700043360187,3.1999999999999997,-0.8494850021680094,-0.5484550065040281,3.0999999999999996,3.3,0.2,nominal FDR $\alpha$,0.2,1000,0.05,,25,100,0.9202018307785124,0.9202018307785124,1.0,1.0,0.1840403661557025,-1.200303182981585,0.0,1.0,2500,perfect_alpha_sweep,empirical FDR / nominal alpha
tikz-v1,figure6_supp,fdr_ratio_atlas_r1_c4,$N_{cal}$ by FDR level,4,heatmap_cell,standard_conformal_bh,perfect,alpha_sweep,-0.6989700043360187,3.4,-0.8494850021680094,-0.5484550065040281,3.3,3.5,0.2,nominal FDR $\alpha$,0.2,1000,0.05,,25,100,0.92452223275957,0.92452223275957,1.0,1.0,0.18490444655191401,-1.400192488592576,0.0,1.0,2500,perfect_alpha_sweep,empirical FDR / nominal alpha
tikz-v1,figure6_supp,fdr_ratio_atlas_r1_c4,$N_{cal}$ by FDR level,4,heatmap_cell,standard_conformal_bh,perfect,alpha_sweep,-0.6989700043360187,3.6,-0.8494850021680094,-0.5484550065040281,3.5,3.7,0.2,nominal FDR $\alpha$,0.2,1000,0.05,,25,100,0.9563492377127301,0.9563492377127301,1.0,1.0,0.19126984754254603,-1.6001012556913907,0.0,1.0,2500,perfect_alpha_sweep,empirical FDR / nominal alpha
tikz-v1,figure6_supp,fdr_ratio_atlas_r1_c4,$N_{cal}$ by FDR level,4,heatmap_cell,standard_conformal_bh,perfect,alpha_sweep,-0.6989700043360187,3.8,-0.8494850021680094,-0.5484550065040281,3.7,3.8999999999999995,0.2,nominal FDR $\alpha$,0.2,1000,0.05,,25,100,0.9300632372580282,0.9300632372580282,1.0,1.0,0.18601264745160564,-1.8000981801747757,0.0,1.0,2500,perfect_alpha_sweep,empirical FDR / nominal alpha
tikz-v1,figure6_supp,fdr_ratio_atlas_r1_c4,$N_{cal}$ by FDR level,4,heatmap_cell,standard_conformal_bh,perfect,alpha_sweep,-0.6989700043360187,3.9999999999999996,-0.8494850021680094,-0.5484550065040281,3.8999999999999995,4.1,0.2,nominal FDR $\alpha$,0.2,1000,0.05,,25,100,0.9302619536476686,0.9302619536476686,1.0,1.0,0.18605239072953372,-2.0000434272768626,0.0,1.0,2500,perfect_alpha_sweep,empirical FDR / nominal alpha
tikz-v1,figure6_supp,fdr_ratio_atlas_r1_c2,$N_{cal}$ by $m$; fixed 10 anomalies,2,heatmap_cell,standard_conformal_bh,perfect,m_fixed_count,1.6989700043360187,1.4,1.5484550065040281,1.8494850021680094,1.3,1.5,50.0,test batch size $m$,0.1,50,,10.0,25,100,0.004277056277056277,0.004277056277056277,0.0008,0.0008,0.00042770562770562767,0.28399665636520083,1.0,1.0,2500,perfect_m_fixed_count,empirical FDR / nominal alpha
tikz-v1,figure6_supp,fdr_ratio_atlas_r1_c2,$N_{cal}$ by $m$; fixed 10 anomalies,2,heatmap_cell,standard_conformal_bh,perfect,m_fixed_count,1.6989700043360187,1.6,1.5484550065040281,1.8494850021680094,1.5,1.7,50.0,test batch size $m$,0.1,50,,10.0,25,100,0.18898901098901097,0.18898901098901097,0.0752,0.0752,0.0188989010989011,0.0861861476162833,1.0,1.0,2500,perfect_m_fixed_count,empirical FDR / nominal alpha
tikz-v1,figure6_supp,fdr_ratio_atlas_r1_c2,$N_{cal}$ by $m$; fixed 10 anomalies,2,heatmap_cell,standard_conformal_bh,perfect,m_fixed_count,1.6989700043360187,1.7999999999999998,1.5484550065040281,1.8494850021680094,1.7,1.9,50.0,test batch size $m$,0.1,50,,10.0,25,100,0.6902847838436073,0.6902847838436073,1.0,1.0,0.06902847838436073,-0.10720996964786837,0.0,1.0,2500,perfect_m_fixed_count,empirical FDR / nominal alpha
tikz-v1,figure6_supp,fdr_ratio_atlas_r1_c2,$N_{cal}$ by $m$; fixed 10 anomalies,2,heatmap_cell,standard_conformal_bh,perfect,m_fixed_count,1.6989700043360187,2.0,1.5484550065040281,1.8494850021680094,1.9,2.1,50.0,test batch size $m$,0.1,50,,10.0,25,100,0.7084857266916089,0.7084857266916089,1.0,1.0,0.07084857266916089,-0.3053513694466238,0.0,1.0,2500,perfect_m_fixed_count,empirical FDR / nominal alpha
tikz-v1,figure6_supp,fdr_ratio_atlas_r1_c2,$N_{cal}$ by $m$; fixed 10 anomalies,2,heatmap_cell,standard_conformal_bh,perfect,m_fixed_count,1.6989700043360187,2.2,1.5484550065040281,1.8494850021680094,2.1,2.3,50.0,test batch size $m$,0.1,50,,10.0,25,100,0.5640184325478442,0.5640184325478442,1.0,1.0,0.05640184325478443,-0.5024271199844327,0.0,1.0,2500,perfect_m_fixed_count,empirical FDR / nominal alpha
tikz-v1,figure6_supp,fdr_ratio_atlas_r1_c2,$N_{cal}$ by $m$; fixed 10 anomalies,2,heatmap_cell,standard_conformal_bh,perfect,m_fixed_count,1.6989700043360187,2.4,1.5484550065040281,1.8494850021680094,2.3,2.5,50.0,test batch size $m$,0.1,50,,10.0,25,100,0.6713534243534243,0.6713534243534243,1.0,1.0,0.06713534243534243,-0.7024305364455253,0.0,1.0,2500,perfect_m_fixed_count,empirical FDR / nominal alpha
tikz-v1,figure6_supp,fdr_ratio_atlas_r1_c2,$N_{cal}$ by $m$; fixed 10 anomalies,2,heatmap_cell,standard_conformal_bh,perfect,m_fixed_count,1.6989700043360187,2.6,1.5484550065040281,1.8494850021680094,2.5,2.7,50.0,test batch size $m$,0.1,50,,10.0,25,100,0.7725994789524201,0.7725994789524201,1.0,1.0,0.07725994789524201,-0.9020028913507294,0.0,1.0,2500,perfect_m_fixed_count,empirical FDR / nominal alpha
tikz-v1,figure6_supp,fdr_ratio_atlas_r1_c2,$N_{cal}$ by $m$; fixed 10 anomalies,2,heatmap_cell,standard_conformal_bh,perfect,m_fixed_count,1.6989700043360187,2.8,1.5484550065040281,1.8494850021680094,2.7,2.9,50.0,test batch size $m$,0.1,50,,10.0,25,100,0.8916769962064081,0.8916769962064081,1.0,1.0,0.0891676996206408,-1.1017470739463662,0.0,1.0,2500,perfect_m_fixed_count,empirical FDR / nominal alpha
tikz-v1,figure6_supp,fdr_ratio_atlas_r1_c2,$N_{cal}$ by $m$; fixed 10 anomalies,2,heatmap_cell,standard_conformal_bh,perfect,m_fixed_count,1.6989700043360187,3.0,1.5484550065040281,1.8494850021680094,2.9,3.0999999999999996,50.0,test batch size $m$,0.1,50,,10.0,25,100,0.8517585421114834,0.8517585421114834,1.0,1.0,0.08517585421114834,-1.3014640731432998,0.0,1.0,2500,perfect_m_fixed_count,empirical FDR / nominal alpha
tikz-v1,figure6_supp,fdr_ratio_atlas_r1_c2,$N_{cal}$ by $m$; fixed 10 anomalies,2,heatmap_cell,standard_conformal_bh,perfect,m_fixed_count,1.6989700043360187,3.1999999999999997,1.5484550065040281,1.8494850021680094,3.0999999999999996,3.3,50.0,test batch size $m$,0.1,50,,10.0,25,100,0.8312777614542319,0.8312777614542319,1.0,1.0,0.0831277761454232,-1.5013331786455661,0.0,1.0,2500,perfect_m_fixed_count,empirical FDR / nominal alpha
tikz-v1,figure6_supp,fdr_ratio_atlas_r1_c2,$N_{cal}$ by $m$; fixed 10 anomalies,2,heatmap_cell,standard_conformal_bh,perfect,m_fixed_count,1.6989700043360187,3.4,1.5484550065040281,1.8494850021680094,3.3,3.5,50.0,test batch size $m$,0.1,50,,10.0,25,100,0.8200898774428186,0.8200898774428186,1.0,1.0,0.08200898774428186,-1.701222484256557,0.0,1.0,2500,perfect_m_fixed_count,empirical FDR / nominal alpha
tikz-v1,figure6_supp,fdr_ratio_atlas_r1_c2,$N_{cal}$ by $m$; fixed 10 anomalies,2,heatmap_cell,standard_conformal_bh,perfect,m_fixed_count,1.6989700043360187,3.6,1.5484550065040281,1.8494850021680094,3.5,3.7,50.0,test batch size $m$,0.1,50,,10.0,25,100,0.7811177156177155,0.7811177156177155,1.0,1.0,0.07811177156177156,-1.901131251355372,0.0,1.0,2500,perfect_m_fixed_count,empirical FDR / nominal alpha
tikz-v1,figure6_supp,fdr_ratio_atlas_r1_c2,$N_{cal}$ by $m$; fixed 10 anomalies,2,heatmap_cell,standard_conformal_bh,perfect,m_fixed_count,1.6989700043360187,3.8,1.5484550065040281,1.8494850021680094,3.7,3.8999999999999995,50.0,test batch size $m$,0.1,50,,10.0,25,100,0.8171616366090049,0.8171616366090049,1.0,1.0,0.0817161636609005,-2.101128175838757,0.0,1.0,2500,perfect_m_fixed_count,empirical FDR / nominal alpha
tikz-v1,figure6_supp,fdr_ratio_atlas_r1_c2,$N_{cal}$ by $m$; fixed 10 anomalies,2,heatmap_cell,standard_conformal_bh,perfect,m_fixed_count,1.6989700043360187,3.9999999999999996,1.5484550065040281,1.8494850021680094,3.8999999999999995,4.1,50.0,test batch size $m$,0.1,50,,10.0,25,100,0.7901067821067821,0.7901067821067821,1.0,1.0,0.07901067821067821,-2.301073422940844,0.0,1.0,2500,perfect_m_fixed_count,empirical FDR / nominal alpha
tikz-v1,figure6_supp,fdr_ratio_atlas_r1_c2,$N_{cal}$ by $m$; fixed 10 anomalies,2,heatmap_cell,standard_conformal_bh,perfect,m_fixed_count,2.0,1.4,1.8494850021680094,2.1505149978319906,1.3,1.5,100.0,test batch size $m$,0.1,100,,10.0,25,100,0.0,0.0,0.0,0.0,0.0,0.585026652029182,1.0,1.0,2500,perfect_m_fixed_count,empirical FDR / nominal alpha
tikz-v1,figure6_supp,fdr_ratio_atlas_r1_c2,$N_{cal}$ by $m$; fixed 10 anomalies,2,heatmap_cell,standard_conformal_bh,perfect,m_fixed_count,2.0,1.6,1.8494850021680094,2.1505149978319906,1.5,1.7,100.0,test batch size $m$,0.1,100,,10.0,25,100,0.0,0.0,0.0,0.0,0.0,0.3872161432802645,1.0,1.0,2500,perfect_m_fixed_count,empirical FDR / nominal alpha
tikz-v1,figure6_supp,fdr_ratio_atlas_r1_c2,$N_{cal}$ by $m$; fixed 10 anomalies,2,heatmap_cell,standard_conformal_bh,perfect,m_fixed_count,2.0,1.7999999999999998,1.8494850021680094,2.1505149978319906,1.7,1.9,100.0,test batch size $m$,0.1,100,,10.0,25,100,0.299736089623423,0.299736089623423,0.0716,0.0716,0.029973608962342302,0.19382002601611284,1.0,1.0,2500,perfect_m_fixed_count,empirical FDR / nominal alpha
tikz-v1,figure6_supp,fdr_ratio_atlas_r1_c2,$N_{cal}$ by $m$; fixed 10 anomalies,2,heatmap_cell,standard_conformal_bh,perfect,m_fixed_count,2.0,2.0,1.8494850021680094,2.1505149978319906,1.9,2.1,100.0,test batch size $m$,0.1,100,,10.0,25,100,0.7179106555639064,0.7179106555639064,1.0,1.0,0.07179106555639064,-0.004321373782642578,0.0,1.0,2500,perfect_m_fixed_count,empirical FDR / nominal alpha
tikz-v1,figure6_supp,fdr_ratio_atlas_r1_c2,$N_{cal}$ by $m$; fixed 10 anomalies,2,heatmap_cell,standard_conformal_bh,perfect,m_fixed_count,2.0,2.2,1.8494850021680094,2.1505149978319906,2.1,2.3,100.0,test batch size $m$,0.1,100,,10.0,25,100,0.5014334391099097,0.5014334391099097,1.0,1.0,0.05014334391099097,-0.2013971243204515,0.0,1.0,2500,perfect_m_fixed_count,empirical FDR / nominal alpha
tikz-v1,figure6_supp,fdr_ratio_atlas_r1_c2,$N_{cal}$ by $m$; fixed 10 anomalies,2,heatmap_cell,standard_conformal_bh,perfect,m_fixed_count,2.0,2.4,1.8494850021680094,2.1505149978319906,2.3,2.5,100.0,test batch size $m$,0.1,100,,10.0,25,100,0.9986065152597658,0.9986065152597658,1.0,1.0,0.09986065152597659,-0.40140054078154414,0.0,1.0,2500,perfect_m_fixed_count,empirical FDR / nominal alpha
tikz-v1,figure6_supp,fdr_ratio_atlas_r1_c2,$N_{cal}$ by $m$; fixed 10 anomalies,2,heatmap_cell,standard_conformal_bh,perfect,m_fixed_count,2.0,2.6,1.8494850021680094,2.1505149978319906,2.5,2.7,100.0,test batch size $m$,0.1,100,,10.0,25,100,0.6401382547620937,0.6401382547620937,1.0,1.0,0.06401382547620937,-0.6009728956867483,0.0,1.0,2500,perfect_m_fixed_count,empirical FDR / nominal alpha
tikz-v1,figure6_supp,fdr_ratio_atlas_r1_c2,$N_{cal}$ by $m$; fixed 10 anomalies,2,heatmap_cell,standard_conformal_bh,perfect,m_fixed_count,2.0,2.8,1.8494850021680094,2.1505149978319906,2.7,2.9,100.0,test batch size $m$,0.1,100,,10.0,25,100,0.8918764823068228,0.8918764823068228,1.0,1.0,0.08918764823068229,-0.800717078282385,0.0,1.0,2500,perfect_m_fixed_count,empirical FDR / nominal alpha
tikz-v1,figure6_supp,fdr_ratio_atlas_r1_c2,$N_{cal}$ by $m$; fixed 10 anomalies,2,heatmap_cell,standard_conformal_bh,perfect,m_fixed_count,2.0,3.0,1.8494850021680094,2.1505149978319906,2.9,3.0999999999999996,100.0,test batch size $m$,0.1,100,,10.0,25,100,0.9118498168498168,0.9118498168498168,1.0,1.0,0.09118498168498168,-1.0004340774793186,0.0,1.0,2500,perfect_m_fixed_count,empirical FDR / nominal alpha
tikz-v1,figure6_supp,fdr_ratio_atlas_r1_c2,$N_{cal}$ by $m$; fixed 10 anomalies,2,heatmap_cell,standard_conformal_bh,perfect,m_fixed_count,2.0,3.1999999999999997,1.8494850021680094,2.1505149978319906,3.0999999999999996,3.3,100.0,test batch size $m$,0.1,100,,10.0,25,100,0.9106788832082949,0.9106788832082949,1.0,1.0,0.0910678883208295,-1.200303182981585,0.0,1.0,2500,perfect_m_fixed_count,empirical FDR / nominal alpha
tikz-v1,figure6_supp,fdr_ratio_atlas_r1_c2,$N_{cal}$ by $m$; fixed 10 anomalies,2,heatmap_cell,standard_conformal_bh,perfect,m_fixed_count,2.0,3.4,1.8494850021680094,2.1505149978319906,3.3,3.5,100.0,test batch size $m$,0.1,100,,10.0,25,100,0.7749919916684623,0.7749919916684623,1.0,1.0,0.07749919916684624,-1.400192488592576,0.0,1.0,2500,perfect_m_fixed_count,empirical FDR / nominal alpha
tikz-v1,figure6_supp,fdr_ratio_atlas_r1_c2,$N_{cal}$ by $m$; fixed 10 anomalies,2,heatmap_cell,standard_conformal_bh,perfect,m_fixed_count,2.0,3.6,1.8494850021680094,2.1505149978319906,3.5,3.7,100.0,test batch size $m$,0.1,100,,10.0,25,100,0.8544439286203992,0.8544439286203992,1.0,1.0,0.08544439286203992,-1.6001012556913907,0.0,1.0,2500,perfect_m_fixed_count,empirical FDR / nominal alpha
tikz-v1,figure6_supp,fdr_ratio_atlas_r1_c2,$N_{cal}$ by $m$; fixed 10 anomalies,2,heatmap_cell,standard_conformal_bh,perfect,m_fixed_count,2.0,3.8,1.8494850021680094,2.1505149978319906,3.7,3.8999999999999995,100.0,test batch size $m$,0.1,100,,10.0,25,100,0.9082606184665007,0.9082606184665007,1.0,1.0,0.09082606184665008,-1.8000981801747757,0.0,1.0,2500,perfect_m_fixed_count,empirical FDR / nominal alpha
tikz-v1,figure6_supp,fdr_ratio_atlas_r1_c2,$N_{cal}$ by $m$; fixed 10 anomalies,2,heatmap_cell,standard_conformal_bh,perfect,m_fixed_count,2.0,3.9999999999999996,1.8494850021680094,2.1505149978319906,3.8999999999999995,4.1,100.0,test batch size $m$,0.1,100,,10.0,25,100,0.9113260856790268,0.9113260856790268,1.0,1.0,0.09113260856790269,-2.0000434272768626,0.0,1.0,2500,perfect_m_fixed_count,empirical FDR / nominal alpha
tikz-v1,figure6_supp,fdr_ratio_atlas_r1_c2,$N_{cal}$ by $m$; fixed 10 anomalies,2,heatmap_cell,standard_conformal_bh,perfect,m_fixed_count,2.3010299956639813,1.4,2.1505149978319906,2.5,1.3,1.5,200.0,test batch size $m$,0.1,200,,10.0,25,100,0.0,0.0,0.0,0.0,0.0,0.8860566476931633,1.0,1.0,2500,perfect_m_fixed_count,empirical FDR / nominal alpha
tikz-v1,figure6_supp,fdr_ratio_atlas_r1_c2,$N_{cal}$ by $m$; fixed 10 anomalies,2,heatmap_cell,standard_conformal_bh,perfect,m_fixed_count,2.3010299956639813,1.6,2.1505149978319906,2.5,1.5,1.7,200.0,test batch size $m$,0.1,200,,10.0,25,100,0.0,0.0,0.0,0.0,0.0,0.6882461389442457,1.0,1.0,2500,perfect_m_fixed_count,empirical FDR / nominal alpha
tikz-v1,figure6_supp,fdr_ratio_atlas_r1_c2,$N_{cal}$ by $m$; fixed 10 anomalies,2,heatmap_cell,standard_conformal_bh,perfect,m_fixed_count,2.3010299956639813,1.7999999999999998,2.1505149978319906,2.5,1.7,1.9,200.0,test batch size $m$,0.1,200,,10.0,25,100,0.0,0.0,0.0,0.0,0.0,0.494850021680094,1.0,1.0,2500,perfect_m_fixed_count,empirical FDR / nominal alpha
tikz-v1,figure6_supp,fdr_ratio_atlas_r1_c2,$N_{cal}$ by $m$; fixed 10 anomalies,2,heatmap_cell,standard_conformal_bh,perfect,m_fixed_count,2.3010299956639813,2.0,2.1505149978319906,2.5,1.9,2.1,200.0,test batch size $m$,0.1,200,,10.0,25,100,0.024798795407491053,0.024798795407491053,0.0048,0.0048,0.0024798795407491056,0.2967086218813386,1.0,1.0,2500,perfect_m_fixed_count,empirical FDR / nominal alpha
tikz-v1,figure6_supp,fdr_ratio_atlas_r1_c2,$N_{cal}$ by $m$; fixed 10 anomalies,2,heatmap_cell,standard_conformal_bh,perfect,m_fixed_count,2.3010299956639813,2.2,2.1505149978319906,2.5,2.1,2.3,200.0,test batch size $m$,0.1,200,,10.0,25,100,0.5323888256566275,0.5323888256566275,0.1784,0.1784,0.053238882565662754,0.09963287134352969,1.0,1.0,2500,perfect_m_fixed_count,empirical FDR / nominal alpha
tikz-v1,figure6_supp,fdr_ratio_atlas_r1_c2,$N_{cal}$ by $m$; fixed 10 anomalies,2,heatmap_cell,standard_conformal_bh,perfect,m_fixed_count,2.3010299956639813,2.4,2.1505149978319906,2.5,2.3,2.5,200.0,test batch size $m$,0.1,200,,10.0,25,100,0.5733924539512775,0.5733924539512775,1.0,1.0,0.05733924539512775,-0.10037054511756292,0.0,1.0,2500,perfect_m_fixed_count,empirical FDR / nominal alpha
tikz-v1,figure6_supp,fdr_ratio_atlas_r1_c2,$N_{cal}$ by $m$; fixed 10 anomalies,2,heatmap_cell,standard_conformal_bh,perfect,m_fixed_count,2.3010299956639813,2.6,2.1505149978319906,2.5,2.5,2.7,200.0,test batch size $m$,0.1,200,,10.0,25,100,0.831573194779077,0.831573194779077,1.0,1.0,0.0831573194779077,-0.2999429000227671,0.0,1.0,2500,perfect_m_fixed_count,empirical FDR / nominal alpha
tikz-v1,figure6_supp,fdr_ratio_atlas_r1_c2,$N_{cal}$ by $m$; fixed 10 anomalies,2,heatmap_cell,standard_conformal_bh,perfect,m_fixed_count,2.3010299956639813,2.8,2.1505149978319906,2.5,2.7,2.9,200.0,test batch size $m$,0.1,200,,10.0,25,100,0.7882679960218659,0.7882679960218659,1.0,1.0,0.0788267996021866,-0.4996870826184039,0.0,1.0,2500,perfect_m_fixed_count,empirical FDR / nominal alpha
tikz-v1,figure6_supp,fdr_ratio_atlas_r1_c2,$N_{cal}$ by $m$; fixed 10 anomalies,2,heatmap_cell,standard_conformal_bh,perfect,m_fixed_count,2.3010299956639813,3.0,2.1505149978319906,2.5,2.9,3.0999999999999996,200.0,test batch size $m$,0.1,200,,10.0,25,100,0.8828346923114725,0.8828346923114725,1.0,1.0,0.08828346923114726,-0.6994040818153374,0.0,1.0,2500,perfect_m_fixed_count,empirical FDR / nominal alpha
tikz-v1,figure6_supp,fdr_ratio_atlas_r1_c2,$N_{cal}$ by $m$; fixed 10 anomalies,2,heatmap_cell,standard_conformal_bh,perfect,m_fixed_count,2.3010299956639813,3.1999999999999997,2.1505149978319906,2.5,3.0999999999999996,3.3,200.0,test batch size $m$,0.1,200,,10.0,25,100,0.8686155315272961,0.8686155315272961,1.0,1.0,0.08686155315272961,-0.8992731873176038,0.0,1.0,2500,perfect_m_fixed_count,empirical FDR / nominal alpha
tikz-v1,figure6_supp,fdr_ratio_atlas_r1_c2,$N_{cal}$ by $m$; fixed 10 anomalies,2,heatmap_cell,standard_conformal_bh,perfect,m_fixed_count,2.3010299956639813,3.4,2.1505149978319906,2.5,3.3,3.5,200.0,test batch size $m$,0.1,200,,10.0,25,100,0.8557638701168114,0.8557638701168114,1.0,1.0,0.08557638701168115,-1.0991624929285948,0.0,1.0,2500,perfect_m_fixed_count,empirical FDR / nominal alpha
tikz-v1,figure6_supp,fdr_ratio_atlas_r1_c2,$N_{cal}$ by $m$; fixed 10 anomalies,2,heatmap_cell,standard_conformal_bh,perfect,m_fixed_count,2.3010299956639813,3.6,2.1505149978319906,2.5,3.5,3.7,200.0,test batch size $m$,0.1,200,,10.0,25,100,0.9157165840695253,0.9157165840695253,1.0,1.0,0.09157165840695253,-1.2990712600274095,0.0,1.0,2500,perfect_m_fixed_count,empirical FDR / nominal alpha
tikz-v1,figure6_supp,fdr_ratio_atlas_r1_c2,$N_{cal}$ by $m$; fixed 10 anomalies,2,heatmap_cell,standard_conformal_bh,perfect,m_fixed_count,2.3010299956639813,3.8,2.1505149978319906,2.5,3.7,3.8999999999999995,200.0,test batch size $m$,0.1,200,,10.0,25,100,0.9071857652151768,0.9071857652151768,1.0,1.0,0.09071857652151769,-1.4990681845107945,0.0,1.0,2500,perfect_m_fixed_count,empirical FDR / nominal alpha
tikz-v1,figure6_supp,fdr_ratio_atlas_r1_c2,$N_{cal}$ by $m$; fixed 10 anomalies,2,heatmap_cell,standard_conformal_bh,perfect,m_fixed_count,2.3010299956639813,3.9999999999999996,2.1505149978319906,2.5,3.8999999999999995,4.1,200.0,test batch size $m$,0.1,200,,10.0,25,100,0.9547041357335475,0.9547041357335475,1.0,1.0,0.09547041357335476,-1.6990134316128815,0.0,1.0,2500,perfect_m_fixed_count,empirical FDR / nominal alpha
tikz-v1,figure6_supp,fdr_ratio_atlas_r1_c2,$N_{cal}$ by $m$; fixed 10 anomalies,2,heatmap_cell,standard_conformal_bh,perfect,m_fixed_count,2.6989700043360187,1.4,2.5,2.8494850021680094,1.3,1.5,500.0,test batch size $m$,0.1,500,,10.0,25,100,0.0,0.0,0.0,0.0,0.0,1.2839966563652008,1.0,1.0,2500,perfect_m_fixed_count,empirical FDR / nominal alpha
tikz-v1,figure6_supp,fdr_ratio_atlas_r1_c2,$N_{cal}$ by $m$; fixed 10 anomalies,2,heatmap_cell,standard_conformal_bh,perfect,m_fixed_count,2.6989700043360187,1.6,2.5,2.8494850021680094,1.5,1.7,500.0,test batch size $m$,0.1,500,,10.0,25,100,0.0,0.0,0.0,0.0,0.0,1.0861861476162833,1.0,1.0,2500,perfect_m_fixed_count,empirical FDR / nominal alpha
tikz-v1,figure6_supp,fdr_ratio_atlas_r1_c2,$N_{cal}$ by $m$; fixed 10 anomalies,2,heatmap_cell,standard_conformal_bh,perfect,m_fixed_count,2.6989700043360187,1.7999999999999998,2.5,2.8494850021680094,1.7,1.9,500.0,test batch size $m$,0.1,500,,10.0,25,100,0.0,0.0,0.0,0.0,0.0,0.8927900303521317,1.0,1.0,2500,perfect_m_fixed_count,empirical FDR / nominal alpha
tikz-v1,figure6_supp,fdr_ratio_atlas_r1_c2,$N_{cal}$ by $m$; fixed 10 anomalies,2,heatmap_cell,standard_conformal_bh,perfect,m_fixed_count,2.6989700043360187,2.0,2.5,2.8494850021680094,1.9,2.1,500.0,test batch size $m$,0.1,500,,10.0,25,100,0.0,0.0,0.0,0.0,0.0,0.6946486305533762,1.0,1.0,2500,perfect_m_fixed_count,empirical FDR / nominal alpha
tikz-v1,figure6_supp,fdr_ratio_atlas_r1_c2,$N_{cal}$ by $m$; fixed 10 anomalies,2,heatmap_cell,standard_conformal_bh,perfect,m_fixed_count,2.6989700043360187,2.2,2.5,2.8494850021680094,2.1,2.3,500.0,test batch size $m$,0.1,500,,10.0,25,100,0.002787878787878788,0.002787878787878788,0.0004,0.0004,0.0002787878787878788,0.4975728800155673,1.0,1.0,2500,perfect_m_fixed_count,empirical FDR / nominal alpha
tikz-v1,figure6_supp,fdr_ratio_atlas_r1_c2,$N_{cal}$ by $m$; fixed 10 anomalies,2,heatmap_cell,standard_conformal_bh,perfect,m_fixed_count,2.6989700043360187,2.4,2.5,2.8494850021680094,2.3,2.5,500.0,test batch size $m$,0.1,500,,10.0,25,100,0.026839826839826837,0.026839826839826837,0.0052,0.0052,0.002683982683982684,0.29756946355447467,1.0,1.0,2500,perfect_m_fixed_count,empirical FDR / nominal alpha
tikz-v1,figure6_supp,fdr_ratio_atlas_r1_c2,$N_{cal}$ by $m$; fixed 10 anomalies,2,heatmap_cell,standard_conformal_bh,perfect,m_fixed_count,2.6989700043360187,2.6,2.5,2.8494850021680094,2.5,2.7,500.0,test batch size $m$,0.1,500,,10.0,25,100,0.4341967494150156,0.4341967494150156,0.1516,0.1516,0.04341967494150156,0.09799710864927055,1.0,1.0,2500,perfect_m_fixed_count,empirical FDR / nominal alpha
tikz-v1,figure6_supp,fdr_ratio_atlas_r1_c2,$N_{cal}$ by $m$; fixed 10 anomalies,2,heatmap_cell,standard_conformal_bh,perfect,m_fixed_count,2.6989700043360187,2.8,2.5,2.8494850021680094,2.7,2.9,500.0,test batch size $m$,0.1,500,,10.0,25,100,0.7636251404254499,0.7636251404254499,1.0,1.0,0.076362514042545,-0.10174707394636621,0.0,1.0,2500,perfect_m_fixed_count,empirical FDR / nominal alpha
tikz-v1,figure6_supp,fdr_ratio_atlas_r1_c2,$N_{cal}$ by $m$; fixed 10 anomalies,2,heatmap_cell,standard_conformal_bh,perfect,m_fixed_count,2.6989700043360187,3.0,2.5,2.8494850021680094,2.9,3.0999999999999996,500.0,test batch size $m$,0.1,500,,10.0,25,100,0.6121919257213374,0.6121919257213374,1.0,1.0,0.06121919257213374,-0.3014640731432998,0.0,1.0,2500,perfect_m_fixed_count,empirical FDR / nominal alpha
tikz-v1,figure6_supp,fdr_ratio_atlas_r1_c2,$N_{cal}$ by $m$; fixed 10 anomalies,2,heatmap_cell,standard_conformal_bh,perfect,m_fixed_count,2.6989700043360187,3.1999999999999997,2.5,2.8494850021680094,3.0999999999999996,3.3,500.0,test batch size $m$,0.1,500,,10.0,25,100,0.967604834106382,0.967604834106382,1.0,1.0,0.0967604834106382,-0.5013331786455661,0.0,1.0,2500,perfect_m_fixed_count,empirical FDR / nominal alpha
tikz-v1,figure6_supp,fdr_ratio_atlas_r1_c2,$N_{cal}$ by $m$; fixed 10 anomalies,2,heatmap_cell,standard_conformal_bh,perfect,m_fixed_count,2.6989700043360187,3.4,2.5,2.8494850021680094,3.3,3.5,500.0,test batch size $m$,0.1,500,,10.0,25,100,0.9596449931217732,0.9596449931217732,1.0,1.0,0.09596449931217732,-0.7012224842565572,0.0,1.0,2500,perfect_m_fixed_count,empirical FDR / nominal alpha
tikz-v1,figure6_supp,fdr_ratio_atlas_r1_c2,$N_{cal}$ by $m$; fixed 10 anomalies,2,heatmap_cell,standard_conformal_bh,perfect,m_fixed_count,2.6989700043360187,3.6,2.5,2.8494850021680094,3.5,3.7,500.0,test batch size $m$,0.1,500,,10.0,25,100,0.8907879244938068,0.8907879244938068,1.0,1.0,0.08907879244938069,-0.901131251355372,0.0,1.0,2500,perfect_m_fixed_count,empirical FDR / nominal alpha
tikz-v1,figure6_supp,fdr_ratio_atlas_r1_c2,$N_{cal}$ by $m$; fixed 10 anomalies,2,heatmap_cell,standard_conformal_bh,perfect,m_fixed_count,2.6989700043360187,3.8,2.5,2.8494850021680094,3.7,3.8999999999999995,500.0,test batch size $m$,0.1,500,,10.0,25,100,0.9446714527302763,0.9446714527302763,1.0,1.0,0.09446714527302763,-1.1011281758387568,0.0,1.0,2500,perfect_m_fixed_count,empirical FDR / nominal alpha
tikz-v1,figure6_supp,fdr_ratio_atlas_r1_c2,$N_{cal}$ by $m$; fixed 10 anomalies,2,heatmap_cell,standard_conformal_bh,perfect,m_fixed_count,2.6989700043360187,3.9999999999999996,2.5,2.8494850021680094,3.8999999999999995,4.1,500.0,test batch size $m$,0.1,500,,10.0,25,100,0.9929273700156055,0.9929273700156055,1.0,1.0,0.09929273700156055,-1.3010734229408438,0.0,1.0,2500,perfect_m_fixed_count,empirical FDR / nominal alpha
tikz-v1,figure6_supp,fdr_ratio_atlas_r1_c2,$N_{cal}$ by $m$; fixed 10 anomalies,2,heatmap_cell,standard_conformal_bh,perfect,m_fixed_count,3.0,1.4,2.8494850021680094,3.1505149978319906,1.3,1.5,1000.0,test batch size $m$,0.1,1000,,10.0,25,100,0.0,0.0,0.0,0.0,0.0,1.585026652029182,1.0,1.0,2500,perfect_m_fixed_count,empirical FDR / nominal alpha
tikz-v1,figure6_supp,fdr_ratio_atlas_r1_c2,$N_{cal}$ by $m$; fixed 10 anomalies,2,heatmap_cell,standard_conformal_bh,perfect,m_fixed_count,3.0,1.6,2.8494850021680094,3.1505149978319906,1.5,1.7,1000.0,test batch size $m$,0.1,1000,,10.0,25,100,0.0,0.0,0.0,0.0,0.0,1.3872161432802645,1.0,1.0,2500,perfect_m_fixed_count,empirical FDR / nominal alpha
tikz-v1,figure6_supp,fdr_ratio_atlas_r1_c2,$N_{cal}$ by $m$; fixed 10 anomalies,2,heatmap_cell,standard_conformal_bh,perfect,m_fixed_count,3.0,1.7999999999999998,2.8494850021680094,3.1505149978319906,1.7,1.9,1000.0,test batch size $m$,0.1,1000,,10.0,25,100,0.0,0.0,0.0,0.0,0.0,1.193820026016113,1.0,1.0,2500,perfect_m_fixed_count,empirical FDR / nominal alpha
tikz-v1,figure6_supp,fdr_ratio_atlas_r1_c2,$N_{cal}$ by $m$; fixed 10 anomalies,2,heatmap_cell,standard_conformal_bh,perfect,m_fixed_count,3.0,2.0,2.8494850021680094,3.1505149978319906,1.9,2.1,1000.0,test batch size $m$,0.1,1000,,10.0,25,100,0.0,0.0,0.0,0.0,0.0,0.9956786262173575,1.0,1.0,2500,perfect_m_fixed_count,empirical FDR / nominal alpha
tikz-v1,figure6_supp,fdr_ratio_atlas_r1_c2,$N_{cal}$ by $m$; fixed 10 anomalies,2,heatmap_cell,standard_conformal_bh,perfect,m_fixed_count,3.0,2.2,2.8494850021680094,3.1505149978319906,2.1,2.3,1000.0,test batch size $m$,0.1,1000,,10.0,25,100,0.0,0.0,0.0,0.0,0.0,0.7986028756795486,1.0,1.0,2500,perfect_m_fixed_count,empirical FDR / nominal alpha
tikz-v1,figure6_supp,fdr_ratio_atlas_r1_c2,$N_{cal}$ by $m$; fixed 10 anomalies,2,heatmap_cell,standard_conformal_bh,perfect,m_fixed_count,3.0,2.4,2.8494850021680094,3.1505149978319906,2.3,2.5,1000.0,test batch size $m$,0.1,1000,,10.0,25,100,0.0,0.0,0.0,0.0,0.0,0.5985994592184559,1.0,1.0,2500,perfect_m_fixed_count,empirical FDR / nominal alpha
tikz-v1,figure6_supp,fdr_ratio_atlas_r1_c2,$N_{cal}$ by $m$; fixed 10 anomalies,2,heatmap_cell,standard_conformal_bh,perfect,m_fixed_count,3.0,2.6,2.8494850021680094,3.1505149978319906,2.5,2.7,1000.0,test batch size $m$,0.1,1000,,10.0,25,100,0.06885457575593674,0.06885457575593674,0.0108,0.0108,0.006885457575593675,0.3990271043132517,1.0,1.0,2500,perfect_m_fixed_count,empirical FDR / nominal alpha
tikz-v1,figure6_supp,fdr_ratio_atlas_r1_c2,$N_{cal}$ by $m$; fixed 10 anomalies,2,heatmap_cell,standard_conformal_bh,perfect,m_fixed_count,3.0,2.8,2.8494850021680094,3.1505149978319906,2.7,2.9,1000.0,test batch size $m$,0.1,1000,,10.0,25,100,0.2947170139951133,0.2947170139951133,0.0656,0.0656,0.029471701399511333,0.199282921717615,1.0,1.0,2500,perfect_m_fixed_count,empirical FDR / nominal alpha
tikz-v1,figure6_supp,fdr_ratio_atlas_r1_c2,$N_{cal}$ by $m$; fixed 10 anomalies,2,heatmap_cell,standard_conformal_bh,perfect,m_fixed_count,3.0,3.0,2.8494850021680094,3.1505149978319906,2.9,3.0999999999999996,1000.0,test batch size $m$,0.1,1000,,10.0,25,100,0.7577429857723975,0.7577429857723975,1.0,1.0,0.07577429857723976,-0.00043407747931862597,0.0,1.0,2500,perfect_m_fixed_count,empirical FDR / nominal alpha
tikz-v1,figure6_supp,fdr_ratio_atlas_r1_c2,$N_{cal}$ by $m$; fixed 10 anomalies,2,heatmap_cell,standard_conformal_bh,perfect,m_fixed_count,3.0,3.1999999999999997,2.8494850021680094,3.1505149978319906,3.0999999999999996,3.3,1000.0,test batch size $m$,0.1,1000,,10.0,25,100,0.5157271307983382,0.5157271307983382,1.0,1.0,0.051572713079833826,-0.20030318298158498,0.0,1.0,2500,perfect_m_fixed_count,empirical FDR / nominal alpha
tikz-v1,figure6_supp,fdr_ratio_atlas_r1_c2,$N_{cal}$ by $m$; fixed 10 anomalies,2,heatmap_cell,standard_conformal_bh,perfect,m_fixed_count,3.0,3.4,2.8494850021680094,3.1505149978319906,3.3,3.5,1000.0,test batch size $m$,0.1,1000,,10.0,25,100,0.8557510234863175,0.8557510234863175,1.0,1.0,0.08557510234863175,-0.400192488592576,0.0,1.0,2500,perfect_m_fixed_count,empirical FDR / nominal alpha
tikz-v1,figure6_supp,fdr_ratio_atlas_r1_c2,$N_{cal}$ by $m$; fixed 10 anomalies,2,heatmap_cell,standard_conformal_bh,perfect,m_fixed_count,3.0,3.6,2.8494850021680094,3.1505149978319906,3.5,3.7,1000.0,test batch size $m$,0.1,1000,,10.0,25,100,0.8811187293958191,0.8811187293958191,1.0,1.0,0.08811187293958192,-0.6001012556913907,0.0,1.0,2500,perfect_m_fixed_count,empirical FDR / nominal alpha
tikz-v1,figure6_supp,fdr_ratio_atlas_r1_c2,$N_{cal}$ by $m$; fixed 10 anomalies,2,heatmap_cell,standard_conformal_bh,perfect,m_fixed_count,3.0,3.8,2.8494850021680094,3.1505149978319906,3.7,3.8999999999999995,1000.0,test batch size $m$,0.1,1000,,10.0,25,100,0.954337702373306,0.954337702373306,1.0,1.0,0.0954337702373306,-0.8000981801747756,0.0,1.0,2500,perfect_m_fixed_count,empirical FDR / nominal alpha
tikz-v1,figure6_supp,fdr_ratio_atlas_r1_c2,$N_{cal}$ by $m$; fixed 10 anomalies,2,heatmap_cell,standard_conformal_bh,perfect,m_fixed_count,3.0,3.9999999999999996,2.8494850021680094,3.1505149978319906,3.8999999999999995,4.1,1000.0,test batch size $m$,0.1,1000,,10.0,25,100,0.9385109628933158,0.9385109628933158,1.0,1.0,0.09385109628933158,-1.0000434272768626,0.0,1.0,2500,perfect_m_fixed_count,empirical FDR / nominal alpha
tikz-v1,figure6_supp,fdr_ratio_atlas_r1_c2,$N_{cal}$ by $m$; fixed 10 anomalies,2,heatmap_cell,standard_conformal_bh,perfect,m_fixed_count,3.3010299956639813,1.4,3.1505149978319906,3.451544993495972,1.3,1.5,2000.0,test batch size $m$,0.1,2000,,10.0,25,100,0.0,0.0,0.0,0.0,0.0,1.8860566476931633,1.0,1.0,2500,perfect_m_fixed_count,empirical FDR / nominal alpha
tikz-v1,figure6_supp,fdr_ratio_atlas_r1_c2,$N_{cal}$ by $m$; fixed 10 anomalies,2,heatmap_cell,standard_conformal_bh,perfect,m_fixed_count,3.3010299956639813,1.6,3.1505149978319906,3.451544993495972,1.5,1.7,2000.0,test batch size $m$,0.1,2000,,10.0,25,100,0.0,0.0,0.0,0.0,0.0,1.6882461389442458,1.0,1.0,2500,perfect_m_fixed_count,empirical FDR / nominal alpha
tikz-v1,figure6_supp,fdr_ratio_atlas_r1_c2,$N_{cal}$ by $m$; fixed 10 anomalies,2,heatmap_cell,standard_conformal_bh,perfect,m_fixed_count,3.3010299956639813,1.7999999999999998,3.1505149978319906,3.451544993495972,1.7,1.9,2000.0,test batch size $m$,0.1,2000,,10.0,25,100,0.0,0.0,0.0,0.0,0.0,1.494850021680094,1.0,1.0,2500,perfect_m_fixed_count,empirical FDR / nominal alpha
tikz-v1,figure6_supp,fdr_ratio_atlas_r1_c2,$N_{cal}$ by $m$; fixed 10 anomalies,2,heatmap_cell,standard_conformal_bh,perfect,m_fixed_count,3.3010299956639813,2.0,3.1505149978319906,3.451544993495972,1.9,2.1,2000.0,test batch size $m$,0.1,2000,,10.0,25,100,0.0,0.0,0.0,0.0,0.0,1.2967086218813386,1.0,1.0,2500,perfect_m_fixed_count,empirical FDR / nominal alpha
tikz-v1,figure6_supp,fdr_ratio_atlas_r1_c2,$N_{cal}$ by $m$; fixed 10 anomalies,2,heatmap_cell,standard_conformal_bh,perfect,m_fixed_count,3.3010299956639813,2.2,3.1505149978319906,3.451544993495972,2.1,2.3,2000.0,test batch size $m$,0.1,2000,,10.0,25,100,0.0,0.0,0.0,0.0,0.0,1.0996328713435297,1.0,1.0,2500,perfect_m_fixed_count,empirical FDR / nominal alpha
tikz-v1,figure6_supp,fdr_ratio_atlas_r1_c2,$N_{cal}$ by $m$; fixed 10 anomalies,2,heatmap_cell,standard_conformal_bh,perfect,m_fixed_count,3.3010299956639813,2.4,3.1505149978319906,3.451544993495972,2.3,2.5,2000.0,test batch size $m$,0.1,2000,,10.0,25,100,0.0,0.0,0.0,0.0,0.0,0.8996294548824371,1.0,1.0,2500,perfect_m_fixed_count,empirical FDR / nominal alpha
tikz-v1,figure6_supp,fdr_ratio_atlas_r1_c2,$N_{cal}$ by $m$; fixed 10 anomalies,2,heatmap_cell,standard_conformal_bh,perfect,m_fixed_count,3.3010299956639813,2.6,3.1505149978319906,3.451544993495972,2.5,2.7,2000.0,test batch size $m$,0.1,2000,,10.0,25,100,0.0,0.0,0.0,0.0,0.0,0.700057099977233,1.0,1.0,2500,perfect_m_fixed_count,empirical FDR / nominal alpha
tikz-v1,figure6_supp,fdr_ratio_atlas_r1_c2,$N_{cal}$ by $m$; fixed 10 anomalies,2,heatmap_cell,standard_conformal_bh,perfect,m_fixed_count,3.3010299956639813,2.8,3.1505149978319906,3.451544993495972,2.7,2.9,2000.0,test batch size $m$,0.1,2000,,10.0,25,100,0.0,0.0,0.0,0.0,0.0,0.5003129173815962,1.0,1.0,2500,perfect_m_fixed_count,empirical FDR / nominal alpha
tikz-v1,figure6_supp,fdr_ratio_atlas_r1_c2,$N_{cal}$ by $m$; fixed 10 anomalies,2,heatmap_cell,standard_conformal_bh,perfect,m_fixed_count,3.3010299956639813,3.0,3.1505149978319906,3.451544993495972,2.9,3.0999999999999996,2000.0,test batch size $m$,0.1,2000,,10.0,25,100,0.002,0.002,0.0004,0.0004,0.0002,0.3005959181846626,1.0,1.0,2500,perfect_m_fixed_count,empirical FDR / nominal alpha
tikz-v1,figure6_supp,fdr_ratio_atlas_r1_c2,$N_{cal}$ by $m$; fixed 10 anomalies,2,heatmap_cell,standard_conformal_bh,perfect,m_fixed_count,3.3010299956639813,3.1999999999999997,3.1505149978319906,3.451544993495972,3.0999999999999996,3.3,2000.0,test batch size $m$,0.1,2000,,10.0,25,100,0.3561966360093295,0.3561966360093295,0.124,0.124,0.03561966360093295,0.10072681268239621,1.0,1.0,2500,perfect_m_fixed_count,empirical FDR / nominal alpha
tikz-v1,figure6_supp,fdr_ratio_atlas_r1_c2,$N_{cal}$ by $m$; fixed 10 anomalies,2,heatmap_cell,standard_conformal_bh,perfect,m_fixed_count,3.3010299956639813,3.4,3.1505149978319906,3.451544993495972,3.3,3.5,2000.0,test batch size $m$,0.1,2000,,10.0,25,100,0.6025646094531543,0.6025646094531543,1.0,1.0,0.06025646094531543,-0.09916249292859479,0.0,1.0,2500,perfect_m_fixed_count,empirical FDR / nominal alpha
tikz-v1,figure6_supp,fdr_ratio_atlas_r1_c2,$N_{cal}$ by $m$; fixed 10 anomalies,2,heatmap_cell,standard_conformal_bh,perfect,m_fixed_count,3.3010299956639813,3.6,3.1505149978319906,3.451544993495972,3.5,3.7,2000.0,test batch size $m$,0.1,2000,,10.0,25,100,0.8713829046770222,0.8713829046770222,1.0,1.0,0.08713829046770222,-0.2990712600274095,0.0,1.0,2500,perfect_m_fixed_count,empirical FDR / nominal alpha
tikz-v1,figure6_supp,fdr_ratio_atlas_r1_c2,$N_{cal}$ by $m$; fixed 10 anomalies,2,heatmap_cell,standard_conformal_bh,perfect,m_fixed_count,3.3010299956639813,3.8,3.1505149978319906,3.451544993495972,3.7,3.8999999999999995,2000.0,test batch size $m$,0.1,2000,,10.0,25,100,1.1044267520143818,1.1044267520143818,1.0,1.0,0.11044267520143818,-0.4990681845107945,0.0,1.0,2500,perfect_m_fixed_count,empirical FDR / nominal alpha
tikz-v1,figure6_supp,fdr_ratio_atlas_r1_c2,$N_{cal}$ by $m$; fixed 10 anomalies,2,heatmap_cell,standard_conformal_bh,perfect,m_fixed_count,3.3010299956639813,3.9999999999999996,3.1505149978319906,3.451544993495972,3.8999999999999995,4.1,2000.0,test batch size $m$,0.1,2000,,10.0,25,100,0.8971353132591523,0.8971353132591523,1.0,1.0,0.08971353132591524,-0.6990134316128814,0.0,1.0,2500,perfect_m_fixed_count,empirical FDR / nominal alpha
tikz-v1,figure6_supp,fdr_ratio_atlas_r1_c1,$N_{cal}$ by $m$; fixed $\pi_1=0.05$,1,heatmap_cell,standard_conformal_bh,perfect,m_fixed_pi,1.6989700043360187,1.4,1.5484550065040281,1.8494850021680094,1.3,1.5,50.0,test batch size $m$,0.1,50,0.05,,25,100,0.0,0.0,0.0,0.0,0.0,0.9829666607012196,1.0,1.0,2500,perfect_m_fixed_pi,empirical FDR / nominal alpha
tikz-v1,figure6_supp,fdr_ratio_atlas_r1_c1,$N_{cal}$ by $m$; fixed $\pi_1=0.05$,1,heatmap_cell,standard_conformal_bh,perfect,m_fixed_pi,1.6989700043360187,1.6,1.5484550065040281,1.8494850021680094,1.5,1.7,50.0,test batch size $m$,0.1,50,0.05,,25,100,0.0,0.0,0.0,0.0,0.0,0.7851561519523022,1.0,1.0,2500,perfect_m_fixed_pi,empirical FDR / nominal alpha
tikz-v1,figure6_supp,fdr_ratio_atlas_r1_c1,$N_{cal}$ by $m$; fixed $\pi_1=0.05$,1,heatmap_cell,standard_conformal_bh,perfect,m_fixed_pi,1.6989700043360187,1.7999999999999998,1.5484550065040281,1.8494850021680094,1.7,1.9,50.0,test batch size $m$,0.1,50,0.05,,25,100,0.0029999999999999996,0.0029999999999999996,0.0004,0.0004,0.0003,0.5917600346881504,1.0,1.0,2500,perfect_m_fixed_pi,empirical FDR / nominal alpha
tikz-v1,figure6_supp,fdr_ratio_atlas_r1_c1,$N_{cal}$ by $m$; fixed $\pi_1=0.05$,1,heatmap_cell,standard_conformal_bh,perfect,m_fixed_pi,1.6989700043360187,2.0,1.5484550065040281,1.8494850021680094,1.9,2.1,50.0,test batch size $m$,0.1,50,0.05,,25,100,0.14739047619047618,0.14739047619047618,0.024,0.024,0.014739047619047619,0.393618634889395,1.0,1.0,2500,perfect_m_fixed_pi,empirical FDR / nominal alpha
tikz-v1,figure6_supp,fdr_ratio_atlas_r1_c1,$N_{cal}$ by $m$; fixed $\pi_1=0.05$,1,heatmap_cell,standard_conformal_bh,perfect,m_fixed_pi,1.6989700043360187,2.2,1.5484550065040281,1.8494850021680094,2.1,2.3,50.0,test batch size $m$,0.1,50,0.05,,25,100,0.3584251082251082,0.3584251082251082,0.0664,0.0664,0.035842510822510824,0.19654288435158615,1.0,1.0,2500,perfect_m_fixed_pi,empirical FDR / nominal alpha
tikz-v1,figure6_supp,fdr_ratio_atlas_r1_c1,$N_{cal}$ by $m$; fixed $\pi_1=0.05$,1,heatmap_cell,standard_conformal_bh,perfect,m_fixed_pi,1.6989700043360187,2.4,1.5484550065040281,1.8494850021680094,2.3,2.5,50.0,test batch size $m$,0.1,50,0.05,,25,100,0.8012571428571427,0.8012571428571427,1.0,1.0,0.08012571428571427,-0.0034605321095065224,0.0,1.0,2500,perfect_m_fixed_pi,empirical FDR / nominal alpha
tikz-v1,figure6_supp,fdr_ratio_atlas_r1_c1,$N_{cal}$ by $m$; fixed $\pi_1=0.05$,1,heatmap_cell,standard_conformal_bh,perfect,m_fixed_pi,1.6989700043360187,2.6,1.5484550065040281,1.8494850021680094,2.5,2.7,50.0,test batch size $m$,0.1,50,0.05,,25,100,0.8590920634920635,0.8590920634920635,1.0,1.0,0.08590920634920635,-0.20303288701471064,0.0,1.0,2500,perfect_m_fixed_pi,empirical FDR / nominal alpha
tikz-v1,figure6_supp,fdr_ratio_atlas_r1_c1,$N_{cal}$ by $m$; fixed $\pi_1=0.05$,1,heatmap_cell,standard_conformal_bh,perfect,m_fixed_pi,1.6989700043360187,2.8,1.5484550065040281,1.8494850021680094,2.7,2.9,50.0,test batch size $m$,0.1,50,0.05,,25,100,0.9342444444444443,0.9342444444444443,1.0,1.0,0.09342444444444443,-0.4027770696103474,0.0,1.0,2500,perfect_m_fixed_pi,empirical FDR / nominal alpha
tikz-v1,figure6_supp,fdr_ratio_atlas_r1_c1,$N_{cal}$ by $m$; fixed $\pi_1=0.05$,1,heatmap_cell,standard_conformal_bh,perfect,m_fixed_pi,1.6989700043360187,3.0,1.5484550065040281,1.8494850021680094,2.9,3.0999999999999996,50.0,test batch size $m$,0.1,50,0.05,,25,100,1.0371777777777775,1.0371777777777775,1.0,1.0,0.10371777777777777,-0.6024940688072811,0.0,1.0,2500,perfect_m_fixed_pi,empirical FDR / nominal alpha
tikz-v1,figure6_supp,fdr_ratio_atlas_r1_c1,$N_{cal}$ by $m$; fixed $\pi_1=0.05$,1,heatmap_cell,standard_conformal_bh,perfect,m_fixed_pi,1.6989700043360187,3.1999999999999997,1.5484550065040281,1.8494850021680094,3.0999999999999996,3.3,50.0,test batch size $m$,0.1,50,0.05,,25,100,0.8732571428571426,0.8732571428571426,1.0,1.0,0.08732571428571427,-0.8023631743095474,0.0,1.0,2500,perfect_m_fixed_pi,empirical FDR / nominal alpha
tikz-v1,figure6_supp,fdr_ratio_atlas_r1_c1,$N_{cal}$ by $m$; fixed $\pi_1=0.05$,1,heatmap_cell,standard_conformal_bh,perfect,m_fixed_pi,1.6989700043360187,3.4,1.5484550065040281,1.8494850021680094,3.3,3.5,50.0,test batch size $m$,0.1,50,0.05,,25,100,0.9126000000000001,0.9126000000000001,1.0,1.0,0.09126000000000001,-1.0022524799205383,0.0,1.0,2500,perfect_m_fixed_pi,empirical FDR / nominal alpha
tikz-v1,figure6_supp,fdr_ratio_atlas_r1_c1,$N_{cal}$ by $m$; fixed $\pi_1=0.05$,1,heatmap_cell,standard_conformal_bh,perfect,m_fixed_pi,1.6989700043360187,3.6,1.5484550065040281,1.8494850021680094,3.5,3.7,50.0,test batch size $m$,0.1,50,0.05,,25,100,0.8892571428571429,0.8892571428571429,1.0,1.0,0.08892571428571429,-1.2021612470193532,0.0,1.0,2500,perfect_m_fixed_pi,empirical FDR / nominal alpha
tikz-v1,figure6_supp,fdr_ratio_atlas_r1_c1,$N_{cal}$ by $m$; fixed $\pi_1=0.05$,1,heatmap_cell,standard_conformal_bh,perfect,m_fixed_pi,1.6989700043360187,3.8,1.5484550065040281,1.8494850021680094,3.7,3.8999999999999995,50.0,test batch size $m$,0.1,50,0.05,,25,100,0.9228,0.9228,1.0,1.0,0.09228,-1.402158171502738,0.0,1.0,2500,perfect_m_fixed_pi,empirical FDR / nominal alpha
tikz-v1,figure6_supp,fdr_ratio_atlas_r1_c1,$N_{cal}$ by $m$; fixed $\pi_1=0.05$,1,heatmap_cell,standard_conformal_bh,perfect,m_fixed_pi,1.6989700043360187,3.9999999999999996,1.5484550065040281,1.8494850021680094,3.8999999999999995,4.1,50.0,test batch size $m$,0.1,50,0.05,,25,100,0.9449333333333333,0.9449333333333333,1.0,1.0,0.09449333333333333,-1.602103418604825,0.0,1.0,2500,perfect_m_fixed_pi,empirical FDR / nominal alpha
tikz-v1,figure6_supp,fdr_ratio_atlas_r1_c1,$N_{cal}$ by $m$; fixed $\pi_1=0.05$,1,heatmap_cell,standard_conformal_bh,perfect,m_fixed_pi,2.0,1.4,1.8494850021680094,2.1505149978319906,1.3,1.5,100.0,test batch size $m$,0.1,100,0.05,,25,100,0.0,0.0,0.0,0.0,0.0,0.8860566476931633,1.0,1.0,2500,perfect_m_fixed_pi,empirical FDR / nominal alpha
tikz-v1,figure6_supp,fdr_ratio_atlas_r1_c1,$N_{cal}$ by $m$; fixed $\pi_1=0.05$,1,heatmap_cell,standard_conformal_bh,perfect,m_fixed_pi,2.0,1.6,1.8494850021680094,2.1505149978319906,1.5,1.7,100.0,test batch size $m$,0.1,100,0.05,,25,100,0.0,0.0,0.0,0.0,0.0,0.6882461389442457,1.0,1.0,2500,perfect_m_fixed_pi,empirical FDR / nominal alpha
tikz-v1,figure6_supp,fdr_ratio_atlas_r1_c1,$N_{cal}$ by $m$; fixed $\pi_1=0.05$,1,heatmap_cell,standard_conformal_bh,perfect,m_fixed_pi,2.0,1.7999999999999998,1.8494850021680094,2.1505149978319906,1.7,1.9,100.0,test batch size $m$,0.1,100,0.05,,25,100,0.011,0.011,0.0016,0.0016,0.0011,0.494850021680094,1.0,1.0,2500,perfect_m_fixed_pi,empirical FDR / nominal alpha
tikz-v1,figure6_supp,fdr_ratio_atlas_r1_c1,$N_{cal}$ by $m$; fixed $\pi_1=0.05$,1,heatmap_cell,standard_conformal_bh,perfect,m_fixed_pi,2.0,2.0,1.8494850021680094,2.1505149978319906,1.9,2.1,100.0,test batch size $m$,0.1,100,0.05,,25,100,0.17428213453213454,0.17428213453213454,0.0324,0.0324,0.017428213453213454,0.2967086218813386,1.0,1.0,2500,perfect_m_fixed_pi,empirical FDR / nominal alpha
tikz-v1,figure6_supp,fdr_ratio_atlas_r1_c1,$N_{cal}$ by $m$; fixed $\pi_1=0.05$,1,heatmap_cell,standard_conformal_bh,perfect,m_fixed_pi,2.0,2.2,1.8494850021680094,2.1505149978319906,2.1,2.3,100.0,test batch size $m$,0.1,100,0.05,,25,100,0.18846153846153846,0.18846153846153846,0.06,0.06,0.018846153846153846,0.09963287134352969,1.0,1.0,2500,perfect_m_fixed_pi,empirical FDR / nominal alpha
tikz-v1,figure6_supp,fdr_ratio_atlas_r1_c1,$N_{cal}$ by $m$; fixed $\pi_1=0.05$,1,heatmap_cell,standard_conformal_bh,perfect,m_fixed_pi,2.0,2.4,1.8494850021680094,2.1505149978319906,2.3,2.5,100.0,test batch size $m$,0.1,100,0.05,,25,100,0.8766290572172925,0.8766290572172925,1.0,1.0,0.08766290572172925,-0.10037054511756292,0.0,1.0,2500,perfect_m_fixed_pi,empirical FDR / nominal alpha
tikz-v1,figure6_supp,fdr_ratio_atlas_r1_c1,$N_{cal}$ by $m$; fixed $\pi_1=0.05$,1,heatmap_cell,standard_conformal_bh,perfect,m_fixed_pi,2.0,2.6,1.8494850021680094,2.1505149978319906,2.5,2.7,100.0,test batch size $m$,0.1,100,0.05,,25,100,0.7812936507936508,0.7812936507936508,1.0,1.0,0.07812936507936508,-0.2999429000227671,0.0,1.0,2500,perfect_m_fixed_pi,empirical FDR / nominal alpha
tikz-v1,figure6_supp,fdr_ratio_atlas_r1_c1,$N_{cal}$ by $m$; fixed $\pi_1=0.05$,1,heatmap_cell,standard_conformal_bh,perfect,m_fixed_pi,2.0,2.8,1.8494850021680094,2.1505149978319906,2.7,2.9,100.0,test batch size $m$,0.1,100,0.05,,25,100,0.8052604617604616,0.8052604617604616,1.0,1.0,0.08052604617604617,-0.4996870826184039,0.0,1.0,2500,perfect_m_fixed_pi,empirical FDR / nominal alpha
tikz-v1,figure6_supp,fdr_ratio_atlas_r1_c1,$N_{cal}$ by $m$; fixed $\pi_1=0.05$,1,heatmap_cell,standard_conformal_bh,perfect,m_fixed_pi,2.0,3.0,1.8494850021680094,2.1505149978319906,2.9,3.0999999999999996,100.0,test batch size $m$,0.1,100,0.05,,25,100,1.0657126207126206,1.0657126207126206,1.0,1.0,0.10657126207126207,-0.6994040818153374,0.0,1.0,2500,perfect_m_fixed_pi,empirical FDR / nominal alpha
tikz-v1,figure6_supp,fdr_ratio_atlas_r1_c1,$N_{cal}$ by $m$; fixed $\pi_1=0.05$,1,heatmap_cell,standard_conformal_bh,perfect,m_fixed_pi,2.0,3.1999999999999997,1.8494850021680094,2.1505149978319906,3.0999999999999996,3.3,100.0,test batch size $m$,0.1,100,0.05,,25,100,0.8518571428571428,0.8518571428571428,1.0,1.0,0.08518571428571428,-0.8992731873176038,0.0,1.0,2500,perfect_m_fixed_pi,empirical FDR / nominal alpha
tikz-v1,figure6_supp,fdr_ratio_atlas_r1_c1,$N_{cal}$ by $m$; fixed $\pi_1=0.05$,1,heatmap_cell,standard_conformal_bh,perfect,m_fixed_pi,2.0,3.4,1.8494850021680094,2.1505149978319906,3.3,3.5,100.0,test batch size $m$,0.1,100,0.05,,25,100,0.9808484848484846,0.9808484848484846,1.0,1.0,0.09808484848484847,-1.0991624929285948,0.0,1.0,2500,perfect_m_fixed_pi,empirical FDR / nominal alpha
tikz-v1,figure6_supp,fdr_ratio_atlas_r1_c1,$N_{cal}$ by $m$; fixed $\pi_1=0.05$,1,heatmap_cell,standard_conformal_bh,perfect,m_fixed_pi,2.0,3.6,1.8494850021680094,2.1505149978319906,3.5,3.7,100.0,test batch size $m$,0.1,100,0.05,,25,100,0.9186161616161616,0.9186161616161616,1.0,1.0,0.09186161616161616,-1.2990712600274095,0.0,1.0,2500,perfect_m_fixed_pi,empirical FDR / nominal alpha
tikz-v1,figure6_supp,fdr_ratio_atlas_r1_c1,$N_{cal}$ by $m$; fixed $\pi_1=0.05$,1,heatmap_cell,standard_conformal_bh,perfect,m_fixed_pi,2.0,3.8,1.8494850021680094,2.1505149978319906,3.7,3.8999999999999995,100.0,test batch size $m$,0.1,100,0.05,,25,100,0.8855310245310245,0.8855310245310245,1.0,1.0,0.08855310245310245,-1.4990681845107945,0.0,1.0,2500,perfect_m_fixed_pi,empirical FDR / nominal alpha
tikz-v1,figure6_supp,fdr_ratio_atlas_r1_c1,$N_{cal}$ by $m$; fixed $\pi_1=0.05$,1,heatmap_cell,standard_conformal_bh,perfect,m_fixed_pi,2.0,3.9999999999999996,1.8494850021680094,2.1505149978319906,3.8999999999999995,4.1,100.0,test batch size $m$,0.1,100,0.05,,25,100,0.990452380952381,0.990452380952381,1.0,1.0,0.0990452380952381,-1.6990134316128815,0.0,1.0,2500,perfect_m_fixed_pi,empirical FDR / nominal alpha
tikz-v1,figure6_supp,fdr_ratio_atlas_r1_c1,$N_{cal}$ by $m$; fixed $\pi_1=0.05$,1,heatmap_cell,standard_conformal_bh,perfect,m_fixed_pi,2.3010299956639813,1.4,2.1505149978319906,2.5,1.3,1.5,200.0,test batch size $m$,0.1,200,0.05,,25,100,0.0,0.0,0.0,0.0,0.0,0.8860566476931633,1.0,1.0,2500,perfect_m_fixed_pi,empirical FDR / nominal alpha
tikz-v1,figure6_supp,fdr_ratio_atlas_r1_c1,$N_{cal}$ by $m$; fixed $\pi_1=0.05$,1,heatmap_cell,standard_conformal_bh,perfect,m_fixed_pi,2.3010299956639813,1.6,2.1505149978319906,2.5,1.5,1.7,200.0,test batch size $m$,0.1,200,0.05,,25,100,0.0,0.0,0.0,0.0,0.0,0.6882461389442457,1.0,1.0,2500,perfect_m_fixed_pi,empirical FDR / nominal alpha
tikz-v1,figure6_supp,fdr_ratio_atlas_r1_c1,$N_{cal}$ by $m$; fixed $\pi_1=0.05$,1,heatmap_cell,standard_conformal_bh,perfect,m_fixed_pi,2.3010299956639813,1.7999999999999998,2.1505149978319906,2.5,1.7,1.9,200.0,test batch size $m$,0.1,200,0.05,,25,100,0.0,0.0,0.0,0.0,0.0,0.494850021680094,1.0,1.0,2500,perfect_m_fixed_pi,empirical FDR / nominal alpha
tikz-v1,figure6_supp,fdr_ratio_atlas_r1_c1,$N_{cal}$ by $m$; fixed $\pi_1=0.05$,1,heatmap_cell,standard_conformal_bh,perfect,m_fixed_pi,2.3010299956639813,2.0,2.1505149978319906,2.5,1.9,2.1,200.0,test batch size $m$,0.1,200,0.05,,25,100,0.049021645021645015,0.049021645021645015,0.0096,0.0096,0.0049021645021645015,0.2967086218813386,1.0,1.0,2500,perfect_m_fixed_pi,empirical FDR / nominal alpha
tikz-v1,figure6_supp,fdr_ratio_atlas_r1_c1,$N_{cal}$ by $m$; fixed $\pi_1=0.05$,1,heatmap_cell,standard_conformal_bh,perfect,m_fixed_pi,2.3010299956639813,2.2,2.1505149978319906,2.5,2.1,2.3,200.0,test batch size $m$,0.1,200,0.05,,25,100,0.4536676721970839,0.4536676721970839,0.1684,0.1684,0.04536676721970839,0.09963287134352969,1.0,1.0,2500,perfect_m_fixed_pi,empirical FDR / nominal alpha
tikz-v1,figure6_supp,fdr_ratio_atlas_r1_c1,$N_{cal}$ by $m$; fixed $\pi_1=0.05$,1,heatmap_cell,standard_conformal_bh,perfect,m_fixed_pi,2.3010299956639813,2.4,2.1505149978319906,2.5,2.3,2.5,200.0,test batch size $m$,0.1,200,0.05,,25,100,0.6203151717563482,0.6203151717563482,1.0,1.0,0.06203151717563483,-0.10037054511756292,0.0,1.0,2500,perfect_m_fixed_pi,empirical FDR / nominal alpha
tikz-v1,figure6_supp,fdr_ratio_atlas_r1_c1,$N_{cal}$ by $m$; fixed $\pi_1=0.05$,1,heatmap_cell,standard_conformal_bh,perfect,m_fixed_pi,2.3010299956639813,2.6,2.1505149978319906,2.5,2.5,2.7,200.0,test batch size $m$,0.1,200,0.05,,25,100,0.8398213192036722,0.8398213192036722,1.0,1.0,0.08398213192036723,-0.2999429000227671,0.0,1.0,2500,perfect_m_fixed_pi,empirical FDR / nominal alpha
tikz-v1,figure6_supp,fdr_ratio_atlas_r1_c1,$N_{cal}$ by $m$; fixed $\pi_1=0.05$,1,heatmap_cell,standard_conformal_bh,perfect,m_fixed_pi,2.3010299956639813,2.8,2.1505149978319906,2.5,2.7,2.9,200.0,test batch size $m$,0.1,200,0.05,,25,100,0.856399128735042,0.856399128735042,1.0,1.0,0.0856399128735042,-0.4996870826184039,0.0,1.0,2500,perfect_m_fixed_pi,empirical FDR / nominal alpha
tikz-v1,figure6_supp,fdr_ratio_atlas_r1_c1,$N_{cal}$ by $m$; fixed $\pi_1=0.05$,1,heatmap_cell,standard_conformal_bh,perfect,m_fixed_pi,2.3010299956639813,3.0,2.1505149978319906,2.5,2.9,3.0999999999999996,200.0,test batch size $m$,0.1,200,0.05,,25,100,1.0927887014945838,1.0927887014945838,1.0,1.0,0.10927887014945839,-0.6994040818153374,0.0,1.0,2500,perfect_m_fixed_pi,empirical FDR / nominal alpha
tikz-v1,figure6_supp,fdr_ratio_atlas_r1_c1,$N_{cal}$ by $m$; fixed $\pi_1=0.05$,1,heatmap_cell,standard_conformal_bh,perfect,m_fixed_pi,2.3010299956639813,3.1999999999999997,2.1505149978319906,2.5,3.0999999999999996,3.3,200.0,test batch size $m$,0.1,200,0.05,,25,100,1.0413674479974788,1.0413674479974788,1.0,1.0,0.10413674479974788,-0.8992731873176038,0.0,1.0,2500,perfect_m_fixed_pi,empirical FDR / nominal alpha
tikz-v1,figure6_supp,fdr_ratio_atlas_r1_c1,$N_{cal}$ by $m$; fixed $\pi_1=0.05$,1,heatmap_cell,standard_conformal_bh,perfect,m_fixed_pi,2.3010299956639813,3.4,2.1505149978319906,2.5,3.3,3.5,200.0,test batch size $m$,0.1,200,0.05,,25,100,0.8979016767546179,0.8979016767546179,1.0,1.0,0.08979016767546179,-1.0991624929285948,0.0,1.0,2500,perfect_m_fixed_pi,empirical FDR / nominal alpha
tikz-v1,figure6_supp,fdr_ratio_atlas_r1_c1,$N_{cal}$ by $m$; fixed $\pi_1=0.05$,1,heatmap_cell,standard_conformal_bh,perfect,m_fixed_pi,2.3010299956639813,3.6,2.1505149978319906,2.5,3.5,3.7,200.0,test batch size $m$,0.1,200,0.05,,25,100,0.9118706359000476,0.9118706359000476,1.0,1.0,0.09118706359000477,-1.2990712600274095,0.0,1.0,2500,perfect_m_fixed_pi,empirical FDR / nominal alpha
tikz-v1,figure6_supp,fdr_ratio_atlas_r1_c1,$N_{cal}$ by $m$; fixed $\pi_1=0.05$,1,heatmap_cell,standard_conformal_bh,perfect,m_fixed_pi,2.3010299956639813,3.8,2.1505149978319906,2.5,3.7,3.8999999999999995,200.0,test batch size $m$,0.1,200,0.05,,25,100,0.9383845313613116,0.9383845313613116,1.0,1.0,0.09383845313613116,-1.4990681845107945,0.0,1.0,2500,perfect_m_fixed_pi,empirical FDR / nominal alpha
tikz-v1,figure6_supp,fdr_ratio_atlas_r1_c1,$N_{cal}$ by $m$; fixed $\pi_1=0.05$,1,heatmap_cell,standard_conformal_bh,perfect,m_fixed_pi,2.3010299956639813,3.9999999999999996,2.1505149978319906,2.5,3.8999999999999995,4.1,200.0,test batch size $m$,0.1,200,0.05,,25,100,0.9851853146853148,0.9851853146853148,1.0,1.0,0.09851853146853148,-1.6990134316128815,0.0,1.0,2500,perfect_m_fixed_pi,empirical FDR / nominal alpha
tikz-v1,figure6_supp,fdr_ratio_atlas_r1_c1,$N_{cal}$ by $m$; fixed $\pi_1=0.05$,1,heatmap_cell,standard_conformal_bh,perfect,m_fixed_pi,2.6989700043360187,1.4,2.5,2.8494850021680094,1.3,1.5,500.0,test batch size $m$,0.1,500,0.05,,25,100,0.0,0.0,0.0,0.0,0.0,0.8860566476931633,1.0,1.0,2500,perfect_m_fixed_pi,empirical FDR / nominal alpha
tikz-v1,figure6_supp,fdr_ratio_atlas_r1_c1,$N_{cal}$ by $m$; fixed $\pi_1=0.05$,1,heatmap_cell,standard_conformal_bh,perfect,m_fixed_pi,2.6989700043360187,1.6,2.5,2.8494850021680094,1.5,1.7,500.0,test batch size $m$,0.1,500,0.05,,25,100,0.0,0.0,0.0,0.0,0.0,0.6882461389442457,1.0,1.0,2500,perfect_m_fixed_pi,empirical FDR / nominal alpha
tikz-v1,figure6_supp,fdr_ratio_atlas_r1_c1,$N_{cal}$ by $m$; fixed $\pi_1=0.05$,1,heatmap_cell,standard_conformal_bh,perfect,m_fixed_pi,2.6989700043360187,1.7999999999999998,2.5,2.8494850021680094,1.7,1.9,500.0,test batch size $m$,0.1,500,0.05,,25,100,0.0,0.0,0.0,0.0,0.0,0.494850021680094,1.0,1.0,2500,perfect_m_fixed_pi,empirical FDR / nominal alpha
tikz-v1,figure6_supp,fdr_ratio_atlas_r1_c1,$N_{cal}$ by $m$; fixed $\pi_1=0.05$,1,heatmap_cell,standard_conformal_bh,perfect,m_fixed_pi,2.6989700043360187,2.0,2.5,2.8494850021680094,1.9,2.1,500.0,test batch size $m$,0.1,500,0.05,,25,100,0.002,0.002,0.0004,0.0004,0.0002,0.2967086218813386,1.0,1.0,2500,perfect_m_fixed_pi,empirical FDR / nominal alpha
tikz-v1,figure6_supp,fdr_ratio_atlas_r1_c1,$N_{cal}$ by $m$; fixed $\pi_1=0.05$,1,heatmap_cell,standard_conformal_bh,perfect,m_fixed_pi,2.6989700043360187,2.2,2.5,2.8494850021680094,2.1,2.3,500.0,test batch size $m$,0.1,500,0.05,,25,100,0.7266153458776534,0.7266153458776534,0.2468,0.2468,0.07266153458776535,0.09963287134352969,1.0,1.0,2500,perfect_m_fixed_pi,empirical FDR / nominal alpha
tikz-v1,figure6_supp,fdr_ratio_atlas_r1_c1,$N_{cal}$ by $m$; fixed $\pi_1=0.05$,1,heatmap_cell,standard_conformal_bh,perfect,m_fixed_pi,2.6989700043360187,2.4,2.5,2.8494850021680094,2.3,2.5,500.0,test batch size $m$,0.1,500,0.05,,25,100,0.5796767811807234,0.5796767811807234,1.0,1.0,0.057967678118072345,-0.10037054511756292,0.0,1.0,2500,perfect_m_fixed_pi,empirical FDR / nominal alpha
tikz-v1,figure6_supp,fdr_ratio_atlas_r1_c1,$N_{cal}$ by $m$; fixed $\pi_1=0.05$,1,heatmap_cell,standard_conformal_bh,perfect,m_fixed_pi,2.6989700043360187,2.6,2.5,2.8494850021680094,2.5,2.7,500.0,test batch size $m$,0.1,500,0.05,,25,100,0.7201374761182656,0.7201374761182656,1.0,1.0,0.07201374761182656,-0.2999429000227671,0.0,1.0,2500,perfect_m_fixed_pi,empirical FDR / nominal alpha
tikz-v1,figure6_supp,fdr_ratio_atlas_r1_c1,$N_{cal}$ by $m$; fixed $\pi_1=0.05$,1,heatmap_cell,standard_conformal_bh,perfect,m_fixed_pi,2.6989700043360187,2.8,2.5,2.8494850021680094,2.7,2.9,500.0,test batch size $m$,0.1,500,0.05,,25,100,0.8348962578391758,0.8348962578391758,1.0,1.0,0.08348962578391758,-0.4996870826184039,0.0,1.0,2500,perfect_m_fixed_pi,empirical FDR / nominal alpha
tikz-v1,figure6_supp,fdr_ratio_atlas_r1_c1,$N_{cal}$ by $m$; fixed $\pi_1=0.05$,1,heatmap_cell,standard_conformal_bh,perfect,m_fixed_pi,2.6989700043360187,3.0,2.5,2.8494850021680094,2.9,3.0999999999999996,500.0,test batch size $m$,0.1,500,0.05,,25,100,0.8600051751584772,0.8600051751584772,1.0,1.0,0.08600051751584772,-0.6994040818153374,0.0,1.0,2500,perfect_m_fixed_pi,empirical FDR / nominal alpha
tikz-v1,figure6_supp,fdr_ratio_atlas_r1_c1,$N_{cal}$ by $m$; fixed $\pi_1=0.05$,1,heatmap_cell,standard_conformal_bh,perfect,m_fixed_pi,2.6989700043360187,3.1999999999999997,2.5,2.8494850021680094,3.0999999999999996,3.3,500.0,test batch size $m$,0.1,500,0.05,,25,100,0.7792116705817876,0.7792116705817876,1.0,1.0,0.07792116705817877,-0.8992731873176038,0.0,1.0,2500,perfect_m_fixed_pi,empirical FDR / nominal alpha
tikz-v1,figure6_supp,fdr_ratio_atlas_r1_c1,$N_{cal}$ by $m$; fixed $\pi_1=0.05$,1,heatmap_cell,standard_conformal_bh,perfect,m_fixed_pi,2.6989700043360187,3.4,2.5,2.8494850021680094,3.3,3.5,500.0,test batch size $m$,0.1,500,0.05,,25,100,0.8211606749536147,0.8211606749536147,1.0,1.0,0.08211606749536147,-1.0991624929285948,0.0,1.0,2500,perfect_m_fixed_pi,empirical FDR / nominal alpha
tikz-v1,figure6_supp,fdr_ratio_atlas_r1_c1,$N_{cal}$ by $m$; fixed $\pi_1=0.05$,1,heatmap_cell,standard_conformal_bh,perfect,m_fixed_pi,2.6989700043360187,3.6,2.5,2.8494850021680094,3.5,3.7,500.0,test batch size $m$,0.1,500,0.05,,25,100,0.9252143483448961,0.9252143483448961,1.0,1.0,0.09252143483448962,-1.2990712600274095,0.0,1.0,2500,perfect_m_fixed_pi,empirical FDR / nominal alpha
tikz-v1,figure6_supp,fdr_ratio_atlas_r1_c1,$N_{cal}$ by $m$; fixed $\pi_1=0.05$,1,heatmap_cell,standard_conformal_bh,perfect,m_fixed_pi,2.6989700043360187,3.8,2.5,2.8494850021680094,3.7,3.8999999999999995,500.0,test batch size $m$,0.1,500,0.05,,25,100,0.9109727870298356,0.9109727870298356,1.0,1.0,0.09109727870298356,-1.4990681845107945,0.0,1.0,2500,perfect_m_fixed_pi,empirical FDR / nominal alpha
tikz-v1,figure6_supp,fdr_ratio_atlas_r1_c1,$N_{cal}$ by $m$; fixed $\pi_1=0.05$,1,heatmap_cell,standard_conformal_bh,perfect,m_fixed_pi,2.6989700043360187,3.9999999999999996,2.5,2.8494850021680094,3.8999999999999995,4.1,500.0,test batch size $m$,0.1,500,0.05,,25,100,0.9535308677688772,0.9535308677688772,1.0,1.0,0.09535308677688772,-1.6990134316128815,0.0,1.0,2500,perfect_m_fixed_pi,empirical FDR / nominal alpha
tikz-v1,figure6_supp,fdr_ratio_atlas_r1_c1,$N_{cal}$ by $m$; fixed $\pi_1=0.05$,1,heatmap_cell,standard_conformal_bh,perfect,m_fixed_pi,3.0,1.4,2.8494850021680094,3.1505149978319906,1.3,1.5,1000.0,test batch size $m$,0.1,1000,0.05,,25,100,0.0,0.0,0.0,0.0,0.0,0.8860566476931633,1.0,1.0,2500,perfect_m_fixed_pi,empirical FDR / nominal alpha
tikz-v1,figure6_supp,fdr_ratio_atlas_r1_c1,$N_{cal}$ by $m$; fixed $\pi_1=0.05$,1,heatmap_cell,standard_conformal_bh,perfect,m_fixed_pi,3.0,1.6,2.8494850021680094,3.1505149978319906,1.5,1.7,1000.0,test batch size $m$,0.1,1000,0.05,,25,100,0.0,0.0,0.0,0.0,0.0,0.6882461389442457,1.0,1.0,2500,perfect_m_fixed_pi,empirical FDR / nominal alpha
tikz-v1,figure6_supp,fdr_ratio_atlas_r1_c1,$N_{cal}$ by $m$; fixed $\pi_1=0.05$,1,heatmap_cell,standard_conformal_bh,perfect,m_fixed_pi,3.0,1.7999999999999998,2.8494850021680094,3.1505149978319906,1.7,1.9,1000.0,test batch size $m$,0.1,1000,0.05,,25,100,0.0,0.0,0.0,0.0,0.0,0.494850021680094,1.0,1.0,2500,perfect_m_fixed_pi,empirical FDR / nominal alpha
tikz-v1,figure6_supp,fdr_ratio_atlas_r1_c1,$N_{cal}$ by $m$; fixed $\pi_1=0.05$,1,heatmap_cell,standard_conformal_bh,perfect,m_fixed_pi,3.0,2.0,2.8494850021680094,3.1505149978319906,1.9,2.1,1000.0,test batch size $m$,0.1,1000,0.05,,25,100,0.00405901766647253,0.00405901766647253,0.0008,0.0008,0.00040590176664725297,0.2967086218813386,1.0,1.0,2500,perfect_m_fixed_pi,empirical FDR / nominal alpha
tikz-v1,figure6_supp,fdr_ratio_atlas_r1_c1,$N_{cal}$ by $m$; fixed $\pi_1=0.05$,1,heatmap_cell,standard_conformal_bh,perfect,m_fixed_pi,3.0,2.2,2.8494850021680094,3.1505149978319906,2.1,2.3,1000.0,test batch size $m$,0.1,1000,0.05,,25,100,0.6075620337832226,0.6075620337832226,0.2268,0.2268,0.060756203378322264,0.09963287134352969,1.0,1.0,2500,perfect_m_fixed_pi,empirical FDR / nominal alpha
tikz-v1,figure6_supp,fdr_ratio_atlas_r1_c1,$N_{cal}$ by $m$; fixed $\pi_1=0.05$,1,heatmap_cell,standard_conformal_bh,perfect,m_fixed_pi,3.0,2.4,2.8494850021680094,3.1505149978319906,2.3,2.5,1000.0,test batch size $m$,0.1,1000,0.05,,25,100,0.975715986306945,0.975715986306945,1.0,1.0,0.0975715986306945,-0.10037054511756292,0.0,1.0,2500,perfect_m_fixed_pi,empirical FDR / nominal alpha
tikz-v1,figure6_supp,fdr_ratio_atlas_r1_c1,$N_{cal}$ by $m$; fixed $\pi_1=0.05$,1,heatmap_cell,standard_conformal_bh,perfect,m_fixed_pi,3.0,2.6,2.8494850021680094,3.1505149978319906,2.5,2.7,1000.0,test batch size $m$,0.1,1000,0.05,,25,100,0.7905828500846976,0.7905828500846976,1.0,1.0,0.07905828500846977,-0.2999429000227671,0.0,1.0,2500,perfect_m_fixed_pi,empirical FDR / nominal alpha
tikz-v1,figure6_supp,fdr_ratio_atlas_r1_c1,$N_{cal}$ by $m$; fixed $\pi_1=0.05$,1,heatmap_cell,standard_conformal_bh,perfect,m_fixed_pi,3.0,2.8,2.8494850021680094,3.1505149978319906,2.7,2.9,1000.0,test batch size $m$,0.1,1000,0.05,,25,100,0.8929655288213145,0.8929655288213145,1.0,1.0,0.08929655288213145,-0.4996870826184039,0.0,1.0,2500,perfect_m_fixed_pi,empirical FDR / nominal alpha
tikz-v1,figure6_supp,fdr_ratio_atlas_r1_c1,$N_{cal}$ by $m$; fixed $\pi_1=0.05$,1,heatmap_cell,standard_conformal_bh,perfect,m_fixed_pi,3.0,3.0,2.8494850021680094,3.1505149978319906,2.9,3.0999999999999996,1000.0,test batch size $m$,0.1,1000,0.05,,25,100,0.8802074271724121,0.8802074271724121,1.0,1.0,0.08802074271724121,-0.6994040818153374,0.0,1.0,2500,perfect_m_fixed_pi,empirical FDR / nominal alpha
tikz-v1,figure6_supp,fdr_ratio_atlas_r1_c1,$N_{cal}$ by $m$; fixed $\pi_1=0.05$,1,heatmap_cell,standard_conformal_bh,perfect,m_fixed_pi,3.0,3.1999999999999997,2.8494850021680094,3.1505149978319906,3.0999999999999996,3.3,1000.0,test batch size $m$,0.1,1000,0.05,,25,100,0.9418685136127408,0.9418685136127408,1.0,1.0,0.09418685136127408,-0.8992731873176038,0.0,1.0,2500,perfect_m_fixed_pi,empirical FDR / nominal alpha
tikz-v1,figure6_supp,fdr_ratio_atlas_r1_c1,$N_{cal}$ by $m$; fixed $\pi_1=0.05$,1,heatmap_cell,standard_conformal_bh,perfect,m_fixed_pi,3.0,3.4,2.8494850021680094,3.1505149978319906,3.3,3.5,1000.0,test batch size $m$,0.1,1000,0.05,,25,100,0.9380418366878359,0.9380418366878359,1.0,1.0,0.0938041836687836,-1.0991624929285948,0.0,1.0,2500,perfect_m_fixed_pi,empirical FDR / nominal alpha
tikz-v1,figure6_supp,fdr_ratio_atlas_r1_c1,$N_{cal}$ by $m$; fixed $\pi_1=0.05$,1,heatmap_cell,standard_conformal_bh,perfect,m_fixed_pi,3.0,3.6,2.8494850021680094,3.1505149978319906,3.5,3.7,1000.0,test batch size $m$,0.1,1000,0.05,,25,100,0.9557971060660315,0.9557971060660315,1.0,1.0,0.09557971060660315,-1.2990712600274095,0.0,1.0,2500,perfect_m_fixed_pi,empirical FDR / nominal alpha
tikz-v1,figure6_supp,fdr_ratio_atlas_r1_c1,$N_{cal}$ by $m$; fixed $\pi_1=0.05$,1,heatmap_cell,standard_conformal_bh,perfect,m_fixed_pi,3.0,3.8,2.8494850021680094,3.1505149978319906,3.7,3.8999999999999995,1000.0,test batch size $m$,0.1,1000,0.05,,25,100,1.0003246348742996,1.0003246348742996,1.0,1.0,0.10003246348742996,-1.4990681845107945,0.0,1.0,2500,perfect_m_fixed_pi,empirical FDR / nominal alpha
tikz-v1,figure6_supp,fdr_ratio_atlas_r1_c1,$N_{cal}$ by $m$; fixed $\pi_1=0.05$,1,heatmap_cell,standard_conformal_bh,perfect,m_fixed_pi,3.0,3.9999999999999996,2.8494850021680094,3.1505149978319906,3.8999999999999995,4.1,1000.0,test batch size $m$,0.1,1000,0.05,,25,100,0.9492441060270619,0.9492441060270619,1.0,1.0,0.09492441060270619,-1.6990134316128815,0.0,1.0,2500,perfect_m_fixed_pi,empirical FDR / nominal alpha
tikz-v1,figure6_supp,fdr_ratio_atlas_r1_c1,$N_{cal}$ by $m$; fixed $\pi_1=0.05$,1,heatmap_cell,standard_conformal_bh,perfect,m_fixed_pi,3.3010299956639813,1.4,3.1505149978319906,3.451544993495972,1.3,1.5,2000.0,test batch size $m$,0.1,2000,0.05,,25,100,0.0,0.0,0.0,0.0,0.0,0.8860566476931633,1.0,1.0,2500,perfect_m_fixed_pi,empirical FDR / nominal alpha
tikz-v1,figure6_supp,fdr_ratio_atlas_r1_c1,$N_{cal}$ by $m$; fixed $\pi_1=0.05$,1,heatmap_cell,standard_conformal_bh,perfect,m_fixed_pi,3.3010299956639813,1.6,3.1505149978319906,3.451544993495972,1.5,1.7,2000.0,test batch size $m$,0.1,2000,0.05,,25,100,0.0,0.0,0.0,0.0,0.0,0.6882461389442457,1.0,1.0,2500,perfect_m_fixed_pi,empirical FDR / nominal alpha
tikz-v1,figure6_supp,fdr_ratio_atlas_r1_c1,$N_{cal}$ by $m$; fixed $\pi_1=0.05$,1,heatmap_cell,standard_conformal_bh,perfect,m_fixed_pi,3.3010299956639813,1.7999999999999998,3.1505149978319906,3.451544993495972,1.7,1.9,2000.0,test batch size $m$,0.1,2000,0.05,,25,100,0.0,0.0,0.0,0.0,0.0,0.494850021680094,1.0,1.0,2500,perfect_m_fixed_pi,empirical FDR / nominal alpha
tikz-v1,figure6_supp,fdr_ratio_atlas_r1_c1,$N_{cal}$ by $m$; fixed $\pi_1=0.05$,1,heatmap_cell,standard_conformal_bh,perfect,m_fixed_pi,3.3010299956639813,2.0,3.1505149978319906,3.451544993495972,1.9,2.1,2000.0,test batch size $m$,0.1,2000,0.05,,25,100,0.00201980198019802,0.00201980198019802,0.0004,0.0004,0.00020198019801980199,0.2967086218813386,1.0,1.0,2500,perfect_m_fixed_pi,empirical FDR / nominal alpha
tikz-v1,figure6_supp,fdr_ratio_atlas_r1_c1,$N_{cal}$ by $m$; fixed $\pi_1=0.05$,1,heatmap_cell,standard_conformal_bh,perfect,m_fixed_pi,3.3010299956639813,2.2,3.1505149978319906,3.451544993495972,2.1,2.3,2000.0,test batch size $m$,0.1,2000,0.05,,25,100,0.32206187829322336,0.32206187829322336,0.1284,0.1284,0.03220618782932234,0.09963287134352969,1.0,1.0,2500,perfect_m_fixed_pi,empirical FDR / nominal alpha
tikz-v1,figure6_supp,fdr_ratio_atlas_r1_c1,$N_{cal}$ by $m$; fixed $\pi_1=0.05$,1,heatmap_cell,standard_conformal_bh,perfect,m_fixed_pi,3.3010299956639813,2.4,3.1505149978319906,3.451544993495972,2.3,2.5,2000.0,test batch size $m$,0.1,2000,0.05,,25,100,0.7737090772940554,0.7737090772940554,1.0,1.0,0.07737090772940554,-0.10037054511756292,0.0,1.0,2500,perfect_m_fixed_pi,empirical FDR / nominal alpha
tikz-v1,figure6_supp,fdr_ratio_atlas_r1_c1,$N_{cal}$ by $m$; fixed $\pi_1=0.05$,1,heatmap_cell,standard_conformal_bh,perfect,m_fixed_pi,3.3010299956639813,2.6,3.1505149978319906,3.451544993495972,2.5,2.7,2000.0,test batch size $m$,0.1,2000,0.05,,25,100,0.7356865081411464,0.7356865081411464,1.0,1.0,0.07356865081411465,-0.2999429000227671,0.0,1.0,2500,perfect_m_fixed_pi,empirical FDR / nominal alpha
tikz-v1,figure6_supp,fdr_ratio_atlas_r1_c1,$N_{cal}$ by $m$; fixed $\pi_1=0.05$,1,heatmap_cell,standard_conformal_bh,perfect,m_fixed_pi,3.3010299956639813,2.8,3.1505149978319906,3.451544993495972,2.7,2.9,2000.0,test batch size $m$,0.1,2000,0.05,,25,100,0.898723873001519,0.898723873001519,1.0,1.0,0.0898723873001519,-0.4996870826184039,0.0,1.0,2500,perfect_m_fixed_pi,empirical FDR / nominal alpha
tikz-v1,figure6_supp,fdr_ratio_atlas_r1_c1,$N_{cal}$ by $m$; fixed $\pi_1=0.05$,1,heatmap_cell,standard_conformal_bh,perfect,m_fixed_pi,3.3010299956639813,3.0,3.1505149978319906,3.451544993495972,2.9,3.0999999999999996,2000.0,test batch size $m$,0.1,2000,0.05,,25,100,0.8291390782209374,0.8291390782209374,1.0,1.0,0.08291390782209374,-0.6994040818153374,0.0,1.0,2500,perfect_m_fixed_pi,empirical FDR / nominal alpha
tikz-v1,figure6_supp,fdr_ratio_atlas_r1_c1,$N_{cal}$ by $m$; fixed $\pi_1=0.05$,1,heatmap_cell,standard_conformal_bh,perfect,m_fixed_pi,3.3010299956639813,3.1999999999999997,3.1505149978319906,3.451544993495972,3.0999999999999996,3.3,2000.0,test batch size $m$,0.1,2000,0.05,,25,100,0.9255119037779228,0.9255119037779228,1.0,1.0,0.09255119037779229,-0.8992731873176038,0.0,1.0,2500,perfect_m_fixed_pi,empirical FDR / nominal alpha
tikz-v1,figure6_supp,fdr_ratio_atlas_r1_c1,$N_{cal}$ by $m$; fixed $\pi_1=0.05$,1,heatmap_cell,standard_conformal_bh,perfect,m_fixed_pi,3.3010299956639813,3.4,3.1505149978319906,3.451544993495972,3.3,3.5,2000.0,test batch size $m$,0.1,2000,0.05,,25,100,0.9046543298661749,0.9046543298661749,1.0,1.0,0.0904654329866175,-1.0991624929285948,0.0,1.0,2500,perfect_m_fixed_pi,empirical FDR / nominal alpha
tikz-v1,figure6_supp,fdr_ratio_atlas_r1_c1,$N_{cal}$ by $m$; fixed $\pi_1=0.05$,1,heatmap_cell,standard_conformal_bh,perfect,m_fixed_pi,3.3010299956639813,3.6,3.1505149978319906,3.451544993495972,3.5,3.7,2000.0,test batch size $m$,0.1,2000,0.05,,25,100,0.9272640047891818,0.9272640047891818,1.0,1.0,0.09272640047891818,-1.2990712600274095,0.0,1.0,2500,perfect_m_fixed_pi,empirical FDR / nominal alpha
tikz-v1,figure6_supp,fdr_ratio_atlas_r1_c1,$N_{cal}$ by $m$; fixed $\pi_1=0.05$,1,heatmap_cell,standard_conformal_bh,perfect,m_fixed_pi,3.3010299956639813,3.8,3.1505149978319906,3.451544993495972,3.7,3.8999999999999995,2000.0,test batch size $m$,0.1,2000,0.05,,25,100,0.9884149547459299,0.9884149547459299,1.0,1.0,0.09884149547459299,-1.4990681845107945,0.0,1.0,2500,perfect_m_fixed_pi,empirical FDR / nominal alpha
tikz-v1,figure6_supp,fdr_ratio_atlas_r1_c1,$N_{cal}$ by $m$; fixed $\pi_1=0.05$,1,heatmap_cell,standard_conformal_bh,perfect,m_fixed_pi,3.3010299956639813,3.9999999999999996,3.1505149978319906,3.451544993495972,3.8999999999999995,4.1,2000.0,test batch size $m$,0.1,2000,0.05,,25,100,0.9269136619186195,0.9269136619186195,1.0,1.0,0.09269136619186195,-1.6990134316128815,0.0,1.0,2500,perfect_m_fixed_pi,empirical FDR / nominal alpha
tikz-v1,figure6_supp,fdr_ratio_atlas_r1_c3,$N_{cal}$ by anomaly rate,3,heatmap_cell,standard_conformal_bh,perfect,pi1_sweep,-2.3010299956639813,1.4,-2.451544993495972,-2.1505149978319906,1.3,1.5,0.005,anomaly rate $\pi_1$,0.1,1000,0.005,,25,100,0.0,0.0,0.0,0.0,0.0,1.8860566476931633,1.0,1.0,2500,perfect_pi1_sweep,empirical FDR / nominal alpha
tikz-v1,figure6_supp,fdr_ratio_atlas_r1_c3,$N_{cal}$ by anomaly rate,3,heatmap_cell,standard_conformal_bh,perfect,pi1_sweep,-2.3010299956639813,1.6,-2.451544993495972,-2.1505149978319906,1.5,1.7,0.005,anomaly rate $\pi_1$,0.1,1000,0.005,,25,100,0.0,0.0,0.0,0.0,0.0,1.6882461389442458,1.0,1.0,2500,perfect_pi1_sweep,empirical FDR / nominal alpha
tikz-v1,figure6_supp,fdr_ratio_atlas_r1_c3,$N_{cal}$ by anomaly rate,3,heatmap_cell,standard_conformal_bh,perfect,pi1_sweep,-2.3010299956639813,1.7999999999999998,-2.451544993495972,-2.1505149978319906,1.7,1.9,0.005,anomaly rate $\pi_1$,0.1,1000,0.005,,25,100,0.0,0.0,0.0,0.0,0.0,1.494850021680094,1.0,1.0,2500,perfect_pi1_sweep,empirical FDR / nominal alpha
tikz-v1,figure6_supp,fdr_ratio_atlas_r1_c3,$N_{cal}$ by anomaly rate,3,heatmap_cell,standard_conformal_bh,perfect,pi1_sweep,-2.3010299956639813,2.0,-2.451544993495972,-2.1505149978319906,1.9,2.1,0.005,anomaly rate $\pi_1$,0.1,1000,0.005,,25,100,0.0,0.0,0.0,0.0,0.0,1.2967086218813386,1.0,1.0,2500,perfect_pi1_sweep,empirical FDR / nominal alpha
tikz-v1,figure6_supp,fdr_ratio_atlas_r1_c3,$N_{cal}$ by anomaly rate,3,heatmap_cell,standard_conformal_bh,perfect,pi1_sweep,-2.3010299956639813,2.2,-2.451544993495972,-2.1505149978319906,2.1,2.3,0.005,anomaly rate $\pi_1$,0.1,1000,0.005,,25,100,0.0,0.0,0.0,0.0,0.0,1.0996328713435297,1.0,1.0,2500,perfect_pi1_sweep,empirical FDR / nominal alpha
tikz-v1,figure6_supp,fdr_ratio_atlas_r1_c3,$N_{cal}$ by anomaly rate,3,heatmap_cell,standard_conformal_bh,perfect,pi1_sweep,-2.3010299956639813,2.4,-2.451544993495972,-2.1505149978319906,2.3,2.5,0.005,anomaly rate $\pi_1$,0.1,1000,0.005,,25,100,0.0,0.0,0.0,0.0,0.0,0.8996294548824371,1.0,1.0,2500,perfect_pi1_sweep,empirical FDR / nominal alpha
tikz-v1,figure6_supp,fdr_ratio_atlas_r1_c3,$N_{cal}$ by anomaly rate,3,heatmap_cell,standard_conformal_bh,perfect,pi1_sweep,-2.3010299956639813,2.6,-2.451544993495972,-2.1505149978319906,2.5,2.7,0.005,anomaly rate $\pi_1$,0.1,1000,0.005,,25,100,0.0,0.0,0.0,0.0,0.0,0.700057099977233,1.0,1.0,2500,perfect_pi1_sweep,empirical FDR / nominal alpha
tikz-v1,figure6_supp,fdr_ratio_atlas_r1_c3,$N_{cal}$ by anomaly rate,3,heatmap_cell,standard_conformal_bh,perfect,pi1_sweep,-2.3010299956639813,2.8,-2.451544993495972,-2.1505149978319906,2.7,2.9,0.005,anomaly rate $\pi_1$,0.1,1000,0.005,,25,100,0.01962114845938375,0.01962114845938375,0.0028,0.0028,0.0019621148459383754,0.5003129173815962,1.0,1.0,2500,perfect_pi1_sweep,empirical FDR / nominal alpha
tikz-v1,figure6_supp,fdr_ratio_atlas_r1_c3,$N_{cal}$ by anomaly rate,3,heatmap_cell,standard_conformal_bh,perfect,pi1_sweep,-2.3010299956639813,3.0,-2.451544993495972,-2.1505149978319906,2.9,3.0999999999999996,0.005,anomaly rate $\pi_1$,0.1,1000,0.005,,25,100,0.1842634032634033,0.1842634032634033,0.0352,0.0352,0.01842634032634033,0.3005959181846626,1.0,1.0,2500,perfect_pi1_sweep,empirical FDR / nominal alpha
tikz-v1,figure6_supp,fdr_ratio_atlas_r1_c3,$N_{cal}$ by anomaly rate,3,heatmap_cell,standard_conformal_bh,perfect,pi1_sweep,-2.3010299956639813,3.1999999999999997,-2.451544993495972,-2.1505149978319906,3.0999999999999996,3.3,0.005,anomaly rate $\pi_1$,0.1,1000,0.005,,25,100,0.4082041847041846,0.4082041847041846,0.1256,0.1256,0.040820418470418465,0.10072681268239621,1.0,1.0,2500,perfect_pi1_sweep,empirical FDR / nominal alpha
tikz-v1,figure6_supp,fdr_ratio_atlas_r1_c3,$N_{cal}$ by anomaly rate,3,heatmap_cell,standard_conformal_bh,perfect,pi1_sweep,-2.3010299956639813,3.4,-2.451544993495972,-2.1505149978319906,3.3,3.5,0.005,anomaly rate $\pi_1$,0.1,1000,0.005,,25,100,0.5661468253968253,0.5661468253968253,1.0,1.0,0.05661468253968253,-0.09916249292859479,0.0,1.0,2500,perfect_pi1_sweep,empirical FDR / nominal alpha
tikz-v1,figure6_supp,fdr_ratio_atlas_r1_c3,$N_{cal}$ by anomaly rate,3,heatmap_cell,standard_conformal_bh,perfect,pi1_sweep,-2.3010299956639813,3.6,-2.451544993495972,-2.1505149978319906,3.5,3.7,0.005,anomaly rate $\pi_1$,0.1,1000,0.005,,25,100,0.7964033189033187,0.7964033189033187,1.0,1.0,0.07964033189033187,-0.2990712600274095,0.0,1.0,2500,perfect_pi1_sweep,empirical FDR / nominal alpha
tikz-v1,figure6_supp,fdr_ratio_atlas_r1_c3,$N_{cal}$ by anomaly rate,3,heatmap_cell,standard_conformal_bh,perfect,pi1_sweep,-2.3010299956639813,3.8,-2.451544993495972,-2.1505149978319906,3.7,3.8999999999999995,0.005,anomaly rate $\pi_1$,0.1,1000,0.005,,25,100,0.7196976911976911,0.7196976911976911,1.0,1.0,0.07196976911976911,-0.4990681845107945,0.0,1.0,2500,perfect_pi1_sweep,empirical FDR / nominal alpha
tikz-v1,figure6_supp,fdr_ratio_atlas_r1_c3,$N_{cal}$ by anomaly rate,3,heatmap_cell,standard_conformal_bh,perfect,pi1_sweep,-2.3010299956639813,3.9999999999999996,-2.451544993495972,-2.1505149978319906,3.8999999999999995,4.1,0.005,anomaly rate $\pi_1$,0.1,1000,0.005,,25,100,1.012463924963925,1.012463924963925,1.0,1.0,0.10124639249639249,-0.6990134316128814,0.0,1.0,2500,perfect_pi1_sweep,empirical FDR / nominal alpha
tikz-v1,figure6_supp,fdr_ratio_atlas_r1_c3,$N_{cal}$ by anomaly rate,3,heatmap_cell,standard_conformal_bh,perfect,pi1_sweep,-2.0,1.4,-2.1505149978319906,-1.8494850021680094,1.3,1.5,0.01,anomaly rate $\pi_1$,0.1,1000,0.01,,25,100,0.0,0.0,0.0,0.0,0.0,1.585026652029182,1.0,1.0,2500,perfect_pi1_sweep,empirical FDR / nominal alpha
tikz-v1,figure6_supp,fdr_ratio_atlas_r1_c3,$N_{cal}$ by anomaly rate,3,heatmap_cell,standard_conformal_bh,perfect,pi1_sweep,-2.0,1.6,-2.1505149978319906,-1.8494850021680094,1.5,1.7,0.01,anomaly rate $\pi_1$,0.1,1000,0.01,,25,100,0.0,0.0,0.0,0.0,0.0,1.3872161432802645,1.0,1.0,2500,perfect_pi1_sweep,empirical FDR / nominal alpha
tikz-v1,figure6_supp,fdr_ratio_atlas_r1_c3,$N_{cal}$ by anomaly rate,3,heatmap_cell,standard_conformal_bh,perfect,pi1_sweep,-2.0,1.7999999999999998,-2.1505149978319906,-1.8494850021680094,1.7,1.9,0.01,anomaly rate $\pi_1$,0.1,1000,0.01,,25,100,0.0,0.0,0.0,0.0,0.0,1.193820026016113,1.0,1.0,2500,perfect_pi1_sweep,empirical FDR / nominal alpha
tikz-v1,figure6_supp,fdr_ratio_atlas_r1_c3,$N_{cal}$ by anomaly rate,3,heatmap_cell,standard_conformal_bh,perfect,pi1_sweep,-2.0,2.0,-2.1505149978319906,-1.8494850021680094,1.9,2.1,0.01,anomaly rate $\pi_1$,0.1,1000,0.01,,25,100,0.0,0.0,0.0,0.0,0.0,0.9956786262173575,1.0,1.0,2500,perfect_pi1_sweep,empirical FDR / nominal alpha
tikz-v1,figure6_supp,fdr_ratio_atlas_r1_c3,$N_{cal}$ by anomaly rate,3,heatmap_cell,standard_conformal_bh,perfect,pi1_sweep,-2.0,2.2,-2.1505149978319906,-1.8494850021680094,2.1,2.3,0.01,anomaly rate $\pi_1$,0.1,1000,0.01,,25,100,0.0,0.0,0.0,0.0,0.0,0.7986028756795486,1.0,1.0,2500,perfect_pi1_sweep,empirical FDR / nominal alpha
tikz-v1,figure6_supp,fdr_ratio_atlas_r1_c3,$N_{cal}$ by anomaly rate,3,heatmap_cell,standard_conformal_bh,perfect,pi1_sweep,-2.0,2.4,-2.1505149978319906,-1.8494850021680094,2.3,2.5,0.01,anomaly rate $\pi_1$,0.1,1000,0.01,,25,100,0.0,0.0,0.0,0.0,0.0,0.5985994592184559,1.0,1.0,2500,perfect_pi1_sweep,empirical FDR / nominal alpha
tikz-v1,figure6_supp,fdr_ratio_atlas_r1_c3,$N_{cal}$ by anomaly rate,3,heatmap_cell,standard_conformal_bh,perfect,pi1_sweep,-2.0,2.6,-2.1505149978319906,-1.8494850021680094,2.5,2.7,0.01,anomaly rate $\pi_1$,0.1,1000,0.01,,25,100,0.0,0.0,0.0,0.0,0.0,0.3990271043132517,1.0,1.0,2500,perfect_pi1_sweep,empirical FDR / nominal alpha
tikz-v1,figure6_supp,fdr_ratio_atlas_r1_c3,$N_{cal}$ by anomaly rate,3,heatmap_cell,standard_conformal_bh,perfect,pi1_sweep,-2.0,2.8,-2.1505149978319906,-1.8494850021680094,2.7,2.9,0.01,anomaly rate $\pi_1$,0.1,1000,0.01,,25,100,0.6455418364455778,0.6455418364455778,0.138,0.138,0.06455418364455778,0.199282921717615,1.0,1.0,2500,perfect_pi1_sweep,empirical FDR / nominal alpha
tikz-v1,figure6_supp,fdr_ratio_atlas_r1_c3,$N_{cal}$ by anomaly rate,3,heatmap_cell,standard_conformal_bh,perfect,pi1_sweep,-2.0,3.0,-2.1505149978319906,-1.8494850021680094,2.9,3.0999999999999996,0.01,anomaly rate $\pi_1$,0.1,1000,0.01,,25,100,0.8064789883319295,0.8064789883319295,1.0,1.0,0.08064789883319295,-0.00043407747931862597,0.0,1.0,2500,perfect_pi1_sweep,empirical FDR / nominal alpha
tikz-v1,figure6_supp,fdr_ratio_atlas_r1_c3,$N_{cal}$ by anomaly rate,3,heatmap_cell,standard_conformal_bh,perfect,pi1_sweep,-2.0,3.1999999999999997,-2.1505149978319906,-1.8494850021680094,3.0999999999999996,3.3,0.01,anomaly rate $\pi_1$,0.1,1000,0.01,,25,100,0.8267203209587111,0.8267203209587111,1.0,1.0,0.08267203209587111,-0.20030318298158498,0.0,1.0,2500,perfect_pi1_sweep,empirical FDR / nominal alpha
tikz-v1,figure6_supp,fdr_ratio_atlas_r1_c3,$N_{cal}$ by anomaly rate,3,heatmap_cell,standard_conformal_bh,perfect,pi1_sweep,-2.0,3.4,-2.1505149978319906,-1.8494850021680094,3.3,3.5,0.01,anomaly rate $\pi_1$,0.1,1000,0.01,,25,100,0.7628592850815896,0.7628592850815896,1.0,1.0,0.07628592850815896,-0.400192488592576,0.0,1.0,2500,perfect_pi1_sweep,empirical FDR / nominal alpha
tikz-v1,figure6_supp,fdr_ratio_atlas_r1_c3,$N_{cal}$ by anomaly rate,3,heatmap_cell,standard_conformal_bh,perfect,pi1_sweep,-2.0,3.6,-2.1505149978319906,-1.8494850021680094,3.5,3.7,0.01,anomaly rate $\pi_1$,0.1,1000,0.01,,25,100,0.8131444339973751,0.8131444339973751,1.0,1.0,0.08131444339973752,-0.6001012556913907,0.0,1.0,2500,perfect_pi1_sweep,empirical FDR / nominal alpha
tikz-v1,figure6_supp,fdr_ratio_atlas_r1_c3,$N_{cal}$ by anomaly rate,3,heatmap_cell,standard_conformal_bh,perfect,pi1_sweep,-2.0,3.8,-2.1505149978319906,-1.8494850021680094,3.7,3.8999999999999995,0.01,anomaly rate $\pi_1$,0.1,1000,0.01,,25,100,0.9392845389904214,0.9392845389904214,1.0,1.0,0.09392845389904214,-0.8000981801747756,0.0,1.0,2500,perfect_pi1_sweep,empirical FDR / nominal alpha
tikz-v1,figure6_supp,fdr_ratio_atlas_r1_c3,$N_{cal}$ by anomaly rate,3,heatmap_cell,standard_conformal_bh,perfect,pi1_sweep,-2.0,3.9999999999999996,-2.1505149978319906,-1.8494850021680094,3.8999999999999995,4.1,0.01,anomaly rate $\pi_1$,0.1,1000,0.01,,25,100,0.9804778032425091,0.9804778032425091,1.0,1.0,0.09804778032425092,-1.0000434272768626,0.0,1.0,2500,perfect_pi1_sweep,empirical FDR / nominal alpha
tikz-v1,figure6_supp,fdr_ratio_atlas_r1_c3,$N_{cal}$ by anomaly rate,3,heatmap_cell,standard_conformal_bh,perfect,pi1_sweep,-1.6989700043360187,1.4,-1.8494850021680094,-1.5,1.3,1.5,0.02,anomaly rate $\pi_1$,0.1,1000,0.02,,25,100,0.0,0.0,0.0,0.0,0.0,1.2839966563652008,1.0,1.0,2500,perfect_pi1_sweep,empirical FDR / nominal alpha
tikz-v1,figure6_supp,fdr_ratio_atlas_r1_c3,$N_{cal}$ by anomaly rate,3,heatmap_cell,standard_conformal_bh,perfect,pi1_sweep,-1.6989700043360187,1.6,-1.8494850021680094,-1.5,1.5,1.7,0.02,anomaly rate $\pi_1$,0.1,1000,0.02,,25,100,0.0,0.0,0.0,0.0,0.0,1.0861861476162833,1.0,1.0,2500,perfect_pi1_sweep,empirical FDR / nominal alpha
tikz-v1,figure6_supp,fdr_ratio_atlas_r1_c3,$N_{cal}$ by anomaly rate,3,heatmap_cell,standard_conformal_bh,perfect,pi1_sweep,-1.6989700043360187,1.7999999999999998,-1.8494850021680094,-1.5,1.7,1.9,0.02,anomaly rate $\pi_1$,0.1,1000,0.02,,25,100,0.0,0.0,0.0,0.0,0.0,0.8927900303521317,1.0,1.0,2500,perfect_pi1_sweep,empirical FDR / nominal alpha
tikz-v1,figure6_supp,fdr_ratio_atlas_r1_c3,$N_{cal}$ by anomaly rate,3,heatmap_cell,standard_conformal_bh,perfect,pi1_sweep,-1.6989700043360187,2.0,-1.8494850021680094,-1.5,1.9,2.1,0.02,anomaly rate $\pi_1$,0.1,1000,0.02,,25,100,0.0,0.0,0.0,0.0,0.0,0.6946486305533762,1.0,1.0,2500,perfect_pi1_sweep,empirical FDR / nominal alpha
tikz-v1,figure6_supp,fdr_ratio_atlas_r1_c3,$N_{cal}$ by anomaly rate,3,heatmap_cell,standard_conformal_bh,perfect,pi1_sweep,-1.6989700043360187,2.2,-1.8494850021680094,-1.5,2.1,2.3,0.02,anomaly rate $\pi_1$,0.1,1000,0.02,,25,100,0.0,0.0,0.0,0.0,0.0,0.4975728800155673,1.0,1.0,2500,perfect_pi1_sweep,empirical FDR / nominal alpha
tikz-v1,figure6_supp,fdr_ratio_atlas_r1_c3,$N_{cal}$ by anomaly rate,3,heatmap_cell,standard_conformal_bh,perfect,pi1_sweep,-1.6989700043360187,2.4,-1.8494850021680094,-1.5,2.3,2.5,0.02,anomaly rate $\pi_1$,0.1,1000,0.02,,25,100,0.02047635253761175,0.02047635253761175,0.004,0.004,0.002047635253761175,0.29756946355447467,1.0,1.0,2500,perfect_pi1_sweep,empirical FDR / nominal alpha
tikz-v1,figure6_supp,fdr_ratio_atlas_r1_c3,$N_{cal}$ by anomaly rate,3,heatmap_cell,standard_conformal_bh,perfect,pi1_sweep,-1.6989700043360187,2.6,-1.8494850021680094,-1.5,2.5,2.7,0.02,anomaly rate $\pi_1$,0.1,1000,0.02,,25,100,0.4102403968428481,0.4102403968428481,0.1408,0.1408,0.04102403968428481,0.09799710864927055,1.0,1.0,2500,perfect_pi1_sweep,empirical FDR / nominal alpha
tikz-v1,figure6_supp,fdr_ratio_atlas_r1_c3,$N_{cal}$ by anomaly rate,3,heatmap_cell,standard_conformal_bh,perfect,pi1_sweep,-1.6989700043360187,2.8,-1.8494850021680094,-1.5,2.7,2.9,0.02,anomaly rate $\pi_1$,0.1,1000,0.02,,25,100,0.6585590035089518,0.6585590035089518,1.0,1.0,0.06585590035089518,-0.10174707394636621,0.0,1.0,2500,perfect_pi1_sweep,empirical FDR / nominal alpha
tikz-v1,figure6_supp,fdr_ratio_atlas_r1_c3,$N_{cal}$ by anomaly rate,3,heatmap_cell,standard_conformal_bh,perfect,pi1_sweep,-1.6989700043360187,3.0,-1.8494850021680094,-1.5,2.9,3.0999999999999996,0.02,anomaly rate $\pi_1$,0.1,1000,0.02,,25,100,0.8245207546968143,0.8245207546968143,1.0,1.0,0.08245207546968143,-0.3014640731432998,0.0,1.0,2500,perfect_pi1_sweep,empirical FDR / nominal alpha
tikz-v1,figure6_supp,fdr_ratio_atlas_r1_c3,$N_{cal}$ by anomaly rate,3,heatmap_cell,standard_conformal_bh,perfect,pi1_sweep,-1.6989700043360187,3.1999999999999997,-1.8494850021680094,-1.5,3.0999999999999996,3.3,0.02,anomaly rate $\pi_1$,0.1,1000,0.02,,25,100,0.7988195610985717,0.7988195610985717,1.0,1.0,0.07988195610985717,-0.5013331786455661,0.0,1.0,2500,perfect_pi1_sweep,empirical FDR / nominal alpha
tikz-v1,figure6_supp,fdr_ratio_atlas_r1_c3,$N_{cal}$ by anomaly rate,3,heatmap_cell,standard_conformal_bh,perfect,pi1_sweep,-1.6989700043360187,3.4,-1.8494850021680094,-1.5,3.3,3.5,0.02,anomaly rate $\pi_1$,0.1,1000,0.02,,25,100,1.0660208220096212,1.0660208220096212,1.0,1.0,0.10660208220096212,-0.7012224842565572,0.0,1.0,2500,perfect_pi1_sweep,empirical FDR / nominal alpha
tikz-v1,figure6_supp,fdr_ratio_atlas_r1_c3,$N_{cal}$ by anomaly rate,3,heatmap_cell,standard_conformal_bh,perfect,pi1_sweep,-1.6989700043360187,3.6,-1.8494850021680094,-1.5,3.5,3.7,0.02,anomaly rate $\pi_1$,0.1,1000,0.02,,25,100,0.9326204533015773,0.9326204533015773,1.0,1.0,0.09326204533015774,-0.901131251355372,0.0,1.0,2500,perfect_pi1_sweep,empirical FDR / nominal alpha
tikz-v1,figure6_supp,fdr_ratio_atlas_r1_c3,$N_{cal}$ by anomaly rate,3,heatmap_cell,standard_conformal_bh,perfect,pi1_sweep,-1.6989700043360187,3.8,-1.8494850021680094,-1.5,3.7,3.8999999999999995,0.02,anomaly rate $\pi_1$,0.1,1000,0.02,,25,100,0.8918688535436806,0.8918688535436806,1.0,1.0,0.08918688535436807,-1.1011281758387568,0.0,1.0,2500,perfect_pi1_sweep,empirical FDR / nominal alpha
tikz-v1,figure6_supp,fdr_ratio_atlas_r1_c3,$N_{cal}$ by anomaly rate,3,heatmap_cell,standard_conformal_bh,perfect,pi1_sweep,-1.6989700043360187,3.9999999999999996,-1.8494850021680094,-1.5,3.8999999999999995,4.1,0.02,anomaly rate $\pi_1$,0.1,1000,0.02,,25,100,1.0085966879559227,1.0085966879559227,1.0,1.0,0.10085966879559229,-1.3010734229408438,0.0,1.0,2500,perfect_pi1_sweep,empirical FDR / nominal alpha
tikz-v1,figure6_supp,fdr_ratio_atlas_r1_c3,$N_{cal}$ by anomaly rate,3,heatmap_cell,standard_conformal_bh,perfect,pi1_sweep,-1.3010299956639813,1.4,-1.5,-1.1505149978319906,1.3,1.5,0.05,anomaly rate $\pi_1$,0.1,1000,0.05,,25,100,0.0,0.0,0.0,0.0,0.0,0.8860566476931633,1.0,1.0,2500,perfect_pi1_sweep,empirical FDR / nominal alpha
tikz-v1,figure6_supp,fdr_ratio_atlas_r1_c3,$N_{cal}$ by anomaly rate,3,heatmap_cell,standard_conformal_bh,perfect,pi1_sweep,-1.3010299956639813,1.6,-1.5,-1.1505149978319906,1.5,1.7,0.05,anomaly rate $\pi_1$,0.1,1000,0.05,,25,100,0.0,0.0,0.0,0.0,0.0,0.6882461389442457,1.0,1.0,2500,perfect_pi1_sweep,empirical FDR / nominal alpha
tikz-v1,figure6_supp,fdr_ratio_atlas_r1_c3,$N_{cal}$ by anomaly rate,3,heatmap_cell,standard_conformal_bh,perfect,pi1_sweep,-1.3010299956639813,1.7999999999999998,-1.5,-1.1505149978319906,1.7,1.9,0.05,anomaly rate $\pi_1$,0.1,1000,0.05,,25,100,0.0,0.0,0.0,0.0,0.0,0.494850021680094,1.0,1.0,2500,perfect_pi1_sweep,empirical FDR / nominal alpha
tikz-v1,figure6_supp,fdr_ratio_atlas_r1_c3,$N_{cal}$ by anomaly rate,3,heatmap_cell,standard_conformal_bh,perfect,pi1_sweep,-1.3010299956639813,2.0,-1.5,-1.1505149978319906,1.9,2.1,0.05,anomaly rate $\pi_1$,0.1,1000,0.05,,25,100,0.02508702502762224,0.02508702502762224,0.0048,0.0048,0.002508702502762224,0.2967086218813386,1.0,1.0,2500,perfect_pi1_sweep,empirical FDR / nominal alpha
tikz-v1,figure6_supp,fdr_ratio_atlas_r1_c3,$N_{cal}$ by anomaly rate,3,heatmap_cell,standard_conformal_bh,perfect,pi1_sweep,-1.3010299956639813,2.2,-1.5,-1.1505149978319906,2.1,2.3,0.05,anomaly rate $\pi_1$,0.1,1000,0.05,,25,100,0.5495892958175518,0.5495892958175518,0.2088,0.2088,0.05495892958175518,0.09963287134352969,1.0,1.0,2500,perfect_pi1_sweep,empirical FDR / nominal alpha
tikz-v1,figure6_supp,fdr_ratio_atlas_r1_c3,$N_{cal}$ by anomaly rate,3,heatmap_cell,standard_conformal_bh,perfect,pi1_sweep,-1.3010299956639813,2.4,-1.5,-1.1505149978319906,2.3,2.5,0.05,anomaly rate $\pi_1$,0.1,1000,0.05,,25,100,0.5589101471490974,0.5589101471490974,1.0,1.0,0.05589101471490974,-0.10037054511756292,0.0,1.0,2500,perfect_pi1_sweep,empirical FDR / nominal alpha
tikz-v1,figure6_supp,fdr_ratio_atlas_r1_c3,$N_{cal}$ by anomaly rate,3,heatmap_cell,standard_conformal_bh,perfect,pi1_sweep,-1.3010299956639813,2.6,-1.5,-1.1505149978319906,2.5,2.7,0.05,anomaly rate $\pi_1$,0.1,1000,0.05,,25,100,0.7813623676930939,0.7813623676930939,1.0,1.0,0.07813623676930939,-0.2999429000227671,0.0,1.0,2500,perfect_pi1_sweep,empirical FDR / nominal alpha
tikz-v1,figure6_supp,fdr_ratio_atlas_r1_c3,$N_{cal}$ by anomaly rate,3,heatmap_cell,standard_conformal_bh,perfect,pi1_sweep,-1.3010299956639813,2.8,-1.5,-1.1505149978319906,2.7,2.9,0.05,anomaly rate $\pi_1$,0.1,1000,0.05,,25,100,0.6968722048881837,0.6968722048881837,1.0,1.0,0.06968722048881837,-0.4996870826184039,0.0,1.0,2500,perfect_pi1_sweep,empirical FDR / nominal alpha
tikz-v1,figure6_supp,fdr_ratio_atlas_r1_c3,$N_{cal}$ by anomaly rate,3,heatmap_cell,standard_conformal_bh,perfect,pi1_sweep,-1.3010299956639813,3.0,-1.5,-1.1505149978319906,2.9,3.0999999999999996,0.05,anomaly rate $\pi_1$,0.1,1000,0.05,,25,100,0.9860298111476152,0.9860298111476152,1.0,1.0,0.09860298111476153,-0.6994040818153374,0.0,1.0,2500,perfect_pi1_sweep,empirical FDR / nominal alpha
tikz-v1,figure6_supp,fdr_ratio_atlas_r1_c3,$N_{cal}$ by anomaly rate,3,heatmap_cell,standard_conformal_bh,perfect,pi1_sweep,-1.3010299956639813,3.1999999999999997,-1.5,-1.1505149978319906,3.0999999999999996,3.3,0.05,anomaly rate $\pi_1$,0.1,1000,0.05,,25,100,0.816463147533227,0.816463147533227,1.0,1.0,0.08164631475332271,-0.8992731873176038,0.0,1.0,2500,perfect_pi1_sweep,empirical FDR / nominal alpha
tikz-v1,figure6_supp,fdr_ratio_atlas_r1_c3,$N_{cal}$ by anomaly rate,3,heatmap_cell,standard_conformal_bh,perfect,pi1_sweep,-1.3010299956639813,3.4,-1.5,-1.1505149978319906,3.3,3.5,0.05,anomaly rate $\pi_1$,0.1,1000,0.05,,25,100,1.0055680887084057,1.0055680887084057,1.0,1.0,0.10055680887084059,-1.0991624929285948,0.0,1.0,2500,perfect_pi1_sweep,empirical FDR / nominal alpha
tikz-v1,figure6_supp,fdr_ratio_atlas_r1_c3,$N_{cal}$ by anomaly rate,3,heatmap_cell,standard_conformal_bh,perfect,pi1_sweep,-1.3010299956639813,3.6,-1.5,-1.1505149978319906,3.5,3.7,0.05,anomaly rate $\pi_1$,0.1,1000,0.05,,25,100,0.9735941345467928,0.9735941345467928,1.0,1.0,0.09735941345467929,-1.2990712600274095,0.0,1.0,2500,perfect_pi1_sweep,empirical FDR / nominal alpha
tikz-v1,figure6_supp,fdr_ratio_atlas_r1_c3,$N_{cal}$ by anomaly rate,3,heatmap_cell,standard_conformal_bh,perfect,pi1_sweep,-1.3010299956639813,3.8,-1.5,-1.1505149978319906,3.7,3.8999999999999995,0.05,anomaly rate $\pi_1$,0.1,1000,0.05,,25,100,0.9912552619998101,0.9912552619998101,1.0,1.0,0.09912552619998101,-1.4990681845107945,0.0,1.0,2500,perfect_pi1_sweep,empirical FDR / nominal alpha
tikz-v1,figure6_supp,fdr_ratio_atlas_r1_c3,$N_{cal}$ by anomaly rate,3,heatmap_cell,standard_conformal_bh,perfect,pi1_sweep,-1.3010299956639813,3.9999999999999996,-1.5,-1.1505149978319906,3.8999999999999995,4.1,0.05,anomaly rate $\pi_1$,0.1,1000,0.05,,25,100,0.9567196392029587,0.9567196392029587,1.0,1.0,0.09567196392029587,-1.6990134316128815,0.0,1.0,2500,perfect_pi1_sweep,empirical FDR / nominal alpha
tikz-v1,figure6_supp,fdr_ratio_atlas_r1_c3,$N_{cal}$ by anomaly rate,3,heatmap_cell,standard_conformal_bh,perfect,pi1_sweep,-1.0,1.4,-1.1505149978319906,-0.8494850021680094,1.3,1.5,0.1,anomaly rate $\pi_1$,0.1,1000,0.1,,25,100,0.0,0.0,0.0,0.0,0.0,0.585026652029182,1.0,1.0,2500,perfect_pi1_sweep,empirical FDR / nominal alpha
tikz-v1,figure6_supp,fdr_ratio_atlas_r1_c3,$N_{cal}$ by anomaly rate,3,heatmap_cell,standard_conformal_bh,perfect,pi1_sweep,-1.0,1.6,-1.1505149978319906,-0.8494850021680094,1.5,1.7,0.1,anomaly rate $\pi_1$,0.1,1000,0.1,,25,100,0.0,0.0,0.0,0.0,0.0,0.3872161432802645,1.0,1.0,2500,perfect_pi1_sweep,empirical FDR / nominal alpha
tikz-v1,figure6_supp,fdr_ratio_atlas_r1_c3,$N_{cal}$ by anomaly rate,3,heatmap_cell,standard_conformal_bh,perfect,pi1_sweep,-1.0,1.7999999999999998,-1.1505149978319906,-0.8494850021680094,1.7,1.9,0.1,anomaly rate $\pi_1$,0.1,1000,0.1,,25,100,0.001452229299363057,0.001452229299363057,0.0004,0.0004,0.00014522292993630572,0.19382002601611284,1.0,1.0,2500,perfect_pi1_sweep,empirical FDR / nominal alpha
tikz-v1,figure6_supp,fdr_ratio_atlas_r1_c3,$N_{cal}$ by anomaly rate,3,heatmap_cell,standard_conformal_bh,perfect,pi1_sweep,-1.0,2.0,-1.1505149978319906,-0.8494850021680094,1.9,2.1,0.1,anomaly rate $\pi_1$,0.1,1000,0.1,,25,100,0.8185918752240159,0.8185918752240159,1.0,1.0,0.0818591875224016,-0.004321373782642578,0.0,1.0,2500,perfect_pi1_sweep,empirical FDR / nominal alpha
tikz-v1,figure6_supp,fdr_ratio_atlas_r1_c3,$N_{cal}$ by anomaly rate,3,heatmap_cell,standard_conformal_bh,perfect,pi1_sweep,-1.0,2.2,-1.1505149978319906,-0.8494850021680094,2.1,2.3,0.1,anomaly rate $\pi_1$,0.1,1000,0.1,,25,100,0.42076325091783173,0.42076325091783173,1.0,1.0,0.042076325091783176,-0.2013971243204515,0.0,1.0,2500,perfect_pi1_sweep,empirical FDR / nominal alpha
tikz-v1,figure6_supp,fdr_ratio_atlas_r1_c3,$N_{cal}$ by anomaly rate,3,heatmap_cell,standard_conformal_bh,perfect,pi1_sweep,-1.0,2.4,-1.1505149978319906,-0.8494850021680094,2.3,2.5,0.1,anomaly rate $\pi_1$,0.1,1000,0.1,,25,100,0.7945993315680746,0.7945993315680746,1.0,1.0,0.07945993315680747,-0.40140054078154414,0.0,1.0,2500,perfect_pi1_sweep,empirical FDR / nominal alpha
tikz-v1,figure6_supp,fdr_ratio_atlas_r1_c3,$N_{cal}$ by anomaly rate,3,heatmap_cell,standard_conformal_bh,perfect,pi1_sweep,-1.0,2.6,-1.1505149978319906,-0.8494850021680094,2.5,2.7,0.1,anomaly rate $\pi_1$,0.1,1000,0.1,,25,100,0.8297393366972078,0.8297393366972078,1.0,1.0,0.08297393366972078,-0.6009728956867483,0.0,1.0,2500,perfect_pi1_sweep,empirical FDR / nominal alpha
tikz-v1,figure6_supp,fdr_ratio_atlas_r1_c3,$N_{cal}$ by anomaly rate,3,heatmap_cell,standard_conformal_bh,perfect,pi1_sweep,-1.0,2.8,-1.1505149978319906,-0.8494850021680094,2.7,2.9,0.1,anomaly rate $\pi_1$,0.1,1000,0.1,,25,100,0.7473297693140135,0.7473297693140135,1.0,1.0,0.07473297693140135,-0.800717078282385,0.0,1.0,2500,perfect_pi1_sweep,empirical FDR / nominal alpha
tikz-v1,figure6_supp,fdr_ratio_atlas_r1_c3,$N_{cal}$ by anomaly rate,3,heatmap_cell,standard_conformal_bh,perfect,pi1_sweep,-1.0,3.0,-1.1505149978319906,-0.8494850021680094,2.9,3.0999999999999996,0.1,anomaly rate $\pi_1$,0.1,1000,0.1,,25,100,0.8931067600476142,0.8931067600476142,1.0,1.0,0.08931067600476143,-1.0004340774793186,0.0,1.0,2500,perfect_pi1_sweep,empirical FDR / nominal alpha
tikz-v1,figure6_supp,fdr_ratio_atlas_r1_c3,$N_{cal}$ by anomaly rate,3,heatmap_cell,standard_conformal_bh,perfect,pi1_sweep,-1.0,3.1999999999999997,-1.1505149978319906,-0.8494850021680094,3.0999999999999996,3.3,0.1,anomaly rate $\pi_1$,0.1,1000,0.1,,25,100,0.8671355472092577,0.8671355472092577,1.0,1.0,0.08671355472092578,-1.200303182981585,0.0,1.0,2500,perfect_pi1_sweep,empirical FDR / nominal alpha
tikz-v1,figure6_supp,fdr_ratio_atlas_r1_c3,$N_{cal}$ by anomaly rate,3,heatmap_cell,standard_conformal_bh,perfect,pi1_sweep,-1.0,3.4,-1.1505149978319906,-0.8494850021680094,3.3,3.5,0.1,anomaly rate $\pi_1$,0.1,1000,0.1,,25,100,0.8567763128466919,0.8567763128466919,1.0,1.0,0.0856776312846692,-1.400192488592576,0.0,1.0,2500,perfect_pi1_sweep,empirical FDR / nominal alpha
tikz-v1,figure6_supp,fdr_ratio_atlas_r1_c3,$N_{cal}$ by anomaly rate,3,heatmap_cell,standard_conformal_bh,perfect,pi1_sweep,-1.0,3.6,-1.1505149978319906,-0.8494850021680094,3.5,3.7,0.1,anomaly rate $\pi_1$,0.1,1000,0.1,,25,100,0.877191719645485,0.877191719645485,1.0,1.0,0.08771917196454851,-1.6001012556913907,0.0,1.0,2500,perfect_pi1_sweep,empirical FDR / nominal alpha
tikz-v1,figure6_supp,fdr_ratio_atlas_r1_c3,$N_{cal}$ by anomaly rate,3,heatmap_cell,standard_conformal_bh,perfect,pi1_sweep,-1.0,3.8,-1.1505149978319906,-0.8494850021680094,3.7,3.8999999999999995,0.1,anomaly rate $\pi_1$,0.1,1000,0.1,,25,100,0.8991658959075144,0.8991658959075144,1.0,1.0,0.08991658959075144,-1.8000981801747757,0.0,1.0,2500,perfect_pi1_sweep,empirical FDR / nominal alpha
tikz-v1,figure6_supp,fdr_ratio_atlas_r1_c3,$N_{cal}$ by anomaly rate,3,heatmap_cell,standard_conformal_bh,perfect,pi1_sweep,-1.0,3.9999999999999996,-1.1505149978319906,-0.8494850021680094,3.8999999999999995,4.1,0.1,anomaly rate $\pi_1$,0.1,1000,0.1,,25,100,0.8825513148565783,0.8825513148565783,1.0,1.0,0.08825513148565783,-2.0000434272768626,0.0,1.0,2500,perfect_pi1_sweep,empirical FDR / nominal alpha
tikz-v1,figure6_supp,fdr_ratio_atlas_r1_c3,$N_{cal}$ by anomaly rate,3,heatmap_cell,standard_conformal_bh,perfect,pi1_sweep,-0.6989700043360187,1.4,-0.8494850021680094,-0.5484550065040281,1.3,1.5,0.2,anomaly rate $\pi_1$,0.1,1000,0.2,,25,100,0.0,0.0,0.0,0.0,0.0,0.28399665636520083,1.0,1.0,2500,perfect_pi1_sweep,empirical FDR / nominal alpha
tikz-v1,figure6_supp,fdr_ratio_atlas_r1_c3,$N_{cal}$ by anomaly rate,3,heatmap_cell,standard_conformal_bh,perfect,pi1_sweep,-0.6989700043360187,1.6,-0.8494850021680094,-0.5484550065040281,1.5,1.7,0.2,anomaly rate $\pi_1$,0.1,1000,0.2,,25,100,0.4772693461820783,0.4772693461820783,0.2008,0.2008,0.04772693461820783,0.0861861476162833,1.0,1.0,2500,perfect_pi1_sweep,empirical FDR / nominal alpha
tikz-v1,figure6_supp,fdr_ratio_atlas_r1_c3,$N_{cal}$ by anomaly rate,3,heatmap_cell,standard_conformal_bh,perfect,pi1_sweep,-0.6989700043360187,1.7999999999999998,-0.8494850021680094,-0.5484550065040281,1.7,1.9,0.2,anomaly rate $\pi_1$,0.1,1000,0.2,,25,100,0.5586995655429342,0.5586995655429342,1.0,1.0,0.05586995655429342,-0.10720996964786837,0.0,1.0,2500,perfect_pi1_sweep,empirical FDR / nominal alpha
tikz-v1,figure6_supp,fdr_ratio_atlas_r1_c3,$N_{cal}$ by anomaly rate,3,heatmap_cell,standard_conformal_bh,perfect,pi1_sweep,-0.6989700043360187,2.0,-0.8494850021680094,-0.5484550065040281,1.9,2.1,0.2,anomaly rate $\pi_1$,0.1,1000,0.2,,25,100,0.6561228060092658,0.6561228060092658,1.0,1.0,0.06561228060092658,-0.3053513694466238,0.0,1.0,2500,perfect_pi1_sweep,empirical FDR / nominal alpha
tikz-v1,figure6_supp,fdr_ratio_atlas_r1_c3,$N_{cal}$ by anomaly rate,3,heatmap_cell,standard_conformal_bh,perfect,pi1_sweep,-0.6989700043360187,2.2,-0.8494850021680094,-0.5484550065040281,2.1,2.3,0.2,anomaly rate $\pi_1$,0.1,1000,0.2,,25,100,0.5981731411672429,0.5981731411672429,1.0,1.0,0.059817314116724286,-0.5024271199844327,0.0,1.0,2500,perfect_pi1_sweep,empirical FDR / nominal alpha
tikz-v1,figure6_supp,fdr_ratio_atlas_r1_c3,$N_{cal}$ by anomaly rate,3,heatmap_cell,standard_conformal_bh,perfect,pi1_sweep,-0.6989700043360187,2.4,-0.8494850021680094,-0.5484550065040281,2.3,2.5,0.2,anomaly rate $\pi_1$,0.1,1000,0.2,,25,100,0.6801412791572421,0.6801412791572421,1.0,1.0,0.06801412791572421,-0.7024305364455253,0.0,1.0,2500,perfect_pi1_sweep,empirical FDR / nominal alpha
tikz-v1,figure6_supp,fdr_ratio_atlas_r1_c3,$N_{cal}$ by anomaly rate,3,heatmap_cell,standard_conformal_bh,perfect,pi1_sweep,-0.6989700043360187,2.6,-0.8494850021680094,-0.5484550065040281,2.5,2.7,0.2,anomaly rate $\pi_1$,0.1,1000,0.2,,25,100,0.8029223006510436,0.8029223006510436,1.0,1.0,0.08029223006510437,-0.9020028913507294,0.0,1.0,2500,perfect_pi1_sweep,empirical FDR / nominal alpha
tikz-v1,figure6_supp,fdr_ratio_atlas_r1_c3,$N_{cal}$ by anomaly rate,3,heatmap_cell,standard_conformal_bh,perfect,pi1_sweep,-0.6989700043360187,2.8,-0.8494850021680094,-0.5484550065040281,2.7,2.9,0.2,anomaly rate $\pi_1$,0.1,1000,0.2,,25,100,0.7492871753249108,0.7492871753249108,1.0,1.0,0.07492871753249108,-1.1017470739463662,0.0,1.0,2500,perfect_pi1_sweep,empirical FDR / nominal alpha
tikz-v1,figure6_supp,fdr_ratio_atlas_r1_c3,$N_{cal}$ by anomaly rate,3,heatmap_cell,standard_conformal_bh,perfect,pi1_sweep,-0.6989700043360187,3.0,-0.8494850021680094,-0.5484550065040281,2.9,3.0999999999999996,0.2,anomaly rate $\pi_1$,0.1,1000,0.2,,25,100,0.7890416164079052,0.7890416164079052,1.0,1.0,0.07890416164079052,-1.3014640731432998,0.0,1.0,2500,perfect_pi1_sweep,empirical FDR / nominal alpha
tikz-v1,figure6_supp,fdr_ratio_atlas_r1_c3,$N_{cal}$ by anomaly rate,3,heatmap_cell,standard_conformal_bh,perfect,pi1_sweep,-0.6989700043360187,3.1999999999999997,-0.8494850021680094,-0.5484550065040281,3.0999999999999996,3.3,0.2,anomaly rate $\pi_1$,0.1,1000,0.2,,25,100,0.7552926573572006,0.7552926573572006,1.0,1.0,0.07552926573572007,-1.5013331786455661,0.0,1.0,2500,perfect_pi1_sweep,empirical FDR / nominal alpha
tikz-v1,figure6_supp,fdr_ratio_atlas_r1_c3,$N_{cal}$ by anomaly rate,3,heatmap_cell,standard_conformal_bh,perfect,pi1_sweep,-0.6989700043360187,3.4,-0.8494850021680094,-0.5484550065040281,3.3,3.5,0.2,anomaly rate $\pi_1$,0.1,1000,0.2,,25,100,0.8167313179050789,0.8167313179050789,1.0,1.0,0.08167313179050789,-1.701222484256557,0.0,1.0,2500,perfect_pi1_sweep,empirical FDR / nominal alpha
tikz-v1,figure6_supp,fdr_ratio_atlas_r1_c3,$N_{cal}$ by anomaly rate,3,heatmap_cell,standard_conformal_bh,perfect,pi1_sweep,-0.6989700043360187,3.6,-0.8494850021680094,-0.5484550065040281,3.5,3.7,0.2,anomaly rate $\pi_1$,0.1,1000,0.2,,25,100,0.7677252017918419,0.7677252017918419,1.0,1.0,0.07677252017918419,-1.901131251355372,0.0,1.0,2500,perfect_pi1_sweep,empirical FDR / nominal alpha
tikz-v1,figure6_supp,fdr_ratio_atlas_r1_c3,$N_{cal}$ by anomaly rate,3,heatmap_cell,standard_conformal_bh,perfect,pi1_sweep,-0.6989700043360187,3.8,-0.8494850021680094,-0.5484550065040281,3.7,3.8999999999999995,0.2,anomaly rate $\pi_1$,0.1,1000,0.2,,25,100,0.7889928657123124,0.7889928657123124,1.0,1.0,0.07889928657123124,-2.101128175838757,0.0,1.0,2500,perfect_pi1_sweep,empirical FDR / nominal alpha
tikz-v1,figure6_supp,fdr_ratio_atlas_r1_c3,$N_{cal}$ by anomaly rate,3,heatmap_cell,standard_conformal_bh,perfect,pi1_sweep,-0.6989700043360187,3.9999999999999996,-0.8494850021680094,-0.5484550065040281,3.8999999999999995,4.1,0.2,anomaly rate $\pi_1$,0.1,1000,0.2,,25,100,0.7923697425192379,0.7923697425192379,1.0,1.0,0.07923697425192379,-2.301073422940844,0.0,1.0,2500,perfect_pi1_sweep,empirical FDR / nominal alpha
