export_version,figure,panel,panel_title,plot_order,point_index,group,method,scenario,kappa,m,x,y,value,probability,count,style_key,label
tikz-v3,figure1,A,Controlled Gaussian shift,1,0,calibration,,,,,0.06405266082454365,-1.0673208685970494,,,,calibration,$P_0$ calibration
tikz-v3,figure1,A,Controlled Gaussian shift,1,1,calibration,,,,,0.8811807472838064,-0.13434912273581223,,,,calibration,$P_0$ calibration
tikz-v3,figure1,A,Controlled Gaussian shift,1,2,calibration,,,,,-1.005044991996705,0.7295574501289628,,,,calibration,$P_0$ calibration
tikz-v3,figure1,A,Controlled Gaussian shift,1,3,calibration,,,,,0.43221306814294985,0.3973971794031827,,,,calibration,$P_0$ calibration
tikz-v3,figure1,A,Controlled Gaussian shift,1,4,calibration,,,,,-0.4230701639776151,-0.6194065970991126,,,,calibration,$P_0$ calibration
tikz-v3,figure1,A,Controlled Gaussian shift,1,5,calibration,,,,,2.3689519435513593,-1.883809077502629,,,,calibration,$P_0$ calibration
tikz-v3,figure1,A,Controlled Gaussian shift,1,6,calibration,,,,,0.6701235254821436,0.9047740838211739,,,,calibration,$P_0$ calibration
tikz-v3,figure1,A,Controlled Gaussian shift,1,7,calibration,,,,,0.6600946654813422,-0.6386213167513475,,,,calibration,$P_0$ calibration
tikz-v3,figure1,A,Controlled Gaussian shift,1,8,calibration,,,,,0.02906098602587147,0.2959835926347244,,,,calibration,$P_0$ calibration
tikz-v3,figure1,A,Controlled Gaussian shift,1,9,calibration,,,,,1.412342846875833,1.2424152767084338,,,,calibration,$P_0$ calibration
tikz-v3,figure1,A,Controlled Gaussian shift,1,10,calibration,,,,,-0.40210081485162114,-0.25159022225351335,,,,calibration,$P_0$ calibration
tikz-v3,figure1,A,Controlled Gaussian shift,1,11,calibration,,,,,-0.2331767851679937,-0.1760875799168799,,,,calibration,$P_0$ calibration
tikz-v3,figure1,A,Controlled Gaussian shift,1,12,calibration,,,,,-0.39574102278774526,2.303196404629368,,,,calibration,$P_0$ calibration
tikz-v3,figure1,A,Controlled Gaussian shift,1,13,calibration,,,,,-1.028743650091263,0.6656267287592021,,,,calibration,$P_0$ calibration
tikz-v3,figure1,A,Controlled Gaussian shift,1,14,calibration,,,,,0.013427160860761744,-1.590471790693832,,,,calibration,$P_0$ calibration
tikz-v3,figure1,A,Controlled Gaussian shift,1,15,calibration,,,,,-0.6450131743824989,0.9751944237110544,,,,calibration,$P_0$ calibration
tikz-v3,figure1,A,Controlled Gaussian shift,1,16,calibration,,,,,0.7480909955510087,-0.9891388879750725,,,,calibration,$P_0$ calibration
tikz-v3,figure1,A,Controlled Gaussian shift,1,17,calibration,,,,,-0.0067975910425118235,-0.9069628558251603,,,,calibration,$P_0$ calibration
tikz-v3,figure1,A,Controlled Gaussian shift,1,18,calibration,,,,,-0.4858302066769078,-1.0107797986742353,,,,calibration,$P_0$ calibration
tikz-v3,figure1,A,Controlled Gaussian shift,1,19,calibration,,,,,-0.8108052689758132,1.2485909558469463,,,,calibration,$P_0$ calibration
tikz-v3,figure1,A,Controlled Gaussian shift,1,20,calibration,,,,,2.5145155396652026,0.4720394867247286,,,,calibration,$P_0$ calibration
tikz-v3,figure1,A,Controlled Gaussian shift,1,21,calibration,,,,,0.4828741732103636,-0.6841841702337953,,,,calibration,$P_0$ calibration
tikz-v3,figure1,A,Controlled Gaussian shift,1,22,calibration,,,,,-1.2185725387706583,0.6353906098127149,,,,calibration,$P_0$ calibration
tikz-v3,figure1,A,Controlled Gaussian shift,1,23,calibration,,,,,1.3523647386111002,0.962973999491157,,,,calibration,$P_0$ calibration
tikz-v3,figure1,A,Controlled Gaussian shift,1,24,calibration,,,,,0.8093176934608314,-0.34666518705471716,,,,calibration,$P_0$ calibration
tikz-v3,figure1,A,Controlled Gaussian shift,1,25,calibration,,,,,0.8079213914760002,-1.101967716307747,,,,calibration,$P_0$ calibration
tikz-v3,figure1,A,Controlled Gaussian shift,1,26,calibration,,,,,-1.0465621064123598,-0.3408903471126309,,,,calibration,$P_0$ calibration
tikz-v3,figure1,A,Controlled Gaussian shift,1,27,calibration,,,,,-0.39306686092224785,-0.24444907212242173,,,,calibration,$P_0$ calibration
tikz-v3,figure1,A,Controlled Gaussian shift,1,28,calibration,,,,,-0.796498619480157,0.5108467925777448,,,,calibration,$P_0$ calibration
tikz-v3,figure1,A,Controlled Gaussian shift,1,29,calibration,,,,,-1.0402712655956914,-0.022634896697165115,,,,calibration,$P_0$ calibration
tikz-v3,figure1,A,Controlled Gaussian shift,1,30,calibration,,,,,1.4370888171764187,0.9357933618895902,,,,calibration,$P_0$ calibration
tikz-v3,figure1,A,Controlled Gaussian shift,1,31,calibration,,,,,0.16674639172878059,-0.06711648774634382,,,,calibration,$P_0$ calibration
tikz-v3,figure1,A,Controlled Gaussian shift,1,32,calibration,,,,,-1.5960358915732755,1.57489867631079,,,,calibration,$P_0$ calibration
tikz-v3,figure1,A,Controlled Gaussian shift,1,33,calibration,,,,,-2.0106925668452886,0.19959849822278317,,,,calibration,$P_0$ calibration
tikz-v3,figure1,A,Controlled Gaussian shift,1,34,calibration,,,,,-2.0998908417923094,0.2002282473170717,,,,calibration,$P_0$ calibration
tikz-v3,figure1,A,Controlled Gaussian shift,1,35,calibration,,,,,-1.4902456072789596,0.22299268804976824,,,,calibration,$P_0$ calibration
tikz-v3,figure1,A,Controlled Gaussian shift,1,36,calibration,,,,,0.17118018434848503,-0.6611176162468005,,,,calibration,$P_0$ calibration
tikz-v3,figure1,A,Controlled Gaussian shift,1,37,calibration,,,,,-0.30355924607177515,-0.537686368646485,,,,calibration,$P_0$ calibration
tikz-v3,figure1,A,Controlled Gaussian shift,1,38,calibration,,,,,1.7381201148461565,0.568295242817151,,,,calibration,$P_0$ calibration
tikz-v3,figure1,A,Controlled Gaussian shift,1,39,calibration,,,,,-0.9092547413008397,-0.46425381254739884,,,,calibration,$P_0$ calibration
tikz-v3,figure1,A,Controlled Gaussian shift,1,40,calibration,,,,,0.19210103793809327,-0.4390067466303139,,,,calibration,$P_0$ calibration
tikz-v3,figure1,A,Controlled Gaussian shift,1,41,calibration,,,,,0.03710844505994953,-0.5838838876183806,,,,calibration,$P_0$ calibration
tikz-v3,figure1,A,Controlled Gaussian shift,1,42,calibration,,,,,-0.7272140008031671,1.229514723290399,,,,calibration,$P_0$ calibration
tikz-v3,figure1,A,Controlled Gaussian shift,1,43,calibration,,,,,0.3081248127411394,-0.7030769892475728,,,,calibration,$P_0$ calibration
tikz-v3,figure1,A,Controlled Gaussian shift,1,44,calibration,,,,,0.49404666079530996,1.2437045893380996,,,,calibration,$P_0$ calibration
tikz-v3,figure1,A,Controlled Gaussian shift,1,45,calibration,,,,,0.16189555798682922,-1.9610450376812585,,,,calibration,$P_0$ calibration
tikz-v3,figure1,A,Controlled Gaussian shift,1,46,calibration,,,,,0.3006815749252281,0.42755321141002384,,,,calibration,$P_0$ calibration
tikz-v3,figure1,A,Controlled Gaussian shift,1,47,calibration,,,,,-0.16309388641025716,-0.895795296341327,,,,calibration,$P_0$ calibration
tikz-v3,figure1,A,Controlled Gaussian shift,1,48,calibration,,,,,0.14656847370732634,-0.6938414056498663,,,,calibration,$P_0$ calibration
tikz-v3,figure1,A,Controlled Gaussian shift,1,49,calibration,,,,,-0.6199061040201339,-1.4590069779838697,,,,calibration,$P_0$ calibration
tikz-v3,figure1,A,Controlled Gaussian shift,1,50,calibration,,,,,-1.6747015108408332,-0.8689197162013461,,,,calibration,$P_0$ calibration
tikz-v3,figure1,A,Controlled Gaussian shift,1,51,calibration,,,,,-0.24618355554843738,0.5606960388678209,,,,calibration,$P_0$ calibration
tikz-v3,figure1,A,Controlled Gaussian shift,1,52,calibration,,,,,0.15598521796200318,1.1060155679798875,,,,calibration,$P_0$ calibration
tikz-v3,figure1,A,Controlled Gaussian shift,1,53,calibration,,,,,0.5242070415710478,0.8619434238121311,,,,calibration,$P_0$ calibration
tikz-v3,figure1,A,Controlled Gaussian shift,1,54,calibration,,,,,0.6164131478351316,0.14605580455382564,,,,calibration,$P_0$ calibration
tikz-v3,figure1,A,Controlled Gaussian shift,1,55,calibration,,,,,0.07094803956776886,0.05654036237930678,,,,calibration,$P_0$ calibration
tikz-v3,figure1,A,Controlled Gaussian shift,1,56,calibration,,,,,-0.44027802010400996,1.312598789430686,,,,calibration,$P_0$ calibration
tikz-v3,figure1,A,Controlled Gaussian shift,1,57,calibration,,,,,-0.18737619878134257,0.726413539132887,,,,calibration,$P_0$ calibration
tikz-v3,figure1,A,Controlled Gaussian shift,1,58,calibration,,,,,-0.3900775349718981,0.06049336292820414,,,,calibration,$P_0$ calibration
tikz-v3,figure1,A,Controlled Gaussian shift,1,59,calibration,,,,,-0.2525636900827287,-0.1314341282955037,,,,calibration,$P_0$ calibration
tikz-v3,figure1,A,Controlled Gaussian shift,1,60,calibration,,,,,-1.1237364033378716,-1.0625167726053308,,,,calibration,$P_0$ calibration
tikz-v3,figure1,A,Controlled Gaussian shift,1,61,calibration,,,,,-1.1048874265556958,0.8541761892830148,,,,calibration,$P_0$ calibration
tikz-v3,figure1,A,Controlled Gaussian shift,1,62,calibration,,,,,-0.042927645306500624,1.3294155167842834,,,,calibration,$P_0$ calibration
tikz-v3,figure1,A,Controlled Gaussian shift,1,63,calibration,,,,,1.5207529925333378,-0.9528322120913313,,,,calibration,$P_0$ calibration
tikz-v3,figure1,A,Controlled Gaussian shift,1,64,calibration,,,,,-1.354253599078169,-0.6523079740296829,,,,calibration,$P_0$ calibration
tikz-v3,figure1,A,Controlled Gaussian shift,1,65,calibration,,,,,1.2108760194897856,1.4022234526810124,,,,calibration,$P_0$ calibration
tikz-v3,figure1,A,Controlled Gaussian shift,1,66,calibration,,,,,-0.9093851103831854,1.1533794409236904,,,,calibration,$P_0$ calibration
tikz-v3,figure1,A,Controlled Gaussian shift,1,67,calibration,,,,,0.4927980549665563,0.6139764516534427,,,,calibration,$P_0$ calibration
tikz-v3,figure1,A,Controlled Gaussian shift,1,68,calibration,,,,,-0.5652279654267558,-0.3437765872121555,,,,calibration,$P_0$ calibration
tikz-v3,figure1,A,Controlled Gaussian shift,1,69,calibration,,,,,0.715439876285466,0.39983951320595995,,,,calibration,$P_0$ calibration
tikz-v3,figure1,A,Controlled Gaussian shift,1,70,calibration,,,,,-1.7584759906743657,-0.5890394801465095,,,,calibration,$P_0$ calibration
tikz-v3,figure1,A,Controlled Gaussian shift,1,71,calibration,,,,,1.1443767401058174,0.5877385757046577,,,,calibration,$P_0$ calibration
tikz-v3,figure1,A,Controlled Gaussian shift,1,72,calibration,,,,,-1.085466210465067,1.6565121945566768,,,,calibration,$P_0$ calibration
tikz-v3,figure1,A,Controlled Gaussian shift,1,73,calibration,,,,,1.7290039347437243,1.2935180730479166,,,,calibration,$P_0$ calibration
tikz-v3,figure1,A,Controlled Gaussian shift,1,74,calibration,,,,,-1.513378393708015,-1.376341580475188,,,,calibration,$P_0$ calibration
tikz-v3,figure1,A,Controlled Gaussian shift,1,75,calibration,,,,,-0.21846882167925788,0.034750933910328165,,,,calibration,$P_0$ calibration
tikz-v3,figure1,A,Controlled Gaussian shift,1,76,calibration,,,,,0.2511662680784184,-3.258297996161821,,,,calibration,$P_0$ calibration
tikz-v3,figure1,A,Controlled Gaussian shift,1,77,calibration,,,,,0.6726348504651477,-0.7395780377982138,,,,calibration,$P_0$ calibration
tikz-v3,figure1,A,Controlled Gaussian shift,1,78,calibration,,,,,-0.277155311478845,-0.5929791897609954,,,,calibration,$P_0$ calibration
tikz-v3,figure1,A,Controlled Gaussian shift,1,79,calibration,,,,,0.7738843537017094,1.6273388760370093,,,,calibration,$P_0$ calibration
tikz-v3,figure1,A,Controlled Gaussian shift,1,80,calibration,,,,,-0.36202763682023964,-0.841380785978481,,,,calibration,$P_0$ calibration
tikz-v3,figure1,A,Controlled Gaussian shift,1,81,calibration,,,,,2.385770441865757,0.4166716075270894,,,,calibration,$P_0$ calibration
tikz-v3,figure1,A,Controlled Gaussian shift,1,82,calibration,,,,,-0.22957388714419816,0.5068046570287029,,,,calibration,$P_0$ calibration
tikz-v3,figure1,A,Controlled Gaussian shift,1,83,calibration,,,,,-1.022954226198878,-0.2604653461991021,,,,calibration,$P_0$ calibration
tikz-v3,figure1,A,Controlled Gaussian shift,1,84,calibration,,,,,-0.039001252689810986,0.07877494177936584,,,,calibration,$P_0$ calibration
tikz-v3,figure1,A,Controlled Gaussian shift,1,85,calibration,,,,,1.0827971909750207,-0.2528845777620879,,,,calibration,$P_0$ calibration
tikz-v3,figure1,A,Controlled Gaussian shift,1,86,calibration,,,,,1.0311663379571316,0.09215835536094805,,,,calibration,$P_0$ calibration
tikz-v3,figure1,A,Controlled Gaussian shift,1,87,calibration,,,,,0.30048632707744855,0.2915340580969665,,,,calibration,$P_0$ calibration
tikz-v3,figure1,A,Controlled Gaussian shift,1,88,calibration,,,,,0.6423306560877563,-0.3506643596718699,,,,calibration,$P_0$ calibration
tikz-v3,figure1,A,Controlled Gaussian shift,1,89,calibration,,,,,-0.15022959045251574,-0.761235614712469,,,,calibration,$P_0$ calibration
tikz-v3,figure1,A,Controlled Gaussian shift,1,90,calibration,,,,,0.4230454298767551,-0.2737485838822843,,,,calibration,$P_0$ calibration
tikz-v3,figure1,A,Controlled Gaussian shift,1,91,calibration,,,,,0.4238832688012311,0.03021662245813607,,,,calibration,$P_0$ calibration
tikz-v3,figure1,A,Controlled Gaussian shift,1,92,calibration,,,,,-0.09386435077207277,-0.6078856004242549,,,,calibration,$P_0$ calibration
tikz-v3,figure1,A,Controlled Gaussian shift,1,93,calibration,,,,,-0.747910555671077,1.0752448472151357,,,,calibration,$P_0$ calibration
tikz-v3,figure1,A,Controlled Gaussian shift,1,94,calibration,,,,,-0.28727176749061706,0.17236609971193514,,,,calibration,$P_0$ calibration
tikz-v3,figure1,A,Controlled Gaussian shift,1,95,calibration,,,,,1.8487249859618182,-0.04846968463913809,,,,calibration,$P_0$ calibration
tikz-v3,figure1,A,Controlled Gaussian shift,1,96,calibration,,,,,-0.12140772974331546,-1.074882498182321,,,,calibration,$P_0$ calibration
tikz-v3,figure1,A,Controlled Gaussian shift,1,97,calibration,,,,,0.6691631302995287,0.7033380492186477,,,,calibration,$P_0$ calibration
tikz-v3,figure1,A,Controlled Gaussian shift,1,98,calibration,,,,,1.1676953285659761,-2.4118548693079607,,,,calibration,$P_0$ calibration
tikz-v3,figure1,A,Controlled Gaussian shift,1,99,calibration,,,,,0.9645219939826156,-0.17671544473211467,,,,calibration,$P_0$ calibration
tikz-v3,figure1,A,Controlled Gaussian shift,1,100,calibration,,,,,2.6937064180957213,1.2658826672001935,,,,calibration,$P_0$ calibration
tikz-v3,figure1,A,Controlled Gaussian shift,1,101,calibration,,,,,0.12352040823958968,-0.8286760874770129,,,,calibration,$P_0$ calibration
tikz-v3,figure1,A,Controlled Gaussian shift,1,102,calibration,,,,,-0.04548155032248142,0.9965240355781423,,,,calibration,$P_0$ calibration
tikz-v3,figure1,A,Controlled Gaussian shift,1,103,calibration,,,,,0.7622697678060713,-0.588255872193908,,,,calibration,$P_0$ calibration
tikz-v3,figure1,A,Controlled Gaussian shift,1,104,calibration,,,,,0.9737875514270263,-0.055081115037306484,,,,calibration,$P_0$ calibration
tikz-v3,figure1,A,Controlled Gaussian shift,1,105,calibration,,,,,1.6240766249002592,-1.0293947033015263,,,,calibration,$P_0$ calibration
tikz-v3,figure1,A,Controlled Gaussian shift,1,106,calibration,,,,,0.08376632509367338,-1.3361731813327395,,,,calibration,$P_0$ calibration
tikz-v3,figure1,A,Controlled Gaussian shift,1,107,calibration,,,,,-0.5607256473952649,-0.03267985343108167,,,,calibration,$P_0$ calibration
tikz-v3,figure1,A,Controlled Gaussian shift,1,108,calibration,,,,,0.09971349821418796,-0.9933843448279697,,,,calibration,$P_0$ calibration
tikz-v3,figure1,A,Controlled Gaussian shift,1,109,calibration,,,,,-0.09008064095599197,-1.0664584775940562,,,,calibration,$P_0$ calibration
tikz-v3,figure1,A,Controlled Gaussian shift,1,110,calibration,,,,,0.1324381087793701,0.737983629101127,,,,calibration,$P_0$ calibration
tikz-v3,figure1,A,Controlled Gaussian shift,1,111,calibration,,,,,-0.3758312378390817,0.6420649291285572,,,,calibration,$P_0$ calibration
tikz-v3,figure1,A,Controlled Gaussian shift,1,112,calibration,,,,,-0.11527293144403408,0.25113610505214695,,,,calibration,$P_0$ calibration
tikz-v3,figure1,A,Controlled Gaussian shift,1,113,calibration,,,,,-0.31262602427310315,0.5808401425240501,,,,calibration,$P_0$ calibration
tikz-v3,figure1,A,Controlled Gaussian shift,1,114,calibration,,,,,0.9977998990207639,-0.11097741041113368,,,,calibration,$P_0$ calibration
tikz-v3,figure1,A,Controlled Gaussian shift,1,115,calibration,,,,,-1.7297482170899,0.0743228597273122,,,,calibration,$P_0$ calibration
tikz-v3,figure1,A,Controlled Gaussian shift,1,116,calibration,,,,,0.42882742169898563,0.22620713660930766,,,,calibration,$P_0$ calibration
tikz-v3,figure1,A,Controlled Gaussian shift,1,117,calibration,,,,,1.2881942222537428,-0.5084341988767862,,,,calibration,$P_0$ calibration
tikz-v3,figure1,A,Controlled Gaussian shift,1,118,calibration,,,,,0.1960272504156612,-1.181949857873511,,,,calibration,$P_0$ calibration
tikz-v3,figure1,A,Controlled Gaussian shift,1,119,calibration,,,,,1.4535731790189623,-0.27926876882324614,,,,calibration,$P_0$ calibration
tikz-v3,figure1,A,Controlled Gaussian shift,1,120,calibration,,,,,-0.04612111595362387,-0.49447996002371397,,,,calibration,$P_0$ calibration
tikz-v3,figure1,A,Controlled Gaussian shift,1,121,calibration,,,,,0.7026418854301183,0.6412655789899618,,,,calibration,$P_0$ calibration
tikz-v3,figure1,A,Controlled Gaussian shift,1,122,calibration,,,,,-0.594010632364429,0.6911096293298621,,,,calibration,$P_0$ calibration
tikz-v3,figure1,A,Controlled Gaussian shift,1,123,calibration,,,,,-1.1140905966525243,-1.4293151528634207,,,,calibration,$P_0$ calibration
tikz-v3,figure1,A,Controlled Gaussian shift,1,124,calibration,,,,,-0.22565199500759195,0.4709017191768687,,,,calibration,$P_0$ calibration
tikz-v3,figure1,A,Controlled Gaussian shift,1,125,calibration,,,,,0.8703659484602185,-0.49226067420977054,,,,calibration,$P_0$ calibration
tikz-v3,figure1,A,Controlled Gaussian shift,1,126,calibration,,,,,-0.4253969760655298,0.4380520537526597,,,,calibration,$P_0$ calibration
tikz-v3,figure1,A,Controlled Gaussian shift,1,127,calibration,,,,,-0.7597052757871778,-0.2390085447214582,,,,calibration,$P_0$ calibration
tikz-v3,figure1,A,Controlled Gaussian shift,1,128,calibration,,,,,-0.7634328162093795,0.07760029351262934,,,,calibration,$P_0$ calibration
tikz-v3,figure1,A,Controlled Gaussian shift,1,129,calibration,,,,,-0.08631882865713676,-0.07395628788240527,,,,calibration,$P_0$ calibration
tikz-v3,figure1,A,Controlled Gaussian shift,1,130,calibration,,,,,0.6242373446195729,0.29983731673425185,,,,calibration,$P_0$ calibration
tikz-v3,figure1,A,Controlled Gaussian shift,1,131,calibration,,,,,0.052882492606470086,1.818815784712086,,,,calibration,$P_0$ calibration
tikz-v3,figure1,A,Controlled Gaussian shift,1,132,calibration,,,,,-1.405575637472712,0.5507294645345997,,,,calibration,$P_0$ calibration
tikz-v3,figure1,A,Controlled Gaussian shift,1,133,calibration,,,,,-1.4354055831520192,-0.2859997950769009,,,,calibration,$P_0$ calibration
tikz-v3,figure1,A,Controlled Gaussian shift,1,134,calibration,,,,,1.406451185517706,-1.2272433515573382,,,,calibration,$P_0$ calibration
tikz-v3,figure1,A,Controlled Gaussian shift,1,135,calibration,,,,,0.062174569232372905,0.8881144605027929,,,,calibration,$P_0$ calibration
tikz-v3,figure1,A,Controlled Gaussian shift,1,136,calibration,,,,,-0.503600124995637,-0.5317178148808307,,,,calibration,$P_0$ calibration
tikz-v3,figure1,A,Controlled Gaussian shift,1,137,calibration,,,,,0.022867025780072162,0.002936657670181772,,,,calibration,$P_0$ calibration
tikz-v3,figure1,A,Controlled Gaussian shift,1,138,calibration,,,,,-0.04072061776996143,-0.02232002087352312,,,,calibration,$P_0$ calibration
tikz-v3,figure1,A,Controlled Gaussian shift,1,139,calibration,,,,,-0.6119665834367858,0.874777527409661,,,,calibration,$P_0$ calibration
tikz-v3,figure1,A,Controlled Gaussian shift,1,140,calibration,,,,,-1.007682315087005,0.7638739493532423,,,,calibration,$P_0$ calibration
tikz-v3,figure1,A,Controlled Gaussian shift,1,141,calibration,,,,,-0.9198523738960052,-0.3028791553345246,,,,calibration,$P_0$ calibration
tikz-v3,figure1,A,Controlled Gaussian shift,1,142,calibration,,,,,-0.35288465881420583,-0.13744657173106467,,,,calibration,$P_0$ calibration
tikz-v3,figure1,A,Controlled Gaussian shift,1,143,calibration,,,,,-1.9745977388323166,-0.11978780640927246,,,,calibration,$P_0$ calibration
tikz-v3,figure1,A,Controlled Gaussian shift,1,144,calibration,,,,,1.148350701214281,0.1948602045066305,,,,calibration,$P_0$ calibration
tikz-v3,figure1,A,Controlled Gaussian shift,1,145,calibration,,,,,-0.2269625193483891,0.21877868698655928,,,,calibration,$P_0$ calibration
tikz-v3,figure1,A,Controlled Gaussian shift,1,146,calibration,,,,,-0.05809044260073279,-0.9314497769986517,,,,calibration,$P_0$ calibration
tikz-v3,figure1,A,Controlled Gaussian shift,1,147,calibration,,,,,0.25927242112566357,-0.07785490581238742,,,,calibration,$P_0$ calibration
tikz-v3,figure1,A,Controlled Gaussian shift,1,148,calibration,,,,,-0.8386884067989053,0.337329370639109,,,,calibration,$P_0$ calibration
tikz-v3,figure1,A,Controlled Gaussian shift,1,149,calibration,,,,,-1.7848532799356702,0.2563174975670523,,,,calibration,$P_0$ calibration
tikz-v3,figure1,A,Controlled Gaussian shift,1,150,calibration,,,,,1.5399870044117407,1.2218479764541483,,,,calibration,$P_0$ calibration
tikz-v3,figure1,A,Controlled Gaussian shift,1,151,calibration,,,,,-0.008607937762332974,0.32377486382618226,,,,calibration,$P_0$ calibration
tikz-v3,figure1,A,Controlled Gaussian shift,1,152,calibration,,,,,1.3637369587941683,-1.642833949971673,,,,calibration,$P_0$ calibration
tikz-v3,figure1,A,Controlled Gaussian shift,1,153,calibration,,,,,0.27908582820490985,-1.7381845016830806,,,,calibration,$P_0$ calibration
tikz-v3,figure1,A,Controlled Gaussian shift,1,154,calibration,,,,,0.4687489047796161,1.6316974155894268,,,,calibration,$P_0$ calibration
tikz-v3,figure1,A,Controlled Gaussian shift,1,155,calibration,,,,,2.5365854966948036,-1.3879911649534895,,,,calibration,$P_0$ calibration
tikz-v3,figure1,A,Controlled Gaussian shift,1,156,calibration,,,,,-0.3636539410995183,1.003749249339288,,,,calibration,$P_0$ calibration
tikz-v3,figure1,A,Controlled Gaussian shift,1,157,calibration,,,,,1.3932519296423547,-0.8903133247800956,,,,calibration,$P_0$ calibration
tikz-v3,figure1,A,Controlled Gaussian shift,1,158,calibration,,,,,-1.0477424027554019,-0.17743949295712397,,,,calibration,$P_0$ calibration
tikz-v3,figure1,A,Controlled Gaussian shift,1,159,calibration,,,,,0.2742872012392611,-1.5602819330985251,,,,calibration,$P_0$ calibration
tikz-v3,figure1,A,Controlled Gaussian shift,1,160,calibration,,,,,-0.1190713381986432,0.2272319056522205,,,,calibration,$P_0$ calibration
tikz-v3,figure1,A,Controlled Gaussian shift,1,161,calibration,,,,,2.000788306487242,0.013873914815785685,,,,calibration,$P_0$ calibration
tikz-v3,figure1,A,Controlled Gaussian shift,1,162,calibration,,,,,-0.3264427179992019,0.6685493564829988,,,,calibration,$P_0$ calibration
tikz-v3,figure1,A,Controlled Gaussian shift,1,163,calibration,,,,,0.22993523249361156,0.794261074649633,,,,calibration,$P_0$ calibration
tikz-v3,figure1,A,Controlled Gaussian shift,1,164,calibration,,,,,-0.12314337599775739,-1.6791830423518084,,,,calibration,$P_0$ calibration
tikz-v3,figure1,A,Controlled Gaussian shift,1,165,calibration,,,,,-1.0434135487690306,-1.531884518065467,,,,calibration,$P_0$ calibration
tikz-v3,figure1,A,Controlled Gaussian shift,1,166,calibration,,,,,0.16009153862950143,0.12823087969729352,,,,calibration,$P_0$ calibration
tikz-v3,figure1,A,Controlled Gaussian shift,1,167,calibration,,,,,0.4206893327975024,-0.6299230408766592,,,,calibration,$P_0$ calibration
tikz-v3,figure1,A,Controlled Gaussian shift,1,168,calibration,,,,,1.2423915083134285,0.06349061560031431,,,,calibration,$P_0$ calibration
tikz-v3,figure1,A,Controlled Gaussian shift,1,169,calibration,,,,,0.9554707918543361,0.8611184436335841,,,,calibration,$P_0$ calibration
tikz-v3,figure1,A,Controlled Gaussian shift,1,170,calibration,,,,,0.4058533679730508,-1.3852550971207436,,,,calibration,$P_0$ calibration
tikz-v3,figure1,A,Controlled Gaussian shift,1,171,calibration,,,,,-1.8213043138309726,0.19887407069237054,,,,calibration,$P_0$ calibration
tikz-v3,figure1,A,Controlled Gaussian shift,1,172,calibration,,,,,0.7365501692823752,0.49722973209408794,,,,calibration,$P_0$ calibration
tikz-v3,figure1,A,Controlled Gaussian shift,1,173,calibration,,,,,0.4345459299274199,-2.7231262352359744,,,,calibration,$P_0$ calibration
tikz-v3,figure1,A,Controlled Gaussian shift,1,174,calibration,,,,,-1.788657045086645,1.2612540477249552,,,,calibration,$P_0$ calibration
tikz-v3,figure1,A,Controlled Gaussian shift,1,175,calibration,,,,,0.07656458851965342,0.2630470243420635,,,,calibration,$P_0$ calibration
tikz-v3,figure1,A,Controlled Gaussian shift,1,176,calibration,,,,,-0.575883493426669,-0.3157083103617788,,,,calibration,$P_0$ calibration
tikz-v3,figure1,A,Controlled Gaussian shift,1,177,calibration,,,,,0.20358214835060806,-0.8586701528939675,,,,calibration,$P_0$ calibration
tikz-v3,figure1,A,Controlled Gaussian shift,1,178,calibration,,,,,-0.8967726986215917,0.76942291780137,,,,calibration,$P_0$ calibration
tikz-v3,figure1,A,Controlled Gaussian shift,1,179,calibration,,,,,0.6642023421266331,-0.6770355354214556,,,,calibration,$P_0$ calibration
tikz-v3,figure1,A,Controlled Gaussian shift,1,180,calibration,,,,,1.5011961729725507,0.5834719648304137,,,,calibration,$P_0$ calibration
tikz-v3,figure1,A,Controlled Gaussian shift,1,181,calibration,,,,,-0.45405576237789114,0.5236747016714957,,,,calibration,$P_0$ calibration
tikz-v3,figure1,A,Controlled Gaussian shift,1,182,calibration,,,,,-0.6446384323323997,-2.2066088770870156,,,,calibration,$P_0$ calibration
tikz-v3,figure1,A,Controlled Gaussian shift,1,183,calibration,,,,,-0.6020949461713585,1.1013506748882922,,,,calibration,$P_0$ calibration
tikz-v3,figure1,A,Controlled Gaussian shift,1,184,calibration,,,,,1.1081350323228423,0.6812445305890532,,,,calibration,$P_0$ calibration
tikz-v3,figure1,A,Controlled Gaussian shift,1,185,calibration,,,,,1.2186250286287788,0.2870611963286048,,,,calibration,$P_0$ calibration
tikz-v3,figure1,A,Controlled Gaussian shift,1,186,calibration,,,,,-0.9539094563483063,0.46591915623472124,,,,calibration,$P_0$ calibration
tikz-v3,figure1,A,Controlled Gaussian shift,1,187,calibration,,,,,-0.5390585842930351,0.7746176718613684,,,,calibration,$P_0$ calibration
tikz-v3,figure1,A,Controlled Gaussian shift,1,188,calibration,,,,,-0.5013867307437402,-1.3183363628358982,,,,calibration,$P_0$ calibration
tikz-v3,figure1,A,Controlled Gaussian shift,1,189,calibration,,,,,0.5505988927772403,1.2904920791654766,,,,calibration,$P_0$ calibration
tikz-v3,figure1,A,Controlled Gaussian shift,1,190,calibration,,,,,-0.02273648117145643,0.21579967291097438,,,,calibration,$P_0$ calibration
tikz-v3,figure1,A,Controlled Gaussian shift,1,191,calibration,,,,,0.07065175113358063,1.2416850907040018,,,,calibration,$P_0$ calibration
tikz-v3,figure1,A,Controlled Gaussian shift,1,192,calibration,,,,,1.2927472294931386,1.0832168814078307,,,,calibration,$P_0$ calibration
tikz-v3,figure1,A,Controlled Gaussian shift,1,193,calibration,,,,,-0.291168697654453,0.21598733422593833,,,,calibration,$P_0$ calibration
tikz-v3,figure1,A,Controlled Gaussian shift,1,194,calibration,,,,,-0.9050940309764999,0.6622053619628374,,,,calibration,$P_0$ calibration
tikz-v3,figure1,A,Controlled Gaussian shift,1,195,calibration,,,,,-0.4688031112160154,1.7863473035459259,,,,calibration,$P_0$ calibration
tikz-v3,figure1,A,Controlled Gaussian shift,1,196,calibration,,,,,-1.304194475893907,-0.001310226607711249,,,,calibration,$P_0$ calibration
tikz-v3,figure1,A,Controlled Gaussian shift,1,197,calibration,,,,,-0.5442107343717406,0.30180199460313,,,,calibration,$P_0$ calibration
tikz-v3,figure1,A,Controlled Gaussian shift,1,198,calibration,,,,,-0.1803029771272276,-0.2355833676116825,,,,calibration,$P_0$ calibration
tikz-v3,figure1,A,Controlled Gaussian shift,1,199,calibration,,,,,-1.1093885255611626,0.738527946117864,,,,calibration,$P_0$ calibration
tikz-v3,figure1,A,Controlled Gaussian shift,1,200,calibration,,,,,0.06053563341635618,0.48476366748446537,,,,calibration,$P_0$ calibration
tikz-v3,figure1,A,Controlled Gaussian shift,1,201,calibration,,,,,-0.21945348557808989,-0.4119534566305903,,,,calibration,$P_0$ calibration
tikz-v3,figure1,A,Controlled Gaussian shift,1,202,calibration,,,,,-0.01077017780922818,-1.8380817605186657,,,,calibration,$P_0$ calibration
tikz-v3,figure1,A,Controlled Gaussian shift,1,203,calibration,,,,,-0.5222912739647145,0.15308592792959053,,,,calibration,$P_0$ calibration
tikz-v3,figure1,A,Controlled Gaussian shift,1,204,calibration,,,,,0.7686729590946632,-0.6109203094664913,,,,calibration,$P_0$ calibration
tikz-v3,figure1,A,Controlled Gaussian shift,1,205,calibration,,,,,-0.6485956782953923,0.17106045425766328,,,,calibration,$P_0$ calibration
tikz-v3,figure1,A,Controlled Gaussian shift,1,206,calibration,,,,,0.6066789173224549,-1.0435096314001713,,,,calibration,$P_0$ calibration
tikz-v3,figure1,A,Controlled Gaussian shift,1,207,calibration,,,,,-0.3989303028450335,-0.6927100701628586,,,,calibration,$P_0$ calibration
tikz-v3,figure1,A,Controlled Gaussian shift,1,208,calibration,,,,,0.8022184713092192,2.942659549055976,,,,calibration,$P_0$ calibration
tikz-v3,figure1,A,Controlled Gaussian shift,1,209,calibration,,,,,-0.09055829442875704,1.0135928468833,,,,calibration,$P_0$ calibration
tikz-v3,figure1,A,Controlled Gaussian shift,1,210,calibration,,,,,0.08908519066977076,1.8214090598664463,,,,calibration,$P_0$ calibration
tikz-v3,figure1,A,Controlled Gaussian shift,1,211,calibration,,,,,-0.4628133959128278,-0.6540331696182826,,,,calibration,$P_0$ calibration
tikz-v3,figure1,A,Controlled Gaussian shift,1,212,calibration,,,,,0.6163367211625854,-0.3340308978963436,,,,calibration,$P_0$ calibration
tikz-v3,figure1,A,Controlled Gaussian shift,1,213,calibration,,,,,-1.9338231413356584,0.01853928379532489,,,,calibration,$P_0$ calibration
tikz-v3,figure1,A,Controlled Gaussian shift,1,214,calibration,,,,,-0.6824570603158782,-0.6892337181512468,,,,calibration,$P_0$ calibration
tikz-v3,figure1,A,Controlled Gaussian shift,1,215,calibration,,,,,2.205375953353212,0.5528204803967633,,,,calibration,$P_0$ calibration
tikz-v3,figure1,A,Controlled Gaussian shift,1,216,calibration,,,,,-0.9135101008207213,0.2141432083261186,,,,calibration,$P_0$ calibration
tikz-v3,figure1,A,Controlled Gaussian shift,1,217,calibration,,,,,-1.0526072488757754,0.1261909201308939,,,,calibration,$P_0$ calibration
tikz-v3,figure1,A,Controlled Gaussian shift,1,218,calibration,,,,,-0.07577005152498235,-2.041247277392381,,,,calibration,$P_0$ calibration
tikz-v3,figure1,A,Controlled Gaussian shift,1,219,calibration,,,,,1.096324904244209,-0.8381463193871785,,,,calibration,$P_0$ calibration
tikz-v3,figure1,A,Controlled Gaussian shift,1,220,calibration,,,,,-0.16381994171244857,-1.753376515166662,,,,calibration,$P_0$ calibration
tikz-v3,figure1,A,Controlled Gaussian shift,1,221,calibration,,,,,-1.3576435964614189,-0.9048178016501277,,,,calibration,$P_0$ calibration
tikz-v3,figure1,A,Controlled Gaussian shift,1,222,calibration,,,,,0.6086748596968076,1.4039134519020344,,,,calibration,$P_0$ calibration
tikz-v3,figure1,A,Controlled Gaussian shift,1,223,calibration,,,,,1.6020422909280816,-0.9114359097842133,,,,calibration,$P_0$ calibration
tikz-v3,figure1,A,Controlled Gaussian shift,1,224,calibration,,,,,-0.22553919285287827,-0.13485817238911846,,,,calibration,$P_0$ calibration
tikz-v3,figure1,A,Controlled Gaussian shift,1,225,calibration,,,,,0.10625975605121449,-1.853583441612938,,,,calibration,$P_0$ calibration
tikz-v3,figure1,A,Controlled Gaussian shift,1,226,calibration,,,,,0.3067388162561996,-1.8988146477385328,,,,calibration,$P_0$ calibration
tikz-v3,figure1,A,Controlled Gaussian shift,1,227,calibration,,,,,1.1953282721377088,0.5704637136962982,,,,calibration,$P_0$ calibration
tikz-v3,figure1,A,Controlled Gaussian shift,1,228,calibration,,,,,-0.9359118993698287,0.9041295244289123,,,,calibration,$P_0$ calibration
tikz-v3,figure1,A,Controlled Gaussian shift,1,229,calibration,,,,,0.03761761274651385,0.5256056643610515,,,,calibration,$P_0$ calibration
tikz-v3,figure1,A,Controlled Gaussian shift,1,230,calibration,,,,,0.4185619124227337,-0.015070388378757755,,,,calibration,$P_0$ calibration
tikz-v3,figure1,A,Controlled Gaussian shift,1,231,calibration,,,,,-0.4361299834959164,-0.6227422841585551,,,,calibration,$P_0$ calibration
tikz-v3,figure1,A,Controlled Gaussian shift,1,232,calibration,,,,,0.6001031213840765,0.2937071428576904,,,,calibration,$P_0$ calibration
tikz-v3,figure1,A,Controlled Gaussian shift,1,233,calibration,,,,,1.0097290277419717,0.3744054442613457,,,,calibration,$P_0$ calibration
tikz-v3,figure1,A,Controlled Gaussian shift,1,234,calibration,,,,,-0.4104092734211419,-0.1721709809865266,,,,calibration,$P_0$ calibration
tikz-v3,figure1,A,Controlled Gaussian shift,1,235,calibration,,,,,-0.5969870192548223,-1.534516226189403,,,,calibration,$P_0$ calibration
tikz-v3,figure1,A,Controlled Gaussian shift,1,236,calibration,,,,,0.26190008399613546,0.062377394548473304,,,,calibration,$P_0$ calibration
tikz-v3,figure1,A,Controlled Gaussian shift,1,237,calibration,,,,,1.3577834619626943,-1.7079287748834024,,,,calibration,$P_0$ calibration
tikz-v3,figure1,A,Controlled Gaussian shift,1,238,calibration,,,,,-0.7031741246806287,0.09494599432212739,,,,calibration,$P_0$ calibration
tikz-v3,figure1,A,Controlled Gaussian shift,1,239,calibration,,,,,1.3748662389891544,-0.00641046671254906,,,,calibration,$P_0$ calibration
tikz-v3,figure1,A,Controlled Gaussian shift,1,240,calibration,,,,,-0.20745480368502556,0.8517936500326891,,,,calibration,$P_0$ calibration
tikz-v3,figure1,A,Controlled Gaussian shift,1,241,calibration,,,,,-0.8185615666474675,1.9024500369289643,,,,calibration,$P_0$ calibration
tikz-v3,figure1,A,Controlled Gaussian shift,1,242,calibration,,,,,-0.15780169853747067,1.0189917945750646,,,,calibration,$P_0$ calibration
tikz-v3,figure1,A,Controlled Gaussian shift,1,243,calibration,,,,,1.2574714359480252,-1.8257777607775907,,,,calibration,$P_0$ calibration
tikz-v3,figure1,A,Controlled Gaussian shift,1,244,calibration,,,,,1.6502687690469275,-0.3070368818477317,,,,calibration,$P_0$ calibration
tikz-v3,figure1,A,Controlled Gaussian shift,1,245,calibration,,,,,-1.7883652547945368,0.636749727844652,,,,calibration,$P_0$ calibration
tikz-v3,figure1,A,Controlled Gaussian shift,1,246,calibration,,,,,-0.9983973482983574,-1.623137312642859,,,,calibration,$P_0$ calibration
tikz-v3,figure1,A,Controlled Gaussian shift,1,247,calibration,,,,,0.6443083968817674,0.5918025548561504,,,,calibration,$P_0$ calibration
tikz-v3,figure1,A,Controlled Gaussian shift,1,248,calibration,,,,,0.9875413727628722,0.7724717600199584,,,,calibration,$P_0$ calibration
tikz-v3,figure1,A,Controlled Gaussian shift,1,249,calibration,,,,,3.5253567823736267,0.4115512364696788,,,,calibration,$P_0$ calibration
tikz-v3,figure1,A,Controlled Gaussian shift,1,250,calibration,,,,,-2.2106614716910453,0.5646855256979629,,,,calibration,$P_0$ calibration
tikz-v3,figure1,A,Controlled Gaussian shift,1,251,calibration,,,,,0.10884783176498244,-2.9654353760601864,,,,calibration,$P_0$ calibration
tikz-v3,figure1,A,Controlled Gaussian shift,1,252,calibration,,,,,-1.1053670280950125,-1.4816645840732576,,,,calibration,$P_0$ calibration
tikz-v3,figure1,A,Controlled Gaussian shift,1,253,calibration,,,,,1.3559442904648191,-2.5853032545330454,,,,calibration,$P_0$ calibration
tikz-v3,figure1,A,Controlled Gaussian shift,1,254,calibration,,,,,-0.21747492861658882,-0.43456022257099336,,,,calibration,$P_0$ calibration
tikz-v3,figure1,A,Controlled Gaussian shift,1,255,calibration,,,,,-2.527336532669693,-0.7454766761244821,,,,calibration,$P_0$ calibration
tikz-v3,figure1,A,Controlled Gaussian shift,1,256,calibration,,,,,1.9635642845437395,-1.232798491669555,,,,calibration,$P_0$ calibration
tikz-v3,figure1,A,Controlled Gaussian shift,1,257,calibration,,,,,-0.3845774477814489,-1.3709241722384993,,,,calibration,$P_0$ calibration
tikz-v3,figure1,A,Controlled Gaussian shift,1,258,calibration,,,,,-0.029971009497931574,1.9909418730985096,,,,calibration,$P_0$ calibration
tikz-v3,figure1,A,Controlled Gaussian shift,1,259,calibration,,,,,-0.11061677849076054,0.7940885999381454,,,,calibration,$P_0$ calibration
tikz-v3,figure1,A,Controlled Gaussian shift,1,260,calibration,,,,,3.2058664274450526,2.217416482514023,,,,calibration,$P_0$ calibration
tikz-v3,figure1,A,Controlled Gaussian shift,1,261,calibration,,,,,-0.15090329803754426,-0.8341424191989656,,,,calibration,$P_0$ calibration
tikz-v3,figure1,A,Controlled Gaussian shift,1,262,calibration,,,,,-1.331387699963608,-0.22500023780418113,,,,calibration,$P_0$ calibration
tikz-v3,figure1,A,Controlled Gaussian shift,1,263,calibration,,,,,-1.640385694877956,-0.17360398045068595,,,,calibration,$P_0$ calibration
tikz-v3,figure1,A,Controlled Gaussian shift,1,264,calibration,,,,,-0.4317550137269784,-1.1804988471568523,,,,calibration,$P_0$ calibration
tikz-v3,figure1,A,Controlled Gaussian shift,1,265,calibration,,,,,0.3789228663579834,-0.6099475518348589,,,,calibration,$P_0$ calibration
tikz-v3,figure1,A,Controlled Gaussian shift,1,266,calibration,,,,,0.802277018372755,-1.2581090883861918,,,,calibration,$P_0$ calibration
tikz-v3,figure1,A,Controlled Gaussian shift,1,267,calibration,,,,,-0.13733717280919802,0.27945557688555406,,,,calibration,$P_0$ calibration
tikz-v3,figure1,A,Controlled Gaussian shift,1,268,calibration,,,,,-0.9820310237662846,-0.6163302693492823,,,,calibration,$P_0$ calibration
tikz-v3,figure1,A,Controlled Gaussian shift,1,269,calibration,,,,,-0.30003501109438946,0.6705865297960956,,,,calibration,$P_0$ calibration
tikz-v3,figure1,A,Controlled Gaussian shift,1,270,calibration,,,,,3.3005706156505275,-0.7083340941814256,,,,calibration,$P_0$ calibration
tikz-v3,figure1,A,Controlled Gaussian shift,1,271,calibration,,,,,-2.264072174586215,0.37043971378007085,,,,calibration,$P_0$ calibration
tikz-v3,figure1,A,Controlled Gaussian shift,1,272,calibration,,,,,1.3708704640801537,-0.7864553377507364,,,,calibration,$P_0$ calibration
tikz-v3,figure1,A,Controlled Gaussian shift,1,273,calibration,,,,,-1.8679290784313332,0.41700357612694716,,,,calibration,$P_0$ calibration
tikz-v3,figure1,A,Controlled Gaussian shift,1,274,calibration,,,,,-0.4756160415910402,-2.506285078599343,,,,calibration,$P_0$ calibration
tikz-v3,figure1,A,Controlled Gaussian shift,1,275,calibration,,,,,-0.18967741043425418,0.8359188051001764,,,,calibration,$P_0$ calibration
tikz-v3,figure1,A,Controlled Gaussian shift,1,276,calibration,,,,,1.1204353681425832,0.3289190834921456,,,,calibration,$P_0$ calibration
tikz-v3,figure1,A,Controlled Gaussian shift,1,277,calibration,,,,,0.8324197086869665,-0.1469477826120551,,,,calibration,$P_0$ calibration
tikz-v3,figure1,A,Controlled Gaussian shift,1,278,calibration,,,,,-0.4672157162995854,-0.2907416353203991,,,,calibration,$P_0$ calibration
tikz-v3,figure1,A,Controlled Gaussian shift,1,279,calibration,,,,,-1.0777023813213222,0.4982153847449975,,,,calibration,$P_0$ calibration
tikz-v3,figure1,A,Controlled Gaussian shift,1,280,calibration,,,,,-0.37850697479298495,1.1161562789093094,,,,calibration,$P_0$ calibration
tikz-v3,figure1,A,Controlled Gaussian shift,1,281,calibration,,,,,-1.3968531452899968,-0.8236384622526136,,,,calibration,$P_0$ calibration
tikz-v3,figure1,A,Controlled Gaussian shift,1,282,calibration,,,,,-1.8673444124683334,-0.6201404679996568,,,,calibration,$P_0$ calibration
tikz-v3,figure1,A,Controlled Gaussian shift,1,283,calibration,,,,,-1.8702228946144774,-1.30994329119404,,,,calibration,$P_0$ calibration
tikz-v3,figure1,A,Controlled Gaussian shift,1,284,calibration,,,,,1.065448205171667,1.189245071015286,,,,calibration,$P_0$ calibration
tikz-v3,figure1,A,Controlled Gaussian shift,1,285,calibration,,,,,1.0334066682354093,-2.134755875101949,,,,calibration,$P_0$ calibration
tikz-v3,figure1,A,Controlled Gaussian shift,1,286,calibration,,,,,0.6493160198991219,-1.0320307283053753,,,,calibration,$P_0$ calibration
tikz-v3,figure1,A,Controlled Gaussian shift,1,287,calibration,,,,,-0.35960123224940393,-0.7436581008588676,,,,calibration,$P_0$ calibration
tikz-v3,figure1,A,Controlled Gaussian shift,1,288,calibration,,,,,0.3279509895231295,-0.6173107309575793,,,,calibration,$P_0$ calibration
tikz-v3,figure1,A,Controlled Gaussian shift,1,289,calibration,,,,,-0.7279298344299788,-0.24161279217426926,,,,calibration,$P_0$ calibration
tikz-v3,figure1,A,Controlled Gaussian shift,1,290,calibration,,,,,0.9469516208863344,1.0569438611493576,,,,calibration,$P_0$ calibration
tikz-v3,figure1,A,Controlled Gaussian shift,1,291,calibration,,,,,-0.3391607082345894,1.9346939179999976,,,,calibration,$P_0$ calibration
tikz-v3,figure1,A,Controlled Gaussian shift,1,292,calibration,,,,,-1.0652631725944426,1.7575737160842324,,,,calibration,$P_0$ calibration
tikz-v3,figure1,A,Controlled Gaussian shift,1,293,calibration,,,,,0.4034984927724627,0.7359333229208543,,,,calibration,$P_0$ calibration
tikz-v3,figure1,A,Controlled Gaussian shift,1,294,calibration,,,,,-0.26470523448348926,-0.9556187119665936,,,,calibration,$P_0$ calibration
tikz-v3,figure1,A,Controlled Gaussian shift,1,295,calibration,,,,,1.0033960792151833,-1.2522176400652656,,,,calibration,$P_0$ calibration
tikz-v3,figure1,A,Controlled Gaussian shift,1,296,calibration,,,,,-1.1761247046085415,1.0324260580429994,,,,calibration,$P_0$ calibration
tikz-v3,figure1,A,Controlled Gaussian shift,1,297,calibration,,,,,1.4447444380546492,0.807883410732224,,,,calibration,$P_0$ calibration
tikz-v3,figure1,A,Controlled Gaussian shift,1,298,calibration,,,,,0.3100902032316932,-1.2106868706043865,,,,calibration,$P_0$ calibration
tikz-v3,figure1,A,Controlled Gaussian shift,1,299,calibration,,,,,0.012758864738377207,0.6179765969963815,,,,calibration,$P_0$ calibration
tikz-v3,figure1,A,Controlled Gaussian shift,2,0,shifted_inlier,,,,,0.12856030937809781,-0.33428221610002234,,,,shifted,$Q_\rho$ shifted inliers
tikz-v3,figure1,A,Controlled Gaussian shift,2,1,shifted_inlier,,,,,1.9953248501143834,1.5073237530606436,,,,shifted,$Q_\rho$ shifted inliers
tikz-v3,figure1,A,Controlled Gaussian shift,2,2,shifted_inlier,,,,,0.4690382487225644,1.879236420518495,,,,shifted,$Q_\rho$ shifted inliers
tikz-v3,figure1,A,Controlled Gaussian shift,2,3,shifted_inlier,,,,,0.6011756905348563,0.24863024452026988,,,,shifted,$Q_\rho$ shifted inliers
tikz-v3,figure1,A,Controlled Gaussian shift,2,4,shifted_inlier,,,,,1.2922002086406943,-0.5619231843605921,,,,shifted,$Q_\rho$ shifted inliers
tikz-v3,figure1,A,Controlled Gaussian shift,2,5,shifted_inlier,,,,,1.5421906355264283,1.2336319401293583,,,,shifted,$Q_\rho$ shifted inliers
tikz-v3,figure1,A,Controlled Gaussian shift,2,6,shifted_inlier,,,,,-0.13210908239453323,1.5924375664692116,,,,shifted,$Q_\rho$ shifted inliers
tikz-v3,figure1,A,Controlled Gaussian shift,2,7,shifted_inlier,,,,,2.433748433360552,-0.6830532450190079,,,,shifted,$Q_\rho$ shifted inliers
tikz-v3,figure1,A,Controlled Gaussian shift,2,8,shifted_inlier,,,,,1.3664236745591771,0.8202118318567636,,,,shifted,$Q_\rho$ shifted inliers
tikz-v3,figure1,A,Controlled Gaussian shift,2,9,shifted_inlier,,,,,0.5999710012909003,0.46243775410364896,,,,shifted,$Q_\rho$ shifted inliers
tikz-v3,figure1,A,Controlled Gaussian shift,2,10,shifted_inlier,,,,,2.48505931804242,-0.2940707671795325,,,,shifted,$Q_\rho$ shifted inliers
tikz-v3,figure1,A,Controlled Gaussian shift,2,11,shifted_inlier,,,,,2.265970620962972,-1.6647512486713214,,,,shifted,$Q_\rho$ shifted inliers
tikz-v3,figure1,A,Controlled Gaussian shift,2,12,shifted_inlier,,,,,0.25842687253373486,-0.4733110710759757,,,,shifted,$Q_\rho$ shifted inliers
tikz-v3,figure1,A,Controlled Gaussian shift,2,13,shifted_inlier,,,,,0.09481057013516847,-0.9416991432987171,,,,shifted,$Q_\rho$ shifted inliers
tikz-v3,figure1,A,Controlled Gaussian shift,2,14,shifted_inlier,,,,,2.2301665380246547,0.2960177666457149,,,,shifted,$Q_\rho$ shifted inliers
tikz-v3,figure1,A,Controlled Gaussian shift,2,15,shifted_inlier,,,,,1.7477551288328896,-0.31121710557669885,,,,shifted,$Q_\rho$ shifted inliers
tikz-v3,figure1,A,Controlled Gaussian shift,2,16,shifted_inlier,,,,,-0.7173817055160008,1.511952364844455,,,,shifted,$Q_\rho$ shifted inliers
tikz-v3,figure1,A,Controlled Gaussian shift,2,17,shifted_inlier,,,,,1.3982057993520112,-0.150926406574241,,,,shifted,$Q_\rho$ shifted inliers
tikz-v3,figure1,A,Controlled Gaussian shift,2,18,shifted_inlier,,,,,2.1927551478785476,-0.020913445439851183,,,,shifted,$Q_\rho$ shifted inliers
tikz-v3,figure1,A,Controlled Gaussian shift,2,19,shifted_inlier,,,,,1.9115703787172773,0.9555740016855262,,,,shifted,$Q_\rho$ shifted inliers
tikz-v3,figure1,A,Controlled Gaussian shift,2,20,shifted_inlier,,,,,0.3504418828946694,-0.6234508600761397,,,,shifted,$Q_\rho$ shifted inliers
tikz-v3,figure1,A,Controlled Gaussian shift,2,21,shifted_inlier,,,,,1.2946299758659487,-0.49184004503645234,,,,shifted,$Q_\rho$ shifted inliers
tikz-v3,figure1,A,Controlled Gaussian shift,2,22,shifted_inlier,,,,,0.24814875105852008,-1.1861078077793257,,,,shifted,$Q_\rho$ shifted inliers
tikz-v3,figure1,A,Controlled Gaussian shift,2,23,shifted_inlier,,,,,1.4593862230237515,2.3234635808864463,,,,shifted,$Q_\rho$ shifted inliers
tikz-v3,figure1,A,Controlled Gaussian shift,2,24,shifted_inlier,,,,,2.82885820803079,1.1990329471098033,,,,shifted,$Q_\rho$ shifted inliers
tikz-v3,figure1,A,Controlled Gaussian shift,2,25,shifted_inlier,,,,,0.13136583035580207,0.43208135268033804,,,,shifted,$Q_\rho$ shifted inliers
tikz-v3,figure1,A,Controlled Gaussian shift,2,26,shifted_inlier,,,,,-0.10137407151323297,-0.6467735288809094,,,,shifted,$Q_\rho$ shifted inliers
tikz-v3,figure1,A,Controlled Gaussian shift,2,27,shifted_inlier,,,,,2.558095771999741,1.4441730048227697,,,,shifted,$Q_\rho$ shifted inliers
tikz-v3,figure1,A,Controlled Gaussian shift,2,28,shifted_inlier,,,,,1.1271861143601096,-0.4696823963728292,,,,shifted,$Q_\rho$ shifted inliers
tikz-v3,figure1,A,Controlled Gaussian shift,2,29,shifted_inlier,,,,,3.045692858422302,-0.8598458618111499,,,,shifted,$Q_\rho$ shifted inliers
tikz-v3,figure1,A,Controlled Gaussian shift,2,30,shifted_inlier,,,,,0.781488955834916,0.15950810857323489,,,,shifted,$Q_\rho$ shifted inliers
tikz-v3,figure1,A,Controlled Gaussian shift,2,31,shifted_inlier,,,,,1.3947848275105397,1.09790735098427,,,,shifted,$Q_\rho$ shifted inliers
tikz-v3,figure1,A,Controlled Gaussian shift,2,32,shifted_inlier,,,,,1.6155972962979028,0.46636490098789707,,,,shifted,$Q_\rho$ shifted inliers
tikz-v3,figure1,A,Controlled Gaussian shift,2,33,shifted_inlier,,,,,0.37314512681851353,1.5468933532747653,,,,shifted,$Q_\rho$ shifted inliers
tikz-v3,figure1,A,Controlled Gaussian shift,2,34,shifted_inlier,,,,,1.274624200717056,0.10762241925897689,,,,shifted,$Q_\rho$ shifted inliers
tikz-v3,figure1,A,Controlled Gaussian shift,2,35,shifted_inlier,,,,,0.500943348135701,1.0320465996771622,,,,shifted,$Q_\rho$ shifted inliers
tikz-v3,figure1,A,Controlled Gaussian shift,2,36,shifted_inlier,,,,,1.5770804289068399,0.8737621695128889,,,,shifted,$Q_\rho$ shifted inliers
tikz-v3,figure1,A,Controlled Gaussian shift,2,37,shifted_inlier,,,,,1.3619627666717375,1.002319649203825,,,,shifted,$Q_\rho$ shifted inliers
tikz-v3,figure1,A,Controlled Gaussian shift,2,38,shifted_inlier,,,,,1.8747458765577387,0.2903040029858696,,,,shifted,$Q_\rho$ shifted inliers
tikz-v3,figure1,A,Controlled Gaussian shift,2,39,shifted_inlier,,,,,0.6292790151925595,0.8282240717273059,,,,shifted,$Q_\rho$ shifted inliers
tikz-v3,figure1,A,Controlled Gaussian shift,2,40,shifted_inlier,,,,,-0.7176513953938657,1.158426557675555,,,,shifted,$Q_\rho$ shifted inliers
tikz-v3,figure1,A,Controlled Gaussian shift,2,41,shifted_inlier,,,,,1.7731509625845336,1.3814668121501015,,,,shifted,$Q_\rho$ shifted inliers
tikz-v3,figure1,A,Controlled Gaussian shift,2,42,shifted_inlier,,,,,1.2365403239719104,0.2052634249052075,,,,shifted,$Q_\rho$ shifted inliers
tikz-v3,figure1,A,Controlled Gaussian shift,2,43,shifted_inlier,,,,,1.2969972850923968,1.2555481020876793,,,,shifted,$Q_\rho$ shifted inliers
tikz-v3,figure1,A,Controlled Gaussian shift,2,44,shifted_inlier,,,,,3.6484078473032073,1.8299386300595186,,,,shifted,$Q_\rho$ shifted inliers
tikz-v3,figure1,A,Controlled Gaussian shift,2,45,shifted_inlier,,,,,-1.086868973662099,-0.5508677490245689,,,,shifted,$Q_\rho$ shifted inliers
tikz-v3,figure1,A,Controlled Gaussian shift,2,46,shifted_inlier,,,,,0.6051861876231542,-1.4968739022690905,,,,shifted,$Q_\rho$ shifted inliers
tikz-v3,figure1,A,Controlled Gaussian shift,2,47,shifted_inlier,,,,,1.357764150003068,1.2903324780145653,,,,shifted,$Q_\rho$ shifted inliers
tikz-v3,figure1,A,Controlled Gaussian shift,2,48,shifted_inlier,,,,,0.16555052542811377,-0.4069061594968847,,,,shifted,$Q_\rho$ shifted inliers
tikz-v3,figure1,A,Controlled Gaussian shift,2,49,shifted_inlier,,,,,1.3161521837921502,0.40050434215376873,,,,shifted,$Q_\rho$ shifted inliers
tikz-v3,figure1,A,Controlled Gaussian shift,2,50,shifted_inlier,,,,,2.9782798238380233,-1.262055607586035,,,,shifted,$Q_\rho$ shifted inliers
tikz-v3,figure1,A,Controlled Gaussian shift,2,51,shifted_inlier,,,,,1.21881331113039,-0.27210426343794875,,,,shifted,$Q_\rho$ shifted inliers
tikz-v3,figure1,A,Controlled Gaussian shift,2,52,shifted_inlier,,,,,1.7367044145363355,0.6311089347289951,,,,shifted,$Q_\rho$ shifted inliers
tikz-v3,figure1,A,Controlled Gaussian shift,2,53,shifted_inlier,,,,,2.33241911890573,0.6332439367790024,,,,shifted,$Q_\rho$ shifted inliers
tikz-v3,figure1,A,Controlled Gaussian shift,2,54,shifted_inlier,,,,,1.7133667719174597,1.507337468876336,,,,shifted,$Q_\rho$ shifted inliers
tikz-v3,figure1,A,Controlled Gaussian shift,2,55,shifted_inlier,,,,,1.4506612025560859,-1.03642757162904,,,,shifted,$Q_\rho$ shifted inliers
tikz-v3,figure1,A,Controlled Gaussian shift,2,56,shifted_inlier,,,,,2.6901846898148913,0.4258406546583911,,,,shifted,$Q_\rho$ shifted inliers
tikz-v3,figure1,A,Controlled Gaussian shift,2,57,shifted_inlier,,,,,1.4728408326414046,0.2143432669240319,,,,shifted,$Q_\rho$ shifted inliers
tikz-v3,figure1,A,Controlled Gaussian shift,2,58,shifted_inlier,,,,,1.4164530628864356,-0.36491386729465825,,,,shifted,$Q_\rho$ shifted inliers
tikz-v3,figure1,A,Controlled Gaussian shift,2,59,shifted_inlier,,,,,1.5667688254212218,0.47460509469095713,,,,shifted,$Q_\rho$ shifted inliers
tikz-v3,figure1,A,Controlled Gaussian shift,2,60,shifted_inlier,,,,,1.0497790938209337,-0.8884227222127349,,,,shifted,$Q_\rho$ shifted inliers
tikz-v3,figure1,A,Controlled Gaussian shift,2,61,shifted_inlier,,,,,2.442518978844935,-0.04189145299207799,,,,shifted,$Q_\rho$ shifted inliers
tikz-v3,figure1,A,Controlled Gaussian shift,2,62,shifted_inlier,,,,,1.8252161803903753,-0.9834174573903977,,,,shifted,$Q_\rho$ shifted inliers
tikz-v3,figure1,A,Controlled Gaussian shift,2,63,shifted_inlier,,,,,0.6539283238683203,0.3597237924085211,,,,shifted,$Q_\rho$ shifted inliers
tikz-v3,figure1,A,Controlled Gaussian shift,2,64,shifted_inlier,,,,,1.890422873283899,0.2029448134551241,,,,shifted,$Q_\rho$ shifted inliers
tikz-v3,figure1,A,Controlled Gaussian shift,2,65,shifted_inlier,,,,,0.9577246532481827,-1.2921433610789277,,,,shifted,$Q_\rho$ shifted inliers
tikz-v3,figure1,A,Controlled Gaussian shift,2,66,shifted_inlier,,,,,2.1510195092164714,-0.4375948200208391,,,,shifted,$Q_\rho$ shifted inliers
tikz-v3,figure1,A,Controlled Gaussian shift,2,67,shifted_inlier,,,,,1.681033725800805,0.6028243270241529,,,,shifted,$Q_\rho$ shifted inliers
tikz-v3,figure1,A,Controlled Gaussian shift,2,68,shifted_inlier,,,,,0.595681795320474,-1.283986486421278,,,,shifted,$Q_\rho$ shifted inliers
tikz-v3,figure1,A,Controlled Gaussian shift,2,69,shifted_inlier,,,,,0.93734020205699,0.05637105832741124,,,,shifted,$Q_\rho$ shifted inliers
tikz-v3,figure1,A,Controlled Gaussian shift,2,70,shifted_inlier,,,,,2.073549958472685,0.8335003985619046,,,,shifted,$Q_\rho$ shifted inliers
tikz-v3,figure1,A,Controlled Gaussian shift,2,71,shifted_inlier,,,,,4.366275707166714,-0.3832236483177287,,,,shifted,$Q_\rho$ shifted inliers
tikz-v3,figure1,A,Controlled Gaussian shift,2,72,shifted_inlier,,,,,0.9959511219304958,0.3198478449905841,,,,shifted,$Q_\rho$ shifted inliers
tikz-v3,figure1,A,Controlled Gaussian shift,2,73,shifted_inlier,,,,,1.7681734626627752,0.30992052173809065,,,,shifted,$Q_\rho$ shifted inliers
tikz-v3,figure1,A,Controlled Gaussian shift,2,74,shifted_inlier,,,,,1.2972062950549044,-1.908645779988545,,,,shifted,$Q_\rho$ shifted inliers
tikz-v3,figure1,A,Controlled Gaussian shift,2,75,shifted_inlier,,,,,1.1643588944676866,0.3912357865510967,,,,shifted,$Q_\rho$ shifted inliers
tikz-v3,figure1,A,Controlled Gaussian shift,2,76,shifted_inlier,,,,,1.2356263038303648,0.4390891636333047,,,,shifted,$Q_\rho$ shifted inliers
tikz-v3,figure1,A,Controlled Gaussian shift,2,77,shifted_inlier,,,,,2.4016713724188095,-1.8284779656087335,,,,shifted,$Q_\rho$ shifted inliers
tikz-v3,figure1,A,Controlled Gaussian shift,2,78,shifted_inlier,,,,,2.059715462018307,-0.17502589248073538,,,,shifted,$Q_\rho$ shifted inliers
tikz-v3,figure1,A,Controlled Gaussian shift,2,79,shifted_inlier,,,,,2.5412831383227177,0.2730312591741678,,,,shifted,$Q_\rho$ shifted inliers
tikz-v3,figure1,A,Controlled Gaussian shift,2,80,shifted_inlier,,,,,0.5849108208037216,-0.7265189890797927,,,,shifted,$Q_\rho$ shifted inliers
tikz-v3,figure1,A,Controlled Gaussian shift,2,81,shifted_inlier,,,,,-0.2642681052681528,1.4366901109763839,,,,shifted,$Q_\rho$ shifted inliers
tikz-v3,figure1,A,Controlled Gaussian shift,2,82,shifted_inlier,,,,,1.4466496986737143,-0.5632133247151853,,,,shifted,$Q_\rho$ shifted inliers
tikz-v3,figure1,A,Controlled Gaussian shift,2,83,shifted_inlier,,,,,1.232178212658965,0.3881140862640322,,,,shifted,$Q_\rho$ shifted inliers
tikz-v3,figure1,A,Controlled Gaussian shift,2,84,shifted_inlier,,,,,-0.9478423936688025,0.040383015576263705,,,,shifted,$Q_\rho$ shifted inliers
tikz-v3,figure1,A,Controlled Gaussian shift,2,85,shifted_inlier,,,,,1.7998220919568573,0.3991768130981524,,,,shifted,$Q_\rho$ shifted inliers
tikz-v3,figure1,A,Controlled Gaussian shift,2,86,shifted_inlier,,,,,-0.08529407194636285,-0.7923188442353866,,,,shifted,$Q_\rho$ shifted inliers
tikz-v3,figure1,A,Controlled Gaussian shift,2,87,shifted_inlier,,,,,2.4368612626857207,-0.5026682325120699,,,,shifted,$Q_\rho$ shifted inliers
tikz-v3,figure1,A,Controlled Gaussian shift,2,88,shifted_inlier,,,,,0.4806544169421403,-0.38447600625471684,,,,shifted,$Q_\rho$ shifted inliers
tikz-v3,figure1,A,Controlled Gaussian shift,2,89,shifted_inlier,,,,,2.3688358431656678,-0.1271395010469319,,,,shifted,$Q_\rho$ shifted inliers
tikz-v3,figure1,A,Controlled Gaussian shift,2,90,shifted_inlier,,,,,0.9685388679229489,0.0674406473181178,,,,shifted,$Q_\rho$ shifted inliers
tikz-v3,figure1,A,Controlled Gaussian shift,2,91,shifted_inlier,,,,,0.015754049742403797,-1.8871022443584728,,,,shifted,$Q_\rho$ shifted inliers
tikz-v3,figure1,A,Controlled Gaussian shift,2,92,shifted_inlier,,,,,2.951729918996935,0.31350499419738587,,,,shifted,$Q_\rho$ shifted inliers
tikz-v3,figure1,A,Controlled Gaussian shift,2,93,shifted_inlier,,,,,0.6514780823264469,1.7794368191026055,,,,shifted,$Q_\rho$ shifted inliers
tikz-v3,figure1,A,Controlled Gaussian shift,2,94,shifted_inlier,,,,,3.121838174527621,-0.4938133431508918,,,,shifted,$Q_\rho$ shifted inliers
tikz-v3,figure1,A,Controlled Gaussian shift,2,95,shifted_inlier,,,,,1.1047352956800902,-1.0213318573146963,,,,shifted,$Q_\rho$ shifted inliers
tikz-v3,figure1,A,Controlled Gaussian shift,2,96,shifted_inlier,,,,,1.8921939486544788,0.9634525831516697,,,,shifted,$Q_\rho$ shifted inliers
tikz-v3,figure1,A,Controlled Gaussian shift,2,97,shifted_inlier,,,,,0.14892090594405616,-0.20991412943443868,,,,shifted,$Q_\rho$ shifted inliers
tikz-v3,figure1,A,Controlled Gaussian shift,2,98,shifted_inlier,,,,,3.5484820070721663,0.6193146793675127,,,,shifted,$Q_\rho$ shifted inliers
tikz-v3,figure1,A,Controlled Gaussian shift,2,99,shifted_inlier,,,,,0.49389258209857445,1.5041879269745753,,,,shifted,$Q_\rho$ shifted inliers
tikz-v3,figure1,A,Controlled Gaussian shift,2,100,shifted_inlier,,,,,2.9197001899788235,0.5152119113120873,,,,shifted,$Q_\rho$ shifted inliers
tikz-v3,figure1,A,Controlled Gaussian shift,2,101,shifted_inlier,,,,,2.5738706373207947,-0.6885567678521146,,,,shifted,$Q_\rho$ shifted inliers
tikz-v3,figure1,A,Controlled Gaussian shift,2,102,shifted_inlier,,,,,1.556779510891651,1.0862262485017857,,,,shifted,$Q_\rho$ shifted inliers
tikz-v3,figure1,A,Controlled Gaussian shift,2,103,shifted_inlier,,,,,1.3836784218607243,-0.05192161700262817,,,,shifted,$Q_\rho$ shifted inliers
tikz-v3,figure1,A,Controlled Gaussian shift,2,104,shifted_inlier,,,,,1.3267710438737288,0.2848665424526405,,,,shifted,$Q_\rho$ shifted inliers
tikz-v3,figure1,A,Controlled Gaussian shift,2,105,shifted_inlier,,,,,0.3791628367881592,1.0157184322544515,,,,shifted,$Q_\rho$ shifted inliers
tikz-v3,figure1,A,Controlled Gaussian shift,2,106,shifted_inlier,,,,,0.6276838090532559,0.48427531179858724,,,,shifted,$Q_\rho$ shifted inliers
tikz-v3,figure1,A,Controlled Gaussian shift,2,107,shifted_inlier,,,,,2.8846545347337846,-0.09536550394566272,,,,shifted,$Q_\rho$ shifted inliers
tikz-v3,figure1,A,Controlled Gaussian shift,2,108,shifted_inlier,,,,,1.9996692045866593,-0.16080538497651145,,,,shifted,$Q_\rho$ shifted inliers
tikz-v3,figure1,A,Controlled Gaussian shift,2,109,shifted_inlier,,,,,2.392315161662011,0.16511478430064025,,,,shifted,$Q_\rho$ shifted inliers
tikz-v3,figure1,A,Controlled Gaussian shift,2,110,shifted_inlier,,,,,2.1423644222406617,1.698013126059958,,,,shifted,$Q_\rho$ shifted inliers
tikz-v3,figure1,A,Controlled Gaussian shift,2,111,shifted_inlier,,,,,1.6471977186693654,0.24086024576338882,,,,shifted,$Q_\rho$ shifted inliers
tikz-v3,figure1,A,Controlled Gaussian shift,2,112,shifted_inlier,,,,,0.6141087024524234,1.2435181715319241,,,,shifted,$Q_\rho$ shifted inliers
tikz-v3,figure1,A,Controlled Gaussian shift,2,113,shifted_inlier,,,,,2.107209386780269,0.40351435974988353,,,,shifted,$Q_\rho$ shifted inliers
tikz-v3,figure1,A,Controlled Gaussian shift,2,114,shifted_inlier,,,,,1.0195622130589026,-2.56680087041708,,,,shifted,$Q_\rho$ shifted inliers
tikz-v3,figure1,A,Controlled Gaussian shift,2,115,shifted_inlier,,,,,1.6004956675660622,0.07003786448388431,,,,shifted,$Q_\rho$ shifted inliers
tikz-v3,figure1,A,Controlled Gaussian shift,2,116,shifted_inlier,,,,,2.6506360413430743,0.6094515796362129,,,,shifted,$Q_\rho$ shifted inliers
tikz-v3,figure1,A,Controlled Gaussian shift,2,117,shifted_inlier,,,,,1.3208600484226836,0.5268607423148902,,,,shifted,$Q_\rho$ shifted inliers
tikz-v3,figure1,A,Controlled Gaussian shift,2,118,shifted_inlier,,,,,0.29567616287906406,-0.39914688898514794,,,,shifted,$Q_\rho$ shifted inliers
tikz-v3,figure1,A,Controlled Gaussian shift,2,119,shifted_inlier,,,,,2.452182981190326,-0.2463308029157622,,,,shifted,$Q_\rho$ shifted inliers
tikz-v3,figure1,A,Controlled Gaussian shift,2,120,shifted_inlier,,,,,0.823791953437216,0.10566256269712561,,,,shifted,$Q_\rho$ shifted inliers
tikz-v3,figure1,A,Controlled Gaussian shift,2,121,shifted_inlier,,,,,1.1610633536051456,-0.05309696068454292,,,,shifted,$Q_\rho$ shifted inliers
tikz-v3,figure1,A,Controlled Gaussian shift,2,122,shifted_inlier,,,,,1.8256663828456572,-0.12463998939233426,,,,shifted,$Q_\rho$ shifted inliers
tikz-v3,figure1,A,Controlled Gaussian shift,2,123,shifted_inlier,,,,,0.9558025956957115,-0.31204574378730054,,,,shifted,$Q_\rho$ shifted inliers
tikz-v3,figure1,A,Controlled Gaussian shift,2,124,shifted_inlier,,,,,1.0696532137166839,0.3233890889149998,,,,shifted,$Q_\rho$ shifted inliers
tikz-v3,figure1,A,Controlled Gaussian shift,2,125,shifted_inlier,,,,,-0.08530283335700939,-0.6914017033960265,,,,shifted,$Q_\rho$ shifted inliers
tikz-v3,figure1,A,Controlled Gaussian shift,2,126,shifted_inlier,,,,,2.243055205098986,0.8418332567554876,,,,shifted,$Q_\rho$ shifted inliers
tikz-v3,figure1,A,Controlled Gaussian shift,2,127,shifted_inlier,,,,,1.114560453947401,0.80863636287313,,,,shifted,$Q_\rho$ shifted inliers
tikz-v3,figure1,A,Controlled Gaussian shift,2,128,shifted_inlier,,,,,3.2548456656735754,0.9608373659929966,,,,shifted,$Q_\rho$ shifted inliers
tikz-v3,figure1,A,Controlled Gaussian shift,2,129,shifted_inlier,,,,,3.278146923649354,-1.33831881958857,,,,shifted,$Q_\rho$ shifted inliers
tikz-v3,figure1,A,Controlled Gaussian shift,2,130,shifted_inlier,,,,,2.272081665665463,1.2547283816335655,,,,shifted,$Q_\rho$ shifted inliers
tikz-v3,figure1,A,Controlled Gaussian shift,2,131,shifted_inlier,,,,,0.5231986473431641,2.231300726250035,,,,shifted,$Q_\rho$ shifted inliers
tikz-v3,figure1,A,Controlled Gaussian shift,2,132,shifted_inlier,,,,,-1.1630079187625024,0.8079553882409407,,,,shifted,$Q_\rho$ shifted inliers
tikz-v3,figure1,A,Controlled Gaussian shift,2,133,shifted_inlier,,,,,-0.12126424093618238,-0.4682731278718502,,,,shifted,$Q_\rho$ shifted inliers
tikz-v3,figure1,A,Controlled Gaussian shift,2,134,shifted_inlier,,,,,2.699266828728293,0.29114518871400363,,,,shifted,$Q_\rho$ shifted inliers
tikz-v3,figure1,A,Controlled Gaussian shift,2,135,shifted_inlier,,,,,-0.15947347889985752,0.07165972188737925,,,,shifted,$Q_\rho$ shifted inliers
tikz-v3,figure1,A,Controlled Gaussian shift,2,136,shifted_inlier,,,,,1.3349735344700258,-2.5796139973556436,,,,shifted,$Q_\rho$ shifted inliers
tikz-v3,figure1,A,Controlled Gaussian shift,2,137,shifted_inlier,,,,,1.978536314651724,2.530219534089607,,,,shifted,$Q_\rho$ shifted inliers
tikz-v3,figure1,A,Controlled Gaussian shift,2,138,shifted_inlier,,,,,0.855137272045785,0.007865316605369349,,,,shifted,$Q_\rho$ shifted inliers
tikz-v3,figure1,A,Controlled Gaussian shift,2,139,shifted_inlier,,,,,0.5233595544665742,-0.9269221160508908,,,,shifted,$Q_\rho$ shifted inliers
tikz-v3,figure1,A,Controlled Gaussian shift,2,140,shifted_inlier,,,,,1.9225583175948002,-0.33592694178414007,,,,shifted,$Q_\rho$ shifted inliers
tikz-v3,figure1,A,Controlled Gaussian shift,2,141,shifted_inlier,,,,,0.2988909060558609,1.0936173025592502,,,,shifted,$Q_\rho$ shifted inliers
tikz-v3,figure1,A,Controlled Gaussian shift,2,142,shifted_inlier,,,,,2.405799232523243,1.043792383579603,,,,shifted,$Q_\rho$ shifted inliers
tikz-v3,figure1,A,Controlled Gaussian shift,2,143,shifted_inlier,,,,,2.987424589685734,-0.8573885920066857,,,,shifted,$Q_\rho$ shifted inliers
tikz-v3,figure1,A,Controlled Gaussian shift,2,144,shifted_inlier,,,,,1.0214786543181977,0.5727562061118376,,,,shifted,$Q_\rho$ shifted inliers
tikz-v3,figure1,A,Controlled Gaussian shift,2,145,shifted_inlier,,,,,-0.4863867823938408,0.5530921661148304,,,,shifted,$Q_\rho$ shifted inliers
tikz-v3,figure1,A,Controlled Gaussian shift,2,146,shifted_inlier,,,,,1.082959400610866,2.3049746260184265,,,,shifted,$Q_\rho$ shifted inliers
tikz-v3,figure1,A,Controlled Gaussian shift,2,147,shifted_inlier,,,,,1.88009669253647,0.38845407744485555,,,,shifted,$Q_\rho$ shifted inliers
tikz-v3,figure1,A,Controlled Gaussian shift,2,148,shifted_inlier,,,,,0.11429468658157749,-0.43942520815885316,,,,shifted,$Q_\rho$ shifted inliers
tikz-v3,figure1,A,Controlled Gaussian shift,2,149,shifted_inlier,,,,,2.868184537286259,-0.6753601538261464,,,,shifted,$Q_\rho$ shifted inliers
tikz-v3,figure1,A,Controlled Gaussian shift,2,150,shifted_inlier,,,,,3.2332837113112,0.9002006962045526,,,,shifted,$Q_\rho$ shifted inliers
tikz-v3,figure1,A,Controlled Gaussian shift,2,151,shifted_inlier,,,,,3.099896369151092,-0.8966603706885011,,,,shifted,$Q_\rho$ shifted inliers
tikz-v3,figure1,A,Controlled Gaussian shift,2,152,shifted_inlier,,,,,1.3964751197765537,-0.36884267036327717,,,,shifted,$Q_\rho$ shifted inliers
tikz-v3,figure1,A,Controlled Gaussian shift,2,153,shifted_inlier,,,,,1.4538444898129015,-0.6191165578117834,,,,shifted,$Q_\rho$ shifted inliers
tikz-v3,figure1,A,Controlled Gaussian shift,2,154,shifted_inlier,,,,,1.3112347511112221,-1.1452900496972906,,,,shifted,$Q_\rho$ shifted inliers
tikz-v3,figure1,A,Controlled Gaussian shift,2,155,shifted_inlier,,,,,1.1595222025699572,-0.997107963030869,,,,shifted,$Q_\rho$ shifted inliers
tikz-v3,figure1,A,Controlled Gaussian shift,2,156,shifted_inlier,,,,,1.030092859764574,-2.105950124911125,,,,shifted,$Q_\rho$ shifted inliers
tikz-v3,figure1,A,Controlled Gaussian shift,2,157,shifted_inlier,,,,,2.901103770269292,1.195495865133925,,,,shifted,$Q_\rho$ shifted inliers
tikz-v3,figure1,A,Controlled Gaussian shift,2,158,shifted_inlier,,,,,2.8222789275430826,-0.583625445064717,,,,shifted,$Q_\rho$ shifted inliers
tikz-v3,figure1,A,Controlled Gaussian shift,2,159,shifted_inlier,,,,,1.3624001331540074,1.729581411776434,,,,shifted,$Q_\rho$ shifted inliers
tikz-v3,figure1,A,Controlled Gaussian shift,2,160,shifted_inlier,,,,,2.0041858175861917,-1.4910323431929342,,,,shifted,$Q_\rho$ shifted inliers
tikz-v3,figure1,A,Controlled Gaussian shift,2,161,shifted_inlier,,,,,0.45014894542057826,-0.5256265038907236,,,,shifted,$Q_\rho$ shifted inliers
tikz-v3,figure1,A,Controlled Gaussian shift,2,162,shifted_inlier,,,,,2.585721803898035,0.6851014469121881,,,,shifted,$Q_\rho$ shifted inliers
tikz-v3,figure1,A,Controlled Gaussian shift,2,163,shifted_inlier,,,,,-0.29893643326250263,0.642433176864062,,,,shifted,$Q_\rho$ shifted inliers
tikz-v3,figure1,A,Controlled Gaussian shift,2,164,shifted_inlier,,,,,2.8407125924322494,-1.3726598665101342,,,,shifted,$Q_\rho$ shifted inliers
tikz-v3,figure1,A,Controlled Gaussian shift,2,165,shifted_inlier,,,,,2.1007240204683493,-1.1282531988269622,,,,shifted,$Q_\rho$ shifted inliers
tikz-v3,figure1,A,Controlled Gaussian shift,2,166,shifted_inlier,,,,,1.7841054062538224,0.035294307113163254,,,,shifted,$Q_\rho$ shifted inliers
tikz-v3,figure1,A,Controlled Gaussian shift,2,167,shifted_inlier,,,,,1.3796380195252556,-0.22928796233082624,,,,shifted,$Q_\rho$ shifted inliers
tikz-v3,figure1,A,Controlled Gaussian shift,2,168,shifted_inlier,,,,,0.9753646027342143,-1.3298806480293617,,,,shifted,$Q_\rho$ shifted inliers
tikz-v3,figure1,A,Controlled Gaussian shift,2,169,shifted_inlier,,,,,2.125659339009972,-0.2086182432334118,,,,shifted,$Q_\rho$ shifted inliers
tikz-v3,figure1,A,Controlled Gaussian shift,2,170,shifted_inlier,,,,,0.0615007904130509,1.0415389114258156,,,,shifted,$Q_\rho$ shifted inliers
tikz-v3,figure1,A,Controlled Gaussian shift,2,171,shifted_inlier,,,,,2.1503045450780123,-1.2187541858073725,,,,shifted,$Q_\rho$ shifted inliers
tikz-v3,figure1,A,Controlled Gaussian shift,2,172,shifted_inlier,,,,,1.2349189004128398,-0.002417639826231864,,,,shifted,$Q_\rho$ shifted inliers
tikz-v3,figure1,A,Controlled Gaussian shift,2,173,shifted_inlier,,,,,1.3171890903917076,-1.1105613720804008,,,,shifted,$Q_\rho$ shifted inliers
tikz-v3,figure1,A,Controlled Gaussian shift,2,174,shifted_inlier,,,,,0.8910855034654307,-0.35111688476724007,,,,shifted,$Q_\rho$ shifted inliers
tikz-v3,figure1,A,Controlled Gaussian shift,2,175,shifted_inlier,,,,,2.307155944239728,-1.4495257434401576,,,,shifted,$Q_\rho$ shifted inliers
tikz-v3,figure1,A,Controlled Gaussian shift,2,176,shifted_inlier,,,,,1.607036073347697,0.41684924173179067,,,,shifted,$Q_\rho$ shifted inliers
tikz-v3,figure1,A,Controlled Gaussian shift,2,177,shifted_inlier,,,,,2.303361115096535,-0.9384928383323702,,,,shifted,$Q_\rho$ shifted inliers
tikz-v3,figure1,A,Controlled Gaussian shift,2,178,shifted_inlier,,,,,0.5301696678889035,0.1708745105496473,,,,shifted,$Q_\rho$ shifted inliers
tikz-v3,figure1,A,Controlled Gaussian shift,2,179,shifted_inlier,,,,,0.8371960158048913,0.6294633696642284,,,,shifted,$Q_\rho$ shifted inliers
tikz-v3,figure1,A,Controlled Gaussian shift,2,180,shifted_inlier,,,,,1.6215906923756431,-0.747404242517865,,,,shifted,$Q_\rho$ shifted inliers
tikz-v3,figure1,A,Controlled Gaussian shift,2,181,shifted_inlier,,,,,2.8201831507434685,1.3299521974663684,,,,shifted,$Q_\rho$ shifted inliers
tikz-v3,figure1,A,Controlled Gaussian shift,2,182,shifted_inlier,,,,,1.8151957059847539,-1.1483822389494631,,,,shifted,$Q_\rho$ shifted inliers
tikz-v3,figure1,A,Controlled Gaussian shift,2,183,shifted_inlier,,,,,-0.07731450101461701,-1.2112657145486223,,,,shifted,$Q_\rho$ shifted inliers
tikz-v3,figure1,A,Controlled Gaussian shift,2,184,shifted_inlier,,,,,0.4563929429394824,0.7426290407448568,,,,shifted,$Q_\rho$ shifted inliers
tikz-v3,figure1,A,Controlled Gaussian shift,2,185,shifted_inlier,,,,,1.7278894826298934,0.3640053196175872,,,,shifted,$Q_\rho$ shifted inliers
tikz-v3,figure1,A,Controlled Gaussian shift,2,186,shifted_inlier,,,,,1.0793069407354814,-2.282217498701313,,,,shifted,$Q_\rho$ shifted inliers
tikz-v3,figure1,A,Controlled Gaussian shift,2,187,shifted_inlier,,,,,0.5552436987148707,-0.756847025873009,,,,shifted,$Q_\rho$ shifted inliers
tikz-v3,figure1,A,Controlled Gaussian shift,2,188,shifted_inlier,,,,,2.212499052408594,0.38263237666174993,,,,shifted,$Q_\rho$ shifted inliers
tikz-v3,figure1,A,Controlled Gaussian shift,2,189,shifted_inlier,,,,,2.286131341095496,0.5493834972480314,,,,shifted,$Q_\rho$ shifted inliers
tikz-v3,figure1,A,Controlled Gaussian shift,2,190,shifted_inlier,,,,,0.2452353792324018,0.8074963776337092,,,,shifted,$Q_\rho$ shifted inliers
tikz-v3,figure1,A,Controlled Gaussian shift,2,191,shifted_inlier,,,,,1.1004778128962847,2.5123423216188594,,,,shifted,$Q_\rho$ shifted inliers
tikz-v3,figure1,A,Controlled Gaussian shift,2,192,shifted_inlier,,,,,1.5008531049567246,1.2916466941594114,,,,shifted,$Q_\rho$ shifted inliers
tikz-v3,figure1,A,Controlled Gaussian shift,2,193,shifted_inlier,,,,,0.5427606305254515,-0.17810943158667059,,,,shifted,$Q_\rho$ shifted inliers
tikz-v3,figure1,A,Controlled Gaussian shift,2,194,shifted_inlier,,,,,0.11197596373004459,-0.567018623113929,,,,shifted,$Q_\rho$ shifted inliers
tikz-v3,figure1,A,Controlled Gaussian shift,2,195,shifted_inlier,,,,,2.968652875590971,0.39224559548536153,,,,shifted,$Q_\rho$ shifted inliers
tikz-v3,figure1,A,Controlled Gaussian shift,2,196,shifted_inlier,,,,,2.7185847411154995,0.8549983989095746,,,,shifted,$Q_\rho$ shifted inliers
tikz-v3,figure1,A,Controlled Gaussian shift,2,197,shifted_inlier,,,,,1.646135162381703,-0.48081704358368316,,,,shifted,$Q_\rho$ shifted inliers
tikz-v3,figure1,A,Controlled Gaussian shift,2,198,shifted_inlier,,,,,2.8985990495377956,-0.7229289686626627,,,,shifted,$Q_\rho$ shifted inliers
tikz-v3,figure1,A,Controlled Gaussian shift,2,199,shifted_inlier,,,,,-0.83066302309784,0.1220458019379671,,,,shifted,$Q_\rho$ shifted inliers
tikz-v3,figure1,A,Controlled Gaussian shift,2,200,shifted_inlier,,,,,-0.9330322076619302,0.06327009772195033,,,,shifted,$Q_\rho$ shifted inliers
tikz-v3,figure1,A,Controlled Gaussian shift,2,201,shifted_inlier,,,,,1.777200101500528,-0.8246647815288317,,,,shifted,$Q_\rho$ shifted inliers
tikz-v3,figure1,A,Controlled Gaussian shift,2,202,shifted_inlier,,,,,3.3614128702465664,0.08880097618269661,,,,shifted,$Q_\rho$ shifted inliers
tikz-v3,figure1,A,Controlled Gaussian shift,2,203,shifted_inlier,,,,,0.8706792025068893,0.3680335561927014,,,,shifted,$Q_\rho$ shifted inliers
tikz-v3,figure1,A,Controlled Gaussian shift,2,204,shifted_inlier,,,,,1.93566552992964,-1.2341668854001764,,,,shifted,$Q_\rho$ shifted inliers
tikz-v3,figure1,A,Controlled Gaussian shift,2,205,shifted_inlier,,,,,1.965791558524042,0.4765223220376155,,,,shifted,$Q_\rho$ shifted inliers
tikz-v3,figure1,A,Controlled Gaussian shift,2,206,shifted_inlier,,,,,1.3624395234323199,1.1608180643440105,,,,shifted,$Q_\rho$ shifted inliers
tikz-v3,figure1,A,Controlled Gaussian shift,2,207,shifted_inlier,,,,,1.9621337871255031,-0.832154827971651,,,,shifted,$Q_\rho$ shifted inliers
tikz-v3,figure1,A,Controlled Gaussian shift,2,208,shifted_inlier,,,,,2.4305747285592334,0.6501317100936551,,,,shifted,$Q_\rho$ shifted inliers
tikz-v3,figure1,A,Controlled Gaussian shift,2,209,shifted_inlier,,,,,1.761464831917219,1.1703884403878135,,,,shifted,$Q_\rho$ shifted inliers
tikz-v3,figure1,A,Controlled Gaussian shift,2,210,shifted_inlier,,,,,1.8640628411263118,-1.0369855924511453,,,,shifted,$Q_\rho$ shifted inliers
tikz-v3,figure1,A,Controlled Gaussian shift,2,211,shifted_inlier,,,,,1.1109143693611008,-0.4533718735970992,,,,shifted,$Q_\rho$ shifted inliers
tikz-v3,figure1,A,Controlled Gaussian shift,2,212,shifted_inlier,,,,,2.5967961656916883,-0.1140929515831645,,,,shifted,$Q_\rho$ shifted inliers
tikz-v3,figure1,A,Controlled Gaussian shift,2,213,shifted_inlier,,,,,2.542327081907798,0.7646293633564575,,,,shifted,$Q_\rho$ shifted inliers
tikz-v3,figure1,A,Controlled Gaussian shift,2,214,shifted_inlier,,,,,0.9428630255389641,-1.9611131760740972,,,,shifted,$Q_\rho$ shifted inliers
tikz-v3,figure1,A,Controlled Gaussian shift,2,215,shifted_inlier,,,,,2.6379623815658784,0.19769480649037297,,,,shifted,$Q_\rho$ shifted inliers
tikz-v3,figure1,A,Controlled Gaussian shift,2,216,shifted_inlier,,,,,0.30998089938669016,1.3705456580048967,,,,shifted,$Q_\rho$ shifted inliers
tikz-v3,figure1,A,Controlled Gaussian shift,2,217,shifted_inlier,,,,,2.667116269685808,0.06490796945882747,,,,shifted,$Q_\rho$ shifted inliers
tikz-v3,figure1,A,Controlled Gaussian shift,2,218,shifted_inlier,,,,,2.0005571629280636,0.8724318399927635,,,,shifted,$Q_\rho$ shifted inliers
tikz-v3,figure1,A,Controlled Gaussian shift,2,219,shifted_inlier,,,,,-0.05643474872270593,0.27653997954244985,,,,shifted,$Q_\rho$ shifted inliers
tikz-v3,figure1,A,Controlled Gaussian shift,2,220,shifted_inlier,,,,,2.2237929244897114,-0.3948692769884846,,,,shifted,$Q_\rho$ shifted inliers
tikz-v3,figure1,A,Controlled Gaussian shift,2,221,shifted_inlier,,,,,2.9656852597157517,0.8429628842549748,,,,shifted,$Q_\rho$ shifted inliers
tikz-v3,figure1,A,Controlled Gaussian shift,2,222,shifted_inlier,,,,,1.1943299224678894,-0.6016526408142618,,,,shifted,$Q_\rho$ shifted inliers
tikz-v3,figure1,A,Controlled Gaussian shift,2,223,shifted_inlier,,,,,1.2602112005240989,-0.46264190015361983,,,,shifted,$Q_\rho$ shifted inliers
tikz-v3,figure1,A,Controlled Gaussian shift,2,224,shifted_inlier,,,,,0.6909395001030025,1.184920247809686,,,,shifted,$Q_\rho$ shifted inliers
tikz-v3,figure1,A,Controlled Gaussian shift,2,225,shifted_inlier,,,,,2.8464580544228744,-0.8072260797109024,,,,shifted,$Q_\rho$ shifted inliers
tikz-v3,figure1,A,Controlled Gaussian shift,2,226,shifted_inlier,,,,,1.2940520577553096,1.7544055505879605,,,,shifted,$Q_\rho$ shifted inliers
tikz-v3,figure1,A,Controlled Gaussian shift,2,227,shifted_inlier,,,,,2.0344083069673604,-0.8985344310410756,,,,shifted,$Q_\rho$ shifted inliers
tikz-v3,figure1,A,Controlled Gaussian shift,2,228,shifted_inlier,,,,,2.3352909032130826,1.0173860826337637,,,,shifted,$Q_\rho$ shifted inliers
tikz-v3,figure1,A,Controlled Gaussian shift,2,229,shifted_inlier,,,,,1.36254614870639,-0.6831317140592946,,,,shifted,$Q_\rho$ shifted inliers
tikz-v3,figure1,A,Controlled Gaussian shift,2,230,shifted_inlier,,,,,2.1295862615920895,0.35896372525846676,,,,shifted,$Q_\rho$ shifted inliers
tikz-v3,figure1,A,Controlled Gaussian shift,2,231,shifted_inlier,,,,,-0.007227311192350427,0.30254967552082546,,,,shifted,$Q_\rho$ shifted inliers
tikz-v3,figure1,A,Controlled Gaussian shift,2,232,shifted_inlier,,,,,1.8279797004468068,1.3339126563795203,,,,shifted,$Q_\rho$ shifted inliers
tikz-v3,figure1,A,Controlled Gaussian shift,2,233,shifted_inlier,,,,,0.8201375534088451,1.1438067193077566,,,,shifted,$Q_\rho$ shifted inliers
tikz-v3,figure1,A,Controlled Gaussian shift,2,234,shifted_inlier,,,,,0.06407943435779262,1.1345808954199152,,,,shifted,$Q_\rho$ shifted inliers
tikz-v3,figure1,A,Controlled Gaussian shift,2,235,shifted_inlier,,,,,1.7278357980249464,1.2486528286467433,,,,shifted,$Q_\rho$ shifted inliers
tikz-v3,figure1,A,Controlled Gaussian shift,2,236,shifted_inlier,,,,,0.22926622902233795,-0.19892597816596483,,,,shifted,$Q_\rho$ shifted inliers
tikz-v3,figure1,A,Controlled Gaussian shift,2,237,shifted_inlier,,,,,0.9211469902676466,-0.17044743089262335,,,,shifted,$Q_\rho$ shifted inliers
tikz-v3,figure1,A,Controlled Gaussian shift,2,238,shifted_inlier,,,,,1.2174419339664362,1.4846935001210524,,,,shifted,$Q_\rho$ shifted inliers
tikz-v3,figure1,A,Controlled Gaussian shift,2,239,shifted_inlier,,,,,1.5524629851309353,0.7570675681577407,,,,shifted,$Q_\rho$ shifted inliers
tikz-v3,figure1,A,Controlled Gaussian shift,2,240,shifted_inlier,,,,,0.19462558830038534,1.047786088419682,,,,shifted,$Q_\rho$ shifted inliers
tikz-v3,figure1,A,Controlled Gaussian shift,2,241,shifted_inlier,,,,,-0.6787881022185203,-1.582273548323893,,,,shifted,$Q_\rho$ shifted inliers
tikz-v3,figure1,A,Controlled Gaussian shift,2,242,shifted_inlier,,,,,1.4763003486728468,1.254624610456144,,,,shifted,$Q_\rho$ shifted inliers
tikz-v3,figure1,A,Controlled Gaussian shift,2,243,shifted_inlier,,,,,0.8887423654754582,1.1308600425231572,,,,shifted,$Q_\rho$ shifted inliers
tikz-v3,figure1,A,Controlled Gaussian shift,2,244,shifted_inlier,,,,,4.069634687548534,1.88225767507305,,,,shifted,$Q_\rho$ shifted inliers
tikz-v3,figure1,A,Controlled Gaussian shift,2,245,shifted_inlier,,,,,2.524002196425818,0.50055510782726,,,,shifted,$Q_\rho$ shifted inliers
tikz-v3,figure1,A,Controlled Gaussian shift,2,246,shifted_inlier,,,,,2.281249705039447,-1.1486868263718795,,,,shifted,$Q_\rho$ shifted inliers
tikz-v3,figure1,A,Controlled Gaussian shift,2,247,shifted_inlier,,,,,1.068942027812043,-0.7853612293840163,,,,shifted,$Q_\rho$ shifted inliers
tikz-v3,figure1,A,Controlled Gaussian shift,2,248,shifted_inlier,,,,,2.0075937030875908,-0.09096104598269592,,,,shifted,$Q_\rho$ shifted inliers
tikz-v3,figure1,A,Controlled Gaussian shift,2,249,shifted_inlier,,,,,2.3597712394223196,-0.8210851193817735,,,,shifted,$Q_\rho$ shifted inliers
tikz-v3,figure1,A,Controlled Gaussian shift,2,250,shifted_inlier,,,,,2.853114937859498,0.29019980526865,,,,shifted,$Q_\rho$ shifted inliers
tikz-v3,figure1,A,Controlled Gaussian shift,2,251,shifted_inlier,,,,,0.8772611290073425,-0.5713161588475326,,,,shifted,$Q_\rho$ shifted inliers
tikz-v3,figure1,A,Controlled Gaussian shift,2,252,shifted_inlier,,,,,0.7992906833979085,-1.203816141616757,,,,shifted,$Q_\rho$ shifted inliers
tikz-v3,figure1,A,Controlled Gaussian shift,2,253,shifted_inlier,,,,,0.49173750790048043,0.5038985093269701,,,,shifted,$Q_\rho$ shifted inliers
tikz-v3,figure1,A,Controlled Gaussian shift,2,254,shifted_inlier,,,,,1.1991852812264008,0.8712080936238616,,,,shifted,$Q_\rho$ shifted inliers
tikz-v3,figure1,A,Controlled Gaussian shift,2,255,shifted_inlier,,,,,1.20505920905126,0.3037145098800241,,,,shifted,$Q_\rho$ shifted inliers
tikz-v3,figure1,A,Controlled Gaussian shift,2,256,shifted_inlier,,,,,2.1180516846637243,-1.5068329213292841,,,,shifted,$Q_\rho$ shifted inliers
tikz-v3,figure1,A,Controlled Gaussian shift,2,257,shifted_inlier,,,,,1.4310234259224452,1.80708695501756,,,,shifted,$Q_\rho$ shifted inliers
tikz-v3,figure1,A,Controlled Gaussian shift,2,258,shifted_inlier,,,,,-0.04061633426833655,2.520919025107018,,,,shifted,$Q_\rho$ shifted inliers
tikz-v3,figure1,A,Controlled Gaussian shift,2,259,shifted_inlier,,,,,3.5288929304909114,0.5376327842465936,,,,shifted,$Q_\rho$ shifted inliers
tikz-v3,figure1,A,Controlled Gaussian shift,2,260,shifted_inlier,,,,,0.004050867436002914,1.180683825640204,,,,shifted,$Q_\rho$ shifted inliers
tikz-v3,figure1,A,Controlled Gaussian shift,2,261,shifted_inlier,,,,,0.06669307696461724,-0.4251614028112279,,,,shifted,$Q_\rho$ shifted inliers
tikz-v3,figure1,A,Controlled Gaussian shift,2,262,shifted_inlier,,,,,1.0439860662131915,0.31932479425467736,,,,shifted,$Q_\rho$ shifted inliers
tikz-v3,figure1,A,Controlled Gaussian shift,2,263,shifted_inlier,,,,,3.2915867973094026,1.0330178505944647,,,,shifted,$Q_\rho$ shifted inliers
tikz-v3,figure1,A,Controlled Gaussian shift,2,264,shifted_inlier,,,,,1.952018199254704,0.3081822737269968,,,,shifted,$Q_\rho$ shifted inliers
tikz-v3,figure1,A,Controlled Gaussian shift,2,265,shifted_inlier,,,,,2.412513621554572,-0.5304406903934431,,,,shifted,$Q_\rho$ shifted inliers
tikz-v3,figure1,A,Controlled Gaussian shift,2,266,shifted_inlier,,,,,0.53093762153935,-1.7055817880924555,,,,shifted,$Q_\rho$ shifted inliers
tikz-v3,figure1,A,Controlled Gaussian shift,2,267,shifted_inlier,,,,,1.3169525479789903,-1.4078908694349348,,,,shifted,$Q_\rho$ shifted inliers
tikz-v3,figure1,A,Controlled Gaussian shift,2,268,shifted_inlier,,,,,1.7911765545637723,0.8447702076805955,,,,shifted,$Q_\rho$ shifted inliers
tikz-v3,figure1,A,Controlled Gaussian shift,2,269,shifted_inlier,,,,,0.6681616869486752,0.6667241603344839,,,,shifted,$Q_\rho$ shifted inliers
tikz-v3,figure1,A,Controlled Gaussian shift,2,270,shifted_inlier,,,,,3.107068119003249,-1.173065037196373,,,,shifted,$Q_\rho$ shifted inliers
tikz-v3,figure1,A,Controlled Gaussian shift,2,271,shifted_inlier,,,,,2.70200915384332,0.7611149162473023,,,,shifted,$Q_\rho$ shifted inliers
tikz-v3,figure1,A,Controlled Gaussian shift,2,272,shifted_inlier,,,,,4.2374363041178995,-0.42122822819539363,,,,shifted,$Q_\rho$ shifted inliers
tikz-v3,figure1,A,Controlled Gaussian shift,2,273,shifted_inlier,,,,,0.9989811425905676,0.07475207393617457,,,,shifted,$Q_\rho$ shifted inliers
tikz-v3,figure1,A,Controlled Gaussian shift,2,274,shifted_inlier,,,,,2.913145424829541,-0.42896859151229993,,,,shifted,$Q_\rho$ shifted inliers
tikz-v3,figure1,A,Controlled Gaussian shift,2,275,shifted_inlier,,,,,-0.5595737589153695,-0.7100898839447712,,,,shifted,$Q_\rho$ shifted inliers
tikz-v3,figure1,A,Controlled Gaussian shift,2,276,shifted_inlier,,,,,0.45165435411635,0.1350230863242124,,,,shifted,$Q_\rho$ shifted inliers
tikz-v3,figure1,A,Controlled Gaussian shift,2,277,shifted_inlier,,,,,-0.06300038907550065,-0.39845249169306785,,,,shifted,$Q_\rho$ shifted inliers
tikz-v3,figure1,A,Controlled Gaussian shift,2,278,shifted_inlier,,,,,0.963084155179499,1.5090383267898302,,,,shifted,$Q_\rho$ shifted inliers
tikz-v3,figure1,A,Controlled Gaussian shift,2,279,shifted_inlier,,,,,0.5125607420633476,1.1830601396054932,,,,shifted,$Q_\rho$ shifted inliers
tikz-v3,figure1,A,Controlled Gaussian shift,2,280,shifted_inlier,,,,,-0.717863198669646,-0.16563248463572713,,,,shifted,$Q_\rho$ shifted inliers
tikz-v3,figure1,A,Controlled Gaussian shift,2,281,shifted_inlier,,,,,0.32270355972878506,-0.6168964060426477,,,,shifted,$Q_\rho$ shifted inliers
tikz-v3,figure1,A,Controlled Gaussian shift,2,282,shifted_inlier,,,,,2.17758729410271,-1.3044539879585182,,,,shifted,$Q_\rho$ shifted inliers
tikz-v3,figure1,A,Controlled Gaussian shift,2,283,shifted_inlier,,,,,-0.3841201591237242,0.9858863397216732,,,,shifted,$Q_\rho$ shifted inliers
tikz-v3,figure1,A,Controlled Gaussian shift,2,284,shifted_inlier,,,,,1.9049689119794668,0.3150890095044204,,,,shifted,$Q_\rho$ shifted inliers
tikz-v3,figure1,A,Controlled Gaussian shift,2,285,shifted_inlier,,,,,1.245633154845836,-0.6692421932728585,,,,shifted,$Q_\rho$ shifted inliers
tikz-v3,figure1,A,Controlled Gaussian shift,2,286,shifted_inlier,,,,,1.3688086225692844,-0.6463562932466224,,,,shifted,$Q_\rho$ shifted inliers
tikz-v3,figure1,A,Controlled Gaussian shift,2,287,shifted_inlier,,,,,-0.15349507633096326,0.5029636304836528,,,,shifted,$Q_\rho$ shifted inliers
tikz-v3,figure1,A,Controlled Gaussian shift,2,288,shifted_inlier,,,,,1.1580054917658793,-1.788175958037062,,,,shifted,$Q_\rho$ shifted inliers
tikz-v3,figure1,A,Controlled Gaussian shift,2,289,shifted_inlier,,,,,1.2501662601125378,-1.5818440897500572,,,,shifted,$Q_\rho$ shifted inliers
tikz-v3,figure1,A,Controlled Gaussian shift,2,290,shifted_inlier,,,,,1.5127274910275217,0.8407241795029701,,,,shifted,$Q_\rho$ shifted inliers
tikz-v3,figure1,A,Controlled Gaussian shift,2,291,shifted_inlier,,,,,1.5983563538747705,0.9916604589102238,,,,shifted,$Q_\rho$ shifted inliers
tikz-v3,figure1,A,Controlled Gaussian shift,2,292,shifted_inlier,,,,,2.1729371411884775,-0.1492079173875471,,,,shifted,$Q_\rho$ shifted inliers
tikz-v3,figure1,A,Controlled Gaussian shift,2,293,shifted_inlier,,,,,0.5966659973772956,1.348309047665374,,,,shifted,$Q_\rho$ shifted inliers
tikz-v3,figure1,A,Controlled Gaussian shift,2,294,shifted_inlier,,,,,1.3721172538554536,-0.4250527890237475,,,,shifted,$Q_\rho$ shifted inliers
tikz-v3,figure1,A,Controlled Gaussian shift,2,295,shifted_inlier,,,,,0.0664729243135802,0.5842257701137102,,,,shifted,$Q_\rho$ shifted inliers
tikz-v3,figure1,A,Controlled Gaussian shift,2,296,shifted_inlier,,,,,0.48017704768442115,-0.210210452078597,,,,shifted,$Q_\rho$ shifted inliers
tikz-v3,figure1,A,Controlled Gaussian shift,2,297,shifted_inlier,,,,,1.5900777629267155,0.3562374713976267,,,,shifted,$Q_\rho$ shifted inliers
tikz-v3,figure1,A,Controlled Gaussian shift,2,298,shifted_inlier,,,,,-0.3770688210234463,-0.25927579477832086,,,,shifted,$Q_\rho$ shifted inliers
tikz-v3,figure1,A,Controlled Gaussian shift,2,299,shifted_inlier,,,,,1.2716856917666959,1.4321862841325312,,,,shifted,$Q_\rho$ shifted inliers
tikz-v3,figure1,A,Controlled Gaussian shift,2,300,shifted_inlier,,,,,0.7574175681073837,-0.11941497796208549,,,,shifted,$Q_\rho$ shifted inliers
tikz-v3,figure1,A,Controlled Gaussian shift,2,301,shifted_inlier,,,,,1.4194869272072281,-0.16529966749758973,,,,shifted,$Q_\rho$ shifted inliers
tikz-v3,figure1,A,Controlled Gaussian shift,2,302,shifted_inlier,,,,,0.305641789856685,-1.4050265038190974,,,,shifted,$Q_\rho$ shifted inliers
tikz-v3,figure1,A,Controlled Gaussian shift,2,303,shifted_inlier,,,,,2.4226348963462097,-0.16154245335974537,,,,shifted,$Q_\rho$ shifted inliers
tikz-v3,figure1,A,Controlled Gaussian shift,2,304,shifted_inlier,,,,,1.0467502665765582,0.5480548874343549,,,,shifted,$Q_\rho$ shifted inliers
tikz-v3,figure1,A,Controlled Gaussian shift,2,305,shifted_inlier,,,,,2.0356301787370823,0.3736443824117157,,,,shifted,$Q_\rho$ shifted inliers
tikz-v3,figure1,A,Controlled Gaussian shift,2,306,shifted_inlier,,,,,1.1818370135888907,0.8019273675756323,,,,shifted,$Q_\rho$ shifted inliers
tikz-v3,figure1,A,Controlled Gaussian shift,2,307,shifted_inlier,,,,,3.285276153253481,-0.5309655129041555,,,,shifted,$Q_\rho$ shifted inliers
tikz-v3,figure1,A,Controlled Gaussian shift,2,308,shifted_inlier,,,,,1.308121648552076,-0.9331810421276379,,,,shifted,$Q_\rho$ shifted inliers
tikz-v3,figure1,A,Controlled Gaussian shift,2,309,shifted_inlier,,,,,2.3838359897645005,0.026254563771168103,,,,shifted,$Q_\rho$ shifted inliers
tikz-v3,figure1,A,Controlled Gaussian shift,2,310,shifted_inlier,,,,,3.3008594077605586,-0.13848316370268154,,,,shifted,$Q_\rho$ shifted inliers
tikz-v3,figure1,A,Controlled Gaussian shift,2,311,shifted_inlier,,,,,0.5081840522142342,0.974988889748828,,,,shifted,$Q_\rho$ shifted inliers
tikz-v3,figure1,A,Controlled Gaussian shift,2,312,shifted_inlier,,,,,-0.21710810536147385,1.1457995104814798,,,,shifted,$Q_\rho$ shifted inliers
tikz-v3,figure1,A,Controlled Gaussian shift,2,313,shifted_inlier,,,,,1.657348931686902,-0.3534511583138521,,,,shifted,$Q_\rho$ shifted inliers
tikz-v3,figure1,A,Controlled Gaussian shift,2,314,shifted_inlier,,,,,1.1301721887401581,-0.21085947054327586,,,,shifted,$Q_\rho$ shifted inliers
tikz-v3,figure1,A,Controlled Gaussian shift,2,315,shifted_inlier,,,,,0.44771648001301556,0.7222618880413111,,,,shifted,$Q_\rho$ shifted inliers
tikz-v3,figure1,A,Controlled Gaussian shift,2,316,shifted_inlier,,,,,1.1697621838683068,0.26775324515845633,,,,shifted,$Q_\rho$ shifted inliers
tikz-v3,figure1,A,Controlled Gaussian shift,2,317,shifted_inlier,,,,,1.8495918212740203,-0.9144134558403194,,,,shifted,$Q_\rho$ shifted inliers
tikz-v3,figure1,A,Controlled Gaussian shift,2,318,shifted_inlier,,,,,2.619441931354058,-0.45872724453619235,,,,shifted,$Q_\rho$ shifted inliers
tikz-v3,figure1,A,Controlled Gaussian shift,2,319,shifted_inlier,,,,,2.0958153340037025,-0.8411272522635262,,,,shifted,$Q_\rho$ shifted inliers
tikz-v3,figure1,A,Controlled Gaussian shift,2,320,shifted_inlier,,,,,2.9712346511389125,-1.6678917544138792,,,,shifted,$Q_\rho$ shifted inliers
tikz-v3,figure1,A,Controlled Gaussian shift,2,321,shifted_inlier,,,,,2.58911052641907,1.560364798936461,,,,shifted,$Q_\rho$ shifted inliers
tikz-v3,figure1,A,Controlled Gaussian shift,2,322,shifted_inlier,,,,,-0.7510861247462173,0.2999199895542104,,,,shifted,$Q_\rho$ shifted inliers
tikz-v3,figure1,A,Controlled Gaussian shift,2,323,shifted_inlier,,,,,2.094996325939592,-1.0438563348932064,,,,shifted,$Q_\rho$ shifted inliers
tikz-v3,figure1,A,Controlled Gaussian shift,2,324,shifted_inlier,,,,,3.9391334970072704,0.11384728817884897,,,,shifted,$Q_\rho$ shifted inliers
tikz-v3,figure1,A,Controlled Gaussian shift,2,325,shifted_inlier,,,,,1.4733983298699718,-0.7151809770038945,,,,shifted,$Q_\rho$ shifted inliers
tikz-v3,figure1,A,Controlled Gaussian shift,2,326,shifted_inlier,,,,,1.792234208835748,0.34814546609816677,,,,shifted,$Q_\rho$ shifted inliers
tikz-v3,figure1,A,Controlled Gaussian shift,2,327,shifted_inlier,,,,,1.9822101965767978,1.7247911803960305,,,,shifted,$Q_\rho$ shifted inliers
tikz-v3,figure1,A,Controlled Gaussian shift,2,328,shifted_inlier,,,,,0.9460484546875428,0.2855739199740117,,,,shifted,$Q_\rho$ shifted inliers
tikz-v3,figure1,A,Controlled Gaussian shift,2,329,shifted_inlier,,,,,1.5000707445802135,-2.0848556282537283,,,,shifted,$Q_\rho$ shifted inliers
tikz-v3,figure1,A,Controlled Gaussian shift,2,330,shifted_inlier,,,,,0.7804675536996469,-0.6016048183018781,,,,shifted,$Q_\rho$ shifted inliers
tikz-v3,figure1,A,Controlled Gaussian shift,2,331,shifted_inlier,,,,,2.535009684507875,-0.006777725564922076,,,,shifted,$Q_\rho$ shifted inliers
tikz-v3,figure1,A,Controlled Gaussian shift,2,332,shifted_inlier,,,,,2.5723111244867773,0.19709625647630932,,,,shifted,$Q_\rho$ shifted inliers
tikz-v3,figure1,A,Controlled Gaussian shift,2,333,shifted_inlier,,,,,0.7085383608741183,-0.5492016019272506,,,,shifted,$Q_\rho$ shifted inliers
tikz-v3,figure1,A,Controlled Gaussian shift,2,334,shifted_inlier,,,,,3.202532223084658,-0.9580046493500008,,,,shifted,$Q_\rho$ shifted inliers
tikz-v3,figure1,A,Controlled Gaussian shift,2,335,shifted_inlier,,,,,2.5575788260549874,0.681128115915003,,,,shifted,$Q_\rho$ shifted inliers
tikz-v3,figure1,A,Controlled Gaussian shift,2,336,shifted_inlier,,,,,1.9475680683098822,-0.33518827744243584,,,,shifted,$Q_\rho$ shifted inliers
tikz-v3,figure1,A,Controlled Gaussian shift,2,337,shifted_inlier,,,,,1.7605249383279133,0.9933224391485894,,,,shifted,$Q_\rho$ shifted inliers
tikz-v3,figure1,A,Controlled Gaussian shift,2,338,shifted_inlier,,,,,0.7639413144984211,0.020176128492565355,,,,shifted,$Q_\rho$ shifted inliers
tikz-v3,figure1,A,Controlled Gaussian shift,2,339,shifted_inlier,,,,,2.600418578193136,-0.15589334830079873,,,,shifted,$Q_\rho$ shifted inliers
tikz-v3,figure1,A,Controlled Gaussian shift,2,340,shifted_inlier,,,,,-0.08564135414581675,0.7133163216764857,,,,shifted,$Q_\rho$ shifted inliers
tikz-v3,figure1,A,Controlled Gaussian shift,2,341,shifted_inlier,,,,,1.5752723957057724,-0.2669368456780346,,,,shifted,$Q_\rho$ shifted inliers
tikz-v3,figure1,A,Controlled Gaussian shift,2,342,shifted_inlier,,,,,3.6860740681431996,-0.41912081334051565,,,,shifted,$Q_\rho$ shifted inliers
tikz-v3,figure1,A,Controlled Gaussian shift,2,343,shifted_inlier,,,,,1.021518926781141,-0.49856791149276675,,,,shifted,$Q_\rho$ shifted inliers
tikz-v3,figure1,A,Controlled Gaussian shift,2,344,shifted_inlier,,,,,3.1719347265257913,1.1618891670484104,,,,shifted,$Q_\rho$ shifted inliers
tikz-v3,figure1,A,Controlled Gaussian shift,2,345,shifted_inlier,,,,,0.33714045797062964,-0.7122760923271022,,,,shifted,$Q_\rho$ shifted inliers
tikz-v3,figure1,A,Controlled Gaussian shift,2,346,shifted_inlier,,,,,1.2512240907053767,0.33158433023509304,,,,shifted,$Q_\rho$ shifted inliers
tikz-v3,figure1,A,Controlled Gaussian shift,2,347,shifted_inlier,,,,,2.5710274637671113,-0.8706236615041681,,,,shifted,$Q_\rho$ shifted inliers
tikz-v3,figure1,A,Controlled Gaussian shift,2,348,shifted_inlier,,,,,0.4482899081386602,-0.15497378837696435,,,,shifted,$Q_\rho$ shifted inliers
tikz-v3,figure1,A,Controlled Gaussian shift,2,349,shifted_inlier,,,,,2.057255690938703,0.5573838063873388,,,,shifted,$Q_\rho$ shifted inliers
tikz-v3,figure1,A,Controlled Gaussian shift,2,350,shifted_inlier,,,,,-0.021359669335891285,-0.7510288564658993,,,,shifted,$Q_\rho$ shifted inliers
tikz-v3,figure1,A,Controlled Gaussian shift,2,351,shifted_inlier,,,,,1.0777708226177245,-1.583917955689634,,,,shifted,$Q_\rho$ shifted inliers
tikz-v3,figure1,A,Controlled Gaussian shift,2,352,shifted_inlier,,,,,1.3346636558080696,-0.6519424351602869,,,,shifted,$Q_\rho$ shifted inliers
tikz-v3,figure1,A,Controlled Gaussian shift,2,353,shifted_inlier,,,,,1.2909867561833197,1.0292447693307927,,,,shifted,$Q_\rho$ shifted inliers
tikz-v3,figure1,A,Controlled Gaussian shift,2,354,shifted_inlier,,,,,1.0756538698299585,1.469840458614971,,,,shifted,$Q_\rho$ shifted inliers
tikz-v3,figure1,A,Controlled Gaussian shift,2,355,shifted_inlier,,,,,1.3006387638614285,0.7047271825648976,,,,shifted,$Q_\rho$ shifted inliers
tikz-v3,figure1,A,Controlled Gaussian shift,2,356,shifted_inlier,,,,,2.123293374707254,0.38050204090522577,,,,shifted,$Q_\rho$ shifted inliers
tikz-v3,figure1,A,Controlled Gaussian shift,2,357,shifted_inlier,,,,,1.2981868900642202,0.20476261482081248,,,,shifted,$Q_\rho$ shifted inliers
tikz-v3,figure1,A,Controlled Gaussian shift,2,358,shifted_inlier,,,,,-1.166406764238086,-1.2050712780585122,,,,shifted,$Q_\rho$ shifted inliers
tikz-v3,figure1,A,Controlled Gaussian shift,2,359,shifted_inlier,,,,,0.5019389481452329,0.23685689172510743,,,,shifted,$Q_\rho$ shifted inliers
tikz-v3,figure1,A,Controlled Gaussian shift,2,360,shifted_inlier,,,,,1.8454550383602317,0.5166804792279811,,,,shifted,$Q_\rho$ shifted inliers
tikz-v3,figure1,A,Controlled Gaussian shift,2,361,shifted_inlier,,,,,1.7089052146091235,0.5103274583956483,,,,shifted,$Q_\rho$ shifted inliers
tikz-v3,figure1,A,Controlled Gaussian shift,2,362,shifted_inlier,,,,,2.2694504715409756,0.8864173471945552,,,,shifted,$Q_\rho$ shifted inliers
tikz-v3,figure1,A,Controlled Gaussian shift,2,363,shifted_inlier,,,,,1.144805209482288,-0.8249799932633104,,,,shifted,$Q_\rho$ shifted inliers
tikz-v3,figure1,A,Controlled Gaussian shift,2,364,shifted_inlier,,,,,1.6665111045580685,0.39693641101452304,,,,shifted,$Q_\rho$ shifted inliers
tikz-v3,figure1,A,Controlled Gaussian shift,2,365,shifted_inlier,,,,,0.38756977190340836,-0.3581629423251762,,,,shifted,$Q_\rho$ shifted inliers
tikz-v3,figure1,A,Controlled Gaussian shift,2,366,shifted_inlier,,,,,1.098024247424973,-0.7337255119831743,,,,shifted,$Q_\rho$ shifted inliers
tikz-v3,figure1,A,Controlled Gaussian shift,2,367,shifted_inlier,,,,,0.5268858585926043,2.128362336357785,,,,shifted,$Q_\rho$ shifted inliers
tikz-v3,figure1,A,Controlled Gaussian shift,2,368,shifted_inlier,,,,,3.575035819161277,-1.7167363388048908,,,,shifted,$Q_\rho$ shifted inliers
tikz-v3,figure1,A,Controlled Gaussian shift,2,369,shifted_inlier,,,,,0.8595679773977715,1.0656122491550066,,,,shifted,$Q_\rho$ shifted inliers
tikz-v3,figure1,A,Controlled Gaussian shift,2,370,shifted_inlier,,,,,1.409965163880576,-0.5201652023165372,,,,shifted,$Q_\rho$ shifted inliers
tikz-v3,figure1,A,Controlled Gaussian shift,2,371,shifted_inlier,,,,,0.3077469183008881,0.9851359430760845,,,,shifted,$Q_\rho$ shifted inliers
tikz-v3,figure1,A,Controlled Gaussian shift,2,372,shifted_inlier,,,,,2.8074239236457013,-0.14713932628572873,,,,shifted,$Q_\rho$ shifted inliers
tikz-v3,figure1,A,Controlled Gaussian shift,2,373,shifted_inlier,,,,,1.4498797772268794,0.4478918571520946,,,,shifted,$Q_\rho$ shifted inliers
tikz-v3,figure1,A,Controlled Gaussian shift,2,374,shifted_inlier,,,,,1.0814487278944684,-1.7639157834476693,,,,shifted,$Q_\rho$ shifted inliers
tikz-v3,figure1,A,Controlled Gaussian shift,2,375,shifted_inlier,,,,,1.5542478039873548,1.8256422008517705,,,,shifted,$Q_\rho$ shifted inliers
tikz-v3,figure1,A,Controlled Gaussian shift,2,376,shifted_inlier,,,,,1.4594148812397079,0.6374405922770705,,,,shifted,$Q_\rho$ shifted inliers
tikz-v3,figure1,A,Controlled Gaussian shift,2,377,shifted_inlier,,,,,2.5688965880691024,-0.37423191750595314,,,,shifted,$Q_\rho$ shifted inliers
tikz-v3,figure1,A,Controlled Gaussian shift,2,378,shifted_inlier,,,,,1.9198286091022003,-0.7962341796348626,,,,shifted,$Q_\rho$ shifted inliers
tikz-v3,figure1,A,Controlled Gaussian shift,2,379,shifted_inlier,,,,,2.5628720899702078,0.5192505742618612,,,,shifted,$Q_\rho$ shifted inliers
tikz-v3,figure1,A,Controlled Gaussian shift,2,380,shifted_inlier,,,,,1.2460764161674172,-1.2990520126519194,,,,shifted,$Q_\rho$ shifted inliers
tikz-v3,figure1,A,Controlled Gaussian shift,2,381,shifted_inlier,,,,,0.9058005964032896,-1.0440508512947866,,,,shifted,$Q_\rho$ shifted inliers
tikz-v3,figure1,A,Controlled Gaussian shift,2,382,shifted_inlier,,,,,0.4186571789045168,-1.2778590331532145,,,,shifted,$Q_\rho$ shifted inliers
tikz-v3,figure1,A,Controlled Gaussian shift,2,383,shifted_inlier,,,,,1.3340995630482888,1.234618077144288,,,,shifted,$Q_\rho$ shifted inliers
tikz-v3,figure1,A,Controlled Gaussian shift,2,384,shifted_inlier,,,,,2.2604573559111474,-1.0221173423647023,,,,shifted,$Q_\rho$ shifted inliers
tikz-v3,figure1,A,Controlled Gaussian shift,2,385,shifted_inlier,,,,,1.68128661753643,-1.3955314365784486,,,,shifted,$Q_\rho$ shifted inliers
tikz-v3,figure1,A,Controlled Gaussian shift,2,386,shifted_inlier,,,,,1.739700649684826,1.4787572243014653,,,,shifted,$Q_\rho$ shifted inliers
tikz-v3,figure1,A,Controlled Gaussian shift,2,387,shifted_inlier,,,,,3.544010355789862,-0.933552920786159,,,,shifted,$Q_\rho$ shifted inliers
tikz-v3,figure1,A,Controlled Gaussian shift,2,388,shifted_inlier,,,,,1.4947586291267192,-2.126624284157574,,,,shifted,$Q_\rho$ shifted inliers
tikz-v3,figure1,A,Controlled Gaussian shift,2,389,shifted_inlier,,,,,0.2756324991095003,-0.7467394791140126,,,,shifted,$Q_\rho$ shifted inliers
tikz-v3,figure1,A,Controlled Gaussian shift,2,390,shifted_inlier,,,,,0.041396192089078854,-1.5757180166949312,,,,shifted,$Q_\rho$ shifted inliers
tikz-v3,figure1,A,Controlled Gaussian shift,2,391,shifted_inlier,,,,,1.5774551219881514,-0.7988114008434436,,,,shifted,$Q_\rho$ shifted inliers
tikz-v3,figure1,A,Controlled Gaussian shift,2,392,shifted_inlier,,,,,1.6243020666439547,-0.6542825114688986,,,,shifted,$Q_\rho$ shifted inliers
tikz-v3,figure1,A,Controlled Gaussian shift,2,393,shifted_inlier,,,,,1.3763908329055758,0.7620195781177304,,,,shifted,$Q_\rho$ shifted inliers
tikz-v3,figure1,A,Controlled Gaussian shift,2,394,shifted_inlier,,,,,-0.4483660648112502,0.30842526805045795,,,,shifted,$Q_\rho$ shifted inliers
tikz-v3,figure1,A,Controlled Gaussian shift,2,395,shifted_inlier,,,,,0.09261964894776753,0.08083202101109706,,,,shifted,$Q_\rho$ shifted inliers
tikz-v3,figure1,A,Controlled Gaussian shift,2,396,shifted_inlier,,,,,0.690474663533419,-0.33971874980756445,,,,shifted,$Q_\rho$ shifted inliers
tikz-v3,figure1,A,Controlled Gaussian shift,2,397,shifted_inlier,,,,,2.1541832212921066,0.13470522092799142,,,,shifted,$Q_\rho$ shifted inliers
tikz-v3,figure1,A,Controlled Gaussian shift,2,398,shifted_inlier,,,,,-0.5271050774172945,-1.2624173852922784,,,,shifted,$Q_\rho$ shifted inliers
tikz-v3,figure1,A,Controlled Gaussian shift,2,399,shifted_inlier,,,,,2.812079598637723,0.6701718677768721,,,,shifted,$Q_\rho$ shifted inliers
tikz-v3,figure1,A,Controlled Gaussian shift,2,400,shifted_inlier,,,,,0.9910902561665672,-0.23651939565012914,,,,shifted,$Q_\rho$ shifted inliers
tikz-v3,figure1,A,Controlled Gaussian shift,2,401,shifted_inlier,,,,,1.5688992124147207,2.211012628514902,,,,shifted,$Q_\rho$ shifted inliers
tikz-v3,figure1,A,Controlled Gaussian shift,2,402,shifted_inlier,,,,,3.789081306391741,1.6512626830493835,,,,shifted,$Q_\rho$ shifted inliers
tikz-v3,figure1,A,Controlled Gaussian shift,2,403,shifted_inlier,,,,,2.7637047750558508,-0.5332421821695909,,,,shifted,$Q_\rho$ shifted inliers
tikz-v3,figure1,A,Controlled Gaussian shift,2,404,shifted_inlier,,,,,1.2901915544668299,-0.8079781168391914,,,,shifted,$Q_\rho$ shifted inliers
tikz-v3,figure1,A,Controlled Gaussian shift,2,405,shifted_inlier,,,,,0.9717804670015455,-0.14172822946407287,,,,shifted,$Q_\rho$ shifted inliers
tikz-v3,figure1,A,Controlled Gaussian shift,2,406,shifted_inlier,,,,,-0.013162401825723702,0.7656442754581129,,,,shifted,$Q_\rho$ shifted inliers
tikz-v3,figure1,A,Controlled Gaussian shift,2,407,shifted_inlier,,,,,1.6724691961402676,-1.0519238993899511,,,,shifted,$Q_\rho$ shifted inliers
tikz-v3,figure1,A,Controlled Gaussian shift,2,408,shifted_inlier,,,,,1.2288817546374757,-0.6824716597926639,,,,shifted,$Q_\rho$ shifted inliers
tikz-v3,figure1,A,Controlled Gaussian shift,2,409,shifted_inlier,,,,,2.420853205354341,-0.23817964911942016,,,,shifted,$Q_\rho$ shifted inliers
tikz-v3,figure1,A,Controlled Gaussian shift,2,410,shifted_inlier,,,,,2.940899191905973,0.04225963772559318,,,,shifted,$Q_\rho$ shifted inliers
tikz-v3,figure1,A,Controlled Gaussian shift,2,411,shifted_inlier,,,,,0.6101291694006392,1.947709304713634,,,,shifted,$Q_\rho$ shifted inliers
tikz-v3,figure1,A,Controlled Gaussian shift,2,412,shifted_inlier,,,,,2.150858222028282,-0.0045264824295211835,,,,shifted,$Q_\rho$ shifted inliers
tikz-v3,figure1,A,Controlled Gaussian shift,2,413,shifted_inlier,,,,,3.4407710220505336,0.5941104169337413,,,,shifted,$Q_\rho$ shifted inliers
tikz-v3,figure1,A,Controlled Gaussian shift,2,414,shifted_inlier,,,,,1.0044574514381988,-1.7901315971696548,,,,shifted,$Q_\rho$ shifted inliers
tikz-v3,figure1,A,Controlled Gaussian shift,2,415,shifted_inlier,,,,,1.2297466600619036,0.9878356823149672,,,,shifted,$Q_\rho$ shifted inliers
tikz-v3,figure1,A,Controlled Gaussian shift,2,416,shifted_inlier,,,,,2.751328335430671,0.49119043522115213,,,,shifted,$Q_\rho$ shifted inliers
tikz-v3,figure1,A,Controlled Gaussian shift,2,417,shifted_inlier,,,,,0.2851022284028939,0.7463712797519458,,,,shifted,$Q_\rho$ shifted inliers
tikz-v3,figure1,A,Controlled Gaussian shift,2,418,shifted_inlier,,,,,-0.05577616161064469,1.0713573355071553,,,,shifted,$Q_\rho$ shifted inliers
tikz-v3,figure1,A,Controlled Gaussian shift,2,419,shifted_inlier,,,,,1.8031170983993827,1.273836771877368,,,,shifted,$Q_\rho$ shifted inliers
tikz-v3,figure1,A,Controlled Gaussian shift,2,420,shifted_inlier,,,,,1.3057801086227352,-0.7594374353081352,,,,shifted,$Q_\rho$ shifted inliers
tikz-v3,figure1,A,Controlled Gaussian shift,2,421,shifted_inlier,,,,,1.6305104464070952,-0.7764034386475618,,,,shifted,$Q_\rho$ shifted inliers
tikz-v3,figure1,A,Controlled Gaussian shift,2,422,shifted_inlier,,,,,2.377519947695598,1.3033519399824822,,,,shifted,$Q_\rho$ shifted inliers
tikz-v3,figure1,A,Controlled Gaussian shift,2,423,shifted_inlier,,,,,3.0240979949397513,0.4520644172636484,,,,shifted,$Q_\rho$ shifted inliers
tikz-v3,figure1,A,Controlled Gaussian shift,2,424,shifted_inlier,,,,,1.1993188602628455,2.1937102672008733,,,,shifted,$Q_\rho$ shifted inliers
tikz-v3,figure1,A,Controlled Gaussian shift,2,425,shifted_inlier,,,,,2.4288178240938936,0.28048864181847555,,,,shifted,$Q_\rho$ shifted inliers
tikz-v3,figure1,A,Controlled Gaussian shift,2,426,shifted_inlier,,,,,0.36882106709806317,-0.8641490606598913,,,,shifted,$Q_\rho$ shifted inliers
tikz-v3,figure1,A,Controlled Gaussian shift,2,427,shifted_inlier,,,,,1.7729235784808195,-1.0189182194692172,,,,shifted,$Q_\rho$ shifted inliers
tikz-v3,figure1,A,Controlled Gaussian shift,2,428,shifted_inlier,,,,,3.4893173896400542,2.249511573126713,,,,shifted,$Q_\rho$ shifted inliers
tikz-v3,figure1,A,Controlled Gaussian shift,2,429,shifted_inlier,,,,,1.1684873584369904,0.5077814076632458,,,,shifted,$Q_\rho$ shifted inliers
tikz-v3,figure1,A,Controlled Gaussian shift,2,430,shifted_inlier,,,,,1.3157416616110806,0.8650254248952228,,,,shifted,$Q_\rho$ shifted inliers
tikz-v3,figure1,A,Controlled Gaussian shift,2,431,shifted_inlier,,,,,0.045579539113907996,-1.2101688653443403,,,,shifted,$Q_\rho$ shifted inliers
tikz-v3,figure1,A,Controlled Gaussian shift,2,432,shifted_inlier,,,,,2.9144845574889,0.22668368339679995,,,,shifted,$Q_\rho$ shifted inliers
tikz-v3,figure1,A,Controlled Gaussian shift,2,433,shifted_inlier,,,,,-0.7708345145783442,0.05185039417521789,,,,shifted,$Q_\rho$ shifted inliers
tikz-v3,figure1,A,Controlled Gaussian shift,2,434,shifted_inlier,,,,,1.5704359376927595,1.1024482246116294,,,,shifted,$Q_\rho$ shifted inliers
tikz-v3,figure1,A,Controlled Gaussian shift,2,435,shifted_inlier,,,,,-0.8198590228876452,-0.2446236844775415,,,,shifted,$Q_\rho$ shifted inliers
tikz-v3,figure1,A,Controlled Gaussian shift,2,436,shifted_inlier,,,,,0.7101248498703963,0.5755410098074241,,,,shifted,$Q_\rho$ shifted inliers
tikz-v3,figure1,A,Controlled Gaussian shift,2,437,shifted_inlier,,,,,-0.28729076560589695,0.8287161471551105,,,,shifted,$Q_\rho$ shifted inliers
tikz-v3,figure1,A,Controlled Gaussian shift,2,438,shifted_inlier,,,,,1.534183573870383,1.0917135718985191,,,,shifted,$Q_\rho$ shifted inliers
tikz-v3,figure1,A,Controlled Gaussian shift,2,439,shifted_inlier,,,,,1.2152693573117288,0.09933583551052574,,,,shifted,$Q_\rho$ shifted inliers
tikz-v3,figure1,A,Controlled Gaussian shift,2,440,shifted_inlier,,,,,1.937841972507031,0.5079424015917573,,,,shifted,$Q_\rho$ shifted inliers
tikz-v3,figure1,A,Controlled Gaussian shift,2,441,shifted_inlier,,,,,1.795648086097416,0.7480178162616438,,,,shifted,$Q_\rho$ shifted inliers
tikz-v3,figure1,A,Controlled Gaussian shift,2,442,shifted_inlier,,,,,1.3775921257477457,1.7239746551673514,,,,shifted,$Q_\rho$ shifted inliers
tikz-v3,figure1,A,Controlled Gaussian shift,2,443,shifted_inlier,,,,,2.014530823073955,-1.2404136621024313,,,,shifted,$Q_\rho$ shifted inliers
tikz-v3,figure1,A,Controlled Gaussian shift,2,444,shifted_inlier,,,,,2.5371374960304287,0.6013215189716544,,,,shifted,$Q_\rho$ shifted inliers
tikz-v3,figure1,A,Controlled Gaussian shift,2,445,shifted_inlier,,,,,2.383997969975549,-1.29936360442232,,,,shifted,$Q_\rho$ shifted inliers
tikz-v3,figure1,A,Controlled Gaussian shift,2,446,shifted_inlier,,,,,1.6906624076997556,0.647177306707918,,,,shifted,$Q_\rho$ shifted inliers
tikz-v3,figure1,A,Controlled Gaussian shift,2,447,shifted_inlier,,,,,1.1277323494100098,0.04526418821981972,,,,shifted,$Q_\rho$ shifted inliers
tikz-v3,figure1,A,Controlled Gaussian shift,2,448,shifted_inlier,,,,,-0.09326908515132781,-0.09526386762607592,,,,shifted,$Q_\rho$ shifted inliers
tikz-v3,figure1,A,Controlled Gaussian shift,2,449,shifted_inlier,,,,,1.3677996460931325,-1.5151567359687483,,,,shifted,$Q_\rho$ shifted inliers
tikz-v3,figure1,A,Controlled Gaussian shift,3,0,anomaly,,,,,1.481505410330209,2.500245381711184,,,,anomaly,"$A_{\rho,\kappa}$ anomalies"
tikz-v3,figure1,A,Controlled Gaussian shift,3,1,anomaly,,,,,0.25346059374061003,4.236686118426702,,,,anomaly,"$A_{\rho,\kappa}$ anomalies"
tikz-v3,figure1,A,Controlled Gaussian shift,3,2,anomaly,,,,,1.6982368856062469,3.823428004209266,,,,anomaly,"$A_{\rho,\kappa}$ anomalies"
tikz-v3,figure1,A,Controlled Gaussian shift,3,3,anomaly,,,,,1.3451281624922538,4.4014801957114615,,,,anomaly,"$A_{\rho,\kappa}$ anomalies"
tikz-v3,figure1,A,Controlled Gaussian shift,3,4,anomaly,,,,,-0.2255801289170034,4.111852963504565,,,,anomaly,"$A_{\rho,\kappa}$ anomalies"
tikz-v3,figure1,A,Controlled Gaussian shift,3,5,anomaly,,,,,1.1805670295016144,3.7574376432392693,,,,anomaly,"$A_{\rho,\kappa}$ anomalies"
tikz-v3,figure1,A,Controlled Gaussian shift,3,6,anomaly,,,,,0.6445615880532934,1.9420017940096375,,,,anomaly,"$A_{\rho,\kappa}$ anomalies"
tikz-v3,figure1,A,Controlled Gaussian shift,3,7,anomaly,,,,,0.5880293604389363,4.794024257406121,,,,anomaly,"$A_{\rho,\kappa}$ anomalies"
tikz-v3,figure1,A,Controlled Gaussian shift,3,8,anomaly,,,,,1.9013386621890707,2.3554695127455565,,,,anomaly,"$A_{\rho,\kappa}$ anomalies"
tikz-v3,figure1,A,Controlled Gaussian shift,3,9,anomaly,,,,,1.5853402480367644,3.135530116636817,,,,anomaly,"$A_{\rho,\kappa}$ anomalies"
tikz-v3,figure1,A,Controlled Gaussian shift,3,10,anomaly,,,,,1.9940680868742409,2.8435372632575966,,,,anomaly,"$A_{\rho,\kappa}$ anomalies"
tikz-v3,figure1,A,Controlled Gaussian shift,3,11,anomaly,,,,,1.914787178323353,2.5515747798732726,,,,anomaly,"$A_{\rho,\kappa}$ anomalies"
tikz-v3,figure1,A,Controlled Gaussian shift,3,12,anomaly,,,,,0.7046494027658222,3.6500126580345316,,,,anomaly,"$A_{\rho,\kappa}$ anomalies"
tikz-v3,figure1,A,Controlled Gaussian shift,3,13,anomaly,,,,,1.4563217732140241,3.3365734453282156,,,,anomaly,"$A_{\rho,\kappa}$ anomalies"
tikz-v3,figure1,A,Controlled Gaussian shift,3,14,anomaly,,,,,1.0559773499270555,2.9001905342415095,,,,anomaly,"$A_{\rho,\kappa}$ anomalies"
tikz-v3,figure1,A,Controlled Gaussian shift,3,15,anomaly,,,,,0.9383691998714216,5.546315497909756,,,,anomaly,"$A_{\rho,\kappa}$ anomalies"
tikz-v3,figure1,A,Controlled Gaussian shift,3,16,anomaly,,,,,1.6573732182226608,2.1559021167210717,,,,anomaly,"$A_{\rho,\kappa}$ anomalies"
tikz-v3,figure1,A,Controlled Gaussian shift,3,17,anomaly,,,,,-0.08288757790430412,3.6635499900826773,,,,anomaly,"$A_{\rho,\kappa}$ anomalies"
tikz-v3,figure1,A,Controlled Gaussian shift,3,18,anomaly,,,,,1.3466356468734801,3.5208549811177896,,,,anomaly,"$A_{\rho,\kappa}$ anomalies"
tikz-v3,figure1,A,Controlled Gaussian shift,3,19,anomaly,,,,,1.5336717488441005,3.967541966059034,,,,anomaly,"$A_{\rho,\kappa}$ anomalies"
tikz-v3,figure1,A,Controlled Gaussian shift,3,20,anomaly,,,,,1.448370335584434,2.0195949780953244,,,,anomaly,"$A_{\rho,\kappa}$ anomalies"
tikz-v3,figure1,A,Controlled Gaussian shift,3,21,anomaly,,,,,1.471150072745035,2.6956894109569296,,,,anomaly,"$A_{\rho,\kappa}$ anomalies"
tikz-v3,figure1,A,Controlled Gaussian shift,3,22,anomaly,,,,,2.301530282202142,2.748097786945217,,,,anomaly,"$A_{\rho,\kappa}$ anomalies"
tikz-v3,figure1,A,Controlled Gaussian shift,3,23,anomaly,,,,,0.5110959119765917,4.956802367441432,,,,anomaly,"$A_{\rho,\kappa}$ anomalies"
tikz-v3,figure1,A,Controlled Gaussian shift,3,24,anomaly,,,,,3.059741772045138,3.7530393916073113,,,,anomaly,"$A_{\rho,\kappa}$ anomalies"
tikz-v3,figure1,A,Controlled Gaussian shift,3,25,anomaly,,,,,2.5687095287861963,4.1447316098132445,,,,anomaly,"$A_{\rho,\kappa}$ anomalies"
tikz-v3,figure1,A,Controlled Gaussian shift,3,26,anomaly,,,,,0.6456892410030847,5.458846284807789,,,,anomaly,"$A_{\rho,\kappa}$ anomalies"
tikz-v3,figure1,A,Controlled Gaussian shift,3,27,anomaly,,,,,1.8866145334332844,3.533068376074921,,,,anomaly,"$A_{\rho,\kappa}$ anomalies"
tikz-v3,figure1,A,Controlled Gaussian shift,3,28,anomaly,,,,,2.2633966934258196,2.944215302437511,,,,anomaly,"$A_{\rho,\kappa}$ anomalies"
tikz-v3,figure1,A,Controlled Gaussian shift,3,29,anomaly,,,,,1.5892642072153713,3.6346596710538726,,,,anomaly,"$A_{\rho,\kappa}$ anomalies"
tikz-v3,figure1,A,Controlled Gaussian shift,3,30,anomaly,,,,,1.4067310605820478,4.988891130104407,,,,anomaly,"$A_{\rho,\kappa}$ anomalies"
tikz-v3,figure1,A,Controlled Gaussian shift,3,31,anomaly,,,,,2.128592475434788,2.85968038248154,,,,anomaly,"$A_{\rho,\kappa}$ anomalies"
tikz-v3,figure1,A,Controlled Gaussian shift,3,32,anomaly,,,,,5.385662285384376,3.5115517030310666,,,,anomaly,"$A_{\rho,\kappa}$ anomalies"
tikz-v3,figure1,A,Controlled Gaussian shift,3,33,anomaly,,,,,2.4209048232368016,2.9827611260046525,,,,anomaly,"$A_{\rho,\kappa}$ anomalies"
tikz-v3,figure1,A,Controlled Gaussian shift,3,34,anomaly,,,,,3.616709503938536,2.549759347233007,,,,anomaly,"$A_{\rho,\kappa}$ anomalies"
tikz-v3,figure1,A,Controlled Gaussian shift,3,35,anomaly,,,,,0.748796117408929,2.908380646416198,,,,anomaly,"$A_{\rho,\kappa}$ anomalies"
tikz-v3,figure1,A,Controlled Gaussian shift,3,36,anomaly,,,,,3.2168108697620936,1.8276160308779241,,,,anomaly,"$A_{\rho,\kappa}$ anomalies"
tikz-v3,figure1,A,Controlled Gaussian shift,3,37,anomaly,,,,,1.6808848220618429,3.0429375426115035,,,,anomaly,"$A_{\rho,\kappa}$ anomalies"
tikz-v3,figure1,A,Controlled Gaussian shift,3,38,anomaly,,,,,0.5941764782513522,5.176225171195201,,,,anomaly,"$A_{\rho,\kappa}$ anomalies"
tikz-v3,figure1,A,Controlled Gaussian shift,3,39,anomaly,,,,,3.5431178007099744,3.0739741844267057,,,,anomaly,"$A_{\rho,\kappa}$ anomalies"
tikz-v3,figure1,A,Controlled Gaussian shift,3,40,anomaly,,,,,3.3349815339449997,2.905751551410776,,,,anomaly,"$A_{\rho,\kappa}$ anomalies"
tikz-v3,figure1,A,Controlled Gaussian shift,3,41,anomaly,,,,,2.843413178192345,3.857686844211051,,,,anomaly,"$A_{\rho,\kappa}$ anomalies"
tikz-v3,figure1,A,Controlled Gaussian shift,3,42,anomaly,,,,,0.6160174077368417,2.5322361367394963,,,,anomaly,"$A_{\rho,\kappa}$ anomalies"
tikz-v3,figure1,A,Controlled Gaussian shift,3,43,anomaly,,,,,1.8372688043929117,3.673218955640049,,,,anomaly,"$A_{\rho,\kappa}$ anomalies"
tikz-v3,figure1,A,Controlled Gaussian shift,3,44,anomaly,,,,,1.576012971099375,4.76372125801166,,,,anomaly,"$A_{\rho,\kappa}$ anomalies"
tikz-v3,figure1,A,Controlled Gaussian shift,3,45,anomaly,,,,,-0.543559934382492,1.8637508481755736,,,,anomaly,"$A_{\rho,\kappa}$ anomalies"
tikz-v3,figure1,A,Controlled Gaussian shift,3,46,anomaly,,,,,0.2225131683102901,3.926410869908273,,,,anomaly,"$A_{\rho,\kappa}$ anomalies"
tikz-v3,figure1,A,Controlled Gaussian shift,3,47,anomaly,,,,,0.9398484629095605,0.8755349813153139,,,,anomaly,"$A_{\rho,\kappa}$ anomalies"
tikz-v3,figure1,A,Controlled Gaussian shift,3,48,anomaly,,,,,0.8243065456739547,3.9047434590326824,,,,anomaly,"$A_{\rho,\kappa}$ anomalies"
tikz-v3,figure1,A,Controlled Gaussian shift,3,49,anomaly,,,,,2.4459800558524725,2.5848326451039734,,,,anomaly,"$A_{\rho,\kappa}$ anomalies"
