summary_version,world_id,rho,world_seed,alpha,n_cal,m,n_anomaly,n_inlier,n_randomizations,total_calib_weight,calib_ess,max_normalized_calib_weight,min_anomaly_interval_lower,max_anomaly_interval_lower,min_anomaly_interval_upper,max_anomaly_interval_upper,mean_anomaly_interval_width,max_anomaly_interval_width,rank_interval_ratio,log10_rank_interval_ratio,min_inlier_interval_lower,max_inlier_interval_lower,inliers_nonrejectable,theorem_miss_probability,observed_miss_probability,miss_probability_error,theorem_mean_discoveries,observed_mean_discoveries,theorem_variance_discoveries,observed_variance_discoveries
randomized-instability-frontier-v2,rho_0000_seed_000,0.0,0,0.1,500,1000,10,990,20000,500.0,500.0,0.002,0.0,0.0,0.001996007984031936,0.001996007984031936,0.001996007984031936,0.001996007984031936,1.996007984031936,0.30016227413275426,0.998003992015968,0.998003992015968,True,0.49900000000000166,0.50075,0.001749999999998364,1.4175051964354841,1.41355,3.881841659167565,3.8990263975
randomized-instability-frontier-v2,rho_0000_seed_001,0.0,1,0.1,500,1000,10,990,20000,500.0,500.0,0.002,0.0,0.0,0.001996007984031936,0.001996007984031936,0.001996007984031936,0.001996007984031936,1.996007984031936,0.30016227413275426,0.998003992015968,0.998003992015968,True,0.49900000000000166,0.49745,-0.0015500000000016612,1.4175051964354841,1.4292,3.881841659167565,3.9202873600000006
randomized-instability-frontier-v2,rho_0000_seed_002,0.0,2,0.1,500,1000,10,990,20000,500.0,500.0,0.002,0.0,0.0,0.001996007984031936,0.001996007984031936,0.001996007984031936,0.001996007984031936,1.996007984031936,0.30016227413275426,0.998003992015968,0.998003992015968,True,0.49900000000000166,0.4978,-0.0012000000000016442,1.4175051964354841,1.41495,3.881841659167565,3.8439664974999994
randomized-instability-frontier-v2,rho_0000_seed_003,0.0,3,0.1,500,1000,10,990,20000,500.0,500.0,0.002,0.0,0.0,0.001996007984031936,0.001996007984031936,0.001996007984031936,0.001996007984031936,1.996007984031936,0.30016227413275426,0.998003992015968,0.998003992015968,True,0.49900000000000166,0.49945,0.0004499999999983406,1.4175051964354841,1.4246,3.881841659167565,3.9694148400000007
randomized-instability-frontier-v2,rho_0000_seed_004,0.0,4,0.1,500,1000,10,990,20000,500.0,500.0,0.002,0.0,0.0,0.001996007984031936,0.001996007984031936,0.001996007984031936,0.001996007984031936,1.996007984031936,0.30016227413275426,0.998003992015968,0.998003992015968,True,0.49900000000000166,0.49915,0.00014999999999831815,1.4175051964354841,1.42045,3.881841659167565,3.9050717974999998
randomized-instability-frontier-v2,rho_0000_seed_005,0.0,5,0.1,500,1000,10,990,20000,500.0,500.0,0.002,0.0,0.0,0.001996007984031936,0.001996007984031936,0.001996007984031936,0.001996007984031936,1.996007984031936,0.30016227413275426,0.998003992015968,0.998003992015968,True,0.49900000000000166,0.5003,0.0012999999999983025,1.4175051964354841,1.40555,3.881841659167565,3.8672791975000007
randomized-instability-frontier-v2,rho_0000_seed_006,0.0,6,0.1,500,1000,10,990,20000,500.0,500.0,0.002,0.0,0.0,0.001996007984031936,0.001996007984031936,0.001996007984031936,0.001996007984031936,1.996007984031936,0.30016227413275426,0.998003992015968,0.998003992015968,True,0.49900000000000166,0.49285,-0.006150000000001654,1.4175051964354841,1.43405,3.881841659167565,3.9502505975000006
randomized-instability-frontier-v2,rho_0000_seed_007,0.0,7,0.1,500,1000,10,990,20000,500.0,500.0,0.002,0.0,0.0,0.001996007984031936,0.001996007984031936,0.001996007984031936,0.001996007984031936,1.996007984031936,0.30016227413275426,0.998003992015968,0.998003992015968,True,0.49900000000000166,0.49905,4.999999999832916e-05,1.4175051964354841,1.40285,3.881841659167565,3.8038618775
randomized-instability-frontier-v2,rho_0000_seed_008,0.0,8,0.1,500,1000,10,990,20000,500.0,500.0,0.002,0.0,0.0,0.001996007984031936,0.001996007984031936,0.001996007984031936,0.001996007984031936,1.996007984031936,0.30016227413275426,0.998003992015968,0.998003992015968,True,0.49900000000000166,0.49555,-0.003450000000001674,1.4175051964354841,1.42085,3.881841659167565,3.864935277499999
randomized-instability-frontier-v2,rho_0000_seed_009,0.0,9,0.1,500,1000,10,990,20000,500.0,500.0,0.002,0.0,0.0,0.001996007984031936,0.001996007984031936,0.001996007984031936,0.001996007984031936,1.996007984031936,0.30016227413275426,0.998003992015968,0.998003992015968,True,0.49900000000000166,0.4933,-0.005700000000001648,1.4175051964354841,1.4263,3.881841659167565,3.814068310000001
randomized-instability-frontier-v2,rho_0000_seed_010,0.0,10,0.1,500,1000,10,990,20000,500.0,500.0,0.002,0.0,0.0,0.001996007984031936,0.001996007984031936,0.001996007984031936,0.001996007984031936,1.996007984031936,0.30016227413275426,0.998003992015968,0.998003992015968,True,0.49900000000000166,0.4944,-0.004600000000001658,1.4175051964354841,1.42965,3.881841659167565,3.8574508774999994
randomized-instability-frontier-v2,rho_0000_seed_011,0.0,11,0.1,500,1000,10,990,20000,500.0,500.0,0.002,0.0,0.0,0.001996007984031936,0.001996007984031936,0.001996007984031936,0.001996007984031936,1.996007984031936,0.30016227413275426,0.998003992015968,0.998003992015968,True,0.49900000000000166,0.4962,-0.00280000000000169,1.4175051964354841,1.43,3.881841659167565,3.8953
randomized-instability-frontier-v2,rho_0000_seed_012,0.0,12,0.1,500,1000,10,990,20000,500.0,500.0,0.002,0.0,0.0,0.001996007984031936,0.001996007984031936,0.001996007984031936,0.001996007984031936,1.996007984031936,0.30016227413275426,0.998003992015968,0.998003992015968,True,0.49900000000000166,0.4984,-0.0006000000000016548,1.4175051964354841,1.4304,3.881841659167565,3.94075584
randomized-instability-frontier-v2,rho_0000_seed_013,0.0,13,0.1,500,1000,10,990,20000,500.0,500.0,0.002,0.0,0.0,0.001996007984031936,0.001996007984031936,0.001996007984031936,0.001996007984031936,1.996007984031936,0.30016227413275426,0.998003992015968,0.998003992015968,True,0.49900000000000166,0.4994,0.0003999999999983461,1.4175051964354841,1.41965,3.881841659167565,3.8698438775
randomized-instability-frontier-v2,rho_0000_seed_014,0.0,14,0.1,500,1000,10,990,20000,500.0,500.0,0.002,0.0,0.0,0.001996007984031936,0.001996007984031936,0.001996007984031936,0.001996007984031936,1.996007984031936,0.30016227413275426,0.998003992015968,0.998003992015968,True,0.49900000000000166,0.4987,-0.0003000000000016878,1.4175051964354841,1.42675,3.881841659167565,3.911834437499999
randomized-instability-frontier-v2,rho_0000_seed_015,0.0,15,0.1,500,1000,10,990,20000,500.0,500.0,0.002,0.0,0.0,0.001996007984031936,0.001996007984031936,0.001996007984031936,0.001996007984031936,1.996007984031936,0.30016227413275426,0.998003992015968,0.998003992015968,True,0.49900000000000166,0.49745,-0.0015500000000016612,1.4175051964354841,1.4265,3.881841659167565,3.929797750000001
randomized-instability-frontier-v2,rho_0000_seed_016,0.0,16,0.1,500,1000,10,990,20000,500.0,500.0,0.002,0.0,0.0,0.001996007984031936,0.001996007984031936,0.001996007984031936,0.001996007984031936,1.996007984031936,0.30016227413275426,0.998003992015968,0.998003992015968,True,0.49900000000000166,0.50195,0.002949999999998343,1.4175051964354841,1.40105,3.881841659167565,3.8545088974999997
randomized-instability-frontier-v2,rho_0000_seed_017,0.0,17,0.1,500,1000,10,990,20000,500.0,500.0,0.002,0.0,0.0,0.001996007984031936,0.001996007984031936,0.001996007984031936,0.001996007984031936,1.996007984031936,0.30016227413275426,0.998003992015968,0.998003992015968,True,0.49900000000000166,0.4994,0.0003999999999983461,1.4175051964354841,1.4159,3.881841659167565,3.894827190000001
randomized-instability-frontier-v2,rho_0000_seed_018,0.0,18,0.1,500,1000,10,990,20000,500.0,500.0,0.002,0.0,0.0,0.001996007984031936,0.001996007984031936,0.001996007984031936,0.001996007984031936,1.996007984031936,0.30016227413275426,0.998003992015968,0.998003992015968,True,0.49900000000000166,0.49965,0.0006499999999983186,1.4175051964354841,1.43145,3.881841659167565,3.9682008974999996
randomized-instability-frontier-v2,rho_0000_seed_019,0.0,19,0.1,500,1000,10,990,20000,500.0,500.0,0.002,0.0,0.0,0.001996007984031936,0.001996007984031936,0.001996007984031936,0.001996007984031936,1.996007984031936,0.30016227413275426,0.998003992015968,0.998003992015968,True,0.49900000000000166,0.49825,-0.0007500000000016382,1.4175051964354841,1.39685,3.881841659167565,3.790560077500001
randomized-instability-frontier-v2,rho_0000_seed_020,0.0,20,0.1,500,1000,10,990,20000,500.0,500.0,0.002,0.0,0.0,0.001996007984031936,0.001996007984031936,0.001996007984031936,0.001996007984031936,1.996007984031936,0.30016227413275426,0.998003992015968,0.998003992015968,True,0.49900000000000166,0.4971,-0.0019000000000016781,1.4175051964354841,1.4286,3.881841659167565,3.8972020399999994
randomized-instability-frontier-v2,rho_0000_seed_021,0.0,21,0.1,500,1000,10,990,20000,500.0,500.0,0.002,0.0,0.0,0.001996007984031936,0.001996007984031936,0.001996007984031936,0.001996007984031936,1.996007984031936,0.30016227413275426,0.998003992015968,0.998003992015968,True,0.49900000000000166,0.4905,-0.008500000000001673,1.4175051964354841,1.4393,3.881841659167565,3.8965155099999995
randomized-instability-frontier-v2,rho_0000_seed_022,0.0,22,0.1,500,1000,10,990,20000,500.0,500.0,0.002,0.0,0.0,0.001996007984031936,0.001996007984031936,0.001996007984031936,0.001996007984031936,1.996007984031936,0.30016227413275426,0.998003992015968,0.998003992015968,True,0.49900000000000166,0.50075,0.001749999999998364,1.4175051964354841,1.41295,3.881841659167565,3.8882222974999996
randomized-instability-frontier-v2,rho_0000_seed_023,0.0,23,0.1,500,1000,10,990,20000,500.0,500.0,0.002,0.0,0.0,0.001996007984031936,0.001996007984031936,0.001996007984031936,0.001996007984031936,1.996007984031936,0.30016227413275426,0.998003992015968,0.998003992015968,True,0.49900000000000166,0.5015,0.0024999999999982814,1.4175051964354841,1.4226,3.881841659167565,3.9222092399999995
randomized-instability-frontier-v2,rho_0000_seed_024,0.0,24,0.1,500,1000,10,990,20000,500.0,500.0,0.002,0.0,0.0,0.001996007984031936,0.001996007984031936,0.001996007984031936,0.001996007984031936,1.996007984031936,0.30016227413275426,0.998003992015968,0.998003992015968,True,0.49900000000000166,0.49475,-0.004250000000001641,1.4175051964354841,1.4515,3.881841659167565,4.02374775
randomized-instability-frontier-v2,rho_0000_seed_025,0.0,25,0.1,500,1000,10,990,20000,500.0,500.0,0.002,0.0,0.0,0.001996007984031936,0.001996007984031936,0.001996007984031936,0.001996007984031936,1.996007984031936,0.30016227413275426,0.998003992015968,0.998003992015968,True,0.49900000000000166,0.49985,0.0008499999999983521,1.4175051964354841,1.41995,3.881841659167565,3.9069919975000005
randomized-instability-frontier-v2,rho_0000_seed_026,0.0,26,0.1,500,1000,10,990,20000,500.0,500.0,0.002,0.0,0.0,0.001996007984031936,0.001996007984031936,0.001996007984031936,0.001996007984031936,1.996007984031936,0.30016227413275426,0.998003992015968,0.998003992015968,True,0.49900000000000166,0.50355,0.004549999999998389,1.4175051964354841,1.4047,3.881841659167565,3.87041791
randomized-instability-frontier-v2,rho_0000_seed_027,0.0,27,0.1,500,1000,10,990,20000,500.0,500.0,0.002,0.0,0.0,0.001996007984031936,0.001996007984031936,0.001996007984031936,0.001996007984031936,1.996007984031936,0.30016227413275426,0.998003992015968,0.998003992015968,True,0.49900000000000166,0.4983,-0.0007000000000016438,1.4175051964354841,1.41925,3.881841659167565,3.8829794375000004
randomized-instability-frontier-v2,rho_0000_seed_028,0.0,28,0.1,500,1000,10,990,20000,500.0,500.0,0.002,0.0,0.0,0.001996007984031936,0.001996007984031936,0.001996007984031936,0.001996007984031936,1.996007984031936,0.30016227413275426,0.998003992015968,0.998003992015968,True,0.49900000000000166,0.4961,-0.002900000000001679,1.4175051964354841,1.412,3.881841659167565,3.8220560000000003
randomized-instability-frontier-v2,rho_0000_seed_029,0.0,29,0.1,500,1000,10,990,20000,500.0,500.0,0.002,0.0,0.0,0.001996007984031936,0.001996007984031936,0.001996007984031936,0.001996007984031936,1.996007984031936,0.30016227413275426,0.998003992015968,0.998003992015968,True,0.49900000000000166,0.49855,-0.0004500000000016713,1.4175051964354841,1.4204,3.881841659167565,3.91276384
randomized-instability-frontier-v2,rho_0000_seed_030,0.0,30,0.1,500,1000,10,990,20000,500.0,500.0,0.002,0.0,0.0,0.001996007984031936,0.001996007984031936,0.001996007984031936,0.001996007984031936,1.996007984031936,0.30016227413275426,0.998003992015968,0.998003992015968,True,0.49900000000000166,0.49825,-0.0007500000000016382,1.4175051964354841,1.43075,3.881841659167565,3.9154044375000003
randomized-instability-frontier-v2,rho_0000_seed_031,0.0,31,0.1,500,1000,10,990,20000,500.0,500.0,0.002,0.0,0.0,0.001996007984031936,0.001996007984031936,0.001996007984031936,0.001996007984031936,1.996007984031936,0.30016227413275426,0.998003992015968,0.998003992015968,True,0.49900000000000166,0.50035,0.001349999999998297,1.4175051964354841,1.4239,3.881841659167565,3.9167087900000004
randomized-instability-frontier-v2,rho_0000_seed_032,0.0,32,0.1,500,1000,10,990,20000,500.0,500.0,0.002,0.0,0.0,0.001996007984031936,0.001996007984031936,0.001996007984031936,0.001996007984031936,1.996007984031936,0.30016227413275426,0.998003992015968,0.998003992015968,True,0.49900000000000166,0.49955,0.0005499999999983296,1.4175051964354841,1.42095,3.881841659167565,3.8701510974999995
randomized-instability-frontier-v2,rho_0000_seed_033,0.0,33,0.1,500,1000,10,990,20000,500.0,500.0,0.002,0.0,0.0,0.001996007984031936,0.001996007984031936,0.001996007984031936,0.001996007984031936,1.996007984031936,0.30016227413275426,0.998003992015968,0.998003992015968,True,0.49900000000000166,0.498,-0.0010000000000016662,1.4175051964354841,1.43125,3.881841659167565,3.9636734374999993
randomized-instability-frontier-v2,rho_0000_seed_034,0.0,34,0.1,500,1000,10,990,20000,500.0,500.0,0.002,0.0,0.0,0.001996007984031936,0.001996007984031936,0.001996007984031936,0.001996007984031936,1.996007984031936,0.30016227413275426,0.998003992015968,0.998003992015968,True,0.49900000000000166,0.49945,0.0004499999999983406,1.4175051964354841,1.41945,3.881841659167565,3.8751116974999995
randomized-instability-frontier-v2,rho_0000_seed_035,0.0,35,0.1,500,1000,10,990,20000,500.0,500.0,0.002,0.0,0.0,0.001996007984031936,0.001996007984031936,0.001996007984031936,0.001996007984031936,1.996007984031936,0.30016227413275426,0.998003992015968,0.998003992015968,True,0.49900000000000166,0.4935,-0.00550000000000167,1.4175051964354841,1.4296,3.881841659167565,3.8959438399999997
randomized-instability-frontier-v2,rho_0000_seed_036,0.0,36,0.1,500,1000,10,990,20000,500.0,500.0,0.002,0.0,0.0,0.001996007984031936,0.001996007984031936,0.001996007984031936,0.001996007984031936,1.996007984031936,0.30016227413275426,0.998003992015968,0.998003992015968,True,0.49900000000000166,0.4936,-0.005400000000001681,1.4175051964354841,1.431,3.881841659167565,3.8967389999999997
randomized-instability-frontier-v2,rho_0000_seed_037,0.0,37,0.1,500,1000,10,990,20000,500.0,500.0,0.002,0.0,0.0,0.001996007984031936,0.001996007984031936,0.001996007984031936,0.001996007984031936,1.996007984031936,0.30016227413275426,0.998003992015968,0.998003992015968,True,0.49900000000000166,0.5011,0.0020999999999983254,1.4175051964354841,1.42345,3.881841659167565,3.9619400975
randomized-instability-frontier-v2,rho_0000_seed_038,0.0,38,0.1,500,1000,10,990,20000,500.0,500.0,0.002,0.0,0.0,0.001996007984031936,0.001996007984031936,0.001996007984031936,0.001996007984031936,1.996007984031936,0.30016227413275426,0.998003992015968,0.998003992015968,True,0.49900000000000166,0.5042,0.005199999999998317,1.4175051964354841,1.4015,3.881841659167565,3.871697749999999
randomized-instability-frontier-v2,rho_0000_seed_039,0.0,39,0.1,500,1000,10,990,20000,500.0,500.0,0.002,0.0,0.0,0.001996007984031936,0.001996007984031936,0.001996007984031936,0.001996007984031936,1.996007984031936,0.30016227413275426,0.998003992015968,0.998003992015968,True,0.49900000000000166,0.50255,0.0035499999999983878,1.4175051964354841,1.4163,3.881841659167565,3.9291943099999997
randomized-instability-frontier-v2,rho_0250_seed_000,0.25,0,0.1,500,1000,10,990,20000,490.4265200268323,470.12614437058807,0.004246765637535182,0.0,0.0,0.0014762281171698528,0.003950500311809193,0.0024561701769693295,0.003950500311809193,3.5877754805518998,0.5548252575024085,0.9956817826197419,0.9989968611886494,True,0.5446556929426586,0.5455,0.000844307057341398,1.1353310043647535,1.13225,2.8337680045450475,2.8168599375
randomized-instability-frontier-v2,rho_0250_seed_001,0.25,1,0.1,500,1000,10,990,20000,495.8112749483513,469.8122070301433,0.004304799620601085,0.0,0.0,0.0012365626253947124,0.0032634792787924545,0.0020784276101433203,0.0032634792787924545,3.042191382441989,0.4831865317827372,0.9948410800334506,0.9990316670527641,True,0.47885003604045395,0.47875,-0.00010003604045394354,1.519345819657878,1.5269,4.136942692241071,4.1653763900000005
randomized-instability-frontier-v2,rho_0250_seed_002,0.25,2,0.1,500,1000,10,990,20000,510.84671923606095,469.23790320468476,0.00540818737225988,0.0,0.0,0.0012544273512233215,0.0023067830229821363,0.0017839613972277027,0.0023067830229821363,2.3054015912699164,0.36274658858943126,0.9954834554931238,0.9990295391655354,True,0.42267858932201535,0.4239,0.0012214106779846468,1.9419371637015,1.95015,5.643687241856082,5.652064977499999
randomized-instability-frontier-v2,rho_0250_seed_003,0.25,3,0.1,500,1000,10,990,20000,500.9707132358848,467.99532906213176,0.003861795687229056,0.0,0.0,0.0012155003919445194,0.0025582646109920584,0.0017912506949362753,0.0025582646109920584,2.5097789634518572,0.39963547479570866,0.9959258018854531,0.9989280544419269,True,0.41704515313424784,0.4164,-0.0006451531342478445,1.981388210810475,1.97895,5.752528012164814,5.7381068975
randomized-instability-frontier-v2,rho_0250_seed_004,0.25,4,0.1,500,1000,10,990,20000,499.90889870896444,472.1187016572525,0.0038159631974770953,0.0,0.0,0.0017017130887806182,0.003559364531635274,0.002507989064040746,0.003559364531635274,3.559364531635274,0.5513724684676136,0.9956002105142492,0.9990588784250636,True,0.5787115132114975,0.5792,0.0004884867885025512,0.9831545833173616,0.98135,2.380932454728437,2.3821021775
randomized-instability-frontier-v2,rho_0250_seed_005,0.25,5,0.1,500,1000,10,990,20000,503.7705549101594,469.10846874021263,0.004109165723645549,0.0,0.0,0.00145774154643018,0.0029365598401884067,0.0021821630370882066,0.0029365598401884067,2.9365598401884068,0.46783885517006374,0.9951462788127462,0.9989885770099193,True,0.5162877924584846,0.52095,0.004662207541515473,1.2994256276169485,1.27275,3.419919474544284,3.3273574374999995
randomized-instability-frontier-v2,rho_0250_seed_006,0.25,6,0.1,500,1000,10,990,20000,505.448817730092,467.17815066001907,0.0042176495957837404,0.0,0.0,0.0014802865052664647,0.0034405988408907334,0.002177982142296411,0.0034405988408907334,2.803961641028103,0.4477720680664555,0.9950330259663773,0.9990409811651784,True,0.5127682170019543,0.51725,0.004481782998045691,1.3198068736755595,1.29645,3.4885339924001446,3.4134673975000007
randomized-instability-frontier-v2,rho_0250_seed_007,0.25,7,0.1,500,1000,10,990,20000,505.12963733155493,467.7400741947847,0.00406002181202165,0.0,0.0,0.0014450036588620216,0.0033407355428206726,0.0022316861826065836,0.0033407355428206726,3.250779251916361,0.5119874792071035,0.9955345293180154,0.9991176247243182,True,0.519893056548535,0.5158,-0.004093056548534979,1.2773219827259688,1.28545,3.3379477685617336,3.3397682975000005
randomized-instability-frontier-v2,rho_0250_seed_008,0.25,8,0.1,500,1000,10,990,20000,505.3671160299958,468.06845232017247,0.00410000430851037,0.0,0.0,0.0016730928676226494,0.003624209390230254,0.002279408554098109,0.003624209390230254,3.0919179707021547,0.4902279634662186,0.9957588694658736,0.999032118519004,True,0.5354962162618325,0.532,-0.0034962162618324966,1.1959326251797597,1.22045,3.0787206497320136,3.156051797500001
randomized-instability-frontier-v2,rho_0250_seed_009,0.25,9,0.1,500,1000,10,990,20000,498.7455506308861,473.1529147666973,0.00431561629382523,0.0,0.0,0.0013288253455623887,0.0024384359735719363,0.0020148585136952396,0.0024384359735719363,2.438435973571936,0.3871113567332203,0.995862901049507,0.9989848111925267,True,0.4852186528406854,0.48135,-0.0038686528406853826,1.490431020187206,1.5054,4.084690014102057,4.089570840000001
randomized-instability-frontier-v2,rho_0250_seed_010,0.25,10,0.1,500,1000,10,990,20000,503.60327958781437,471.263378231824,0.004307362397570565,0.0,0.0,0.0012522554966096695,0.0028024671994801792,0.002022868606126571,0.0028024671994801792,2.802467199480179,0.44754053824537837,0.9952925410623171,0.9990173705031263,True,0.47594610417773237,0.47895,0.0030038958222676215,1.543771971266685,1.55325,4.241542562347184,4.306664437499999
randomized-instability-frontier-v2,rho_0250_seed_011,0.25,11,0.1,500,1000,10,990,20000,484.2471144220031,469.5320469163042,0.004951489175303441,0.0,0.0,0.0014065344999596885,0.0026380303084585608,0.0019873362419985086,0.0026380303084585608,2.628774964927411,0.4197534101180514,0.9954039002876943,0.9989714820082347,True,0.47730086442554176,0.4768,-0.0005008644255417583,1.5422092269018972,1.5453,4.263130511260718,4.27254791
randomized-instability-frontier-v2,rho_0250_seed_012,0.25,12,0.1,500,1000,10,990,20000,499.924701861622,466.7408611083168,0.005089700527397069,0.0,0.0,0.001112805450963645,0.002613790303588933,0.0019771707196415728,0.002613790303588933,2.613790303588933,0.41727074252255253,0.9951141402427779,0.9990902480055259,True,0.46307371843996503,0.4651,0.0020262815600349815,1.625044822819498,1.6106,4.503549319663911,4.47566764
randomized-instability-frontier-v2,rho_0250_seed_013,0.25,13,0.1,500,1000,10,990,20000,492.14582801387974,468.83647763301906,0.003931453625002625,0.0,0.0,0.0019070063844174204,0.0027187555467411235,0.0023962037527125073,0.0027187555467411235,2.7187555467411233,0.4343701603370041,0.995431623682359,0.9990429715112485,True,0.5766065479787855,0.5731,-0.003506547978785468,0.9992087220008161,1.0078,2.455266722162035,2.4699391600000005
randomized-instability-frontier-v2,rho_0250_seed_014,0.25,14,0.1,500,1000,10,990,20000,495.4917746775486,469.76055811364375,0.003991016463677198,0.0,0.0,0.001440099394060517,0.0030119171200802966,0.0021511664552738155,0.0030119171200802966,2.692983600804915,0.43023370873953926,0.9953269209084258,0.9990907767808764,True,0.518571083165688,0.5202,0.0016289168343119886,1.2916127562735742,1.2796,3.412383570005725,3.4137238400000003
randomized-instability-frontier-v2,rho_0250_seed_015,0.25,15,0.1,500,1000,10,990,20000,499.73614743082067,473.420835808699,0.00409680971620634,0.0,0.0,0.0016434076678118453,0.0033962071604841473,0.0022248598855113223,0.0033962071604841473,2.621483334148189,0.41854710106920245,0.9952749474645162,0.9991608276497831,True,0.533177036853352,0.5272,-0.005977036853352047,1.2116717181425796,1.2238,3.1441543803462726,3.15861356
randomized-instability-frontier-v2,rho_0250_seed_016,0.25,16,0.1,500,1000,10,990,20000,497.17533639845664,470.5476330008227,0.0039319097070992515,0.0,0.0,0.0015773162980877902,0.004613559957525529,0.002466777245972445,0.004613559957525529,3.097332428493657,0.49098781953586995,0.9951990433482132,0.9990802244427679,True,0.5529044792876897,0.55825,0.005345520712310314,1.1011014235590681,1.0845,2.745275237601774,2.73025975
randomized-instability-frontier-v2,rho_0250_seed_017,0.25,17,0.1,500,1000,10,990,20000,507.3087234128245,468.5937248052102,0.004021159524686238,0.0,0.0,0.00141994116016891,0.0027864708537229045,0.0020737558241224682,0.0027864708537229045,2.780905330626177,0.44418620458279673,0.9953366868122511,0.9990650923356075,True,0.4937446556167007,0.4932,-0.0005446556167006955,1.4333953330495357,1.42125,3.8763103528097607,3.8399984374999994
randomized-instability-frontier-v2,rho_0250_seed_018,0.25,18,0.1,500,1000,10,990,20000,512.2403606023643,466.67997316921173,0.004613860912795153,0.0,0.0,0.0014470856463446493,0.0030156647671809914,0.0019714434434114562,0.0030156647671809914,2.698211029394048,0.4310759132073797,0.9953202275903031,0.999012088641809,True,0.4635421043546057,0.46685,0.0033078956453942987,1.6299321325763283,1.6116,4.544117065426316,4.486645439999998
randomized-instability-frontier-v2,rho_0250_seed_019,0.25,19,0.1,500,1000,10,990,20000,497.71019046202866,468.3761003975283,0.00428272395271564,0.0,0.0,0.0012515444246404075,0.0029341024415423834,0.0019964928368846665,0.0029341024415423834,2.720665668021227,0.4346751763058217,0.9957451661565098,0.9990754223632867,True,0.4637940801009277,0.45845,-0.005344080100927684,1.6200532736621147,1.6358,4.4828304199331654,4.525858360000001
randomized-instability-frontier-v2,rho_0250_seed_020,0.25,20,0.1,500,1000,10,990,20000,494.73367875524474,470.03072374719784,0.004523099628700488,0.0,0.0,0.0012282812630841264,0.004300213162270525,0.002503653754358335,0.004300213162270525,3.3214247232913108,0.5213244140469752,0.995423484421479,0.999374124214048,True,0.5634144338561805,0.56055,-0.002864433856180515,1.0458164770979663,1.06185,2.556200159394398,2.6266245775000003
randomized-instability-frontier-v2,rho_0250_seed_021,0.25,21,0.1,500,1000,10,990,20000,505.11618574657354,470.7618238299338,0.004072923412391931,0.0,0.0,0.0016101425591262667,0.0026455366351791814,0.0020605799238387367,0.0026455366351791814,2.645536635179181,0.422513779984877,0.9954482697642407,0.9991778725193056,True,0.5052885289414226,0.5044,-0.0008885289414226616,1.3736955909059507,1.38965,3.709462841124369,3.8226228775
randomized-instability-frontier-v2,rho_0250_seed_022,0.25,22,0.1,500,1000,10,990,20000,505.3625179078567,468.48968194565157,0.0038308355359843557,0.0,0.0,0.0013833552564209769,0.0037646303059417825,0.002154063309141839,0.0037646303059417825,2.934218147089227,0.4674923987217285,0.9958134459126143,0.99910001290236,True,0.4947897832620203,0.4929,-0.0018897832620202726,1.4194143743623036,1.42065,3.799203650437813,3.7575035774999996
randomized-instability-frontier-v2,rho_0250_seed_023,0.25,23,0.1,500,1000,10,990,20000,501.4085888498812,469.54771688727516,0.0037944484145508643,0.0,0.0,0.0012584178993303367,0.0031389173839656737,0.001999534504403286,0.0031389173839656737,2.5004417358114504,0.398016739263456,0.9951947697081505,0.9990823360665947,True,0.4628547629881278,0.45975,-0.003104762988127785,1.6290309680201613,1.6394,4.520296901616666,4.60306764
randomized-instability-frontier-v2,rho_0250_seed_024,0.25,24,0.1,500,1000,10,990,20000,506.2352396855172,472.00454962478057,0.0037081777006651964,0.0,0.0,0.0014333523362592769,0.0029277587899354243,0.0021106686779500524,0.0029277587899354243,2.927758789935424,0.466535293521875,0.9960162549983423,0.9990461709473437,True,0.5026668757940287,0.50555,0.0028831242059713658,1.3806785362455525,1.38795,3.7013949985572325,3.8008447975000004
randomized-instability-frontier-v2,rho_0250_seed_025,0.25,25,0.1,500,1000,10,990,20000,498.60995893882045,470.38987335432694,0.004414326678926534,0.0,0.0,0.0016314814344927872,0.002858744355395059,0.0022474810814176204,0.002858744355395059,2.858744355395059,0.456175320099038,0.9954515587430803,0.9990198403806135,True,0.5399784588174447,0.53755,-0.0024284588174446897,1.1756263795523252,1.17015,3.024089230968097,2.9822989775
randomized-instability-frontier-v2,rho_0250_seed_026,0.25,26,0.1,500,1000,10,990,20000,485.6859764340495,471.6507851180466,0.004059684473272209,0.0,0.0,0.0013895514169168174,0.00313517039595174,0.0021431691908092355,0.00313517039595174,2.6597974218944747,0.4248485607274378,0.9952147668608489,0.9990956902766609,True,0.5140074091417947,0.51745,0.0034425908582053077,1.3161013570248614,1.29645,3.4898384444247887,3.4312673975000005
randomized-instability-frontier-v2,rho_0250_seed_027,0.25,27,0.1,500,1000,10,990,20000,499.0664936396197,466.57751641128687,0.0043668277782331,0.0,0.0,0.001499684251758624,0.0036733927048310977,0.00228820083640483,0.0036733927048310977,3.268331958422929,0.5143261605867021,0.9952379274737234,0.9990955766316668,True,0.5319624174052835,0.534,0.002037582594716536,1.211767929947151,1.20085,3.1209337780506345,3.0950092775000004
randomized-instability-frontier-v2,rho_0250_seed_028,0.25,28,0.1,500,1000,10,990,20000,502.2348644491867,469.2267045691437,0.004502149980925553,0.0,0.0,0.001118097901028168,0.002704609655733256,0.001992870056491808,0.002704609655733256,2.704609655733256,0.43210459417684,0.9957123870857603,0.9991848881413491,True,0.46652670078532016,0.4624,-0.004126700785320181,1.601411008078836,1.59905,4.422489131059412,4.328189097499999
randomized-instability-frontier-v2,rho_0250_seed_029,0.25,29,0.1,500,1000,10,990,20000,509.1282860773256,467.76825750139506,0.0042623055098516315,0.0,0.0,0.0011647246653374876,0.0025596890615110983,0.001837135569198449,0.0025596890615110983,2.559689061511098,0.40818721254952944,0.9956228613365862,0.9992343826688356,True,0.4208523216533884,0.4212,0.0003476783466116462,1.939777305950919,1.92745,5.571400025246115,5.5090864975
randomized-instability-frontier-v2,rho_0250_seed_030,0.25,30,0.1,500,1000,10,990,20000,494.97274804598334,470.4358795449631,0.003736703307279242,0.0,0.0,0.0014502713330530328,0.004800545273991945,0.002258853677803958,0.004800545273991945,2.9094988337421706,0.4638181874447273,0.9948560401845689,0.9991977115213123,True,0.47621095972667277,0.4726,-0.0036109597266727467,1.5230780859189588,1.5558,4.090714670893775,4.21078636
randomized-instability-frontier-v2,rho_0250_seed_031,0.25,31,0.1,500,1000,10,990,20000,503.1679484801875,466.4788561101007,0.004292901511622252,0.0,0.0,0.0014106087025784187,0.002737672872832162,0.0019861012622443023,0.002737672872832162,2.737672872832162,0.43738155263232226,0.9944691877561695,0.9990638921303113,True,0.4710360484692415,0.4699,-0.0011360484692415351,1.5808421226216873,1.59955,4.383529044476144,4.4209897975
randomized-instability-frontier-v2,rho_0250_seed_032,0.25,32,0.1,500,1000,10,990,20000,495.61733735228705,464.51991830159676,0.004742536365827701,0.0,0.0,0.0013849428293096376,0.002637279064826423,0.0022038603396935205,0.002637279064826423,2.637279064826423,0.4211560872836741,0.9959825679488518,0.9991877217790375,True,0.5281394621538056,0.533,0.004860537846194446,1.235988759211464,1.23845,3.217030994228131,3.274391597499999
randomized-instability-frontier-v2,rho_0250_seed_033,0.25,33,0.1,500,1000,10,990,20000,504.9175286033164,469.7124351519798,0.004198722052454375,0.0,0.0,0.0013680038804989886,0.0030987634569781355,0.0019626167409825855,0.0030987634569781355,2.621631264446617,0.418571607614357,0.9957150787809665,0.9993510459208342,True,0.46218082174688324,0.46535,0.0031691782531167445,1.6394356398207952,1.6305,4.577830195982995,4.5515697500000005
randomized-instability-frontier-v2,rho_0250_seed_034,0.25,34,0.1,500,1000,10,990,20000,508.5631039494225,470.5148586521649,0.004085229175149017,0.0,0.0,0.0017004353074660343,0.002644362610451647,0.0021346792770404236,0.002644362610451647,2.644362610451647,0.42232100789396104,0.9952617385458032,0.9989987870065641,True,0.5220991064783177,0.52135,-0.0007491064783177181,1.2759473500364846,1.2513,3.3742086827026525,3.229548309999999
randomized-instability-frontier-v2,rho_0250_seed_035,0.25,35,0.1,500,1000,10,990,20000,503.9651900048421,469.5795062899999,0.003944319989813405,0.0,0.0,0.001419308169664374,0.002424374595321444,0.0018614270789411604,0.002424374595321444,2.2170714374450045,0.3457796869748069,0.995708717784461,0.9991519277052652,True,0.45002349623003446,0.44565,-0.004373496230034468,1.7363099301156244,1.7709,4.951845837328285,5.049213189999999
randomized-instability-frontier-v2,rho_0250_seed_036,0.25,36,0.1,500,1000,10,990,20000,503.75336955252067,469.0807562405606,0.0040247121874738305,0.0,0.0,0.0014335120287948932,0.002452930764798136,0.0021217874400328027,0.002452930764798136,2.452930764798136,0.3896852901996724,0.9949835560103664,0.9991660447120435,True,0.5178703998992701,0.5159,-0.001970399899270059,1.2979897267548075,1.31495,3.443382512345781,3.5247564975000008
randomized-instability-frontier-v2,rho_0250_seed_037,0.25,37,0.1,500,1000,10,990,20000,500.1686838296889,470.87402580274875,0.0037731652196925617,0.0,0.0,0.001495641609402737,0.002717468611142587,0.0020048624733807565,0.002717468611142587,2.717468611142587,0.4341645363512309,0.9960948803275652,0.9990017542259452,True,0.4832951969309173,0.4746,-0.008695196930917304,1.5049570468576032,1.53655,4.141144459193174,4.2422640975000006
randomized-instability-frontier-v2,rho_0250_seed_038,0.25,38,0.1,500,1000,10,990,20000,499.99738911887795,472.4771638492281,0.0037606722036106536,0.0,0.0,0.0011135283109317477,0.0025949990817452635,0.0020165704233987224,0.0025949990817452635,2.5949990817452635,0.4141372085070063,0.9955209468916396,0.9991775882389362,True,0.47646199239509035,0.4775,0.0010380076049096298,1.5373138369839605,1.54565,4.21288818378372,4.254516077499999
randomized-instability-frontier-v2,rho_0250_seed_039,0.25,39,0.1,500,1000,10,990,20000,506.64793611642574,470.8953507605463,0.003714484786787787,0.0,0.0,0.0015531260244020255,0.003070814415250095,0.002165845575843065,0.003070814415250095,3.070814415250095,0.48725357063771424,0.9955040273330379,0.9990254605215528,True,0.5165879984500457,0.51415,-0.002437998450045664,1.3014011798722078,1.31695,3.438974108457831,3.4820926974999993
randomized-instability-frontier-v2,rho_0500_seed_000,0.5,0,0.1,500,1000,10,990,20000,511.5892911215752,396.81253534173817,0.006464960408867676,0.0,0.0,0.0007944944994325152,0.006815534668529174,0.003213711935686008,0.006815534668529174,4.2102848018512855,0.6243114743841157,0.9887842141284092,0.999649249225005,True,0.5284028826554122,0.52405,-0.004352882655412227,1.133179623846961,1.13635,2.5685050615458938,2.5742586775000005
randomized-instability-frontier-v2,rho_0500_seed_001,0.5,1,0.1,500,1000,10,990,20000,513.4076850113496,383.0456654483311,0.009980881177473123,0.0,0.0,0.000805642191609142,0.004370804736346654,0.0023334613741786314,0.004370804736346654,3.489482217249132,0.5427609894593942,0.9894556442843644,0.999594583423771,True,0.46327244756897124,0.4633,2.7552431028754487e-05,1.5502116415605214,1.53905,4.003682934229902,3.9434750975000004
randomized-instability-frontier-v2,rho_0500_seed_002,0.5,2,0.1,500,1000,10,990,20000,501.5249169445235,386.0647414502485,0.010109957852956085,0.0,0.0,0.001077951534458718,0.003756227144105816,0.0021584860793542396,0.003756227144105816,3.4131704835919745,0.5331579812859972,0.9870237516742018,0.9995642199324122,True,0.4479604742162351,0.4556,0.007639525783764922,1.6856534719840692,1.66295,4.5395509769662175,4.4783472975
randomized-instability-frontier-v2,rho_0500_seed_003,0.5,3,0.1,500,1000,10,990,20000,510.34615323444876,393.9648854674775,0.006632662533786029,0.0,0.0,0.0014100836467071814,0.005488620824545679,0.002655810359352047,0.005488620824545679,3.7534943756728674,0.5744357694454927,0.9885108915239231,0.9994499200965705,True,0.5665913543309166,0.5687,0.00210864566908342,1.0279682717709397,1.01795,2.485134581370545,2.4520277975
randomized-instability-frontier-v2,rho_0500_seed_004,0.5,4,0.1,500,1000,10,990,20000,508.1785628254571,387.6581039227238,0.007963518747618902,0.0,0.0,0.0010849308366337673,0.006993408675001964,0.003624976687169916,0.006993408675001964,4.995473582344373,0.6985766666259425,0.9905008756556348,0.9994792608213072,True,0.6125929234313297,0.6062,-0.006392923431329689,0.7982581789249907,0.80395,1.6855690194800528,1.6728143974999998
randomized-instability-frontier-v2,rho_0500_seed_005,0.5,5,0.1,500,1000,10,990,20000,504.86451187141796,377.75611762996635,0.009277790955777078,0.0,0.0,0.0011873278451078693,0.004883244720243905,0.002400658116979124,0.004883244720243905,3.3109262949283065,0.5199495129591934,0.9900270278173523,0.9995246447882947,True,0.49461543843477845,0.4831,-0.01151543843477848,1.3926188898496359,1.43095,3.6085353585997937,3.6721320974999996
randomized-instability-frontier-v2,rho_0500_seed_006,0.5,6,0.1,500,1000,10,990,20000,490.3732054320096,399.2870882968704,0.006497344653131457,0.0,0.0,0.0008902724640454523,0.00626350590255302,0.0028862496048864357,0.00626350590255302,4.183520612587946,0.6215419131355591,0.9880129903872934,0.9995251935324058,True,0.5249870964629106,0.52735,0.0023629035370893448,1.181335282896024,1.17945,2.805434284048242,2.8035476975000004
randomized-instability-frontier-v2,rho_0500_seed_007,0.5,7,0.1,500,1000,10,990,20000,499.4661097012893,393.85990283450343,0.0076483800124361396,0.0,0.0,0.0008051709428525575,0.003462093514622339,0.0023627335182220214,0.003462093514622339,3.462093514622339,0.5393387944278663,0.9871251597917536,0.9995589965652402,True,0.47994401474235754,0.48375,0.0038059852576424746,1.4460830148730757,1.42875,3.680259163193962,3.6191234375
randomized-instability-frontier-v2,rho_0500_seed_008,0.5,8,0.1,500,1000,10,990,20000,529.1322996661601,379.98437103591647,0.0073057720563768505,0.0,0.0,0.0008623226487916756,0.005427167920490247,0.0022845145694618115,0.005427167920490247,2.655549685912094,0.42415443157537136,0.9904797584335153,0.9996343332742429,True,0.4442673709936992,0.4455,0.0012326290063008338,1.6911744761229521,1.6839,4.488738313378835,4.43948079
randomized-instability-frontier-v2,rho_0500_seed_009,0.5,9,0.1,500,1000,10,990,20000,498.17177811393145,383.8171026076545,0.010028010972350494,0.0,0.0,0.0009355306972700072,0.003245968313822696,0.0019317448415689434,0.003245968313822696,2.8557926383601995,0.4557266697409126,0.9903511157403929,0.9995686354916674,True,0.41555485636458583,0.4152,-0.0003548563645858205,1.9458720278753587,1.94045,5.459520918680875,5.460303797499999
randomized-instability-frontier-v2,rho_0500_seed_010,0.5,10,0.1,500,1000,10,990,20000,504.1031063012176,388.30105475133394,0.009266951802258198,0.0,0.0,0.0010588318419767688,0.0035166319194639348,0.002073053527035917,0.0035166319194639348,3.2363907159199465,0.5100609466623872,0.9894621598122958,0.999577189149588,True,0.435037372508029,0.43675,0.0017126274919710416,1.786950231384847,1.7988,4.899107291923904,4.96931856
randomized-instability-frontier-v2,rho_0500_seed_011,0.5,11,0.1,500,1000,10,990,20000,480.1645306988613,399.53918365116124,0.006764372040599484,0.0,0.0,0.0014222022723535304,0.005560228867872622,0.002875776581656677,0.005560228867872622,3.8479208048609372,0.585226125121019,0.9902975079713103,0.9995153316852635,True,0.5768567360415137,0.5782,0.0013432639584863848,0.9726533004151912,0.9661,2.281743415644897,2.25415079
randomized-instability-frontier-v2,rho_0500_seed_012,0.5,12,0.1,500,1000,10,990,20000,507.6657172308869,390.043993891892,0.006609988737811132,0.0,0.0,0.0010228889561645252,0.0039041291480187293,0.002182490286295885,0.0039041291480187293,3.4488161172906446,0.5376700394312047,0.9904691545585026,0.9995609192690513,True,0.45423620256528835,0.4555,0.0012637974347116665,1.643140256125499,1.63745,4.4058758177635395,4.355007497499999
randomized-instability-frontier-v2,rho_0500_seed_013,0.5,13,0.1,500,1000,10,990,20000,499.9571593140494,385.0784448904519,0.00792433955514777,0.0,0.0,0.0004637477594942337,0.005813185802802334,0.0025117312768363027,0.005813185802802334,3.439333425219212,0.5364742804203203,0.9882316981187076,0.9994352673271071,True,0.40924237323045254,0.4024,-0.006842373230452559,1.6845629412729628,1.6958,3.7799494404228473,3.75806236
randomized-instability-frontier-v2,rho_0500_seed_014,0.5,14,0.1,500,1000,10,990,20000,493.86333472303795,393.5873074801711,0.006254799475389494,0.0,0.0,0.0009945172968185568,0.004255033565027715,0.0022576101858959195,0.004255033565027715,3.329018364651845,0.5223161909647056,0.9891593823348181,0.9994841609380337,True,0.46638718103386173,0.46705,0.0006628189661382899,1.5638398950754449,1.54285,4.152930114888382,4.0696638775
randomized-instability-frontier-v2,rho_0500_seed_015,0.5,15,0.1,500,1000,10,990,20000,487.0606140816884,402.326303506847,0.006268964850913442,0.0,0.0,0.0012409199057050147,0.004399722604468459,0.0027144305450520286,0.004399722604468459,3.636896911435959,0.5607309910659787,0.9889253473444585,0.9993752158059459,True,0.5482061986854707,0.54795,-0.0002561986854706655,1.0991772844046805,1.09295,2.6540915211315967,2.6420102975
randomized-instability-frontier-v2,rho_0500_seed_016,0.5,16,0.1,500,1000,10,990,20000,510.33525694699216,383.32422728604695,0.009001113210218504,0.0,0.0,0.0006689942136919139,0.0030161881443469024,0.0019132961835615372,0.0030161881443469024,2.697248297601927,0.43092092765972995,0.9896599067392647,0.9995896307966337,True,0.3889056638451868,0.39175,0.002844336154813165,2.0811981966421866,2.0543,5.598172955993217,5.535451510000001
randomized-instability-frontier-v2,rho_0500_seed_017,0.5,17,0.1,500,1000,10,990,20000,487.52406676641004,389.89215413089636,0.006958955588967869,0.0,0.0,0.0008404447666589985,0.005104192631451012,0.002389575640248841,0.005104192631451012,3.5546075893722935,0.5507916638065007,0.9854637339281545,0.9994702863984567,True,0.4383022184608297,0.4428,0.0044977815391703535,1.6964964668028053,1.6784,4.3771834452535705,4.3361734400000005
randomized-instability-frontier-v2,rho_0500_seed_018,0.5,18,0.1,500,1000,10,990,20000,482.84307851775276,385.679211332088,0.009391853410817233,0.0,0.0,0.0011996543132873289,0.004794297318702937,0.0025834505679485724,0.004794297318702937,3.8118162077496818,0.5811319523323915,0.9858596541893935,0.9994776390247406,True,0.5545354287553022,0.5492,-0.00533542875530213,1.0807191237314837,1.08755,2.6399545212846918,2.6458849974999996
randomized-instability-frontier-v2,rho_0500_seed_019,0.5,19,0.1,500,1000,10,990,20000,488.36177744368223,395.80712309847513,0.007493146578977134,0.0,0.0,0.000923397063068863,0.0056008509879205415,0.0025078676754838243,0.0056008509879205415,3.8022221549154223,0.5800374880778914,0.9898247654480166,0.9995589595981822,True,0.4737281932228354,0.4733,-0.0004281932228353824,1.4860465735262154,1.46945,3.795379877311307,3.7214666975
randomized-instability-frontier-v2,rho_0500_seed_020,0.5,20,0.1,500,1000,10,990,20000,499.874393396177,402.0438992666807,0.0074340824229893005,0.0,0.0,0.002055625470641735,0.005410491584846855,0.003209653058880886,0.005410491584846855,4.561939605798027,0.6591495314793686,0.9900144590536275,0.9995126220771591,True,0.6577568442408387,0.6532,-0.004556844240838687,0.6691697175518344,0.67615,1.4155312343190016,1.4202711775
randomized-instability-frontier-v2,rho_0500_seed_021,0.5,21,0.1,500,1000,10,990,20000,483.2964658265704,410.6548978064498,0.007423325651290124,0.0,0.0,0.0008494320009417507,0.004809275919621699,0.002243271729172637,0.004809275919621699,3.2174771202590713,0.5075154672840972,0.9885414849648961,0.9995439170724244,True,0.457576503448145,0.45605,-0.001526503448144978,1.6083877079210458,1.62945,4.256934752169324,4.3803426975
randomized-instability-frontier-v2,rho_0500_seed_022,0.5,22,0.1,500,1000,10,990,20000,500.23360704192737,377.6563057318438,0.013550128378312806,0.0,0.0,0.0008649248496810116,0.005968174443149304,0.0026694656891270247,0.005968174443149304,4.000191521401382,0.6020807850021088,0.9860458546139625,0.9994902107278064,True,0.49195611868882877,0.4906,-0.001356118688828789,1.36806671252715,1.3777,3.3999997277841936,3.4230427100000003
randomized-instability-frontier-v2,rho_0500_seed_023,0.5,23,0.1,500,1000,10,990,20000,497.37966277284323,406.84724969929454,0.008386216454829442,0.0,0.0,0.001243079880858877,0.004271507573699093,0.002281423071065877,0.004271507573699093,3.055258180547349,0.48504791560946303,0.9911554898109926,0.9995282829097771,True,0.4679728742740511,0.46625,-0.0017228742740511005,1.5613391078150585,1.5712,4.163831964125018,4.181130559999999
randomized-instability-frontier-v2,rho_0500_seed_024,0.5,24,0.1,500,1000,10,990,20000,494.5627518419242,378.5489556533882,0.009569377377460121,0.0,0.0,0.0017117308447622626,0.008545124530907179,0.003389949527985158,0.008545124530907179,4.214188690400807,0.6247139772533906,0.9893106760995416,0.9995882810893761,True,0.6387874398580204,0.6396,0.0008125601419795014,0.7310259391077835,0.7286,1.577793072052779,1.5738420399999995
randomized-instability-frontier-v2,rho_0500_seed_025,0.5,25,0.1,500,1000,10,990,20000,506.99353074328815,381.2012479614622,0.008058897780042361,0.0,0.0,0.0014253979549264252,0.005839804599844688,0.0027668197738947614,0.005839804599844688,3.820429025709317,0.5821121359577562,0.988489432886993,0.9994625522601733,True,0.5662270960736837,0.5649,-0.0013270960736837534,1.024657688170224,1.01015,2.456574886065995,2.3803469775
randomized-instability-frontier-v2,rho_0500_seed_026,0.5,26,0.1,500,1000,10,990,20000,485.1758564689752,394.2775615507003,0.006980684398257145,0.0,0.0,0.0005235273129325095,0.005134828580752543,0.0018671725369379972,0.005134828580752543,2.1090019140840215,0.32407697389584067,0.9887652258147805,0.9995551328705404,True,0.15169518539413165,0.1532,0.0015048146058683487,4.305934527612155,4.2906,7.477489523541842,7.43835164
randomized-instability-frontier-v2,rho_0500_seed_027,0.5,27,0.1,500,1000,10,990,20000,520.7460774023916,382.5929253583489,0.011489102398127303,0.0,0.0,0.0007771684961812434,0.003408090331875175,0.002079181064507748,0.003408090331875175,2.956949527596754,0.47084391158283284,0.989974299108758,0.9996007656168977,True,0.4387432065161728,0.44245,0.0037067934838271865,1.732556803051671,1.72885,4.642709327012937,4.669727677500001
randomized-instability-frontier-v2,rho_0500_seed_028,0.5,28,0.1,500,1000,10,990,20000,498.17872734798425,387.0055184223564,0.007831521678112918,0.0,0.0,0.0008809254147389853,0.005746943267961073,0.0023954386489203716,0.005746943267961073,3.22922877439685,0.5090988136571913,0.9872569605257292,0.9995012462670548,True,0.4488524504385597,0.44775,-0.0011024504385597211,1.639757678731649,1.6602,4.258673051936926,4.3977359599999994
randomized-instability-frontier-v2,rho_0500_seed_029,0.5,29,0.1,500,1000,10,990,20000,511.75199578662796,390.39143396132096,0.008925463684857842,0.0,0.0,0.0011984195500853575,0.002378044246500981,0.001754754818832895,0.002378044246500981,2.219530748709675,0.346261165987849,0.9902544218303339,0.9995370084154467,True,0.4093976363976752,0.41135,0.0019523636023248137,2.046265035082333,2.06115,5.9795107213109295,6.068810677500001
randomized-instability-frontier-v2,rho_0500_seed_030,0.5,30,0.1,500,1000,10,990,20000,489.9786693521737,391.8481139323268,0.009405206156365711,0.0,0.0,0.0010791967897449623,0.0032579892768397657,0.00234415992507202,0.0032579892768397657,3.2579892768397656,0.5129496505627354,0.9899734173101445,0.9995310238984577,True,0.5116428527878696,0.5126,0.0009571472121303604,1.2913143117760693,1.29405,3.282697625788977,3.2908845975
randomized-instability-frontier-v2,rho_0500_seed_031,0.5,31,0.1,500,1000,10,990,20000,487.30653571822774,399.60323375933336,0.007115534904586375,0.0,0.0,0.0010820243037228433,0.005061235831223584,0.00224715188624265,0.005061235831223584,3.0140765610615983,0.4791542797053158,0.9892278141035604,0.999561893681759,True,0.4714356250824197,0.47275,0.0013143749175802966,1.544950437270544,1.54615,4.1373046942884235,4.1844701775
randomized-instability-frontier-v2,rho_0500_seed_032,0.5,32,0.1,500,1000,10,990,20000,507.5403815175239,391.63312544856166,0.0073088865277924405,0.0,0.0,0.0015616286175808773,0.004416663445059671,0.002372876815039018,0.004416663445059671,3.3516235817491427,0.5252552374198011,0.989078600626603,0.9995505091930393,True,0.5337225537448115,0.5366,0.002877446255188487,1.1974605525900712,1.19115,3.054614095270147,3.0098116774999997
randomized-instability-frontier-v2,rho_0500_seed_033,0.5,33,0.1,500,1000,10,990,20000,504.26659476200075,387.6979358551548,0.008584660999396738,0.0,0.0,0.0007818994540091653,0.005811818273404269,0.0029851223900794243,0.005811818273404269,3.9410340902973453,0.5956101915679604,0.9911569465538921,0.9995149817433484,True,0.5131509941231345,0.51255,-0.0006009941231345239,1.2237134747239227,1.21935,2.875811335704824,2.8718355774999997
randomized-instability-frontier-v2,rho_0500_seed_034,0.5,34,0.1,500,1000,10,990,20000,528.6606950286694,386.9144489809474,0.007665903622478386,0.0,0.0,0.001144340695818983,0.005579401280630055,0.0020149477636653918,0.005579401280630055,2.492746656740659,0.39667814245466027,0.9869005865984467,0.9996262569908559,True,0.39590725033338797,0.3978,0.0018927496666120147,2.114750292466413,2.12165,6.004264372882252,6.051951277500001
randomized-instability-frontier-v2,rho_0500_seed_035,0.5,35,0.1,500,1000,10,990,20000,520.55284672647,393.39554491942613,0.009170597072084183,0.0,0.0,0.0015474118195285488,0.005469280014748474,0.0032204750613916734,0.005469280014748474,4.909506571462244,0.6910378456749964,0.9873850934019469,0.9996401657546437,True,0.6395031998072643,0.6366,-0.0029031998072642784,0.7273020676711732,0.7374,1.5650640971246135,1.5937412400000002
randomized-instability-frontier-v2,rho_0500_seed_036,0.5,36,0.1,500,1000,10,990,20000,498.79727053307874,388.0329318382362,0.007658102079020243,0.0,0.0,0.0006898879563907165,0.0049666224643091245,0.002097128988262991,0.0049666224643091245,2.9520129756014453,0.47011826210077434,0.9891691084031539,0.9995633155783475,True,0.332589018267428,0.3285,-0.0040890182674279685,2.5176462357545533,2.53475,6.510090610077704,6.5117924375000005
randomized-instability-frontier-v2,rho_0500_seed_037,0.5,37,0.1,500,1000,10,990,20000,494.60010393412506,394.9481944516298,0.006404569281121485,0.0,0.0,0.0011655737698584652,0.0036955433647338607,0.0022755922959832647,0.0036955433647338607,3.283875136324712,0.516386635464422,0.9903905327713168,0.99947480902357,True,0.5134900270158423,0.5136,0.00010997298415760248,1.3002963820431361,1.28195,3.3717919458407204,3.2735541975
randomized-instability-frontier-v2,rho_0500_seed_038,0.5,38,0.1,500,1000,10,990,20000,496.83506049356913,389.2055512203864,0.0077689975089661675,0.0,0.0,0.001326380447069337,0.006174263326080809,0.0031435055577837593,0.006174263326080809,4.925957031364365,0.6924906192118258,0.9894506225921954,0.9994780671926639,True,0.6046554820124802,0.60025,-0.004405482012480255,0.8509289133660688,0.85765,1.900364596450798,1.9133864775000002
randomized-instability-frontier-v2,rho_0500_seed_039,0.5,39,0.1,500,1000,10,990,20000,513.494349156642,394.7378537686626,0.007089805801845843,0.0,0.0,0.0014218396761149586,0.007186708477441863,0.002646567618814509,0.007186708477441863,3.3048131931596774,0.5191469157209534,0.9878400164690357,0.9996505497944869,True,0.5414807363017095,0.5355,-0.005980736301709477,1.1501882585225793,1.15805,2.8726005910339176,2.8323701974999995
randomized-instability-frontier-v2,rho_0750_seed_000,0.75,0,0.1,500,1000,10,990,20000,499.75132182376956,294.1262006929908,0.013491876025520731,0.0,0.0,0.0008830633890380465,0.004830477820523506,0.002438577011631525,0.004830477820523506,3.5391594877479275,0.5489001340102673,0.9753571226269664,0.9998377016543061,True,0.49487260476487865,0.4916,-0.0032726047648786727,1.3668912745171193,1.36715,3.4586200682900614,3.4446508775
randomized-instability-frontier-v2,rho_0750_seed_001,0.75,1,0.1,500,1000,10,990,20000,533.5810606916374,261.52486772874175,0.01789182589843477,0.0,0.0,0.0003420612173352967,0.0074186279738204675,0.002830665443267568,0.0074186279738204675,2.910525903324448,0.46397146880585394,0.9758250742010199,0.9997931634683477,True,0.2814159247772231,0.2798,-0.00161592477722311,2.3156036449778274,2.32265,4.3802588856997335,4.4139469775
randomized-instability-frontier-v2,rho_0750_seed_002,0.75,2,0.1,500,1000,10,990,20000,479.87094194823345,301.55884906730375,0.012926308943005256,0.0,0.0,0.0003553823136246591,0.017968058062533463,0.003792226247800267,0.017968058062533463,2.9039920948365183,0.46299542980575875,0.9717771074494042,0.9997405502278104,True,0.279749475498839,0.28195,0.002200524501160983,2.3996312752627262,2.3749,4.68612643359282,4.634449989999999
randomized-instability-frontier-v2,rho_0750_seed_003,0.75,3,0.1,500,1000,10,990,20000,540.2595394066368,297.52545258459213,0.01651598168793657,0.0,0.0,0.0012766172462920819,0.010027486173057902,0.0027299953844585664,0.010027486173057902,3.1206666695489296,0.49424738247287736,0.9749837169948408,0.9998306104393602,True,0.48370315802616826,0.4832,-0.0005031580261682378,1.4605426044712664,1.45715,3.8244062701035793,3.7963638775
randomized-instability-frontier-v2,rho_0750_seed_004,0.75,4,0.1,500,1000,10,990,20000,521.6882572697887,291.8506473641434,0.012512602216296744,0.0,0.0,0.0005881673501472647,0.013743616737060661,0.004454424160557245,0.013743616737060661,5.673215463972664,0.7538292780186785,0.9776591346279899,0.9997393816077815,True,0.555370023255343,0.5532,-0.00217002325534299,0.9507738378874397,0.95315,1.9163887613242092,1.9326550775000004
randomized-instability-frontier-v2,rho_0750_seed_005,0.75,5,0.1,500,1000,10,990,20000,522.5123220403026,294.42750729711554,0.014885387038199142,0.0,0.0,0.0010383417023501777,0.005929092399774184,0.0020251217754471114,0.005929092399774184,2.445350753560087,0.3883411617869335,0.9539133122963415,0.9997929001548461,True,0.36306792577113467,0.3689,0.005832074228865336,2.3794414892141433,2.3865,6.701626268710685,6.862217749999999
randomized-instability-frontier-v2,rho_0750_seed_006,0.75,6,0.1,500,1000,10,990,20000,535.0872402407379,283.3223931521096,0.013339852026397684,0.0,0.0,0.0010464836577675002,0.010043803048399264,0.003261623657312409,0.010043803048399264,4.125865854074334,0.6155151034765964,0.95704065654622,0.9998559604146741,True,0.5126982876507272,0.51865,0.005951712349272831,1.245847440563129,1.23235,2.98573838859564,2.9684634774999994
randomized-instability-frontier-v2,rho_0750_seed_007,0.75,7,0.1,500,1000,10,990,20000,488.96201566407615,292.5742290647112,0.011940941304318772,0.0,0.0,0.002858830115996537,0.016947056882044786,0.00549376404112679,0.016947056882044786,6.251716455029294,0.7959992724807635,0.9755941128101255,0.9996521827261123,True,0.7698092108610475,0.77,0.00019078913895254068,0.35576986447122183,0.3537,0.6050124110214848,0.6076963100000001
randomized-instability-frontier-v2,rho_0750_seed_008,0.75,8,0.1,500,1000,10,990,20000,491.6308165398202,291.22677046539894,0.016494629902807183,0.0,0.0,0.0003536466895247497,0.008131106966314854,0.003034848719351754,0.008131106966314854,3.42375191265059,0.5345022878770934,0.9633957310774939,0.9996509040256678,True,0.3296357825768471,0.33075,0.0011142174231528745,1.9031774396572545,1.9136,3.478640861895424,3.526735040000001
randomized-instability-frontier-v2,rho_0750_seed_009,0.75,9,0.1,500,1000,10,990,20000,477.7201952538935,307.61319806155217,0.011774099585230166,0.0,0.0,0.0007420048966067383,0.005679531059364677,0.003353970199820652,0.005679531059364677,4.987806726641895,0.6979096165829368,0.9704936360333389,0.9996924396589869,True,0.5843223536629856,0.58275,-0.0015723536629855817,0.8883384881978377,0.8991,1.8970197227067018,1.9088191900000002
randomized-instability-frontier-v2,rho_0750_seed_010,0.75,10,0.1,500,1000,10,990,20000,536.9219047438266,302.1368090684159,0.011080037414529837,0.0,0.0,0.0006902230599983635,0.009104327963737707,0.003863430093363547,0.009104327963737707,5.2863774686550205,0.7231581702790637,0.9565857196134732,0.9998437325736955,True,0.5643721590959279,0.56285,-0.0015221590959278997,0.9488587958088981,0.9283,1.9975209380451722,1.8918591099999997
randomized-instability-frontier-v2,rho_0750_seed_011,0.75,11,0.1,500,1000,10,990,20000,491.82354643427175,299.17357286701923,0.0149801390496652,0.0,0.0,0.000881830705642151,0.012028178350277495,0.0037981667496060313,0.012028178350277495,4.469665709256622,0.6502750430303332,0.9771065650395118,0.9997977989832434,True,0.5554503933017252,0.5582,0.0027496066982748424,1.0229979307550996,1.01905,2.291337229616671,2.3115870975000004
randomized-instability-frontier-v2,rho_0750_seed_012,0.75,12,0.1,500,1000,10,990,20000,477.3625165087721,272.1120669099931,0.02430828254325704,0.0,0.0,0.001757414918987798,0.008475230621384744,0.0043815224902927635,0.008475230621384744,6.588019259654086,0.8187548601317888,0.961496553126959,0.9997855645843005,True,0.710751458096159,0.70935,-0.0014014580961589918,0.49838935993144595,0.4943,0.9313892175579788,0.91746751
randomized-instability-frontier-v2,rho_0750_seed_013,0.75,13,0.1,500,1000,10,990,20000,491.8948430366263,288.78493278225943,0.012126566401063108,0.0,0.0,0.001083631549630774,0.008106644611291125,0.0035972209126215954,0.008106644611291125,5.355108163660885,0.7287682472326097,0.9689257015549441,0.9996953762700211,True,0.5872041816782387,0.5876,0.0003958183217612765,0.895644983796347,0.8954,1.950963726770152,1.9596588399999997
randomized-instability-frontier-v2,rho_0750_seed_014,0.75,14,0.1,500,1000,10,990,20000,470.94401413958497,319.00925965876996,0.010322769006475848,0.0,0.0,0.00045975569870707896,0.004939188815334207,0.0028588765097903738,0.004939188815334207,4.4382450400948095,0.6472112764050476,0.9731443455191703,0.9998525048128657,True,0.42042110683760436,0.421,0.0005788931623956217,1.5624232921431276,1.565,3.3058931065452635,3.316675
randomized-instability-frontier-v2,rho_0750_seed_015,0.75,15,0.1,500,1000,10,990,20000,496.30413646982356,280.4263543459515,0.013646916271578775,0.0,0.0,0.0007607912623981486,0.005341689403827034,0.0027156736220231275,0.005341689403827034,3.958356358252414,0.5975148897834448,0.9682912596224393,0.9998585125801102,True,0.48122066622243403,0.48045,-0.0007706662224340466,1.4033628097269153,1.41,3.425807827942696,3.4524
randomized-instability-frontier-v2,rho_0750_seed_016,0.75,16,0.1,500,1000,10,990,20000,481.5833443048185,264.01850316740195,0.02399868072729631,0.0,0.0,0.0005718167821540588,0.016427873373184135,0.004653150732451071,0.016427873373184135,5.718167821540588,0.7572568972443348,0.9727005718390904,0.9998116537247362,True,0.5367554365581574,0.5355,-0.0012554365581574078,1.0123966716251274,1.0218,2.0249265776931438,2.0633247600000004
randomized-instability-frontier-v2,rho_0750_seed_017,0.75,17,0.1,500,1000,10,990,20000,514.6899883460569,256.7906510465044,0.029808579592910445,0.0,0.0,0.0009743599986386623,0.005806205324924623,0.0021248632200088708,0.005806205324924623,2.4471073419240246,0.38865302001906366,0.9623057349978269,0.9997104554473794,True,0.3560094483546734,0.35355,-0.0024594483546734325,2.402595458989902,2.42445,6.597362716735039,6.6325921975
randomized-instability-frontier-v2,rho_0750_seed_018,0.75,18,0.1,500,1000,10,990,20000,545.7839975860913,273.9388200154805,0.018013873759793134,0.0,0.0,0.0005287344291120733,0.007448834651046894,0.0027405516492891207,0.007448834651046894,2.865557009883945,0.4572090531119398,0.9797594877896866,0.9996434405266237,True,0.337911921703111,0.3333,-0.004611921703111033,2.28585296319507,2.32635,5.329529796706355,5.406945677500001
randomized-instability-frontier-v2,rho_0750_seed_019,0.75,19,0.1,500,1000,10,990,20000,470.61874084510373,267.4172384323011,0.017705326412291767,0.0,0.0,0.0007951457842301557,0.008246731522372623,0.0028383419529483386,0.008246731522372623,3.536020945809155,0.5485148289152416,0.9726200875272409,0.999814796964747,True,0.43314190034544847,0.4362,0.003058099654551505,1.691253794491582,1.6888,4.210577611597999,4.237254559999999
randomized-instability-frontier-v2,rho_0750_seed_020,0.75,20,0.1,500,1000,10,990,20000,471.0315768501515,271.02435993441395,0.02290545352404032,0.0,0.0,0.0017316640701361555,0.024024058423199456,0.004922456775162927,0.024024058423199456,4.396245313921873,0.6430819183988785,0.9708312854704276,0.999749785825667,True,0.6398165661173278,0.641,0.001183433882672169,0.7221980479726029,0.7157,1.53359406605615,1.48917351
randomized-instability-frontier-v2,rho_0750_seed_021,0.75,21,0.1,500,1000,10,990,20000,496.40601952597183,283.3680948977765,0.011142499144800845,0.0,0.0,0.0008220886999114683,0.008137164720743485,0.0037214798011239265,0.008137164720743485,5.063893761787043,0.7044845858020248,0.9726092124763301,0.999755254438374,True,0.5629011725849818,0.56255,-0.00035117258498185144,0.9625090561652236,0.96465,2.046358398695294,2.0536003775
randomized-instability-frontier-v2,rho_0750_seed_022,0.75,22,0.1,500,1000,10,990,20000,489.09374295921964,274.1891665262447,0.01604359035403495,0.0,0.0,0.0014387296486394836,0.012233469615998553,0.004604128776444882,0.012233469615998553,6.464731268226346,0.8105504764473327,0.9739924137540958,0.9997458571662762,True,0.6918246567528348,0.6949,0.0030753432471651854,0.5468828687933999,0.53845,1.0395023176073555,1.0228215975
randomized-instability-frontier-v2,rho_0750_seed_023,0.75,23,0.1,500,1000,10,990,20000,474.1800617115883,265.8169419932655,0.024197389421232982,0.0,0.0,0.0005157130139228971,0.006286661740889268,0.003175590466189141,0.006286661740889268,3.618646057280727,0.5585461064883712,0.9698417516422433,0.9996858669500227,True,0.37722906919741084,0.37955,0.0023209308025891606,1.8779265090138513,1.86605,4.065100811241079,4.0540073974999995
randomized-instability-frontier-v2,rho_0750_seed_024,0.75,24,0.1,500,1000,10,990,20000,528.531647934097,294.1358622142618,0.012903241448310622,0.0,0.0,0.0014947834729853234,0.005179117563783064,0.0027967183354936586,0.005179117563783064,4.108658702715883,0.613700066868269,0.9754309018199618,0.9997111943032009,True,0.5862902907336727,0.58135,-0.0049402907336726365,0.937518107647976,0.9467,2.195568110255681,2.1842591100000006
randomized-instability-frontier-v2,rho_0750_seed_025,0.75,25,0.1,500,1000,10,990,20000,481.1195626690177,287.71603642051406,0.013487398380716074,0.0,0.0,0.00032618105506138073,0.01008624054948041,0.0032334868754170395,0.01008624054948041,3.261810550613807,0.513458733156636,0.9805496730208754,0.9998153727246191,True,0.382279592912247,0.3838,0.001520407087752973,1.539643404726936,1.53415,2.7954329760152494,2.7941337775
randomized-instability-frontier-v2,rho_0750_seed_026,0.75,26,0.1,500,1000,10,990,20000,521.0112138571541,285.3368982272648,0.013020545910486667,0.0,0.0,0.0003587710744460851,0.00584372852317065,0.0026870575683395842,0.00584372852317065,3.587710744460851,0.55481742123146,0.9760096489166709,0.9997159935634525,True,0.3618449260078186,0.3628,0.0009550739921814211,1.7805098947554365,1.7811,3.5311820261247817,3.52438279
randomized-instability-frontier-v2,rho_0750_seed_027,0.75,27,0.1,500,1000,10,990,20000,503.13101920987936,312.6217550297936,0.010923713521045738,0.0,0.0,0.0006454539034423102,0.00840282040359428,0.0030128344305905123,0.00840282040359428,4.115042805941482,0.6143743572366207,0.9577804808115732,0.9996557486959773,True,0.46976416931087667,0.4701,0.0003358306891233509,1.4267088684422218,1.4173,3.359979117054677,3.3084607100000003
randomized-instability-frontier-v2,rho_0750_seed_028,0.75,28,0.1,500,1000,10,990,20000,475.4014109462054,292.2235226714741,0.01370359500056797,0.0,0.0,0.0005304525088867945,0.0189326730448787,0.005127815880569243,0.0189326730448787,3.241622670601158,0.5107624609712019,0.9690555316015758,0.9997414074440691,True,0.44423539980354915,0.4441,-0.00013539980354915215,1.420304437105017,1.42065,2.8651775097875927,2.8854035774999995
randomized-instability-frontier-v2,rho_0750_seed_029,0.75,29,0.1,500,1000,10,990,20000,482.5067983186431,263.03639644435646,0.020785596755437424,0.0,0.0,0.000944115516839656,0.008704563805276413,0.004070432235608629,0.008704563805276413,4.6379453988955355,0.6663256315167255,0.9697439486736509,0.9998644248768624,True,0.5657983758478045,0.56455,-0.0012483758478044615,0.9597977735170983,0.96075,2.052300845529646,2.0551094374999996
randomized-instability-frontier-v2,rho_0750_seed_030,0.75,30,0.1,500,1000,10,990,20000,500.4889189673782,287.39583188245575,0.014408324288922652,0.0,0.0,0.0015620964070714866,0.007765892943032805,0.0034285081221691813,0.007765892943032805,4.471302876411108,0.6504340890357587,0.9691421656525138,0.9996813248051482,True,0.630344148271901,0.62825,-0.0020941482719010196,0.7560470589983533,0.75795,1.6322816525928738,1.6341617974999998
randomized-instability-frontier-v2,rho_0750_seed_031,0.75,31,0.1,500,1000,10,990,20000,541.6730066052165,240.78789776667202,0.023061709304704664,0.0,0.0,0.0004617220266186112,0.006110958319117474,0.0026793659352226714,0.006110958319117474,3.3011795735184344,0.518669149191557,0.9810012523844075,0.9997973291445926,True,0.43221788808676415,0.4304,-0.0018178880867641412,1.5287698853377036,1.53195,3.3519609519645983,3.3589791975
randomized-instability-frontier-v2,rho_0750_seed_032,0.75,32,0.1,500,1000,10,990,20000,479.43839682132904,273.26202971138673,0.017635312532957248,0.0,0.0,0.0006301523842591098,0.014489757042862584,0.004796159741950699,0.014489757042862584,4.387710949734227,0.6422380097253243,0.9593486885803366,0.9997397350414938,True,0.5502457796254783,0.5575,0.007254220374521725,0.9843091702157757,0.97405,2.0216578498593027,2.0256765975
randomized-instability-frontier-v2,rho_0750_seed_033,0.75,33,0.1,500,1000,10,990,20000,500.10249575175794,248.3807343272558,0.02542270876142049,0.0,0.0,0.0011902059131360116,0.009255177645084194,0.0036169605961835034,0.009255177645084194,4.932084000350521,0.6930304646345714,0.9796440417919818,0.9998335552210963,True,0.5867601789270184,0.59145,0.004689821072981659,0.9052550586921116,0.89465,1.9992389343148553,1.9735513775
randomized-instability-frontier-v2,rho_0750_seed_034,0.75,34,0.1,500,1000,10,990,20000,481.2577243544036,300.6635943633375,0.013025990845440157,0.0,0.0,0.0012397057635608747,0.007259460543857124,0.0032959633594220063,0.007259460543857124,4.592329714933352,0.6620330614969759,0.971493621132802,0.999832581625831,True,0.5953406403011703,0.5979,0.0025593596988296996,0.8814258983003396,0.87675,1.9668687722655962,1.9542594375
randomized-instability-frontier-v2,rho_0750_seed_035,0.75,35,0.1,500,1000,10,990,20000,482.0584887033068,256.22793935078676,0.026110481845978195,0.0,0.0,0.0014061473763569685,0.008527111839870828,0.003822700590726376,0.008527111839870828,5.339873087079132,0.7275309352614777,0.9690873969346305,0.9996564157762893,True,0.6676677799972716,0.66915,0.0014822200027284627,0.6250329541606373,0.61975,1.2584713210984306,1.2434599375000002
randomized-instability-frontier-v2,rho_0750_seed_036,0.75,36,0.1,500,1000,10,990,20000,520.3700529975001,262.2171978328495,0.023420589070940277,0.0,0.0,0.001162835378542711,0.013520109901599282,0.00561832290896434,0.013520109901599282,8.252857254050792,0.9166043333785582,0.9784452037171261,0.9997298417915564,True,0.7265409037533801,0.72625,-0.00029090375338014507,0.4441673966169077,0.44305,0.7694696719041559,0.7585566974999998
randomized-instability-frontier-v2,rho_0750_seed_037,0.75,37,0.1,500,1000,10,990,20000,497.2250494939526,297.7050200284919,0.011603970548459266,0.0,0.0,0.001031832003039046,0.005947207802010116,0.0025327394292977068,0.005947207802010116,3.2866249770467384,0.5167501513919185,0.9757053701028446,0.9997526102283111,True,0.49907578380523837,0.49865,-0.0004257838052383889,1.3601942981403172,1.36325,3.481410159142929,3.5203994375
randomized-instability-frontier-v2,rho_0750_seed_038,0.75,38,0.1,500,1000,10,990,20000,487.19382961783435,282.11232382072467,0.014445819633885366,0.0,0.0,0.0009471153336591685,0.015265690126775804,0.004239152051860465,0.015265690126775804,3.828838300835205,0.5830670256483282,0.9717229242055885,0.9997712108562183,True,0.5680117917354633,0.5674,-0.0006117917354633295,0.9750796126653014,0.9716,2.172319706899604,2.14649344
randomized-instability-frontier-v2,rho_0750_seed_039,0.75,39,0.1,500,1000,10,990,20000,514.5645412619685,271.8433792830185,0.01536340442171234,0.0,0.0,0.0005445449814930592,0.02263041851373511,0.005154130394614846,0.02263041851373511,4.300444876338464,0.633513385194711,0.9638974262611529,0.999784689609402,True,0.4956820717571,0.49705,0.0013679282428999961,1.1978765319718356,1.1951,2.478796737053214,2.4946359899999995
randomized-instability-frontier-v2,rho_1000_seed_000,1.0,0,0.1,500,1000,10,990,20000,521.917724783294,134.01495971815154,0.05722283372043197,0.0,0.0,0.001893571255244261,0.017386625336873532,0.0065377870258998706,0.017386625336873532,7.663840168239268,0.8844464388189823,0.9537558750832927,0.9998495033525882,True,0.7722902289750239,0.7704,-0.0018902289750238888,0.34555005952733076,0.3497,0.5699062188018329,0.5750099099999999
randomized-instability-frontier-v2,rho_1000_seed_001,1.0,1,0.1,500,1000,10,990,20000,498.7192723417804,200.9719059993142,0.02181097243624816,0.0,0.0,0.0015859316578209015,0.010654252731323857,0.0045339711793038065,0.010654252731323857,6.274330397273657,0.7975673842907567,0.925543066664563,0.9998836021201837,True,0.6872878821580658,0.688,0.0007121178419341456,0.5619194998397415,0.56095,1.0819834319052366,1.0846850975
randomized-instability-frontier-v2,rho_1000_seed_002,1.0,2,0.1,500,1000,10,990,20000,467.60740357311124,201.89282805500252,0.028164080430285215,0.0,0.0,0.0003666811987341127,0.005603393635189441,0.0021781559588703965,0.005603393635189441,1.9590243583721167,0.292039836015579,0.9141131614339207,0.999914944505177,True,0.07737117675172077,0.0772,-0.00017117675172076408,5.000433030401827,5.0018,5.556884095203033,5.539796760000001
randomized-instability-frontier-v2,rho_1000_seed_003,1.0,3,0.1,500,1000,10,990,20000,473.19677402248544,175.8376099941667,0.029553661010411444,0.0,0.0,0.0002398629428253132,0.017637543975428792,0.006988354058134487,0.017637543975428792,2.398629428253132,0.3799631576401841,0.940045128178074,0.9998141343804371,True,0.4183415067811041,0.41825,-9.150678110408927e-05,0.9878679120039606,0.98935,1.1678742109296354,1.1636365775
randomized-instability-frontier-v2,rho_1000_seed_004,1.0,4,0.1,500,1000,10,990,20000,552.8135848316657,136.77276107698822,0.046489319105859864,0.0,0.0,0.0008615260142923664,0.04127852474214354,0.012034550521134404,0.04127852474214354,8.615260142923663,0.9352683957632124,0.9187997235202524,0.9998524483875222,True,0.7384202196401327,0.73655,-0.0018702196401326754,0.3900767807690853,0.3894,0.5925843087849426,0.58296764
randomized-instability-frontier-v2,rho_1000_seed_005,1.0,5,0.1,500,1000,10,990,20000,484.6918796713883,214.30933344662327,0.01662188340828922,0.0,0.0,0.0003968841777135704,0.008556498960415505,0.0026652885027297637,0.008556498960415505,3.0552811094025527,0.4850511748554376,0.9273517069503201,0.9998087759211639,True,0.243467576441974,0.24305,-0.0004175764419740158,2.786280258642705,2.7979,5.245082812476317,5.27255559
randomized-instability-frontier-v2,rho_1000_seed_006,1.0,6,0.1,500,1000,10,990,20000,483.4857584438217,200.78023039743763,0.02412369411813243,0.0,0.0,0.0007582711169178322,0.007720168535024319,0.0032907021322801295,0.007720168535024319,3.635378980581384,0.5605496918376724,0.9194063353929837,0.9998335267939803,True,0.4716444371962272,0.47155,-9.443719622714841e-05,1.4368794095197523,1.41585,3.42791159739937,3.3350187774999998
randomized-instability-frontier-v2,rho_1000_seed_007,1.0,7,0.1,500,1000,10,990,20000,520.3260367951244,210.9119589084269,0.020143360787601008,0.0,0.0,0.0005356790238100496,0.008151030281709127,0.0029027490591822837,0.008151030281709127,2.9958537731362562,0.47652061174109744,0.9397633614996013,0.9999086477472051,True,0.3797509240352943,0.376,-0.003750924035294312,1.9312718118656542,1.95265,4.420114985860071,4.4524079775
randomized-instability-frontier-v2,rho_1000_seed_008,1.0,8,0.1,500,1000,10,990,20000,455.69380267388823,205.91603491401605,0.027020224299505343,0.0,0.0,0.001053822841004983,0.03270799482728166,0.009378878721718031,0.03270799482728166,3.6255590893043004,0.5593749876455617,0.9423224128041373,0.9999144769242071,True,0.629873602918757,0.62515,-0.004723602918757064,0.6819544473943088,0.68655,1.2169057809126094,1.2268990974999998
randomized-instability-frontier-v2,rho_1000_seed_009,1.0,9,0.1,500,1000,10,990,20000,522.7839035595883,188.6916096119646,0.02428883299724332,0.0,0.0,0.0005013860578782712,0.011934406637736357,0.003319247711668474,0.011934406637736357,2.5041194333434,0.39865503859790846,0.9426278791428917,0.9999144938262543,True,0.29162123258231976,0.29355,0.0019287674176802216,2.532938362202274,2.5077,5.2551458617794635,5.223840709999999
randomized-instability-frontier-v2,rho_1000_seed_010,1.0,10,0.1,500,1000,10,990,20000,505.347916295024,199.26152440578625,0.025975596838967215,0.0,0.0,0.0006714177356029596,0.01121427178778768,0.0031367236171884055,0.01121427178778768,2.988017011834744,0.4753830657420642,0.9512566371492956,0.9998719693922156,True,0.39794684899840427,0.3986,0.000653151001595742,1.8913144680448033,1.8881,4.591581409265494,4.59297839
randomized-instability-frontier-v2,rho_1000_seed_011,1.0,11,0.1,500,1000,10,990,20000,524.3148389824441,210.15085057249695,0.026218124350477188,0.0,0.0,0.00033593406229179534,0.011871815826654832,0.0063516381145357695,0.011871815826654832,3.359340622917953,0.5262540416962794,0.9036440443045732,0.9998764016668551,True,0.48221637286212304,0.4811,-0.0011163728621230162,0.9713908058943751,0.9751,1.4054016978917407,1.4233799900000002
randomized-instability-frontier-v2,rho_1000_seed_012,1.0,12,0.1,500,1000,10,990,20000,515.8282200268175,195.75018221868,0.02424764290467088,0.0,0.0,0.0003141171643587747,0.01544846740067614,0.004195470799999006,0.01544846740067614,2.0065779781620248,0.3024560416315022,0.7381506539648487,0.99987503569707,True,0.14820746023532577,0.14765,-0.0005574602353257685,3.115864035218,3.1185,3.897036437856321,3.88565775
randomized-instability-frontier-v2,rho_1000_seed_013,1.0,13,0.1,500,1000,10,990,20000,492.0953183024244,193.01029461463156,0.022108962874398976,0.0,0.0,0.0013535357744231039,0.014616666029494955,0.00437422075305937,0.014616666029494955,4.745916388659743,0.676320082751198,0.9353787566934397,0.9998835881248,True,0.6352764381897799,0.6375,0.0022235618102200982,0.726958484706666,0.72435,1.5141033557188108,1.5160670774999998
randomized-instability-frontier-v2,rho_1000_seed_014,1.0,14,0.1,500,1000,10,990,20000,589.363349721304,130.21981267065118,0.03786011853340618,0.0,0.0,0.0005967742201160856,0.010840367192325078,0.0030221124496849997,0.010840367192325078,2.504653858215708,0.3987477150918944,0.9454189604444665,0.9998561854137479,True,0.2985683039142348,0.29695,-0.0016183039142347866,2.5790885697113723,2.57335,5.667091224976899,5.5968197775
randomized-instability-frontier-v2,rho_1000_seed_015,1.0,15,0.1,500,1000,10,990,20000,535.8761578493844,213.43187728457545,0.020545850592288743,0.0,0.0,0.001712286776036859,0.005022358445929771,0.0031309509248082868,0.005022358445929771,4.688782653080782,0.6710601016329827,0.9373478242243175,0.9999620164050049,True,0.6340466102348937,0.627,-0.007046610234893724,0.7475504527088479,0.76105,1.625341121106428,1.6428528974999999
randomized-instability-frontier-v2,rho_1000_seed_016,1.0,16,0.1,500,1000,10,990,20000,493.97649454595364,211.13271589135007,0.016731900053361667,0.0,0.0,0.0006979636829736469,0.02345024091513712,0.00461118359405511,0.02345024091513712,3.529107248028166,0.5476648565801703,0.9046662405033332,0.999893984960849,True,0.46000249799893966,0.45615,-0.0038524979989396635,1.4255889568931315,1.4394,3.1776133238308093,3.18342764
randomized-instability-frontier-v2,rho_1000_seed_017,1.0,17,0.1,500,1000,10,990,20000,515.5804802191982,180.31230643440853,0.024448148103810338,0.0,0.0,0.001171073772576955,0.014910315656125767,0.004085083713110565,0.014910315656125767,3.5198298690969683,0.5465216723707389,0.9470669446500795,0.9998937854707047,True,0.5409234600352587,0.5442,0.0032765399647413096,1.0974888056388619,1.08375,2.5132229410073523,2.4811359375
randomized-instability-frontier-v2,rho_1000_seed_018,1.0,18,0.1,500,1000,10,990,20000,516.6661099217077,179.97836475957124,0.02727805527638186,0.0,0.0,0.0004778596241623976,0.004296438960894819,0.0020490576661164666,0.004296438960894819,2.858591203127753,0.4561520529026606,0.9415885918912466,0.9998026579250266,True,0.24610530036379694,0.24945,0.003344699636203069,3.090258252205477,3.07485,6.64995576504552,6.6415474775
randomized-instability-frontier-v2,rho_1000_seed_019,1.0,19,0.1,500,1000,10,990,20000,496.63794388474486,199.6872613697731,0.019064055206809826,0.0,0.0,0.0006822617289784687,0.010420022454213309,0.003318974818629053,0.010420022454213309,4.584622972754813,0.6613036262471012,0.8918533867528604,0.9998382214782447,True,0.5076516070136747,0.5112,0.003548392986325255,1.2268536740606977,1.23395,2.8141983441131715,2.8893173975000006
randomized-instability-frontier-v2,rho_1000_seed_020,1.0,20,0.1,500,1000,10,990,20000,534.2640445976681,202.1139203219137,0.01881100163173398,0.0,0.0,0.0007421245368068233,0.024685543924261342,0.010887586574878556,0.024685543924261342,5.654560900539431,0.7523988858526689,0.9228178813384622,0.999881414708481,True,0.6866584468986378,0.68415,-0.0025084468986377173,0.4935724725816283,0.49685,0.7537064055984724,0.7596900775000001
randomized-instability-frontier-v2,rho_1000_seed_021,1.0,21,0.1,500,1000,10,990,20000,503.79362415435475,217.7698357285634,0.021391526801097096,0.0,0.0,0.0016119664365954445,0.01589833288779948,0.005376117670396505,0.01589833288779948,5.197409384754224,0.7157869262778166,0.9517623833975586,0.9998449090252214,True,0.691527353937297,0.68795,-0.0035773539372970786,0.5470004678972212,0.55295,1.035251505783025,1.0260962975
randomized-instability-frontier-v2,rho_1000_seed_022,1.0,22,0.1,500,1000,10,990,20000,474.9360197667574,200.77599133969005,0.021127855502510035,0.0,0.0,0.0007450626730358574,0.016968142475715424,0.004057032336864533,0.016968142475715424,3.177945888266549,0.5021464980861761,0.9563623874072011,0.9998098176847541,True,0.3829304680459816,0.38565,0.002719531954018417,1.9923394512904053,1.97615,4.78276220186201,4.7683811775
randomized-instability-frontier-v2,rho_1000_seed_023,1.0,23,0.1,500,1000,10,990,20000,527.0736126829615,162.11754096084164,0.03201619174279036,0.0,0.0,0.0008047180957232214,0.017798068338455382,0.007243027805733891,0.017798068338455382,8.047180957232214,0.905643767431564,0.9388712856696783,0.9998047694998897,True,0.7237791195775574,0.72235,-0.001429119577557314,0.42651109249053853,0.4341,0.6784904301199397,0.6933571900000001
randomized-instability-frontier-v2,rho_1000_seed_024,1.0,24,0.1,500,1000,10,990,20000,489.49095966574396,215.10239226274467,0.01804953374897883,0.0,0.0,0.0009052298837174979,0.011129028565967706,0.004495800014672506,0.011129028565967706,5.312249294022591,0.7252784474740344,0.8621979081162593,0.9998790260469741,True,0.6140194634289947,0.61685,0.002830536571005293,0.7764019365254006,0.77555,1.5754452535335257,1.5904721975
randomized-instability-frontier-v2,rho_1000_seed_025,1.0,25,0.1,500,1000,10,990,20000,493.91580689500034,217.46602102422943,0.018389640799960316,0.0,0.0,0.0010128949965945854,0.017832526621854,0.0044044099944770656,0.017832526621854,2.8756986087904726,0.45874336731650184,0.9200997406666995,0.99983938701288,True,0.4759426744081292,0.476,5.7325591870771575e-05,1.4187811012463147,1.42245,3.3645409390394807,3.4288859975
randomized-instability-frontier-v2,rho_1000_seed_026,1.0,26,0.1,500,1000,10,990,20000,459.82549047240195,179.61266110406044,0.025864617111701148,0.0,0.0,0.0008423911646609637,0.033263604092748915,0.011057438793197472,0.033263604092748915,7.5586969850566,0.8784469355841493,0.9000467716437517,0.9998031422759464,True,0.7238378007811795,0.71805,-0.005787800781179575,0.41965306112548506,0.4283,0.6429773206578294,0.6520591099999998
randomized-instability-frontier-v2,rho_1000_seed_027,1.0,27,0.1,500,1000,10,990,20000,465.9709102657738,181.99661411966628,0.031561205629628414,0.0,0.0,0.0005777737236278855,0.010303297187752499,0.0045150739362427505,0.010303297187752499,5.777737236278855,0.7617577868281784,0.910780388741741,0.9998209759494756,True,0.6032440165239369,0.5984,-0.004844016523936845,0.7566039244127387,0.76875,1.4072490556564832,1.4210734375
randomized-instability-frontier-v2,rho_1000_seed_028,1.0,28,0.1,500,1000,10,990,20000,504.59309183887353,200.6868676533935,0.01766046085112303,0.0,0.0,0.00025888741082707485,0.011746778297299337,0.0042259910975951005,0.011746778297299337,1.51119385183622,0.1793201780271738,0.8712213009197464,0.999788860289442,True,0.11523419347714352,0.1144,-0.0008341934771435161,2.7496654167136,2.7483,2.48493437015697,2.4998471099999997
randomized-instability-frontier-v2,rho_1000_seed_029,1.0,29,0.1,500,1000,10,990,20000,508.8812438793119,204.5551466377461,0.025894801670366088,0.0,0.0,0.00038414068380950077,0.04182202535457993,0.008166524323164078,0.04182202535457993,3.8414068380950077,0.5844903051300272,0.8744357294954423,0.9998998660489654,True,0.48291047528283115,0.4855,0.002589524717168834,1.084116230611228,1.07785,1.8486527218646134,1.8302893775
randomized-instability-frontier-v2,rho_1000_seed_030,1.0,30,0.1,500,1000,10,990,20000,497.89656238809334,202.46325214539763,0.023796361853174384,0.0,0.0,0.001027224895020453,0.013042019126581334,0.003969491221208924,0.013042019126581334,4.751173175718889,0.6768008603262659,0.9214229129562703,0.9998588834967218,True,0.6010602690389377,0.6042,0.003139730961062237,0.847146611704426,0.8476,1.8341366177769431,1.8448742400000002
randomized-instability-frontier-v2,rho_1000_seed_031,1.0,31,0.1,500,1000,10,990,20000,501.0492480953807,194.19362206861726,0.023135270512686927,0.0,0.0,0.0009049548062405955,0.008503705545575637,0.0039888087025036715,0.008503705545575637,4.0434682440526455,0.6067540366671469,0.9232581722970481,0.9998584954889512,True,0.5433446284668134,0.53475,-0.00859462846681347,1.0592961799299783,1.07825,2.3288058539490426,2.3462269375000004
randomized-instability-frontier-v2,rho_1000_seed_032,1.0,32,0.1,500,1000,10,990,20000,495.1027473596356,221.5206074112413,0.020895378344493558,0.0,0.0,0.0005574438348552342,0.03526984763532705,0.007115597895949272,0.03526984763532705,5.3720331251071896,0.7301386819577558,0.9056407829730206,0.9998966604882203,True,0.5752578515527038,0.57935,0.004092148447296218,0.8494558688189418,0.849,1.6057921576402086,1.6080990000000002
randomized-instability-frontier-v2,rho_1000_seed_033,1.0,33,0.1,500,1000,10,990,20000,501.06844200080747,214.70779432291073,0.016500380365356747,0.0,0.0,0.0004083307146444949,0.020340129750257657,0.0058620925260345685,0.020340129750257657,4.083307146444949,0.6110120487912747,0.9464107537765787,0.9999133131274391,True,0.4558749385190887,0.4519,-0.0039749385190887,1.2420500089062867,1.24945,2.235348804875122,2.2325246975
randomized-instability-frontier-v2,rho_1000_seed_034,1.0,34,0.1,500,1000,10,990,20000,502.9751822516582,205.63254490419232,0.021332749792568287,0.0,0.0,0.0002890196712314983,0.03400946375426607,0.006838338889127183,0.03400946375426607,1.5992435111400105,0.20391459726247543,0.9326183938428355,0.9998714375165451,True,0.15957060795445518,0.1594,-0.0001706079544551986,2.500960361547077,2.49375,2.5924564200605698,2.5684609375
randomized-instability-frontier-v2,rho_1000_seed_035,1.0,35,0.1,500,1000,10,990,20000,503.4957505749654,201.68072806032555,0.019675121196986466,0.0,0.0,0.0003332246133178537,0.012904293786060641,0.0038855840036005978,0.012904293786060641,2.182398328956362,0.33893402044096116,0.9416249889674634,0.9998839145131128,True,0.2504039017119769,0.25245,0.0020460982880231016,2.2030717059195433,2.2126,3.1798970350931026,3.20500124
randomized-instability-frontier-v2,rho_1000_seed_036,1.0,36,0.1,500,1000,10,990,20000,480.36248799921657,71.9849800649662,0.10100769288199378,0.0,0.0,0.0014045694640542712,0.005509141248449463,0.0038227390735201586,0.005509141248449463,5.509141248449462,0.7410839073589417,0.9207344649224581,0.9998173635805969,True,0.6875677157103044,0.68145,-0.006117715710304394,0.5635697824413928,0.5839,1.096614229173521,1.1413607900000002
randomized-instability-frontier-v2,rho_1000_seed_037,1.0,37,0.1,500,1000,10,990,20000,524.2199363485705,191.37019733097458,0.022293047129480395,0.0,0.0,0.0004389430321732196,0.009184255598012196,0.0030850028266006142,0.009184255598012196,2.734593200640036,0.4368927296246848,0.9270085823881969,0.9998465006542033,True,0.27054454645824394,0.2769,0.00635545354175604,2.5381981211647764,2.52425,4.778134497548759,4.8423119375
randomized-instability-frontier-v2,rho_1000_seed_038,1.0,38,0.1,500,1000,10,990,20000,527.9320750330567,195.38460963929987,0.02978856749076094,0.0,0.0,0.00023577996491497342,0.020369938329211815,0.003982333087905509,0.020369938329211815,1.7559835865229887,0.24452045216472534,0.950358309207101,0.9998720000245633,True,0.11842760901105198,0.12375,0.005322390988948017,3.613881510551424,3.60015,5.221641937305285,5.2618699775
randomized-instability-frontier-v2,rho_1000_seed_039,1.0,39,0.1,500,1000,10,990,20000,511.222316772101,190.45328390052126,0.03204934380936401,0.0,0.0,0.0007395519435379562,0.025444417154685605,0.0053295396668345055,0.025444417154685605,3.596507383821049,0.5558809562674029,0.9256388719783355,0.9998450223280957,True,0.46739551739363866,0.4699,0.0025044826063613246,1.39259623252405,1.3811,3.08468738440075,3.06286279
randomized-instability-frontier-v2,rho_1250_seed_000,1.25,0,0.1,500,1000,10,990,20000,552.9886270569543,104.25292813765718,0.053577431136572845,0.0,0.0,0.0007305537120627083,0.0091430616616429,0.0035138289371741244,0.0091430616616429,3.738599829150091,0.5727089817916244,0.7710008496097341,0.9999471741353299,True,0.47020898730090693,0.47665,0.006441012699093085,1.426725906751042,1.41455,3.3412789064351456,3.3381982975
randomized-instability-frontier-v2,rho_1250_seed_001,1.25,1,0.1,500,1000,10,990,20000,490.67473316744565,133.68158261231665,0.036792013059444816,0.0,0.0,0.0011505935356038203,0.03321952449368058,0.011160925318454125,0.03321952449368058,6.088777819166178,0.7845301268430597,0.8421772681954639,0.9998471697256254,True,0.7101144418009462,0.7068,-0.0033144418009461996,0.4664976409680986,0.472,0.7662190576435061,0.771016
randomized-instability-frontier-v2,rho_1250_seed_002,1.25,2,0.1,500,1000,10,990,20000,562.3029701503873,59.004658107987765,0.108727481785689,0.0,0.0,0.0002885585736549969,0.030052474042771348,0.005754039096644243,0.030052474042771348,1.678315632521266,0.2248736397893124,0.8693462219335552,0.999932140202178,True,0.11585577390276436,0.11905,0.0031942260972356445,3.196158849585536,3.1847,3.1188418357857053,3.14668591
randomized-instability-frontier-v2,rho_1250_seed_003,1.25,3,0.1,500,1000,10,990,20000,513.2477213997065,127.34640331299494,0.038249125379169184,0.0,0.0,0.0003295548560755202,0.05381354310861934,0.011524660631147335,0.05381354310861934,1.7124662266095738,0.23362201505980096,0.8475272310816586,0.9999246625274223,True,0.21323915130452975,0.20485,-0.008389151304529746,2.219455501026068,2.2343,2.5479801031096967,2.5180035100000007
randomized-instability-frontier-v2,rho_1250_seed_004,1.25,4,0.1,500,1000,10,990,20000,496.21247789564814,134.14453087073153,0.041711126703650514,0.0,0.0,0.0016367651393859911,0.019866194814843603,0.00820795976437896,0.019866194814843603,10.16151085058274,1.0069582852401202,0.8807308778765973,0.9999589250189278,True,0.7843217328166853,0.78245,-0.0018717328166852898,0.3142552197948922,0.31635,0.4898573512421553,0.4941726775
randomized-instability-frontier-v2,rho_1250_seed_005,1.25,5,0.1,500,1000,10,990,20000,450.55711834606916,133.44590844021258,0.04080468995745057,0.0,0.0,0.0005802647610144413,0.030677841319736297,0.011121798719419002,0.030677841319736297,4.730819025388221,0.6749363346943976,0.8244793632492232,0.9999253566766015,True,0.6144344413555308,0.61505,0.0006155586444691608,0.6698598661159649,0.66855,1.0679969646407834,1.0632908975
randomized-instability-frontier-v2,rho_1250_seed_006,1.25,6,0.1,500,1000,10,990,20000,531.0046890545004,87.32227534156536,0.044245989404138694,0.0,0.0,0.000549737340291819,0.048735382512452394,0.012895538594918493,0.048735382512452394,5.49737340291819,0.740155236932853,0.8837541084506085,0.9999234522301768,True,0.6251897469411603,0.6313,0.006110253058839721,0.6502957692312205,0.63835,1.0691599551612296,1.0525592775000001
randomized-instability-frontier-v2,rho_1250_seed_007,1.25,7,0.1,500,1000,10,990,20000,496.89719227519316,99.57021164230717,0.04952789833565495,0.0,0.0,0.0008851325641649904,0.032937805033432035,0.009998812148091344,0.032937805033432035,5.618010880780649,0.7495825759937933,0.740107289062482,0.9999598277228752,True,0.664691267106392,0.661,-0.0036912671063920044,0.584078877613876,0.594,1.0166540866373186,1.0511640000000002
randomized-instability-frontier-v2,rho_1250_seed_008,1.25,8,0.1,500,1000,10,990,20000,554.3840690468767,95.32880145565854,0.06168765931448205,0.0,0.0,0.00044630082298409386,0.018086993249651264,0.00641731115894299,0.018086993249651264,4.463008229840939,0.649627687685524,0.8422916922663443,0.9998872966317445,True,0.5647628689537587,0.56395,-0.0008128689537587608,0.805784585895476,0.80875,1.3329615253268832,1.3546734375
randomized-instability-frontier-v2,rho_1250_seed_009,1.25,9,0.1,500,1000,10,990,20000,477.11729862784875,139.72823332630827,0.03040148492755706,0.0,0.0,0.0002605880373644841,0.0159000292167043,0.006207120990283854,0.0159000292167043,2.605880373644841,0.4159544749765642,0.7546492621020258,0.9998439485575936,True,0.3279535120888101,0.32675,-0.001203512088810088,1.5194347860040531,1.5202,2.088767094162253,2.08089196
randomized-instability-frontier-v2,rho_1250_seed_010,1.25,10,0.1,500,1000,10,990,20000,608.2454982443469,79.82287175820535,0.0706446874304318,0.0,0.0,0.0007275158924581639,0.024995970554386026,0.0077183711921115184,0.024995970554386026,4.3290150422848575,0.6363890948845262,0.8698008228264493,0.9999635461727387,True,0.5557319666980063,0.55085,-0.004881966698006335,0.9487245196568755,0.95415,1.864982168441853,1.8506477774999996
randomized-instability-frontier-v2,rho_1250_seed_011,1.25,11,0.1,500,1000,10,990,20000,524.9218494536156,97.25413629111702,0.04225670091084865,0.0,0.0,0.0006386601138882212,0.048314930745065376,0.007969635673698674,0.048314930745065376,4.238135859904138,0.6271748745694313,0.8941782925195036,0.9999204088801238,True,0.5378428392096258,0.53445,-0.003392839209625853,1.0377616746945624,1.04805,2.1520636909165214,2.162741197500001
randomized-instability-frontier-v2,rho_1250_seed_012,1.25,12,0.1,500,1000,10,990,20000,497.60649966217073,81.54655715089731,0.06538856393367262,0.0,0.0,0.0021791519055828538,0.019831074604014953,0.006704147354273153,0.019831074604014953,7.8239192824335495,0.8934243612868904,0.774150374467446,0.9999525831649906,True,0.7679574120302164,0.76775,-0.00020741203021634735,0.3557525980992453,0.351,0.5932996711286043,0.571499
randomized-instability-frontier-v2,rho_1250_seed_013,1.25,13,0.1,500,1000,10,990,20000,506.39912155782105,97.5808701033258,0.06246553013988904,0.0,0.0,0.0012903763778612661,0.026621803882144926,0.012679725363183713,0.026621803882144926,11.637912717520086,1.0658750957306058,0.8476856800888616,0.9999353200897062,True,0.8074002081597872,0.8082,0.0007997918402128379,0.2607109068986659,0.2591,0.36782326189493525,0.36736719
randomized-instability-frontier-v2,rho_1250_seed_014,1.25,14,0.1,500,1000,10,990,20000,520.1110601950121,128.67849764003836,0.032882784268997586,0.0,0.0,0.0005231780979974701,0.013817370859750553,0.004769540583529491,0.013817370859750553,3.178775276343011,0.5022598265326126,0.8847483970775991,0.999950868148375,True,0.39826163998578307,0.3951,-0.00316163998578306,1.6593046152486493,1.67525,3.330491557882557,3.3757874375
randomized-instability-frontier-v2,rho_1250_seed_015,1.25,15,0.1,500,1000,10,990,20000,505.60422193307494,126.16182256357722,0.043815470465378176,0.0,0.0,0.0004478854110003494,0.027690387238650964,0.008535871318247425,0.027690387238650964,4.4788541100034935,0.6511669163736143,0.6666666666666665,0.9999204506624368,True,0.5951647329902101,0.59165,-0.003514732990210101,0.6988011623823103,0.70715,1.0980197251779147,1.1080888775
randomized-instability-frontier-v2,rho_1250_seed_016,1.25,16,0.1,500,1000,10,990,20000,458.4278849345162,147.8446268751908,0.036542022463555715,0.0,0.0,0.0007780431118463316,0.02244415059157079,0.006364072869911581,0.02244415059157079,4.209702673198849,0.6242514231636922,0.862631619972359,0.9999497271951179,True,0.5527354587111889,0.5537,0.0009645412888110716,0.9533551007249382,0.95805,1.8615878616085926,1.8823901975000001
randomized-instability-frontier-v2,rho_1250_seed_017,1.25,17,0.1,500,1000,10,990,20000,520.014797471012,138.10978488710666,0.03265823969322164,0.0,0.0,0.0005398410782416019,0.062213315700762745,0.01224058172220088,0.062213315700762745,4.414650101732664,0.6448962877757427,0.729316279652709,0.9999132471910545,True,0.5257213836392324,0.52265,-0.003071383639232428,0.9971930107248334,1.00445,1.806017844028756,1.7980301975
randomized-instability-frontier-v2,rho_1250_seed_018,1.25,18,0.1,500,1000,10,990,20000,491.8337283452483,120.06327287989096,0.03340704149053002,0.0,0.0,0.0006996013074027609,0.08377143471557305,0.021053453332827186,0.08377143471557305,6.9960130740276085,0.844850612409375,0.8303397423422212,0.9999681774339562,True,0.7471070138530541,0.75,0.002892986146945886,0.3503960887040485,0.3419,0.4770018769540655,0.45750439000000004
randomized-instability-frontier-v2,rho_1250_seed_019,1.25,19,0.1,500,1000,10,990,20000,449.0190264399208,174.66144667508743,0.021049022571261032,0.0,0.0,0.0028107297006870814,0.014016359309928764,0.007515286264207237,0.014016359309928764,10.590311222874403,1.0249087231283474,0.791985408264549,0.9998217982293943,True,0.842329880955208,0.8437,0.0013701190447920064,0.2103497367351736,0.2092,0.3042142494687056,0.30763535999999997
randomized-instability-frontier-v2,rho_1250_seed_020,1.25,20,0.1,500,1000,10,990,20000,428.6211586691545,146.37331810438943,0.03249883098152488,0.0,0.0,0.00037026362491404316,0.023520252832498343,0.004983520876419505,0.023520252832498343,3.6266007763802364,0.5594997501881529,0.6666666666666663,0.9998908252228155,True,0.3576994570559883,0.35235,-0.005349457055988327,1.8019711671469565,1.80865,3.469108049302907,3.4448351774999995
randomized-instability-frontier-v2,rho_1250_seed_021,1.25,21,0.1,500,1000,10,990,20000,516.2326223004256,101.85402502601883,0.05157951201533135,0.0,0.0,0.0009418216713939463,0.05166907607600454,0.012096763924551307,0.05166907607600454,4.392790262813004,0.6427404680325741,0.7848855611719784,0.9998928092362654,True,0.5879973028138135,0.5882,0.00020269718618648458,0.8400287716189302,0.8438,1.6297474132328702,1.6461015600000002
randomized-instability-frontier-v2,rho_1250_seed_022,1.25,22,0.1,500,1000,10,990,20000,475.09932230784295,131.69969094773757,0.04432247410998102,0.0,0.0,0.0005920060691858937,0.030621170830194045,0.007433825005056074,0.030621170830194045,3.0227473125071875,0.480401843714187,0.7654534763378202,0.999846449454706,True,0.522994513731418,0.52115,-0.0018445137314180293,0.9815970150823287,0.99225,1.7238133900767543,1.7529899375
randomized-instability-frontier-v2,rho_1250_seed_023,1.25,23,0.1,500,1000,10,990,20000,627.3456061682505,97.47003658864587,0.04692086075398613,0.0,0.0,0.000861760716242576,0.010808387373366602,0.0042057633149893674,0.010808387373366602,4.750907733457081,0.6767765961444094,0.7871209314908109,0.9999557321433271,True,0.5564289566942681,0.55535,-0.0010789566942680517,0.9944209919326417,0.98835,2.1352031970953367,2.1141142775
randomized-instability-frontier-v2,rho_1250_seed_024,1.25,24,0.1,500,1000,10,990,20000,488.1572908200211,132.47069001836394,0.039205770570434756,0.0,0.0,0.0003004681140151763,0.01174805989565167,0.0027757824822079017,0.01174805989565167,2.122817687868416,0.326912697626863,0.7553356908889461,0.9998572122549135,True,0.12738752214078067,0.1319,0.0045124778592193215,3.805360199844657,3.7928,5.577464243030441,5.669368159999999
randomized-instability-frontier-v2,rho_1250_seed_025,1.25,25,0.1,500,1000,10,990,20000,454.0166516464783,160.9174668373094,0.02483201365009693,0.0,0.0,0.0004690939867845578,0.011708108943314258,0.004227196177585829,0.011708108943314258,2.738109009948282,0.4374507343299645,0.834514306638971,0.9999282030055926,True,0.38721370348838524,0.3884,0.0011862965116147817,1.6253057047743653,1.62475,3.026344155177778,3.0400374375
randomized-instability-frontier-v2,rho_1250_seed_026,1.25,26,0.1,500,1000,10,990,20000,467.12824459772185,110.11877392849212,0.051324524321994004,0.0,0.0,0.0015425579092890383,0.014254489265518968,0.007367313092196182,0.014254489265518968,10.679746733561693,1.028560953673735,0.7299875134817853,0.999888577004212,True,0.7986143210574056,0.7977,-0.0009143210574056315,0.28618046853109763,0.2898,0.4367201281565233,0.44931596
randomized-instability-frontier-v2,rho_1250_seed_027,1.25,27,0.1,500,1000,10,990,20000,513.3256207152524,108.31462509965104,0.06745770967699491,0.0,0.0,0.0003276424866867146,0.06983479617621371,0.010308631623364671,0.06983479617621371,3.2764248668671456,0.5154002134094688,0.8378942158245477,0.9999595453862814,True,0.3590361680892769,0.3513,-0.007736168089276907,1.642462574700143,1.6746,2.826137801571117,2.84811484
randomized-instability-frontier-v2,rho_1250_seed_028,1.25,28,0.1,500,1000,10,990,20000,480.41286246602306,161.08888644722487,0.02911298959014235,0.0,0.0,0.00048044265364915485,0.01572866978501906,0.005606847399264868,0.01572866978501906,3.5691952622482694,0.5525703078316103,0.7622469834379745,0.9999005758410553,True,0.5032691907978294,0.5022,-0.0010691907978294113,1.0428550932225649,1.04555,1.8227273341202186,1.8159751975
randomized-instability-frontier-v2,rho_1250_seed_029,1.25,29,0.1,500,1000,10,990,20000,488.4087959073661,131.3996270187006,0.027671604672983862,0.0,0.0,0.0002586698509940964,0.01157715041240198,0.004985662994407336,0.01157715041240198,2.5866985099409643,0.41274581290702744,0.7393266807408257,0.9998813533802156,True,0.3804222175803644,0.37905,-0.0013722175803643766,1.2561206227606745,1.2652,1.7440966816102332,1.7718689599999997
randomized-instability-frontier-v2,rho_1250_seed_030,1.25,30,0.1,500,1000,10,990,20000,502.23380724794345,123.05139384561875,0.038889226263039436,0.0,0.0,0.0011859527062963583,0.018221640298421653,0.005894626688802946,0.018221640298421653,5.036442319793225,0.7021238645275317,0.7015099020876536,0.9998904670979628,True,0.6288662541235241,0.62895,8.374587647586029e-05,0.723033991944981,0.71935,1.4221783630979714,1.3985855775000005
randomized-instability-frontier-v2,rho_1250_seed_031,1.25,31,0.1,500,1000,10,990,20000,494.5064900673466,97.92803941247321,0.05930655432881374,0.0,0.0,0.00045410642078236166,0.016319117794207253,0.004927006749593219,0.016319117794207253,2.6716025907806777,0.42677185594901,0.718998902717394,0.9999717610069744,True,0.2897087215297275,0.2895,-0.0002087215297275069,2.357746523274763,2.35815,4.354738436285988,4.3473785775
randomized-instability-frontier-v2,rho_1250_seed_032,1.25,32,0.1,500,1000,10,990,20000,529.8897441124823,94.52645269389804,0.06275132356977632,0.0,0.0,0.00038514582163421513,0.01690107369542018,0.0076610547132461475,0.01690107369542018,3.8514582163421514,0.585625190653545,0.7859204644006685,0.9999585162003057,True,0.5249722553076026,0.5251,0.00012774469239740238,0.8660441853676542,0.8626,1.2874952218424836,1.26462124
randomized-instability-frontier-v2,rho_1250_seed_033,1.25,33,0.1,500,1000,10,990,20000,429.33724162494036,146.12030979337885,0.035326891979185725,0.0,0.0,0.0010075309204477583,0.06837733511389629,0.013272080847487381,0.06837733511389629,3.944104728643237,0.5959484383350937,0.6969810184633327,0.9999474240026093,True,0.6032184594019478,0.60555,0.002331540598052184,0.7827449593439,0.77725,1.4760593977101693,1.4734324375000003
randomized-instability-frontier-v2,rho_1250_seed_034,1.25,34,0.1,500,1000,10,990,20000,501.9784006661656,100.51239909538961,0.05553545600671984,0.0,0.0,0.0005676527047983498,0.02345543432876134,0.007310142454386675,0.02345543432876134,4.245323303599941,0.6279107696383599,0.8125711570053264,0.9999215076277173,True,0.5052628441218191,0.5111,0.0058371558781809,1.1042814896330284,1.0918,2.0939182149873194,2.07707276
randomized-instability-frontier-v2,rho_1250_seed_035,1.25,35,0.1,500,1000,10,990,20000,505.36716147732534,116.61888957845612,0.033734016178190426,0.0,0.0,0.000525981484692789,0.03048832529865883,0.01666317916607555,0.03048832529865883,5.259814846927889,0.7209704566303932,0.666666666666666,0.9999176602719654,True,0.7420916615735867,0.7427,0.0006083384264132796,0.32481677412280857,0.32225,0.37881958501863555,0.37110493749999995
randomized-instability-frontier-v2,rho_1250_seed_036,1.25,36,0.1,500,1000,10,990,20000,539.7049419383575,129.52814612017502,0.029943276564452174,0.0,0.0,0.0002487714147905444,0.04275866647810418,0.007252542367582815,0.04275866647810418,2.487714147905444,0.3958004760511573,0.7640637713111562,0.9998989812531579,True,0.2230733369768573,0.22175,-0.0013233369768572978,2.223582402687717,2.21885,3.121508365393068,3.0740546775000004
randomized-instability-frontier-v2,rho_1250_seed_037,1.25,37,0.1,500,1000,10,990,20000,462.5448734683787,121.15591294008696,0.03593075261818997,0.0,0.0,0.0010080288997105613,0.07967866031500302,0.014342887124824266,0.07967866031500302,3.462014362176965,0.539328865215073,0.6945113501106235,0.9999327873863678,True,0.5867883385281992,0.58885,0.0020616614718007575,0.8398923793880373,0.8326,1.6089747223366417,1.5933772399999997
randomized-instability-frontier-v2,rho_1250_seed_038,1.25,38,0.1,500,1000,10,990,20000,478.180070500733,124.9662036778811,0.048062856299482835,0.0,0.0,0.0004870745477017758,0.07606138930490422,0.016079769607337396,0.07606138930490422,3.5645624351395653,0.5520062260062593,0.7673193705862257,0.9999322368841066,True,0.5012795302937711,0.5007,-0.0005795302937711133,1.0300785609764864,1.03525,1.7116436785995925,1.7439074375
randomized-instability-frontier-v2,rho_1250_seed_039,1.25,39,0.1,500,1000,10,990,20000,513.5879156650503,123.46794134029386,0.03907130028416415,0.0,0.0,0.0003498337976667101,0.048609512757807734,0.011373467486912751,0.048609512757807734,2.428276273248911,0.3852980963742866,0.8064541979133212,0.9998406556011097,True,0.3238108507062422,0.31785,-0.005960850706242193,1.661428149834686,1.67005,2.2440281400939615,2.2413829974999997
randomized-instability-frontier-v2,rho_1500_seed_000,1.5,0,0.1,500,1000,10,990,20000,475.55857288641334,72.07618843997409,0.06605213559634383,0.0,0.0,0.00040420263064560094,0.06244229965083671,0.01320704555455306,0.06244229965083671,4.042026306456009,0.6065991356789154,0.6666666666666664,0.9998872725074707,True,0.5897550722925311,0.5914,0.001644927707468935,0.6748593484586886,0.67505,0.9762359968303956,0.9836574974999998
randomized-instability-frontier-v2,rho_1500_seed_001,1.5,1,0.1,500,1000,10,990,20000,563.7149260900674,58.931779481113594,0.08288053312251521,0.0,0.0,0.000301533975700071,0.026720768493051564,0.010442665954872286,0.026720768493051564,3.01533975700071,0.4793362538815895,0.6666666666666666,0.9999196072116219,True,0.3857105250683488,0.38295,-0.0027605250683487847,1.2824408987626008,1.2995,1.6915575806512,1.73469975
randomized-instability-frontier-v2,rho_1500_seed_002,1.5,2,0.1,500,1000,10,990,20000,488.5145356417886,63.70330095463646,0.08858744507156249,0.0,0.0,0.0007664371375505191,0.033231120507009396,0.012617015836654838,0.033231120507009396,4.11019717508131,0.6138626564249187,0.6666666666666664,0.9999359481278391,True,0.6357066520916865,0.635,-0.0007066520916865215,0.6235695994017809,0.62,0.9866960781970429,0.9689999999999999
randomized-instability-frontier-v2,rho_1500_seed_003,1.5,3,0.1,500,1000,10,990,20000,552.8334188884129,35.02485301966134,0.1438496602539713,0.0,0.0,0.0005565544002016075,0.029280717086728934,0.007552071957363226,0.029280717086728934,3.8104994102300545,0.5809818987447657,0.6768088074863452,0.9999676833491948,True,0.4848203094404538,0.48855,0.003729690559546195,1.1993237702889865,1.1919,2.3246618056115484,2.3184743899999996
randomized-instability-frontier-v2,rho_1500_seed_004,1.5,4,0.1,500,1000,10,990,20000,545.9041883684021,90.87768914699363,0.042361385309779336,0.0,0.0,0.0010849504949169025,0.08906507072966621,0.0175377397355189,0.08906507072966621,7.334982055663009,0.8653990557203963,0.6666666666666669,0.9999424813689578,True,0.7414444436781372,0.7404,-0.0010444436781372746,0.3989431233556164,0.4036,0.6442140197357757,0.6542070400000001
randomized-instability-frontier-v2,rho_1500_seed_005,1.5,5,0.1,500,1000,10,990,20000,485.5560704197208,85.53643904824472,0.05970521175949537,0.0,0.0,0.0006312854835736359,0.3047663117220225,0.03940829704523184,0.3047663117220225,6.312854835736358,0.8002258028290942,0.740727227632482,0.9999343531539161,True,0.6693742024259864,0.664,-0.005374202425986407,0.542640327450294,0.5508,0.8776583735134934,0.88421936
randomized-instability-frontier-v2,rho_1500_seed_006,1.5,6,0.1,500,1000,10,990,20000,397.69961211969974,64.72473887902912,0.09698706669079514,0.0,0.0,0.00041386605432911395,0.06652864751232479,0.01763311477519449,0.06652864751232479,4.138660543291139,0.616859806632393,0.666666666666667,0.9998974020108176,True,0.5364701558695776,0.53365,-0.002820155869577623,0.8418846200877598,0.84215,1.2458148919905445,1.2341333775000003
randomized-instability-frontier-v2,rho_1500_seed_007,1.5,7,0.1,500,1000,10,990,20000,504.79244983504583,33.0109837717811,0.15099058857602055,0.0,0.0,0.0016464451777405149,0.04705790056086325,0.013488303231770393,0.04705790056086325,9.531908857469595,0.9791798810425194,0.6666666666666661,0.9999801335328546,True,0.8103836690653706,0.81215,0.001766330934629412,0.26085369673141257,0.2621,0.38018690126151755,0.38900359
randomized-instability-frontier-v2,rho_1500_seed_008,1.5,8,0.1,500,1000,10,990,20000,511.3288090948761,91.5027165701456,0.044629046359458344,0.0,0.0,0.0010605379341207329,0.5711240463602858,0.07544183269696315,0.5711240463602858,7.910455100088335,0.8982014698151853,0.6666666666666662,0.9999298635906853,True,0.7470543471480008,0.74455,-0.0025043471480007407,0.3741112145201331,0.3758,0.5612067776065541,0.5573743600000001
randomized-instability-frontier-v2,rho_1500_seed_009,1.5,9,0.1,500,1000,10,990,20000,455.3914457878673,68.16632711946873,0.058960943857681435,0.0,0.0,0.0012878870337176954,0.141188856515239,0.04287676241704127,0.141188856515239,8.410782661916821,0.9248364107725002,0.6814243840358268,0.9999610106287787,True,0.782453129454109,0.78535,0.0028968705458909394,0.3045679176787104,0.30075,0.4368675095746096,0.4360994374999999
randomized-instability-frontier-v2,rho_1500_seed_010,1.5,10,0.1,500,1000,10,990,20000,444.16523415351196,85.80544339598734,0.04805671292501399,0.0,0.0,0.0024484762118499744,0.14033868172441066,0.027399582525661093,0.14033868172441066,14.394919451106418,1.158209239062112,0.6666666666666667,0.9999783313345969,True,0.8593086146595104,0.86005,0.0007413853404896198,0.17916978339611886,0.1796,0.24257276203168987,0.24544384
randomized-instability-frontier-v2,rho_1500_seed_011,1.5,11,0.1,500,1000,10,990,20000,586.8123717194243,7.401455799927409,0.36205224870353453,0.0,0.0,0.0007024883773607166,0.20554396281862058,0.02892952476480063,0.20554396281862058,6.23113731343083,0.7945673217584085,0.6763419610491517,0.9999652879947963,True,0.641855155161335,0.6374,-0.004455155161334989,0.6269904951480587,0.63695,1.058779917501399,1.0771446974999999
randomized-instability-frontier-v2,rho_1500_seed_012,1.5,12,0.1,500,1000,10,990,20000,399.90879097191964,65.17909611113096,0.09358936005771865,0.0,0.0,0.0004576781325468398,0.0747490322111008,0.01678679894310574,0.0747490322111008,3.213687613528067,0.5070036588882598,0.6666666666666664,0.9999313919021827,True,0.5092466062902776,0.51065,0.0014033937097224225,0.9550807849315627,0.9452,1.4801378594847767,1.4427969600000001
randomized-instability-frontier-v2,rho_1500_seed_013,1.5,13,0.1,500,1000,10,990,20000,502.74810854568045,120.11152998302923,0.04575376345149766,0.0,0.0,0.00025103781263897024,0.008624087309766725,0.0034373810552945534,0.008624087309766725,2.1156152645410975,0.3254366918703216,0.6666666666666669,0.9999152542194165,True,0.1393771071703288,0.14295,0.003572892829671187,3.206588730188381,3.2088,4.318261148550928,4.33270256
randomized-instability-frontier-v2,rho_1500_seed_014,1.5,14,0.1,500,1000,10,990,20000,439.1074394066626,130.56573727441514,0.03506990730799184,0.0,0.0,0.0008583623249634049,0.026891526209113514,0.009718939151536718,0.026891526209113514,6.793759040124466,0.8321101393252819,0.6666666666666671,0.9999572066392708,True,0.6628620263301576,0.66355,0.0006879736698424121,0.5880902052483992,0.5777,1.0234172808553559,0.9816627099999999
randomized-instability-frontier-v2,rho_1500_seed_015,1.5,15,0.1,500,1000,10,990,20000,482.5609371716985,86.01536830228407,0.04645326407530227,0.0,0.0,0.0003344397629943481,0.04689139363257264,0.011246048389299433,0.04689139363257264,3.3443976299434808,0.5243179069918724,0.6666666666666663,0.9999619257755948,True,0.41877072706368307,0.41625,-0.002520727063683059,1.2544035479663027,1.26015,1.9094968063376212,1.9055719774999997
randomized-instability-frontier-v2,rho_1500_seed_016,1.5,16,0.1,500,1000,10,990,20000,420.72476463879855,68.12390370136725,0.07456891224951459,0.0,0.0,0.0002342191543360236,0.07135571685099888,0.016316032438109813,0.07135571685099888,2.3421915433602356,0.36962240859408857,0.6666666666666664,0.9999356778651206,True,0.4090132882118574,0.40335,-0.005663288211857409,0.9948265172970343,1.00985,1.1285742747237844,1.1486529775000003
randomized-instability-frontier-v2,rho_1500_seed_017,1.5,17,0.1,500,1000,10,990,20000,392.68463871371097,113.73997816316879,0.030955924313443486,0.0,0.0,0.0005060935828105997,0.0179753311920704,0.006565034534816117,0.0179753311920704,5.060935828105997,0.7042308305559426,0.6666666666666671,0.9999266055083774,True,0.5464557230093103,0.5478,0.001344276990689619,0.9148042507785765,0.9157,1.6459081658080257,1.6559935100000003
randomized-instability-frontier-v2,rho_1500_seed_018,1.5,18,0.1,500,1000,10,990,20000,498.25796403702884,97.7880593126411,0.052164825297313006,0.0,0.0,0.007459917934136484,0.12227257598523528,0.03574023183091084,0.12227257598523528,38.70381876648646,1.5877538174063135,0.6666666666666669,0.9999226427281233,True,0.9452276304709555,0.9456,0.0003723695290445139,0.060117842453573385,0.0586,0.06815014860152396,0.06426604
randomized-instability-frontier-v2,rho_1500_seed_019,1.5,19,0.1,500,1000,10,990,20000,587.9789513108258,15.338733753562499,0.24292268089139588,0.0,0.0,0.00015041025189025623,0.08357548885538614,0.013678326018105447,0.08357548885538614,1.5041025189025623,0.1772774385669882,0.6666666666666667,0.9999333174779252,True,0.18407597940036027,0.18315,-0.0009259794003602662,1.5619244353250783,1.56765,1.4820436834070716,1.5029234775
randomized-instability-frontier-v2,rho_1500_seed_020,1.5,20,0.1,500,1000,10,990,20000,610.7873889335765,54.34070339439672,0.0780109492466291,0.0,0.0,0.00089560230108997,0.031046864715009382,0.007952960778690217,0.031046864715009382,5.8084851045985735,0.7640628799806912,0.6666666666666672,0.9999163205580065,True,0.6528174904894443,0.6536,0.0007825095105556956,0.6284193158425186,0.6321,1.1463385723342572,1.1553495900000001
randomized-instability-frontier-v2,rho_1500_seed_021,1.5,21,0.1,500,1000,10,990,20000,632.6363419402097,15.877410406308226,0.22796028298252258,0.0,0.0,0.0003656537728747769,0.11460013819308013,0.017526675538948835,0.11460013819308013,2.0005070408109553,0.30114008422287153,0.7826343301819718,0.9999598747425728,True,0.20184642250272192,0.20905,0.007203577497278096,2.8284178305269747,2.8154,3.96213486265232,4.04982284
randomized-instability-frontier-v2,rho_1500_seed_022,1.5,22,0.1,500,1000,10,990,20000,497.07869145067446,71.12703835057754,0.07981606798247906,0.0,0.0,0.0007781132245266497,0.03802212300110078,0.013915789531327463,0.03802212300110078,7.781132245266497,0.8910427964875812,0.6666666666666664,0.999941159297003,True,0.7606584742747496,0.7561,-0.0045584742747496465,0.3309728930441141,0.34045,0.45763461712900916,0.4738437975
randomized-instability-frontier-v2,rho_1500_seed_023,1.5,23,0.1,500,1000,10,990,20000,536.2415825178853,63.82837449914562,0.07080931327428226,0.0,0.0,0.0006514197163947861,0.0685168703163819,0.011632500516943025,0.0685168703163819,3.486672705623105,0.5424111820151837,0.6666666666666666,0.9999804676314835,True,0.515142705155966,0.51195,-0.0031927051559660358,1.0590182300964932,1.05675,1.9694208947632381,1.9417294374999998
randomized-instability-frontier-v2,rho_1500_seed_024,1.5,24,0.1,500,1000,10,990,20000,450.69287769894856,113.37286632123413,0.0330210721222741,0.0,0.0,0.00033754181230688014,0.051572249552932665,0.01406308305810651,0.051572249552932665,3.375418123068801,0.5283275778467819,0.6666666666666671,0.9998928610209855,True,0.519770853109168,0.52615,0.006379146890831966,0.8412333416037943,0.83845,1.192701545235674,1.2034515975000002
randomized-instability-frontier-v2,rho_1500_seed_025,1.5,25,0.1,500,1000,10,990,20000,463.25779682434256,33.112567258355945,0.14667867323776107,0.0,0.0,0.0013479414836567996,0.11728498416707199,0.02124522966854478,0.11728498416707199,7.555781431990955,0.8782793864846868,0.6666666666666669,0.9999637859506937,True,0.756194333651245,0.7572,0.0010056663487549855,0.37085443973352816,0.36785,0.5964706411080146,0.5937363775000001
randomized-instability-frontier-v2,rho_1500_seed_026,1.5,26,0.1,500,1000,10,990,20000,537.5582290681787,68.51908471384995,0.059497743414746174,0.0,0.0,0.0004848091386516708,0.21474845701933293,0.030815883371039278,0.21474845701933293,4.602343105876238,0.6629789923061776,0.6666666666666671,0.9999623327048776,True,0.5308648755423366,0.53175,0.000885124457663311,0.9391584185993921,0.9367,1.596268474497342,1.5886931099999997
randomized-instability-frontier-v2,rho_1500_seed_027,1.5,27,0.1,500,1000,10,990,20000,613.8793476126375,83.37145134070441,0.052688910128311076,0.0,0.0,0.0005623454623475068,0.016037132719660143,0.006493055730656641,0.016037132719660143,5.623454623475067,0.7500031951020395,0.7655978356326129,0.999969185506455,True,0.6322848162712369,0.6332,0.0009151837287630915,0.6406435739444232,0.64215,1.0823203436511433,1.0823933774999999
randomized-instability-frontier-v2,rho_1500_seed_028,1.5,28,0.1,500,1000,10,990,20000,462.03290050711837,86.69007576307304,0.04496881229614723,0.0,0.0,0.0009575581956946636,0.1595588104683215,0.026823638127662686,0.1595588104683215,9.575581956946635,0.9811651777331202,0.6666666666666666,0.9999637412910686,True,0.8046344288054375,0.80585,0.0012155711945625036,0.2550595371618852,0.25115,0.33768282339780403,0.3276736775
randomized-instability-frontier-v2,rho_1500_seed_029,1.5,29,0.1,500,1000,10,990,20000,540.4180008759233,76.69727009526856,0.057017293443245486,0.0,0.0,0.0006330999622019227,0.019664652427505678,0.007239028450787545,0.019664652427505678,4.272123405667884,0.6306437893450597,0.6666666666666669,0.9999465414954043,True,0.548220701620984,0.5477,-0.0005207016209840543,0.9582342831331858,0.9631,1.8386725218746154,1.85753839
randomized-instability-frontier-v2,rho_1500_seed_030,1.5,30,0.1,500,1000,10,990,20000,612.4938870936331,60.813796256642156,0.08603034625161952,0.0,0.0,0.0013357984082664873,0.028034166697781783,0.0089745696246238,0.028034166697781783,8.303385578154998,0.9192552054021161,0.6956785684599717,0.999938957375394,True,0.7503247206116707,0.74725,-0.0030747206116706893,0.38207606407439704,0.38685,0.615734108208487,0.6195970774999999
randomized-instability-frontier-v2,rho_1500_seed_031,1.5,31,0.1,500,1000,10,990,20000,504.2986617126211,61.472419490099675,0.06828989862605848,0.0,0.0,0.0002719583299204044,0.09174058105358757,0.018519576571436762,0.09174058105358757,2.719583299204044,0.43450236553421145,0.6666666666666664,0.9999801940430074,True,0.4333982344666583,0.43655,0.003151765533341677,1.0260610715220742,1.02515,1.3049643861290874,1.3231174774999999
randomized-instability-frontier-v2,rho_1500_seed_032,1.5,32,0.1,500,1000,10,990,20000,529.2509035556969,71.74213639201174,0.061856733349769114,0.0,0.0,0.0008534861050830728,0.05995621173280598,0.01614300110453597,0.05995621173280598,4.924453742360892,0.692358062278114,0.6666666666666661,0.9999921982817198,True,0.6277902605862469,0.6307,0.002909739413753165,0.674965175541851,0.6739,1.1631652272815742,1.1726587899999998
randomized-instability-frontier-v2,rho_1500_seed_033,1.5,33,0.1,500,1000,10,990,20000,487.38334765737255,78.97884216082204,0.05242126258003458,0.0,0.0,0.0007021923487835165,0.035369704298665,0.013917811454867392,0.035369704298665,6.972760055662462,0.8434047206624408,0.6666666666666661,0.9999614362415725,True,0.6863614581584858,0.68895,0.002588541841514136,0.49465871567107733,0.49115,0.7580799827566331,0.7546216774999999
randomized-instability-frontier-v2,rho_1500_seed_034,1.5,34,0.1,500,1000,10,990,20000,539.251699092838,40.10886048853585,0.11496730449473251,0.0,0.0,0.0005374534534401609,0.017775068843479933,0.0055504757820959965,0.017775068843479933,5.374534534401609,0.7303408578166135,0.6824314577154492,0.9999370310594867,True,0.5803539254553958,0.57655,-0.0038039254553957624,0.818134314699779,0.82865,1.5052287808653324,1.5082891774999998
randomized-instability-frontier-v2,rho_1500_seed_035,1.5,35,0.1,500,1000,10,990,20000,499.9377265644603,40.14789031115219,0.11905398693816832,0.0,0.0,0.0005771043590764586,0.034852161685010284,0.012277759331132884,0.034852161685010284,4.239439466076844,0.627308438460066,0.6666666666666667,0.9999430223272283,True,0.633691662117953,0.63295,-0.0007416621179530125,0.591762643208926,0.58705,0.8615235992699924,0.8429222975
randomized-instability-frontier-v2,rho_1500_seed_036,1.5,36,0.1,500,1000,10,990,20000,465.5284092242083,59.26231313829505,0.08071253146072785,0.0,0.0,0.0011563508086260231,0.07386107066766986,0.017086135382735113,0.07386107066766986,11.563508086260232,1.0630896084252257,0.6666666666666665,0.9998915224169249,True,0.8245771057056723,0.8284,0.0038228942943276945,0.22627072752309857,0.2217,0.3006504887088115,0.2952491099999999
randomized-instability-frontier-v2,rho_1500_seed_037,1.5,37,0.1,500,1000,10,990,20000,393.6964165246459,102.06235186414865,0.04210715285465042,0.0,0.0,0.0008990370700408538,0.1978987106229838,0.03782767127093626,0.1978987106229838,5.41784578379667,0.7338266389032541,0.6666666666666665,0.9999050969602172,True,0.6986568002382741,0.69205,-0.006606800238274091,0.4795044373045593,0.4921,0.7518158454937182,0.7744375900000001
randomized-instability-frontier-v2,rho_1500_seed_038,1.5,38,0.1,500,1000,10,990,20000,487.8592860973194,100.25725535774399,0.04508988836623943,0.0,0.0,0.0011861780025688431,0.03466329871737634,0.008197040345447932,0.03466329871737634,7.73270709116125,0.8883315597575625,0.6666666666666664,0.9999696779707802,True,0.7148700676941071,0.71505,0.00017993230589286036,0.4711933423623364,0.47405,0.8215486702731492,0.8237265975000002
randomized-instability-frontier-v2,rho_1500_seed_039,1.5,39,0.1,500,1000,10,990,20000,510.53046973665005,67.45153759834993,0.08020991110834144,0.0,0.0,0.0019228153175792865,0.05316362206908185,0.017001619410527292,0.05316362206908185,11.975215505932685,1.0782833377187702,0.6666666666666669,0.9999182879926485,True,0.8366611504354866,0.83415,-0.0025111504354866643,0.214641024025989,0.21725,0.2984241070974765,0.30025243749999997
randomized-instability-frontier-v2,rho_1750_seed_000,1.75,0,0.1,500,1000,10,990,20000,415.28782372664466,35.98569137897481,0.1407432186635411,0.0,0.0,0.000465281959973707,0.08551856457812376,0.034041189685665864,0.08551856457812376,4.65281959973707,0.667716214287502,0.6666666666666671,0.9999572112746588,True,0.7217673504481709,0.71985,-0.0019173504481708736,0.34560859999755533,0.34655,0.38293455014184274,0.3752530975
randomized-instability-frontier-v2,rho_1750_seed_001,1.75,1,0.1,500,1000,10,990,20000,486.1545966964732,62.67822831193661,0.06726132617355181,0.0,0.0,0.001597052914459249,0.037513927238884595,0.0166881859470704,0.037513927238884595,5.875462776132528,0.7690420791489563,0.6666666666666673,0.9999702698638787,True,0.7596314351290384,0.7563,-0.0033314351290384403,0.3596465684163858,0.3655,0.5611394347033583,0.5674097499999999
randomized-instability-frontier-v2,rho_1750_seed_002,1.75,2,0.1,500,1000,10,990,20000,504.4682030472417,65.61621933934983,0.05123927660711155,0.0,0.0,0.0004934019074758953,0.08396638254126836,0.019675637983762075,0.08396638254126836,4.119145291774083,0.6148071107966472,0.6666666666666663,0.999909934181506,True,0.5595266220196254,0.5616,0.0020733779803745467,0.8045015184518804,0.79845,1.2422228338156114,1.2368275975
randomized-instability-frontier-v2,rho_1750_seed_003,1.75,3,0.1,500,1000,10,990,20000,453.3839437416233,20.676581717199003,0.2032770755322397,0.0,0.0,0.001491228991738424,0.03835912809796649,0.008784787329237556,0.03835912809796649,8.721576446641528,0.9405949918360446,0.6666666666666673,0.9999468325118557,True,0.7554659369009766,0.75455,-0.0009159369009765772,0.3768159855207608,0.37845,0.6211415251728091,0.6191255974999998
randomized-instability-frontier-v2,rho_1750_seed_004,1.75,4,0.1,500,1000,10,990,20000,431.1364752659306,58.65650232123507,0.06704326266014987,0.0,0.0,0.002167856209276121,0.3157155776129911,0.049492329538281137,0.3157155776129911,13.800470836118208,1.1398939036504967,0.6666666666666665,0.9998908345592432,True,0.8595810947769486,0.8603,0.0007189052230514026,0.17558829464105719,0.17635,0.22919317125027422,0.23295067749999998
randomized-instability-frontier-v2,rho_1750_seed_005,1.75,5,0.1,500,1000,10,990,20000,505.54806697968274,53.06871983976342,0.0828505077222622,0.0,0.0,0.0033871531661564713,0.07488014327953973,0.017567442936810812,0.07488014327953973,15.858586079614758,1.2002644638646593,0.6666666666666669,0.9999589875527944,True,0.8782663750789301,0.8751,-0.0031663750789301393,0.15052943946587496,0.1567,0.19772922583611793,0.20774510999999998
randomized-instability-frontier-v2,rho_1750_seed_006,1.75,6,0.1,500,1000,10,990,20000,484.98486666856036,40.94717123119654,0.08139921376072698,0.0,0.0,7.910907193013073e-05,0.20384100728661447,0.041873526619469824,0.20384100728661447,0.7910907193013073,-0.10177371039256959,0.6666666666666667,0.999945224585339,True,0.0,0.0,0.0,1.3856402207886227,1.3959,0.4246827884723073,0.43126318999999996
randomized-instability-frontier-v2,rho_1750_seed_007,1.75,7,0.1,500,1000,10,990,20000,449.4364624606144,49.30285237701367,0.10290319197377396,0.0,0.0,0.0002259543889558935,0.43344833150048556,0.054772488926029136,0.43344833150048556,2.222165190664307,0.34677634026072596,0.666666666666667,0.9999594831974227,True,0.21644319695132871,0.219,0.0025568030486712856,1.8935429878563426,1.8791,1.9053725197681155,1.8946831899999999
randomized-instability-frontier-v2,rho_1750_seed_008,1.75,8,0.1,500,1000,10,990,20000,512.6249409138404,47.34644027365224,0.09039130596553248,0.0,0.0,0.00042211102863322315,0.3645227215785865,0.050640594626472114,0.3645227215785865,4.221110286332231,0.6254266992569443,0.6666666666666661,0.9999593571872032,True,0.6319325579096591,0.6344,0.002467442090340888,0.5576836534629515,0.5529,0.7599972638893282,0.7514015899999998
randomized-instability-frontier-v2,rho_1750_seed_009,1.75,9,0.1,500,1000,10,990,20000,478.9249173491562,61.56114416568048,0.05475613267928118,0.0,0.0,0.0010900256919202413,0.33160903675244974,0.04505300244088921,0.33160903675244974,4.51589137970005,0.654743487335257,0.6666666666666665,0.9999476443747795,True,0.6582714672191995,0.65805,-0.0002214672191994671,0.6017704661277219,0.59905,1.0425042490946876,1.0260890974999999
randomized-instability-frontier-v2,rho_1750_seed_010,1.75,10,0.1,500,1000,10,990,20000,504.75121064059044,72.00286013842853,0.046190876407397274,0.0,0.0,0.000996608111247512,0.05895944523348514,0.020257352949402906,0.05895944523348514,9.96608111247512,0.9985244175086289,0.6666666666666671,0.9999906971217898,True,0.7753600641565707,0.77885,0.0034899358434293815,0.31500880976876855,0.31075,0.45239502857860076,0.44848443750000005
randomized-instability-frontier-v2,rho_1750_seed_011,1.75,11,0.1,500,1000,10,990,20000,473.26920754464857,52.35993421687692,0.10343054451375891,0.0,0.0,0.0009814782424566165,0.04975734785489819,0.017746587244310056,0.04975734785489819,9.814782424566165,0.9918806765434974,0.6666666666666667,0.9999578890470934,True,0.764276831148099,0.77075,0.006473168851901079,0.3362546261707334,0.3311,0.4887164300685243,0.48927279
randomized-instability-frontier-v2,rho_1750_seed_012,1.75,12,0.1,500,1000,10,990,20000,513.7098197991452,65.9714630598822,0.054745794354611535,0.0,0.0,0.0005186291889309874,0.08693365373306673,0.026579133275046934,0.08693365373306673,5.186291889309874,0.7148569556167662,0.6666666666666669,0.9999811557093657,True,0.751778940954213,0.747,-0.004778940954213051,0.3009420420271898,0.30535,0.33198887987798503,0.33261137749999997
randomized-instability-frontier-v2,rho_1750_seed_013,1.75,13,0.1,500,1000,10,990,20000,675.8534702567338,29.26666603544252,0.1169924084927922,0.0,0.0,0.004197190962817288,0.07492909056304119,0.024838519916397555,0.07492909056304119,21.03441021006174,1.3229303392145952,0.6666666666666667,0.9999880440172827,True,0.8988804486051566,0.89855,-0.0003304486051566302,0.12016339519133244,0.11945,0.15018980210121494,0.14568169749999998
randomized-instability-frontier-v2,rho_1750_seed_014,1.75,14,0.1,500,1000,10,990,20000,376.1981214697493,65.88574514072852,0.07492150761359817,0.0,0.0,0.006622852884941232,0.5417842321248559,0.10734209022336268,0.5417842321248559,13.716555486842307,1.1372450646599819,0.6666666666666661,0.9999622575407671,True,0.910513142949016,0.9134,0.0028868570509840152,0.10459993382526021,0.1002,0.12851105531481083,0.12135995999999998
randomized-instability-frontier-v2,rho_1750_seed_015,1.75,15,0.1,500,1000,10,990,20000,419.225593935246,61.744100038424946,0.04539563729971121,0.0,0.0,0.0007045949464762163,0.0833918488880736,0.02950591583314558,0.0833918488880736,7.045949464762163,0.8479395239923087,0.6666666666666666,0.9999454172908702,True,0.7458267974063808,0.7478,0.0019732025936192166,0.34684948818122435,0.3448,0.4541915839269262,0.45391296000000003
randomized-instability-frontier-v2,rho_1750_seed_016,1.75,16,0.1,500,1000,10,990,20000,493.18063326125196,25.51708490317177,0.16849787053549325,0.0,0.0,0.0011865492972120983,0.039763392025667935,0.011700594635293427,0.039763392025667935,5.542199200619133,0.7436821313659058,0.666666666666667,0.9999773442458322,True,0.6964721902500783,0.698,0.0015278097499216159,0.504858259868815,0.50355,0.8552957679475033,0.8613873974999998
randomized-instability-frontier-v2,rho_1750_seed_017,1.75,17,0.1,500,1000,10,990,20000,465.0325267458411,21.46163959862725,0.19482495564985503,0.0,0.0,0.0010086029886350342,0.03688449071231723,0.022922882729614572,0.03688449071231723,7.202732050296292,0.8574972588357969,0.6666666666666662,0.9999241962202292,True,0.8013198403370605,0.80635,0.005030159662939515,0.25338393501118694,0.24725,0.31583550824651585,0.3100174375
randomized-instability-frontier-v2,rho_1750_seed_018,1.75,18,0.1,500,1000,10,990,20000,663.3324455259847,30.744104741308362,0.12228036774015863,0.0,0.0,0.00011587103407274705,0.10679149768675694,0.023184493482510782,0.10679149768675694,1.1587103407274706,0.06397488277458352,0.6666666666666672,0.9999865019766655,True,0.05703023728808771,0.0558,-0.0012302372880877085,1.7997827828491952,1.8018,0.9775010293586263,0.9743167599999997
randomized-instability-frontier-v2,rho_1750_seed_019,1.75,19,0.1,500,1000,10,990,20000,535.5885629888019,37.41161156573307,0.08335991645869864,0.0,0.0,0.00014026337727743104,0.12854069503132545,0.02375400366540472,0.12854069503132545,1.4026337727743103,0.14694429168021653,0.666666666666667,0.9999642254965547,True,0.11230657771322428,0.1066,-0.005706577713224276,2.0628942234550207,2.07935,1.9420779491079778,1.9540535775000003
randomized-instability-frontier-v2,rho_1750_seed_020,1.75,20,0.1,500,1000,10,990,20000,376.8427323571096,84.08228875054316,0.06083683639249122,0.0,0.0,0.0010196809049185767,0.0289521241066962,0.013429669701390512,0.0289521241066962,10.196809049185767,1.0084642865517741,0.6666666666666665,0.9999607146731392,True,0.7947766851183793,0.7929,-0.00187668511837924,0.2779975286910965,0.28125,0.38744328562188635,0.3941484375
randomized-instability-frontier-v2,rho_1750_seed_021,1.75,21,0.1,500,1000,10,990,20000,530.5332111476787,18.51158477734008,0.20875895358396063,0.0,0.0,0.0002850345769852023,0.18334904150637,0.03612499680545822,0.18334904150637,2.6589366260457385,0.42470798633998186,0.666666666666666,0.9999434159285849,True,0.34092161993092496,0.3462,0.00527838006907505,1.4328155828529388,1.4214,1.7430047155980355,1.7386220399999999
randomized-instability-frontier-v2,rho_1750_seed_022,1.75,22,0.1,500,1000,10,990,20000,686.192061439216,11.638621418371214,0.27905825710288507,0.0,0.0,0.0016074368721891753,0.19853472550785048,0.04282929249032029,0.19853472550785048,6.897907412680037,0.8387173607428805,0.6666666666666661,0.9999630527748088,True,0.7781504156246557,0.77515,-0.0030004156246556946,0.3176563270524057,0.3246,0.47129638870179574,0.48543483999999987
randomized-instability-frontier-v2,rho_1750_seed_023,1.75,23,0.1,500,1000,10,990,20000,438.5765991559581,65.2015543323181,0.06909280648211084,0.0,0.0,0.002991806457894778,0.8200128103517956,0.12132455800037172,0.8200128103517956,15.436108398230962,1.1885378196912908,0.666666666666667,0.9999611851725909,True,0.8915349248702384,0.88835,-0.0031849248702384703,0.1287104376614672,0.13365,0.15862049142375884,0.1662876775
randomized-instability-frontier-v2,rho_1750_seed_024,1.75,24,0.1,500,1000,10,990,20000,444.06762297904584,62.558728941667,0.07682635241895418,0.0,0.0,0.0001696502682972424,0.22639358340407545,0.033481388134747866,0.22639358340407545,1.696502682972424,0.22955455080648132,0.6666666666666664,0.9999687058691316,True,0.12581231546413013,0.12745,0.0016376845358698766,2.218111584481767,2.21855,1.8598534489626584,1.8393858975
randomized-instability-frontier-v2,rho_1750_seed_025,1.75,25,0.1,500,1000,10,990,20000,567.7457550320897,62.8100687501494,0.0563297736946658,0.0,0.0,0.0002174889029441148,0.013445057414216017,0.004608681079405206,0.013445057414216017,2.174889029441148,0.33743710260980364,0.6666666666666669,0.9999617548965042,True,0.15054533153496955,0.15515,0.004604668465030465,2.68166382455731,2.6493,3.3449594264470224,3.31770951
randomized-instability-frontier-v2,rho_1750_seed_026,1.75,26,0.1,500,1000,10,990,20000,447.246673155415,67.67304374533926,0.04873678002129444,0.0,0.0,0.0008617415285537073,0.14245793844886814,0.04567804562471685,0.14245793844886814,8.617415285537072,0.9353770227205858,0.666666666666667,0.9999636261986414,True,0.8458563523622117,0.8499,0.004043647637788306,0.17568433159077687,0.1707,0.192443682993933,0.18606150999999999
randomized-instability-frontier-v2,rho_1750_seed_027,1.75,27,0.1,500,1000,10,990,20000,625.0542186976045,24.08367329570518,0.14861714779311272,0.0,0.0,0.0041859715511403444,0.039643428236027935,0.020189877327037517,0.039643428236027935,32.80103189922227,1.5158875065497526,0.6666666666666675,0.9999941484450277,True,0.9239481317309035,0.92565,0.0017018682690964626,0.08653695985097343,0.08505,0.10267260572556361,0.10151649750000001
randomized-instability-frontier-v2,rho_1750_seed_028,1.75,28,0.1,500,1000,10,990,20000,580.5075752939908,40.381685673777824,0.07513026060843708,0.0,0.0,0.000626165801722537,0.08493585878772962,0.025489641314787943,0.08493585878772962,6.26165801722537,0.7966893447744089,0.6666666666666666,0.999954570747497,True,0.7732556067688962,0.77415,0.0008943932311038516,0.28324932264557606,0.2814,0.33687160926973186,0.33241404
randomized-instability-frontier-v2,rho_1750_seed_029,1.75,29,0.1,500,1000,10,990,20000,414.50622542972445,73.65775680830878,0.04832385039707765,0.0,0.0,0.00045554169012448524,0.31160627891005444,0.041941387905879896,0.31160627891005444,4.555416901244852,0.6585281287568511,0.6666666666666671,0.9999621616273681,True,0.658718571491998,0.65605,-0.002668571491997951,0.5037781358658142,0.5008,0.6861690064577615,0.66909936
randomized-instability-frontier-v2,rho_1750_seed_030,1.75,30,0.1,500,1000,10,990,20000,504.12343197465793,51.60147199506426,0.09765316532236097,0.0,0.0,0.00044848449619290856,0.21576601272718118,0.03793771741490608,0.21576601272718118,4.4848449619290855,0.6517474343717533,0.6666666666666677,0.9999785579884813,True,0.6648659758902301,0.6624,-0.002465975890230121,0.47568499229183414,0.47705,0.6057013025146052,0.6042732975
randomized-instability-frontier-v2,rho_1750_seed_031,1.75,31,0.1,500,1000,10,990,20000,522.0198032387771,54.698531602622886,0.07911547394781507,0.0,0.0,0.0003132928159244536,0.036609010051197724,0.008972475026022476,0.036609010051197724,2.4038669437775106,0.3809104254012415,0.6666666666666666,0.9999413319733281,True,0.2626975568163665,0.2622,-0.0004975568163664845,2.025147264329835,2.033,2.6754022477804877,2.717311
randomized-instability-frontier-v2,rho_1750_seed_032,1.75,32,0.1,500,1000,10,990,20000,460.37111275033476,90.16378434939044,0.03809779697772111,0.0,0.0,0.000960563930559929,0.49947725260014436,0.06964864846243704,0.49947725260014436,9.60563930559929,0.9825262747317457,0.6666666666666673,0.9999508919442297,True,0.8204838075514828,0.8221,0.0016161924485172952,0.22584515268115932,0.22465,0.2860733535856876,0.2848823775
randomized-instability-frontier-v2,rho_1750_seed_033,1.75,33,0.1,500,1000,10,990,20000,477.0775958480263,46.90651602741984,0.08718284979562073,0.0,0.0,0.0010826742265395374,0.17030621734771467,0.02649375844936837,0.17030621734771467,5.186799953264951,0.7148994982599182,0.6666666666666665,0.9999618626136392,True,0.6647006273848439,0.66275,-0.0019506273848439726,0.5852463711360509,0.5869,1.0125410548704694,1.01884839
randomized-instability-frontier-v2,rho_1750_seed_034,1.75,34,0.1,500,1000,10,990,20000,547.921691454822,16.655714361406485,0.22307495396549853,0.0,0.0,0.0017094178598827082,0.1298952809112155,0.030874926164246502,0.1298952809112155,13.23498619496664,1.1217234926375228,0.6666666666666666,0.999992061475868,True,0.8468838080827029,0.8484,0.0015161919172971272,0.19563155167233828,0.197,0.2619756189790566,0.26969099999999996
randomized-instability-frontier-v2,rho_1750_seed_035,1.75,35,0.1,500,1000,10,990,20000,506.47999929817286,75.14905620961318,0.043925269388278544,0.0,0.0,0.0002135417916750298,0.17190713779015754,0.03209266060933104,0.17190713779015754,1.9959719725071015,0.30015443861920393,0.666666666666666,0.9999275173141785,True,0.2096662355582308,0.2122,0.0025337644417691985,1.7065552211157897,1.70835,1.4243970104788406,1.4486902774999997
randomized-instability-frontier-v2,rho_1750_seed_036,1.75,36,0.1,500,1000,10,990,20000,478.46811032406606,59.84010337227862,0.07910868371196948,0.0,0.0,0.0004887163955436272,0.3834850748174283,0.04655092015602877,0.3834850748174283,4.887163955436272,0.6890569090602651,0.6666666666666672,0.9999883385171113,True,0.6926783933153742,0.7017,0.009021606684625816,0.42976273402698695,0.418,0.5624079648671383,0.5498759999999999
randomized-instability-frontier-v2,rho_1750_seed_037,1.75,37,0.1,500,1000,10,990,20000,484.05800942346156,37.97808949102921,0.11771624036634748,0.0,0.0,0.003868579504646921,0.5295997539242668,0.07584386043943211,0.5295997539242668,26.337618810898118,1.4205765077543078,0.6666666666666665,0.9999483368072171,True,0.9224274658567866,0.9215,-0.0009274658567866023,0.08818497387479458,0.0888,0.10420494774887987,0.10371456000000001
randomized-instability-frontier-v2,rho_1750_seed_038,1.75,38,0.1,500,1000,10,990,20000,441.50991748246145,55.20225450693792,0.08629560966491949,0.0,0.0,0.0003011035628083007,0.2401789888550092,0.04374974744516637,0.2401789888550092,3.011035628083007,0.478715894333187,0.666666666666666,0.9999074636884399,True,0.5235502394856418,0.5233,-0.0002502394856418455,0.7312740550037041,0.7286,0.8368138006535062,0.8285420400000001
randomized-instability-frontier-v2,rho_1750_seed_039,1.75,39,0.1,500,1000,10,990,20000,539.9515243639754,25.78048284748552,0.12929990688303294,0.0,0.0,0.0004017125159290617,0.5215255384649135,0.08288820259147447,0.5215255384649135,4.017125159290617,0.6039153630093652,0.6666666666666661,0.999978328871985,True,0.6642153528902097,0.66335,-0.0008653528902097252,0.4427106941393365,0.4428,0.49751331985516617,0.49282816
randomized-instability-frontier-v2,rho_2000_seed_000,2.0,0,0.1,500,1000,10,990,20000,531.592185844909,37.51783052916773,0.09325277431903249,0.0,0.0,0.001304638244391477,0.10103634198248143,0.028392085089452075,0.10103634198248143,12.130603818995706,1.0838824190637055,0.6666666666666665,0.9999964393282003,True,0.8243719591872565,0.82265,-0.0017219591872564832,0.22831312059835188,0.22965,0.30589555952048936,0.3043108775000001
randomized-instability-frontier-v2,rho_2000_seed_001,2.0,1,0.1,500,1000,10,990,20000,604.3180733456425,7.153401526444774,0.36330947851344053,0.0,0.0,7.147204139084493e-05,0.2159541943070645,0.05249803801340632,0.2159541943070645,0.7147204139084493,-0.14586381336380885,0.6666666666666666,0.9999683106651108,True,0.0,0.0,0.0,1.396351079363038,1.3906,0.4650231052309027,0.45823164
randomized-instability-frontier-v2,rho_2000_seed_002,2.0,2,0.1,500,1000,10,990,20000,680.0303455769389,16.124629106763887,0.13219261051563963,0.0,0.0,0.0005011372345970525,0.8095872565549809,0.14128866920169592,0.8095872565549809,3.0079681622587735,0.4782732351681066,0.6666666666666667,0.9999868459988711,True,0.4867277814633301,0.484,-0.0027277814633301367,1.0145718312175454,1.0294,1.4590508314120478,1.4788356399999998
randomized-instability-frontier-v2,rho_2000_seed_003,2.0,3,0.1,500,1000,10,990,20000,351.1912729538201,50.74064226734402,0.0816199180326715,0.0,0.0,0.002979598231993226,0.7850793165727277,0.13597883095928975,0.7850793165727277,14.790043326191261,1.16996944622801,0.6666666666666662,0.9999881304346897,True,0.9055528595604744,0.90535,-0.0002028595604743888,0.10861627470480303,0.10775,0.12825187904294238,0.1257399375
randomized-instability-frontier-v2,rho_2000_seed_004,2.0,4,0.1,500,1000,10,990,20000,394.7000012456352,50.32091119915386,0.08365987286616644,0.0,0.0,0.004282748993407187,0.5767835630572052,0.14331585115369866,0.5767835630572052,42.82748993407186,1.6317226216829082,0.6666666666666671,0.9999658989553998,True,0.9501621106428444,0.95135,0.001187889357155636,0.0535333303605264,0.05195,0.05849659448451304,0.05605119749999999
randomized-instability-frontier-v2,rho_2000_seed_005,2.0,5,0.1,500,1000,10,990,20000,1355.0148213710831,2.7582343090476567,0.5983316483593109,0.0,0.0,0.0004952270926652929,0.1737896638041045,0.02906535658091075,0.1737896638041045,4.952270926652928,0.6948043958528954,0.6666666666666664,0.9999965901535879,True,0.609271947961214,0.6092,-7.194796121401392e-05,0.6560812934561061,0.65345,0.9827972553212728,0.9788530974999999
randomized-instability-frontier-v2,rho_2000_seed_006,2.0,6,0.1,500,1000,10,990,20000,472.6252555052513,13.287999054576542,0.24804554143940577,0.0,0.0,0.0008945580162811384,0.19444214480944477,0.042965979276419694,0.19444214480944477,5.1903987522789645,0.715200723794915,0.6666666666666667,0.9999757126247518,True,0.708307942240814,0.7093,0.0009920577591860935,0.44256927674564933,0.44005,0.6488974656034675,0.6423059975000001
randomized-instability-frontier-v2,rho_2000_seed_007,2.0,7,0.1,500,1000,10,990,20000,384.8745225854208,36.23116567860225,0.095934876007491,0.0,0.0,0.0007867697561138598,0.20953602463126023,0.03826702873389013,0.20953602463126023,7.8676975611385975,0.8958476570361749,0.6666666666666669,0.9999811964530366,True,0.7828715767044846,0.78155,-0.0013215767044846283,0.28412223425994254,0.2852,0.366982007965806,0.3683609599999999
randomized-instability-frontier-v2,rho_2000_seed_008,2.0,8,0.1,500,1000,10,990,20000,1091.3408027274197,4.83817279209381,0.44372842313957633,0.0,0.0,0.0004051040362789518,0.2645426879881785,0.04120315391590313,0.2645426879881785,3.5274904875583375,0.5474658512835099,0.6666666666666669,0.9999884656420388,True,0.4457435455656469,0.446,0.0002564544343531261,1.2069938733918968,1.20635,1.9009038199697004,1.9008696775000005
randomized-instability-frontier-v2,rho_2000_seed_009,2.0,9,0.1,500,1000,10,990,20000,435.6644779856691,52.148115354950725,0.0860106883634458,0.0,0.0,0.0004434375220216451,0.15582799650051624,0.039504953141831535,0.15582799650051624,3.3871002296729573,0.5298280482979616,0.6666666666666669,0.99998769395355,True,0.49298817403367323,0.49365,0.0006618259663267456,0.9924216060857924,0.99005,1.4627139781405192,1.4654509975
randomized-instability-frontier-v2,rho_2000_seed_010,2.0,10,0.1,500,1000,10,990,20000,510.48026629050537,24.912247958487015,0.12803350490037035,0.0,0.0,0.0004012096419845204,0.13145315061086454,0.02462586830516426,0.13145315061086454,4.012096419845204,0.6033713615626234,0.6666666666666666,0.9999727585044511,True,0.5630441201853995,0.5583,-0.004744120185399492,0.7619061625739528,0.7662,1.1431747443820854,1.1455375600000002
randomized-instability-frontier-v2,rho_2000_seed_011,2.0,11,0.1,500,1000,10,990,20000,509.69557161570617,31.70358017433768,0.1364691467585809,0.0,0.0,0.0005466455830029225,0.803437409856075,0.1390210173557489,0.803437409856075,3.0040837168863908,0.47771203128658923,0.6666666666666663,0.9999682971899921,True,0.5049106343460291,0.50085,-0.004060634346029102,1.024295275251764,1.0368,1.6564843278685275,1.6729457600000002
randomized-instability-frontier-v2,rho_2000_seed_012,2.0,12,0.1,500,1000,10,990,20000,363.8838740250894,35.292174913346365,0.09503306047241449,0.0,0.0,0.0006553517220756461,0.8133606556359522,0.0856078203714333,0.8133606556359522,2.5988074450645886,0.4147741022621154,0.6666666666666666,0.999973557937796,True,0.4617457706422031,0.4603,-0.0014457706422031369,1.2857697808189659,1.2871,2.4171049692643787,2.4183735900000007
randomized-instability-frontier-v2,rho_2000_seed_013,2.0,13,0.1,500,1000,10,990,20000,413.4028859798023,67.34164702812285,0.05090492925086226,0.0,0.0,0.00022899285743742682,0.3359032222111528,0.04437853167704138,0.3359032222111528,2.2899285743742683,0.35982193638404153,0.6666666666666665,0.9999477608174855,True,0.3567146606372801,0.3599,0.003185339362719919,1.1972123336654994,1.1882,1.3801518738187013,1.36798076
randomized-instability-frontier-v2,rho_2000_seed_014,2.0,14,0.1,500,1000,10,990,20000,645.9994389841862,16.99144326466686,0.1755691965484124,0.0,0.0,0.000308551576194996,0.1356583832582066,0.040764358560755824,0.1356583832582066,3.08551576194996,0.4893277692921027,0.6666666666666666,0.9999749644491233,True,0.46012492741748723,0.4585,-0.0016249274174872097,0.969234901099145,0.9748,1.2049860978154723,1.2145649599999997
randomized-instability-frontier-v2,rho_2000_seed_015,2.0,15,0.1,500,1000,10,990,20000,671.0219005315226,16.969586332480326,0.1475505447450843,0.0,0.0,0.0008073466265139208,0.06530135172536171,0.01703217638910751,0.06530135172536171,4.074168857293784,0.6100390247307159,0.6666666666666667,0.9999609467354813,True,0.5418976253772569,0.5444,0.0025023746227430532,0.9991949501931425,0.9901,1.9483352670941114,1.93500199
randomized-instability-frontier-v2,rho_2000_seed_016,2.0,16,0.1,500,1000,10,990,20000,450.0851476172002,34.91676069432449,0.111026780029449,0.0,0.0,0.005132805149817862,0.5493933248848016,0.09440933333720028,0.5493933248848016,30.28682432827418,1.481253738535566,0.6666666666666669,0.999943536262592,True,0.9421688621739989,0.9402,-0.001968862173998831,0.06343028402384923,0.06525,0.07153165228996679,0.07249243749999999
randomized-instability-frontier-v2,rho_2000_seed_017,2.0,17,0.1,500,1000,10,990,20000,352.48858580820024,63.39399708734637,0.05226473168573365,0.0,0.0,0.0011745463865480315,0.2593383977310933,0.051452565991749785,0.2593383977310933,9.131523852858368,0.9605432578918518,0.6666666666666672,0.999952692516035,True,0.8125575099789876,0.81115,-0.0014075099789875312,0.24283833725125412,0.2409,0.31704821430465785,0.3066671900000001
randomized-instability-frontier-v2,rho_2000_seed_018,2.0,18,0.1,500,1000,10,990,20000,444.5900867056219,31.60241459417511,0.12750865837027855,0.0,0.0,0.00010316711744220098,0.41645083895104734,0.10793884792781568,0.41645083895104734,1.0316711744220097,0.01354129623485332,0.666666666666666,0.9999682045732048,True,0.02312294975096531,0.02275,-0.00037294975096531166,1.2832938888695187,1.28735,0.3861260555344262,0.3837799775
randomized-instability-frontier-v2,rho_2000_seed_019,2.0,19,0.1,500,1000,10,990,20000,583.7687997932452,33.95050119835323,0.11455343185061062,0.0,0.0,0.0004519627818664723,0.26908190694440703,0.06215535087446775,0.26908190694440703,4.5196278186647225,0.6551026730956319,0.6666666666666675,0.9999846129941325,True,0.6099386387885486,0.60585,-0.004088638788548593,0.6311806549383788,0.64065,0.9001243942601013,0.9129175775000001
randomized-instability-frontier-v2,rho_2000_seed_020,2.0,20,0.1,500,1000,10,990,20000,533.2173662131693,11.986428732516568,0.23034849821188175,0.0,0.0,0.001391364511396321,0.29718203639081864,0.09258127623431951,0.29718203639081864,8.611563608678617,0.9350820138192651,0.6666666666666671,0.9999856483057136,True,0.8364510467260592,0.8355,-0.0009510467260591682,0.20246128882314884,0.2037,0.2502769998425349,0.25070631000000004
randomized-instability-frontier-v2,rho_2000_seed_021,2.0,21,0.1,500,1000,10,990,20000,414.80067562520253,41.66342803525574,0.08269219948428197,0.0,0.0,0.0007417090659147988,0.11073124662657573,0.03079868621735247,0.11073124662657573,5.4561827181937295,0.7368889056686863,0.6666666666666671,0.9999757961772429,True,0.6937045407822887,0.69215,-0.0015545407822886714,0.4727689621163437,0.46875,0.6985162075369918,0.6811234375
randomized-instability-frontier-v2,rho_2000_seed_022,2.0,22,0.1,500,1000,10,990,20000,514.2975189839906,9.429473335560234,0.31004977083403273,0.0,0.0,0.0002645660632106491,0.36844716620703977,0.0453706925688879,0.36844716620703977,2.645660632106491,0.42253413499286224,0.6666666666666669,0.9999617042456894,True,0.3797554626876127,0.38055,0.0007945373123873223,1.2624187501701751,1.26105,1.702108180558096,1.7080028975000001
randomized-instability-frontier-v2,rho_2000_seed_023,2.0,23,0.1,500,1000,10,990,20000,476.9204582177587,29.46224237335654,0.1008464629595136,0.0,0.0,3.307593357745862e-05,0.09998192291201889,0.021951180831721453,0.09998192291201889,0.3307593357745862,-0.4804878888844759,0.666666666666667,0.9999203169683591,True,0.0,0.0,0.0,1.2151229787422846,1.2211,0.23791680008545246,0.24481479
randomized-instability-frontier-v2,rho_2000_seed_024,2.0,24,0.1,500,1000,10,990,20000,410.3357292867312,20.007627751466778,0.1918919265850795,0.0,0.0,0.0006495767124333255,0.20158442426515769,0.05343314591165109,0.20158442426515769,6.495767124333255,0.8126304468935395,0.666666666666667,0.9999916347617249,True,0.8011587174629607,0.80075,-0.0004087174629607837,0.23179217517604164,0.2355,0.251261096199338,0.26043975
randomized-instability-frontier-v2,rho_2000_seed_025,2.0,25,0.1,500,1000,10,990,20000,455.11145418841784,27.16444417051709,0.14262311189816243,0.0,0.0,0.005091075893613942,0.1023162141720275,0.024945127148486942,0.1023162141720275,30.001612056392187,1.4771445909991996,0.6666666666666664,0.9999733395990882,True,0.9271118477295418,0.92685,-0.0002618477295418531,0.08269480612340864,0.0829,0.09791977221436662,0.09812759000000001
randomized-instability-frontier-v2,rho_2000_seed_026,2.0,26,0.1,500,1000,10,990,20000,497.44224830517794,28.915057381392995,0.1317523420603911,0.0,0.0,0.00017486518649174846,0.04851342427078927,0.013665424834969808,0.04851342427078927,1.7486518649174845,0.24270335539368926,0.6666666666666664,0.9999723185152224,True,0.11125282717897778,0.10885,-0.0024028271789777733,2.5122651911595146,2.5089,2.2745555568905633,2.2374207900000003
randomized-instability-frontier-v2,rho_2000_seed_027,2.0,27,0.1,500,1000,10,990,20000,535.7317306121495,38.09021405986787,0.07957801921083343,0.0,0.0,0.0010718474321264218,0.12674433807714586,0.02144984676043403,0.12674433807714586,4.6604375878584845,0.6684266963187753,0.666666666666667,0.9999875616425098,True,0.6288557178604973,0.62945,0.0005942821395026332,0.6957975117807613,0.69415,1.2709360553328,1.2760057775000002
randomized-instability-frontier-v2,rho_2000_seed_028,2.0,28,0.1,500,1000,10,990,20000,419.6888806216316,28.98038342254445,0.14760296688471053,0.0,0.0,0.0013814526909282404,0.6433440184989221,0.15396592071002493,0.6433440184989221,10.716588578146192,1.0300565579803513,0.6666666666666664,0.9999901204982475,True,0.8700372045625072,0.8654,-0.004637204562507269,0.14963386077345817,0.15485,0.16899019696502965,0.17347147750000003
randomized-instability-frontier-v2,rho_2000_seed_029,2.0,29,0.1,500,1000,10,990,20000,416.3133090096934,36.76874593634766,0.11071849714232983,0.0,0.0,0.002158879827838391,0.06888953113540255,0.03275518172560763,0.06888953113540255,14.810630558802718,1.1705735488911575,0.6666666666666671,0.999992615255322,True,0.8879879594292587,0.89025,0.0022620405707413083,0.13235138160537582,0.12975,0.16122302699155003,0.15891493750000005
randomized-instability-frontier-v2,rho_2000_seed_030,2.0,30,0.1,500,1000,10,990,20000,361.6274553552253,39.36443235395713,0.10216857519453405,0.0,0.0,0.0004987059870754243,0.03533565798223657,0.01373531631641783,0.03533565798223657,4.987059870754243,0.6978445820507507,0.666666666666666,0.9999631270130726,True,0.7153846879728196,0.7151,-0.00028468797281966385,0.37775778463331117,0.3808,0.46784615425980514,0.4734913600000001
randomized-instability-frontier-v2,rho_2000_seed_031,2.0,31,0.1,500,1000,10,990,20000,561.3328813810758,39.08943613207006,0.07659076400847614,0.0,0.0,0.00040572449161014473,0.31861903074889786,0.057944446743520506,0.31861903074889786,4.057244916101447,0.6082312247368461,0.6666666666666671,0.9999733349583783,True,0.5853028821199373,0.58315,-0.0021528821199373605,0.6843228441871474,0.6889,0.9753131684790093,0.98041679
randomized-instability-frontier-v2,rho_2000_seed_032,2.0,32,0.1,500,1000,10,990,20000,392.37431031852066,51.01441150643033,0.06440157034822958,0.0,0.0,0.0002214437030128205,0.5060112623374758,0.1365801609377389,0.5060112623374758,2.214437030128205,0.34526333517093777,0.6666666666666674,0.9999784534798414,True,0.5279483051848489,0.5317,0.00375169481515103,0.5103539582247474,0.5035,0.3291910682282951,0.32188775000000003
randomized-instability-frontier-v2,rho_2000_seed_033,2.0,33,0.1,500,1000,10,990,20000,329.22887953259374,59.09410033608876,0.061033035598479835,0.0,0.0,0.0027574549185774783,0.45465296348156126,0.11584192889292781,0.45465296348156126,10.77275910635228,1.0323269485349,0.6666666666666661,0.9999742416031543,True,0.8774876902893178,0.88145,0.0039623097106821215,0.14795632535789807,0.14255,0.18495277165356347,0.1773294975
randomized-instability-frontier-v2,rho_2000_seed_034,2.0,34,0.1,500,1000,10,990,20000,547.7163469791539,25.90309443400052,0.14668873156232692,0.0,0.0,0.0005391733072228194,0.3460001624643394,0.09459781018625246,0.3460001624643394,5.391733072228194,0.7317283835035501,0.666666666666667,0.99994941604138,True,0.6462941409776357,0.64075,-0.00554414097763567,0.5627459688959012,0.5712,0.819269713687215,0.82193056
randomized-instability-frontier-v2,rho_2000_seed_035,2.0,35,0.1,500,1000,10,990,20000,498.84242052348986,56.41123610792393,0.04704289434315347,0.0,0.0,0.0022752840123129925,0.20798424251186537,0.05627029061612596,0.20798424251186537,19.24146792648467,1.284238201176518,0.6666666666666667,0.9999931862758824,True,0.8951481559272864,0.89625,0.0011018440727136314,0.12328255344055553,0.12165,0.15034917496148145,0.1487512775
randomized-instability-frontier-v2,rho_2000_seed_036,2.0,36,0.1,500,1000,10,990,20000,403.94040534696586,51.678317468663444,0.06553900228724407,0.0,0.0,0.006493919155053196,0.12588139687630273,0.04919241876233495,0.12588139687630273,64.93919155053196,1.8125068776480306,0.6666666666666669,0.9999679577847809,True,0.9619962622236881,0.96045,-0.001546262223688033,0.04034515662537336,0.0416,0.04365813924709906,0.043969440000000005
randomized-instability-frontier-v2,rho_2000_seed_037,2.0,37,0.1,500,1000,10,990,20000,365.5425167790537,36.05023237722608,0.1250819873544968,0.0,0.0,0.0006236717229821681,0.16338751915253813,0.06182583875361133,0.16338751915253813,6.23671722982168,0.7949560537654133,0.6666666666666672,0.9999790491368978,True,0.7641029217483897,0.76525,0.0011470782516103117,0.2982789158746653,0.2969,0.3541996111310953,0.35405039000000005
randomized-instability-frontier-v2,rho_2000_seed_038,2.0,38,0.1,500,1000,10,990,20000,448.5460468069849,49.803460716528484,0.07036526578750284,0.0,0.0,0.003584779429564284,0.7313202221202345,0.10435951525534355,0.7313202221202345,35.84779429564284,1.5544624388127213,0.6666666666666667,0.9999920396903441,True,0.9453909689675839,0.9473,0.0019090310324161308,0.05897336469901744,0.0568,0.06481405543202441,0.06227376000000002
randomized-instability-frontier-v2,rho_2000_seed_039,2.0,39,0.1,500,1000,10,990,20000,300.7799916715745,48.74829371618009,0.07878911365323868,0.0,0.0,7.693661054250925e-05,0.3936755338523613,0.05581317591687087,0.3936755338523613,0.7693661054250924,-0.1138669505364756,0.6666666666666657,0.9998974526973939,True,0.0,0.0,0.0,2.852415842130908,2.8545,0.8434277917003982,0.85282975
randomized-instability-frontier-v2,rho_2250_seed_000,2.25,0,0.1,500,1000,10,990,20000,317.55316208123145,17.390858958157356,0.1890758641758704,0.0,0.0,0.0003540677700259599,0.386397843329238,0.1141311487118126,0.386397843329238,3.540677700259599,0.5490863957303529,0.6666666666666675,0.9999811686433744,True,0.6320366154133424,0.63055,-0.0014866154133423848,0.47812405812471764,0.4752,0.4937076981341486,0.48168495999999994
randomized-instability-frontier-v2,rho_2250_seed_001,2.25,1,0.1,500,1000,10,990,20000,297.0391559263405,37.21264679544045,0.11028024257372572,0.0,0.0,0.0004133345368343985,0.5557552339642294,0.10421441826826527,0.5557552339642294,2.451011364072904,0.3893453248557959,0.6666666666666673,0.9998916947871888,True,0.5031796493560997,0.5038,0.0006203506439003137,0.8463733168212424,0.8563,1.02249990840207,1.04665031
randomized-instability-frontier-v2,rho_2250_seed_002,2.25,2,0.1,500,1000,10,990,20000,302.8151187773513,40.98653258527896,0.09621708827244965,0.0,0.0,0.007988796097961296,0.39092280522246886,0.14713425541543546,0.39092280522246886,79.19929251447556,1.8987213020638414,0.6666666666666663,0.9999432555654147,True,0.9715213450588007,0.97105,-0.00047134505880075395,0.02970557817435301,0.0298,0.031364485954356175,0.030611959999999994
randomized-instability-frontier-v2,rho_2250_seed_003,2.25,3,0.1,500,1000,10,990,20000,322.2864345160804,32.31669651787133,0.10949058863388843,0.0,0.0,0.00021057421579504508,0.1509106939961204,0.04285079718987171,0.1509106939961204,2.1057421579504507,0.3234051919991268,0.6666666666666674,0.9999896914463132,True,0.27329905083311734,0.27195,-0.0013490508331173157,1.4011118186678857,1.4056,1.2422242568972857,1.2408886399999997
randomized-instability-frontier-v2,rho_2250_seed_004,2.25,4,0.1,500,1000,10,990,20000,428.65564206524203,38.650637084810725,0.07675296226145685,0.0,0.0,0.0009778200924662555,0.9432063703859095,0.15930561167382257,0.9432063703859095,9.778200924662555,0.9902589569997841,0.6666666666666665,0.9999957606790153,True,0.8169892384155024,0.81925,0.002260761584497617,0.23173871416799469,0.2288,0.2946176170152381,0.29105056
randomized-instability-frontier-v2,rho_2250_seed_005,2.25,5,0.1,500,1000,10,990,20000,860.6640552536426,4.694979719706079,0.4469777586009355,0.0,0.0,0.0006542363497102675,0.45518004557957326,0.10199632397118423,0.45518004557957326,6.5423634971026745,0.81573467008555,0.6666666666666664,0.9999984802382096,True,0.7839665739467362,0.78205,-0.0019165739467361664,0.2656631915838472,0.27,0.3101643487905807,0.3176
randomized-instability-frontier-v2,rho_2250_seed_006,2.25,6,0.1,500,1000,10,990,20000,1148.5279086502092,2.860356437030919,0.5860393514593464,0.0,0.0,0.0002061187599101567,0.20572717447782268,0.024669800816189538,0.20572717447782268,1.6816291207949348,0.2257302194328849,0.6666666666666671,0.99999350637422,True,0.060614858885076714,0.06045,-0.00016485888507671714,3.3685303707619916,3.37535,2.670289859895579,2.6683623775
randomized-instability-frontier-v2,rho_2250_seed_007,2.25,7,0.1,500,1000,10,990,20000,420.2545475047551,22.24468066180175,0.1469283741009275,0.0,0.0,0.002823823529249393,0.40758867156196754,0.055515745470141806,0.40758867156196754,16.915531284422,1.2282856426956401,0.6666666666666669,0.9999946715747834,True,0.8838480498541705,0.88275,-0.001098049854170502,0.14064276514044918,0.14155,0.17863725007027287,0.1777135975
randomized-instability-frontier-v2,rho_2250_seed_008,2.25,8,0.1,500,1000,10,990,20000,338.95981706510577,36.57180371775739,0.09761943336334347,0.0,0.0,0.0014543950668755288,0.3284865567091726,0.15282337675040888,0.3284865567091726,14.543950668755288,1.162682392808331,0.6666666666666667,0.999944125544957,True,0.922442799455348,0.92025,-0.0021927994553480046,0.08014825065790687,0.0828,0.07903309888130822,0.08214416
randomized-instability-frontier-v2,rho_2250_seed_009,2.25,9,0.1,500,1000,10,990,20000,384.55684215540816,13.776899922775627,0.244576754396384,0.0,0.0,0.0036258370688015415,0.929376246878657,0.14445611181672963,0.929376246878657,28.763441521334535,1.4588408477854469,0.6666666666666674,0.9999832572113811,True,0.9344036309069212,0.935,0.0005963690930788079,0.07223488822300227,0.07135,0.08135254465937274,0.07995917749999999
randomized-instability-frontier-v2,rho_2250_seed_010,2.25,10,0.1,500,1000,10,990,20000,455.99630387491027,24.418728176975428,0.1354642134537232,0.0,0.0,0.004075851709132716,0.2463782319752023,0.09561948067335849,0.2463782319752023,40.75851709132716,1.6102183747757715,0.6666666666666669,0.9999418670340163,True,0.9623923942976969,0.9632,0.0008076057023030936,0.0392162157876853,0.03805,0.04100725263783125,0.03910219749999999
randomized-instability-frontier-v2,rho_2250_seed_011,2.25,11,0.1,500,1000,10,990,20000,566.5977924176441,9.956787670950341,0.2883234696914911,0.0,0.0,0.007386673944988668,0.5586719794386106,0.1591740254678524,0.5586719794386106,52.140636729229406,1.7171763303670693,0.6666666666666663,0.9999691000397283,True,0.9640432159089092,0.9644,0.00035678409109085596,0.03798470492082589,0.03785,0.04078442279985372,0.0412173775
randomized-instability-frontier-v2,rho_2250_seed_012,2.25,12,0.1,500,1000,10,990,20000,456.70263680221086,23.890209585871176,0.12904427586283257,0.0,0.0,0.0019398699528160165,0.6142967637777403,0.1632645651408154,0.6142967637777403,10.426791982982147,1.0181507093475517,0.6666666666666667,0.999978978605063,True,0.8441297100521252,0.846,0.0018702899478747481,0.197420614153447,0.19415,0.2578286162868818,0.2509557775
randomized-instability-frontier-v2,rho_2250_seed_013,2.25,13,0.1,500,1000,10,990,20000,426.67161693754764,27.990942946138702,0.12891053063733973,0.0,0.0,0.00042513345846139093,0.3975816922770084,0.06336418803120414,0.3975816922770084,4.251334584613909,0.6285252857559825,0.6666666666666671,0.9999469241177062,True,0.6103602676752857,0.6096,-0.0007602676752856974,0.607065563269127,0.6083,0.8166555492744585,0.8171711100000002
randomized-instability-frontier-v2,rho_2250_seed_014,2.25,14,0.1,500,1000,10,990,20000,611.9209526438879,13.471780629166037,0.22637050524568222,0.0,0.0,0.004635457002980654,0.866467289218871,0.16922845185822954,0.866467289218871,18.562897376000983,1.268645763704103,0.6666666666666662,0.9999474418506593,True,0.9146775937355338,0.91105,-0.003627593735533785,0.0983229745199131,0.10125,0.11805598816604963,0.1189984375
randomized-instability-frontier-v2,rho_2250_seed_015,2.25,15,0.1,500,1000,10,990,20000,537.8702149787235,17.275410818244904,0.16980358870459705,0.0,0.0,0.0006889123258082278,0.2114447603575139,0.042585799076367795,0.2114447603575139,5.086555824786368,0.7064238152278758,0.6666666666666664,0.9999952206935562,True,0.636088077514401,0.63115,-0.004938077514401007,0.6221315862534771,0.63195,0.9854597210990245,0.9890891975
randomized-instability-frontier-v2,rho_2250_seed_016,2.25,16,0.1,500,1000,10,990,20000,608.1984398739519,17.13660855492579,0.18028229148992111,0.0,0.0,0.0004088275996797658,0.10296152893781182,0.03144945797592037,0.10296152893781182,4.088275996797658,0.6115402070484247,0.6666666666666671,0.9999888246902784,True,0.613832631281326,0.6168,0.0029673687186739794,0.5728770300075284,0.56835,0.7080348550742992,0.7051282775
randomized-instability-frontier-v2,rho_2250_seed_017,2.25,17,0.1,500,1000,10,990,20000,485.53670414368787,30.804622671612545,0.08982060041684704,0.0,0.0,0.005247452691856344,0.12095548516706309,0.050247187678804414,0.12095548516706309,31.955091201990395,1.5045400613921522,0.6666666666666667,0.9999724733175641,True,0.9385977725006585,0.9393,0.0007022274993415678,0.06775607321936847,0.0673,0.0769910670670637,0.07707071000000001
randomized-instability-frontier-v2,rho_2250_seed_018,2.25,18,0.1,500,1000,10,990,20000,372.8338356935204,32.03604260150413,0.08763482951500147,0.0,0.0,0.006635838268596957,0.6466316346352938,0.20244890671991717,0.6466316346352938,50.064084496035115,1.6995262787865146,0.6666666666666666,0.9999787588890974,True,0.9620908524579382,0.9604,-0.0016908524579382078,0.040116836961275944,0.0423,0.04312735950653559,0.04631071000000002
randomized-instability-frontier-v2,rho_2250_seed_019,2.25,19,0.1,500,1000,10,990,20000,303.5313099689647,50.88359756361851,0.05955670833676213,0.0,0.0,0.004064354021189487,0.5013590840671873,0.10147228915121884,0.5013590840671873,20.257733720544792,1.3065908582150818,0.666666666666667,0.9999931257292518,True,0.9239509507740598,0.9232,-0.0007509507740597332,0.08557520853136114,0.08495,0.0992094988098259,0.09553349749999998
randomized-instability-frontier-v2,rho_2250_seed_020,2.25,20,0.1,500,1000,10,990,20000,424.5642738457052,20.882928032400145,0.15839157626931002,0.0,0.0,0.0011839515215840478,0.10934834019349533,0.032138229735270654,0.10934834019349533,9.591168147669753,0.981871504896573,0.6666666666666662,0.9999514804557387,True,0.8055228697032366,0.80425,-0.0012728697032365899,0.2578343113249749,0.25525,0.34818808573339965,0.33749743749999994
randomized-instability-frontier-v2,rho_2250_seed_021,2.25,21,0.1,500,1000,10,990,20000,616.9355897613051,17.481536091238755,0.16612794894747748,0.0,0.0,0.00039960821134500034,0.05671886813791677,0.015588387789283115,0.05671886813791677,3.993614718501567,0.6013661642653279,0.666666666666667,0.9999866781491945,True,0.5358214315095312,0.53625,0.00042856849046879475,0.814472072401832,0.81355,1.1400483728934037,1.1485863975
randomized-instability-frontier-v2,rho_2250_seed_022,2.25,22,0.1,500,1000,10,990,20000,512.4907699095255,19.990127028501092,0.17538830782385872,0.0,0.0,0.00011595180837043177,0.3122677635866083,0.05917303363566899,0.3122677635866083,1.1595180837043175,0.06427752623123327,0.6666666666666673,0.9999821391737701,True,0.0976551221994634,0.0939,-0.0037551221994634038,1.2455045209573974,1.25535,0.49884159751379215,0.5002463775000001
randomized-instability-frontier-v2,rho_2250_seed_023,2.25,23,0.1,500,1000,10,990,20000,430.45672414530094,17.286581828939443,0.19694140824742146,0.0,0.0,5.353965028963695e-05,0.9037260442605434,0.16938794070090749,0.9037260442605434,0.5353965028963694,-0.2713244698651294,0.6666666666666667,0.9999879762156799,True,0.0,0.0,0.0,1.5446437034319342,1.5363,0.6391824845820973,0.63778231
randomized-instability-frontier-v2,rho_2250_seed_024,2.25,24,0.1,500,1000,10,990,20000,550.2857692753701,11.998894939272768,0.21499647583609535,0.0,0.0,0.005797644352367656,0.3463731571096217,0.10363034462421188,0.3463731571096217,29.909798344073526,1.4758134849687523,0.666666666666667,0.9999800820020036,True,0.9430442371326054,0.94465,0.0016057628673945556,0.06242042582593867,0.0609,0.07033804988627869,0.06949119000000001
randomized-instability-frontier-v2,rho_2250_seed_025,2.25,25,0.1,500,1000,10,990,20000,488.53162165110643,16.492333584441273,0.21364884755717264,0.0,0.0,0.0032837001966066243,0.2030194417897686,0.05617456405678824,0.2030194417897686,20.209689321277292,1.30555963726137,0.6666666666666665,0.9999668993373717,True,0.9100715642260292,0.9081,-0.0019715642260291766,0.10357152008011315,0.1054,0.12350632054663327,0.12409084000000001
randomized-instability-frontier-v2,rho_2250_seed_026,2.25,26,0.1,500,1000,10,990,20000,464.1352842403249,32.72370917272169,0.07994436089586053,0.0,0.0,0.0003956056640881178,0.5679779611524908,0.1307980174788775,0.5679779611524908,3.2450306075834323,0.5112187974821197,0.6666666666666659,0.9999492614425589,True,0.5808606990497784,0.58295,0.0020893009502215287,0.6044561826566672,0.6027,0.638563255203528,0.6400527100000001
randomized-instability-frontier-v2,rho_2250_seed_027,2.25,27,0.1,500,1000,10,990,20000,495.4790843667475,12.200911751006796,0.2549933132428067,0.0,0.0,0.00017064610923023113,0.6380992278690215,0.17245039942500034,0.6380992278690215,1.7064610923023114,0.232096390715425,0.6666666666666665,0.9999612023738008,True,0.3263061719076377,0.325,-0.0013061719076377099,0.9245751738799907,0.9261,0.65832171465416,0.65453879
randomized-instability-frontier-v2,rho_2250_seed_028,2.25,28,0.1,500,1000,10,990,20000,422.5288866107969,27.35192453338224,0.12760867288982058,0.0,0.0,0.0029004649393744985,0.1789776389174903,0.04018973336508325,0.1789776389174903,17.29823740195487,1.2380018530939407,0.6666666666666667,0.9999806489567237,True,0.9018936609759547,0.90165,-0.00024366097595474034,0.11423873904923872,0.1145,0.1377938253654037,0.13668975
randomized-instability-frontier-v2,rho_2250_seed_029,2.25,29,0.1,500,1000,10,990,20000,477.11225572272593,21.108562655494268,0.1334175208135401,0.0,0.0,0.00256068450127176,0.08424502435458113,0.02780795101714927,0.08424502435458113,16.68854081680264,1.2224183652643439,0.6666666666666667,0.9999876764960514,True,0.8888615584329327,0.8879,-0.0009615584329326632,0.1322770709035987,0.1337,0.1636183336101632,0.16632431000000003
randomized-instability-frontier-v2,rho_2250_seed_030,2.25,30,0.1,500,1000,10,990,20000,395.86611830822585,31.154426123308955,0.11049566991499904,0.0,0.0,0.0009379778107665496,0.6176745709409492,0.12983350979379676,0.6176745709409492,9.379778107665496,0.9721925646310592,0.6666666666666663,0.9999726703223494,True,0.8607270519610637,0.8651,0.004372948038936286,0.15535332014004857,0.1501,0.1656503928165901,0.16006999
randomized-instability-frontier-v2,rho_2250_seed_031,2.25,31,0.1,500,1000,10,990,20000,294.0904172065613,48.175617087460644,0.061487047150670625,0.0,0.0,0.0069387831626222815,0.7151113081973599,0.10956933936230598,0.7151113081973599,51.628642465752115,1.7128907057680456,0.6666666666666671,0.9999673325119489,True,0.9588967298405363,0.9593,0.0004032701594637311,0.04395706697680404,0.0438,0.04808943886818957,0.04868156
randomized-instability-frontier-v2,rho_2250_seed_032,2.25,32,0.1,500,1000,10,990,20000,362.6078239254495,33.62093806266023,0.0990350352121525,0.0,0.0,0.0005551449163698445,0.6306796959999923,0.11500314361718378,0.6306796959999923,5.551449163698445,0.7444063672028812,0.6666666666666672,0.9999830779944394,True,0.6711146368425343,0.67565,0.004535363157465722,0.4944621135593829,0.4833,0.6799020201309242,0.66042111
randomized-instability-frontier-v2,rho_2250_seed_033,2.25,33,0.1,500,1000,10,990,20000,463.6031345740382,18.043517396012817,0.1523235113717773,0.0,0.0,0.000445488094275498,0.6722575150065463,0.12965599653601814,0.6722575150065463,4.45488094275498,0.6488361019541596,0.6666666666666671,0.9999738105444935,True,0.6185665796022479,0.622,0.003433420397752074,0.597399098168806,0.5921,0.8186856489004408,0.8202175900000002
randomized-instability-frontier-v2,rho_2250_seed_034,2.25,34,0.1,500,1000,10,990,20000,626.5675370746046,27.33713609301471,0.09541483589625664,0.0,0.0,0.00031421192145922745,0.24790709536958017,0.07842045125831032,0.24790709536958017,1.7729906932928006,0.24870645592681204,0.6666666666666671,0.9999706577686723,True,0.35465224557272657,0.34885,-0.005802245572726572,1.1984436922868387,1.20225,1.139486899686209,1.1266449375
randomized-instability-frontier-v2,rho_2250_seed_035,2.25,35,0.1,500,1000,10,990,20000,639.8777170391501,15.560195220673334,0.15239963195693323,0.0,0.0,0.0013904628293943356,0.8336421632906776,0.20367342651499648,0.8336421632906776,13.904628293943356,1.1431593835599778,0.6666666666666666,0.99997571665481,True,0.8773677338821394,0.88245,0.005082266117860557,0.14228120730466312,0.1377,0.16570516712629937,0.16273871000000004
randomized-instability-frontier-v2,rho_2250_seed_036,2.25,36,0.1,500,1000,10,990,20000,995.5741840095344,2.580653783047808,0.6191589056605414,0.0,0.0,0.002073420404012785,0.7679531342965926,0.0901286163201884,0.7679531342965926,17.4410731879202,1.2415732045215506,0.6666666666666671,0.9999863986982074,True,0.8633929560077301,0.8643,0.0009070439922698181,0.17079290627529894,0.1688,0.2245533748471355,0.22110655999999998
randomized-instability-frontier-v2,rho_2250_seed_037,2.25,37,0.1,500,1000,10,990,20000,254.92363412669727,37.85281107525145,0.10107549220853569,0.0,0.0,0.003740591971978168,0.33123419279494204,0.1052975989292357,0.33123419279494204,20.613380589860842,1.3141492218192738,0.6666666666666672,0.9999851525308113,True,0.9207624940832467,0.91855,-0.002212494083246752,0.0893997455970669,0.0923,0.10377598127772929,0.10828071
randomized-instability-frontier-v2,rho_2250_seed_038,2.25,38,0.1,500,1000,10,990,20000,459.3284889901992,4.9692569673482785,0.43469177783042207,0.0,0.0,0.0012538717375046228,0.8079826159192235,0.13846190292427077,0.8079826159192235,12.538717375046227,1.0982531134142084,0.6666666666666661,0.9999585133496978,True,0.8487564250808429,0.8469,-0.0018564250808429383,0.18513690320363335,0.18765,0.22982236072186366,0.23303747750000003
randomized-instability-frontier-v2,rho_2250_seed_039,2.25,39,0.1,500,1000,10,990,20000,565.7547824489013,23.22193029499337,0.1111475496279003,0.0,0.0,0.0029332517561284346,0.1733713127534296,0.050131129350517424,0.1733713127534296,13.501613352918293,1.1303856668954055,0.6666666666666673,0.9999839956679358,True,0.883200272211478,0.8813,-0.001900272211478038,0.14090793127500023,0.14475,0.17731866058969542,0.1855974375
randomized-instability-frontier-v2,rho_2500_seed_000,2.5,0,0.1,500,1000,10,990,20000,394.2746809624346,16.672345695411295,0.1690845025996622,0.0,0.0,0.0013588821322967056,0.8657475668060057,0.15801899344539483,0.8657475668060057,7.003116808742958,0.8452913702390997,0.6666666666666666,0.9999631902252417,True,0.837465920830328,0.8394,0.0019340791696720316,0.19615762500522985,0.1927,0.231179453482845,0.22666670999999997
randomized-instability-frontier-v2,rho_2500_seed_001,2.5,1,0.1,500,1000,10,990,20000,358.6931902140026,8.8067012482175,0.29034075849543917,0.0,0.0,0.00011918433795898052,0.6302956023292767,0.13566673186103756,0.6302956023292767,1.1918433795898051,0.07621918841686326,0.6666666666666672,0.999976669996568,True,0.15168209382064768,0.1566,0.0049179061793523104,0.9089531721933812,0.9037,0.21020893159152515,0.21352631000000002
randomized-instability-frontier-v2,rho_2500_seed_002,2.5,2,0.1,500,1000,10,990,20000,253.51304895835028,39.03363170322891,0.09349217309446967,0.0,0.0,0.0009992888920293142,0.907397882244322,0.22709019939071004,0.907397882244322,7.272905745181201,0.8617079592732155,0.6666666666666671,0.9999892287840241,True,0.7900313919173534,0.7888,-0.0012313919173534416,0.2740861593262007,0.27685,0.34942346161771526,0.35190407749999997
randomized-instability-frontier-v2,rho_2500_seed_003,2.5,3,0.1,500,1000,10,990,20000,616.4330965087966,3.5108809813228405,0.5233995197592322,0.0,0.0,0.0014517536821452006,0.5395828184817197,0.11265334882471459,0.5395828184817197,11.842473674247417,1.073442427966869,0.6666666666666667,0.9999751667762068,True,0.8300618899552886,0.8263,-0.0037618899552885887,0.21833015714425685,0.2247,0.2872854260652733,0.29860991000000003
randomized-instability-frontier-v2,rho_2500_seed_004,2.5,4,0.1,500,1000,10,990,20000,371.89681277255124,17.659029380874454,0.13938892307300357,0.0,0.0,0.0019036067198383577,0.9943594824454239,0.3077146521340005,0.9943594824454239,19.036067198383577,1.2795772292132754,0.6666666666666669,0.9999961534278118,True,0.9357219027895523,0.9362,0.000478097210447781,0.06697714088736453,0.0665,0.0680282607561674,0.06767774999999998
randomized-instability-frontier-v2,rho_2500_seed_005,2.5,5,0.1,500,1000,10,990,20000,394.4195817627315,10.442298642083925,0.27315129057587395,0.0,0.0,0.010230684424306353,0.9734732453644633,0.29072109321892287,0.9734732453644633,44.016782891027646,1.6436182975600921,0.666666666666666,0.9999647667193908,True,0.9628522374541397,0.9626,-0.0002522374541397143,0.03947337817851228,0.03925,0.0428189916492161,0.0417094375
randomized-instability-frontier-v2,rho_2500_seed_006,2.5,6,0.1,500,1000,10,990,20000,262.8380347029042,32.591130322713354,0.09068860567605458,0.0,0.0,0.0019234039178261453,0.8559768355729667,0.18858713728557241,0.8559768355729667,14.338923293904916,1.1565165414941556,0.6666666666666662,0.9999755918126716,True,0.8981359683197783,0.8993,0.001164031680221722,0.11529334970296092,0.11335,0.13083792552548024,0.12700177749999997
randomized-instability-frontier-v2,rho_2500_seed_007,2.5,7,0.1,500,1000,10,990,20000,566.8332503244887,6.299019943351195,0.3565412343888269,0.0,0.0,0.00020530175036948317,0.7816878799475809,0.20579296781349657,0.7816878799475809,2.0530175036948317,0.3123926521108123,0.666666666666667,0.9999957230268457,True,0.49881388012999295,0.49345,-0.005363880129992948,0.5293833575246772,0.5348,0.3070188867503786,0.30728895999999994
randomized-instability-frontier-v2,rho_2500_seed_008,2.5,8,0.1,500,1000,10,990,20000,341.02799800323726,21.82054388208813,0.15127140334378827,0.0,0.0,0.0034475908589700344,0.9264300280032324,0.22965866586866376,0.9264300280032324,26.6219834555465,1.425240409204357,0.6666666666666665,0.9999680523152698,True,0.9240304976025819,0.9229,-0.0011304976025818814,0.08544567207628152,0.0867,0.09902620101330041,0.10028311
randomized-instability-frontier-v2,rho_2500_seed_009,2.5,9,0.1,500,1000,10,990,20000,352.1789979577924,11.79289849350914,0.25458347505180173,0.0,0.0,0.0021996174320018315,0.584027763073482,0.15542984578980823,0.584027763073482,14.027113874482655,1.146968322680109,0.6666666666666661,0.9999888658401289,True,0.894917272176805,0.89425,-0.0006672721768049561,0.12104023366393668,0.1211,0.14141887926802127,0.14033479000000001
randomized-instability-frontier-v2,rho_2500_seed_010,2.5,10,0.1,500,1000,10,990,20000,413.92824501954374,15.325220559876987,0.16281243770366982,0.0,0.0,0.0011340816667194194,0.2872970232542806,0.08525670097210429,0.2872970232542806,11.340816667194193,1.0546443298025148,0.6666666666666666,0.9999562089528484,True,0.8273442073771555,0.8303,0.002955792622844511,0.21808947985133273,0.21355,0.2784799699912958,0.2714463975
randomized-instability-frontier-v2,rho_2500_seed_011,2.5,11,0.1,500,1000,10,990,20000,331.95773818095364,24.786570674545956,0.14752523349126637,0.0,0.0,0.0011528601324249498,0.19228479872358245,0.07027654207558233,0.19228479872358245,11.528601324249498,1.0617766209107664,0.6666666666666666,0.9999838945549611,True,0.8696025571934448,0.86845,-0.0011525571934447587,0.1499097805071346,0.15165,0.1707671472443868,0.17405227749999996
randomized-instability-frontier-v2,rho_2500_seed_012,2.5,12,0.1,500,1000,10,990,20000,2581.2134765905057,2.7631755890164498,0.463111568264211,0.0,0.0,0.00025820348888591047,0.40854744972456375,0.07462672545949373,0.40854744972456375,2.4049402015822796,0.38110428218772535,0.6666666666666677,0.9999947326867012,True,0.34886161810718735,0.3545,0.005638381892812627,1.208913401456413,1.20055,1.2011174048965274,1.2073296974999999
randomized-instability-frontier-v2,rho_2500_seed_013,2.5,13,0.1,500,1000,10,990,20000,258.72933112687963,19.818988411562728,0.12850537343001547,0.0,0.0,0.0017399125184442534,0.5876521796603982,0.16794695213290828,0.5876521796603982,17.399125184442532,1.2405274128159116,0.6666666666666671,0.9999537415433825,True,0.9234702764927843,0.92145,-0.0020202764927843564,0.08156970011331888,0.08345,0.08543436773411613,0.08688609749999998
randomized-instability-frontier-v2,rho_2500_seed_014,2.5,14,0.1,500,1000,10,990,20000,210.83938749636374,37.299218679506914,0.08061871736528285,0.0,0.0,0.0072039084980069935,0.9475313999028757,0.3518884898829741,0.9475313999028757,72.03908498006993,1.8575681878977706,0.6666666666666667,0.9999860181592471,True,0.9811713176902203,0.98245,0.0012786823097797884,0.019144957767518664,0.01765,0.019418916704296973,0.017538477500000003
randomized-instability-frontier-v2,rho_2500_seed_015,2.5,15,0.1,500,1000,10,990,20000,425.3532228793075,20.3028559359267,0.15436033073192054,0.0,0.0,0.0008863148815890702,0.9382806464450458,0.22660996617510426,0.9382806464450458,8.863148815890701,0.9475880413473742,0.6666666666666666,0.9999646582051078,True,0.8148054503818483,0.81255,-0.0022554503818482674,0.22699062594030875,0.23045,0.26947469998495904,0.2757427974999999
randomized-instability-frontier-v2,rho_2500_seed_016,2.5,16,0.1,500,1000,10,990,20000,473.7368464159616,14.131469036366473,0.18230307367740803,0.0,0.0,0.0004970598408439646,0.4650505116568546,0.11040041867486342,0.4650505116568546,4.9705984084396455,0.6964086764272713,0.6666666666666667,0.9999580203410243,True,0.7187280039068067,0.7196,0.0008719960931933279,0.361182995431041,0.3617,0.4155373678333098,0.4216731099999999
randomized-instability-frontier-v2,rho_2500_seed_017,2.5,17,0.1,500,1000,10,990,20000,402.9031805757369,5.834014748199999,0.39853645831785545,0.0,0.0,0.00138985946262167,0.9664958266652189,0.209617152548204,0.9664958266652189,13.898594626216699,1.14297088824431,0.666666666666667,0.9999989335287948,True,0.8804272135442357,0.88005,-0.0003772135442356994,0.13700630989214188,0.13675,0.1562076766285046,0.1540494375
randomized-instability-frontier-v2,rho_2500_seed_018,2.5,18,0.1,500,1000,10,990,20000,366.90581126771605,19.662883446070825,0.15935393752742555,0.0,0.0,0.0030843907716816346,0.7488747551376584,0.2587818003499755,0.7488747551376584,30.843907716816343,1.489169395070879,0.6666666666666674,0.9999901062770804,True,0.9562141654756117,0.9587,0.0024858345243883306,0.04548875785054508,0.0427,0.0469200308046148,0.04377671000000001
randomized-instability-frontier-v2,rho_2500_seed_019,2.5,19,0.1,500,1000,10,990,20000,759.091987028324,17.471349713270136,0.12012253139885186,0.0,0.0,0.00034132320204933623,0.2615518981303956,0.06330221077729008,0.2615518981303956,3.413232020493362,0.5331658112188764,0.666666666666667,0.9999811437552245,True,0.634060652052098,0.63585,0.0017893479479019758,0.4622356728425098,0.46405,0.4607812790644224,0.4724075975
randomized-instability-frontier-v2,rho_2500_seed_020,2.5,20,0.1,500,1000,10,990,20000,272.47527610920724,29.649658388170472,0.10292555190308585,0.0,0.0,0.0003974907061067032,0.9789336401597468,0.39049008314930556,0.9789336401597468,3.974907061067032,0.5993269786937196,0.6666666666666665,0.9998750897027597,True,0.7429660809174777,0.74505,0.0020839190825222564,0.2626058864833436,0.25905,0.20491958068968588,0.20014309749999998
randomized-instability-frontier-v2,rho_2500_seed_021,2.5,21,0.1,500,1000,10,990,20000,254.52622823462934,16.864952618140418,0.1577002493669339,0.0,0.0,0.004831380875221892,0.8733702824297246,0.2432000859101601,0.8733702824297246,29.529619980800508,1.4702578580282917,0.6666666666666682,0.9999647046350028,True,0.9532442326498003,0.9547,0.0014557673501996993,0.04973242171644445,0.04825,0.053457826818973736,0.05192193749999999
randomized-instability-frontier-v2,rho_2500_seed_022,2.5,22,0.1,500,1000,10,990,20000,466.55821053691824,14.742847851107928,0.17587517453460358,0.0,0.0,0.0148957643624168,0.920005683450026,0.17306973450901944,0.920005683450026,132.24094753089472,2.1213659523749815,0.6666666666666671,0.9999447649523935,True,0.9812835735596818,0.98135,6.642644031817913e-05,0.019286430986471405,0.0193,0.02008550723673493,0.020227509999999994
randomized-instability-frontier-v2,rho_2500_seed_023,2.5,23,0.1,500,1000,10,990,20000,219.37671610831774,34.911783677180935,0.10453094627594932,0.0,0.0,0.004461438988749796,0.6977116234211227,0.13366309388043854,0.6977116234211227,25.082159505615284,1.399364925340399,0.666666666666667,0.9999666595536142,True,0.9401442152894383,0.94015,5.784710561784756e-06,0.06547770760966842,0.0647,0.07325441576966019,0.07081391000000002
randomized-instability-frontier-v2,rho_2500_seed_024,2.5,24,0.1,500,1000,10,990,20000,494.96784443738557,19.80073342322561,0.14941582782699214,0.0,0.0,0.0015565509029773095,0.9379786606875354,0.23881978489671715,0.9379786606875354,15.565509029773095,1.192163327730182,0.6666666666666662,0.9999818782031281,True,0.9026666962535496,0.9009,-0.0017666962535495268,0.10771597215688886,0.1098,0.1182919362763578,0.12004396000000002
randomized-instability-frontier-v2,rho_2500_seed_025,2.5,25,0.1,500,1000,10,990,20000,360.77072860093995,20.068057832628384,0.14336231368489671,0.0,0.0,0.010188518315223567,0.9579919321061559,0.2295071441994862,0.9579919321061559,101.88518315223565,2.0081110304921714,0.6666666666666667,0.9999862489655693,True,0.9776617724625123,0.97665,-0.0010117724625122726,0.02308720391068924,0.0239,0.02409365162650866,0.024428790000000006
randomized-instability-frontier-v2,rho_2500_seed_026,2.5,26,0.1,500,1000,10,990,20000,454.01182386403633,24.460509344145173,0.1375791424423612,0.0,0.0,0.007606896335995479,0.8702916476295324,0.24055089861117124,0.8702916476295324,53.70657159298002,1.73002742968376,0.6666666666666661,0.9999891190465963,True,0.9655577956864636,0.9647,-0.0008577956864636027,0.03629854893833817,0.03715,0.03885643672481894,0.0400698775
randomized-instability-frontier-v2,rho_2500_seed_027,2.5,27,0.1,500,1000,10,990,20000,329.78874545993364,25.709196306187625,0.11677617793670204,0.0,0.0,0.0016344131010381268,0.8915446401107001,0.35013940184054915,0.8915446401107001,16.34413101038127,1.2133618348320283,0.666666666666666,0.9999731937779553,True,0.9125420402058237,0.91015,-0.002392040205823731,0.09425898802962579,0.0974,0.09922341266385297,0.10341324000000002
randomized-instability-frontier-v2,rho_2500_seed_028,2.5,28,0.1,500,1000,10,990,20000,479.7368506594082,5.941356597454518,0.3878403273124374,0.0,0.0,0.0015408518787031697,0.9472685237221853,0.19215706670225272,0.9472685237221853,8.917490041367683,0.950242633011067,0.6666666666666667,0.9999841339265266,True,0.8134760460940316,0.8169,0.003423953905968391,0.24775553669822023,0.2464,0.33770353502874656,0.3443870400000001
randomized-instability-frontier-v2,rho_2500_seed_029,2.5,29,0.1,500,1000,10,990,20000,421.325981303939,12.927816221358803,0.23326787082961556,0.0,0.0,0.0015527520062324789,0.7877433806890948,0.17001762424301572,0.7877433806890948,13.608266397146977,1.133802802491527,0.666666666666667,0.9999870874601828,True,0.8759489561912357,0.8768,0.0008510438087643291,0.1447969970105479,0.14175,0.16951473204397258,0.16195693749999998
randomized-instability-frontier-v2,rho_2500_seed_030,2.5,30,0.1,500,1000,10,990,20000,363.8266952954834,24.952162783277835,0.15066804633023026,0.0,0.0,0.0016662238662057869,0.3122709612916559,0.07683372863892164,0.3122709612916559,9.624560736891908,0.9833809175158916,0.6666666666666669,0.9999779825681276,True,0.8421861414631057,0.84285,0.000663858536894324,0.20035889765872933,0.20445,0.2622081761900317,0.2767501975
randomized-instability-frontier-v2,rho_2500_seed_031,2.5,31,0.1,500,1000,10,990,20000,443.99155370432794,36.64234752783744,0.0690361312288806,0.0,0.0,0.00017268494175872595,0.5114385412281626,0.17643087483792838,0.5114385412281626,1.7268494175872595,0.23725446845212717,0.6666666666666662,0.9999788226868987,True,0.23505233197620987,0.23255,-0.0025023319762098595,1.230872423348649,1.2392,0.6980423745758859,0.6996833599999999
randomized-instability-frontier-v2,rho_2500_seed_032,2.5,32,0.1,500,1000,10,990,20000,237.4293510270386,43.87087779174713,0.07651108940227055,0.0,0.0,4.0259212532058286e-05,0.6946239122773193,0.16210973825109742,0.6946239122773193,0.40259212532058286,-0.39513472414002254,0.6666666666666665,0.999996309087291,True,0.0,0.0,0.0,2.148383928890552,2.1471,0.1539523174229382,0.15376159000000003
randomized-instability-frontier-v2,rho_2500_seed_033,2.5,33,0.1,500,1000,10,990,20000,541.5340334671871,9.482534976278645,0.29792983645127025,0.0,0.0,0.0007189680086482488,0.20523217465247792,0.06290231995674424,0.20523217465247792,7.189680086482488,0.8567095663541797,0.6666666666666671,0.9999971677778084,True,0.8037358005143674,0.80135,-0.002385800514367431,0.23586115008533218,0.2403,0.2697084159224906,0.2768559099999999
randomized-instability-frontier-v2,rho_2500_seed_034,2.5,34,0.1,500,1000,10,990,20000,337.9279881229288,7.560202354923563,0.3398256268356456,0.0,0.0,0.00032402324800593615,0.9068421912545679,0.2349917259587951,0.9068421912545679,3.2402324800593614,0.5105761710661298,0.6666666666666675,0.9999867810718996,True,0.6688074498342659,0.67175,0.0029425501657340813,0.36083032521698305,0.3564,0.2930979987274183,0.28897903999999996
randomized-instability-frontier-v2,rho_2500_seed_035,2.5,35,0.1,500,1000,10,990,20000,368.818654697428,12.200357819852345,0.19342033276144996,0.0,0.0,0.0017786002558221336,0.9746786535396081,0.2500350584407711,0.9746786535396081,17.786002558221334,1.2500783504457043,0.6666666666666666,0.9999948373917423,True,0.9305607956196705,0.9291,-0.0014607956196704963,0.07275830446877873,0.074,0.07432691590757169,0.07482400000000002
randomized-instability-frontier-v2,rho_2500_seed_036,2.5,36,0.1,500,1000,10,990,20000,231.90092282612144,49.03207668518894,0.057803887528348266,0.0,0.0,0.0003593604432501885,0.3249168367861594,0.0962355667886451,0.3249168367861594,3.5936044325018845,0.5555302702586573,0.666666666666666,0.9999901088314416,True,0.5645739078618532,0.5665,0.0019260921381467622,0.6466750890546605,0.6455,0.7173020180458688,0.7190297499999999
randomized-instability-frontier-v2,rho_2500_seed_037,2.5,37,0.1,500,1000,10,990,20000,343.3950011144618,11.216309341370145,0.27473405861189265,0.0,0.0,0.00017952274586725237,0.8663802094890578,0.12010935261779543,0.8663802094890578,1.7952274586725236,0.25411948232270126,0.6666666666666666,0.9999937665585589,True,0.22846163118352006,0.23195,0.003488368816479931,1.3788252427327596,1.3644,0.9731235308256445,0.9625126400000001
randomized-instability-frontier-v2,rho_2500_seed_038,2.5,38,0.1,500,1000,10,990,20000,383.6934543310657,15.480819907869359,0.2147049479176011,0.0,0.0,0.0024859627468347945,0.9281646451946763,0.1979506019437135,0.9281646451946763,16.65127547615613,1.2214475057726961,0.6666666666666671,0.9999803171240792,True,0.8889742409896099,0.89005,0.0010757590103901427,0.1315400305218013,0.1304,0.1611319192905193,0.15999584000000003
randomized-instability-frontier-v2,rho_2500_seed_039,2.5,39,0.1,500,1000,10,990,20000,412.8204668327939,7.052685713406809,0.35923230415076535,0.0,0.0,0.005078589490030402,0.6215758365841404,0.16811185656965427,0.6215758365841404,50.78589490030402,1.7057431095760327,0.6666666666666672,0.9999882772959823,True,0.957957744694333,0.9591,0.0011422553056669171,0.04464257351432657,0.0435,0.048106154197533606,0.04720775000000001
