export_version,figure,panel,panel_title,plot_order,group,method,world_id,rho,world_seed,rank,x,y,value,probability,count,style_key,label
tikz-frontier-v1,figure3,B,Miss probability frontier,1,miss_probability,observed_randomization,rho_0000_seed_000,0.0,0,,0.30016227413275426,0.50075,0.50075,0.50075,20000,observed,observed randomization
tikz-frontier-v1,figure3,B,Miss probability frontier,1,miss_probability,conditional_interval_theorem,rho_0000_seed_000,0.0,0,,0.30016227413275426,0.49900000000000166,0.49900000000000166,0.49900000000000166,,theorem,conditional interval theorem
tikz-frontier-v1,figure3,B,Miss probability frontier,2,miss_probability,observed_randomization,rho_0000_seed_001,0.0,1,,0.30016227413275426,0.49745,0.49745,0.49745,20000,observed,observed randomization
tikz-frontier-v1,figure3,B,Miss probability frontier,2,miss_probability,conditional_interval_theorem,rho_0000_seed_001,0.0,1,,0.30016227413275426,0.49900000000000166,0.49900000000000166,0.49900000000000166,,theorem,conditional interval theorem
tikz-frontier-v1,figure3,B,Miss probability frontier,3,miss_probability,observed_randomization,rho_0000_seed_002,0.0,2,,0.30016227413275426,0.4978,0.4978,0.4978,20000,observed,observed randomization
tikz-frontier-v1,figure3,B,Miss probability frontier,3,miss_probability,conditional_interval_theorem,rho_0000_seed_002,0.0,2,,0.30016227413275426,0.49900000000000166,0.49900000000000166,0.49900000000000166,,theorem,conditional interval theorem
tikz-frontier-v1,figure3,B,Miss probability frontier,4,miss_probability,observed_randomization,rho_0000_seed_003,0.0,3,,0.30016227413275426,0.49945,0.49945,0.49945,20000,observed,observed randomization
tikz-frontier-v1,figure3,B,Miss probability frontier,4,miss_probability,conditional_interval_theorem,rho_0000_seed_003,0.0,3,,0.30016227413275426,0.49900000000000166,0.49900000000000166,0.49900000000000166,,theorem,conditional interval theorem
tikz-frontier-v1,figure3,B,Miss probability frontier,5,miss_probability,observed_randomization,rho_0000_seed_004,0.0,4,,0.30016227413275426,0.49915,0.49915,0.49915,20000,observed,observed randomization
tikz-frontier-v1,figure3,B,Miss probability frontier,5,miss_probability,conditional_interval_theorem,rho_0000_seed_004,0.0,4,,0.30016227413275426,0.49900000000000166,0.49900000000000166,0.49900000000000166,,theorem,conditional interval theorem
tikz-frontier-v1,figure3,B,Miss probability frontier,6,miss_probability,observed_randomization,rho_0000_seed_005,0.0,5,,0.30016227413275426,0.5003,0.5003,0.5003,20000,observed,observed randomization
tikz-frontier-v1,figure3,B,Miss probability frontier,6,miss_probability,conditional_interval_theorem,rho_0000_seed_005,0.0,5,,0.30016227413275426,0.49900000000000166,0.49900000000000166,0.49900000000000166,,theorem,conditional interval theorem
tikz-frontier-v1,figure3,B,Miss probability frontier,7,miss_probability,observed_randomization,rho_0000_seed_006,0.0,6,,0.30016227413275426,0.49285,0.49285,0.49285,20000,observed,observed randomization
tikz-frontier-v1,figure3,B,Miss probability frontier,7,miss_probability,conditional_interval_theorem,rho_0000_seed_006,0.0,6,,0.30016227413275426,0.49900000000000166,0.49900000000000166,0.49900000000000166,,theorem,conditional interval theorem
tikz-frontier-v1,figure3,B,Miss probability frontier,8,miss_probability,observed_randomization,rho_0000_seed_007,0.0,7,,0.30016227413275426,0.49905,0.49905,0.49905,20000,observed,observed randomization
tikz-frontier-v1,figure3,B,Miss probability frontier,8,miss_probability,conditional_interval_theorem,rho_0000_seed_007,0.0,7,,0.30016227413275426,0.49900000000000166,0.49900000000000166,0.49900000000000166,,theorem,conditional interval theorem
tikz-frontier-v1,figure3,B,Miss probability frontier,9,miss_probability,observed_randomization,rho_0000_seed_008,0.0,8,,0.30016227413275426,0.49555,0.49555,0.49555,20000,observed,observed randomization
tikz-frontier-v1,figure3,B,Miss probability frontier,9,miss_probability,conditional_interval_theorem,rho_0000_seed_008,0.0,8,,0.30016227413275426,0.49900000000000166,0.49900000000000166,0.49900000000000166,,theorem,conditional interval theorem
tikz-frontier-v1,figure3,B,Miss probability frontier,10,miss_probability,observed_randomization,rho_0000_seed_009,0.0,9,,0.30016227413275426,0.4933,0.4933,0.4933,20000,observed,observed randomization
tikz-frontier-v1,figure3,B,Miss probability frontier,10,miss_probability,conditional_interval_theorem,rho_0000_seed_009,0.0,9,,0.30016227413275426,0.49900000000000166,0.49900000000000166,0.49900000000000166,,theorem,conditional interval theorem
tikz-frontier-v1,figure3,B,Miss probability frontier,11,miss_probability,observed_randomization,rho_0000_seed_010,0.0,10,,0.30016227413275426,0.4944,0.4944,0.4944,20000,observed,observed randomization
tikz-frontier-v1,figure3,B,Miss probability frontier,11,miss_probability,conditional_interval_theorem,rho_0000_seed_010,0.0,10,,0.30016227413275426,0.49900000000000166,0.49900000000000166,0.49900000000000166,,theorem,conditional interval theorem
tikz-frontier-v1,figure3,B,Miss probability frontier,12,miss_probability,observed_randomization,rho_0000_seed_011,0.0,11,,0.30016227413275426,0.4962,0.4962,0.4962,20000,observed,observed randomization
tikz-frontier-v1,figure3,B,Miss probability frontier,12,miss_probability,conditional_interval_theorem,rho_0000_seed_011,0.0,11,,0.30016227413275426,0.49900000000000166,0.49900000000000166,0.49900000000000166,,theorem,conditional interval theorem
tikz-frontier-v1,figure3,B,Miss probability frontier,13,miss_probability,observed_randomization,rho_0000_seed_012,0.0,12,,0.30016227413275426,0.4984,0.4984,0.4984,20000,observed,observed randomization
tikz-frontier-v1,figure3,B,Miss probability frontier,13,miss_probability,conditional_interval_theorem,rho_0000_seed_012,0.0,12,,0.30016227413275426,0.49900000000000166,0.49900000000000166,0.49900000000000166,,theorem,conditional interval theorem
tikz-frontier-v1,figure3,B,Miss probability frontier,14,miss_probability,observed_randomization,rho_0000_seed_013,0.0,13,,0.30016227413275426,0.4994,0.4994,0.4994,20000,observed,observed randomization
tikz-frontier-v1,figure3,B,Miss probability frontier,14,miss_probability,conditional_interval_theorem,rho_0000_seed_013,0.0,13,,0.30016227413275426,0.49900000000000166,0.49900000000000166,0.49900000000000166,,theorem,conditional interval theorem
tikz-frontier-v1,figure3,B,Miss probability frontier,15,miss_probability,observed_randomization,rho_0000_seed_014,0.0,14,,0.30016227413275426,0.4987,0.4987,0.4987,20000,observed,observed randomization
tikz-frontier-v1,figure3,B,Miss probability frontier,15,miss_probability,conditional_interval_theorem,rho_0000_seed_014,0.0,14,,0.30016227413275426,0.49900000000000166,0.49900000000000166,0.49900000000000166,,theorem,conditional interval theorem
tikz-frontier-v1,figure3,B,Miss probability frontier,16,miss_probability,observed_randomization,rho_0000_seed_015,0.0,15,,0.30016227413275426,0.49745,0.49745,0.49745,20000,observed,observed randomization
tikz-frontier-v1,figure3,B,Miss probability frontier,16,miss_probability,conditional_interval_theorem,rho_0000_seed_015,0.0,15,,0.30016227413275426,0.49900000000000166,0.49900000000000166,0.49900000000000166,,theorem,conditional interval theorem
tikz-frontier-v1,figure3,B,Miss probability frontier,17,miss_probability,observed_randomization,rho_0000_seed_016,0.0,16,,0.30016227413275426,0.50195,0.50195,0.50195,20000,observed,observed randomization
tikz-frontier-v1,figure3,B,Miss probability frontier,17,miss_probability,conditional_interval_theorem,rho_0000_seed_016,0.0,16,,0.30016227413275426,0.49900000000000166,0.49900000000000166,0.49900000000000166,,theorem,conditional interval theorem
tikz-frontier-v1,figure3,B,Miss probability frontier,18,miss_probability,observed_randomization,rho_0000_seed_017,0.0,17,,0.30016227413275426,0.4994,0.4994,0.4994,20000,observed,observed randomization
tikz-frontier-v1,figure3,B,Miss probability frontier,18,miss_probability,conditional_interval_theorem,rho_0000_seed_017,0.0,17,,0.30016227413275426,0.49900000000000166,0.49900000000000166,0.49900000000000166,,theorem,conditional interval theorem
tikz-frontier-v1,figure3,B,Miss probability frontier,19,miss_probability,observed_randomization,rho_0000_seed_018,0.0,18,,0.30016227413275426,0.49965,0.49965,0.49965,20000,observed,observed randomization
tikz-frontier-v1,figure3,B,Miss probability frontier,19,miss_probability,conditional_interval_theorem,rho_0000_seed_018,0.0,18,,0.30016227413275426,0.49900000000000166,0.49900000000000166,0.49900000000000166,,theorem,conditional interval theorem
tikz-frontier-v1,figure3,B,Miss probability frontier,20,miss_probability,observed_randomization,rho_0000_seed_019,0.0,19,,0.30016227413275426,0.49825,0.49825,0.49825,20000,observed,observed randomization
tikz-frontier-v1,figure3,B,Miss probability frontier,20,miss_probability,conditional_interval_theorem,rho_0000_seed_019,0.0,19,,0.30016227413275426,0.49900000000000166,0.49900000000000166,0.49900000000000166,,theorem,conditional interval theorem
tikz-frontier-v1,figure3,B,Miss probability frontier,21,miss_probability,observed_randomization,rho_0000_seed_020,0.0,20,,0.30016227413275426,0.4971,0.4971,0.4971,20000,observed,observed randomization
tikz-frontier-v1,figure3,B,Miss probability frontier,21,miss_probability,conditional_interval_theorem,rho_0000_seed_020,0.0,20,,0.30016227413275426,0.49900000000000166,0.49900000000000166,0.49900000000000166,,theorem,conditional interval theorem
tikz-frontier-v1,figure3,B,Miss probability frontier,22,miss_probability,observed_randomization,rho_0000_seed_021,0.0,21,,0.30016227413275426,0.4905,0.4905,0.4905,20000,observed,observed randomization
tikz-frontier-v1,figure3,B,Miss probability frontier,22,miss_probability,conditional_interval_theorem,rho_0000_seed_021,0.0,21,,0.30016227413275426,0.49900000000000166,0.49900000000000166,0.49900000000000166,,theorem,conditional interval theorem
tikz-frontier-v1,figure3,B,Miss probability frontier,23,miss_probability,observed_randomization,rho_0000_seed_022,0.0,22,,0.30016227413275426,0.50075,0.50075,0.50075,20000,observed,observed randomization
tikz-frontier-v1,figure3,B,Miss probability frontier,23,miss_probability,conditional_interval_theorem,rho_0000_seed_022,0.0,22,,0.30016227413275426,0.49900000000000166,0.49900000000000166,0.49900000000000166,,theorem,conditional interval theorem
tikz-frontier-v1,figure3,B,Miss probability frontier,24,miss_probability,observed_randomization,rho_0000_seed_023,0.0,23,,0.30016227413275426,0.5015,0.5015,0.5015,20000,observed,observed randomization
tikz-frontier-v1,figure3,B,Miss probability frontier,24,miss_probability,conditional_interval_theorem,rho_0000_seed_023,0.0,23,,0.30016227413275426,0.49900000000000166,0.49900000000000166,0.49900000000000166,,theorem,conditional interval theorem
tikz-frontier-v1,figure3,B,Miss probability frontier,25,miss_probability,observed_randomization,rho_0000_seed_024,0.0,24,,0.30016227413275426,0.49475,0.49475,0.49475,20000,observed,observed randomization
tikz-frontier-v1,figure3,B,Miss probability frontier,25,miss_probability,conditional_interval_theorem,rho_0000_seed_024,0.0,24,,0.30016227413275426,0.49900000000000166,0.49900000000000166,0.49900000000000166,,theorem,conditional interval theorem
tikz-frontier-v1,figure3,B,Miss probability frontier,26,miss_probability,observed_randomization,rho_0000_seed_025,0.0,25,,0.30016227413275426,0.49985,0.49985,0.49985,20000,observed,observed randomization
tikz-frontier-v1,figure3,B,Miss probability frontier,26,miss_probability,conditional_interval_theorem,rho_0000_seed_025,0.0,25,,0.30016227413275426,0.49900000000000166,0.49900000000000166,0.49900000000000166,,theorem,conditional interval theorem
tikz-frontier-v1,figure3,B,Miss probability frontier,27,miss_probability,observed_randomization,rho_0000_seed_026,0.0,26,,0.30016227413275426,0.50355,0.50355,0.50355,20000,observed,observed randomization
tikz-frontier-v1,figure3,B,Miss probability frontier,27,miss_probability,conditional_interval_theorem,rho_0000_seed_026,0.0,26,,0.30016227413275426,0.49900000000000166,0.49900000000000166,0.49900000000000166,,theorem,conditional interval theorem
tikz-frontier-v1,figure3,B,Miss probability frontier,28,miss_probability,observed_randomization,rho_0000_seed_027,0.0,27,,0.30016227413275426,0.4983,0.4983,0.4983,20000,observed,observed randomization
tikz-frontier-v1,figure3,B,Miss probability frontier,28,miss_probability,conditional_interval_theorem,rho_0000_seed_027,0.0,27,,0.30016227413275426,0.49900000000000166,0.49900000000000166,0.49900000000000166,,theorem,conditional interval theorem
tikz-frontier-v1,figure3,B,Miss probability frontier,29,miss_probability,observed_randomization,rho_0000_seed_028,0.0,28,,0.30016227413275426,0.4961,0.4961,0.4961,20000,observed,observed randomization
tikz-frontier-v1,figure3,B,Miss probability frontier,29,miss_probability,conditional_interval_theorem,rho_0000_seed_028,0.0,28,,0.30016227413275426,0.49900000000000166,0.49900000000000166,0.49900000000000166,,theorem,conditional interval theorem
tikz-frontier-v1,figure3,B,Miss probability frontier,30,miss_probability,observed_randomization,rho_0000_seed_029,0.0,29,,0.30016227413275426,0.49855,0.49855,0.49855,20000,observed,observed randomization
tikz-frontier-v1,figure3,B,Miss probability frontier,30,miss_probability,conditional_interval_theorem,rho_0000_seed_029,0.0,29,,0.30016227413275426,0.49900000000000166,0.49900000000000166,0.49900000000000166,,theorem,conditional interval theorem
tikz-frontier-v1,figure3,B,Miss probability frontier,31,miss_probability,observed_randomization,rho_0000_seed_030,0.0,30,,0.30016227413275426,0.49825,0.49825,0.49825,20000,observed,observed randomization
tikz-frontier-v1,figure3,B,Miss probability frontier,31,miss_probability,conditional_interval_theorem,rho_0000_seed_030,0.0,30,,0.30016227413275426,0.49900000000000166,0.49900000000000166,0.49900000000000166,,theorem,conditional interval theorem
tikz-frontier-v1,figure3,B,Miss probability frontier,32,miss_probability,observed_randomization,rho_0000_seed_031,0.0,31,,0.30016227413275426,0.50035,0.50035,0.50035,20000,observed,observed randomization
tikz-frontier-v1,figure3,B,Miss probability frontier,32,miss_probability,conditional_interval_theorem,rho_0000_seed_031,0.0,31,,0.30016227413275426,0.49900000000000166,0.49900000000000166,0.49900000000000166,,theorem,conditional interval theorem
tikz-frontier-v1,figure3,B,Miss probability frontier,33,miss_probability,observed_randomization,rho_0000_seed_032,0.0,32,,0.30016227413275426,0.49955,0.49955,0.49955,20000,observed,observed randomization
tikz-frontier-v1,figure3,B,Miss probability frontier,33,miss_probability,conditional_interval_theorem,rho_0000_seed_032,0.0,32,,0.30016227413275426,0.49900000000000166,0.49900000000000166,0.49900000000000166,,theorem,conditional interval theorem
tikz-frontier-v1,figure3,B,Miss probability frontier,34,miss_probability,observed_randomization,rho_0000_seed_033,0.0,33,,0.30016227413275426,0.498,0.498,0.498,20000,observed,observed randomization
tikz-frontier-v1,figure3,B,Miss probability frontier,34,miss_probability,conditional_interval_theorem,rho_0000_seed_033,0.0,33,,0.30016227413275426,0.49900000000000166,0.49900000000000166,0.49900000000000166,,theorem,conditional interval theorem
tikz-frontier-v1,figure3,B,Miss probability frontier,35,miss_probability,observed_randomization,rho_0000_seed_034,0.0,34,,0.30016227413275426,0.49945,0.49945,0.49945,20000,observed,observed randomization
tikz-frontier-v1,figure3,B,Miss probability frontier,35,miss_probability,conditional_interval_theorem,rho_0000_seed_034,0.0,34,,0.30016227413275426,0.49900000000000166,0.49900000000000166,0.49900000000000166,,theorem,conditional interval theorem
tikz-frontier-v1,figure3,B,Miss probability frontier,36,miss_probability,observed_randomization,rho_0000_seed_035,0.0,35,,0.30016227413275426,0.4935,0.4935,0.4935,20000,observed,observed randomization
tikz-frontier-v1,figure3,B,Miss probability frontier,36,miss_probability,conditional_interval_theorem,rho_0000_seed_035,0.0,35,,0.30016227413275426,0.49900000000000166,0.49900000000000166,0.49900000000000166,,theorem,conditional interval theorem
tikz-frontier-v1,figure3,B,Miss probability frontier,37,miss_probability,observed_randomization,rho_0000_seed_036,0.0,36,,0.30016227413275426,0.4936,0.4936,0.4936,20000,observed,observed randomization
tikz-frontier-v1,figure3,B,Miss probability frontier,37,miss_probability,conditional_interval_theorem,rho_0000_seed_036,0.0,36,,0.30016227413275426,0.49900000000000166,0.49900000000000166,0.49900000000000166,,theorem,conditional interval theorem
tikz-frontier-v1,figure3,B,Miss probability frontier,38,miss_probability,observed_randomization,rho_0000_seed_037,0.0,37,,0.30016227413275426,0.5011,0.5011,0.5011,20000,observed,observed randomization
tikz-frontier-v1,figure3,B,Miss probability frontier,38,miss_probability,conditional_interval_theorem,rho_0000_seed_037,0.0,37,,0.30016227413275426,0.49900000000000166,0.49900000000000166,0.49900000000000166,,theorem,conditional interval theorem
tikz-frontier-v1,figure3,B,Miss probability frontier,39,miss_probability,observed_randomization,rho_0000_seed_038,0.0,38,,0.30016227413275426,0.5042,0.5042,0.5042,20000,observed,observed randomization
tikz-frontier-v1,figure3,B,Miss probability frontier,39,miss_probability,conditional_interval_theorem,rho_0000_seed_038,0.0,38,,0.30016227413275426,0.49900000000000166,0.49900000000000166,0.49900000000000166,,theorem,conditional interval theorem
tikz-frontier-v1,figure3,B,Miss probability frontier,40,miss_probability,observed_randomization,rho_0000_seed_039,0.0,39,,0.30016227413275426,0.50255,0.50255,0.50255,20000,observed,observed randomization
tikz-frontier-v1,figure3,B,Miss probability frontier,40,miss_probability,conditional_interval_theorem,rho_0000_seed_039,0.0,39,,0.30016227413275426,0.49900000000000166,0.49900000000000166,0.49900000000000166,,theorem,conditional interval theorem
tikz-frontier-v1,figure3,B,Miss probability frontier,1,miss_probability,observed_randomization,rho_0250_seed_000,0.25,0,,0.5548252575024085,0.5455,0.5455,0.5455,20000,observed,observed randomization
tikz-frontier-v1,figure3,B,Miss probability frontier,1,miss_probability,conditional_interval_theorem,rho_0250_seed_000,0.25,0,,0.5548252575024085,0.5446556929426586,0.5446556929426586,0.5446556929426586,,theorem,conditional interval theorem
tikz-frontier-v1,figure3,B,Miss probability frontier,2,miss_probability,observed_randomization,rho_0250_seed_001,0.25,1,,0.4831865317827372,0.47875,0.47875,0.47875,20000,observed,observed randomization
tikz-frontier-v1,figure3,B,Miss probability frontier,2,miss_probability,conditional_interval_theorem,rho_0250_seed_001,0.25,1,,0.4831865317827372,0.47885003604045395,0.47885003604045395,0.47885003604045395,,theorem,conditional interval theorem
tikz-frontier-v1,figure3,B,Miss probability frontier,3,miss_probability,observed_randomization,rho_0250_seed_002,0.25,2,,0.36274658858943126,0.4239,0.4239,0.4239,20000,observed,observed randomization
tikz-frontier-v1,figure3,B,Miss probability frontier,3,miss_probability,conditional_interval_theorem,rho_0250_seed_002,0.25,2,,0.36274658858943126,0.42267858932201535,0.42267858932201535,0.42267858932201535,,theorem,conditional interval theorem
tikz-frontier-v1,figure3,B,Miss probability frontier,4,miss_probability,observed_randomization,rho_0250_seed_003,0.25,3,,0.39963547479570866,0.4164,0.4164,0.4164,20000,observed,observed randomization
tikz-frontier-v1,figure3,B,Miss probability frontier,4,miss_probability,conditional_interval_theorem,rho_0250_seed_003,0.25,3,,0.39963547479570866,0.41704515313424784,0.41704515313424784,0.41704515313424784,,theorem,conditional interval theorem
tikz-frontier-v1,figure3,B,Miss probability frontier,5,miss_probability,observed_randomization,rho_0250_seed_004,0.25,4,,0.5513724684676136,0.5792,0.5792,0.5792,20000,observed,observed randomization
tikz-frontier-v1,figure3,B,Miss probability frontier,5,miss_probability,conditional_interval_theorem,rho_0250_seed_004,0.25,4,,0.5513724684676136,0.5787115132114975,0.5787115132114975,0.5787115132114975,,theorem,conditional interval theorem
tikz-frontier-v1,figure3,B,Miss probability frontier,6,miss_probability,observed_randomization,rho_0250_seed_005,0.25,5,,0.46783885517006374,0.52095,0.52095,0.52095,20000,observed,observed randomization
tikz-frontier-v1,figure3,B,Miss probability frontier,6,miss_probability,conditional_interval_theorem,rho_0250_seed_005,0.25,5,,0.46783885517006374,0.5162877924584846,0.5162877924584846,0.5162877924584846,,theorem,conditional interval theorem
tikz-frontier-v1,figure3,B,Miss probability frontier,7,miss_probability,observed_randomization,rho_0250_seed_006,0.25,6,,0.4477720680664555,0.51725,0.51725,0.51725,20000,observed,observed randomization
tikz-frontier-v1,figure3,B,Miss probability frontier,7,miss_probability,conditional_interval_theorem,rho_0250_seed_006,0.25,6,,0.4477720680664555,0.5127682170019543,0.5127682170019543,0.5127682170019543,,theorem,conditional interval theorem
tikz-frontier-v1,figure3,B,Miss probability frontier,8,miss_probability,observed_randomization,rho_0250_seed_007,0.25,7,,0.5119874792071035,0.5158,0.5158,0.5158,20000,observed,observed randomization
tikz-frontier-v1,figure3,B,Miss probability frontier,8,miss_probability,conditional_interval_theorem,rho_0250_seed_007,0.25,7,,0.5119874792071035,0.519893056548535,0.519893056548535,0.519893056548535,,theorem,conditional interval theorem
tikz-frontier-v1,figure3,B,Miss probability frontier,9,miss_probability,observed_randomization,rho_0250_seed_008,0.25,8,,0.4902279634662186,0.532,0.532,0.532,20000,observed,observed randomization
tikz-frontier-v1,figure3,B,Miss probability frontier,9,miss_probability,conditional_interval_theorem,rho_0250_seed_008,0.25,8,,0.4902279634662186,0.5354962162618325,0.5354962162618325,0.5354962162618325,,theorem,conditional interval theorem
tikz-frontier-v1,figure3,B,Miss probability frontier,10,miss_probability,observed_randomization,rho_0250_seed_009,0.25,9,,0.3871113567332203,0.48135,0.48135,0.48135,20000,observed,observed randomization
tikz-frontier-v1,figure3,B,Miss probability frontier,10,miss_probability,conditional_interval_theorem,rho_0250_seed_009,0.25,9,,0.3871113567332203,0.4852186528406854,0.4852186528406854,0.4852186528406854,,theorem,conditional interval theorem
tikz-frontier-v1,figure3,B,Miss probability frontier,11,miss_probability,observed_randomization,rho_0250_seed_010,0.25,10,,0.44754053824537837,0.47895,0.47895,0.47895,20000,observed,observed randomization
tikz-frontier-v1,figure3,B,Miss probability frontier,11,miss_probability,conditional_interval_theorem,rho_0250_seed_010,0.25,10,,0.44754053824537837,0.47594610417773237,0.47594610417773237,0.47594610417773237,,theorem,conditional interval theorem
tikz-frontier-v1,figure3,B,Miss probability frontier,12,miss_probability,observed_randomization,rho_0250_seed_011,0.25,11,,0.4197534101180514,0.4768,0.4768,0.4768,20000,observed,observed randomization
tikz-frontier-v1,figure3,B,Miss probability frontier,12,miss_probability,conditional_interval_theorem,rho_0250_seed_011,0.25,11,,0.4197534101180514,0.47730086442554176,0.47730086442554176,0.47730086442554176,,theorem,conditional interval theorem
tikz-frontier-v1,figure3,B,Miss probability frontier,13,miss_probability,observed_randomization,rho_0250_seed_012,0.25,12,,0.41727074252255253,0.4651,0.4651,0.4651,20000,observed,observed randomization
tikz-frontier-v1,figure3,B,Miss probability frontier,13,miss_probability,conditional_interval_theorem,rho_0250_seed_012,0.25,12,,0.41727074252255253,0.46307371843996503,0.46307371843996503,0.46307371843996503,,theorem,conditional interval theorem
tikz-frontier-v1,figure3,B,Miss probability frontier,14,miss_probability,observed_randomization,rho_0250_seed_013,0.25,13,,0.4343701603370041,0.5731,0.5731,0.5731,20000,observed,observed randomization
tikz-frontier-v1,figure3,B,Miss probability frontier,14,miss_probability,conditional_interval_theorem,rho_0250_seed_013,0.25,13,,0.4343701603370041,0.5766065479787855,0.5766065479787855,0.5766065479787855,,theorem,conditional interval theorem
tikz-frontier-v1,figure3,B,Miss probability frontier,15,miss_probability,observed_randomization,rho_0250_seed_014,0.25,14,,0.43023370873953926,0.5202,0.5202,0.5202,20000,observed,observed randomization
tikz-frontier-v1,figure3,B,Miss probability frontier,15,miss_probability,conditional_interval_theorem,rho_0250_seed_014,0.25,14,,0.43023370873953926,0.518571083165688,0.518571083165688,0.518571083165688,,theorem,conditional interval theorem
tikz-frontier-v1,figure3,B,Miss probability frontier,16,miss_probability,observed_randomization,rho_0250_seed_015,0.25,15,,0.41854710106920245,0.5272,0.5272,0.5272,20000,observed,observed randomization
tikz-frontier-v1,figure3,B,Miss probability frontier,16,miss_probability,conditional_interval_theorem,rho_0250_seed_015,0.25,15,,0.41854710106920245,0.533177036853352,0.533177036853352,0.533177036853352,,theorem,conditional interval theorem
tikz-frontier-v1,figure3,B,Miss probability frontier,17,miss_probability,observed_randomization,rho_0250_seed_016,0.25,16,,0.49098781953586995,0.55825,0.55825,0.55825,20000,observed,observed randomization
tikz-frontier-v1,figure3,B,Miss probability frontier,17,miss_probability,conditional_interval_theorem,rho_0250_seed_016,0.25,16,,0.49098781953586995,0.5529044792876897,0.5529044792876897,0.5529044792876897,,theorem,conditional interval theorem
tikz-frontier-v1,figure3,B,Miss probability frontier,18,miss_probability,observed_randomization,rho_0250_seed_017,0.25,17,,0.44418620458279673,0.4932,0.4932,0.4932,20000,observed,observed randomization
tikz-frontier-v1,figure3,B,Miss probability frontier,18,miss_probability,conditional_interval_theorem,rho_0250_seed_017,0.25,17,,0.44418620458279673,0.4937446556167007,0.4937446556167007,0.4937446556167007,,theorem,conditional interval theorem
tikz-frontier-v1,figure3,B,Miss probability frontier,19,miss_probability,observed_randomization,rho_0250_seed_018,0.25,18,,0.4310759132073797,0.46685,0.46685,0.46685,20000,observed,observed randomization
tikz-frontier-v1,figure3,B,Miss probability frontier,19,miss_probability,conditional_interval_theorem,rho_0250_seed_018,0.25,18,,0.4310759132073797,0.4635421043546057,0.4635421043546057,0.4635421043546057,,theorem,conditional interval theorem
tikz-frontier-v1,figure3,B,Miss probability frontier,20,miss_probability,observed_randomization,rho_0250_seed_019,0.25,19,,0.4346751763058217,0.45845,0.45845,0.45845,20000,observed,observed randomization
tikz-frontier-v1,figure3,B,Miss probability frontier,20,miss_probability,conditional_interval_theorem,rho_0250_seed_019,0.25,19,,0.4346751763058217,0.4637940801009277,0.4637940801009277,0.4637940801009277,,theorem,conditional interval theorem
tikz-frontier-v1,figure3,B,Miss probability frontier,21,miss_probability,observed_randomization,rho_0250_seed_020,0.25,20,,0.5213244140469752,0.56055,0.56055,0.56055,20000,observed,observed randomization
tikz-frontier-v1,figure3,B,Miss probability frontier,21,miss_probability,conditional_interval_theorem,rho_0250_seed_020,0.25,20,,0.5213244140469752,0.5634144338561805,0.5634144338561805,0.5634144338561805,,theorem,conditional interval theorem
tikz-frontier-v1,figure3,B,Miss probability frontier,22,miss_probability,observed_randomization,rho_0250_seed_021,0.25,21,,0.422513779984877,0.5044,0.5044,0.5044,20000,observed,observed randomization
tikz-frontier-v1,figure3,B,Miss probability frontier,22,miss_probability,conditional_interval_theorem,rho_0250_seed_021,0.25,21,,0.422513779984877,0.5052885289414226,0.5052885289414226,0.5052885289414226,,theorem,conditional interval theorem
tikz-frontier-v1,figure3,B,Miss probability frontier,23,miss_probability,observed_randomization,rho_0250_seed_022,0.25,22,,0.4674923987217285,0.4929,0.4929,0.4929,20000,observed,observed randomization
tikz-frontier-v1,figure3,B,Miss probability frontier,23,miss_probability,conditional_interval_theorem,rho_0250_seed_022,0.25,22,,0.4674923987217285,0.4947897832620203,0.4947897832620203,0.4947897832620203,,theorem,conditional interval theorem
tikz-frontier-v1,figure3,B,Miss probability frontier,24,miss_probability,observed_randomization,rho_0250_seed_023,0.25,23,,0.398016739263456,0.45975,0.45975,0.45975,20000,observed,observed randomization
tikz-frontier-v1,figure3,B,Miss probability frontier,24,miss_probability,conditional_interval_theorem,rho_0250_seed_023,0.25,23,,0.398016739263456,0.4628547629881278,0.4628547629881278,0.4628547629881278,,theorem,conditional interval theorem
tikz-frontier-v1,figure3,B,Miss probability frontier,25,miss_probability,observed_randomization,rho_0250_seed_024,0.25,24,,0.466535293521875,0.50555,0.50555,0.50555,20000,observed,observed randomization
tikz-frontier-v1,figure3,B,Miss probability frontier,25,miss_probability,conditional_interval_theorem,rho_0250_seed_024,0.25,24,,0.466535293521875,0.5026668757940287,0.5026668757940287,0.5026668757940287,,theorem,conditional interval theorem
tikz-frontier-v1,figure3,B,Miss probability frontier,26,miss_probability,observed_randomization,rho_0250_seed_025,0.25,25,,0.456175320099038,0.53755,0.53755,0.53755,20000,observed,observed randomization
tikz-frontier-v1,figure3,B,Miss probability frontier,26,miss_probability,conditional_interval_theorem,rho_0250_seed_025,0.25,25,,0.456175320099038,0.5399784588174447,0.5399784588174447,0.5399784588174447,,theorem,conditional interval theorem
tikz-frontier-v1,figure3,B,Miss probability frontier,27,miss_probability,observed_randomization,rho_0250_seed_026,0.25,26,,0.4248485607274378,0.51745,0.51745,0.51745,20000,observed,observed randomization
tikz-frontier-v1,figure3,B,Miss probability frontier,27,miss_probability,conditional_interval_theorem,rho_0250_seed_026,0.25,26,,0.4248485607274378,0.5140074091417947,0.5140074091417947,0.5140074091417947,,theorem,conditional interval theorem
tikz-frontier-v1,figure3,B,Miss probability frontier,28,miss_probability,observed_randomization,rho_0250_seed_027,0.25,27,,0.5143261605867021,0.534,0.534,0.534,20000,observed,observed randomization
tikz-frontier-v1,figure3,B,Miss probability frontier,28,miss_probability,conditional_interval_theorem,rho_0250_seed_027,0.25,27,,0.5143261605867021,0.5319624174052835,0.5319624174052835,0.5319624174052835,,theorem,conditional interval theorem
tikz-frontier-v1,figure3,B,Miss probability frontier,29,miss_probability,observed_randomization,rho_0250_seed_028,0.25,28,,0.43210459417684,0.4624,0.4624,0.4624,20000,observed,observed randomization
tikz-frontier-v1,figure3,B,Miss probability frontier,29,miss_probability,conditional_interval_theorem,rho_0250_seed_028,0.25,28,,0.43210459417684,0.46652670078532016,0.46652670078532016,0.46652670078532016,,theorem,conditional interval theorem
tikz-frontier-v1,figure3,B,Miss probability frontier,30,miss_probability,observed_randomization,rho_0250_seed_029,0.25,29,,0.40818721254952944,0.4212,0.4212,0.4212,20000,observed,observed randomization
tikz-frontier-v1,figure3,B,Miss probability frontier,30,miss_probability,conditional_interval_theorem,rho_0250_seed_029,0.25,29,,0.40818721254952944,0.4208523216533884,0.4208523216533884,0.4208523216533884,,theorem,conditional interval theorem
tikz-frontier-v1,figure3,B,Miss probability frontier,31,miss_probability,observed_randomization,rho_0250_seed_030,0.25,30,,0.4638181874447273,0.4726,0.4726,0.4726,20000,observed,observed randomization
tikz-frontier-v1,figure3,B,Miss probability frontier,31,miss_probability,conditional_interval_theorem,rho_0250_seed_030,0.25,30,,0.4638181874447273,0.47621095972667277,0.47621095972667277,0.47621095972667277,,theorem,conditional interval theorem
tikz-frontier-v1,figure3,B,Miss probability frontier,32,miss_probability,observed_randomization,rho_0250_seed_031,0.25,31,,0.43738155263232226,0.4699,0.4699,0.4699,20000,observed,observed randomization
tikz-frontier-v1,figure3,B,Miss probability frontier,32,miss_probability,conditional_interval_theorem,rho_0250_seed_031,0.25,31,,0.43738155263232226,0.4710360484692415,0.4710360484692415,0.4710360484692415,,theorem,conditional interval theorem
tikz-frontier-v1,figure3,B,Miss probability frontier,33,miss_probability,observed_randomization,rho_0250_seed_032,0.25,32,,0.4211560872836741,0.533,0.533,0.533,20000,observed,observed randomization
tikz-frontier-v1,figure3,B,Miss probability frontier,33,miss_probability,conditional_interval_theorem,rho_0250_seed_032,0.25,32,,0.4211560872836741,0.5281394621538056,0.5281394621538056,0.5281394621538056,,theorem,conditional interval theorem
tikz-frontier-v1,figure3,B,Miss probability frontier,34,miss_probability,observed_randomization,rho_0250_seed_033,0.25,33,,0.418571607614357,0.46535,0.46535,0.46535,20000,observed,observed randomization
tikz-frontier-v1,figure3,B,Miss probability frontier,34,miss_probability,conditional_interval_theorem,rho_0250_seed_033,0.25,33,,0.418571607614357,0.46218082174688324,0.46218082174688324,0.46218082174688324,,theorem,conditional interval theorem
tikz-frontier-v1,figure3,B,Miss probability frontier,35,miss_probability,observed_randomization,rho_0250_seed_034,0.25,34,,0.42232100789396104,0.52135,0.52135,0.52135,20000,observed,observed randomization
tikz-frontier-v1,figure3,B,Miss probability frontier,35,miss_probability,conditional_interval_theorem,rho_0250_seed_034,0.25,34,,0.42232100789396104,0.5220991064783177,0.5220991064783177,0.5220991064783177,,theorem,conditional interval theorem
tikz-frontier-v1,figure3,B,Miss probability frontier,36,miss_probability,observed_randomization,rho_0250_seed_035,0.25,35,,0.3457796869748069,0.44565,0.44565,0.44565,20000,observed,observed randomization
tikz-frontier-v1,figure3,B,Miss probability frontier,36,miss_probability,conditional_interval_theorem,rho_0250_seed_035,0.25,35,,0.3457796869748069,0.45002349623003446,0.45002349623003446,0.45002349623003446,,theorem,conditional interval theorem
tikz-frontier-v1,figure3,B,Miss probability frontier,37,miss_probability,observed_randomization,rho_0250_seed_036,0.25,36,,0.3896852901996724,0.5159,0.5159,0.5159,20000,observed,observed randomization
tikz-frontier-v1,figure3,B,Miss probability frontier,37,miss_probability,conditional_interval_theorem,rho_0250_seed_036,0.25,36,,0.3896852901996724,0.5178703998992701,0.5178703998992701,0.5178703998992701,,theorem,conditional interval theorem
tikz-frontier-v1,figure3,B,Miss probability frontier,38,miss_probability,observed_randomization,rho_0250_seed_037,0.25,37,,0.4341645363512309,0.4746,0.4746,0.4746,20000,observed,observed randomization
tikz-frontier-v1,figure3,B,Miss probability frontier,38,miss_probability,conditional_interval_theorem,rho_0250_seed_037,0.25,37,,0.4341645363512309,0.4832951969309173,0.4832951969309173,0.4832951969309173,,theorem,conditional interval theorem
tikz-frontier-v1,figure3,B,Miss probability frontier,39,miss_probability,observed_randomization,rho_0250_seed_038,0.25,38,,0.4141372085070063,0.4775,0.4775,0.4775,20000,observed,observed randomization
tikz-frontier-v1,figure3,B,Miss probability frontier,39,miss_probability,conditional_interval_theorem,rho_0250_seed_038,0.25,38,,0.4141372085070063,0.47646199239509035,0.47646199239509035,0.47646199239509035,,theorem,conditional interval theorem
tikz-frontier-v1,figure3,B,Miss probability frontier,40,miss_probability,observed_randomization,rho_0250_seed_039,0.25,39,,0.48725357063771424,0.51415,0.51415,0.51415,20000,observed,observed randomization
tikz-frontier-v1,figure3,B,Miss probability frontier,40,miss_probability,conditional_interval_theorem,rho_0250_seed_039,0.25,39,,0.48725357063771424,0.5165879984500457,0.5165879984500457,0.5165879984500457,,theorem,conditional interval theorem
tikz-frontier-v1,figure3,B,Miss probability frontier,1,miss_probability,observed_randomization,rho_0500_seed_000,0.5,0,,0.6243114743841157,0.52405,0.52405,0.52405,20000,observed,observed randomization
tikz-frontier-v1,figure3,B,Miss probability frontier,1,miss_probability,conditional_interval_theorem,rho_0500_seed_000,0.5,0,,0.6243114743841157,0.5284028826554122,0.5284028826554122,0.5284028826554122,,theorem,conditional interval theorem
tikz-frontier-v1,figure3,B,Miss probability frontier,2,miss_probability,observed_randomization,rho_0500_seed_001,0.5,1,,0.5427609894593942,0.4633,0.4633,0.4633,20000,observed,observed randomization
tikz-frontier-v1,figure3,B,Miss probability frontier,2,miss_probability,conditional_interval_theorem,rho_0500_seed_001,0.5,1,,0.5427609894593942,0.46327244756897124,0.46327244756897124,0.46327244756897124,,theorem,conditional interval theorem
tikz-frontier-v1,figure3,B,Miss probability frontier,3,miss_probability,observed_randomization,rho_0500_seed_002,0.5,2,,0.5331579812859972,0.4556,0.4556,0.4556,20000,observed,observed randomization
tikz-frontier-v1,figure3,B,Miss probability frontier,3,miss_probability,conditional_interval_theorem,rho_0500_seed_002,0.5,2,,0.5331579812859972,0.4479604742162351,0.4479604742162351,0.4479604742162351,,theorem,conditional interval theorem
tikz-frontier-v1,figure3,B,Miss probability frontier,4,miss_probability,observed_randomization,rho_0500_seed_003,0.5,3,,0.5744357694454927,0.5687,0.5687,0.5687,20000,observed,observed randomization
tikz-frontier-v1,figure3,B,Miss probability frontier,4,miss_probability,conditional_interval_theorem,rho_0500_seed_003,0.5,3,,0.5744357694454927,0.5665913543309166,0.5665913543309166,0.5665913543309166,,theorem,conditional interval theorem
tikz-frontier-v1,figure3,B,Miss probability frontier,5,miss_probability,observed_randomization,rho_0500_seed_004,0.5,4,,0.6985766666259425,0.6062,0.6062,0.6062,20000,observed,observed randomization
tikz-frontier-v1,figure3,B,Miss probability frontier,5,miss_probability,conditional_interval_theorem,rho_0500_seed_004,0.5,4,,0.6985766666259425,0.6125929234313297,0.6125929234313297,0.6125929234313297,,theorem,conditional interval theorem
tikz-frontier-v1,figure3,B,Miss probability frontier,6,miss_probability,observed_randomization,rho_0500_seed_005,0.5,5,,0.5199495129591934,0.4831,0.4831,0.4831,20000,observed,observed randomization
tikz-frontier-v1,figure3,B,Miss probability frontier,6,miss_probability,conditional_interval_theorem,rho_0500_seed_005,0.5,5,,0.5199495129591934,0.49461543843477845,0.49461543843477845,0.49461543843477845,,theorem,conditional interval theorem
tikz-frontier-v1,figure3,B,Miss probability frontier,7,miss_probability,observed_randomization,rho_0500_seed_006,0.5,6,,0.6215419131355591,0.52735,0.52735,0.52735,20000,observed,observed randomization
tikz-frontier-v1,figure3,B,Miss probability frontier,7,miss_probability,conditional_interval_theorem,rho_0500_seed_006,0.5,6,,0.6215419131355591,0.5249870964629106,0.5249870964629106,0.5249870964629106,,theorem,conditional interval theorem
tikz-frontier-v1,figure3,B,Miss probability frontier,8,miss_probability,observed_randomization,rho_0500_seed_007,0.5,7,,0.5393387944278663,0.48375,0.48375,0.48375,20000,observed,observed randomization
tikz-frontier-v1,figure3,B,Miss probability frontier,8,miss_probability,conditional_interval_theorem,rho_0500_seed_007,0.5,7,,0.5393387944278663,0.47994401474235754,0.47994401474235754,0.47994401474235754,,theorem,conditional interval theorem
tikz-frontier-v1,figure3,B,Miss probability frontier,9,miss_probability,observed_randomization,rho_0500_seed_008,0.5,8,,0.42415443157537136,0.4455,0.4455,0.4455,20000,observed,observed randomization
tikz-frontier-v1,figure3,B,Miss probability frontier,9,miss_probability,conditional_interval_theorem,rho_0500_seed_008,0.5,8,,0.42415443157537136,0.4442673709936992,0.4442673709936992,0.4442673709936992,,theorem,conditional interval theorem
tikz-frontier-v1,figure3,B,Miss probability frontier,10,miss_probability,observed_randomization,rho_0500_seed_009,0.5,9,,0.4557266697409126,0.4152,0.4152,0.4152,20000,observed,observed randomization
tikz-frontier-v1,figure3,B,Miss probability frontier,10,miss_probability,conditional_interval_theorem,rho_0500_seed_009,0.5,9,,0.4557266697409126,0.41555485636458583,0.41555485636458583,0.41555485636458583,,theorem,conditional interval theorem
tikz-frontier-v1,figure3,B,Miss probability frontier,11,miss_probability,observed_randomization,rho_0500_seed_010,0.5,10,,0.5100609466623872,0.43675,0.43675,0.43675,20000,observed,observed randomization
tikz-frontier-v1,figure3,B,Miss probability frontier,11,miss_probability,conditional_interval_theorem,rho_0500_seed_010,0.5,10,,0.5100609466623872,0.435037372508029,0.435037372508029,0.435037372508029,,theorem,conditional interval theorem
tikz-frontier-v1,figure3,B,Miss probability frontier,12,miss_probability,observed_randomization,rho_0500_seed_011,0.5,11,,0.585226125121019,0.5782,0.5782,0.5782,20000,observed,observed randomization
tikz-frontier-v1,figure3,B,Miss probability frontier,12,miss_probability,conditional_interval_theorem,rho_0500_seed_011,0.5,11,,0.585226125121019,0.5768567360415137,0.5768567360415137,0.5768567360415137,,theorem,conditional interval theorem
tikz-frontier-v1,figure3,B,Miss probability frontier,13,miss_probability,observed_randomization,rho_0500_seed_012,0.5,12,,0.5376700394312047,0.4555,0.4555,0.4555,20000,observed,observed randomization
tikz-frontier-v1,figure3,B,Miss probability frontier,13,miss_probability,conditional_interval_theorem,rho_0500_seed_012,0.5,12,,0.5376700394312047,0.45423620256528835,0.45423620256528835,0.45423620256528835,,theorem,conditional interval theorem
tikz-frontier-v1,figure3,B,Miss probability frontier,14,miss_probability,observed_randomization,rho_0500_seed_013,0.5,13,,0.5364742804203203,0.4024,0.4024,0.4024,20000,observed,observed randomization
tikz-frontier-v1,figure3,B,Miss probability frontier,14,miss_probability,conditional_interval_theorem,rho_0500_seed_013,0.5,13,,0.5364742804203203,0.40924237323045254,0.40924237323045254,0.40924237323045254,,theorem,conditional interval theorem
tikz-frontier-v1,figure3,B,Miss probability frontier,15,miss_probability,observed_randomization,rho_0500_seed_014,0.5,14,,0.5223161909647056,0.46705,0.46705,0.46705,20000,observed,observed randomization
tikz-frontier-v1,figure3,B,Miss probability frontier,15,miss_probability,conditional_interval_theorem,rho_0500_seed_014,0.5,14,,0.5223161909647056,0.46638718103386173,0.46638718103386173,0.46638718103386173,,theorem,conditional interval theorem
tikz-frontier-v1,figure3,B,Miss probability frontier,16,miss_probability,observed_randomization,rho_0500_seed_015,0.5,15,,0.5607309910659787,0.54795,0.54795,0.54795,20000,observed,observed randomization
tikz-frontier-v1,figure3,B,Miss probability frontier,16,miss_probability,conditional_interval_theorem,rho_0500_seed_015,0.5,15,,0.5607309910659787,0.5482061986854707,0.5482061986854707,0.5482061986854707,,theorem,conditional interval theorem
tikz-frontier-v1,figure3,B,Miss probability frontier,17,miss_probability,observed_randomization,rho_0500_seed_016,0.5,16,,0.43092092765972995,0.39175,0.39175,0.39175,20000,observed,observed randomization
tikz-frontier-v1,figure3,B,Miss probability frontier,17,miss_probability,conditional_interval_theorem,rho_0500_seed_016,0.5,16,,0.43092092765972995,0.3889056638451868,0.3889056638451868,0.3889056638451868,,theorem,conditional interval theorem
tikz-frontier-v1,figure3,B,Miss probability frontier,18,miss_probability,observed_randomization,rho_0500_seed_017,0.5,17,,0.5507916638065007,0.4428,0.4428,0.4428,20000,observed,observed randomization
tikz-frontier-v1,figure3,B,Miss probability frontier,18,miss_probability,conditional_interval_theorem,rho_0500_seed_017,0.5,17,,0.5507916638065007,0.4383022184608297,0.4383022184608297,0.4383022184608297,,theorem,conditional interval theorem
tikz-frontier-v1,figure3,B,Miss probability frontier,19,miss_probability,observed_randomization,rho_0500_seed_018,0.5,18,,0.5811319523323915,0.5492,0.5492,0.5492,20000,observed,observed randomization
tikz-frontier-v1,figure3,B,Miss probability frontier,19,miss_probability,conditional_interval_theorem,rho_0500_seed_018,0.5,18,,0.5811319523323915,0.5545354287553022,0.5545354287553022,0.5545354287553022,,theorem,conditional interval theorem
tikz-frontier-v1,figure3,B,Miss probability frontier,20,miss_probability,observed_randomization,rho_0500_seed_019,0.5,19,,0.5800374880778914,0.4733,0.4733,0.4733,20000,observed,observed randomization
tikz-frontier-v1,figure3,B,Miss probability frontier,20,miss_probability,conditional_interval_theorem,rho_0500_seed_019,0.5,19,,0.5800374880778914,0.4737281932228354,0.4737281932228354,0.4737281932228354,,theorem,conditional interval theorem
tikz-frontier-v1,figure3,B,Miss probability frontier,21,miss_probability,observed_randomization,rho_0500_seed_020,0.5,20,,0.6591495314793686,0.6532,0.6532,0.6532,20000,observed,observed randomization
tikz-frontier-v1,figure3,B,Miss probability frontier,21,miss_probability,conditional_interval_theorem,rho_0500_seed_020,0.5,20,,0.6591495314793686,0.6577568442408387,0.6577568442408387,0.6577568442408387,,theorem,conditional interval theorem
tikz-frontier-v1,figure3,B,Miss probability frontier,22,miss_probability,observed_randomization,rho_0500_seed_021,0.5,21,,0.5075154672840972,0.45605,0.45605,0.45605,20000,observed,observed randomization
tikz-frontier-v1,figure3,B,Miss probability frontier,22,miss_probability,conditional_interval_theorem,rho_0500_seed_021,0.5,21,,0.5075154672840972,0.457576503448145,0.457576503448145,0.457576503448145,,theorem,conditional interval theorem
tikz-frontier-v1,figure3,B,Miss probability frontier,23,miss_probability,observed_randomization,rho_0500_seed_022,0.5,22,,0.6020807850021088,0.4906,0.4906,0.4906,20000,observed,observed randomization
tikz-frontier-v1,figure3,B,Miss probability frontier,23,miss_probability,conditional_interval_theorem,rho_0500_seed_022,0.5,22,,0.6020807850021088,0.49195611868882877,0.49195611868882877,0.49195611868882877,,theorem,conditional interval theorem
tikz-frontier-v1,figure3,B,Miss probability frontier,24,miss_probability,observed_randomization,rho_0500_seed_023,0.5,23,,0.48504791560946303,0.46625,0.46625,0.46625,20000,observed,observed randomization
tikz-frontier-v1,figure3,B,Miss probability frontier,24,miss_probability,conditional_interval_theorem,rho_0500_seed_023,0.5,23,,0.48504791560946303,0.4679728742740511,0.4679728742740511,0.4679728742740511,,theorem,conditional interval theorem
tikz-frontier-v1,figure3,B,Miss probability frontier,25,miss_probability,observed_randomization,rho_0500_seed_024,0.5,24,,0.6247139772533906,0.6396,0.6396,0.6396,20000,observed,observed randomization
tikz-frontier-v1,figure3,B,Miss probability frontier,25,miss_probability,conditional_interval_theorem,rho_0500_seed_024,0.5,24,,0.6247139772533906,0.6387874398580204,0.6387874398580204,0.6387874398580204,,theorem,conditional interval theorem
tikz-frontier-v1,figure3,B,Miss probability frontier,26,miss_probability,observed_randomization,rho_0500_seed_025,0.5,25,,0.5821121359577562,0.5649,0.5649,0.5649,20000,observed,observed randomization
tikz-frontier-v1,figure3,B,Miss probability frontier,26,miss_probability,conditional_interval_theorem,rho_0500_seed_025,0.5,25,,0.5821121359577562,0.5662270960736837,0.5662270960736837,0.5662270960736837,,theorem,conditional interval theorem
tikz-frontier-v1,figure3,B,Miss probability frontier,27,miss_probability,observed_randomization,rho_0500_seed_026,0.5,26,,0.32407697389584067,0.1532,0.1532,0.1532,20000,observed,observed randomization
tikz-frontier-v1,figure3,B,Miss probability frontier,27,miss_probability,conditional_interval_theorem,rho_0500_seed_026,0.5,26,,0.32407697389584067,0.15169518539413165,0.15169518539413165,0.15169518539413165,,theorem,conditional interval theorem
tikz-frontier-v1,figure3,B,Miss probability frontier,28,miss_probability,observed_randomization,rho_0500_seed_027,0.5,27,,0.47084391158283284,0.44245,0.44245,0.44245,20000,observed,observed randomization
tikz-frontier-v1,figure3,B,Miss probability frontier,28,miss_probability,conditional_interval_theorem,rho_0500_seed_027,0.5,27,,0.47084391158283284,0.4387432065161728,0.4387432065161728,0.4387432065161728,,theorem,conditional interval theorem
tikz-frontier-v1,figure3,B,Miss probability frontier,29,miss_probability,observed_randomization,rho_0500_seed_028,0.5,28,,0.5090988136571913,0.44775,0.44775,0.44775,20000,observed,observed randomization
tikz-frontier-v1,figure3,B,Miss probability frontier,29,miss_probability,conditional_interval_theorem,rho_0500_seed_028,0.5,28,,0.5090988136571913,0.4488524504385597,0.4488524504385597,0.4488524504385597,,theorem,conditional interval theorem
tikz-frontier-v1,figure3,B,Miss probability frontier,30,miss_probability,observed_randomization,rho_0500_seed_029,0.5,29,,0.346261165987849,0.41135,0.41135,0.41135,20000,observed,observed randomization
tikz-frontier-v1,figure3,B,Miss probability frontier,30,miss_probability,conditional_interval_theorem,rho_0500_seed_029,0.5,29,,0.346261165987849,0.4093976363976752,0.4093976363976752,0.4093976363976752,,theorem,conditional interval theorem
tikz-frontier-v1,figure3,B,Miss probability frontier,31,miss_probability,observed_randomization,rho_0500_seed_030,0.5,30,,0.5129496505627354,0.5126,0.5126,0.5126,20000,observed,observed randomization
tikz-frontier-v1,figure3,B,Miss probability frontier,31,miss_probability,conditional_interval_theorem,rho_0500_seed_030,0.5,30,,0.5129496505627354,0.5116428527878696,0.5116428527878696,0.5116428527878696,,theorem,conditional interval theorem
tikz-frontier-v1,figure3,B,Miss probability frontier,32,miss_probability,observed_randomization,rho_0500_seed_031,0.5,31,,0.4791542797053158,0.47275,0.47275,0.47275,20000,observed,observed randomization
tikz-frontier-v1,figure3,B,Miss probability frontier,32,miss_probability,conditional_interval_theorem,rho_0500_seed_031,0.5,31,,0.4791542797053158,0.4714356250824197,0.4714356250824197,0.4714356250824197,,theorem,conditional interval theorem
tikz-frontier-v1,figure3,B,Miss probability frontier,33,miss_probability,observed_randomization,rho_0500_seed_032,0.5,32,,0.5252552374198011,0.5366,0.5366,0.5366,20000,observed,observed randomization
tikz-frontier-v1,figure3,B,Miss probability frontier,33,miss_probability,conditional_interval_theorem,rho_0500_seed_032,0.5,32,,0.5252552374198011,0.5337225537448115,0.5337225537448115,0.5337225537448115,,theorem,conditional interval theorem
tikz-frontier-v1,figure3,B,Miss probability frontier,34,miss_probability,observed_randomization,rho_0500_seed_033,0.5,33,,0.5956101915679604,0.51255,0.51255,0.51255,20000,observed,observed randomization
tikz-frontier-v1,figure3,B,Miss probability frontier,34,miss_probability,conditional_interval_theorem,rho_0500_seed_033,0.5,33,,0.5956101915679604,0.5131509941231345,0.5131509941231345,0.5131509941231345,,theorem,conditional interval theorem
tikz-frontier-v1,figure3,B,Miss probability frontier,35,miss_probability,observed_randomization,rho_0500_seed_034,0.5,34,,0.39667814245466027,0.3978,0.3978,0.3978,20000,observed,observed randomization
tikz-frontier-v1,figure3,B,Miss probability frontier,35,miss_probability,conditional_interval_theorem,rho_0500_seed_034,0.5,34,,0.39667814245466027,0.39590725033338797,0.39590725033338797,0.39590725033338797,,theorem,conditional interval theorem
tikz-frontier-v1,figure3,B,Miss probability frontier,36,miss_probability,observed_randomization,rho_0500_seed_035,0.5,35,,0.6910378456749964,0.6366,0.6366,0.6366,20000,observed,observed randomization
tikz-frontier-v1,figure3,B,Miss probability frontier,36,miss_probability,conditional_interval_theorem,rho_0500_seed_035,0.5,35,,0.6910378456749964,0.6395031998072643,0.6395031998072643,0.6395031998072643,,theorem,conditional interval theorem
tikz-frontier-v1,figure3,B,Miss probability frontier,37,miss_probability,observed_randomization,rho_0500_seed_036,0.5,36,,0.47011826210077434,0.3285,0.3285,0.3285,20000,observed,observed randomization
tikz-frontier-v1,figure3,B,Miss probability frontier,37,miss_probability,conditional_interval_theorem,rho_0500_seed_036,0.5,36,,0.47011826210077434,0.332589018267428,0.332589018267428,0.332589018267428,,theorem,conditional interval theorem
tikz-frontier-v1,figure3,B,Miss probability frontier,38,miss_probability,observed_randomization,rho_0500_seed_037,0.5,37,,0.516386635464422,0.5136,0.5136,0.5136,20000,observed,observed randomization
tikz-frontier-v1,figure3,B,Miss probability frontier,38,miss_probability,conditional_interval_theorem,rho_0500_seed_037,0.5,37,,0.516386635464422,0.5134900270158423,0.5134900270158423,0.5134900270158423,,theorem,conditional interval theorem
tikz-frontier-v1,figure3,B,Miss probability frontier,39,miss_probability,observed_randomization,rho_0500_seed_038,0.5,38,,0.6924906192118258,0.60025,0.60025,0.60025,20000,observed,observed randomization
tikz-frontier-v1,figure3,B,Miss probability frontier,39,miss_probability,conditional_interval_theorem,rho_0500_seed_038,0.5,38,,0.6924906192118258,0.6046554820124802,0.6046554820124802,0.6046554820124802,,theorem,conditional interval theorem
tikz-frontier-v1,figure3,B,Miss probability frontier,40,miss_probability,observed_randomization,rho_0500_seed_039,0.5,39,,0.5191469157209534,0.5355,0.5355,0.5355,20000,observed,observed randomization
tikz-frontier-v1,figure3,B,Miss probability frontier,40,miss_probability,conditional_interval_theorem,rho_0500_seed_039,0.5,39,,0.5191469157209534,0.5414807363017095,0.5414807363017095,0.5414807363017095,,theorem,conditional interval theorem
tikz-frontier-v1,figure3,B,Miss probability frontier,1,miss_probability,observed_randomization,rho_0750_seed_000,0.75,0,,0.5489001340102673,0.4916,0.4916,0.4916,20000,observed,observed randomization
tikz-frontier-v1,figure3,B,Miss probability frontier,1,miss_probability,conditional_interval_theorem,rho_0750_seed_000,0.75,0,,0.5489001340102673,0.49487260476487865,0.49487260476487865,0.49487260476487865,,theorem,conditional interval theorem
tikz-frontier-v1,figure3,B,Miss probability frontier,2,miss_probability,observed_randomization,rho_0750_seed_001,0.75,1,,0.46397146880585394,0.2798,0.2798,0.2798,20000,observed,observed randomization
tikz-frontier-v1,figure3,B,Miss probability frontier,2,miss_probability,conditional_interval_theorem,rho_0750_seed_001,0.75,1,,0.46397146880585394,0.2814159247772231,0.2814159247772231,0.2814159247772231,,theorem,conditional interval theorem
tikz-frontier-v1,figure3,B,Miss probability frontier,3,miss_probability,observed_randomization,rho_0750_seed_002,0.75,2,,0.46299542980575875,0.28195,0.28195,0.28195,20000,observed,observed randomization
tikz-frontier-v1,figure3,B,Miss probability frontier,3,miss_probability,conditional_interval_theorem,rho_0750_seed_002,0.75,2,,0.46299542980575875,0.279749475498839,0.279749475498839,0.279749475498839,,theorem,conditional interval theorem
tikz-frontier-v1,figure3,B,Miss probability frontier,4,miss_probability,observed_randomization,rho_0750_seed_003,0.75,3,,0.49424738247287736,0.4832,0.4832,0.4832,20000,observed,observed randomization
tikz-frontier-v1,figure3,B,Miss probability frontier,4,miss_probability,conditional_interval_theorem,rho_0750_seed_003,0.75,3,,0.49424738247287736,0.48370315802616826,0.48370315802616826,0.48370315802616826,,theorem,conditional interval theorem
tikz-frontier-v1,figure3,B,Miss probability frontier,5,miss_probability,observed_randomization,rho_0750_seed_004,0.75,4,,0.7538292780186785,0.5532,0.5532,0.5532,20000,observed,observed randomization
tikz-frontier-v1,figure3,B,Miss probability frontier,5,miss_probability,conditional_interval_theorem,rho_0750_seed_004,0.75,4,,0.7538292780186785,0.555370023255343,0.555370023255343,0.555370023255343,,theorem,conditional interval theorem
tikz-frontier-v1,figure3,B,Miss probability frontier,6,miss_probability,observed_randomization,rho_0750_seed_005,0.75,5,,0.3883411617869335,0.3689,0.3689,0.3689,20000,observed,observed randomization
tikz-frontier-v1,figure3,B,Miss probability frontier,6,miss_probability,conditional_interval_theorem,rho_0750_seed_005,0.75,5,,0.3883411617869335,0.36306792577113467,0.36306792577113467,0.36306792577113467,,theorem,conditional interval theorem
tikz-frontier-v1,figure3,B,Miss probability frontier,7,miss_probability,observed_randomization,rho_0750_seed_006,0.75,6,,0.6155151034765964,0.51865,0.51865,0.51865,20000,observed,observed randomization
tikz-frontier-v1,figure3,B,Miss probability frontier,7,miss_probability,conditional_interval_theorem,rho_0750_seed_006,0.75,6,,0.6155151034765964,0.5126982876507272,0.5126982876507272,0.5126982876507272,,theorem,conditional interval theorem
tikz-frontier-v1,figure3,B,Miss probability frontier,8,miss_probability,observed_randomization,rho_0750_seed_007,0.75,7,,0.7959992724807635,0.77,0.77,0.77,20000,observed,observed randomization
tikz-frontier-v1,figure3,B,Miss probability frontier,8,miss_probability,conditional_interval_theorem,rho_0750_seed_007,0.75,7,,0.7959992724807635,0.7698092108610475,0.7698092108610475,0.7698092108610475,,theorem,conditional interval theorem
tikz-frontier-v1,figure3,B,Miss probability frontier,9,miss_probability,observed_randomization,rho_0750_seed_008,0.75,8,,0.5345022878770934,0.33075,0.33075,0.33075,20000,observed,observed randomization
tikz-frontier-v1,figure3,B,Miss probability frontier,9,miss_probability,conditional_interval_theorem,rho_0750_seed_008,0.75,8,,0.5345022878770934,0.3296357825768471,0.3296357825768471,0.3296357825768471,,theorem,conditional interval theorem
tikz-frontier-v1,figure3,B,Miss probability frontier,10,miss_probability,observed_randomization,rho_0750_seed_009,0.75,9,,0.6979096165829368,0.58275,0.58275,0.58275,20000,observed,observed randomization
tikz-frontier-v1,figure3,B,Miss probability frontier,10,miss_probability,conditional_interval_theorem,rho_0750_seed_009,0.75,9,,0.6979096165829368,0.5843223536629856,0.5843223536629856,0.5843223536629856,,theorem,conditional interval theorem
tikz-frontier-v1,figure3,B,Miss probability frontier,11,miss_probability,observed_randomization,rho_0750_seed_010,0.75,10,,0.7231581702790637,0.56285,0.56285,0.56285,20000,observed,observed randomization
tikz-frontier-v1,figure3,B,Miss probability frontier,11,miss_probability,conditional_interval_theorem,rho_0750_seed_010,0.75,10,,0.7231581702790637,0.5643721590959279,0.5643721590959279,0.5643721590959279,,theorem,conditional interval theorem
tikz-frontier-v1,figure3,B,Miss probability frontier,12,miss_probability,observed_randomization,rho_0750_seed_011,0.75,11,,0.6502750430303332,0.5582,0.5582,0.5582,20000,observed,observed randomization
tikz-frontier-v1,figure3,B,Miss probability frontier,12,miss_probability,conditional_interval_theorem,rho_0750_seed_011,0.75,11,,0.6502750430303332,0.5554503933017252,0.5554503933017252,0.5554503933017252,,theorem,conditional interval theorem
tikz-frontier-v1,figure3,B,Miss probability frontier,13,miss_probability,observed_randomization,rho_0750_seed_012,0.75,12,,0.8187548601317888,0.70935,0.70935,0.70935,20000,observed,observed randomization
tikz-frontier-v1,figure3,B,Miss probability frontier,13,miss_probability,conditional_interval_theorem,rho_0750_seed_012,0.75,12,,0.8187548601317888,0.710751458096159,0.710751458096159,0.710751458096159,,theorem,conditional interval theorem
tikz-frontier-v1,figure3,B,Miss probability frontier,14,miss_probability,observed_randomization,rho_0750_seed_013,0.75,13,,0.7287682472326097,0.5876,0.5876,0.5876,20000,observed,observed randomization
tikz-frontier-v1,figure3,B,Miss probability frontier,14,miss_probability,conditional_interval_theorem,rho_0750_seed_013,0.75,13,,0.7287682472326097,0.5872041816782387,0.5872041816782387,0.5872041816782387,,theorem,conditional interval theorem
tikz-frontier-v1,figure3,B,Miss probability frontier,15,miss_probability,observed_randomization,rho_0750_seed_014,0.75,14,,0.6472112764050476,0.421,0.421,0.421,20000,observed,observed randomization
tikz-frontier-v1,figure3,B,Miss probability frontier,15,miss_probability,conditional_interval_theorem,rho_0750_seed_014,0.75,14,,0.6472112764050476,0.42042110683760436,0.42042110683760436,0.42042110683760436,,theorem,conditional interval theorem
tikz-frontier-v1,figure3,B,Miss probability frontier,16,miss_probability,observed_randomization,rho_0750_seed_015,0.75,15,,0.5975148897834448,0.48045,0.48045,0.48045,20000,observed,observed randomization
tikz-frontier-v1,figure3,B,Miss probability frontier,16,miss_probability,conditional_interval_theorem,rho_0750_seed_015,0.75,15,,0.5975148897834448,0.48122066622243403,0.48122066622243403,0.48122066622243403,,theorem,conditional interval theorem
tikz-frontier-v1,figure3,B,Miss probability frontier,17,miss_probability,observed_randomization,rho_0750_seed_016,0.75,16,,0.7572568972443348,0.5355,0.5355,0.5355,20000,observed,observed randomization
tikz-frontier-v1,figure3,B,Miss probability frontier,17,miss_probability,conditional_interval_theorem,rho_0750_seed_016,0.75,16,,0.7572568972443348,0.5367554365581574,0.5367554365581574,0.5367554365581574,,theorem,conditional interval theorem
tikz-frontier-v1,figure3,B,Miss probability frontier,18,miss_probability,observed_randomization,rho_0750_seed_017,0.75,17,,0.38865302001906366,0.35355,0.35355,0.35355,20000,observed,observed randomization
tikz-frontier-v1,figure3,B,Miss probability frontier,18,miss_probability,conditional_interval_theorem,rho_0750_seed_017,0.75,17,,0.38865302001906366,0.3560094483546734,0.3560094483546734,0.3560094483546734,,theorem,conditional interval theorem
tikz-frontier-v1,figure3,B,Miss probability frontier,19,miss_probability,observed_randomization,rho_0750_seed_018,0.75,18,,0.4572090531119398,0.3333,0.3333,0.3333,20000,observed,observed randomization
tikz-frontier-v1,figure3,B,Miss probability frontier,19,miss_probability,conditional_interval_theorem,rho_0750_seed_018,0.75,18,,0.4572090531119398,0.337911921703111,0.337911921703111,0.337911921703111,,theorem,conditional interval theorem
tikz-frontier-v1,figure3,B,Miss probability frontier,20,miss_probability,observed_randomization,rho_0750_seed_019,0.75,19,,0.5485148289152416,0.4362,0.4362,0.4362,20000,observed,observed randomization
tikz-frontier-v1,figure3,B,Miss probability frontier,20,miss_probability,conditional_interval_theorem,rho_0750_seed_019,0.75,19,,0.5485148289152416,0.43314190034544847,0.43314190034544847,0.43314190034544847,,theorem,conditional interval theorem
tikz-frontier-v1,figure3,B,Miss probability frontier,21,miss_probability,observed_randomization,rho_0750_seed_020,0.75,20,,0.6430819183988785,0.641,0.641,0.641,20000,observed,observed randomization
tikz-frontier-v1,figure3,B,Miss probability frontier,21,miss_probability,conditional_interval_theorem,rho_0750_seed_020,0.75,20,,0.6430819183988785,0.6398165661173278,0.6398165661173278,0.6398165661173278,,theorem,conditional interval theorem
tikz-frontier-v1,figure3,B,Miss probability frontier,22,miss_probability,observed_randomization,rho_0750_seed_021,0.75,21,,0.7044845858020248,0.56255,0.56255,0.56255,20000,observed,observed randomization
tikz-frontier-v1,figure3,B,Miss probability frontier,22,miss_probability,conditional_interval_theorem,rho_0750_seed_021,0.75,21,,0.7044845858020248,0.5629011725849818,0.5629011725849818,0.5629011725849818,,theorem,conditional interval theorem
tikz-frontier-v1,figure3,B,Miss probability frontier,23,miss_probability,observed_randomization,rho_0750_seed_022,0.75,22,,0.8105504764473327,0.6949,0.6949,0.6949,20000,observed,observed randomization
tikz-frontier-v1,figure3,B,Miss probability frontier,23,miss_probability,conditional_interval_theorem,rho_0750_seed_022,0.75,22,,0.8105504764473327,0.6918246567528348,0.6918246567528348,0.6918246567528348,,theorem,conditional interval theorem
tikz-frontier-v1,figure3,B,Miss probability frontier,24,miss_probability,observed_randomization,rho_0750_seed_023,0.75,23,,0.5585461064883712,0.37955,0.37955,0.37955,20000,observed,observed randomization
tikz-frontier-v1,figure3,B,Miss probability frontier,24,miss_probability,conditional_interval_theorem,rho_0750_seed_023,0.75,23,,0.5585461064883712,0.37722906919741084,0.37722906919741084,0.37722906919741084,,theorem,conditional interval theorem
tikz-frontier-v1,figure3,B,Miss probability frontier,25,miss_probability,observed_randomization,rho_0750_seed_024,0.75,24,,0.613700066868269,0.58135,0.58135,0.58135,20000,observed,observed randomization
tikz-frontier-v1,figure3,B,Miss probability frontier,25,miss_probability,conditional_interval_theorem,rho_0750_seed_024,0.75,24,,0.613700066868269,0.5862902907336727,0.5862902907336727,0.5862902907336727,,theorem,conditional interval theorem
tikz-frontier-v1,figure3,B,Miss probability frontier,26,miss_probability,observed_randomization,rho_0750_seed_025,0.75,25,,0.513458733156636,0.3838,0.3838,0.3838,20000,observed,observed randomization
tikz-frontier-v1,figure3,B,Miss probability frontier,26,miss_probability,conditional_interval_theorem,rho_0750_seed_025,0.75,25,,0.513458733156636,0.382279592912247,0.382279592912247,0.382279592912247,,theorem,conditional interval theorem
tikz-frontier-v1,figure3,B,Miss probability frontier,27,miss_probability,observed_randomization,rho_0750_seed_026,0.75,26,,0.55481742123146,0.3628,0.3628,0.3628,20000,observed,observed randomization
tikz-frontier-v1,figure3,B,Miss probability frontier,27,miss_probability,conditional_interval_theorem,rho_0750_seed_026,0.75,26,,0.55481742123146,0.3618449260078186,0.3618449260078186,0.3618449260078186,,theorem,conditional interval theorem
tikz-frontier-v1,figure3,B,Miss probability frontier,28,miss_probability,observed_randomization,rho_0750_seed_027,0.75,27,,0.6143743572366207,0.4701,0.4701,0.4701,20000,observed,observed randomization
tikz-frontier-v1,figure3,B,Miss probability frontier,28,miss_probability,conditional_interval_theorem,rho_0750_seed_027,0.75,27,,0.6143743572366207,0.46976416931087667,0.46976416931087667,0.46976416931087667,,theorem,conditional interval theorem
tikz-frontier-v1,figure3,B,Miss probability frontier,29,miss_probability,observed_randomization,rho_0750_seed_028,0.75,28,,0.5107624609712019,0.4441,0.4441,0.4441,20000,observed,observed randomization
tikz-frontier-v1,figure3,B,Miss probability frontier,29,miss_probability,conditional_interval_theorem,rho_0750_seed_028,0.75,28,,0.5107624609712019,0.44423539980354915,0.44423539980354915,0.44423539980354915,,theorem,conditional interval theorem
tikz-frontier-v1,figure3,B,Miss probability frontier,30,miss_probability,observed_randomization,rho_0750_seed_029,0.75,29,,0.6663256315167255,0.56455,0.56455,0.56455,20000,observed,observed randomization
tikz-frontier-v1,figure3,B,Miss probability frontier,30,miss_probability,conditional_interval_theorem,rho_0750_seed_029,0.75,29,,0.6663256315167255,0.5657983758478045,0.5657983758478045,0.5657983758478045,,theorem,conditional interval theorem
tikz-frontier-v1,figure3,B,Miss probability frontier,31,miss_probability,observed_randomization,rho_0750_seed_030,0.75,30,,0.6504340890357587,0.62825,0.62825,0.62825,20000,observed,observed randomization
tikz-frontier-v1,figure3,B,Miss probability frontier,31,miss_probability,conditional_interval_theorem,rho_0750_seed_030,0.75,30,,0.6504340890357587,0.630344148271901,0.630344148271901,0.630344148271901,,theorem,conditional interval theorem
tikz-frontier-v1,figure3,B,Miss probability frontier,32,miss_probability,observed_randomization,rho_0750_seed_031,0.75,31,,0.518669149191557,0.4304,0.4304,0.4304,20000,observed,observed randomization
tikz-frontier-v1,figure3,B,Miss probability frontier,32,miss_probability,conditional_interval_theorem,rho_0750_seed_031,0.75,31,,0.518669149191557,0.43221788808676415,0.43221788808676415,0.43221788808676415,,theorem,conditional interval theorem
tikz-frontier-v1,figure3,B,Miss probability frontier,33,miss_probability,observed_randomization,rho_0750_seed_032,0.75,32,,0.6422380097253243,0.5575,0.5575,0.5575,20000,observed,observed randomization
tikz-frontier-v1,figure3,B,Miss probability frontier,33,miss_probability,conditional_interval_theorem,rho_0750_seed_032,0.75,32,,0.6422380097253243,0.5502457796254783,0.5502457796254783,0.5502457796254783,,theorem,conditional interval theorem
tikz-frontier-v1,figure3,B,Miss probability frontier,34,miss_probability,observed_randomization,rho_0750_seed_033,0.75,33,,0.6930304646345714,0.59145,0.59145,0.59145,20000,observed,observed randomization
tikz-frontier-v1,figure3,B,Miss probability frontier,34,miss_probability,conditional_interval_theorem,rho_0750_seed_033,0.75,33,,0.6930304646345714,0.5867601789270184,0.5867601789270184,0.5867601789270184,,theorem,conditional interval theorem
tikz-frontier-v1,figure3,B,Miss probability frontier,35,miss_probability,observed_randomization,rho_0750_seed_034,0.75,34,,0.6620330614969759,0.5979,0.5979,0.5979,20000,observed,observed randomization
tikz-frontier-v1,figure3,B,Miss probability frontier,35,miss_probability,conditional_interval_theorem,rho_0750_seed_034,0.75,34,,0.6620330614969759,0.5953406403011703,0.5953406403011703,0.5953406403011703,,theorem,conditional interval theorem
tikz-frontier-v1,figure3,B,Miss probability frontier,36,miss_probability,observed_randomization,rho_0750_seed_035,0.75,35,,0.7275309352614777,0.66915,0.66915,0.66915,20000,observed,observed randomization
tikz-frontier-v1,figure3,B,Miss probability frontier,36,miss_probability,conditional_interval_theorem,rho_0750_seed_035,0.75,35,,0.7275309352614777,0.6676677799972716,0.6676677799972716,0.6676677799972716,,theorem,conditional interval theorem
tikz-frontier-v1,figure3,B,Miss probability frontier,37,miss_probability,observed_randomization,rho_0750_seed_036,0.75,36,,0.9166043333785582,0.72625,0.72625,0.72625,20000,observed,observed randomization
tikz-frontier-v1,figure3,B,Miss probability frontier,37,miss_probability,conditional_interval_theorem,rho_0750_seed_036,0.75,36,,0.9166043333785582,0.7265409037533801,0.7265409037533801,0.7265409037533801,,theorem,conditional interval theorem
tikz-frontier-v1,figure3,B,Miss probability frontier,38,miss_probability,observed_randomization,rho_0750_seed_037,0.75,37,,0.5167501513919185,0.49865,0.49865,0.49865,20000,observed,observed randomization
tikz-frontier-v1,figure3,B,Miss probability frontier,38,miss_probability,conditional_interval_theorem,rho_0750_seed_037,0.75,37,,0.5167501513919185,0.49907578380523837,0.49907578380523837,0.49907578380523837,,theorem,conditional interval theorem
tikz-frontier-v1,figure3,B,Miss probability frontier,39,miss_probability,observed_randomization,rho_0750_seed_038,0.75,38,,0.5830670256483282,0.5674,0.5674,0.5674,20000,observed,observed randomization
tikz-frontier-v1,figure3,B,Miss probability frontier,39,miss_probability,conditional_interval_theorem,rho_0750_seed_038,0.75,38,,0.5830670256483282,0.5680117917354633,0.5680117917354633,0.5680117917354633,,theorem,conditional interval theorem
tikz-frontier-v1,figure3,B,Miss probability frontier,40,miss_probability,observed_randomization,rho_0750_seed_039,0.75,39,,0.633513385194711,0.49705,0.49705,0.49705,20000,observed,observed randomization
tikz-frontier-v1,figure3,B,Miss probability frontier,40,miss_probability,conditional_interval_theorem,rho_0750_seed_039,0.75,39,,0.633513385194711,0.4956820717571,0.4956820717571,0.4956820717571,,theorem,conditional interval theorem
tikz-frontier-v1,figure3,B,Miss probability frontier,1,miss_probability,observed_randomization,rho_1000_seed_000,1.0,0,,0.8844464388189823,0.7704,0.7704,0.7704,20000,observed,observed randomization
tikz-frontier-v1,figure3,B,Miss probability frontier,1,miss_probability,conditional_interval_theorem,rho_1000_seed_000,1.0,0,,0.8844464388189823,0.7722902289750239,0.7722902289750239,0.7722902289750239,,theorem,conditional interval theorem
tikz-frontier-v1,figure3,B,Miss probability frontier,2,miss_probability,observed_randomization,rho_1000_seed_001,1.0,1,,0.7975673842907567,0.688,0.688,0.688,20000,observed,observed randomization
tikz-frontier-v1,figure3,B,Miss probability frontier,2,miss_probability,conditional_interval_theorem,rho_1000_seed_001,1.0,1,,0.7975673842907567,0.6872878821580658,0.6872878821580658,0.6872878821580658,,theorem,conditional interval theorem
tikz-frontier-v1,figure3,B,Miss probability frontier,3,miss_probability,observed_randomization,rho_1000_seed_002,1.0,2,,0.292039836015579,0.0772,0.0772,0.0772,20000,observed,observed randomization
tikz-frontier-v1,figure3,B,Miss probability frontier,3,miss_probability,conditional_interval_theorem,rho_1000_seed_002,1.0,2,,0.292039836015579,0.07737117675172077,0.07737117675172077,0.07737117675172077,,theorem,conditional interval theorem
tikz-frontier-v1,figure3,B,Miss probability frontier,4,miss_probability,observed_randomization,rho_1000_seed_003,1.0,3,,0.3799631576401841,0.41825,0.41825,0.41825,20000,observed,observed randomization
tikz-frontier-v1,figure3,B,Miss probability frontier,4,miss_probability,conditional_interval_theorem,rho_1000_seed_003,1.0,3,,0.3799631576401841,0.4183415067811041,0.4183415067811041,0.4183415067811041,,theorem,conditional interval theorem
tikz-frontier-v1,figure3,B,Miss probability frontier,5,miss_probability,observed_randomization,rho_1000_seed_004,1.0,4,,0.9352683957632124,0.73655,0.73655,0.73655,20000,observed,observed randomization
tikz-frontier-v1,figure3,B,Miss probability frontier,5,miss_probability,conditional_interval_theorem,rho_1000_seed_004,1.0,4,,0.9352683957632124,0.7384202196401327,0.7384202196401327,0.7384202196401327,,theorem,conditional interval theorem
tikz-frontier-v1,figure3,B,Miss probability frontier,6,miss_probability,observed_randomization,rho_1000_seed_005,1.0,5,,0.4850511748554376,0.24305,0.24305,0.24305,20000,observed,observed randomization
tikz-frontier-v1,figure3,B,Miss probability frontier,6,miss_probability,conditional_interval_theorem,rho_1000_seed_005,1.0,5,,0.4850511748554376,0.243467576441974,0.243467576441974,0.243467576441974,,theorem,conditional interval theorem
tikz-frontier-v1,figure3,B,Miss probability frontier,7,miss_probability,observed_randomization,rho_1000_seed_006,1.0,6,,0.5605496918376724,0.47155,0.47155,0.47155,20000,observed,observed randomization
tikz-frontier-v1,figure3,B,Miss probability frontier,7,miss_probability,conditional_interval_theorem,rho_1000_seed_006,1.0,6,,0.5605496918376724,0.4716444371962272,0.4716444371962272,0.4716444371962272,,theorem,conditional interval theorem
tikz-frontier-v1,figure3,B,Miss probability frontier,8,miss_probability,observed_randomization,rho_1000_seed_007,1.0,7,,0.47652061174109744,0.376,0.376,0.376,20000,observed,observed randomization
tikz-frontier-v1,figure3,B,Miss probability frontier,8,miss_probability,conditional_interval_theorem,rho_1000_seed_007,1.0,7,,0.47652061174109744,0.3797509240352943,0.3797509240352943,0.3797509240352943,,theorem,conditional interval theorem
tikz-frontier-v1,figure3,B,Miss probability frontier,9,miss_probability,observed_randomization,rho_1000_seed_008,1.0,8,,0.5593749876455617,0.62515,0.62515,0.62515,20000,observed,observed randomization
tikz-frontier-v1,figure3,B,Miss probability frontier,9,miss_probability,conditional_interval_theorem,rho_1000_seed_008,1.0,8,,0.5593749876455617,0.629873602918757,0.629873602918757,0.629873602918757,,theorem,conditional interval theorem
tikz-frontier-v1,figure3,B,Miss probability frontier,10,miss_probability,observed_randomization,rho_1000_seed_009,1.0,9,,0.39865503859790846,0.29355,0.29355,0.29355,20000,observed,observed randomization
tikz-frontier-v1,figure3,B,Miss probability frontier,10,miss_probability,conditional_interval_theorem,rho_1000_seed_009,1.0,9,,0.39865503859790846,0.29162123258231976,0.29162123258231976,0.29162123258231976,,theorem,conditional interval theorem
tikz-frontier-v1,figure3,B,Miss probability frontier,11,miss_probability,observed_randomization,rho_1000_seed_010,1.0,10,,0.4753830657420642,0.3986,0.3986,0.3986,20000,observed,observed randomization
tikz-frontier-v1,figure3,B,Miss probability frontier,11,miss_probability,conditional_interval_theorem,rho_1000_seed_010,1.0,10,,0.4753830657420642,0.39794684899840427,0.39794684899840427,0.39794684899840427,,theorem,conditional interval theorem
tikz-frontier-v1,figure3,B,Miss probability frontier,12,miss_probability,observed_randomization,rho_1000_seed_011,1.0,11,,0.5262540416962794,0.4811,0.4811,0.4811,20000,observed,observed randomization
tikz-frontier-v1,figure3,B,Miss probability frontier,12,miss_probability,conditional_interval_theorem,rho_1000_seed_011,1.0,11,,0.5262540416962794,0.48221637286212304,0.48221637286212304,0.48221637286212304,,theorem,conditional interval theorem
tikz-frontier-v1,figure3,B,Miss probability frontier,13,miss_probability,observed_randomization,rho_1000_seed_012,1.0,12,,0.3024560416315022,0.14765,0.14765,0.14765,20000,observed,observed randomization
tikz-frontier-v1,figure3,B,Miss probability frontier,13,miss_probability,conditional_interval_theorem,rho_1000_seed_012,1.0,12,,0.3024560416315022,0.14820746023532577,0.14820746023532577,0.14820746023532577,,theorem,conditional interval theorem
tikz-frontier-v1,figure3,B,Miss probability frontier,14,miss_probability,observed_randomization,rho_1000_seed_013,1.0,13,,0.676320082751198,0.6375,0.6375,0.6375,20000,observed,observed randomization
tikz-frontier-v1,figure3,B,Miss probability frontier,14,miss_probability,conditional_interval_theorem,rho_1000_seed_013,1.0,13,,0.676320082751198,0.6352764381897799,0.6352764381897799,0.6352764381897799,,theorem,conditional interval theorem
tikz-frontier-v1,figure3,B,Miss probability frontier,15,miss_probability,observed_randomization,rho_1000_seed_014,1.0,14,,0.3987477150918944,0.29695,0.29695,0.29695,20000,observed,observed randomization
tikz-frontier-v1,figure3,B,Miss probability frontier,15,miss_probability,conditional_interval_theorem,rho_1000_seed_014,1.0,14,,0.3987477150918944,0.2985683039142348,0.2985683039142348,0.2985683039142348,,theorem,conditional interval theorem
tikz-frontier-v1,figure3,B,Miss probability frontier,16,miss_probability,observed_randomization,rho_1000_seed_015,1.0,15,,0.6710601016329827,0.627,0.627,0.627,20000,observed,observed randomization
tikz-frontier-v1,figure3,B,Miss probability frontier,16,miss_probability,conditional_interval_theorem,rho_1000_seed_015,1.0,15,,0.6710601016329827,0.6340466102348937,0.6340466102348937,0.6340466102348937,,theorem,conditional interval theorem
tikz-frontier-v1,figure3,B,Miss probability frontier,17,miss_probability,observed_randomization,rho_1000_seed_016,1.0,16,,0.5476648565801703,0.45615,0.45615,0.45615,20000,observed,observed randomization
tikz-frontier-v1,figure3,B,Miss probability frontier,17,miss_probability,conditional_interval_theorem,rho_1000_seed_016,1.0,16,,0.5476648565801703,0.46000249799893966,0.46000249799893966,0.46000249799893966,,theorem,conditional interval theorem
tikz-frontier-v1,figure3,B,Miss probability frontier,18,miss_probability,observed_randomization,rho_1000_seed_017,1.0,17,,0.5465216723707389,0.5442,0.5442,0.5442,20000,observed,observed randomization
tikz-frontier-v1,figure3,B,Miss probability frontier,18,miss_probability,conditional_interval_theorem,rho_1000_seed_017,1.0,17,,0.5465216723707389,0.5409234600352587,0.5409234600352587,0.5409234600352587,,theorem,conditional interval theorem
tikz-frontier-v1,figure3,B,Miss probability frontier,19,miss_probability,observed_randomization,rho_1000_seed_018,1.0,18,,0.4561520529026606,0.24945,0.24945,0.24945,20000,observed,observed randomization
tikz-frontier-v1,figure3,B,Miss probability frontier,19,miss_probability,conditional_interval_theorem,rho_1000_seed_018,1.0,18,,0.4561520529026606,0.24610530036379694,0.24610530036379694,0.24610530036379694,,theorem,conditional interval theorem
tikz-frontier-v1,figure3,B,Miss probability frontier,20,miss_probability,observed_randomization,rho_1000_seed_019,1.0,19,,0.6613036262471012,0.5112,0.5112,0.5112,20000,observed,observed randomization
tikz-frontier-v1,figure3,B,Miss probability frontier,20,miss_probability,conditional_interval_theorem,rho_1000_seed_019,1.0,19,,0.6613036262471012,0.5076516070136747,0.5076516070136747,0.5076516070136747,,theorem,conditional interval theorem
tikz-frontier-v1,figure3,B,Miss probability frontier,21,miss_probability,observed_randomization,rho_1000_seed_020,1.0,20,,0.7523988858526689,0.68415,0.68415,0.68415,20000,observed,observed randomization
tikz-frontier-v1,figure3,B,Miss probability frontier,21,miss_probability,conditional_interval_theorem,rho_1000_seed_020,1.0,20,,0.7523988858526689,0.6866584468986378,0.6866584468986378,0.6866584468986378,,theorem,conditional interval theorem
tikz-frontier-v1,figure3,B,Miss probability frontier,22,miss_probability,observed_randomization,rho_1000_seed_021,1.0,21,,0.7157869262778166,0.68795,0.68795,0.68795,20000,observed,observed randomization
tikz-frontier-v1,figure3,B,Miss probability frontier,22,miss_probability,conditional_interval_theorem,rho_1000_seed_021,1.0,21,,0.7157869262778166,0.691527353937297,0.691527353937297,0.691527353937297,,theorem,conditional interval theorem
tikz-frontier-v1,figure3,B,Miss probability frontier,23,miss_probability,observed_randomization,rho_1000_seed_022,1.0,22,,0.5021464980861761,0.38565,0.38565,0.38565,20000,observed,observed randomization
tikz-frontier-v1,figure3,B,Miss probability frontier,23,miss_probability,conditional_interval_theorem,rho_1000_seed_022,1.0,22,,0.5021464980861761,0.3829304680459816,0.3829304680459816,0.3829304680459816,,theorem,conditional interval theorem
tikz-frontier-v1,figure3,B,Miss probability frontier,24,miss_probability,observed_randomization,rho_1000_seed_023,1.0,23,,0.905643767431564,0.72235,0.72235,0.72235,20000,observed,observed randomization
tikz-frontier-v1,figure3,B,Miss probability frontier,24,miss_probability,conditional_interval_theorem,rho_1000_seed_023,1.0,23,,0.905643767431564,0.7237791195775574,0.7237791195775574,0.7237791195775574,,theorem,conditional interval theorem
tikz-frontier-v1,figure3,B,Miss probability frontier,25,miss_probability,observed_randomization,rho_1000_seed_024,1.0,24,,0.7252784474740344,0.61685,0.61685,0.61685,20000,observed,observed randomization
tikz-frontier-v1,figure3,B,Miss probability frontier,25,miss_probability,conditional_interval_theorem,rho_1000_seed_024,1.0,24,,0.7252784474740344,0.6140194634289947,0.6140194634289947,0.6140194634289947,,theorem,conditional interval theorem
tikz-frontier-v1,figure3,B,Miss probability frontier,26,miss_probability,observed_randomization,rho_1000_seed_025,1.0,25,,0.45874336731650184,0.476,0.476,0.476,20000,observed,observed randomization
tikz-frontier-v1,figure3,B,Miss probability frontier,26,miss_probability,conditional_interval_theorem,rho_1000_seed_025,1.0,25,,0.45874336731650184,0.4759426744081292,0.4759426744081292,0.4759426744081292,,theorem,conditional interval theorem
tikz-frontier-v1,figure3,B,Miss probability frontier,27,miss_probability,observed_randomization,rho_1000_seed_026,1.0,26,,0.8784469355841493,0.71805,0.71805,0.71805,20000,observed,observed randomization
tikz-frontier-v1,figure3,B,Miss probability frontier,27,miss_probability,conditional_interval_theorem,rho_1000_seed_026,1.0,26,,0.8784469355841493,0.7238378007811795,0.7238378007811795,0.7238378007811795,,theorem,conditional interval theorem
tikz-frontier-v1,figure3,B,Miss probability frontier,28,miss_probability,observed_randomization,rho_1000_seed_027,1.0,27,,0.7617577868281784,0.5984,0.5984,0.5984,20000,observed,observed randomization
tikz-frontier-v1,figure3,B,Miss probability frontier,28,miss_probability,conditional_interval_theorem,rho_1000_seed_027,1.0,27,,0.7617577868281784,0.6032440165239369,0.6032440165239369,0.6032440165239369,,theorem,conditional interval theorem
tikz-frontier-v1,figure3,B,Miss probability frontier,29,miss_probability,observed_randomization,rho_1000_seed_028,1.0,28,,0.1793201780271738,0.1144,0.1144,0.1144,20000,observed,observed randomization
tikz-frontier-v1,figure3,B,Miss probability frontier,29,miss_probability,conditional_interval_theorem,rho_1000_seed_028,1.0,28,,0.1793201780271738,0.11523419347714352,0.11523419347714352,0.11523419347714352,,theorem,conditional interval theorem
tikz-frontier-v1,figure3,B,Miss probability frontier,30,miss_probability,observed_randomization,rho_1000_seed_029,1.0,29,,0.5844903051300272,0.4855,0.4855,0.4855,20000,observed,observed randomization
tikz-frontier-v1,figure3,B,Miss probability frontier,30,miss_probability,conditional_interval_theorem,rho_1000_seed_029,1.0,29,,0.5844903051300272,0.48291047528283115,0.48291047528283115,0.48291047528283115,,theorem,conditional interval theorem
tikz-frontier-v1,figure3,B,Miss probability frontier,31,miss_probability,observed_randomization,rho_1000_seed_030,1.0,30,,0.6768008603262659,0.6042,0.6042,0.6042,20000,observed,observed randomization
tikz-frontier-v1,figure3,B,Miss probability frontier,31,miss_probability,conditional_interval_theorem,rho_1000_seed_030,1.0,30,,0.6768008603262659,0.6010602690389377,0.6010602690389377,0.6010602690389377,,theorem,conditional interval theorem
tikz-frontier-v1,figure3,B,Miss probability frontier,32,miss_probability,observed_randomization,rho_1000_seed_031,1.0,31,,0.6067540366671469,0.53475,0.53475,0.53475,20000,observed,observed randomization
tikz-frontier-v1,figure3,B,Miss probability frontier,32,miss_probability,conditional_interval_theorem,rho_1000_seed_031,1.0,31,,0.6067540366671469,0.5433446284668134,0.5433446284668134,0.5433446284668134,,theorem,conditional interval theorem
tikz-frontier-v1,figure3,B,Miss probability frontier,33,miss_probability,observed_randomization,rho_1000_seed_032,1.0,32,,0.7301386819577558,0.57935,0.57935,0.57935,20000,observed,observed randomization
tikz-frontier-v1,figure3,B,Miss probability frontier,33,miss_probability,conditional_interval_theorem,rho_1000_seed_032,1.0,32,,0.7301386819577558,0.5752578515527038,0.5752578515527038,0.5752578515527038,,theorem,conditional interval theorem
tikz-frontier-v1,figure3,B,Miss probability frontier,34,miss_probability,observed_randomization,rho_1000_seed_033,1.0,33,,0.6110120487912747,0.4519,0.4519,0.4519,20000,observed,observed randomization
tikz-frontier-v1,figure3,B,Miss probability frontier,34,miss_probability,conditional_interval_theorem,rho_1000_seed_033,1.0,33,,0.6110120487912747,0.4558749385190887,0.4558749385190887,0.4558749385190887,,theorem,conditional interval theorem
tikz-frontier-v1,figure3,B,Miss probability frontier,35,miss_probability,observed_randomization,rho_1000_seed_034,1.0,34,,0.20391459726247543,0.1594,0.1594,0.1594,20000,observed,observed randomization
tikz-frontier-v1,figure3,B,Miss probability frontier,35,miss_probability,conditional_interval_theorem,rho_1000_seed_034,1.0,34,,0.20391459726247543,0.15957060795445518,0.15957060795445518,0.15957060795445518,,theorem,conditional interval theorem
tikz-frontier-v1,figure3,B,Miss probability frontier,36,miss_probability,observed_randomization,rho_1000_seed_035,1.0,35,,0.33893402044096116,0.25245,0.25245,0.25245,20000,observed,observed randomization
tikz-frontier-v1,figure3,B,Miss probability frontier,36,miss_probability,conditional_interval_theorem,rho_1000_seed_035,1.0,35,,0.33893402044096116,0.2504039017119769,0.2504039017119769,0.2504039017119769,,theorem,conditional interval theorem
tikz-frontier-v1,figure3,B,Miss probability frontier,37,miss_probability,observed_randomization,rho_1000_seed_036,1.0,36,,0.7410839073589417,0.68145,0.68145,0.68145,20000,observed,observed randomization
tikz-frontier-v1,figure3,B,Miss probability frontier,37,miss_probability,conditional_interval_theorem,rho_1000_seed_036,1.0,36,,0.7410839073589417,0.6875677157103044,0.6875677157103044,0.6875677157103044,,theorem,conditional interval theorem
tikz-frontier-v1,figure3,B,Miss probability frontier,38,miss_probability,observed_randomization,rho_1000_seed_037,1.0,37,,0.4368927296246848,0.2769,0.2769,0.2769,20000,observed,observed randomization
tikz-frontier-v1,figure3,B,Miss probability frontier,38,miss_probability,conditional_interval_theorem,rho_1000_seed_037,1.0,37,,0.4368927296246848,0.27054454645824394,0.27054454645824394,0.27054454645824394,,theorem,conditional interval theorem
tikz-frontier-v1,figure3,B,Miss probability frontier,39,miss_probability,observed_randomization,rho_1000_seed_038,1.0,38,,0.24452045216472534,0.12375,0.12375,0.12375,20000,observed,observed randomization
tikz-frontier-v1,figure3,B,Miss probability frontier,39,miss_probability,conditional_interval_theorem,rho_1000_seed_038,1.0,38,,0.24452045216472534,0.11842760901105198,0.11842760901105198,0.11842760901105198,,theorem,conditional interval theorem
tikz-frontier-v1,figure3,B,Miss probability frontier,40,miss_probability,observed_randomization,rho_1000_seed_039,1.0,39,,0.5558809562674029,0.4699,0.4699,0.4699,20000,observed,observed randomization
tikz-frontier-v1,figure3,B,Miss probability frontier,40,miss_probability,conditional_interval_theorem,rho_1000_seed_039,1.0,39,,0.5558809562674029,0.46739551739363866,0.46739551739363866,0.46739551739363866,,theorem,conditional interval theorem
tikz-frontier-v1,figure3,B,Miss probability frontier,1,miss_probability,observed_randomization,rho_1250_seed_000,1.25,0,,0.5727089817916244,0.47665,0.47665,0.47665,20000,observed,observed randomization
tikz-frontier-v1,figure3,B,Miss probability frontier,1,miss_probability,conditional_interval_theorem,rho_1250_seed_000,1.25,0,,0.5727089817916244,0.47020898730090693,0.47020898730090693,0.47020898730090693,,theorem,conditional interval theorem
tikz-frontier-v1,figure3,B,Miss probability frontier,2,miss_probability,observed_randomization,rho_1250_seed_001,1.25,1,,0.7845301268430597,0.7068,0.7068,0.7068,20000,observed,observed randomization
tikz-frontier-v1,figure3,B,Miss probability frontier,2,miss_probability,conditional_interval_theorem,rho_1250_seed_001,1.25,1,,0.7845301268430597,0.7101144418009462,0.7101144418009462,0.7101144418009462,,theorem,conditional interval theorem
tikz-frontier-v1,figure3,B,Miss probability frontier,3,miss_probability,observed_randomization,rho_1250_seed_002,1.25,2,,0.2248736397893124,0.11905,0.11905,0.11905,20000,observed,observed randomization
tikz-frontier-v1,figure3,B,Miss probability frontier,3,miss_probability,conditional_interval_theorem,rho_1250_seed_002,1.25,2,,0.2248736397893124,0.11585577390276436,0.11585577390276436,0.11585577390276436,,theorem,conditional interval theorem
tikz-frontier-v1,figure3,B,Miss probability frontier,4,miss_probability,observed_randomization,rho_1250_seed_003,1.25,3,,0.23362201505980096,0.20485,0.20485,0.20485,20000,observed,observed randomization
tikz-frontier-v1,figure3,B,Miss probability frontier,4,miss_probability,conditional_interval_theorem,rho_1250_seed_003,1.25,3,,0.23362201505980096,0.21323915130452975,0.21323915130452975,0.21323915130452975,,theorem,conditional interval theorem
tikz-frontier-v1,figure3,B,Miss probability frontier,5,miss_probability,observed_randomization,rho_1250_seed_004,1.25,4,,1.0069582852401202,0.78245,0.78245,0.78245,20000,observed,observed randomization
tikz-frontier-v1,figure3,B,Miss probability frontier,5,miss_probability,conditional_interval_theorem,rho_1250_seed_004,1.25,4,,1.0069582852401202,0.7843217328166853,0.7843217328166853,0.7843217328166853,,theorem,conditional interval theorem
tikz-frontier-v1,figure3,B,Miss probability frontier,6,miss_probability,observed_randomization,rho_1250_seed_005,1.25,5,,0.6749363346943976,0.61505,0.61505,0.61505,20000,observed,observed randomization
tikz-frontier-v1,figure3,B,Miss probability frontier,6,miss_probability,conditional_interval_theorem,rho_1250_seed_005,1.25,5,,0.6749363346943976,0.6144344413555308,0.6144344413555308,0.6144344413555308,,theorem,conditional interval theorem
tikz-frontier-v1,figure3,B,Miss probability frontier,7,miss_probability,observed_randomization,rho_1250_seed_006,1.25,6,,0.740155236932853,0.6313,0.6313,0.6313,20000,observed,observed randomization
tikz-frontier-v1,figure3,B,Miss probability frontier,7,miss_probability,conditional_interval_theorem,rho_1250_seed_006,1.25,6,,0.740155236932853,0.6251897469411603,0.6251897469411603,0.6251897469411603,,theorem,conditional interval theorem
tikz-frontier-v1,figure3,B,Miss probability frontier,8,miss_probability,observed_randomization,rho_1250_seed_007,1.25,7,,0.7495825759937933,0.661,0.661,0.661,20000,observed,observed randomization
tikz-frontier-v1,figure3,B,Miss probability frontier,8,miss_probability,conditional_interval_theorem,rho_1250_seed_007,1.25,7,,0.7495825759937933,0.664691267106392,0.664691267106392,0.664691267106392,,theorem,conditional interval theorem
tikz-frontier-v1,figure3,B,Miss probability frontier,9,miss_probability,observed_randomization,rho_1250_seed_008,1.25,8,,0.649627687685524,0.56395,0.56395,0.56395,20000,observed,observed randomization
tikz-frontier-v1,figure3,B,Miss probability frontier,9,miss_probability,conditional_interval_theorem,rho_1250_seed_008,1.25,8,,0.649627687685524,0.5647628689537587,0.5647628689537587,0.5647628689537587,,theorem,conditional interval theorem
tikz-frontier-v1,figure3,B,Miss probability frontier,10,miss_probability,observed_randomization,rho_1250_seed_009,1.25,9,,0.4159544749765642,0.32675,0.32675,0.32675,20000,observed,observed randomization
tikz-frontier-v1,figure3,B,Miss probability frontier,10,miss_probability,conditional_interval_theorem,rho_1250_seed_009,1.25,9,,0.4159544749765642,0.3279535120888101,0.3279535120888101,0.3279535120888101,,theorem,conditional interval theorem
tikz-frontier-v1,figure3,B,Miss probability frontier,11,miss_probability,observed_randomization,rho_1250_seed_010,1.25,10,,0.6363890948845262,0.55085,0.55085,0.55085,20000,observed,observed randomization
tikz-frontier-v1,figure3,B,Miss probability frontier,11,miss_probability,conditional_interval_theorem,rho_1250_seed_010,1.25,10,,0.6363890948845262,0.5557319666980063,0.5557319666980063,0.5557319666980063,,theorem,conditional interval theorem
tikz-frontier-v1,figure3,B,Miss probability frontier,12,miss_probability,observed_randomization,rho_1250_seed_011,1.25,11,,0.6271748745694313,0.53445,0.53445,0.53445,20000,observed,observed randomization
tikz-frontier-v1,figure3,B,Miss probability frontier,12,miss_probability,conditional_interval_theorem,rho_1250_seed_011,1.25,11,,0.6271748745694313,0.5378428392096258,0.5378428392096258,0.5378428392096258,,theorem,conditional interval theorem
tikz-frontier-v1,figure3,B,Miss probability frontier,13,miss_probability,observed_randomization,rho_1250_seed_012,1.25,12,,0.8934243612868904,0.76775,0.76775,0.76775,20000,observed,observed randomization
tikz-frontier-v1,figure3,B,Miss probability frontier,13,miss_probability,conditional_interval_theorem,rho_1250_seed_012,1.25,12,,0.8934243612868904,0.7679574120302164,0.7679574120302164,0.7679574120302164,,theorem,conditional interval theorem
tikz-frontier-v1,figure3,B,Miss probability frontier,14,miss_probability,observed_randomization,rho_1250_seed_013,1.25,13,,1.0658750957306058,0.8082,0.8082,0.8082,20000,observed,observed randomization
tikz-frontier-v1,figure3,B,Miss probability frontier,14,miss_probability,conditional_interval_theorem,rho_1250_seed_013,1.25,13,,1.0658750957306058,0.8074002081597872,0.8074002081597872,0.8074002081597872,,theorem,conditional interval theorem
tikz-frontier-v1,figure3,B,Miss probability frontier,15,miss_probability,observed_randomization,rho_1250_seed_014,1.25,14,,0.5022598265326126,0.3951,0.3951,0.3951,20000,observed,observed randomization
tikz-frontier-v1,figure3,B,Miss probability frontier,15,miss_probability,conditional_interval_theorem,rho_1250_seed_014,1.25,14,,0.5022598265326126,0.39826163998578307,0.39826163998578307,0.39826163998578307,,theorem,conditional interval theorem
tikz-frontier-v1,figure3,B,Miss probability frontier,16,miss_probability,observed_randomization,rho_1250_seed_015,1.25,15,,0.6511669163736143,0.59165,0.59165,0.59165,20000,observed,observed randomization
tikz-frontier-v1,figure3,B,Miss probability frontier,16,miss_probability,conditional_interval_theorem,rho_1250_seed_015,1.25,15,,0.6511669163736143,0.5951647329902101,0.5951647329902101,0.5951647329902101,,theorem,conditional interval theorem
tikz-frontier-v1,figure3,B,Miss probability frontier,17,miss_probability,observed_randomization,rho_1250_seed_016,1.25,16,,0.6242514231636922,0.5537,0.5537,0.5537,20000,observed,observed randomization
tikz-frontier-v1,figure3,B,Miss probability frontier,17,miss_probability,conditional_interval_theorem,rho_1250_seed_016,1.25,16,,0.6242514231636922,0.5527354587111889,0.5527354587111889,0.5527354587111889,,theorem,conditional interval theorem
tikz-frontier-v1,figure3,B,Miss probability frontier,18,miss_probability,observed_randomization,rho_1250_seed_017,1.25,17,,0.6448962877757427,0.52265,0.52265,0.52265,20000,observed,observed randomization
tikz-frontier-v1,figure3,B,Miss probability frontier,18,miss_probability,conditional_interval_theorem,rho_1250_seed_017,1.25,17,,0.6448962877757427,0.5257213836392324,0.5257213836392324,0.5257213836392324,,theorem,conditional interval theorem
tikz-frontier-v1,figure3,B,Miss probability frontier,19,miss_probability,observed_randomization,rho_1250_seed_018,1.25,18,,0.844850612409375,0.75,0.75,0.75,20000,observed,observed randomization
tikz-frontier-v1,figure3,B,Miss probability frontier,19,miss_probability,conditional_interval_theorem,rho_1250_seed_018,1.25,18,,0.844850612409375,0.7471070138530541,0.7471070138530541,0.7471070138530541,,theorem,conditional interval theorem
tikz-frontier-v1,figure3,B,Miss probability frontier,20,miss_probability,observed_randomization,rho_1250_seed_019,1.25,19,,1.0249087231283474,0.8437,0.8437,0.8437,20000,observed,observed randomization
tikz-frontier-v1,figure3,B,Miss probability frontier,20,miss_probability,conditional_interval_theorem,rho_1250_seed_019,1.25,19,,1.0249087231283474,0.842329880955208,0.842329880955208,0.842329880955208,,theorem,conditional interval theorem
tikz-frontier-v1,figure3,B,Miss probability frontier,21,miss_probability,observed_randomization,rho_1250_seed_020,1.25,20,,0.5594997501881529,0.35235,0.35235,0.35235,20000,observed,observed randomization
tikz-frontier-v1,figure3,B,Miss probability frontier,21,miss_probability,conditional_interval_theorem,rho_1250_seed_020,1.25,20,,0.5594997501881529,0.3576994570559883,0.3576994570559883,0.3576994570559883,,theorem,conditional interval theorem
tikz-frontier-v1,figure3,B,Miss probability frontier,22,miss_probability,observed_randomization,rho_1250_seed_021,1.25,21,,0.6427404680325741,0.5882,0.5882,0.5882,20000,observed,observed randomization
tikz-frontier-v1,figure3,B,Miss probability frontier,22,miss_probability,conditional_interval_theorem,rho_1250_seed_021,1.25,21,,0.6427404680325741,0.5879973028138135,0.5879973028138135,0.5879973028138135,,theorem,conditional interval theorem
tikz-frontier-v1,figure3,B,Miss probability frontier,23,miss_probability,observed_randomization,rho_1250_seed_022,1.25,22,,0.480401843714187,0.52115,0.52115,0.52115,20000,observed,observed randomization
tikz-frontier-v1,figure3,B,Miss probability frontier,23,miss_probability,conditional_interval_theorem,rho_1250_seed_022,1.25,22,,0.480401843714187,0.522994513731418,0.522994513731418,0.522994513731418,,theorem,conditional interval theorem
tikz-frontier-v1,figure3,B,Miss probability frontier,24,miss_probability,observed_randomization,rho_1250_seed_023,1.25,23,,0.6767765961444094,0.55535,0.55535,0.55535,20000,observed,observed randomization
tikz-frontier-v1,figure3,B,Miss probability frontier,24,miss_probability,conditional_interval_theorem,rho_1250_seed_023,1.25,23,,0.6767765961444094,0.5564289566942681,0.5564289566942681,0.5564289566942681,,theorem,conditional interval theorem
tikz-frontier-v1,figure3,B,Miss probability frontier,25,miss_probability,observed_randomization,rho_1250_seed_024,1.25,24,,0.326912697626863,0.1319,0.1319,0.1319,20000,observed,observed randomization
tikz-frontier-v1,figure3,B,Miss probability frontier,25,miss_probability,conditional_interval_theorem,rho_1250_seed_024,1.25,24,,0.326912697626863,0.12738752214078067,0.12738752214078067,0.12738752214078067,,theorem,conditional interval theorem
tikz-frontier-v1,figure3,B,Miss probability frontier,26,miss_probability,observed_randomization,rho_1250_seed_025,1.25,25,,0.4374507343299645,0.3884,0.3884,0.3884,20000,observed,observed randomization
tikz-frontier-v1,figure3,B,Miss probability frontier,26,miss_probability,conditional_interval_theorem,rho_1250_seed_025,1.25,25,,0.4374507343299645,0.38721370348838524,0.38721370348838524,0.38721370348838524,,theorem,conditional interval theorem
tikz-frontier-v1,figure3,B,Miss probability frontier,27,miss_probability,observed_randomization,rho_1250_seed_026,1.25,26,,1.028560953673735,0.7977,0.7977,0.7977,20000,observed,observed randomization
tikz-frontier-v1,figure3,B,Miss probability frontier,27,miss_probability,conditional_interval_theorem,rho_1250_seed_026,1.25,26,,1.028560953673735,0.7986143210574056,0.7986143210574056,0.7986143210574056,,theorem,conditional interval theorem
tikz-frontier-v1,figure3,B,Miss probability frontier,28,miss_probability,observed_randomization,rho_1250_seed_027,1.25,27,,0.5154002134094688,0.3513,0.3513,0.3513,20000,observed,observed randomization
tikz-frontier-v1,figure3,B,Miss probability frontier,28,miss_probability,conditional_interval_theorem,rho_1250_seed_027,1.25,27,,0.5154002134094688,0.3590361680892769,0.3590361680892769,0.3590361680892769,,theorem,conditional interval theorem
tikz-frontier-v1,figure3,B,Miss probability frontier,29,miss_probability,observed_randomization,rho_1250_seed_028,1.25,28,,0.5525703078316103,0.5022,0.5022,0.5022,20000,observed,observed randomization
tikz-frontier-v1,figure3,B,Miss probability frontier,29,miss_probability,conditional_interval_theorem,rho_1250_seed_028,1.25,28,,0.5525703078316103,0.5032691907978294,0.5032691907978294,0.5032691907978294,,theorem,conditional interval theorem
tikz-frontier-v1,figure3,B,Miss probability frontier,30,miss_probability,observed_randomization,rho_1250_seed_029,1.25,29,,0.41274581290702744,0.37905,0.37905,0.37905,20000,observed,observed randomization
tikz-frontier-v1,figure3,B,Miss probability frontier,30,miss_probability,conditional_interval_theorem,rho_1250_seed_029,1.25,29,,0.41274581290702744,0.3804222175803644,0.3804222175803644,0.3804222175803644,,theorem,conditional interval theorem
tikz-frontier-v1,figure3,B,Miss probability frontier,31,miss_probability,observed_randomization,rho_1250_seed_030,1.25,30,,0.7021238645275317,0.62895,0.62895,0.62895,20000,observed,observed randomization
tikz-frontier-v1,figure3,B,Miss probability frontier,31,miss_probability,conditional_interval_theorem,rho_1250_seed_030,1.25,30,,0.7021238645275317,0.6288662541235241,0.6288662541235241,0.6288662541235241,,theorem,conditional interval theorem
tikz-frontier-v1,figure3,B,Miss probability frontier,32,miss_probability,observed_randomization,rho_1250_seed_031,1.25,31,,0.42677185594901,0.2895,0.2895,0.2895,20000,observed,observed randomization
tikz-frontier-v1,figure3,B,Miss probability frontier,32,miss_probability,conditional_interval_theorem,rho_1250_seed_031,1.25,31,,0.42677185594901,0.2897087215297275,0.2897087215297275,0.2897087215297275,,theorem,conditional interval theorem
tikz-frontier-v1,figure3,B,Miss probability frontier,33,miss_probability,observed_randomization,rho_1250_seed_032,1.25,32,,0.585625190653545,0.5251,0.5251,0.5251,20000,observed,observed randomization
tikz-frontier-v1,figure3,B,Miss probability frontier,33,miss_probability,conditional_interval_theorem,rho_1250_seed_032,1.25,32,,0.585625190653545,0.5249722553076026,0.5249722553076026,0.5249722553076026,,theorem,conditional interval theorem
tikz-frontier-v1,figure3,B,Miss probability frontier,34,miss_probability,observed_randomization,rho_1250_seed_033,1.25,33,,0.5959484383350937,0.60555,0.60555,0.60555,20000,observed,observed randomization
tikz-frontier-v1,figure3,B,Miss probability frontier,34,miss_probability,conditional_interval_theorem,rho_1250_seed_033,1.25,33,,0.5959484383350937,0.6032184594019478,0.6032184594019478,0.6032184594019478,,theorem,conditional interval theorem
tikz-frontier-v1,figure3,B,Miss probability frontier,35,miss_probability,observed_randomization,rho_1250_seed_034,1.25,34,,0.6279107696383599,0.5111,0.5111,0.5111,20000,observed,observed randomization
tikz-frontier-v1,figure3,B,Miss probability frontier,35,miss_probability,conditional_interval_theorem,rho_1250_seed_034,1.25,34,,0.6279107696383599,0.5052628441218191,0.5052628441218191,0.5052628441218191,,theorem,conditional interval theorem
tikz-frontier-v1,figure3,B,Miss probability frontier,36,miss_probability,observed_randomization,rho_1250_seed_035,1.25,35,,0.7209704566303932,0.7427,0.7427,0.7427,20000,observed,observed randomization
tikz-frontier-v1,figure3,B,Miss probability frontier,36,miss_probability,conditional_interval_theorem,rho_1250_seed_035,1.25,35,,0.7209704566303932,0.7420916615735867,0.7420916615735867,0.7420916615735867,,theorem,conditional interval theorem
tikz-frontier-v1,figure3,B,Miss probability frontier,37,miss_probability,observed_randomization,rho_1250_seed_036,1.25,36,,0.3958004760511573,0.22175,0.22175,0.22175,20000,observed,observed randomization
tikz-frontier-v1,figure3,B,Miss probability frontier,37,miss_probability,conditional_interval_theorem,rho_1250_seed_036,1.25,36,,0.3958004760511573,0.2230733369768573,0.2230733369768573,0.2230733369768573,,theorem,conditional interval theorem
tikz-frontier-v1,figure3,B,Miss probability frontier,38,miss_probability,observed_randomization,rho_1250_seed_037,1.25,37,,0.539328865215073,0.58885,0.58885,0.58885,20000,observed,observed randomization
tikz-frontier-v1,figure3,B,Miss probability frontier,38,miss_probability,conditional_interval_theorem,rho_1250_seed_037,1.25,37,,0.539328865215073,0.5867883385281992,0.5867883385281992,0.5867883385281992,,theorem,conditional interval theorem
tikz-frontier-v1,figure3,B,Miss probability frontier,39,miss_probability,observed_randomization,rho_1250_seed_038,1.25,38,,0.5520062260062593,0.5007,0.5007,0.5007,20000,observed,observed randomization
tikz-frontier-v1,figure3,B,Miss probability frontier,39,miss_probability,conditional_interval_theorem,rho_1250_seed_038,1.25,38,,0.5520062260062593,0.5012795302937711,0.5012795302937711,0.5012795302937711,,theorem,conditional interval theorem
tikz-frontier-v1,figure3,B,Miss probability frontier,40,miss_probability,observed_randomization,rho_1250_seed_039,1.25,39,,0.3852980963742866,0.31785,0.31785,0.31785,20000,observed,observed randomization
tikz-frontier-v1,figure3,B,Miss probability frontier,40,miss_probability,conditional_interval_theorem,rho_1250_seed_039,1.25,39,,0.3852980963742866,0.3238108507062422,0.3238108507062422,0.3238108507062422,,theorem,conditional interval theorem
tikz-frontier-v1,figure3,B,Miss probability frontier,1,miss_probability,observed_randomization,rho_1500_seed_000,1.5,0,,0.6065991356789154,0.5914,0.5914,0.5914,20000,observed,observed randomization
tikz-frontier-v1,figure3,B,Miss probability frontier,1,miss_probability,conditional_interval_theorem,rho_1500_seed_000,1.5,0,,0.6065991356789154,0.5897550722925311,0.5897550722925311,0.5897550722925311,,theorem,conditional interval theorem
tikz-frontier-v1,figure3,B,Miss probability frontier,2,miss_probability,observed_randomization,rho_1500_seed_001,1.5,1,,0.4793362538815895,0.38295,0.38295,0.38295,20000,observed,observed randomization
tikz-frontier-v1,figure3,B,Miss probability frontier,2,miss_probability,conditional_interval_theorem,rho_1500_seed_001,1.5,1,,0.4793362538815895,0.3857105250683488,0.3857105250683488,0.3857105250683488,,theorem,conditional interval theorem
tikz-frontier-v1,figure3,B,Miss probability frontier,3,miss_probability,observed_randomization,rho_1500_seed_002,1.5,2,,0.6138626564249187,0.635,0.635,0.635,20000,observed,observed randomization
tikz-frontier-v1,figure3,B,Miss probability frontier,3,miss_probability,conditional_interval_theorem,rho_1500_seed_002,1.5,2,,0.6138626564249187,0.6357066520916865,0.6357066520916865,0.6357066520916865,,theorem,conditional interval theorem
tikz-frontier-v1,figure3,B,Miss probability frontier,4,miss_probability,observed_randomization,rho_1500_seed_003,1.5,3,,0.5809818987447657,0.48855,0.48855,0.48855,20000,observed,observed randomization
tikz-frontier-v1,figure3,B,Miss probability frontier,4,miss_probability,conditional_interval_theorem,rho_1500_seed_003,1.5,3,,0.5809818987447657,0.4848203094404538,0.4848203094404538,0.4848203094404538,,theorem,conditional interval theorem
tikz-frontier-v1,figure3,B,Miss probability frontier,5,miss_probability,observed_randomization,rho_1500_seed_004,1.5,4,,0.8653990557203963,0.7404,0.7404,0.7404,20000,observed,observed randomization
tikz-frontier-v1,figure3,B,Miss probability frontier,5,miss_probability,conditional_interval_theorem,rho_1500_seed_004,1.5,4,,0.8653990557203963,0.7414444436781372,0.7414444436781372,0.7414444436781372,,theorem,conditional interval theorem
tikz-frontier-v1,figure3,B,Miss probability frontier,6,miss_probability,observed_randomization,rho_1500_seed_005,1.5,5,,0.8002258028290942,0.664,0.664,0.664,20000,observed,observed randomization
tikz-frontier-v1,figure3,B,Miss probability frontier,6,miss_probability,conditional_interval_theorem,rho_1500_seed_005,1.5,5,,0.8002258028290942,0.6693742024259864,0.6693742024259864,0.6693742024259864,,theorem,conditional interval theorem
tikz-frontier-v1,figure3,B,Miss probability frontier,7,miss_probability,observed_randomization,rho_1500_seed_006,1.5,6,,0.616859806632393,0.53365,0.53365,0.53365,20000,observed,observed randomization
tikz-frontier-v1,figure3,B,Miss probability frontier,7,miss_probability,conditional_interval_theorem,rho_1500_seed_006,1.5,6,,0.616859806632393,0.5364701558695776,0.5364701558695776,0.5364701558695776,,theorem,conditional interval theorem
tikz-frontier-v1,figure3,B,Miss probability frontier,8,miss_probability,observed_randomization,rho_1500_seed_007,1.5,7,,0.9791798810425194,0.81215,0.81215,0.81215,20000,observed,observed randomization
tikz-frontier-v1,figure3,B,Miss probability frontier,8,miss_probability,conditional_interval_theorem,rho_1500_seed_007,1.5,7,,0.9791798810425194,0.8103836690653706,0.8103836690653706,0.8103836690653706,,theorem,conditional interval theorem
tikz-frontier-v1,figure3,B,Miss probability frontier,9,miss_probability,observed_randomization,rho_1500_seed_008,1.5,8,,0.8982014698151853,0.74455,0.74455,0.74455,20000,observed,observed randomization
tikz-frontier-v1,figure3,B,Miss probability frontier,9,miss_probability,conditional_interval_theorem,rho_1500_seed_008,1.5,8,,0.8982014698151853,0.7470543471480008,0.7470543471480008,0.7470543471480008,,theorem,conditional interval theorem
tikz-frontier-v1,figure3,B,Miss probability frontier,10,miss_probability,observed_randomization,rho_1500_seed_009,1.5,9,,0.9248364107725002,0.78535,0.78535,0.78535,20000,observed,observed randomization
tikz-frontier-v1,figure3,B,Miss probability frontier,10,miss_probability,conditional_interval_theorem,rho_1500_seed_009,1.5,9,,0.9248364107725002,0.782453129454109,0.782453129454109,0.782453129454109,,theorem,conditional interval theorem
tikz-frontier-v1,figure3,B,Miss probability frontier,11,miss_probability,observed_randomization,rho_1500_seed_010,1.5,10,,1.158209239062112,0.86005,0.86005,0.86005,20000,observed,observed randomization
tikz-frontier-v1,figure3,B,Miss probability frontier,11,miss_probability,conditional_interval_theorem,rho_1500_seed_010,1.5,10,,1.158209239062112,0.8593086146595104,0.8593086146595104,0.8593086146595104,,theorem,conditional interval theorem
tikz-frontier-v1,figure3,B,Miss probability frontier,12,miss_probability,observed_randomization,rho_1500_seed_011,1.5,11,,0.7945673217584085,0.6374,0.6374,0.6374,20000,observed,observed randomization
tikz-frontier-v1,figure3,B,Miss probability frontier,12,miss_probability,conditional_interval_theorem,rho_1500_seed_011,1.5,11,,0.7945673217584085,0.641855155161335,0.641855155161335,0.641855155161335,,theorem,conditional interval theorem
tikz-frontier-v1,figure3,B,Miss probability frontier,13,miss_probability,observed_randomization,rho_1500_seed_012,1.5,12,,0.5070036588882598,0.51065,0.51065,0.51065,20000,observed,observed randomization
tikz-frontier-v1,figure3,B,Miss probability frontier,13,miss_probability,conditional_interval_theorem,rho_1500_seed_012,1.5,12,,0.5070036588882598,0.5092466062902776,0.5092466062902776,0.5092466062902776,,theorem,conditional interval theorem
tikz-frontier-v1,figure3,B,Miss probability frontier,14,miss_probability,observed_randomization,rho_1500_seed_013,1.5,13,,0.3254366918703216,0.14295,0.14295,0.14295,20000,observed,observed randomization
tikz-frontier-v1,figure3,B,Miss probability frontier,14,miss_probability,conditional_interval_theorem,rho_1500_seed_013,1.5,13,,0.3254366918703216,0.1393771071703288,0.1393771071703288,0.1393771071703288,,theorem,conditional interval theorem
tikz-frontier-v1,figure3,B,Miss probability frontier,15,miss_probability,observed_randomization,rho_1500_seed_014,1.5,14,,0.8321101393252819,0.66355,0.66355,0.66355,20000,observed,observed randomization
tikz-frontier-v1,figure3,B,Miss probability frontier,15,miss_probability,conditional_interval_theorem,rho_1500_seed_014,1.5,14,,0.8321101393252819,0.6628620263301576,0.6628620263301576,0.6628620263301576,,theorem,conditional interval theorem
tikz-frontier-v1,figure3,B,Miss probability frontier,16,miss_probability,observed_randomization,rho_1500_seed_015,1.5,15,,0.5243179069918724,0.41625,0.41625,0.41625,20000,observed,observed randomization
tikz-frontier-v1,figure3,B,Miss probability frontier,16,miss_probability,conditional_interval_theorem,rho_1500_seed_015,1.5,15,,0.5243179069918724,0.41877072706368307,0.41877072706368307,0.41877072706368307,,theorem,conditional interval theorem
tikz-frontier-v1,figure3,B,Miss probability frontier,17,miss_probability,observed_randomization,rho_1500_seed_016,1.5,16,,0.36962240859408857,0.40335,0.40335,0.40335,20000,observed,observed randomization
tikz-frontier-v1,figure3,B,Miss probability frontier,17,miss_probability,conditional_interval_theorem,rho_1500_seed_016,1.5,16,,0.36962240859408857,0.4090132882118574,0.4090132882118574,0.4090132882118574,,theorem,conditional interval theorem
tikz-frontier-v1,figure3,B,Miss probability frontier,18,miss_probability,observed_randomization,rho_1500_seed_017,1.5,17,,0.7042308305559426,0.5478,0.5478,0.5478,20000,observed,observed randomization
tikz-frontier-v1,figure3,B,Miss probability frontier,18,miss_probability,conditional_interval_theorem,rho_1500_seed_017,1.5,17,,0.7042308305559426,0.5464557230093103,0.5464557230093103,0.5464557230093103,,theorem,conditional interval theorem
tikz-frontier-v1,figure3,B,Miss probability frontier,19,miss_probability,observed_randomization,rho_1500_seed_018,1.5,18,,1.5877538174063135,0.9456,0.9456,0.9456,20000,observed,observed randomization
tikz-frontier-v1,figure3,B,Miss probability frontier,19,miss_probability,conditional_interval_theorem,rho_1500_seed_018,1.5,18,,1.5877538174063135,0.9452276304709555,0.9452276304709555,0.9452276304709555,,theorem,conditional interval theorem
tikz-frontier-v1,figure3,B,Miss probability frontier,20,miss_probability,observed_randomization,rho_1500_seed_019,1.5,19,,0.1772774385669882,0.18315,0.18315,0.18315,20000,observed,observed randomization
tikz-frontier-v1,figure3,B,Miss probability frontier,20,miss_probability,conditional_interval_theorem,rho_1500_seed_019,1.5,19,,0.1772774385669882,0.18407597940036027,0.18407597940036027,0.18407597940036027,,theorem,conditional interval theorem
tikz-frontier-v1,figure3,B,Miss probability frontier,21,miss_probability,observed_randomization,rho_1500_seed_020,1.5,20,,0.7640628799806912,0.6536,0.6536,0.6536,20000,observed,observed randomization
tikz-frontier-v1,figure3,B,Miss probability frontier,21,miss_probability,conditional_interval_theorem,rho_1500_seed_020,1.5,20,,0.7640628799806912,0.6528174904894443,0.6528174904894443,0.6528174904894443,,theorem,conditional interval theorem
tikz-frontier-v1,figure3,B,Miss probability frontier,22,miss_probability,observed_randomization,rho_1500_seed_021,1.5,21,,0.30114008422287153,0.20905,0.20905,0.20905,20000,observed,observed randomization
tikz-frontier-v1,figure3,B,Miss probability frontier,22,miss_probability,conditional_interval_theorem,rho_1500_seed_021,1.5,21,,0.30114008422287153,0.20184642250272192,0.20184642250272192,0.20184642250272192,,theorem,conditional interval theorem
tikz-frontier-v1,figure3,B,Miss probability frontier,23,miss_probability,observed_randomization,rho_1500_seed_022,1.5,22,,0.8910427964875812,0.7561,0.7561,0.7561,20000,observed,observed randomization
tikz-frontier-v1,figure3,B,Miss probability frontier,23,miss_probability,conditional_interval_theorem,rho_1500_seed_022,1.5,22,,0.8910427964875812,0.7606584742747496,0.7606584742747496,0.7606584742747496,,theorem,conditional interval theorem
tikz-frontier-v1,figure3,B,Miss probability frontier,24,miss_probability,observed_randomization,rho_1500_seed_023,1.5,23,,0.5424111820151837,0.51195,0.51195,0.51195,20000,observed,observed randomization
tikz-frontier-v1,figure3,B,Miss probability frontier,24,miss_probability,conditional_interval_theorem,rho_1500_seed_023,1.5,23,,0.5424111820151837,0.515142705155966,0.515142705155966,0.515142705155966,,theorem,conditional interval theorem
tikz-frontier-v1,figure3,B,Miss probability frontier,25,miss_probability,observed_randomization,rho_1500_seed_024,1.5,24,,0.5283275778467819,0.52615,0.52615,0.52615,20000,observed,observed randomization
tikz-frontier-v1,figure3,B,Miss probability frontier,25,miss_probability,conditional_interval_theorem,rho_1500_seed_024,1.5,24,,0.5283275778467819,0.519770853109168,0.519770853109168,0.519770853109168,,theorem,conditional interval theorem
tikz-frontier-v1,figure3,B,Miss probability frontier,26,miss_probability,observed_randomization,rho_1500_seed_025,1.5,25,,0.8782793864846868,0.7572,0.7572,0.7572,20000,observed,observed randomization
tikz-frontier-v1,figure3,B,Miss probability frontier,26,miss_probability,conditional_interval_theorem,rho_1500_seed_025,1.5,25,,0.8782793864846868,0.756194333651245,0.756194333651245,0.756194333651245,,theorem,conditional interval theorem
tikz-frontier-v1,figure3,B,Miss probability frontier,27,miss_probability,observed_randomization,rho_1500_seed_026,1.5,26,,0.6629789923061776,0.53175,0.53175,0.53175,20000,observed,observed randomization
tikz-frontier-v1,figure3,B,Miss probability frontier,27,miss_probability,conditional_interval_theorem,rho_1500_seed_026,1.5,26,,0.6629789923061776,0.5308648755423366,0.5308648755423366,0.5308648755423366,,theorem,conditional interval theorem
tikz-frontier-v1,figure3,B,Miss probability frontier,28,miss_probability,observed_randomization,rho_1500_seed_027,1.5,27,,0.7500031951020395,0.6332,0.6332,0.6332,20000,observed,observed randomization
tikz-frontier-v1,figure3,B,Miss probability frontier,28,miss_probability,conditional_interval_theorem,rho_1500_seed_027,1.5,27,,0.7500031951020395,0.6322848162712369,0.6322848162712369,0.6322848162712369,,theorem,conditional interval theorem
tikz-frontier-v1,figure3,B,Miss probability frontier,29,miss_probability,observed_randomization,rho_1500_seed_028,1.5,28,,0.9811651777331202,0.80585,0.80585,0.80585,20000,observed,observed randomization
tikz-frontier-v1,figure3,B,Miss probability frontier,29,miss_probability,conditional_interval_theorem,rho_1500_seed_028,1.5,28,,0.9811651777331202,0.8046344288054375,0.8046344288054375,0.8046344288054375,,theorem,conditional interval theorem
tikz-frontier-v1,figure3,B,Miss probability frontier,30,miss_probability,observed_randomization,rho_1500_seed_029,1.5,29,,0.6306437893450597,0.5477,0.5477,0.5477,20000,observed,observed randomization
tikz-frontier-v1,figure3,B,Miss probability frontier,30,miss_probability,conditional_interval_theorem,rho_1500_seed_029,1.5,29,,0.6306437893450597,0.548220701620984,0.548220701620984,0.548220701620984,,theorem,conditional interval theorem
tikz-frontier-v1,figure3,B,Miss probability frontier,31,miss_probability,observed_randomization,rho_1500_seed_030,1.5,30,,0.9192552054021161,0.74725,0.74725,0.74725,20000,observed,observed randomization
tikz-frontier-v1,figure3,B,Miss probability frontier,31,miss_probability,conditional_interval_theorem,rho_1500_seed_030,1.5,30,,0.9192552054021161,0.7503247206116707,0.7503247206116707,0.7503247206116707,,theorem,conditional interval theorem
tikz-frontier-v1,figure3,B,Miss probability frontier,32,miss_probability,observed_randomization,rho_1500_seed_031,1.5,31,,0.43450236553421145,0.43655,0.43655,0.43655,20000,observed,observed randomization
tikz-frontier-v1,figure3,B,Miss probability frontier,32,miss_probability,conditional_interval_theorem,rho_1500_seed_031,1.5,31,,0.43450236553421145,0.4333982344666583,0.4333982344666583,0.4333982344666583,,theorem,conditional interval theorem
tikz-frontier-v1,figure3,B,Miss probability frontier,33,miss_probability,observed_randomization,rho_1500_seed_032,1.5,32,,0.692358062278114,0.6307,0.6307,0.6307,20000,observed,observed randomization
tikz-frontier-v1,figure3,B,Miss probability frontier,33,miss_probability,conditional_interval_theorem,rho_1500_seed_032,1.5,32,,0.692358062278114,0.6277902605862469,0.6277902605862469,0.6277902605862469,,theorem,conditional interval theorem
tikz-frontier-v1,figure3,B,Miss probability frontier,34,miss_probability,observed_randomization,rho_1500_seed_033,1.5,33,,0.8434047206624408,0.68895,0.68895,0.68895,20000,observed,observed randomization
tikz-frontier-v1,figure3,B,Miss probability frontier,34,miss_probability,conditional_interval_theorem,rho_1500_seed_033,1.5,33,,0.8434047206624408,0.6863614581584858,0.6863614581584858,0.6863614581584858,,theorem,conditional interval theorem
tikz-frontier-v1,figure3,B,Miss probability frontier,35,miss_probability,observed_randomization,rho_1500_seed_034,1.5,34,,0.7303408578166135,0.57655,0.57655,0.57655,20000,observed,observed randomization
tikz-frontier-v1,figure3,B,Miss probability frontier,35,miss_probability,conditional_interval_theorem,rho_1500_seed_034,1.5,34,,0.7303408578166135,0.5803539254553958,0.5803539254553958,0.5803539254553958,,theorem,conditional interval theorem
tikz-frontier-v1,figure3,B,Miss probability frontier,36,miss_probability,observed_randomization,rho_1500_seed_035,1.5,35,,0.627308438460066,0.63295,0.63295,0.63295,20000,observed,observed randomization
tikz-frontier-v1,figure3,B,Miss probability frontier,36,miss_probability,conditional_interval_theorem,rho_1500_seed_035,1.5,35,,0.627308438460066,0.633691662117953,0.633691662117953,0.633691662117953,,theorem,conditional interval theorem
tikz-frontier-v1,figure3,B,Miss probability frontier,37,miss_probability,observed_randomization,rho_1500_seed_036,1.5,36,,1.0630896084252257,0.8284,0.8284,0.8284,20000,observed,observed randomization
tikz-frontier-v1,figure3,B,Miss probability frontier,37,miss_probability,conditional_interval_theorem,rho_1500_seed_036,1.5,36,,1.0630896084252257,0.8245771057056723,0.8245771057056723,0.8245771057056723,,theorem,conditional interval theorem
tikz-frontier-v1,figure3,B,Miss probability frontier,38,miss_probability,observed_randomization,rho_1500_seed_037,1.5,37,,0.7338266389032541,0.69205,0.69205,0.69205,20000,observed,observed randomization
tikz-frontier-v1,figure3,B,Miss probability frontier,38,miss_probability,conditional_interval_theorem,rho_1500_seed_037,1.5,37,,0.7338266389032541,0.6986568002382741,0.6986568002382741,0.6986568002382741,,theorem,conditional interval theorem
tikz-frontier-v1,figure3,B,Miss probability frontier,39,miss_probability,observed_randomization,rho_1500_seed_038,1.5,38,,0.8883315597575625,0.71505,0.71505,0.71505,20000,observed,observed randomization
tikz-frontier-v1,figure3,B,Miss probability frontier,39,miss_probability,conditional_interval_theorem,rho_1500_seed_038,1.5,38,,0.8883315597575625,0.7148700676941071,0.7148700676941071,0.7148700676941071,,theorem,conditional interval theorem
tikz-frontier-v1,figure3,B,Miss probability frontier,40,miss_probability,observed_randomization,rho_1500_seed_039,1.5,39,,1.0782833377187702,0.83415,0.83415,0.83415,20000,observed,observed randomization
tikz-frontier-v1,figure3,B,Miss probability frontier,40,miss_probability,conditional_interval_theorem,rho_1500_seed_039,1.5,39,,1.0782833377187702,0.8366611504354866,0.8366611504354866,0.8366611504354866,,theorem,conditional interval theorem
tikz-frontier-v1,figure3,B,Miss probability frontier,1,miss_probability,observed_randomization,rho_1750_seed_000,1.75,0,,0.667716214287502,0.71985,0.71985,0.71985,20000,observed,observed randomization
tikz-frontier-v1,figure3,B,Miss probability frontier,1,miss_probability,conditional_interval_theorem,rho_1750_seed_000,1.75,0,,0.667716214287502,0.7217673504481709,0.7217673504481709,0.7217673504481709,,theorem,conditional interval theorem
tikz-frontier-v1,figure3,B,Miss probability frontier,2,miss_probability,observed_randomization,rho_1750_seed_001,1.75,1,,0.7690420791489563,0.7563,0.7563,0.7563,20000,observed,observed randomization
tikz-frontier-v1,figure3,B,Miss probability frontier,2,miss_probability,conditional_interval_theorem,rho_1750_seed_001,1.75,1,,0.7690420791489563,0.7596314351290384,0.7596314351290384,0.7596314351290384,,theorem,conditional interval theorem
tikz-frontier-v1,figure3,B,Miss probability frontier,3,miss_probability,observed_randomization,rho_1750_seed_002,1.75,2,,0.6148071107966472,0.5616,0.5616,0.5616,20000,observed,observed randomization
tikz-frontier-v1,figure3,B,Miss probability frontier,3,miss_probability,conditional_interval_theorem,rho_1750_seed_002,1.75,2,,0.6148071107966472,0.5595266220196254,0.5595266220196254,0.5595266220196254,,theorem,conditional interval theorem
tikz-frontier-v1,figure3,B,Miss probability frontier,4,miss_probability,observed_randomization,rho_1750_seed_003,1.75,3,,0.9405949918360446,0.75455,0.75455,0.75455,20000,observed,observed randomization
tikz-frontier-v1,figure3,B,Miss probability frontier,4,miss_probability,conditional_interval_theorem,rho_1750_seed_003,1.75,3,,0.9405949918360446,0.7554659369009766,0.7554659369009766,0.7554659369009766,,theorem,conditional interval theorem
tikz-frontier-v1,figure3,B,Miss probability frontier,5,miss_probability,observed_randomization,rho_1750_seed_004,1.75,4,,1.1398939036504967,0.8603,0.8603,0.8603,20000,observed,observed randomization
tikz-frontier-v1,figure3,B,Miss probability frontier,5,miss_probability,conditional_interval_theorem,rho_1750_seed_004,1.75,4,,1.1398939036504967,0.8595810947769486,0.8595810947769486,0.8595810947769486,,theorem,conditional interval theorem
tikz-frontier-v1,figure3,B,Miss probability frontier,6,miss_probability,observed_randomization,rho_1750_seed_005,1.75,5,,1.2002644638646593,0.8751,0.8751,0.8751,20000,observed,observed randomization
tikz-frontier-v1,figure3,B,Miss probability frontier,6,miss_probability,conditional_interval_theorem,rho_1750_seed_005,1.75,5,,1.2002644638646593,0.8782663750789301,0.8782663750789301,0.8782663750789301,,theorem,conditional interval theorem
tikz-frontier-v1,figure3,B,Miss probability frontier,7,miss_probability,observed_randomization,rho_1750_seed_006,1.75,6,,-0.10177371039256959,0.0,0.0,0.0,20000,observed,observed randomization
tikz-frontier-v1,figure3,B,Miss probability frontier,7,miss_probability,conditional_interval_theorem,rho_1750_seed_006,1.75,6,,-0.10177371039256959,0.0,0.0,0.0,,theorem,conditional interval theorem
tikz-frontier-v1,figure3,B,Miss probability frontier,8,miss_probability,observed_randomization,rho_1750_seed_007,1.75,7,,0.34677634026072596,0.219,0.219,0.219,20000,observed,observed randomization
tikz-frontier-v1,figure3,B,Miss probability frontier,8,miss_probability,conditional_interval_theorem,rho_1750_seed_007,1.75,7,,0.34677634026072596,0.21644319695132871,0.21644319695132871,0.21644319695132871,,theorem,conditional interval theorem
tikz-frontier-v1,figure3,B,Miss probability frontier,9,miss_probability,observed_randomization,rho_1750_seed_008,1.75,8,,0.6254266992569443,0.6344,0.6344,0.6344,20000,observed,observed randomization
tikz-frontier-v1,figure3,B,Miss probability frontier,9,miss_probability,conditional_interval_theorem,rho_1750_seed_008,1.75,8,,0.6254266992569443,0.6319325579096591,0.6319325579096591,0.6319325579096591,,theorem,conditional interval theorem
tikz-frontier-v1,figure3,B,Miss probability frontier,10,miss_probability,observed_randomization,rho_1750_seed_009,1.75,9,,0.654743487335257,0.65805,0.65805,0.65805,20000,observed,observed randomization
tikz-frontier-v1,figure3,B,Miss probability frontier,10,miss_probability,conditional_interval_theorem,rho_1750_seed_009,1.75,9,,0.654743487335257,0.6582714672191995,0.6582714672191995,0.6582714672191995,,theorem,conditional interval theorem
tikz-frontier-v1,figure3,B,Miss probability frontier,11,miss_probability,observed_randomization,rho_1750_seed_010,1.75,10,,0.9985244175086289,0.77885,0.77885,0.77885,20000,observed,observed randomization
tikz-frontier-v1,figure3,B,Miss probability frontier,11,miss_probability,conditional_interval_theorem,rho_1750_seed_010,1.75,10,,0.9985244175086289,0.7753600641565707,0.7753600641565707,0.7753600641565707,,theorem,conditional interval theorem
tikz-frontier-v1,figure3,B,Miss probability frontier,12,miss_probability,observed_randomization,rho_1750_seed_011,1.75,11,,0.9918806765434974,0.77075,0.77075,0.77075,20000,observed,observed randomization
tikz-frontier-v1,figure3,B,Miss probability frontier,12,miss_probability,conditional_interval_theorem,rho_1750_seed_011,1.75,11,,0.9918806765434974,0.764276831148099,0.764276831148099,0.764276831148099,,theorem,conditional interval theorem
tikz-frontier-v1,figure3,B,Miss probability frontier,13,miss_probability,observed_randomization,rho_1750_seed_012,1.75,12,,0.7148569556167662,0.747,0.747,0.747,20000,observed,observed randomization
tikz-frontier-v1,figure3,B,Miss probability frontier,13,miss_probability,conditional_interval_theorem,rho_1750_seed_012,1.75,12,,0.7148569556167662,0.751778940954213,0.751778940954213,0.751778940954213,,theorem,conditional interval theorem
tikz-frontier-v1,figure3,B,Miss probability frontier,14,miss_probability,observed_randomization,rho_1750_seed_013,1.75,13,,1.3229303392145952,0.89855,0.89855,0.89855,20000,observed,observed randomization
tikz-frontier-v1,figure3,B,Miss probability frontier,14,miss_probability,conditional_interval_theorem,rho_1750_seed_013,1.75,13,,1.3229303392145952,0.8988804486051566,0.8988804486051566,0.8988804486051566,,theorem,conditional interval theorem
tikz-frontier-v1,figure3,B,Miss probability frontier,15,miss_probability,observed_randomization,rho_1750_seed_014,1.75,14,,1.1372450646599819,0.9134,0.9134,0.9134,20000,observed,observed randomization
tikz-frontier-v1,figure3,B,Miss probability frontier,15,miss_probability,conditional_interval_theorem,rho_1750_seed_014,1.75,14,,1.1372450646599819,0.910513142949016,0.910513142949016,0.910513142949016,,theorem,conditional interval theorem
tikz-frontier-v1,figure3,B,Miss probability frontier,16,miss_probability,observed_randomization,rho_1750_seed_015,1.75,15,,0.8479395239923087,0.7478,0.7478,0.7478,20000,observed,observed randomization
tikz-frontier-v1,figure3,B,Miss probability frontier,16,miss_probability,conditional_interval_theorem,rho_1750_seed_015,1.75,15,,0.8479395239923087,0.7458267974063808,0.7458267974063808,0.7458267974063808,,theorem,conditional interval theorem
tikz-frontier-v1,figure3,B,Miss probability frontier,17,miss_probability,observed_randomization,rho_1750_seed_016,1.75,16,,0.7436821313659058,0.698,0.698,0.698,20000,observed,observed randomization
tikz-frontier-v1,figure3,B,Miss probability frontier,17,miss_probability,conditional_interval_theorem,rho_1750_seed_016,1.75,16,,0.7436821313659058,0.6964721902500783,0.6964721902500783,0.6964721902500783,,theorem,conditional interval theorem
tikz-frontier-v1,figure3,B,Miss probability frontier,18,miss_probability,observed_randomization,rho_1750_seed_017,1.75,17,,0.8574972588357969,0.80635,0.80635,0.80635,20000,observed,observed randomization
tikz-frontier-v1,figure3,B,Miss probability frontier,18,miss_probability,conditional_interval_theorem,rho_1750_seed_017,1.75,17,,0.8574972588357969,0.8013198403370605,0.8013198403370605,0.8013198403370605,,theorem,conditional interval theorem
tikz-frontier-v1,figure3,B,Miss probability frontier,19,miss_probability,observed_randomization,rho_1750_seed_018,1.75,18,,0.06397488277458352,0.0558,0.0558,0.0558,20000,observed,observed randomization
tikz-frontier-v1,figure3,B,Miss probability frontier,19,miss_probability,conditional_interval_theorem,rho_1750_seed_018,1.75,18,,0.06397488277458352,0.05703023728808771,0.05703023728808771,0.05703023728808771,,theorem,conditional interval theorem
tikz-frontier-v1,figure3,B,Miss probability frontier,20,miss_probability,observed_randomization,rho_1750_seed_019,1.75,19,,0.14694429168021653,0.1066,0.1066,0.1066,20000,observed,observed randomization
tikz-frontier-v1,figure3,B,Miss probability frontier,20,miss_probability,conditional_interval_theorem,rho_1750_seed_019,1.75,19,,0.14694429168021653,0.11230657771322428,0.11230657771322428,0.11230657771322428,,theorem,conditional interval theorem
tikz-frontier-v1,figure3,B,Miss probability frontier,21,miss_probability,observed_randomization,rho_1750_seed_020,1.75,20,,1.0084642865517741,0.7929,0.7929,0.7929,20000,observed,observed randomization
tikz-frontier-v1,figure3,B,Miss probability frontier,21,miss_probability,conditional_interval_theorem,rho_1750_seed_020,1.75,20,,1.0084642865517741,0.7947766851183793,0.7947766851183793,0.7947766851183793,,theorem,conditional interval theorem
tikz-frontier-v1,figure3,B,Miss probability frontier,22,miss_probability,observed_randomization,rho_1750_seed_021,1.75,21,,0.42470798633998186,0.3462,0.3462,0.3462,20000,observed,observed randomization
tikz-frontier-v1,figure3,B,Miss probability frontier,22,miss_probability,conditional_interval_theorem,rho_1750_seed_021,1.75,21,,0.42470798633998186,0.34092161993092496,0.34092161993092496,0.34092161993092496,,theorem,conditional interval theorem
tikz-frontier-v1,figure3,B,Miss probability frontier,23,miss_probability,observed_randomization,rho_1750_seed_022,1.75,22,,0.8387173607428805,0.77515,0.77515,0.77515,20000,observed,observed randomization
tikz-frontier-v1,figure3,B,Miss probability frontier,23,miss_probability,conditional_interval_theorem,rho_1750_seed_022,1.75,22,,0.8387173607428805,0.7781504156246557,0.7781504156246557,0.7781504156246557,,theorem,conditional interval theorem
tikz-frontier-v1,figure3,B,Miss probability frontier,24,miss_probability,observed_randomization,rho_1750_seed_023,1.75,23,,1.1885378196912908,0.88835,0.88835,0.88835,20000,observed,observed randomization
tikz-frontier-v1,figure3,B,Miss probability frontier,24,miss_probability,conditional_interval_theorem,rho_1750_seed_023,1.75,23,,1.1885378196912908,0.8915349248702384,0.8915349248702384,0.8915349248702384,,theorem,conditional interval theorem
tikz-frontier-v1,figure3,B,Miss probability frontier,25,miss_probability,observed_randomization,rho_1750_seed_024,1.75,24,,0.22955455080648132,0.12745,0.12745,0.12745,20000,observed,observed randomization
tikz-frontier-v1,figure3,B,Miss probability frontier,25,miss_probability,conditional_interval_theorem,rho_1750_seed_024,1.75,24,,0.22955455080648132,0.12581231546413013,0.12581231546413013,0.12581231546413013,,theorem,conditional interval theorem
tikz-frontier-v1,figure3,B,Miss probability frontier,26,miss_probability,observed_randomization,rho_1750_seed_025,1.75,25,,0.33743710260980364,0.15515,0.15515,0.15515,20000,observed,observed randomization
tikz-frontier-v1,figure3,B,Miss probability frontier,26,miss_probability,conditional_interval_theorem,rho_1750_seed_025,1.75,25,,0.33743710260980364,0.15054533153496955,0.15054533153496955,0.15054533153496955,,theorem,conditional interval theorem
tikz-frontier-v1,figure3,B,Miss probability frontier,27,miss_probability,observed_randomization,rho_1750_seed_026,1.75,26,,0.9353770227205858,0.8499,0.8499,0.8499,20000,observed,observed randomization
tikz-frontier-v1,figure3,B,Miss probability frontier,27,miss_probability,conditional_interval_theorem,rho_1750_seed_026,1.75,26,,0.9353770227205858,0.8458563523622117,0.8458563523622117,0.8458563523622117,,theorem,conditional interval theorem
tikz-frontier-v1,figure3,B,Miss probability frontier,28,miss_probability,observed_randomization,rho_1750_seed_027,1.75,27,,1.5158875065497526,0.92565,0.92565,0.92565,20000,observed,observed randomization
tikz-frontier-v1,figure3,B,Miss probability frontier,28,miss_probability,conditional_interval_theorem,rho_1750_seed_027,1.75,27,,1.5158875065497526,0.9239481317309035,0.9239481317309035,0.9239481317309035,,theorem,conditional interval theorem
tikz-frontier-v1,figure3,B,Miss probability frontier,29,miss_probability,observed_randomization,rho_1750_seed_028,1.75,28,,0.7966893447744089,0.77415,0.77415,0.77415,20000,observed,observed randomization
tikz-frontier-v1,figure3,B,Miss probability frontier,29,miss_probability,conditional_interval_theorem,rho_1750_seed_028,1.75,28,,0.7966893447744089,0.7732556067688962,0.7732556067688962,0.7732556067688962,,theorem,conditional interval theorem
tikz-frontier-v1,figure3,B,Miss probability frontier,30,miss_probability,observed_randomization,rho_1750_seed_029,1.75,29,,0.6585281287568511,0.65605,0.65605,0.65605,20000,observed,observed randomization
tikz-frontier-v1,figure3,B,Miss probability frontier,30,miss_probability,conditional_interval_theorem,rho_1750_seed_029,1.75,29,,0.6585281287568511,0.658718571491998,0.658718571491998,0.658718571491998,,theorem,conditional interval theorem
tikz-frontier-v1,figure3,B,Miss probability frontier,31,miss_probability,observed_randomization,rho_1750_seed_030,1.75,30,,0.6517474343717533,0.6624,0.6624,0.6624,20000,observed,observed randomization
tikz-frontier-v1,figure3,B,Miss probability frontier,31,miss_probability,conditional_interval_theorem,rho_1750_seed_030,1.75,30,,0.6517474343717533,0.6648659758902301,0.6648659758902301,0.6648659758902301,,theorem,conditional interval theorem
tikz-frontier-v1,figure3,B,Miss probability frontier,32,miss_probability,observed_randomization,rho_1750_seed_031,1.75,31,,0.3809104254012415,0.2622,0.2622,0.2622,20000,observed,observed randomization
tikz-frontier-v1,figure3,B,Miss probability frontier,32,miss_probability,conditional_interval_theorem,rho_1750_seed_031,1.75,31,,0.3809104254012415,0.2626975568163665,0.2626975568163665,0.2626975568163665,,theorem,conditional interval theorem
tikz-frontier-v1,figure3,B,Miss probability frontier,33,miss_probability,observed_randomization,rho_1750_seed_032,1.75,32,,0.9825262747317457,0.8221,0.8221,0.8221,20000,observed,observed randomization
tikz-frontier-v1,figure3,B,Miss probability frontier,33,miss_probability,conditional_interval_theorem,rho_1750_seed_032,1.75,32,,0.9825262747317457,0.8204838075514828,0.8204838075514828,0.8204838075514828,,theorem,conditional interval theorem
tikz-frontier-v1,figure3,B,Miss probability frontier,34,miss_probability,observed_randomization,rho_1750_seed_033,1.75,33,,0.7148994982599182,0.66275,0.66275,0.66275,20000,observed,observed randomization
tikz-frontier-v1,figure3,B,Miss probability frontier,34,miss_probability,conditional_interval_theorem,rho_1750_seed_033,1.75,33,,0.7148994982599182,0.6647006273848439,0.6647006273848439,0.6647006273848439,,theorem,conditional interval theorem
tikz-frontier-v1,figure3,B,Miss probability frontier,35,miss_probability,observed_randomization,rho_1750_seed_034,1.75,34,,1.1217234926375228,0.8484,0.8484,0.8484,20000,observed,observed randomization
tikz-frontier-v1,figure3,B,Miss probability frontier,35,miss_probability,conditional_interval_theorem,rho_1750_seed_034,1.75,34,,1.1217234926375228,0.8468838080827029,0.8468838080827029,0.8468838080827029,,theorem,conditional interval theorem
tikz-frontier-v1,figure3,B,Miss probability frontier,36,miss_probability,observed_randomization,rho_1750_seed_035,1.75,35,,0.30015443861920393,0.2122,0.2122,0.2122,20000,observed,observed randomization
tikz-frontier-v1,figure3,B,Miss probability frontier,36,miss_probability,conditional_interval_theorem,rho_1750_seed_035,1.75,35,,0.30015443861920393,0.2096662355582308,0.2096662355582308,0.2096662355582308,,theorem,conditional interval theorem
tikz-frontier-v1,figure3,B,Miss probability frontier,37,miss_probability,observed_randomization,rho_1750_seed_036,1.75,36,,0.6890569090602651,0.7017,0.7017,0.7017,20000,observed,observed randomization
tikz-frontier-v1,figure3,B,Miss probability frontier,37,miss_probability,conditional_interval_theorem,rho_1750_seed_036,1.75,36,,0.6890569090602651,0.6926783933153742,0.6926783933153742,0.6926783933153742,,theorem,conditional interval theorem
tikz-frontier-v1,figure3,B,Miss probability frontier,38,miss_probability,observed_randomization,rho_1750_seed_037,1.75,37,,1.4205765077543078,0.9215,0.9215,0.9215,20000,observed,observed randomization
tikz-frontier-v1,figure3,B,Miss probability frontier,38,miss_probability,conditional_interval_theorem,rho_1750_seed_037,1.75,37,,1.4205765077543078,0.9224274658567866,0.9224274658567866,0.9224274658567866,,theorem,conditional interval theorem
tikz-frontier-v1,figure3,B,Miss probability frontier,39,miss_probability,observed_randomization,rho_1750_seed_038,1.75,38,,0.478715894333187,0.5233,0.5233,0.5233,20000,observed,observed randomization
tikz-frontier-v1,figure3,B,Miss probability frontier,39,miss_probability,conditional_interval_theorem,rho_1750_seed_038,1.75,38,,0.478715894333187,0.5235502394856418,0.5235502394856418,0.5235502394856418,,theorem,conditional interval theorem
tikz-frontier-v1,figure3,B,Miss probability frontier,40,miss_probability,observed_randomization,rho_1750_seed_039,1.75,39,,0.6039153630093652,0.66335,0.66335,0.66335,20000,observed,observed randomization
tikz-frontier-v1,figure3,B,Miss probability frontier,40,miss_probability,conditional_interval_theorem,rho_1750_seed_039,1.75,39,,0.6039153630093652,0.6642153528902097,0.6642153528902097,0.6642153528902097,,theorem,conditional interval theorem
tikz-frontier-v1,figure3,B,Miss probability frontier,1,miss_probability,observed_randomization,rho_2000_seed_000,2.0,0,,1.0838824190637055,0.82265,0.82265,0.82265,20000,observed,observed randomization
tikz-frontier-v1,figure3,B,Miss probability frontier,1,miss_probability,conditional_interval_theorem,rho_2000_seed_000,2.0,0,,1.0838824190637055,0.8243719591872565,0.8243719591872565,0.8243719591872565,,theorem,conditional interval theorem
tikz-frontier-v1,figure3,B,Miss probability frontier,2,miss_probability,observed_randomization,rho_2000_seed_001,2.0,1,,-0.14586381336380885,0.0,0.0,0.0,20000,observed,observed randomization
tikz-frontier-v1,figure3,B,Miss probability frontier,2,miss_probability,conditional_interval_theorem,rho_2000_seed_001,2.0,1,,-0.14586381336380885,0.0,0.0,0.0,,theorem,conditional interval theorem
tikz-frontier-v1,figure3,B,Miss probability frontier,3,miss_probability,observed_randomization,rho_2000_seed_002,2.0,2,,0.4782732351681066,0.484,0.484,0.484,20000,observed,observed randomization
tikz-frontier-v1,figure3,B,Miss probability frontier,3,miss_probability,conditional_interval_theorem,rho_2000_seed_002,2.0,2,,0.4782732351681066,0.4867277814633301,0.4867277814633301,0.4867277814633301,,theorem,conditional interval theorem
tikz-frontier-v1,figure3,B,Miss probability frontier,4,miss_probability,observed_randomization,rho_2000_seed_003,2.0,3,,1.16996944622801,0.90535,0.90535,0.90535,20000,observed,observed randomization
tikz-frontier-v1,figure3,B,Miss probability frontier,4,miss_probability,conditional_interval_theorem,rho_2000_seed_003,2.0,3,,1.16996944622801,0.9055528595604744,0.9055528595604744,0.9055528595604744,,theorem,conditional interval theorem
tikz-frontier-v1,figure3,B,Miss probability frontier,5,miss_probability,observed_randomization,rho_2000_seed_004,2.0,4,,1.6317226216829082,0.95135,0.95135,0.95135,20000,observed,observed randomization
tikz-frontier-v1,figure3,B,Miss probability frontier,5,miss_probability,conditional_interval_theorem,rho_2000_seed_004,2.0,4,,1.6317226216829082,0.9501621106428444,0.9501621106428444,0.9501621106428444,,theorem,conditional interval theorem
tikz-frontier-v1,figure3,B,Miss probability frontier,6,miss_probability,observed_randomization,rho_2000_seed_005,2.0,5,,0.6948043958528954,0.6092,0.6092,0.6092,20000,observed,observed randomization
tikz-frontier-v1,figure3,B,Miss probability frontier,6,miss_probability,conditional_interval_theorem,rho_2000_seed_005,2.0,5,,0.6948043958528954,0.609271947961214,0.609271947961214,0.609271947961214,,theorem,conditional interval theorem
tikz-frontier-v1,figure3,B,Miss probability frontier,7,miss_probability,observed_randomization,rho_2000_seed_006,2.0,6,,0.715200723794915,0.7093,0.7093,0.7093,20000,observed,observed randomization
tikz-frontier-v1,figure3,B,Miss probability frontier,7,miss_probability,conditional_interval_theorem,rho_2000_seed_006,2.0,6,,0.715200723794915,0.708307942240814,0.708307942240814,0.708307942240814,,theorem,conditional interval theorem
tikz-frontier-v1,figure3,B,Miss probability frontier,8,miss_probability,observed_randomization,rho_2000_seed_007,2.0,7,,0.8958476570361749,0.78155,0.78155,0.78155,20000,observed,observed randomization
tikz-frontier-v1,figure3,B,Miss probability frontier,8,miss_probability,conditional_interval_theorem,rho_2000_seed_007,2.0,7,,0.8958476570361749,0.7828715767044846,0.7828715767044846,0.7828715767044846,,theorem,conditional interval theorem
tikz-frontier-v1,figure3,B,Miss probability frontier,9,miss_probability,observed_randomization,rho_2000_seed_008,2.0,8,,0.5474658512835099,0.446,0.446,0.446,20000,observed,observed randomization
tikz-frontier-v1,figure3,B,Miss probability frontier,9,miss_probability,conditional_interval_theorem,rho_2000_seed_008,2.0,8,,0.5474658512835099,0.4457435455656469,0.4457435455656469,0.4457435455656469,,theorem,conditional interval theorem
tikz-frontier-v1,figure3,B,Miss probability frontier,10,miss_probability,observed_randomization,rho_2000_seed_009,2.0,9,,0.5298280482979616,0.49365,0.49365,0.49365,20000,observed,observed randomization
tikz-frontier-v1,figure3,B,Miss probability frontier,10,miss_probability,conditional_interval_theorem,rho_2000_seed_009,2.0,9,,0.5298280482979616,0.49298817403367323,0.49298817403367323,0.49298817403367323,,theorem,conditional interval theorem
tikz-frontier-v1,figure3,B,Miss probability frontier,11,miss_probability,observed_randomization,rho_2000_seed_010,2.0,10,,0.6033713615626234,0.5583,0.5583,0.5583,20000,observed,observed randomization
tikz-frontier-v1,figure3,B,Miss probability frontier,11,miss_probability,conditional_interval_theorem,rho_2000_seed_010,2.0,10,,0.6033713615626234,0.5630441201853995,0.5630441201853995,0.5630441201853995,,theorem,conditional interval theorem
tikz-frontier-v1,figure3,B,Miss probability frontier,12,miss_probability,observed_randomization,rho_2000_seed_011,2.0,11,,0.47771203128658923,0.50085,0.50085,0.50085,20000,observed,observed randomization
tikz-frontier-v1,figure3,B,Miss probability frontier,12,miss_probability,conditional_interval_theorem,rho_2000_seed_011,2.0,11,,0.47771203128658923,0.5049106343460291,0.5049106343460291,0.5049106343460291,,theorem,conditional interval theorem
tikz-frontier-v1,figure3,B,Miss probability frontier,13,miss_probability,observed_randomization,rho_2000_seed_012,2.0,12,,0.4147741022621154,0.4603,0.4603,0.4603,20000,observed,observed randomization
tikz-frontier-v1,figure3,B,Miss probability frontier,13,miss_probability,conditional_interval_theorem,rho_2000_seed_012,2.0,12,,0.4147741022621154,0.4617457706422031,0.4617457706422031,0.4617457706422031,,theorem,conditional interval theorem
tikz-frontier-v1,figure3,B,Miss probability frontier,14,miss_probability,observed_randomization,rho_2000_seed_013,2.0,13,,0.35982193638404153,0.3599,0.3599,0.3599,20000,observed,observed randomization
tikz-frontier-v1,figure3,B,Miss probability frontier,14,miss_probability,conditional_interval_theorem,rho_2000_seed_013,2.0,13,,0.35982193638404153,0.3567146606372801,0.3567146606372801,0.3567146606372801,,theorem,conditional interval theorem
tikz-frontier-v1,figure3,B,Miss probability frontier,15,miss_probability,observed_randomization,rho_2000_seed_014,2.0,14,,0.4893277692921027,0.4585,0.4585,0.4585,20000,observed,observed randomization
tikz-frontier-v1,figure3,B,Miss probability frontier,15,miss_probability,conditional_interval_theorem,rho_2000_seed_014,2.0,14,,0.4893277692921027,0.46012492741748723,0.46012492741748723,0.46012492741748723,,theorem,conditional interval theorem
tikz-frontier-v1,figure3,B,Miss probability frontier,16,miss_probability,observed_randomization,rho_2000_seed_015,2.0,15,,0.6100390247307159,0.5444,0.5444,0.5444,20000,observed,observed randomization
tikz-frontier-v1,figure3,B,Miss probability frontier,16,miss_probability,conditional_interval_theorem,rho_2000_seed_015,2.0,15,,0.6100390247307159,0.5418976253772569,0.5418976253772569,0.5418976253772569,,theorem,conditional interval theorem
tikz-frontier-v1,figure3,B,Miss probability frontier,17,miss_probability,observed_randomization,rho_2000_seed_016,2.0,16,,1.481253738535566,0.9402,0.9402,0.9402,20000,observed,observed randomization
tikz-frontier-v1,figure3,B,Miss probability frontier,17,miss_probability,conditional_interval_theorem,rho_2000_seed_016,2.0,16,,1.481253738535566,0.9421688621739989,0.9421688621739989,0.9421688621739989,,theorem,conditional interval theorem
tikz-frontier-v1,figure3,B,Miss probability frontier,18,miss_probability,observed_randomization,rho_2000_seed_017,2.0,17,,0.9605432578918518,0.81115,0.81115,0.81115,20000,observed,observed randomization
tikz-frontier-v1,figure3,B,Miss probability frontier,18,miss_probability,conditional_interval_theorem,rho_2000_seed_017,2.0,17,,0.9605432578918518,0.8125575099789876,0.8125575099789876,0.8125575099789876,,theorem,conditional interval theorem
tikz-frontier-v1,figure3,B,Miss probability frontier,19,miss_probability,observed_randomization,rho_2000_seed_018,2.0,18,,0.01354129623485332,0.02275,0.02275,0.02275,20000,observed,observed randomization
tikz-frontier-v1,figure3,B,Miss probability frontier,19,miss_probability,conditional_interval_theorem,rho_2000_seed_018,2.0,18,,0.01354129623485332,0.02312294975096531,0.02312294975096531,0.02312294975096531,,theorem,conditional interval theorem
tikz-frontier-v1,figure3,B,Miss probability frontier,20,miss_probability,observed_randomization,rho_2000_seed_019,2.0,19,,0.6551026730956319,0.60585,0.60585,0.60585,20000,observed,observed randomization
tikz-frontier-v1,figure3,B,Miss probability frontier,20,miss_probability,conditional_interval_theorem,rho_2000_seed_019,2.0,19,,0.6551026730956319,0.6099386387885486,0.6099386387885486,0.6099386387885486,,theorem,conditional interval theorem
tikz-frontier-v1,figure3,B,Miss probability frontier,21,miss_probability,observed_randomization,rho_2000_seed_020,2.0,20,,0.9350820138192651,0.8355,0.8355,0.8355,20000,observed,observed randomization
tikz-frontier-v1,figure3,B,Miss probability frontier,21,miss_probability,conditional_interval_theorem,rho_2000_seed_020,2.0,20,,0.9350820138192651,0.8364510467260592,0.8364510467260592,0.8364510467260592,,theorem,conditional interval theorem
tikz-frontier-v1,figure3,B,Miss probability frontier,22,miss_probability,observed_randomization,rho_2000_seed_021,2.0,21,,0.7368889056686863,0.69215,0.69215,0.69215,20000,observed,observed randomization
tikz-frontier-v1,figure3,B,Miss probability frontier,22,miss_probability,conditional_interval_theorem,rho_2000_seed_021,2.0,21,,0.7368889056686863,0.6937045407822887,0.6937045407822887,0.6937045407822887,,theorem,conditional interval theorem
tikz-frontier-v1,figure3,B,Miss probability frontier,23,miss_probability,observed_randomization,rho_2000_seed_022,2.0,22,,0.42253413499286224,0.38055,0.38055,0.38055,20000,observed,observed randomization
tikz-frontier-v1,figure3,B,Miss probability frontier,23,miss_probability,conditional_interval_theorem,rho_2000_seed_022,2.0,22,,0.42253413499286224,0.3797554626876127,0.3797554626876127,0.3797554626876127,,theorem,conditional interval theorem
tikz-frontier-v1,figure3,B,Miss probability frontier,24,miss_probability,observed_randomization,rho_2000_seed_023,2.0,23,,-0.4804878888844759,0.0,0.0,0.0,20000,observed,observed randomization
tikz-frontier-v1,figure3,B,Miss probability frontier,24,miss_probability,conditional_interval_theorem,rho_2000_seed_023,2.0,23,,-0.4804878888844759,0.0,0.0,0.0,,theorem,conditional interval theorem
tikz-frontier-v1,figure3,B,Miss probability frontier,25,miss_probability,observed_randomization,rho_2000_seed_024,2.0,24,,0.8126304468935395,0.80075,0.80075,0.80075,20000,observed,observed randomization
tikz-frontier-v1,figure3,B,Miss probability frontier,25,miss_probability,conditional_interval_theorem,rho_2000_seed_024,2.0,24,,0.8126304468935395,0.8011587174629607,0.8011587174629607,0.8011587174629607,,theorem,conditional interval theorem
tikz-frontier-v1,figure3,B,Miss probability frontier,26,miss_probability,observed_randomization,rho_2000_seed_025,2.0,25,,1.4771445909991996,0.92685,0.92685,0.92685,20000,observed,observed randomization
tikz-frontier-v1,figure3,B,Miss probability frontier,26,miss_probability,conditional_interval_theorem,rho_2000_seed_025,2.0,25,,1.4771445909991996,0.9271118477295418,0.9271118477295418,0.9271118477295418,,theorem,conditional interval theorem
tikz-frontier-v1,figure3,B,Miss probability frontier,27,miss_probability,observed_randomization,rho_2000_seed_026,2.0,26,,0.24270335539368926,0.10885,0.10885,0.10885,20000,observed,observed randomization
tikz-frontier-v1,figure3,B,Miss probability frontier,27,miss_probability,conditional_interval_theorem,rho_2000_seed_026,2.0,26,,0.24270335539368926,0.11125282717897778,0.11125282717897778,0.11125282717897778,,theorem,conditional interval theorem
tikz-frontier-v1,figure3,B,Miss probability frontier,28,miss_probability,observed_randomization,rho_2000_seed_027,2.0,27,,0.6684266963187753,0.62945,0.62945,0.62945,20000,observed,observed randomization
tikz-frontier-v1,figure3,B,Miss probability frontier,28,miss_probability,conditional_interval_theorem,rho_2000_seed_027,2.0,27,,0.6684266963187753,0.6288557178604973,0.6288557178604973,0.6288557178604973,,theorem,conditional interval theorem
tikz-frontier-v1,figure3,B,Miss probability frontier,29,miss_probability,observed_randomization,rho_2000_seed_028,2.0,28,,1.0300565579803513,0.8654,0.8654,0.8654,20000,observed,observed randomization
tikz-frontier-v1,figure3,B,Miss probability frontier,29,miss_probability,conditional_interval_theorem,rho_2000_seed_028,2.0,28,,1.0300565579803513,0.8700372045625072,0.8700372045625072,0.8700372045625072,,theorem,conditional interval theorem
tikz-frontier-v1,figure3,B,Miss probability frontier,30,miss_probability,observed_randomization,rho_2000_seed_029,2.0,29,,1.1705735488911575,0.89025,0.89025,0.89025,20000,observed,observed randomization
tikz-frontier-v1,figure3,B,Miss probability frontier,30,miss_probability,conditional_interval_theorem,rho_2000_seed_029,2.0,29,,1.1705735488911575,0.8879879594292587,0.8879879594292587,0.8879879594292587,,theorem,conditional interval theorem
tikz-frontier-v1,figure3,B,Miss probability frontier,31,miss_probability,observed_randomization,rho_2000_seed_030,2.0,30,,0.6978445820507507,0.7151,0.7151,0.7151,20000,observed,observed randomization
tikz-frontier-v1,figure3,B,Miss probability frontier,31,miss_probability,conditional_interval_theorem,rho_2000_seed_030,2.0,30,,0.6978445820507507,0.7153846879728196,0.7153846879728196,0.7153846879728196,,theorem,conditional interval theorem
tikz-frontier-v1,figure3,B,Miss probability frontier,32,miss_probability,observed_randomization,rho_2000_seed_031,2.0,31,,0.6082312247368461,0.58315,0.58315,0.58315,20000,observed,observed randomization
tikz-frontier-v1,figure3,B,Miss probability frontier,32,miss_probability,conditional_interval_theorem,rho_2000_seed_031,2.0,31,,0.6082312247368461,0.5853028821199373,0.5853028821199373,0.5853028821199373,,theorem,conditional interval theorem
tikz-frontier-v1,figure3,B,Miss probability frontier,33,miss_probability,observed_randomization,rho_2000_seed_032,2.0,32,,0.34526333517093777,0.5317,0.5317,0.5317,20000,observed,observed randomization
tikz-frontier-v1,figure3,B,Miss probability frontier,33,miss_probability,conditional_interval_theorem,rho_2000_seed_032,2.0,32,,0.34526333517093777,0.5279483051848489,0.5279483051848489,0.5279483051848489,,theorem,conditional interval theorem
tikz-frontier-v1,figure3,B,Miss probability frontier,34,miss_probability,observed_randomization,rho_2000_seed_033,2.0,33,,1.0323269485349,0.88145,0.88145,0.88145,20000,observed,observed randomization
tikz-frontier-v1,figure3,B,Miss probability frontier,34,miss_probability,conditional_interval_theorem,rho_2000_seed_033,2.0,33,,1.0323269485349,0.8774876902893178,0.8774876902893178,0.8774876902893178,,theorem,conditional interval theorem
tikz-frontier-v1,figure3,B,Miss probability frontier,35,miss_probability,observed_randomization,rho_2000_seed_034,2.0,34,,0.7317283835035501,0.64075,0.64075,0.64075,20000,observed,observed randomization
tikz-frontier-v1,figure3,B,Miss probability frontier,35,miss_probability,conditional_interval_theorem,rho_2000_seed_034,2.0,34,,0.7317283835035501,0.6462941409776357,0.6462941409776357,0.6462941409776357,,theorem,conditional interval theorem
tikz-frontier-v1,figure3,B,Miss probability frontier,36,miss_probability,observed_randomization,rho_2000_seed_035,2.0,35,,1.284238201176518,0.89625,0.89625,0.89625,20000,observed,observed randomization
tikz-frontier-v1,figure3,B,Miss probability frontier,36,miss_probability,conditional_interval_theorem,rho_2000_seed_035,2.0,35,,1.284238201176518,0.8951481559272864,0.8951481559272864,0.8951481559272864,,theorem,conditional interval theorem
tikz-frontier-v1,figure3,B,Miss probability frontier,37,miss_probability,observed_randomization,rho_2000_seed_036,2.0,36,,1.8125068776480306,0.96045,0.96045,0.96045,20000,observed,observed randomization
tikz-frontier-v1,figure3,B,Miss probability frontier,37,miss_probability,conditional_interval_theorem,rho_2000_seed_036,2.0,36,,1.8125068776480306,0.9619962622236881,0.9619962622236881,0.9619962622236881,,theorem,conditional interval theorem
tikz-frontier-v1,figure3,B,Miss probability frontier,38,miss_probability,observed_randomization,rho_2000_seed_037,2.0,37,,0.7949560537654133,0.76525,0.76525,0.76525,20000,observed,observed randomization
tikz-frontier-v1,figure3,B,Miss probability frontier,38,miss_probability,conditional_interval_theorem,rho_2000_seed_037,2.0,37,,0.7949560537654133,0.7641029217483897,0.7641029217483897,0.7641029217483897,,theorem,conditional interval theorem
tikz-frontier-v1,figure3,B,Miss probability frontier,39,miss_probability,observed_randomization,rho_2000_seed_038,2.0,38,,1.5544624388127213,0.9473,0.9473,0.9473,20000,observed,observed randomization
tikz-frontier-v1,figure3,B,Miss probability frontier,39,miss_probability,conditional_interval_theorem,rho_2000_seed_038,2.0,38,,1.5544624388127213,0.9453909689675839,0.9453909689675839,0.9453909689675839,,theorem,conditional interval theorem
tikz-frontier-v1,figure3,B,Miss probability frontier,40,miss_probability,observed_randomization,rho_2000_seed_039,2.0,39,,-0.1138669505364756,0.0,0.0,0.0,20000,observed,observed randomization
tikz-frontier-v1,figure3,B,Miss probability frontier,40,miss_probability,conditional_interval_theorem,rho_2000_seed_039,2.0,39,,-0.1138669505364756,0.0,0.0,0.0,,theorem,conditional interval theorem
tikz-frontier-v1,figure3,B,Miss probability frontier,1,miss_probability,observed_randomization,rho_2250_seed_000,2.25,0,,0.5490863957303529,0.63055,0.63055,0.63055,20000,observed,observed randomization
tikz-frontier-v1,figure3,B,Miss probability frontier,1,miss_probability,conditional_interval_theorem,rho_2250_seed_000,2.25,0,,0.5490863957303529,0.6320366154133424,0.6320366154133424,0.6320366154133424,,theorem,conditional interval theorem
tikz-frontier-v1,figure3,B,Miss probability frontier,2,miss_probability,observed_randomization,rho_2250_seed_001,2.25,1,,0.3893453248557959,0.5038,0.5038,0.5038,20000,observed,observed randomization
tikz-frontier-v1,figure3,B,Miss probability frontier,2,miss_probability,conditional_interval_theorem,rho_2250_seed_001,2.25,1,,0.3893453248557959,0.5031796493560997,0.5031796493560997,0.5031796493560997,,theorem,conditional interval theorem
tikz-frontier-v1,figure3,B,Miss probability frontier,3,miss_probability,observed_randomization,rho_2250_seed_002,2.25,2,,1.8987213020638414,0.97105,0.97105,0.97105,20000,observed,observed randomization
tikz-frontier-v1,figure3,B,Miss probability frontier,3,miss_probability,conditional_interval_theorem,rho_2250_seed_002,2.25,2,,1.8987213020638414,0.9715213450588007,0.9715213450588007,0.9715213450588007,,theorem,conditional interval theorem
tikz-frontier-v1,figure3,B,Miss probability frontier,4,miss_probability,observed_randomization,rho_2250_seed_003,2.25,3,,0.3234051919991268,0.27195,0.27195,0.27195,20000,observed,observed randomization
tikz-frontier-v1,figure3,B,Miss probability frontier,4,miss_probability,conditional_interval_theorem,rho_2250_seed_003,2.25,3,,0.3234051919991268,0.27329905083311734,0.27329905083311734,0.27329905083311734,,theorem,conditional interval theorem
tikz-frontier-v1,figure3,B,Miss probability frontier,5,miss_probability,observed_randomization,rho_2250_seed_004,2.25,4,,0.9902589569997841,0.81925,0.81925,0.81925,20000,observed,observed randomization
tikz-frontier-v1,figure3,B,Miss probability frontier,5,miss_probability,conditional_interval_theorem,rho_2250_seed_004,2.25,4,,0.9902589569997841,0.8169892384155024,0.8169892384155024,0.8169892384155024,,theorem,conditional interval theorem
tikz-frontier-v1,figure3,B,Miss probability frontier,6,miss_probability,observed_randomization,rho_2250_seed_005,2.25,5,,0.81573467008555,0.78205,0.78205,0.78205,20000,observed,observed randomization
tikz-frontier-v1,figure3,B,Miss probability frontier,6,miss_probability,conditional_interval_theorem,rho_2250_seed_005,2.25,5,,0.81573467008555,0.7839665739467362,0.7839665739467362,0.7839665739467362,,theorem,conditional interval theorem
tikz-frontier-v1,figure3,B,Miss probability frontier,7,miss_probability,observed_randomization,rho_2250_seed_006,2.25,6,,0.2257302194328849,0.06045,0.06045,0.06045,20000,observed,observed randomization
tikz-frontier-v1,figure3,B,Miss probability frontier,7,miss_probability,conditional_interval_theorem,rho_2250_seed_006,2.25,6,,0.2257302194328849,0.060614858885076714,0.060614858885076714,0.060614858885076714,,theorem,conditional interval theorem
tikz-frontier-v1,figure3,B,Miss probability frontier,8,miss_probability,observed_randomization,rho_2250_seed_007,2.25,7,,1.2282856426956401,0.88275,0.88275,0.88275,20000,observed,observed randomization
tikz-frontier-v1,figure3,B,Miss probability frontier,8,miss_probability,conditional_interval_theorem,rho_2250_seed_007,2.25,7,,1.2282856426956401,0.8838480498541705,0.8838480498541705,0.8838480498541705,,theorem,conditional interval theorem
tikz-frontier-v1,figure3,B,Miss probability frontier,9,miss_probability,observed_randomization,rho_2250_seed_008,2.25,8,,1.162682392808331,0.92025,0.92025,0.92025,20000,observed,observed randomization
tikz-frontier-v1,figure3,B,Miss probability frontier,9,miss_probability,conditional_interval_theorem,rho_2250_seed_008,2.25,8,,1.162682392808331,0.922442799455348,0.922442799455348,0.922442799455348,,theorem,conditional interval theorem
tikz-frontier-v1,figure3,B,Miss probability frontier,10,miss_probability,observed_randomization,rho_2250_seed_009,2.25,9,,1.4588408477854469,0.935,0.935,0.935,20000,observed,observed randomization
tikz-frontier-v1,figure3,B,Miss probability frontier,10,miss_probability,conditional_interval_theorem,rho_2250_seed_009,2.25,9,,1.4588408477854469,0.9344036309069212,0.9344036309069212,0.9344036309069212,,theorem,conditional interval theorem
tikz-frontier-v1,figure3,B,Miss probability frontier,11,miss_probability,observed_randomization,rho_2250_seed_010,2.25,10,,1.6102183747757715,0.9632,0.9632,0.9632,20000,observed,observed randomization
tikz-frontier-v1,figure3,B,Miss probability frontier,11,miss_probability,conditional_interval_theorem,rho_2250_seed_010,2.25,10,,1.6102183747757715,0.9623923942976969,0.9623923942976969,0.9623923942976969,,theorem,conditional interval theorem
tikz-frontier-v1,figure3,B,Miss probability frontier,12,miss_probability,observed_randomization,rho_2250_seed_011,2.25,11,,1.7171763303670693,0.9644,0.9644,0.9644,20000,observed,observed randomization
tikz-frontier-v1,figure3,B,Miss probability frontier,12,miss_probability,conditional_interval_theorem,rho_2250_seed_011,2.25,11,,1.7171763303670693,0.9640432159089092,0.9640432159089092,0.9640432159089092,,theorem,conditional interval theorem
tikz-frontier-v1,figure3,B,Miss probability frontier,13,miss_probability,observed_randomization,rho_2250_seed_012,2.25,12,,1.0181507093475517,0.846,0.846,0.846,20000,observed,observed randomization
tikz-frontier-v1,figure3,B,Miss probability frontier,13,miss_probability,conditional_interval_theorem,rho_2250_seed_012,2.25,12,,1.0181507093475517,0.8441297100521252,0.8441297100521252,0.8441297100521252,,theorem,conditional interval theorem
tikz-frontier-v1,figure3,B,Miss probability frontier,14,miss_probability,observed_randomization,rho_2250_seed_013,2.25,13,,0.6285252857559825,0.6096,0.6096,0.6096,20000,observed,observed randomization
tikz-frontier-v1,figure3,B,Miss probability frontier,14,miss_probability,conditional_interval_theorem,rho_2250_seed_013,2.25,13,,0.6285252857559825,0.6103602676752857,0.6103602676752857,0.6103602676752857,,theorem,conditional interval theorem
tikz-frontier-v1,figure3,B,Miss probability frontier,15,miss_probability,observed_randomization,rho_2250_seed_014,2.25,14,,1.268645763704103,0.91105,0.91105,0.91105,20000,observed,observed randomization
tikz-frontier-v1,figure3,B,Miss probability frontier,15,miss_probability,conditional_interval_theorem,rho_2250_seed_014,2.25,14,,1.268645763704103,0.9146775937355338,0.9146775937355338,0.9146775937355338,,theorem,conditional interval theorem
tikz-frontier-v1,figure3,B,Miss probability frontier,16,miss_probability,observed_randomization,rho_2250_seed_015,2.25,15,,0.7064238152278758,0.63115,0.63115,0.63115,20000,observed,observed randomization
tikz-frontier-v1,figure3,B,Miss probability frontier,16,miss_probability,conditional_interval_theorem,rho_2250_seed_015,2.25,15,,0.7064238152278758,0.636088077514401,0.636088077514401,0.636088077514401,,theorem,conditional interval theorem
tikz-frontier-v1,figure3,B,Miss probability frontier,17,miss_probability,observed_randomization,rho_2250_seed_016,2.25,16,,0.6115402070484247,0.6168,0.6168,0.6168,20000,observed,observed randomization
tikz-frontier-v1,figure3,B,Miss probability frontier,17,miss_probability,conditional_interval_theorem,rho_2250_seed_016,2.25,16,,0.6115402070484247,0.613832631281326,0.613832631281326,0.613832631281326,,theorem,conditional interval theorem
tikz-frontier-v1,figure3,B,Miss probability frontier,18,miss_probability,observed_randomization,rho_2250_seed_017,2.25,17,,1.5045400613921522,0.9393,0.9393,0.9393,20000,observed,observed randomization
tikz-frontier-v1,figure3,B,Miss probability frontier,18,miss_probability,conditional_interval_theorem,rho_2250_seed_017,2.25,17,,1.5045400613921522,0.9385977725006585,0.9385977725006585,0.9385977725006585,,theorem,conditional interval theorem
tikz-frontier-v1,figure3,B,Miss probability frontier,19,miss_probability,observed_randomization,rho_2250_seed_018,2.25,18,,1.6995262787865146,0.9604,0.9604,0.9604,20000,observed,observed randomization
tikz-frontier-v1,figure3,B,Miss probability frontier,19,miss_probability,conditional_interval_theorem,rho_2250_seed_018,2.25,18,,1.6995262787865146,0.9620908524579382,0.9620908524579382,0.9620908524579382,,theorem,conditional interval theorem
tikz-frontier-v1,figure3,B,Miss probability frontier,20,miss_probability,observed_randomization,rho_2250_seed_019,2.25,19,,1.3065908582150818,0.9232,0.9232,0.9232,20000,observed,observed randomization
tikz-frontier-v1,figure3,B,Miss probability frontier,20,miss_probability,conditional_interval_theorem,rho_2250_seed_019,2.25,19,,1.3065908582150818,0.9239509507740598,0.9239509507740598,0.9239509507740598,,theorem,conditional interval theorem
tikz-frontier-v1,figure3,B,Miss probability frontier,21,miss_probability,observed_randomization,rho_2250_seed_020,2.25,20,,0.981871504896573,0.80425,0.80425,0.80425,20000,observed,observed randomization
tikz-frontier-v1,figure3,B,Miss probability frontier,21,miss_probability,conditional_interval_theorem,rho_2250_seed_020,2.25,20,,0.981871504896573,0.8055228697032366,0.8055228697032366,0.8055228697032366,,theorem,conditional interval theorem
tikz-frontier-v1,figure3,B,Miss probability frontier,22,miss_probability,observed_randomization,rho_2250_seed_021,2.25,21,,0.6013661642653279,0.53625,0.53625,0.53625,20000,observed,observed randomization
tikz-frontier-v1,figure3,B,Miss probability frontier,22,miss_probability,conditional_interval_theorem,rho_2250_seed_021,2.25,21,,0.6013661642653279,0.5358214315095312,0.5358214315095312,0.5358214315095312,,theorem,conditional interval theorem
tikz-frontier-v1,figure3,B,Miss probability frontier,23,miss_probability,observed_randomization,rho_2250_seed_022,2.25,22,,0.06427752623123327,0.0939,0.0939,0.0939,20000,observed,observed randomization
tikz-frontier-v1,figure3,B,Miss probability frontier,23,miss_probability,conditional_interval_theorem,rho_2250_seed_022,2.25,22,,0.06427752623123327,0.0976551221994634,0.0976551221994634,0.0976551221994634,,theorem,conditional interval theorem
tikz-frontier-v1,figure3,B,Miss probability frontier,24,miss_probability,observed_randomization,rho_2250_seed_023,2.25,23,,-0.2713244698651294,0.0,0.0,0.0,20000,observed,observed randomization
tikz-frontier-v1,figure3,B,Miss probability frontier,24,miss_probability,conditional_interval_theorem,rho_2250_seed_023,2.25,23,,-0.2713244698651294,0.0,0.0,0.0,,theorem,conditional interval theorem
tikz-frontier-v1,figure3,B,Miss probability frontier,25,miss_probability,observed_randomization,rho_2250_seed_024,2.25,24,,1.4758134849687523,0.94465,0.94465,0.94465,20000,observed,observed randomization
tikz-frontier-v1,figure3,B,Miss probability frontier,25,miss_probability,conditional_interval_theorem,rho_2250_seed_024,2.25,24,,1.4758134849687523,0.9430442371326054,0.9430442371326054,0.9430442371326054,,theorem,conditional interval theorem
tikz-frontier-v1,figure3,B,Miss probability frontier,26,miss_probability,observed_randomization,rho_2250_seed_025,2.25,25,,1.30555963726137,0.9081,0.9081,0.9081,20000,observed,observed randomization
tikz-frontier-v1,figure3,B,Miss probability frontier,26,miss_probability,conditional_interval_theorem,rho_2250_seed_025,2.25,25,,1.30555963726137,0.9100715642260292,0.9100715642260292,0.9100715642260292,,theorem,conditional interval theorem
tikz-frontier-v1,figure3,B,Miss probability frontier,27,miss_probability,observed_randomization,rho_2250_seed_026,2.25,26,,0.5112187974821197,0.58295,0.58295,0.58295,20000,observed,observed randomization
tikz-frontier-v1,figure3,B,Miss probability frontier,27,miss_probability,conditional_interval_theorem,rho_2250_seed_026,2.25,26,,0.5112187974821197,0.5808606990497784,0.5808606990497784,0.5808606990497784,,theorem,conditional interval theorem
tikz-frontier-v1,figure3,B,Miss probability frontier,28,miss_probability,observed_randomization,rho_2250_seed_027,2.25,27,,0.232096390715425,0.325,0.325,0.325,20000,observed,observed randomization
tikz-frontier-v1,figure3,B,Miss probability frontier,28,miss_probability,conditional_interval_theorem,rho_2250_seed_027,2.25,27,,0.232096390715425,0.3263061719076377,0.3263061719076377,0.3263061719076377,,theorem,conditional interval theorem
tikz-frontier-v1,figure3,B,Miss probability frontier,29,miss_probability,observed_randomization,rho_2250_seed_028,2.25,28,,1.2380018530939407,0.90165,0.90165,0.90165,20000,observed,observed randomization
tikz-frontier-v1,figure3,B,Miss probability frontier,29,miss_probability,conditional_interval_theorem,rho_2250_seed_028,2.25,28,,1.2380018530939407,0.9018936609759547,0.9018936609759547,0.9018936609759547,,theorem,conditional interval theorem
tikz-frontier-v1,figure3,B,Miss probability frontier,30,miss_probability,observed_randomization,rho_2250_seed_029,2.25,29,,1.2224183652643439,0.8879,0.8879,0.8879,20000,observed,observed randomization
tikz-frontier-v1,figure3,B,Miss probability frontier,30,miss_probability,conditional_interval_theorem,rho_2250_seed_029,2.25,29,,1.2224183652643439,0.8888615584329327,0.8888615584329327,0.8888615584329327,,theorem,conditional interval theorem
tikz-frontier-v1,figure3,B,Miss probability frontier,31,miss_probability,observed_randomization,rho_2250_seed_030,2.25,30,,0.9721925646310592,0.8651,0.8651,0.8651,20000,observed,observed randomization
tikz-frontier-v1,figure3,B,Miss probability frontier,31,miss_probability,conditional_interval_theorem,rho_2250_seed_030,2.25,30,,0.9721925646310592,0.8607270519610637,0.8607270519610637,0.8607270519610637,,theorem,conditional interval theorem
tikz-frontier-v1,figure3,B,Miss probability frontier,32,miss_probability,observed_randomization,rho_2250_seed_031,2.25,31,,1.7128907057680456,0.9593,0.9593,0.9593,20000,observed,observed randomization
tikz-frontier-v1,figure3,B,Miss probability frontier,32,miss_probability,conditional_interval_theorem,rho_2250_seed_031,2.25,31,,1.7128907057680456,0.9588967298405363,0.9588967298405363,0.9588967298405363,,theorem,conditional interval theorem
tikz-frontier-v1,figure3,B,Miss probability frontier,33,miss_probability,observed_randomization,rho_2250_seed_032,2.25,32,,0.7444063672028812,0.67565,0.67565,0.67565,20000,observed,observed randomization
tikz-frontier-v1,figure3,B,Miss probability frontier,33,miss_probability,conditional_interval_theorem,rho_2250_seed_032,2.25,32,,0.7444063672028812,0.6711146368425343,0.6711146368425343,0.6711146368425343,,theorem,conditional interval theorem
tikz-frontier-v1,figure3,B,Miss probability frontier,34,miss_probability,observed_randomization,rho_2250_seed_033,2.25,33,,0.6488361019541596,0.622,0.622,0.622,20000,observed,observed randomization
tikz-frontier-v1,figure3,B,Miss probability frontier,34,miss_probability,conditional_interval_theorem,rho_2250_seed_033,2.25,33,,0.6488361019541596,0.6185665796022479,0.6185665796022479,0.6185665796022479,,theorem,conditional interval theorem
tikz-frontier-v1,figure3,B,Miss probability frontier,35,miss_probability,observed_randomization,rho_2250_seed_034,2.25,34,,0.24870645592681204,0.34885,0.34885,0.34885,20000,observed,observed randomization
tikz-frontier-v1,figure3,B,Miss probability frontier,35,miss_probability,conditional_interval_theorem,rho_2250_seed_034,2.25,34,,0.24870645592681204,0.35465224557272657,0.35465224557272657,0.35465224557272657,,theorem,conditional interval theorem
tikz-frontier-v1,figure3,B,Miss probability frontier,36,miss_probability,observed_randomization,rho_2250_seed_035,2.25,35,,1.1431593835599778,0.88245,0.88245,0.88245,20000,observed,observed randomization
tikz-frontier-v1,figure3,B,Miss probability frontier,36,miss_probability,conditional_interval_theorem,rho_2250_seed_035,2.25,35,,1.1431593835599778,0.8773677338821394,0.8773677338821394,0.8773677338821394,,theorem,conditional interval theorem
tikz-frontier-v1,figure3,B,Miss probability frontier,37,miss_probability,observed_randomization,rho_2250_seed_036,2.25,36,,1.2415732045215506,0.8643,0.8643,0.8643,20000,observed,observed randomization
tikz-frontier-v1,figure3,B,Miss probability frontier,37,miss_probability,conditional_interval_theorem,rho_2250_seed_036,2.25,36,,1.2415732045215506,0.8633929560077301,0.8633929560077301,0.8633929560077301,,theorem,conditional interval theorem
tikz-frontier-v1,figure3,B,Miss probability frontier,38,miss_probability,observed_randomization,rho_2250_seed_037,2.25,37,,1.3141492218192738,0.91855,0.91855,0.91855,20000,observed,observed randomization
tikz-frontier-v1,figure3,B,Miss probability frontier,38,miss_probability,conditional_interval_theorem,rho_2250_seed_037,2.25,37,,1.3141492218192738,0.9207624940832467,0.9207624940832467,0.9207624940832467,,theorem,conditional interval theorem
tikz-frontier-v1,figure3,B,Miss probability frontier,39,miss_probability,observed_randomization,rho_2250_seed_038,2.25,38,,1.0982531134142084,0.8469,0.8469,0.8469,20000,observed,observed randomization
tikz-frontier-v1,figure3,B,Miss probability frontier,39,miss_probability,conditional_interval_theorem,rho_2250_seed_038,2.25,38,,1.0982531134142084,0.8487564250808429,0.8487564250808429,0.8487564250808429,,theorem,conditional interval theorem
tikz-frontier-v1,figure3,B,Miss probability frontier,40,miss_probability,observed_randomization,rho_2250_seed_039,2.25,39,,1.1303856668954055,0.8813,0.8813,0.8813,20000,observed,observed randomization
tikz-frontier-v1,figure3,B,Miss probability frontier,40,miss_probability,conditional_interval_theorem,rho_2250_seed_039,2.25,39,,1.1303856668954055,0.883200272211478,0.883200272211478,0.883200272211478,,theorem,conditional interval theorem
tikz-frontier-v1,figure3,B,Miss probability frontier,1,miss_probability,observed_randomization,rho_2500_seed_000,2.5,0,,0.8452913702390997,0.8394,0.8394,0.8394,20000,observed,observed randomization
tikz-frontier-v1,figure3,B,Miss probability frontier,1,miss_probability,conditional_interval_theorem,rho_2500_seed_000,2.5,0,,0.8452913702390997,0.837465920830328,0.837465920830328,0.837465920830328,,theorem,conditional interval theorem
tikz-frontier-v1,figure3,B,Miss probability frontier,2,miss_probability,observed_randomization,rho_2500_seed_001,2.5,1,,0.07621918841686326,0.1566,0.1566,0.1566,20000,observed,observed randomization
tikz-frontier-v1,figure3,B,Miss probability frontier,2,miss_probability,conditional_interval_theorem,rho_2500_seed_001,2.5,1,,0.07621918841686326,0.15168209382064768,0.15168209382064768,0.15168209382064768,,theorem,conditional interval theorem
tikz-frontier-v1,figure3,B,Miss probability frontier,3,miss_probability,observed_randomization,rho_2500_seed_002,2.5,2,,0.8617079592732155,0.7888,0.7888,0.7888,20000,observed,observed randomization
tikz-frontier-v1,figure3,B,Miss probability frontier,3,miss_probability,conditional_interval_theorem,rho_2500_seed_002,2.5,2,,0.8617079592732155,0.7900313919173534,0.7900313919173534,0.7900313919173534,,theorem,conditional interval theorem
tikz-frontier-v1,figure3,B,Miss probability frontier,4,miss_probability,observed_randomization,rho_2500_seed_003,2.5,3,,1.073442427966869,0.8263,0.8263,0.8263,20000,observed,observed randomization
tikz-frontier-v1,figure3,B,Miss probability frontier,4,miss_probability,conditional_interval_theorem,rho_2500_seed_003,2.5,3,,1.073442427966869,0.8300618899552886,0.8300618899552886,0.8300618899552886,,theorem,conditional interval theorem
tikz-frontier-v1,figure3,B,Miss probability frontier,5,miss_probability,observed_randomization,rho_2500_seed_004,2.5,4,,1.2795772292132754,0.9362,0.9362,0.9362,20000,observed,observed randomization
tikz-frontier-v1,figure3,B,Miss probability frontier,5,miss_probability,conditional_interval_theorem,rho_2500_seed_004,2.5,4,,1.2795772292132754,0.9357219027895523,0.9357219027895523,0.9357219027895523,,theorem,conditional interval theorem
tikz-frontier-v1,figure3,B,Miss probability frontier,6,miss_probability,observed_randomization,rho_2500_seed_005,2.5,5,,1.6436182975600921,0.9626,0.9626,0.9626,20000,observed,observed randomization
tikz-frontier-v1,figure3,B,Miss probability frontier,6,miss_probability,conditional_interval_theorem,rho_2500_seed_005,2.5,5,,1.6436182975600921,0.9628522374541397,0.9628522374541397,0.9628522374541397,,theorem,conditional interval theorem
tikz-frontier-v1,figure3,B,Miss probability frontier,7,miss_probability,observed_randomization,rho_2500_seed_006,2.5,6,,1.1565165414941556,0.8993,0.8993,0.8993,20000,observed,observed randomization
tikz-frontier-v1,figure3,B,Miss probability frontier,7,miss_probability,conditional_interval_theorem,rho_2500_seed_006,2.5,6,,1.1565165414941556,0.8981359683197783,0.8981359683197783,0.8981359683197783,,theorem,conditional interval theorem
tikz-frontier-v1,figure3,B,Miss probability frontier,8,miss_probability,observed_randomization,rho_2500_seed_007,2.5,7,,0.3123926521108123,0.49345,0.49345,0.49345,20000,observed,observed randomization
tikz-frontier-v1,figure3,B,Miss probability frontier,8,miss_probability,conditional_interval_theorem,rho_2500_seed_007,2.5,7,,0.3123926521108123,0.49881388012999295,0.49881388012999295,0.49881388012999295,,theorem,conditional interval theorem
tikz-frontier-v1,figure3,B,Miss probability frontier,9,miss_probability,observed_randomization,rho_2500_seed_008,2.5,8,,1.425240409204357,0.9229,0.9229,0.9229,20000,observed,observed randomization
tikz-frontier-v1,figure3,B,Miss probability frontier,9,miss_probability,conditional_interval_theorem,rho_2500_seed_008,2.5,8,,1.425240409204357,0.9240304976025819,0.9240304976025819,0.9240304976025819,,theorem,conditional interval theorem
tikz-frontier-v1,figure3,B,Miss probability frontier,10,miss_probability,observed_randomization,rho_2500_seed_009,2.5,9,,1.146968322680109,0.89425,0.89425,0.89425,20000,observed,observed randomization
tikz-frontier-v1,figure3,B,Miss probability frontier,10,miss_probability,conditional_interval_theorem,rho_2500_seed_009,2.5,9,,1.146968322680109,0.894917272176805,0.894917272176805,0.894917272176805,,theorem,conditional interval theorem
tikz-frontier-v1,figure3,B,Miss probability frontier,11,miss_probability,observed_randomization,rho_2500_seed_010,2.5,10,,1.0546443298025148,0.8303,0.8303,0.8303,20000,observed,observed randomization
tikz-frontier-v1,figure3,B,Miss probability frontier,11,miss_probability,conditional_interval_theorem,rho_2500_seed_010,2.5,10,,1.0546443298025148,0.8273442073771555,0.8273442073771555,0.8273442073771555,,theorem,conditional interval theorem
tikz-frontier-v1,figure3,B,Miss probability frontier,12,miss_probability,observed_randomization,rho_2500_seed_011,2.5,11,,1.0617766209107664,0.86845,0.86845,0.86845,20000,observed,observed randomization
tikz-frontier-v1,figure3,B,Miss probability frontier,12,miss_probability,conditional_interval_theorem,rho_2500_seed_011,2.5,11,,1.0617766209107664,0.8696025571934448,0.8696025571934448,0.8696025571934448,,theorem,conditional interval theorem
tikz-frontier-v1,figure3,B,Miss probability frontier,13,miss_probability,observed_randomization,rho_2500_seed_012,2.5,12,,0.38110428218772535,0.3545,0.3545,0.3545,20000,observed,observed randomization
tikz-frontier-v1,figure3,B,Miss probability frontier,13,miss_probability,conditional_interval_theorem,rho_2500_seed_012,2.5,12,,0.38110428218772535,0.34886161810718735,0.34886161810718735,0.34886161810718735,,theorem,conditional interval theorem
tikz-frontier-v1,figure3,B,Miss probability frontier,14,miss_probability,observed_randomization,rho_2500_seed_013,2.5,13,,1.2405274128159116,0.92145,0.92145,0.92145,20000,observed,observed randomization
tikz-frontier-v1,figure3,B,Miss probability frontier,14,miss_probability,conditional_interval_theorem,rho_2500_seed_013,2.5,13,,1.2405274128159116,0.9234702764927843,0.9234702764927843,0.9234702764927843,,theorem,conditional interval theorem
tikz-frontier-v1,figure3,B,Miss probability frontier,15,miss_probability,observed_randomization,rho_2500_seed_014,2.5,14,,1.8575681878977706,0.98245,0.98245,0.98245,20000,observed,observed randomization
tikz-frontier-v1,figure3,B,Miss probability frontier,15,miss_probability,conditional_interval_theorem,rho_2500_seed_014,2.5,14,,1.8575681878977706,0.9811713176902203,0.9811713176902203,0.9811713176902203,,theorem,conditional interval theorem
tikz-frontier-v1,figure3,B,Miss probability frontier,16,miss_probability,observed_randomization,rho_2500_seed_015,2.5,15,,0.9475880413473742,0.81255,0.81255,0.81255,20000,observed,observed randomization
tikz-frontier-v1,figure3,B,Miss probability frontier,16,miss_probability,conditional_interval_theorem,rho_2500_seed_015,2.5,15,,0.9475880413473742,0.8148054503818483,0.8148054503818483,0.8148054503818483,,theorem,conditional interval theorem
tikz-frontier-v1,figure3,B,Miss probability frontier,17,miss_probability,observed_randomization,rho_2500_seed_016,2.5,16,,0.6964086764272713,0.7196,0.7196,0.7196,20000,observed,observed randomization
tikz-frontier-v1,figure3,B,Miss probability frontier,17,miss_probability,conditional_interval_theorem,rho_2500_seed_016,2.5,16,,0.6964086764272713,0.7187280039068067,0.7187280039068067,0.7187280039068067,,theorem,conditional interval theorem
tikz-frontier-v1,figure3,B,Miss probability frontier,18,miss_probability,observed_randomization,rho_2500_seed_017,2.5,17,,1.14297088824431,0.88005,0.88005,0.88005,20000,observed,observed randomization
tikz-frontier-v1,figure3,B,Miss probability frontier,18,miss_probability,conditional_interval_theorem,rho_2500_seed_017,2.5,17,,1.14297088824431,0.8804272135442357,0.8804272135442357,0.8804272135442357,,theorem,conditional interval theorem
tikz-frontier-v1,figure3,B,Miss probability frontier,19,miss_probability,observed_randomization,rho_2500_seed_018,2.5,18,,1.489169395070879,0.9587,0.9587,0.9587,20000,observed,observed randomization
tikz-frontier-v1,figure3,B,Miss probability frontier,19,miss_probability,conditional_interval_theorem,rho_2500_seed_018,2.5,18,,1.489169395070879,0.9562141654756117,0.9562141654756117,0.9562141654756117,,theorem,conditional interval theorem
tikz-frontier-v1,figure3,B,Miss probability frontier,20,miss_probability,observed_randomization,rho_2500_seed_019,2.5,19,,0.5331658112188764,0.63585,0.63585,0.63585,20000,observed,observed randomization
tikz-frontier-v1,figure3,B,Miss probability frontier,20,miss_probability,conditional_interval_theorem,rho_2500_seed_019,2.5,19,,0.5331658112188764,0.634060652052098,0.634060652052098,0.634060652052098,,theorem,conditional interval theorem
tikz-frontier-v1,figure3,B,Miss probability frontier,21,miss_probability,observed_randomization,rho_2500_seed_020,2.5,20,,0.5993269786937196,0.74505,0.74505,0.74505,20000,observed,observed randomization
tikz-frontier-v1,figure3,B,Miss probability frontier,21,miss_probability,conditional_interval_theorem,rho_2500_seed_020,2.5,20,,0.5993269786937196,0.7429660809174777,0.7429660809174777,0.7429660809174777,,theorem,conditional interval theorem
tikz-frontier-v1,figure3,B,Miss probability frontier,22,miss_probability,observed_randomization,rho_2500_seed_021,2.5,21,,1.4702578580282917,0.9547,0.9547,0.9547,20000,observed,observed randomization
tikz-frontier-v1,figure3,B,Miss probability frontier,22,miss_probability,conditional_interval_theorem,rho_2500_seed_021,2.5,21,,1.4702578580282917,0.9532442326498003,0.9532442326498003,0.9532442326498003,,theorem,conditional interval theorem
tikz-frontier-v1,figure3,B,Miss probability frontier,23,miss_probability,observed_randomization,rho_2500_seed_022,2.5,22,,2.1213659523749815,0.98135,0.98135,0.98135,20000,observed,observed randomization
tikz-frontier-v1,figure3,B,Miss probability frontier,23,miss_probability,conditional_interval_theorem,rho_2500_seed_022,2.5,22,,2.1213659523749815,0.9812835735596818,0.9812835735596818,0.9812835735596818,,theorem,conditional interval theorem
tikz-frontier-v1,figure3,B,Miss probability frontier,24,miss_probability,observed_randomization,rho_2500_seed_023,2.5,23,,1.399364925340399,0.94015,0.94015,0.94015,20000,observed,observed randomization
tikz-frontier-v1,figure3,B,Miss probability frontier,24,miss_probability,conditional_interval_theorem,rho_2500_seed_023,2.5,23,,1.399364925340399,0.9401442152894383,0.9401442152894383,0.9401442152894383,,theorem,conditional interval theorem
tikz-frontier-v1,figure3,B,Miss probability frontier,25,miss_probability,observed_randomization,rho_2500_seed_024,2.5,24,,1.192163327730182,0.9009,0.9009,0.9009,20000,observed,observed randomization
tikz-frontier-v1,figure3,B,Miss probability frontier,25,miss_probability,conditional_interval_theorem,rho_2500_seed_024,2.5,24,,1.192163327730182,0.9026666962535496,0.9026666962535496,0.9026666962535496,,theorem,conditional interval theorem
tikz-frontier-v1,figure3,B,Miss probability frontier,26,miss_probability,observed_randomization,rho_2500_seed_025,2.5,25,,2.0081110304921714,0.97665,0.97665,0.97665,20000,observed,observed randomization
tikz-frontier-v1,figure3,B,Miss probability frontier,26,miss_probability,conditional_interval_theorem,rho_2500_seed_025,2.5,25,,2.0081110304921714,0.9776617724625123,0.9776617724625123,0.9776617724625123,,theorem,conditional interval theorem
tikz-frontier-v1,figure3,B,Miss probability frontier,27,miss_probability,observed_randomization,rho_2500_seed_026,2.5,26,,1.73002742968376,0.9647,0.9647,0.9647,20000,observed,observed randomization
tikz-frontier-v1,figure3,B,Miss probability frontier,27,miss_probability,conditional_interval_theorem,rho_2500_seed_026,2.5,26,,1.73002742968376,0.9655577956864636,0.9655577956864636,0.9655577956864636,,theorem,conditional interval theorem
tikz-frontier-v1,figure3,B,Miss probability frontier,28,miss_probability,observed_randomization,rho_2500_seed_027,2.5,27,,1.2133618348320283,0.91015,0.91015,0.91015,20000,observed,observed randomization
tikz-frontier-v1,figure3,B,Miss probability frontier,28,miss_probability,conditional_interval_theorem,rho_2500_seed_027,2.5,27,,1.2133618348320283,0.9125420402058237,0.9125420402058237,0.9125420402058237,,theorem,conditional interval theorem
tikz-frontier-v1,figure3,B,Miss probability frontier,29,miss_probability,observed_randomization,rho_2500_seed_028,2.5,28,,0.950242633011067,0.8169,0.8169,0.8169,20000,observed,observed randomization
tikz-frontier-v1,figure3,B,Miss probability frontier,29,miss_probability,conditional_interval_theorem,rho_2500_seed_028,2.5,28,,0.950242633011067,0.8134760460940316,0.8134760460940316,0.8134760460940316,,theorem,conditional interval theorem
tikz-frontier-v1,figure3,B,Miss probability frontier,30,miss_probability,observed_randomization,rho_2500_seed_029,2.5,29,,1.133802802491527,0.8768,0.8768,0.8768,20000,observed,observed randomization
tikz-frontier-v1,figure3,B,Miss probability frontier,30,miss_probability,conditional_interval_theorem,rho_2500_seed_029,2.5,29,,1.133802802491527,0.8759489561912357,0.8759489561912357,0.8759489561912357,,theorem,conditional interval theorem
tikz-frontier-v1,figure3,B,Miss probability frontier,31,miss_probability,observed_randomization,rho_2500_seed_030,2.5,30,,0.9833809175158916,0.84285,0.84285,0.84285,20000,observed,observed randomization
tikz-frontier-v1,figure3,B,Miss probability frontier,31,miss_probability,conditional_interval_theorem,rho_2500_seed_030,2.5,30,,0.9833809175158916,0.8421861414631057,0.8421861414631057,0.8421861414631057,,theorem,conditional interval theorem
tikz-frontier-v1,figure3,B,Miss probability frontier,32,miss_probability,observed_randomization,rho_2500_seed_031,2.5,31,,0.23725446845212717,0.23255,0.23255,0.23255,20000,observed,observed randomization
tikz-frontier-v1,figure3,B,Miss probability frontier,32,miss_probability,conditional_interval_theorem,rho_2500_seed_031,2.5,31,,0.23725446845212717,0.23505233197620987,0.23505233197620987,0.23505233197620987,,theorem,conditional interval theorem
tikz-frontier-v1,figure3,B,Miss probability frontier,33,miss_probability,observed_randomization,rho_2500_seed_032,2.5,32,,-0.39513472414002254,0.0,0.0,0.0,20000,observed,observed randomization
tikz-frontier-v1,figure3,B,Miss probability frontier,33,miss_probability,conditional_interval_theorem,rho_2500_seed_032,2.5,32,,-0.39513472414002254,0.0,0.0,0.0,,theorem,conditional interval theorem
tikz-frontier-v1,figure3,B,Miss probability frontier,34,miss_probability,observed_randomization,rho_2500_seed_033,2.5,33,,0.8567095663541797,0.80135,0.80135,0.80135,20000,observed,observed randomization
tikz-frontier-v1,figure3,B,Miss probability frontier,34,miss_probability,conditional_interval_theorem,rho_2500_seed_033,2.5,33,,0.8567095663541797,0.8037358005143674,0.8037358005143674,0.8037358005143674,,theorem,conditional interval theorem
tikz-frontier-v1,figure3,B,Miss probability frontier,35,miss_probability,observed_randomization,rho_2500_seed_034,2.5,34,,0.5105761710661298,0.67175,0.67175,0.67175,20000,observed,observed randomization
tikz-frontier-v1,figure3,B,Miss probability frontier,35,miss_probability,conditional_interval_theorem,rho_2500_seed_034,2.5,34,,0.5105761710661298,0.6688074498342659,0.6688074498342659,0.6688074498342659,,theorem,conditional interval theorem
tikz-frontier-v1,figure3,B,Miss probability frontier,36,miss_probability,observed_randomization,rho_2500_seed_035,2.5,35,,1.2500783504457043,0.9291,0.9291,0.9291,20000,observed,observed randomization
tikz-frontier-v1,figure3,B,Miss probability frontier,36,miss_probability,conditional_interval_theorem,rho_2500_seed_035,2.5,35,,1.2500783504457043,0.9305607956196705,0.9305607956196705,0.9305607956196705,,theorem,conditional interval theorem
tikz-frontier-v1,figure3,B,Miss probability frontier,37,miss_probability,observed_randomization,rho_2500_seed_036,2.5,36,,0.5555302702586573,0.5665,0.5665,0.5665,20000,observed,observed randomization
tikz-frontier-v1,figure3,B,Miss probability frontier,37,miss_probability,conditional_interval_theorem,rho_2500_seed_036,2.5,36,,0.5555302702586573,0.5645739078618532,0.5645739078618532,0.5645739078618532,,theorem,conditional interval theorem
tikz-frontier-v1,figure3,B,Miss probability frontier,38,miss_probability,observed_randomization,rho_2500_seed_037,2.5,37,,0.25411948232270126,0.23195,0.23195,0.23195,20000,observed,observed randomization
tikz-frontier-v1,figure3,B,Miss probability frontier,38,miss_probability,conditional_interval_theorem,rho_2500_seed_037,2.5,37,,0.25411948232270126,0.22846163118352006,0.22846163118352006,0.22846163118352006,,theorem,conditional interval theorem
tikz-frontier-v1,figure3,B,Miss probability frontier,39,miss_probability,observed_randomization,rho_2500_seed_038,2.5,38,,1.2214475057726961,0.89005,0.89005,0.89005,20000,observed,observed randomization
tikz-frontier-v1,figure3,B,Miss probability frontier,39,miss_probability,conditional_interval_theorem,rho_2500_seed_038,2.5,38,,1.2214475057726961,0.8889742409896099,0.8889742409896099,0.8889742409896099,,theorem,conditional interval theorem
tikz-frontier-v1,figure3,B,Miss probability frontier,40,miss_probability,observed_randomization,rho_2500_seed_039,2.5,39,,1.7057431095760327,0.9591,0.9591,0.9591,20000,observed,observed randomization
tikz-frontier-v1,figure3,B,Miss probability frontier,40,miss_probability,conditional_interval_theorem,rho_2500_seed_039,2.5,39,,1.7057431095760327,0.957957744694333,0.957957744694333,0.957957744694333,,theorem,conditional interval theorem
tikz-frontier-v1,figure3,C,Discovery variance frontier,1,discovery_variance,observed_randomization,rho_0000_seed_000,0.0,0,,0.30016227413275426,3.8990263975,3.8990263975,,20000,observed,observed randomization
tikz-frontier-v1,figure3,C,Discovery variance frontier,1,discovery_variance,conditional_interval_theorem,rho_0000_seed_000,0.0,0,,0.30016227413275426,3.881841659167565,3.881841659167565,,,theorem,conditional interval theorem
tikz-frontier-v1,figure3,C,Discovery variance frontier,2,discovery_variance,observed_randomization,rho_0000_seed_001,0.0,1,,0.30016227413275426,3.9202873600000006,3.9202873600000006,,20000,observed,observed randomization
tikz-frontier-v1,figure3,C,Discovery variance frontier,2,discovery_variance,conditional_interval_theorem,rho_0000_seed_001,0.0,1,,0.30016227413275426,3.881841659167565,3.881841659167565,,,theorem,conditional interval theorem
tikz-frontier-v1,figure3,C,Discovery variance frontier,3,discovery_variance,observed_randomization,rho_0000_seed_002,0.0,2,,0.30016227413275426,3.8439664974999994,3.8439664974999994,,20000,observed,observed randomization
tikz-frontier-v1,figure3,C,Discovery variance frontier,3,discovery_variance,conditional_interval_theorem,rho_0000_seed_002,0.0,2,,0.30016227413275426,3.881841659167565,3.881841659167565,,,theorem,conditional interval theorem
tikz-frontier-v1,figure3,C,Discovery variance frontier,4,discovery_variance,observed_randomization,rho_0000_seed_003,0.0,3,,0.30016227413275426,3.9694148400000007,3.9694148400000007,,20000,observed,observed randomization
tikz-frontier-v1,figure3,C,Discovery variance frontier,4,discovery_variance,conditional_interval_theorem,rho_0000_seed_003,0.0,3,,0.30016227413275426,3.881841659167565,3.881841659167565,,,theorem,conditional interval theorem
tikz-frontier-v1,figure3,C,Discovery variance frontier,5,discovery_variance,observed_randomization,rho_0000_seed_004,0.0,4,,0.30016227413275426,3.9050717974999998,3.9050717974999998,,20000,observed,observed randomization
tikz-frontier-v1,figure3,C,Discovery variance frontier,5,discovery_variance,conditional_interval_theorem,rho_0000_seed_004,0.0,4,,0.30016227413275426,3.881841659167565,3.881841659167565,,,theorem,conditional interval theorem
tikz-frontier-v1,figure3,C,Discovery variance frontier,6,discovery_variance,observed_randomization,rho_0000_seed_005,0.0,5,,0.30016227413275426,3.8672791975000007,3.8672791975000007,,20000,observed,observed randomization
tikz-frontier-v1,figure3,C,Discovery variance frontier,6,discovery_variance,conditional_interval_theorem,rho_0000_seed_005,0.0,5,,0.30016227413275426,3.881841659167565,3.881841659167565,,,theorem,conditional interval theorem
tikz-frontier-v1,figure3,C,Discovery variance frontier,7,discovery_variance,observed_randomization,rho_0000_seed_006,0.0,6,,0.30016227413275426,3.9502505975000006,3.9502505975000006,,20000,observed,observed randomization
tikz-frontier-v1,figure3,C,Discovery variance frontier,7,discovery_variance,conditional_interval_theorem,rho_0000_seed_006,0.0,6,,0.30016227413275426,3.881841659167565,3.881841659167565,,,theorem,conditional interval theorem
tikz-frontier-v1,figure3,C,Discovery variance frontier,8,discovery_variance,observed_randomization,rho_0000_seed_007,0.0,7,,0.30016227413275426,3.8038618775,3.8038618775,,20000,observed,observed randomization
tikz-frontier-v1,figure3,C,Discovery variance frontier,8,discovery_variance,conditional_interval_theorem,rho_0000_seed_007,0.0,7,,0.30016227413275426,3.881841659167565,3.881841659167565,,,theorem,conditional interval theorem
tikz-frontier-v1,figure3,C,Discovery variance frontier,9,discovery_variance,observed_randomization,rho_0000_seed_008,0.0,8,,0.30016227413275426,3.864935277499999,3.864935277499999,,20000,observed,observed randomization
tikz-frontier-v1,figure3,C,Discovery variance frontier,9,discovery_variance,conditional_interval_theorem,rho_0000_seed_008,0.0,8,,0.30016227413275426,3.881841659167565,3.881841659167565,,,theorem,conditional interval theorem
tikz-frontier-v1,figure3,C,Discovery variance frontier,10,discovery_variance,observed_randomization,rho_0000_seed_009,0.0,9,,0.30016227413275426,3.814068310000001,3.814068310000001,,20000,observed,observed randomization
tikz-frontier-v1,figure3,C,Discovery variance frontier,10,discovery_variance,conditional_interval_theorem,rho_0000_seed_009,0.0,9,,0.30016227413275426,3.881841659167565,3.881841659167565,,,theorem,conditional interval theorem
tikz-frontier-v1,figure3,C,Discovery variance frontier,11,discovery_variance,observed_randomization,rho_0000_seed_010,0.0,10,,0.30016227413275426,3.8574508774999994,3.8574508774999994,,20000,observed,observed randomization
tikz-frontier-v1,figure3,C,Discovery variance frontier,11,discovery_variance,conditional_interval_theorem,rho_0000_seed_010,0.0,10,,0.30016227413275426,3.881841659167565,3.881841659167565,,,theorem,conditional interval theorem
tikz-frontier-v1,figure3,C,Discovery variance frontier,12,discovery_variance,observed_randomization,rho_0000_seed_011,0.0,11,,0.30016227413275426,3.8953,3.8953,,20000,observed,observed randomization
tikz-frontier-v1,figure3,C,Discovery variance frontier,12,discovery_variance,conditional_interval_theorem,rho_0000_seed_011,0.0,11,,0.30016227413275426,3.881841659167565,3.881841659167565,,,theorem,conditional interval theorem
tikz-frontier-v1,figure3,C,Discovery variance frontier,13,discovery_variance,observed_randomization,rho_0000_seed_012,0.0,12,,0.30016227413275426,3.94075584,3.94075584,,20000,observed,observed randomization
tikz-frontier-v1,figure3,C,Discovery variance frontier,13,discovery_variance,conditional_interval_theorem,rho_0000_seed_012,0.0,12,,0.30016227413275426,3.881841659167565,3.881841659167565,,,theorem,conditional interval theorem
tikz-frontier-v1,figure3,C,Discovery variance frontier,14,discovery_variance,observed_randomization,rho_0000_seed_013,0.0,13,,0.30016227413275426,3.8698438775,3.8698438775,,20000,observed,observed randomization
tikz-frontier-v1,figure3,C,Discovery variance frontier,14,discovery_variance,conditional_interval_theorem,rho_0000_seed_013,0.0,13,,0.30016227413275426,3.881841659167565,3.881841659167565,,,theorem,conditional interval theorem
tikz-frontier-v1,figure3,C,Discovery variance frontier,15,discovery_variance,observed_randomization,rho_0000_seed_014,0.0,14,,0.30016227413275426,3.911834437499999,3.911834437499999,,20000,observed,observed randomization
tikz-frontier-v1,figure3,C,Discovery variance frontier,15,discovery_variance,conditional_interval_theorem,rho_0000_seed_014,0.0,14,,0.30016227413275426,3.881841659167565,3.881841659167565,,,theorem,conditional interval theorem
tikz-frontier-v1,figure3,C,Discovery variance frontier,16,discovery_variance,observed_randomization,rho_0000_seed_015,0.0,15,,0.30016227413275426,3.929797750000001,3.929797750000001,,20000,observed,observed randomization
tikz-frontier-v1,figure3,C,Discovery variance frontier,16,discovery_variance,conditional_interval_theorem,rho_0000_seed_015,0.0,15,,0.30016227413275426,3.881841659167565,3.881841659167565,,,theorem,conditional interval theorem
tikz-frontier-v1,figure3,C,Discovery variance frontier,17,discovery_variance,observed_randomization,rho_0000_seed_016,0.0,16,,0.30016227413275426,3.8545088974999997,3.8545088974999997,,20000,observed,observed randomization
tikz-frontier-v1,figure3,C,Discovery variance frontier,17,discovery_variance,conditional_interval_theorem,rho_0000_seed_016,0.0,16,,0.30016227413275426,3.881841659167565,3.881841659167565,,,theorem,conditional interval theorem
tikz-frontier-v1,figure3,C,Discovery variance frontier,18,discovery_variance,observed_randomization,rho_0000_seed_017,0.0,17,,0.30016227413275426,3.894827190000001,3.894827190000001,,20000,observed,observed randomization
tikz-frontier-v1,figure3,C,Discovery variance frontier,18,discovery_variance,conditional_interval_theorem,rho_0000_seed_017,0.0,17,,0.30016227413275426,3.881841659167565,3.881841659167565,,,theorem,conditional interval theorem
tikz-frontier-v1,figure3,C,Discovery variance frontier,19,discovery_variance,observed_randomization,rho_0000_seed_018,0.0,18,,0.30016227413275426,3.9682008974999996,3.9682008974999996,,20000,observed,observed randomization
tikz-frontier-v1,figure3,C,Discovery variance frontier,19,discovery_variance,conditional_interval_theorem,rho_0000_seed_018,0.0,18,,0.30016227413275426,3.881841659167565,3.881841659167565,,,theorem,conditional interval theorem
tikz-frontier-v1,figure3,C,Discovery variance frontier,20,discovery_variance,observed_randomization,rho_0000_seed_019,0.0,19,,0.30016227413275426,3.790560077500001,3.790560077500001,,20000,observed,observed randomization
tikz-frontier-v1,figure3,C,Discovery variance frontier,20,discovery_variance,conditional_interval_theorem,rho_0000_seed_019,0.0,19,,0.30016227413275426,3.881841659167565,3.881841659167565,,,theorem,conditional interval theorem
tikz-frontier-v1,figure3,C,Discovery variance frontier,21,discovery_variance,observed_randomization,rho_0000_seed_020,0.0,20,,0.30016227413275426,3.8972020399999994,3.8972020399999994,,20000,observed,observed randomization
tikz-frontier-v1,figure3,C,Discovery variance frontier,21,discovery_variance,conditional_interval_theorem,rho_0000_seed_020,0.0,20,,0.30016227413275426,3.881841659167565,3.881841659167565,,,theorem,conditional interval theorem
tikz-frontier-v1,figure3,C,Discovery variance frontier,22,discovery_variance,observed_randomization,rho_0000_seed_021,0.0,21,,0.30016227413275426,3.8965155099999995,3.8965155099999995,,20000,observed,observed randomization
tikz-frontier-v1,figure3,C,Discovery variance frontier,22,discovery_variance,conditional_interval_theorem,rho_0000_seed_021,0.0,21,,0.30016227413275426,3.881841659167565,3.881841659167565,,,theorem,conditional interval theorem
tikz-frontier-v1,figure3,C,Discovery variance frontier,23,discovery_variance,observed_randomization,rho_0000_seed_022,0.0,22,,0.30016227413275426,3.8882222974999996,3.8882222974999996,,20000,observed,observed randomization
tikz-frontier-v1,figure3,C,Discovery variance frontier,23,discovery_variance,conditional_interval_theorem,rho_0000_seed_022,0.0,22,,0.30016227413275426,3.881841659167565,3.881841659167565,,,theorem,conditional interval theorem
tikz-frontier-v1,figure3,C,Discovery variance frontier,24,discovery_variance,observed_randomization,rho_0000_seed_023,0.0,23,,0.30016227413275426,3.9222092399999995,3.9222092399999995,,20000,observed,observed randomization
tikz-frontier-v1,figure3,C,Discovery variance frontier,24,discovery_variance,conditional_interval_theorem,rho_0000_seed_023,0.0,23,,0.30016227413275426,3.881841659167565,3.881841659167565,,,theorem,conditional interval theorem
tikz-frontier-v1,figure3,C,Discovery variance frontier,25,discovery_variance,observed_randomization,rho_0000_seed_024,0.0,24,,0.30016227413275426,4.02374775,4.02374775,,20000,observed,observed randomization
tikz-frontier-v1,figure3,C,Discovery variance frontier,25,discovery_variance,conditional_interval_theorem,rho_0000_seed_024,0.0,24,,0.30016227413275426,3.881841659167565,3.881841659167565,,,theorem,conditional interval theorem
tikz-frontier-v1,figure3,C,Discovery variance frontier,26,discovery_variance,observed_randomization,rho_0000_seed_025,0.0,25,,0.30016227413275426,3.9069919975000005,3.9069919975000005,,20000,observed,observed randomization
tikz-frontier-v1,figure3,C,Discovery variance frontier,26,discovery_variance,conditional_interval_theorem,rho_0000_seed_025,0.0,25,,0.30016227413275426,3.881841659167565,3.881841659167565,,,theorem,conditional interval theorem
tikz-frontier-v1,figure3,C,Discovery variance frontier,27,discovery_variance,observed_randomization,rho_0000_seed_026,0.0,26,,0.30016227413275426,3.87041791,3.87041791,,20000,observed,observed randomization
tikz-frontier-v1,figure3,C,Discovery variance frontier,27,discovery_variance,conditional_interval_theorem,rho_0000_seed_026,0.0,26,,0.30016227413275426,3.881841659167565,3.881841659167565,,,theorem,conditional interval theorem
tikz-frontier-v1,figure3,C,Discovery variance frontier,28,discovery_variance,observed_randomization,rho_0000_seed_027,0.0,27,,0.30016227413275426,3.8829794375000004,3.8829794375000004,,20000,observed,observed randomization
tikz-frontier-v1,figure3,C,Discovery variance frontier,28,discovery_variance,conditional_interval_theorem,rho_0000_seed_027,0.0,27,,0.30016227413275426,3.881841659167565,3.881841659167565,,,theorem,conditional interval theorem
tikz-frontier-v1,figure3,C,Discovery variance frontier,29,discovery_variance,observed_randomization,rho_0000_seed_028,0.0,28,,0.30016227413275426,3.8220560000000003,3.8220560000000003,,20000,observed,observed randomization
tikz-frontier-v1,figure3,C,Discovery variance frontier,29,discovery_variance,conditional_interval_theorem,rho_0000_seed_028,0.0,28,,0.30016227413275426,3.881841659167565,3.881841659167565,,,theorem,conditional interval theorem
tikz-frontier-v1,figure3,C,Discovery variance frontier,30,discovery_variance,observed_randomization,rho_0000_seed_029,0.0,29,,0.30016227413275426,3.91276384,3.91276384,,20000,observed,observed randomization
tikz-frontier-v1,figure3,C,Discovery variance frontier,30,discovery_variance,conditional_interval_theorem,rho_0000_seed_029,0.0,29,,0.30016227413275426,3.881841659167565,3.881841659167565,,,theorem,conditional interval theorem
tikz-frontier-v1,figure3,C,Discovery variance frontier,31,discovery_variance,observed_randomization,rho_0000_seed_030,0.0,30,,0.30016227413275426,3.9154044375000003,3.9154044375000003,,20000,observed,observed randomization
tikz-frontier-v1,figure3,C,Discovery variance frontier,31,discovery_variance,conditional_interval_theorem,rho_0000_seed_030,0.0,30,,0.30016227413275426,3.881841659167565,3.881841659167565,,,theorem,conditional interval theorem
tikz-frontier-v1,figure3,C,Discovery variance frontier,32,discovery_variance,observed_randomization,rho_0000_seed_031,0.0,31,,0.30016227413275426,3.9167087900000004,3.9167087900000004,,20000,observed,observed randomization
tikz-frontier-v1,figure3,C,Discovery variance frontier,32,discovery_variance,conditional_interval_theorem,rho_0000_seed_031,0.0,31,,0.30016227413275426,3.881841659167565,3.881841659167565,,,theorem,conditional interval theorem
tikz-frontier-v1,figure3,C,Discovery variance frontier,33,discovery_variance,observed_randomization,rho_0000_seed_032,0.0,32,,0.30016227413275426,3.8701510974999995,3.8701510974999995,,20000,observed,observed randomization
tikz-frontier-v1,figure3,C,Discovery variance frontier,33,discovery_variance,conditional_interval_theorem,rho_0000_seed_032,0.0,32,,0.30016227413275426,3.881841659167565,3.881841659167565,,,theorem,conditional interval theorem
tikz-frontier-v1,figure3,C,Discovery variance frontier,34,discovery_variance,observed_randomization,rho_0000_seed_033,0.0,33,,0.30016227413275426,3.9636734374999993,3.9636734374999993,,20000,observed,observed randomization
tikz-frontier-v1,figure3,C,Discovery variance frontier,34,discovery_variance,conditional_interval_theorem,rho_0000_seed_033,0.0,33,,0.30016227413275426,3.881841659167565,3.881841659167565,,,theorem,conditional interval theorem
tikz-frontier-v1,figure3,C,Discovery variance frontier,35,discovery_variance,observed_randomization,rho_0000_seed_034,0.0,34,,0.30016227413275426,3.8751116974999995,3.8751116974999995,,20000,observed,observed randomization
tikz-frontier-v1,figure3,C,Discovery variance frontier,35,discovery_variance,conditional_interval_theorem,rho_0000_seed_034,0.0,34,,0.30016227413275426,3.881841659167565,3.881841659167565,,,theorem,conditional interval theorem
tikz-frontier-v1,figure3,C,Discovery variance frontier,36,discovery_variance,observed_randomization,rho_0000_seed_035,0.0,35,,0.30016227413275426,3.8959438399999997,3.8959438399999997,,20000,observed,observed randomization
tikz-frontier-v1,figure3,C,Discovery variance frontier,36,discovery_variance,conditional_interval_theorem,rho_0000_seed_035,0.0,35,,0.30016227413275426,3.881841659167565,3.881841659167565,,,theorem,conditional interval theorem
tikz-frontier-v1,figure3,C,Discovery variance frontier,37,discovery_variance,observed_randomization,rho_0000_seed_036,0.0,36,,0.30016227413275426,3.8967389999999997,3.8967389999999997,,20000,observed,observed randomization
tikz-frontier-v1,figure3,C,Discovery variance frontier,37,discovery_variance,conditional_interval_theorem,rho_0000_seed_036,0.0,36,,0.30016227413275426,3.881841659167565,3.881841659167565,,,theorem,conditional interval theorem
tikz-frontier-v1,figure3,C,Discovery variance frontier,38,discovery_variance,observed_randomization,rho_0000_seed_037,0.0,37,,0.30016227413275426,3.9619400975,3.9619400975,,20000,observed,observed randomization
tikz-frontier-v1,figure3,C,Discovery variance frontier,38,discovery_variance,conditional_interval_theorem,rho_0000_seed_037,0.0,37,,0.30016227413275426,3.881841659167565,3.881841659167565,,,theorem,conditional interval theorem
tikz-frontier-v1,figure3,C,Discovery variance frontier,39,discovery_variance,observed_randomization,rho_0000_seed_038,0.0,38,,0.30016227413275426,3.871697749999999,3.871697749999999,,20000,observed,observed randomization
tikz-frontier-v1,figure3,C,Discovery variance frontier,39,discovery_variance,conditional_interval_theorem,rho_0000_seed_038,0.0,38,,0.30016227413275426,3.881841659167565,3.881841659167565,,,theorem,conditional interval theorem
tikz-frontier-v1,figure3,C,Discovery variance frontier,40,discovery_variance,observed_randomization,rho_0000_seed_039,0.0,39,,0.30016227413275426,3.9291943099999997,3.9291943099999997,,20000,observed,observed randomization
tikz-frontier-v1,figure3,C,Discovery variance frontier,40,discovery_variance,conditional_interval_theorem,rho_0000_seed_039,0.0,39,,0.30016227413275426,3.881841659167565,3.881841659167565,,,theorem,conditional interval theorem
tikz-frontier-v1,figure3,C,Discovery variance frontier,1,discovery_variance,observed_randomization,rho_0250_seed_000,0.25,0,,0.5548252575024085,2.8168599375,2.8168599375,,20000,observed,observed randomization
tikz-frontier-v1,figure3,C,Discovery variance frontier,1,discovery_variance,conditional_interval_theorem,rho_0250_seed_000,0.25,0,,0.5548252575024085,2.8337680045450475,2.8337680045450475,,,theorem,conditional interval theorem
tikz-frontier-v1,figure3,C,Discovery variance frontier,2,discovery_variance,observed_randomization,rho_0250_seed_001,0.25,1,,0.4831865317827372,4.1653763900000005,4.1653763900000005,,20000,observed,observed randomization
tikz-frontier-v1,figure3,C,Discovery variance frontier,2,discovery_variance,conditional_interval_theorem,rho_0250_seed_001,0.25,1,,0.4831865317827372,4.136942692241071,4.136942692241071,,,theorem,conditional interval theorem
tikz-frontier-v1,figure3,C,Discovery variance frontier,3,discovery_variance,observed_randomization,rho_0250_seed_002,0.25,2,,0.36274658858943126,5.652064977499999,5.652064977499999,,20000,observed,observed randomization
tikz-frontier-v1,figure3,C,Discovery variance frontier,3,discovery_variance,conditional_interval_theorem,rho_0250_seed_002,0.25,2,,0.36274658858943126,5.643687241856082,5.643687241856082,,,theorem,conditional interval theorem
tikz-frontier-v1,figure3,C,Discovery variance frontier,4,discovery_variance,observed_randomization,rho_0250_seed_003,0.25,3,,0.39963547479570866,5.7381068975,5.7381068975,,20000,observed,observed randomization
tikz-frontier-v1,figure3,C,Discovery variance frontier,4,discovery_variance,conditional_interval_theorem,rho_0250_seed_003,0.25,3,,0.39963547479570866,5.752528012164814,5.752528012164814,,,theorem,conditional interval theorem
tikz-frontier-v1,figure3,C,Discovery variance frontier,5,discovery_variance,observed_randomization,rho_0250_seed_004,0.25,4,,0.5513724684676136,2.3821021775,2.3821021775,,20000,observed,observed randomization
tikz-frontier-v1,figure3,C,Discovery variance frontier,5,discovery_variance,conditional_interval_theorem,rho_0250_seed_004,0.25,4,,0.5513724684676136,2.380932454728437,2.380932454728437,,,theorem,conditional interval theorem
tikz-frontier-v1,figure3,C,Discovery variance frontier,6,discovery_variance,observed_randomization,rho_0250_seed_005,0.25,5,,0.46783885517006374,3.3273574374999995,3.3273574374999995,,20000,observed,observed randomization
tikz-frontier-v1,figure3,C,Discovery variance frontier,6,discovery_variance,conditional_interval_theorem,rho_0250_seed_005,0.25,5,,0.46783885517006374,3.419919474544284,3.419919474544284,,,theorem,conditional interval theorem
tikz-frontier-v1,figure3,C,Discovery variance frontier,7,discovery_variance,observed_randomization,rho_0250_seed_006,0.25,6,,0.4477720680664555,3.4134673975000007,3.4134673975000007,,20000,observed,observed randomization
tikz-frontier-v1,figure3,C,Discovery variance frontier,7,discovery_variance,conditional_interval_theorem,rho_0250_seed_006,0.25,6,,0.4477720680664555,3.4885339924001446,3.4885339924001446,,,theorem,conditional interval theorem
tikz-frontier-v1,figure3,C,Discovery variance frontier,8,discovery_variance,observed_randomization,rho_0250_seed_007,0.25,7,,0.5119874792071035,3.3397682975000005,3.3397682975000005,,20000,observed,observed randomization
tikz-frontier-v1,figure3,C,Discovery variance frontier,8,discovery_variance,conditional_interval_theorem,rho_0250_seed_007,0.25,7,,0.5119874792071035,3.3379477685617336,3.3379477685617336,,,theorem,conditional interval theorem
tikz-frontier-v1,figure3,C,Discovery variance frontier,9,discovery_variance,observed_randomization,rho_0250_seed_008,0.25,8,,0.4902279634662186,3.156051797500001,3.156051797500001,,20000,observed,observed randomization
tikz-frontier-v1,figure3,C,Discovery variance frontier,9,discovery_variance,conditional_interval_theorem,rho_0250_seed_008,0.25,8,,0.4902279634662186,3.0787206497320136,3.0787206497320136,,,theorem,conditional interval theorem
tikz-frontier-v1,figure3,C,Discovery variance frontier,10,discovery_variance,observed_randomization,rho_0250_seed_009,0.25,9,,0.3871113567332203,4.089570840000001,4.089570840000001,,20000,observed,observed randomization
tikz-frontier-v1,figure3,C,Discovery variance frontier,10,discovery_variance,conditional_interval_theorem,rho_0250_seed_009,0.25,9,,0.3871113567332203,4.084690014102057,4.084690014102057,,,theorem,conditional interval theorem
tikz-frontier-v1,figure3,C,Discovery variance frontier,11,discovery_variance,observed_randomization,rho_0250_seed_010,0.25,10,,0.44754053824537837,4.306664437499999,4.306664437499999,,20000,observed,observed randomization
tikz-frontier-v1,figure3,C,Discovery variance frontier,11,discovery_variance,conditional_interval_theorem,rho_0250_seed_010,0.25,10,,0.44754053824537837,4.241542562347184,4.241542562347184,,,theorem,conditional interval theorem
tikz-frontier-v1,figure3,C,Discovery variance frontier,12,discovery_variance,observed_randomization,rho_0250_seed_011,0.25,11,,0.4197534101180514,4.27254791,4.27254791,,20000,observed,observed randomization
tikz-frontier-v1,figure3,C,Discovery variance frontier,12,discovery_variance,conditional_interval_theorem,rho_0250_seed_011,0.25,11,,0.4197534101180514,4.263130511260718,4.263130511260718,,,theorem,conditional interval theorem
tikz-frontier-v1,figure3,C,Discovery variance frontier,13,discovery_variance,observed_randomization,rho_0250_seed_012,0.25,12,,0.41727074252255253,4.47566764,4.47566764,,20000,observed,observed randomization
tikz-frontier-v1,figure3,C,Discovery variance frontier,13,discovery_variance,conditional_interval_theorem,rho_0250_seed_012,0.25,12,,0.41727074252255253,4.503549319663911,4.503549319663911,,,theorem,conditional interval theorem
tikz-frontier-v1,figure3,C,Discovery variance frontier,14,discovery_variance,observed_randomization,rho_0250_seed_013,0.25,13,,0.4343701603370041,2.4699391600000005,2.4699391600000005,,20000,observed,observed randomization
tikz-frontier-v1,figure3,C,Discovery variance frontier,14,discovery_variance,conditional_interval_theorem,rho_0250_seed_013,0.25,13,,0.4343701603370041,2.455266722162035,2.455266722162035,,,theorem,conditional interval theorem
tikz-frontier-v1,figure3,C,Discovery variance frontier,15,discovery_variance,observed_randomization,rho_0250_seed_014,0.25,14,,0.43023370873953926,3.4137238400000003,3.4137238400000003,,20000,observed,observed randomization
tikz-frontier-v1,figure3,C,Discovery variance frontier,15,discovery_variance,conditional_interval_theorem,rho_0250_seed_014,0.25,14,,0.43023370873953926,3.412383570005725,3.412383570005725,,,theorem,conditional interval theorem
tikz-frontier-v1,figure3,C,Discovery variance frontier,16,discovery_variance,observed_randomization,rho_0250_seed_015,0.25,15,,0.41854710106920245,3.15861356,3.15861356,,20000,observed,observed randomization
tikz-frontier-v1,figure3,C,Discovery variance frontier,16,discovery_variance,conditional_interval_theorem,rho_0250_seed_015,0.25,15,,0.41854710106920245,3.1441543803462726,3.1441543803462726,,,theorem,conditional interval theorem
tikz-frontier-v1,figure3,C,Discovery variance frontier,17,discovery_variance,observed_randomization,rho_0250_seed_016,0.25,16,,0.49098781953586995,2.73025975,2.73025975,,20000,observed,observed randomization
tikz-frontier-v1,figure3,C,Discovery variance frontier,17,discovery_variance,conditional_interval_theorem,rho_0250_seed_016,0.25,16,,0.49098781953586995,2.745275237601774,2.745275237601774,,,theorem,conditional interval theorem
tikz-frontier-v1,figure3,C,Discovery variance frontier,18,discovery_variance,observed_randomization,rho_0250_seed_017,0.25,17,,0.44418620458279673,3.8399984374999994,3.8399984374999994,,20000,observed,observed randomization
tikz-frontier-v1,figure3,C,Discovery variance frontier,18,discovery_variance,conditional_interval_theorem,rho_0250_seed_017,0.25,17,,0.44418620458279673,3.8763103528097607,3.8763103528097607,,,theorem,conditional interval theorem
tikz-frontier-v1,figure3,C,Discovery variance frontier,19,discovery_variance,observed_randomization,rho_0250_seed_018,0.25,18,,0.4310759132073797,4.486645439999998,4.486645439999998,,20000,observed,observed randomization
tikz-frontier-v1,figure3,C,Discovery variance frontier,19,discovery_variance,conditional_interval_theorem,rho_0250_seed_018,0.25,18,,0.4310759132073797,4.544117065426316,4.544117065426316,,,theorem,conditional interval theorem
tikz-frontier-v1,figure3,C,Discovery variance frontier,20,discovery_variance,observed_randomization,rho_0250_seed_019,0.25,19,,0.4346751763058217,4.525858360000001,4.525858360000001,,20000,observed,observed randomization
tikz-frontier-v1,figure3,C,Discovery variance frontier,20,discovery_variance,conditional_interval_theorem,rho_0250_seed_019,0.25,19,,0.4346751763058217,4.4828304199331654,4.4828304199331654,,,theorem,conditional interval theorem
tikz-frontier-v1,figure3,C,Discovery variance frontier,21,discovery_variance,observed_randomization,rho_0250_seed_020,0.25,20,,0.5213244140469752,2.6266245775000003,2.6266245775000003,,20000,observed,observed randomization
tikz-frontier-v1,figure3,C,Discovery variance frontier,21,discovery_variance,conditional_interval_theorem,rho_0250_seed_020,0.25,20,,0.5213244140469752,2.556200159394398,2.556200159394398,,,theorem,conditional interval theorem
tikz-frontier-v1,figure3,C,Discovery variance frontier,22,discovery_variance,observed_randomization,rho_0250_seed_021,0.25,21,,0.422513779984877,3.8226228775,3.8226228775,,20000,observed,observed randomization
tikz-frontier-v1,figure3,C,Discovery variance frontier,22,discovery_variance,conditional_interval_theorem,rho_0250_seed_021,0.25,21,,0.422513779984877,3.709462841124369,3.709462841124369,,,theorem,conditional interval theorem
tikz-frontier-v1,figure3,C,Discovery variance frontier,23,discovery_variance,observed_randomization,rho_0250_seed_022,0.25,22,,0.4674923987217285,3.7575035774999996,3.7575035774999996,,20000,observed,observed randomization
tikz-frontier-v1,figure3,C,Discovery variance frontier,23,discovery_variance,conditional_interval_theorem,rho_0250_seed_022,0.25,22,,0.4674923987217285,3.799203650437813,3.799203650437813,,,theorem,conditional interval theorem
tikz-frontier-v1,figure3,C,Discovery variance frontier,24,discovery_variance,observed_randomization,rho_0250_seed_023,0.25,23,,0.398016739263456,4.60306764,4.60306764,,20000,observed,observed randomization
tikz-frontier-v1,figure3,C,Discovery variance frontier,24,discovery_variance,conditional_interval_theorem,rho_0250_seed_023,0.25,23,,0.398016739263456,4.520296901616666,4.520296901616666,,,theorem,conditional interval theorem
tikz-frontier-v1,figure3,C,Discovery variance frontier,25,discovery_variance,observed_randomization,rho_0250_seed_024,0.25,24,,0.466535293521875,3.8008447975000004,3.8008447975000004,,20000,observed,observed randomization
tikz-frontier-v1,figure3,C,Discovery variance frontier,25,discovery_variance,conditional_interval_theorem,rho_0250_seed_024,0.25,24,,0.466535293521875,3.7013949985572325,3.7013949985572325,,,theorem,conditional interval theorem
tikz-frontier-v1,figure3,C,Discovery variance frontier,26,discovery_variance,observed_randomization,rho_0250_seed_025,0.25,25,,0.456175320099038,2.9822989775,2.9822989775,,20000,observed,observed randomization
tikz-frontier-v1,figure3,C,Discovery variance frontier,26,discovery_variance,conditional_interval_theorem,rho_0250_seed_025,0.25,25,,0.456175320099038,3.024089230968097,3.024089230968097,,,theorem,conditional interval theorem
tikz-frontier-v1,figure3,C,Discovery variance frontier,27,discovery_variance,observed_randomization,rho_0250_seed_026,0.25,26,,0.4248485607274378,3.4312673975000005,3.4312673975000005,,20000,observed,observed randomization
tikz-frontier-v1,figure3,C,Discovery variance frontier,27,discovery_variance,conditional_interval_theorem,rho_0250_seed_026,0.25,26,,0.4248485607274378,3.4898384444247887,3.4898384444247887,,,theorem,conditional interval theorem
tikz-frontier-v1,figure3,C,Discovery variance frontier,28,discovery_variance,observed_randomization,rho_0250_seed_027,0.25,27,,0.5143261605867021,3.0950092775000004,3.0950092775000004,,20000,observed,observed randomization
tikz-frontier-v1,figure3,C,Discovery variance frontier,28,discovery_variance,conditional_interval_theorem,rho_0250_seed_027,0.25,27,,0.5143261605867021,3.1209337780506345,3.1209337780506345,,,theorem,conditional interval theorem
tikz-frontier-v1,figure3,C,Discovery variance frontier,29,discovery_variance,observed_randomization,rho_0250_seed_028,0.25,28,,0.43210459417684,4.328189097499999,4.328189097499999,,20000,observed,observed randomization
tikz-frontier-v1,figure3,C,Discovery variance frontier,29,discovery_variance,conditional_interval_theorem,rho_0250_seed_028,0.25,28,,0.43210459417684,4.422489131059412,4.422489131059412,,,theorem,conditional interval theorem
tikz-frontier-v1,figure3,C,Discovery variance frontier,30,discovery_variance,observed_randomization,rho_0250_seed_029,0.25,29,,0.40818721254952944,5.5090864975,5.5090864975,,20000,observed,observed randomization
tikz-frontier-v1,figure3,C,Discovery variance frontier,30,discovery_variance,conditional_interval_theorem,rho_0250_seed_029,0.25,29,,0.40818721254952944,5.571400025246115,5.571400025246115,,,theorem,conditional interval theorem
tikz-frontier-v1,figure3,C,Discovery variance frontier,31,discovery_variance,observed_randomization,rho_0250_seed_030,0.25,30,,0.4638181874447273,4.21078636,4.21078636,,20000,observed,observed randomization
tikz-frontier-v1,figure3,C,Discovery variance frontier,31,discovery_variance,conditional_interval_theorem,rho_0250_seed_030,0.25,30,,0.4638181874447273,4.090714670893775,4.090714670893775,,,theorem,conditional interval theorem
tikz-frontier-v1,figure3,C,Discovery variance frontier,32,discovery_variance,observed_randomization,rho_0250_seed_031,0.25,31,,0.43738155263232226,4.4209897975,4.4209897975,,20000,observed,observed randomization
tikz-frontier-v1,figure3,C,Discovery variance frontier,32,discovery_variance,conditional_interval_theorem,rho_0250_seed_031,0.25,31,,0.43738155263232226,4.383529044476144,4.383529044476144,,,theorem,conditional interval theorem
tikz-frontier-v1,figure3,C,Discovery variance frontier,33,discovery_variance,observed_randomization,rho_0250_seed_032,0.25,32,,0.4211560872836741,3.274391597499999,3.274391597499999,,20000,observed,observed randomization
tikz-frontier-v1,figure3,C,Discovery variance frontier,33,discovery_variance,conditional_interval_theorem,rho_0250_seed_032,0.25,32,,0.4211560872836741,3.217030994228131,3.217030994228131,,,theorem,conditional interval theorem
tikz-frontier-v1,figure3,C,Discovery variance frontier,34,discovery_variance,observed_randomization,rho_0250_seed_033,0.25,33,,0.418571607614357,4.5515697500000005,4.5515697500000005,,20000,observed,observed randomization
tikz-frontier-v1,figure3,C,Discovery variance frontier,34,discovery_variance,conditional_interval_theorem,rho_0250_seed_033,0.25,33,,0.418571607614357,4.577830195982995,4.577830195982995,,,theorem,conditional interval theorem
tikz-frontier-v1,figure3,C,Discovery variance frontier,35,discovery_variance,observed_randomization,rho_0250_seed_034,0.25,34,,0.42232100789396104,3.229548309999999,3.229548309999999,,20000,observed,observed randomization
tikz-frontier-v1,figure3,C,Discovery variance frontier,35,discovery_variance,conditional_interval_theorem,rho_0250_seed_034,0.25,34,,0.42232100789396104,3.3742086827026525,3.3742086827026525,,,theorem,conditional interval theorem
tikz-frontier-v1,figure3,C,Discovery variance frontier,36,discovery_variance,observed_randomization,rho_0250_seed_035,0.25,35,,0.3457796869748069,5.049213189999999,5.049213189999999,,20000,observed,observed randomization
tikz-frontier-v1,figure3,C,Discovery variance frontier,36,discovery_variance,conditional_interval_theorem,rho_0250_seed_035,0.25,35,,0.3457796869748069,4.951845837328285,4.951845837328285,,,theorem,conditional interval theorem
tikz-frontier-v1,figure3,C,Discovery variance frontier,37,discovery_variance,observed_randomization,rho_0250_seed_036,0.25,36,,0.3896852901996724,3.5247564975000008,3.5247564975000008,,20000,observed,observed randomization
tikz-frontier-v1,figure3,C,Discovery variance frontier,37,discovery_variance,conditional_interval_theorem,rho_0250_seed_036,0.25,36,,0.3896852901996724,3.443382512345781,3.443382512345781,,,theorem,conditional interval theorem
tikz-frontier-v1,figure3,C,Discovery variance frontier,38,discovery_variance,observed_randomization,rho_0250_seed_037,0.25,37,,0.4341645363512309,4.2422640975000006,4.2422640975000006,,20000,observed,observed randomization
tikz-frontier-v1,figure3,C,Discovery variance frontier,38,discovery_variance,conditional_interval_theorem,rho_0250_seed_037,0.25,37,,0.4341645363512309,4.141144459193174,4.141144459193174,,,theorem,conditional interval theorem
tikz-frontier-v1,figure3,C,Discovery variance frontier,39,discovery_variance,observed_randomization,rho_0250_seed_038,0.25,38,,0.4141372085070063,4.254516077499999,4.254516077499999,,20000,observed,observed randomization
tikz-frontier-v1,figure3,C,Discovery variance frontier,39,discovery_variance,conditional_interval_theorem,rho_0250_seed_038,0.25,38,,0.4141372085070063,4.21288818378372,4.21288818378372,,,theorem,conditional interval theorem
tikz-frontier-v1,figure3,C,Discovery variance frontier,40,discovery_variance,observed_randomization,rho_0250_seed_039,0.25,39,,0.48725357063771424,3.4820926974999993,3.4820926974999993,,20000,observed,observed randomization
tikz-frontier-v1,figure3,C,Discovery variance frontier,40,discovery_variance,conditional_interval_theorem,rho_0250_seed_039,0.25,39,,0.48725357063771424,3.438974108457831,3.438974108457831,,,theorem,conditional interval theorem
tikz-frontier-v1,figure3,C,Discovery variance frontier,1,discovery_variance,observed_randomization,rho_0500_seed_000,0.5,0,,0.6243114743841157,2.5742586775000005,2.5742586775000005,,20000,observed,observed randomization
tikz-frontier-v1,figure3,C,Discovery variance frontier,1,discovery_variance,conditional_interval_theorem,rho_0500_seed_000,0.5,0,,0.6243114743841157,2.5685050615458938,2.5685050615458938,,,theorem,conditional interval theorem
tikz-frontier-v1,figure3,C,Discovery variance frontier,2,discovery_variance,observed_randomization,rho_0500_seed_001,0.5,1,,0.5427609894593942,3.9434750975000004,3.9434750975000004,,20000,observed,observed randomization
tikz-frontier-v1,figure3,C,Discovery variance frontier,2,discovery_variance,conditional_interval_theorem,rho_0500_seed_001,0.5,1,,0.5427609894593942,4.003682934229902,4.003682934229902,,,theorem,conditional interval theorem
tikz-frontier-v1,figure3,C,Discovery variance frontier,3,discovery_variance,observed_randomization,rho_0500_seed_002,0.5,2,,0.5331579812859972,4.4783472975,4.4783472975,,20000,observed,observed randomization
tikz-frontier-v1,figure3,C,Discovery variance frontier,3,discovery_variance,conditional_interval_theorem,rho_0500_seed_002,0.5,2,,0.5331579812859972,4.5395509769662175,4.5395509769662175,,,theorem,conditional interval theorem
tikz-frontier-v1,figure3,C,Discovery variance frontier,4,discovery_variance,observed_randomization,rho_0500_seed_003,0.5,3,,0.5744357694454927,2.4520277975,2.4520277975,,20000,observed,observed randomization
tikz-frontier-v1,figure3,C,Discovery variance frontier,4,discovery_variance,conditional_interval_theorem,rho_0500_seed_003,0.5,3,,0.5744357694454927,2.485134581370545,2.485134581370545,,,theorem,conditional interval theorem
tikz-frontier-v1,figure3,C,Discovery variance frontier,5,discovery_variance,observed_randomization,rho_0500_seed_004,0.5,4,,0.6985766666259425,1.6728143974999998,1.6728143974999998,,20000,observed,observed randomization
tikz-frontier-v1,figure3,C,Discovery variance frontier,5,discovery_variance,conditional_interval_theorem,rho_0500_seed_004,0.5,4,,0.6985766666259425,1.6855690194800528,1.6855690194800528,,,theorem,conditional interval theorem
tikz-frontier-v1,figure3,C,Discovery variance frontier,6,discovery_variance,observed_randomization,rho_0500_seed_005,0.5,5,,0.5199495129591934,3.6721320974999996,3.6721320974999996,,20000,observed,observed randomization
tikz-frontier-v1,figure3,C,Discovery variance frontier,6,discovery_variance,conditional_interval_theorem,rho_0500_seed_005,0.5,5,,0.5199495129591934,3.6085353585997937,3.6085353585997937,,,theorem,conditional interval theorem
tikz-frontier-v1,figure3,C,Discovery variance frontier,7,discovery_variance,observed_randomization,rho_0500_seed_006,0.5,6,,0.6215419131355591,2.8035476975000004,2.8035476975000004,,20000,observed,observed randomization
tikz-frontier-v1,figure3,C,Discovery variance frontier,7,discovery_variance,conditional_interval_theorem,rho_0500_seed_006,0.5,6,,0.6215419131355591,2.805434284048242,2.805434284048242,,,theorem,conditional interval theorem
tikz-frontier-v1,figure3,C,Discovery variance frontier,8,discovery_variance,observed_randomization,rho_0500_seed_007,0.5,7,,0.5393387944278663,3.6191234375,3.6191234375,,20000,observed,observed randomization
tikz-frontier-v1,figure3,C,Discovery variance frontier,8,discovery_variance,conditional_interval_theorem,rho_0500_seed_007,0.5,7,,0.5393387944278663,3.680259163193962,3.680259163193962,,,theorem,conditional interval theorem
tikz-frontier-v1,figure3,C,Discovery variance frontier,9,discovery_variance,observed_randomization,rho_0500_seed_008,0.5,8,,0.42415443157537136,4.43948079,4.43948079,,20000,observed,observed randomization
tikz-frontier-v1,figure3,C,Discovery variance frontier,9,discovery_variance,conditional_interval_theorem,rho_0500_seed_008,0.5,8,,0.42415443157537136,4.488738313378835,4.488738313378835,,,theorem,conditional interval theorem
tikz-frontier-v1,figure3,C,Discovery variance frontier,10,discovery_variance,observed_randomization,rho_0500_seed_009,0.5,9,,0.4557266697409126,5.460303797499999,5.460303797499999,,20000,observed,observed randomization
tikz-frontier-v1,figure3,C,Discovery variance frontier,10,discovery_variance,conditional_interval_theorem,rho_0500_seed_009,0.5,9,,0.4557266697409126,5.459520918680875,5.459520918680875,,,theorem,conditional interval theorem
tikz-frontier-v1,figure3,C,Discovery variance frontier,11,discovery_variance,observed_randomization,rho_0500_seed_010,0.5,10,,0.5100609466623872,4.96931856,4.96931856,,20000,observed,observed randomization
tikz-frontier-v1,figure3,C,Discovery variance frontier,11,discovery_variance,conditional_interval_theorem,rho_0500_seed_010,0.5,10,,0.5100609466623872,4.899107291923904,4.899107291923904,,,theorem,conditional interval theorem
tikz-frontier-v1,figure3,C,Discovery variance frontier,12,discovery_variance,observed_randomization,rho_0500_seed_011,0.5,11,,0.585226125121019,2.25415079,2.25415079,,20000,observed,observed randomization
tikz-frontier-v1,figure3,C,Discovery variance frontier,12,discovery_variance,conditional_interval_theorem,rho_0500_seed_011,0.5,11,,0.585226125121019,2.281743415644897,2.281743415644897,,,theorem,conditional interval theorem
tikz-frontier-v1,figure3,C,Discovery variance frontier,13,discovery_variance,observed_randomization,rho_0500_seed_012,0.5,12,,0.5376700394312047,4.355007497499999,4.355007497499999,,20000,observed,observed randomization
tikz-frontier-v1,figure3,C,Discovery variance frontier,13,discovery_variance,conditional_interval_theorem,rho_0500_seed_012,0.5,12,,0.5376700394312047,4.4058758177635395,4.4058758177635395,,,theorem,conditional interval theorem
tikz-frontier-v1,figure3,C,Discovery variance frontier,14,discovery_variance,observed_randomization,rho_0500_seed_013,0.5,13,,0.5364742804203203,3.75806236,3.75806236,,20000,observed,observed randomization
tikz-frontier-v1,figure3,C,Discovery variance frontier,14,discovery_variance,conditional_interval_theorem,rho_0500_seed_013,0.5,13,,0.5364742804203203,3.7799494404228473,3.7799494404228473,,,theorem,conditional interval theorem
tikz-frontier-v1,figure3,C,Discovery variance frontier,15,discovery_variance,observed_randomization,rho_0500_seed_014,0.5,14,,0.5223161909647056,4.0696638775,4.0696638775,,20000,observed,observed randomization
tikz-frontier-v1,figure3,C,Discovery variance frontier,15,discovery_variance,conditional_interval_theorem,rho_0500_seed_014,0.5,14,,0.5223161909647056,4.152930114888382,4.152930114888382,,,theorem,conditional interval theorem
tikz-frontier-v1,figure3,C,Discovery variance frontier,16,discovery_variance,observed_randomization,rho_0500_seed_015,0.5,15,,0.5607309910659787,2.6420102975,2.6420102975,,20000,observed,observed randomization
tikz-frontier-v1,figure3,C,Discovery variance frontier,16,discovery_variance,conditional_interval_theorem,rho_0500_seed_015,0.5,15,,0.5607309910659787,2.6540915211315967,2.6540915211315967,,,theorem,conditional interval theorem
tikz-frontier-v1,figure3,C,Discovery variance frontier,17,discovery_variance,observed_randomization,rho_0500_seed_016,0.5,16,,0.43092092765972995,5.535451510000001,5.535451510000001,,20000,observed,observed randomization
tikz-frontier-v1,figure3,C,Discovery variance frontier,17,discovery_variance,conditional_interval_theorem,rho_0500_seed_016,0.5,16,,0.43092092765972995,5.598172955993217,5.598172955993217,,,theorem,conditional interval theorem
tikz-frontier-v1,figure3,C,Discovery variance frontier,18,discovery_variance,observed_randomization,rho_0500_seed_017,0.5,17,,0.5507916638065007,4.3361734400000005,4.3361734400000005,,20000,observed,observed randomization
tikz-frontier-v1,figure3,C,Discovery variance frontier,18,discovery_variance,conditional_interval_theorem,rho_0500_seed_017,0.5,17,,0.5507916638065007,4.3771834452535705,4.3771834452535705,,,theorem,conditional interval theorem
tikz-frontier-v1,figure3,C,Discovery variance frontier,19,discovery_variance,observed_randomization,rho_0500_seed_018,0.5,18,,0.5811319523323915,2.6458849974999996,2.6458849974999996,,20000,observed,observed randomization
tikz-frontier-v1,figure3,C,Discovery variance frontier,19,discovery_variance,conditional_interval_theorem,rho_0500_seed_018,0.5,18,,0.5811319523323915,2.6399545212846918,2.6399545212846918,,,theorem,conditional interval theorem
tikz-frontier-v1,figure3,C,Discovery variance frontier,20,discovery_variance,observed_randomization,rho_0500_seed_019,0.5,19,,0.5800374880778914,3.7214666975,3.7214666975,,20000,observed,observed randomization
tikz-frontier-v1,figure3,C,Discovery variance frontier,20,discovery_variance,conditional_interval_theorem,rho_0500_seed_019,0.5,19,,0.5800374880778914,3.795379877311307,3.795379877311307,,,theorem,conditional interval theorem
tikz-frontier-v1,figure3,C,Discovery variance frontier,21,discovery_variance,observed_randomization,rho_0500_seed_020,0.5,20,,0.6591495314793686,1.4202711775,1.4202711775,,20000,observed,observed randomization
tikz-frontier-v1,figure3,C,Discovery variance frontier,21,discovery_variance,conditional_interval_theorem,rho_0500_seed_020,0.5,20,,0.6591495314793686,1.4155312343190016,1.4155312343190016,,,theorem,conditional interval theorem
tikz-frontier-v1,figure3,C,Discovery variance frontier,22,discovery_variance,observed_randomization,rho_0500_seed_021,0.5,21,,0.5075154672840972,4.3803426975,4.3803426975,,20000,observed,observed randomization
tikz-frontier-v1,figure3,C,Discovery variance frontier,22,discovery_variance,conditional_interval_theorem,rho_0500_seed_021,0.5,21,,0.5075154672840972,4.256934752169324,4.256934752169324,,,theorem,conditional interval theorem
tikz-frontier-v1,figure3,C,Discovery variance frontier,23,discovery_variance,observed_randomization,rho_0500_seed_022,0.5,22,,0.6020807850021088,3.4230427100000003,3.4230427100000003,,20000,observed,observed randomization
tikz-frontier-v1,figure3,C,Discovery variance frontier,23,discovery_variance,conditional_interval_theorem,rho_0500_seed_022,0.5,22,,0.6020807850021088,3.3999997277841936,3.3999997277841936,,,theorem,conditional interval theorem
tikz-frontier-v1,figure3,C,Discovery variance frontier,24,discovery_variance,observed_randomization,rho_0500_seed_023,0.5,23,,0.48504791560946303,4.181130559999999,4.181130559999999,,20000,observed,observed randomization
tikz-frontier-v1,figure3,C,Discovery variance frontier,24,discovery_variance,conditional_interval_theorem,rho_0500_seed_023,0.5,23,,0.48504791560946303,4.163831964125018,4.163831964125018,,,theorem,conditional interval theorem
tikz-frontier-v1,figure3,C,Discovery variance frontier,25,discovery_variance,observed_randomization,rho_0500_seed_024,0.5,24,,0.6247139772533906,1.5738420399999995,1.5738420399999995,,20000,observed,observed randomization
tikz-frontier-v1,figure3,C,Discovery variance frontier,25,discovery_variance,conditional_interval_theorem,rho_0500_seed_024,0.5,24,,0.6247139772533906,1.577793072052779,1.577793072052779,,,theorem,conditional interval theorem
tikz-frontier-v1,figure3,C,Discovery variance frontier,26,discovery_variance,observed_randomization,rho_0500_seed_025,0.5,25,,0.5821121359577562,2.3803469775,2.3803469775,,20000,observed,observed randomization
tikz-frontier-v1,figure3,C,Discovery variance frontier,26,discovery_variance,conditional_interval_theorem,rho_0500_seed_025,0.5,25,,0.5821121359577562,2.456574886065995,2.456574886065995,,,theorem,conditional interval theorem
tikz-frontier-v1,figure3,C,Discovery variance frontier,27,discovery_variance,observed_randomization,rho_0500_seed_026,0.5,26,,0.32407697389584067,7.43835164,7.43835164,,20000,observed,observed randomization
tikz-frontier-v1,figure3,C,Discovery variance frontier,27,discovery_variance,conditional_interval_theorem,rho_0500_seed_026,0.5,26,,0.32407697389584067,7.477489523541842,7.477489523541842,,,theorem,conditional interval theorem
tikz-frontier-v1,figure3,C,Discovery variance frontier,28,discovery_variance,observed_randomization,rho_0500_seed_027,0.5,27,,0.47084391158283284,4.669727677500001,4.669727677500001,,20000,observed,observed randomization
tikz-frontier-v1,figure3,C,Discovery variance frontier,28,discovery_variance,conditional_interval_theorem,rho_0500_seed_027,0.5,27,,0.47084391158283284,4.642709327012937,4.642709327012937,,,theorem,conditional interval theorem
tikz-frontier-v1,figure3,C,Discovery variance frontier,29,discovery_variance,observed_randomization,rho_0500_seed_028,0.5,28,,0.5090988136571913,4.3977359599999994,4.3977359599999994,,20000,observed,observed randomization
tikz-frontier-v1,figure3,C,Discovery variance frontier,29,discovery_variance,conditional_interval_theorem,rho_0500_seed_028,0.5,28,,0.5090988136571913,4.258673051936926,4.258673051936926,,,theorem,conditional interval theorem
tikz-frontier-v1,figure3,C,Discovery variance frontier,30,discovery_variance,observed_randomization,rho_0500_seed_029,0.5,29,,0.346261165987849,6.068810677500001,6.068810677500001,,20000,observed,observed randomization
tikz-frontier-v1,figure3,C,Discovery variance frontier,30,discovery_variance,conditional_interval_theorem,rho_0500_seed_029,0.5,29,,0.346261165987849,5.9795107213109295,5.9795107213109295,,,theorem,conditional interval theorem
tikz-frontier-v1,figure3,C,Discovery variance frontier,31,discovery_variance,observed_randomization,rho_0500_seed_030,0.5,30,,0.5129496505627354,3.2908845975,3.2908845975,,20000,observed,observed randomization
tikz-frontier-v1,figure3,C,Discovery variance frontier,31,discovery_variance,conditional_interval_theorem,rho_0500_seed_030,0.5,30,,0.5129496505627354,3.282697625788977,3.282697625788977,,,theorem,conditional interval theorem
tikz-frontier-v1,figure3,C,Discovery variance frontier,32,discovery_variance,observed_randomization,rho_0500_seed_031,0.5,31,,0.4791542797053158,4.1844701775,4.1844701775,,20000,observed,observed randomization
tikz-frontier-v1,figure3,C,Discovery variance frontier,32,discovery_variance,conditional_interval_theorem,rho_0500_seed_031,0.5,31,,0.4791542797053158,4.1373046942884235,4.1373046942884235,,,theorem,conditional interval theorem
tikz-frontier-v1,figure3,C,Discovery variance frontier,33,discovery_variance,observed_randomization,rho_0500_seed_032,0.5,32,,0.5252552374198011,3.0098116774999997,3.0098116774999997,,20000,observed,observed randomization
tikz-frontier-v1,figure3,C,Discovery variance frontier,33,discovery_variance,conditional_interval_theorem,rho_0500_seed_032,0.5,32,,0.5252552374198011,3.054614095270147,3.054614095270147,,,theorem,conditional interval theorem
tikz-frontier-v1,figure3,C,Discovery variance frontier,34,discovery_variance,observed_randomization,rho_0500_seed_033,0.5,33,,0.5956101915679604,2.8718355774999997,2.8718355774999997,,20000,observed,observed randomization
tikz-frontier-v1,figure3,C,Discovery variance frontier,34,discovery_variance,conditional_interval_theorem,rho_0500_seed_033,0.5,33,,0.5956101915679604,2.875811335704824,2.875811335704824,,,theorem,conditional interval theorem
tikz-frontier-v1,figure3,C,Discovery variance frontier,35,discovery_variance,observed_randomization,rho_0500_seed_034,0.5,34,,0.39667814245466027,6.051951277500001,6.051951277500001,,20000,observed,observed randomization
tikz-frontier-v1,figure3,C,Discovery variance frontier,35,discovery_variance,conditional_interval_theorem,rho_0500_seed_034,0.5,34,,0.39667814245466027,6.004264372882252,6.004264372882252,,,theorem,conditional interval theorem
tikz-frontier-v1,figure3,C,Discovery variance frontier,36,discovery_variance,observed_randomization,rho_0500_seed_035,0.5,35,,0.6910378456749964,1.5937412400000002,1.5937412400000002,,20000,observed,observed randomization
tikz-frontier-v1,figure3,C,Discovery variance frontier,36,discovery_variance,conditional_interval_theorem,rho_0500_seed_035,0.5,35,,0.6910378456749964,1.5650640971246135,1.5650640971246135,,,theorem,conditional interval theorem
tikz-frontier-v1,figure3,C,Discovery variance frontier,37,discovery_variance,observed_randomization,rho_0500_seed_036,0.5,36,,0.47011826210077434,6.5117924375000005,6.5117924375000005,,20000,observed,observed randomization
tikz-frontier-v1,figure3,C,Discovery variance frontier,37,discovery_variance,conditional_interval_theorem,rho_0500_seed_036,0.5,36,,0.47011826210077434,6.510090610077704,6.510090610077704,,,theorem,conditional interval theorem
tikz-frontier-v1,figure3,C,Discovery variance frontier,38,discovery_variance,observed_randomization,rho_0500_seed_037,0.5,37,,0.516386635464422,3.2735541975,3.2735541975,,20000,observed,observed randomization
tikz-frontier-v1,figure3,C,Discovery variance frontier,38,discovery_variance,conditional_interval_theorem,rho_0500_seed_037,0.5,37,,0.516386635464422,3.3717919458407204,3.3717919458407204,,,theorem,conditional interval theorem
tikz-frontier-v1,figure3,C,Discovery variance frontier,39,discovery_variance,observed_randomization,rho_0500_seed_038,0.5,38,,0.6924906192118258,1.9133864775000002,1.9133864775000002,,20000,observed,observed randomization
tikz-frontier-v1,figure3,C,Discovery variance frontier,39,discovery_variance,conditional_interval_theorem,rho_0500_seed_038,0.5,38,,0.6924906192118258,1.900364596450798,1.900364596450798,,,theorem,conditional interval theorem
tikz-frontier-v1,figure3,C,Discovery variance frontier,40,discovery_variance,observed_randomization,rho_0500_seed_039,0.5,39,,0.5191469157209534,2.8323701974999995,2.8323701974999995,,20000,observed,observed randomization
tikz-frontier-v1,figure3,C,Discovery variance frontier,40,discovery_variance,conditional_interval_theorem,rho_0500_seed_039,0.5,39,,0.5191469157209534,2.8726005910339176,2.8726005910339176,,,theorem,conditional interval theorem
tikz-frontier-v1,figure3,C,Discovery variance frontier,1,discovery_variance,observed_randomization,rho_0750_seed_000,0.75,0,,0.5489001340102673,3.4446508775,3.4446508775,,20000,observed,observed randomization
tikz-frontier-v1,figure3,C,Discovery variance frontier,1,discovery_variance,conditional_interval_theorem,rho_0750_seed_000,0.75,0,,0.5489001340102673,3.4586200682900614,3.4586200682900614,,,theorem,conditional interval theorem
tikz-frontier-v1,figure3,C,Discovery variance frontier,2,discovery_variance,observed_randomization,rho_0750_seed_001,0.75,1,,0.46397146880585394,4.4139469775,4.4139469775,,20000,observed,observed randomization
tikz-frontier-v1,figure3,C,Discovery variance frontier,2,discovery_variance,conditional_interval_theorem,rho_0750_seed_001,0.75,1,,0.46397146880585394,4.3802588856997335,4.3802588856997335,,,theorem,conditional interval theorem
tikz-frontier-v1,figure3,C,Discovery variance frontier,3,discovery_variance,observed_randomization,rho_0750_seed_002,0.75,2,,0.46299542980575875,4.634449989999999,4.634449989999999,,20000,observed,observed randomization
tikz-frontier-v1,figure3,C,Discovery variance frontier,3,discovery_variance,conditional_interval_theorem,rho_0750_seed_002,0.75,2,,0.46299542980575875,4.68612643359282,4.68612643359282,,,theorem,conditional interval theorem
tikz-frontier-v1,figure3,C,Discovery variance frontier,4,discovery_variance,observed_randomization,rho_0750_seed_003,0.75,3,,0.49424738247287736,3.7963638775,3.7963638775,,20000,observed,observed randomization
tikz-frontier-v1,figure3,C,Discovery variance frontier,4,discovery_variance,conditional_interval_theorem,rho_0750_seed_003,0.75,3,,0.49424738247287736,3.8244062701035793,3.8244062701035793,,,theorem,conditional interval theorem
tikz-frontier-v1,figure3,C,Discovery variance frontier,5,discovery_variance,observed_randomization,rho_0750_seed_004,0.75,4,,0.7538292780186785,1.9326550775000004,1.9326550775000004,,20000,observed,observed randomization
tikz-frontier-v1,figure3,C,Discovery variance frontier,5,discovery_variance,conditional_interval_theorem,rho_0750_seed_004,0.75,4,,0.7538292780186785,1.9163887613242092,1.9163887613242092,,,theorem,conditional interval theorem
tikz-frontier-v1,figure3,C,Discovery variance frontier,6,discovery_variance,observed_randomization,rho_0750_seed_005,0.75,5,,0.3883411617869335,6.862217749999999,6.862217749999999,,20000,observed,observed randomization
tikz-frontier-v1,figure3,C,Discovery variance frontier,6,discovery_variance,conditional_interval_theorem,rho_0750_seed_005,0.75,5,,0.3883411617869335,6.701626268710685,6.701626268710685,,,theorem,conditional interval theorem
tikz-frontier-v1,figure3,C,Discovery variance frontier,7,discovery_variance,observed_randomization,rho_0750_seed_006,0.75,6,,0.6155151034765964,2.9684634774999994,2.9684634774999994,,20000,observed,observed randomization
tikz-frontier-v1,figure3,C,Discovery variance frontier,7,discovery_variance,conditional_interval_theorem,rho_0750_seed_006,0.75,6,,0.6155151034765964,2.98573838859564,2.98573838859564,,,theorem,conditional interval theorem
tikz-frontier-v1,figure3,C,Discovery variance frontier,8,discovery_variance,observed_randomization,rho_0750_seed_007,0.75,7,,0.7959992724807635,0.6076963100000001,0.6076963100000001,,20000,observed,observed randomization
tikz-frontier-v1,figure3,C,Discovery variance frontier,8,discovery_variance,conditional_interval_theorem,rho_0750_seed_007,0.75,7,,0.7959992724807635,0.6050124110214848,0.6050124110214848,,,theorem,conditional interval theorem
tikz-frontier-v1,figure3,C,Discovery variance frontier,9,discovery_variance,observed_randomization,rho_0750_seed_008,0.75,8,,0.5345022878770934,3.526735040000001,3.526735040000001,,20000,observed,observed randomization
tikz-frontier-v1,figure3,C,Discovery variance frontier,9,discovery_variance,conditional_interval_theorem,rho_0750_seed_008,0.75,8,,0.5345022878770934,3.478640861895424,3.478640861895424,,,theorem,conditional interval theorem
tikz-frontier-v1,figure3,C,Discovery variance frontier,10,discovery_variance,observed_randomization,rho_0750_seed_009,0.75,9,,0.6979096165829368,1.9088191900000002,1.9088191900000002,,20000,observed,observed randomization
tikz-frontier-v1,figure3,C,Discovery variance frontier,10,discovery_variance,conditional_interval_theorem,rho_0750_seed_009,0.75,9,,0.6979096165829368,1.8970197227067018,1.8970197227067018,,,theorem,conditional interval theorem
tikz-frontier-v1,figure3,C,Discovery variance frontier,11,discovery_variance,observed_randomization,rho_0750_seed_010,0.75,10,,0.7231581702790637,1.8918591099999997,1.8918591099999997,,20000,observed,observed randomization
tikz-frontier-v1,figure3,C,Discovery variance frontier,11,discovery_variance,conditional_interval_theorem,rho_0750_seed_010,0.75,10,,0.7231581702790637,1.9975209380451722,1.9975209380451722,,,theorem,conditional interval theorem
tikz-frontier-v1,figure3,C,Discovery variance frontier,12,discovery_variance,observed_randomization,rho_0750_seed_011,0.75,11,,0.6502750430303332,2.3115870975000004,2.3115870975000004,,20000,observed,observed randomization
tikz-frontier-v1,figure3,C,Discovery variance frontier,12,discovery_variance,conditional_interval_theorem,rho_0750_seed_011,0.75,11,,0.6502750430303332,2.291337229616671,2.291337229616671,,,theorem,conditional interval theorem
tikz-frontier-v1,figure3,C,Discovery variance frontier,13,discovery_variance,observed_randomization,rho_0750_seed_012,0.75,12,,0.8187548601317888,0.91746751,0.91746751,,20000,observed,observed randomization
tikz-frontier-v1,figure3,C,Discovery variance frontier,13,discovery_variance,conditional_interval_theorem,rho_0750_seed_012,0.75,12,,0.8187548601317888,0.9313892175579788,0.9313892175579788,,,theorem,conditional interval theorem
tikz-frontier-v1,figure3,C,Discovery variance frontier,14,discovery_variance,observed_randomization,rho_0750_seed_013,0.75,13,,0.7287682472326097,1.9596588399999997,1.9596588399999997,,20000,observed,observed randomization
tikz-frontier-v1,figure3,C,Discovery variance frontier,14,discovery_variance,conditional_interval_theorem,rho_0750_seed_013,0.75,13,,0.7287682472326097,1.950963726770152,1.950963726770152,,,theorem,conditional interval theorem
tikz-frontier-v1,figure3,C,Discovery variance frontier,15,discovery_variance,observed_randomization,rho_0750_seed_014,0.75,14,,0.6472112764050476,3.316675,3.316675,,20000,observed,observed randomization
tikz-frontier-v1,figure3,C,Discovery variance frontier,15,discovery_variance,conditional_interval_theorem,rho_0750_seed_014,0.75,14,,0.6472112764050476,3.3058931065452635,3.3058931065452635,,,theorem,conditional interval theorem
tikz-frontier-v1,figure3,C,Discovery variance frontier,16,discovery_variance,observed_randomization,rho_0750_seed_015,0.75,15,,0.5975148897834448,3.4524,3.4524,,20000,observed,observed randomization
tikz-frontier-v1,figure3,C,Discovery variance frontier,16,discovery_variance,conditional_interval_theorem,rho_0750_seed_015,0.75,15,,0.5975148897834448,3.425807827942696,3.425807827942696,,,theorem,conditional interval theorem
tikz-frontier-v1,figure3,C,Discovery variance frontier,17,discovery_variance,observed_randomization,rho_0750_seed_016,0.75,16,,0.7572568972443348,2.0633247600000004,2.0633247600000004,,20000,observed,observed randomization
tikz-frontier-v1,figure3,C,Discovery variance frontier,17,discovery_variance,conditional_interval_theorem,rho_0750_seed_016,0.75,16,,0.7572568972443348,2.0249265776931438,2.0249265776931438,,,theorem,conditional interval theorem
tikz-frontier-v1,figure3,C,Discovery variance frontier,18,discovery_variance,observed_randomization,rho_0750_seed_017,0.75,17,,0.38865302001906366,6.6325921975,6.6325921975,,20000,observed,observed randomization
tikz-frontier-v1,figure3,C,Discovery variance frontier,18,discovery_variance,conditional_interval_theorem,rho_0750_seed_017,0.75,17,,0.38865302001906366,6.597362716735039,6.597362716735039,,,theorem,conditional interval theorem
tikz-frontier-v1,figure3,C,Discovery variance frontier,19,discovery_variance,observed_randomization,rho_0750_seed_018,0.75,18,,0.4572090531119398,5.406945677500001,5.406945677500001,,20000,observed,observed randomization
tikz-frontier-v1,figure3,C,Discovery variance frontier,19,discovery_variance,conditional_interval_theorem,rho_0750_seed_018,0.75,18,,0.4572090531119398,5.329529796706355,5.329529796706355,,,theorem,conditional interval theorem
tikz-frontier-v1,figure3,C,Discovery variance frontier,20,discovery_variance,observed_randomization,rho_0750_seed_019,0.75,19,,0.5485148289152416,4.237254559999999,4.237254559999999,,20000,observed,observed randomization
tikz-frontier-v1,figure3,C,Discovery variance frontier,20,discovery_variance,conditional_interval_theorem,rho_0750_seed_019,0.75,19,,0.5485148289152416,4.210577611597999,4.210577611597999,,,theorem,conditional interval theorem
tikz-frontier-v1,figure3,C,Discovery variance frontier,21,discovery_variance,observed_randomization,rho_0750_seed_020,0.75,20,,0.6430819183988785,1.48917351,1.48917351,,20000,observed,observed randomization
tikz-frontier-v1,figure3,C,Discovery variance frontier,21,discovery_variance,conditional_interval_theorem,rho_0750_seed_020,0.75,20,,0.6430819183988785,1.53359406605615,1.53359406605615,,,theorem,conditional interval theorem
tikz-frontier-v1,figure3,C,Discovery variance frontier,22,discovery_variance,observed_randomization,rho_0750_seed_021,0.75,21,,0.7044845858020248,2.0536003775,2.0536003775,,20000,observed,observed randomization
tikz-frontier-v1,figure3,C,Discovery variance frontier,22,discovery_variance,conditional_interval_theorem,rho_0750_seed_021,0.75,21,,0.7044845858020248,2.046358398695294,2.046358398695294,,,theorem,conditional interval theorem
tikz-frontier-v1,figure3,C,Discovery variance frontier,23,discovery_variance,observed_randomization,rho_0750_seed_022,0.75,22,,0.8105504764473327,1.0228215975,1.0228215975,,20000,observed,observed randomization
tikz-frontier-v1,figure3,C,Discovery variance frontier,23,discovery_variance,conditional_interval_theorem,rho_0750_seed_022,0.75,22,,0.8105504764473327,1.0395023176073555,1.0395023176073555,,,theorem,conditional interval theorem
tikz-frontier-v1,figure3,C,Discovery variance frontier,24,discovery_variance,observed_randomization,rho_0750_seed_023,0.75,23,,0.5585461064883712,4.0540073974999995,4.0540073974999995,,20000,observed,observed randomization
tikz-frontier-v1,figure3,C,Discovery variance frontier,24,discovery_variance,conditional_interval_theorem,rho_0750_seed_023,0.75,23,,0.5585461064883712,4.065100811241079,4.065100811241079,,,theorem,conditional interval theorem
tikz-frontier-v1,figure3,C,Discovery variance frontier,25,discovery_variance,observed_randomization,rho_0750_seed_024,0.75,24,,0.613700066868269,2.1842591100000006,2.1842591100000006,,20000,observed,observed randomization
tikz-frontier-v1,figure3,C,Discovery variance frontier,25,discovery_variance,conditional_interval_theorem,rho_0750_seed_024,0.75,24,,0.613700066868269,2.195568110255681,2.195568110255681,,,theorem,conditional interval theorem
tikz-frontier-v1,figure3,C,Discovery variance frontier,26,discovery_variance,observed_randomization,rho_0750_seed_025,0.75,25,,0.513458733156636,2.7941337775,2.7941337775,,20000,observed,observed randomization
tikz-frontier-v1,figure3,C,Discovery variance frontier,26,discovery_variance,conditional_interval_theorem,rho_0750_seed_025,0.75,25,,0.513458733156636,2.7954329760152494,2.7954329760152494,,,theorem,conditional interval theorem
tikz-frontier-v1,figure3,C,Discovery variance frontier,27,discovery_variance,observed_randomization,rho_0750_seed_026,0.75,26,,0.55481742123146,3.52438279,3.52438279,,20000,observed,observed randomization
tikz-frontier-v1,figure3,C,Discovery variance frontier,27,discovery_variance,conditional_interval_theorem,rho_0750_seed_026,0.75,26,,0.55481742123146,3.5311820261247817,3.5311820261247817,,,theorem,conditional interval theorem
tikz-frontier-v1,figure3,C,Discovery variance frontier,28,discovery_variance,observed_randomization,rho_0750_seed_027,0.75,27,,0.6143743572366207,3.3084607100000003,3.3084607100000003,,20000,observed,observed randomization
tikz-frontier-v1,figure3,C,Discovery variance frontier,28,discovery_variance,conditional_interval_theorem,rho_0750_seed_027,0.75,27,,0.6143743572366207,3.359979117054677,3.359979117054677,,,theorem,conditional interval theorem
tikz-frontier-v1,figure3,C,Discovery variance frontier,29,discovery_variance,observed_randomization,rho_0750_seed_028,0.75,28,,0.5107624609712019,2.8854035774999995,2.8854035774999995,,20000,observed,observed randomization
tikz-frontier-v1,figure3,C,Discovery variance frontier,29,discovery_variance,conditional_interval_theorem,rho_0750_seed_028,0.75,28,,0.5107624609712019,2.8651775097875927,2.8651775097875927,,,theorem,conditional interval theorem
tikz-frontier-v1,figure3,C,Discovery variance frontier,30,discovery_variance,observed_randomization,rho_0750_seed_029,0.75,29,,0.6663256315167255,2.0551094374999996,2.0551094374999996,,20000,observed,observed randomization
tikz-frontier-v1,figure3,C,Discovery variance frontier,30,discovery_variance,conditional_interval_theorem,rho_0750_seed_029,0.75,29,,0.6663256315167255,2.052300845529646,2.052300845529646,,,theorem,conditional interval theorem
tikz-frontier-v1,figure3,C,Discovery variance frontier,31,discovery_variance,observed_randomization,rho_0750_seed_030,0.75,30,,0.6504340890357587,1.6341617974999998,1.6341617974999998,,20000,observed,observed randomization
tikz-frontier-v1,figure3,C,Discovery variance frontier,31,discovery_variance,conditional_interval_theorem,rho_0750_seed_030,0.75,30,,0.6504340890357587,1.6322816525928738,1.6322816525928738,,,theorem,conditional interval theorem
tikz-frontier-v1,figure3,C,Discovery variance frontier,32,discovery_variance,observed_randomization,rho_0750_seed_031,0.75,31,,0.518669149191557,3.3589791975,3.3589791975,,20000,observed,observed randomization
tikz-frontier-v1,figure3,C,Discovery variance frontier,32,discovery_variance,conditional_interval_theorem,rho_0750_seed_031,0.75,31,,0.518669149191557,3.3519609519645983,3.3519609519645983,,,theorem,conditional interval theorem
tikz-frontier-v1,figure3,C,Discovery variance frontier,33,discovery_variance,observed_randomization,rho_0750_seed_032,0.75,32,,0.6422380097253243,2.0256765975,2.0256765975,,20000,observed,observed randomization
tikz-frontier-v1,figure3,C,Discovery variance frontier,33,discovery_variance,conditional_interval_theorem,rho_0750_seed_032,0.75,32,,0.6422380097253243,2.0216578498593027,2.0216578498593027,,,theorem,conditional interval theorem
tikz-frontier-v1,figure3,C,Discovery variance frontier,34,discovery_variance,observed_randomization,rho_0750_seed_033,0.75,33,,0.6930304646345714,1.9735513775,1.9735513775,,20000,observed,observed randomization
tikz-frontier-v1,figure3,C,Discovery variance frontier,34,discovery_variance,conditional_interval_theorem,rho_0750_seed_033,0.75,33,,0.6930304646345714,1.9992389343148553,1.9992389343148553,,,theorem,conditional interval theorem
tikz-frontier-v1,figure3,C,Discovery variance frontier,35,discovery_variance,observed_randomization,rho_0750_seed_034,0.75,34,,0.6620330614969759,1.9542594375,1.9542594375,,20000,observed,observed randomization
tikz-frontier-v1,figure3,C,Discovery variance frontier,35,discovery_variance,conditional_interval_theorem,rho_0750_seed_034,0.75,34,,0.6620330614969759,1.9668687722655962,1.9668687722655962,,,theorem,conditional interval theorem
tikz-frontier-v1,figure3,C,Discovery variance frontier,36,discovery_variance,observed_randomization,rho_0750_seed_035,0.75,35,,0.7275309352614777,1.2434599375000002,1.2434599375000002,,20000,observed,observed randomization
tikz-frontier-v1,figure3,C,Discovery variance frontier,36,discovery_variance,conditional_interval_theorem,rho_0750_seed_035,0.75,35,,0.7275309352614777,1.2584713210984306,1.2584713210984306,,,theorem,conditional interval theorem
tikz-frontier-v1,figure3,C,Discovery variance frontier,37,discovery_variance,observed_randomization,rho_0750_seed_036,0.75,36,,0.9166043333785582,0.7585566974999998,0.7585566974999998,,20000,observed,observed randomization
tikz-frontier-v1,figure3,C,Discovery variance frontier,37,discovery_variance,conditional_interval_theorem,rho_0750_seed_036,0.75,36,,0.9166043333785582,0.7694696719041559,0.7694696719041559,,,theorem,conditional interval theorem
tikz-frontier-v1,figure3,C,Discovery variance frontier,38,discovery_variance,observed_randomization,rho_0750_seed_037,0.75,37,,0.5167501513919185,3.5203994375,3.5203994375,,20000,observed,observed randomization
tikz-frontier-v1,figure3,C,Discovery variance frontier,38,discovery_variance,conditional_interval_theorem,rho_0750_seed_037,0.75,37,,0.5167501513919185,3.481410159142929,3.481410159142929,,,theorem,conditional interval theorem
tikz-frontier-v1,figure3,C,Discovery variance frontier,39,discovery_variance,observed_randomization,rho_0750_seed_038,0.75,38,,0.5830670256483282,2.14649344,2.14649344,,20000,observed,observed randomization
tikz-frontier-v1,figure3,C,Discovery variance frontier,39,discovery_variance,conditional_interval_theorem,rho_0750_seed_038,0.75,38,,0.5830670256483282,2.172319706899604,2.172319706899604,,,theorem,conditional interval theorem
tikz-frontier-v1,figure3,C,Discovery variance frontier,40,discovery_variance,observed_randomization,rho_0750_seed_039,0.75,39,,0.633513385194711,2.4946359899999995,2.4946359899999995,,20000,observed,observed randomization
tikz-frontier-v1,figure3,C,Discovery variance frontier,40,discovery_variance,conditional_interval_theorem,rho_0750_seed_039,0.75,39,,0.633513385194711,2.478796737053214,2.478796737053214,,,theorem,conditional interval theorem
tikz-frontier-v1,figure3,C,Discovery variance frontier,1,discovery_variance,observed_randomization,rho_1000_seed_000,1.0,0,,0.8844464388189823,0.5750099099999999,0.5750099099999999,,20000,observed,observed randomization
tikz-frontier-v1,figure3,C,Discovery variance frontier,1,discovery_variance,conditional_interval_theorem,rho_1000_seed_000,1.0,0,,0.8844464388189823,0.5699062188018329,0.5699062188018329,,,theorem,conditional interval theorem
tikz-frontier-v1,figure3,C,Discovery variance frontier,2,discovery_variance,observed_randomization,rho_1000_seed_001,1.0,1,,0.7975673842907567,1.0846850975,1.0846850975,,20000,observed,observed randomization
tikz-frontier-v1,figure3,C,Discovery variance frontier,2,discovery_variance,conditional_interval_theorem,rho_1000_seed_001,1.0,1,,0.7975673842907567,1.0819834319052366,1.0819834319052366,,,theorem,conditional interval theorem
tikz-frontier-v1,figure3,C,Discovery variance frontier,3,discovery_variance,observed_randomization,rho_1000_seed_002,1.0,2,,0.292039836015579,5.539796760000001,5.539796760000001,,20000,observed,observed randomization
tikz-frontier-v1,figure3,C,Discovery variance frontier,3,discovery_variance,conditional_interval_theorem,rho_1000_seed_002,1.0,2,,0.292039836015579,5.556884095203033,5.556884095203033,,,theorem,conditional interval theorem
tikz-frontier-v1,figure3,C,Discovery variance frontier,4,discovery_variance,observed_randomization,rho_1000_seed_003,1.0,3,,0.3799631576401841,1.1636365775,1.1636365775,,20000,observed,observed randomization
tikz-frontier-v1,figure3,C,Discovery variance frontier,4,discovery_variance,conditional_interval_theorem,rho_1000_seed_003,1.0,3,,0.3799631576401841,1.1678742109296354,1.1678742109296354,,,theorem,conditional interval theorem
tikz-frontier-v1,figure3,C,Discovery variance frontier,5,discovery_variance,observed_randomization,rho_1000_seed_004,1.0,4,,0.9352683957632124,0.58296764,0.58296764,,20000,observed,observed randomization
tikz-frontier-v1,figure3,C,Discovery variance frontier,5,discovery_variance,conditional_interval_theorem,rho_1000_seed_004,1.0,4,,0.9352683957632124,0.5925843087849426,0.5925843087849426,,,theorem,conditional interval theorem
tikz-frontier-v1,figure3,C,Discovery variance frontier,6,discovery_variance,observed_randomization,rho_1000_seed_005,1.0,5,,0.4850511748554376,5.27255559,5.27255559,,20000,observed,observed randomization
tikz-frontier-v1,figure3,C,Discovery variance frontier,6,discovery_variance,conditional_interval_theorem,rho_1000_seed_005,1.0,5,,0.4850511748554376,5.245082812476317,5.245082812476317,,,theorem,conditional interval theorem
tikz-frontier-v1,figure3,C,Discovery variance frontier,7,discovery_variance,observed_randomization,rho_1000_seed_006,1.0,6,,0.5605496918376724,3.3350187774999998,3.3350187774999998,,20000,observed,observed randomization
tikz-frontier-v1,figure3,C,Discovery variance frontier,7,discovery_variance,conditional_interval_theorem,rho_1000_seed_006,1.0,6,,0.5605496918376724,3.42791159739937,3.42791159739937,,,theorem,conditional interval theorem
tikz-frontier-v1,figure3,C,Discovery variance frontier,8,discovery_variance,observed_randomization,rho_1000_seed_007,1.0,7,,0.47652061174109744,4.4524079775,4.4524079775,,20000,observed,observed randomization
tikz-frontier-v1,figure3,C,Discovery variance frontier,8,discovery_variance,conditional_interval_theorem,rho_1000_seed_007,1.0,7,,0.47652061174109744,4.420114985860071,4.420114985860071,,,theorem,conditional interval theorem
tikz-frontier-v1,figure3,C,Discovery variance frontier,9,discovery_variance,observed_randomization,rho_1000_seed_008,1.0,8,,0.5593749876455617,1.2268990974999998,1.2268990974999998,,20000,observed,observed randomization
tikz-frontier-v1,figure3,C,Discovery variance frontier,9,discovery_variance,conditional_interval_theorem,rho_1000_seed_008,1.0,8,,0.5593749876455617,1.2169057809126094,1.2169057809126094,,,theorem,conditional interval theorem
tikz-frontier-v1,figure3,C,Discovery variance frontier,10,discovery_variance,observed_randomization,rho_1000_seed_009,1.0,9,,0.39865503859790846,5.223840709999999,5.223840709999999,,20000,observed,observed randomization
tikz-frontier-v1,figure3,C,Discovery variance frontier,10,discovery_variance,conditional_interval_theorem,rho_1000_seed_009,1.0,9,,0.39865503859790846,5.2551458617794635,5.2551458617794635,,,theorem,conditional interval theorem
tikz-frontier-v1,figure3,C,Discovery variance frontier,11,discovery_variance,observed_randomization,rho_1000_seed_010,1.0,10,,0.4753830657420642,4.59297839,4.59297839,,20000,observed,observed randomization
tikz-frontier-v1,figure3,C,Discovery variance frontier,11,discovery_variance,conditional_interval_theorem,rho_1000_seed_010,1.0,10,,0.4753830657420642,4.591581409265494,4.591581409265494,,,theorem,conditional interval theorem
tikz-frontier-v1,figure3,C,Discovery variance frontier,12,discovery_variance,observed_randomization,rho_1000_seed_011,1.0,11,,0.5262540416962794,1.4233799900000002,1.4233799900000002,,20000,observed,observed randomization
tikz-frontier-v1,figure3,C,Discovery variance frontier,12,discovery_variance,conditional_interval_theorem,rho_1000_seed_011,1.0,11,,0.5262540416962794,1.4054016978917407,1.4054016978917407,,,theorem,conditional interval theorem
tikz-frontier-v1,figure3,C,Discovery variance frontier,13,discovery_variance,observed_randomization,rho_1000_seed_012,1.0,12,,0.3024560416315022,3.88565775,3.88565775,,20000,observed,observed randomization
tikz-frontier-v1,figure3,C,Discovery variance frontier,13,discovery_variance,conditional_interval_theorem,rho_1000_seed_012,1.0,12,,0.3024560416315022,3.897036437856321,3.897036437856321,,,theorem,conditional interval theorem
tikz-frontier-v1,figure3,C,Discovery variance frontier,14,discovery_variance,observed_randomization,rho_1000_seed_013,1.0,13,,0.676320082751198,1.5160670774999998,1.5160670774999998,,20000,observed,observed randomization
tikz-frontier-v1,figure3,C,Discovery variance frontier,14,discovery_variance,conditional_interval_theorem,rho_1000_seed_013,1.0,13,,0.676320082751198,1.5141033557188108,1.5141033557188108,,,theorem,conditional interval theorem
tikz-frontier-v1,figure3,C,Discovery variance frontier,15,discovery_variance,observed_randomization,rho_1000_seed_014,1.0,14,,0.3987477150918944,5.5968197775,5.5968197775,,20000,observed,observed randomization
tikz-frontier-v1,figure3,C,Discovery variance frontier,15,discovery_variance,conditional_interval_theorem,rho_1000_seed_014,1.0,14,,0.3987477150918944,5.667091224976899,5.667091224976899,,,theorem,conditional interval theorem
tikz-frontier-v1,figure3,C,Discovery variance frontier,16,discovery_variance,observed_randomization,rho_1000_seed_015,1.0,15,,0.6710601016329827,1.6428528974999999,1.6428528974999999,,20000,observed,observed randomization
tikz-frontier-v1,figure3,C,Discovery variance frontier,16,discovery_variance,conditional_interval_theorem,rho_1000_seed_015,1.0,15,,0.6710601016329827,1.625341121106428,1.625341121106428,,,theorem,conditional interval theorem
tikz-frontier-v1,figure3,C,Discovery variance frontier,17,discovery_variance,observed_randomization,rho_1000_seed_016,1.0,16,,0.5476648565801703,3.18342764,3.18342764,,20000,observed,observed randomization
tikz-frontier-v1,figure3,C,Discovery variance frontier,17,discovery_variance,conditional_interval_theorem,rho_1000_seed_016,1.0,16,,0.5476648565801703,3.1776133238308093,3.1776133238308093,,,theorem,conditional interval theorem
tikz-frontier-v1,figure3,C,Discovery variance frontier,18,discovery_variance,observed_randomization,rho_1000_seed_017,1.0,17,,0.5465216723707389,2.4811359375,2.4811359375,,20000,observed,observed randomization
tikz-frontier-v1,figure3,C,Discovery variance frontier,18,discovery_variance,conditional_interval_theorem,rho_1000_seed_017,1.0,17,,0.5465216723707389,2.5132229410073523,2.5132229410073523,,,theorem,conditional interval theorem
tikz-frontier-v1,figure3,C,Discovery variance frontier,19,discovery_variance,observed_randomization,rho_1000_seed_018,1.0,18,,0.4561520529026606,6.6415474775,6.6415474775,,20000,observed,observed randomization
tikz-frontier-v1,figure3,C,Discovery variance frontier,19,discovery_variance,conditional_interval_theorem,rho_1000_seed_018,1.0,18,,0.4561520529026606,6.64995576504552,6.64995576504552,,,theorem,conditional interval theorem
tikz-frontier-v1,figure3,C,Discovery variance frontier,20,discovery_variance,observed_randomization,rho_1000_seed_019,1.0,19,,0.6613036262471012,2.8893173975000006,2.8893173975000006,,20000,observed,observed randomization
tikz-frontier-v1,figure3,C,Discovery variance frontier,20,discovery_variance,conditional_interval_theorem,rho_1000_seed_019,1.0,19,,0.6613036262471012,2.8141983441131715,2.8141983441131715,,,theorem,conditional interval theorem
tikz-frontier-v1,figure3,C,Discovery variance frontier,21,discovery_variance,observed_randomization,rho_1000_seed_020,1.0,20,,0.7523988858526689,0.7596900775000001,0.7596900775000001,,20000,observed,observed randomization
tikz-frontier-v1,figure3,C,Discovery variance frontier,21,discovery_variance,conditional_interval_theorem,rho_1000_seed_020,1.0,20,,0.7523988858526689,0.7537064055984724,0.7537064055984724,,,theorem,conditional interval theorem
tikz-frontier-v1,figure3,C,Discovery variance frontier,22,discovery_variance,observed_randomization,rho_1000_seed_021,1.0,21,,0.7157869262778166,1.0260962975,1.0260962975,,20000,observed,observed randomization
tikz-frontier-v1,figure3,C,Discovery variance frontier,22,discovery_variance,conditional_interval_theorem,rho_1000_seed_021,1.0,21,,0.7157869262778166,1.035251505783025,1.035251505783025,,,theorem,conditional interval theorem
tikz-frontier-v1,figure3,C,Discovery variance frontier,23,discovery_variance,observed_randomization,rho_1000_seed_022,1.0,22,,0.5021464980861761,4.7683811775,4.7683811775,,20000,observed,observed randomization
tikz-frontier-v1,figure3,C,Discovery variance frontier,23,discovery_variance,conditional_interval_theorem,rho_1000_seed_022,1.0,22,,0.5021464980861761,4.78276220186201,4.78276220186201,,,theorem,conditional interval theorem
tikz-frontier-v1,figure3,C,Discovery variance frontier,24,discovery_variance,observed_randomization,rho_1000_seed_023,1.0,23,,0.905643767431564,0.6933571900000001,0.6933571900000001,,20000,observed,observed randomization
tikz-frontier-v1,figure3,C,Discovery variance frontier,24,discovery_variance,conditional_interval_theorem,rho_1000_seed_023,1.0,23,,0.905643767431564,0.6784904301199397,0.6784904301199397,,,theorem,conditional interval theorem
tikz-frontier-v1,figure3,C,Discovery variance frontier,25,discovery_variance,observed_randomization,rho_1000_seed_024,1.0,24,,0.7252784474740344,1.5904721975,1.5904721975,,20000,observed,observed randomization
tikz-frontier-v1,figure3,C,Discovery variance frontier,25,discovery_variance,conditional_interval_theorem,rho_1000_seed_024,1.0,24,,0.7252784474740344,1.5754452535335257,1.5754452535335257,,,theorem,conditional interval theorem
tikz-frontier-v1,figure3,C,Discovery variance frontier,26,discovery_variance,observed_randomization,rho_1000_seed_025,1.0,25,,0.45874336731650184,3.4288859975,3.4288859975,,20000,observed,observed randomization
tikz-frontier-v1,figure3,C,Discovery variance frontier,26,discovery_variance,conditional_interval_theorem,rho_1000_seed_025,1.0,25,,0.45874336731650184,3.3645409390394807,3.3645409390394807,,,theorem,conditional interval theorem
tikz-frontier-v1,figure3,C,Discovery variance frontier,27,discovery_variance,observed_randomization,rho_1000_seed_026,1.0,26,,0.8784469355841493,0.6520591099999998,0.6520591099999998,,20000,observed,observed randomization
tikz-frontier-v1,figure3,C,Discovery variance frontier,27,discovery_variance,conditional_interval_theorem,rho_1000_seed_026,1.0,26,,0.8784469355841493,0.6429773206578294,0.6429773206578294,,,theorem,conditional interval theorem
tikz-frontier-v1,figure3,C,Discovery variance frontier,28,discovery_variance,observed_randomization,rho_1000_seed_027,1.0,27,,0.7617577868281784,1.4210734375,1.4210734375,,20000,observed,observed randomization
tikz-frontier-v1,figure3,C,Discovery variance frontier,28,discovery_variance,conditional_interval_theorem,rho_1000_seed_027,1.0,27,,0.7617577868281784,1.4072490556564832,1.4072490556564832,,,theorem,conditional interval theorem
tikz-frontier-v1,figure3,C,Discovery variance frontier,29,discovery_variance,observed_randomization,rho_1000_seed_028,1.0,28,,0.1793201780271738,2.4998471099999997,2.4998471099999997,,20000,observed,observed randomization
tikz-frontier-v1,figure3,C,Discovery variance frontier,29,discovery_variance,conditional_interval_theorem,rho_1000_seed_028,1.0,28,,0.1793201780271738,2.48493437015697,2.48493437015697,,,theorem,conditional interval theorem
tikz-frontier-v1,figure3,C,Discovery variance frontier,30,discovery_variance,observed_randomization,rho_1000_seed_029,1.0,29,,0.5844903051300272,1.8302893775,1.8302893775,,20000,observed,observed randomization
tikz-frontier-v1,figure3,C,Discovery variance frontier,30,discovery_variance,conditional_interval_theorem,rho_1000_seed_029,1.0,29,,0.5844903051300272,1.8486527218646134,1.8486527218646134,,,theorem,conditional interval theorem
tikz-frontier-v1,figure3,C,Discovery variance frontier,31,discovery_variance,observed_randomization,rho_1000_seed_030,1.0,30,,0.6768008603262659,1.8448742400000002,1.8448742400000002,,20000,observed,observed randomization
tikz-frontier-v1,figure3,C,Discovery variance frontier,31,discovery_variance,conditional_interval_theorem,rho_1000_seed_030,1.0,30,,0.6768008603262659,1.8341366177769431,1.8341366177769431,,,theorem,conditional interval theorem
tikz-frontier-v1,figure3,C,Discovery variance frontier,32,discovery_variance,observed_randomization,rho_1000_seed_031,1.0,31,,0.6067540366671469,2.3462269375000004,2.3462269375000004,,20000,observed,observed randomization
tikz-frontier-v1,figure3,C,Discovery variance frontier,32,discovery_variance,conditional_interval_theorem,rho_1000_seed_031,1.0,31,,0.6067540366671469,2.3288058539490426,2.3288058539490426,,,theorem,conditional interval theorem
tikz-frontier-v1,figure3,C,Discovery variance frontier,33,discovery_variance,observed_randomization,rho_1000_seed_032,1.0,32,,0.7301386819577558,1.6080990000000002,1.6080990000000002,,20000,observed,observed randomization
tikz-frontier-v1,figure3,C,Discovery variance frontier,33,discovery_variance,conditional_interval_theorem,rho_1000_seed_032,1.0,32,,0.7301386819577558,1.6057921576402086,1.6057921576402086,,,theorem,conditional interval theorem
tikz-frontier-v1,figure3,C,Discovery variance frontier,34,discovery_variance,observed_randomization,rho_1000_seed_033,1.0,33,,0.6110120487912747,2.2325246975,2.2325246975,,20000,observed,observed randomization
tikz-frontier-v1,figure3,C,Discovery variance frontier,34,discovery_variance,conditional_interval_theorem,rho_1000_seed_033,1.0,33,,0.6110120487912747,2.235348804875122,2.235348804875122,,,theorem,conditional interval theorem
tikz-frontier-v1,figure3,C,Discovery variance frontier,35,discovery_variance,observed_randomization,rho_1000_seed_034,1.0,34,,0.20391459726247543,2.5684609375,2.5684609375,,20000,observed,observed randomization
tikz-frontier-v1,figure3,C,Discovery variance frontier,35,discovery_variance,conditional_interval_theorem,rho_1000_seed_034,1.0,34,,0.20391459726247543,2.5924564200605698,2.5924564200605698,,,theorem,conditional interval theorem
tikz-frontier-v1,figure3,C,Discovery variance frontier,36,discovery_variance,observed_randomization,rho_1000_seed_035,1.0,35,,0.33893402044096116,3.20500124,3.20500124,,20000,observed,observed randomization
tikz-frontier-v1,figure3,C,Discovery variance frontier,36,discovery_variance,conditional_interval_theorem,rho_1000_seed_035,1.0,35,,0.33893402044096116,3.1798970350931026,3.1798970350931026,,,theorem,conditional interval theorem
tikz-frontier-v1,figure3,C,Discovery variance frontier,37,discovery_variance,observed_randomization,rho_1000_seed_036,1.0,36,,0.7410839073589417,1.1413607900000002,1.1413607900000002,,20000,observed,observed randomization
tikz-frontier-v1,figure3,C,Discovery variance frontier,37,discovery_variance,conditional_interval_theorem,rho_1000_seed_036,1.0,36,,0.7410839073589417,1.096614229173521,1.096614229173521,,,theorem,conditional interval theorem
tikz-frontier-v1,figure3,C,Discovery variance frontier,38,discovery_variance,observed_randomization,rho_1000_seed_037,1.0,37,,0.4368927296246848,4.8423119375,4.8423119375,,20000,observed,observed randomization
tikz-frontier-v1,figure3,C,Discovery variance frontier,38,discovery_variance,conditional_interval_theorem,rho_1000_seed_037,1.0,37,,0.4368927296246848,4.778134497548759,4.778134497548759,,,theorem,conditional interval theorem
tikz-frontier-v1,figure3,C,Discovery variance frontier,39,discovery_variance,observed_randomization,rho_1000_seed_038,1.0,38,,0.24452045216472534,5.2618699775,5.2618699775,,20000,observed,observed randomization
tikz-frontier-v1,figure3,C,Discovery variance frontier,39,discovery_variance,conditional_interval_theorem,rho_1000_seed_038,1.0,38,,0.24452045216472534,5.221641937305285,5.221641937305285,,,theorem,conditional interval theorem
tikz-frontier-v1,figure3,C,Discovery variance frontier,40,discovery_variance,observed_randomization,rho_1000_seed_039,1.0,39,,0.5558809562674029,3.06286279,3.06286279,,20000,observed,observed randomization
tikz-frontier-v1,figure3,C,Discovery variance frontier,40,discovery_variance,conditional_interval_theorem,rho_1000_seed_039,1.0,39,,0.5558809562674029,3.08468738440075,3.08468738440075,,,theorem,conditional interval theorem
tikz-frontier-v1,figure3,C,Discovery variance frontier,1,discovery_variance,observed_randomization,rho_1250_seed_000,1.25,0,,0.5727089817916244,3.3381982975,3.3381982975,,20000,observed,observed randomization
tikz-frontier-v1,figure3,C,Discovery variance frontier,1,discovery_variance,conditional_interval_theorem,rho_1250_seed_000,1.25,0,,0.5727089817916244,3.3412789064351456,3.3412789064351456,,,theorem,conditional interval theorem
tikz-frontier-v1,figure3,C,Discovery variance frontier,2,discovery_variance,observed_randomization,rho_1250_seed_001,1.25,1,,0.7845301268430597,0.771016,0.771016,,20000,observed,observed randomization
tikz-frontier-v1,figure3,C,Discovery variance frontier,2,discovery_variance,conditional_interval_theorem,rho_1250_seed_001,1.25,1,,0.7845301268430597,0.7662190576435061,0.7662190576435061,,,theorem,conditional interval theorem
tikz-frontier-v1,figure3,C,Discovery variance frontier,3,discovery_variance,observed_randomization,rho_1250_seed_002,1.25,2,,0.2248736397893124,3.14668591,3.14668591,,20000,observed,observed randomization
tikz-frontier-v1,figure3,C,Discovery variance frontier,3,discovery_variance,conditional_interval_theorem,rho_1250_seed_002,1.25,2,,0.2248736397893124,3.1188418357857053,3.1188418357857053,,,theorem,conditional interval theorem
tikz-frontier-v1,figure3,C,Discovery variance frontier,4,discovery_variance,observed_randomization,rho_1250_seed_003,1.25,3,,0.23362201505980096,2.5180035100000007,2.5180035100000007,,20000,observed,observed randomization
tikz-frontier-v1,figure3,C,Discovery variance frontier,4,discovery_variance,conditional_interval_theorem,rho_1250_seed_003,1.25,3,,0.23362201505980096,2.5479801031096967,2.5479801031096967,,,theorem,conditional interval theorem
tikz-frontier-v1,figure3,C,Discovery variance frontier,5,discovery_variance,observed_randomization,rho_1250_seed_004,1.25,4,,1.0069582852401202,0.4941726775,0.4941726775,,20000,observed,observed randomization
tikz-frontier-v1,figure3,C,Discovery variance frontier,5,discovery_variance,conditional_interval_theorem,rho_1250_seed_004,1.25,4,,1.0069582852401202,0.4898573512421553,0.4898573512421553,,,theorem,conditional interval theorem
tikz-frontier-v1,figure3,C,Discovery variance frontier,6,discovery_variance,observed_randomization,rho_1250_seed_005,1.25,5,,0.6749363346943976,1.0632908975,1.0632908975,,20000,observed,observed randomization
tikz-frontier-v1,figure3,C,Discovery variance frontier,6,discovery_variance,conditional_interval_theorem,rho_1250_seed_005,1.25,5,,0.6749363346943976,1.0679969646407834,1.0679969646407834,,,theorem,conditional interval theorem
tikz-frontier-v1,figure3,C,Discovery variance frontier,7,discovery_variance,observed_randomization,rho_1250_seed_006,1.25,6,,0.740155236932853,1.0525592775000001,1.0525592775000001,,20000,observed,observed randomization
tikz-frontier-v1,figure3,C,Discovery variance frontier,7,discovery_variance,conditional_interval_theorem,rho_1250_seed_006,1.25,6,,0.740155236932853,1.0691599551612296,1.0691599551612296,,,theorem,conditional interval theorem
tikz-frontier-v1,figure3,C,Discovery variance frontier,8,discovery_variance,observed_randomization,rho_1250_seed_007,1.25,7,,0.7495825759937933,1.0511640000000002,1.0511640000000002,,20000,observed,observed randomization
tikz-frontier-v1,figure3,C,Discovery variance frontier,8,discovery_variance,conditional_interval_theorem,rho_1250_seed_007,1.25,7,,0.7495825759937933,1.0166540866373186,1.0166540866373186,,,theorem,conditional interval theorem
tikz-frontier-v1,figure3,C,Discovery variance frontier,9,discovery_variance,observed_randomization,rho_1250_seed_008,1.25,8,,0.649627687685524,1.3546734375,1.3546734375,,20000,observed,observed randomization
tikz-frontier-v1,figure3,C,Discovery variance frontier,9,discovery_variance,conditional_interval_theorem,rho_1250_seed_008,1.25,8,,0.649627687685524,1.3329615253268832,1.3329615253268832,,,theorem,conditional interval theorem
tikz-frontier-v1,figure3,C,Discovery variance frontier,10,discovery_variance,observed_randomization,rho_1250_seed_009,1.25,9,,0.4159544749765642,2.08089196,2.08089196,,20000,observed,observed randomization
tikz-frontier-v1,figure3,C,Discovery variance frontier,10,discovery_variance,conditional_interval_theorem,rho_1250_seed_009,1.25,9,,0.4159544749765642,2.088767094162253,2.088767094162253,,,theorem,conditional interval theorem
tikz-frontier-v1,figure3,C,Discovery variance frontier,11,discovery_variance,observed_randomization,rho_1250_seed_010,1.25,10,,0.6363890948845262,1.8506477774999996,1.8506477774999996,,20000,observed,observed randomization
tikz-frontier-v1,figure3,C,Discovery variance frontier,11,discovery_variance,conditional_interval_theorem,rho_1250_seed_010,1.25,10,,0.6363890948845262,1.864982168441853,1.864982168441853,,,theorem,conditional interval theorem
tikz-frontier-v1,figure3,C,Discovery variance frontier,12,discovery_variance,observed_randomization,rho_1250_seed_011,1.25,11,,0.6271748745694313,2.162741197500001,2.162741197500001,,20000,observed,observed randomization
tikz-frontier-v1,figure3,C,Discovery variance frontier,12,discovery_variance,conditional_interval_theorem,rho_1250_seed_011,1.25,11,,0.6271748745694313,2.1520636909165214,2.1520636909165214,,,theorem,conditional interval theorem
tikz-frontier-v1,figure3,C,Discovery variance frontier,13,discovery_variance,observed_randomization,rho_1250_seed_012,1.25,12,,0.8934243612868904,0.571499,0.571499,,20000,observed,observed randomization
tikz-frontier-v1,figure3,C,Discovery variance frontier,13,discovery_variance,conditional_interval_theorem,rho_1250_seed_012,1.25,12,,0.8934243612868904,0.5932996711286043,0.5932996711286043,,,theorem,conditional interval theorem
tikz-frontier-v1,figure3,C,Discovery variance frontier,14,discovery_variance,observed_randomization,rho_1250_seed_013,1.25,13,,1.0658750957306058,0.36736719,0.36736719,,20000,observed,observed randomization
tikz-frontier-v1,figure3,C,Discovery variance frontier,14,discovery_variance,conditional_interval_theorem,rho_1250_seed_013,1.25,13,,1.0658750957306058,0.36782326189493525,0.36782326189493525,,,theorem,conditional interval theorem
tikz-frontier-v1,figure3,C,Discovery variance frontier,15,discovery_variance,observed_randomization,rho_1250_seed_014,1.25,14,,0.5022598265326126,3.3757874375,3.3757874375,,20000,observed,observed randomization
tikz-frontier-v1,figure3,C,Discovery variance frontier,15,discovery_variance,conditional_interval_theorem,rho_1250_seed_014,1.25,14,,0.5022598265326126,3.330491557882557,3.330491557882557,,,theorem,conditional interval theorem
tikz-frontier-v1,figure3,C,Discovery variance frontier,16,discovery_variance,observed_randomization,rho_1250_seed_015,1.25,15,,0.6511669163736143,1.1080888775,1.1080888775,,20000,observed,observed randomization
tikz-frontier-v1,figure3,C,Discovery variance frontier,16,discovery_variance,conditional_interval_theorem,rho_1250_seed_015,1.25,15,,0.6511669163736143,1.0980197251779147,1.0980197251779147,,,theorem,conditional interval theorem
tikz-frontier-v1,figure3,C,Discovery variance frontier,17,discovery_variance,observed_randomization,rho_1250_seed_016,1.25,16,,0.6242514231636922,1.8823901975000001,1.8823901975000001,,20000,observed,observed randomization
tikz-frontier-v1,figure3,C,Discovery variance frontier,17,discovery_variance,conditional_interval_theorem,rho_1250_seed_016,1.25,16,,0.6242514231636922,1.8615878616085926,1.8615878616085926,,,theorem,conditional interval theorem
tikz-frontier-v1,figure3,C,Discovery variance frontier,18,discovery_variance,observed_randomization,rho_1250_seed_017,1.25,17,,0.6448962877757427,1.7980301975,1.7980301975,,20000,observed,observed randomization
tikz-frontier-v1,figure3,C,Discovery variance frontier,18,discovery_variance,conditional_interval_theorem,rho_1250_seed_017,1.25,17,,0.6448962877757427,1.806017844028756,1.806017844028756,,,theorem,conditional interval theorem
tikz-frontier-v1,figure3,C,Discovery variance frontier,19,discovery_variance,observed_randomization,rho_1250_seed_018,1.25,18,,0.844850612409375,0.45750439000000004,0.45750439000000004,,20000,observed,observed randomization
tikz-frontier-v1,figure3,C,Discovery variance frontier,19,discovery_variance,conditional_interval_theorem,rho_1250_seed_018,1.25,18,,0.844850612409375,0.4770018769540655,0.4770018769540655,,,theorem,conditional interval theorem
tikz-frontier-v1,figure3,C,Discovery variance frontier,20,discovery_variance,observed_randomization,rho_1250_seed_019,1.25,19,,1.0249087231283474,0.30763535999999997,0.30763535999999997,,20000,observed,observed randomization
tikz-frontier-v1,figure3,C,Discovery variance frontier,20,discovery_variance,conditional_interval_theorem,rho_1250_seed_019,1.25,19,,1.0249087231283474,0.3042142494687056,0.3042142494687056,,,theorem,conditional interval theorem
tikz-frontier-v1,figure3,C,Discovery variance frontier,21,discovery_variance,observed_randomization,rho_1250_seed_020,1.25,20,,0.5594997501881529,3.4448351774999995,3.4448351774999995,,20000,observed,observed randomization
tikz-frontier-v1,figure3,C,Discovery variance frontier,21,discovery_variance,conditional_interval_theorem,rho_1250_seed_020,1.25,20,,0.5594997501881529,3.469108049302907,3.469108049302907,,,theorem,conditional interval theorem
tikz-frontier-v1,figure3,C,Discovery variance frontier,22,discovery_variance,observed_randomization,rho_1250_seed_021,1.25,21,,0.6427404680325741,1.6461015600000002,1.6461015600000002,,20000,observed,observed randomization
tikz-frontier-v1,figure3,C,Discovery variance frontier,22,discovery_variance,conditional_interval_theorem,rho_1250_seed_021,1.25,21,,0.6427404680325741,1.6297474132328702,1.6297474132328702,,,theorem,conditional interval theorem
tikz-frontier-v1,figure3,C,Discovery variance frontier,23,discovery_variance,observed_randomization,rho_1250_seed_022,1.25,22,,0.480401843714187,1.7529899375,1.7529899375,,20000,observed,observed randomization
tikz-frontier-v1,figure3,C,Discovery variance frontier,23,discovery_variance,conditional_interval_theorem,rho_1250_seed_022,1.25,22,,0.480401843714187,1.7238133900767543,1.7238133900767543,,,theorem,conditional interval theorem
tikz-frontier-v1,figure3,C,Discovery variance frontier,24,discovery_variance,observed_randomization,rho_1250_seed_023,1.25,23,,0.6767765961444094,2.1141142775,2.1141142775,,20000,observed,observed randomization
tikz-frontier-v1,figure3,C,Discovery variance frontier,24,discovery_variance,conditional_interval_theorem,rho_1250_seed_023,1.25,23,,0.6767765961444094,2.1352031970953367,2.1352031970953367,,,theorem,conditional interval theorem
tikz-frontier-v1,figure3,C,Discovery variance frontier,25,discovery_variance,observed_randomization,rho_1250_seed_024,1.25,24,,0.326912697626863,5.669368159999999,5.669368159999999,,20000,observed,observed randomization
tikz-frontier-v1,figure3,C,Discovery variance frontier,25,discovery_variance,conditional_interval_theorem,rho_1250_seed_024,1.25,24,,0.326912697626863,5.577464243030441,5.577464243030441,,,theorem,conditional interval theorem
tikz-frontier-v1,figure3,C,Discovery variance frontier,26,discovery_variance,observed_randomization,rho_1250_seed_025,1.25,25,,0.4374507343299645,3.0400374375,3.0400374375,,20000,observed,observed randomization
tikz-frontier-v1,figure3,C,Discovery variance frontier,26,discovery_variance,conditional_interval_theorem,rho_1250_seed_025,1.25,25,,0.4374507343299645,3.026344155177778,3.026344155177778,,,theorem,conditional interval theorem
tikz-frontier-v1,figure3,C,Discovery variance frontier,27,discovery_variance,observed_randomization,rho_1250_seed_026,1.25,26,,1.028560953673735,0.44931596,0.44931596,,20000,observed,observed randomization
tikz-frontier-v1,figure3,C,Discovery variance frontier,27,discovery_variance,conditional_interval_theorem,rho_1250_seed_026,1.25,26,,1.028560953673735,0.4367201281565233,0.4367201281565233,,,theorem,conditional interval theorem
tikz-frontier-v1,figure3,C,Discovery variance frontier,28,discovery_variance,observed_randomization,rho_1250_seed_027,1.25,27,,0.5154002134094688,2.84811484,2.84811484,,20000,observed,observed randomization
tikz-frontier-v1,figure3,C,Discovery variance frontier,28,discovery_variance,conditional_interval_theorem,rho_1250_seed_027,1.25,27,,0.5154002134094688,2.826137801571117,2.826137801571117,,,theorem,conditional interval theorem
tikz-frontier-v1,figure3,C,Discovery variance frontier,29,discovery_variance,observed_randomization,rho_1250_seed_028,1.25,28,,0.5525703078316103,1.8159751975,1.8159751975,,20000,observed,observed randomization
tikz-frontier-v1,figure3,C,Discovery variance frontier,29,discovery_variance,conditional_interval_theorem,rho_1250_seed_028,1.25,28,,0.5525703078316103,1.8227273341202186,1.8227273341202186,,,theorem,conditional interval theorem
tikz-frontier-v1,figure3,C,Discovery variance frontier,30,discovery_variance,observed_randomization,rho_1250_seed_029,1.25,29,,0.41274581290702744,1.7718689599999997,1.7718689599999997,,20000,observed,observed randomization
tikz-frontier-v1,figure3,C,Discovery variance frontier,30,discovery_variance,conditional_interval_theorem,rho_1250_seed_029,1.25,29,,0.41274581290702744,1.7440966816102332,1.7440966816102332,,,theorem,conditional interval theorem
tikz-frontier-v1,figure3,C,Discovery variance frontier,31,discovery_variance,observed_randomization,rho_1250_seed_030,1.25,30,,0.7021238645275317,1.3985855775000005,1.3985855775000005,,20000,observed,observed randomization
tikz-frontier-v1,figure3,C,Discovery variance frontier,31,discovery_variance,conditional_interval_theorem,rho_1250_seed_030,1.25,30,,0.7021238645275317,1.4221783630979714,1.4221783630979714,,,theorem,conditional interval theorem
tikz-frontier-v1,figure3,C,Discovery variance frontier,32,discovery_variance,observed_randomization,rho_1250_seed_031,1.25,31,,0.42677185594901,4.3473785775,4.3473785775,,20000,observed,observed randomization
tikz-frontier-v1,figure3,C,Discovery variance frontier,32,discovery_variance,conditional_interval_theorem,rho_1250_seed_031,1.25,31,,0.42677185594901,4.354738436285988,4.354738436285988,,,theorem,conditional interval theorem
tikz-frontier-v1,figure3,C,Discovery variance frontier,33,discovery_variance,observed_randomization,rho_1250_seed_032,1.25,32,,0.585625190653545,1.26462124,1.26462124,,20000,observed,observed randomization
tikz-frontier-v1,figure3,C,Discovery variance frontier,33,discovery_variance,conditional_interval_theorem,rho_1250_seed_032,1.25,32,,0.585625190653545,1.2874952218424836,1.2874952218424836,,,theorem,conditional interval theorem
tikz-frontier-v1,figure3,C,Discovery variance frontier,34,discovery_variance,observed_randomization,rho_1250_seed_033,1.25,33,,0.5959484383350937,1.4734324375000003,1.4734324375000003,,20000,observed,observed randomization
tikz-frontier-v1,figure3,C,Discovery variance frontier,34,discovery_variance,conditional_interval_theorem,rho_1250_seed_033,1.25,33,,0.5959484383350937,1.4760593977101693,1.4760593977101693,,,theorem,conditional interval theorem
tikz-frontier-v1,figure3,C,Discovery variance frontier,35,discovery_variance,observed_randomization,rho_1250_seed_034,1.25,34,,0.6279107696383599,2.07707276,2.07707276,,20000,observed,observed randomization
tikz-frontier-v1,figure3,C,Discovery variance frontier,35,discovery_variance,conditional_interval_theorem,rho_1250_seed_034,1.25,34,,0.6279107696383599,2.0939182149873194,2.0939182149873194,,,theorem,conditional interval theorem
tikz-frontier-v1,figure3,C,Discovery variance frontier,36,discovery_variance,observed_randomization,rho_1250_seed_035,1.25,35,,0.7209704566303932,0.37110493749999995,0.37110493749999995,,20000,observed,observed randomization
tikz-frontier-v1,figure3,C,Discovery variance frontier,36,discovery_variance,conditional_interval_theorem,rho_1250_seed_035,1.25,35,,0.7209704566303932,0.37881958501863555,0.37881958501863555,,,theorem,conditional interval theorem
tikz-frontier-v1,figure3,C,Discovery variance frontier,37,discovery_variance,observed_randomization,rho_1250_seed_036,1.25,36,,0.3958004760511573,3.0740546775000004,3.0740546775000004,,20000,observed,observed randomization
tikz-frontier-v1,figure3,C,Discovery variance frontier,37,discovery_variance,conditional_interval_theorem,rho_1250_seed_036,1.25,36,,0.3958004760511573,3.121508365393068,3.121508365393068,,,theorem,conditional interval theorem
tikz-frontier-v1,figure3,C,Discovery variance frontier,38,discovery_variance,observed_randomization,rho_1250_seed_037,1.25,37,,0.539328865215073,1.5933772399999997,1.5933772399999997,,20000,observed,observed randomization
tikz-frontier-v1,figure3,C,Discovery variance frontier,38,discovery_variance,conditional_interval_theorem,rho_1250_seed_037,1.25,37,,0.539328865215073,1.6089747223366417,1.6089747223366417,,,theorem,conditional interval theorem
tikz-frontier-v1,figure3,C,Discovery variance frontier,39,discovery_variance,observed_randomization,rho_1250_seed_038,1.25,38,,0.5520062260062593,1.7439074375,1.7439074375,,20000,observed,observed randomization
tikz-frontier-v1,figure3,C,Discovery variance frontier,39,discovery_variance,conditional_interval_theorem,rho_1250_seed_038,1.25,38,,0.5520062260062593,1.7116436785995925,1.7116436785995925,,,theorem,conditional interval theorem
tikz-frontier-v1,figure3,C,Discovery variance frontier,40,discovery_variance,observed_randomization,rho_1250_seed_039,1.25,39,,0.3852980963742866,2.2413829974999997,2.2413829974999997,,20000,observed,observed randomization
tikz-frontier-v1,figure3,C,Discovery variance frontier,40,discovery_variance,conditional_interval_theorem,rho_1250_seed_039,1.25,39,,0.3852980963742866,2.2440281400939615,2.2440281400939615,,,theorem,conditional interval theorem
tikz-frontier-v1,figure3,C,Discovery variance frontier,1,discovery_variance,observed_randomization,rho_1500_seed_000,1.5,0,,0.6065991356789154,0.9836574974999998,0.9836574974999998,,20000,observed,observed randomization
tikz-frontier-v1,figure3,C,Discovery variance frontier,1,discovery_variance,conditional_interval_theorem,rho_1500_seed_000,1.5,0,,0.6065991356789154,0.9762359968303956,0.9762359968303956,,,theorem,conditional interval theorem
tikz-frontier-v1,figure3,C,Discovery variance frontier,2,discovery_variance,observed_randomization,rho_1500_seed_001,1.5,1,,0.4793362538815895,1.73469975,1.73469975,,20000,observed,observed randomization
tikz-frontier-v1,figure3,C,Discovery variance frontier,2,discovery_variance,conditional_interval_theorem,rho_1500_seed_001,1.5,1,,0.4793362538815895,1.6915575806512,1.6915575806512,,,theorem,conditional interval theorem
tikz-frontier-v1,figure3,C,Discovery variance frontier,3,discovery_variance,observed_randomization,rho_1500_seed_002,1.5,2,,0.6138626564249187,0.9689999999999999,0.9689999999999999,,20000,observed,observed randomization
tikz-frontier-v1,figure3,C,Discovery variance frontier,3,discovery_variance,conditional_interval_theorem,rho_1500_seed_002,1.5,2,,0.6138626564249187,0.9866960781970429,0.9866960781970429,,,theorem,conditional interval theorem
tikz-frontier-v1,figure3,C,Discovery variance frontier,4,discovery_variance,observed_randomization,rho_1500_seed_003,1.5,3,,0.5809818987447657,2.3184743899999996,2.3184743899999996,,20000,observed,observed randomization
tikz-frontier-v1,figure3,C,Discovery variance frontier,4,discovery_variance,conditional_interval_theorem,rho_1500_seed_003,1.5,3,,0.5809818987447657,2.3246618056115484,2.3246618056115484,,,theorem,conditional interval theorem
tikz-frontier-v1,figure3,C,Discovery variance frontier,5,discovery_variance,observed_randomization,rho_1500_seed_004,1.5,4,,0.8653990557203963,0.6542070400000001,0.6542070400000001,,20000,observed,observed randomization
tikz-frontier-v1,figure3,C,Discovery variance frontier,5,discovery_variance,conditional_interval_theorem,rho_1500_seed_004,1.5,4,,0.8653990557203963,0.6442140197357757,0.6442140197357757,,,theorem,conditional interval theorem
tikz-frontier-v1,figure3,C,Discovery variance frontier,6,discovery_variance,observed_randomization,rho_1500_seed_005,1.5,5,,0.8002258028290942,0.88421936,0.88421936,,20000,observed,observed randomization
tikz-frontier-v1,figure3,C,Discovery variance frontier,6,discovery_variance,conditional_interval_theorem,rho_1500_seed_005,1.5,5,,0.8002258028290942,0.8776583735134934,0.8776583735134934,,,theorem,conditional interval theorem
tikz-frontier-v1,figure3,C,Discovery variance frontier,7,discovery_variance,observed_randomization,rho_1500_seed_006,1.5,6,,0.616859806632393,1.2341333775000003,1.2341333775000003,,20000,observed,observed randomization
tikz-frontier-v1,figure3,C,Discovery variance frontier,7,discovery_variance,conditional_interval_theorem,rho_1500_seed_006,1.5,6,,0.616859806632393,1.2458148919905445,1.2458148919905445,,,theorem,conditional interval theorem
tikz-frontier-v1,figure3,C,Discovery variance frontier,8,discovery_variance,observed_randomization,rho_1500_seed_007,1.5,7,,0.9791798810425194,0.38900359,0.38900359,,20000,observed,observed randomization
tikz-frontier-v1,figure3,C,Discovery variance frontier,8,discovery_variance,conditional_interval_theorem,rho_1500_seed_007,1.5,7,,0.9791798810425194,0.38018690126151755,0.38018690126151755,,,theorem,conditional interval theorem
tikz-frontier-v1,figure3,C,Discovery variance frontier,9,discovery_variance,observed_randomization,rho_1500_seed_008,1.5,8,,0.8982014698151853,0.5573743600000001,0.5573743600000001,,20000,observed,observed randomization
tikz-frontier-v1,figure3,C,Discovery variance frontier,9,discovery_variance,conditional_interval_theorem,rho_1500_seed_008,1.5,8,,0.8982014698151853,0.5612067776065541,0.5612067776065541,,,theorem,conditional interval theorem
tikz-frontier-v1,figure3,C,Discovery variance frontier,10,discovery_variance,observed_randomization,rho_1500_seed_009,1.5,9,,0.9248364107725002,0.4360994374999999,0.4360994374999999,,20000,observed,observed randomization
tikz-frontier-v1,figure3,C,Discovery variance frontier,10,discovery_variance,conditional_interval_theorem,rho_1500_seed_009,1.5,9,,0.9248364107725002,0.4368675095746096,0.4368675095746096,,,theorem,conditional interval theorem
tikz-frontier-v1,figure3,C,Discovery variance frontier,11,discovery_variance,observed_randomization,rho_1500_seed_010,1.5,10,,1.158209239062112,0.24544384,0.24544384,,20000,observed,observed randomization
tikz-frontier-v1,figure3,C,Discovery variance frontier,11,discovery_variance,conditional_interval_theorem,rho_1500_seed_010,1.5,10,,1.158209239062112,0.24257276203168987,0.24257276203168987,,,theorem,conditional interval theorem
tikz-frontier-v1,figure3,C,Discovery variance frontier,12,discovery_variance,observed_randomization,rho_1500_seed_011,1.5,11,,0.7945673217584085,1.0771446974999999,1.0771446974999999,,20000,observed,observed randomization
tikz-frontier-v1,figure3,C,Discovery variance frontier,12,discovery_variance,conditional_interval_theorem,rho_1500_seed_011,1.5,11,,0.7945673217584085,1.058779917501399,1.058779917501399,,,theorem,conditional interval theorem
tikz-frontier-v1,figure3,C,Discovery variance frontier,13,discovery_variance,observed_randomization,rho_1500_seed_012,1.5,12,,0.5070036588882598,1.4427969600000001,1.4427969600000001,,20000,observed,observed randomization
tikz-frontier-v1,figure3,C,Discovery variance frontier,13,discovery_variance,conditional_interval_theorem,rho_1500_seed_012,1.5,12,,0.5070036588882598,1.4801378594847767,1.4801378594847767,,,theorem,conditional interval theorem
tikz-frontier-v1,figure3,C,Discovery variance frontier,14,discovery_variance,observed_randomization,rho_1500_seed_013,1.5,13,,0.3254366918703216,4.33270256,4.33270256,,20000,observed,observed randomization
tikz-frontier-v1,figure3,C,Discovery variance frontier,14,discovery_variance,conditional_interval_theorem,rho_1500_seed_013,1.5,13,,0.3254366918703216,4.318261148550928,4.318261148550928,,,theorem,conditional interval theorem
tikz-frontier-v1,figure3,C,Discovery variance frontier,15,discovery_variance,observed_randomization,rho_1500_seed_014,1.5,14,,0.8321101393252819,0.9816627099999999,0.9816627099999999,,20000,observed,observed randomization
tikz-frontier-v1,figure3,C,Discovery variance frontier,15,discovery_variance,conditional_interval_theorem,rho_1500_seed_014,1.5,14,,0.8321101393252819,1.0234172808553559,1.0234172808553559,,,theorem,conditional interval theorem
tikz-frontier-v1,figure3,C,Discovery variance frontier,16,discovery_variance,observed_randomization,rho_1500_seed_015,1.5,15,,0.5243179069918724,1.9055719774999997,1.9055719774999997,,20000,observed,observed randomization
tikz-frontier-v1,figure3,C,Discovery variance frontier,16,discovery_variance,conditional_interval_theorem,rho_1500_seed_015,1.5,15,,0.5243179069918724,1.9094968063376212,1.9094968063376212,,,theorem,conditional interval theorem
tikz-frontier-v1,figure3,C,Discovery variance frontier,17,discovery_variance,observed_randomization,rho_1500_seed_016,1.5,16,,0.36962240859408857,1.1486529775000003,1.1486529775000003,,20000,observed,observed randomization
tikz-frontier-v1,figure3,C,Discovery variance frontier,17,discovery_variance,conditional_interval_theorem,rho_1500_seed_016,1.5,16,,0.36962240859408857,1.1285742747237844,1.1285742747237844,,,theorem,conditional interval theorem
tikz-frontier-v1,figure3,C,Discovery variance frontier,18,discovery_variance,observed_randomization,rho_1500_seed_017,1.5,17,,0.7042308305559426,1.6559935100000003,1.6559935100000003,,20000,observed,observed randomization
tikz-frontier-v1,figure3,C,Discovery variance frontier,18,discovery_variance,conditional_interval_theorem,rho_1500_seed_017,1.5,17,,0.7042308305559426,1.6459081658080257,1.6459081658080257,,,theorem,conditional interval theorem
tikz-frontier-v1,figure3,C,Discovery variance frontier,19,discovery_variance,observed_randomization,rho_1500_seed_018,1.5,18,,1.5877538174063135,0.06426604,0.06426604,,20000,observed,observed randomization
tikz-frontier-v1,figure3,C,Discovery variance frontier,19,discovery_variance,conditional_interval_theorem,rho_1500_seed_018,1.5,18,,1.5877538174063135,0.06815014860152396,0.06815014860152396,,,theorem,conditional interval theorem
tikz-frontier-v1,figure3,C,Discovery variance frontier,20,discovery_variance,observed_randomization,rho_1500_seed_019,1.5,19,,0.1772774385669882,1.5029234775,1.5029234775,,20000,observed,observed randomization
tikz-frontier-v1,figure3,C,Discovery variance frontier,20,discovery_variance,conditional_interval_theorem,rho_1500_seed_019,1.5,19,,0.1772774385669882,1.4820436834070716,1.4820436834070716,,,theorem,conditional interval theorem
tikz-frontier-v1,figure3,C,Discovery variance frontier,21,discovery_variance,observed_randomization,rho_1500_seed_020,1.5,20,,0.7640628799806912,1.1553495900000001,1.1553495900000001,,20000,observed,observed randomization
tikz-frontier-v1,figure3,C,Discovery variance frontier,21,discovery_variance,conditional_interval_theorem,rho_1500_seed_020,1.5,20,,0.7640628799806912,1.1463385723342572,1.1463385723342572,,,theorem,conditional interval theorem
tikz-frontier-v1,figure3,C,Discovery variance frontier,22,discovery_variance,observed_randomization,rho_1500_seed_021,1.5,21,,0.30114008422287153,4.04982284,4.04982284,,20000,observed,observed randomization
tikz-frontier-v1,figure3,C,Discovery variance frontier,22,discovery_variance,conditional_interval_theorem,rho_1500_seed_021,1.5,21,,0.30114008422287153,3.96213486265232,3.96213486265232,,,theorem,conditional interval theorem
tikz-frontier-v1,figure3,C,Discovery variance frontier,23,discovery_variance,observed_randomization,rho_1500_seed_022,1.5,22,,0.8910427964875812,0.4738437975,0.4738437975,,20000,observed,observed randomization
tikz-frontier-v1,figure3,C,Discovery variance frontier,23,discovery_variance,conditional_interval_theorem,rho_1500_seed_022,1.5,22,,0.8910427964875812,0.45763461712900916,0.45763461712900916,,,theorem,conditional interval theorem
tikz-frontier-v1,figure3,C,Discovery variance frontier,24,discovery_variance,observed_randomization,rho_1500_seed_023,1.5,23,,0.5424111820151837,1.9417294374999998,1.9417294374999998,,20000,observed,observed randomization
tikz-frontier-v1,figure3,C,Discovery variance frontier,24,discovery_variance,conditional_interval_theorem,rho_1500_seed_023,1.5,23,,0.5424111820151837,1.9694208947632381,1.9694208947632381,,,theorem,conditional interval theorem
tikz-frontier-v1,figure3,C,Discovery variance frontier,25,discovery_variance,observed_randomization,rho_1500_seed_024,1.5,24,,0.5283275778467819,1.2034515975000002,1.2034515975000002,,20000,observed,observed randomization
tikz-frontier-v1,figure3,C,Discovery variance frontier,25,discovery_variance,conditional_interval_theorem,rho_1500_seed_024,1.5,24,,0.5283275778467819,1.192701545235674,1.192701545235674,,,theorem,conditional interval theorem
tikz-frontier-v1,figure3,C,Discovery variance frontier,26,discovery_variance,observed_randomization,rho_1500_seed_025,1.5,25,,0.8782793864846868,0.5937363775000001,0.5937363775000001,,20000,observed,observed randomization
tikz-frontier-v1,figure3,C,Discovery variance frontier,26,discovery_variance,conditional_interval_theorem,rho_1500_seed_025,1.5,25,,0.8782793864846868,0.5964706411080146,0.5964706411080146,,,theorem,conditional interval theorem
tikz-frontier-v1,figure3,C,Discovery variance frontier,27,discovery_variance,observed_randomization,rho_1500_seed_026,1.5,26,,0.6629789923061776,1.5886931099999997,1.5886931099999997,,20000,observed,observed randomization
tikz-frontier-v1,figure3,C,Discovery variance frontier,27,discovery_variance,conditional_interval_theorem,rho_1500_seed_026,1.5,26,,0.6629789923061776,1.596268474497342,1.596268474497342,,,theorem,conditional interval theorem
tikz-frontier-v1,figure3,C,Discovery variance frontier,28,discovery_variance,observed_randomization,rho_1500_seed_027,1.5,27,,0.7500031951020395,1.0823933774999999,1.0823933774999999,,20000,observed,observed randomization
tikz-frontier-v1,figure3,C,Discovery variance frontier,28,discovery_variance,conditional_interval_theorem,rho_1500_seed_027,1.5,27,,0.7500031951020395,1.0823203436511433,1.0823203436511433,,,theorem,conditional interval theorem
tikz-frontier-v1,figure3,C,Discovery variance frontier,29,discovery_variance,observed_randomization,rho_1500_seed_028,1.5,28,,0.9811651777331202,0.3276736775,0.3276736775,,20000,observed,observed randomization
tikz-frontier-v1,figure3,C,Discovery variance frontier,29,discovery_variance,conditional_interval_theorem,rho_1500_seed_028,1.5,28,,0.9811651777331202,0.33768282339780403,0.33768282339780403,,,theorem,conditional interval theorem
tikz-frontier-v1,figure3,C,Discovery variance frontier,30,discovery_variance,observed_randomization,rho_1500_seed_029,1.5,29,,0.6306437893450597,1.85753839,1.85753839,,20000,observed,observed randomization
tikz-frontier-v1,figure3,C,Discovery variance frontier,30,discovery_variance,conditional_interval_theorem,rho_1500_seed_029,1.5,29,,0.6306437893450597,1.8386725218746154,1.8386725218746154,,,theorem,conditional interval theorem
tikz-frontier-v1,figure3,C,Discovery variance frontier,31,discovery_variance,observed_randomization,rho_1500_seed_030,1.5,30,,0.9192552054021161,0.6195970774999999,0.6195970774999999,,20000,observed,observed randomization
tikz-frontier-v1,figure3,C,Discovery variance frontier,31,discovery_variance,conditional_interval_theorem,rho_1500_seed_030,1.5,30,,0.9192552054021161,0.615734108208487,0.615734108208487,,,theorem,conditional interval theorem
tikz-frontier-v1,figure3,C,Discovery variance frontier,32,discovery_variance,observed_randomization,rho_1500_seed_031,1.5,31,,0.43450236553421145,1.3231174774999999,1.3231174774999999,,20000,observed,observed randomization
tikz-frontier-v1,figure3,C,Discovery variance frontier,32,discovery_variance,conditional_interval_theorem,rho_1500_seed_031,1.5,31,,0.43450236553421145,1.3049643861290874,1.3049643861290874,,,theorem,conditional interval theorem
tikz-frontier-v1,figure3,C,Discovery variance frontier,33,discovery_variance,observed_randomization,rho_1500_seed_032,1.5,32,,0.692358062278114,1.1726587899999998,1.1726587899999998,,20000,observed,observed randomization
tikz-frontier-v1,figure3,C,Discovery variance frontier,33,discovery_variance,conditional_interval_theorem,rho_1500_seed_032,1.5,32,,0.692358062278114,1.1631652272815742,1.1631652272815742,,,theorem,conditional interval theorem
tikz-frontier-v1,figure3,C,Discovery variance frontier,34,discovery_variance,observed_randomization,rho_1500_seed_033,1.5,33,,0.8434047206624408,0.7546216774999999,0.7546216774999999,,20000,observed,observed randomization
tikz-frontier-v1,figure3,C,Discovery variance frontier,34,discovery_variance,conditional_interval_theorem,rho_1500_seed_033,1.5,33,,0.8434047206624408,0.7580799827566331,0.7580799827566331,,,theorem,conditional interval theorem
tikz-frontier-v1,figure3,C,Discovery variance frontier,35,discovery_variance,observed_randomization,rho_1500_seed_034,1.5,34,,0.7303408578166135,1.5082891774999998,1.5082891774999998,,20000,observed,observed randomization
tikz-frontier-v1,figure3,C,Discovery variance frontier,35,discovery_variance,conditional_interval_theorem,rho_1500_seed_034,1.5,34,,0.7303408578166135,1.5052287808653324,1.5052287808653324,,,theorem,conditional interval theorem
tikz-frontier-v1,figure3,C,Discovery variance frontier,36,discovery_variance,observed_randomization,rho_1500_seed_035,1.5,35,,0.627308438460066,0.8429222975,0.8429222975,,20000,observed,observed randomization
tikz-frontier-v1,figure3,C,Discovery variance frontier,36,discovery_variance,conditional_interval_theorem,rho_1500_seed_035,1.5,35,,0.627308438460066,0.8615235992699924,0.8615235992699924,,,theorem,conditional interval theorem
tikz-frontier-v1,figure3,C,Discovery variance frontier,37,discovery_variance,observed_randomization,rho_1500_seed_036,1.5,36,,1.0630896084252257,0.2952491099999999,0.2952491099999999,,20000,observed,observed randomization
tikz-frontier-v1,figure3,C,Discovery variance frontier,37,discovery_variance,conditional_interval_theorem,rho_1500_seed_036,1.5,36,,1.0630896084252257,0.3006504887088115,0.3006504887088115,,,theorem,conditional interval theorem
tikz-frontier-v1,figure3,C,Discovery variance frontier,38,discovery_variance,observed_randomization,rho_1500_seed_037,1.5,37,,0.7338266389032541,0.7744375900000001,0.7744375900000001,,20000,observed,observed randomization
tikz-frontier-v1,figure3,C,Discovery variance frontier,38,discovery_variance,conditional_interval_theorem,rho_1500_seed_037,1.5,37,,0.7338266389032541,0.7518158454937182,0.7518158454937182,,,theorem,conditional interval theorem
tikz-frontier-v1,figure3,C,Discovery variance frontier,39,discovery_variance,observed_randomization,rho_1500_seed_038,1.5,38,,0.8883315597575625,0.8237265975000002,0.8237265975000002,,20000,observed,observed randomization
tikz-frontier-v1,figure3,C,Discovery variance frontier,39,discovery_variance,conditional_interval_theorem,rho_1500_seed_038,1.5,38,,0.8883315597575625,0.8215486702731492,0.8215486702731492,,,theorem,conditional interval theorem
tikz-frontier-v1,figure3,C,Discovery variance frontier,40,discovery_variance,observed_randomization,rho_1500_seed_039,1.5,39,,1.0782833377187702,0.30025243749999997,0.30025243749999997,,20000,observed,observed randomization
tikz-frontier-v1,figure3,C,Discovery variance frontier,40,discovery_variance,conditional_interval_theorem,rho_1500_seed_039,1.5,39,,1.0782833377187702,0.2984241070974765,0.2984241070974765,,,theorem,conditional interval theorem
tikz-frontier-v1,figure3,C,Discovery variance frontier,1,discovery_variance,observed_randomization,rho_1750_seed_000,1.75,0,,0.667716214287502,0.3752530975,0.3752530975,,20000,observed,observed randomization
tikz-frontier-v1,figure3,C,Discovery variance frontier,1,discovery_variance,conditional_interval_theorem,rho_1750_seed_000,1.75,0,,0.667716214287502,0.38293455014184274,0.38293455014184274,,,theorem,conditional interval theorem
tikz-frontier-v1,figure3,C,Discovery variance frontier,2,discovery_variance,observed_randomization,rho_1750_seed_001,1.75,1,,0.7690420791489563,0.5674097499999999,0.5674097499999999,,20000,observed,observed randomization
tikz-frontier-v1,figure3,C,Discovery variance frontier,2,discovery_variance,conditional_interval_theorem,rho_1750_seed_001,1.75,1,,0.7690420791489563,0.5611394347033583,0.5611394347033583,,,theorem,conditional interval theorem
tikz-frontier-v1,figure3,C,Discovery variance frontier,3,discovery_variance,observed_randomization,rho_1750_seed_002,1.75,2,,0.6148071107966472,1.2368275975,1.2368275975,,20000,observed,observed randomization
tikz-frontier-v1,figure3,C,Discovery variance frontier,3,discovery_variance,conditional_interval_theorem,rho_1750_seed_002,1.75,2,,0.6148071107966472,1.2422228338156114,1.2422228338156114,,,theorem,conditional interval theorem
tikz-frontier-v1,figure3,C,Discovery variance frontier,4,discovery_variance,observed_randomization,rho_1750_seed_003,1.75,3,,0.9405949918360446,0.6191255974999998,0.6191255974999998,,20000,observed,observed randomization
tikz-frontier-v1,figure3,C,Discovery variance frontier,4,discovery_variance,conditional_interval_theorem,rho_1750_seed_003,1.75,3,,0.9405949918360446,0.6211415251728091,0.6211415251728091,,,theorem,conditional interval theorem
tikz-frontier-v1,figure3,C,Discovery variance frontier,5,discovery_variance,observed_randomization,rho_1750_seed_004,1.75,4,,1.1398939036504967,0.23295067749999998,0.23295067749999998,,20000,observed,observed randomization
tikz-frontier-v1,figure3,C,Discovery variance frontier,5,discovery_variance,conditional_interval_theorem,rho_1750_seed_004,1.75,4,,1.1398939036504967,0.22919317125027422,0.22919317125027422,,,theorem,conditional interval theorem
tikz-frontier-v1,figure3,C,Discovery variance frontier,6,discovery_variance,observed_randomization,rho_1750_seed_005,1.75,5,,1.2002644638646593,0.20774510999999998,0.20774510999999998,,20000,observed,observed randomization
tikz-frontier-v1,figure3,C,Discovery variance frontier,6,discovery_variance,conditional_interval_theorem,rho_1750_seed_005,1.75,5,,1.2002644638646593,0.19772922583611793,0.19772922583611793,,,theorem,conditional interval theorem
tikz-frontier-v1,figure3,C,Discovery variance frontier,7,discovery_variance,observed_randomization,rho_1750_seed_006,1.75,6,,-0.10177371039256959,0.43126318999999996,0.43126318999999996,,20000,observed,observed randomization
tikz-frontier-v1,figure3,C,Discovery variance frontier,7,discovery_variance,conditional_interval_theorem,rho_1750_seed_006,1.75,6,,-0.10177371039256959,0.4246827884723073,0.4246827884723073,,,theorem,conditional interval theorem
tikz-frontier-v1,figure3,C,Discovery variance frontier,8,discovery_variance,observed_randomization,rho_1750_seed_007,1.75,7,,0.34677634026072596,1.8946831899999999,1.8946831899999999,,20000,observed,observed randomization
tikz-frontier-v1,figure3,C,Discovery variance frontier,8,discovery_variance,conditional_interval_theorem,rho_1750_seed_007,1.75,7,,0.34677634026072596,1.9053725197681155,1.9053725197681155,,,theorem,conditional interval theorem
tikz-frontier-v1,figure3,C,Discovery variance frontier,9,discovery_variance,observed_randomization,rho_1750_seed_008,1.75,8,,0.6254266992569443,0.7514015899999998,0.7514015899999998,,20000,observed,observed randomization
tikz-frontier-v1,figure3,C,Discovery variance frontier,9,discovery_variance,conditional_interval_theorem,rho_1750_seed_008,1.75,8,,0.6254266992569443,0.7599972638893282,0.7599972638893282,,,theorem,conditional interval theorem
tikz-frontier-v1,figure3,C,Discovery variance frontier,10,discovery_variance,observed_randomization,rho_1750_seed_009,1.75,9,,0.654743487335257,1.0260890974999999,1.0260890974999999,,20000,observed,observed randomization
tikz-frontier-v1,figure3,C,Discovery variance frontier,10,discovery_variance,conditional_interval_theorem,rho_1750_seed_009,1.75,9,,0.654743487335257,1.0425042490946876,1.0425042490946876,,,theorem,conditional interval theorem
tikz-frontier-v1,figure3,C,Discovery variance frontier,11,discovery_variance,observed_randomization,rho_1750_seed_010,1.75,10,,0.9985244175086289,0.44848443750000005,0.44848443750000005,,20000,observed,observed randomization
tikz-frontier-v1,figure3,C,Discovery variance frontier,11,discovery_variance,conditional_interval_theorem,rho_1750_seed_010,1.75,10,,0.9985244175086289,0.45239502857860076,0.45239502857860076,,,theorem,conditional interval theorem
tikz-frontier-v1,figure3,C,Discovery variance frontier,12,discovery_variance,observed_randomization,rho_1750_seed_011,1.75,11,,0.9918806765434974,0.48927279,0.48927279,,20000,observed,observed randomization
tikz-frontier-v1,figure3,C,Discovery variance frontier,12,discovery_variance,conditional_interval_theorem,rho_1750_seed_011,1.75,11,,0.9918806765434974,0.4887164300685243,0.4887164300685243,,,theorem,conditional interval theorem
tikz-frontier-v1,figure3,C,Discovery variance frontier,13,discovery_variance,observed_randomization,rho_1750_seed_012,1.75,12,,0.7148569556167662,0.33261137749999997,0.33261137749999997,,20000,observed,observed randomization
tikz-frontier-v1,figure3,C,Discovery variance frontier,13,discovery_variance,conditional_interval_theorem,rho_1750_seed_012,1.75,12,,0.7148569556167662,0.33198887987798503,0.33198887987798503,,,theorem,conditional interval theorem
tikz-frontier-v1,figure3,C,Discovery variance frontier,14,discovery_variance,observed_randomization,rho_1750_seed_013,1.75,13,,1.3229303392145952,0.14568169749999998,0.14568169749999998,,20000,observed,observed randomization
tikz-frontier-v1,figure3,C,Discovery variance frontier,14,discovery_variance,conditional_interval_theorem,rho_1750_seed_013,1.75,13,,1.3229303392145952,0.15018980210121494,0.15018980210121494,,,theorem,conditional interval theorem
tikz-frontier-v1,figure3,C,Discovery variance frontier,15,discovery_variance,observed_randomization,rho_1750_seed_014,1.75,14,,1.1372450646599819,0.12135995999999998,0.12135995999999998,,20000,observed,observed randomization
tikz-frontier-v1,figure3,C,Discovery variance frontier,15,discovery_variance,conditional_interval_theorem,rho_1750_seed_014,1.75,14,,1.1372450646599819,0.12851105531481083,0.12851105531481083,,,theorem,conditional interval theorem
tikz-frontier-v1,figure3,C,Discovery variance frontier,16,discovery_variance,observed_randomization,rho_1750_seed_015,1.75,15,,0.8479395239923087,0.45391296000000003,0.45391296000000003,,20000,observed,observed randomization
tikz-frontier-v1,figure3,C,Discovery variance frontier,16,discovery_variance,conditional_interval_theorem,rho_1750_seed_015,1.75,15,,0.8479395239923087,0.4541915839269262,0.4541915839269262,,,theorem,conditional interval theorem
tikz-frontier-v1,figure3,C,Discovery variance frontier,17,discovery_variance,observed_randomization,rho_1750_seed_016,1.75,16,,0.7436821313659058,0.8613873974999998,0.8613873974999998,,20000,observed,observed randomization
tikz-frontier-v1,figure3,C,Discovery variance frontier,17,discovery_variance,conditional_interval_theorem,rho_1750_seed_016,1.75,16,,0.7436821313659058,0.8552957679475033,0.8552957679475033,,,theorem,conditional interval theorem
tikz-frontier-v1,figure3,C,Discovery variance frontier,18,discovery_variance,observed_randomization,rho_1750_seed_017,1.75,17,,0.8574972588357969,0.3100174375,0.3100174375,,20000,observed,observed randomization
tikz-frontier-v1,figure3,C,Discovery variance frontier,18,discovery_variance,conditional_interval_theorem,rho_1750_seed_017,1.75,17,,0.8574972588357969,0.31583550824651585,0.31583550824651585,,,theorem,conditional interval theorem
tikz-frontier-v1,figure3,C,Discovery variance frontier,19,discovery_variance,observed_randomization,rho_1750_seed_018,1.75,18,,0.06397488277458352,0.9743167599999997,0.9743167599999997,,20000,observed,observed randomization
tikz-frontier-v1,figure3,C,Discovery variance frontier,19,discovery_variance,conditional_interval_theorem,rho_1750_seed_018,1.75,18,,0.06397488277458352,0.9775010293586263,0.9775010293586263,,,theorem,conditional interval theorem
tikz-frontier-v1,figure3,C,Discovery variance frontier,20,discovery_variance,observed_randomization,rho_1750_seed_019,1.75,19,,0.14694429168021653,1.9540535775000003,1.9540535775000003,,20000,observed,observed randomization
tikz-frontier-v1,figure3,C,Discovery variance frontier,20,discovery_variance,conditional_interval_theorem,rho_1750_seed_019,1.75,19,,0.14694429168021653,1.9420779491079778,1.9420779491079778,,,theorem,conditional interval theorem
tikz-frontier-v1,figure3,C,Discovery variance frontier,21,discovery_variance,observed_randomization,rho_1750_seed_020,1.75,20,,1.0084642865517741,0.3941484375,0.3941484375,,20000,observed,observed randomization
tikz-frontier-v1,figure3,C,Discovery variance frontier,21,discovery_variance,conditional_interval_theorem,rho_1750_seed_020,1.75,20,,1.0084642865517741,0.38744328562188635,0.38744328562188635,,,theorem,conditional interval theorem
tikz-frontier-v1,figure3,C,Discovery variance frontier,22,discovery_variance,observed_randomization,rho_1750_seed_021,1.75,21,,0.42470798633998186,1.7386220399999999,1.7386220399999999,,20000,observed,observed randomization
tikz-frontier-v1,figure3,C,Discovery variance frontier,22,discovery_variance,conditional_interval_theorem,rho_1750_seed_021,1.75,21,,0.42470798633998186,1.7430047155980355,1.7430047155980355,,,theorem,conditional interval theorem
tikz-frontier-v1,figure3,C,Discovery variance frontier,23,discovery_variance,observed_randomization,rho_1750_seed_022,1.75,22,,0.8387173607428805,0.48543483999999987,0.48543483999999987,,20000,observed,observed randomization
tikz-frontier-v1,figure3,C,Discovery variance frontier,23,discovery_variance,conditional_interval_theorem,rho_1750_seed_022,1.75,22,,0.8387173607428805,0.47129638870179574,0.47129638870179574,,,theorem,conditional interval theorem
tikz-frontier-v1,figure3,C,Discovery variance frontier,24,discovery_variance,observed_randomization,rho_1750_seed_023,1.75,23,,1.1885378196912908,0.1662876775,0.1662876775,,20000,observed,observed randomization
tikz-frontier-v1,figure3,C,Discovery variance frontier,24,discovery_variance,conditional_interval_theorem,rho_1750_seed_023,1.75,23,,1.1885378196912908,0.15862049142375884,0.15862049142375884,,,theorem,conditional interval theorem
tikz-frontier-v1,figure3,C,Discovery variance frontier,25,discovery_variance,observed_randomization,rho_1750_seed_024,1.75,24,,0.22955455080648132,1.8393858975,1.8393858975,,20000,observed,observed randomization
tikz-frontier-v1,figure3,C,Discovery variance frontier,25,discovery_variance,conditional_interval_theorem,rho_1750_seed_024,1.75,24,,0.22955455080648132,1.8598534489626584,1.8598534489626584,,,theorem,conditional interval theorem
tikz-frontier-v1,figure3,C,Discovery variance frontier,26,discovery_variance,observed_randomization,rho_1750_seed_025,1.75,25,,0.33743710260980364,3.31770951,3.31770951,,20000,observed,observed randomization
tikz-frontier-v1,figure3,C,Discovery variance frontier,26,discovery_variance,conditional_interval_theorem,rho_1750_seed_025,1.75,25,,0.33743710260980364,3.3449594264470224,3.3449594264470224,,,theorem,conditional interval theorem
tikz-frontier-v1,figure3,C,Discovery variance frontier,27,discovery_variance,observed_randomization,rho_1750_seed_026,1.75,26,,0.9353770227205858,0.18606150999999999,0.18606150999999999,,20000,observed,observed randomization
tikz-frontier-v1,figure3,C,Discovery variance frontier,27,discovery_variance,conditional_interval_theorem,rho_1750_seed_026,1.75,26,,0.9353770227205858,0.192443682993933,0.192443682993933,,,theorem,conditional interval theorem
tikz-frontier-v1,figure3,C,Discovery variance frontier,28,discovery_variance,observed_randomization,rho_1750_seed_027,1.75,27,,1.5158875065497526,0.10151649750000001,0.10151649750000001,,20000,observed,observed randomization
tikz-frontier-v1,figure3,C,Discovery variance frontier,28,discovery_variance,conditional_interval_theorem,rho_1750_seed_027,1.75,27,,1.5158875065497526,0.10267260572556361,0.10267260572556361,,,theorem,conditional interval theorem
tikz-frontier-v1,figure3,C,Discovery variance frontier,29,discovery_variance,observed_randomization,rho_1750_seed_028,1.75,28,,0.7966893447744089,0.33241404,0.33241404,,20000,observed,observed randomization
tikz-frontier-v1,figure3,C,Discovery variance frontier,29,discovery_variance,conditional_interval_theorem,rho_1750_seed_028,1.75,28,,0.7966893447744089,0.33687160926973186,0.33687160926973186,,,theorem,conditional interval theorem
tikz-frontier-v1,figure3,C,Discovery variance frontier,30,discovery_variance,observed_randomization,rho_1750_seed_029,1.75,29,,0.6585281287568511,0.66909936,0.66909936,,20000,observed,observed randomization
tikz-frontier-v1,figure3,C,Discovery variance frontier,30,discovery_variance,conditional_interval_theorem,rho_1750_seed_029,1.75,29,,0.6585281287568511,0.6861690064577615,0.6861690064577615,,,theorem,conditional interval theorem
tikz-frontier-v1,figure3,C,Discovery variance frontier,31,discovery_variance,observed_randomization,rho_1750_seed_030,1.75,30,,0.6517474343717533,0.6042732975,0.6042732975,,20000,observed,observed randomization
tikz-frontier-v1,figure3,C,Discovery variance frontier,31,discovery_variance,conditional_interval_theorem,rho_1750_seed_030,1.75,30,,0.6517474343717533,0.6057013025146052,0.6057013025146052,,,theorem,conditional interval theorem
tikz-frontier-v1,figure3,C,Discovery variance frontier,32,discovery_variance,observed_randomization,rho_1750_seed_031,1.75,31,,0.3809104254012415,2.717311,2.717311,,20000,observed,observed randomization
tikz-frontier-v1,figure3,C,Discovery variance frontier,32,discovery_variance,conditional_interval_theorem,rho_1750_seed_031,1.75,31,,0.3809104254012415,2.6754022477804877,2.6754022477804877,,,theorem,conditional interval theorem
tikz-frontier-v1,figure3,C,Discovery variance frontier,33,discovery_variance,observed_randomization,rho_1750_seed_032,1.75,32,,0.9825262747317457,0.2848823775,0.2848823775,,20000,observed,observed randomization
tikz-frontier-v1,figure3,C,Discovery variance frontier,33,discovery_variance,conditional_interval_theorem,rho_1750_seed_032,1.75,32,,0.9825262747317457,0.2860733535856876,0.2860733535856876,,,theorem,conditional interval theorem
tikz-frontier-v1,figure3,C,Discovery variance frontier,34,discovery_variance,observed_randomization,rho_1750_seed_033,1.75,33,,0.7148994982599182,1.01884839,1.01884839,,20000,observed,observed randomization
tikz-frontier-v1,figure3,C,Discovery variance frontier,34,discovery_variance,conditional_interval_theorem,rho_1750_seed_033,1.75,33,,0.7148994982599182,1.0125410548704694,1.0125410548704694,,,theorem,conditional interval theorem
tikz-frontier-v1,figure3,C,Discovery variance frontier,35,discovery_variance,observed_randomization,rho_1750_seed_034,1.75,34,,1.1217234926375228,0.26969099999999996,0.26969099999999996,,20000,observed,observed randomization
tikz-frontier-v1,figure3,C,Discovery variance frontier,35,discovery_variance,conditional_interval_theorem,rho_1750_seed_034,1.75,34,,1.1217234926375228,0.2619756189790566,0.2619756189790566,,,theorem,conditional interval theorem
tikz-frontier-v1,figure3,C,Discovery variance frontier,36,discovery_variance,observed_randomization,rho_1750_seed_035,1.75,35,,0.30015443861920393,1.4486902774999997,1.4486902774999997,,20000,observed,observed randomization
tikz-frontier-v1,figure3,C,Discovery variance frontier,36,discovery_variance,conditional_interval_theorem,rho_1750_seed_035,1.75,35,,0.30015443861920393,1.4243970104788406,1.4243970104788406,,,theorem,conditional interval theorem
tikz-frontier-v1,figure3,C,Discovery variance frontier,37,discovery_variance,observed_randomization,rho_1750_seed_036,1.75,36,,0.6890569090602651,0.5498759999999999,0.5498759999999999,,20000,observed,observed randomization
tikz-frontier-v1,figure3,C,Discovery variance frontier,37,discovery_variance,conditional_interval_theorem,rho_1750_seed_036,1.75,36,,0.6890569090602651,0.5624079648671383,0.5624079648671383,,,theorem,conditional interval theorem
tikz-frontier-v1,figure3,C,Discovery variance frontier,38,discovery_variance,observed_randomization,rho_1750_seed_037,1.75,37,,1.4205765077543078,0.10371456000000001,0.10371456000000001,,20000,observed,observed randomization
tikz-frontier-v1,figure3,C,Discovery variance frontier,38,discovery_variance,conditional_interval_theorem,rho_1750_seed_037,1.75,37,,1.4205765077543078,0.10420494774887987,0.10420494774887987,,,theorem,conditional interval theorem
tikz-frontier-v1,figure3,C,Discovery variance frontier,39,discovery_variance,observed_randomization,rho_1750_seed_038,1.75,38,,0.478715894333187,0.8285420400000001,0.8285420400000001,,20000,observed,observed randomization
tikz-frontier-v1,figure3,C,Discovery variance frontier,39,discovery_variance,conditional_interval_theorem,rho_1750_seed_038,1.75,38,,0.478715894333187,0.8368138006535062,0.8368138006535062,,,theorem,conditional interval theorem
tikz-frontier-v1,figure3,C,Discovery variance frontier,40,discovery_variance,observed_randomization,rho_1750_seed_039,1.75,39,,0.6039153630093652,0.49282816,0.49282816,,20000,observed,observed randomization
tikz-frontier-v1,figure3,C,Discovery variance frontier,40,discovery_variance,conditional_interval_theorem,rho_1750_seed_039,1.75,39,,0.6039153630093652,0.49751331985516617,0.49751331985516617,,,theorem,conditional interval theorem
tikz-frontier-v1,figure3,C,Discovery variance frontier,1,discovery_variance,observed_randomization,rho_2000_seed_000,2.0,0,,1.0838824190637055,0.3043108775000001,0.3043108775000001,,20000,observed,observed randomization
tikz-frontier-v1,figure3,C,Discovery variance frontier,1,discovery_variance,conditional_interval_theorem,rho_2000_seed_000,2.0,0,,1.0838824190637055,0.30589555952048936,0.30589555952048936,,,theorem,conditional interval theorem
tikz-frontier-v1,figure3,C,Discovery variance frontier,2,discovery_variance,observed_randomization,rho_2000_seed_001,2.0,1,,-0.14586381336380885,0.45823164,0.45823164,,20000,observed,observed randomization
tikz-frontier-v1,figure3,C,Discovery variance frontier,2,discovery_variance,conditional_interval_theorem,rho_2000_seed_001,2.0,1,,-0.14586381336380885,0.4650231052309027,0.4650231052309027,,,theorem,conditional interval theorem
tikz-frontier-v1,figure3,C,Discovery variance frontier,3,discovery_variance,observed_randomization,rho_2000_seed_002,2.0,2,,0.4782732351681066,1.4788356399999998,1.4788356399999998,,20000,observed,observed randomization
tikz-frontier-v1,figure3,C,Discovery variance frontier,3,discovery_variance,conditional_interval_theorem,rho_2000_seed_002,2.0,2,,0.4782732351681066,1.4590508314120478,1.4590508314120478,,,theorem,conditional interval theorem
tikz-frontier-v1,figure3,C,Discovery variance frontier,4,discovery_variance,observed_randomization,rho_2000_seed_003,2.0,3,,1.16996944622801,0.1257399375,0.1257399375,,20000,observed,observed randomization
tikz-frontier-v1,figure3,C,Discovery variance frontier,4,discovery_variance,conditional_interval_theorem,rho_2000_seed_003,2.0,3,,1.16996944622801,0.12825187904294238,0.12825187904294238,,,theorem,conditional interval theorem
tikz-frontier-v1,figure3,C,Discovery variance frontier,5,discovery_variance,observed_randomization,rho_2000_seed_004,2.0,4,,1.6317226216829082,0.05605119749999999,0.05605119749999999,,20000,observed,observed randomization
tikz-frontier-v1,figure3,C,Discovery variance frontier,5,discovery_variance,conditional_interval_theorem,rho_2000_seed_004,2.0,4,,1.6317226216829082,0.05849659448451304,0.05849659448451304,,,theorem,conditional interval theorem
tikz-frontier-v1,figure3,C,Discovery variance frontier,6,discovery_variance,observed_randomization,rho_2000_seed_005,2.0,5,,0.6948043958528954,0.9788530974999999,0.9788530974999999,,20000,observed,observed randomization
tikz-frontier-v1,figure3,C,Discovery variance frontier,6,discovery_variance,conditional_interval_theorem,rho_2000_seed_005,2.0,5,,0.6948043958528954,0.9827972553212728,0.9827972553212728,,,theorem,conditional interval theorem
tikz-frontier-v1,figure3,C,Discovery variance frontier,7,discovery_variance,observed_randomization,rho_2000_seed_006,2.0,6,,0.715200723794915,0.6423059975000001,0.6423059975000001,,20000,observed,observed randomization
tikz-frontier-v1,figure3,C,Discovery variance frontier,7,discovery_variance,conditional_interval_theorem,rho_2000_seed_006,2.0,6,,0.715200723794915,0.6488974656034675,0.6488974656034675,,,theorem,conditional interval theorem
tikz-frontier-v1,figure3,C,Discovery variance frontier,8,discovery_variance,observed_randomization,rho_2000_seed_007,2.0,7,,0.8958476570361749,0.3683609599999999,0.3683609599999999,,20000,observed,observed randomization
tikz-frontier-v1,figure3,C,Discovery variance frontier,8,discovery_variance,conditional_interval_theorem,rho_2000_seed_007,2.0,7,,0.8958476570361749,0.366982007965806,0.366982007965806,,,theorem,conditional interval theorem
tikz-frontier-v1,figure3,C,Discovery variance frontier,9,discovery_variance,observed_randomization,rho_2000_seed_008,2.0,8,,0.5474658512835099,1.9008696775000005,1.9008696775000005,,20000,observed,observed randomization
tikz-frontier-v1,figure3,C,Discovery variance frontier,9,discovery_variance,conditional_interval_theorem,rho_2000_seed_008,2.0,8,,0.5474658512835099,1.9009038199697004,1.9009038199697004,,,theorem,conditional interval theorem
tikz-frontier-v1,figure3,C,Discovery variance frontier,10,discovery_variance,observed_randomization,rho_2000_seed_009,2.0,9,,0.5298280482979616,1.4654509975,1.4654509975,,20000,observed,observed randomization
tikz-frontier-v1,figure3,C,Discovery variance frontier,10,discovery_variance,conditional_interval_theorem,rho_2000_seed_009,2.0,9,,0.5298280482979616,1.4627139781405192,1.4627139781405192,,,theorem,conditional interval theorem
tikz-frontier-v1,figure3,C,Discovery variance frontier,11,discovery_variance,observed_randomization,rho_2000_seed_010,2.0,10,,0.6033713615626234,1.1455375600000002,1.1455375600000002,,20000,observed,observed randomization
tikz-frontier-v1,figure3,C,Discovery variance frontier,11,discovery_variance,conditional_interval_theorem,rho_2000_seed_010,2.0,10,,0.6033713615626234,1.1431747443820854,1.1431747443820854,,,theorem,conditional interval theorem
tikz-frontier-v1,figure3,C,Discovery variance frontier,12,discovery_variance,observed_randomization,rho_2000_seed_011,2.0,11,,0.47771203128658923,1.6729457600000002,1.6729457600000002,,20000,observed,observed randomization
tikz-frontier-v1,figure3,C,Discovery variance frontier,12,discovery_variance,conditional_interval_theorem,rho_2000_seed_011,2.0,11,,0.47771203128658923,1.6564843278685275,1.6564843278685275,,,theorem,conditional interval theorem
tikz-frontier-v1,figure3,C,Discovery variance frontier,13,discovery_variance,observed_randomization,rho_2000_seed_012,2.0,12,,0.4147741022621154,2.4183735900000007,2.4183735900000007,,20000,observed,observed randomization
tikz-frontier-v1,figure3,C,Discovery variance frontier,13,discovery_variance,conditional_interval_theorem,rho_2000_seed_012,2.0,12,,0.4147741022621154,2.4171049692643787,2.4171049692643787,,,theorem,conditional interval theorem
tikz-frontier-v1,figure3,C,Discovery variance frontier,14,discovery_variance,observed_randomization,rho_2000_seed_013,2.0,13,,0.35982193638404153,1.36798076,1.36798076,,20000,observed,observed randomization
tikz-frontier-v1,figure3,C,Discovery variance frontier,14,discovery_variance,conditional_interval_theorem,rho_2000_seed_013,2.0,13,,0.35982193638404153,1.3801518738187013,1.3801518738187013,,,theorem,conditional interval theorem
tikz-frontier-v1,figure3,C,Discovery variance frontier,15,discovery_variance,observed_randomization,rho_2000_seed_014,2.0,14,,0.4893277692921027,1.2145649599999997,1.2145649599999997,,20000,observed,observed randomization
tikz-frontier-v1,figure3,C,Discovery variance frontier,15,discovery_variance,conditional_interval_theorem,rho_2000_seed_014,2.0,14,,0.4893277692921027,1.2049860978154723,1.2049860978154723,,,theorem,conditional interval theorem
tikz-frontier-v1,figure3,C,Discovery variance frontier,16,discovery_variance,observed_randomization,rho_2000_seed_015,2.0,15,,0.6100390247307159,1.93500199,1.93500199,,20000,observed,observed randomization
tikz-frontier-v1,figure3,C,Discovery variance frontier,16,discovery_variance,conditional_interval_theorem,rho_2000_seed_015,2.0,15,,0.6100390247307159,1.9483352670941114,1.9483352670941114,,,theorem,conditional interval theorem
tikz-frontier-v1,figure3,C,Discovery variance frontier,17,discovery_variance,observed_randomization,rho_2000_seed_016,2.0,16,,1.481253738535566,0.07249243749999999,0.07249243749999999,,20000,observed,observed randomization
tikz-frontier-v1,figure3,C,Discovery variance frontier,17,discovery_variance,conditional_interval_theorem,rho_2000_seed_016,2.0,16,,1.481253738535566,0.07153165228996679,0.07153165228996679,,,theorem,conditional interval theorem
tikz-frontier-v1,figure3,C,Discovery variance frontier,18,discovery_variance,observed_randomization,rho_2000_seed_017,2.0,17,,0.9605432578918518,0.3066671900000001,0.3066671900000001,,20000,observed,observed randomization
tikz-frontier-v1,figure3,C,Discovery variance frontier,18,discovery_variance,conditional_interval_theorem,rho_2000_seed_017,2.0,17,,0.9605432578918518,0.31704821430465785,0.31704821430465785,,,theorem,conditional interval theorem
tikz-frontier-v1,figure3,C,Discovery variance frontier,19,discovery_variance,observed_randomization,rho_2000_seed_018,2.0,18,,0.01354129623485332,0.3837799775,0.3837799775,,20000,observed,observed randomization
tikz-frontier-v1,figure3,C,Discovery variance frontier,19,discovery_variance,conditional_interval_theorem,rho_2000_seed_018,2.0,18,,0.01354129623485332,0.3861260555344262,0.3861260555344262,,,theorem,conditional interval theorem
tikz-frontier-v1,figure3,C,Discovery variance frontier,20,discovery_variance,observed_randomization,rho_2000_seed_019,2.0,19,,0.6551026730956319,0.9129175775000001,0.9129175775000001,,20000,observed,observed randomization
tikz-frontier-v1,figure3,C,Discovery variance frontier,20,discovery_variance,conditional_interval_theorem,rho_2000_seed_019,2.0,19,,0.6551026730956319,0.9001243942601013,0.9001243942601013,,,theorem,conditional interval theorem
tikz-frontier-v1,figure3,C,Discovery variance frontier,21,discovery_variance,observed_randomization,rho_2000_seed_020,2.0,20,,0.9350820138192651,0.25070631000000004,0.25070631000000004,,20000,observed,observed randomization
tikz-frontier-v1,figure3,C,Discovery variance frontier,21,discovery_variance,conditional_interval_theorem,rho_2000_seed_020,2.0,20,,0.9350820138192651,0.2502769998425349,0.2502769998425349,,,theorem,conditional interval theorem
tikz-frontier-v1,figure3,C,Discovery variance frontier,22,discovery_variance,observed_randomization,rho_2000_seed_021,2.0,21,,0.7368889056686863,0.6811234375,0.6811234375,,20000,observed,observed randomization
tikz-frontier-v1,figure3,C,Discovery variance frontier,22,discovery_variance,conditional_interval_theorem,rho_2000_seed_021,2.0,21,,0.7368889056686863,0.6985162075369918,0.6985162075369918,,,theorem,conditional interval theorem
tikz-frontier-v1,figure3,C,Discovery variance frontier,23,discovery_variance,observed_randomization,rho_2000_seed_022,2.0,22,,0.42253413499286224,1.7080028975000001,1.7080028975000001,,20000,observed,observed randomization
tikz-frontier-v1,figure3,C,Discovery variance frontier,23,discovery_variance,conditional_interval_theorem,rho_2000_seed_022,2.0,22,,0.42253413499286224,1.702108180558096,1.702108180558096,,,theorem,conditional interval theorem
tikz-frontier-v1,figure3,C,Discovery variance frontier,24,discovery_variance,observed_randomization,rho_2000_seed_023,2.0,23,,-0.4804878888844759,0.24481479,0.24481479,,20000,observed,observed randomization
tikz-frontier-v1,figure3,C,Discovery variance frontier,24,discovery_variance,conditional_interval_theorem,rho_2000_seed_023,2.0,23,,-0.4804878888844759,0.23791680008545246,0.23791680008545246,,,theorem,conditional interval theorem
tikz-frontier-v1,figure3,C,Discovery variance frontier,25,discovery_variance,observed_randomization,rho_2000_seed_024,2.0,24,,0.8126304468935395,0.26043975,0.26043975,,20000,observed,observed randomization
tikz-frontier-v1,figure3,C,Discovery variance frontier,25,discovery_variance,conditional_interval_theorem,rho_2000_seed_024,2.0,24,,0.8126304468935395,0.251261096199338,0.251261096199338,,,theorem,conditional interval theorem
tikz-frontier-v1,figure3,C,Discovery variance frontier,26,discovery_variance,observed_randomization,rho_2000_seed_025,2.0,25,,1.4771445909991996,0.09812759000000001,0.09812759000000001,,20000,observed,observed randomization
tikz-frontier-v1,figure3,C,Discovery variance frontier,26,discovery_variance,conditional_interval_theorem,rho_2000_seed_025,2.0,25,,1.4771445909991996,0.09791977221436662,0.09791977221436662,,,theorem,conditional interval theorem
tikz-frontier-v1,figure3,C,Discovery variance frontier,27,discovery_variance,observed_randomization,rho_2000_seed_026,2.0,26,,0.24270335539368926,2.2374207900000003,2.2374207900000003,,20000,observed,observed randomization
tikz-frontier-v1,figure3,C,Discovery variance frontier,27,discovery_variance,conditional_interval_theorem,rho_2000_seed_026,2.0,26,,0.24270335539368926,2.2745555568905633,2.2745555568905633,,,theorem,conditional interval theorem
tikz-frontier-v1,figure3,C,Discovery variance frontier,28,discovery_variance,observed_randomization,rho_2000_seed_027,2.0,27,,0.6684266963187753,1.2760057775000002,1.2760057775000002,,20000,observed,observed randomization
tikz-frontier-v1,figure3,C,Discovery variance frontier,28,discovery_variance,conditional_interval_theorem,rho_2000_seed_027,2.0,27,,0.6684266963187753,1.2709360553328,1.2709360553328,,,theorem,conditional interval theorem
tikz-frontier-v1,figure3,C,Discovery variance frontier,29,discovery_variance,observed_randomization,rho_2000_seed_028,2.0,28,,1.0300565579803513,0.17347147750000003,0.17347147750000003,,20000,observed,observed randomization
tikz-frontier-v1,figure3,C,Discovery variance frontier,29,discovery_variance,conditional_interval_theorem,rho_2000_seed_028,2.0,28,,1.0300565579803513,0.16899019696502965,0.16899019696502965,,,theorem,conditional interval theorem
tikz-frontier-v1,figure3,C,Discovery variance frontier,30,discovery_variance,observed_randomization,rho_2000_seed_029,2.0,29,,1.1705735488911575,0.15891493750000005,0.15891493750000005,,20000,observed,observed randomization
tikz-frontier-v1,figure3,C,Discovery variance frontier,30,discovery_variance,conditional_interval_theorem,rho_2000_seed_029,2.0,29,,1.1705735488911575,0.16122302699155003,0.16122302699155003,,,theorem,conditional interval theorem
tikz-frontier-v1,figure3,C,Discovery variance frontier,31,discovery_variance,observed_randomization,rho_2000_seed_030,2.0,30,,0.6978445820507507,0.4734913600000001,0.4734913600000001,,20000,observed,observed randomization
tikz-frontier-v1,figure3,C,Discovery variance frontier,31,discovery_variance,conditional_interval_theorem,rho_2000_seed_030,2.0,30,,0.6978445820507507,0.46784615425980514,0.46784615425980514,,,theorem,conditional interval theorem
tikz-frontier-v1,figure3,C,Discovery variance frontier,32,discovery_variance,observed_randomization,rho_2000_seed_031,2.0,31,,0.6082312247368461,0.98041679,0.98041679,,20000,observed,observed randomization
tikz-frontier-v1,figure3,C,Discovery variance frontier,32,discovery_variance,conditional_interval_theorem,rho_2000_seed_031,2.0,31,,0.6082312247368461,0.9753131684790093,0.9753131684790093,,,theorem,conditional interval theorem
tikz-frontier-v1,figure3,C,Discovery variance frontier,33,discovery_variance,observed_randomization,rho_2000_seed_032,2.0,32,,0.34526333517093777,0.32188775000000003,0.32188775000000003,,20000,observed,observed randomization
tikz-frontier-v1,figure3,C,Discovery variance frontier,33,discovery_variance,conditional_interval_theorem,rho_2000_seed_032,2.0,32,,0.34526333517093777,0.3291910682282951,0.3291910682282951,,,theorem,conditional interval theorem
tikz-frontier-v1,figure3,C,Discovery variance frontier,34,discovery_variance,observed_randomization,rho_2000_seed_033,2.0,33,,1.0323269485349,0.1773294975,0.1773294975,,20000,observed,observed randomization
tikz-frontier-v1,figure3,C,Discovery variance frontier,34,discovery_variance,conditional_interval_theorem,rho_2000_seed_033,2.0,33,,1.0323269485349,0.18495277165356347,0.18495277165356347,,,theorem,conditional interval theorem
tikz-frontier-v1,figure3,C,Discovery variance frontier,35,discovery_variance,observed_randomization,rho_2000_seed_034,2.0,34,,0.7317283835035501,0.82193056,0.82193056,,20000,observed,observed randomization
tikz-frontier-v1,figure3,C,Discovery variance frontier,35,discovery_variance,conditional_interval_theorem,rho_2000_seed_034,2.0,34,,0.7317283835035501,0.819269713687215,0.819269713687215,,,theorem,conditional interval theorem
tikz-frontier-v1,figure3,C,Discovery variance frontier,36,discovery_variance,observed_randomization,rho_2000_seed_035,2.0,35,,1.284238201176518,0.1487512775,0.1487512775,,20000,observed,observed randomization
tikz-frontier-v1,figure3,C,Discovery variance frontier,36,discovery_variance,conditional_interval_theorem,rho_2000_seed_035,2.0,35,,1.284238201176518,0.15034917496148145,0.15034917496148145,,,theorem,conditional interval theorem
tikz-frontier-v1,figure3,C,Discovery variance frontier,37,discovery_variance,observed_randomization,rho_2000_seed_036,2.0,36,,1.8125068776480306,0.043969440000000005,0.043969440000000005,,20000,observed,observed randomization
tikz-frontier-v1,figure3,C,Discovery variance frontier,37,discovery_variance,conditional_interval_theorem,rho_2000_seed_036,2.0,36,,1.8125068776480306,0.04365813924709906,0.04365813924709906,,,theorem,conditional interval theorem
tikz-frontier-v1,figure3,C,Discovery variance frontier,38,discovery_variance,observed_randomization,rho_2000_seed_037,2.0,37,,0.7949560537654133,0.35405039000000005,0.35405039000000005,,20000,observed,observed randomization
tikz-frontier-v1,figure3,C,Discovery variance frontier,38,discovery_variance,conditional_interval_theorem,rho_2000_seed_037,2.0,37,,0.7949560537654133,0.3541996111310953,0.3541996111310953,,,theorem,conditional interval theorem
tikz-frontier-v1,figure3,C,Discovery variance frontier,39,discovery_variance,observed_randomization,rho_2000_seed_038,2.0,38,,1.5544624388127213,0.06227376000000002,0.06227376000000002,,20000,observed,observed randomization
tikz-frontier-v1,figure3,C,Discovery variance frontier,39,discovery_variance,conditional_interval_theorem,rho_2000_seed_038,2.0,38,,1.5544624388127213,0.06481405543202441,0.06481405543202441,,,theorem,conditional interval theorem
tikz-frontier-v1,figure3,C,Discovery variance frontier,40,discovery_variance,observed_randomization,rho_2000_seed_039,2.0,39,,-0.1138669505364756,0.85282975,0.85282975,,20000,observed,observed randomization
tikz-frontier-v1,figure3,C,Discovery variance frontier,40,discovery_variance,conditional_interval_theorem,rho_2000_seed_039,2.0,39,,-0.1138669505364756,0.8434277917003982,0.8434277917003982,,,theorem,conditional interval theorem
tikz-frontier-v1,figure3,C,Discovery variance frontier,1,discovery_variance,observed_randomization,rho_2250_seed_000,2.25,0,,0.5490863957303529,0.48168495999999994,0.48168495999999994,,20000,observed,observed randomization
tikz-frontier-v1,figure3,C,Discovery variance frontier,1,discovery_variance,conditional_interval_theorem,rho_2250_seed_000,2.25,0,,0.5490863957303529,0.4937076981341486,0.4937076981341486,,,theorem,conditional interval theorem
tikz-frontier-v1,figure3,C,Discovery variance frontier,2,discovery_variance,observed_randomization,rho_2250_seed_001,2.25,1,,0.3893453248557959,1.04665031,1.04665031,,20000,observed,observed randomization
tikz-frontier-v1,figure3,C,Discovery variance frontier,2,discovery_variance,conditional_interval_theorem,rho_2250_seed_001,2.25,1,,0.3893453248557959,1.02249990840207,1.02249990840207,,,theorem,conditional interval theorem
tikz-frontier-v1,figure3,C,Discovery variance frontier,3,discovery_variance,observed_randomization,rho_2250_seed_002,2.25,2,,1.8987213020638414,0.030611959999999994,0.030611959999999994,,20000,observed,observed randomization
tikz-frontier-v1,figure3,C,Discovery variance frontier,3,discovery_variance,conditional_interval_theorem,rho_2250_seed_002,2.25,2,,1.8987213020638414,0.031364485954356175,0.031364485954356175,,,theorem,conditional interval theorem
tikz-frontier-v1,figure3,C,Discovery variance frontier,4,discovery_variance,observed_randomization,rho_2250_seed_003,2.25,3,,0.3234051919991268,1.2408886399999997,1.2408886399999997,,20000,observed,observed randomization
tikz-frontier-v1,figure3,C,Discovery variance frontier,4,discovery_variance,conditional_interval_theorem,rho_2250_seed_003,2.25,3,,0.3234051919991268,1.2422242568972857,1.2422242568972857,,,theorem,conditional interval theorem
tikz-frontier-v1,figure3,C,Discovery variance frontier,5,discovery_variance,observed_randomization,rho_2250_seed_004,2.25,4,,0.9902589569997841,0.29105056,0.29105056,,20000,observed,observed randomization
tikz-frontier-v1,figure3,C,Discovery variance frontier,5,discovery_variance,conditional_interval_theorem,rho_2250_seed_004,2.25,4,,0.9902589569997841,0.2946176170152381,0.2946176170152381,,,theorem,conditional interval theorem
tikz-frontier-v1,figure3,C,Discovery variance frontier,6,discovery_variance,observed_randomization,rho_2250_seed_005,2.25,5,,0.81573467008555,0.3176,0.3176,,20000,observed,observed randomization
tikz-frontier-v1,figure3,C,Discovery variance frontier,6,discovery_variance,conditional_interval_theorem,rho_2250_seed_005,2.25,5,,0.81573467008555,0.3101643487905807,0.3101643487905807,,,theorem,conditional interval theorem
tikz-frontier-v1,figure3,C,Discovery variance frontier,7,discovery_variance,observed_randomization,rho_2250_seed_006,2.25,6,,0.2257302194328849,2.6683623775,2.6683623775,,20000,observed,observed randomization
tikz-frontier-v1,figure3,C,Discovery variance frontier,7,discovery_variance,conditional_interval_theorem,rho_2250_seed_006,2.25,6,,0.2257302194328849,2.670289859895579,2.670289859895579,,,theorem,conditional interval theorem
tikz-frontier-v1,figure3,C,Discovery variance frontier,8,discovery_variance,observed_randomization,rho_2250_seed_007,2.25,7,,1.2282856426956401,0.1777135975,0.1777135975,,20000,observed,observed randomization
tikz-frontier-v1,figure3,C,Discovery variance frontier,8,discovery_variance,conditional_interval_theorem,rho_2250_seed_007,2.25,7,,1.2282856426956401,0.17863725007027287,0.17863725007027287,,,theorem,conditional interval theorem
tikz-frontier-v1,figure3,C,Discovery variance frontier,9,discovery_variance,observed_randomization,rho_2250_seed_008,2.25,8,,1.162682392808331,0.08214416,0.08214416,,20000,observed,observed randomization
tikz-frontier-v1,figure3,C,Discovery variance frontier,9,discovery_variance,conditional_interval_theorem,rho_2250_seed_008,2.25,8,,1.162682392808331,0.07903309888130822,0.07903309888130822,,,theorem,conditional interval theorem
tikz-frontier-v1,figure3,C,Discovery variance frontier,10,discovery_variance,observed_randomization,rho_2250_seed_009,2.25,9,,1.4588408477854469,0.07995917749999999,0.07995917749999999,,20000,observed,observed randomization
tikz-frontier-v1,figure3,C,Discovery variance frontier,10,discovery_variance,conditional_interval_theorem,rho_2250_seed_009,2.25,9,,1.4588408477854469,0.08135254465937274,0.08135254465937274,,,theorem,conditional interval theorem
tikz-frontier-v1,figure3,C,Discovery variance frontier,11,discovery_variance,observed_randomization,rho_2250_seed_010,2.25,10,,1.6102183747757715,0.03910219749999999,0.03910219749999999,,20000,observed,observed randomization
tikz-frontier-v1,figure3,C,Discovery variance frontier,11,discovery_variance,conditional_interval_theorem,rho_2250_seed_010,2.25,10,,1.6102183747757715,0.04100725263783125,0.04100725263783125,,,theorem,conditional interval theorem
tikz-frontier-v1,figure3,C,Discovery variance frontier,12,discovery_variance,observed_randomization,rho_2250_seed_011,2.25,11,,1.7171763303670693,0.0412173775,0.0412173775,,20000,observed,observed randomization
tikz-frontier-v1,figure3,C,Discovery variance frontier,12,discovery_variance,conditional_interval_theorem,rho_2250_seed_011,2.25,11,,1.7171763303670693,0.04078442279985372,0.04078442279985372,,,theorem,conditional interval theorem
tikz-frontier-v1,figure3,C,Discovery variance frontier,13,discovery_variance,observed_randomization,rho_2250_seed_012,2.25,12,,1.0181507093475517,0.2509557775,0.2509557775,,20000,observed,observed randomization
tikz-frontier-v1,figure3,C,Discovery variance frontier,13,discovery_variance,conditional_interval_theorem,rho_2250_seed_012,2.25,12,,1.0181507093475517,0.2578286162868818,0.2578286162868818,,,theorem,conditional interval theorem
tikz-frontier-v1,figure3,C,Discovery variance frontier,14,discovery_variance,observed_randomization,rho_2250_seed_013,2.25,13,,0.6285252857559825,0.8171711100000002,0.8171711100000002,,20000,observed,observed randomization
tikz-frontier-v1,figure3,C,Discovery variance frontier,14,discovery_variance,conditional_interval_theorem,rho_2250_seed_013,2.25,13,,0.6285252857559825,0.8166555492744585,0.8166555492744585,,,theorem,conditional interval theorem
tikz-frontier-v1,figure3,C,Discovery variance frontier,15,discovery_variance,observed_randomization,rho_2250_seed_014,2.25,14,,1.268645763704103,0.1189984375,0.1189984375,,20000,observed,observed randomization
tikz-frontier-v1,figure3,C,Discovery variance frontier,15,discovery_variance,conditional_interval_theorem,rho_2250_seed_014,2.25,14,,1.268645763704103,0.11805598816604963,0.11805598816604963,,,theorem,conditional interval theorem
tikz-frontier-v1,figure3,C,Discovery variance frontier,16,discovery_variance,observed_randomization,rho_2250_seed_015,2.25,15,,0.7064238152278758,0.9890891975,0.9890891975,,20000,observed,observed randomization
tikz-frontier-v1,figure3,C,Discovery variance frontier,16,discovery_variance,conditional_interval_theorem,rho_2250_seed_015,2.25,15,,0.7064238152278758,0.9854597210990245,0.9854597210990245,,,theorem,conditional interval theorem
tikz-frontier-v1,figure3,C,Discovery variance frontier,17,discovery_variance,observed_randomization,rho_2250_seed_016,2.25,16,,0.6115402070484247,0.7051282775,0.7051282775,,20000,observed,observed randomization
tikz-frontier-v1,figure3,C,Discovery variance frontier,17,discovery_variance,conditional_interval_theorem,rho_2250_seed_016,2.25,16,,0.6115402070484247,0.7080348550742992,0.7080348550742992,,,theorem,conditional interval theorem
tikz-frontier-v1,figure3,C,Discovery variance frontier,18,discovery_variance,observed_randomization,rho_2250_seed_017,2.25,17,,1.5045400613921522,0.07707071000000001,0.07707071000000001,,20000,observed,observed randomization
tikz-frontier-v1,figure3,C,Discovery variance frontier,18,discovery_variance,conditional_interval_theorem,rho_2250_seed_017,2.25,17,,1.5045400613921522,0.0769910670670637,0.0769910670670637,,,theorem,conditional interval theorem
tikz-frontier-v1,figure3,C,Discovery variance frontier,19,discovery_variance,observed_randomization,rho_2250_seed_018,2.25,18,,1.6995262787865146,0.04631071000000002,0.04631071000000002,,20000,observed,observed randomization
tikz-frontier-v1,figure3,C,Discovery variance frontier,19,discovery_variance,conditional_interval_theorem,rho_2250_seed_018,2.25,18,,1.6995262787865146,0.04312735950653559,0.04312735950653559,,,theorem,conditional interval theorem
tikz-frontier-v1,figure3,C,Discovery variance frontier,20,discovery_variance,observed_randomization,rho_2250_seed_019,2.25,19,,1.3065908582150818,0.09553349749999998,0.09553349749999998,,20000,observed,observed randomization
tikz-frontier-v1,figure3,C,Discovery variance frontier,20,discovery_variance,conditional_interval_theorem,rho_2250_seed_019,2.25,19,,1.3065908582150818,0.0992094988098259,0.0992094988098259,,,theorem,conditional interval theorem
tikz-frontier-v1,figure3,C,Discovery variance frontier,21,discovery_variance,observed_randomization,rho_2250_seed_020,2.25,20,,0.981871504896573,0.33749743749999994,0.33749743749999994,,20000,observed,observed randomization
tikz-frontier-v1,figure3,C,Discovery variance frontier,21,discovery_variance,conditional_interval_theorem,rho_2250_seed_020,2.25,20,,0.981871504896573,0.34818808573339965,0.34818808573339965,,,theorem,conditional interval theorem
tikz-frontier-v1,figure3,C,Discovery variance frontier,22,discovery_variance,observed_randomization,rho_2250_seed_021,2.25,21,,0.6013661642653279,1.1485863975,1.1485863975,,20000,observed,observed randomization
tikz-frontier-v1,figure3,C,Discovery variance frontier,22,discovery_variance,conditional_interval_theorem,rho_2250_seed_021,2.25,21,,0.6013661642653279,1.1400483728934037,1.1400483728934037,,,theorem,conditional interval theorem
tikz-frontier-v1,figure3,C,Discovery variance frontier,23,discovery_variance,observed_randomization,rho_2250_seed_022,2.25,22,,0.06427752623123327,0.5002463775000001,0.5002463775000001,,20000,observed,observed randomization
tikz-frontier-v1,figure3,C,Discovery variance frontier,23,discovery_variance,conditional_interval_theorem,rho_2250_seed_022,2.25,22,,0.06427752623123327,0.49884159751379215,0.49884159751379215,,,theorem,conditional interval theorem
tikz-frontier-v1,figure3,C,Discovery variance frontier,24,discovery_variance,observed_randomization,rho_2250_seed_023,2.25,23,,-0.2713244698651294,0.63778231,0.63778231,,20000,observed,observed randomization
tikz-frontier-v1,figure3,C,Discovery variance frontier,24,discovery_variance,conditional_interval_theorem,rho_2250_seed_023,2.25,23,,-0.2713244698651294,0.6391824845820973,0.6391824845820973,,,theorem,conditional interval theorem
tikz-frontier-v1,figure3,C,Discovery variance frontier,25,discovery_variance,observed_randomization,rho_2250_seed_024,2.25,24,,1.4758134849687523,0.06949119000000001,0.06949119000000001,,20000,observed,observed randomization
tikz-frontier-v1,figure3,C,Discovery variance frontier,25,discovery_variance,conditional_interval_theorem,rho_2250_seed_024,2.25,24,,1.4758134849687523,0.07033804988627869,0.07033804988627869,,,theorem,conditional interval theorem
tikz-frontier-v1,figure3,C,Discovery variance frontier,26,discovery_variance,observed_randomization,rho_2250_seed_025,2.25,25,,1.30555963726137,0.12409084000000001,0.12409084000000001,,20000,observed,observed randomization
tikz-frontier-v1,figure3,C,Discovery variance frontier,26,discovery_variance,conditional_interval_theorem,rho_2250_seed_025,2.25,25,,1.30555963726137,0.12350632054663327,0.12350632054663327,,,theorem,conditional interval theorem
tikz-frontier-v1,figure3,C,Discovery variance frontier,27,discovery_variance,observed_randomization,rho_2250_seed_026,2.25,26,,0.5112187974821197,0.6400527100000001,0.6400527100000001,,20000,observed,observed randomization
tikz-frontier-v1,figure3,C,Discovery variance frontier,27,discovery_variance,conditional_interval_theorem,rho_2250_seed_026,2.25,26,,0.5112187974821197,0.638563255203528,0.638563255203528,,,theorem,conditional interval theorem
tikz-frontier-v1,figure3,C,Discovery variance frontier,28,discovery_variance,observed_randomization,rho_2250_seed_027,2.25,27,,0.232096390715425,0.65453879,0.65453879,,20000,observed,observed randomization
tikz-frontier-v1,figure3,C,Discovery variance frontier,28,discovery_variance,conditional_interval_theorem,rho_2250_seed_027,2.25,27,,0.232096390715425,0.65832171465416,0.65832171465416,,,theorem,conditional interval theorem
tikz-frontier-v1,figure3,C,Discovery variance frontier,29,discovery_variance,observed_randomization,rho_2250_seed_028,2.25,28,,1.2380018530939407,0.13668975,0.13668975,,20000,observed,observed randomization
tikz-frontier-v1,figure3,C,Discovery variance frontier,29,discovery_variance,conditional_interval_theorem,rho_2250_seed_028,2.25,28,,1.2380018530939407,0.1377938253654037,0.1377938253654037,,,theorem,conditional interval theorem
tikz-frontier-v1,figure3,C,Discovery variance frontier,30,discovery_variance,observed_randomization,rho_2250_seed_029,2.25,29,,1.2224183652643439,0.16632431000000003,0.16632431000000003,,20000,observed,observed randomization
tikz-frontier-v1,figure3,C,Discovery variance frontier,30,discovery_variance,conditional_interval_theorem,rho_2250_seed_029,2.25,29,,1.2224183652643439,0.1636183336101632,0.1636183336101632,,,theorem,conditional interval theorem
tikz-frontier-v1,figure3,C,Discovery variance frontier,31,discovery_variance,observed_randomization,rho_2250_seed_030,2.25,30,,0.9721925646310592,0.16006999,0.16006999,,20000,observed,observed randomization
tikz-frontier-v1,figure3,C,Discovery variance frontier,31,discovery_variance,conditional_interval_theorem,rho_2250_seed_030,2.25,30,,0.9721925646310592,0.1656503928165901,0.1656503928165901,,,theorem,conditional interval theorem
tikz-frontier-v1,figure3,C,Discovery variance frontier,32,discovery_variance,observed_randomization,rho_2250_seed_031,2.25,31,,1.7128907057680456,0.04868156,0.04868156,,20000,observed,observed randomization
tikz-frontier-v1,figure3,C,Discovery variance frontier,32,discovery_variance,conditional_interval_theorem,rho_2250_seed_031,2.25,31,,1.7128907057680456,0.04808943886818957,0.04808943886818957,,,theorem,conditional interval theorem
tikz-frontier-v1,figure3,C,Discovery variance frontier,33,discovery_variance,observed_randomization,rho_2250_seed_032,2.25,32,,0.7444063672028812,0.66042111,0.66042111,,20000,observed,observed randomization
tikz-frontier-v1,figure3,C,Discovery variance frontier,33,discovery_variance,conditional_interval_theorem,rho_2250_seed_032,2.25,32,,0.7444063672028812,0.6799020201309242,0.6799020201309242,,,theorem,conditional interval theorem
tikz-frontier-v1,figure3,C,Discovery variance frontier,34,discovery_variance,observed_randomization,rho_2250_seed_033,2.25,33,,0.6488361019541596,0.8202175900000002,0.8202175900000002,,20000,observed,observed randomization
tikz-frontier-v1,figure3,C,Discovery variance frontier,34,discovery_variance,conditional_interval_theorem,rho_2250_seed_033,2.25,33,,0.6488361019541596,0.8186856489004408,0.8186856489004408,,,theorem,conditional interval theorem
tikz-frontier-v1,figure3,C,Discovery variance frontier,35,discovery_variance,observed_randomization,rho_2250_seed_034,2.25,34,,0.24870645592681204,1.1266449375,1.1266449375,,20000,observed,observed randomization
tikz-frontier-v1,figure3,C,Discovery variance frontier,35,discovery_variance,conditional_interval_theorem,rho_2250_seed_034,2.25,34,,0.24870645592681204,1.139486899686209,1.139486899686209,,,theorem,conditional interval theorem
tikz-frontier-v1,figure3,C,Discovery variance frontier,36,discovery_variance,observed_randomization,rho_2250_seed_035,2.25,35,,1.1431593835599778,0.16273871000000004,0.16273871000000004,,20000,observed,observed randomization
tikz-frontier-v1,figure3,C,Discovery variance frontier,36,discovery_variance,conditional_interval_theorem,rho_2250_seed_035,2.25,35,,1.1431593835599778,0.16570516712629937,0.16570516712629937,,,theorem,conditional interval theorem
tikz-frontier-v1,figure3,C,Discovery variance frontier,37,discovery_variance,observed_randomization,rho_2250_seed_036,2.25,36,,1.2415732045215506,0.22110655999999998,0.22110655999999998,,20000,observed,observed randomization
tikz-frontier-v1,figure3,C,Discovery variance frontier,37,discovery_variance,conditional_interval_theorem,rho_2250_seed_036,2.25,36,,1.2415732045215506,0.2245533748471355,0.2245533748471355,,,theorem,conditional interval theorem
tikz-frontier-v1,figure3,C,Discovery variance frontier,38,discovery_variance,observed_randomization,rho_2250_seed_037,2.25,37,,1.3141492218192738,0.10828071,0.10828071,,20000,observed,observed randomization
tikz-frontier-v1,figure3,C,Discovery variance frontier,38,discovery_variance,conditional_interval_theorem,rho_2250_seed_037,2.25,37,,1.3141492218192738,0.10377598127772929,0.10377598127772929,,,theorem,conditional interval theorem
tikz-frontier-v1,figure3,C,Discovery variance frontier,39,discovery_variance,observed_randomization,rho_2250_seed_038,2.25,38,,1.0982531134142084,0.23303747750000003,0.23303747750000003,,20000,observed,observed randomization
tikz-frontier-v1,figure3,C,Discovery variance frontier,39,discovery_variance,conditional_interval_theorem,rho_2250_seed_038,2.25,38,,1.0982531134142084,0.22982236072186366,0.22982236072186366,,,theorem,conditional interval theorem
tikz-frontier-v1,figure3,C,Discovery variance frontier,40,discovery_variance,observed_randomization,rho_2250_seed_039,2.25,39,,1.1303856668954055,0.1855974375,0.1855974375,,20000,observed,observed randomization
tikz-frontier-v1,figure3,C,Discovery variance frontier,40,discovery_variance,conditional_interval_theorem,rho_2250_seed_039,2.25,39,,1.1303856668954055,0.17731866058969542,0.17731866058969542,,,theorem,conditional interval theorem
tikz-frontier-v1,figure3,C,Discovery variance frontier,1,discovery_variance,observed_randomization,rho_2500_seed_000,2.5,0,,0.8452913702390997,0.22666670999999997,0.22666670999999997,,20000,observed,observed randomization
tikz-frontier-v1,figure3,C,Discovery variance frontier,1,discovery_variance,conditional_interval_theorem,rho_2500_seed_000,2.5,0,,0.8452913702390997,0.231179453482845,0.231179453482845,,,theorem,conditional interval theorem
tikz-frontier-v1,figure3,C,Discovery variance frontier,2,discovery_variance,observed_randomization,rho_2500_seed_001,2.5,1,,0.07621918841686326,0.21352631000000002,0.21352631000000002,,20000,observed,observed randomization
tikz-frontier-v1,figure3,C,Discovery variance frontier,2,discovery_variance,conditional_interval_theorem,rho_2500_seed_001,2.5,1,,0.07621918841686326,0.21020893159152515,0.21020893159152515,,,theorem,conditional interval theorem
tikz-frontier-v1,figure3,C,Discovery variance frontier,3,discovery_variance,observed_randomization,rho_2500_seed_002,2.5,2,,0.8617079592732155,0.35190407749999997,0.35190407749999997,,20000,observed,observed randomization
tikz-frontier-v1,figure3,C,Discovery variance frontier,3,discovery_variance,conditional_interval_theorem,rho_2500_seed_002,2.5,2,,0.8617079592732155,0.34942346161771526,0.34942346161771526,,,theorem,conditional interval theorem
tikz-frontier-v1,figure3,C,Discovery variance frontier,4,discovery_variance,observed_randomization,rho_2500_seed_003,2.5,3,,1.073442427966869,0.29860991000000003,0.29860991000000003,,20000,observed,observed randomization
tikz-frontier-v1,figure3,C,Discovery variance frontier,4,discovery_variance,conditional_interval_theorem,rho_2500_seed_003,2.5,3,,1.073442427966869,0.2872854260652733,0.2872854260652733,,,theorem,conditional interval theorem
tikz-frontier-v1,figure3,C,Discovery variance frontier,5,discovery_variance,observed_randomization,rho_2500_seed_004,2.5,4,,1.2795772292132754,0.06767774999999998,0.06767774999999998,,20000,observed,observed randomization
tikz-frontier-v1,figure3,C,Discovery variance frontier,5,discovery_variance,conditional_interval_theorem,rho_2500_seed_004,2.5,4,,1.2795772292132754,0.0680282607561674,0.0680282607561674,,,theorem,conditional interval theorem
tikz-frontier-v1,figure3,C,Discovery variance frontier,6,discovery_variance,observed_randomization,rho_2500_seed_005,2.5,5,,1.6436182975600921,0.0417094375,0.0417094375,,20000,observed,observed randomization
tikz-frontier-v1,figure3,C,Discovery variance frontier,6,discovery_variance,conditional_interval_theorem,rho_2500_seed_005,2.5,5,,1.6436182975600921,0.0428189916492161,0.0428189916492161,,,theorem,conditional interval theorem
tikz-frontier-v1,figure3,C,Discovery variance frontier,7,discovery_variance,observed_randomization,rho_2500_seed_006,2.5,6,,1.1565165414941556,0.12700177749999997,0.12700177749999997,,20000,observed,observed randomization
tikz-frontier-v1,figure3,C,Discovery variance frontier,7,discovery_variance,conditional_interval_theorem,rho_2500_seed_006,2.5,6,,1.1565165414941556,0.13083792552548024,0.13083792552548024,,,theorem,conditional interval theorem
tikz-frontier-v1,figure3,C,Discovery variance frontier,8,discovery_variance,observed_randomization,rho_2500_seed_007,2.5,7,,0.3123926521108123,0.30728895999999994,0.30728895999999994,,20000,observed,observed randomization
tikz-frontier-v1,figure3,C,Discovery variance frontier,8,discovery_variance,conditional_interval_theorem,rho_2500_seed_007,2.5,7,,0.3123926521108123,0.3070188867503786,0.3070188867503786,,,theorem,conditional interval theorem
tikz-frontier-v1,figure3,C,Discovery variance frontier,9,discovery_variance,observed_randomization,rho_2500_seed_008,2.5,8,,1.425240409204357,0.10028311,0.10028311,,20000,observed,observed randomization
tikz-frontier-v1,figure3,C,Discovery variance frontier,9,discovery_variance,conditional_interval_theorem,rho_2500_seed_008,2.5,8,,1.425240409204357,0.09902620101330041,0.09902620101330041,,,theorem,conditional interval theorem
tikz-frontier-v1,figure3,C,Discovery variance frontier,10,discovery_variance,observed_randomization,rho_2500_seed_009,2.5,9,,1.146968322680109,0.14033479000000001,0.14033479000000001,,20000,observed,observed randomization
tikz-frontier-v1,figure3,C,Discovery variance frontier,10,discovery_variance,conditional_interval_theorem,rho_2500_seed_009,2.5,9,,1.146968322680109,0.14141887926802127,0.14141887926802127,,,theorem,conditional interval theorem
tikz-frontier-v1,figure3,C,Discovery variance frontier,11,discovery_variance,observed_randomization,rho_2500_seed_010,2.5,10,,1.0546443298025148,0.2714463975,0.2714463975,,20000,observed,observed randomization
tikz-frontier-v1,figure3,C,Discovery variance frontier,11,discovery_variance,conditional_interval_theorem,rho_2500_seed_010,2.5,10,,1.0546443298025148,0.2784799699912958,0.2784799699912958,,,theorem,conditional interval theorem
tikz-frontier-v1,figure3,C,Discovery variance frontier,12,discovery_variance,observed_randomization,rho_2500_seed_011,2.5,11,,1.0617766209107664,0.17405227749999996,0.17405227749999996,,20000,observed,observed randomization
tikz-frontier-v1,figure3,C,Discovery variance frontier,12,discovery_variance,conditional_interval_theorem,rho_2500_seed_011,2.5,11,,1.0617766209107664,0.1707671472443868,0.1707671472443868,,,theorem,conditional interval theorem
tikz-frontier-v1,figure3,C,Discovery variance frontier,13,discovery_variance,observed_randomization,rho_2500_seed_012,2.5,12,,0.38110428218772535,1.2073296974999999,1.2073296974999999,,20000,observed,observed randomization
tikz-frontier-v1,figure3,C,Discovery variance frontier,13,discovery_variance,conditional_interval_theorem,rho_2500_seed_012,2.5,12,,0.38110428218772535,1.2011174048965274,1.2011174048965274,,,theorem,conditional interval theorem
tikz-frontier-v1,figure3,C,Discovery variance frontier,14,discovery_variance,observed_randomization,rho_2500_seed_013,2.5,13,,1.2405274128159116,0.08688609749999998,0.08688609749999998,,20000,observed,observed randomization
tikz-frontier-v1,figure3,C,Discovery variance frontier,14,discovery_variance,conditional_interval_theorem,rho_2500_seed_013,2.5,13,,1.2405274128159116,0.08543436773411613,0.08543436773411613,,,theorem,conditional interval theorem
tikz-frontier-v1,figure3,C,Discovery variance frontier,15,discovery_variance,observed_randomization,rho_2500_seed_014,2.5,14,,1.8575681878977706,0.017538477500000003,0.017538477500000003,,20000,observed,observed randomization
tikz-frontier-v1,figure3,C,Discovery variance frontier,15,discovery_variance,conditional_interval_theorem,rho_2500_seed_014,2.5,14,,1.8575681878977706,0.019418916704296973,0.019418916704296973,,,theorem,conditional interval theorem
tikz-frontier-v1,figure3,C,Discovery variance frontier,16,discovery_variance,observed_randomization,rho_2500_seed_015,2.5,15,,0.9475880413473742,0.2757427974999999,0.2757427974999999,,20000,observed,observed randomization
tikz-frontier-v1,figure3,C,Discovery variance frontier,16,discovery_variance,conditional_interval_theorem,rho_2500_seed_015,2.5,15,,0.9475880413473742,0.26947469998495904,0.26947469998495904,,,theorem,conditional interval theorem
tikz-frontier-v1,figure3,C,Discovery variance frontier,17,discovery_variance,observed_randomization,rho_2500_seed_016,2.5,16,,0.6964086764272713,0.4216731099999999,0.4216731099999999,,20000,observed,observed randomization
tikz-frontier-v1,figure3,C,Discovery variance frontier,17,discovery_variance,conditional_interval_theorem,rho_2500_seed_016,2.5,16,,0.6964086764272713,0.4155373678333098,0.4155373678333098,,,theorem,conditional interval theorem
tikz-frontier-v1,figure3,C,Discovery variance frontier,18,discovery_variance,observed_randomization,rho_2500_seed_017,2.5,17,,1.14297088824431,0.1540494375,0.1540494375,,20000,observed,observed randomization
tikz-frontier-v1,figure3,C,Discovery variance frontier,18,discovery_variance,conditional_interval_theorem,rho_2500_seed_017,2.5,17,,1.14297088824431,0.1562076766285046,0.1562076766285046,,,theorem,conditional interval theorem
tikz-frontier-v1,figure3,C,Discovery variance frontier,19,discovery_variance,observed_randomization,rho_2500_seed_018,2.5,18,,1.489169395070879,0.04377671000000001,0.04377671000000001,,20000,observed,observed randomization
tikz-frontier-v1,figure3,C,Discovery variance frontier,19,discovery_variance,conditional_interval_theorem,rho_2500_seed_018,2.5,18,,1.489169395070879,0.0469200308046148,0.0469200308046148,,,theorem,conditional interval theorem
tikz-frontier-v1,figure3,C,Discovery variance frontier,20,discovery_variance,observed_randomization,rho_2500_seed_019,2.5,19,,0.5331658112188764,0.4724075975,0.4724075975,,20000,observed,observed randomization
tikz-frontier-v1,figure3,C,Discovery variance frontier,20,discovery_variance,conditional_interval_theorem,rho_2500_seed_019,2.5,19,,0.5331658112188764,0.4607812790644224,0.4607812790644224,,,theorem,conditional interval theorem
tikz-frontier-v1,figure3,C,Discovery variance frontier,21,discovery_variance,observed_randomization,rho_2500_seed_020,2.5,20,,0.5993269786937196,0.20014309749999998,0.20014309749999998,,20000,observed,observed randomization
tikz-frontier-v1,figure3,C,Discovery variance frontier,21,discovery_variance,conditional_interval_theorem,rho_2500_seed_020,2.5,20,,0.5993269786937196,0.20491958068968588,0.20491958068968588,,,theorem,conditional interval theorem
tikz-frontier-v1,figure3,C,Discovery variance frontier,22,discovery_variance,observed_randomization,rho_2500_seed_021,2.5,21,,1.4702578580282917,0.05192193749999999,0.05192193749999999,,20000,observed,observed randomization
tikz-frontier-v1,figure3,C,Discovery variance frontier,22,discovery_variance,conditional_interval_theorem,rho_2500_seed_021,2.5,21,,1.4702578580282917,0.053457826818973736,0.053457826818973736,,,theorem,conditional interval theorem
tikz-frontier-v1,figure3,C,Discovery variance frontier,23,discovery_variance,observed_randomization,rho_2500_seed_022,2.5,22,,2.1213659523749815,0.020227509999999994,0.020227509999999994,,20000,observed,observed randomization
tikz-frontier-v1,figure3,C,Discovery variance frontier,23,discovery_variance,conditional_interval_theorem,rho_2500_seed_022,2.5,22,,2.1213659523749815,0.02008550723673493,0.02008550723673493,,,theorem,conditional interval theorem
tikz-frontier-v1,figure3,C,Discovery variance frontier,24,discovery_variance,observed_randomization,rho_2500_seed_023,2.5,23,,1.399364925340399,0.07081391000000002,0.07081391000000002,,20000,observed,observed randomization
tikz-frontier-v1,figure3,C,Discovery variance frontier,24,discovery_variance,conditional_interval_theorem,rho_2500_seed_023,2.5,23,,1.399364925340399,0.07325441576966019,0.07325441576966019,,,theorem,conditional interval theorem
tikz-frontier-v1,figure3,C,Discovery variance frontier,25,discovery_variance,observed_randomization,rho_2500_seed_024,2.5,24,,1.192163327730182,0.12004396000000002,0.12004396000000002,,20000,observed,observed randomization
tikz-frontier-v1,figure3,C,Discovery variance frontier,25,discovery_variance,conditional_interval_theorem,rho_2500_seed_024,2.5,24,,1.192163327730182,0.1182919362763578,0.1182919362763578,,,theorem,conditional interval theorem
tikz-frontier-v1,figure3,C,Discovery variance frontier,26,discovery_variance,observed_randomization,rho_2500_seed_025,2.5,25,,2.0081110304921714,0.024428790000000006,0.024428790000000006,,20000,observed,observed randomization
tikz-frontier-v1,figure3,C,Discovery variance frontier,26,discovery_variance,conditional_interval_theorem,rho_2500_seed_025,2.5,25,,2.0081110304921714,0.02409365162650866,0.02409365162650866,,,theorem,conditional interval theorem
tikz-frontier-v1,figure3,C,Discovery variance frontier,27,discovery_variance,observed_randomization,rho_2500_seed_026,2.5,26,,1.73002742968376,0.0400698775,0.0400698775,,20000,observed,observed randomization
tikz-frontier-v1,figure3,C,Discovery variance frontier,27,discovery_variance,conditional_interval_theorem,rho_2500_seed_026,2.5,26,,1.73002742968376,0.03885643672481894,0.03885643672481894,,,theorem,conditional interval theorem
tikz-frontier-v1,figure3,C,Discovery variance frontier,28,discovery_variance,observed_randomization,rho_2500_seed_027,2.5,27,,1.2133618348320283,0.10341324000000002,0.10341324000000002,,20000,observed,observed randomization
tikz-frontier-v1,figure3,C,Discovery variance frontier,28,discovery_variance,conditional_interval_theorem,rho_2500_seed_027,2.5,27,,1.2133618348320283,0.09922341266385297,0.09922341266385297,,,theorem,conditional interval theorem
tikz-frontier-v1,figure3,C,Discovery variance frontier,29,discovery_variance,observed_randomization,rho_2500_seed_028,2.5,28,,0.950242633011067,0.3443870400000001,0.3443870400000001,,20000,observed,observed randomization
tikz-frontier-v1,figure3,C,Discovery variance frontier,29,discovery_variance,conditional_interval_theorem,rho_2500_seed_028,2.5,28,,0.950242633011067,0.33770353502874656,0.33770353502874656,,,theorem,conditional interval theorem
tikz-frontier-v1,figure3,C,Discovery variance frontier,30,discovery_variance,observed_randomization,rho_2500_seed_029,2.5,29,,1.133802802491527,0.16195693749999998,0.16195693749999998,,20000,observed,observed randomization
tikz-frontier-v1,figure3,C,Discovery variance frontier,30,discovery_variance,conditional_interval_theorem,rho_2500_seed_029,2.5,29,,1.133802802491527,0.16951473204397258,0.16951473204397258,,,theorem,conditional interval theorem
tikz-frontier-v1,figure3,C,Discovery variance frontier,31,discovery_variance,observed_randomization,rho_2500_seed_030,2.5,30,,0.9833809175158916,0.2767501975,0.2767501975,,20000,observed,observed randomization
tikz-frontier-v1,figure3,C,Discovery variance frontier,31,discovery_variance,conditional_interval_theorem,rho_2500_seed_030,2.5,30,,0.9833809175158916,0.2622081761900317,0.2622081761900317,,,theorem,conditional interval theorem
tikz-frontier-v1,figure3,C,Discovery variance frontier,32,discovery_variance,observed_randomization,rho_2500_seed_031,2.5,31,,0.23725446845212717,0.6996833599999999,0.6996833599999999,,20000,observed,observed randomization
tikz-frontier-v1,figure3,C,Discovery variance frontier,32,discovery_variance,conditional_interval_theorem,rho_2500_seed_031,2.5,31,,0.23725446845212717,0.6980423745758859,0.6980423745758859,,,theorem,conditional interval theorem
tikz-frontier-v1,figure3,C,Discovery variance frontier,33,discovery_variance,observed_randomization,rho_2500_seed_032,2.5,32,,-0.39513472414002254,0.15376159000000003,0.15376159000000003,,20000,observed,observed randomization
tikz-frontier-v1,figure3,C,Discovery variance frontier,33,discovery_variance,conditional_interval_theorem,rho_2500_seed_032,2.5,32,,-0.39513472414002254,0.1539523174229382,0.1539523174229382,,,theorem,conditional interval theorem
tikz-frontier-v1,figure3,C,Discovery variance frontier,34,discovery_variance,observed_randomization,rho_2500_seed_033,2.5,33,,0.8567095663541797,0.2768559099999999,0.2768559099999999,,20000,observed,observed randomization
tikz-frontier-v1,figure3,C,Discovery variance frontier,34,discovery_variance,conditional_interval_theorem,rho_2500_seed_033,2.5,33,,0.8567095663541797,0.2697084159224906,0.2697084159224906,,,theorem,conditional interval theorem
tikz-frontier-v1,figure3,C,Discovery variance frontier,35,discovery_variance,observed_randomization,rho_2500_seed_034,2.5,34,,0.5105761710661298,0.28897903999999996,0.28897903999999996,,20000,observed,observed randomization
tikz-frontier-v1,figure3,C,Discovery variance frontier,35,discovery_variance,conditional_interval_theorem,rho_2500_seed_034,2.5,34,,0.5105761710661298,0.2930979987274183,0.2930979987274183,,,theorem,conditional interval theorem
tikz-frontier-v1,figure3,C,Discovery variance frontier,36,discovery_variance,observed_randomization,rho_2500_seed_035,2.5,35,,1.2500783504457043,0.07482400000000002,0.07482400000000002,,20000,observed,observed randomization
tikz-frontier-v1,figure3,C,Discovery variance frontier,36,discovery_variance,conditional_interval_theorem,rho_2500_seed_035,2.5,35,,1.2500783504457043,0.07432691590757169,0.07432691590757169,,,theorem,conditional interval theorem
tikz-frontier-v1,figure3,C,Discovery variance frontier,37,discovery_variance,observed_randomization,rho_2500_seed_036,2.5,36,,0.5555302702586573,0.7190297499999999,0.7190297499999999,,20000,observed,observed randomization
tikz-frontier-v1,figure3,C,Discovery variance frontier,37,discovery_variance,conditional_interval_theorem,rho_2500_seed_036,2.5,36,,0.5555302702586573,0.7173020180458688,0.7173020180458688,,,theorem,conditional interval theorem
tikz-frontier-v1,figure3,C,Discovery variance frontier,38,discovery_variance,observed_randomization,rho_2500_seed_037,2.5,37,,0.25411948232270126,0.9625126400000001,0.9625126400000001,,20000,observed,observed randomization
tikz-frontier-v1,figure3,C,Discovery variance frontier,38,discovery_variance,conditional_interval_theorem,rho_2500_seed_037,2.5,37,,0.25411948232270126,0.9731235308256445,0.9731235308256445,,,theorem,conditional interval theorem
tikz-frontier-v1,figure3,C,Discovery variance frontier,39,discovery_variance,observed_randomization,rho_2500_seed_038,2.5,38,,1.2214475057726961,0.15999584000000003,0.15999584000000003,,20000,observed,observed randomization
tikz-frontier-v1,figure3,C,Discovery variance frontier,39,discovery_variance,conditional_interval_theorem,rho_2500_seed_038,2.5,38,,1.2214475057726961,0.1611319192905193,0.1611319192905193,,,theorem,conditional interval theorem
tikz-frontier-v1,figure3,C,Discovery variance frontier,40,discovery_variance,observed_randomization,rho_2500_seed_039,2.5,39,,1.7057431095760327,0.04720775000000001,0.04720775000000001,,20000,observed,observed randomization
tikz-frontier-v1,figure3,C,Discovery variance frontier,40,discovery_variance,conditional_interval_theorem,rho_2500_seed_039,2.5,39,,1.7057431095760327,0.048106154197533606,0.048106154197533606,,,theorem,conditional interval theorem
tikz-frontier-v1,figure3,D,Conditional theorem calibration,1,miss_calibration,observed_randomization,rho_0000_seed_000,0.0,0,,0.49900000000000166,0.50075,0.50075,0.50075,20000,observed,observed randomization
tikz-frontier-v1,figure3,D,Conditional theorem calibration,2,miss_calibration,observed_randomization,rho_0000_seed_001,0.0,1,,0.49900000000000166,0.49745,0.49745,0.49745,20000,observed,observed randomization
tikz-frontier-v1,figure3,D,Conditional theorem calibration,3,miss_calibration,observed_randomization,rho_0000_seed_002,0.0,2,,0.49900000000000166,0.4978,0.4978,0.4978,20000,observed,observed randomization
tikz-frontier-v1,figure3,D,Conditional theorem calibration,4,miss_calibration,observed_randomization,rho_0000_seed_003,0.0,3,,0.49900000000000166,0.49945,0.49945,0.49945,20000,observed,observed randomization
tikz-frontier-v1,figure3,D,Conditional theorem calibration,5,miss_calibration,observed_randomization,rho_0000_seed_004,0.0,4,,0.49900000000000166,0.49915,0.49915,0.49915,20000,observed,observed randomization
tikz-frontier-v1,figure3,D,Conditional theorem calibration,6,miss_calibration,observed_randomization,rho_0000_seed_005,0.0,5,,0.49900000000000166,0.5003,0.5003,0.5003,20000,observed,observed randomization
tikz-frontier-v1,figure3,D,Conditional theorem calibration,7,miss_calibration,observed_randomization,rho_0000_seed_006,0.0,6,,0.49900000000000166,0.49285,0.49285,0.49285,20000,observed,observed randomization
tikz-frontier-v1,figure3,D,Conditional theorem calibration,8,miss_calibration,observed_randomization,rho_0000_seed_007,0.0,7,,0.49900000000000166,0.49905,0.49905,0.49905,20000,observed,observed randomization
tikz-frontier-v1,figure3,D,Conditional theorem calibration,9,miss_calibration,observed_randomization,rho_0000_seed_008,0.0,8,,0.49900000000000166,0.49555,0.49555,0.49555,20000,observed,observed randomization
tikz-frontier-v1,figure3,D,Conditional theorem calibration,10,miss_calibration,observed_randomization,rho_0000_seed_009,0.0,9,,0.49900000000000166,0.4933,0.4933,0.4933,20000,observed,observed randomization
tikz-frontier-v1,figure3,D,Conditional theorem calibration,11,miss_calibration,observed_randomization,rho_0000_seed_010,0.0,10,,0.49900000000000166,0.4944,0.4944,0.4944,20000,observed,observed randomization
tikz-frontier-v1,figure3,D,Conditional theorem calibration,12,miss_calibration,observed_randomization,rho_0000_seed_011,0.0,11,,0.49900000000000166,0.4962,0.4962,0.4962,20000,observed,observed randomization
tikz-frontier-v1,figure3,D,Conditional theorem calibration,13,miss_calibration,observed_randomization,rho_0000_seed_012,0.0,12,,0.49900000000000166,0.4984,0.4984,0.4984,20000,observed,observed randomization
tikz-frontier-v1,figure3,D,Conditional theorem calibration,14,miss_calibration,observed_randomization,rho_0000_seed_013,0.0,13,,0.49900000000000166,0.4994,0.4994,0.4994,20000,observed,observed randomization
tikz-frontier-v1,figure3,D,Conditional theorem calibration,15,miss_calibration,observed_randomization,rho_0000_seed_014,0.0,14,,0.49900000000000166,0.4987,0.4987,0.4987,20000,observed,observed randomization
tikz-frontier-v1,figure3,D,Conditional theorem calibration,16,miss_calibration,observed_randomization,rho_0000_seed_015,0.0,15,,0.49900000000000166,0.49745,0.49745,0.49745,20000,observed,observed randomization
tikz-frontier-v1,figure3,D,Conditional theorem calibration,17,miss_calibration,observed_randomization,rho_0000_seed_016,0.0,16,,0.49900000000000166,0.50195,0.50195,0.50195,20000,observed,observed randomization
tikz-frontier-v1,figure3,D,Conditional theorem calibration,18,miss_calibration,observed_randomization,rho_0000_seed_017,0.0,17,,0.49900000000000166,0.4994,0.4994,0.4994,20000,observed,observed randomization
tikz-frontier-v1,figure3,D,Conditional theorem calibration,19,miss_calibration,observed_randomization,rho_0000_seed_018,0.0,18,,0.49900000000000166,0.49965,0.49965,0.49965,20000,observed,observed randomization
tikz-frontier-v1,figure3,D,Conditional theorem calibration,20,miss_calibration,observed_randomization,rho_0000_seed_019,0.0,19,,0.49900000000000166,0.49825,0.49825,0.49825,20000,observed,observed randomization
tikz-frontier-v1,figure3,D,Conditional theorem calibration,21,miss_calibration,observed_randomization,rho_0000_seed_020,0.0,20,,0.49900000000000166,0.4971,0.4971,0.4971,20000,observed,observed randomization
tikz-frontier-v1,figure3,D,Conditional theorem calibration,22,miss_calibration,observed_randomization,rho_0000_seed_021,0.0,21,,0.49900000000000166,0.4905,0.4905,0.4905,20000,observed,observed randomization
tikz-frontier-v1,figure3,D,Conditional theorem calibration,23,miss_calibration,observed_randomization,rho_0000_seed_022,0.0,22,,0.49900000000000166,0.50075,0.50075,0.50075,20000,observed,observed randomization
tikz-frontier-v1,figure3,D,Conditional theorem calibration,24,miss_calibration,observed_randomization,rho_0000_seed_023,0.0,23,,0.49900000000000166,0.5015,0.5015,0.5015,20000,observed,observed randomization
tikz-frontier-v1,figure3,D,Conditional theorem calibration,25,miss_calibration,observed_randomization,rho_0000_seed_024,0.0,24,,0.49900000000000166,0.49475,0.49475,0.49475,20000,observed,observed randomization
tikz-frontier-v1,figure3,D,Conditional theorem calibration,26,miss_calibration,observed_randomization,rho_0000_seed_025,0.0,25,,0.49900000000000166,0.49985,0.49985,0.49985,20000,observed,observed randomization
tikz-frontier-v1,figure3,D,Conditional theorem calibration,27,miss_calibration,observed_randomization,rho_0000_seed_026,0.0,26,,0.49900000000000166,0.50355,0.50355,0.50355,20000,observed,observed randomization
tikz-frontier-v1,figure3,D,Conditional theorem calibration,28,miss_calibration,observed_randomization,rho_0000_seed_027,0.0,27,,0.49900000000000166,0.4983,0.4983,0.4983,20000,observed,observed randomization
tikz-frontier-v1,figure3,D,Conditional theorem calibration,29,miss_calibration,observed_randomization,rho_0000_seed_028,0.0,28,,0.49900000000000166,0.4961,0.4961,0.4961,20000,observed,observed randomization
tikz-frontier-v1,figure3,D,Conditional theorem calibration,30,miss_calibration,observed_randomization,rho_0000_seed_029,0.0,29,,0.49900000000000166,0.49855,0.49855,0.49855,20000,observed,observed randomization
tikz-frontier-v1,figure3,D,Conditional theorem calibration,31,miss_calibration,observed_randomization,rho_0000_seed_030,0.0,30,,0.49900000000000166,0.49825,0.49825,0.49825,20000,observed,observed randomization
tikz-frontier-v1,figure3,D,Conditional theorem calibration,32,miss_calibration,observed_randomization,rho_0000_seed_031,0.0,31,,0.49900000000000166,0.50035,0.50035,0.50035,20000,observed,observed randomization
tikz-frontier-v1,figure3,D,Conditional theorem calibration,33,miss_calibration,observed_randomization,rho_0000_seed_032,0.0,32,,0.49900000000000166,0.49955,0.49955,0.49955,20000,observed,observed randomization
tikz-frontier-v1,figure3,D,Conditional theorem calibration,34,miss_calibration,observed_randomization,rho_0000_seed_033,0.0,33,,0.49900000000000166,0.498,0.498,0.498,20000,observed,observed randomization
tikz-frontier-v1,figure3,D,Conditional theorem calibration,35,miss_calibration,observed_randomization,rho_0000_seed_034,0.0,34,,0.49900000000000166,0.49945,0.49945,0.49945,20000,observed,observed randomization
tikz-frontier-v1,figure3,D,Conditional theorem calibration,36,miss_calibration,observed_randomization,rho_0000_seed_035,0.0,35,,0.49900000000000166,0.4935,0.4935,0.4935,20000,observed,observed randomization
tikz-frontier-v1,figure3,D,Conditional theorem calibration,37,miss_calibration,observed_randomization,rho_0000_seed_036,0.0,36,,0.49900000000000166,0.4936,0.4936,0.4936,20000,observed,observed randomization
tikz-frontier-v1,figure3,D,Conditional theorem calibration,38,miss_calibration,observed_randomization,rho_0000_seed_037,0.0,37,,0.49900000000000166,0.5011,0.5011,0.5011,20000,observed,observed randomization
tikz-frontier-v1,figure3,D,Conditional theorem calibration,39,miss_calibration,observed_randomization,rho_0000_seed_038,0.0,38,,0.49900000000000166,0.5042,0.5042,0.5042,20000,observed,observed randomization
tikz-frontier-v1,figure3,D,Conditional theorem calibration,40,miss_calibration,observed_randomization,rho_0000_seed_039,0.0,39,,0.49900000000000166,0.50255,0.50255,0.50255,20000,observed,observed randomization
tikz-frontier-v1,figure3,D,Conditional theorem calibration,1,miss_calibration,observed_randomization,rho_0250_seed_000,0.25,0,,0.5446556929426586,0.5455,0.5455,0.5455,20000,observed,observed randomization
tikz-frontier-v1,figure3,D,Conditional theorem calibration,2,miss_calibration,observed_randomization,rho_0250_seed_001,0.25,1,,0.47885003604045395,0.47875,0.47875,0.47875,20000,observed,observed randomization
tikz-frontier-v1,figure3,D,Conditional theorem calibration,3,miss_calibration,observed_randomization,rho_0250_seed_002,0.25,2,,0.42267858932201535,0.4239,0.4239,0.4239,20000,observed,observed randomization
tikz-frontier-v1,figure3,D,Conditional theorem calibration,4,miss_calibration,observed_randomization,rho_0250_seed_003,0.25,3,,0.41704515313424784,0.4164,0.4164,0.4164,20000,observed,observed randomization
tikz-frontier-v1,figure3,D,Conditional theorem calibration,5,miss_calibration,observed_randomization,rho_0250_seed_004,0.25,4,,0.5787115132114975,0.5792,0.5792,0.5792,20000,observed,observed randomization
tikz-frontier-v1,figure3,D,Conditional theorem calibration,6,miss_calibration,observed_randomization,rho_0250_seed_005,0.25,5,,0.5162877924584846,0.52095,0.52095,0.52095,20000,observed,observed randomization
tikz-frontier-v1,figure3,D,Conditional theorem calibration,7,miss_calibration,observed_randomization,rho_0250_seed_006,0.25,6,,0.5127682170019543,0.51725,0.51725,0.51725,20000,observed,observed randomization
tikz-frontier-v1,figure3,D,Conditional theorem calibration,8,miss_calibration,observed_randomization,rho_0250_seed_007,0.25,7,,0.519893056548535,0.5158,0.5158,0.5158,20000,observed,observed randomization
tikz-frontier-v1,figure3,D,Conditional theorem calibration,9,miss_calibration,observed_randomization,rho_0250_seed_008,0.25,8,,0.5354962162618325,0.532,0.532,0.532,20000,observed,observed randomization
tikz-frontier-v1,figure3,D,Conditional theorem calibration,10,miss_calibration,observed_randomization,rho_0250_seed_009,0.25,9,,0.4852186528406854,0.48135,0.48135,0.48135,20000,observed,observed randomization
tikz-frontier-v1,figure3,D,Conditional theorem calibration,11,miss_calibration,observed_randomization,rho_0250_seed_010,0.25,10,,0.47594610417773237,0.47895,0.47895,0.47895,20000,observed,observed randomization
tikz-frontier-v1,figure3,D,Conditional theorem calibration,12,miss_calibration,observed_randomization,rho_0250_seed_011,0.25,11,,0.47730086442554176,0.4768,0.4768,0.4768,20000,observed,observed randomization
tikz-frontier-v1,figure3,D,Conditional theorem calibration,13,miss_calibration,observed_randomization,rho_0250_seed_012,0.25,12,,0.46307371843996503,0.4651,0.4651,0.4651,20000,observed,observed randomization
tikz-frontier-v1,figure3,D,Conditional theorem calibration,14,miss_calibration,observed_randomization,rho_0250_seed_013,0.25,13,,0.5766065479787855,0.5731,0.5731,0.5731,20000,observed,observed randomization
tikz-frontier-v1,figure3,D,Conditional theorem calibration,15,miss_calibration,observed_randomization,rho_0250_seed_014,0.25,14,,0.518571083165688,0.5202,0.5202,0.5202,20000,observed,observed randomization
tikz-frontier-v1,figure3,D,Conditional theorem calibration,16,miss_calibration,observed_randomization,rho_0250_seed_015,0.25,15,,0.533177036853352,0.5272,0.5272,0.5272,20000,observed,observed randomization
tikz-frontier-v1,figure3,D,Conditional theorem calibration,17,miss_calibration,observed_randomization,rho_0250_seed_016,0.25,16,,0.5529044792876897,0.55825,0.55825,0.55825,20000,observed,observed randomization
tikz-frontier-v1,figure3,D,Conditional theorem calibration,18,miss_calibration,observed_randomization,rho_0250_seed_017,0.25,17,,0.4937446556167007,0.4932,0.4932,0.4932,20000,observed,observed randomization
tikz-frontier-v1,figure3,D,Conditional theorem calibration,19,miss_calibration,observed_randomization,rho_0250_seed_018,0.25,18,,0.4635421043546057,0.46685,0.46685,0.46685,20000,observed,observed randomization
tikz-frontier-v1,figure3,D,Conditional theorem calibration,20,miss_calibration,observed_randomization,rho_0250_seed_019,0.25,19,,0.4637940801009277,0.45845,0.45845,0.45845,20000,observed,observed randomization
tikz-frontier-v1,figure3,D,Conditional theorem calibration,21,miss_calibration,observed_randomization,rho_0250_seed_020,0.25,20,,0.5634144338561805,0.56055,0.56055,0.56055,20000,observed,observed randomization
tikz-frontier-v1,figure3,D,Conditional theorem calibration,22,miss_calibration,observed_randomization,rho_0250_seed_021,0.25,21,,0.5052885289414226,0.5044,0.5044,0.5044,20000,observed,observed randomization
tikz-frontier-v1,figure3,D,Conditional theorem calibration,23,miss_calibration,observed_randomization,rho_0250_seed_022,0.25,22,,0.4947897832620203,0.4929,0.4929,0.4929,20000,observed,observed randomization
tikz-frontier-v1,figure3,D,Conditional theorem calibration,24,miss_calibration,observed_randomization,rho_0250_seed_023,0.25,23,,0.4628547629881278,0.45975,0.45975,0.45975,20000,observed,observed randomization
tikz-frontier-v1,figure3,D,Conditional theorem calibration,25,miss_calibration,observed_randomization,rho_0250_seed_024,0.25,24,,0.5026668757940287,0.50555,0.50555,0.50555,20000,observed,observed randomization
tikz-frontier-v1,figure3,D,Conditional theorem calibration,26,miss_calibration,observed_randomization,rho_0250_seed_025,0.25,25,,0.5399784588174447,0.53755,0.53755,0.53755,20000,observed,observed randomization
tikz-frontier-v1,figure3,D,Conditional theorem calibration,27,miss_calibration,observed_randomization,rho_0250_seed_026,0.25,26,,0.5140074091417947,0.51745,0.51745,0.51745,20000,observed,observed randomization
tikz-frontier-v1,figure3,D,Conditional theorem calibration,28,miss_calibration,observed_randomization,rho_0250_seed_027,0.25,27,,0.5319624174052835,0.534,0.534,0.534,20000,observed,observed randomization
tikz-frontier-v1,figure3,D,Conditional theorem calibration,29,miss_calibration,observed_randomization,rho_0250_seed_028,0.25,28,,0.46652670078532016,0.4624,0.4624,0.4624,20000,observed,observed randomization
tikz-frontier-v1,figure3,D,Conditional theorem calibration,30,miss_calibration,observed_randomization,rho_0250_seed_029,0.25,29,,0.4208523216533884,0.4212,0.4212,0.4212,20000,observed,observed randomization
tikz-frontier-v1,figure3,D,Conditional theorem calibration,31,miss_calibration,observed_randomization,rho_0250_seed_030,0.25,30,,0.47621095972667277,0.4726,0.4726,0.4726,20000,observed,observed randomization
tikz-frontier-v1,figure3,D,Conditional theorem calibration,32,miss_calibration,observed_randomization,rho_0250_seed_031,0.25,31,,0.4710360484692415,0.4699,0.4699,0.4699,20000,observed,observed randomization
tikz-frontier-v1,figure3,D,Conditional theorem calibration,33,miss_calibration,observed_randomization,rho_0250_seed_032,0.25,32,,0.5281394621538056,0.533,0.533,0.533,20000,observed,observed randomization
tikz-frontier-v1,figure3,D,Conditional theorem calibration,34,miss_calibration,observed_randomization,rho_0250_seed_033,0.25,33,,0.46218082174688324,0.46535,0.46535,0.46535,20000,observed,observed randomization
tikz-frontier-v1,figure3,D,Conditional theorem calibration,35,miss_calibration,observed_randomization,rho_0250_seed_034,0.25,34,,0.5220991064783177,0.52135,0.52135,0.52135,20000,observed,observed randomization
tikz-frontier-v1,figure3,D,Conditional theorem calibration,36,miss_calibration,observed_randomization,rho_0250_seed_035,0.25,35,,0.45002349623003446,0.44565,0.44565,0.44565,20000,observed,observed randomization
tikz-frontier-v1,figure3,D,Conditional theorem calibration,37,miss_calibration,observed_randomization,rho_0250_seed_036,0.25,36,,0.5178703998992701,0.5159,0.5159,0.5159,20000,observed,observed randomization
tikz-frontier-v1,figure3,D,Conditional theorem calibration,38,miss_calibration,observed_randomization,rho_0250_seed_037,0.25,37,,0.4832951969309173,0.4746,0.4746,0.4746,20000,observed,observed randomization
tikz-frontier-v1,figure3,D,Conditional theorem calibration,39,miss_calibration,observed_randomization,rho_0250_seed_038,0.25,38,,0.47646199239509035,0.4775,0.4775,0.4775,20000,observed,observed randomization
tikz-frontier-v1,figure3,D,Conditional theorem calibration,40,miss_calibration,observed_randomization,rho_0250_seed_039,0.25,39,,0.5165879984500457,0.51415,0.51415,0.51415,20000,observed,observed randomization
tikz-frontier-v1,figure3,D,Conditional theorem calibration,1,miss_calibration,observed_randomization,rho_0500_seed_000,0.5,0,,0.5284028826554122,0.52405,0.52405,0.52405,20000,observed,observed randomization
tikz-frontier-v1,figure3,D,Conditional theorem calibration,2,miss_calibration,observed_randomization,rho_0500_seed_001,0.5,1,,0.46327244756897124,0.4633,0.4633,0.4633,20000,observed,observed randomization
tikz-frontier-v1,figure3,D,Conditional theorem calibration,3,miss_calibration,observed_randomization,rho_0500_seed_002,0.5,2,,0.4479604742162351,0.4556,0.4556,0.4556,20000,observed,observed randomization
tikz-frontier-v1,figure3,D,Conditional theorem calibration,4,miss_calibration,observed_randomization,rho_0500_seed_003,0.5,3,,0.5665913543309166,0.5687,0.5687,0.5687,20000,observed,observed randomization
tikz-frontier-v1,figure3,D,Conditional theorem calibration,5,miss_calibration,observed_randomization,rho_0500_seed_004,0.5,4,,0.6125929234313297,0.6062,0.6062,0.6062,20000,observed,observed randomization
tikz-frontier-v1,figure3,D,Conditional theorem calibration,6,miss_calibration,observed_randomization,rho_0500_seed_005,0.5,5,,0.49461543843477845,0.4831,0.4831,0.4831,20000,observed,observed randomization
tikz-frontier-v1,figure3,D,Conditional theorem calibration,7,miss_calibration,observed_randomization,rho_0500_seed_006,0.5,6,,0.5249870964629106,0.52735,0.52735,0.52735,20000,observed,observed randomization
tikz-frontier-v1,figure3,D,Conditional theorem calibration,8,miss_calibration,observed_randomization,rho_0500_seed_007,0.5,7,,0.47994401474235754,0.48375,0.48375,0.48375,20000,observed,observed randomization
tikz-frontier-v1,figure3,D,Conditional theorem calibration,9,miss_calibration,observed_randomization,rho_0500_seed_008,0.5,8,,0.4442673709936992,0.4455,0.4455,0.4455,20000,observed,observed randomization
tikz-frontier-v1,figure3,D,Conditional theorem calibration,10,miss_calibration,observed_randomization,rho_0500_seed_009,0.5,9,,0.41555485636458583,0.4152,0.4152,0.4152,20000,observed,observed randomization
tikz-frontier-v1,figure3,D,Conditional theorem calibration,11,miss_calibration,observed_randomization,rho_0500_seed_010,0.5,10,,0.435037372508029,0.43675,0.43675,0.43675,20000,observed,observed randomization
tikz-frontier-v1,figure3,D,Conditional theorem calibration,12,miss_calibration,observed_randomization,rho_0500_seed_011,0.5,11,,0.5768567360415137,0.5782,0.5782,0.5782,20000,observed,observed randomization
tikz-frontier-v1,figure3,D,Conditional theorem calibration,13,miss_calibration,observed_randomization,rho_0500_seed_012,0.5,12,,0.45423620256528835,0.4555,0.4555,0.4555,20000,observed,observed randomization
tikz-frontier-v1,figure3,D,Conditional theorem calibration,14,miss_calibration,observed_randomization,rho_0500_seed_013,0.5,13,,0.40924237323045254,0.4024,0.4024,0.4024,20000,observed,observed randomization
tikz-frontier-v1,figure3,D,Conditional theorem calibration,15,miss_calibration,observed_randomization,rho_0500_seed_014,0.5,14,,0.46638718103386173,0.46705,0.46705,0.46705,20000,observed,observed randomization
tikz-frontier-v1,figure3,D,Conditional theorem calibration,16,miss_calibration,observed_randomization,rho_0500_seed_015,0.5,15,,0.5482061986854707,0.54795,0.54795,0.54795,20000,observed,observed randomization
tikz-frontier-v1,figure3,D,Conditional theorem calibration,17,miss_calibration,observed_randomization,rho_0500_seed_016,0.5,16,,0.3889056638451868,0.39175,0.39175,0.39175,20000,observed,observed randomization
tikz-frontier-v1,figure3,D,Conditional theorem calibration,18,miss_calibration,observed_randomization,rho_0500_seed_017,0.5,17,,0.4383022184608297,0.4428,0.4428,0.4428,20000,observed,observed randomization
tikz-frontier-v1,figure3,D,Conditional theorem calibration,19,miss_calibration,observed_randomization,rho_0500_seed_018,0.5,18,,0.5545354287553022,0.5492,0.5492,0.5492,20000,observed,observed randomization
tikz-frontier-v1,figure3,D,Conditional theorem calibration,20,miss_calibration,observed_randomization,rho_0500_seed_019,0.5,19,,0.4737281932228354,0.4733,0.4733,0.4733,20000,observed,observed randomization
tikz-frontier-v1,figure3,D,Conditional theorem calibration,21,miss_calibration,observed_randomization,rho_0500_seed_020,0.5,20,,0.6577568442408387,0.6532,0.6532,0.6532,20000,observed,observed randomization
tikz-frontier-v1,figure3,D,Conditional theorem calibration,22,miss_calibration,observed_randomization,rho_0500_seed_021,0.5,21,,0.457576503448145,0.45605,0.45605,0.45605,20000,observed,observed randomization
tikz-frontier-v1,figure3,D,Conditional theorem calibration,23,miss_calibration,observed_randomization,rho_0500_seed_022,0.5,22,,0.49195611868882877,0.4906,0.4906,0.4906,20000,observed,observed randomization
tikz-frontier-v1,figure3,D,Conditional theorem calibration,24,miss_calibration,observed_randomization,rho_0500_seed_023,0.5,23,,0.4679728742740511,0.46625,0.46625,0.46625,20000,observed,observed randomization
tikz-frontier-v1,figure3,D,Conditional theorem calibration,25,miss_calibration,observed_randomization,rho_0500_seed_024,0.5,24,,0.6387874398580204,0.6396,0.6396,0.6396,20000,observed,observed randomization
tikz-frontier-v1,figure3,D,Conditional theorem calibration,26,miss_calibration,observed_randomization,rho_0500_seed_025,0.5,25,,0.5662270960736837,0.5649,0.5649,0.5649,20000,observed,observed randomization
tikz-frontier-v1,figure3,D,Conditional theorem calibration,27,miss_calibration,observed_randomization,rho_0500_seed_026,0.5,26,,0.15169518539413165,0.1532,0.1532,0.1532,20000,observed,observed randomization
tikz-frontier-v1,figure3,D,Conditional theorem calibration,28,miss_calibration,observed_randomization,rho_0500_seed_027,0.5,27,,0.4387432065161728,0.44245,0.44245,0.44245,20000,observed,observed randomization
tikz-frontier-v1,figure3,D,Conditional theorem calibration,29,miss_calibration,observed_randomization,rho_0500_seed_028,0.5,28,,0.4488524504385597,0.44775,0.44775,0.44775,20000,observed,observed randomization
tikz-frontier-v1,figure3,D,Conditional theorem calibration,30,miss_calibration,observed_randomization,rho_0500_seed_029,0.5,29,,0.4093976363976752,0.41135,0.41135,0.41135,20000,observed,observed randomization
tikz-frontier-v1,figure3,D,Conditional theorem calibration,31,miss_calibration,observed_randomization,rho_0500_seed_030,0.5,30,,0.5116428527878696,0.5126,0.5126,0.5126,20000,observed,observed randomization
tikz-frontier-v1,figure3,D,Conditional theorem calibration,32,miss_calibration,observed_randomization,rho_0500_seed_031,0.5,31,,0.4714356250824197,0.47275,0.47275,0.47275,20000,observed,observed randomization
tikz-frontier-v1,figure3,D,Conditional theorem calibration,33,miss_calibration,observed_randomization,rho_0500_seed_032,0.5,32,,0.5337225537448115,0.5366,0.5366,0.5366,20000,observed,observed randomization
tikz-frontier-v1,figure3,D,Conditional theorem calibration,34,miss_calibration,observed_randomization,rho_0500_seed_033,0.5,33,,0.5131509941231345,0.51255,0.51255,0.51255,20000,observed,observed randomization
tikz-frontier-v1,figure3,D,Conditional theorem calibration,35,miss_calibration,observed_randomization,rho_0500_seed_034,0.5,34,,0.39590725033338797,0.3978,0.3978,0.3978,20000,observed,observed randomization
tikz-frontier-v1,figure3,D,Conditional theorem calibration,36,miss_calibration,observed_randomization,rho_0500_seed_035,0.5,35,,0.6395031998072643,0.6366,0.6366,0.6366,20000,observed,observed randomization
tikz-frontier-v1,figure3,D,Conditional theorem calibration,37,miss_calibration,observed_randomization,rho_0500_seed_036,0.5,36,,0.332589018267428,0.3285,0.3285,0.3285,20000,observed,observed randomization
tikz-frontier-v1,figure3,D,Conditional theorem calibration,38,miss_calibration,observed_randomization,rho_0500_seed_037,0.5,37,,0.5134900270158423,0.5136,0.5136,0.5136,20000,observed,observed randomization
tikz-frontier-v1,figure3,D,Conditional theorem calibration,39,miss_calibration,observed_randomization,rho_0500_seed_038,0.5,38,,0.6046554820124802,0.60025,0.60025,0.60025,20000,observed,observed randomization
tikz-frontier-v1,figure3,D,Conditional theorem calibration,40,miss_calibration,observed_randomization,rho_0500_seed_039,0.5,39,,0.5414807363017095,0.5355,0.5355,0.5355,20000,observed,observed randomization
tikz-frontier-v1,figure3,D,Conditional theorem calibration,1,miss_calibration,observed_randomization,rho_0750_seed_000,0.75,0,,0.49487260476487865,0.4916,0.4916,0.4916,20000,observed,observed randomization
tikz-frontier-v1,figure3,D,Conditional theorem calibration,2,miss_calibration,observed_randomization,rho_0750_seed_001,0.75,1,,0.2814159247772231,0.2798,0.2798,0.2798,20000,observed,observed randomization
tikz-frontier-v1,figure3,D,Conditional theorem calibration,3,miss_calibration,observed_randomization,rho_0750_seed_002,0.75,2,,0.279749475498839,0.28195,0.28195,0.28195,20000,observed,observed randomization
tikz-frontier-v1,figure3,D,Conditional theorem calibration,4,miss_calibration,observed_randomization,rho_0750_seed_003,0.75,3,,0.48370315802616826,0.4832,0.4832,0.4832,20000,observed,observed randomization
tikz-frontier-v1,figure3,D,Conditional theorem calibration,5,miss_calibration,observed_randomization,rho_0750_seed_004,0.75,4,,0.555370023255343,0.5532,0.5532,0.5532,20000,observed,observed randomization
tikz-frontier-v1,figure3,D,Conditional theorem calibration,6,miss_calibration,observed_randomization,rho_0750_seed_005,0.75,5,,0.36306792577113467,0.3689,0.3689,0.3689,20000,observed,observed randomization
tikz-frontier-v1,figure3,D,Conditional theorem calibration,7,miss_calibration,observed_randomization,rho_0750_seed_006,0.75,6,,0.5126982876507272,0.51865,0.51865,0.51865,20000,observed,observed randomization
tikz-frontier-v1,figure3,D,Conditional theorem calibration,8,miss_calibration,observed_randomization,rho_0750_seed_007,0.75,7,,0.7698092108610475,0.77,0.77,0.77,20000,observed,observed randomization
tikz-frontier-v1,figure3,D,Conditional theorem calibration,9,miss_calibration,observed_randomization,rho_0750_seed_008,0.75,8,,0.3296357825768471,0.33075,0.33075,0.33075,20000,observed,observed randomization
tikz-frontier-v1,figure3,D,Conditional theorem calibration,10,miss_calibration,observed_randomization,rho_0750_seed_009,0.75,9,,0.5843223536629856,0.58275,0.58275,0.58275,20000,observed,observed randomization
tikz-frontier-v1,figure3,D,Conditional theorem calibration,11,miss_calibration,observed_randomization,rho_0750_seed_010,0.75,10,,0.5643721590959279,0.56285,0.56285,0.56285,20000,observed,observed randomization
tikz-frontier-v1,figure3,D,Conditional theorem calibration,12,miss_calibration,observed_randomization,rho_0750_seed_011,0.75,11,,0.5554503933017252,0.5582,0.5582,0.5582,20000,observed,observed randomization
tikz-frontier-v1,figure3,D,Conditional theorem calibration,13,miss_calibration,observed_randomization,rho_0750_seed_012,0.75,12,,0.710751458096159,0.70935,0.70935,0.70935,20000,observed,observed randomization
tikz-frontier-v1,figure3,D,Conditional theorem calibration,14,miss_calibration,observed_randomization,rho_0750_seed_013,0.75,13,,0.5872041816782387,0.5876,0.5876,0.5876,20000,observed,observed randomization
tikz-frontier-v1,figure3,D,Conditional theorem calibration,15,miss_calibration,observed_randomization,rho_0750_seed_014,0.75,14,,0.42042110683760436,0.421,0.421,0.421,20000,observed,observed randomization
tikz-frontier-v1,figure3,D,Conditional theorem calibration,16,miss_calibration,observed_randomization,rho_0750_seed_015,0.75,15,,0.48122066622243403,0.48045,0.48045,0.48045,20000,observed,observed randomization
tikz-frontier-v1,figure3,D,Conditional theorem calibration,17,miss_calibration,observed_randomization,rho_0750_seed_016,0.75,16,,0.5367554365581574,0.5355,0.5355,0.5355,20000,observed,observed randomization
tikz-frontier-v1,figure3,D,Conditional theorem calibration,18,miss_calibration,observed_randomization,rho_0750_seed_017,0.75,17,,0.3560094483546734,0.35355,0.35355,0.35355,20000,observed,observed randomization
tikz-frontier-v1,figure3,D,Conditional theorem calibration,19,miss_calibration,observed_randomization,rho_0750_seed_018,0.75,18,,0.337911921703111,0.3333,0.3333,0.3333,20000,observed,observed randomization
tikz-frontier-v1,figure3,D,Conditional theorem calibration,20,miss_calibration,observed_randomization,rho_0750_seed_019,0.75,19,,0.43314190034544847,0.4362,0.4362,0.4362,20000,observed,observed randomization
tikz-frontier-v1,figure3,D,Conditional theorem calibration,21,miss_calibration,observed_randomization,rho_0750_seed_020,0.75,20,,0.6398165661173278,0.641,0.641,0.641,20000,observed,observed randomization
tikz-frontier-v1,figure3,D,Conditional theorem calibration,22,miss_calibration,observed_randomization,rho_0750_seed_021,0.75,21,,0.5629011725849818,0.56255,0.56255,0.56255,20000,observed,observed randomization
tikz-frontier-v1,figure3,D,Conditional theorem calibration,23,miss_calibration,observed_randomization,rho_0750_seed_022,0.75,22,,0.6918246567528348,0.6949,0.6949,0.6949,20000,observed,observed randomization
tikz-frontier-v1,figure3,D,Conditional theorem calibration,24,miss_calibration,observed_randomization,rho_0750_seed_023,0.75,23,,0.37722906919741084,0.37955,0.37955,0.37955,20000,observed,observed randomization
tikz-frontier-v1,figure3,D,Conditional theorem calibration,25,miss_calibration,observed_randomization,rho_0750_seed_024,0.75,24,,0.5862902907336727,0.58135,0.58135,0.58135,20000,observed,observed randomization
tikz-frontier-v1,figure3,D,Conditional theorem calibration,26,miss_calibration,observed_randomization,rho_0750_seed_025,0.75,25,,0.382279592912247,0.3838,0.3838,0.3838,20000,observed,observed randomization
tikz-frontier-v1,figure3,D,Conditional theorem calibration,27,miss_calibration,observed_randomization,rho_0750_seed_026,0.75,26,,0.3618449260078186,0.3628,0.3628,0.3628,20000,observed,observed randomization
tikz-frontier-v1,figure3,D,Conditional theorem calibration,28,miss_calibration,observed_randomization,rho_0750_seed_027,0.75,27,,0.46976416931087667,0.4701,0.4701,0.4701,20000,observed,observed randomization
tikz-frontier-v1,figure3,D,Conditional theorem calibration,29,miss_calibration,observed_randomization,rho_0750_seed_028,0.75,28,,0.44423539980354915,0.4441,0.4441,0.4441,20000,observed,observed randomization
tikz-frontier-v1,figure3,D,Conditional theorem calibration,30,miss_calibration,observed_randomization,rho_0750_seed_029,0.75,29,,0.5657983758478045,0.56455,0.56455,0.56455,20000,observed,observed randomization
tikz-frontier-v1,figure3,D,Conditional theorem calibration,31,miss_calibration,observed_randomization,rho_0750_seed_030,0.75,30,,0.630344148271901,0.62825,0.62825,0.62825,20000,observed,observed randomization
tikz-frontier-v1,figure3,D,Conditional theorem calibration,32,miss_calibration,observed_randomization,rho_0750_seed_031,0.75,31,,0.43221788808676415,0.4304,0.4304,0.4304,20000,observed,observed randomization
tikz-frontier-v1,figure3,D,Conditional theorem calibration,33,miss_calibration,observed_randomization,rho_0750_seed_032,0.75,32,,0.5502457796254783,0.5575,0.5575,0.5575,20000,observed,observed randomization
tikz-frontier-v1,figure3,D,Conditional theorem calibration,34,miss_calibration,observed_randomization,rho_0750_seed_033,0.75,33,,0.5867601789270184,0.59145,0.59145,0.59145,20000,observed,observed randomization
tikz-frontier-v1,figure3,D,Conditional theorem calibration,35,miss_calibration,observed_randomization,rho_0750_seed_034,0.75,34,,0.5953406403011703,0.5979,0.5979,0.5979,20000,observed,observed randomization
tikz-frontier-v1,figure3,D,Conditional theorem calibration,36,miss_calibration,observed_randomization,rho_0750_seed_035,0.75,35,,0.6676677799972716,0.66915,0.66915,0.66915,20000,observed,observed randomization
tikz-frontier-v1,figure3,D,Conditional theorem calibration,37,miss_calibration,observed_randomization,rho_0750_seed_036,0.75,36,,0.7265409037533801,0.72625,0.72625,0.72625,20000,observed,observed randomization
tikz-frontier-v1,figure3,D,Conditional theorem calibration,38,miss_calibration,observed_randomization,rho_0750_seed_037,0.75,37,,0.49907578380523837,0.49865,0.49865,0.49865,20000,observed,observed randomization
tikz-frontier-v1,figure3,D,Conditional theorem calibration,39,miss_calibration,observed_randomization,rho_0750_seed_038,0.75,38,,0.5680117917354633,0.5674,0.5674,0.5674,20000,observed,observed randomization
tikz-frontier-v1,figure3,D,Conditional theorem calibration,40,miss_calibration,observed_randomization,rho_0750_seed_039,0.75,39,,0.4956820717571,0.49705,0.49705,0.49705,20000,observed,observed randomization
tikz-frontier-v1,figure3,D,Conditional theorem calibration,1,miss_calibration,observed_randomization,rho_1000_seed_000,1.0,0,,0.7722902289750239,0.7704,0.7704,0.7704,20000,observed,observed randomization
tikz-frontier-v1,figure3,D,Conditional theorem calibration,2,miss_calibration,observed_randomization,rho_1000_seed_001,1.0,1,,0.6872878821580658,0.688,0.688,0.688,20000,observed,observed randomization
tikz-frontier-v1,figure3,D,Conditional theorem calibration,3,miss_calibration,observed_randomization,rho_1000_seed_002,1.0,2,,0.07737117675172077,0.0772,0.0772,0.0772,20000,observed,observed randomization
tikz-frontier-v1,figure3,D,Conditional theorem calibration,4,miss_calibration,observed_randomization,rho_1000_seed_003,1.0,3,,0.4183415067811041,0.41825,0.41825,0.41825,20000,observed,observed randomization
tikz-frontier-v1,figure3,D,Conditional theorem calibration,5,miss_calibration,observed_randomization,rho_1000_seed_004,1.0,4,,0.7384202196401327,0.73655,0.73655,0.73655,20000,observed,observed randomization
tikz-frontier-v1,figure3,D,Conditional theorem calibration,6,miss_calibration,observed_randomization,rho_1000_seed_005,1.0,5,,0.243467576441974,0.24305,0.24305,0.24305,20000,observed,observed randomization
tikz-frontier-v1,figure3,D,Conditional theorem calibration,7,miss_calibration,observed_randomization,rho_1000_seed_006,1.0,6,,0.4716444371962272,0.47155,0.47155,0.47155,20000,observed,observed randomization
tikz-frontier-v1,figure3,D,Conditional theorem calibration,8,miss_calibration,observed_randomization,rho_1000_seed_007,1.0,7,,0.3797509240352943,0.376,0.376,0.376,20000,observed,observed randomization
tikz-frontier-v1,figure3,D,Conditional theorem calibration,9,miss_calibration,observed_randomization,rho_1000_seed_008,1.0,8,,0.629873602918757,0.62515,0.62515,0.62515,20000,observed,observed randomization
tikz-frontier-v1,figure3,D,Conditional theorem calibration,10,miss_calibration,observed_randomization,rho_1000_seed_009,1.0,9,,0.29162123258231976,0.29355,0.29355,0.29355,20000,observed,observed randomization
tikz-frontier-v1,figure3,D,Conditional theorem calibration,11,miss_calibration,observed_randomization,rho_1000_seed_010,1.0,10,,0.39794684899840427,0.3986,0.3986,0.3986,20000,observed,observed randomization
tikz-frontier-v1,figure3,D,Conditional theorem calibration,12,miss_calibration,observed_randomization,rho_1000_seed_011,1.0,11,,0.48221637286212304,0.4811,0.4811,0.4811,20000,observed,observed randomization
tikz-frontier-v1,figure3,D,Conditional theorem calibration,13,miss_calibration,observed_randomization,rho_1000_seed_012,1.0,12,,0.14820746023532577,0.14765,0.14765,0.14765,20000,observed,observed randomization
tikz-frontier-v1,figure3,D,Conditional theorem calibration,14,miss_calibration,observed_randomization,rho_1000_seed_013,1.0,13,,0.6352764381897799,0.6375,0.6375,0.6375,20000,observed,observed randomization
tikz-frontier-v1,figure3,D,Conditional theorem calibration,15,miss_calibration,observed_randomization,rho_1000_seed_014,1.0,14,,0.2985683039142348,0.29695,0.29695,0.29695,20000,observed,observed randomization
tikz-frontier-v1,figure3,D,Conditional theorem calibration,16,miss_calibration,observed_randomization,rho_1000_seed_015,1.0,15,,0.6340466102348937,0.627,0.627,0.627,20000,observed,observed randomization
tikz-frontier-v1,figure3,D,Conditional theorem calibration,17,miss_calibration,observed_randomization,rho_1000_seed_016,1.0,16,,0.46000249799893966,0.45615,0.45615,0.45615,20000,observed,observed randomization
tikz-frontier-v1,figure3,D,Conditional theorem calibration,18,miss_calibration,observed_randomization,rho_1000_seed_017,1.0,17,,0.5409234600352587,0.5442,0.5442,0.5442,20000,observed,observed randomization
tikz-frontier-v1,figure3,D,Conditional theorem calibration,19,miss_calibration,observed_randomization,rho_1000_seed_018,1.0,18,,0.24610530036379694,0.24945,0.24945,0.24945,20000,observed,observed randomization
tikz-frontier-v1,figure3,D,Conditional theorem calibration,20,miss_calibration,observed_randomization,rho_1000_seed_019,1.0,19,,0.5076516070136747,0.5112,0.5112,0.5112,20000,observed,observed randomization
tikz-frontier-v1,figure3,D,Conditional theorem calibration,21,miss_calibration,observed_randomization,rho_1000_seed_020,1.0,20,,0.6866584468986378,0.68415,0.68415,0.68415,20000,observed,observed randomization
tikz-frontier-v1,figure3,D,Conditional theorem calibration,22,miss_calibration,observed_randomization,rho_1000_seed_021,1.0,21,,0.691527353937297,0.68795,0.68795,0.68795,20000,observed,observed randomization
tikz-frontier-v1,figure3,D,Conditional theorem calibration,23,miss_calibration,observed_randomization,rho_1000_seed_022,1.0,22,,0.3829304680459816,0.38565,0.38565,0.38565,20000,observed,observed randomization
tikz-frontier-v1,figure3,D,Conditional theorem calibration,24,miss_calibration,observed_randomization,rho_1000_seed_023,1.0,23,,0.7237791195775574,0.72235,0.72235,0.72235,20000,observed,observed randomization
tikz-frontier-v1,figure3,D,Conditional theorem calibration,25,miss_calibration,observed_randomization,rho_1000_seed_024,1.0,24,,0.6140194634289947,0.61685,0.61685,0.61685,20000,observed,observed randomization
tikz-frontier-v1,figure3,D,Conditional theorem calibration,26,miss_calibration,observed_randomization,rho_1000_seed_025,1.0,25,,0.4759426744081292,0.476,0.476,0.476,20000,observed,observed randomization
tikz-frontier-v1,figure3,D,Conditional theorem calibration,27,miss_calibration,observed_randomization,rho_1000_seed_026,1.0,26,,0.7238378007811795,0.71805,0.71805,0.71805,20000,observed,observed randomization
tikz-frontier-v1,figure3,D,Conditional theorem calibration,28,miss_calibration,observed_randomization,rho_1000_seed_027,1.0,27,,0.6032440165239369,0.5984,0.5984,0.5984,20000,observed,observed randomization
tikz-frontier-v1,figure3,D,Conditional theorem calibration,29,miss_calibration,observed_randomization,rho_1000_seed_028,1.0,28,,0.11523419347714352,0.1144,0.1144,0.1144,20000,observed,observed randomization
tikz-frontier-v1,figure3,D,Conditional theorem calibration,30,miss_calibration,observed_randomization,rho_1000_seed_029,1.0,29,,0.48291047528283115,0.4855,0.4855,0.4855,20000,observed,observed randomization
tikz-frontier-v1,figure3,D,Conditional theorem calibration,31,miss_calibration,observed_randomization,rho_1000_seed_030,1.0,30,,0.6010602690389377,0.6042,0.6042,0.6042,20000,observed,observed randomization
tikz-frontier-v1,figure3,D,Conditional theorem calibration,32,miss_calibration,observed_randomization,rho_1000_seed_031,1.0,31,,0.5433446284668134,0.53475,0.53475,0.53475,20000,observed,observed randomization
tikz-frontier-v1,figure3,D,Conditional theorem calibration,33,miss_calibration,observed_randomization,rho_1000_seed_032,1.0,32,,0.5752578515527038,0.57935,0.57935,0.57935,20000,observed,observed randomization
tikz-frontier-v1,figure3,D,Conditional theorem calibration,34,miss_calibration,observed_randomization,rho_1000_seed_033,1.0,33,,0.4558749385190887,0.4519,0.4519,0.4519,20000,observed,observed randomization
tikz-frontier-v1,figure3,D,Conditional theorem calibration,35,miss_calibration,observed_randomization,rho_1000_seed_034,1.0,34,,0.15957060795445518,0.1594,0.1594,0.1594,20000,observed,observed randomization
tikz-frontier-v1,figure3,D,Conditional theorem calibration,36,miss_calibration,observed_randomization,rho_1000_seed_035,1.0,35,,0.2504039017119769,0.25245,0.25245,0.25245,20000,observed,observed randomization
tikz-frontier-v1,figure3,D,Conditional theorem calibration,37,miss_calibration,observed_randomization,rho_1000_seed_036,1.0,36,,0.6875677157103044,0.68145,0.68145,0.68145,20000,observed,observed randomization
tikz-frontier-v1,figure3,D,Conditional theorem calibration,38,miss_calibration,observed_randomization,rho_1000_seed_037,1.0,37,,0.27054454645824394,0.2769,0.2769,0.2769,20000,observed,observed randomization
tikz-frontier-v1,figure3,D,Conditional theorem calibration,39,miss_calibration,observed_randomization,rho_1000_seed_038,1.0,38,,0.11842760901105198,0.12375,0.12375,0.12375,20000,observed,observed randomization
tikz-frontier-v1,figure3,D,Conditional theorem calibration,40,miss_calibration,observed_randomization,rho_1000_seed_039,1.0,39,,0.46739551739363866,0.4699,0.4699,0.4699,20000,observed,observed randomization
tikz-frontier-v1,figure3,D,Conditional theorem calibration,1,miss_calibration,observed_randomization,rho_1250_seed_000,1.25,0,,0.47020898730090693,0.47665,0.47665,0.47665,20000,observed,observed randomization
tikz-frontier-v1,figure3,D,Conditional theorem calibration,2,miss_calibration,observed_randomization,rho_1250_seed_001,1.25,1,,0.7101144418009462,0.7068,0.7068,0.7068,20000,observed,observed randomization
tikz-frontier-v1,figure3,D,Conditional theorem calibration,3,miss_calibration,observed_randomization,rho_1250_seed_002,1.25,2,,0.11585577390276436,0.11905,0.11905,0.11905,20000,observed,observed randomization
tikz-frontier-v1,figure3,D,Conditional theorem calibration,4,miss_calibration,observed_randomization,rho_1250_seed_003,1.25,3,,0.21323915130452975,0.20485,0.20485,0.20485,20000,observed,observed randomization
tikz-frontier-v1,figure3,D,Conditional theorem calibration,5,miss_calibration,observed_randomization,rho_1250_seed_004,1.25,4,,0.7843217328166853,0.78245,0.78245,0.78245,20000,observed,observed randomization
tikz-frontier-v1,figure3,D,Conditional theorem calibration,6,miss_calibration,observed_randomization,rho_1250_seed_005,1.25,5,,0.6144344413555308,0.61505,0.61505,0.61505,20000,observed,observed randomization
tikz-frontier-v1,figure3,D,Conditional theorem calibration,7,miss_calibration,observed_randomization,rho_1250_seed_006,1.25,6,,0.6251897469411603,0.6313,0.6313,0.6313,20000,observed,observed randomization
tikz-frontier-v1,figure3,D,Conditional theorem calibration,8,miss_calibration,observed_randomization,rho_1250_seed_007,1.25,7,,0.664691267106392,0.661,0.661,0.661,20000,observed,observed randomization
tikz-frontier-v1,figure3,D,Conditional theorem calibration,9,miss_calibration,observed_randomization,rho_1250_seed_008,1.25,8,,0.5647628689537587,0.56395,0.56395,0.56395,20000,observed,observed randomization
tikz-frontier-v1,figure3,D,Conditional theorem calibration,10,miss_calibration,observed_randomization,rho_1250_seed_009,1.25,9,,0.3279535120888101,0.32675,0.32675,0.32675,20000,observed,observed randomization
tikz-frontier-v1,figure3,D,Conditional theorem calibration,11,miss_calibration,observed_randomization,rho_1250_seed_010,1.25,10,,0.5557319666980063,0.55085,0.55085,0.55085,20000,observed,observed randomization
tikz-frontier-v1,figure3,D,Conditional theorem calibration,12,miss_calibration,observed_randomization,rho_1250_seed_011,1.25,11,,0.5378428392096258,0.53445,0.53445,0.53445,20000,observed,observed randomization
tikz-frontier-v1,figure3,D,Conditional theorem calibration,13,miss_calibration,observed_randomization,rho_1250_seed_012,1.25,12,,0.7679574120302164,0.76775,0.76775,0.76775,20000,observed,observed randomization
tikz-frontier-v1,figure3,D,Conditional theorem calibration,14,miss_calibration,observed_randomization,rho_1250_seed_013,1.25,13,,0.8074002081597872,0.8082,0.8082,0.8082,20000,observed,observed randomization
tikz-frontier-v1,figure3,D,Conditional theorem calibration,15,miss_calibration,observed_randomization,rho_1250_seed_014,1.25,14,,0.39826163998578307,0.3951,0.3951,0.3951,20000,observed,observed randomization
tikz-frontier-v1,figure3,D,Conditional theorem calibration,16,miss_calibration,observed_randomization,rho_1250_seed_015,1.25,15,,0.5951647329902101,0.59165,0.59165,0.59165,20000,observed,observed randomization
tikz-frontier-v1,figure3,D,Conditional theorem calibration,17,miss_calibration,observed_randomization,rho_1250_seed_016,1.25,16,,0.5527354587111889,0.5537,0.5537,0.5537,20000,observed,observed randomization
tikz-frontier-v1,figure3,D,Conditional theorem calibration,18,miss_calibration,observed_randomization,rho_1250_seed_017,1.25,17,,0.5257213836392324,0.52265,0.52265,0.52265,20000,observed,observed randomization
tikz-frontier-v1,figure3,D,Conditional theorem calibration,19,miss_calibration,observed_randomization,rho_1250_seed_018,1.25,18,,0.7471070138530541,0.75,0.75,0.75,20000,observed,observed randomization
tikz-frontier-v1,figure3,D,Conditional theorem calibration,20,miss_calibration,observed_randomization,rho_1250_seed_019,1.25,19,,0.842329880955208,0.8437,0.8437,0.8437,20000,observed,observed randomization
tikz-frontier-v1,figure3,D,Conditional theorem calibration,21,miss_calibration,observed_randomization,rho_1250_seed_020,1.25,20,,0.3576994570559883,0.35235,0.35235,0.35235,20000,observed,observed randomization
tikz-frontier-v1,figure3,D,Conditional theorem calibration,22,miss_calibration,observed_randomization,rho_1250_seed_021,1.25,21,,0.5879973028138135,0.5882,0.5882,0.5882,20000,observed,observed randomization
tikz-frontier-v1,figure3,D,Conditional theorem calibration,23,miss_calibration,observed_randomization,rho_1250_seed_022,1.25,22,,0.522994513731418,0.52115,0.52115,0.52115,20000,observed,observed randomization
tikz-frontier-v1,figure3,D,Conditional theorem calibration,24,miss_calibration,observed_randomization,rho_1250_seed_023,1.25,23,,0.5564289566942681,0.55535,0.55535,0.55535,20000,observed,observed randomization
tikz-frontier-v1,figure3,D,Conditional theorem calibration,25,miss_calibration,observed_randomization,rho_1250_seed_024,1.25,24,,0.12738752214078067,0.1319,0.1319,0.1319,20000,observed,observed randomization
tikz-frontier-v1,figure3,D,Conditional theorem calibration,26,miss_calibration,observed_randomization,rho_1250_seed_025,1.25,25,,0.38721370348838524,0.3884,0.3884,0.3884,20000,observed,observed randomization
tikz-frontier-v1,figure3,D,Conditional theorem calibration,27,miss_calibration,observed_randomization,rho_1250_seed_026,1.25,26,,0.7986143210574056,0.7977,0.7977,0.7977,20000,observed,observed randomization
tikz-frontier-v1,figure3,D,Conditional theorem calibration,28,miss_calibration,observed_randomization,rho_1250_seed_027,1.25,27,,0.3590361680892769,0.3513,0.3513,0.3513,20000,observed,observed randomization
tikz-frontier-v1,figure3,D,Conditional theorem calibration,29,miss_calibration,observed_randomization,rho_1250_seed_028,1.25,28,,0.5032691907978294,0.5022,0.5022,0.5022,20000,observed,observed randomization
tikz-frontier-v1,figure3,D,Conditional theorem calibration,30,miss_calibration,observed_randomization,rho_1250_seed_029,1.25,29,,0.3804222175803644,0.37905,0.37905,0.37905,20000,observed,observed randomization
tikz-frontier-v1,figure3,D,Conditional theorem calibration,31,miss_calibration,observed_randomization,rho_1250_seed_030,1.25,30,,0.6288662541235241,0.62895,0.62895,0.62895,20000,observed,observed randomization
tikz-frontier-v1,figure3,D,Conditional theorem calibration,32,miss_calibration,observed_randomization,rho_1250_seed_031,1.25,31,,0.2897087215297275,0.2895,0.2895,0.2895,20000,observed,observed randomization
tikz-frontier-v1,figure3,D,Conditional theorem calibration,33,miss_calibration,observed_randomization,rho_1250_seed_032,1.25,32,,0.5249722553076026,0.5251,0.5251,0.5251,20000,observed,observed randomization
tikz-frontier-v1,figure3,D,Conditional theorem calibration,34,miss_calibration,observed_randomization,rho_1250_seed_033,1.25,33,,0.6032184594019478,0.60555,0.60555,0.60555,20000,observed,observed randomization
tikz-frontier-v1,figure3,D,Conditional theorem calibration,35,miss_calibration,observed_randomization,rho_1250_seed_034,1.25,34,,0.5052628441218191,0.5111,0.5111,0.5111,20000,observed,observed randomization
tikz-frontier-v1,figure3,D,Conditional theorem calibration,36,miss_calibration,observed_randomization,rho_1250_seed_035,1.25,35,,0.7420916615735867,0.7427,0.7427,0.7427,20000,observed,observed randomization
tikz-frontier-v1,figure3,D,Conditional theorem calibration,37,miss_calibration,observed_randomization,rho_1250_seed_036,1.25,36,,0.2230733369768573,0.22175,0.22175,0.22175,20000,observed,observed randomization
tikz-frontier-v1,figure3,D,Conditional theorem calibration,38,miss_calibration,observed_randomization,rho_1250_seed_037,1.25,37,,0.5867883385281992,0.58885,0.58885,0.58885,20000,observed,observed randomization
tikz-frontier-v1,figure3,D,Conditional theorem calibration,39,miss_calibration,observed_randomization,rho_1250_seed_038,1.25,38,,0.5012795302937711,0.5007,0.5007,0.5007,20000,observed,observed randomization
tikz-frontier-v1,figure3,D,Conditional theorem calibration,40,miss_calibration,observed_randomization,rho_1250_seed_039,1.25,39,,0.3238108507062422,0.31785,0.31785,0.31785,20000,observed,observed randomization
tikz-frontier-v1,figure3,D,Conditional theorem calibration,1,miss_calibration,observed_randomization,rho_1500_seed_000,1.5,0,,0.5897550722925311,0.5914,0.5914,0.5914,20000,observed,observed randomization
tikz-frontier-v1,figure3,D,Conditional theorem calibration,2,miss_calibration,observed_randomization,rho_1500_seed_001,1.5,1,,0.3857105250683488,0.38295,0.38295,0.38295,20000,observed,observed randomization
tikz-frontier-v1,figure3,D,Conditional theorem calibration,3,miss_calibration,observed_randomization,rho_1500_seed_002,1.5,2,,0.6357066520916865,0.635,0.635,0.635,20000,observed,observed randomization
tikz-frontier-v1,figure3,D,Conditional theorem calibration,4,miss_calibration,observed_randomization,rho_1500_seed_003,1.5,3,,0.4848203094404538,0.48855,0.48855,0.48855,20000,observed,observed randomization
tikz-frontier-v1,figure3,D,Conditional theorem calibration,5,miss_calibration,observed_randomization,rho_1500_seed_004,1.5,4,,0.7414444436781372,0.7404,0.7404,0.7404,20000,observed,observed randomization
tikz-frontier-v1,figure3,D,Conditional theorem calibration,6,miss_calibration,observed_randomization,rho_1500_seed_005,1.5,5,,0.6693742024259864,0.664,0.664,0.664,20000,observed,observed randomization
tikz-frontier-v1,figure3,D,Conditional theorem calibration,7,miss_calibration,observed_randomization,rho_1500_seed_006,1.5,6,,0.5364701558695776,0.53365,0.53365,0.53365,20000,observed,observed randomization
tikz-frontier-v1,figure3,D,Conditional theorem calibration,8,miss_calibration,observed_randomization,rho_1500_seed_007,1.5,7,,0.8103836690653706,0.81215,0.81215,0.81215,20000,observed,observed randomization
tikz-frontier-v1,figure3,D,Conditional theorem calibration,9,miss_calibration,observed_randomization,rho_1500_seed_008,1.5,8,,0.7470543471480008,0.74455,0.74455,0.74455,20000,observed,observed randomization
tikz-frontier-v1,figure3,D,Conditional theorem calibration,10,miss_calibration,observed_randomization,rho_1500_seed_009,1.5,9,,0.782453129454109,0.78535,0.78535,0.78535,20000,observed,observed randomization
tikz-frontier-v1,figure3,D,Conditional theorem calibration,11,miss_calibration,observed_randomization,rho_1500_seed_010,1.5,10,,0.8593086146595104,0.86005,0.86005,0.86005,20000,observed,observed randomization
tikz-frontier-v1,figure3,D,Conditional theorem calibration,12,miss_calibration,observed_randomization,rho_1500_seed_011,1.5,11,,0.641855155161335,0.6374,0.6374,0.6374,20000,observed,observed randomization
tikz-frontier-v1,figure3,D,Conditional theorem calibration,13,miss_calibration,observed_randomization,rho_1500_seed_012,1.5,12,,0.5092466062902776,0.51065,0.51065,0.51065,20000,observed,observed randomization
tikz-frontier-v1,figure3,D,Conditional theorem calibration,14,miss_calibration,observed_randomization,rho_1500_seed_013,1.5,13,,0.1393771071703288,0.14295,0.14295,0.14295,20000,observed,observed randomization
tikz-frontier-v1,figure3,D,Conditional theorem calibration,15,miss_calibration,observed_randomization,rho_1500_seed_014,1.5,14,,0.6628620263301576,0.66355,0.66355,0.66355,20000,observed,observed randomization
tikz-frontier-v1,figure3,D,Conditional theorem calibration,16,miss_calibration,observed_randomization,rho_1500_seed_015,1.5,15,,0.41877072706368307,0.41625,0.41625,0.41625,20000,observed,observed randomization
tikz-frontier-v1,figure3,D,Conditional theorem calibration,17,miss_calibration,observed_randomization,rho_1500_seed_016,1.5,16,,0.4090132882118574,0.40335,0.40335,0.40335,20000,observed,observed randomization
tikz-frontier-v1,figure3,D,Conditional theorem calibration,18,miss_calibration,observed_randomization,rho_1500_seed_017,1.5,17,,0.5464557230093103,0.5478,0.5478,0.5478,20000,observed,observed randomization
tikz-frontier-v1,figure3,D,Conditional theorem calibration,19,miss_calibration,observed_randomization,rho_1500_seed_018,1.5,18,,0.9452276304709555,0.9456,0.9456,0.9456,20000,observed,observed randomization
tikz-frontier-v1,figure3,D,Conditional theorem calibration,20,miss_calibration,observed_randomization,rho_1500_seed_019,1.5,19,,0.18407597940036027,0.18315,0.18315,0.18315,20000,observed,observed randomization
tikz-frontier-v1,figure3,D,Conditional theorem calibration,21,miss_calibration,observed_randomization,rho_1500_seed_020,1.5,20,,0.6528174904894443,0.6536,0.6536,0.6536,20000,observed,observed randomization
tikz-frontier-v1,figure3,D,Conditional theorem calibration,22,miss_calibration,observed_randomization,rho_1500_seed_021,1.5,21,,0.20184642250272192,0.20905,0.20905,0.20905,20000,observed,observed randomization
tikz-frontier-v1,figure3,D,Conditional theorem calibration,23,miss_calibration,observed_randomization,rho_1500_seed_022,1.5,22,,0.7606584742747496,0.7561,0.7561,0.7561,20000,observed,observed randomization
tikz-frontier-v1,figure3,D,Conditional theorem calibration,24,miss_calibration,observed_randomization,rho_1500_seed_023,1.5,23,,0.515142705155966,0.51195,0.51195,0.51195,20000,observed,observed randomization
tikz-frontier-v1,figure3,D,Conditional theorem calibration,25,miss_calibration,observed_randomization,rho_1500_seed_024,1.5,24,,0.519770853109168,0.52615,0.52615,0.52615,20000,observed,observed randomization
tikz-frontier-v1,figure3,D,Conditional theorem calibration,26,miss_calibration,observed_randomization,rho_1500_seed_025,1.5,25,,0.756194333651245,0.7572,0.7572,0.7572,20000,observed,observed randomization
tikz-frontier-v1,figure3,D,Conditional theorem calibration,27,miss_calibration,observed_randomization,rho_1500_seed_026,1.5,26,,0.5308648755423366,0.53175,0.53175,0.53175,20000,observed,observed randomization
tikz-frontier-v1,figure3,D,Conditional theorem calibration,28,miss_calibration,observed_randomization,rho_1500_seed_027,1.5,27,,0.6322848162712369,0.6332,0.6332,0.6332,20000,observed,observed randomization
tikz-frontier-v1,figure3,D,Conditional theorem calibration,29,miss_calibration,observed_randomization,rho_1500_seed_028,1.5,28,,0.8046344288054375,0.80585,0.80585,0.80585,20000,observed,observed randomization
tikz-frontier-v1,figure3,D,Conditional theorem calibration,30,miss_calibration,observed_randomization,rho_1500_seed_029,1.5,29,,0.548220701620984,0.5477,0.5477,0.5477,20000,observed,observed randomization
tikz-frontier-v1,figure3,D,Conditional theorem calibration,31,miss_calibration,observed_randomization,rho_1500_seed_030,1.5,30,,0.7503247206116707,0.74725,0.74725,0.74725,20000,observed,observed randomization
tikz-frontier-v1,figure3,D,Conditional theorem calibration,32,miss_calibration,observed_randomization,rho_1500_seed_031,1.5,31,,0.4333982344666583,0.43655,0.43655,0.43655,20000,observed,observed randomization
tikz-frontier-v1,figure3,D,Conditional theorem calibration,33,miss_calibration,observed_randomization,rho_1500_seed_032,1.5,32,,0.6277902605862469,0.6307,0.6307,0.6307,20000,observed,observed randomization
tikz-frontier-v1,figure3,D,Conditional theorem calibration,34,miss_calibration,observed_randomization,rho_1500_seed_033,1.5,33,,0.6863614581584858,0.68895,0.68895,0.68895,20000,observed,observed randomization
tikz-frontier-v1,figure3,D,Conditional theorem calibration,35,miss_calibration,observed_randomization,rho_1500_seed_034,1.5,34,,0.5803539254553958,0.57655,0.57655,0.57655,20000,observed,observed randomization
tikz-frontier-v1,figure3,D,Conditional theorem calibration,36,miss_calibration,observed_randomization,rho_1500_seed_035,1.5,35,,0.633691662117953,0.63295,0.63295,0.63295,20000,observed,observed randomization
tikz-frontier-v1,figure3,D,Conditional theorem calibration,37,miss_calibration,observed_randomization,rho_1500_seed_036,1.5,36,,0.8245771057056723,0.8284,0.8284,0.8284,20000,observed,observed randomization
tikz-frontier-v1,figure3,D,Conditional theorem calibration,38,miss_calibration,observed_randomization,rho_1500_seed_037,1.5,37,,0.6986568002382741,0.69205,0.69205,0.69205,20000,observed,observed randomization
tikz-frontier-v1,figure3,D,Conditional theorem calibration,39,miss_calibration,observed_randomization,rho_1500_seed_038,1.5,38,,0.7148700676941071,0.71505,0.71505,0.71505,20000,observed,observed randomization
tikz-frontier-v1,figure3,D,Conditional theorem calibration,40,miss_calibration,observed_randomization,rho_1500_seed_039,1.5,39,,0.8366611504354866,0.83415,0.83415,0.83415,20000,observed,observed randomization
tikz-frontier-v1,figure3,D,Conditional theorem calibration,1,miss_calibration,observed_randomization,rho_1750_seed_000,1.75,0,,0.7217673504481709,0.71985,0.71985,0.71985,20000,observed,observed randomization
tikz-frontier-v1,figure3,D,Conditional theorem calibration,2,miss_calibration,observed_randomization,rho_1750_seed_001,1.75,1,,0.7596314351290384,0.7563,0.7563,0.7563,20000,observed,observed randomization
tikz-frontier-v1,figure3,D,Conditional theorem calibration,3,miss_calibration,observed_randomization,rho_1750_seed_002,1.75,2,,0.5595266220196254,0.5616,0.5616,0.5616,20000,observed,observed randomization
tikz-frontier-v1,figure3,D,Conditional theorem calibration,4,miss_calibration,observed_randomization,rho_1750_seed_003,1.75,3,,0.7554659369009766,0.75455,0.75455,0.75455,20000,observed,observed randomization
tikz-frontier-v1,figure3,D,Conditional theorem calibration,5,miss_calibration,observed_randomization,rho_1750_seed_004,1.75,4,,0.8595810947769486,0.8603,0.8603,0.8603,20000,observed,observed randomization
tikz-frontier-v1,figure3,D,Conditional theorem calibration,6,miss_calibration,observed_randomization,rho_1750_seed_005,1.75,5,,0.8782663750789301,0.8751,0.8751,0.8751,20000,observed,observed randomization
tikz-frontier-v1,figure3,D,Conditional theorem calibration,7,miss_calibration,observed_randomization,rho_1750_seed_006,1.75,6,,0.0,0.0,0.0,0.0,20000,observed,observed randomization
tikz-frontier-v1,figure3,D,Conditional theorem calibration,8,miss_calibration,observed_randomization,rho_1750_seed_007,1.75,7,,0.21644319695132871,0.219,0.219,0.219,20000,observed,observed randomization
tikz-frontier-v1,figure3,D,Conditional theorem calibration,9,miss_calibration,observed_randomization,rho_1750_seed_008,1.75,8,,0.6319325579096591,0.6344,0.6344,0.6344,20000,observed,observed randomization
tikz-frontier-v1,figure3,D,Conditional theorem calibration,10,miss_calibration,observed_randomization,rho_1750_seed_009,1.75,9,,0.6582714672191995,0.65805,0.65805,0.65805,20000,observed,observed randomization
tikz-frontier-v1,figure3,D,Conditional theorem calibration,11,miss_calibration,observed_randomization,rho_1750_seed_010,1.75,10,,0.7753600641565707,0.77885,0.77885,0.77885,20000,observed,observed randomization
tikz-frontier-v1,figure3,D,Conditional theorem calibration,12,miss_calibration,observed_randomization,rho_1750_seed_011,1.75,11,,0.764276831148099,0.77075,0.77075,0.77075,20000,observed,observed randomization
tikz-frontier-v1,figure3,D,Conditional theorem calibration,13,miss_calibration,observed_randomization,rho_1750_seed_012,1.75,12,,0.751778940954213,0.747,0.747,0.747,20000,observed,observed randomization
tikz-frontier-v1,figure3,D,Conditional theorem calibration,14,miss_calibration,observed_randomization,rho_1750_seed_013,1.75,13,,0.8988804486051566,0.89855,0.89855,0.89855,20000,observed,observed randomization
tikz-frontier-v1,figure3,D,Conditional theorem calibration,15,miss_calibration,observed_randomization,rho_1750_seed_014,1.75,14,,0.910513142949016,0.9134,0.9134,0.9134,20000,observed,observed randomization
tikz-frontier-v1,figure3,D,Conditional theorem calibration,16,miss_calibration,observed_randomization,rho_1750_seed_015,1.75,15,,0.7458267974063808,0.7478,0.7478,0.7478,20000,observed,observed randomization
tikz-frontier-v1,figure3,D,Conditional theorem calibration,17,miss_calibration,observed_randomization,rho_1750_seed_016,1.75,16,,0.6964721902500783,0.698,0.698,0.698,20000,observed,observed randomization
tikz-frontier-v1,figure3,D,Conditional theorem calibration,18,miss_calibration,observed_randomization,rho_1750_seed_017,1.75,17,,0.8013198403370605,0.80635,0.80635,0.80635,20000,observed,observed randomization
tikz-frontier-v1,figure3,D,Conditional theorem calibration,19,miss_calibration,observed_randomization,rho_1750_seed_018,1.75,18,,0.05703023728808771,0.0558,0.0558,0.0558,20000,observed,observed randomization
tikz-frontier-v1,figure3,D,Conditional theorem calibration,20,miss_calibration,observed_randomization,rho_1750_seed_019,1.75,19,,0.11230657771322428,0.1066,0.1066,0.1066,20000,observed,observed randomization
tikz-frontier-v1,figure3,D,Conditional theorem calibration,21,miss_calibration,observed_randomization,rho_1750_seed_020,1.75,20,,0.7947766851183793,0.7929,0.7929,0.7929,20000,observed,observed randomization
tikz-frontier-v1,figure3,D,Conditional theorem calibration,22,miss_calibration,observed_randomization,rho_1750_seed_021,1.75,21,,0.34092161993092496,0.3462,0.3462,0.3462,20000,observed,observed randomization
tikz-frontier-v1,figure3,D,Conditional theorem calibration,23,miss_calibration,observed_randomization,rho_1750_seed_022,1.75,22,,0.7781504156246557,0.77515,0.77515,0.77515,20000,observed,observed randomization
tikz-frontier-v1,figure3,D,Conditional theorem calibration,24,miss_calibration,observed_randomization,rho_1750_seed_023,1.75,23,,0.8915349248702384,0.88835,0.88835,0.88835,20000,observed,observed randomization
tikz-frontier-v1,figure3,D,Conditional theorem calibration,25,miss_calibration,observed_randomization,rho_1750_seed_024,1.75,24,,0.12581231546413013,0.12745,0.12745,0.12745,20000,observed,observed randomization
tikz-frontier-v1,figure3,D,Conditional theorem calibration,26,miss_calibration,observed_randomization,rho_1750_seed_025,1.75,25,,0.15054533153496955,0.15515,0.15515,0.15515,20000,observed,observed randomization
tikz-frontier-v1,figure3,D,Conditional theorem calibration,27,miss_calibration,observed_randomization,rho_1750_seed_026,1.75,26,,0.8458563523622117,0.8499,0.8499,0.8499,20000,observed,observed randomization
tikz-frontier-v1,figure3,D,Conditional theorem calibration,28,miss_calibration,observed_randomization,rho_1750_seed_027,1.75,27,,0.9239481317309035,0.92565,0.92565,0.92565,20000,observed,observed randomization
tikz-frontier-v1,figure3,D,Conditional theorem calibration,29,miss_calibration,observed_randomization,rho_1750_seed_028,1.75,28,,0.7732556067688962,0.77415,0.77415,0.77415,20000,observed,observed randomization
tikz-frontier-v1,figure3,D,Conditional theorem calibration,30,miss_calibration,observed_randomization,rho_1750_seed_029,1.75,29,,0.658718571491998,0.65605,0.65605,0.65605,20000,observed,observed randomization
tikz-frontier-v1,figure3,D,Conditional theorem calibration,31,miss_calibration,observed_randomization,rho_1750_seed_030,1.75,30,,0.6648659758902301,0.6624,0.6624,0.6624,20000,observed,observed randomization
tikz-frontier-v1,figure3,D,Conditional theorem calibration,32,miss_calibration,observed_randomization,rho_1750_seed_031,1.75,31,,0.2626975568163665,0.2622,0.2622,0.2622,20000,observed,observed randomization
tikz-frontier-v1,figure3,D,Conditional theorem calibration,33,miss_calibration,observed_randomization,rho_1750_seed_032,1.75,32,,0.8204838075514828,0.8221,0.8221,0.8221,20000,observed,observed randomization
tikz-frontier-v1,figure3,D,Conditional theorem calibration,34,miss_calibration,observed_randomization,rho_1750_seed_033,1.75,33,,0.6647006273848439,0.66275,0.66275,0.66275,20000,observed,observed randomization
tikz-frontier-v1,figure3,D,Conditional theorem calibration,35,miss_calibration,observed_randomization,rho_1750_seed_034,1.75,34,,0.8468838080827029,0.8484,0.8484,0.8484,20000,observed,observed randomization
tikz-frontier-v1,figure3,D,Conditional theorem calibration,36,miss_calibration,observed_randomization,rho_1750_seed_035,1.75,35,,0.2096662355582308,0.2122,0.2122,0.2122,20000,observed,observed randomization
tikz-frontier-v1,figure3,D,Conditional theorem calibration,37,miss_calibration,observed_randomization,rho_1750_seed_036,1.75,36,,0.6926783933153742,0.7017,0.7017,0.7017,20000,observed,observed randomization
tikz-frontier-v1,figure3,D,Conditional theorem calibration,38,miss_calibration,observed_randomization,rho_1750_seed_037,1.75,37,,0.9224274658567866,0.9215,0.9215,0.9215,20000,observed,observed randomization
tikz-frontier-v1,figure3,D,Conditional theorem calibration,39,miss_calibration,observed_randomization,rho_1750_seed_038,1.75,38,,0.5235502394856418,0.5233,0.5233,0.5233,20000,observed,observed randomization
tikz-frontier-v1,figure3,D,Conditional theorem calibration,40,miss_calibration,observed_randomization,rho_1750_seed_039,1.75,39,,0.6642153528902097,0.66335,0.66335,0.66335,20000,observed,observed randomization
tikz-frontier-v1,figure3,D,Conditional theorem calibration,1,miss_calibration,observed_randomization,rho_2000_seed_000,2.0,0,,0.8243719591872565,0.82265,0.82265,0.82265,20000,observed,observed randomization
tikz-frontier-v1,figure3,D,Conditional theorem calibration,2,miss_calibration,observed_randomization,rho_2000_seed_001,2.0,1,,0.0,0.0,0.0,0.0,20000,observed,observed randomization
tikz-frontier-v1,figure3,D,Conditional theorem calibration,3,miss_calibration,observed_randomization,rho_2000_seed_002,2.0,2,,0.4867277814633301,0.484,0.484,0.484,20000,observed,observed randomization
tikz-frontier-v1,figure3,D,Conditional theorem calibration,4,miss_calibration,observed_randomization,rho_2000_seed_003,2.0,3,,0.9055528595604744,0.90535,0.90535,0.90535,20000,observed,observed randomization
tikz-frontier-v1,figure3,D,Conditional theorem calibration,5,miss_calibration,observed_randomization,rho_2000_seed_004,2.0,4,,0.9501621106428444,0.95135,0.95135,0.95135,20000,observed,observed randomization
tikz-frontier-v1,figure3,D,Conditional theorem calibration,6,miss_calibration,observed_randomization,rho_2000_seed_005,2.0,5,,0.609271947961214,0.6092,0.6092,0.6092,20000,observed,observed randomization
tikz-frontier-v1,figure3,D,Conditional theorem calibration,7,miss_calibration,observed_randomization,rho_2000_seed_006,2.0,6,,0.708307942240814,0.7093,0.7093,0.7093,20000,observed,observed randomization
tikz-frontier-v1,figure3,D,Conditional theorem calibration,8,miss_calibration,observed_randomization,rho_2000_seed_007,2.0,7,,0.7828715767044846,0.78155,0.78155,0.78155,20000,observed,observed randomization
tikz-frontier-v1,figure3,D,Conditional theorem calibration,9,miss_calibration,observed_randomization,rho_2000_seed_008,2.0,8,,0.4457435455656469,0.446,0.446,0.446,20000,observed,observed randomization
tikz-frontier-v1,figure3,D,Conditional theorem calibration,10,miss_calibration,observed_randomization,rho_2000_seed_009,2.0,9,,0.49298817403367323,0.49365,0.49365,0.49365,20000,observed,observed randomization
tikz-frontier-v1,figure3,D,Conditional theorem calibration,11,miss_calibration,observed_randomization,rho_2000_seed_010,2.0,10,,0.5630441201853995,0.5583,0.5583,0.5583,20000,observed,observed randomization
tikz-frontier-v1,figure3,D,Conditional theorem calibration,12,miss_calibration,observed_randomization,rho_2000_seed_011,2.0,11,,0.5049106343460291,0.50085,0.50085,0.50085,20000,observed,observed randomization
tikz-frontier-v1,figure3,D,Conditional theorem calibration,13,miss_calibration,observed_randomization,rho_2000_seed_012,2.0,12,,0.4617457706422031,0.4603,0.4603,0.4603,20000,observed,observed randomization
tikz-frontier-v1,figure3,D,Conditional theorem calibration,14,miss_calibration,observed_randomization,rho_2000_seed_013,2.0,13,,0.3567146606372801,0.3599,0.3599,0.3599,20000,observed,observed randomization
tikz-frontier-v1,figure3,D,Conditional theorem calibration,15,miss_calibration,observed_randomization,rho_2000_seed_014,2.0,14,,0.46012492741748723,0.4585,0.4585,0.4585,20000,observed,observed randomization
tikz-frontier-v1,figure3,D,Conditional theorem calibration,16,miss_calibration,observed_randomization,rho_2000_seed_015,2.0,15,,0.5418976253772569,0.5444,0.5444,0.5444,20000,observed,observed randomization
tikz-frontier-v1,figure3,D,Conditional theorem calibration,17,miss_calibration,observed_randomization,rho_2000_seed_016,2.0,16,,0.9421688621739989,0.9402,0.9402,0.9402,20000,observed,observed randomization
tikz-frontier-v1,figure3,D,Conditional theorem calibration,18,miss_calibration,observed_randomization,rho_2000_seed_017,2.0,17,,0.8125575099789876,0.81115,0.81115,0.81115,20000,observed,observed randomization
tikz-frontier-v1,figure3,D,Conditional theorem calibration,19,miss_calibration,observed_randomization,rho_2000_seed_018,2.0,18,,0.02312294975096531,0.02275,0.02275,0.02275,20000,observed,observed randomization
tikz-frontier-v1,figure3,D,Conditional theorem calibration,20,miss_calibration,observed_randomization,rho_2000_seed_019,2.0,19,,0.6099386387885486,0.60585,0.60585,0.60585,20000,observed,observed randomization
tikz-frontier-v1,figure3,D,Conditional theorem calibration,21,miss_calibration,observed_randomization,rho_2000_seed_020,2.0,20,,0.8364510467260592,0.8355,0.8355,0.8355,20000,observed,observed randomization
tikz-frontier-v1,figure3,D,Conditional theorem calibration,22,miss_calibration,observed_randomization,rho_2000_seed_021,2.0,21,,0.6937045407822887,0.69215,0.69215,0.69215,20000,observed,observed randomization
tikz-frontier-v1,figure3,D,Conditional theorem calibration,23,miss_calibration,observed_randomization,rho_2000_seed_022,2.0,22,,0.3797554626876127,0.38055,0.38055,0.38055,20000,observed,observed randomization
tikz-frontier-v1,figure3,D,Conditional theorem calibration,24,miss_calibration,observed_randomization,rho_2000_seed_023,2.0,23,,0.0,0.0,0.0,0.0,20000,observed,observed randomization
tikz-frontier-v1,figure3,D,Conditional theorem calibration,25,miss_calibration,observed_randomization,rho_2000_seed_024,2.0,24,,0.8011587174629607,0.80075,0.80075,0.80075,20000,observed,observed randomization
tikz-frontier-v1,figure3,D,Conditional theorem calibration,26,miss_calibration,observed_randomization,rho_2000_seed_025,2.0,25,,0.9271118477295418,0.92685,0.92685,0.92685,20000,observed,observed randomization
tikz-frontier-v1,figure3,D,Conditional theorem calibration,27,miss_calibration,observed_randomization,rho_2000_seed_026,2.0,26,,0.11125282717897778,0.10885,0.10885,0.10885,20000,observed,observed randomization
tikz-frontier-v1,figure3,D,Conditional theorem calibration,28,miss_calibration,observed_randomization,rho_2000_seed_027,2.0,27,,0.6288557178604973,0.62945,0.62945,0.62945,20000,observed,observed randomization
tikz-frontier-v1,figure3,D,Conditional theorem calibration,29,miss_calibration,observed_randomization,rho_2000_seed_028,2.0,28,,0.8700372045625072,0.8654,0.8654,0.8654,20000,observed,observed randomization
tikz-frontier-v1,figure3,D,Conditional theorem calibration,30,miss_calibration,observed_randomization,rho_2000_seed_029,2.0,29,,0.8879879594292587,0.89025,0.89025,0.89025,20000,observed,observed randomization
tikz-frontier-v1,figure3,D,Conditional theorem calibration,31,miss_calibration,observed_randomization,rho_2000_seed_030,2.0,30,,0.7153846879728196,0.7151,0.7151,0.7151,20000,observed,observed randomization
tikz-frontier-v1,figure3,D,Conditional theorem calibration,32,miss_calibration,observed_randomization,rho_2000_seed_031,2.0,31,,0.5853028821199373,0.58315,0.58315,0.58315,20000,observed,observed randomization
tikz-frontier-v1,figure3,D,Conditional theorem calibration,33,miss_calibration,observed_randomization,rho_2000_seed_032,2.0,32,,0.5279483051848489,0.5317,0.5317,0.5317,20000,observed,observed randomization
tikz-frontier-v1,figure3,D,Conditional theorem calibration,34,miss_calibration,observed_randomization,rho_2000_seed_033,2.0,33,,0.8774876902893178,0.88145,0.88145,0.88145,20000,observed,observed randomization
tikz-frontier-v1,figure3,D,Conditional theorem calibration,35,miss_calibration,observed_randomization,rho_2000_seed_034,2.0,34,,0.6462941409776357,0.64075,0.64075,0.64075,20000,observed,observed randomization
tikz-frontier-v1,figure3,D,Conditional theorem calibration,36,miss_calibration,observed_randomization,rho_2000_seed_035,2.0,35,,0.8951481559272864,0.89625,0.89625,0.89625,20000,observed,observed randomization
tikz-frontier-v1,figure3,D,Conditional theorem calibration,37,miss_calibration,observed_randomization,rho_2000_seed_036,2.0,36,,0.9619962622236881,0.96045,0.96045,0.96045,20000,observed,observed randomization
tikz-frontier-v1,figure3,D,Conditional theorem calibration,38,miss_calibration,observed_randomization,rho_2000_seed_037,2.0,37,,0.7641029217483897,0.76525,0.76525,0.76525,20000,observed,observed randomization
tikz-frontier-v1,figure3,D,Conditional theorem calibration,39,miss_calibration,observed_randomization,rho_2000_seed_038,2.0,38,,0.9453909689675839,0.9473,0.9473,0.9473,20000,observed,observed randomization
tikz-frontier-v1,figure3,D,Conditional theorem calibration,40,miss_calibration,observed_randomization,rho_2000_seed_039,2.0,39,,0.0,0.0,0.0,0.0,20000,observed,observed randomization
tikz-frontier-v1,figure3,D,Conditional theorem calibration,1,miss_calibration,observed_randomization,rho_2250_seed_000,2.25,0,,0.6320366154133424,0.63055,0.63055,0.63055,20000,observed,observed randomization
tikz-frontier-v1,figure3,D,Conditional theorem calibration,2,miss_calibration,observed_randomization,rho_2250_seed_001,2.25,1,,0.5031796493560997,0.5038,0.5038,0.5038,20000,observed,observed randomization
tikz-frontier-v1,figure3,D,Conditional theorem calibration,3,miss_calibration,observed_randomization,rho_2250_seed_002,2.25,2,,0.9715213450588007,0.97105,0.97105,0.97105,20000,observed,observed randomization
tikz-frontier-v1,figure3,D,Conditional theorem calibration,4,miss_calibration,observed_randomization,rho_2250_seed_003,2.25,3,,0.27329905083311734,0.27195,0.27195,0.27195,20000,observed,observed randomization
tikz-frontier-v1,figure3,D,Conditional theorem calibration,5,miss_calibration,observed_randomization,rho_2250_seed_004,2.25,4,,0.8169892384155024,0.81925,0.81925,0.81925,20000,observed,observed randomization
tikz-frontier-v1,figure3,D,Conditional theorem calibration,6,miss_calibration,observed_randomization,rho_2250_seed_005,2.25,5,,0.7839665739467362,0.78205,0.78205,0.78205,20000,observed,observed randomization
tikz-frontier-v1,figure3,D,Conditional theorem calibration,7,miss_calibration,observed_randomization,rho_2250_seed_006,2.25,6,,0.060614858885076714,0.06045,0.06045,0.06045,20000,observed,observed randomization
tikz-frontier-v1,figure3,D,Conditional theorem calibration,8,miss_calibration,observed_randomization,rho_2250_seed_007,2.25,7,,0.8838480498541705,0.88275,0.88275,0.88275,20000,observed,observed randomization
tikz-frontier-v1,figure3,D,Conditional theorem calibration,9,miss_calibration,observed_randomization,rho_2250_seed_008,2.25,8,,0.922442799455348,0.92025,0.92025,0.92025,20000,observed,observed randomization
tikz-frontier-v1,figure3,D,Conditional theorem calibration,10,miss_calibration,observed_randomization,rho_2250_seed_009,2.25,9,,0.9344036309069212,0.935,0.935,0.935,20000,observed,observed randomization
tikz-frontier-v1,figure3,D,Conditional theorem calibration,11,miss_calibration,observed_randomization,rho_2250_seed_010,2.25,10,,0.9623923942976969,0.9632,0.9632,0.9632,20000,observed,observed randomization
tikz-frontier-v1,figure3,D,Conditional theorem calibration,12,miss_calibration,observed_randomization,rho_2250_seed_011,2.25,11,,0.9640432159089092,0.9644,0.9644,0.9644,20000,observed,observed randomization
tikz-frontier-v1,figure3,D,Conditional theorem calibration,13,miss_calibration,observed_randomization,rho_2250_seed_012,2.25,12,,0.8441297100521252,0.846,0.846,0.846,20000,observed,observed randomization
tikz-frontier-v1,figure3,D,Conditional theorem calibration,14,miss_calibration,observed_randomization,rho_2250_seed_013,2.25,13,,0.6103602676752857,0.6096,0.6096,0.6096,20000,observed,observed randomization
tikz-frontier-v1,figure3,D,Conditional theorem calibration,15,miss_calibration,observed_randomization,rho_2250_seed_014,2.25,14,,0.9146775937355338,0.91105,0.91105,0.91105,20000,observed,observed randomization
tikz-frontier-v1,figure3,D,Conditional theorem calibration,16,miss_calibration,observed_randomization,rho_2250_seed_015,2.25,15,,0.636088077514401,0.63115,0.63115,0.63115,20000,observed,observed randomization
tikz-frontier-v1,figure3,D,Conditional theorem calibration,17,miss_calibration,observed_randomization,rho_2250_seed_016,2.25,16,,0.613832631281326,0.6168,0.6168,0.6168,20000,observed,observed randomization
tikz-frontier-v1,figure3,D,Conditional theorem calibration,18,miss_calibration,observed_randomization,rho_2250_seed_017,2.25,17,,0.9385977725006585,0.9393,0.9393,0.9393,20000,observed,observed randomization
tikz-frontier-v1,figure3,D,Conditional theorem calibration,19,miss_calibration,observed_randomization,rho_2250_seed_018,2.25,18,,0.9620908524579382,0.9604,0.9604,0.9604,20000,observed,observed randomization
tikz-frontier-v1,figure3,D,Conditional theorem calibration,20,miss_calibration,observed_randomization,rho_2250_seed_019,2.25,19,,0.9239509507740598,0.9232,0.9232,0.9232,20000,observed,observed randomization
tikz-frontier-v1,figure3,D,Conditional theorem calibration,21,miss_calibration,observed_randomization,rho_2250_seed_020,2.25,20,,0.8055228697032366,0.80425,0.80425,0.80425,20000,observed,observed randomization
tikz-frontier-v1,figure3,D,Conditional theorem calibration,22,miss_calibration,observed_randomization,rho_2250_seed_021,2.25,21,,0.5358214315095312,0.53625,0.53625,0.53625,20000,observed,observed randomization
tikz-frontier-v1,figure3,D,Conditional theorem calibration,23,miss_calibration,observed_randomization,rho_2250_seed_022,2.25,22,,0.0976551221994634,0.0939,0.0939,0.0939,20000,observed,observed randomization
tikz-frontier-v1,figure3,D,Conditional theorem calibration,24,miss_calibration,observed_randomization,rho_2250_seed_023,2.25,23,,0.0,0.0,0.0,0.0,20000,observed,observed randomization
tikz-frontier-v1,figure3,D,Conditional theorem calibration,25,miss_calibration,observed_randomization,rho_2250_seed_024,2.25,24,,0.9430442371326054,0.94465,0.94465,0.94465,20000,observed,observed randomization
tikz-frontier-v1,figure3,D,Conditional theorem calibration,26,miss_calibration,observed_randomization,rho_2250_seed_025,2.25,25,,0.9100715642260292,0.9081,0.9081,0.9081,20000,observed,observed randomization
tikz-frontier-v1,figure3,D,Conditional theorem calibration,27,miss_calibration,observed_randomization,rho_2250_seed_026,2.25,26,,0.5808606990497784,0.58295,0.58295,0.58295,20000,observed,observed randomization
tikz-frontier-v1,figure3,D,Conditional theorem calibration,28,miss_calibration,observed_randomization,rho_2250_seed_027,2.25,27,,0.3263061719076377,0.325,0.325,0.325,20000,observed,observed randomization
tikz-frontier-v1,figure3,D,Conditional theorem calibration,29,miss_calibration,observed_randomization,rho_2250_seed_028,2.25,28,,0.9018936609759547,0.90165,0.90165,0.90165,20000,observed,observed randomization
tikz-frontier-v1,figure3,D,Conditional theorem calibration,30,miss_calibration,observed_randomization,rho_2250_seed_029,2.25,29,,0.8888615584329327,0.8879,0.8879,0.8879,20000,observed,observed randomization
tikz-frontier-v1,figure3,D,Conditional theorem calibration,31,miss_calibration,observed_randomization,rho_2250_seed_030,2.25,30,,0.8607270519610637,0.8651,0.8651,0.8651,20000,observed,observed randomization
tikz-frontier-v1,figure3,D,Conditional theorem calibration,32,miss_calibration,observed_randomization,rho_2250_seed_031,2.25,31,,0.9588967298405363,0.9593,0.9593,0.9593,20000,observed,observed randomization
tikz-frontier-v1,figure3,D,Conditional theorem calibration,33,miss_calibration,observed_randomization,rho_2250_seed_032,2.25,32,,0.6711146368425343,0.67565,0.67565,0.67565,20000,observed,observed randomization
tikz-frontier-v1,figure3,D,Conditional theorem calibration,34,miss_calibration,observed_randomization,rho_2250_seed_033,2.25,33,,0.6185665796022479,0.622,0.622,0.622,20000,observed,observed randomization
tikz-frontier-v1,figure3,D,Conditional theorem calibration,35,miss_calibration,observed_randomization,rho_2250_seed_034,2.25,34,,0.35465224557272657,0.34885,0.34885,0.34885,20000,observed,observed randomization
tikz-frontier-v1,figure3,D,Conditional theorem calibration,36,miss_calibration,observed_randomization,rho_2250_seed_035,2.25,35,,0.8773677338821394,0.88245,0.88245,0.88245,20000,observed,observed randomization
tikz-frontier-v1,figure3,D,Conditional theorem calibration,37,miss_calibration,observed_randomization,rho_2250_seed_036,2.25,36,,0.8633929560077301,0.8643,0.8643,0.8643,20000,observed,observed randomization
tikz-frontier-v1,figure3,D,Conditional theorem calibration,38,miss_calibration,observed_randomization,rho_2250_seed_037,2.25,37,,0.9207624940832467,0.91855,0.91855,0.91855,20000,observed,observed randomization
tikz-frontier-v1,figure3,D,Conditional theorem calibration,39,miss_calibration,observed_randomization,rho_2250_seed_038,2.25,38,,0.8487564250808429,0.8469,0.8469,0.8469,20000,observed,observed randomization
tikz-frontier-v1,figure3,D,Conditional theorem calibration,40,miss_calibration,observed_randomization,rho_2250_seed_039,2.25,39,,0.883200272211478,0.8813,0.8813,0.8813,20000,observed,observed randomization
tikz-frontier-v1,figure3,D,Conditional theorem calibration,1,miss_calibration,observed_randomization,rho_2500_seed_000,2.5,0,,0.837465920830328,0.8394,0.8394,0.8394,20000,observed,observed randomization
tikz-frontier-v1,figure3,D,Conditional theorem calibration,2,miss_calibration,observed_randomization,rho_2500_seed_001,2.5,1,,0.15168209382064768,0.1566,0.1566,0.1566,20000,observed,observed randomization
tikz-frontier-v1,figure3,D,Conditional theorem calibration,3,miss_calibration,observed_randomization,rho_2500_seed_002,2.5,2,,0.7900313919173534,0.7888,0.7888,0.7888,20000,observed,observed randomization
tikz-frontier-v1,figure3,D,Conditional theorem calibration,4,miss_calibration,observed_randomization,rho_2500_seed_003,2.5,3,,0.8300618899552886,0.8263,0.8263,0.8263,20000,observed,observed randomization
tikz-frontier-v1,figure3,D,Conditional theorem calibration,5,miss_calibration,observed_randomization,rho_2500_seed_004,2.5,4,,0.9357219027895523,0.9362,0.9362,0.9362,20000,observed,observed randomization
tikz-frontier-v1,figure3,D,Conditional theorem calibration,6,miss_calibration,observed_randomization,rho_2500_seed_005,2.5,5,,0.9628522374541397,0.9626,0.9626,0.9626,20000,observed,observed randomization
tikz-frontier-v1,figure3,D,Conditional theorem calibration,7,miss_calibration,observed_randomization,rho_2500_seed_006,2.5,6,,0.8981359683197783,0.8993,0.8993,0.8993,20000,observed,observed randomization
tikz-frontier-v1,figure3,D,Conditional theorem calibration,8,miss_calibration,observed_randomization,rho_2500_seed_007,2.5,7,,0.49881388012999295,0.49345,0.49345,0.49345,20000,observed,observed randomization
tikz-frontier-v1,figure3,D,Conditional theorem calibration,9,miss_calibration,observed_randomization,rho_2500_seed_008,2.5,8,,0.9240304976025819,0.9229,0.9229,0.9229,20000,observed,observed randomization
tikz-frontier-v1,figure3,D,Conditional theorem calibration,10,miss_calibration,observed_randomization,rho_2500_seed_009,2.5,9,,0.894917272176805,0.89425,0.89425,0.89425,20000,observed,observed randomization
tikz-frontier-v1,figure3,D,Conditional theorem calibration,11,miss_calibration,observed_randomization,rho_2500_seed_010,2.5,10,,0.8273442073771555,0.8303,0.8303,0.8303,20000,observed,observed randomization
tikz-frontier-v1,figure3,D,Conditional theorem calibration,12,miss_calibration,observed_randomization,rho_2500_seed_011,2.5,11,,0.8696025571934448,0.86845,0.86845,0.86845,20000,observed,observed randomization
tikz-frontier-v1,figure3,D,Conditional theorem calibration,13,miss_calibration,observed_randomization,rho_2500_seed_012,2.5,12,,0.34886161810718735,0.3545,0.3545,0.3545,20000,observed,observed randomization
tikz-frontier-v1,figure3,D,Conditional theorem calibration,14,miss_calibration,observed_randomization,rho_2500_seed_013,2.5,13,,0.9234702764927843,0.92145,0.92145,0.92145,20000,observed,observed randomization
tikz-frontier-v1,figure3,D,Conditional theorem calibration,15,miss_calibration,observed_randomization,rho_2500_seed_014,2.5,14,,0.9811713176902203,0.98245,0.98245,0.98245,20000,observed,observed randomization
tikz-frontier-v1,figure3,D,Conditional theorem calibration,16,miss_calibration,observed_randomization,rho_2500_seed_015,2.5,15,,0.8148054503818483,0.81255,0.81255,0.81255,20000,observed,observed randomization
tikz-frontier-v1,figure3,D,Conditional theorem calibration,17,miss_calibration,observed_randomization,rho_2500_seed_016,2.5,16,,0.7187280039068067,0.7196,0.7196,0.7196,20000,observed,observed randomization
tikz-frontier-v1,figure3,D,Conditional theorem calibration,18,miss_calibration,observed_randomization,rho_2500_seed_017,2.5,17,,0.8804272135442357,0.88005,0.88005,0.88005,20000,observed,observed randomization
tikz-frontier-v1,figure3,D,Conditional theorem calibration,19,miss_calibration,observed_randomization,rho_2500_seed_018,2.5,18,,0.9562141654756117,0.9587,0.9587,0.9587,20000,observed,observed randomization
tikz-frontier-v1,figure3,D,Conditional theorem calibration,20,miss_calibration,observed_randomization,rho_2500_seed_019,2.5,19,,0.634060652052098,0.63585,0.63585,0.63585,20000,observed,observed randomization
tikz-frontier-v1,figure3,D,Conditional theorem calibration,21,miss_calibration,observed_randomization,rho_2500_seed_020,2.5,20,,0.7429660809174777,0.74505,0.74505,0.74505,20000,observed,observed randomization
tikz-frontier-v1,figure3,D,Conditional theorem calibration,22,miss_calibration,observed_randomization,rho_2500_seed_021,2.5,21,,0.9532442326498003,0.9547,0.9547,0.9547,20000,observed,observed randomization
tikz-frontier-v1,figure3,D,Conditional theorem calibration,23,miss_calibration,observed_randomization,rho_2500_seed_022,2.5,22,,0.9812835735596818,0.98135,0.98135,0.98135,20000,observed,observed randomization
tikz-frontier-v1,figure3,D,Conditional theorem calibration,24,miss_calibration,observed_randomization,rho_2500_seed_023,2.5,23,,0.9401442152894383,0.94015,0.94015,0.94015,20000,observed,observed randomization
tikz-frontier-v1,figure3,D,Conditional theorem calibration,25,miss_calibration,observed_randomization,rho_2500_seed_024,2.5,24,,0.9026666962535496,0.9009,0.9009,0.9009,20000,observed,observed randomization
tikz-frontier-v1,figure3,D,Conditional theorem calibration,26,miss_calibration,observed_randomization,rho_2500_seed_025,2.5,25,,0.9776617724625123,0.97665,0.97665,0.97665,20000,observed,observed randomization
tikz-frontier-v1,figure3,D,Conditional theorem calibration,27,miss_calibration,observed_randomization,rho_2500_seed_026,2.5,26,,0.9655577956864636,0.9647,0.9647,0.9647,20000,observed,observed randomization
tikz-frontier-v1,figure3,D,Conditional theorem calibration,28,miss_calibration,observed_randomization,rho_2500_seed_027,2.5,27,,0.9125420402058237,0.91015,0.91015,0.91015,20000,observed,observed randomization
tikz-frontier-v1,figure3,D,Conditional theorem calibration,29,miss_calibration,observed_randomization,rho_2500_seed_028,2.5,28,,0.8134760460940316,0.8169,0.8169,0.8169,20000,observed,observed randomization
tikz-frontier-v1,figure3,D,Conditional theorem calibration,30,miss_calibration,observed_randomization,rho_2500_seed_029,2.5,29,,0.8759489561912357,0.8768,0.8768,0.8768,20000,observed,observed randomization
tikz-frontier-v1,figure3,D,Conditional theorem calibration,31,miss_calibration,observed_randomization,rho_2500_seed_030,2.5,30,,0.8421861414631057,0.84285,0.84285,0.84285,20000,observed,observed randomization
tikz-frontier-v1,figure3,D,Conditional theorem calibration,32,miss_calibration,observed_randomization,rho_2500_seed_031,2.5,31,,0.23505233197620987,0.23255,0.23255,0.23255,20000,observed,observed randomization
tikz-frontier-v1,figure3,D,Conditional theorem calibration,33,miss_calibration,observed_randomization,rho_2500_seed_032,2.5,32,,0.0,0.0,0.0,0.0,20000,observed,observed randomization
tikz-frontier-v1,figure3,D,Conditional theorem calibration,34,miss_calibration,observed_randomization,rho_2500_seed_033,2.5,33,,0.8037358005143674,0.80135,0.80135,0.80135,20000,observed,observed randomization
tikz-frontier-v1,figure3,D,Conditional theorem calibration,35,miss_calibration,observed_randomization,rho_2500_seed_034,2.5,34,,0.6688074498342659,0.67175,0.67175,0.67175,20000,observed,observed randomization
tikz-frontier-v1,figure3,D,Conditional theorem calibration,36,miss_calibration,observed_randomization,rho_2500_seed_035,2.5,35,,0.9305607956196705,0.9291,0.9291,0.9291,20000,observed,observed randomization
tikz-frontier-v1,figure3,D,Conditional theorem calibration,37,miss_calibration,observed_randomization,rho_2500_seed_036,2.5,36,,0.5645739078618532,0.5665,0.5665,0.5665,20000,observed,observed randomization
tikz-frontier-v1,figure3,D,Conditional theorem calibration,38,miss_calibration,observed_randomization,rho_2500_seed_037,2.5,37,,0.22846163118352006,0.23195,0.23195,0.23195,20000,observed,observed randomization
tikz-frontier-v1,figure3,D,Conditional theorem calibration,39,miss_calibration,observed_randomization,rho_2500_seed_038,2.5,38,,0.8889742409896099,0.89005,0.89005,0.89005,20000,observed,observed randomization
tikz-frontier-v1,figure3,D,Conditional theorem calibration,40,miss_calibration,observed_randomization,rho_2500_seed_039,2.5,39,,0.957957744694333,0.9591,0.9591,0.9591,20000,observed,observed randomization
