summary_version,base_seed,weighted_simulator_version,target_log10_neff,neff_band_lower,neff_band_upper,neff_half_width,rho,alpha,m,pi1,requested_trials,attempt_index,accepted_index,n_cal,calib_ess,log10_neff,n_anomaly,actual_pi1,rank_delta,log10_rank_delta,rank_delta_above_one,perfect_any_discovery,perfect_power,perfect_fdr,perfect_auroc,perfect_perfect_separation_rate,finite_k3_any_discovery,finite_k3_power,finite_k3_fdr,finite_k3_auroc,finite_k3_perfect_separation_rate,attempts_for_cell
operational-sufficiency-v2,20260715,operational-envelope-v4,2.1,2.02,2.18,0.08,0.0,0.1,500,0.05,100,1,0,107,107.0,2.0293837776852097,25,0.05,1.8518518518518516,0.26760624017703144,True,False,0.0,0.0,1.0,1.0,False,0.0,0.0,0.9815578947368421,0.0,200
operational-sufficiency-v2,20260715,operational-envelope-v4,2.1,2.02,2.18,0.08,0.0,0.1,500,0.05,100,2,1,126,126.0,2.100370545117563,25,0.05,1.574803149606299,0.19722627470802429,True,False,0.0,0.0,1.0,1.0,False,0.0,0.0,0.958063157894737,0.0,200
operational-sufficiency-v2,20260715,operational-envelope-v4,2.1,2.02,2.18,0.08,0.0,0.1,500,0.05,100,3,2,145,145.0,2.161368002234975,25,0.05,1.36986301369863,0.13667713987954408,True,False,0.0,0.0,1.0,1.0,False,0.0,0.0,0.9936842105263157,0.0,200
operational-sufficiency-v2,20260715,operational-envelope-v4,2.1,2.02,2.18,0.08,0.0,0.1,500,0.05,100,7,3,107,107.0,2.0293837776852097,25,0.05,1.8518518518518516,0.26760624017703144,True,False,0.0,0.0,1.0,1.0,False,0.0,0.0,0.9793684210526317,0.0,200
operational-sufficiency-v2,20260715,operational-envelope-v4,2.1,2.02,2.18,0.08,0.0,0.1,500,0.05,100,8,4,126,126.0,2.100370545117563,25,0.05,1.574803149606299,0.19722627470802429,True,False,0.0,0.0,1.0,1.0,False,0.0,0.0,0.9787789473684211,0.0,200
operational-sufficiency-v2,20260715,operational-envelope-v4,2.1,2.02,2.18,0.08,0.0,0.1,500,0.05,100,9,5,145,145.0,2.161368002234975,25,0.05,1.36986301369863,0.13667713987954408,True,False,0.0,0.0,1.0,1.0,False,0.0,0.0,0.9808842105263159,0.0,200
operational-sufficiency-v2,20260715,operational-envelope-v4,2.1,2.02,2.18,0.08,0.0,0.1,500,0.05,100,13,6,107,107.0,2.0293837776852097,25,0.05,1.8518518518518516,0.26760624017703144,True,False,0.0,0.0,1.0,1.0,False,0.0,0.0,0.980042105263158,0.0,200
operational-sufficiency-v2,20260715,operational-envelope-v4,2.1,2.02,2.18,0.08,0.0,0.1,500,0.05,100,14,7,126,126.0,2.100370545117563,25,0.05,1.574803149606299,0.19722627470802429,True,False,0.0,0.0,1.0,1.0,False,0.0,0.0,0.9756631578947369,0.0,200
operational-sufficiency-v2,20260715,operational-envelope-v4,2.1,2.02,2.18,0.08,0.0,0.1,500,0.05,100,15,8,145,145.0,2.161368002234975,25,0.05,1.36986301369863,0.13667713987954408,True,False,0.0,0.0,1.0,1.0,False,0.0,0.0,0.9783578947368422,0.0,200
operational-sufficiency-v2,20260715,operational-envelope-v4,2.1,2.02,2.18,0.08,0.0,0.1,500,0.05,100,19,9,107,107.0,2.0293837776852097,25,0.05,1.8518518518518516,0.26760624017703144,True,False,0.0,0.0,1.0,1.0,False,0.0,0.0,0.989221052631579,0.0,200
operational-sufficiency-v2,20260715,operational-envelope-v4,2.1,2.02,2.18,0.08,0.0,0.1,500,0.05,100,20,10,126,126.0,2.100370545117563,25,0.05,1.574803149606299,0.19722627470802429,True,False,0.0,0.0,1.0,1.0,False,0.0,0.0,0.9970526315789473,0.0,200
operational-sufficiency-v2,20260715,operational-envelope-v4,2.1,2.02,2.18,0.08,0.0,0.1,500,0.05,100,21,11,145,145.0,2.161368002234975,25,0.05,1.36986301369863,0.13667713987954408,True,False,0.0,0.0,1.0,1.0,False,0.0,0.0,0.9945263157894737,0.0,200
operational-sufficiency-v2,20260715,operational-envelope-v4,2.1,2.02,2.18,0.08,0.0,0.1,500,0.05,100,25,12,107,107.0,2.0293837776852097,25,0.05,1.8518518518518516,0.26760624017703144,True,False,0.0,0.0,1.0,1.0,False,0.0,0.0,0.9908210526315788,0.0,200
operational-sufficiency-v2,20260715,operational-envelope-v4,2.1,2.02,2.18,0.08,0.0,0.1,500,0.05,100,26,13,126,126.0,2.100370545117563,25,0.05,1.574803149606299,0.19722627470802429,True,False,0.0,0.0,1.0,1.0,False,0.0,0.0,0.9760842105263159,0.0,200
operational-sufficiency-v2,20260715,operational-envelope-v4,2.1,2.02,2.18,0.08,0.0,0.1,500,0.05,100,27,14,145,145.0,2.161368002234975,25,0.05,1.36986301369863,0.13667713987954408,True,True,1.0,0.2857142857142857,1.0,1.0,False,0.0,0.0,0.9888842105263157,0.0,200
operational-sufficiency-v2,20260715,operational-envelope-v4,2.1,2.02,2.18,0.08,0.0,0.1,500,0.05,100,31,15,107,107.0,2.0293837776852097,25,0.05,1.8518518518518516,0.26760624017703144,True,False,0.0,0.0,1.0,1.0,False,0.0,0.0,0.976757894736842,0.0,200
operational-sufficiency-v2,20260715,operational-envelope-v4,2.1,2.02,2.18,0.08,0.0,0.1,500,0.05,100,32,16,126,126.0,2.100370545117563,25,0.05,1.574803149606299,0.19722627470802429,True,False,0.0,0.0,1.0,1.0,False,0.0,0.0,0.9863578947368421,0.0,200
operational-sufficiency-v2,20260715,operational-envelope-v4,2.1,2.02,2.18,0.08,0.0,0.1,500,0.05,100,33,17,145,145.0,2.161368002234975,25,0.05,1.36986301369863,0.13667713987954408,True,False,0.0,0.0,1.0,1.0,False,0.0,0.0,0.9817263157894736,0.0,200
operational-sufficiency-v2,20260715,operational-envelope-v4,2.1,2.02,2.18,0.08,0.0,0.1,500,0.05,100,37,18,107,107.0,2.0293837776852097,25,0.05,1.8518518518518516,0.26760624017703144,True,False,0.0,0.0,1.0,1.0,False,0.0,0.0,0.9946947368421053,0.0,200
operational-sufficiency-v2,20260715,operational-envelope-v4,2.1,2.02,2.18,0.08,0.0,0.1,500,0.05,100,38,19,126,126.0,2.100370545117563,25,0.05,1.574803149606299,0.19722627470802429,True,False,0.0,0.0,1.0,1.0,False,0.0,0.0,0.9898105263157895,0.0,200
operational-sufficiency-v2,20260715,operational-envelope-v4,2.1,2.02,2.18,0.08,0.0,0.1,500,0.05,100,39,20,145,145.0,2.161368002234975,25,0.05,1.36986301369863,0.13667713987954408,True,False,0.0,0.0,1.0,1.0,False,0.0,0.0,0.9898947368421053,0.0,200
operational-sufficiency-v2,20260715,operational-envelope-v4,2.1,2.02,2.18,0.08,0.0,0.1,500,0.05,100,43,21,107,107.0,2.0293837776852097,25,0.05,1.8518518518518516,0.26760624017703144,True,False,0.0,0.0,1.0,1.0,False,0.0,0.0,0.9712842105263157,0.0,200
operational-sufficiency-v2,20260715,operational-envelope-v4,2.1,2.02,2.18,0.08,0.0,0.1,500,0.05,100,44,22,126,126.0,2.100370545117563,25,0.05,1.574803149606299,0.19722627470802429,True,False,0.0,0.0,1.0,1.0,False,0.0,0.0,0.9674947368421053,0.0,200
operational-sufficiency-v2,20260715,operational-envelope-v4,2.1,2.02,2.18,0.08,0.0,0.1,500,0.05,100,45,23,145,145.0,2.161368002234975,25,0.05,1.36986301369863,0.13667713987954408,True,False,0.0,0.0,1.0,1.0,False,0.0,0.0,0.9923368421052633,0.0,200
operational-sufficiency-v2,20260715,operational-envelope-v4,2.1,2.02,2.18,0.08,0.0,0.1,500,0.05,100,49,24,107,107.0,2.0293837776852097,25,0.05,1.8518518518518516,0.26760624017703144,True,False,0.0,0.0,1.0,1.0,False,0.0,0.0,0.9845052631578949,0.0,200
operational-sufficiency-v2,20260715,operational-envelope-v4,2.1,2.02,2.18,0.08,0.0,0.1,500,0.05,100,50,25,126,126.0,2.100370545117563,25,0.05,1.574803149606299,0.19722627470802429,True,False,0.0,0.0,1.0,1.0,False,0.0,0.0,0.9779368421052632,0.0,200
operational-sufficiency-v2,20260715,operational-envelope-v4,2.1,2.02,2.18,0.08,0.0,0.1,500,0.05,100,51,26,145,145.0,2.161368002234975,25,0.05,1.36986301369863,0.13667713987954408,True,False,0.0,0.0,1.0,1.0,False,0.0,0.0,0.9873684210526315,0.0,200
operational-sufficiency-v2,20260715,operational-envelope-v4,2.1,2.02,2.18,0.08,0.0,0.1,500,0.05,100,55,27,107,107.0,2.0293837776852097,25,0.05,1.8518518518518516,0.26760624017703144,True,False,0.0,0.0,1.0,1.0,False,0.0,0.0,0.9899789473684212,0.0,200
operational-sufficiency-v2,20260715,operational-envelope-v4,2.1,2.02,2.18,0.08,0.0,0.1,500,0.05,100,56,28,126,126.0,2.100370545117563,25,0.05,1.574803149606299,0.19722627470802429,True,False,0.0,0.0,1.0,1.0,False,0.0,0.0,0.9819789473684212,0.0,200
operational-sufficiency-v2,20260715,operational-envelope-v4,2.1,2.02,2.18,0.08,0.0,0.1,500,0.05,100,57,29,145,145.0,2.161368002234975,25,0.05,1.36986301369863,0.13667713987954408,True,False,0.0,0.0,1.0,1.0,False,0.0,0.0,0.9914105263157896,0.0,200
operational-sufficiency-v2,20260715,operational-envelope-v4,2.1,2.02,2.18,0.08,0.0,0.1,500,0.05,100,61,30,107,107.0,2.0293837776852097,25,0.05,1.8518518518518516,0.26760624017703144,True,False,0.0,0.0,1.0,1.0,False,0.0,0.0,0.975578947368421,0.0,200
operational-sufficiency-v2,20260715,operational-envelope-v4,2.1,2.02,2.18,0.08,0.0,0.1,500,0.05,100,62,31,126,126.0,2.100370545117563,25,0.05,1.574803149606299,0.19722627470802429,True,False,0.0,0.0,1.0,1.0,False,0.0,0.0,0.9710315789473686,0.0,200
operational-sufficiency-v2,20260715,operational-envelope-v4,2.1,2.02,2.18,0.08,0.0,0.1,500,0.05,100,63,32,145,145.0,2.161368002234975,25,0.05,1.36986301369863,0.13667713987954408,True,False,0.0,0.0,1.0,1.0,False,0.0,0.0,0.9905684210526315,0.0,200
operational-sufficiency-v2,20260715,operational-envelope-v4,2.1,2.02,2.18,0.08,0.0,0.1,500,0.05,100,67,33,107,107.0,2.0293837776852097,25,0.05,1.8518518518518516,0.26760624017703144,True,False,0.0,0.0,1.0,1.0,False,0.0,0.0,0.9904842105263159,0.0,200
operational-sufficiency-v2,20260715,operational-envelope-v4,2.1,2.02,2.18,0.08,0.0,0.1,500,0.05,100,68,34,126,126.0,2.100370545117563,25,0.05,1.574803149606299,0.19722627470802429,True,False,0.0,0.0,1.0,1.0,False,0.0,0.0,0.9790315789473685,0.0,200
operational-sufficiency-v2,20260715,operational-envelope-v4,2.1,2.02,2.18,0.08,0.0,0.1,500,0.05,100,69,35,145,145.0,2.161368002234975,25,0.05,1.36986301369863,0.13667713987954408,True,False,0.0,0.0,1.0,1.0,False,0.0,0.0,0.9861894736842106,0.0,200
operational-sufficiency-v2,20260715,operational-envelope-v4,2.1,2.02,2.18,0.08,0.0,0.1,500,0.05,100,73,36,107,107.0,2.0293837776852097,25,0.05,1.8518518518518516,0.26760624017703144,True,False,0.0,0.0,1.0,1.0,False,0.0,0.0,0.984421052631579,0.0,200
operational-sufficiency-v2,20260715,operational-envelope-v4,2.1,2.02,2.18,0.08,0.0,0.1,500,0.05,100,74,37,126,126.0,2.100370545117563,25,0.05,1.574803149606299,0.19722627470802429,True,False,0.0,0.0,1.0,1.0,False,0.0,0.0,0.9753263157894736,0.0,200
operational-sufficiency-v2,20260715,operational-envelope-v4,2.1,2.02,2.18,0.08,0.0,0.1,500,0.05,100,75,38,145,145.0,2.161368002234975,25,0.05,1.36986301369863,0.13667713987954408,True,False,0.0,0.0,1.0,1.0,False,0.0,0.0,0.9776,0.0,200
operational-sufficiency-v2,20260715,operational-envelope-v4,2.1,2.02,2.18,0.08,0.0,0.1,500,0.05,100,79,39,107,107.0,2.0293837776852097,25,0.05,1.8518518518518516,0.26760624017703144,True,False,0.0,0.0,1.0,1.0,False,0.0,0.0,0.9913263157894738,0.0,200
operational-sufficiency-v2,20260715,operational-envelope-v4,2.1,2.02,2.18,0.08,0.0,0.1,500,0.05,100,80,40,126,126.0,2.100370545117563,25,0.05,1.574803149606299,0.19722627470802429,True,False,0.0,0.0,1.0,1.0,False,0.0,0.0,0.9770947368421052,0.0,200
operational-sufficiency-v2,20260715,operational-envelope-v4,2.1,2.02,2.18,0.08,0.0,0.1,500,0.05,100,81,41,145,145.0,2.161368002234975,25,0.05,1.36986301369863,0.13667713987954408,True,False,0.0,0.0,1.0,1.0,False,0.0,0.0,0.9898947368421053,0.0,200
operational-sufficiency-v2,20260715,operational-envelope-v4,2.1,2.02,2.18,0.08,0.0,0.1,500,0.05,100,85,42,107,107.0,2.0293837776852097,25,0.05,1.8518518518518516,0.26760624017703144,True,False,0.0,0.0,1.0,1.0,False,0.0,0.0,0.9630315789473685,0.0,200
operational-sufficiency-v2,20260715,operational-envelope-v4,2.1,2.02,2.18,0.08,0.0,0.1,500,0.05,100,86,43,126,126.0,2.100370545117563,25,0.05,1.574803149606299,0.19722627470802429,True,False,0.0,0.0,1.0,1.0,False,0.0,0.0,0.9638736842105263,0.0,200
operational-sufficiency-v2,20260715,operational-envelope-v4,2.1,2.02,2.18,0.08,0.0,0.1,500,0.05,100,87,44,145,145.0,2.161368002234975,25,0.05,1.36986301369863,0.13667713987954408,True,False,0.0,0.0,1.0,1.0,False,0.0,0.0,0.9786105263157896,0.0,200
operational-sufficiency-v2,20260715,operational-envelope-v4,2.1,2.02,2.18,0.08,0.0,0.1,500,0.05,100,91,45,107,107.0,2.0293837776852097,25,0.05,1.8518518518518516,0.26760624017703144,True,False,0.0,0.0,1.0,1.0,False,0.0,0.0,0.9921684210526316,0.0,200
operational-sufficiency-v2,20260715,operational-envelope-v4,2.1,2.02,2.18,0.08,0.0,0.1,500,0.05,100,92,46,126,126.0,2.100370545117563,25,0.05,1.574803149606299,0.19722627470802429,True,False,0.0,0.0,1.0,1.0,False,0.0,0.0,0.9934315789473683,0.0,200
operational-sufficiency-v2,20260715,operational-envelope-v4,2.1,2.02,2.18,0.08,0.0,0.1,500,0.05,100,93,47,145,145.0,2.161368002234975,25,0.05,1.36986301369863,0.13667713987954408,True,True,1.0,0.358974358974359,1.0,1.0,True,0.92,0.3783783783783784,0.9775157894736841,0.0,200
operational-sufficiency-v2,20260715,operational-envelope-v4,2.1,2.02,2.18,0.08,0.0,0.1,500,0.05,100,97,48,107,107.0,2.0293837776852097,25,0.05,1.8518518518518516,0.26760624017703144,True,False,0.0,0.0,1.0,1.0,False,0.0,0.0,0.9898105263157894,0.0,200
operational-sufficiency-v2,20260715,operational-envelope-v4,2.1,2.02,2.18,0.08,0.0,0.1,500,0.05,100,98,49,126,126.0,2.100370545117563,25,0.05,1.574803149606299,0.19722627470802429,True,False,0.0,0.0,1.0,1.0,False,0.0,0.0,0.9786105263157894,0.0,200
operational-sufficiency-v2,20260715,operational-envelope-v4,2.1,2.02,2.18,0.08,0.0,0.1,500,0.05,100,99,50,145,145.0,2.161368002234975,25,0.05,1.36986301369863,0.13667713987954408,True,False,0.0,0.0,1.0,1.0,False,0.0,0.0,0.9923368421052631,0.0,200
operational-sufficiency-v2,20260715,operational-envelope-v4,2.1,2.02,2.18,0.08,0.0,0.1,500,0.05,100,103,51,107,107.0,2.0293837776852097,25,0.05,1.8518518518518516,0.26760624017703144,True,False,0.0,0.0,1.0,1.0,False,0.0,0.0,0.9845894736842107,0.0,200
operational-sufficiency-v2,20260715,operational-envelope-v4,2.1,2.02,2.18,0.08,0.0,0.1,500,0.05,100,104,52,126,126.0,2.100370545117563,25,0.05,1.574803149606299,0.19722627470802429,True,False,0.0,0.0,1.0,1.0,False,0.0,0.0,0.9915789473684211,0.0,200
operational-sufficiency-v2,20260715,operational-envelope-v4,2.1,2.02,2.18,0.08,0.0,0.1,500,0.05,100,105,53,145,145.0,2.161368002234975,25,0.05,1.36986301369863,0.13667713987954408,True,False,0.0,0.0,1.0,1.0,False,0.0,0.0,0.9937684210526316,0.0,200
operational-sufficiency-v2,20260715,operational-envelope-v4,2.1,2.02,2.18,0.08,0.0,0.1,500,0.05,100,109,54,107,107.0,2.0293837776852097,25,0.05,1.8518518518518516,0.26760624017703144,True,False,0.0,0.0,1.0,1.0,False,0.0,0.0,0.9857684210526315,0.0,200
operational-sufficiency-v2,20260715,operational-envelope-v4,2.1,2.02,2.18,0.08,0.0,0.1,500,0.05,100,110,55,126,126.0,2.100370545117563,25,0.05,1.574803149606299,0.19722627470802429,True,False,0.0,0.0,1.0,1.0,False,0.0,0.0,0.9954526315789474,0.0,200
operational-sufficiency-v2,20260715,operational-envelope-v4,2.1,2.02,2.18,0.08,0.0,0.1,500,0.05,100,111,56,145,145.0,2.161368002234975,25,0.05,1.36986301369863,0.13667713987954408,True,False,0.0,0.0,1.0,1.0,False,0.0,0.0,0.9797894736842107,0.0,200
operational-sufficiency-v2,20260715,operational-envelope-v4,2.1,2.02,2.18,0.08,0.0,0.1,500,0.05,100,115,57,107,107.0,2.0293837776852097,25,0.05,1.8518518518518516,0.26760624017703144,True,False,0.0,0.0,1.0,1.0,False,0.0,0.0,0.9779368421052632,0.0,200
operational-sufficiency-v2,20260715,operational-envelope-v4,2.1,2.02,2.18,0.08,0.0,0.1,500,0.05,100,116,58,126,126.0,2.100370545117563,25,0.05,1.574803149606299,0.19722627470802429,True,False,0.0,0.0,1.0,1.0,False,0.0,0.0,0.9936,0.0,200
operational-sufficiency-v2,20260715,operational-envelope-v4,2.1,2.02,2.18,0.08,0.0,0.1,500,0.05,100,117,59,145,145.0,2.161368002234975,25,0.05,1.36986301369863,0.13667713987954408,True,False,0.0,0.0,1.0,1.0,False,0.0,0.0,0.987621052631579,0.0,200
operational-sufficiency-v2,20260715,operational-envelope-v4,2.1,2.02,2.18,0.08,0.0,0.1,500,0.05,100,121,60,107,107.0,2.0293837776852097,25,0.05,1.8518518518518516,0.26760624017703144,True,False,0.0,0.0,1.0,1.0,False,0.0,0.0,0.9930105263157895,0.0,200
operational-sufficiency-v2,20260715,operational-envelope-v4,2.1,2.02,2.18,0.08,0.0,0.1,500,0.05,100,122,61,126,126.0,2.100370545117563,25,0.05,1.574803149606299,0.19722627470802429,True,False,0.0,0.0,1.0,1.0,False,0.0,0.0,0.9949473684210526,0.0,200
operational-sufficiency-v2,20260715,operational-envelope-v4,2.1,2.02,2.18,0.08,0.0,0.1,500,0.05,100,123,62,145,145.0,2.161368002234975,25,0.05,1.36986301369863,0.13667713987954408,True,False,0.0,0.0,1.0,1.0,False,0.0,0.0,0.9948631578947369,0.0,200
operational-sufficiency-v2,20260715,operational-envelope-v4,2.1,2.02,2.18,0.08,0.0,0.1,500,0.05,100,127,63,107,107.0,2.0293837776852097,25,0.05,1.8518518518518516,0.26760624017703144,True,False,0.0,0.0,1.0,1.0,False,0.0,0.0,0.9562947368421054,0.0,200
operational-sufficiency-v2,20260715,operational-envelope-v4,2.1,2.02,2.18,0.08,0.0,0.1,500,0.05,100,128,64,126,126.0,2.100370545117563,25,0.05,1.574803149606299,0.19722627470802429,True,False,0.0,0.0,1.0,1.0,False,0.0,0.0,0.960336842105263,0.0,200
operational-sufficiency-v2,20260715,operational-envelope-v4,2.1,2.02,2.18,0.08,0.0,0.1,500,0.05,100,129,65,145,145.0,2.161368002234975,25,0.05,1.36986301369863,0.13667713987954408,True,False,0.0,0.0,1.0,1.0,False,0.0,0.0,0.9935157894736842,0.0,200
operational-sufficiency-v2,20260715,operational-envelope-v4,2.1,2.02,2.18,0.08,0.0,0.1,500,0.05,100,133,66,107,107.0,2.0293837776852097,25,0.05,1.8518518518518516,0.26760624017703144,True,False,0.0,0.0,1.0,1.0,False,0.0,0.0,0.9873684210526315,0.0,200
operational-sufficiency-v2,20260715,operational-envelope-v4,2.1,2.02,2.18,0.08,0.0,0.1,500,0.05,100,134,67,126,126.0,2.100370545117563,25,0.05,1.574803149606299,0.19722627470802429,True,False,0.0,0.0,1.0,1.0,False,0.0,0.0,0.9974736842105264,0.0,200
operational-sufficiency-v2,20260715,operational-envelope-v4,2.1,2.02,2.18,0.08,0.0,0.1,500,0.05,100,135,68,145,145.0,2.161368002234975,25,0.05,1.36986301369863,0.13667713987954408,True,False,0.0,0.0,1.0,1.0,False,0.0,0.0,0.9875368421052632,0.0,200
operational-sufficiency-v2,20260715,operational-envelope-v4,2.1,2.02,2.18,0.08,0.0,0.1,500,0.05,100,139,69,107,107.0,2.0293837776852097,25,0.05,1.8518518518518516,0.26760624017703144,True,False,0.0,0.0,1.0,1.0,False,0.0,0.0,0.994778947368421,0.0,200
operational-sufficiency-v2,20260715,operational-envelope-v4,2.1,2.02,2.18,0.08,0.0,0.1,500,0.05,100,140,70,126,126.0,2.100370545117563,25,0.05,1.574803149606299,0.19722627470802429,True,False,0.0,0.0,1.0,1.0,False,0.0,0.0,0.9697684210526316,0.0,200
operational-sufficiency-v2,20260715,operational-envelope-v4,2.1,2.02,2.18,0.08,0.0,0.1,500,0.05,100,141,71,145,145.0,2.161368002234975,25,0.05,1.36986301369863,0.13667713987954408,True,True,1.0,0.3055555555555556,1.0,1.0,False,0.0,0.0,0.9866947368421053,0.0,200
operational-sufficiency-v2,20260715,operational-envelope-v4,2.1,2.02,2.18,0.08,0.0,0.1,500,0.05,100,145,72,107,107.0,2.0293837776852097,25,0.05,1.8518518518518516,0.26760624017703144,True,False,0.0,0.0,1.0,1.0,False,0.0,0.0,0.9738105263157893,0.0,200
operational-sufficiency-v2,20260715,operational-envelope-v4,2.1,2.02,2.18,0.08,0.0,0.1,500,0.05,100,146,73,126,126.0,2.100370545117563,25,0.05,1.574803149606299,0.19722627470802429,True,False,0.0,0.0,1.0,1.0,False,0.0,0.0,0.9857684210526316,0.0,200
operational-sufficiency-v2,20260715,operational-envelope-v4,2.1,2.02,2.18,0.08,0.0,0.1,500,0.05,100,147,74,145,145.0,2.161368002234975,25,0.05,1.36986301369863,0.13667713987954408,True,False,0.0,0.0,1.0,1.0,False,0.0,0.0,0.9881263157894736,0.0,200
operational-sufficiency-v2,20260715,operational-envelope-v4,2.1,2.02,2.18,0.08,0.0,0.1,500,0.05,100,151,75,107,107.0,2.0293837776852097,25,0.05,1.8518518518518516,0.26760624017703144,True,False,0.0,0.0,1.0,1.0,False,0.0,0.0,0.9945263157894737,0.0,200
operational-sufficiency-v2,20260715,operational-envelope-v4,2.1,2.02,2.18,0.08,0.0,0.1,500,0.05,100,152,76,126,126.0,2.100370545117563,25,0.05,1.574803149606299,0.19722627470802429,True,True,1.0,0.4444444444444444,1.0,1.0,True,0.88,0.47619047619047616,0.9778526315789473,0.0,200
operational-sufficiency-v2,20260715,operational-envelope-v4,2.1,2.02,2.18,0.08,0.0,0.1,500,0.05,100,153,77,145,145.0,2.161368002234975,25,0.05,1.36986301369863,0.13667713987954408,True,False,0.0,0.0,1.0,1.0,False,0.0,0.0,0.9910736842105262,0.0,200
operational-sufficiency-v2,20260715,operational-envelope-v4,2.1,2.02,2.18,0.08,0.0,0.1,500,0.05,100,157,78,107,107.0,2.0293837776852097,25,0.05,1.8518518518518516,0.26760624017703144,True,False,0.0,0.0,1.0,1.0,False,0.0,0.0,0.9935157894736842,0.0,200
operational-sufficiency-v2,20260715,operational-envelope-v4,2.1,2.02,2.18,0.08,0.0,0.1,500,0.05,100,158,79,126,126.0,2.100370545117563,25,0.05,1.574803149606299,0.19722627470802429,True,False,0.0,0.0,1.0,1.0,False,0.0,0.0,0.9855157894736842,0.0,200
operational-sufficiency-v2,20260715,operational-envelope-v4,2.1,2.02,2.18,0.08,0.0,0.1,500,0.05,100,159,80,145,145.0,2.161368002234975,25,0.05,1.36986301369863,0.13667713987954408,True,False,0.0,0.0,1.0,1.0,False,0.0,0.0,0.9661473684210526,0.0,200
operational-sufficiency-v2,20260715,operational-envelope-v4,2.1,2.02,2.18,0.08,0.0,0.1,500,0.05,100,163,81,107,107.0,2.0293837776852097,25,0.05,1.8518518518518516,0.26760624017703144,True,False,0.0,0.0,1.0,1.0,False,0.0,0.0,0.9886315789473684,0.0,200
operational-sufficiency-v2,20260715,operational-envelope-v4,2.1,2.02,2.18,0.08,0.0,0.1,500,0.05,100,164,82,126,126.0,2.100370545117563,25,0.05,1.574803149606299,0.19722627470802429,True,False,0.0,0.0,1.0,1.0,False,0.0,0.0,0.978021052631579,0.0,200
operational-sufficiency-v2,20260715,operational-envelope-v4,2.1,2.02,2.18,0.08,0.0,0.1,500,0.05,100,165,83,145,145.0,2.161368002234975,25,0.05,1.36986301369863,0.13667713987954408,True,False,0.0,0.0,1.0,1.0,False,0.0,0.0,0.9589894736842105,0.0,200
operational-sufficiency-v2,20260715,operational-envelope-v4,2.1,2.02,2.18,0.08,0.0,0.1,500,0.05,100,169,84,107,107.0,2.0293837776852097,25,0.05,1.8518518518518516,0.26760624017703144,True,False,0.0,0.0,1.0,1.0,False,0.0,0.0,0.994021052631579,0.0,200
operational-sufficiency-v2,20260715,operational-envelope-v4,2.1,2.02,2.18,0.08,0.0,0.1,500,0.05,100,170,85,126,126.0,2.100370545117563,25,0.05,1.574803149606299,0.19722627470802429,True,False,0.0,0.0,1.0,1.0,False,0.0,0.0,0.9817263157894738,0.0,200
operational-sufficiency-v2,20260715,operational-envelope-v4,2.1,2.02,2.18,0.08,0.0,0.1,500,0.05,100,171,86,145,145.0,2.161368002234975,25,0.05,1.36986301369863,0.13667713987954408,True,False,0.0,0.0,1.0,1.0,False,0.0,0.0,0.9802105263157894,0.0,200
operational-sufficiency-v2,20260715,operational-envelope-v4,2.1,2.02,2.18,0.08,0.0,0.1,500,0.05,100,175,87,107,107.0,2.0293837776852097,25,0.05,1.8518518518518516,0.26760624017703144,True,False,0.0,0.0,1.0,1.0,False,0.0,0.0,0.985936842105263,0.0,200
operational-sufficiency-v2,20260715,operational-envelope-v4,2.1,2.02,2.18,0.08,0.0,0.1,500,0.05,100,176,88,126,126.0,2.100370545117563,25,0.05,1.574803149606299,0.19722627470802429,True,False,0.0,0.0,1.0,1.0,False,0.0,0.0,0.9819789473684212,0.0,200
operational-sufficiency-v2,20260715,operational-envelope-v4,2.1,2.02,2.18,0.08,0.0,0.1,500,0.05,100,177,89,145,145.0,2.161368002234975,25,0.05,1.36986301369863,0.13667713987954408,True,False,0.0,0.0,1.0,1.0,False,0.0,0.0,0.9793684210526316,0.0,200
operational-sufficiency-v2,20260715,operational-envelope-v4,2.1,2.02,2.18,0.08,0.0,0.1,500,0.05,100,181,90,107,107.0,2.0293837776852097,25,0.05,1.8518518518518516,0.26760624017703144,True,False,0.0,0.0,1.0,1.0,False,0.0,0.0,0.9862736842105264,0.0,200
operational-sufficiency-v2,20260715,operational-envelope-v4,2.1,2.02,2.18,0.08,0.0,0.1,500,0.05,100,182,91,126,126.0,2.100370545117563,25,0.05,1.574803149606299,0.19722627470802429,True,False,0.0,0.0,1.0,1.0,False,0.0,0.0,0.9637052631578947,0.0,200
operational-sufficiency-v2,20260715,operational-envelope-v4,2.1,2.02,2.18,0.08,0.0,0.1,500,0.05,100,183,92,145,145.0,2.161368002234975,25,0.05,1.36986301369863,0.13667713987954408,True,False,0.0,0.0,1.0,1.0,False,0.0,0.0,0.9775999999999999,0.0,200
operational-sufficiency-v2,20260715,operational-envelope-v4,2.1,2.02,2.18,0.08,0.0,0.1,500,0.05,100,187,93,107,107.0,2.0293837776852097,25,0.05,1.8518518518518516,0.26760624017703144,True,False,0.0,0.0,1.0,1.0,False,0.0,0.0,0.9922526315789475,0.0,200
operational-sufficiency-v2,20260715,operational-envelope-v4,2.1,2.02,2.18,0.08,0.0,0.1,500,0.05,100,188,94,126,126.0,2.100370545117563,25,0.05,1.574803149606299,0.19722627470802429,True,False,0.0,0.0,1.0,1.0,False,0.0,0.0,0.9821473684210525,0.0,200
operational-sufficiency-v2,20260715,operational-envelope-v4,2.1,2.02,2.18,0.08,0.0,0.1,500,0.05,100,189,95,145,145.0,2.161368002234975,25,0.05,1.36986301369863,0.13667713987954408,True,False,0.0,0.0,1.0,1.0,False,0.0,0.0,0.9903157894736841,0.0,200
operational-sufficiency-v2,20260715,operational-envelope-v4,2.1,2.02,2.18,0.08,0.0,0.1,500,0.05,100,193,96,107,107.0,2.0293837776852097,25,0.05,1.8518518518518516,0.26760624017703144,True,False,0.0,0.0,1.0,1.0,False,0.0,0.0,0.991578947368421,0.0,200
operational-sufficiency-v2,20260715,operational-envelope-v4,2.1,2.02,2.18,0.08,0.0,0.1,500,0.05,100,194,97,126,126.0,2.100370545117563,25,0.05,1.574803149606299,0.19722627470802429,True,False,0.0,0.0,1.0,1.0,False,0.0,0.0,0.9749052631578948,0.0,200
operational-sufficiency-v2,20260715,operational-envelope-v4,2.1,2.02,2.18,0.08,0.0,0.1,500,0.05,100,195,98,145,145.0,2.161368002234975,25,0.05,1.36986301369863,0.13667713987954408,True,False,0.0,0.0,1.0,1.0,False,0.0,0.0,0.9703578947368422,0.0,200
operational-sufficiency-v2,20260715,operational-envelope-v4,2.1,2.02,2.18,0.08,0.0,0.1,500,0.05,100,199,99,107,107.0,2.0293837776852097,25,0.05,1.8518518518518516,0.26760624017703144,True,False,0.0,0.0,1.0,1.0,False,0.0,0.0,0.9838315789473685,0.0,200
operational-sufficiency-v2,20260715,operational-envelope-v4,2.1,2.02,2.18,0.08,0.5,0.1,500,0.05,100,1,0,137,110.36264040084228,2.0428220823272483,25,0.05,2.7049171191699255,0.43215396251519295,True,False,0.0,0.0,1.0,1.0,False,0.0,0.0,0.9826526315789473,0.0,218
operational-sufficiency-v2,20260715,operational-envelope-v4,2.1,2.02,2.18,0.08,0.5,0.1,500,0.05,100,2,1,162,129.7423131899955,2.1130816367473986,25,0.05,2.189675711717943,0.3403798011233179,True,True,0.32,0.0,1.0,1.0,False,0.0,0.0,0.9765052631578947,0.0,218
operational-sufficiency-v2,20260715,operational-envelope-v4,2.1,2.02,2.18,0.08,0.5,0.1,500,0.05,100,3,2,186,142.40053986327828,2.1535116357839716,25,0.05,2.117130341566033,0.3257475962718238,True,True,0.32,0.1111111111111111,1.0,1.0,False,0.0,0.0,0.9831578947368422,0.0,218
operational-sufficiency-v2,20260715,operational-envelope-v4,2.1,2.02,2.18,0.08,0.5,0.1,500,0.05,100,7,3,137,111.02384200712305,2.0454162521223247,25,0.05,2.961852949307249,0.4715634927774433,True,False,0.0,0.0,1.0,1.0,False,0.0,0.0,0.9797894736842104,0.0,218
operational-sufficiency-v2,20260715,operational-envelope-v4,2.1,2.02,2.18,0.08,0.5,0.1,500,0.05,100,8,4,162,129.66621155774902,2.11282682230035,25,0.05,2.4820948708834005,0.39481837712795376,True,True,0.2,0.0,1.0,1.0,False,0.0,0.0,0.987621052631579,0.0,218
operational-sufficiency-v2,20260715,operational-envelope-v4,2.1,2.02,2.18,0.08,0.5,0.1,500,0.05,100,9,5,186,149.74655213923583,2.1753568317014658,25,0.05,2.5244104342935016,0.4021599666012664,True,True,0.32,0.0,1.0,1.0,True,0.04,0.0,0.9886315789473684,0.0,218
operational-sufficiency-v2,20260715,operational-envelope-v4,2.1,2.02,2.18,0.08,0.5,0.1,500,0.05,100,13,6,137,110.42237723316536,2.04305709263325,25,0.05,3.145403153593619,0.4976763178766491,True,True,0.2,0.2857142857142857,1.0,1.0,False,0.0,0.0,0.9876210526315791,0.0,218
operational-sufficiency-v2,20260715,operational-envelope-v4,2.1,2.02,2.18,0.08,0.5,0.1,500,0.05,100,14,7,162,118.68492996991891,2.074395577872839,25,0.05,2.0622727899412574,0.3143461116411902,True,False,0.0,0.0,1.0,1.0,False,0.0,0.0,0.9851789473684209,0.0,218
operational-sufficiency-v2,20260715,operational-envelope-v4,2.1,2.02,2.18,0.08,0.5,0.1,500,0.05,100,15,8,186,151.17797408434961,2.179488521122641,25,0.05,2.0843885521592,0.31897867927703877,True,False,0.0,0.0,1.0,1.0,False,0.0,0.0,0.9783578947368422,0.0,218
operational-sufficiency-v2,20260715,operational-envelope-v4,2.1,2.02,2.18,0.08,0.5,0.1,500,0.05,100,19,9,137,107.90717549312258,2.0330503248817466,25,0.05,2.762854264909234,0.4413579773468507,True,False,0.0,0.0,1.0,1.0,False,0.0,0.0,0.9671578947368421,0.0,218
operational-sufficiency-v2,20260715,operational-envelope-v4,2.1,2.02,2.18,0.08,0.5,0.1,500,0.05,100,20,10,162,125.1209998976072,2.0973302063701698,25,0.05,2.157354911822044,0.3339215978454806,True,False,0.0,0.0,1.0,1.0,False,0.0,0.0,0.9882947368421052,0.0,218
operational-sufficiency-v2,20260715,operational-envelope-v4,2.1,2.02,2.18,0.08,0.5,0.1,500,0.05,100,21,11,186,139.95316335202378,2.145982719242352,25,0.05,2.1180566312793956,0.3259375678221477,True,True,0.4,0.16666666666666666,1.0,1.0,False,0.0,0.0,0.994442105263158,0.0,218
operational-sufficiency-v2,20260715,operational-envelope-v4,2.1,2.02,2.18,0.08,0.5,0.1,500,0.05,100,25,12,137,108.38622513574984,2.0349740909877316,25,0.05,2.2747505753731203,0.3569337835523864,True,False,0.0,0.0,1.0,1.0,False,0.0,0.0,0.9878736842105263,0.0,218
operational-sufficiency-v2,20260715,operational-envelope-v4,2.1,2.02,2.18,0.08,0.5,0.1,500,0.05,100,26,13,162,125.77265460256025,2.099586227387862,25,0.05,2.309168599738542,0.3634556432952408,True,False,0.0,0.0,1.0,1.0,False,0.0,0.0,0.9900631578947369,0.0,218
operational-sufficiency-v2,20260715,operational-envelope-v4,2.1,2.02,2.18,0.08,0.5,0.1,500,0.05,100,27,14,186,129.66744762447834,2.112830962271702,25,0.05,1.6019795710417597,0.20465697352075005,True,False,0.0,0.0,1.0,1.0,False,0.0,0.0,0.9932631578947368,0.0,218
operational-sufficiency-v2,20260715,operational-envelope-v4,2.1,2.02,2.18,0.08,0.5,0.1,500,0.05,100,32,15,162,127.19012039140604,2.1044533784025536,25,0.05,2.1479958242198247,0.33203343274444047,True,False,0.0,0.0,1.0,1.0,False,0.0,0.0,0.9898105263157896,0.0,218
operational-sufficiency-v2,20260715,operational-envelope-v4,2.1,2.02,2.18,0.08,0.5,0.1,500,0.05,100,33,16,186,147.18982422717508,2.167877786667621,25,0.05,1.7027376086584671,0.23114772847258355,True,False,0.0,0.0,1.0,1.0,False,0.0,0.0,0.982821052631579,0.0,218
operational-sufficiency-v2,20260715,operational-envelope-v4,2.1,2.02,2.18,0.08,0.5,0.1,500,0.05,100,37,17,137,105.82221640402891,2.0245768534156467,25,0.05,3.4414709868863893,0.5367441126117464,True,False,0.0,0.0,1.0,1.0,False,0.0,0.0,0.9836631578947368,0.0,218
operational-sufficiency-v2,20260715,operational-envelope-v4,2.1,2.02,2.18,0.08,0.5,0.1,500,0.05,100,38,18,162,131.26930990656987,2.1181632021277395,25,0.05,2.368088739878738,0.37439797276268844,True,False,0.0,0.0,1.0,1.0,False,0.0,0.0,0.993178947368421,0.0,218
operational-sufficiency-v2,20260715,operational-envelope-v4,2.1,2.02,2.18,0.08,0.5,0.1,500,0.05,100,39,19,186,140.13602768458313,2.1465498027599796,25,0.05,1.8397267322631037,0.26475331894221327,True,False,0.0,0.0,1.0,1.0,False,0.0,0.0,0.9653052631578948,0.0,218
operational-sufficiency-v2,20260715,operational-envelope-v4,2.1,2.02,2.18,0.08,0.5,0.1,500,0.05,100,43,20,137,107.9543024840329,2.033239955682184,25,0.05,2.9570722340731472,0.4708619334122229,True,False,0.0,0.0,1.0,1.0,False,0.0,0.0,0.9950315789473685,0.0,218
operational-sufficiency-v2,20260715,operational-envelope-v4,2.1,2.02,2.18,0.08,0.5,0.1,500,0.05,100,44,21,162,125.40714954280658,2.098322296610153,25,0.05,2.434268334381536,0.3863684497025759,True,False,0.0,0.0,1.0,1.0,False,0.0,0.0,0.9914105263157896,0.0,218
operational-sufficiency-v2,20260715,operational-envelope-v4,2.1,2.02,2.18,0.08,0.5,0.1,500,0.05,100,45,22,186,120.89869751182734,2.0824216220644676,25,0.05,2.166007628964533,0.3356599819344375,True,False,0.0,0.0,1.0,1.0,False,0.0,0.0,0.9933473684210525,0.0,218
operational-sufficiency-v2,20260715,operational-envelope-v4,2.1,2.02,2.18,0.08,0.5,0.1,500,0.05,100,50,23,162,123.15756024484287,2.090461076928977,25,0.05,2.294443868396345,0.36067743751818543,True,True,0.28,0.0,1.0,1.0,False,0.0,0.0,0.9878736842105263,0.0,218
operational-sufficiency-v2,20260715,operational-envelope-v4,2.1,2.02,2.18,0.08,0.5,0.1,500,0.05,100,51,24,186,147.8761644516624,2.1698981775037147,25,0.05,2.143354507761782,0.3310940086673942,True,False,0.0,0.0,1.0,1.0,False,0.0,0.0,0.9885473684210527,0.0,218
operational-sufficiency-v2,20260715,operational-envelope-v4,2.1,2.02,2.18,0.08,0.5,0.1,500,0.05,100,55,25,137,106.38724735095275,2.026889572159761,25,0.05,2.624368959714506,0.4190248924047144,True,False,0.0,0.0,1.0,1.0,False,0.0,0.0,0.9797052631578947,0.0,218
operational-sufficiency-v2,20260715,operational-envelope-v4,2.1,2.02,2.18,0.08,0.5,0.1,500,0.05,100,56,26,162,133.2229844113516,2.12457915833198,25,0.05,2.099064246140548,0.32202573125382705,True,False,0.0,0.0,1.0,1.0,False,0.0,0.0,0.9882105263157895,0.0,218
operational-sufficiency-v2,20260715,operational-envelope-v4,2.1,2.02,2.18,0.08,0.5,0.1,500,0.05,100,57,27,186,144.9921982067808,2.1613446341873805,25,0.05,1.9120913586407744,0.2815086387798751,True,True,0.48,0.07692307692307693,1.0,1.0,True,0.08,0.0,0.970021052631579,0.0,218
operational-sufficiency-v2,20260715,operational-envelope-v4,2.1,2.02,2.18,0.08,0.5,0.1,500,0.05,100,62,28,162,132.66010931478806,2.1227403508305143,25,0.05,2.4374609821716122,0.38693767242670163,True,False,0.0,0.0,1.0,1.0,False,0.0,0.0,0.9809684210526316,0.0,218
operational-sufficiency-v2,20260715,operational-envelope-v4,2.1,2.02,2.18,0.08,0.5,0.1,500,0.05,100,63,29,186,144.18089411351963,2.1589077143999433,25,0.05,1.7275826673996801,0.23743883818025555,True,False,0.0,0.0,1.0,1.0,False,0.0,0.0,0.9978947368421052,0.0,218
operational-sufficiency-v2,20260715,operational-envelope-v4,2.1,2.02,2.18,0.08,0.5,0.1,500,0.05,100,67,30,137,116.12640371381579,2.064930976702278,25,0.05,2.3916135958648432,0.3786910136360096,True,False,0.0,0.0,1.0,1.0,False,0.0,0.0,0.9877894736842106,0.0,218
operational-sufficiency-v2,20260715,operational-envelope-v4,2.1,2.02,2.18,0.08,0.5,0.1,500,0.05,100,68,31,162,131.38539744394294,2.118547099151252,25,0.05,1.8685845354114627,0.27151275026285776,True,False,0.0,0.0,1.0,1.0,False,0.0,0.0,0.9846736842105263,0.0,218
operational-sufficiency-v2,20260715,operational-envelope-v4,2.1,2.02,2.18,0.08,0.5,0.1,500,0.05,100,69,32,186,149.93262322147916,2.1758961394765044,25,0.05,2.154174907595338,0.33328096280578023,True,False,0.0,0.0,1.0,1.0,False,0.0,0.0,0.9938526315789473,0.0,218
operational-sufficiency-v2,20260715,operational-envelope-v4,2.1,2.02,2.18,0.08,0.5,0.1,500,0.05,100,73,33,137,110.62784519383528,2.0438644532976817,25,0.05,2.6449295678621274,0.4224141116467839,True,False,0.0,0.0,1.0,1.0,False,0.0,0.0,0.9925894736842105,0.0,218
operational-sufficiency-v2,20260715,operational-envelope-v4,2.1,2.02,2.18,0.08,0.5,0.1,500,0.05,100,74,34,162,130.37378908519275,2.115190287715998,25,0.05,2.0989397647645447,0.3219999754067276,True,True,0.48,0.29411764705882354,1.0,1.0,False,0.0,0.0,0.9705263157894737,0.0,218
operational-sufficiency-v2,20260715,operational-envelope-v4,2.1,2.02,2.18,0.08,0.5,0.1,500,0.05,100,75,35,186,147.03766685633042,2.167428602859635,25,0.05,3.1437991537373664,0.49745479270776216,True,True,0.24,0.0,1.0,1.0,False,0.0,0.0,0.9893052631578948,0.0,218
operational-sufficiency-v2,20260715,operational-envelope-v4,2.1,2.02,2.18,0.08,0.5,0.1,500,0.05,100,79,36,137,108.83955538869168,2.0367867590115036,25,0.05,2.738472584090516,0.4375083973963338,True,False,0.0,0.0,1.0,1.0,False,0.0,0.0,0.9864421052631579,0.0,218
operational-sufficiency-v2,20260715,operational-envelope-v4,2.1,2.02,2.18,0.08,0.5,0.1,500,0.05,100,80,37,162,130.33569417398715,2.1150633693574012,25,0.05,2.260960037151452,0.3542928861852595,True,False,0.0,0.0,1.0,1.0,False,0.0,0.0,0.988378947368421,0.0,218
operational-sufficiency-v2,20260715,operational-envelope-v4,2.1,2.02,2.18,0.08,0.5,0.1,500,0.05,100,86,38,162,130.63900674260879,2.1160728697702225,25,0.05,2.119107722112065,0.32615303407263924,True,False,0.0,0.0,1.0,1.0,False,0.0,0.0,0.9760842105263157,0.0,218
operational-sufficiency-v2,20260715,operational-envelope-v4,2.1,2.02,2.18,0.08,0.5,0.1,500,0.05,100,87,39,186,135.98364441361952,2.13348667625209,25,0.05,1.7971852963447705,0.25459285675915144,True,False,0.0,0.0,1.0,1.0,False,0.0,0.0,0.9772631578947368,0.0,218
operational-sufficiency-v2,20260715,operational-envelope-v4,2.1,2.02,2.18,0.08,0.5,0.1,500,0.05,100,91,40,137,105.07145293544073,2.021484737753689,25,0.05,2.529709430014899,0.403070639678463,True,False,0.0,0.0,1.0,1.0,False,0.0,0.0,0.9859368421052632,0.0,218
operational-sufficiency-v2,20260715,operational-envelope-v4,2.1,2.02,2.18,0.08,0.5,0.1,500,0.05,100,92,41,162,129.98666429856104,2.1138987990866327,25,0.05,2.1155438075497983,0.32542202289830285,True,True,0.36,0.4,1.0,1.0,True,0.04,0.6666666666666666,0.9682526315789474,0.0,218
operational-sufficiency-v2,20260715,operational-envelope-v4,2.1,2.02,2.18,0.08,0.5,0.1,500,0.05,100,93,42,186,140.13208515909415,2.1465375843377883,25,0.05,1.4458352895862736,0.1601188206914515,True,False,0.0,0.0,1.0,1.0,False,0.0,0.0,0.9913263157894737,0.0,218
operational-sufficiency-v2,20260715,operational-envelope-v4,2.1,2.02,2.18,0.08,0.5,0.1,500,0.05,100,97,43,137,105.94438066793637,2.025077926505736,25,0.05,2.5821601212347876,0.41198316961613296,True,False,0.0,0.0,1.0,1.0,False,0.0,0.0,0.9959578947368419,0.0,218
operational-sufficiency-v2,20260715,operational-envelope-v4,2.1,2.02,2.18,0.08,0.5,0.1,500,0.05,100,98,44,162,124.72661377642713,2.0959591317706767,25,0.05,2.5767024880989724,0.41106427682178526,True,True,0.16,0.2,1.0,1.0,False,0.0,0.0,0.9795368421052632,0.0,218
operational-sufficiency-v2,20260715,operational-envelope-v4,2.1,2.02,2.18,0.08,0.5,0.1,500,0.05,100,99,45,186,149.01771021123363,2.173237885794447,25,0.05,2.130508233205056,0.32848321684138415,True,True,0.36,0.0,1.0,1.0,False,0.0,0.0,0.9797052631578949,0.0,218
operational-sufficiency-v2,20260715,operational-envelope-v4,2.1,2.02,2.18,0.08,0.5,0.1,500,0.05,100,103,46,137,112.44085659575084,2.050924145485659,25,0.05,2.746905762361634,0.4388437604076905,True,False,0.0,0.0,1.0,1.0,False,0.0,0.0,0.980042105263158,0.0,218
operational-sufficiency-v2,20260715,operational-envelope-v4,2.1,2.02,2.18,0.08,0.5,0.1,500,0.05,100,104,47,162,127.21455958648836,2.1045368187512135,25,0.05,2.3068163041322576,0.3630130122592554,True,False,0.0,0.0,1.0,1.0,False,0.0,0.0,0.9800421052631578,0.0,218
operational-sufficiency-v2,20260715,operational-envelope-v4,2.1,2.02,2.18,0.08,0.5,0.1,500,0.05,100,105,48,186,146.73127303846402,2.1665226854901154,25,0.05,1.9163101486826146,0.2824657996072403,True,True,0.36,0.18181818181818182,1.0,1.0,True,0.08,0.5,0.9786105263157896,0.0,218
operational-sufficiency-v2,20260715,operational-envelope-v4,2.1,2.02,2.18,0.08,0.5,0.1,500,0.05,100,109,49,137,105.51661719902081,2.0233208595346306,25,0.05,3.0563726241370133,0.4852063010624512,True,False,0.0,0.0,1.0,1.0,False,0.0,0.0,0.9877894736842104,0.0,218
operational-sufficiency-v2,20260715,operational-envelope-v4,2.1,2.02,2.18,0.08,0.5,0.1,500,0.05,100,110,50,162,127.3114535842251,2.1048674767460893,25,0.05,2.3660187879078487,0.3740181889192611,True,False,0.0,0.0,1.0,1.0,False,0.0,0.0,0.9862736842105264,0.0,218
operational-sufficiency-v2,20260715,operational-envelope-v4,2.1,2.02,2.18,0.08,0.5,0.1,500,0.05,100,111,51,186,138.27035963395574,2.140729092422829,25,0.05,1.911187655440249,0.2813033315976735,True,False,0.0,0.0,1.0,1.0,False,0.0,0.0,0.9943578947368421,0.0,218
operational-sufficiency-v2,20260715,operational-envelope-v4,2.1,2.02,2.18,0.08,0.5,0.1,500,0.05,100,115,52,137,107.10411215507332,2.029806145453452,25,0.05,3.388885156120608,0.5300568515437222,True,False,0.0,0.0,1.0,1.0,False,0.0,0.0,0.9502315789473684,0.0,218
operational-sufficiency-v2,20260715,operational-envelope-v4,2.1,2.02,2.18,0.08,0.5,0.1,500,0.05,100,116,53,162,127.87468683627607,2.1067845831390337,25,0.05,2.075805768051583,0.3171867143933013,True,False,0.0,0.0,1.0,1.0,False,0.0,0.0,0.9962105263157893,0.0,218
operational-sufficiency-v2,20260715,operational-envelope-v4,2.1,2.02,2.18,0.08,0.5,0.1,500,0.05,100,117,54,186,147.45814368232473,2.1686687623651437,25,0.05,2.2422337814571063,0.35068089135605973,True,False,0.0,0.0,1.0,1.0,False,0.0,0.0,0.9977263157894737,0.0,218
operational-sufficiency-v2,20260715,operational-envelope-v4,2.1,2.02,2.18,0.08,0.5,0.1,500,0.05,100,121,55,137,116.28242175506398,2.0655140680236443,25,0.05,2.373988586855692,0.37547862671734705,True,False,0.0,0.0,1.0,1.0,False,0.0,0.0,0.9863578947368421,0.0,218
operational-sufficiency-v2,20260715,operational-envelope-v4,2.1,2.02,2.18,0.08,0.5,0.1,500,0.05,100,122,56,162,120.29451934330682,2.0802458411953726,25,0.05,2.353484516016981,0.3717113453532599,True,False,0.0,0.0,1.0,1.0,False,0.0,0.0,0.9728,0.0,218
operational-sufficiency-v2,20260715,operational-envelope-v4,2.1,2.02,2.18,0.08,0.5,0.1,500,0.05,100,123,57,186,142.63857408242782,2.1542369886696218,25,0.05,1.9064167495186988,0.28021784500750907,True,False,0.0,0.0,1.0,1.0,False,0.0,0.0,0.9842526315789474,0.0,218
operational-sufficiency-v2,20260715,operational-envelope-v4,2.1,2.02,2.18,0.08,0.5,0.1,500,0.05,100,127,58,137,110.43391896878632,2.0431024842492693,25,0.05,2.3881323880110155,0.37805839858336737,True,False,0.0,0.0,1.0,1.0,False,0.0,0.0,0.9670736842105265,0.0,218
operational-sufficiency-v2,20260715,operational-envelope-v4,2.1,2.02,2.18,0.08,0.5,0.1,500,0.05,100,128,59,162,127.02283373550185,2.1038817971289574,25,0.05,2.2472645521703027,0.3516542013842964,True,False,0.0,0.0,1.0,1.0,False,0.0,0.0,0.9833263157894736,0.0,218
operational-sufficiency-v2,20260715,operational-envelope-v4,2.1,2.02,2.18,0.08,0.5,0.1,500,0.05,100,129,60,186,148.2509207159846,2.170997399241223,25,0.05,1.6728311419174924,0.22345210483892652,True,True,0.64,0.2,1.0,1.0,False,0.0,0.0,0.9584,0.0,218
operational-sufficiency-v2,20260715,operational-envelope-v4,2.1,2.02,2.18,0.08,0.5,0.1,500,0.05,100,133,61,137,109.96327011703218,2.041247646528515,25,0.05,2.5479263764046496,0.4061868746903336,True,True,0.16,0.0,1.0,1.0,False,0.0,0.0,0.972463157894737,0.0,218
operational-sufficiency-v2,20260715,operational-envelope-v4,2.1,2.02,2.18,0.08,0.5,0.1,500,0.05,100,134,62,162,104.93150346008208,2.0209058954846624,25,0.05,2.4031258550111962,0.38077651599973716,True,False,0.0,0.0,1.0,1.0,False,0.0,0.0,0.9736421052631579,0.0,218
operational-sufficiency-v2,20260715,operational-envelope-v4,2.1,2.02,2.18,0.08,0.5,0.1,500,0.05,100,140,63,162,122.51771452651576,2.088198886781446,25,0.05,2.785026452883352,0.4448293245678125,True,False,0.0,0.0,1.0,1.0,False,0.0,0.0,0.9790315789473685,0.0,218
operational-sufficiency-v2,20260715,operational-envelope-v4,2.1,2.02,2.18,0.08,0.5,0.1,500,0.05,100,141,64,186,142.82339949456727,2.1547993659755598,25,0.05,1.9592592212961408,0.2920918994611952,True,False,0.0,0.0,1.0,1.0,False,0.0,0.0,0.9967999999999999,0.0,218
operational-sufficiency-v2,20260715,operational-envelope-v4,2.1,2.02,2.18,0.08,0.5,0.1,500,0.05,100,145,65,137,111.14739806695418,2.045899300427807,25,0.05,2.681105498242963,0.42831390327916075,True,False,0.0,0.0,1.0,1.0,False,0.0,0.0,0.9927578947368422,0.0,218
operational-sufficiency-v2,20260715,operational-envelope-v4,2.1,2.02,2.18,0.08,0.5,0.1,500,0.05,100,146,66,162,120.96022913288469,2.082642600834489,25,0.05,2.5171517019788436,0.4009093901001942,True,False,0.0,0.0,1.0,1.0,False,0.0,0.0,0.9917473684210526,0.0,218
operational-sufficiency-v2,20260715,operational-envelope-v4,2.1,2.02,2.18,0.08,0.5,0.1,500,0.05,100,147,67,186,147.85195775223622,2.16982707952405,25,0.05,1.900517361749836,0.27887184135701754,True,False,0.0,0.0,1.0,1.0,False,0.0,0.0,0.9919157894736843,0.0,218
operational-sufficiency-v2,20260715,operational-envelope-v4,2.1,2.02,2.18,0.08,0.5,0.1,500,0.05,100,151,68,137,106.42180354353546,2.0270306146936483,25,0.05,2.8551281422593244,0.45562560478055175,True,False,0.0,0.0,1.0,1.0,False,0.0,0.0,0.9926736842105264,0.0,218
operational-sufficiency-v2,20260715,operational-envelope-v4,2.1,2.02,2.18,0.08,0.5,0.1,500,0.05,100,152,69,162,131.8543837828476,2.120094573424496,25,0.05,2.4774861104765455,0.3940112283801983,True,False,0.0,0.0,1.0,1.0,False,0.0,0.0,0.9907368421052631,0.0,218
operational-sufficiency-v2,20260715,operational-envelope-v4,2.1,2.02,2.18,0.08,0.5,0.1,500,0.05,100,153,70,186,147.26458394068413,2.1680983147415276,25,0.05,2.2332467760925527,0.34893671571525875,True,True,0.32,0.2727272727272727,1.0,1.0,True,0.12,0.0,0.9906526315789473,0.0,218
operational-sufficiency-v2,20260715,operational-envelope-v4,2.1,2.02,2.18,0.08,0.5,0.1,500,0.05,100,157,71,137,108.0692599265422,2.033702177368477,25,0.05,2.381045908966603,0.3767677691212393,True,False,0.0,0.0,1.0,1.0,False,0.0,0.0,0.9920842105263158,0.0,218
operational-sufficiency-v2,20260715,operational-envelope-v4,2.1,2.02,2.18,0.08,0.5,0.1,500,0.05,100,158,72,162,124.61258894368021,2.0955619189892625,25,0.05,2.609197177119307,0.41650689998912427,True,True,0.24,0.0,1.0,1.0,False,0.0,0.0,0.9813894736842106,0.0,218
operational-sufficiency-v2,20260715,operational-envelope-v4,2.1,2.02,2.18,0.08,0.5,0.1,500,0.05,100,159,73,186,148.034513663216,2.1703629812464786,25,0.05,2.028482992065611,0.3071713706881045,True,True,0.4,0.0,1.0,1.0,False,0.0,0.0,0.9765052631578948,0.0,218
operational-sufficiency-v2,20260715,operational-envelope-v4,2.1,2.02,2.18,0.08,0.5,0.1,500,0.05,100,163,74,137,108.08438493426036,2.0337629555006775,25,0.05,2.7496736682605665,0.4392811547454293,True,False,0.0,0.0,1.0,1.0,False,0.0,0.0,0.9822315789473685,0.0,218
operational-sufficiency-v2,20260715,operational-envelope-v4,2.1,2.02,2.18,0.08,0.5,0.1,500,0.05,100,164,75,162,132.16922962498228,2.121130358632787,25,0.05,2.644729117861769,0.42238119673326413,True,False,0.0,0.0,1.0,1.0,False,0.0,0.0,0.9957052631578948,0.0,218
operational-sufficiency-v2,20260715,operational-envelope-v4,2.1,2.02,2.18,0.08,0.5,0.1,500,0.05,100,169,76,137,107.2085464823073,2.0302294079514995,25,0.05,2.4699613420389013,0.392690156065103,True,False,0.0,0.0,1.0,1.0,False,0.0,0.0,0.9733894736842105,0.0,218
operational-sufficiency-v2,20260715,operational-envelope-v4,2.1,2.02,2.18,0.08,0.5,0.1,500,0.05,100,170,77,162,130.1928465888183,2.1145871226933908,25,0.05,1.9311338285420607,0.28581237164753787,True,False,0.0,0.0,1.0,1.0,False,0.0,0.0,0.9925052631578949,0.0,218
operational-sufficiency-v2,20260715,operational-envelope-v4,2.1,2.02,2.18,0.08,0.5,0.1,500,0.05,100,175,78,137,107.49057882493832,2.0313704015200633,25,0.05,2.6003720817492586,0.4150354946973427,True,True,0.36,0.3076923076923077,1.0,1.0,False,0.0,0.0,0.9671578947368421,0.0,218
operational-sufficiency-v2,20260715,operational-envelope-v4,2.1,2.02,2.18,0.08,0.5,0.1,500,0.05,100,176,79,162,127.26593387037552,2.1047121686808206,25,0.05,2.449801943918752,0.3891309749196101,True,False,0.0,0.0,1.0,1.0,False,0.0,0.0,0.976,0.0,218
operational-sufficiency-v2,20260715,operational-envelope-v4,2.1,2.02,2.18,0.08,0.5,0.1,500,0.05,100,177,80,186,146.4123155018234,2.1655776090279066,25,0.05,2.2358071785976112,0.34943434622602654,True,True,0.36,0.0,1.0,1.0,False,0.0,0.0,0.9937684210526316,0.0,218
operational-sufficiency-v2,20260715,operational-envelope-v4,2.1,2.02,2.18,0.08,0.5,0.1,500,0.05,100,181,81,137,107.01414235382467,2.02944117525874,25,0.05,2.7951894646342317,0.44641125073994303,True,False,0.0,0.0,1.0,1.0,False,0.0,0.0,0.9690105263157895,0.0,218
operational-sufficiency-v2,20260715,operational-envelope-v4,2.1,2.02,2.18,0.08,0.5,0.1,500,0.05,100,182,82,162,127.66722881071121,2.1060794315376214,25,0.05,1.7904759760984779,0.2529684981946905,True,False,0.0,0.0,1.0,1.0,False,0.0,0.0,0.9904842105263156,0.0,218
operational-sufficiency-v2,20260715,operational-envelope-v4,2.1,2.02,2.18,0.08,0.5,0.1,500,0.05,100,183,83,186,138.77287417584245,2.14230458321505,25,0.05,1.7004930260149567,0.23057485516351783,True,False,0.0,0.0,1.0,1.0,False,0.0,0.0,0.989978947368421,0.0,218
operational-sufficiency-v2,20260715,operational-envelope-v4,2.1,2.02,2.18,0.08,0.5,0.1,500,0.05,100,187,84,137,109.35335115762813,2.0388320966280253,25,0.05,2.4312329021823507,0.3858265644738065,True,False,0.0,0.0,1.0,1.0,False,0.0,0.0,0.9750736842105263,0.0,218
operational-sufficiency-v2,20260715,operational-envelope-v4,2.1,2.02,2.18,0.08,0.5,0.1,500,0.05,100,188,85,162,124.23909188903038,2.094258268307878,25,0.05,2.644116494942531,0.4222805854566338,True,False,0.0,0.0,1.0,1.0,False,0.0,0.0,0.9954526315789474,0.0,218
operational-sufficiency-v2,20260715,operational-envelope-v4,2.1,2.02,2.18,0.08,0.5,0.1,500,0.05,100,189,86,186,149.575767811217,2.17486124086604,25,0.05,2.2990183202733596,0.36154243206176523,True,True,0.4,0.0,1.0,1.0,False,0.0,0.0,0.9797894736842104,0.0,218
operational-sufficiency-v2,20260715,operational-envelope-v4,2.1,2.02,2.18,0.08,0.5,0.1,500,0.05,100,193,87,137,108.38853491715889,2.0349833459888225,25,0.05,2.492659160268446,0.3966628982653337,True,False,0.0,0.0,1.0,1.0,False,0.0,0.0,0.9841684210526316,0.0,218
operational-sufficiency-v2,20260715,operational-envelope-v4,2.1,2.02,2.18,0.08,0.5,0.1,500,0.05,100,194,88,162,118.24749278637364,2.0727919411173628,25,0.05,2.4223933573760594,0.3842446669106004,True,True,0.32,0.0,1.0,1.0,False,0.0,0.0,0.9759157894736842,0.0,218
operational-sufficiency-v2,20260715,operational-envelope-v4,2.1,2.02,2.18,0.08,0.5,0.1,500,0.05,100,195,89,186,150.96322457604043,2.178871163790581,25,0.05,2.156270097095207,0.3337031601932921,True,False,0.0,0.0,1.0,1.0,False,0.0,0.0,0.9918315789473684,0.0,218
operational-sufficiency-v2,20260715,operational-envelope-v4,2.1,2.02,2.18,0.08,0.5,0.1,500,0.05,100,199,90,137,110.45414368487049,2.0431820130613967,25,0.05,2.3745035395452825,0.3755728212980493,True,False,0.0,0.0,1.0,1.0,False,0.0,0.0,0.9673263157894736,0.0,218
operational-sufficiency-v2,20260715,operational-envelope-v4,2.1,2.02,2.18,0.08,0.5,0.1,500,0.05,100,200,91,162,128.11065913455164,2.1075852656598424,25,0.05,2.3394507984958484,0.3691139158815011,True,True,0.24,0.14285714285714285,1.0,1.0,False,0.0,0.0,0.9857684210526316,0.0,218
operational-sufficiency-v2,20260715,operational-envelope-v4,2.1,2.02,2.18,0.08,0.5,0.1,500,0.05,100,201,92,186,145.5294254070175,2.1629508146267384,25,0.05,2.3011746462715648,0.36194958043906356,True,False,0.0,0.0,1.0,1.0,False,0.0,0.0,0.9882105263157893,0.0,218
operational-sufficiency-v2,20260715,operational-envelope-v4,2.1,2.02,2.18,0.08,0.5,0.1,500,0.05,100,205,93,137,112.53578382261406,2.051290640186433,25,0.05,2.65430826599679,0.4239513595408094,True,False,0.0,0.0,1.0,1.0,False,0.0,0.0,0.979957894736842,0.0,218
operational-sufficiency-v2,20260715,operational-envelope-v4,2.1,2.02,2.18,0.08,0.5,0.1,500,0.05,100,206,94,162,131.44961974443729,2.1187593341233897,25,0.05,1.8749704029763825,0.2729944166368106,True,False,0.0,0.0,1.0,1.0,False,0.0,0.0,0.9901473684210527,0.0,218
operational-sufficiency-v2,20260715,operational-envelope-v4,2.1,2.02,2.18,0.08,0.5,0.1,500,0.05,100,207,95,186,145.20682399861357,2.1619870265245673,25,0.05,1.7748524814552213,0.24916226209399994,True,False,0.0,0.0,1.0,1.0,False,0.0,0.0,0.9729684210526315,0.0,218
operational-sufficiency-v2,20260715,operational-envelope-v4,2.1,2.02,2.18,0.08,0.5,0.1,500,0.05,100,211,96,137,108.36438769649752,2.0348865813906483,25,0.05,2.6219791770366756,0.4186292383327161,True,False,0.0,0.0,1.0,1.0,False,0.0,0.0,0.9930947368421053,0.0,218
operational-sufficiency-v2,20260715,operational-envelope-v4,2.1,2.02,2.18,0.08,0.5,0.1,500,0.05,100,212,97,162,128.8937005068517,2.110231692357538,25,0.05,2.4648825614522303,0.3917962322833305,True,False,0.0,0.0,1.0,1.0,False,0.0,0.0,0.9813894736842106,0.0,218
operational-sufficiency-v2,20260715,operational-envelope-v4,2.1,2.02,2.18,0.08,0.5,0.1,500,0.05,100,213,98,186,133.2880497609648,2.12479121351348,25,0.05,1.8840991845086745,0.27510376159432304,True,False,0.0,0.0,1.0,1.0,False,0.0,0.0,0.9964631578947369,0.0,218
operational-sufficiency-v2,20260715,operational-envelope-v4,2.1,2.02,2.18,0.08,0.5,0.1,500,0.05,100,217,99,137,106.50848085377365,2.027384190322671,25,0.05,2.425536081292027,0.38480773939889007,True,True,0.48,0.42857142857142855,1.0,1.0,False,0.0,0.0,0.9488000000000001,0.0,218
operational-sufficiency-v2,20260715,operational-envelope-v4,2.1,2.02,2.18,0.08,1.0,0.1,500,0.05,100,2,0,342,142.39632656202366,2.1534987858287837,25,0.05,1.6281440922523616,0.2116928377158838,True,False,0.0,0.0,1.0,1.0,False,0.0,0.0,0.9788631578947369,0.0,286
operational-sufficiency-v2,20260715,operational-envelope-v4,2.1,2.02,2.18,0.08,1.0,0.1,500,0.05,100,7,1,291,136.68727539429082,2.1357280867458623,25,0.05,1.6741729231077764,0.2238003136768951,True,False,0.0,0.0,1.0,1.0,False,0.0,0.0,0.986863157894737,0.0,286
operational-sufficiency-v2,20260715,operational-envelope-v4,2.1,2.02,2.18,0.08,1.0,0.1,500,0.05,100,13,2,291,127.08859869158272,2.104106591093506,25,0.05,2.058644679413543,0.31358139417195974,True,False,0.0,0.0,1.0,1.0,False,0.0,0.0,0.9940210526315789,0.0,286
operational-sufficiency-v2,20260715,operational-envelope-v4,2.1,2.02,2.18,0.08,1.0,0.1,500,0.05,100,14,3,342,150.66458939020723,2.17801119233117,25,0.05,1.2131342888130792,0.0839088780821089,True,True,0.56,0.0,1.0,1.0,False,0.0,0.0,0.9853473684210526,0.0,286
operational-sufficiency-v2,20260715,operational-envelope-v4,2.1,2.02,2.18,0.08,1.0,0.1,500,0.05,100,19,4,291,129.1417365851249,2.111066622121441,25,0.05,1.8359435901926582,0.2638593332680501,True,False,0.0,0.0,1.0,1.0,False,0.0,0.0,0.9853473684210527,0.0,286
operational-sufficiency-v2,20260715,operational-envelope-v4,2.1,2.02,2.18,0.08,1.0,0.1,500,0.05,100,20,5,342,120.1442786792645,2.079703094347694,25,0.05,1.1383485719970754,0.056275267081149,True,True,0.72,0.0,1.0,1.0,False,0.0,0.0,0.9951157894736844,0.0,286
operational-sufficiency-v2,20260715,operational-envelope-v4,2.1,2.02,2.18,0.08,1.0,0.1,500,0.05,100,21,6,394,148.44951077103548,2.171578770677164,25,0.05,1.3079731341232566,0.11659882363515356,True,False,0.0,0.0,1.0,1.0,False,0.0,0.0,0.9812210526315789,0.0,286
operational-sufficiency-v2,20260715,operational-envelope-v4,2.1,2.02,2.18,0.08,1.0,0.1,500,0.05,100,26,7,342,150.94317175243071,2.178813471533915,25,0.05,1.6147591891236739,0.2081077646654736,True,True,0.48,0.07692307692307693,1.0,1.0,False,0.0,0.0,0.9926736842105264,0.0,286
operational-sufficiency-v2,20260715,operational-envelope-v4,2.1,2.02,2.18,0.08,1.0,0.1,500,0.05,100,32,8,342,145.9951006431414,2.1643382818162844,25,0.05,1.169500015465857,0.06800023188842651,True,True,0.52,0.0,1.0,1.0,False,0.0,0.0,0.9929263157894738,0.0,286
operational-sufficiency-v2,20260715,operational-envelope-v4,2.1,2.02,2.18,0.08,1.0,0.1,500,0.05,100,39,9,394,126.67125418620029,2.1026780705682646,25,0.05,1.1998634512772477,0.07913182460505509,True,True,0.72,0.0,1.0,1.0,False,0.0,0.0,0.9898105263157895,0.0,286
operational-sufficiency-v2,20260715,operational-envelope-v4,2.1,2.02,2.18,0.08,1.0,0.1,500,0.05,100,42,10,240,125.66742162572915,2.099222704559632,25,0.05,3.0514723843684375,0.484509443972877,True,False,0.0,0.0,1.0,1.0,False,0.0,0.0,0.9858526315789473,0.0,286
operational-sufficiency-v2,20260715,operational-envelope-v4,2.1,2.02,2.18,0.08,1.0,0.1,500,0.05,100,43,11,291,134.9474084566777,2.1301645487386156,25,0.05,1.8232472969029268,0.26084557836227384,True,True,0.36,0.3076923076923077,1.0,1.0,True,0.04,0.75,0.9964631578947367,0.0,286
operational-sufficiency-v2,20260715,operational-envelope-v4,2.1,2.02,2.18,0.08,1.0,0.1,500,0.05,100,44,12,342,109.0569191603919,2.037653224778088,25,0.05,2.060235054459879,0.3139167723260848,True,False,0.0,0.0,1.0,1.0,False,0.0,0.0,0.9867789473684212,0.0,286
operational-sufficiency-v2,20260715,operational-envelope-v4,2.1,2.02,2.18,0.08,1.0,0.1,500,0.05,100,49,13,291,119.88449020637469,2.0787630008345954,25,0.05,2.247188712425522,0.3516395447483359,True,False,0.0,0.0,1.0,1.0,False,0.0,0.0,0.9936,0.0,286
operational-sufficiency-v2,20260715,operational-envelope-v4,2.1,2.02,2.18,0.08,1.0,0.1,500,0.05,100,50,14,342,139.73199895850672,2.145295871967904,25,0.05,0.9604772693100316,-0.01751290870966447,False,False,0.0,0.0,1.0,1.0,False,0.0,0.0,0.9871157894736843,0.0,286
operational-sufficiency-v2,20260715,operational-envelope-v4,2.1,2.02,2.18,0.08,1.0,0.1,500,0.05,100,55,15,291,130.17061974579758,2.114512972541425,25,0.05,1.5249275751229039,0.18324921779992281,True,True,0.72,0.21739130434782608,1.0,1.0,True,0.04,0.75,0.9811368421052632,0.0,286
operational-sufficiency-v2,20260715,operational-envelope-v4,2.1,2.02,2.18,0.08,1.0,0.1,500,0.05,100,56,16,342,132.50033519699267,2.1222169769446766,25,0.05,0.9977467508863239,-0.0009796778004544358,False,True,0.84,0.0,1.0,1.0,False,0.0,0.0,0.9602526315789475,0.0,286
operational-sufficiency-v2,20260715,operational-envelope-v4,2.1,2.02,2.18,0.08,1.0,0.1,500,0.05,100,57,17,394,125.55751922079337,2.0988427262748686,25,0.05,0.9678034413774719,-0.014212837932510644,False,True,0.72,0.0,1.0,1.0,False,0.0,0.0,0.9861894736842106,0.0,286
operational-sufficiency-v2,20260715,operational-envelope-v4,2.1,2.02,2.18,0.08,1.0,0.1,500,0.05,100,63,18,394,149.9587496987211,2.175971810775855,25,0.05,1.33028275785642,0.12394396211366902,True,False,0.0,0.0,1.0,1.0,False,0.0,0.0,0.9819789473684212,0.0,286
operational-sufficiency-v2,20260715,operational-envelope-v4,2.1,2.02,2.18,0.08,1.0,0.1,500,0.05,100,64,19,462,146.06152904383381,2.1645358427371977,25,0.05,0.9056717433956692,-0.043029181863922066,False,True,0.52,0.0,1.0,1.0,False,0.0,0.0,0.9653894736842105,0.0,286
operational-sufficiency-v2,20260715,operational-envelope-v4,2.1,2.02,2.18,0.08,1.0,0.1,500,0.05,100,67,20,291,106.5862296799491,2.0277010999972114,25,0.05,1.4705247154195205,0.16747232818352525,True,True,0.56,0.06666666666666667,1.0,1.0,True,0.04,0.0,0.9594105263157894,0.0,286
operational-sufficiency-v2,20260715,operational-envelope-v4,2.1,2.02,2.18,0.08,1.0,0.1,500,0.05,100,69,21,394,146.10757985587944,2.1646727471060374,25,0.05,1.0320979033377076,0.013720895801485533,True,True,0.56,0.17647058823529413,1.0,1.0,True,0.32,0.2727272727272727,0.9980631578947368,0.0,286
operational-sufficiency-v2,20260715,operational-envelope-v4,2.1,2.02,2.18,0.08,1.0,0.1,500,0.05,100,74,22,342,112.75870578981011,2.0521500825279655,25,0.05,1.3903977414199662,0.1431390536316034,True,False,0.0,0.0,1.0,1.0,False,0.0,0.0,0.9834947368421054,0.0,286
operational-sufficiency-v2,20260715,operational-envelope-v4,2.1,2.02,2.18,0.08,1.0,0.1,500,0.05,100,75,23,394,128.12638764081697,2.107638581943137,25,0.05,1.0446570090725427,0.018973722487040535,True,True,0.64,0.058823529411764705,1.0,1.0,True,0.2,0.0,0.9877052631578949,0.0,286
operational-sufficiency-v2,20260715,operational-envelope-v4,2.1,2.02,2.18,0.08,1.0,0.1,500,0.05,100,78,24,240,130.61500791130035,2.1159930810630327,25,0.05,1.6392619524797125,0.21464835895563988,True,True,0.44,0.08333333333333333,1.0,1.0,False,0.0,0.0,0.9781894736842105,0.0,286
operational-sufficiency-v2,20260715,operational-envelope-v4,2.1,2.02,2.18,0.08,1.0,0.1,500,0.05,100,79,25,291,115.2661901375166,2.061701938778032,25,0.05,1.6988313263724584,0.23015026076299042,True,True,0.6,0.11764705882352941,1.0,1.0,False,0.0,0.0,0.9746526315789474,0.0,286
operational-sufficiency-v2,20260715,operational-envelope-v4,2.1,2.02,2.18,0.08,1.0,0.1,500,0.05,100,80,26,342,145.75904615118935,2.1636355176103277,25,0.05,1.661193096138589,0.2204201175286514,True,True,0.64,0.2,1.0,1.0,True,0.12,0.5,0.9856842105263158,0.0,286
operational-sufficiency-v2,20260715,operational-envelope-v4,2.1,2.02,2.18,0.08,1.0,0.1,500,0.05,100,84,27,240,105.20651287082329,2.022042625904298,25,0.05,3.252565099351907,0.5122259976260528,True,False,0.0,0.0,1.0,1.0,False,0.0,0.0,0.9933473684210525,0.0,286
operational-sufficiency-v2,20260715,operational-envelope-v4,2.1,2.02,2.18,0.08,1.0,0.1,500,0.05,100,86,28,342,141.48987282001974,2.150725356215225,25,0.05,1.6147017633701901,0.20809231955669125,True,False,0.0,0.0,1.0,1.0,False,0.0,0.0,0.9894736842105263,0.0,286
operational-sufficiency-v2,20260715,operational-envelope-v4,2.1,2.02,2.18,0.08,1.0,0.1,500,0.05,100,90,29,240,122.91851219341429,2.0896172949125154,25,0.05,1.7681553617509609,0.24752042232114627,True,False,0.0,0.0,1.0,1.0,False,0.0,0.0,0.9864421052631579,0.0,286
operational-sufficiency-v2,20260715,operational-envelope-v4,2.1,2.02,2.18,0.08,1.0,0.1,500,0.05,100,96,30,240,109.6608988521466,2.040051801322471,25,0.05,2.2912289651399993,0.3600684909040168,True,False,0.0,0.0,1.0,1.0,False,0.0,0.0,0.9740631578947369,0.0,286
operational-sufficiency-v2,20260715,operational-envelope-v4,2.1,2.02,2.18,0.08,1.0,0.1,500,0.05,100,97,31,291,131.20630781622503,2.117954714490313,25,0.05,1.4786667735989154,0.16987031416418943,True,True,0.56,0.06666666666666667,1.0,1.0,True,0.12,0.25,0.9896421052631578,0.0,286
operational-sufficiency-v2,20260715,operational-envelope-v4,2.1,2.02,2.18,0.08,1.0,0.1,500,0.05,100,98,32,342,110.04439309122795,2.041567919569297,25,0.05,1.568780288286773,0.19556212378691679,True,False,0.0,0.0,1.0,1.0,False,0.0,0.0,0.9497263157894739,0.0,286
operational-sufficiency-v2,20260715,operational-envelope-v4,2.1,2.02,2.18,0.08,1.0,0.1,500,0.05,100,99,33,394,133.6048759160691,2.1258223080257688,25,0.05,1.4370004520371,0.15745690475022237,True,True,0.52,0.0,1.0,1.0,True,0.08,0.0,0.9811368421052633,0.0,286
operational-sufficiency-v2,20260715,operational-envelope-v4,2.1,2.02,2.18,0.08,1.0,0.1,500,0.05,100,102,34,240,113.5618817066701,2.0552325801205753,25,0.05,1.2863943536771472,0.10937412517595593,True,True,0.44,0.08333333333333333,1.0,1.0,False,0.0,0.0,0.9861052631578948,0.0,286
operational-sufficiency-v2,20260715,operational-envelope-v4,2.1,2.02,2.18,0.08,1.0,0.1,500,0.05,100,103,35,291,116.60667251631342,2.066723402516504,25,0.05,2.6967422117967392,0.4308394331621684,True,False,0.0,0.0,1.0,1.0,False,0.0,0.0,0.9892210526315789,0.0,286
operational-sufficiency-v2,20260715,operational-envelope-v4,2.1,2.02,2.18,0.08,1.0,0.1,500,0.05,100,104,36,342,115.17175147386561,2.061345971418566,25,0.05,1.0389122452752064,0.016578865168064876,True,True,0.68,0.10526315789473684,1.0,1.0,False,0.0,0.0,0.9836631578947369,0.0,286
operational-sufficiency-v2,20260715,operational-envelope-v4,2.1,2.02,2.18,0.08,1.0,0.1,500,0.05,100,109,37,291,114.49732210146023,2.058795329381941,25,0.05,1.713589216187694,0.23390672043169103,True,False,0.0,0.0,1.0,1.0,False,0.0,0.0,0.987536842105263,0.0,286
operational-sufficiency-v2,20260715,operational-envelope-v4,2.1,2.02,2.18,0.08,1.0,0.1,500,0.05,100,113,38,548,113.94849985767571,2.056708612027829,25,0.05,1.546303058173369,0.18929461480472784,True,False,0.0,0.0,1.0,1.0,False,0.0,0.0,0.9734736842105264,0.0,286
operational-sufficiency-v2,20260715,operational-envelope-v4,2.1,2.02,2.18,0.08,1.0,0.1,500,0.05,100,114,39,240,105.33856516830728,2.0225873984743714,25,0.05,2.1581332167001515,0.33407824919401813,True,True,0.4,0.0,1.0,1.0,False,0.0,0.0,0.9612631578947368,0.0,286
operational-sufficiency-v2,20260715,operational-envelope-v4,2.1,2.02,2.18,0.08,1.0,0.1,500,0.05,100,115,40,291,127.27942452811652,2.104758203055649,25,0.05,1.2875962439256836,0.10977970112577808,True,False,0.0,0.0,1.0,1.0,False,0.0,0.0,0.9726315789473685,0.0,286
operational-sufficiency-v2,20260715,operational-envelope-v4,2.1,2.02,2.18,0.08,1.0,0.1,500,0.05,100,116,41,342,121.69230552194273,2.0852631191092406,25,0.05,1.0779414709655508,0.032595180584705286,True,True,0.64,0.0,1.0,1.0,False,0.0,0.0,0.9930105263157895,0.0,286
operational-sufficiency-v2,20260715,operational-envelope-v4,2.1,2.02,2.18,0.08,1.0,0.1,500,0.05,100,122,42,342,109.94083834398248,2.0411590443158802,25,0.05,0.9901087727092357,-0.00431709147066884,False,True,0.76,0.0,1.0,1.0,False,0.0,0.0,0.9722105263157894,0.0,286
operational-sufficiency-v2,20260715,operational-envelope-v4,2.1,2.02,2.18,0.08,1.0,0.1,500,0.05,100,123,43,394,137.32590890919894,2.1377524821368215,25,0.05,1.371401494976547,0.1371646185577584,True,True,0.6,0.0,1.0,1.0,False,0.0,0.0,0.9918315789473684,0.0,286
operational-sufficiency-v2,20260715,operational-envelope-v4,2.1,2.02,2.18,0.08,1.0,0.1,500,0.05,100,130,44,462,150.75241770370732,2.1782642858998122,25,0.05,1.0688689308563806,0.02892445348219044,True,True,0.84,0.08695652173913043,1.0,1.0,False,0.0,0.0,0.9822315789473683,0.0,286
operational-sufficiency-v2,20260715,operational-envelope-v4,2.1,2.02,2.18,0.08,1.0,0.1,500,0.05,100,133,45,291,116.35940531442354,2.0658014930036543,25,0.05,1.6473379493025575,0.2167827032750631,True,False,0.0,0.0,1.0,1.0,False,0.0,0.0,0.9921684210526316,0.0,286
operational-sufficiency-v2,20260715,operational-envelope-v4,2.1,2.02,2.18,0.08,1.0,0.1,500,0.05,100,134,46,342,139.8042591563714,2.1455204024535344,25,0.05,1.1248062509114853,0.05107772119710507,True,True,0.72,0.14285714285714285,1.0,1.0,True,0.24,0.25,0.9842526315789474,0.0,286
operational-sufficiency-v2,20260715,operational-envelope-v4,2.1,2.02,2.18,0.08,1.0,0.1,500,0.05,100,138,47,240,115.02067311525171,2.0607759048143417,25,0.05,2.7576988418716253,0.4405468367293552,True,True,0.32,0.42857142857142855,1.0,1.0,True,0.04,0.8,0.985178947368421,0.0,286
operational-sufficiency-v2,20260715,operational-envelope-v4,2.1,2.02,2.18,0.08,1.0,0.1,500,0.05,100,139,48,291,108.82238319786309,2.0367182326739828,25,0.05,1.809393498710076,0.2575330255300256,True,False,0.0,0.0,1.0,1.0,False,0.0,0.0,0.9765052631578948,0.0,286
operational-sufficiency-v2,20260715,operational-envelope-v4,2.1,2.02,2.18,0.08,1.0,0.1,500,0.05,100,140,49,342,121.17942957274211,2.0834289038133127,25,0.05,1.760497741543885,0.2456354722714927,True,False,0.0,0.0,1.0,1.0,False,0.0,0.0,0.969178947368421,0.0,286
operational-sufficiency-v2,20260715,operational-envelope-v4,2.1,2.02,2.18,0.08,1.0,0.1,500,0.05,100,143,50,548,133.9867497667776,2.127061852187938,25,0.05,1.1130350098200843,0.04650882501085152,True,False,0.0,0.0,1.0,1.0,False,0.0,0.0,0.9893894736842106,0.0,286
operational-sufficiency-v2,20260715,operational-envelope-v4,2.1,2.02,2.18,0.08,1.0,0.1,500,0.05,100,152,51,342,146.30829793476016,2.165268958012403,25,0.05,1.636486555805312,0.21391244180806226,True,False,0.0,0.0,1.0,1.0,False,0.0,0.0,0.9845894736842105,0.0,286
operational-sufficiency-v2,20260715,operational-envelope-v4,2.1,2.02,2.18,0.08,1.0,0.1,500,0.05,100,162,52,240,114.09977239236105,2.057284778083068,25,0.05,3.072326564049242,0.4874673758864502,True,True,0.28,0.3,1.0,1.0,True,0.12,0.25,0.9856842105263158,0.0,286
operational-sufficiency-v2,20260715,operational-envelope-v4,2.1,2.02,2.18,0.08,1.0,0.1,500,0.05,100,163,53,291,120.31977324744423,2.0803370047844973,25,0.05,1.8959457643496738,0.27782590970006765,True,False,0.0,0.0,1.0,1.0,False,0.0,0.0,0.9882105263157897,0.0,286
operational-sufficiency-v2,20260715,operational-envelope-v4,2.1,2.02,2.18,0.08,1.0,0.1,500,0.05,100,165,54,394,134.33725852503585,2.128196481229328,25,0.05,1.0043703616748272,0.0018938884783676478,True,True,0.6,0.16666666666666666,1.0,1.0,False,0.0,0.0,0.9839157894736843,0.0,286
operational-sufficiency-v2,20260715,operational-envelope-v4,2.1,2.02,2.18,0.08,1.0,0.1,500,0.05,100,168,55,240,121.0285897538319,2.0828879728428586,25,0.05,2.447530985566313,0.38872819864689623,True,False,0.0,0.0,1.0,1.0,False,0.0,0.0,0.9951157894736842,0.0,286
operational-sufficiency-v2,20260715,operational-envelope-v4,2.1,2.02,2.18,0.08,1.0,0.1,500,0.05,100,169,56,291,134.89961500286657,2.130010710217722,25,0.05,1.4424174844966597,0.1590909781170047,True,False,0.0,0.0,1.0,1.0,False,0.0,0.0,0.9665684210526316,0.0,286
operational-sufficiency-v2,20260715,operational-envelope-v4,2.1,2.02,2.18,0.08,1.0,0.1,500,0.05,100,175,57,291,119.31392178649116,2.0766911209737695,25,0.05,1.3057670361844869,0.11586570073353825,True,False,0.0,0.0,1.0,1.0,False,0.0,0.0,0.9833263157894737,0.0,286
operational-sufficiency-v2,20260715,operational-envelope-v4,2.1,2.02,2.18,0.08,1.0,0.1,500,0.05,100,176,58,342,149.37993531066,2.1742922670304794,25,0.05,1.3937171874154668,0.1441746558238788,True,True,0.48,0.14285714285714285,1.0,1.0,False,0.0,0.0,0.9914947368421053,0.0,286
operational-sufficiency-v2,20260715,operational-envelope-v4,2.1,2.02,2.18,0.08,1.0,0.1,500,0.05,100,177,59,394,151.1474037283779,2.1794006916651893,25,0.05,1.7416328262367382,0.24095660167791935,True,False,0.0,0.0,1.0,1.0,False,0.0,0.0,0.9909894736842105,0.0,286
operational-sufficiency-v2,20260715,operational-envelope-v4,2.1,2.02,2.18,0.08,1.0,0.1,500,0.05,100,182,60,342,135.43121835627952,2.131718785450442,25,0.05,1.7210314542338923,0.23578880773335908,True,True,0.52,0.13333333333333333,1.0,1.0,False,0.0,0.0,0.9918315789473684,0.0,286
operational-sufficiency-v2,20260715,operational-envelope-v4,2.1,2.02,2.18,0.08,1.0,0.1,500,0.05,100,184,61,462,134.29674966942196,2.1280655017400743,25,0.05,1.1119542122636312,0.04608690435875892,True,False,0.0,0.0,1.0,1.0,False,0.0,0.0,0.9715368421052633,0.0,286
operational-sufficiency-v2,20260715,operational-envelope-v4,2.1,2.02,2.18,0.08,1.0,0.1,500,0.05,100,188,62,342,118.46158230449171,2.073577529263223,25,0.05,1.462574767229687,0.1651180765766474,True,False,0.0,0.0,1.0,1.0,False,0.0,0.0,0.9794526315789475,0.0,286
operational-sufficiency-v2,20260715,operational-envelope-v4,2.1,2.02,2.18,0.08,1.0,0.1,500,0.05,100,192,63,240,106.58940861733296,2.0277140526495434,25,0.05,2.241524434460986,0.350543477394867,True,True,0.4,0.09090909090909091,1.0,1.0,True,0.16,0.2,0.9962947368421052,0.0,286
operational-sufficiency-v2,20260715,operational-envelope-v4,2.1,2.02,2.18,0.08,1.0,0.1,500,0.05,100,194,64,342,148.11048298234007,2.1705857981583763,25,0.05,1.125871059621677,0.05148865578951164,True,True,0.76,0.09523809523809523,1.0,1.0,False,0.0,0.0,0.9406315789473685,0.0,286
operational-sufficiency-v2,20260715,operational-envelope-v4,2.1,2.02,2.18,0.08,1.0,0.1,500,0.05,100,199,65,291,120.58452260227646,2.081291568336589,25,0.05,1.7340367682261022,0.23905830194550315,True,False,0.0,0.0,1.0,1.0,False,0.0,0.0,0.9925894736842105,0.0,286
operational-sufficiency-v2,20260715,operational-envelope-v4,2.1,2.02,2.18,0.08,1.0,0.1,500,0.05,100,200,66,342,149.87694007902164,2.175734817859434,25,0.05,1.141417752042696,0.05744462268484464,True,True,0.68,0.19047619047619047,1.0,1.0,True,0.48,0.14285714285714285,0.9959578947368422,0.0,286
operational-sufficiency-v2,20260715,operational-envelope-v4,2.1,2.02,2.18,0.08,1.0,0.1,500,0.05,100,205,67,291,119.71039184181468,2.078131852358486,25,0.05,1.4572126547120021,0.16352293408218196,True,False,0.0,0.0,1.0,1.0,False,0.0,0.0,0.9976421052631579,0.0,286
operational-sufficiency-v2,20260715,operational-envelope-v4,2.1,2.02,2.18,0.08,1.0,0.1,500,0.05,100,206,68,342,148.81528295512805,2.1726475344507903,25,0.05,1.0230286462252864,0.009887794732088225,True,True,0.56,0.125,1.0,1.0,True,0.24,0.25,0.9726315789473684,0.0,286
operational-sufficiency-v2,20260715,operational-envelope-v4,2.1,2.02,2.18,0.08,1.0,0.1,500,0.05,100,207,69,394,106.29987246776099,2.026532743483025,25,0.05,1.1799366112759828,0.0718586767023027,True,True,0.76,0.20833333333333334,1.0,1.0,False,0.0,0.0,0.9882105263157893,0.0,286
operational-sufficiency-v2,20260715,operational-envelope-v4,2.1,2.02,2.18,0.08,1.0,0.1,500,0.05,100,212,70,342,150.9821063519447,2.1789254799217117,25,0.05,1.2702262141797522,0.10388107120902171,True,False,0.0,0.0,1.0,1.0,False,0.0,0.0,0.9836631578947369,0.0,286
operational-sufficiency-v2,20260715,operational-envelope-v4,2.1,2.02,2.18,0.08,1.0,0.1,500,0.05,100,218,71,342,115.12385138736434,2.0611653101875937,25,0.05,1.3484098510374032,0.1298219166726939,True,False,0.0,0.0,1.0,1.0,False,0.0,0.0,0.9840842105263158,0.0,286
operational-sufficiency-v2,20260715,operational-envelope-v4,2.1,2.02,2.18,0.08,1.0,0.1,500,0.05,100,223,72,291,123.94210256645914,2.0932188592920022,25,0.05,1.7697950027737634,0.24792296448602583,True,True,0.4,0.16666666666666666,1.0,1.0,False,0.0,0.0,0.976757894736842,0.0,286
operational-sufficiency-v2,20260715,operational-envelope-v4,2.1,2.02,2.18,0.08,1.0,0.1,500,0.05,100,224,73,342,132.128169935508,2.1209954197590757,25,0.05,1.286619463577832,0.1094501169854698,True,True,0.64,0.1111111111111111,1.0,1.0,True,0.28,0.2222222222222222,0.9782736842105263,0.0,286
operational-sufficiency-v2,20260715,operational-envelope-v4,2.1,2.02,2.18,0.08,1.0,0.1,500,0.05,100,225,74,394,133.36563618658158,2.1250439409966733,25,0.05,1.3873559806085498,0.1421879106607832,True,True,0.6,0.3181818181818182,1.0,1.0,True,0.08,0.5,0.9426526315789474,0.0,286
operational-sufficiency-v2,20260715,operational-envelope-v4,2.1,2.02,2.18,0.08,1.0,0.1,500,0.05,100,229,75,291,106.43758959745479,2.0270950308889555,25,0.05,1.907263126980552,0.28041061266459016,True,True,0.48,0.25,1.0,1.0,True,0.2,0.4444444444444444,0.9923368421052632,0.0,286
operational-sufficiency-v2,20260715,operational-envelope-v4,2.1,2.02,2.18,0.08,1.0,0.1,500,0.05,100,230,76,342,133.41596264350994,2.1252077941476615,25,0.05,1.1845791882461507,0.07356409829542561,True,False,0.0,0.0,1.0,1.0,False,0.0,0.0,0.9775999999999999,0.0,286
operational-sufficiency-v2,20260715,operational-envelope-v4,2.1,2.02,2.18,0.08,1.0,0.1,500,0.05,100,235,77,291,117.9449795349286,2.0716794593659023,25,0.05,1.8291377718927617,0.2622464180621898,True,True,0.36,0.18181818181818182,1.0,1.0,False,0.0,0.0,0.9932631578947368,0.0,286
operational-sufficiency-v2,20260715,operational-envelope-v4,2.1,2.02,2.18,0.08,1.0,0.1,500,0.05,100,241,78,291,125.9261514347115,2.100115930619328,25,0.05,1.2343093196850752,0.09142400815637187,True,True,0.64,0.2,1.0,1.0,True,0.24,0.3333333333333333,0.9944421052631579,0.0,286
operational-sufficiency-v2,20260715,operational-envelope-v4,2.1,2.02,2.18,0.08,1.0,0.1,500,0.05,100,242,79,342,119.55390684922735,2.0775637728009158,25,0.05,1.4147475505475753,0.15067895068328532,True,False,0.0,0.0,1.0,1.0,False,0.0,0.0,0.9917473684210526,0.0,286
operational-sufficiency-v2,20260715,operational-envelope-v4,2.1,2.02,2.18,0.08,1.0,0.1,500,0.05,100,243,80,394,121.72331367675099,2.0853737666563816,25,0.05,1.0328662840609923,0.014044100945246833,True,False,0.0,0.0,1.0,1.0,False,0.0,0.0,0.9753263157894736,0.0,286
operational-sufficiency-v2,20260715,operational-envelope-v4,2.1,2.02,2.18,0.08,1.0,0.1,500,0.05,100,247,81,291,139.59863030924305,2.1448811571692636,25,0.05,1.2249389058793019,0.08811442869961186,True,False,0.0,0.0,1.0,1.0,False,0.0,0.0,0.9873684210526315,0.0,286
operational-sufficiency-v2,20260715,operational-envelope-v4,2.1,2.02,2.18,0.08,1.0,0.1,500,0.05,100,248,82,342,134.21413788277837,2.1277982660645414,25,0.05,0.9933955708940598,-0.0028777806610669207,False,True,0.72,0.0,1.0,1.0,False,0.0,0.0,0.9743157894736842,0.0,286
operational-sufficiency-v2,20260715,operational-envelope-v4,2.1,2.02,2.18,0.08,1.0,0.1,500,0.05,100,249,83,394,146.22966298613977,2.165035479082109,25,0.05,2.1046689107533987,0.3231837858998708,True,False,0.0,0.0,1.0,1.0,False,0.0,0.0,0.9885473684210527,0.0,286
operational-sufficiency-v2,20260715,operational-envelope-v4,2.1,2.02,2.18,0.08,1.0,0.1,500,0.05,100,252,84,240,110.75444796961276,2.0443611767900802,25,0.05,2.646337694636061,0.42264526296530097,True,False,0.0,0.0,1.0,1.0,False,0.0,0.0,0.9861052631578948,0.0,286
operational-sufficiency-v2,20260715,operational-envelope-v4,2.1,2.02,2.18,0.08,1.0,0.1,500,0.05,100,253,85,291,116.27573554429998,2.065489095479364,25,0.05,1.6698352721225853,0.22267363046688746,True,False,0.0,0.0,1.0,1.0,False,0.0,0.0,0.9879578947368421,0.0,286
operational-sufficiency-v2,20260715,operational-envelope-v4,2.1,2.02,2.18,0.08,1.0,0.1,500,0.05,100,254,86,342,140.78512329106798,2.148556765502507,25,0.05,1.189775223116664,0.07546492056830983,True,True,0.6,0.0625,1.0,1.0,True,0.08,0.3333333333333333,0.992421052631579,0.0,286
operational-sufficiency-v2,20260715,operational-envelope-v4,2.1,2.02,2.18,0.08,1.0,0.1,500,0.05,100,256,87,462,135.02564339247547,2.1304162553562014,25,0.05,0.912650740838049,-0.03969538932910701,False,True,0.8,0.047619047619047616,1.0,1.0,True,0.24,0.14285714285714285,0.9724631578947367,0.0,286
operational-sufficiency-v2,20260715,operational-envelope-v4,2.1,2.02,2.18,0.08,1.0,0.1,500,0.05,100,260,88,342,124.44598946943431,2.0949809051281423,25,0.05,1.4786618347137332,0.16986886357761927,True,True,0.52,0.13333333333333333,1.0,1.0,False,0.0,0.0,0.985178947368421,0.0,286
operational-sufficiency-v2,20260715,operational-envelope-v4,2.1,2.02,2.18,0.08,1.0,0.1,500,0.05,100,261,89,394,149.56078579889297,2.1748177382903298,25,0.05,1.207056362853836,0.08172754972029952,True,False,0.0,0.0,1.0,1.0,False,0.0,0.0,0.9883789473684211,0.0,286
operational-sufficiency-v2,20260715,operational-envelope-v4,2.1,2.02,2.18,0.08,1.0,0.1,500,0.05,100,265,90,291,131.7699063402599,2.119816237248419,25,0.05,1.4994974996826635,0.1759457459375416,True,True,0.48,0.07692307692307693,1.0,1.0,True,0.04,0.0,0.9901473684210527,0.0,286
operational-sufficiency-v2,20260715,operational-envelope-v4,2.1,2.02,2.18,0.08,1.0,0.1,500,0.05,100,272,91,342,151.1351316980353,2.179365428793949,25,0.05,1.6818125023007293,0.22577757662534023,True,True,0.36,0.5,1.0,1.0,True,0.2,0.6153846153846154,0.9894736842105263,0.0,286
operational-sufficiency-v2,20260715,operational-envelope-v4,2.1,2.02,2.18,0.08,1.0,0.1,500,0.05,100,273,92,394,143.41720108021914,2.1566012425885313,25,0.05,0.897255416652378,-0.04708391118905251,False,True,0.84,0.08695652173913043,1.0,1.0,False,0.0,0.0,0.9677473684210527,0.0,286
operational-sufficiency-v2,20260715,operational-envelope-v4,2.1,2.02,2.18,0.08,1.0,0.1,500,0.05,100,277,93,291,148.3587691392504,2.171313221540847,25,0.05,2.060867677943582,0.31405010794428845,True,False,0.0,0.0,1.0,1.0,False,0.0,0.0,0.9917473684210526,0.0,286
operational-sufficiency-v2,20260715,operational-envelope-v4,2.1,2.02,2.18,0.08,1.0,0.1,500,0.05,100,278,94,342,132.564799138558,2.1224282181154606,25,0.05,1.6847875398748782,0.22654514195656175,True,False,0.0,0.0,1.0,1.0,False,0.0,0.0,0.9728,0.0,286
operational-sufficiency-v2,20260715,operational-envelope-v4,2.1,2.02,2.18,0.08,1.0,0.1,500,0.05,100,279,95,394,149.15517541263426,2.173638327186204,25,0.05,1.8340974695507577,0.26342241168473396,True,True,0.52,0.07142857142857142,1.0,1.0,False,0.0,0.0,0.9936842105263157,0.0,286
operational-sufficiency-v2,20260715,operational-envelope-v4,2.1,2.02,2.18,0.08,1.0,0.1,500,0.05,100,282,96,240,105.09669750328585,2.0215890692286815,25,0.05,3.0050220460765584,0.4778476625132261,True,True,0.32,0.1111111111111111,1.0,1.0,False,0.0,0.0,0.9933473684210528,0.0,286
operational-sufficiency-v2,20260715,operational-envelope-v4,2.1,2.02,2.18,0.08,1.0,0.1,500,0.05,100,283,97,291,151.2111751184124,2.1795838884728447,25,0.05,1.63393006380932,0.21323346373146063,True,False,0.0,0.0,1.0,1.0,False,0.0,0.0,0.9964631578947369,0.0,286
operational-sufficiency-v2,20260715,operational-envelope-v4,2.1,2.02,2.18,0.08,1.0,0.1,500,0.05,100,284,98,342,148.3839832774918,2.1713870252717986,25,0.05,1.3387857863460229,0.12671109288184185,True,True,0.64,0.058823529411764705,1.0,1.0,False,0.0,0.0,0.9802105263157894,0.0,286
operational-sufficiency-v2,20260715,operational-envelope-v4,2.1,2.02,2.18,0.08,1.0,0.1,500,0.05,100,285,99,394,141.82931788608724,2.1517660142043464,25,0.05,1.6240913993856723,0.21061046648882917,True,False,0.0,0.0,1.0,1.0,False,0.0,0.0,0.9894736842105263,0.0,286
operational-sufficiency-v2,20260715,operational-envelope-v4,2.1,2.02,2.18,0.08,1.5,0.1,500,0.05,100,0,0,836,146.196645681837,2.1649374083360655,25,0.05,0.949105477991807,-0.022685519960203904,False,True,0.48,0.0,1.0,1.0,True,0.16,0.0,0.9712842105263157,0.0,448
operational-sufficiency-v2,20260715,operational-envelope-v4,2.1,2.02,2.18,0.08,1.5,0.1,500,0.05,100,1,1,1015,140.37748784118247,2.1472974661252446,25,0.05,0.38583588452597467,-0.41359738341354196,False,True,0.8,0.047619047619047616,1.0,1.0,True,0.56,0.06666666666666667,0.9954526315789474,0.0,448
operational-sufficiency-v2,20260715,operational-envelope-v4,2.1,2.02,2.18,0.08,1.5,0.1,500,0.05,100,2,2,1194,150.7027840039106,2.17812127531641,25,0.05,0.5125842722766412,-0.29023472348977086,False,True,0.72,0.0,1.0,1.0,True,0.32,0.0,0.9792842105263158,0.0,448
operational-sufficiency-v2,20260715,operational-envelope-v4,2.1,2.02,2.18,0.08,1.5,0.1,500,0.05,100,9,3,1374,113.19961840450193,2.0538449628496163,25,0.05,0.19197691259083388,-0.716750997011516,False,True,0.76,0.4411764705882353,1.0,1.0,True,0.44,0.5217391304347826,0.9798736842105263,0.0,448
operational-sufficiency-v2,20260715,operational-envelope-v4,2.1,2.02,2.18,0.08,1.5,0.1,500,0.05,100,12,4,836,109.38588500616463,2.0389612848911502,25,0.05,0.8097045857183818,-0.09167340111341062,False,True,0.56,0.0,1.0,1.0,True,0.32,0.0,0.9916631578947368,0.0,448
operational-sufficiency-v2,20260715,operational-envelope-v4,2.1,2.02,2.18,0.08,1.5,0.1,500,0.05,100,18,5,836,111.545736971895,2.0474529771751224,25,0.05,0.6095181284250664,-0.21501337296948872,False,False,0.0,0.0,1.0,1.0,False,0.0,0.0,0.9899789473684212,0.0,448
operational-sufficiency-v2,20260715,operational-envelope-v4,2.1,2.02,2.18,0.08,1.5,0.1,500,0.05,100,24,6,836,142.6795216524918,2.154361644652639,25,0.05,0.7280181857199594,-0.13785777197929466,False,True,0.72,0.05263157894736842,1.0,1.0,False,0.0,0.0,0.9786105263157894,0.0,448
operational-sufficiency-v2,20260715,operational-envelope-v4,2.1,2.02,2.18,0.08,1.5,0.1,500,0.05,100,30,7,836,147.17429333252497,2.1678319591944377,25,0.05,0.721365558621755,-0.1418445967800492,False,False,0.0,0.0,1.0,1.0,False,0.0,0.0,0.9809684210526316,0.0,448
operational-sufficiency-v2,20260715,operational-envelope-v4,2.1,2.02,2.18,0.08,1.5,0.1,500,0.05,100,32,8,1194,138.52559619395595,2.141530027976053,25,0.05,0.5843382028101928,-0.23333571949617293,False,True,0.76,0.0,1.0,1.0,True,0.36,0.0,0.9904842105263159,0.0,448
operational-sufficiency-v2,20260715,operational-envelope-v4,2.1,2.02,2.18,0.08,1.5,0.1,500,0.05,100,37,9,1015,150.7774731655536,2.178336460826252,25,0.05,0.897601134879778,-0.04691660698841111,False,False,0.0,0.0,1.0,1.0,False,0.0,0.0,0.986863157894737,0.0,448
operational-sufficiency-v2,20260715,operational-envelope-v4,2.1,2.02,2.18,0.08,1.5,0.1,500,0.05,100,42,10,836,107.96739525382654,2.033292624012794,25,0.05,0.9639758403821875,-0.015933850454204857,False,True,0.64,0.058823529411764705,1.0,1.0,False,0.0,0.0,0.9928421052631579,0.0,448
operational-sufficiency-v2,20260715,operational-envelope-v4,2.1,2.02,2.18,0.08,1.5,0.1,500,0.05,100,45,11,1374,146.08979268270613,2.164619872769076,25,0.05,0.3463852250142533,-0.46044064099542253,False,False,0.0,0.0,1.0,1.0,False,0.0,0.0,0.9884631578947368,0.0,448
operational-sufficiency-v2,20260715,operational-envelope-v4,2.1,2.02,2.18,0.08,1.5,0.1,500,0.05,100,54,12,836,128.09072286832182,2.1075176765597123,25,0.05,0.5140301497635061,-0.2890114072850514,False,True,0.76,0.20833333333333334,1.0,1.0,True,0.44,0.26666666666666666,0.9853473684210526,0.0,448
operational-sufficiency-v2,20260715,operational-envelope-v4,2.1,2.02,2.18,0.08,1.5,0.1,500,0.05,100,60,13,836,110.53564937452181,2.043502366977967,25,0.05,1.0187393210214906,0.008063069261410196,True,True,0.64,0.0,1.0,1.0,False,0.0,0.0,0.9930105263157896,0.0,448
operational-sufficiency-v2,20260715,operational-envelope-v4,2.1,2.02,2.18,0.08,1.5,0.1,500,0.05,100,61,14,1015,151.34373994130914,2.1799644618623155,25,0.05,0.360160045404325,-0.4435044675933149,False,False,0.0,0.0,1.0,1.0,False,0.0,0.0,0.9541894736842105,0.0,448
operational-sufficiency-v2,20260715,operational-envelope-v4,2.1,2.02,2.18,0.08,1.5,0.1,500,0.05,100,62,15,1194,140.41375425089888,2.147409651260283,25,0.05,0.18110801345933109,-0.7420623330974637,False,True,0.68,0.32,1.0,1.0,False,0.0,0.0,0.9890526315789475,0.0,448
operational-sufficiency-v2,20260715,operational-envelope-v4,2.1,2.02,2.18,0.08,1.5,0.1,500,0.05,100,65,16,1911,120.43181879284694,2.0807412452315996,25,0.05,0.3133407070077484,-0.5039831809866765,False,True,0.84,0.0,1.0,1.0,True,0.36,0.0,0.9773473684210526,0.0,448
operational-sufficiency-v2,20260715,operational-envelope-v4,2.1,2.02,2.18,0.08,1.5,0.1,500,0.05,100,66,17,836,114.47340706756813,2.058704608901386,25,0.05,0.71529191810687,-0.14551668190568628,False,True,0.52,0.1875,1.0,1.0,True,0.24,0.14285714285714285,0.9732210526315791,0.0,448
operational-sufficiency-v2,20260715,operational-envelope-v4,2.1,2.02,2.18,0.08,1.5,0.1,500,0.05,100,76,18,1612,132.47320295991526,2.1221280368869824,25,0.05,0.23859772169168345,-0.6223337076122568,False,True,0.64,0.0,1.0,1.0,True,0.36,0.0,0.9666526315789473,0.0,448
operational-sufficiency-v2,20260715,operational-envelope-v4,2.1,2.02,2.18,0.08,1.5,0.1,500,0.05,100,88,19,1612,146.6711400704465,2.1663446677548186,25,0.05,0.14224638859042374,-0.846958750839116,False,True,0.76,0.13636363636363635,1.0,1.0,True,0.44,0.15384615384615385,0.9896421052631578,0.0,448
operational-sufficiency-v2,20260715,operational-envelope-v4,2.1,2.02,2.18,0.08,1.5,0.1,500,0.05,100,91,20,1015,119.39851179639025,2.076998913705883,25,0.05,0.07002157773731536,-1.1547681078684677,False,True,0.72,0.0,1.0,1.0,True,0.24,0.0,0.9875368421052632,0.0,448
operational-sufficiency-v2,20260715,operational-envelope-v4,2.1,2.02,2.18,0.08,1.5,0.1,500,0.05,100,96,21,836,107.63232002630448,2.0319427016410487,25,0.05,0.7287211132930042,-0.13743864744541073,False,True,0.72,0.18181818181818182,1.0,1.0,True,0.52,0.13333333333333333,0.9927578947368422,0.0,448
operational-sufficiency-v2,20260715,operational-envelope-v4,2.1,2.02,2.18,0.08,1.5,0.1,500,0.05,100,101,22,1911,143.56082153470712,2.1570359349424026,25,0.05,0.44701200076522485,-0.34968081736883616,False,True,0.84,0.045454545454545456,1.0,1.0,False,0.0,0.0,0.9844210526315789,0.0,448
operational-sufficiency-v2,20260715,operational-envelope-v4,2.1,2.02,2.18,0.08,1.5,0.1,500,0.05,100,102,23,836,107.5402905271602,2.031571205417761,25,0.05,0.42175156353576465,-0.37494329870043486,False,False,0.0,0.0,1.0,1.0,True,0.12,0.0,0.9772631578947368,0.0,448
operational-sufficiency-v2,20260715,operational-envelope-v4,2.1,2.02,2.18,0.08,1.5,0.1,500,0.05,100,108,24,836,140.97451648790764,2.14914061372683,25,0.05,0.724294170105823,-0.1400850104517222,False,True,0.56,0.06666666666666667,1.0,1.0,False,0.0,0.0,0.9770105263157894,0.0,448
operational-sufficiency-v2,20260715,operational-envelope-v4,2.1,2.02,2.18,0.08,1.5,0.1,500,0.05,100,115,25,1015,135.80306587710578,2.1329095746460975,25,0.05,0.37064792861961393,-0.4310384226070857,False,True,0.68,0.15,1.0,1.0,True,0.24,0.14285714285714285,0.9723789473684211,0.0,448
operational-sufficiency-v2,20260715,operational-envelope-v4,2.1,2.02,2.18,0.08,1.5,0.1,500,0.05,100,116,26,1194,128.93022050771106,2.1103547254329484,25,0.05,0.6102840758805691,-0.21446796192514297,False,True,0.6,0.21052631578947367,1.0,1.0,True,0.24,0.25,0.9919999999999999,0.0,448
operational-sufficiency-v2,20260715,operational-envelope-v4,2.1,2.02,2.18,0.08,1.5,0.1,500,0.05,100,132,27,836,137.8557967081803,2.139425032505241,25,0.05,0.631987235003921,-0.19929169358999677,False,False,0.0,0.0,1.0,1.0,False,0.0,0.0,0.9800421052631578,0.0,448
operational-sufficiency-v2,20260715,operational-envelope-v4,2.1,2.02,2.18,0.08,1.5,0.1,500,0.05,100,133,28,1015,125.50748336571361,2.098669621335333,25,0.05,0.3965903330993468,-0.401657875942055,False,False,0.0,0.0,1.0,1.0,False,0.0,0.0,0.9819789473684211,0.0,448
operational-sufficiency-v2,20260715,operational-envelope-v4,2.1,2.02,2.18,0.08,1.5,0.1,500,0.05,100,136,29,1612,139.1639469776373,2.1435267377408245,25,0.05,0.3725386654373193,-0.42882864556101613,False,True,0.76,0.05,1.0,1.0,True,0.28,0.125,0.9919157894736843,0.0,448
operational-sufficiency-v2,20260715,operational-envelope-v4,2.1,2.02,2.18,0.08,1.5,0.1,500,0.05,100,139,30,1015,136.72410788354395,2.1358450983109436,25,0.05,0.3856278825286317,-0.41383157230410966,False,False,0.0,0.0,1.0,1.0,True,0.16,0.0,0.9928421052631577,0.0,448
operational-sufficiency-v2,20260715,operational-envelope-v4,2.1,2.02,2.18,0.08,1.5,0.1,500,0.05,100,144,31,836,135.67976591973257,2.132515085650727,25,0.05,0.3761921295850195,-0.42459029468024734,False,True,0.56,0.3,1.0,1.0,True,0.24,0.25,0.9889684210526316,0.0,448
operational-sufficiency-v2,20260715,operational-envelope-v4,2.1,2.02,2.18,0.08,1.5,0.1,500,0.05,100,145,32,1015,142.16742901641095,2.1528001096237355,25,0.05,0.7166766992016409,-0.14467671520766362,False,False,0.0,0.0,1.0,1.0,False,0.0,0.0,0.9634526315789474,0.0,448
operational-sufficiency-v2,20260715,operational-envelope-v4,2.1,2.02,2.18,0.08,1.5,0.1,500,0.05,100,151,33,1015,120.73232468800381,2.081823563006605,25,0.05,0.9467723960886705,-0.023754412763583147,False,False,0.0,0.0,1.0,1.0,False,0.0,0.0,0.9813894736842105,0.0,448
operational-sufficiency-v2,20260715,operational-envelope-v4,2.1,2.02,2.18,0.08,1.5,0.1,500,0.05,100,154,34,1612,116.83818154967555,2.0675847890659145,25,0.05,0.1686015700600296,-0.7731383854335052,False,True,0.88,0.2413793103448276,1.0,1.0,True,0.36,0.1,0.9888842105263158,0.0,448
operational-sufficiency-v2,20260715,operational-envelope-v4,2.1,2.02,2.18,0.08,1.5,0.1,500,0.05,100,157,35,1015,114.9955999724541,2.0606812234471676,25,0.05,0.5602286790170026,-0.25163466270269375,False,True,0.76,0.20833333333333334,1.0,1.0,True,0.4,0.16666666666666666,0.9823157894736844,0.0,448
operational-sufficiency-v2,20260715,operational-envelope-v4,2.1,2.02,2.18,0.08,1.5,0.1,500,0.05,100,163,36,1015,138.1814112978769,2.140449623980747,25,0.05,0.5264665939223043,-0.27862918105112267,False,True,0.52,0.4090909090909091,1.0,1.0,False,0.0,0.0,0.9843368421052631,0.0,448
operational-sufficiency-v2,20260715,operational-envelope-v4,2.1,2.02,2.18,0.08,1.5,0.1,500,0.05,100,168,37,836,136.70554501244357,2.135786130657551,25,0.05,0.7179808270833706,-0.14388715297646132,False,True,0.52,0.0,1.0,1.0,False,0.0,0.0,0.973978947368421,0.0,448
operational-sufficiency-v2,20260715,operational-envelope-v4,2.1,2.02,2.18,0.08,1.5,0.1,500,0.05,100,169,38,1015,129.26784246127994,2.1114905002973154,25,0.05,0.5210285940385431,-0.28313844197419497,False,False,0.0,0.0,1.0,1.0,False,0.0,0.0,0.9872000000000001,0.0,448
operational-sufficiency-v2,20260715,operational-envelope-v4,2.1,2.02,2.18,0.08,1.5,0.1,500,0.05,100,174,39,836,131.6618075094039,2.119459812976717,25,0.05,0.35806729694232337,-0.44603534222756874,False,True,0.72,0.21739130434782608,1.0,1.0,True,0.52,0.23529411764705882,0.960336842105263,0.0,448
operational-sufficiency-v2,20260715,operational-envelope-v4,2.1,2.02,2.18,0.08,1.5,0.1,500,0.05,100,178,40,1612,133.3426431770205,2.124969059652732,25,0.05,0.3423184590935895,-0.4655696814454177,False,True,0.72,0.21739130434782608,1.0,1.0,True,0.6,0.21052631578947367,0.9757473684210527,0.0,448
operational-sufficiency-v2,20260715,operational-envelope-v4,2.1,2.02,2.18,0.08,1.5,0.1,500,0.05,100,182,41,1194,146.8251103579037,2.1668003359431274,25,0.05,0.37733354353249093,-0.42327458593726275,False,True,0.68,0.05555555555555555,1.0,1.0,True,0.32,0.0,0.9851789473684209,0.0,448
operational-sufficiency-v2,20260715,operational-envelope-v4,2.1,2.02,2.18,0.08,1.5,0.1,500,0.05,100,185,42,1911,146.50339924160372,2.1658477015143225,25,0.05,0.5144654578045152,-0.28864377928540597,False,True,0.6,0.0625,1.0,1.0,False,0.0,0.0,0.9916631578947368,0.0,448
operational-sufficiency-v2,20260715,operational-envelope-v4,2.1,2.02,2.18,0.08,1.5,0.1,500,0.05,100,186,43,836,114.20610764481447,2.057689330227797,25,0.05,0.4117078786371402,-0.3854108220579049,False,True,0.6,0.0625,1.0,1.0,True,0.12,0.25,0.9969684210526316,0.0,448
operational-sufficiency-v2,20260715,operational-envelope-v4,2.1,2.02,2.18,0.08,1.5,0.1,500,0.05,100,187,44,1015,146.39573567958124,2.16552842646418,25,0.05,0.4028426163039002,-0.3948645921238416,False,True,0.68,0.0,1.0,1.0,True,0.24,0.0,0.9899789473684212,0.0,448
operational-sufficiency-v2,20260715,operational-envelope-v4,2.1,2.02,2.18,0.08,1.5,0.1,500,0.05,100,200,45,1194,105.81820981402196,2.024560410054966,25,0.05,0.3782980334516857,-0.42216591634220485,False,True,0.68,0.15,1.0,1.0,True,0.52,0.13333333333333333,0.9980631578947369,0.0,448
operational-sufficiency-v2,20260715,operational-envelope-v4,2.1,2.02,2.18,0.08,1.5,0.1,500,0.05,100,206,46,1194,124.67456066021205,2.0957778464858947,25,0.05,0.4210511014835748,-0.3756651921796986,False,True,0.76,0.09523809523809523,1.0,1.0,True,0.44,0.08333333333333333,0.9498947368421053,0.0,448
operational-sufficiency-v2,20260715,operational-envelope-v4,2.1,2.02,2.18,0.08,1.5,0.1,500,0.05,100,210,47,836,110.94921942710926,2.045124251140432,25,0.05,0.9047201810481991,-0.043485722029805454,False,True,0.56,0.0,1.0,1.0,True,0.12,0.0,0.9967157894736842,0.0,448
operational-sufficiency-v2,20260715,operational-envelope-v4,2.1,2.02,2.18,0.08,1.5,0.1,500,0.05,100,211,48,1015,128.6829125986305,2.109520882127337,25,0.05,0.3861735862681648,-0.4132174346744006,False,True,0.76,0.20833333333333334,1.0,1.0,True,0.32,0.38461538461538464,0.9860210526315788,0.0,448
operational-sufficiency-v2,20260715,operational-envelope-v4,2.1,2.02,2.18,0.08,1.5,0.1,500,0.05,100,215,49,1911,130.36526907979393,2.1151619053834247,25,0.05,0.23881366799439002,-0.6219408209066815,False,True,0.8,0.047619047619047616,1.0,1.0,True,0.4,0.09090909090909091,0.9879578947368421,0.0,448
operational-sufficiency-v2,20260715,operational-envelope-v4,2.1,2.02,2.18,0.08,1.5,0.1,500,0.05,100,218,50,1194,145.44858196378217,2.162709491493655,25,0.05,0.4692714102292274,-0.328575903826934,False,True,0.72,0.25,1.0,1.0,True,0.6,0.21052631578947367,0.983578947368421,0.0,448
operational-sufficiency-v2,20260715,operational-envelope-v4,2.1,2.02,2.18,0.08,1.5,0.1,500,0.05,100,224,51,1194,148.84330568523808,2.1727293067735456,25,0.05,0.4456526764934529,-0.35100348085422606,False,True,0.8,0.2,1.0,1.0,False,0.0,0.0,0.984421052631579,0.0,448
operational-sufficiency-v2,20260715,operational-envelope-v4,2.1,2.02,2.18,0.08,1.5,0.1,500,0.05,100,231,52,1374,108.56195126801619,2.035677640632856,25,0.05,0.6010587318488264,-0.22108308927575415,False,True,0.88,0.26666666666666666,1.0,1.0,True,0.24,0.4,0.9702736842105262,0.0,448
operational-sufficiency-v2,20260715,operational-envelope-v4,2.1,2.02,2.18,0.08,1.5,0.1,500,0.05,100,234,53,836,131.05037655001755,2.117438273152591,25,0.05,1.0775429348306822,0.03243458369454048,True,False,0.0,0.0,1.0,1.0,False,0.0,0.0,0.9684210526315788,0.0,448
operational-sufficiency-v2,20260715,operational-envelope-v4,2.1,2.02,2.18,0.08,1.5,0.1,500,0.05,100,240,54,836,104.86432101142357,2.020627749169749,25,0.05,0.14053540510717916,-0.8522142500959349,False,True,0.64,0.15789473684210525,1.0,1.0,True,0.24,0.25,0.9866947368421053,0.0,448
operational-sufficiency-v2,20260715,operational-envelope-v4,2.1,2.02,2.18,0.08,1.5,0.1,500,0.05,100,241,55,1015,110.57938080354394,2.043674153749245,25,0.05,0.846725139980852,-0.0722575454688404,False,False,0.0,0.0,1.0,1.0,False,0.0,0.0,0.9839157894736843,0.0,448
operational-sufficiency-v2,20260715,operational-envelope-v4,2.1,2.02,2.18,0.08,1.5,0.1,500,0.05,100,242,56,1194,127.4381243153272,2.105299370722313,25,0.05,0.2500023996282018,-0.6020558227668217,False,True,0.8,0.16666666666666666,1.0,1.0,True,0.56,0.125,0.9910736842105264,0.0,448
operational-sufficiency-v2,20260715,operational-envelope-v4,2.1,2.02,2.18,0.08,1.5,0.1,500,0.05,100,247,57,1015,139.7105950849212,2.145229342495262,25,0.05,0.776804855344229,-0.10968806857557106,False,True,0.8,0.0,1.0,1.0,True,0.32,0.0,0.9842526315789474,0.0,448
operational-sufficiency-v2,20260715,operational-envelope-v4,2.1,2.02,2.18,0.08,1.5,0.1,500,0.05,100,250,58,1612,150.48333839616518,2.1774884172509266,25,0.05,0.3807101879979883,-0.4194055010892176,False,True,0.92,0.30303030303030304,1.0,1.0,True,0.6,0.375,0.9617684210526315,0.0,448
operational-sufficiency-v2,20260715,operational-envelope-v4,2.1,2.02,2.18,0.08,1.5,0.1,500,0.05,100,253,59,1015,143.5751704114248,2.157079340423847,25,0.05,0.3640564189139137,-0.4388313072182993,False,False,0.0,0.0,1.0,1.0,False,0.0,0.0,0.9719578947368421,0.0,448
operational-sufficiency-v2,20260715,operational-envelope-v4,2.1,2.02,2.18,0.08,1.5,0.1,500,0.05,100,275,60,1911,141.73368287626027,2.15147307218788,25,0.05,0.21981247955569644,-0.6579476547318108,False,True,0.96,0.07692307692307693,1.0,1.0,True,0.48,0.14285714285714285,0.9904842105263159,0.0,448
operational-sufficiency-v2,20260715,operational-envelope-v4,2.1,2.02,2.18,0.08,1.5,0.1,500,0.05,100,276,61,836,106.40228457903633,2.0269509528595675,25,0.05,0.33757076343726894,-0.47163517409524325,False,True,0.76,0.09523809523809523,1.0,1.0,True,0.12,0.25,0.9804631578947368,0.0,448
operational-sufficiency-v2,20260715,operational-envelope-v4,2.1,2.02,2.18,0.08,1.5,0.1,500,0.05,100,277,62,1015,118.10026222747113,2.0722508619134072,25,0.05,0.5558310510877955,-0.2550571953430908,False,False,0.0,0.0,1.0,1.0,False,0.0,0.0,0.9857684210526316,0.0,448
operational-sufficiency-v2,20260715,operational-envelope-v4,2.1,2.02,2.18,0.08,1.5,0.1,500,0.05,100,281,63,1911,115.20482906536544,2.061470683883072,25,0.05,0.4460327400731572,-0.3506332616662324,False,True,0.84,0.0,1.0,1.0,True,0.32,0.0,0.9861894736842106,0.0,448
operational-sufficiency-v2,20260715,operational-envelope-v4,2.1,2.02,2.18,0.08,1.5,0.1,500,0.05,100,283,64,1015,120.71632444333882,2.081766003620771,25,0.05,0.13943413532814994,-0.8556308921644564,False,True,0.6,0.16666666666666666,1.0,1.0,False,0.0,0.0,0.9838315789473684,0.0,448
operational-sufficiency-v2,20260715,operational-envelope-v4,2.1,2.02,2.18,0.08,1.5,0.1,500,0.05,100,284,65,1194,132.23986169677494,2.1213623863562003,25,0.05,0.5229595350928286,-0.28153191412655953,False,True,0.72,0.05263157894736842,1.0,1.0,True,0.52,0.0,0.9902315789473684,0.0,448
operational-sufficiency-v2,20260715,operational-envelope-v4,2.1,2.02,2.18,0.08,1.5,0.1,500,0.05,100,288,66,836,148.21079666153383,2.170879841698212,25,0.05,0.9001588446131767,-0.045680846947398226,False,True,0.6,0.0625,1.0,1.0,False,0.0,0.0,0.9930947368421053,0.0,448
operational-sufficiency-v2,20260715,operational-envelope-v4,2.1,2.02,2.18,0.08,1.5,0.1,500,0.05,100,294,67,836,118.64554959578261,2.074251452437531,25,0.05,0.6028103250666388,-0.21981931760315265,False,True,0.64,0.058823529411764705,1.0,1.0,True,0.2,0.16666666666666666,0.9846736842105264,0.0,448
operational-sufficiency-v2,20260715,operational-envelope-v4,2.1,2.02,2.18,0.08,1.5,0.1,500,0.05,100,307,68,1015,137.57593780459692,2.1385424819191265,25,0.05,0.2691410891611106,-0.5700199944186879,False,False,0.0,0.0,1.0,1.0,False,0.0,0.0,0.9871157894736843,0.0,448
operational-sufficiency-v2,20260715,operational-envelope-v4,2.1,2.02,2.18,0.08,1.5,0.1,500,0.05,100,310,69,1612,148.5989911734181,2.172015861044308,25,0.05,0.4738184566241769,-0.3243880262347887,False,True,0.8,0.09090909090909091,1.0,1.0,True,0.48,0.07692307692307693,0.973978947368421,0.0,448
operational-sufficiency-v2,20260715,operational-envelope-v4,2.1,2.02,2.18,0.08,1.5,0.1,500,0.05,100,312,70,836,110.90148048917378,2.044937343840657,25,0.05,0.27336390657306875,-0.563258827774541,False,True,0.64,0.058823529411764705,1.0,1.0,True,0.24,0.0,0.9885473684210527,0.0,448
operational-sufficiency-v2,20260715,operational-envelope-v4,2.1,2.02,2.18,0.08,1.5,0.1,500,0.05,100,313,71,1015,118.09021046185316,2.072213896609141,25,0.05,0.44701801563668203,-0.34967497366015676,False,True,0.68,0.0,1.0,1.0,False,0.0,0.0,0.9925052631578947,0.0,448
operational-sufficiency-v2,20260715,operational-envelope-v4,2.1,2.02,2.18,0.08,1.5,0.1,500,0.05,100,319,72,1015,105.69095515254573,2.02403782273396,25,0.05,0.564736392675139,-0.24815422460821165,False,True,0.6,0.3181818181818182,1.0,1.0,True,0.36,0.4375,0.9950315789473685,0.0,448
operational-sufficiency-v2,20260715,operational-envelope-v4,2.1,2.02,2.18,0.08,1.5,0.1,500,0.05,100,324,73,836,128.6055069002337,2.1092595655180517,25,0.05,0.2987724830064915,-0.5246594036061131,False,True,0.64,0.0,1.0,1.0,True,0.16,0.0,0.9912421052631579,0.0,448
operational-sufficiency-v2,20260715,operational-envelope-v4,2.1,2.02,2.18,0.08,1.5,0.1,500,0.05,100,330,74,836,117.21700745990073,2.0689906296864313,25,0.05,0.10545104813383181,-0.9769490992201115,False,False,0.0,0.0,1.0,1.0,False,0.0,0.0,0.9850947368421054,0.0,448
operational-sufficiency-v2,20260715,operational-envelope-v4,2.1,2.02,2.18,0.08,1.5,0.1,500,0.05,100,342,75,836,111.90075871793556,2.048833031174424,25,0.05,0.14549020535459287,-0.8371662431291699,False,True,0.8,0.23076923076923078,1.0,1.0,True,0.4,0.3333333333333333,0.9917473684210526,0.0,448
operational-sufficiency-v2,20260715,operational-envelope-v4,2.1,2.02,2.18,0.08,1.5,0.1,500,0.05,100,344,76,1194,133.64964641875324,2.1259678141319314,25,0.05,0.4077653489587346,-0.3895896824210506,False,True,0.68,0.10526315789473684,1.0,1.0,True,0.36,0.18181818181818182,0.970021052631579,0.0,448
operational-sufficiency-v2,20260715,operational-envelope-v4,2.1,2.02,2.18,0.08,1.5,0.1,500,0.05,100,346,77,1612,107.25035248478326,2.030398728194242,25,0.05,0.25991107342389574,-0.5851752171344371,False,False,0.0,0.0,1.0,1.0,False,0.0,0.0,0.9886315789473683,0.0,448
operational-sufficiency-v2,20260715,operational-envelope-v4,2.1,2.02,2.18,0.08,1.5,0.1,500,0.05,100,349,78,1015,121.54566773599221,2.084739483854935,25,0.05,0.5440729796639328,-0.2643428419570637,False,False,0.0,0.0,1.0,1.0,False,0.0,0.0,0.9679157894736841,0.0,448
operational-sufficiency-v2,20260715,operational-envelope-v4,2.1,2.02,2.18,0.08,1.5,0.1,500,0.05,100,356,79,1194,133.29180173958576,2.1248034384704844,25,0.05,0.6664607102874638,-0.17622544836310747,False,True,0.68,0.10526315789473684,1.0,1.0,False,0.0,0.0,0.9549473684210525,0.0,448
operational-sufficiency-v2,20260715,operational-envelope-v4,2.1,2.02,2.18,0.08,1.5,0.1,500,0.05,100,361,80,1015,150.2812485624437,2.176904794599539,25,0.05,0.6531572688462236,-0.18498223561835944,False,True,0.52,0.3157894736842105,1.0,1.0,True,0.16,0.42857142857142855,0.9685052631578946,0.0,448
operational-sufficiency-v2,20260715,operational-envelope-v4,2.1,2.02,2.18,0.08,1.5,0.1,500,0.05,100,367,81,1015,130.35411083132152,2.115124731578057,25,0.05,0.49845958636336446,-0.30237004724374766,False,True,0.72,0.14285714285714285,1.0,1.0,False,0.0,0.0,0.9917473684210527,0.0,448
operational-sufficiency-v2,20260715,operational-envelope-v4,2.1,2.02,2.18,0.08,1.5,0.1,500,0.05,100,369,82,1374,132.12596258639738,2.1209881643225814,25,0.05,0.2172355819730937,-0.6630690382501392,False,True,0.76,0.20833333333333334,1.0,1.0,True,0.6,0.25,0.9937684210526316,0.0,448
operational-sufficiency-v2,20260715,operational-envelope-v4,2.1,2.02,2.18,0.08,1.5,0.1,500,0.05,100,372,83,836,138.30736882399407,2.1408453193308947,25,0.05,0.4262360317712046,-0.37034984007941496,False,True,0.84,0.3225806451612903,1.0,1.0,False,0.0,0.0,0.9837473684210526,0.0,448
operational-sufficiency-v2,20260715,operational-envelope-v4,2.1,2.02,2.18,0.08,1.5,0.1,500,0.05,100,373,84,1015,148.4555074143867,2.171596313722638,25,0.05,0.27716833734243734,-0.5572563833779012,False,False,0.0,0.0,1.0,1.0,False,0.0,0.0,0.9873684210526315,0.0,448
operational-sufficiency-v2,20260715,operational-envelope-v4,2.1,2.02,2.18,0.08,1.5,0.1,500,0.05,100,379,85,1015,114.31363160368315,2.058098021972403,25,0.05,0.39438284959913433,-0.40408197934544987,False,True,0.68,0.0,1.0,1.0,False,0.0,0.0,0.9905684210526318,0.0,448
operational-sufficiency-v2,20260715,operational-envelope-v4,2.1,2.02,2.18,0.08,1.5,0.1,500,0.05,100,390,86,836,138.5620191033131,2.141644203188271,25,0.05,0.5552698302338327,-0.2554959226356894,False,True,0.48,0.0,1.0,1.0,True,0.16,0.0,0.9877052631578946,0.0,448
operational-sufficiency-v2,20260715,operational-envelope-v4,2.1,2.02,2.18,0.08,1.5,0.1,500,0.05,100,391,87,1015,140.50356378558314,2.1476873399904557,25,0.05,0.6603978602164373,-0.18019434258322833,False,False,0.0,0.0,1.0,1.0,False,0.0,0.0,0.9744842105263157,0.0,448
operational-sufficiency-v2,20260715,operational-envelope-v4,2.1,2.02,2.18,0.08,1.5,0.1,500,0.05,100,392,88,1194,147.60893769563125,2.1691126547388953,25,0.05,0.48613314562310556,-0.3132447667665135,False,True,0.76,0.05,1.0,1.0,True,0.4,0.0,0.9771789473684209,0.0,448
operational-sufficiency-v2,20260715,operational-envelope-v4,2.1,2.02,2.18,0.08,1.5,0.1,500,0.05,100,402,89,836,119.5997188270015,2.0777301586488366,25,0.05,0.407184569349046,-0.39020868836662864,False,True,0.56,0.0,1.0,1.0,True,0.24,0.0,0.9860210526315788,0.0,448
operational-sufficiency-v2,20260715,operational-envelope-v4,2.1,2.02,2.18,0.08,1.5,0.1,500,0.05,100,403,90,1015,113.88398692039004,2.0564626627883715,25,0.05,0.5553194934731283,-0.2554570811479613,False,True,0.6,0.0,1.0,1.0,False,0.0,0.0,0.9928421052631579,0.0,448
operational-sufficiency-v2,20260715,operational-envelope-v4,2.1,2.02,2.18,0.08,1.5,0.1,500,0.05,100,410,91,1194,104.86565726516034,2.0206332832152785,25,0.05,0.28312944203468776,-0.5480149669176361,False,True,0.68,0.10526315789473684,1.0,1.0,False,0.0,0.0,0.9792000000000001,0.0,448
operational-sufficiency-v2,20260715,operational-envelope-v4,2.1,2.02,2.18,0.08,1.5,0.1,500,0.05,100,414,92,836,138.34230454991842,2.1409550060179297,25,0.05,0.2663925459893166,-0.5744779314574364,False,True,0.4,0.0,1.0,1.0,True,0.28,0.0,0.9700210526315789,0.0,448
operational-sufficiency-v2,20260715,operational-envelope-v4,2.1,2.02,2.18,0.08,1.5,0.1,500,0.05,100,420,93,836,135.80230301196303,2.1329071350174313,25,0.05,0.5903847705950215,-0.22886485398286577,False,True,0.72,0.0,1.0,1.0,False,0.0,0.0,0.9761684210526316,0.0,448
operational-sufficiency-v2,20260715,operational-envelope-v4,2.1,2.02,2.18,0.08,1.5,0.1,500,0.05,100,423,94,1374,136.2376305336311,2.134297081702066,25,0.05,0.4899229390454491,-0.3098722256434267,False,False,0.0,0.0,1.0,1.0,False,0.0,0.0,0.9941894736842104,0.0,448
operational-sufficiency-v2,20260715,operational-envelope-v4,2.1,2.02,2.18,0.08,1.5,0.1,500,0.05,100,428,95,1194,140.52699610867364,2.147759762922992,25,0.05,0.6907217936040192,-0.16069684094962583,False,True,0.8,0.3333333333333333,1.0,1.0,True,0.48,0.4,0.9898105263157895,0.0,448
operational-sufficiency-v2,20260715,operational-envelope-v4,2.1,2.02,2.18,0.08,1.5,0.1,500,0.05,100,439,96,1015,147.2614440175624,2.168089054770211,25,0.05,0.1392774879223635,-0.8561190749700929,False,True,0.48,0.14285714285714285,1.0,1.0,True,0.2,0.16666666666666666,0.9877894736842104,0.0,448
operational-sufficiency-v2,20260715,operational-envelope-v4,2.1,2.02,2.18,0.08,1.5,0.1,500,0.05,100,440,97,1194,141.6146018438281,2.15110803565074,25,0.05,0.33599861782831425,-0.47366250913030716,False,True,0.84,0.0,1.0,1.0,True,0.24,0.0,0.9915789473684211,0.0,448
operational-sufficiency-v2,20260715,operational-envelope-v4,2.1,2.02,2.18,0.08,1.5,0.1,500,0.05,100,444,98,836,139.63196497813976,2.1449848496948754,25,0.05,0.514662546966818,-0.2884774350866656,False,False,0.0,0.0,1.0,1.0,True,0.2,0.0,0.990821052631579,0.0,448
operational-sufficiency-v2,20260715,operational-envelope-v4,2.1,2.02,2.18,0.08,1.5,0.1,500,0.05,100,447,99,1374,131.26494360334132,2.1181487563068737,25,0.05,0.49761606668793285,-0.30310560588704216,False,True,0.72,0.05263157894736842,1.0,1.0,True,0.44,0.08333333333333333,0.9792842105263158,0.0,448
operational-sufficiency-v2,20260715,operational-envelope-v4,2.4,2.32,2.48,0.08,0.0,0.1,500,0.05,100,1,0,214,214.0,2.330413773349191,25,0.05,0.9302325581395349,-0.03140846425162414,False,True,1.0,0.13793103448275862,1.0,1.0,False,0.0,0.0,0.9946947368421054,0.0,200
operational-sufficiency-v2,20260715,operational-envelope-v4,2.4,2.32,2.48,0.08,0.0,0.1,500,0.05,100,2,1,251,251.0,2.399673721481038,25,0.05,0.7936507936507936,-0.10037054511756292,False,True,1.0,0.038461538461538464,1.0,1.0,False,0.0,0.0,0.968336842105263,0.0,200
operational-sufficiency-v2,20260715,operational-envelope-v4,2.4,2.32,2.48,0.08,0.0,0.1,500,0.05,100,3,2,289,289.0,2.4608978427565478,25,0.05,0.689655172413793,-0.16136800223497494,False,True,1.0,0.0,1.0,1.0,False,0.0,0.0,0.9818105263157895,0.0,200
operational-sufficiency-v2,20260715,operational-envelope-v4,2.4,2.32,2.48,0.08,0.0,0.1,500,0.05,100,7,3,214,214.0,2.330413773349191,25,0.05,0.9302325581395349,-0.03140846425162414,False,True,1.0,0.0,1.0,1.0,False,0.0,0.0,0.9805473684210526,0.0,200
operational-sufficiency-v2,20260715,operational-envelope-v4,2.4,2.32,2.48,0.08,0.0,0.1,500,0.05,100,8,4,251,251.0,2.399673721481038,25,0.05,0.7936507936507936,-0.10037054511756292,False,True,1.0,0.0,1.0,1.0,False,0.0,0.0,0.9710315789473684,0.0,200
operational-sufficiency-v2,20260715,operational-envelope-v4,2.4,2.32,2.48,0.08,0.0,0.1,500,0.05,100,9,5,289,289.0,2.4608978427565478,25,0.05,0.689655172413793,-0.16136800223497494,False,True,1.0,0.07407407407407407,1.0,1.0,True,0.72,0.1,0.9952842105263158,0.0,200
operational-sufficiency-v2,20260715,operational-envelope-v4,2.4,2.32,2.48,0.08,0.0,0.1,500,0.05,100,13,6,214,214.0,2.330413773349191,25,0.05,0.9302325581395349,-0.03140846425162414,False,True,1.0,0.07407407407407407,1.0,1.0,False,0.0,0.0,0.9880421052631578,0.0,200
operational-sufficiency-v2,20260715,operational-envelope-v4,2.4,2.32,2.48,0.08,0.0,0.1,500,0.05,100,14,7,251,251.0,2.399673721481038,25,0.05,0.7936507936507936,-0.10037054511756292,False,True,1.0,0.0,1.0,1.0,False,0.0,0.0,0.9825684210526316,0.0,200
operational-sufficiency-v2,20260715,operational-envelope-v4,2.4,2.32,2.48,0.08,0.0,0.1,500,0.05,100,15,8,289,289.0,2.4608978427565478,25,0.05,0.689655172413793,-0.16136800223497494,False,True,1.0,0.07407407407407407,1.0,1.0,True,0.72,0.1,0.9843368421052631,0.0,200
operational-sufficiency-v2,20260715,operational-envelope-v4,2.4,2.32,2.48,0.08,0.0,0.1,500,0.05,100,19,9,214,214.0,2.330413773349191,25,0.05,0.9302325581395349,-0.03140846425162414,False,True,1.0,0.16666666666666666,1.0,1.0,True,0.76,0.20833333333333334,0.9805473684210526,0.0,200
operational-sufficiency-v2,20260715,operational-envelope-v4,2.4,2.32,2.48,0.08,0.0,0.1,500,0.05,100,20,10,251,251.0,2.399673721481038,25,0.05,0.7936507936507936,-0.10037054511756292,False,True,1.0,0.038461538461538464,1.0,1.0,False,0.0,0.0,0.9948631578947368,0.0,200
operational-sufficiency-v2,20260715,operational-envelope-v4,2.4,2.32,2.48,0.08,0.0,0.1,500,0.05,100,21,11,289,289.0,2.4608978427565478,25,0.05,0.689655172413793,-0.16136800223497494,False,True,1.0,0.10714285714285714,1.0,1.0,True,0.76,0.13636363636363635,0.9560421052631578,0.0,200
operational-sufficiency-v2,20260715,operational-envelope-v4,2.4,2.32,2.48,0.08,0.0,0.1,500,0.05,100,25,12,214,214.0,2.330413773349191,25,0.05,0.9302325581395349,-0.03140846425162414,False,True,1.0,0.0,1.0,1.0,False,0.0,0.0,0.959578947368421,0.0,200
operational-sufficiency-v2,20260715,operational-envelope-v4,2.4,2.32,2.48,0.08,0.0,0.1,500,0.05,100,26,13,251,251.0,2.399673721481038,25,0.05,0.7936507936507936,-0.10037054511756292,False,True,1.0,0.038461538461538464,1.0,1.0,False,0.0,0.0,0.989221052631579,0.0,200
operational-sufficiency-v2,20260715,operational-envelope-v4,2.4,2.32,2.48,0.08,0.0,0.1,500,0.05,100,27,14,289,289.0,2.4608978427565478,25,0.05,0.689655172413793,-0.16136800223497494,False,True,1.0,0.0,1.0,1.0,False,0.0,0.0,0.9909894736842105,0.0,200
operational-sufficiency-v2,20260715,operational-envelope-v4,2.4,2.32,2.48,0.08,0.0,0.1,500,0.05,100,31,15,214,214.0,2.330413773349191,25,0.05,0.9302325581395349,-0.03140846425162414,False,True,1.0,0.13793103448275862,1.0,1.0,False,0.0,0.0,0.9701052631578948,0.0,200
operational-sufficiency-v2,20260715,operational-envelope-v4,2.4,2.32,2.48,0.08,0.0,0.1,500,0.05,100,32,16,251,251.0,2.399673721481038,25,0.05,0.7936507936507936,-0.10037054511756292,False,True,1.0,0.0,1.0,1.0,False,0.0,0.0,0.9791157894736843,0.0,200
operational-sufficiency-v2,20260715,operational-envelope-v4,2.4,2.32,2.48,0.08,0.0,0.1,500,0.05,100,33,17,289,289.0,2.4608978427565478,25,0.05,0.689655172413793,-0.16136800223497494,False,True,1.0,0.40476190476190477,1.0,1.0,True,0.92,0.425,0.9898947368421053,0.0,200
operational-sufficiency-v2,20260715,operational-envelope-v4,2.4,2.32,2.48,0.08,0.0,0.1,500,0.05,100,37,18,214,214.0,2.330413773349191,25,0.05,0.9302325581395349,-0.03140846425162414,False,True,1.0,0.038461538461538464,1.0,1.0,False,0.0,0.0,0.9952842105263158,0.0,200
operational-sufficiency-v2,20260715,operational-envelope-v4,2.4,2.32,2.48,0.08,0.0,0.1,500,0.05,100,38,19,251,251.0,2.399673721481038,25,0.05,0.7936507936507936,-0.10037054511756292,False,True,1.0,0.10714285714285714,1.0,1.0,False,0.0,0.0,0.9777684210526316,0.0,200
operational-sufficiency-v2,20260715,operational-envelope-v4,2.4,2.32,2.48,0.08,0.0,0.1,500,0.05,100,39,20,289,289.0,2.4608978427565478,25,0.05,0.689655172413793,-0.16136800223497494,False,True,1.0,0.0,1.0,1.0,False,0.0,0.0,0.9797894736842104,0.0,200
operational-sufficiency-v2,20260715,operational-envelope-v4,2.4,2.32,2.48,0.08,0.0,0.1,500,0.05,100,43,21,214,214.0,2.330413773349191,25,0.05,0.9302325581395349,-0.03140846425162414,False,True,1.0,0.038461538461538464,1.0,1.0,False,0.0,0.0,0.9909894736842105,0.0,200
operational-sufficiency-v2,20260715,operational-envelope-v4,2.4,2.32,2.48,0.08,0.0,0.1,500,0.05,100,44,22,251,251.0,2.399673721481038,25,0.05,0.7936507936507936,-0.10037054511756292,False,True,1.0,0.0,1.0,1.0,False,0.0,0.0,0.9726315789473684,0.0,200
operational-sufficiency-v2,20260715,operational-envelope-v4,2.4,2.32,2.48,0.08,0.0,0.1,500,0.05,100,45,23,289,289.0,2.4608978427565478,25,0.05,0.689655172413793,-0.16136800223497494,False,True,1.0,0.16666666666666666,1.0,1.0,True,0.72,0.21739130434782608,0.9834105263157895,0.0,200
operational-sufficiency-v2,20260715,operational-envelope-v4,2.4,2.32,2.48,0.08,0.0,0.1,500,0.05,100,49,24,214,214.0,2.330413773349191,25,0.05,0.9302325581395349,-0.03140846425162414,False,True,1.0,0.038461538461538464,1.0,1.0,False,0.0,0.0,0.9881263157894737,0.0,200
operational-sufficiency-v2,20260715,operational-envelope-v4,2.4,2.32,2.48,0.08,0.0,0.1,500,0.05,100,50,25,251,251.0,2.399673721481038,25,0.05,0.7936507936507936,-0.10037054511756292,False,True,1.0,0.13793103448275862,1.0,1.0,True,0.72,0.18181818181818182,0.9911578947368421,0.0,200
operational-sufficiency-v2,20260715,operational-envelope-v4,2.4,2.32,2.48,0.08,0.0,0.1,500,0.05,100,51,26,289,289.0,2.4608978427565478,25,0.05,0.689655172413793,-0.16136800223497494,False,True,1.0,0.038461538461538464,1.0,1.0,True,0.88,0.043478260869565216,0.9966315789473684,0.0,200
operational-sufficiency-v2,20260715,operational-envelope-v4,2.4,2.32,2.48,0.08,0.0,0.1,500,0.05,100,55,27,214,214.0,2.330413773349191,25,0.05,0.9302325581395349,-0.03140846425162414,False,True,1.0,0.0,1.0,1.0,False,0.0,0.0,0.9845052631578948,0.0,200
operational-sufficiency-v2,20260715,operational-envelope-v4,2.4,2.32,2.48,0.08,0.0,0.1,500,0.05,100,56,28,251,251.0,2.399673721481038,25,0.05,0.7936507936507936,-0.10037054511756292,False,True,1.0,0.07407407407407407,1.0,1.0,False,0.0,0.0,0.9935157894736842,0.0,200
operational-sufficiency-v2,20260715,operational-envelope-v4,2.4,2.32,2.48,0.08,0.0,0.1,500,0.05,100,57,29,289,289.0,2.4608978427565478,25,0.05,0.689655172413793,-0.16136800223497494,False,True,1.0,0.16666666666666666,1.0,1.0,True,0.88,0.18518518518518517,0.9929263157894737,0.0,200
operational-sufficiency-v2,20260715,operational-envelope-v4,2.4,2.32,2.48,0.08,0.0,0.1,500,0.05,100,61,30,214,214.0,2.330413773349191,25,0.05,0.9302325581395349,-0.03140846425162414,False,True,1.0,0.10714285714285714,1.0,1.0,False,0.0,0.0,0.9838315789473685,0.0,200
operational-sufficiency-v2,20260715,operational-envelope-v4,2.4,2.32,2.48,0.08,0.0,0.1,500,0.05,100,62,31,251,251.0,2.399673721481038,25,0.05,0.7936507936507936,-0.10037054511756292,False,True,1.0,0.0,1.0,1.0,False,0.0,0.0,0.9979789473684211,0.0,200
operational-sufficiency-v2,20260715,operational-envelope-v4,2.4,2.32,2.48,0.08,0.0,0.1,500,0.05,100,63,32,289,289.0,2.4608978427565478,25,0.05,0.689655172413793,-0.16136800223497494,False,True,1.0,0.038461538461538464,1.0,1.0,False,0.0,0.0,0.971536842105263,0.0,200
operational-sufficiency-v2,20260715,operational-envelope-v4,2.4,2.32,2.48,0.08,0.0,0.1,500,0.05,100,67,33,214,214.0,2.330413773349191,25,0.05,0.9302325581395349,-0.03140846425162414,False,True,1.0,0.0,1.0,1.0,False,0.0,0.0,0.9953684210526316,0.0,200
operational-sufficiency-v2,20260715,operational-envelope-v4,2.4,2.32,2.48,0.08,0.0,0.1,500,0.05,100,68,34,251,251.0,2.399673721481038,25,0.05,0.7936507936507936,-0.10037054511756292,False,True,1.0,0.10714285714285714,1.0,1.0,False,0.0,0.0,0.9809684210526316,0.0,200
operational-sufficiency-v2,20260715,operational-envelope-v4,2.4,2.32,2.48,0.08,0.0,0.1,500,0.05,100,69,35,289,289.0,2.4608978427565478,25,0.05,0.689655172413793,-0.16136800223497494,False,True,1.0,0.0,1.0,1.0,False,0.0,0.0,0.9749894736842105,0.0,200
operational-sufficiency-v2,20260715,operational-envelope-v4,2.4,2.32,2.48,0.08,0.0,0.1,500,0.05,100,73,36,214,214.0,2.330413773349191,25,0.05,0.9302325581395349,-0.03140846425162414,False,True,1.0,0.07407407407407407,1.0,1.0,False,0.0,0.0,0.9865263157894737,0.0,200
operational-sufficiency-v2,20260715,operational-envelope-v4,2.4,2.32,2.48,0.08,0.0,0.1,500,0.05,100,74,37,251,251.0,2.399673721481038,25,0.05,0.7936507936507936,-0.10037054511756292,False,True,1.0,0.0,1.0,1.0,False,0.0,0.0,0.9943578947368421,0.0,200
operational-sufficiency-v2,20260715,operational-envelope-v4,2.4,2.32,2.48,0.08,0.0,0.1,500,0.05,100,75,38,289,289.0,2.4608978427565478,25,0.05,0.689655172413793,-0.16136800223497494,False,True,1.0,0.0,1.0,1.0,False,0.0,0.0,0.9691789473684211,0.0,200
operational-sufficiency-v2,20260715,operational-envelope-v4,2.4,2.32,2.48,0.08,0.0,0.1,500,0.05,100,79,39,214,214.0,2.330413773349191,25,0.05,0.9302325581395349,-0.03140846425162414,False,True,1.0,0.07407407407407407,1.0,1.0,False,0.0,0.0,0.9663157894736842,0.0,200
operational-sufficiency-v2,20260715,operational-envelope-v4,2.4,2.32,2.48,0.08,0.0,0.1,500,0.05,100,80,40,251,251.0,2.399673721481038,25,0.05,0.7936507936507936,-0.10037054511756292,False,True,1.0,0.07407407407407407,1.0,1.0,False,0.0,0.0,0.9653894736842105,0.0,200
operational-sufficiency-v2,20260715,operational-envelope-v4,2.4,2.32,2.48,0.08,0.0,0.1,500,0.05,100,81,41,289,289.0,2.4608978427565478,25,0.05,0.689655172413793,-0.16136800223497494,False,True,1.0,0.038461538461538464,1.0,1.0,False,0.0,0.0,0.9736421052631579,0.0,200
operational-sufficiency-v2,20260715,operational-envelope-v4,2.4,2.32,2.48,0.08,0.0,0.1,500,0.05,100,85,42,214,214.0,2.330413773349191,25,0.05,0.9302325581395349,-0.03140846425162414,False,True,1.0,0.13793103448275862,1.0,1.0,False,0.0,0.0,0.9757473684210525,0.0,200
operational-sufficiency-v2,20260715,operational-envelope-v4,2.4,2.32,2.48,0.08,0.0,0.1,500,0.05,100,86,43,251,251.0,2.399673721481038,25,0.05,0.7936507936507936,-0.10037054511756292,False,True,1.0,0.13793103448275862,1.0,1.0,False,0.0,0.0,0.9456842105263158,0.0,200
operational-sufficiency-v2,20260715,operational-envelope-v4,2.4,2.32,2.48,0.08,0.0,0.1,500,0.05,100,87,44,289,289.0,2.4608978427565478,25,0.05,0.689655172413793,-0.16136800223497494,False,True,1.0,0.038461538461538464,1.0,1.0,False,0.0,0.0,0.9923368421052632,0.0,200
operational-sufficiency-v2,20260715,operational-envelope-v4,2.4,2.32,2.48,0.08,0.0,0.1,500,0.05,100,91,45,214,214.0,2.330413773349191,25,0.05,0.9302325581395349,-0.03140846425162414,False,True,1.0,0.038461538461538464,1.0,1.0,False,0.0,0.0,0.9715368421052633,0.0,200
operational-sufficiency-v2,20260715,operational-envelope-v4,2.4,2.32,2.48,0.08,0.0,0.1,500,0.05,100,92,46,251,251.0,2.399673721481038,25,0.05,0.7936507936507936,-0.10037054511756292,False,True,1.0,0.07407407407407407,1.0,1.0,True,0.84,0.08695652173913043,0.9930105263157896,0.0,200
operational-sufficiency-v2,20260715,operational-envelope-v4,2.4,2.32,2.48,0.08,0.0,0.1,500,0.05,100,93,47,289,289.0,2.4608978427565478,25,0.05,0.689655172413793,-0.16136800223497494,False,True,1.0,0.07407407407407407,1.0,1.0,True,0.68,0.10526315789473684,0.9807157894736841,0.0,200
operational-sufficiency-v2,20260715,operational-envelope-v4,2.4,2.32,2.48,0.08,0.0,0.1,500,0.05,100,97,48,214,214.0,2.330413773349191,25,0.05,0.9302325581395349,-0.03140846425162414,False,True,1.0,0.13793103448275862,1.0,1.0,False,0.0,0.0,0.9756631578947368,0.0,200
operational-sufficiency-v2,20260715,operational-envelope-v4,2.4,2.32,2.48,0.08,0.0,0.1,500,0.05,100,98,49,251,251.0,2.399673721481038,25,0.05,0.7936507936507936,-0.10037054511756292,False,True,1.0,0.13793103448275862,1.0,1.0,True,0.88,0.15384615384615385,0.9850947368421054,0.0,200
operational-sufficiency-v2,20260715,operational-envelope-v4,2.4,2.32,2.48,0.08,0.0,0.1,500,0.05,100,99,50,289,289.0,2.4608978427565478,25,0.05,0.689655172413793,-0.16136800223497494,False,True,1.0,0.0,1.0,1.0,False,0.0,0.0,0.9786947368421053,0.0,200
operational-sufficiency-v2,20260715,operational-envelope-v4,2.4,2.32,2.48,0.08,0.0,0.1,500,0.05,100,103,51,214,214.0,2.330413773349191,25,0.05,0.9302325581395349,-0.03140846425162414,False,True,1.0,0.13793103448275862,1.0,1.0,False,0.0,0.0,0.9856842105263158,0.0,200
operational-sufficiency-v2,20260715,operational-envelope-v4,2.4,2.32,2.48,0.08,0.0,0.1,500,0.05,100,104,52,251,251.0,2.399673721481038,25,0.05,0.7936507936507936,-0.10037054511756292,False,True,1.0,0.038461538461538464,1.0,1.0,False,0.0,0.0,0.9651368421052632,0.0,200
operational-sufficiency-v2,20260715,operational-envelope-v4,2.4,2.32,2.48,0.08,0.0,0.1,500,0.05,100,105,53,289,289.0,2.4608978427565478,25,0.05,0.689655172413793,-0.16136800223497494,False,True,1.0,0.038461538461538464,1.0,1.0,False,0.0,0.0,0.9746526315789472,0.0,200
operational-sufficiency-v2,20260715,operational-envelope-v4,2.4,2.32,2.48,0.08,0.0,0.1,500,0.05,100,109,54,214,214.0,2.330413773349191,25,0.05,0.9302325581395349,-0.03140846425162414,False,True,1.0,0.0,1.0,1.0,False,0.0,0.0,0.9735578947368421,0.0,200
operational-sufficiency-v2,20260715,operational-envelope-v4,2.4,2.32,2.48,0.08,0.0,0.1,500,0.05,100,110,55,251,251.0,2.399673721481038,25,0.05,0.7936507936507936,-0.10037054511756292,False,True,1.0,0.0,1.0,1.0,False,0.0,0.0,0.9683368421052632,0.0,200
operational-sufficiency-v2,20260715,operational-envelope-v4,2.4,2.32,2.48,0.08,0.0,0.1,500,0.05,100,111,56,289,289.0,2.4608978427565478,25,0.05,0.689655172413793,-0.16136800223497494,False,True,1.0,0.0,1.0,1.0,False,0.0,0.0,0.9941052631578947,0.0,200
operational-sufficiency-v2,20260715,operational-envelope-v4,2.4,2.32,2.48,0.08,0.0,0.1,500,0.05,100,115,57,214,214.0,2.330413773349191,25,0.05,0.9302325581395349,-0.03140846425162414,False,True,1.0,0.10714285714285714,1.0,1.0,False,0.0,0.0,0.990821052631579,0.0,200
operational-sufficiency-v2,20260715,operational-envelope-v4,2.4,2.32,2.48,0.08,0.0,0.1,500,0.05,100,116,58,251,251.0,2.399673721481038,25,0.05,0.7936507936507936,-0.10037054511756292,False,True,1.0,0.038461538461538464,1.0,1.0,False,0.0,0.0,0.9650526315789473,0.0,200
operational-sufficiency-v2,20260715,operational-envelope-v4,2.4,2.32,2.48,0.08,0.0,0.1,500,0.05,100,117,59,289,289.0,2.4608978427565478,25,0.05,0.689655172413793,-0.16136800223497494,False,True,1.0,0.0,1.0,1.0,False,0.0,0.0,0.9871157894736841,0.0,200
operational-sufficiency-v2,20260715,operational-envelope-v4,2.4,2.32,2.48,0.08,0.0,0.1,500,0.05,100,121,60,214,214.0,2.330413773349191,25,0.05,0.9302325581395349,-0.03140846425162414,False,True,1.0,0.07407407407407407,1.0,1.0,False,0.0,0.0,0.9829894736842105,0.0,200
operational-sufficiency-v2,20260715,operational-envelope-v4,2.4,2.32,2.48,0.08,0.0,0.1,500,0.05,100,122,61,251,251.0,2.399673721481038,25,0.05,0.7936507936507936,-0.10037054511756292,False,True,1.0,0.07407407407407407,1.0,1.0,False,0.0,0.0,0.9617684210526316,0.0,200
operational-sufficiency-v2,20260715,operational-envelope-v4,2.4,2.32,2.48,0.08,0.0,0.1,500,0.05,100,123,62,289,289.0,2.4608978427565478,25,0.05,0.689655172413793,-0.16136800223497494,False,True,1.0,0.038461538461538464,1.0,1.0,False,0.0,0.0,0.9893894736842104,0.0,200
operational-sufficiency-v2,20260715,operational-envelope-v4,2.4,2.32,2.48,0.08,0.0,0.1,500,0.05,100,127,63,214,214.0,2.330413773349191,25,0.05,0.9302325581395349,-0.03140846425162414,False,True,1.0,0.0,1.0,1.0,False,0.0,0.0,0.9955368421052632,0.0,200
operational-sufficiency-v2,20260715,operational-envelope-v4,2.4,2.32,2.48,0.08,0.0,0.1,500,0.05,100,128,64,251,251.0,2.399673721481038,25,0.05,0.7936507936507936,-0.10037054511756292,False,True,1.0,0.10714285714285714,1.0,1.0,True,0.8,0.13043478260869565,0.9956210526315789,0.0,200
operational-sufficiency-v2,20260715,operational-envelope-v4,2.4,2.32,2.48,0.08,0.0,0.1,500,0.05,100,129,65,289,289.0,2.4608978427565478,25,0.05,0.689655172413793,-0.16136800223497494,False,True,1.0,0.0,1.0,1.0,False,0.0,0.0,0.9865263157894737,0.0,200
operational-sufficiency-v2,20260715,operational-envelope-v4,2.4,2.32,2.48,0.08,0.0,0.1,500,0.05,100,133,66,214,214.0,2.330413773349191,25,0.05,0.9302325581395349,-0.03140846425162414,False,True,1.0,0.07407407407407407,1.0,1.0,False,0.0,0.0,0.9818105263157894,0.0,200
operational-sufficiency-v2,20260715,operational-envelope-v4,2.4,2.32,2.48,0.08,0.0,0.1,500,0.05,100,134,67,251,251.0,2.399673721481038,25,0.05,0.7936507936507936,-0.10037054511756292,False,True,1.0,0.038461538461538464,1.0,1.0,False,0.0,0.0,0.9871157894736843,0.0,200
operational-sufficiency-v2,20260715,operational-envelope-v4,2.4,2.32,2.48,0.08,0.0,0.1,500,0.05,100,135,68,289,289.0,2.4608978427565478,25,0.05,0.689655172413793,-0.16136800223497494,False,True,1.0,0.16666666666666666,1.0,1.0,True,0.76,0.20833333333333334,0.9914105263157896,0.0,200
operational-sufficiency-v2,20260715,operational-envelope-v4,2.4,2.32,2.48,0.08,0.0,0.1,500,0.05,100,139,69,214,214.0,2.330413773349191,25,0.05,0.9302325581395349,-0.03140846425162414,False,True,1.0,0.038461538461538464,1.0,1.0,False,0.0,0.0,0.9758315789473684,0.0,200
operational-sufficiency-v2,20260715,operational-envelope-v4,2.4,2.32,2.48,0.08,0.0,0.1,500,0.05,100,140,70,251,251.0,2.399673721481038,25,0.05,0.7936507936507936,-0.10037054511756292,False,True,1.0,0.07407407407407407,1.0,1.0,False,0.0,0.0,0.9871157894736843,0.0,200
operational-sufficiency-v2,20260715,operational-envelope-v4,2.4,2.32,2.48,0.08,0.0,0.1,500,0.05,100,141,71,289,289.0,2.4608978427565478,25,0.05,0.689655172413793,-0.16136800223497494,False,True,1.0,0.0,1.0,1.0,False,0.0,0.0,0.9882105263157895,0.0,200
operational-sufficiency-v2,20260715,operational-envelope-v4,2.4,2.32,2.48,0.08,0.0,0.1,500,0.05,100,145,72,214,214.0,2.330413773349191,25,0.05,0.9302325581395349,-0.03140846425162414,False,True,1.0,0.358974358974359,1.0,1.0,True,0.76,0.42424242424242425,0.9744842105263158,0.0,200
operational-sufficiency-v2,20260715,operational-envelope-v4,2.4,2.32,2.48,0.08,0.0,0.1,500,0.05,100,146,73,251,251.0,2.399673721481038,25,0.05,0.7936507936507936,-0.10037054511756292,False,True,1.0,0.21875,1.0,1.0,True,0.6,0.3181818181818182,0.9587368421052633,0.0,200
operational-sufficiency-v2,20260715,operational-envelope-v4,2.4,2.32,2.48,0.08,0.0,0.1,500,0.05,100,147,74,289,289.0,2.4608978427565478,25,0.05,0.689655172413793,-0.16136800223497494,False,True,1.0,0.038461538461538464,1.0,1.0,False,0.0,0.0,0.991578947368421,0.0,200
operational-sufficiency-v2,20260715,operational-envelope-v4,2.4,2.32,2.48,0.08,0.0,0.1,500,0.05,100,151,75,214,214.0,2.330413773349191,25,0.05,0.9302325581395349,-0.03140846425162414,False,True,1.0,0.24242424242424243,1.0,1.0,True,0.84,0.27586206896551724,0.9875368421052632,0.0,200
operational-sufficiency-v2,20260715,operational-envelope-v4,2.4,2.32,2.48,0.08,0.0,0.1,500,0.05,100,152,76,251,251.0,2.399673721481038,25,0.05,0.7936507936507936,-0.10037054511756292,False,True,1.0,0.21875,1.0,1.0,True,0.76,0.2692307692307692,0.985936842105263,0.0,200
operational-sufficiency-v2,20260715,operational-envelope-v4,2.4,2.32,2.48,0.08,0.0,0.1,500,0.05,100,153,77,289,289.0,2.4608978427565478,25,0.05,0.689655172413793,-0.16136800223497494,False,True,1.0,0.0,1.0,1.0,False,0.0,0.0,0.9741473684210525,0.0,200
operational-sufficiency-v2,20260715,operational-envelope-v4,2.4,2.32,2.48,0.08,0.0,0.1,500,0.05,100,157,78,214,214.0,2.330413773349191,25,0.05,0.9302325581395349,-0.03140846425162414,False,True,1.0,0.07407407407407407,1.0,1.0,False,0.0,0.0,0.9926736842105263,0.0,200
operational-sufficiency-v2,20260715,operational-envelope-v4,2.4,2.32,2.48,0.08,0.0,0.1,500,0.05,100,158,79,251,251.0,2.399673721481038,25,0.05,0.7936507936507936,-0.10037054511756292,False,True,1.0,0.10714285714285714,1.0,1.0,True,0.84,0.125,0.9948631578947368,0.0,200
operational-sufficiency-v2,20260715,operational-envelope-v4,2.4,2.32,2.48,0.08,0.0,0.1,500,0.05,100,159,80,289,289.0,2.4608978427565478,25,0.05,0.689655172413793,-0.16136800223497494,False,True,1.0,0.07407407407407407,1.0,1.0,True,0.76,0.09523809523809523,0.9855157894736842,0.0,200
operational-sufficiency-v2,20260715,operational-envelope-v4,2.4,2.32,2.48,0.08,0.0,0.1,500,0.05,100,163,81,214,214.0,2.330413773349191,25,0.05,0.9302325581395349,-0.03140846425162414,False,True,1.0,0.16666666666666666,1.0,1.0,True,0.8,0.2,0.9819789473684211,0.0,200
operational-sufficiency-v2,20260715,operational-envelope-v4,2.4,2.32,2.48,0.08,0.0,0.1,500,0.05,100,164,82,251,251.0,2.399673721481038,25,0.05,0.7936507936507936,-0.10037054511756292,False,True,1.0,0.0,1.0,1.0,False,0.0,0.0,0.979957894736842,0.0,200
operational-sufficiency-v2,20260715,operational-envelope-v4,2.4,2.32,2.48,0.08,0.0,0.1,500,0.05,100,165,83,289,289.0,2.4608978427565478,25,0.05,0.689655172413793,-0.16136800223497494,False,True,1.0,0.0,1.0,1.0,False,0.0,0.0,0.9782736842105264,0.0,200
operational-sufficiency-v2,20260715,operational-envelope-v4,2.4,2.32,2.48,0.08,0.0,0.1,500,0.05,100,169,84,214,214.0,2.330413773349191,25,0.05,0.9302325581395349,-0.03140846425162414,False,True,1.0,0.0,1.0,1.0,False,0.0,0.0,0.9834105263157895,0.0,200
operational-sufficiency-v2,20260715,operational-envelope-v4,2.4,2.32,2.48,0.08,0.0,0.1,500,0.05,100,170,85,251,251.0,2.399673721481038,25,0.05,0.7936507936507936,-0.10037054511756292,False,True,1.0,0.21875,1.0,1.0,True,0.8,0.25925925925925924,0.9829052631578946,0.0,200
operational-sufficiency-v2,20260715,operational-envelope-v4,2.4,2.32,2.48,0.08,0.0,0.1,500,0.05,100,171,86,289,289.0,2.4608978427565478,25,0.05,0.689655172413793,-0.16136800223497494,False,True,1.0,0.0,1.0,1.0,False,0.0,0.0,0.974821052631579,0.0,200
operational-sufficiency-v2,20260715,operational-envelope-v4,2.4,2.32,2.48,0.08,0.0,0.1,500,0.05,100,175,87,214,214.0,2.330413773349191,25,0.05,0.9302325581395349,-0.03140846425162414,False,True,1.0,0.038461538461538464,1.0,1.0,False,0.0,0.0,0.9845052631578946,0.0,200
operational-sufficiency-v2,20260715,operational-envelope-v4,2.4,2.32,2.48,0.08,0.0,0.1,500,0.05,100,176,88,251,251.0,2.399673721481038,25,0.05,0.7936507936507936,-0.10037054511756292,False,True,1.0,0.07407407407407407,1.0,1.0,False,0.0,0.0,0.990821052631579,0.0,200
operational-sufficiency-v2,20260715,operational-envelope-v4,2.4,2.32,2.48,0.08,0.0,0.1,500,0.05,100,177,89,289,289.0,2.4608978427565478,25,0.05,0.689655172413793,-0.16136800223497494,False,True,1.0,0.07407407407407407,1.0,1.0,False,0.0,0.0,0.9653052631578948,0.0,200
operational-sufficiency-v2,20260715,operational-envelope-v4,2.4,2.32,2.48,0.08,0.0,0.1,500,0.05,100,181,90,214,214.0,2.330413773349191,25,0.05,0.9302325581395349,-0.03140846425162414,False,True,1.0,0.13793103448275862,1.0,1.0,False,0.0,0.0,0.9930947368421053,0.0,200
operational-sufficiency-v2,20260715,operational-envelope-v4,2.4,2.32,2.48,0.08,0.0,0.1,500,0.05,100,182,91,251,251.0,2.399673721481038,25,0.05,0.7936507936507936,-0.10037054511756292,False,True,1.0,0.0,1.0,1.0,False,0.0,0.0,0.984842105263158,0.0,200
operational-sufficiency-v2,20260715,operational-envelope-v4,2.4,2.32,2.48,0.08,0.0,0.1,500,0.05,100,183,92,289,289.0,2.4608978427565478,25,0.05,0.689655172413793,-0.16136800223497494,False,True,1.0,0.0,1.0,1.0,False,0.0,0.0,0.9948631578947369,0.0,200
operational-sufficiency-v2,20260715,operational-envelope-v4,2.4,2.32,2.48,0.08,0.0,0.1,500,0.05,100,187,93,214,214.0,2.330413773349191,25,0.05,0.9302325581395349,-0.03140846425162414,False,True,1.0,0.0,1.0,1.0,False,0.0,0.0,0.9908210526315788,0.0,200
operational-sufficiency-v2,20260715,operational-envelope-v4,2.4,2.32,2.48,0.08,0.0,0.1,500,0.05,100,188,94,251,251.0,2.399673721481038,25,0.05,0.7936507936507936,-0.10037054511756292,False,True,1.0,0.10714285714285714,1.0,1.0,False,0.0,0.0,0.9853473684210527,0.0,200
operational-sufficiency-v2,20260715,operational-envelope-v4,2.4,2.32,2.48,0.08,0.0,0.1,500,0.05,100,189,95,289,289.0,2.4608978427565478,25,0.05,0.689655172413793,-0.16136800223497494,False,True,1.0,0.038461538461538464,1.0,1.0,False,0.0,0.0,0.993178947368421,0.0,200
operational-sufficiency-v2,20260715,operational-envelope-v4,2.4,2.32,2.48,0.08,0.0,0.1,500,0.05,100,193,96,214,214.0,2.330413773349191,25,0.05,0.9302325581395349,-0.03140846425162414,False,True,1.0,0.10714285714285714,1.0,1.0,False,0.0,0.0,0.9897263157894737,0.0,200
operational-sufficiency-v2,20260715,operational-envelope-v4,2.4,2.32,2.48,0.08,0.0,0.1,500,0.05,100,194,97,251,251.0,2.399673721481038,25,0.05,0.7936507936507936,-0.10037054511756292,False,True,1.0,0.0,1.0,1.0,False,0.0,0.0,0.9814736842105262,0.0,200
operational-sufficiency-v2,20260715,operational-envelope-v4,2.4,2.32,2.48,0.08,0.0,0.1,500,0.05,100,195,98,289,289.0,2.4608978427565478,25,0.05,0.689655172413793,-0.16136800223497494,False,True,1.0,0.07407407407407407,1.0,1.0,True,0.68,0.10526315789473684,0.9804631578947369,0.0,200
operational-sufficiency-v2,20260715,operational-envelope-v4,2.4,2.32,2.48,0.08,0.0,0.1,500,0.05,100,199,99,214,214.0,2.330413773349191,25,0.05,0.9302325581395349,-0.03140846425162414,False,True,1.0,0.0,1.0,1.0,False,0.0,0.0,0.9874526315789474,0.0,200
operational-sufficiency-v2,20260715,operational-envelope-v4,2.4,2.32,2.48,0.08,0.5,0.1,500,0.05,100,1,0,274,215.22542092860036,2.3328935658651524,25,0.05,1.2845186525417212,0.10874041505400174,True,True,0.68,0.05555555555555555,1.0,1.0,False,0.0,0.0,0.976,0.0,220
operational-sufficiency-v2,20260715,operational-envelope-v4,2.4,2.32,2.48,0.08,0.5,0.1,500,0.05,100,2,1,323,242.4112648363324,2.3845527976006244,25,0.05,1.1776181119288351,0.07100447655376672,True,True,0.72,0.0,1.0,1.0,False,0.0,0.0,0.9881263157894736,0.0,220
operational-sufficiency-v2,20260715,operational-envelope-v4,2.4,2.32,2.48,0.08,0.5,0.1,500,0.05,100,3,2,371,284.60072136528095,2.4542359965373164,25,0.05,0.9930773688902261,-0.00301691507645192,False,True,1.0,0.21875,1.0,1.0,True,0.64,0.2,0.9905684210526318,0.0,220
operational-sufficiency-v2,20260715,operational-envelope-v4,2.4,2.32,2.48,0.08,0.5,0.1,500,0.05,100,7,3,274,223.26372807475545,2.348818172348099,25,0.05,1.3360300155227007,0.12581621519749792,True,True,0.72,0.05263157894736842,1.0,1.0,False,0.0,0.0,0.9786105263157894,0.0,220
operational-sufficiency-v2,20260715,operational-envelope-v4,2.4,2.32,2.48,0.08,0.5,0.1,500,0.05,100,8,4,323,244.51582624663993,2.38830697400829,25,0.05,1.3785546428879858,0.13942398526543906,True,True,0.68,0.0,1.0,1.0,False,0.0,0.0,0.9815578947368421,0.0,220
operational-sufficiency-v2,20260715,operational-envelope-v4,2.4,2.32,2.48,0.08,0.5,0.1,500,0.05,100,9,5,371,291.70260732428505,2.4649403109917665,25,0.05,1.188444780824056,0.07497900773813485,True,True,0.84,0.125,1.0,1.0,False,0.0,0.0,0.9882947368421054,0.0,220
operational-sufficiency-v2,20260715,operational-envelope-v4,2.4,2.32,2.48,0.08,0.5,0.1,500,0.05,100,13,6,274,213.90135754918398,2.3302135408793756,25,0.05,1.5176323024894385,0.18116656184714136,True,False,0.0,0.0,1.0,1.0,False,0.0,0.0,0.9840000000000001,0.0,220
operational-sufficiency-v2,20260715,operational-envelope-v4,2.4,2.32,2.48,0.08,0.5,0.1,500,0.05,100,14,7,323,261.9213189325039,2.4181708490091696,25,0.05,1.1806782326796335,0.07213155653671359,True,True,0.92,0.20689655172413793,1.0,1.0,False,0.0,0.0,0.9763368421052632,0.0,220
operational-sufficiency-v2,20260715,operational-envelope-v4,2.4,2.32,2.48,0.08,0.5,0.1,500,0.05,100,15,8,371,289.0196174414786,2.460927321848016,25,0.05,0.9115784643363258,-0.04020594339773399,False,True,0.84,0.0,1.0,1.0,False,0.0,0.0,0.9894736842105263,0.0,220
operational-sufficiency-v2,20260715,operational-envelope-v4,2.4,2.32,2.48,0.08,0.5,0.1,500,0.05,100,19,9,274,211.335120657422,2.324971676135446,25,0.05,1.1190409068519482,0.048845962574244235,True,True,0.8,0.0,1.0,1.0,False,0.0,0.0,0.9738947368421053,0.0,220
operational-sufficiency-v2,20260715,operational-envelope-v4,2.4,2.32,2.48,0.08,0.5,0.1,500,0.05,100,20,10,323,243.22563689165318,2.386009349275767,25,0.05,1.0324050011128219,0.013850099659550431,True,True,0.8,0.0,1.0,1.0,False,0.0,0.0,0.9957052631578948,0.0,220
operational-sufficiency-v2,20260715,operational-envelope-v4,2.4,2.32,2.48,0.08,0.5,0.1,500,0.05,100,21,11,371,289.59440348303997,2.4617901647077094,25,0.05,1.1442727401078365,0.05852955191010299,True,True,0.68,0.05555555555555555,1.0,1.0,False,0.0,0.0,0.9771789473684211,0.0,220
operational-sufficiency-v2,20260715,operational-envelope-v4,2.4,2.32,2.48,0.08,0.5,0.1,500,0.05,100,25,12,274,220.97008633599103,2.3443334853660183,25,0.05,1.3901434816321874,0.14305962763914226,True,False,0.0,0.0,1.0,1.0,False,0.0,0.0,0.9605052631578946,0.0,220
operational-sufficiency-v2,20260715,operational-envelope-v4,2.4,2.32,2.48,0.08,0.5,0.1,500,0.05,100,26,13,323,249.52199320542607,2.397108830948592,25,0.05,1.2485039446098505,0.09638991882960529,True,True,0.72,0.05263157894736842,1.0,1.0,False,0.0,0.0,0.9747368421052631,0.0,220
operational-sufficiency-v2,20260715,operational-envelope-v4,2.4,2.32,2.48,0.08,0.5,0.1,500,0.05,100,27,14,371,292.78329195237563,2.4665462895314185,25,0.05,1.0917512196663854,0.03812368577229696,True,True,0.92,0.17857142857142858,1.0,1.0,False,0.0,0.0,0.9823157894736844,0.0,220
operational-sufficiency-v2,20260715,operational-envelope-v4,2.4,2.32,2.48,0.08,0.5,0.1,500,0.05,100,32,15,323,233.64300256897934,2.3685527787641996,25,0.05,1.4018414524947573,0.14669889793855354,True,False,0.0,0.0,1.0,1.0,False,0.0,0.0,0.9735578947368421,0.0,220
operational-sufficiency-v2,20260715,operational-envelope-v4,2.4,2.32,2.48,0.08,0.5,0.1,500,0.05,100,33,16,371,300.2791908160677,2.4775252368713487,25,0.05,1.030049599463423,0.012858137573755271,True,True,0.92,0.0,1.0,1.0,False,0.0,0.0,0.9805473684210526,0.0,220
operational-sufficiency-v2,20260715,operational-envelope-v4,2.4,2.32,2.48,0.08,0.5,0.1,500,0.05,100,37,17,274,214.0540652043026,2.3305234801452483,25,0.05,1.3446498914668108,0.12860922114356824,True,True,0.72,0.05263157894736842,1.0,1.0,True,0.04,0.5,0.9768421052631578,0.0,220
operational-sufficiency-v2,20260715,operational-envelope-v4,2.4,2.32,2.48,0.08,0.5,0.1,500,0.05,100,38,18,323,224.49495711283294,2.351206589781802,25,0.05,1.2665578356673886,0.10262502605527739,True,False,0.0,0.0,1.0,1.0,False,0.0,0.0,0.9903157894736841,0.0,220
operational-sufficiency-v2,20260715,operational-envelope-v4,2.4,2.32,2.48,0.08,0.5,0.1,500,0.05,100,39,19,371,284.9461621653452,2.454762811997207,25,0.05,0.8987848795786995,-0.04634424240641459,False,False,0.0,0.0,1.0,1.0,False,0.0,0.0,0.9936842105263157,0.0,220
operational-sufficiency-v2,20260715,operational-envelope-v4,2.4,2.32,2.48,0.08,0.5,0.1,500,0.05,100,43,20,274,217.17865030791478,2.3368171298063514,25,0.05,1.3785098623408494,0.1394098775472607,True,True,0.64,0.0,1.0,1.0,False,0.0,0.0,0.9807157894736842,0.0,220
operational-sufficiency-v2,20260715,operational-envelope-v4,2.4,2.32,2.48,0.08,0.5,0.1,500,0.05,100,44,21,323,253.99047225577684,2.40481742557919,25,0.05,1.1125269801671263,0.046310551963641186,True,False,0.0,0.0,1.0,1.0,False,0.0,0.0,0.9951157894736842,0.0,220
operational-sufficiency-v2,20260715,operational-envelope-v4,2.4,2.32,2.48,0.08,0.5,0.1,500,0.05,100,45,22,371,279.1872658455145,2.445895605573089,25,0.05,1.0214353029997023,0.00921086392975292,True,True,0.96,0.14285714285714285,1.0,1.0,True,0.44,0.26666666666666666,0.9850105263157894,0.0,220
operational-sufficiency-v2,20260715,operational-envelope-v4,2.4,2.32,2.48,0.08,0.5,0.1,500,0.05,100,49,23,274,220.33896153376634,2.343091298253904,25,0.05,1.5057173275105709,0.1777434482093347,True,True,0.6,0.11764705882352941,1.0,1.0,True,0.08,0.0,0.994778947368421,0.0,220
operational-sufficiency-v2,20260715,operational-envelope-v4,2.4,2.32,2.48,0.08,0.5,0.1,500,0.05,100,50,24,323,244.76752146497572,2.3887537901715534,25,0.05,1.058814875959656,0.024820034349944606,True,True,0.84,0.0,1.0,1.0,False,0.0,0.0,0.9930947368421053,0.0,220
operational-sufficiency-v2,20260715,operational-envelope-v4,2.4,2.32,2.48,0.08,0.5,0.1,500,0.05,100,51,25,371,296.12435189624114,2.4714741232261557,25,0.05,0.978099051318372,-0.00961716232615157,False,True,0.8,0.09090909090909091,1.0,1.0,False,0.0,0.0,0.9810526315789474,0.0,220
operational-sufficiency-v2,20260715,operational-envelope-v4,2.4,2.32,2.48,0.08,0.5,0.1,500,0.05,100,55,26,274,212.38789239297256,2.327129755268201,25,0.05,1.463539865526043,0.1654045567268835,True,False,0.0,0.0,1.0,1.0,False,0.0,0.0,0.9791157894736842,0.0,220
operational-sufficiency-v2,20260715,operational-envelope-v4,2.4,2.32,2.48,0.08,0.5,0.1,500,0.05,100,56,27,323,256.75433653173326,2.40951778748216,25,0.05,0.9899674142499795,-0.004379100396723243,False,True,0.88,0.12,1.0,1.0,False,0.0,0.0,0.9921684210526317,0.0,220
operational-sufficiency-v2,20260715,operational-envelope-v4,2.4,2.32,2.48,0.08,0.5,0.1,500,0.05,100,57,28,371,300.5957835134222,2.4779828844022638,25,0.05,0.8669536017719655,-0.06200414477708842,False,True,0.92,0.041666666666666664,1.0,1.0,True,0.24,0.0,0.9856000000000001,0.0,220
operational-sufficiency-v2,20260715,operational-envelope-v4,2.4,2.32,2.48,0.08,0.5,0.1,500,0.05,100,61,29,274,216.31560592817647,2.335087852421083,25,0.05,1.0376141425197174,0.016035882482746785,True,True,0.76,0.05,1.0,1.0,True,0.4,0.09090909090909091,0.9682526315789474,0.0,220
operational-sufficiency-v2,20260715,operational-envelope-v4,2.4,2.32,2.48,0.08,0.5,0.1,500,0.05,100,62,30,323,247.99959869549875,2.3944509780662506,25,0.05,0.9543441765198089,-0.020294972248919508,False,True,0.92,0.20689655172413793,1.0,1.0,True,0.28,0.3,0.9811368421052632,0.0,220
operational-sufficiency-v2,20260715,operational-envelope-v4,2.4,2.32,2.48,0.08,0.5,0.1,500,0.05,100,67,31,274,213.499063171743,2.329395973692494,25,0.05,1.1269962754246325,0.05192248076198726,True,True,0.84,0.045454545454545456,1.0,1.0,False,0.0,0.0,0.9578947368421052,0.0,220
operational-sufficiency-v2,20260715,operational-envelope-v4,2.4,2.32,2.48,0.08,0.5,0.1,500,0.05,100,68,32,323,248.02219889858995,2.3944905535185668,25,0.05,1.1670797279726401,0.06710052548482372,True,True,0.76,0.0,1.0,1.0,False,0.0,0.0,0.9904000000000001,0.0,220
operational-sufficiency-v2,20260715,operational-envelope-v4,2.4,2.32,2.48,0.08,0.5,0.1,500,0.05,100,69,33,371,297.05376657658417,2.472835063506361,25,0.05,1.1003892056287317,0.04154632148602946,True,False,0.0,0.0,1.0,1.0,False,0.0,0.0,0.9851789473684209,0.0,220
operational-sufficiency-v2,20260715,operational-envelope-v4,2.4,2.32,2.48,0.08,0.5,0.1,500,0.05,100,73,34,274,213.7178913775005,2.329840880616457,25,0.05,1.4991657628319204,0.17584965546542325,True,True,0.68,0.05555555555555555,1.0,1.0,True,0.08,0.0,0.9817263157894736,0.0,220
operational-sufficiency-v2,20260715,operational-envelope-v4,2.4,2.32,2.48,0.08,0.5,0.1,500,0.05,100,74,35,323,240.01948103646254,2.3802464923919486,25,0.05,1.1881973180417638,0.07488856776716438,True,True,0.76,0.05,1.0,1.0,False,0.0,0.0,0.9792842105263158,0.0,220
operational-sufficiency-v2,20260715,operational-envelope-v4,2.4,2.32,2.48,0.08,0.5,0.1,500,0.05,100,75,36,371,287.78580433419273,2.4590693676013577,25,0.05,1.0316221697486654,0.013520666633846707,True,True,0.88,0.043478260869565216,1.0,1.0,False,0.0,0.0,0.9834105263157895,0.0,220
operational-sufficiency-v2,20260715,operational-envelope-v4,2.4,2.32,2.48,0.08,0.5,0.1,500,0.05,100,79,37,274,219.0238598575823,2.3404914282650107,25,0.05,1.4645108340736923,0.16569258882814475,True,True,0.68,0.05555555555555555,1.0,1.0,True,0.08,0.0,0.9794526315789475,0.0,220
operational-sufficiency-v2,20260715,operational-envelope-v4,2.4,2.32,2.48,0.08,0.5,0.1,500,0.05,100,80,38,323,244.63078657319332,2.3885111117251654,25,0.05,1.2672299565061331,0.10285543081070878,True,True,0.84,0.19230769230769232,1.0,1.0,True,0.52,0.2777777777777778,0.972463157894737,0.0,220
operational-sufficiency-v2,20260715,operational-envelope-v4,2.4,2.32,2.48,0.08,0.5,0.1,500,0.05,100,81,39,371,286.4050882793395,2.4569807293900414,25,0.05,1.0409414638348677,0.017426308138507193,True,True,0.88,0.0,1.0,1.0,False,0.0,0.0,0.9925894736842105,0.0,220
operational-sufficiency-v2,20260715,operational-envelope-v4,2.4,2.32,2.48,0.08,0.5,0.1,500,0.05,100,85,40,274,226.5433810537907,2.3551513778645417,25,0.05,1.4637925618478005,0.1654795359929094,True,True,0.72,0.1,1.0,1.0,False,0.0,0.0,0.9982315789473685,0.0,220
operational-sufficiency-v2,20260715,operational-envelope-v4,2.4,2.32,2.48,0.08,0.5,0.1,500,0.05,100,86,41,323,247.9243383713758,2.3943191629176734,25,0.05,1.112305858356371,0.04622422459477746,True,True,0.88,0.0,1.0,1.0,False,0.0,0.0,0.9597473684210527,0.0,220
operational-sufficiency-v2,20260715,operational-envelope-v4,2.4,2.32,2.48,0.08,0.5,0.1,500,0.05,100,92,42,323,255.97110216838453,2.4081909384477562,25,0.05,1.3476635943733777,0.12958149654608475,True,True,0.76,0.09523809523809523,1.0,1.0,False,0.0,0.0,0.9835789473684211,0.0,220
operational-sufficiency-v2,20260715,operational-envelope-v4,2.4,2.32,2.48,0.08,0.5,0.1,500,0.05,100,93,43,371,299.1687613325423,2.4759162433061146,25,0.05,1.108265870763077,0.044643959267988906,True,True,0.84,0.045454545454545456,1.0,1.0,False,0.0,0.0,0.9897263157894737,0.0,220
operational-sufficiency-v2,20260715,operational-envelope-v4,2.4,2.32,2.48,0.08,0.5,0.1,500,0.05,100,98,44,323,243.72407504944033,2.3868984308864136,25,0.05,0.8565565163035599,-0.06724397664591326,False,True,0.92,0.0,1.0,1.0,False,0.0,0.0,0.9697684210526316,0.0,220
operational-sufficiency-v2,20260715,operational-envelope-v4,2.4,2.32,2.48,0.08,0.5,0.1,500,0.05,100,99,45,371,286.5778157780873,2.457242568273262,25,0.05,0.8022931414686443,-0.09566692041753906,False,True,1.0,0.10714285714285714,1.0,1.0,False,0.0,0.0,0.9827368421052631,0.0,220
operational-sufficiency-v2,20260715,operational-envelope-v4,2.4,2.32,2.48,0.08,0.5,0.1,500,0.05,100,103,46,274,220.87395982148627,2.3441445172636493,25,0.05,1.432294740391928,0.1560323971299625,True,False,0.0,0.0,1.0,1.0,False,0.0,0.0,0.9825684210526316,0.0,220
operational-sufficiency-v2,20260715,operational-envelope-v4,2.4,2.32,2.48,0.08,0.5,0.1,500,0.05,100,104,47,323,265.7718137343721,2.42450892021575,25,0.05,0.9224494285357975,-0.03505743385168836,False,True,0.96,0.29411764705882354,1.0,1.0,True,0.6,0.4,0.9785263157894737,0.0,220
operational-sufficiency-v2,20260715,operational-envelope-v4,2.4,2.32,2.48,0.08,0.5,0.1,500,0.05,100,105,48,371,282.57653864426567,2.4511361010358725,25,0.05,0.8005477056900182,-0.09661278279452265,False,True,1.0,0.07407407407407407,1.0,1.0,True,0.08,0.3333333333333333,0.9913263157894737,0.0,220
operational-sufficiency-v2,20260715,operational-envelope-v4,2.4,2.32,2.48,0.08,0.5,0.1,500,0.05,100,109,49,274,217.81515750441196,2.33808809852111,25,0.05,1.3754968835199028,0.13845961074050245,True,True,0.72,0.05263157894736842,1.0,1.0,False,0.0,0.0,0.9782736842105264,0.0,220
operational-sufficiency-v2,20260715,operational-envelope-v4,2.4,2.32,2.48,0.08,0.5,0.1,500,0.05,100,110,50,323,253.5358925705418,2.404039450225167,25,0.05,1.2137857886863692,0.08414204835363981,True,True,0.8,0.2857142857142857,1.0,1.0,False,0.0,0.0,0.982315789473684,0.0,220
operational-sufficiency-v2,20260715,operational-envelope-v4,2.4,2.32,2.48,0.08,0.5,0.1,500,0.05,100,111,51,371,289.1407895395858,2.4611093625886262,25,0.05,0.9668287381541987,-0.014650449041904955,False,True,0.92,0.08,1.0,1.0,False,0.0,0.0,0.9930105263157896,0.0,220
operational-sufficiency-v2,20260715,operational-envelope-v4,2.4,2.32,2.48,0.08,0.5,0.1,500,0.05,100,116,52,323,249.62483815061714,2.397287796295117,25,0.05,1.1292335938668012,0.05278378960768375,True,True,0.76,0.09523809523809523,1.0,1.0,False,0.0,0.0,0.9802947368421053,0.0,220
operational-sufficiency-v2,20260715,operational-envelope-v4,2.4,2.32,2.48,0.08,0.5,0.1,500,0.05,100,117,53,371,289.4831617821235,2.4616233074148086,25,0.05,0.9389825088726661,-0.027342497585682385,False,True,0.88,0.043478260869565216,1.0,1.0,True,0.08,0.0,0.9933473684210525,0.0,220
operational-sufficiency-v2,20260715,operational-envelope-v4,2.4,2.32,2.48,0.08,0.5,0.1,500,0.05,100,121,54,274,215.2550918473762,2.332953433459319,25,0.05,1.454889357392407,0.16282996699819866,True,True,0.64,0.0,1.0,1.0,False,0.0,0.0,0.9845894736842105,0.0,220
operational-sufficiency-v2,20260715,operational-envelope-v4,2.4,2.32,2.48,0.08,0.5,0.1,500,0.05,100,122,55,323,255.7137185656631,2.4077540277429925,25,0.05,1.3553071909191825,0.1320377425909355,True,True,0.76,0.09523809523809523,1.0,1.0,False,0.0,0.0,0.9770947368421052,0.0,220
operational-sufficiency-v2,20260715,operational-envelope-v4,2.4,2.32,2.48,0.08,0.5,0.1,500,0.05,100,123,56,371,292.6002645154704,2.466274714398852,25,0.05,1.0669401645742578,0.02814006429431171,True,True,0.92,0.14814814814814814,1.0,1.0,True,0.36,0.25,0.9812210526315789,0.0,220
operational-sufficiency-v2,20260715,operational-envelope-v4,2.4,2.32,2.48,0.08,0.5,0.1,500,0.05,100,127,57,274,213.28268739351032,2.3289556042791766,25,0.05,1.4184599048818243,0.1518170642526483,True,True,0.68,0.10526315789473684,1.0,1.0,False,0.0,0.0,0.9578105263157896,0.0,220
operational-sufficiency-v2,20260715,operational-envelope-v4,2.4,2.32,2.48,0.08,0.5,0.1,500,0.05,100,128,58,323,251.8698059646908,2.401176107597811,25,0.05,0.8308980758228295,-0.08045224676047552,False,True,0.92,0.0,1.0,1.0,False,0.0,0.0,0.992421052631579,0.0,220
operational-sufficiency-v2,20260715,operational-envelope-v4,2.4,2.32,2.48,0.08,0.5,0.1,500,0.05,100,129,59,371,290.5676630789205,2.4632472805476415,25,0.05,1.2231625579531291,0.0874841784840346,True,True,0.76,0.0,1.0,1.0,False,0.0,0.0,0.9900631578947369,0.0,220
operational-sufficiency-v2,20260715,operational-envelope-v4,2.4,2.32,2.48,0.08,0.5,0.1,500,0.05,100,134,60,323,257.2640632925503,2.4103791247111013,25,0.05,1.5722658010420323,0.19652596801873143,True,True,0.56,0.0,1.0,1.0,False,0.0,0.0,0.9905684210526318,0.0,220
operational-sufficiency-v2,20260715,operational-envelope-v4,2.4,2.32,2.48,0.08,0.5,0.1,500,0.05,100,135,61,371,286.5250200588374,2.457162551605504,25,0.05,1.0887879949349484,0.03694332365537175,True,True,0.84,0.0,1.0,1.0,True,0.04,0.0,0.9918315789473684,0.0,220
operational-sufficiency-v2,20260715,operational-envelope-v4,2.4,2.32,2.48,0.08,0.5,0.1,500,0.05,100,140,62,323,245.5726329504542,2.390179966618797,25,0.05,1.0509853077803053,0.02159664486312341,True,True,0.84,0.0,1.0,1.0,False,0.0,0.0,0.9843368421052631,0.0,220
operational-sufficiency-v2,20260715,operational-envelope-v4,2.4,2.32,2.48,0.08,0.5,0.1,500,0.05,100,141,63,371,289.9880325798963,2.462380075513588,25,0.05,1.2325153430184563,0.0907923343158205,True,True,0.8,0.2,1.0,1.0,True,0.44,0.3125,0.9941894736842106,0.0,220
operational-sufficiency-v2,20260715,operational-envelope-v4,2.4,2.32,2.48,0.08,0.5,0.1,500,0.05,100,145,64,274,218.53701887308586,2.339525014443963,25,0.05,1.4186459694944586,0.15187402852415485,True,False,0.0,0.0,1.0,1.0,False,0.0,0.0,0.9895578947368421,0.0,220
operational-sufficiency-v2,20260715,operational-envelope-v4,2.4,2.32,2.48,0.08,0.5,0.1,500,0.05,100,146,65,323,254.99889276990316,2.4065382946889935,25,0.05,1.1764331800222598,0.07056726481273247,True,True,0.88,0.08333333333333333,1.0,1.0,False,0.0,0.0,0.9885473684210527,0.0,220
operational-sufficiency-v2,20260715,operational-envelope-v4,2.4,2.32,2.48,0.08,0.5,0.1,500,0.05,100,147,66,371,290.0504214845543,2.462473500895783,25,0.05,0.9665354993307725,-0.014782190388311571,False,True,0.92,0.0,1.0,1.0,False,0.0,0.0,0.976842105263158,0.0,220
operational-sufficiency-v2,20260715,operational-envelope-v4,2.4,2.32,2.48,0.08,0.5,0.1,500,0.05,100,151,67,274,219.6194684871927,2.3416708361505147,25,0.05,1.3969132264841064,0.14516942942873384,True,True,0.64,0.0,1.0,1.0,False,0.0,0.0,0.9897263157894736,0.0,220
operational-sufficiency-v2,20260715,operational-envelope-v4,2.4,2.32,2.48,0.08,0.5,0.1,500,0.05,100,152,68,323,263.2164031554773,2.4203129502076246,25,0.05,0.866719840545345,-0.062121261656128496,False,True,0.92,0.0,1.0,1.0,True,0.36,0.0,0.9943578947368422,0.0,220
operational-sufficiency-v2,20260715,operational-envelope-v4,2.4,2.32,2.48,0.08,0.5,0.1,500,0.05,100,153,69,371,297.02343289957946,2.4727907132146414,25,0.05,1.0571585132063503,0.024140111479077277,True,True,0.88,0.15384615384615385,1.0,1.0,True,0.48,0.2,0.9895578947368421,0.0,220
operational-sufficiency-v2,20260715,operational-envelope-v4,2.4,2.32,2.48,0.08,0.5,0.1,500,0.05,100,157,70,274,213.81613214288666,2.330040469050167,25,0.05,1.2861075474295764,0.10927728686368271,True,True,0.68,0.05555555555555555,1.0,1.0,False,0.0,0.0,0.9946105263157894,0.0,220
operational-sufficiency-v2,20260715,operational-envelope-v4,2.4,2.32,2.48,0.08,0.5,0.1,500,0.05,100,158,71,323,263.1388640216653,2.420184995496084,25,0.05,1.154808465052268,0.06250995871406459,True,True,0.84,0.0,1.0,1.0,False,0.0,0.0,0.9914105263157896,0.0,220
operational-sufficiency-v2,20260715,operational-envelope-v4,2.4,2.32,2.48,0.08,0.5,0.1,500,0.05,100,159,72,371,289.69279296911157,2.4619376908797044,25,0.05,1.069609541364749,0.02922526835974157,True,False,0.0,0.0,1.0,1.0,False,0.0,0.0,0.9971368421052631,0.0,220
operational-sufficiency-v2,20260715,operational-envelope-v4,2.4,2.32,2.48,0.08,0.5,0.1,500,0.05,100,164,73,323,250.9632708439006,2.3996101659550706,25,0.05,1.0576769706939306,0.02435304835495477,True,True,0.92,0.0,1.0,1.0,False,0.0,0.0,0.9942736842105262,0.0,220
operational-sufficiency-v2,20260715,operational-envelope-v4,2.4,2.32,2.48,0.08,0.5,0.1,500,0.05,100,165,74,371,299.8253406158483,2.4768683357322265,25,0.05,1.0244846928434885,0.010505473851640475,True,True,0.92,0.17857142857142858,1.0,1.0,False,0.0,0.0,0.9825684210526316,0.0,220
operational-sufficiency-v2,20260715,operational-envelope-v4,2.4,2.32,2.48,0.08,0.5,0.1,500,0.05,100,169,75,274,213.06926825379736,2.328520814377436,25,0.05,1.3280652773002508,0.12321942207609467,True,True,0.8,0.16666666666666666,1.0,1.0,False,0.0,0.0,0.992,0.0,220
operational-sufficiency-v2,20260715,operational-envelope-v4,2.4,2.32,2.48,0.08,0.5,0.1,500,0.05,100,170,76,323,258.90640023580494,2.4131427864438972,25,0.05,1.0421627386720058,0.01793554140949476,True,True,0.88,0.08333333333333333,1.0,1.0,True,0.24,0.0,0.9888842105263158,0.0,220
operational-sufficiency-v2,20260715,operational-envelope-v4,2.4,2.32,2.48,0.08,0.5,0.1,500,0.05,100,171,77,371,298.4483968014391,2.4748692503003737,25,0.05,1.1148342527675843,0.047210303743655875,True,True,0.96,0.22580645161290322,1.0,1.0,True,0.48,0.3684210526315789,0.9910736842105262,0.0,220
operational-sufficiency-v2,20260715,operational-envelope-v4,2.4,2.32,2.48,0.08,0.5,0.1,500,0.05,100,176,78,323,249.21585165983936,2.396575662663902,25,0.05,1.1325452621766845,0.054055567612701236,True,False,0.0,0.0,1.0,1.0,False,0.0,0.0,0.9595789473684211,0.0,220
operational-sufficiency-v2,20260715,operational-envelope-v4,2.4,2.32,2.48,0.08,0.5,0.1,500,0.05,100,177,79,371,291.7332092278976,2.464985869517691,25,0.05,1.0019169895640427,0.0008317410245642226,True,True,0.96,0.2,1.0,1.0,True,0.76,0.24,0.9934315789473684,0.0,220
operational-sufficiency-v2,20260715,operational-envelope-v4,2.4,2.32,2.48,0.08,0.5,0.1,500,0.05,100,181,80,274,225.383797235307,2.3529226915493635,25,0.05,1.5395724736777436,0.1874001376546064,True,False,0.0,0.0,1.0,1.0,False,0.0,0.0,0.9818105263157894,0.0,220
operational-sufficiency-v2,20260715,operational-envelope-v4,2.4,2.32,2.48,0.08,0.5,0.1,500,0.05,100,182,81,323,243.7457847091525,2.3869371138336133,25,0.05,1.6509314950219585,0.21772905269877196,True,True,0.6,0.0625,1.0,1.0,False,0.0,0.0,0.9610947368421052,0.0,220
operational-sufficiency-v2,20260715,operational-envelope-v4,2.4,2.32,2.48,0.08,0.5,0.1,500,0.05,100,183,82,371,278.82349766542285,2.4453293708478254,25,0.05,1.0979539019712676,0.0405841064712903,True,True,0.88,0.043478260869565216,1.0,1.0,False,0.0,0.0,0.9898947368421054,0.0,220
operational-sufficiency-v2,20260715,operational-envelope-v4,2.4,2.32,2.48,0.08,0.5,0.1,500,0.05,100,187,83,274,209.0063809443691,2.3201595452815136,25,0.05,1.5922924661980236,0.202022840279968,True,True,0.8,0.25925925925925924,1.0,1.0,False,0.0,0.0,0.9758315789473683,0.0,220
operational-sufficiency-v2,20260715,operational-envelope-v4,2.4,2.32,2.48,0.08,0.5,0.1,500,0.05,100,188,84,323,249.85768057345072,2.397692704106397,25,0.05,1.264591121283645,0.101950128298759,True,True,0.72,0.0,1.0,1.0,False,0.0,0.0,0.992421052631579,0.0,220
operational-sufficiency-v2,20260715,operational-envelope-v4,2.4,2.32,2.48,0.08,0.5,0.1,500,0.05,100,189,85,371,288.3212474026423,2.4598766482491365,25,0.05,0.897284674939013,-0.04706974966377236,False,True,0.92,0.11538461538461539,1.0,1.0,False,0.0,0.0,0.9858526315789473,0.0,220
operational-sufficiency-v2,20260715,operational-envelope-v4,2.4,2.32,2.48,0.08,0.5,0.1,500,0.05,100,193,86,274,212.71307194210965,2.327794179596592,25,0.05,1.0713320055712032,0.029924079462370468,True,True,0.92,0.0,1.0,1.0,False,0.0,0.0,0.9772631578947368,0.0,220
operational-sufficiency-v2,20260715,operational-envelope-v4,2.4,2.32,2.48,0.08,0.5,0.1,500,0.05,100,194,87,323,251.13545711143195,2.39990803386278,25,0.05,1.197421494330358,0.07824704968847292,True,False,0.0,0.0,1.0,1.0,False,0.0,0.0,0.9749052631578948,0.0,220
operational-sufficiency-v2,20260715,operational-envelope-v4,2.4,2.32,2.48,0.08,0.5,0.1,500,0.05,100,195,88,371,289.7065392202786,2.461958298155889,25,0.05,0.9066010619779052,-0.042583776551460686,False,True,0.96,0.2,1.0,1.0,True,0.44,0.35294117647058826,0.9861052631578947,0.0,220
operational-sufficiency-v2,20260715,operational-envelope-v4,2.4,2.32,2.48,0.08,0.5,0.1,500,0.05,100,199,89,274,213.772649388426,2.3299521396963536,25,0.05,1.572241183590191,0.1965191680824962,True,False,0.0,0.0,1.0,1.0,False,0.0,0.0,0.9748210526315789,0.0,220
operational-sufficiency-v2,20260715,operational-envelope-v4,2.4,2.32,2.48,0.08,0.5,0.1,500,0.05,100,200,90,323,260.3207718532327,2.4155088232814084,25,0.05,1.0527179402627038,0.02231202418015858,True,True,0.84,0.0,1.0,1.0,True,0.16,0.0,0.984421052631579,0.0,220
operational-sufficiency-v2,20260715,operational-envelope-v4,2.4,2.32,2.48,0.08,0.5,0.1,500,0.05,100,201,91,371,284.51689358415337,2.454108058332345,25,0.05,1.0725211083823456,0.030405848328802176,True,True,0.8,0.13043478260869565,1.0,1.0,True,0.36,0.25,0.9826526315789472,0.0,220
operational-sufficiency-v2,20260715,operational-envelope-v4,2.4,2.32,2.48,0.08,0.5,0.1,500,0.05,100,206,92,323,259.28018365334646,2.413769325643741,25,0.05,0.9380685216547878,-0.02776543721829782,False,True,0.84,0.16,1.0,1.0,True,0.36,0.25,0.9817263157894738,0.0,220
operational-sufficiency-v2,20260715,operational-envelope-v4,2.4,2.32,2.48,0.08,0.5,0.1,500,0.05,100,207,93,371,301.4947856374384,2.4792798054033014,25,0.05,0.9681259985134352,-0.014068116970416523,False,True,0.88,0.18518518518518517,1.0,1.0,False,0.0,0.0,0.991157894736842,0.0,220
operational-sufficiency-v2,20260715,operational-envelope-v4,2.4,2.32,2.48,0.08,0.5,0.1,500,0.05,100,211,94,274,210.13853174687287,2.3225056934851382,25,0.05,1.3930440180962185,0.14396483969335117,True,True,0.72,0.05263157894736842,1.0,1.0,False,0.0,0.0,0.9818947368421053,0.0,220
operational-sufficiency-v2,20260715,operational-envelope-v4,2.4,2.32,2.48,0.08,0.5,0.1,500,0.05,100,212,95,323,254.91352586795156,2.406392880012096,25,0.05,1.0776015060258053,0.03245818967320666,True,True,0.88,0.15384615384615385,1.0,1.0,True,0.4,0.2857142857142857,0.9804631578947369,0.0,220
operational-sufficiency-v2,20260715,operational-envelope-v4,2.4,2.32,2.48,0.08,0.5,0.1,500,0.05,100,213,96,371,284.1795182010298,2.453592773616729,25,0.05,0.9305259646361033,-0.031271504165819766,False,True,0.96,0.0,1.0,1.0,False,0.0,0.0,0.9900631578947369,0.0,220
operational-sufficiency-v2,20260715,operational-envelope-v4,2.4,2.32,2.48,0.08,0.5,0.1,500,0.05,100,217,97,274,213.65148171673493,2.3297059090847405,25,0.05,1.2190340317102728,0.08601582996430157,True,True,0.8,0.047619047619047616,1.0,1.0,True,0.16,0.2,0.9755789473684211,0.0,220
operational-sufficiency-v2,20260715,operational-envelope-v4,2.4,2.32,2.48,0.08,0.5,0.1,500,0.05,100,218,98,323,250.2478356666066,2.3983703300589907,25,0.05,1.0763864468620103,0.031968220780589224,True,False,0.0,0.0,1.0,1.0,False,0.0,0.0,0.981642105263158,0.0,220
operational-sufficiency-v2,20260715,operational-envelope-v4,2.4,2.32,2.48,0.08,0.5,0.1,500,0.05,100,219,99,371,264.44691477052856,2.422338504590205,25,0.05,0.9363742207895686,-0.028550551322008195,False,True,0.92,0.17857142857142858,1.0,1.0,True,0.52,0.2777777777777778,0.9843368421052631,0.0,220
operational-sufficiency-v2,20260715,operational-envelope-v4,2.4,2.32,2.48,0.08,1.0,0.1,500,0.05,100,1,0,580,251.5837911049155,2.400682657200678,25,0.05,0.7324772093531441,-0.13520588361023544,False,True,0.8,0.25925925925925924,1.0,1.0,True,0.2,0.5,0.9864421052631579,0.0,267
operational-sufficiency-v2,20260715,operational-envelope-v4,2.4,2.32,2.48,0.08,1.0,0.1,500,0.05,100,3,1,785,291.04048225693225,2.4639534013502185,25,0.05,0.7183212678704071,-0.14368127489759058,False,True,0.8,0.09090909090909091,1.0,1.0,False,0.0,0.0,0.9811368421052632,0.0,267
operational-sufficiency-v2,20260715,operational-envelope-v4,2.4,2.32,2.48,0.08,1.0,0.1,500,0.05,100,7,2,580,252.00514825116588,2.401409413139617,25,0.05,0.7789881624665038,-0.10846914183261881,False,False,0.0,0.0,1.0,1.0,False,0.0,0.0,0.989221052631579,0.0,267
operational-sufficiency-v2,20260715,operational-envelope-v4,2.4,2.32,2.48,0.08,1.0,0.1,500,0.05,100,8,3,683,293.6805177883709,2.467875137201576,25,0.05,0.5385375385350601,-0.2687840189947221,False,True,0.8,0.23076923076923078,1.0,1.0,False,0.0,0.0,0.9765052631578948,0.0,267
operational-sufficiency-v2,20260715,operational-envelope-v4,2.4,2.32,2.48,0.08,1.0,0.1,500,0.05,100,15,4,785,227.0858600145619,2.3561900927893755,25,0.05,0.680897709428936,-0.1669181268057174,False,True,0.8,0.0,1.0,1.0,True,0.16,0.0,0.9941052631578947,0.0,267
operational-sufficiency-v2,20260715,operational-envelope-v4,2.4,2.32,2.48,0.08,1.0,0.1,500,0.05,100,19,5,580,213.7713189155142,2.32994943673672,25,0.05,1.4059038245747941,0.14795561237293559,True,True,0.68,0.05555555555555555,1.0,1.0,False,0.0,0.0,0.9867789473684211,0.0,267
operational-sufficiency-v2,20260715,operational-envelope-v4,2.4,2.32,2.48,0.08,1.0,0.1,500,0.05,100,20,6,683,280.3915079336167,2.447764856251045,25,0.05,0.7222983595062243,-0.1412833715140728,False,False,0.0,0.0,1.0,1.0,False,0.0,0.0,0.9990736842105263,0.0,267
operational-sufficiency-v2,20260715,operational-envelope-v4,2.4,2.32,2.48,0.08,1.0,0.1,500,0.05,100,25,7,580,251.0446763350824,2.3997510161393176,25,0.05,1.6133679671039103,0.20773342991690155,True,True,0.6,0.16666666666666666,1.0,1.0,False,0.0,0.0,0.9733894736842105,0.0,267
operational-sufficiency-v2,20260715,operational-envelope-v4,2.4,2.32,2.48,0.08,1.0,0.1,500,0.05,100,26,8,683,230.0819208548989,2.361882494455574,25,0.05,1.0411661684713691,0.017520047753650337,True,True,0.76,0.0,1.0,1.0,False,0.0,0.0,0.9635368421052631,0.0,267
operational-sufficiency-v2,20260715,operational-envelope-v4,2.4,2.32,2.48,0.08,1.0,0.1,500,0.05,100,27,9,785,263.51170134249656,2.420799904996934,25,0.05,0.5840750937265411,-0.2335313126573235,False,True,0.92,0.041666666666666664,1.0,1.0,True,0.56,0.06666666666666667,0.9935157894736842,0.0,267
operational-sufficiency-v2,20260715,operational-envelope-v4,2.4,2.32,2.48,0.08,1.0,0.1,500,0.05,100,31,10,580,239.9296897738392,2.380083992474428,25,0.05,1.1646229762792157,0.0661853538407401,True,True,0.84,0.125,1.0,1.0,True,0.2,0.375,0.9889684210526316,0.0,267
operational-sufficiency-v2,20260715,operational-envelope-v4,2.4,2.32,2.48,0.08,1.0,0.1,500,0.05,100,38,11,683,236.62393931365025,2.374058680215335,25,0.05,0.407976596924764,-0.38936474896391093,False,True,0.84,0.045454545454545456,1.0,1.0,True,0.72,0.05263157894736842,0.9928421052631579,0.0,267
operational-sufficiency-v2,20260715,operational-envelope-v4,2.4,2.32,2.48,0.08,1.0,0.1,500,0.05,100,43,12,580,246.89740046915935,2.392516517360677,25,0.05,0.7369720280767644,-0.13254899556353658,False,True,0.76,0.0,1.0,1.0,True,0.48,0.0,0.9934315789473684,0.0,267
operational-sufficiency-v2,20260715,operational-envelope-v4,2.4,2.32,2.48,0.08,1.0,0.1,500,0.05,100,44,13,683,233.70018868899342,2.368659063040732,25,0.05,0.6534880173152031,-0.18476237145236893,False,True,0.88,0.043478260869565216,1.0,1.0,True,0.44,0.08333333333333333,0.9811368421052632,0.0,267
operational-sufficiency-v2,20260715,operational-envelope-v4,2.4,2.32,2.48,0.08,1.0,0.1,500,0.05,100,46,14,922,291.2356677931989,2.4642445621834956,25,0.05,0.5960557385275196,-0.22471312649621805,False,True,0.84,0.125,1.0,1.0,False,0.0,0.0,0.9647999999999999,0.0,267
operational-sufficiency-v2,20260715,operational-envelope-v4,2.4,2.32,2.48,0.08,1.0,0.1,500,0.05,100,51,15,785,279.6345875474475,2.4465908875743163,25,0.05,0.663656110377641,-0.1780569026398186,False,True,0.72,0.05263157894736842,1.0,1.0,False,0.0,0.0,0.9717894736842106,0.0,267
operational-sufficiency-v2,20260715,operational-envelope-v4,2.4,2.32,2.48,0.08,1.0,0.1,500,0.05,100,55,16,580,244.88753120079346,2.388966672962409,25,0.05,0.8342991645807916,-0.07867819129348112,False,True,0.76,0.09523809523809523,1.0,1.0,True,0.24,0.0,0.9802947368421053,0.0,267
operational-sufficiency-v2,20260715,operational-envelope-v4,2.4,2.32,2.48,0.08,1.0,0.1,500,0.05,100,56,17,683,256.8665777785757,2.409707599670735,25,0.05,0.7604787556638583,-0.11891291366466769,False,True,0.72,0.1,1.0,1.0,True,0.28,0.125,0.9551999999999999,0.0,267
operational-sufficiency-v2,20260715,operational-envelope-v4,2.4,2.32,2.48,0.08,1.0,0.1,500,0.05,100,58,18,922,283.50789887579674,2.4525651633713705,25,0.05,0.8518927557794785,-0.06961507483981356,False,False,0.0,0.0,1.0,1.0,False,0.0,0.0,0.9786105263157896,0.0,267
operational-sufficiency-v2,20260715,operational-envelope-v4,2.4,2.32,2.48,0.08,1.0,0.1,500,0.05,100,62,19,683,247.61243637518652,2.3937724534073768,25,0.05,0.7215997897082446,-0.1417036020300868,False,False,0.0,0.0,1.0,1.0,False,0.0,0.0,0.9826526315789473,0.0,267
operational-sufficiency-v2,20260715,operational-envelope-v4,2.4,2.32,2.48,0.08,1.0,0.1,500,0.05,100,63,20,785,268.97984218701646,2.429719734444885,25,0.05,0.4146251189028917,-0.3823443909289283,False,True,0.8,0.16666666666666666,1.0,1.0,True,0.6,0.11764705882352941,0.991578947368421,0.0,267
operational-sufficiency-v2,20260715,operational-envelope-v4,2.4,2.32,2.48,0.08,1.0,0.1,500,0.05,100,66,21,478,240.65789669980018,2.381400116738006,25,0.05,1.1733818033751537,0.06943934896039078,True,True,0.68,0.0,1.0,1.0,False,0.0,0.0,0.9785263157894737,0.0,267
operational-sufficiency-v2,20260715,operational-envelope-v4,2.4,2.32,2.48,0.08,1.0,0.1,500,0.05,100,67,22,580,259.53245948522715,2.414191682391548,25,0.05,0.8028095442923452,-0.09538747299464208,False,True,0.72,0.14285714285714285,1.0,1.0,True,0.44,0.21428571428571427,0.9938526315789473,0.0,267
operational-sufficiency-v2,20260715,operational-envelope-v4,2.4,2.32,2.48,0.08,1.0,0.1,500,0.05,100,68,23,683,284.08433412586834,2.4534472851475084,25,0.05,0.722565510342362,-0.14112277211406876,False,True,0.84,0.19230769230769232,1.0,1.0,True,0.48,0.14285714285714285,0.9842526315789474,0.0,267
operational-sufficiency-v2,20260715,operational-envelope-v4,2.4,2.32,2.48,0.08,1.0,0.1,500,0.05,100,69,24,785,298.53754474635264,2.4749989567411532,25,0.05,0.7394789237747641,-0.13107419951530927,False,False,0.0,0.0,1.0,1.0,False,0.0,0.0,0.9792842105263158,0.0,267
operational-sufficiency-v2,20260715,operational-envelope-v4,2.4,2.32,2.48,0.08,1.0,0.1,500,0.05,100,74,25,683,288.0961805297996,2.459537500606593,25,0.05,0.6433338773179244,-0.19156357848483235,False,True,0.84,0.045454545454545456,1.0,1.0,True,0.2,0.0,0.9942736842105263,0.0,267
operational-sufficiency-v2,20260715,operational-envelope-v4,2.4,2.32,2.48,0.08,1.0,0.1,500,0.05,100,75,26,785,278.3467690577949,2.4445861845489576,25,0.05,0.5233975370314362,-0.2811683253647911,False,True,0.88,0.2413793103448276,1.0,1.0,True,0.68,0.2916666666666667,0.9808842105263159,0.0,267
operational-sufficiency-v2,20260715,operational-envelope-v4,2.4,2.32,2.48,0.08,1.0,0.1,500,0.05,100,79,27,580,216.6629236460435,2.3357845992128374,25,0.05,1.2672596775762883,0.10286561644855213,True,False,0.0,0.0,1.0,1.0,False,0.0,0.0,0.985263157894737,0.0,267
operational-sufficiency-v2,20260715,operational-envelope-v4,2.4,2.32,2.48,0.08,1.0,0.1,500,0.05,100,80,28,683,289.15051009676296,2.4611239627887196,25,0.05,0.7705462492265551,-0.1132012892218952,False,False,0.0,0.0,1.0,1.0,False,0.0,0.0,0.9831578947368422,0.0,267
operational-sufficiency-v2,20260715,operational-envelope-v4,2.4,2.32,2.48,0.08,1.0,0.1,500,0.05,100,86,29,683,263.6539169171391,2.4210342277170316,25,0.05,0.6257847470605373,-0.20357502659757729,False,True,0.84,0.08695652173913043,1.0,1.0,True,0.2,0.0,0.9879578947368423,0.0,267
operational-sufficiency-v2,20260715,operational-envelope-v4,2.4,2.32,2.48,0.08,1.0,0.1,500,0.05,100,87,30,785,246.2388723758174,2.3913566136875275,25,0.05,0.64648303544336,-0.1894428670867638,False,True,0.88,0.0,1.0,1.0,False,0.0,0.0,0.990821052631579,0.0,267
operational-sufficiency-v2,20260715,operational-envelope-v4,2.4,2.32,2.48,0.08,1.0,0.1,500,0.05,100,91,31,580,217.01339177471928,2.336486534744426,25,0.05,1.0830937611573725,0.03466605421598738,True,False,0.0,0.0,1.0,1.0,False,0.0,0.0,0.979621052631579,0.0,267
operational-sufficiency-v2,20260715,operational-envelope-v4,2.4,2.32,2.48,0.08,1.0,0.1,500,0.05,100,92,32,683,277.5115878884871,2.44328112241709,25,0.05,0.7185532730886783,-0.1435410280158046,False,True,0.8,0.09090909090909091,1.0,1.0,False,0.0,0.0,0.9846736842105264,0.0,267
operational-sufficiency-v2,20260715,operational-envelope-v4,2.4,2.32,2.48,0.08,1.0,0.1,500,0.05,100,93,33,785,272.1033539953074,2.4347338950053254,25,0.05,0.38566504650098815,-0.41378972022035515,False,True,0.92,0.14814814814814814,1.0,1.0,True,0.56,0.17647058823529413,0.9927578947368422,0.0,267
operational-sufficiency-v2,20260715,operational-envelope-v4,2.4,2.32,2.48,0.08,1.0,0.1,500,0.05,100,97,34,580,253.33874154294847,2.4037016088658225,25,0.05,0.6172431853837926,-0.20954369615755689,False,False,0.0,0.0,1.0,1.0,False,0.0,0.0,0.9808842105263157,0.0,267
operational-sufficiency-v2,20260715,operational-envelope-v4,2.4,2.32,2.48,0.08,1.0,0.1,500,0.05,100,98,35,683,250.79907669088087,2.3993259333197887,25,0.05,0.9349123090240105,-0.029229122275051873,False,True,0.56,0.125,1.0,1.0,False,0.0,0.0,0.9907368421052632,0.0,267
operational-sufficiency-v2,20260715,operational-envelope-v4,2.4,2.32,2.48,0.08,1.0,0.1,500,0.05,100,102,36,478,224.7345493801013,2.3516698434547845,25,0.05,1.0464044128001286,0.01969956245066668,True,False,0.0,0.0,1.0,1.0,False,0.0,0.0,0.9825684210526316,0.0,267
operational-sufficiency-v2,20260715,operational-envelope-v4,2.4,2.32,2.48,0.08,1.0,0.1,500,0.05,100,103,37,580,254.24147183070176,2.4052463940471536,25,0.05,0.6852290812908662,-0.1641642137506906,False,False,0.0,0.0,1.0,1.0,False,0.0,0.0,0.9903157894736841,0.0,267
operational-sufficiency-v2,20260715,operational-envelope-v4,2.4,2.32,2.48,0.08,1.0,0.1,500,0.05,100,104,38,683,246.6446673077269,2.392071730039943,25,0.05,0.6706295153304314,-0.1735173365871015,False,True,0.84,0.08695652173913043,1.0,1.0,True,0.48,0.07692307692307693,0.9893052631578948,0.0,267
operational-sufficiency-v2,20260715,operational-envelope-v4,2.4,2.32,2.48,0.08,1.0,0.1,500,0.05,100,105,39,785,285.6590840807448,2.4558480393659745,25,0.05,0.675533873387059,-0.17035286920857023,False,False,0.0,0.0,1.0,1.0,False,0.0,0.0,0.9733052631578949,0.0,267
operational-sufficiency-v2,20260715,operational-envelope-v4,2.4,2.32,2.48,0.08,1.0,0.1,500,0.05,100,106,40,922,262.8718846393375,2.4197441387920016,25,0.05,0.6793594270834251,-0.16790039376264088,False,True,0.96,0.07692307692307693,1.0,1.0,True,0.28,0.2222222222222222,0.9817263157894738,0.0,267
operational-sufficiency-v2,20260715,operational-envelope-v4,2.4,2.32,2.48,0.08,1.0,0.1,500,0.05,100,109,41,580,229.52652231735257,2.3608328764987854,25,0.05,1.1415240942951208,0.05748508263219611,True,True,0.68,0.0,1.0,1.0,False,0.0,0.0,0.9917473684210526,0.0,267
operational-sufficiency-v2,20260715,operational-envelope-v4,2.4,2.32,2.48,0.08,1.0,0.1,500,0.05,100,110,42,683,231.58204076294436,2.3647048767308094,25,0.05,0.8234992090813187,-0.08433681360628985,False,True,0.76,0.17391304347826086,1.0,1.0,True,0.44,0.26666666666666666,0.9827368421052631,0.0,267
operational-sufficiency-v2,20260715,operational-envelope-v4,2.4,2.32,2.48,0.08,1.0,0.1,500,0.05,100,112,43,922,278.53520874117265,2.4448801007504106,25,0.05,0.6383572329306206,-0.19493621646371073,False,True,1.0,0.038461538461538464,1.0,1.0,True,0.56,0.06666666666666667,0.9857684210526316,0.0,267
operational-sufficiency-v2,20260715,operational-envelope-v4,2.4,2.32,2.48,0.08,1.0,0.1,500,0.05,100,115,44,580,225.71941206580934,2.3535689103871795,25,0.05,0.923759641134735,-0.03444101590995726,False,True,0.72,0.0,1.0,1.0,False,0.0,0.0,0.9686736842105264,0.0,267
operational-sufficiency-v2,20260715,operational-envelope-v4,2.4,2.32,2.48,0.08,1.0,0.1,500,0.05,100,116,45,683,262.9562317461549,2.419883467527868,25,0.05,0.5382806426128688,-0.2689912377908031,False,True,0.76,0.13636363636363635,1.0,1.0,True,0.48,0.14285714285714285,0.991157894736842,0.0,267
operational-sufficiency-v2,20260715,operational-envelope-v4,2.4,2.32,2.48,0.08,1.0,0.1,500,0.05,100,120,46,478,210.99285916851548,2.3242677573062798,25,0.05,1.9494996518610608,0.2899231619683063,True,True,0.48,0.07692307692307693,1.0,1.0,False,0.0,0.0,0.9896421052631578,0.0,267
operational-sufficiency-v2,20260715,operational-envelope-v4,2.4,2.32,2.48,0.08,1.0,0.1,500,0.05,100,121,47,580,219.89984684694429,2.3422249268889845,25,0.05,0.6877854180608123,-0.16254703602033937,False,True,0.88,0.18518518518518517,1.0,1.0,True,0.52,0.23529411764705882,0.985936842105263,0.0,267
operational-sufficiency-v2,20260715,operational-envelope-v4,2.4,2.32,2.48,0.08,1.0,0.1,500,0.05,100,122,48,683,249.341695974088,2.396794909138766,25,0.05,0.941645472544073,-0.026112577354373914,False,True,0.76,0.0,1.0,1.0,False,0.0,0.0,0.9817263157894736,0.0,267
operational-sufficiency-v2,20260715,operational-envelope-v4,2.4,2.32,2.48,0.08,1.0,0.1,500,0.05,100,123,49,785,292.4726115690134,2.4660852030631166,25,0.05,0.6311303695449477,-0.1998809213805197,False,True,0.88,0.0,1.0,1.0,True,0.4,0.0,0.9914947368421053,0.0,267
operational-sufficiency-v2,20260715,operational-envelope-v4,2.4,2.32,2.48,0.08,1.0,0.1,500,0.05,100,124,50,922,270.97623222570695,2.4329311998563297,25,0.05,0.40711574511239096,-0.39028210105170524,False,True,0.88,0.12,1.0,1.0,False,0.0,0.0,0.9872842105263158,0.0,267
operational-sufficiency-v2,20260715,operational-envelope-v4,2.4,2.32,2.48,0.08,1.0,0.1,500,0.05,100,127,51,580,221.96319757815448,2.346280972587187,25,0.05,0.27805598966230355,-0.5558677452579337,False,True,0.68,0.10526315789473684,1.0,1.0,False,0.0,0.0,0.9932631578947368,0.0,267
operational-sufficiency-v2,20260715,operational-envelope-v4,2.4,2.32,2.48,0.08,1.0,0.1,500,0.05,100,128,52,683,248.55557516118535,2.3954235089136966,25,0.05,0.8562235932356699,-0.06741280935514266,False,False,0.0,0.0,1.0,1.0,False,0.0,0.0,0.9655578947368422,0.0,267
operational-sufficiency-v2,20260715,operational-envelope-v4,2.4,2.32,2.48,0.08,1.0,0.1,500,0.05,100,129,53,785,264.527416659453,2.4224706906882263,25,0.05,0.8767391995620286,-0.057129575431637214,False,False,0.0,0.0,1.0,1.0,False,0.0,0.0,0.983157894736842,0.0,267
operational-sufficiency-v2,20260715,operational-envelope-v4,2.4,2.32,2.48,0.08,1.0,0.1,500,0.05,100,132,54,478,230.51029673808583,2.36269032979792,25,0.05,1.1500740643008538,0.06072580964179869,True,False,0.0,0.0,1.0,1.0,False,0.0,0.0,0.9967157894736843,0.0,267
operational-sufficiency-v2,20260715,operational-envelope-v4,2.4,2.32,2.48,0.08,1.0,0.1,500,0.05,100,133,55,580,218.4876774646941,2.339426948125677,25,0.05,1.219991487843666,0.0863568005145666,True,True,0.64,0.058823529411764705,1.0,1.0,True,0.28,0.125,0.9941894736842106,0.0,267
operational-sufficiency-v2,20260715,operational-envelope-v4,2.4,2.32,2.48,0.08,1.0,0.1,500,0.05,100,134,56,683,295.10602135050607,2.4699780709456376,25,0.05,0.8387605569861858,-0.07636200057914519,False,True,0.8,0.0,1.0,1.0,True,0.08,0.0,0.9850105263157894,0.0,267
operational-sufficiency-v2,20260715,operational-envelope-v4,2.4,2.32,2.48,0.08,1.0,0.1,500,0.05,100,138,57,478,234.92311658700652,2.3709257537389474,25,0.05,0.9863233731678485,-0.005980675162357866,False,False,0.0,0.0,1.0,1.0,False,0.0,0.0,0.9912421052631578,0.0,267
operational-sufficiency-v2,20260715,operational-envelope-v4,2.4,2.32,2.48,0.08,1.0,0.1,500,0.05,100,140,58,683,272.72043647417206,2.4357176832860032,25,0.05,0.8593853259825062,-0.06581206617368046,False,True,0.96,0.07692307692307693,1.0,1.0,False,0.0,0.0,0.9814736842105265,0.0,267
operational-sufficiency-v2,20260715,operational-envelope-v4,2.4,2.32,2.48,0.08,1.0,0.1,500,0.05,100,146,59,683,228.26911445598373,2.3584471540275307,25,0.05,0.6375361052823882,-0.19549521500241168,False,True,0.8,0.13043478260869565,1.0,1.0,False,0.0,0.0,0.9683368421052632,0.0,267
operational-sufficiency-v2,20260715,operational-envelope-v4,2.4,2.32,2.48,0.08,1.0,0.1,500,0.05,100,150,60,478,219.68790722619357,2.3418061517339996,25,0.05,1.4131497025806714,0.15018817144579524,True,True,0.6,0.0,1.0,1.0,False,0.0,0.0,0.9784421052631579,0.0,267
operational-sufficiency-v2,20260715,operational-envelope-v4,2.4,2.32,2.48,0.08,1.0,0.1,500,0.05,100,151,61,580,258.47175953977506,2.4124130992828317,25,0.05,1.1232917065105592,0.05049255241185631,True,True,0.68,0.10526315789473684,1.0,1.0,True,0.16,0.0,0.9925894736842105,0.0,267
operational-sufficiency-v2,20260715,operational-envelope-v4,2.4,2.32,2.48,0.08,1.0,0.1,500,0.05,100,157,62,580,231.453741826704,2.3644642062532166,25,0.05,1.035486172484127,0.015144303853384876,True,True,0.8,0.09090909090909091,1.0,1.0,True,0.44,0.08333333333333333,0.9710315789473684,0.0,267
operational-sufficiency-v2,20260715,operational-envelope-v4,2.4,2.32,2.48,0.08,1.0,0.1,500,0.05,100,163,63,580,254.6077918885154,2.405871690450412,25,0.05,0.8639582904972418,-0.06350722354441173,False,True,0.68,0.0,1.0,1.0,False,0.0,0.0,0.9873684210526315,0.0,267
operational-sufficiency-v2,20260715,operational-envelope-v4,2.4,2.32,2.48,0.08,1.0,0.1,500,0.05,100,164,64,683,291.13947386138256,2.46410109282441,25,0.05,0.6276247548244278,-0.20229993527052462,False,True,0.84,0.08695652173913043,1.0,1.0,False,0.0,0.0,0.9862736842105264,0.0,267
operational-sufficiency-v2,20260715,operational-envelope-v4,2.4,2.32,2.48,0.08,1.0,0.1,500,0.05,100,168,65,478,217.87880228109603,2.3382149792128963,25,0.05,1.2359931995007736,0.09201608124841747,True,True,0.68,0.05555555555555555,1.0,1.0,True,0.04,0.5,0.9850105263157896,0.0,267
operational-sufficiency-v2,20260715,operational-envelope-v4,2.4,2.32,2.48,0.08,1.0,0.1,500,0.05,100,169,66,580,211.302452591695,2.3249045379461037,25,0.05,0.9609531345021591,-0.01729779227257037,False,False,0.0,0.0,1.0,1.0,False,0.0,0.0,0.9734736842105264,0.0,267
operational-sufficiency-v2,20260715,operational-envelope-v4,2.4,2.32,2.48,0.08,1.0,0.1,500,0.05,100,171,67,785,259.6323560716349,2.414358814429287,25,0.05,0.7407451983636332,-0.1303311550094866,False,True,0.8,0.0,1.0,1.0,False,0.0,0.0,0.9808000000000001,0.0,267
operational-sufficiency-v2,20260715,operational-envelope-v4,2.4,2.32,2.48,0.08,1.0,0.1,500,0.05,100,176,68,683,253.658744370083,2.4042498383317836,25,0.05,0.7689468338743706,-0.1141036869257427,False,True,0.84,0.125,1.0,1.0,False,0.0,0.0,0.9830736842105263,0.0,267
operational-sufficiency-v2,20260715,operational-envelope-v4,2.4,2.32,2.48,0.08,1.0,0.1,500,0.05,100,181,69,580,231.00361769089767,2.3636187813245746,25,0.05,1.10535643696916,0.043502344670657354,True,False,0.0,0.0,1.0,1.0,False,0.0,0.0,0.9850947368421052,0.0,267
operational-sufficiency-v2,20260715,operational-envelope-v4,2.4,2.32,2.48,0.08,1.0,0.1,500,0.05,100,182,70,683,294.8293474086485,2.4695707111519787,25,0.05,0.6117356015264432,-0.21343624388251362,False,True,0.68,0.0,1.0,1.0,True,0.16,0.0,0.9820631578947367,0.0,267
operational-sufficiency-v2,20260715,operational-envelope-v4,2.4,2.32,2.48,0.08,1.0,0.1,500,0.05,100,183,71,785,289.4051513379099,2.4615062571828727,25,0.05,0.6600782869021771,-0.18040455301369956,False,True,0.8,0.0,1.0,1.0,True,0.16,0.0,0.9776842105263158,0.0,267
operational-sufficiency-v2,20260715,operational-envelope-v4,2.4,2.32,2.48,0.08,1.0,0.1,500,0.05,100,186,72,478,227.19687300533866,2.356402349724404,25,0.05,1.1528182592936826,0.06176084657734964,True,True,0.72,0.1,1.0,1.0,True,0.16,0.2,0.9692631578947369,0.0,267
operational-sufficiency-v2,20260715,operational-envelope-v4,2.4,2.32,2.48,0.08,1.0,0.1,500,0.05,100,187,73,580,265.7243209025729,2.424431305823129,25,0.05,1.328712372417,0.12343097899284143,True,True,0.68,0.0,1.0,1.0,True,0.12,0.0,0.9742315789473684,0.0,267
operational-sufficiency-v2,20260715,operational-envelope-v4,2.4,2.32,2.48,0.08,1.0,0.1,500,0.05,100,188,74,683,248.55768766100934,2.3954272000122256,25,0.05,0.8269382046116942,-0.08252694316677009,False,True,0.88,0.12,1.0,1.0,True,0.56,0.17647058823529413,0.9850105263157894,0.0,267
operational-sufficiency-v2,20260715,operational-envelope-v4,2.4,2.32,2.48,0.08,1.0,0.1,500,0.05,100,193,75,580,214.50744871628802,2.331442377547383,25,0.05,0.8201279391811426,-0.0861183928037778,False,True,0.68,0.10526315789473684,1.0,1.0,False,0.0,0.0,0.989221052631579,0.0,267
operational-sufficiency-v2,20260715,operational-envelope-v4,2.4,2.32,2.48,0.08,1.0,0.1,500,0.05,100,194,76,683,285.28464696620057,2.4552784000577996,25,0.05,0.9290090734930079,-0.03198004429623835,False,False,0.0,0.0,1.0,1.0,False,0.0,0.0,0.9665684210526316,0.0,267
operational-sufficiency-v2,20260715,operational-envelope-v4,2.4,2.32,2.48,0.08,1.0,0.1,500,0.05,100,196,77,922,252.18716775748504,2.4017229842438064,25,0.05,0.29275203228679525,-0.5335000813695966,False,True,0.96,0.0,1.0,1.0,True,0.44,0.0,0.9865263157894737,0.0,267
operational-sufficiency-v2,20260715,operational-envelope-v4,2.4,2.32,2.48,0.08,1.0,0.1,500,0.05,100,199,78,580,261.7199853812489,2.417836887368175,25,0.05,1.087191192787508,0.036305925568368334,True,True,0.68,0.0,1.0,1.0,False,0.0,0.0,0.9965473684210526,0.0,267
operational-sufficiency-v2,20260715,operational-envelope-v4,2.4,2.32,2.48,0.08,1.0,0.1,500,0.05,100,205,79,580,217.98947853728663,2.3384355324877717,25,0.05,0.5858209283304227,-0.23223511729753432,False,True,0.84,0.16,1.0,1.0,True,0.56,0.2222222222222222,0.9843368421052631,0.0,267
operational-sufficiency-v2,20260715,operational-envelope-v4,2.4,2.32,2.48,0.08,1.0,0.1,500,0.05,100,207,80,785,236.9486964965504,2.3746543238988407,25,0.05,0.6364600446017633,-0.19622885509537819,False,True,0.76,0.24,1.0,1.0,True,0.48,0.29411764705882354,0.950821052631579,0.0,267
operational-sufficiency-v2,20260715,operational-envelope-v4,2.4,2.32,2.48,0.08,1.0,0.1,500,0.05,100,211,81,580,252.04040225655393,2.4014701640777596,25,0.05,0.8189935067978529,-0.08671954143010785,False,True,0.76,0.05,1.0,1.0,True,0.04,0.0,0.9648,0.0,267
operational-sufficiency-v2,20260715,operational-envelope-v4,2.4,2.32,2.48,0.08,1.0,0.1,500,0.05,100,212,82,683,255.9884908179836,2.40822043997356,25,0.05,0.5214753409314079,-0.2827662232884961,False,True,0.76,0.05,1.0,1.0,False,0.0,0.0,0.9889684210526317,0.0,267
operational-sufficiency-v2,20260715,operational-envelope-v4,2.4,2.32,2.48,0.08,1.0,0.1,500,0.05,100,213,83,785,300.36163270627253,2.4776444564009457,25,0.05,0.604089453416703,-0.21889874639751872,False,True,0.84,0.0,1.0,1.0,False,0.0,0.0,0.9813052631578947,0.0,267
operational-sufficiency-v2,20260715,operational-envelope-v4,2.4,2.32,2.48,0.08,1.0,0.1,500,0.05,100,217,84,580,209.26805083096917,2.320702929213319,25,0.05,1.0700500824879182,0.029404104824583457,True,True,0.76,0.0,1.0,1.0,False,0.0,0.0,0.9587368421052632,0.0,267
operational-sufficiency-v2,20260715,operational-envelope-v4,2.4,2.32,2.48,0.08,1.0,0.1,500,0.05,100,218,85,683,226.98093207818516,2.3559893750739618,25,0.05,0.5746189086657609,-0.24062008702126253,False,True,0.88,0.043478260869565216,1.0,1.0,True,0.32,0.1111111111111111,0.9879578947368421,0.0,267
operational-sufficiency-v2,20260715,operational-envelope-v4,2.4,2.32,2.48,0.08,1.0,0.1,500,0.05,100,222,86,478,211.14622105365598,2.324583313133738,25,0.05,1.1463637395707984,0.05932244051440364,True,True,0.68,0.0,1.0,1.0,True,0.2,0.0,0.9854315789473685,0.0,267
operational-sufficiency-v2,20260715,operational-envelope-v4,2.4,2.32,2.48,0.08,1.0,0.1,500,0.05,100,223,87,580,244.8696743014577,2.3889350035851673,25,0.05,0.9149781135376864,-0.038589294221522276,False,True,0.72,0.0,1.0,1.0,False,0.0,0.0,0.9833263157894737,0.0,267
operational-sufficiency-v2,20260715,operational-envelope-v4,2.4,2.32,2.48,0.08,1.0,0.1,500,0.05,100,230,88,683,278.40965728391024,2.44468429570997,25,0.05,0.2364982070191484,-0.6261721474616527,False,True,0.84,0.0,1.0,1.0,False,0.0,0.0,0.9845894736842107,0.0,267
operational-sufficiency-v2,20260715,operational-envelope-v4,2.4,2.32,2.48,0.08,1.0,0.1,500,0.05,100,231,89,785,234.28660878750344,2.369747466164628,25,0.05,0.5541200039953249,-0.2563961713200275,False,True,0.8,0.13043478260869565,1.0,1.0,True,0.12,0.0,0.9916631578947367,0.0,267
operational-sufficiency-v2,20260715,operational-envelope-v4,2.4,2.32,2.48,0.08,1.0,0.1,500,0.05,100,232,90,922,285.2985140019405,2.455299509608573,25,0.05,0.6925986841059005,-0.15951833791807554,False,True,0.88,0.12,1.0,1.0,False,0.0,0.0,0.9903157894736841,0.0,267
operational-sufficiency-v2,20260715,operational-envelope-v4,2.4,2.32,2.48,0.08,1.0,0.1,500,0.05,100,237,91,785,229.96242307000674,2.3616568760758208,25,0.05,0.6671893964624446,-0.1757508644902855,False,True,0.72,0.14285714285714285,1.0,1.0,True,0.2,0.16666666666666666,0.9872,0.0,267
operational-sufficiency-v2,20260715,operational-envelope-v4,2.4,2.32,2.48,0.08,1.0,0.1,500,0.05,100,238,92,922,252.641516072208,2.402504718822462,25,0.05,0.5999369548433792,-0.22189438562005778,False,True,0.76,0.0,1.0,1.0,True,0.36,0.0,0.9887999999999999,0.0,267
operational-sufficiency-v2,20260715,operational-envelope-v4,2.4,2.32,2.48,0.08,1.0,0.1,500,0.05,100,241,93,580,222.06888812277091,2.346487718102483,25,0.05,0.7844136016151966,-0.10545488433723371,False,True,0.76,0.17391304347826086,1.0,1.0,True,0.32,0.2,0.9833263157894737,0.0,267
operational-sufficiency-v2,20260715,operational-envelope-v4,2.4,2.32,2.48,0.08,1.0,0.1,500,0.05,100,247,94,580,239.6116304127767,2.3795078942744707,25,0.05,1.0540587708542584,0.02286482638518501,True,False,0.0,0.0,1.0,1.0,False,0.0,0.0,0.9836631578947369,0.0,267
operational-sufficiency-v2,20260715,operational-envelope-v4,2.4,2.32,2.48,0.08,1.0,0.1,500,0.05,100,249,95,785,280.43937278162593,2.44783898711699,25,0.05,0.8644955573838553,-0.06323723421034136,False,True,0.72,0.05263157894736842,1.0,1.0,True,0.12,0.25,0.9908210526315788,0.0,267
operational-sufficiency-v2,20260715,operational-envelope-v4,2.4,2.32,2.48,0.08,1.0,0.1,500,0.05,100,256,96,922,251.23114645782013,2.40007348019349,25,0.05,0.41847492378576995,-0.3783305610584259,False,True,0.8,0.0,1.0,1.0,True,0.36,0.0,0.9898947368421053,0.0,267
operational-sufficiency-v2,20260715,operational-envelope-v4,2.4,2.32,2.48,0.08,1.0,0.1,500,0.05,100,259,97,580,220.4997602693413,2.3434081216326157,25,0.05,0.6157521136305893,-0.21059408872714375,False,True,0.92,0.17857142857142858,1.0,1.0,False,0.0,0.0,0.9812210526315789,0.0,267
operational-sufficiency-v2,20260715,operational-envelope-v4,2.4,2.32,2.48,0.08,1.0,0.1,500,0.05,100,265,98,580,222.0532144510897,2.3464570644192473,25,0.05,0.7153650395004602,-0.1454722880101349,False,True,0.72,0.0,1.0,1.0,False,0.0,0.0,0.9919157894736841,0.0,267
operational-sufficiency-v2,20260715,operational-envelope-v4,2.4,2.32,2.48,0.08,1.0,0.1,500,0.05,100,266,99,683,263.04573452427735,2.420031263792982,25,0.05,0.6192692011849553,-0.20812051871161932,False,True,0.88,0.12,1.0,1.0,True,0.48,0.2,0.9737263157894737,0.0,267
operational-sufficiency-v2,20260715,operational-envelope-v4,2.4,2.32,2.48,0.08,1.5,0.1,500,0.05,100,1,0,2026,272.8264799038263,2.4358865196428345,25,0.05,0.3523062157886443,-0.4530796944318853,False,False,0.0,0.0,1.0,1.0,False,0.0,0.0,0.9784421052631579,0.0,356
operational-sufficiency-v2,20260715,operational-envelope-v4,2.4,2.32,2.48,0.08,1.5,0.1,500,0.05,100,2,1,2383,296.6647764513257,2.4722659848037645,25,0.05,0.20581910436212048,-0.6865143159974314,False,True,0.8,0.047619047619047616,1.0,1.0,True,0.44,0.0,0.9841684210526316,0.0,356
operational-sufficiency-v2,20260715,operational-envelope-v4,2.4,2.32,2.48,0.08,1.5,0.1,500,0.05,100,14,2,2383,267.9667614567062,2.4280809275691664,25,0.05,0.08338449629657789,-1.0789146903545501,False,True,1.0,0.07407407407407407,1.0,1.0,True,0.44,0.15384615384615385,0.9843368421052632,0.0,356
operational-sufficiency-v2,20260715,operational-envelope-v4,2.4,2.32,2.48,0.08,1.5,0.1,500,0.05,100,15,3,2741,245.38698275273228,2.3898515206216153,25,0.05,0.17031714837166814,-0.7687416229225791,False,True,0.92,0.0,1.0,1.0,False,0.0,0.0,0.9695157894736843,0.0,356
operational-sufficiency-v2,20260715,operational-envelope-v4,2.4,2.32,2.48,0.08,1.5,0.1,500,0.05,100,18,4,1668,221.58021970092747,2.3455309886459283,25,0.05,0.590430713575269,-0.22883105906218384,False,False,0.0,0.0,1.0,1.0,False,0.0,0.0,0.980378947368421,0.0,356
operational-sufficiency-v2,20260715,operational-envelope-v4,2.4,2.32,2.48,0.08,1.5,0.1,500,0.05,100,24,5,1668,210.39491837437245,2.3230352461821737,25,0.05,0.16156808895592956,-0.7916444118713013,False,True,0.76,0.13636363636363635,1.0,1.0,True,0.32,0.2727272727272727,0.9919157894736841,0.0,356
operational-sufficiency-v2,20260715,operational-envelope-v4,2.4,2.32,2.48,0.08,1.5,0.1,500,0.05,100,29,6,3813,276.5441725149149,2.441764511218559,25,0.05,0.1856880369348347,-0.7312160750461417,False,True,0.96,0.04,1.0,1.0,False,0.0,0.0,0.9850947368421054,0.0,356
operational-sufficiency-v2,20260715,operational-envelope-v4,2.4,2.32,2.48,0.08,1.5,0.1,500,0.05,100,31,7,2026,288.03308048775455,2.4594423691767844,25,0.05,0.39324994675183156,-0.40533132751049195,False,True,0.68,0.0,1.0,1.0,True,0.12,0.0,0.9824,0.0,356
operational-sufficiency-v2,20260715,operational-envelope-v4,2.4,2.32,2.48,0.08,1.5,0.1,500,0.05,100,33,8,2741,254.8386025188623,2.40626521483721,25,0.05,0.3164289515663405,-0.49972378772087767,False,True,0.76,0.13636363636363635,1.0,1.0,True,0.48,0.2,0.9921684210526316,0.0,356
operational-sufficiency-v2,20260715,operational-envelope-v4,2.4,2.32,2.48,0.08,1.5,0.1,500,0.05,100,37,9,2026,299.37957125370554,2.476222162090924,25,0.05,0.07225636081590053,-1.1411239154136188,False,False,0.0,0.0,1.0,1.0,False,0.0,0.0,0.9791157894736842,0.0,356
operational-sufficiency-v2,20260715,operational-envelope-v4,2.4,2.32,2.48,0.08,1.5,0.1,500,0.05,100,43,10,2026,266.4598276523877,2.4256317426534646,25,0.05,0.29485612403136163,-0.5303898476880825,False,False,0.0,0.0,1.0,1.0,False,0.0,0.0,0.9788631578947369,0.0,356
operational-sufficiency-v2,20260715,operational-envelope-v4,2.4,2.32,2.48,0.08,1.5,0.1,500,0.05,100,48,11,1668,242.3242719912939,2.384396916671332,25,0.05,0.24590511630379014,-0.6092324352328634,False,True,0.76,0.05,1.0,1.0,True,0.48,0.07692307692307693,0.9889684210526316,0.0,356
operational-sufficiency-v2,20260715,operational-envelope-v4,2.4,2.32,2.48,0.08,1.5,0.1,500,0.05,100,54,12,1668,241.89810870714163,2.383632472821313,25,0.05,0.2617981568737898,-0.5820334153191066,False,True,0.72,0.1,1.0,1.0,True,0.32,0.2,0.9840000000000001,0.0,356
operational-sufficiency-v2,20260715,operational-envelope-v4,2.4,2.32,2.48,0.08,1.5,0.1,500,0.05,100,55,13,2026,222.558985117058,2.3474451322423886,25,0.05,0.1268706096890196,-0.896638973084169,False,True,0.92,0.08,1.0,1.0,True,0.52,0.07142857142857142,0.9834105263157893,0.0,356
operational-sufficiency-v2,20260715,operational-envelope-v4,2.4,2.32,2.48,0.08,1.5,0.1,500,0.05,100,60,14,1668,266.4568984588956,2.4256269684269944,25,0.05,0.35454655975457994,-0.45032672432653603,False,False,0.0,0.0,1.0,1.0,False,0.0,0.0,0.9814736842105262,0.0,356
operational-sufficiency-v2,20260715,operational-envelope-v4,2.4,2.32,2.48,0.08,1.5,0.1,500,0.05,100,73,15,2026,267.1166459265913,2.4267009528240973,25,0.05,0.5412024510890892,-0.2666402451637429,False,True,0.72,0.05263157894736842,1.0,1.0,True,0.2,0.16666666666666666,0.9879578947368421,0.0,356
operational-sufficiency-v2,20260715,operational-envelope-v4,2.4,2.32,2.48,0.08,1.5,0.1,500,0.05,100,74,16,2383,296.6161827344337,2.4721948415020227,25,0.05,0.2813636070213872,-0.5507320770928648,False,True,0.72,0.05263157894736842,1.0,1.0,True,0.4,0.09090909090909091,0.969178947368421,0.0,356
operational-sufficiency-v2,20260715,operational-envelope-v4,2.4,2.32,2.48,0.08,1.5,0.1,500,0.05,100,80,17,2383,243.9747032989684,2.387344798522312,25,0.05,0.21254573670132035,-0.672547601803235,False,True,0.68,0.0,1.0,1.0,False,0.0,0.0,0.9933473684210528,0.0,356
operational-sufficiency-v2,20260715,operational-envelope-v4,2.4,2.32,2.48,0.08,1.5,0.1,500,0.05,100,84,18,1668,231.4489129834691,2.364455145428228,25,0.05,0.5468928873762299,-0.2620977248121266,False,True,0.84,0.08695652173913043,1.0,1.0,False,0.0,0.0,0.9888842105263157,0.0,356
operational-sufficiency-v2,20260715,operational-envelope-v4,2.4,2.32,2.48,0.08,1.5,0.1,500,0.05,100,85,19,2026,220.67034429922282,2.3437439726152784,25,0.05,0.5048187425617584,-0.29686452927889384,False,True,0.92,0.0,1.0,1.0,False,0.0,0.0,0.9933473684210528,0.0,356
operational-sufficiency-v2,20260715,operational-envelope-v4,2.4,2.32,2.48,0.08,1.5,0.1,500,0.05,100,90,20,1668,286.4098964837855,2.4569880203189256,25,0.05,0.39021020381680893,-0.40870137819267033,False,False,0.0,0.0,1.0,1.0,False,0.0,0.0,0.9921684210526316,0.0,356
operational-sufficiency-v2,20260715,operational-envelope-v4,2.4,2.32,2.48,0.08,1.5,0.1,500,0.05,100,97,21,2026,233.85689598726333,2.3689501809370976,25,0.05,0.3949634779594459,-0.40344306147227743,False,True,0.76,0.17391304347826086,1.0,1.0,True,0.44,0.21428571428571427,0.9956210526315789,0.0,356
operational-sufficiency-v2,20260715,operational-envelope-v4,2.4,2.32,2.48,0.08,1.5,0.1,500,0.05,100,98,22,2383,212.77965718251713,2.32793010484627,25,0.05,0.17640241213631191,-0.7534954805969002,False,True,0.84,0.08695652173913043,1.0,1.0,True,0.4,0.09090909090909091,0.9932631578947368,0.0,356
operational-sufficiency-v2,20260715,operational-envelope-v4,2.4,2.32,2.48,0.08,1.5,0.1,500,0.05,100,102,23,1668,244.0552678574592,2.3874881862057546,25,0.05,0.23361473666253557,-0.6314997649442458,False,False,0.0,0.0,1.0,1.0,False,0.0,0.0,0.9514947368421054,0.0,356
operational-sufficiency-v2,20260715,operational-envelope-v4,2.4,2.32,2.48,0.08,1.5,0.1,500,0.05,100,103,24,2026,282.9105084148157,2.451649079170703,25,0.05,0.15024616592504036,-0.8231966017800897,False,True,0.72,0.1,1.0,1.0,False,0.0,0.0,0.9753263157894736,0.0,356
operational-sufficiency-v2,20260715,operational-envelope-v4,2.4,2.32,2.48,0.08,1.5,0.1,500,0.05,100,104,25,2383,257.7790111789945,2.4112475534354316,25,0.05,0.6065307852299356,-0.21714715107741225,False,True,0.88,0.26666666666666666,1.0,1.0,False,0.0,0.0,0.9798736842105263,0.0,356
operational-sufficiency-v2,20260715,operational-envelope-v4,2.4,2.32,2.48,0.08,1.5,0.1,500,0.05,100,108,26,1668,298.8683016297585,2.4754798556304545,25,0.05,0.6429927658512059,-0.19179391318553843,False,False,0.0,0.0,1.0,1.0,False,0.0,0.0,0.9926736842105264,0.0,356
operational-sufficiency-v2,20260715,operational-envelope-v4,2.4,2.32,2.48,0.08,1.5,0.1,500,0.05,100,110,27,2383,236.84190074628998,2.3744585378022647,25,0.05,0.15885520410439044,-0.7989985530949458,False,True,0.84,0.045454545454545456,1.0,1.0,True,0.2,0.16666666666666666,0.9906526315789473,0.0,356
operational-sufficiency-v2,20260715,operational-envelope-v4,2.4,2.32,2.48,0.08,1.5,0.1,500,0.05,100,114,28,1668,238.0370199630523,2.37664450460022,25,0.05,0.13511377861041407,-0.8693003603092472,False,True,0.84,0.08695652173913043,1.0,1.0,True,0.48,0.14285714285714285,0.9869473684210527,0.0,356
operational-sufficiency-v2,20260715,operational-envelope-v4,2.4,2.32,2.48,0.08,1.5,0.1,500,0.05,100,116,29,2383,223.2624258283682,2.3488156392000845,25,0.05,0.268919579225209,-0.5703775769514239,False,True,0.8,0.047619047619047616,1.0,1.0,True,0.52,0.07142857142857142,0.9962947368421052,0.0,356
operational-sufficiency-v2,20260715,operational-envelope-v4,2.4,2.32,2.48,0.08,1.5,0.1,500,0.05,100,120,30,1668,237.09818691314734,2.3749282329464463,25,0.05,0.4311269936603637,-0.3653947843121311,False,True,0.88,0.3125,1.0,1.0,True,0.4,0.47368421052631576,0.9886315789473684,0.0,356
operational-sufficiency-v2,20260715,operational-envelope-v4,2.4,2.32,2.48,0.08,1.5,0.1,500,0.05,100,121,31,2026,241.63508360652253,2.3831599908371035,25,0.05,0.23752282104967715,-0.624294657282034,False,False,0.0,0.0,1.0,1.0,False,0.0,0.0,0.9856,0.0,356
operational-sufficiency-v2,20260715,operational-envelope-v4,2.4,2.32,2.48,0.08,1.5,0.1,500,0.05,100,122,32,2383,218.94812007802048,2.3403412206254397,25,0.05,0.14296159025363825,-0.844780629538935,False,True,0.92,0.0,1.0,1.0,False,0.0,0.0,0.9887157894736842,0.0,356
operational-sufficiency-v2,20260715,operational-envelope-v4,2.4,2.32,2.48,0.08,1.5,0.1,500,0.05,100,126,33,1668,270.81873231464755,2.4326787008532866,25,0.05,0.262262172908412,-0.5812643448722096,False,True,0.68,0.0,1.0,1.0,False,0.0,0.0,0.9873684210526315,0.0,356
operational-sufficiency-v2,20260715,operational-envelope-v4,2.4,2.32,2.48,0.08,1.5,0.1,500,0.05,100,132,34,1668,251.3801652757065,2.400331007434495,25,0.05,0.3473197575832811,-0.45927051077120595,False,True,0.68,0.15,1.0,1.0,True,0.48,0.14285714285714285,0.9914105263157894,0.0,356
operational-sufficiency-v2,20260715,operational-envelope-v4,2.4,2.32,2.48,0.08,1.5,0.1,500,0.05,100,133,35,2026,297.10219332509604,2.4729058579479597,25,0.05,0.30758912530284976,-0.5120290229162844,False,False,0.0,0.0,1.0,1.0,False,0.0,0.0,0.9615157894736842,0.0,356
operational-sufficiency-v2,20260715,operational-envelope-v4,2.4,2.32,2.48,0.08,1.5,0.1,500,0.05,100,138,36,1668,239.43711647855088,2.3791914736909954,25,0.05,0.6239478997907253,-0.20485167278239677,False,True,0.8,0.09090909090909091,1.0,1.0,True,0.4,0.16666666666666666,0.9915789473684211,0.0,356
operational-sufficiency-v2,20260715,operational-envelope-v4,2.4,2.32,2.48,0.08,1.5,0.1,500,0.05,100,141,37,2741,248.53879542301044,2.395394189138092,25,0.05,0.25017141930399184,-0.6017623075425366,False,True,0.8,0.09090909090909091,1.0,1.0,True,0.32,0.0,0.9748210526315789,0.0,356
operational-sufficiency-v2,20260715,operational-envelope-v4,2.4,2.32,2.48,0.08,1.5,0.1,500,0.05,100,144,38,1668,236.15218008175287,2.373191959199634,25,0.05,0.34889878796885315,-0.4573005392344723,False,False,0.0,0.0,1.0,1.0,False,0.0,0.0,0.9765894736842107,0.0,356
operational-sufficiency-v2,20260715,operational-envelope-v4,2.4,2.32,2.48,0.08,1.5,0.1,500,0.05,100,150,39,1668,268.75332126413053,2.4293538399851395,25,0.05,0.21752364267901533,-0.6624935326081736,False,True,0.72,0.05263157894736842,1.0,1.0,True,0.36,0.1,0.9875368421052632,0.0,356
operational-sufficiency-v2,20260715,operational-envelope-v4,2.4,2.32,2.48,0.08,1.5,0.1,500,0.05,100,151,40,2026,220.0507468193937,2.3425228468321215,25,0.05,0.41103110383652103,-0.38612531264107863,False,True,0.8,0.0,1.0,1.0,False,0.0,0.0,0.9895578947368421,0.0,356
operational-sufficiency-v2,20260715,operational-envelope-v4,2.4,2.32,2.48,0.08,1.5,0.1,500,0.05,100,154,41,3217,286.8033294919194,2.4575841887376555,25,0.05,0.07408246139389908,-1.1302845966280972,False,True,0.84,0.045454545454545456,1.0,1.0,True,0.48,0.07692307692307693,0.9809684210526316,0.0,356
operational-sufficiency-v2,20260715,operational-envelope-v4,2.4,2.32,2.48,0.08,1.5,0.1,500,0.05,100,157,42,2026,213.09759671361834,2.328578551826358,25,0.05,0.10549724535797761,-0.9767588800956578,False,True,0.88,0.21428571428571427,1.0,1.0,True,0.64,0.2,0.9897263157894737,0.0,356
operational-sufficiency-v2,20260715,operational-envelope-v4,2.4,2.32,2.48,0.08,1.5,0.1,500,0.05,100,162,43,1668,230.55470162376602,2.3627739830656744,25,0.05,0.37791128006519603,-0.4226101448732539,False,False,0.0,0.0,1.0,1.0,False,0.0,0.0,0.9765894736842106,0.0,356
operational-sufficiency-v2,20260715,operational-envelope-v4,2.4,2.32,2.48,0.08,1.5,0.1,500,0.05,100,164,44,2383,280.3239609742018,2.447660221107155,25,0.05,0.12775845477428446,-0.8936103495860722,False,True,0.96,0.04,1.0,1.0,True,0.52,0.0,0.985936842105263,0.0,356
operational-sufficiency-v2,20260715,operational-envelope-v4,2.4,2.32,2.48,0.08,1.5,0.1,500,0.05,100,170,45,2383,285.38281524204234,2.4554278178667337,25,0.05,0.10428090015913512,-0.9817952286308862,False,True,0.8,0.13043478260869565,1.0,1.0,True,0.6,0.16666666666666666,0.9821473684210525,0.0,356
operational-sufficiency-v2,20260715,operational-envelope-v4,2.4,2.32,2.48,0.08,1.5,0.1,500,0.05,100,171,46,2741,265.4778882036622,2.4240283543024437,25,0.05,0.31209822113613234,-0.5057087066725828,False,True,0.92,0.11538461538461539,1.0,1.0,True,0.52,0.1875,0.9809684210526316,0.0,356
operational-sufficiency-v2,20260715,operational-envelope-v4,2.4,2.32,2.48,0.08,1.5,0.1,500,0.05,100,173,47,3813,230.63547781454014,2.362926114033961,25,0.05,0.09237328454282326,-1.0344536137717166,False,True,1.0,0.0,1.0,1.0,True,0.16,0.0,0.9881263157894737,0.0,356
operational-sufficiency-v2,20260715,operational-envelope-v4,2.4,2.32,2.48,0.08,1.5,0.1,500,0.05,100,174,48,1668,217.88066113315583,2.3382186844184516,25,0.05,0.11432954080490809,-0.941841540812334,False,False,0.0,0.0,1.0,1.0,False,0.0,0.0,0.955705263157895,0.0,356
operational-sufficiency-v2,20260715,operational-envelope-v4,2.4,2.32,2.48,0.08,1.5,0.1,500,0.05,100,180,49,1668,251.14444558891194,2.3999235775711774,25,0.05,0.7628219739742094,-0.11757680508815554,False,True,0.72,0.05263157894736842,1.0,1.0,False,0.0,0.0,0.9957052631578948,0.0,356
operational-sufficiency-v2,20260715,operational-envelope-v4,2.4,2.32,2.48,0.08,1.5,0.1,500,0.05,100,182,50,2383,237.3205997602052,2.3753354372223794,25,0.05,0.2896778482728503,-0.5380847141186142,False,True,0.72,0.1,1.0,1.0,True,0.28,0.125,0.9850105263157896,0.0,356
operational-sufficiency-v2,20260715,operational-envelope-v4,2.4,2.32,2.48,0.08,1.5,0.1,500,0.05,100,186,51,1668,289.6464764340148,2.4618682496499495,25,0.05,0.2939285132382456,-0.5317582821091374,False,True,0.76,0.09523809523809523,1.0,1.0,False,0.0,0.0,0.9818105263157894,0.0,356
operational-sufficiency-v2,20260715,operational-envelope-v4,2.4,2.32,2.48,0.08,1.5,0.1,500,0.05,100,187,52,2026,269.2655909502447,2.4301808591106946,25,0.05,0.21951337203853055,-0.6585390188129395,False,True,0.88,0.08333333333333333,1.0,1.0,True,0.4,0.0,0.9891368421052631,0.0,356
operational-sufficiency-v2,20260715,operational-envelope-v4,2.4,2.32,2.48,0.08,1.5,0.1,500,0.05,100,188,53,2383,249.7012321788916,2.397420685431736,25,0.05,0.1609512371266352,-0.793305680828593,False,False,0.0,0.0,1.0,1.0,False,0.0,0.0,0.9845894736842105,0.0,356
operational-sufficiency-v2,20260715,operational-envelope-v4,2.4,2.32,2.48,0.08,1.5,0.1,500,0.05,100,192,54,1668,246.88853865658743,2.3925009290824573,25,0.05,0.407698938354581,-0.38966041944641455,False,False,0.0,0.0,1.0,1.0,False,0.0,0.0,0.9792000000000001,0.0,356
operational-sufficiency-v2,20260715,operational-envelope-v4,2.4,2.32,2.48,0.08,1.5,0.1,500,0.05,100,194,55,2383,235.31528637917714,2.3716501404122647,25,0.05,0.4969954113148647,-0.30364762102488363,False,True,0.84,0.125,1.0,1.0,False,0.0,0.0,0.9750736842105263,0.0,356
operational-sufficiency-v2,20260715,operational-envelope-v4,2.4,2.32,2.48,0.08,1.5,0.1,500,0.05,100,196,56,3217,297.68143542762226,2.4737517511978115,25,0.05,0.12101546132879555,-0.9171591392636316,False,True,0.88,0.043478260869565216,1.0,1.0,True,0.56,0.06666666666666667,0.9889684210526315,0.0,356
operational-sufficiency-v2,20260715,operational-envelope-v4,2.4,2.32,2.48,0.08,1.5,0.1,500,0.05,100,204,57,1668,291.9362635161443,2.4652880451996073,25,0.05,0.6672828863294958,-0.17569001326997283,False,True,0.8,0.09090909090909091,1.0,1.0,False,0.0,0.0,0.9935999999999998,0.0,356
operational-sufficiency-v2,20260715,operational-envelope-v4,2.4,2.32,2.48,0.08,1.5,0.1,500,0.05,100,205,58,2026,214.2121958452342,2.3308441930948467,25,0.05,0.15164011578964812,-0.8191858926260697,False,True,0.76,0.09523809523809523,1.0,1.0,True,0.44,0.08333333333333333,0.9941052631578948,0.0,356
operational-sufficiency-v2,20260715,operational-envelope-v4,2.4,2.32,2.48,0.08,1.5,0.1,500,0.05,100,206,59,2383,299.76762396154055,2.4767847255965574,25,0.05,0.3553517834792486,-0.44934150053039695,False,True,0.84,0.08695652173913043,1.0,1.0,False,0.0,0.0,0.9856842105263158,0.0,356
operational-sufficiency-v2,20260715,operational-envelope-v4,2.4,2.32,2.48,0.08,1.5,0.1,500,0.05,100,210,60,1668,259.3891601150363,2.413951822940851,25,0.05,0.22122254789801915,-0.6551706100588884,False,True,0.84,0.08695652173913043,1.0,1.0,True,0.56,0.06666666666666667,0.9936842105263157,0.0,356
operational-sufficiency-v2,20260715,operational-envelope-v4,2.4,2.32,2.48,0.08,1.5,0.1,500,0.05,100,212,61,2383,301.60642237143014,2.4794405851114507,25,0.05,0.23946820028064167,-0.6207521497215198,False,True,0.88,0.18518518518518517,1.0,1.0,True,0.48,0.2,0.986863157894737,0.0,356
operational-sufficiency-v2,20260715,operational-envelope-v4,2.4,2.32,2.48,0.08,1.5,0.1,500,0.05,100,219,62,2741,280.2428074327479,2.4475344750320294,25,0.05,0.16623818824556652,-0.7792692029392119,False,False,0.0,0.0,1.0,1.0,True,0.48,0.07692307692307693,0.973221052631579,0.0,356
operational-sufficiency-v2,20260715,operational-envelope-v4,2.4,2.32,2.48,0.08,1.5,0.1,500,0.05,100,222,63,1668,276.683657948905,2.4419835087173674,25,0.05,0.330520949646996,-0.4808010081065118,False,True,0.68,0.22727272727272727,1.0,1.0,False,0.0,0.0,0.9802105263157895,0.0,356
operational-sufficiency-v2,20260715,operational-envelope-v4,2.4,2.32,2.48,0.08,1.5,0.1,500,0.05,100,225,64,2741,215.55440059837824,2.3335568935136566,25,0.05,0.32086489459194817,-0.49367779589607763,False,True,0.88,0.0,1.0,1.0,True,0.08,0.0,0.9891368421052633,0.0,356
operational-sufficiency-v2,20260715,operational-envelope-v4,2.4,2.32,2.48,0.08,1.5,0.1,500,0.05,100,234,65,1668,212.42757904037825,2.3272108996387932,25,0.05,0.21102543646635474,-0.6756651928010435,False,True,0.84,0.08695652173913043,1.0,1.0,True,0.2,0.16666666666666666,0.980378947368421,0.0,356
operational-sufficiency-v2,20260715,operational-envelope-v4,2.4,2.32,2.48,0.08,1.5,0.1,500,0.05,100,235,66,2026,286.53924713312665,2.4571841154691487,25,0.05,0.20998080773365832,-0.6778203980102239,False,False,0.0,0.0,1.0,1.0,False,0.0,0.0,0.983157894736842,0.0,356
operational-sufficiency-v2,20260715,operational-envelope-v4,2.4,2.32,2.48,0.08,1.5,0.1,500,0.05,100,237,67,2741,272.20100778483885,2.4348897287827613,25,0.05,0.4172910786028687,-0.37956090010727495,False,True,0.92,0.11538461538461539,1.0,1.0,True,0.72,0.14285714285714285,0.9887157894736842,0.0,356
operational-sufficiency-v2,20260715,operational-envelope-v4,2.4,2.32,2.48,0.08,1.5,0.1,500,0.05,100,240,68,1668,217.10203819632952,2.3366639007149628,25,0.05,0.37728835315578635,-0.4233266012083476,False,True,0.8,0.16666666666666666,1.0,1.0,False,0.0,0.0,0.9928421052631579,0.0,356
operational-sufficiency-v2,20260715,operational-envelope-v4,2.4,2.32,2.48,0.08,1.5,0.1,500,0.05,100,241,69,2026,280.83955242114786,2.4484582722205612,25,0.05,0.4698269557562259,-0.3280620697202945,False,True,0.8,0.2857142857142857,1.0,1.0,False,0.0,0.0,0.9904842105263156,0.0,356
operational-sufficiency-v2,20260715,operational-envelope-v4,2.4,2.32,2.48,0.08,1.5,0.1,500,0.05,100,244,70,3217,298.69383339117843,2.4752262565785896,25,0.05,0.15268324439446276,-0.8162086202212235,False,True,0.88,0.0,1.0,1.0,True,0.44,0.0,0.9982315789473685,0.0,356
operational-sufficiency-v2,20260715,operational-envelope-v4,2.4,2.32,2.48,0.08,1.5,0.1,500,0.05,100,247,71,2026,240.495449339372,2.3811068630570533,25,0.05,0.1342486621407658,-0.8720900335820609,False,True,0.92,0.08,1.0,1.0,True,0.48,0.14285714285714285,0.9690105263157893,0.0,356
operational-sufficiency-v2,20260715,operational-envelope-v4,2.4,2.32,2.48,0.08,1.5,0.1,500,0.05,100,252,72,1668,246.83426413743092,2.3924054458512223,25,0.05,0.4381445403566075,-0.3583825956055319,False,True,0.68,0.15,1.0,1.0,True,0.24,0.3333333333333333,0.990821052631579,0.0,356
operational-sufficiency-v2,20260715,operational-envelope-v4,2.4,2.32,2.48,0.08,1.5,0.1,500,0.05,100,256,73,3217,286.0606259073708,2.456458084551349,25,0.05,0.06651015383363748,-1.1771120476699446,False,True,0.88,0.08333333333333333,1.0,1.0,True,0.76,0.05,0.9846736842105263,0.0,356
operational-sufficiency-v2,20260715,operational-envelope-v4,2.4,2.32,2.48,0.08,1.5,0.1,500,0.05,100,258,74,1668,216.94246904783418,2.3363445786056447,25,0.05,0.2284877009604522,-0.6411371721751566,False,False,0.0,0.0,1.0,1.0,True,0.36,0.0,0.9893052631578948,0.0,356
operational-sufficiency-v2,20260715,operational-envelope-v4,2.4,2.32,2.48,0.08,1.5,0.1,500,0.05,100,260,75,2383,272.6200107891978,2.4355577306489393,25,0.05,0.20748066893743256,-0.6830223604694331,False,True,0.72,0.1,1.0,1.0,True,0.32,0.2,0.9711157894736843,0.0,356
operational-sufficiency-v2,20260715,operational-envelope-v4,2.4,2.32,2.48,0.08,1.5,0.1,500,0.05,100,266,76,2383,293.55503640164795,2.4676895357873705,25,0.05,0.10050407836340226,-0.9978163146138082,False,True,0.88,0.043478260869565216,1.0,1.0,False,0.0,0.0,0.9734736842105264,0.0,356
operational-sufficiency-v2,20260715,operational-envelope-v4,2.4,2.32,2.48,0.08,1.5,0.1,500,0.05,100,271,77,2026,245.7371760780554,2.3904708632128027,25,0.05,0.13967380598848358,-0.8548850325493577,False,False,0.0,0.0,1.0,1.0,False,0.0,0.0,0.996042105263158,0.0,356
operational-sufficiency-v2,20260715,operational-envelope-v4,2.4,2.32,2.48,0.08,1.5,0.1,500,0.05,100,272,78,2383,276.69724090593684,2.442004828583305,25,0.05,0.7413899754132395,-0.12995329051059154,False,True,0.88,0.12,1.0,1.0,True,0.24,0.14285714285714285,0.9885473684210527,0.0,356
operational-sufficiency-v2,20260715,operational-envelope-v4,2.4,2.32,2.48,0.08,1.5,0.1,500,0.05,100,277,79,2026,272.01914375986155,2.434599469242683,25,0.05,0.4111724475859372,-0.3859759948452081,False,True,0.72,0.14285714285714285,1.0,1.0,True,0.36,0.18181818181818182,0.9756631578947368,0.0,356
operational-sufficiency-v2,20260715,operational-envelope-v4,2.4,2.32,2.48,0.08,1.5,0.1,500,0.05,100,282,80,1668,223.7905251440824,2.349841695397208,25,0.05,0.5899220013609734,-0.2292054063541903,False,False,0.0,0.0,1.0,1.0,False,0.0,0.0,0.9517473684210526,0.0,356
operational-sufficiency-v2,20260715,operational-envelope-v4,2.4,2.32,2.48,0.08,1.5,0.1,500,0.05,100,288,81,1668,250.63318388644285,2.3990385711460807,25,0.05,0.14574636703137353,-0.8364022619404172,False,True,0.84,0.08695652173913043,1.0,1.0,True,0.04,0.0,0.9793684210526317,0.0,356
operational-sufficiency-v2,20260715,operational-envelope-v4,2.4,2.32,2.48,0.08,1.5,0.1,500,0.05,100,289,82,2026,276.0179420130606,2.440937313456541,25,0.05,0.4134761945641972,-0.3835494894174046,False,True,0.76,0.05,1.0,1.0,True,0.36,0.0,0.9898105263157895,0.0,356
operational-sufficiency-v2,20260715,operational-envelope-v4,2.4,2.32,2.48,0.08,1.5,0.1,500,0.05,100,292,83,3217,296.12804543958043,2.4714795401244176,25,0.05,0.13786147144541852,-0.8605570904347863,False,False,0.0,0.0,1.0,1.0,False,0.0,0.0,0.989978947368421,0.0,356
operational-sufficiency-v2,20260715,operational-envelope-v4,2.4,2.32,2.48,0.08,1.5,0.1,500,0.05,100,295,84,2026,221.50323643156221,2.3453800761757924,25,0.05,0.23845056443919985,-0.6226016452052043,False,True,0.88,0.0,1.0,1.0,True,0.32,0.0,0.9850105263157894,0.0,356
operational-sufficiency-v2,20260715,operational-envelope-v4,2.4,2.32,2.48,0.08,1.5,0.1,500,0.05,100,296,85,2383,224.95822479551734,2.35210187622134,25,0.05,0.26591680515789096,-0.5752542156706277,False,False,0.0,0.0,1.0,1.0,False,0.0,0.0,0.9850105263157894,0.0,356
operational-sufficiency-v2,20260715,operational-envelope-v4,2.4,2.32,2.48,0.08,1.5,0.1,500,0.05,100,300,86,1668,261.21098227444054,2.4169914323309163,25,0.05,0.5120588746701147,-0.29068010255075877,False,True,0.72,0.14285714285714285,1.0,1.0,False,0.0,0.0,0.983578947368421,0.0,356
operational-sufficiency-v2,20260715,operational-envelope-v4,2.4,2.32,2.48,0.08,1.5,0.1,500,0.05,100,301,87,2026,217.06072962116107,2.3365812585004067,25,0.05,0.438565346670452,-0.35796568716913457,False,True,0.72,0.1,1.0,1.0,True,0.16,0.3333333333333333,0.990821052631579,0.0,356
operational-sufficiency-v2,20260715,operational-envelope-v4,2.4,2.32,2.48,0.08,1.5,0.1,500,0.05,100,304,88,3217,286.35687208779444,2.456907609918342,25,0.05,0.14264692612992527,-0.845737582430984,False,True,0.84,0.2222222222222222,1.0,1.0,True,0.52,0.3157894736842105,0.9824842105263157,0.0,356
operational-sufficiency-v2,20260715,operational-envelope-v4,2.4,2.32,2.48,0.08,1.5,0.1,500,0.05,100,308,89,2383,249.04984111733918,2.396286269008033,25,0.05,0.5896219419312575,-0.22942636320470983,False,True,0.8,0.13043478260869565,1.0,1.0,True,0.52,0.13333333333333333,0.9882947368421052,0.0,356
operational-sufficiency-v2,20260715,operational-envelope-v4,2.4,2.32,2.48,0.08,1.5,0.1,500,0.05,100,310,90,3217,277.3458246581946,2.443021632116583,25,0.05,0.10270798854329345,-0.9883957760196204,False,True,0.84,0.0,1.0,1.0,True,0.24,0.0,0.9910736842105262,0.0,356
operational-sufficiency-v2,20260715,operational-envelope-v4,2.4,2.32,2.48,0.08,1.5,0.1,500,0.05,100,312,91,1668,221.12873730990938,2.344645186016614,25,0.05,0.3678465431965371,-0.43433332084405374,False,True,0.76,0.20833333333333334,1.0,1.0,False,0.0,0.0,0.9821473684210525,0.0,356
operational-sufficiency-v2,20260715,operational-envelope-v4,2.4,2.32,2.48,0.08,1.5,0.1,500,0.05,100,314,92,2383,286.2885688128195,2.4568040074675426,25,0.05,0.13664674795746395,-0.8644006995800604,False,True,0.76,0.17391304347826086,1.0,1.0,True,0.36,0.18181818181818182,0.9875368421052633,0.0,356
operational-sufficiency-v2,20260715,operational-envelope-v4,2.4,2.32,2.48,0.08,1.5,0.1,500,0.05,100,335,93,3813,281.7967450822414,2.4499359724462066,25,0.05,0.05824419584120287,-1.234747346520498,False,True,1.0,0.07407407407407407,1.0,1.0,True,0.68,0.10526315789473684,0.9786105263157894,0.0,356
operational-sufficiency-v2,20260715,operational-envelope-v4,2.4,2.32,2.48,0.08,1.5,0.1,500,0.05,100,337,94,2026,253.15377823224938,2.4033844134655915,25,0.05,0.08004148056031829,-1.096684886637158,False,True,0.8,0.0,1.0,1.0,True,0.48,0.0,0.9880421052631577,0.0,356
operational-sufficiency-v2,20260715,operational-envelope-v4,2.4,2.32,2.48,0.08,1.5,0.1,500,0.05,100,343,95,2026,213.00255060172762,2.3283848039346235,25,0.05,0.4725055880125357,-0.3255930510094089,False,False,0.0,0.0,1.0,1.0,False,0.0,0.0,0.9907368421052632,0.0,356
operational-sufficiency-v2,20260715,operational-envelope-v4,2.4,2.32,2.48,0.08,1.5,0.1,500,0.05,100,345,96,2741,299.76810298740156,2.4767854195945254,25,0.05,0.21563467853505344,-0.666281394295536,False,True,0.88,0.043478260869565216,1.0,1.0,False,0.0,0.0,0.976421052631579,0.0,356
operational-sufficiency-v2,20260715,operational-envelope-v4,2.4,2.32,2.48,0.08,1.5,0.1,500,0.05,100,348,97,1668,250.98095677649334,2.399640770562168,25,0.05,0.25387338352476757,-0.5953828288397555,False,True,0.84,0.0,1.0,1.0,False,0.0,0.0,0.9962105263157894,0.0,356
operational-sufficiency-v2,20260715,operational-envelope-v4,2.4,2.32,2.48,0.08,1.5,0.1,500,0.05,100,353,98,3813,270.9549873345002,2.432897149265807,25,0.05,0.1626195610811676,-0.788827215453797,False,True,0.88,0.043478260869565216,1.0,1.0,True,0.6,0.0625,0.9942736842105262,0.0,356
operational-sufficiency-v2,20260715,operational-envelope-v4,2.4,2.32,2.48,0.08,1.5,0.1,500,0.05,100,355,99,2026,228.73955740108204,2.35934127643638,25,0.05,0.29584624402046,-0.5289339400308529,False,True,0.64,0.058823529411764705,1.0,1.0,True,0.44,0.08333333333333333,0.9962947368421052,0.0,356
operational-sufficiency-v2,20260715,operational-envelope-v4,2.7,2.62,2.7800000000000002,0.08,0.0,0.1,500,0.05,100,1,0,426,426.0,2.629409599102719,25,0.05,0.46838407494145196,-0.3293978793610427,False,True,1.0,0.07407407407407407,1.0,1.0,True,0.68,0.10526315789473684,0.9795368421052632,0.0,200
operational-sufficiency-v2,20260715,operational-envelope-v4,2.7,2.62,2.7800000000000002,0.08,0.0,0.1,500,0.05,100,2,1,501,501.0,2.699837725867246,25,0.05,0.398406374501992,-0.39967372148103814,False,True,1.0,0.038461538461538464,1.0,1.0,True,0.6,0.0,0.961178947368421,0.0,200
operational-sufficiency-v2,20260715,operational-envelope-v4,2.7,2.62,2.7800000000000002,0.08,0.0,0.1,500,0.05,100,3,2,576,576.0,2.760422483423212,25,0.05,0.34662045060658575,-0.46014581749175026,False,True,1.0,0.10714285714285714,1.0,1.0,True,0.48,0.07692307692307693,0.9794526315789475,0.0,200
operational-sufficiency-v2,20260715,operational-envelope-v4,2.7,2.62,2.7800000000000002,0.08,0.0,0.1,500,0.05,100,7,3,426,426.0,2.629409599102719,25,0.05,0.46838407494145196,-0.3293978793610427,False,True,1.0,0.07407407407407407,1.0,1.0,False,0.0,0.0,0.9821473684210527,0.0,200
operational-sufficiency-v2,20260715,operational-envelope-v4,2.7,2.62,2.7800000000000002,0.08,0.0,0.1,500,0.05,100,8,4,501,501.0,2.699837725867246,25,0.05,0.398406374501992,-0.39967372148103814,False,True,1.0,0.07407407407407407,1.0,1.0,True,0.72,0.1,0.9863578947368421,0.0,200
operational-sufficiency-v2,20260715,operational-envelope-v4,2.7,2.62,2.7800000000000002,0.08,0.0,0.1,500,0.05,100,9,5,576,576.0,2.760422483423212,25,0.05,0.34662045060658575,-0.46014581749175026,False,True,1.0,0.038461538461538464,1.0,1.0,True,0.32,0.1111111111111111,0.9794526315789472,0.0,200
operational-sufficiency-v2,20260715,operational-envelope-v4,2.7,2.62,2.7800000000000002,0.08,0.0,0.1,500,0.05,100,13,6,426,426.0,2.629409599102719,25,0.05,0.46838407494145196,-0.3293978793610427,False,True,1.0,0.10714285714285714,1.0,1.0,True,0.56,0.17647058823529413,0.9881263157894736,0.0,200
operational-sufficiency-v2,20260715,operational-envelope-v4,2.7,2.62,2.7800000000000002,0.08,0.0,0.1,500,0.05,100,14,7,501,501.0,2.699837725867246,25,0.05,0.398406374501992,-0.39967372148103814,False,True,1.0,0.07407407407407407,1.0,1.0,False,0.0,0.0,0.9692631578947367,0.0,200
operational-sufficiency-v2,20260715,operational-envelope-v4,2.7,2.62,2.7800000000000002,0.08,0.0,0.1,500,0.05,100,15,8,576,576.0,2.760422483423212,25,0.05,0.34662045060658575,-0.46014581749175026,False,True,1.0,0.038461538461538464,1.0,1.0,False,0.0,0.0,0.980378947368421,0.0,200
operational-sufficiency-v2,20260715,operational-envelope-v4,2.7,2.62,2.7800000000000002,0.08,0.0,0.1,500,0.05,100,19,9,426,426.0,2.629409599102719,25,0.05,0.46838407494145196,-0.3293978793610427,False,True,1.0,0.0,1.0,1.0,False,0.0,0.0,0.9849263157894736,0.0,200
operational-sufficiency-v2,20260715,operational-envelope-v4,2.7,2.62,2.7800000000000002,0.08,0.0,0.1,500,0.05,100,20,10,501,501.0,2.699837725867246,25,0.05,0.398406374501992,-0.39967372148103814,False,True,1.0,0.0,1.0,1.0,True,0.4,0.0,0.9735578947368421,0.0,200
operational-sufficiency-v2,20260715,operational-envelope-v4,2.7,2.62,2.7800000000000002,0.08,0.0,0.1,500,0.05,100,21,11,576,576.0,2.760422483423212,25,0.05,0.34662045060658575,-0.46014581749175026,False,True,1.0,0.038461538461538464,1.0,1.0,False,0.0,0.0,0.9888842105263158,0.0,200
operational-sufficiency-v2,20260715,operational-envelope-v4,2.7,2.62,2.7800000000000002,0.08,0.0,0.1,500,0.05,100,25,12,426,426.0,2.629409599102719,25,0.05,0.46838407494145196,-0.3293978793610427,False,True,1.0,0.0,1.0,1.0,False,0.0,0.0,0.9669894736842106,0.0,200
operational-sufficiency-v2,20260715,operational-envelope-v4,2.7,2.62,2.7800000000000002,0.08,0.0,0.1,500,0.05,100,26,13,501,501.0,2.699837725867246,25,0.05,0.398406374501992,-0.39967372148103814,False,True,1.0,0.07407407407407407,1.0,1.0,True,0.52,0.0,0.9867789473684211,0.0,200
operational-sufficiency-v2,20260715,operational-envelope-v4,2.7,2.62,2.7800000000000002,0.08,0.0,0.1,500,0.05,100,27,14,576,576.0,2.760422483423212,25,0.05,0.34662045060658575,-0.46014581749175026,False,True,1.0,0.13793103448275862,1.0,1.0,True,0.64,0.2,0.9779368421052631,0.0,200
operational-sufficiency-v2,20260715,operational-envelope-v4,2.7,2.62,2.7800000000000002,0.08,0.0,0.1,500,0.05,100,31,15,426,426.0,2.629409599102719,25,0.05,0.46838407494145196,-0.3293978793610427,False,True,1.0,0.07407407407407407,1.0,1.0,True,0.6,0.11764705882352941,0.9933473684210525,0.0,200
operational-sufficiency-v2,20260715,operational-envelope-v4,2.7,2.62,2.7800000000000002,0.08,0.0,0.1,500,0.05,100,32,16,501,501.0,2.699837725867246,25,0.05,0.398406374501992,-0.39967372148103814,False,True,1.0,0.1935483870967742,1.0,1.0,True,0.88,0.18518518518518517,0.9955368421052632,0.0,200
operational-sufficiency-v2,20260715,operational-envelope-v4,2.7,2.62,2.7800000000000002,0.08,0.0,0.1,500,0.05,100,33,17,576,576.0,2.760422483423212,25,0.05,0.34662045060658575,-0.46014581749175026,False,True,1.0,0.0,1.0,1.0,False,0.0,0.0,0.9920842105263158,0.0,200
operational-sufficiency-v2,20260715,operational-envelope-v4,2.7,2.62,2.7800000000000002,0.08,0.0,0.1,500,0.05,100,37,18,426,426.0,2.629409599102719,25,0.05,0.46838407494145196,-0.3293978793610427,False,True,1.0,0.1935483870967742,1.0,1.0,True,0.76,0.24,0.966821052631579,0.0,200
operational-sufficiency-v2,20260715,operational-envelope-v4,2.7,2.62,2.7800000000000002,0.08,0.0,0.1,500,0.05,100,38,19,501,501.0,2.699837725867246,25,0.05,0.398406374501992,-0.39967372148103814,False,True,1.0,0.10714285714285714,1.0,1.0,True,0.56,0.06666666666666667,0.9774315789473682,0.0,200
operational-sufficiency-v2,20260715,operational-envelope-v4,2.7,2.62,2.7800000000000002,0.08,0.0,0.1,500,0.05,100,39,20,576,576.0,2.760422483423212,25,0.05,0.34662045060658575,-0.46014581749175026,False,True,1.0,0.10714285714285714,1.0,1.0,False,0.0,0.0,0.9773473684210525,0.0,200
operational-sufficiency-v2,20260715,operational-envelope-v4,2.7,2.62,2.7800000000000002,0.08,0.0,0.1,500,0.05,100,43,21,426,426.0,2.629409599102719,25,0.05,0.46838407494145196,-0.3293978793610427,False,True,1.0,0.038461538461538464,1.0,1.0,True,0.6,0.0,0.9877052631578949,0.0,200
operational-sufficiency-v2,20260715,operational-envelope-v4,2.7,2.62,2.7800000000000002,0.08,0.0,0.1,500,0.05,100,44,22,501,501.0,2.699837725867246,25,0.05,0.398406374501992,-0.39967372148103814,False,True,1.0,0.16666666666666666,1.0,1.0,True,0.44,0.0,0.9950315789473685,0.0,200
operational-sufficiency-v2,20260715,operational-envelope-v4,2.7,2.62,2.7800000000000002,0.08,0.0,0.1,500,0.05,100,45,23,576,576.0,2.760422483423212,25,0.05,0.34662045060658575,-0.46014581749175026,False,True,1.0,0.07407407407407407,1.0,1.0,True,0.76,0.05,0.9968,0.0,200
operational-sufficiency-v2,20260715,operational-envelope-v4,2.7,2.62,2.7800000000000002,0.08,0.0,0.1,500,0.05,100,49,24,426,426.0,2.629409599102719,25,0.05,0.46838407494145196,-0.3293978793610427,False,True,1.0,0.038461538461538464,1.0,1.0,True,0.48,0.0,0.994778947368421,0.0,200
operational-sufficiency-v2,20260715,operational-envelope-v4,2.7,2.62,2.7800000000000002,0.08,0.0,0.1,500,0.05,100,50,25,501,501.0,2.699837725867246,25,0.05,0.398406374501992,-0.39967372148103814,False,True,1.0,0.16666666666666666,1.0,1.0,True,0.68,0.19047619047619047,0.984421052631579,0.0,200
operational-sufficiency-v2,20260715,operational-envelope-v4,2.7,2.62,2.7800000000000002,0.08,0.0,0.1,500,0.05,100,51,26,576,576.0,2.760422483423212,25,0.05,0.34662045060658575,-0.46014581749175026,False,True,1.0,0.13793103448275862,1.0,1.0,True,0.56,0.2222222222222222,0.9913263157894737,0.0,200
operational-sufficiency-v2,20260715,operational-envelope-v4,2.7,2.62,2.7800000000000002,0.08,0.0,0.1,500,0.05,100,55,27,426,426.0,2.629409599102719,25,0.05,0.46838407494145196,-0.3293978793610427,False,True,1.0,0.038461538461538464,1.0,1.0,True,0.52,0.07142857142857142,0.9887157894736842,0.0,200
operational-sufficiency-v2,20260715,operational-envelope-v4,2.7,2.62,2.7800000000000002,0.08,0.0,0.1,500,0.05,100,56,28,501,501.0,2.699837725867246,25,0.05,0.398406374501992,-0.39967372148103814,False,True,1.0,0.1935483870967742,1.0,1.0,True,0.8,0.2,0.9860210526315791,0.0,200
operational-sufficiency-v2,20260715,operational-envelope-v4,2.7,2.62,2.7800000000000002,0.08,0.0,0.1,500,0.05,100,57,29,576,576.0,2.760422483423212,25,0.05,0.34662045060658575,-0.46014581749175026,False,True,1.0,0.40476190476190477,1.0,1.0,True,0.72,0.4857142857142857,0.9692631578947367,0.0,200
operational-sufficiency-v2,20260715,operational-envelope-v4,2.7,2.62,2.7800000000000002,0.08,0.0,0.1,500,0.05,100,61,30,426,426.0,2.629409599102719,25,0.05,0.46838407494145196,-0.3293978793610427,False,True,1.0,0.10714285714285714,1.0,1.0,True,0.56,0.125,0.9788631578947369,0.0,200
operational-sufficiency-v2,20260715,operational-envelope-v4,2.7,2.62,2.7800000000000002,0.08,0.0,0.1,500,0.05,100,62,31,501,501.0,2.699837725867246,25,0.05,0.398406374501992,-0.39967372148103814,False,True,1.0,0.16666666666666666,1.0,1.0,True,0.4,0.16666666666666666,0.9667368421052632,0.0,200
operational-sufficiency-v2,20260715,operational-envelope-v4,2.7,2.62,2.7800000000000002,0.08,0.0,0.1,500,0.05,100,63,32,576,576.0,2.760422483423212,25,0.05,0.34662045060658575,-0.46014581749175026,False,True,1.0,0.0,1.0,1.0,True,0.36,0.0,0.9923368421052632,0.0,200
operational-sufficiency-v2,20260715,operational-envelope-v4,2.7,2.62,2.7800000000000002,0.08,0.0,0.1,500,0.05,100,67,33,426,426.0,2.629409599102719,25,0.05,0.46838407494145196,-0.3293978793610427,False,True,1.0,0.0,1.0,1.0,True,0.68,0.0,0.9687578947368423,0.0,200
operational-sufficiency-v2,20260715,operational-envelope-v4,2.7,2.62,2.7800000000000002,0.08,0.0,0.1,500,0.05,100,68,34,501,501.0,2.699837725867246,25,0.05,0.398406374501992,-0.39967372148103814,False,True,1.0,0.07407407407407407,1.0,1.0,True,0.64,0.058823529411764705,0.9834947368421054,0.0,200
operational-sufficiency-v2,20260715,operational-envelope-v4,2.7,2.62,2.7800000000000002,0.08,0.0,0.1,500,0.05,100,69,35,576,576.0,2.760422483423212,25,0.05,0.34662045060658575,-0.46014581749175026,False,True,1.0,0.038461538461538464,1.0,1.0,True,0.48,0.0,0.9884631578947369,0.0,200
operational-sufficiency-v2,20260715,operational-envelope-v4,2.7,2.62,2.7800000000000002,0.08,0.0,0.1,500,0.05,100,73,36,426,426.0,2.629409599102719,25,0.05,0.46838407494145196,-0.3293978793610427,False,True,1.0,0.1935483870967742,1.0,1.0,True,0.72,0.25,0.9897263157894736,0.0,200
operational-sufficiency-v2,20260715,operational-envelope-v4,2.7,2.62,2.7800000000000002,0.08,0.0,0.1,500,0.05,100,74,37,501,501.0,2.699837725867246,25,0.05,0.398406374501992,-0.39967372148103814,False,True,1.0,0.21875,1.0,1.0,True,0.76,0.20833333333333334,0.9793684210526316,0.0,200
operational-sufficiency-v2,20260715,operational-envelope-v4,2.7,2.62,2.7800000000000002,0.08,0.0,0.1,500,0.05,100,75,38,576,576.0,2.760422483423212,25,0.05,0.34662045060658575,-0.46014581749175026,False,True,1.0,0.07407407407407407,1.0,1.0,True,0.64,0.0,0.9603368421052633,0.0,200
operational-sufficiency-v2,20260715,operational-envelope-v4,2.7,2.62,2.7800000000000002,0.08,0.0,0.1,500,0.05,100,79,39,426,426.0,2.629409599102719,25,0.05,0.46838407494145196,-0.3293978793610427,False,True,1.0,0.0,1.0,1.0,False,0.0,0.0,0.992421052631579,0.0,200
operational-sufficiency-v2,20260715,operational-envelope-v4,2.7,2.62,2.7800000000000002,0.08,0.0,0.1,500,0.05,100,80,40,501,501.0,2.699837725867246,25,0.05,0.398406374501992,-0.39967372148103814,False,True,1.0,0.0,1.0,1.0,True,0.4,0.0,0.9858526315789474,0.0,200
operational-sufficiency-v2,20260715,operational-envelope-v4,2.7,2.62,2.7800000000000002,0.08,0.0,0.1,500,0.05,100,81,41,576,576.0,2.760422483423212,25,0.05,0.34662045060658575,-0.46014581749175026,False,True,1.0,0.038461538461538464,1.0,1.0,False,0.0,0.0,0.9930947368421053,0.0,200
operational-sufficiency-v2,20260715,operational-envelope-v4,2.7,2.62,2.7800000000000002,0.08,0.0,0.1,500,0.05,100,85,42,426,426.0,2.629409599102719,25,0.05,0.46838407494145196,-0.3293978793610427,False,True,1.0,0.10714285714285714,1.0,1.0,True,0.64,0.1111111111111111,0.9818105263157895,0.0,200
operational-sufficiency-v2,20260715,operational-envelope-v4,2.7,2.62,2.7800000000000002,0.08,0.0,0.1,500,0.05,100,86,43,501,501.0,2.699837725867246,25,0.05,0.398406374501992,-0.39967372148103814,False,True,1.0,0.07407407407407407,1.0,1.0,False,0.0,0.0,0.9839157894736843,0.0,200
operational-sufficiency-v2,20260715,operational-envelope-v4,2.7,2.62,2.7800000000000002,0.08,0.0,0.1,500,0.05,100,87,44,576,576.0,2.760422483423212,25,0.05,0.34662045060658575,-0.46014581749175026,False,True,1.0,0.038461538461538464,1.0,1.0,True,0.52,0.07142857142857142,0.9690947368421052,0.0,200
operational-sufficiency-v2,20260715,operational-envelope-v4,2.7,2.62,2.7800000000000002,0.08,0.0,0.1,500,0.05,100,91,45,426,426.0,2.629409599102719,25,0.05,0.46838407494145196,-0.3293978793610427,False,True,1.0,0.038461538461538464,1.0,1.0,True,0.6,0.0625,0.9749052631578948,0.0,200
operational-sufficiency-v2,20260715,operational-envelope-v4,2.7,2.62,2.7800000000000002,0.08,0.0,0.1,500,0.05,100,92,46,501,501.0,2.699837725867246,25,0.05,0.398406374501992,-0.39967372148103814,False,True,1.0,0.16666666666666666,1.0,1.0,True,0.6,0.25,0.9856842105263159,0.0,200
operational-sufficiency-v2,20260715,operational-envelope-v4,2.7,2.62,2.7800000000000002,0.08,0.0,0.1,500,0.05,100,93,47,576,576.0,2.760422483423212,25,0.05,0.34662045060658575,-0.46014581749175026,False,True,1.0,0.07407407407407407,1.0,1.0,True,0.64,0.0,0.9813894736842105,0.0,200
operational-sufficiency-v2,20260715,operational-envelope-v4,2.7,2.62,2.7800000000000002,0.08,0.0,0.1,500,0.05,100,97,48,426,426.0,2.629409599102719,25,0.05,0.46838407494145196,-0.3293978793610427,False,True,1.0,0.038461538461538464,1.0,1.0,True,0.56,0.06666666666666667,0.9760842105263157,0.0,200
operational-sufficiency-v2,20260715,operational-envelope-v4,2.7,2.62,2.7800000000000002,0.08,0.0,0.1,500,0.05,100,98,49,501,501.0,2.699837725867246,25,0.05,0.398406374501992,-0.39967372148103814,False,True,1.0,0.038461538461538464,1.0,1.0,True,0.72,0.05263157894736842,0.9912421052631578,0.0,200
operational-sufficiency-v2,20260715,operational-envelope-v4,2.7,2.62,2.7800000000000002,0.08,0.0,0.1,500,0.05,100,99,50,576,576.0,2.760422483423212,25,0.05,0.34662045060658575,-0.46014581749175026,False,True,1.0,0.0,1.0,1.0,True,0.64,0.0,0.9753263157894736,0.0,200
operational-sufficiency-v2,20260715,operational-envelope-v4,2.7,2.62,2.7800000000000002,0.08,0.0,0.1,500,0.05,100,103,51,426,426.0,2.629409599102719,25,0.05,0.46838407494145196,-0.3293978793610427,False,True,1.0,0.07407407407407407,1.0,1.0,True,0.56,0.06666666666666667,0.9887157894736842,0.0,200
operational-sufficiency-v2,20260715,operational-envelope-v4,2.7,2.62,2.7800000000000002,0.08,0.0,0.1,500,0.05,100,104,52,501,501.0,2.699837725867246,25,0.05,0.398406374501992,-0.39967372148103814,False,True,1.0,0.16666666666666666,1.0,1.0,True,0.84,0.16,0.9760842105263159,0.0,200
operational-sufficiency-v2,20260715,operational-envelope-v4,2.7,2.62,2.7800000000000002,0.08,0.0,0.1,500,0.05,100,105,53,576,576.0,2.760422483423212,25,0.05,0.34662045060658575,-0.46014581749175026,False,True,1.0,0.16666666666666666,1.0,1.0,True,0.8,0.2,0.9790315789473685,0.0,200
operational-sufficiency-v2,20260715,operational-envelope-v4,2.7,2.62,2.7800000000000002,0.08,0.0,0.1,500,0.05,100,109,54,426,426.0,2.629409599102719,25,0.05,0.46838407494145196,-0.3293978793610427,False,True,1.0,0.0,1.0,1.0,True,0.48,0.0,0.9950315789473685,0.0,200
operational-sufficiency-v2,20260715,operational-envelope-v4,2.7,2.62,2.7800000000000002,0.08,0.0,0.1,500,0.05,100,110,55,501,501.0,2.699837725867246,25,0.05,0.398406374501992,-0.39967372148103814,False,True,1.0,0.0,1.0,1.0,True,0.56,0.0,0.9805473684210526,0.0,200
operational-sufficiency-v2,20260715,operational-envelope-v4,2.7,2.62,2.7800000000000002,0.08,0.0,0.1,500,0.05,100,111,56,576,576.0,2.760422483423212,25,0.05,0.34662045060658575,-0.46014581749175026,False,True,1.0,0.10714285714285714,1.0,1.0,False,0.0,0.0,0.9678315789473686,0.0,200
operational-sufficiency-v2,20260715,operational-envelope-v4,2.7,2.62,2.7800000000000002,0.08,0.0,0.1,500,0.05,100,115,57,426,426.0,2.629409599102719,25,0.05,0.46838407494145196,-0.3293978793610427,False,True,1.0,0.07407407407407407,1.0,1.0,True,0.64,0.0,0.9906526315789473,0.0,200
operational-sufficiency-v2,20260715,operational-envelope-v4,2.7,2.62,2.7800000000000002,0.08,0.0,0.1,500,0.05,100,116,58,501,501.0,2.699837725867246,25,0.05,0.398406374501992,-0.39967372148103814,False,True,1.0,0.16666666666666666,1.0,1.0,True,0.48,0.07692307692307693,0.9852631578947368,0.0,200
operational-sufficiency-v2,20260715,operational-envelope-v4,2.7,2.62,2.7800000000000002,0.08,0.0,0.1,500,0.05,100,117,59,576,576.0,2.760422483423212,25,0.05,0.34662045060658575,-0.46014581749175026,False,True,1.0,0.0,1.0,1.0,True,0.4,0.0,0.9902315789473684,0.0,200
operational-sufficiency-v2,20260715,operational-envelope-v4,2.7,2.62,2.7800000000000002,0.08,0.0,0.1,500,0.05,100,121,60,426,426.0,2.629409599102719,25,0.05,0.46838407494145196,-0.3293978793610427,False,True,1.0,0.0,1.0,1.0,True,0.8,0.0,0.9823157894736841,0.0,200
operational-sufficiency-v2,20260715,operational-envelope-v4,2.7,2.62,2.7800000000000002,0.08,0.0,0.1,500,0.05,100,122,61,501,501.0,2.699837725867246,25,0.05,0.398406374501992,-0.39967372148103814,False,True,1.0,0.038461538461538464,1.0,1.0,False,0.0,0.0,0.9548631578947367,0.0,200
operational-sufficiency-v2,20260715,operational-envelope-v4,2.7,2.62,2.7800000000000002,0.08,0.0,0.1,500,0.05,100,123,62,576,576.0,2.760422483423212,25,0.05,0.34662045060658575,-0.46014581749175026,False,True,1.0,0.038461538461538464,1.0,1.0,True,0.4,0.0,0.9970526315789473,0.0,200
operational-sufficiency-v2,20260715,operational-envelope-v4,2.7,2.62,2.7800000000000002,0.08,0.0,0.1,500,0.05,100,127,63,426,426.0,2.629409599102719,25,0.05,0.46838407494145196,-0.3293978793610427,False,True,1.0,0.16666666666666666,1.0,1.0,True,0.76,0.20833333333333334,0.9853473684210526,0.0,200
operational-sufficiency-v2,20260715,operational-envelope-v4,2.7,2.62,2.7800000000000002,0.08,0.0,0.1,500,0.05,100,128,64,501,501.0,2.699837725867246,25,0.05,0.398406374501992,-0.39967372148103814,False,True,1.0,0.16666666666666666,1.0,1.0,True,0.88,0.18518518518518517,0.9902315789473684,0.0,200
operational-sufficiency-v2,20260715,operational-envelope-v4,2.7,2.62,2.7800000000000002,0.08,0.0,0.1,500,0.05,100,129,65,576,576.0,2.760422483423212,25,0.05,0.34662045060658575,-0.46014581749175026,False,True,1.0,0.13793103448275862,1.0,1.0,True,0.72,0.18181818181818182,0.9843368421052631,0.0,200
operational-sufficiency-v2,20260715,operational-envelope-v4,2.7,2.62,2.7800000000000002,0.08,0.0,0.1,500,0.05,100,133,66,426,426.0,2.629409599102719,25,0.05,0.46838407494145196,-0.3293978793610427,False,True,1.0,0.0,1.0,1.0,True,0.48,0.0,0.9867789473684211,0.0,200
operational-sufficiency-v2,20260715,operational-envelope-v4,2.7,2.62,2.7800000000000002,0.08,0.0,0.1,500,0.05,100,134,67,501,501.0,2.699837725867246,25,0.05,0.398406374501992,-0.39967372148103814,False,True,1.0,0.10714285714285714,1.0,1.0,True,0.8,0.13043478260869565,0.9909894736842105,0.0,200
operational-sufficiency-v2,20260715,operational-envelope-v4,2.7,2.62,2.7800000000000002,0.08,0.0,0.1,500,0.05,100,135,68,576,576.0,2.760422483423212,25,0.05,0.34662045060658575,-0.46014581749175026,False,True,1.0,0.07407407407407407,1.0,1.0,True,0.68,0.05555555555555555,0.9674105263157895,0.0,200
operational-sufficiency-v2,20260715,operational-envelope-v4,2.7,2.62,2.7800000000000002,0.08,0.0,0.1,500,0.05,100,139,69,426,426.0,2.629409599102719,25,0.05,0.46838407494145196,-0.3293978793610427,False,True,1.0,0.10714285714285714,1.0,1.0,True,0.52,0.07142857142857142,0.9895578947368421,0.0,200
operational-sufficiency-v2,20260715,operational-envelope-v4,2.7,2.62,2.7800000000000002,0.08,0.0,0.1,500,0.05,100,140,70,501,501.0,2.699837725867246,25,0.05,0.398406374501992,-0.39967372148103814,False,True,1.0,0.038461538461538464,1.0,1.0,True,0.52,0.0,0.9951157894736842,0.0,200
operational-sufficiency-v2,20260715,operational-envelope-v4,2.7,2.62,2.7800000000000002,0.08,0.0,0.1,500,0.05,100,141,71,576,576.0,2.760422483423212,25,0.05,0.34662045060658575,-0.46014581749175026,False,True,1.0,0.07407407407407407,1.0,1.0,True,0.4,0.09090909090909091,0.980378947368421,0.0,200
operational-sufficiency-v2,20260715,operational-envelope-v4,2.7,2.62,2.7800000000000002,0.08,0.0,0.1,500,0.05,100,145,72,426,426.0,2.629409599102719,25,0.05,0.46838407494145196,-0.3293978793610427,False,True,1.0,0.21875,1.0,1.0,True,0.68,0.2916666666666667,0.989642105263158,0.0,200
operational-sufficiency-v2,20260715,operational-envelope-v4,2.7,2.62,2.7800000000000002,0.08,0.0,0.1,500,0.05,100,146,73,501,501.0,2.699837725867246,25,0.05,0.398406374501992,-0.39967372148103814,False,True,1.0,0.038461538461538464,1.0,1.0,True,0.44,0.0,0.9865263157894737,0.0,200
operational-sufficiency-v2,20260715,operational-envelope-v4,2.7,2.62,2.7800000000000002,0.08,0.0,0.1,500,0.05,100,147,74,576,576.0,2.760422483423212,25,0.05,0.34662045060658575,-0.46014581749175026,False,True,1.0,0.13793103448275862,1.0,1.0,True,0.4,0.0,0.9887157894736842,0.0,200
operational-sufficiency-v2,20260715,operational-envelope-v4,2.7,2.62,2.7800000000000002,0.08,0.0,0.1,500,0.05,100,151,75,426,426.0,2.629409599102719,25,0.05,0.46838407494145196,-0.3293978793610427,False,True,1.0,0.0,1.0,1.0,True,0.64,0.0,0.9881263157894737,0.0,200
operational-sufficiency-v2,20260715,operational-envelope-v4,2.7,2.62,2.7800000000000002,0.08,0.0,0.1,500,0.05,100,152,76,501,501.0,2.699837725867246,25,0.05,0.398406374501992,-0.39967372148103814,False,True,1.0,0.038461538461538464,1.0,1.0,True,0.56,0.06666666666666667,0.9882105263157895,0.0,200
operational-sufficiency-v2,20260715,operational-envelope-v4,2.7,2.62,2.7800000000000002,0.08,0.0,0.1,500,0.05,100,153,77,576,576.0,2.760422483423212,25,0.05,0.34662045060658575,-0.46014581749175026,False,True,1.0,0.10714285714285714,1.0,1.0,True,0.36,0.0,0.9703578947368422,0.0,200
operational-sufficiency-v2,20260715,operational-envelope-v4,2.7,2.62,2.7800000000000002,0.08,0.0,0.1,500,0.05,100,157,78,426,426.0,2.629409599102719,25,0.05,0.46838407494145196,-0.3293978793610427,False,True,1.0,0.10714285714285714,1.0,1.0,False,0.0,0.0,0.992,0.0,200
operational-sufficiency-v2,20260715,operational-envelope-v4,2.7,2.62,2.7800000000000002,0.08,0.0,0.1,500,0.05,100,158,79,501,501.0,2.699837725867246,25,0.05,0.398406374501992,-0.39967372148103814,False,True,1.0,0.1935483870967742,1.0,1.0,True,0.6,0.25,0.9834105263157895,0.0,200
operational-sufficiency-v2,20260715,operational-envelope-v4,2.7,2.62,2.7800000000000002,0.08,0.0,0.1,500,0.05,100,159,80,576,576.0,2.760422483423212,25,0.05,0.34662045060658575,-0.46014581749175026,False,True,1.0,0.10714285714285714,1.0,1.0,True,0.56,0.17647058823529413,0.9742315789473683,0.0,200
operational-sufficiency-v2,20260715,operational-envelope-v4,2.7,2.62,2.7800000000000002,0.08,0.0,0.1,500,0.05,100,163,81,426,426.0,2.629409599102719,25,0.05,0.46838407494145196,-0.3293978793610427,False,True,1.0,0.0,1.0,1.0,True,0.56,0.0,0.9750736842105263,0.0,200
operational-sufficiency-v2,20260715,operational-envelope-v4,2.7,2.62,2.7800000000000002,0.08,0.0,0.1,500,0.05,100,164,82,501,501.0,2.699837725867246,25,0.05,0.398406374501992,-0.39967372148103814,False,True,1.0,0.13793103448275862,1.0,1.0,True,0.68,0.19047619047619047,0.9763368421052632,0.0,200
operational-sufficiency-v2,20260715,operational-envelope-v4,2.7,2.62,2.7800000000000002,0.08,0.0,0.1,500,0.05,100,165,83,576,576.0,2.760422483423212,25,0.05,0.34662045060658575,-0.46014581749175026,False,True,1.0,0.0,1.0,1.0,True,0.4,0.0,0.9941052631578947,0.0,200
operational-sufficiency-v2,20260715,operational-envelope-v4,2.7,2.62,2.7800000000000002,0.08,0.0,0.1,500,0.05,100,169,84,426,426.0,2.629409599102719,25,0.05,0.46838407494145196,-0.3293978793610427,False,True,1.0,0.10714285714285714,1.0,1.0,True,0.56,0.125,0.9909052631578947,0.0,200
operational-sufficiency-v2,20260715,operational-envelope-v4,2.7,2.62,2.7800000000000002,0.08,0.0,0.1,500,0.05,100,170,85,501,501.0,2.699837725867246,25,0.05,0.398406374501992,-0.39967372148103814,False,True,1.0,0.0,1.0,1.0,True,0.8,0.0,0.9793684210526317,0.0,200
operational-sufficiency-v2,20260715,operational-envelope-v4,2.7,2.62,2.7800000000000002,0.08,0.0,0.1,500,0.05,100,171,86,576,576.0,2.760422483423212,25,0.05,0.34662045060658575,-0.46014581749175026,False,True,1.0,0.1935483870967742,1.0,1.0,True,0.84,0.2222222222222222,0.9935157894736841,0.0,200
operational-sufficiency-v2,20260715,operational-envelope-v4,2.7,2.62,2.7800000000000002,0.08,0.0,0.1,500,0.05,100,175,87,426,426.0,2.629409599102719,25,0.05,0.46838407494145196,-0.3293978793610427,False,True,1.0,0.07407407407407407,1.0,1.0,True,0.44,0.15384615384615385,0.9858526315789473,0.0,200
operational-sufficiency-v2,20260715,operational-envelope-v4,2.7,2.62,2.7800000000000002,0.08,0.0,0.1,500,0.05,100,176,88,501,501.0,2.699837725867246,25,0.05,0.398406374501992,-0.39967372148103814,False,True,1.0,0.038461538461538464,1.0,1.0,True,0.52,0.07142857142857142,0.9825684210526316,0.0,200
operational-sufficiency-v2,20260715,operational-envelope-v4,2.7,2.62,2.7800000000000002,0.08,0.0,0.1,500,0.05,100,177,89,576,576.0,2.760422483423212,25,0.05,0.34662045060658575,-0.46014581749175026,False,True,1.0,0.13793103448275862,1.0,1.0,True,0.52,0.07142857142857142,0.9926736842105264,0.0,200
operational-sufficiency-v2,20260715,operational-envelope-v4,2.7,2.62,2.7800000000000002,0.08,0.0,0.1,500,0.05,100,181,90,426,426.0,2.629409599102719,25,0.05,0.46838407494145196,-0.3293978793610427,False,True,1.0,0.34210526315789475,1.0,1.0,True,0.8,0.3333333333333333,0.9839157894736842,0.0,200
operational-sufficiency-v2,20260715,operational-envelope-v4,2.7,2.62,2.7800000000000002,0.08,0.0,0.1,500,0.05,100,182,91,501,501.0,2.699837725867246,25,0.05,0.398406374501992,-0.39967372148103814,False,True,1.0,0.1935483870967742,1.0,1.0,True,0.64,0.23809523809523808,0.9833263157894736,0.0,200
operational-sufficiency-v2,20260715,operational-envelope-v4,2.7,2.62,2.7800000000000002,0.08,0.0,0.1,500,0.05,100,183,92,576,576.0,2.760422483423212,25,0.05,0.34662045060658575,-0.46014581749175026,False,True,1.0,0.16666666666666666,1.0,1.0,True,0.44,0.08333333333333333,0.9778526315789473,0.0,200
operational-sufficiency-v2,20260715,operational-envelope-v4,2.7,2.62,2.7800000000000002,0.08,0.0,0.1,500,0.05,100,187,93,426,426.0,2.629409599102719,25,0.05,0.46838407494145196,-0.3293978793610427,False,True,1.0,0.10714285714285714,1.0,1.0,True,0.68,0.15,0.9869473684210527,0.0,200
operational-sufficiency-v2,20260715,operational-envelope-v4,2.7,2.62,2.7800000000000002,0.08,0.0,0.1,500,0.05,100,188,94,501,501.0,2.699837725867246,25,0.05,0.398406374501992,-0.39967372148103814,False,True,1.0,0.07407407407407407,1.0,1.0,True,0.6,0.0,0.9658105263157896,0.0,200
operational-sufficiency-v2,20260715,operational-envelope-v4,2.7,2.62,2.7800000000000002,0.08,0.0,0.1,500,0.05,100,189,95,576,576.0,2.760422483423212,25,0.05,0.34662045060658575,-0.46014581749175026,False,True,1.0,0.038461538461538464,1.0,1.0,True,0.52,0.0,0.9774315789473685,0.0,200
operational-sufficiency-v2,20260715,operational-envelope-v4,2.7,2.62,2.7800000000000002,0.08,0.0,0.1,500,0.05,100,193,96,426,426.0,2.629409599102719,25,0.05,0.46838407494145196,-0.3293978793610427,False,True,1.0,0.038461538461538464,1.0,1.0,True,0.56,0.06666666666666667,0.9849263157894735,0.0,200
operational-sufficiency-v2,20260715,operational-envelope-v4,2.7,2.62,2.7800000000000002,0.08,0.0,0.1,500,0.05,100,194,97,501,501.0,2.699837725867246,25,0.05,0.398406374501992,-0.39967372148103814,False,True,1.0,0.07407407407407407,1.0,1.0,True,0.6,0.11764705882352941,0.9790315789473685,0.0,200
operational-sufficiency-v2,20260715,operational-envelope-v4,2.7,2.62,2.7800000000000002,0.08,0.0,0.1,500,0.05,100,195,98,576,576.0,2.760422483423212,25,0.05,0.34662045060658575,-0.46014581749175026,False,True,1.0,0.0,1.0,1.0,True,0.36,0.0,0.9747368421052631,0.0,200
operational-sufficiency-v2,20260715,operational-envelope-v4,2.7,2.62,2.7800000000000002,0.08,0.0,0.1,500,0.05,100,199,99,426,426.0,2.629409599102719,25,0.05,0.46838407494145196,-0.3293978793610427,False,True,1.0,0.038461538461538464,1.0,1.0,False,0.0,0.0,0.9466105263157896,0.0,200
operational-sufficiency-v2,20260715,operational-envelope-v4,2.7,2.62,2.7800000000000002,0.08,0.5,0.1,500,0.05,100,1,0,547,419.14234058867913,2.6223615342655457,25,0.05,0.7891116852868293,-0.10286152547101095,False,True,0.96,0.04,1.0,1.0,False,0.0,0.0,0.991157894736842,0.0,202
operational-sufficiency-v2,20260715,operational-envelope-v4,2.7,2.62,2.7800000000000002,0.08,0.5,0.1,500,0.05,100,2,1,644,487.98654860070263,2.6884078507957354,25,0.05,0.5678627980708764,-0.24575658196234074,False,True,1.0,0.0,1.0,1.0,True,0.24,0.0,0.9833263157894738,0.0,202
operational-sufficiency-v2,20260715,operational-envelope-v4,2.7,2.62,2.7800000000000002,0.08,0.5,0.1,500,0.05,100,3,2,740,591.958100204899,2.772290967713136,25,0.05,0.5153109366183676,-0.28793064026237764,False,True,1.0,0.13793103448275862,1.0,1.0,True,0.76,0.13636363636363635,0.9843368421052632,0.0,202
operational-sufficiency-v2,20260715,operational-envelope-v4,2.7,2.62,2.7800000000000002,0.08,0.5,0.1,500,0.05,100,7,3,547,423.0549851632178,2.626396817022936,25,0.05,0.767193130046285,-0.115095294779452,False,True,0.96,0.07692307692307693,1.0,1.0,True,0.28,0.0,0.9855157894736842,0.0,202
operational-sufficiency-v2,20260715,operational-envelope-v4,2.7,2.62,2.7800000000000002,0.08,0.5,0.1,500,0.05,100,8,4,644,494.10573032452623,2.6938198905902673,25,0.05,0.5473207014550173,-0.2617581251122844,False,True,1.0,0.07407407407407407,1.0,1.0,True,0.56,0.0,0.9906526315789475,0.0,202
operational-sufficiency-v2,20260715,operational-envelope-v4,2.7,2.62,2.7800000000000002,0.08,0.5,0.1,500,0.05,100,9,5,740,579.3461883945488,2.7629381540216578,25,0.05,0.5120903661035643,-0.29065339442027505,False,True,1.0,0.0,1.0,1.0,True,0.56,0.0,0.9832421052631578,0.0,202
operational-sufficiency-v2,20260715,operational-envelope-v4,2.7,2.62,2.7800000000000002,0.08,0.5,0.1,500,0.05,100,13,6,547,438.0809509491188,2.641554369184691,25,0.05,0.697020062061166,-0.15675472159055648,False,True,1.0,0.07407407407407407,1.0,1.0,True,0.64,0.1111111111111111,0.9940210526315789,0.0,202
operational-sufficiency-v2,20260715,operational-envelope-v4,2.7,2.62,2.7800000000000002,0.08,0.5,0.1,500,0.05,100,14,7,644,500.63334650835657,2.699519774002207,25,0.05,0.6767673883640536,-0.16956057697076454,False,True,1.0,0.0,1.0,1.0,True,0.24,0.0,0.9923368421052632,0.0,202
operational-sufficiency-v2,20260715,operational-envelope-v4,2.7,2.62,2.7800000000000002,0.08,0.5,0.1,500,0.05,100,15,8,740,589.8040018771705,2.77070771495582,25,0.05,0.5658924736976373,-0.24726608209103948,False,False,0.0,0.0,1.0,1.0,False,0.0,0.0,0.9719578947368421,0.0,202
operational-sufficiency-v2,20260715,operational-envelope-v4,2.7,2.62,2.7800000000000002,0.08,0.5,0.1,500,0.05,100,19,9,547,421.90514686837014,2.625214823421459,25,0.05,0.7105663470759009,-0.14839536485305962,False,True,0.96,0.22580645161290322,1.0,1.0,True,0.52,0.2777777777777778,0.9781052631578947,0.0,202
operational-sufficiency-v2,20260715,operational-envelope-v4,2.7,2.62,2.7800000000000002,0.08,0.5,0.1,500,0.05,100,20,10,644,520.1807701927944,2.7161542933548155,25,0.05,0.6745319275901989,-0.1709974890638637,False,True,1.0,0.10714285714285714,1.0,1.0,True,0.36,0.18181818181818182,0.9802947368421053,0.0,202
operational-sufficiency-v2,20260715,operational-envelope-v4,2.7,2.62,2.7800000000000002,0.08,0.5,0.1,500,0.05,100,21,11,740,580.6116457560546,2.7638857425477887,25,0.05,0.46649272817027465,-0.3311551217784411,False,True,1.0,0.10714285714285714,1.0,1.0,True,0.64,0.1111111111111111,0.9626947368421053,0.0,202
operational-sufficiency-v2,20260715,operational-envelope-v4,2.7,2.62,2.7800000000000002,0.08,0.5,0.1,500,0.05,100,25,12,547,417.22558949441145,2.620370936943863,25,0.05,0.5887479990083521,-0.2300705559073919,False,True,1.0,0.0,1.0,1.0,True,0.56,0.0,0.9880421052631578,0.0,202
operational-sufficiency-v2,20260715,operational-envelope-v4,2.7,2.62,2.7800000000000002,0.08,0.5,0.1,500,0.05,100,26,13,644,483.7287796506576,2.684601926693091,25,0.05,0.6444112539679373,-0.1908368836881135,False,True,0.96,0.04,1.0,1.0,True,0.44,0.0,0.9766736842105262,0.0,202
operational-sufficiency-v2,20260715,operational-envelope-v4,2.7,2.62,2.7800000000000002,0.08,0.5,0.1,500,0.05,100,27,14,740,582.3156596510677,2.7651584693259568,25,0.05,0.4421511057259668,-0.35442928456927053,False,True,1.0,0.0,1.0,1.0,False,0.0,0.0,0.9712000000000001,0.0,202
operational-sufficiency-v2,20260715,operational-envelope-v4,2.7,2.62,2.7800000000000002,0.08,0.5,0.1,500,0.05,100,32,15,644,508.2889837892429,2.706110697286044,25,0.05,0.6740445200073417,-0.1713114177747896,False,True,1.0,0.0,1.0,1.0,False,0.0,0.0,0.985178947368421,0.0,202
operational-sufficiency-v2,20260715,operational-envelope-v4,2.7,2.62,2.7800000000000002,0.08,0.5,0.1,500,0.05,100,33,16,740,583.7327046854247,2.766214026129275,25,0.05,0.5020140388646845,-0.2992841376035617,False,True,1.0,0.07407407407407407,1.0,1.0,True,0.24,0.14285714285714285,0.9872000000000001,0.0,202
operational-sufficiency-v2,20260715,operational-envelope-v4,2.7,2.62,2.7800000000000002,0.08,0.5,0.1,500,0.05,100,37,17,547,417.0584479188986,2.6201969226713664,25,0.05,0.7840512846750564,-0.1056555292505846,False,True,0.84,0.0,1.0,1.0,False,0.0,0.0,0.9834947368421052,0.0,202
operational-sufficiency-v2,20260715,operational-envelope-v4,2.7,2.62,2.7800000000000002,0.08,0.5,0.1,500,0.05,100,38,18,644,511.06870862271495,2.7084792910735946,25,0.05,0.5777642144815728,-0.23824936095924615,False,True,1.0,0.24242424242424243,1.0,1.0,True,0.28,0.46153846153846156,0.9882947368421052,0.0,202
operational-sufficiency-v2,20260715,operational-envelope-v4,2.7,2.62,2.7800000000000002,0.08,0.5,0.1,500,0.05,100,39,19,740,576.0879419477294,2.7604887851373614,25,0.05,0.5447704548101074,-0.26378645407045265,False,True,1.0,0.038461538461538464,1.0,1.0,True,0.16,0.0,0.996042105263158,0.0,202
operational-sufficiency-v2,20260715,operational-envelope-v4,2.7,2.62,2.7800000000000002,0.08,0.5,0.1,500,0.05,100,43,20,547,417.0995197286077,2.620239689775499,25,0.05,0.6885840941663605,-0.16204301342856003,False,True,0.96,0.0,1.0,1.0,True,0.12,0.0,0.9916631578947368,0.0,202
operational-sufficiency-v2,20260715,operational-envelope-v4,2.7,2.62,2.7800000000000002,0.08,0.5,0.1,500,0.05,100,44,21,644,518.122894840767,2.7144327833377346,25,0.05,0.6247550919935723,-0.20429019552052266,False,True,1.0,0.0,1.0,1.0,True,0.12,0.0,0.9965473684210526,0.0,202
operational-sufficiency-v2,20260715,operational-envelope-v4,2.7,2.62,2.7800000000000002,0.08,0.5,0.1,500,0.05,100,45,22,740,582.7681801195821,2.7654958307167816,25,0.05,0.5168145655760762,-0.28666525495845546,False,True,1.0,0.16666666666666666,1.0,1.0,True,0.12,0.25,0.9684210526315788,0.0,202
operational-sufficiency-v2,20260715,operational-envelope-v4,2.7,2.62,2.7800000000000002,0.08,0.5,0.1,500,0.05,100,49,23,547,426.838609938052,2.63026369689263,25,0.05,0.8843228286389878,-0.0533891636041458,False,True,0.96,0.04,1.0,1.0,False,0.0,0.0,0.9660631578947368,0.0,202
operational-sufficiency-v2,20260715,operational-envelope-v4,2.7,2.62,2.7800000000000002,0.08,0.5,0.1,500,0.05,100,50,24,644,497.4132715981626,2.696717368599689,25,0.05,0.5708730009596222,-0.2434604961622151,False,True,1.0,0.10714285714285714,1.0,1.0,True,0.52,0.13333333333333333,0.9738105263157897,0.0,202
operational-sufficiency-v2,20260715,operational-envelope-v4,2.7,2.62,2.7800000000000002,0.08,0.5,0.1,500,0.05,100,51,25,740,576.7811043368885,2.7610110242206636,25,0.05,0.5729385487635784,-0.24189195632939287,False,True,1.0,0.10714285714285714,1.0,1.0,True,0.24,0.25,0.9890526315789472,0.0,202
operational-sufficiency-v2,20260715,operational-envelope-v4,2.7,2.62,2.7800000000000002,0.08,0.5,0.1,500,0.05,100,55,26,547,429.0317204033708,2.6324894028767334,25,0.05,0.8238125560105969,-0.08417159309754109,False,True,1.0,0.07407407407407407,1.0,1.0,False,0.0,0.0,0.9729684210526317,0.0,202
operational-sufficiency-v2,20260715,operational-envelope-v4,2.7,2.62,2.7800000000000002,0.08,0.5,0.1,500,0.05,100,56,27,644,493.60660009832014,2.693380958089847,25,0.05,0.7192536898271247,-0.14311790146759948,False,True,1.0,0.10714285714285714,1.0,1.0,False,0.0,0.0,0.970442105263158,0.0,202
operational-sufficiency-v2,20260715,operational-envelope-v4,2.7,2.62,2.7800000000000002,0.08,0.5,0.1,500,0.05,100,57,28,740,579.2746640786587,2.7628845340377155,25,0.05,0.6270907720358436,-0.20266959004493323,False,True,1.0,0.038461538461538464,1.0,1.0,False,0.0,0.0,0.9874526315789476,0.0,202
operational-sufficiency-v2,20260715,operational-envelope-v4,2.7,2.62,2.7800000000000002,0.08,0.5,0.1,500,0.05,100,61,29,547,440.9599415406814,2.6443991383158574,25,0.05,0.6763225796349632,-0.16984611302242966,False,True,1.0,0.038461538461538464,1.0,1.0,False,0.0,0.0,0.9515789473684211,0.0,202
operational-sufficiency-v2,20260715,operational-envelope-v4,2.7,2.62,2.7800000000000002,0.08,0.5,0.1,500,0.05,100,62,30,644,508.09450758584944,2.705944500287091,25,0.05,0.5376006760624671,-0.26954019380465105,False,True,1.0,0.038461538461538464,1.0,1.0,True,0.68,0.05555555555555555,0.9925894736842105,0.0,202
operational-sufficiency-v2,20260715,operational-envelope-v4,2.7,2.62,2.7800000000000002,0.08,0.5,0.1,500,0.05,100,63,31,740,579.3255712158046,2.762922698519463,25,0.05,0.49418719910415304,-0.3061085082873003,False,True,1.0,0.07407407407407407,1.0,1.0,False,0.0,0.0,0.9860210526315789,0.0,202
operational-sufficiency-v2,20260715,operational-envelope-v4,2.7,2.62,2.7800000000000002,0.08,0.5,0.1,500,0.05,100,67,32,547,424.0200572000293,2.6273864002844127,25,0.05,0.6996616636454653,-0.1551119216050118,False,True,0.96,0.07692307692307693,1.0,1.0,True,0.32,0.1111111111111111,0.9872,0.0,202
operational-sufficiency-v2,20260715,operational-envelope-v4,2.7,2.62,2.7800000000000002,0.08,0.5,0.1,500,0.05,100,68,33,644,490.12244531116664,2.6903045916201127,25,0.05,0.6228718722057698,-0.2056012806552199,False,True,0.96,0.1111111111111111,1.0,1.0,True,0.08,0.3333333333333333,0.9938526315789474,0.0,202
operational-sufficiency-v2,20260715,operational-envelope-v4,2.7,2.62,2.7800000000000002,0.08,0.5,0.1,500,0.05,100,69,34,740,579.8038705665799,2.7632811102257686,25,0.05,0.5886160170216368,-0.23016792434739983,False,True,1.0,0.07407407407407407,1.0,1.0,True,0.28,0.2222222222222222,0.9838315789473684,0.0,202
operational-sufficiency-v2,20260715,operational-envelope-v4,2.7,2.62,2.7800000000000002,0.08,0.5,0.1,500,0.05,100,73,35,547,429.3708873816662,2.6328325946458326,25,0.05,0.624480298110193,-0.2044812587422063,False,True,0.96,0.0,1.0,1.0,True,0.4,0.0,0.9821473684210527,0.0,202
operational-sufficiency-v2,20260715,operational-envelope-v4,2.7,2.62,2.7800000000000002,0.08,0.5,0.1,500,0.05,100,74,36,644,495.3027687749774,2.6948707557238922,25,0.05,0.5962046723659675,-0.22460462478979207,False,True,1.0,0.16666666666666666,1.0,1.0,True,0.56,0.17647058823529413,0.9761684210526318,0.0,202
operational-sufficiency-v2,20260715,operational-envelope-v4,2.7,2.62,2.7800000000000002,0.08,0.5,0.1,500,0.05,100,75,37,740,567.0518456054127,2.753622768294985,25,0.05,0.4751763046240086,-0.32314522422976216,False,True,1.0,0.038461538461538464,1.0,1.0,False,0.0,0.0,0.9936,0.0,202
operational-sufficiency-v2,20260715,operational-envelope-v4,2.7,2.62,2.7800000000000002,0.08,0.5,0.1,500,0.05,100,79,38,547,428.2050837167051,2.6316518190000044,25,0.05,0.7088628977558916,-0.1494377542468743,False,True,1.0,0.0,1.0,1.0,False,0.0,0.0,0.9791999999999998,0.0,202
operational-sufficiency-v2,20260715,operational-envelope-v4,2.7,2.62,2.7800000000000002,0.08,0.5,0.1,500,0.05,100,80,39,644,503.6759635760227,2.7021512259512663,25,0.05,0.5542945605713693,-0.2562593832250202,False,True,1.0,0.16666666666666666,1.0,1.0,True,0.68,0.15,0.980378947368421,0.0,202
operational-sufficiency-v2,20260715,operational-envelope-v4,2.7,2.62,2.7800000000000002,0.08,0.5,0.1,500,0.05,100,81,40,740,588.222309629805,2.7695414920605064,25,0.05,0.45114544145475743,-0.345683426550885,False,True,1.0,0.16666666666666666,1.0,1.0,True,0.44,0.26666666666666666,0.9806315789473683,0.0,202
operational-sufficiency-v2,20260715,operational-envelope-v4,2.7,2.62,2.7800000000000002,0.08,0.5,0.1,500,0.05,100,85,41,547,427.940526057874,2.6313834162102903,25,0.05,0.7362980067863613,-0.13294637518927177,False,True,0.96,0.04,1.0,1.0,False,0.0,0.0,0.9866105263157895,0.0,202
operational-sufficiency-v2,20260715,operational-envelope-v4,2.7,2.62,2.7800000000000002,0.08,0.5,0.1,500,0.05,100,86,42,644,496.6500111623735,2.696050449568662,25,0.05,0.6451047275585771,-0.1903697754287223,False,True,1.0,0.07407407407407407,1.0,1.0,True,0.08,0.3333333333333333,0.9731368421052632,0.0,202
operational-sufficiency-v2,20260715,operational-envelope-v4,2.7,2.62,2.7800000000000002,0.08,0.5,0.1,500,0.05,100,87,43,740,576.9566471807194,2.7611431812709144,25,0.05,0.42115381718682554,-0.3755592586655172,False,True,1.0,0.1935483870967742,1.0,1.0,True,0.12,0.0,0.9721263157894736,0.0,202
operational-sufficiency-v2,20260715,operational-envelope-v4,2.7,2.62,2.7800000000000002,0.08,0.5,0.1,500,0.05,100,91,44,547,435.7121881482144,2.639199708596483,25,0.05,0.6492848431507099,-0.1875647351417831,False,True,1.0,0.13793103448275862,1.0,1.0,True,0.56,0.125,0.9838315789473684,0.0,202
operational-sufficiency-v2,20260715,operational-envelope-v4,2.7,2.62,2.7800000000000002,0.08,0.5,0.1,500,0.05,100,92,45,644,485.1767546173498,2.685899985139196,25,0.05,0.521726335160786,-0.2825572408579459,False,True,1.0,0.038461538461538464,1.0,1.0,True,0.52,0.07142857142857142,0.9775999999999999,0.0,202
operational-sufficiency-v2,20260715,operational-envelope-v4,2.7,2.62,2.7800000000000002,0.08,0.5,0.1,500,0.05,100,93,46,740,573.7855879165176,2.7587496356371757,25,0.05,0.43583188201306544,-0.3606810033786678,False,True,0.96,0.04,1.0,1.0,True,0.36,0.0,0.9747368421052633,0.0,202
operational-sufficiency-v2,20260715,operational-envelope-v4,2.7,2.62,2.7800000000000002,0.08,0.5,0.1,500,0.05,100,97,47,547,423.97742624613153,2.6273427341452718,25,0.05,0.8644359417186787,-0.06326718421639413,False,True,0.96,0.14285714285714285,1.0,1.0,True,0.36,0.18181818181818182,0.9898947368421054,0.0,202
operational-sufficiency-v2,20260715,operational-envelope-v4,2.7,2.62,2.7800000000000002,0.08,0.5,0.1,500,0.05,100,98,48,644,511.09753985874937,2.708503790506516,25,0.05,0.6551027422499296,-0.18369058261428248,False,True,1.0,0.038461538461538464,1.0,1.0,True,0.08,0.0,0.996378947368421,0.0,202
operational-sufficiency-v2,20260715,operational-envelope-v4,2.7,2.62,2.7800000000000002,0.08,0.5,0.1,500,0.05,100,99,49,740,564.3105844627554,2.7515181961687807,25,0.05,0.5504614755710013,-0.2592730700298905,False,True,0.96,0.1111111111111111,1.0,1.0,True,0.28,0.2222222222222222,0.9936842105263157,0.0,202
operational-sufficiency-v2,20260715,operational-envelope-v4,2.7,2.62,2.7800000000000002,0.08,0.5,0.1,500,0.05,100,103,50,547,429.19920896254,2.6326589128663263,25,0.05,0.7401894200061501,-0.1306571268412662,False,True,0.96,0.0,1.0,1.0,False,0.0,0.0,0.9879578947368421,0.0,202
operational-sufficiency-v2,20260715,operational-envelope-v4,2.7,2.62,2.7800000000000002,0.08,0.5,0.1,500,0.05,100,104,51,644,489.8432316731623,2.690057111635075,25,0.05,0.6353638866831754,-0.19697747358179585,False,True,1.0,0.0,1.0,1.0,True,0.76,0.0,0.9840842105263158,0.0,202
operational-sufficiency-v2,20260715,operational-envelope-v4,2.7,2.62,2.7800000000000002,0.08,0.5,0.1,500,0.05,100,105,52,740,591.9208278257983,2.772263621692875,25,0.05,0.5283779810634832,-0.27705528890360365,False,True,1.0,0.10714285714285714,1.0,1.0,True,0.32,0.2,0.9675789473684211,0.0,202
operational-sufficiency-v2,20260715,operational-envelope-v4,2.7,2.62,2.7800000000000002,0.08,0.5,0.1,500,0.05,100,109,53,547,417.7265941142781,2.6208921250363093,25,0.05,0.6938402894643566,-0.15874048543367847,False,True,0.88,0.043478260869565216,1.0,1.0,True,0.68,0.05555555555555555,0.9939368421052631,0.0,202
operational-sufficiency-v2,20260715,operational-envelope-v4,2.7,2.62,2.7800000000000002,0.08,0.5,0.1,500,0.05,100,110,54,644,495.83633561714765,2.6953383493374212,25,0.05,0.5878794301147559,-0.2307117354971618,False,True,1.0,0.10714285714285714,1.0,1.0,False,0.0,0.0,0.9809684210526315,0.0,202
operational-sufficiency-v2,20260715,operational-envelope-v4,2.7,2.62,2.7800000000000002,0.08,0.5,0.1,500,0.05,100,111,55,740,572.881936087975,2.758065128444417,25,0.05,0.5661277685480691,-0.24708554246317613,False,True,1.0,0.24242424242424243,1.0,1.0,True,0.92,0.25806451612903225,0.9885473684210527,0.0,202
operational-sufficiency-v2,20260715,operational-envelope-v4,2.7,2.62,2.7800000000000002,0.08,0.5,0.1,500,0.05,100,115,56,547,440.2080699746234,2.643657999855955,25,0.05,0.8995426803590039,-0.045978225976393734,False,True,0.96,0.14285714285714285,1.0,1.0,True,0.48,0.25,0.9663157894736842,0.0,202
operational-sufficiency-v2,20260715,operational-envelope-v4,2.7,2.62,2.7800000000000002,0.08,0.5,0.1,500,0.05,100,116,57,644,507.78832702320625,2.7056827131433017,25,0.05,0.545068573472152,-0.26354885697629893,False,True,1.0,0.16666666666666666,1.0,1.0,True,0.8,0.13043478260869565,0.9833263157894737,0.0,202
operational-sufficiency-v2,20260715,operational-envelope-v4,2.7,2.62,2.7800000000000002,0.08,0.5,0.1,500,0.05,100,117,58,740,585.4067015523542,2.7674576897932783,25,0.05,0.47425104232516574,-0.32399170593098064,False,True,1.0,0.07407407407407407,1.0,1.0,True,0.48,0.07692307692307693,0.9716210526315788,0.0,202
operational-sufficiency-v2,20260715,operational-envelope-v4,2.7,2.62,2.7800000000000002,0.08,0.5,0.1,500,0.05,100,121,59,547,444.0486921302675,2.6474305952588173,25,0.05,0.657543157685627,-0.18207573708975558,False,True,1.0,0.10714285714285714,1.0,1.0,False,0.0,0.0,0.9784421052631578,0.0,202
operational-sufficiency-v2,20260715,operational-envelope-v4,2.7,2.62,2.7800000000000002,0.08,0.5,0.1,500,0.05,100,122,60,644,497.88409742887507,2.6971282549977276,25,0.05,0.6165857948819473,-0.2100064849216232,False,True,1.0,0.07407407407407407,1.0,1.0,False,0.0,0.0,0.9792000000000002,0.0,202
operational-sufficiency-v2,20260715,operational-envelope-v4,2.7,2.62,2.7800000000000002,0.08,0.5,0.1,500,0.05,100,123,61,740,569.0929669878877,2.7551832185072445,25,0.05,0.4614962026339737,-0.33583186816330424,False,True,1.0,0.13793103448275862,1.0,1.0,True,0.76,0.13636363636363635,0.9690105263157895,0.0,202
operational-sufficiency-v2,20260715,operational-envelope-v4,2.7,2.62,2.7800000000000002,0.08,0.5,0.1,500,0.05,100,127,62,547,424.66638628454166,2.628047886540776,25,0.05,0.7314398703413773,-0.13582137022532564,False,True,0.92,0.0,1.0,1.0,False,0.0,0.0,0.9895578947368421,0.0,202
operational-sufficiency-v2,20260715,operational-envelope-v4,2.7,2.62,2.7800000000000002,0.08,0.5,0.1,500,0.05,100,128,63,644,476.0369375937935,2.6776406526590857,25,0.05,0.5567989864120869,-0.2543015639794595,False,True,0.92,0.041666666666666664,1.0,1.0,True,0.68,0.0,0.9967999999999999,0.0,202
operational-sufficiency-v2,20260715,operational-envelope-v4,2.7,2.62,2.7800000000000002,0.08,0.5,0.1,500,0.05,100,129,64,740,573.4009957678077,2.758458442806644,25,0.05,0.5464164233048624,-0.26247625580623485,False,True,1.0,0.24242424242424243,1.0,1.0,True,0.64,0.3333333333333333,0.9900631578947369,0.0,202
operational-sufficiency-v2,20260715,operational-envelope-v4,2.7,2.62,2.7800000000000002,0.08,0.5,0.1,500,0.05,100,133,65,547,421.04106749459055,2.624324458107507,25,0.05,0.5807177963154758,-0.23603486464485468,False,True,0.96,0.1111111111111111,1.0,1.0,True,0.68,0.15,0.9886315789473684,0.0,202
operational-sufficiency-v2,20260715,operational-envelope-v4,2.7,2.62,2.7800000000000002,0.08,0.5,0.1,500,0.05,100,134,66,644,497.71293017078534,2.696978923502469,25,0.05,0.7376053020982701,-0.13217597012180085,False,True,1.0,0.1935483870967742,1.0,1.0,False,0.0,0.0,0.9778526315789474,0.0,202
operational-sufficiency-v2,20260715,operational-envelope-v4,2.7,2.62,2.7800000000000002,0.08,0.5,0.1,500,0.05,100,135,67,740,582.7046354051025,2.7654484729088393,25,0.05,0.4829836002463636,-0.3160676155081712,False,True,1.0,0.13793103448275862,1.0,1.0,True,0.56,0.125,0.9801263157894737,0.0,202
operational-sufficiency-v2,20260715,operational-envelope-v4,2.7,2.62,2.7800000000000002,0.08,0.5,0.1,500,0.05,100,139,68,547,418.505355894127,2.621701020323021,25,0.05,0.5615349277842174,-0.25062322520451347,False,True,0.96,0.04,1.0,1.0,False,0.0,0.0,0.9741473684210527,0.0,202
operational-sufficiency-v2,20260715,operational-envelope-v4,2.7,2.62,2.7800000000000002,0.08,0.5,0.1,500,0.05,100,140,69,644,510.76133027867695,2.708218009416927,25,0.05,0.5297143484493959,-0.27595826310744626,False,True,1.0,0.16666666666666666,1.0,1.0,True,0.84,0.19230769230769232,0.984842105263158,0.0,202
operational-sufficiency-v2,20260715,operational-envelope-v4,2.7,2.62,2.7800000000000002,0.08,0.5,0.1,500,0.05,100,141,70,740,585.6166851590239,2.7676134419732588,25,0.05,0.6254645879547315,-0.20379727380622856,False,True,1.0,0.038461538461538464,1.0,1.0,True,0.32,0.1111111111111111,0.9511578947368422,0.0,202
operational-sufficiency-v2,20260715,operational-envelope-v4,2.7,2.62,2.7800000000000002,0.08,0.5,0.1,500,0.05,100,145,71,547,428.0044975184034,2.6314483326514018,25,0.05,0.5133094205128098,-0.28962076527520614,False,True,0.92,0.0,1.0,1.0,False,0.0,0.0,0.984421052631579,0.0,202
operational-sufficiency-v2,20260715,operational-envelope-v4,2.7,2.62,2.7800000000000002,0.08,0.5,0.1,500,0.05,100,146,72,644,484.2427304478994,2.6850631097214306,25,0.05,0.6808480505468685,-0.16694980170290138,False,True,0.96,0.04,1.0,1.0,False,0.0,0.0,0.9818105263157894,0.0,202
operational-sufficiency-v2,20260715,operational-envelope-v4,2.7,2.62,2.7800000000000002,0.08,0.5,0.1,500,0.05,100,147,73,740,563.5256418145548,2.7509136823079516,25,0.05,0.48264110816054767,-0.31637569053547265,False,True,1.0,0.10714285714285714,1.0,1.0,True,0.56,0.06666666666666667,0.9818105263157894,0.0,202
operational-sufficiency-v2,20260715,operational-envelope-v4,2.7,2.62,2.7800000000000002,0.08,0.5,0.1,500,0.05,100,151,74,547,421.5417338530794,2.624840577501374,25,0.05,0.6905203203037482,-0.16082353668572894,False,True,0.96,0.04,1.0,1.0,False,0.0,0.0,0.9801263157894736,0.0,202
operational-sufficiency-v2,20260715,operational-envelope-v4,2.7,2.62,2.7800000000000002,0.08,0.5,0.1,500,0.05,100,152,75,644,507.5712651653095,2.705497027659504,25,0.05,0.7037722124665666,-0.1525678847169067,False,True,1.0,0.0,1.0,1.0,True,0.52,0.0,0.9996631578947368,0.0,202
operational-sufficiency-v2,20260715,operational-envelope-v4,2.7,2.62,2.7800000000000002,0.08,0.5,0.1,500,0.05,100,153,76,740,579.2959684346472,2.7629005060708183,25,0.05,0.4745774590357787,-0.3236928932759869,False,True,1.0,0.038461538461538464,1.0,1.0,True,0.24,0.0,0.9834105263157895,0.0,202
operational-sufficiency-v2,20260715,operational-envelope-v4,2.7,2.62,2.7800000000000002,0.08,0.5,0.1,500,0.05,100,157,77,547,430.25461873392834,2.633725541126017,25,0.05,0.7117357001173652,-0.14768124974828184,False,True,1.0,0.16666666666666666,1.0,1.0,True,0.92,0.17857142857142858,0.9706947368421052,0.0,202
operational-sufficiency-v2,20260715,operational-envelope-v4,2.7,2.62,2.7800000000000002,0.08,0.5,0.1,500,0.05,100,158,78,644,502.9445191320432,2.7015200797602157,25,0.05,0.5684309222885878,-0.2453223047522738,False,True,1.0,0.10714285714285714,1.0,1.0,False,0.0,0.0,0.9827368421052631,0.0,202
operational-sufficiency-v2,20260715,operational-envelope-v4,2.7,2.62,2.7800000000000002,0.08,0.5,0.1,500,0.05,100,159,79,740,570.342323519453,2.756135600567991,25,0.05,0.45822636068480055,-0.338919930487859,False,True,0.96,0.04,1.0,1.0,True,0.6,0.0,0.9753263157894736,0.0,202
operational-sufficiency-v2,20260715,operational-envelope-v4,2.7,2.62,2.7800000000000002,0.08,0.5,0.1,500,0.05,100,163,80,547,432.5700914899278,2.636056488404232,25,0.05,0.6992636830576717,-0.15535902668213927,False,True,0.96,0.1111111111111111,1.0,1.0,True,0.76,0.13636363636363635,0.9850947368421052,0.0,202
operational-sufficiency-v2,20260715,operational-envelope-v4,2.7,2.62,2.7800000000000002,0.08,0.5,0.1,500,0.05,100,164,81,644,502.2302131192586,2.7009028354105347,25,0.05,0.5896549264577957,-0.22940206865904128,False,True,1.0,0.21875,1.0,1.0,True,0.88,0.2413793103448276,0.9909052631578947,0.0,202
operational-sufficiency-v2,20260715,operational-envelope-v4,2.7,2.62,2.7800000000000002,0.08,0.5,0.1,500,0.05,100,165,82,740,589.862056436479,2.7707504605694617,25,0.05,0.6480704255888083,-0.1883777969338986,False,True,1.0,0.10714285714285714,1.0,1.0,True,0.68,0.15,0.9726315789473684,0.0,202
operational-sufficiency-v2,20260715,operational-envelope-v4,2.7,2.62,2.7800000000000002,0.08,0.5,0.1,500,0.05,100,169,83,547,422.765954699075,2.6261000063514355,25,0.05,0.8121923861553113,-0.09034108609226764,False,True,0.96,0.22580645161290322,1.0,1.0,True,0.48,0.25,0.9771789473684211,0.0,202
operational-sufficiency-v2,20260715,operational-envelope-v4,2.7,2.62,2.7800000000000002,0.08,0.5,0.1,500,0.05,100,170,84,644,514.7148932569789,2.711566734727236,25,0.05,0.6450814676953261,-0.1903854346107814,False,True,1.0,0.10714285714285714,1.0,1.0,True,0.6,0.16666666666666666,0.9873684210526317,0.0,202
operational-sufficiency-v2,20260715,operational-envelope-v4,2.7,2.62,2.7800000000000002,0.08,0.5,0.1,500,0.05,100,171,85,740,566.9980328701554,2.7535815521643023,25,0.05,0.5286901044133622,-0.276798818285812,False,True,1.0,0.0,1.0,1.0,True,0.52,0.0,0.9781052631578947,0.0,202
operational-sufficiency-v2,20260715,operational-envelope-v4,2.7,2.62,2.7800000000000002,0.08,0.5,0.1,500,0.05,100,175,86,547,424.9325773206371,2.628320027413926,25,0.05,0.601842410462575,-0.22051721177557163,False,True,1.0,0.0,1.0,1.0,True,0.48,0.0,0.9917473684210526,0.0,202
operational-sufficiency-v2,20260715,operational-envelope-v4,2.7,2.62,2.7800000000000002,0.08,0.5,0.1,500,0.05,100,176,87,644,507.45474728500955,2.705397319726783,25,0.05,0.6296061537580411,-0.20093103584260769,False,True,1.0,0.038461538461538464,1.0,1.0,False,0.0,0.0,0.9942736842105263,0.0,202
operational-sufficiency-v2,20260715,operational-envelope-v4,2.7,2.62,2.7800000000000002,0.08,0.5,0.1,500,0.05,100,177,88,740,581.0040250610086,2.764179141092104,25,0.05,0.5317283066722507,-0.27431021930904514,False,True,1.0,0.24242424242424243,1.0,1.0,True,0.52,0.2777777777777778,0.9793684210526316,0.0,202
operational-sufficiency-v2,20260715,operational-envelope-v4,2.7,2.62,2.7800000000000002,0.08,0.5,0.1,500,0.05,100,181,89,547,418.8091353361425,2.6220161462226756,25,0.05,0.6818217799479903,-0.16632912988895493,False,True,1.0,0.038461538461538464,1.0,1.0,True,0.48,0.07692307692307693,0.9936000000000001,0.0,202
operational-sufficiency-v2,20260715,operational-envelope-v4,2.7,2.62,2.7800000000000002,0.08,0.5,0.1,500,0.05,100,182,90,644,499.52892599134725,2.698560641780612,25,0.05,0.6331843031338446,-0.19846985999232936,False,True,1.0,0.34210526315789475,1.0,1.0,True,0.8,0.3548387096774194,0.9853473684210526,0.0,202
operational-sufficiency-v2,20260715,operational-envelope-v4,2.7,2.62,2.7800000000000002,0.08,0.5,0.1,500,0.05,100,183,91,740,578.9715072067206,2.7626571914176328,25,0.05,0.4620067795183711,-0.33535165153085295,False,True,1.0,0.13793103448275862,1.0,1.0,False,0.0,0.0,0.9488842105263159,0.0,202
operational-sufficiency-v2,20260715,operational-envelope-v4,2.7,2.62,2.7800000000000002,0.08,0.5,0.1,500,0.05,100,188,92,644,509.2180653648376,2.7069038025799905,25,0.05,0.49283054581413466,-0.30730238228152973,False,True,1.0,0.21875,1.0,1.0,True,0.84,0.25,0.9861052631578947,0.0,202
operational-sufficiency-v2,20260715,operational-envelope-v4,2.7,2.62,2.7800000000000002,0.08,0.5,0.1,500,0.05,100,189,93,740,567.2173633057696,2.7537495167315424,25,0.05,0.459113137534208,-0.3380802797084309,False,True,1.0,0.0,1.0,1.0,True,0.6,0.0,0.9794526315789475,0.0,202
operational-sufficiency-v2,20260715,operational-envelope-v4,2.7,2.62,2.7800000000000002,0.08,0.5,0.1,500,0.05,100,193,94,547,417.84901493871735,2.621019382673628,25,0.05,0.6271609585866977,-0.20262098475936358,False,True,0.96,0.07692307692307693,1.0,1.0,False,0.0,0.0,0.9941894736842104,0.0,202
operational-sufficiency-v2,20260715,operational-envelope-v4,2.7,2.62,2.7800000000000002,0.08,0.5,0.1,500,0.05,100,194,95,644,498.07392462475406,2.6972938059604354,25,0.05,0.6260139893148169,-0.2034159616548311,False,True,1.0,0.07407407407407407,1.0,1.0,True,0.2,0.16666666666666666,0.9899789473684212,0.0,202
operational-sufficiency-v2,20260715,operational-envelope-v4,2.7,2.62,2.7800000000000002,0.08,0.5,0.1,500,0.05,100,195,96,740,587.6429990845436,2.7691135665292292,25,0.05,0.5246112370270001,-0.28016241117884727,False,True,1.0,0.13793103448275862,1.0,1.0,False,0.0,0.0,0.9815578947368422,0.0,202
operational-sufficiency-v2,20260715,operational-envelope-v4,2.7,2.62,2.7800000000000002,0.08,0.5,0.1,500,0.05,100,199,97,547,429.17786508816283,2.6326373150693985,25,0.05,0.6571063120832878,-0.18236436100949244,False,True,1.0,0.0,1.0,1.0,False,0.0,0.0,0.9706947368421054,0.0,202
operational-sufficiency-v2,20260715,operational-envelope-v4,2.7,2.62,2.7800000000000002,0.08,0.5,0.1,500,0.05,100,200,98,644,514.1532564397605,2.7110925907956718,25,0.05,0.5767508722232653,-0.23901174002062764,False,True,1.0,0.038461538461538464,1.0,1.0,False,0.0,0.0,0.9818105263157895,0.0,202
operational-sufficiency-v2,20260715,operational-envelope-v4,2.7,2.62,2.7800000000000002,0.08,0.5,0.1,500,0.05,100,201,99,740,579.5257664944353,2.7630727500452243,25,0.05,0.5637205441056456,-0.24893613756026894,False,True,1.0,0.07407407407407407,1.0,1.0,False,0.0,0.0,0.9902315789473684,0.0,202
operational-sufficiency-v2,20260715,operational-envelope-v4,2.7,2.62,2.7800000000000002,0.08,1.0,0.1,500,0.05,100,1,0,1158,492.70833141201337,2.6925899060047085,25,0.05,0.4140224073906079,-0.38297615370337057,False,True,0.96,0.14285714285714285,1.0,1.0,False,0.0,0.0,0.989557894736842,0.0,237
operational-sufficiency-v2,20260715,operational-envelope-v4,2.7,2.62,2.7800000000000002,0.08,1.0,0.1,500,0.05,100,2,1,1362,506.2544749840035,2.704368875140789,25,0.05,0.327652065564037,-0.48458708984660137,False,True,0.92,0.11538461538461539,1.0,1.0,True,0.52,0.1875,0.9728842105263158,0.0,237
operational-sufficiency-v2,20260715,operational-envelope-v4,2.7,2.62,2.7800000000000002,0.08,1.0,0.1,500,0.05,100,3,2,1567,574.7384311029111,2.759470238125337,25,0.05,0.29558779135819874,-0.5293135075412897,False,True,0.84,0.0,1.0,1.0,True,0.28,0.0,0.9916631578947368,0.0,237
operational-sufficiency-v2,20260715,operational-envelope-v4,2.7,2.62,2.7800000000000002,0.08,1.0,0.1,500,0.05,100,7,3,1158,465.39570018670764,2.6678223665016083,25,0.05,0.34211579905534056,-0.4658268694451068,False,True,0.88,0.043478260869565216,1.0,1.0,True,0.4,0.09090909090909091,0.990821052631579,0.0,237
operational-sufficiency-v2,20260715,operational-envelope-v4,2.7,2.62,2.7800000000000002,0.08,1.0,0.1,500,0.05,100,8,4,1362,566.7479833452202,2.753389983454751,25,0.05,0.5316329223539267,-0.27438813240590926,False,True,0.96,0.04,1.0,1.0,True,0.48,0.07692307692307693,0.9870315789473685,0.0,237
operational-sufficiency-v2,20260715,operational-envelope-v4,2.7,2.62,2.7800000000000002,0.08,1.0,0.1,500,0.05,100,9,5,1567,480.7472365145583,2.68191679645721,25,0.05,0.24863103463407105,-0.6044446627856711,False,True,0.96,0.07692307692307693,1.0,1.0,True,0.6,0.0625,0.9637894736842105,0.0,237
operational-sufficiency-v2,20260715,operational-envelope-v4,2.7,2.62,2.7800000000000002,0.08,1.0,0.1,500,0.05,100,14,6,1362,567.2362908643321,2.7537640085253856,25,0.05,0.504285616100273,-0.29732341918445027,False,False,0.0,0.0,1.0,1.0,False,0.0,0.0,0.9866105263157895,0.0,237
operational-sufficiency-v2,20260715,operational-envelope-v4,2.7,2.62,2.7800000000000002,0.08,1.0,0.1,500,0.05,100,15,7,1567,495.4920247681722,2.695036668655706,25,0.05,0.28238396559692797,-0.5491599671474189,False,True,1.0,0.038461538461538464,1.0,1.0,True,0.48,0.07692307692307693,0.9914947368421053,0.0,237
operational-sufficiency-v2,20260715,operational-envelope-v4,2.7,2.62,2.7800000000000002,0.08,1.0,0.1,500,0.05,100,20,8,1362,488.9963578609502,2.689305624426724,25,0.05,0.3948207307994025,-0.4036000519613294,False,True,1.0,0.0,1.0,1.0,True,0.44,0.0,0.979621052631579,0.0,237
operational-sufficiency-v2,20260715,operational-envelope-v4,2.7,2.62,2.7800000000000002,0.08,1.0,0.1,500,0.05,100,22,9,1839,546.5179389769834,2.7376044218590985,25,0.05,0.17616053704787732,-0.7540913743681561,False,True,1.0,0.10714285714285714,1.0,1.0,True,0.68,0.15,0.9932631578947368,0.0,237
operational-sufficiency-v2,20260715,operational-envelope-v4,2.7,2.62,2.7800000000000002,0.08,1.0,0.1,500,0.05,100,25,10,1158,445.3216217834329,2.6486737820238067,25,0.05,0.3975355139701489,-0.4006240674293653,False,True,0.96,0.04,1.0,1.0,True,0.8,0.047619047619047616,0.9906526315789472,0.0,237
operational-sufficiency-v2,20260715,operational-envelope-v4,2.7,2.62,2.7800000000000002,0.08,1.0,0.1,500,0.05,100,26,11,1362,534.086491674077,2.7276115937609413,25,0.05,0.5567409447402102,-0.2543468379335121,False,False,0.0,0.0,1.0,1.0,False,0.0,0.0,0.9682526315789474,0.0,237
operational-sufficiency-v2,20260715,operational-envelope-v4,2.7,2.62,2.7800000000000002,0.08,1.0,0.1,500,0.05,100,27,12,1567,447.2957738910195,2.650594794920968,25,0.05,0.3027595271814926,-0.5189021816704625,False,True,0.96,0.1111111111111111,1.0,1.0,True,0.52,0.07142857142857142,0.9705263157894737,0.0,237
operational-sufficiency-v2,20260715,operational-envelope-v4,2.7,2.62,2.7800000000000002,0.08,1.0,0.1,500,0.05,100,32,13,1362,511.6492996588238,2.7089723840049205,25,0.05,0.2947935328430177,-0.5304820482261434,False,True,0.96,0.04,1.0,1.0,True,0.48,0.0,0.9933473684210525,0.0,237
operational-sufficiency-v2,20260715,operational-envelope-v4,2.7,2.62,2.7800000000000002,0.08,1.0,0.1,500,0.05,100,33,14,1567,591.8360539104021,2.7722014183058508,25,0.05,0.39170831020674507,-0.40703721466952303,False,True,0.92,0.0,1.0,1.0,True,0.44,0.0,0.9658105263157895,0.0,237
operational-sufficiency-v2,20260715,operational-envelope-v4,2.7,2.62,2.7800000000000002,0.08,1.0,0.1,500,0.05,100,35,15,2180,485.8906039308852,2.686538500832046,25,0.05,0.1814811870245716,-0.7411683887815147,False,True,1.0,0.24242424242424243,1.0,1.0,True,0.76,0.2962962962962963,0.9786105263157896,0.0,237
operational-sufficiency-v2,20260715,operational-envelope-v4,2.7,2.62,2.7800000000000002,0.08,1.0,0.1,500,0.05,100,38,16,1362,529.3654295503076,2.7237555760930823,25,0.05,0.3984614480542034,-0.39961369109912215,False,True,1.0,0.16666666666666666,1.0,1.0,True,0.64,0.23809523809523808,0.9764210526315789,0.0,237
operational-sufficiency-v2,20260715,operational-envelope-v4,2.7,2.62,2.7800000000000002,0.08,1.0,0.1,500,0.05,100,39,17,1567,548.3200736987116,2.739034145458533,25,0.05,0.29376237647407044,-0.5320038271162411,False,True,1.0,0.10714285714285714,1.0,1.0,True,0.6,0.16666666666666666,0.9866105263157895,0.0,237
operational-sufficiency-v2,20260715,operational-envelope-v4,2.7,2.62,2.7800000000000002,0.08,1.0,0.1,500,0.05,100,43,18,1158,450.048217402609,2.653259045842182,25,0.05,0.5934074358403274,-0.22664701594942743,False,True,0.92,0.28125,1.0,1.0,False,0.0,0.0,0.9899789473684212,0.0,237
operational-sufficiency-v2,20260715,operational-envelope-v4,2.7,2.62,2.7800000000000002,0.08,1.0,0.1,500,0.05,100,44,19,1362,529.3242915657275,2.7237218249394584,25,0.05,0.3011212749960276,-0.5212585593760871,False,True,0.96,0.14285714285714285,1.0,1.0,True,0.48,0.2,0.9870315789473684,0.0,237
operational-sufficiency-v2,20260715,operational-envelope-v4,2.7,2.62,2.7800000000000002,0.08,1.0,0.1,500,0.05,100,45,20,1567,560.8789210291908,2.748869118646125,25,0.05,0.3184893727776519,-0.4969050544464466,False,False,0.0,0.0,1.0,1.0,False,0.0,0.0,0.9857684210526315,0.0,237
operational-sufficiency-v2,20260715,operational-envelope-v4,2.7,2.62,2.7800000000000002,0.08,1.0,0.1,500,0.05,100,49,21,1158,448.9347024506659,2.652183177467422,25,0.05,0.23205331542356292,-0.634412222289672,False,True,0.88,0.043478260869565216,1.0,1.0,True,0.44,0.08333333333333333,0.9859368421052633,0.0,237
operational-sufficiency-v2,20260715,operational-envelope-v4,2.7,2.62,2.7800000000000002,0.08,1.0,0.1,500,0.05,100,50,22,1362,579.8920148690215,2.7633471285409423,25,0.05,0.40425692861951795,-0.3933425279201702,False,True,0.92,0.041666666666666664,1.0,1.0,True,0.4,0.0,0.9839157894736843,0.0,237
operational-sufficiency-v2,20260715,operational-envelope-v4,2.7,2.62,2.7800000000000002,0.08,1.0,0.1,500,0.05,100,55,23,1158,469.14458881667355,2.671306711473635,25,0.05,0.4695484733931551,-0.32831956710287263,False,True,0.88,0.15384615384615385,1.0,1.0,True,0.56,0.17647058823529413,0.9744842105263157,0.0,237
operational-sufficiency-v2,20260715,operational-envelope-v4,2.7,2.62,2.7800000000000002,0.08,1.0,0.1,500,0.05,100,61,24,1158,455.0183416966329,2.6580289033320277,25,0.05,0.515895990287318,-0.2874378475925943,False,True,0.96,0.1111111111111111,1.0,1.0,False,0.0,0.0,0.9959578947368422,0.0,237
operational-sufficiency-v2,20260715,operational-envelope-v4,2.7,2.62,2.7800000000000002,0.08,1.0,0.1,500,0.05,100,62,25,1362,459.1309869982166,2.6619366045242425,25,0.05,0.4517222374147591,-0.34512852943239464,False,True,0.96,0.1111111111111111,1.0,1.0,True,0.44,0.0,0.989642105263158,0.0,237
operational-sufficiency-v2,20260715,operational-envelope-v4,2.7,2.62,2.7800000000000002,0.08,1.0,0.1,500,0.05,100,63,26,1567,491.4356324734858,2.6914666426316,25,0.05,0.34370572324538096,-0.46381323611068553,False,True,0.92,0.041666666666666664,1.0,1.0,True,0.48,0.0,0.9892210526315789,0.0,237
operational-sufficiency-v2,20260715,operational-envelope-v4,2.7,2.62,2.7800000000000002,0.08,1.0,0.1,500,0.05,100,67,27,1158,478.92976755731667,2.6802718311626994,25,0.05,0.3984986490043054,-0.3995731466166011,False,True,0.92,0.17857142857142858,1.0,1.0,True,0.52,0.23529411764705882,0.9850105263157894,0.0,237
operational-sufficiency-v2,20260715,operational-envelope-v4,2.7,2.62,2.7800000000000002,0.08,1.0,0.1,500,0.05,100,68,28,1362,497.8788436824632,2.6971236722341363,25,0.05,0.41145679158632914,-0.3856757647309108,False,True,0.96,0.04,1.0,1.0,True,0.64,0.0,0.9692631578947367,0.0,237
operational-sufficiency-v2,20260715,operational-envelope-v4,2.7,2.62,2.7800000000000002,0.08,1.0,0.1,500,0.05,100,69,29,1567,535.6229286599969,2.7288591597839167,25,0.05,0.20108026963375533,-0.6966305410868231,False,True,0.96,0.04,1.0,1.0,True,0.4,0.0,0.9649684210526314,0.0,237
operational-sufficiency-v2,20260715,operational-envelope-v4,2.7,2.62,2.7800000000000002,0.08,1.0,0.1,500,0.05,100,73,30,1158,451.6162408308016,2.6547695514468477,25,0.05,0.46034577304820884,-0.336915840239804,False,True,0.92,0.041666666666666664,1.0,1.0,True,0.24,0.0,0.9888842105263157,0.0,237
operational-sufficiency-v2,20260715,operational-envelope-v4,2.7,2.62,2.7800000000000002,0.08,1.0,0.1,500,0.05,100,74,31,1362,507.253027199579,2.7052246475085373,25,0.05,0.3257155107843696,-0.48716155955711976,False,True,0.96,0.29411764705882354,1.0,1.0,False,0.0,0.0,0.9858526315789475,0.0,237
operational-sufficiency-v2,20260715,operational-envelope-v4,2.7,2.62,2.7800000000000002,0.08,1.0,0.1,500,0.05,100,75,32,1567,576.8313095598392,2.7610488252204473,25,0.05,0.34249258960571116,-0.4653488207501386,False,True,0.92,0.08,1.0,1.0,True,0.32,0.1111111111111111,0.9905684210526318,0.0,237
operational-sufficiency-v2,20260715,operational-envelope-v4,2.7,2.62,2.7800000000000002,0.08,1.0,0.1,500,0.05,100,79,33,1158,447.7876446057599,2.6510721063185643,25,0.05,0.44095098340731137,-0.35560968449783253,False,True,1.0,0.16666666666666666,1.0,1.0,True,0.64,0.23809523809523808,0.9821473684210527,0.0,237
operational-sufficiency-v2,20260715,operational-envelope-v4,2.7,2.62,2.7800000000000002,0.08,1.0,0.1,500,0.05,100,80,34,1362,481.8508592637822,2.6829126377791503,25,0.05,0.33878091987869163,-0.4700810570920344,False,True,0.96,0.2,1.0,1.0,True,0.44,0.35294117647058826,0.9794526315789475,0.0,237
operational-sufficiency-v2,20260715,operational-envelope-v4,2.7,2.62,2.7800000000000002,0.08,1.0,0.1,500,0.05,100,81,35,1567,437.5447715508527,2.6410224985986677,25,0.05,0.305483845645034,-0.5150117508313051,False,True,0.92,0.041666666666666664,1.0,1.0,True,0.28,0.0,0.9899789473684212,0.0,237
operational-sufficiency-v2,20260715,operational-envelope-v4,2.7,2.62,2.7800000000000002,0.08,1.0,0.1,500,0.05,100,85,36,1158,426.4383313842278,2.6298562353253865,25,0.05,0.23086719892989174,-0.6366377662412113,False,True,0.96,0.07692307692307693,1.0,1.0,True,0.56,0.06666666666666667,0.9813894736842105,0.0,237
operational-sufficiency-v2,20260715,operational-envelope-v4,2.7,2.62,2.7800000000000002,0.08,1.0,0.1,500,0.05,100,86,37,1362,538.4911904274275,2.7311786027499676,25,0.05,0.36318978071491065,-0.4398663799790432,False,True,0.92,0.041666666666666664,1.0,1.0,True,0.48,0.0,0.976757894736842,0.0,237
operational-sufficiency-v2,20260715,operational-envelope-v4,2.7,2.62,2.7800000000000002,0.08,1.0,0.1,500,0.05,100,89,38,2180,482.75881369627,2.6837302114099275,25,0.05,0.2717749607310217,-0.5657905583366946,False,True,0.96,0.0,1.0,1.0,True,0.12,0.0,0.9872,0.0,237
operational-sufficiency-v2,20260715,operational-envelope-v4,2.7,2.62,2.7800000000000002,0.08,1.0,0.1,500,0.05,100,91,39,1158,425.2099688500236,2.6286034378028234,25,0.05,0.5354946271436899,-0.2712448822804048,False,True,1.0,0.0,1.0,1.0,False,0.0,0.0,0.9714526315789473,0.0,237
operational-sufficiency-v2,20260715,operational-envelope-v4,2.7,2.62,2.7800000000000002,0.08,1.0,0.1,500,0.05,100,92,40,1362,500.2107298919649,2.699153003433852,25,0.05,0.46837712097719214,-0.32940432725473984,False,False,0.0,0.0,1.0,1.0,False,0.0,0.0,0.9450105263157894,0.0,237
operational-sufficiency-v2,20260715,operational-envelope-v4,2.7,2.62,2.7800000000000002,0.08,1.0,0.1,500,0.05,100,93,41,1567,573.2688705615237,2.7583583595133643,25,0.05,0.2959015395070122,-0.5288527753001275,False,True,0.88,0.043478260869565216,1.0,1.0,True,0.52,0.07142857142857142,0.9945263157894737,0.0,237
operational-sufficiency-v2,20260715,operational-envelope-v4,2.7,2.62,2.7800000000000002,0.08,1.0,0.1,500,0.05,100,97,42,1158,472.4088818166422,2.674318054241426,25,0.05,0.4036373848451269,-0.3940086162705271,False,True,0.96,0.07692307692307693,1.0,1.0,False,0.0,0.0,0.970442105263158,0.0,237
operational-sufficiency-v2,20260715,operational-envelope-v4,2.7,2.62,2.7800000000000002,0.08,1.0,0.1,500,0.05,100,99,43,1567,583.9252361006849,2.7663572450105547,25,0.05,0.30058861887662286,-0.5220274670380418,False,True,0.96,0.0,1.0,1.0,True,0.8,0.0,0.9930105263157896,0.0,237
operational-sufficiency-v2,20260715,operational-envelope-v4,2.7,2.62,2.7800000000000002,0.08,1.0,0.1,500,0.05,100,103,44,1158,489.061526645199,2.689363499208742,25,0.05,0.4653147774823445,-0.3322531549089644,False,True,0.88,0.043478260869565216,1.0,1.0,False,0.0,0.0,0.9880421052631578,0.0,237
operational-sufficiency-v2,20260715,operational-envelope-v4,2.7,2.62,2.7800000000000002,0.08,1.0,0.1,500,0.05,100,105,45,1567,530.0987664213462,2.7243567935925355,25,0.05,0.2272484601965091,-0.6434990508141354,False,True,0.96,0.0,1.0,1.0,False,0.0,0.0,0.982063157894737,0.0,237
operational-sufficiency-v2,20260715,operational-envelope-v4,2.7,2.62,2.7800000000000002,0.08,1.0,0.1,500,0.05,100,109,46,1158,429.7995017886747,2.6332659077339384,25,0.05,0.2707526322108419,-0.5674273125453492,False,True,0.96,0.14285714285714285,1.0,1.0,True,0.68,0.10526315789473684,0.9904842105263156,0.0,237
operational-sufficiency-v2,20260715,operational-envelope-v4,2.7,2.62,2.7800000000000002,0.08,1.0,0.1,500,0.05,100,111,47,1567,572.4009222053445,2.7577003247878955,25,0.05,0.21757426259126714,-0.6623924797260601,False,True,1.0,0.1935483870967742,1.0,1.0,True,0.68,0.2608695652173913,0.9843368421052631,0.0,237
operational-sufficiency-v2,20260715,operational-envelope-v4,2.7,2.62,2.7800000000000002,0.08,1.0,0.1,500,0.05,100,115,48,1158,428.7462936491064,2.632200378754154,25,0.05,0.419802609418012,-0.37695486624832647,False,True,0.92,0.14814814814814814,1.0,1.0,True,0.4,0.0,0.9949473684210527,0.0,237
operational-sufficiency-v2,20260715,operational-envelope-v4,2.7,2.62,2.7800000000000002,0.08,1.0,0.1,500,0.05,100,116,49,1362,480.995277393754,2.6821408123158244,25,0.05,0.257685809240886,-0.5889094973903892,False,True,0.96,0.2,1.0,1.0,True,0.68,0.22727272727272727,0.9879578947368421,0.0,237
operational-sufficiency-v2,20260715,operational-envelope-v4,2.7,2.62,2.7800000000000002,0.08,1.0,0.1,500,0.05,100,117,50,1567,507.4451850807056,2.7053891360380633,25,0.05,0.290209086136722,-0.5372889943887512,False,True,0.96,0.07692307692307693,1.0,1.0,True,0.64,0.058823529411764705,0.9940210526315789,0.0,237
operational-sufficiency-v2,20260715,operational-envelope-v4,2.7,2.62,2.7800000000000002,0.08,1.0,0.1,500,0.05,100,121,51,1158,435.9651421912423,2.639451766426421,25,0.05,0.6305376950861562,-0.20028894512807566,False,True,0.88,0.12,1.0,1.0,True,0.4,0.09090909090909091,0.9913263157894737,0.0,237
operational-sufficiency-v2,20260715,operational-envelope-v4,2.7,2.62,2.7800000000000002,0.08,1.0,0.1,500,0.05,100,122,52,1362,586.8231090844633,2.768507208017615,25,0.05,0.24625015975296297,-0.6086234790849384,False,True,1.0,0.07407407407407407,1.0,1.0,True,0.32,0.1111111111111111,0.9837473684210525,0.0,237
operational-sufficiency-v2,20260715,operational-envelope-v4,2.7,2.62,2.7800000000000002,0.08,1.0,0.1,500,0.05,100,123,53,1567,591.8493733441271,2.7722111921130392,25,0.05,0.2453842235205246,-0.6101533627917015,False,True,0.92,0.0,1.0,1.0,False,0.0,0.0,0.9950315789473683,0.0,237
operational-sufficiency-v2,20260715,operational-envelope-v4,2.7,2.62,2.7800000000000002,0.08,1.0,0.1,500,0.05,100,127,54,1158,482.89156227166166,2.683849616891603,25,0.05,0.6685187162171524,-0.1748864294849475,False,True,0.92,0.14814814814814814,1.0,1.0,True,0.04,0.0,0.9873684210526315,0.0,237
operational-sufficiency-v2,20260715,operational-envelope-v4,2.7,2.62,2.7800000000000002,0.08,1.0,0.1,500,0.05,100,128,55,1362,534.8236765741551,2.7282106251753953,25,0.05,0.3488454628360493,-0.4573669211815592,False,True,0.96,0.04,1.0,1.0,True,0.76,0.05,0.9976421052631579,0.0,237
operational-sufficiency-v2,20260715,operational-envelope-v4,2.7,2.62,2.7800000000000002,0.08,1.0,0.1,500,0.05,100,134,56,1362,434.27986322842617,2.637769692379668,25,0.05,0.38856403083508767,-0.4105374042839494,False,True,0.92,0.28125,1.0,1.0,True,0.76,0.32142857142857145,0.9811368421052632,0.0,237
operational-sufficiency-v2,20260715,operational-envelope-v4,2.7,2.62,2.7800000000000002,0.08,1.0,0.1,500,0.05,100,135,57,1567,533.5490245716827,2.727174330269907,25,0.05,0.3549832735890705,-0.44979210992830365,False,True,0.96,0.04,1.0,1.0,True,0.56,0.06666666666666667,0.9914105263157896,0.0,237
operational-sufficiency-v2,20260715,operational-envelope-v4,2.7,2.62,2.7800000000000002,0.08,1.0,0.1,500,0.05,100,140,58,1362,536.5265704352353,2.7295912344243685,25,0.05,0.33761164530459614,-0.47158258158340666,False,True,0.92,0.17857142857142858,1.0,1.0,True,0.4,0.2857142857142857,0.9657263157894737,0.0,237
operational-sufficiency-v2,20260715,operational-envelope-v4,2.7,2.62,2.7800000000000002,0.08,1.0,0.1,500,0.05,100,141,59,1567,596.2511438989412,2.7754292252364663,25,0.05,0.30879741961255014,-0.510326337393014,False,True,1.0,0.13793103448275862,1.0,1.0,True,0.6,0.21052631578947367,0.973978947368421,0.0,237
operational-sufficiency-v2,20260715,operational-envelope-v4,2.7,2.62,2.7800000000000002,0.08,1.0,0.1,500,0.05,100,144,60,954,419.746977851505,2.6229875779318497,25,0.05,0.4344339917140719,-0.36207620129143786,False,False,0.0,0.0,1.0,1.0,False,0.0,0.0,0.994442105263158,0.0,237
operational-sufficiency-v2,20260715,operational-envelope-v4,2.7,2.62,2.7800000000000002,0.08,1.0,0.1,500,0.05,100,145,61,1158,512.8820984123258,2.710017540757265,25,0.05,0.31723024552798423,-0.4986254126542391,False,False,0.0,0.0,1.0,1.0,True,0.48,0.2,0.9865263157894737,0.0,237
operational-sufficiency-v2,20260715,operational-envelope-v4,2.7,2.62,2.7800000000000002,0.08,1.0,0.1,500,0.05,100,146,62,1362,551.364352351845,2.7414386840088825,25,0.05,0.3740719269074751,-0.42704488321224693,False,True,0.88,0.08333333333333333,1.0,1.0,True,0.52,0.13333333333333333,0.9781894736842104,0.0,237
operational-sufficiency-v2,20260715,operational-envelope-v4,2.7,2.62,2.7800000000000002,0.08,1.0,0.1,500,0.05,100,147,63,1567,536.0344714571096,2.729192719323784,25,0.05,0.2563444269833005,-0.5911761198335268,False,True,1.0,0.07407407407407407,1.0,1.0,True,0.72,0.05263157894736842,0.9868631578947368,0.0,237
operational-sufficiency-v2,20260715,operational-envelope-v4,2.7,2.62,2.7800000000000002,0.08,1.0,0.1,500,0.05,100,152,64,1362,533.0110554563635,2.726736217045146,25,0.05,0.370974727315807,-0.4306556757249612,False,True,1.0,0.13793103448275862,1.0,1.0,True,0.64,0.058823529411764705,0.9738105263157893,0.0,237
operational-sufficiency-v2,20260715,operational-envelope-v4,2.7,2.62,2.7800000000000002,0.08,1.0,0.1,500,0.05,100,153,65,1567,568.6915253032146,2.754876756401502,25,0.05,0.2632639479690523,-0.5796086102069634,False,True,0.96,0.0,1.0,1.0,True,0.4,0.0,0.9853473684210527,0.0,237
operational-sufficiency-v2,20260715,operational-envelope-v4,2.7,2.62,2.7800000000000002,0.08,1.0,0.1,500,0.05,100,157,66,1158,426.90628349678565,2.6303325470923005,25,0.05,0.3877469487777619,-0.4114516110106691,False,True,0.92,0.08,1.0,1.0,False,0.0,0.0,0.9845894736842107,0.0,237
operational-sufficiency-v2,20260715,operational-envelope-v4,2.7,2.62,2.7800000000000002,0.08,1.0,0.1,500,0.05,100,158,67,1362,520.5096497065425,2.716428785288354,25,0.05,0.4761696917061016,-0.3222382509800513,False,True,0.96,0.0,1.0,1.0,False,0.0,0.0,0.9819789473684211,0.0,237
operational-sufficiency-v2,20260715,operational-envelope-v4,2.7,2.62,2.7800000000000002,0.08,1.0,0.1,500,0.05,100,159,68,1567,534.4555110077381,2.7279115596327435,25,0.05,0.30741012571241094,-0.5122818314732294,False,True,0.96,0.1111111111111111,1.0,1.0,True,0.48,0.2,0.9818947368421054,0.0,237
operational-sufficiency-v2,20260715,operational-envelope-v4,2.7,2.62,2.7800000000000002,0.08,1.0,0.1,500,0.05,100,163,69,1158,467.000808051159,2.669317632026189,25,0.05,0.5039810097299559,-0.2975858276911229,False,True,0.8,0.047619047619047616,1.0,1.0,False,0.0,0.0,0.9824842105263158,0.0,237
operational-sufficiency-v2,20260715,operational-envelope-v4,2.7,2.62,2.7800000000000002,0.08,1.0,0.1,500,0.05,100,164,70,1362,590.5319838406537,2.771243424437831,25,0.05,0.33724915836449815,-0.47204912547551053,False,True,0.92,0.08,1.0,1.0,True,0.2,0.2857142857142857,0.9905684210526315,0.0,237
operational-sufficiency-v2,20260715,operational-envelope-v4,2.7,2.62,2.7800000000000002,0.08,1.0,0.1,500,0.05,100,169,71,1158,484.27012445585103,2.685087677421144,25,0.05,0.44245686722734023,-0.3541290599676996,False,True,0.92,0.08,1.0,1.0,False,0.0,0.0,0.9872,0.0,237
operational-sufficiency-v2,20260715,operational-envelope-v4,2.7,2.62,2.7800000000000002,0.08,1.0,0.1,500,0.05,100,170,72,1362,480.49186851216024,2.6816860423892046,25,0.05,0.371034331297072,-0.43058590385380124,False,True,0.96,0.14285714285714285,1.0,1.0,True,0.72,0.18181818181818182,0.9952000000000001,0.0,237
operational-sufficiency-v2,20260715,operational-envelope-v4,2.7,2.62,2.7800000000000002,0.08,1.0,0.1,500,0.05,100,171,73,1567,579.1886314186819,2.7628200287405593,25,0.05,0.4396027724303723,-0.35693957728718356,False,True,0.96,0.2727272727272727,1.0,1.0,True,0.68,0.22727272727272727,0.9829052631578947,0.0,237
operational-sufficiency-v2,20260715,operational-envelope-v4,2.7,2.62,2.7800000000000002,0.08,1.0,0.1,500,0.05,100,175,74,1158,514.7924984659364,2.7116322097580166,25,0.05,0.5317331566402582,-0.27430625806660097,False,True,0.96,0.04,1.0,1.0,True,0.08,0.0,0.9880421052631578,0.0,237
operational-sufficiency-v2,20260715,operational-envelope-v4,2.7,2.62,2.7800000000000002,0.08,1.0,0.1,500,0.05,100,178,75,1839,506.2976080784096,2.704405875637282,25,0.05,0.27443426816591765,-0.5615616599253846,False,True,0.92,0.0,1.0,1.0,False,0.0,0.0,0.9585684210526315,0.0,237
operational-sufficiency-v2,20260715,operational-envelope-v4,2.7,2.62,2.7800000000000002,0.08,1.0,0.1,500,0.05,100,182,76,1362,462.4402517768229,2.665055628967278,25,0.05,0.5639390662846312,-0.24876781907688905,False,True,0.92,0.0,1.0,1.0,True,0.56,0.0,0.9929263157894737,0.0,237
operational-sufficiency-v2,20260715,operational-envelope-v4,2.7,2.62,2.7800000000000002,0.08,1.0,0.1,500,0.05,100,183,77,1567,536.0175467947329,2.7291790067662705,25,0.05,0.2818977095022518,-0.5499084528782173,False,True,1.0,0.038461538461538464,1.0,1.0,True,0.2,0.0,0.976757894736842,0.0,237
operational-sufficiency-v2,20260715,operational-envelope-v4,2.7,2.62,2.7800000000000002,0.08,1.0,0.1,500,0.05,100,187,78,1158,508.4889985827351,2.706281561179124,25,0.05,0.5858991912943909,-0.23217710144055603,False,True,0.92,0.041666666666666664,1.0,1.0,False,0.0,0.0,0.9826526315789473,0.0,237
operational-sufficiency-v2,20260715,operational-envelope-v4,2.7,2.62,2.7800000000000002,0.08,1.0,0.1,500,0.05,100,188,79,1362,451.7714477737967,2.654918779780174,25,0.05,0.41865202486888176,-0.37814680392480204,False,True,1.0,0.10714285714285714,1.0,1.0,False,0.0,0.0,0.9919157894736841,0.0,237
operational-sufficiency-v2,20260715,operational-envelope-v4,2.7,2.62,2.7800000000000002,0.08,1.0,0.1,500,0.05,100,189,80,1567,583.6130539526602,2.7661249974027085,25,0.05,0.3034441662249763,-0.5179212074918715,False,True,0.92,0.041666666666666664,1.0,1.0,False,0.0,0.0,0.9830736842105263,0.0,237
operational-sufficiency-v2,20260715,operational-envelope-v4,2.7,2.62,2.7800000000000002,0.08,1.0,0.1,500,0.05,100,193,81,1158,427.9681908766873,2.631411490882086,25,0.05,0.40152948792472776,-0.3962825550609308,False,True,0.84,0.08695652173913043,1.0,1.0,True,0.36,0.18181818181818182,0.9920842105263159,0.0,237
operational-sufficiency-v2,20260715,operational-envelope-v4,2.7,2.62,2.7800000000000002,0.08,1.0,0.1,500,0.05,100,194,82,1362,445.00034545465326,2.6483603481247324,25,0.05,0.33995590211262555,-0.46857741446135465,False,True,0.92,0.08,1.0,1.0,True,0.36,0.0,0.9715368421052633,0.0,237
operational-sufficiency-v2,20260715,operational-envelope-v4,2.7,2.62,2.7800000000000002,0.08,1.0,0.1,500,0.05,100,195,83,1567,505.28339601398983,2.7035350272349055,25,0.05,0.3131810027459536,-0.5042045896946474,False,True,0.96,0.04,1.0,1.0,False,0.0,0.0,0.9853473684210526,0.0,237
operational-sufficiency-v2,20260715,operational-envelope-v4,2.7,2.62,2.7800000000000002,0.08,1.0,0.1,500,0.05,100,199,84,1158,425.8152991836437,2.6292212612161356,25,0.05,0.5704832832351681,-0.24375707710920202,False,True,1.0,0.3055555555555556,1.0,1.0,True,0.72,0.35714285714285715,0.9874526315789474,0.0,237
operational-sufficiency-v2,20260715,operational-envelope-v4,2.7,2.62,2.7800000000000002,0.08,1.0,0.1,500,0.05,100,200,85,1362,561.3347110858028,2.749221898387366,25,0.05,0.2815280320374395,-0.5504783555086934,False,True,0.96,0.1111111111111111,1.0,1.0,True,0.72,0.1,0.9941894736842104,0.0,237
operational-sufficiency-v2,20260715,operational-envelope-v4,2.7,2.62,2.7800000000000002,0.08,1.0,0.1,500,0.05,100,201,86,1567,552.0106495415129,2.7419474563388,25,0.05,0.41269306809176326,-0.38437282580341603,False,True,0.96,0.14285714285714285,1.0,1.0,True,0.68,0.05555555555555555,0.9890526315789474,0.0,237
operational-sufficiency-v2,20260715,operational-envelope-v4,2.7,2.62,2.7800000000000002,0.08,1.0,0.1,500,0.05,100,205,87,1158,474.9192024726938,2.6766197298248713,25,0.05,0.3678009401919932,-0.43438716493026136,False,True,0.88,0.0,1.0,1.0,True,0.12,0.0,0.9729684210526315,0.0,237
operational-sufficiency-v2,20260715,operational-envelope-v4,2.7,2.62,2.7800000000000002,0.08,1.0,0.1,500,0.05,100,206,88,1362,535.9742560547967,2.72914393013708,25,0.05,0.39253213473795845,-0.4061247838407567,False,True,0.84,0.16,1.0,1.0,False,0.0,0.0,0.9805473684210527,0.0,237
operational-sufficiency-v2,20260715,operational-envelope-v4,2.7,2.62,2.7800000000000002,0.08,1.0,0.1,500,0.05,100,211,89,1158,484.19141936036925,2.6850170887871214,25,0.05,0.7165439507785755,-0.14475716605489963,False,True,0.92,0.041666666666666664,1.0,1.0,True,0.52,0.0,0.9833263157894736,0.0,237
operational-sufficiency-v2,20260715,operational-envelope-v4,2.7,2.62,2.7800000000000002,0.08,1.0,0.1,500,0.05,100,212,90,1362,526.7243851176431,2.7215834248258415,25,0.05,0.2374425428484488,-0.6244414653770768,False,True,1.0,0.24242424242424243,1.0,1.0,True,0.72,0.3076923076923077,0.9890526315789474,0.0,237
operational-sufficiency-v2,20260715,operational-envelope-v4,2.7,2.62,2.7800000000000002,0.08,1.0,0.1,500,0.05,100,213,91,1567,536.3505537596467,2.7294487333496544,25,0.05,0.28283030987350855,-0.5484740506550185,False,True,1.0,0.10714285714285714,1.0,1.0,True,0.52,0.07142857142857142,0.9852631578947368,0.0,237
operational-sufficiency-v2,20260715,operational-envelope-v4,2.7,2.62,2.7800000000000002,0.08,1.0,0.1,500,0.05,100,217,92,1158,470.7994493938683,2.672835946258601,25,0.05,0.6494824064827818,-0.1874326088264156,False,True,0.8,0.16666666666666666,1.0,1.0,True,0.12,0.4,0.9685052631578948,0.0,237
operational-sufficiency-v2,20260715,operational-envelope-v4,2.7,2.62,2.7800000000000002,0.08,1.0,0.1,500,0.05,100,219,93,1567,452.30926695656785,2.655435485704957,25,0.05,0.23840837867577883,-0.6226784857241081,False,True,0.96,0.1111111111111111,1.0,1.0,True,0.6,0.16666666666666666,0.9809684210526316,0.0,237
operational-sufficiency-v2,20260715,operational-envelope-v4,2.7,2.62,2.7800000000000002,0.08,1.0,0.1,500,0.05,100,223,94,1158,451.363647717733,2.654526578597895,25,0.05,0.7420267216654879,-0.1295804547440096,False,True,0.92,0.14814814814814814,1.0,1.0,True,0.4,0.16666666666666666,0.9815578947368422,0.0,237
operational-sufficiency-v2,20260715,operational-envelope-v4,2.7,2.62,2.7800000000000002,0.08,1.0,0.1,500,0.05,100,224,95,1362,543.1430661260575,2.7349142396171224,25,0.05,0.4044601979776206,-0.3931242098964269,False,True,0.88,0.18518518518518517,1.0,1.0,True,0.64,0.2,0.9865263157894737,0.0,237
operational-sufficiency-v2,20260715,operational-envelope-v4,2.7,2.62,2.7800000000000002,0.08,1.0,0.1,500,0.05,100,229,96,1158,441.09846643501197,2.6445355478714254,25,0.05,0.15221446654214257,-0.8175440700302432,False,True,0.84,0.125,1.0,1.0,True,0.52,0.13333333333333333,0.9850947368421052,0.0,237
operational-sufficiency-v2,20260715,operational-envelope-v4,2.7,2.62,2.7800000000000002,0.08,1.0,0.1,500,0.05,100,230,97,1362,427.67412252657687,2.631112972997257,25,0.05,0.3567708668753506,-0.44761061638067784,False,True,0.92,0.11538461538461539,1.0,1.0,True,0.48,0.14285714285714285,0.9794526315789472,0.0,237
operational-sufficiency-v2,20260715,operational-envelope-v4,2.7,2.62,2.7800000000000002,0.08,1.0,0.1,500,0.05,100,231,98,1567,564.9909022978512,2.7520414546979306,25,0.05,0.32674330191409573,-0.4857933064912997,False,True,0.96,0.0,1.0,1.0,True,0.44,0.0,0.9959578947368422,0.0,237
operational-sufficiency-v2,20260715,operational-envelope-v4,2.7,2.62,2.7800000000000002,0.08,1.0,0.1,500,0.05,100,236,99,1362,465.6554218527094,2.6680646640224017,25,0.05,0.343798687444161,-0.463695785696803,False,True,1.0,0.038461538461538464,1.0,1.0,True,0.68,0.05555555555555555,0.9776842105263158,0.0,237
operational-sufficiency-v2,20260715,operational-envelope-v4,2.7,2.62,2.7800000000000002,0.08,1.5,0.1,500,0.05,100,1,0,4042,525.8211533445971,2.7208380534250445,25,0.05,0.13350520562826343,-0.8745017999806566,False,True,0.96,0.04,1.0,1.0,False,0.0,0.0,0.9726315789473684,0.0,349
operational-sufficiency-v2,20260715,operational-envelope-v4,2.7,2.62,2.7800000000000002,0.08,1.5,0.1,500,0.05,100,2,1,4755,420.2261816857514,2.623483107107123,25,0.05,0.08230528397424662,-1.0845722823187935,False,True,0.96,0.0,1.0,1.0,True,0.6,0.0,0.9957052631578946,0.0,349
operational-sufficiency-v2,20260715,operational-envelope-v4,2.7,2.62,2.7800000000000002,0.08,1.5,0.1,500,0.05,100,7,2,4042,473.21057207489014,2.6750544387084245,25,0.05,0.36682104285271644,-0.4355457587907632,False,True,0.92,0.11538461538461539,1.0,1.0,False,0.0,0.0,0.9852631578947368,0.0,349
operational-sufficiency-v2,20260715,operational-envelope-v4,2.7,2.62,2.7800000000000002,0.08,1.5,0.1,500,0.05,100,12,3,3329,513.3390245170792,2.710404280992116,25,0.05,0.13626522375621786,-0.8656149663065352,False,False,0.0,0.0,1.0,1.0,False,0.0,0.0,0.9833263157894737,0.0,349
operational-sufficiency-v2,20260715,operational-envelope-v4,2.7,2.62,2.7800000000000002,0.08,1.5,0.1,500,0.05,100,13,4,4042,558.8013338745839,2.747257434116589,25,0.05,0.29699956135799865,-0.5272441920967317,False,True,0.88,0.12,1.0,1.0,True,0.16,0.2,0.9733052631578947,0.0,349
operational-sufficiency-v2,20260715,operational-envelope-v4,2.7,2.62,2.7800000000000002,0.08,1.5,0.1,500,0.05,100,15,5,5468,466.051961948791,2.6684343405731603,25,0.05,0.07942159335407661,-1.1000614043793904,False,True,1.0,0.1935483870967742,1.0,1.0,True,0.76,0.24,0.9882947368421052,0.0,349
operational-sufficiency-v2,20260715,operational-envelope-v4,2.7,2.62,2.7800000000000002,0.08,1.5,0.1,500,0.05,100,30,6,3329,496.40518913713197,2.695836312717593,25,0.05,0.057254387145247804,-1.2421912296872395,False,True,0.8,0.25925925925925924,1.0,1.0,True,0.68,0.19047619047619047,0.9671578947368421,0.0,349
operational-sufficiency-v2,20260715,operational-envelope-v4,2.7,2.62,2.7800000000000002,0.08,1.5,0.1,500,0.05,100,37,7,4042,523.5140416538092,2.7189283347846462,25,0.05,0.12437877698340186,-0.9052537179194342,False,True,1.0,0.10714285714285714,1.0,1.0,True,0.64,0.15789473684210525,0.9874526315789472,0.0,349
operational-sufficiency-v2,20260715,operational-envelope-v4,2.7,2.62,2.7800000000000002,0.08,1.5,0.1,500,0.05,100,44,8,4755,440.79810794573,2.6442397217092175,25,0.05,0.06935769086398187,-1.1589053743225668,False,True,0.88,0.08333333333333333,1.0,1.0,True,0.72,0.1,0.9917473684210526,0.0,349
operational-sufficiency-v2,20260715,operational-envelope-v4,2.7,2.62,2.7800000000000002,0.08,1.5,0.1,500,0.05,100,48,9,3329,452.08274693895976,2.6552179331520076,25,0.05,0.16973767542458015,-0.7702217498275081,False,True,0.96,0.1111111111111111,1.0,1.0,True,0.52,0.1875,0.9743999999999999,0.0,349
operational-sufficiency-v2,20260715,operational-envelope-v4,2.7,2.62,2.7800000000000002,0.08,1.5,0.1,500,0.05,100,49,10,4042,507.30569157488475,2.7052697347906935,25,0.05,0.15127199225396662,-0.8202414734012609,False,True,0.96,0.07692307692307693,1.0,1.0,True,0.76,0.09523809523809523,0.9701894736842107,0.0,349
operational-sufficiency-v2,20260715,operational-envelope-v4,2.7,2.62,2.7800000000000002,0.08,1.5,0.1,500,0.05,100,55,11,4042,538.0597623347562,2.73083051546337,25,0.05,0.29371214723344286,-0.5320780917224753,False,True,0.84,0.16,1.0,1.0,True,0.28,0.125,0.9857684210526315,0.0,349
operational-sufficiency-v2,20260715,operational-envelope-v4,2.7,2.62,2.7800000000000002,0.08,1.5,0.1,500,0.05,100,56,12,4755,448.5231820761628,2.6517848946210743,25,0.05,0.0505221440976318,-1.2965182268021578,False,True,0.92,0.041666666666666664,1.0,1.0,True,0.36,0.1,0.992,0.0,349
operational-sufficiency-v2,20260715,operational-envelope-v4,2.7,2.62,2.7800000000000002,0.08,1.5,0.1,500,0.05,100,60,13,3329,470.4000888734736,2.672467395120071,25,0.05,0.07122267482165433,-1.1473817200963234,False,True,0.96,0.04,1.0,1.0,True,0.32,0.0,0.9825684210526316,0.0,349
operational-sufficiency-v2,20260715,operational-envelope-v4,2.7,2.62,2.7800000000000002,0.08,1.5,0.1,500,0.05,100,61,14,4042,511.1795308334591,2.708573455040681,25,0.05,0.08780207089174463,-1.0564952407425203,False,False,0.0,0.0,1.0,1.0,False,0.0,0.0,0.9862736842105264,0.0,349
operational-sufficiency-v2,20260715,operational-envelope-v4,2.7,2.62,2.7800000000000002,0.08,1.5,0.1,500,0.05,100,67,15,4042,460.425205922412,2.663159091007643,25,0.05,0.12232591388470843,-0.9124815309851231,False,True,0.92,0.0,1.0,1.0,True,0.32,0.0,0.9839999999999999,0.0,349
operational-sufficiency-v2,20260715,operational-envelope-v4,2.7,2.62,2.7800000000000002,0.08,1.5,0.1,500,0.05,100,70,16,6419,589.9326344396982,2.7708024215379514,25,0.05,0.10740321447376301,-0.9689827204304445,False,True,0.96,0.1111111111111111,1.0,1.0,True,0.52,0.13333333333333333,0.9793684210526317,0.0,349
operational-sufficiency-v2,20260715,operational-envelope-v4,2.7,2.62,2.7800000000000002,0.08,1.5,0.1,500,0.05,100,84,17,3329,580.4997105605104,2.763802007533672,25,0.05,0.1032821350936733,-0.9859747927225013,False,True,0.84,0.0,1.0,1.0,False,0.0,0.0,0.9893052631578947,0.0,349
operational-sufficiency-v2,20260715,operational-envelope-v4,2.7,2.62,2.7800000000000002,0.08,1.5,0.1,500,0.05,100,87,18,5468,588.9457826912891,2.770075316244185,25,0.05,0.1261429062671402,-0.8991371673078022,False,True,0.96,0.04,1.0,1.0,True,0.32,0.1111111111111111,0.9909052631578947,0.0,349
operational-sufficiency-v2,20260715,operational-envelope-v4,2.7,2.62,2.7800000000000002,0.08,1.5,0.1,500,0.05,100,90,19,3329,502.7071469308853,2.7013150595876976,25,0.05,0.26111282105090844,-0.5831718031101925,False,True,0.96,0.07692307692307693,1.0,1.0,True,0.56,0.125,0.9842526315789474,0.0,349
operational-sufficiency-v2,20260715,operational-envelope-v4,2.7,2.62,2.7800000000000002,0.08,1.5,0.1,500,0.05,100,94,20,6419,479.3846052304203,2.680684083158563,25,0.05,0.21203838936665345,-0.6735855033129541,False,True,0.96,0.2,1.0,1.0,True,0.64,0.15789473684210525,0.9818105263157895,0.0,349
operational-sufficiency-v2,20260715,operational-envelope-v4,2.7,2.62,2.7800000000000002,0.08,1.5,0.1,500,0.05,100,96,21,3329,486.31886908260947,2.6869211204410473,25,0.05,0.14610960486351304,-0.8353212337432276,False,True,0.88,0.15384615384615385,1.0,1.0,True,0.72,0.1,0.9881263157894736,0.0,349
operational-sufficiency-v2,20260715,operational-envelope-v4,2.7,2.62,2.7800000000000002,0.08,1.5,0.1,500,0.05,100,97,22,4042,507.4973497968699,2.7054337786609146,25,0.05,0.06402514135229746,-1.193649454039462,False,True,0.92,0.041666666666666664,1.0,1.0,True,0.64,0.058823529411764705,0.9902315789473684,0.0,349
operational-sufficiency-v2,20260715,operational-envelope-v4,2.7,2.62,2.7800000000000002,0.08,1.5,0.1,500,0.05,100,103,23,4042,528.6829797745097,2.7231953291132744,25,0.05,0.19038656222735129,-0.720363708033796,False,True,0.96,0.1111111111111111,1.0,1.0,True,0.44,0.15384615384615385,0.9822315789473683,0.0,349
operational-sufficiency-v2,20260715,operational-envelope-v4,2.7,2.62,2.7800000000000002,0.08,1.5,0.1,500,0.05,100,104,24,4755,429.671629877044,2.6331366792724453,25,0.05,0.31205925751836167,-0.5057629291558293,False,False,0.0,0.0,1.0,1.0,False,0.0,0.0,0.9866105263157894,0.0,349
operational-sufficiency-v2,20260715,operational-envelope-v4,2.7,2.62,2.7800000000000002,0.08,1.5,0.1,500,0.05,100,106,25,6419,462.89955682392645,2.66548676499319,25,0.05,0.03230893755649486,-1.490677323038935,False,True,0.96,0.1724137931034483,1.0,1.0,True,0.56,0.2631578947368421,0.9592421052631579,0.0,349
operational-sufficiency-v2,20260715,operational-envelope-v4,2.7,2.62,2.7800000000000002,0.08,1.5,0.1,500,0.05,100,109,26,4042,516.2730913404624,2.71287948978304,25,0.05,0.20779550144920592,-0.6823638586890146,False,True,0.92,0.11538461538461539,1.0,1.0,False,0.0,0.0,0.9867789473684211,0.0,349
operational-sufficiency-v2,20260715,operational-envelope-v4,2.7,2.62,2.7800000000000002,0.08,1.5,0.1,500,0.05,100,115,27,4042,590.086167546341,2.770915434281932,25,0.05,0.21371829049871868,-0.670158308333145,False,False,0.0,0.0,1.0,1.0,True,0.52,0.07142857142857142,0.9833263157894737,0.0,349
operational-sufficiency-v2,20260715,operational-envelope-v4,2.7,2.62,2.7800000000000002,0.08,1.5,0.1,500,0.05,100,124,28,6419,537.9444856820076,2.7307374600419534,25,0.05,0.038872533319163745,-1.410357155517878,False,True,0.88,0.12,1.0,1.0,True,0.44,0.21428571428571427,0.9754105263157895,0.0,349
operational-sufficiency-v2,20260715,operational-envelope-v4,2.7,2.62,2.7800000000000002,0.08,1.5,0.1,500,0.05,100,128,29,4755,554.2660022900716,2.7437182405433176,25,0.05,0.19400624038482836,-0.7121843003733409,False,True,0.92,0.08,1.0,1.0,True,0.44,0.08333333333333333,0.9756631578947369,0.0,349
operational-sufficiency-v2,20260715,operational-envelope-v4,2.7,2.62,2.7800000000000002,0.08,1.5,0.1,500,0.05,100,129,30,5468,542.2460215005685,2.7341963742469724,25,0.05,0.0836517902391646,-1.0775247602285343,False,True,0.88,0.08333333333333333,1.0,1.0,True,0.44,0.0,0.9880421052631579,0.0,349
operational-sufficiency-v2,20260715,operational-envelope-v4,2.7,2.62,2.7800000000000002,0.08,1.5,0.1,500,0.05,100,138,31,3329,422.015012455699,2.6253279005131023,25,0.05,0.07898775050311102,-1.102440254296779,False,True,0.96,0.07692307692307693,1.0,1.0,True,0.68,0.10526315789473684,0.9946105263157894,0.0,349
operational-sufficiency-v2,20260715,operational-envelope-v4,2.7,2.62,2.7800000000000002,0.08,1.5,0.1,500,0.05,100,139,32,4042,450.41782462760074,2.6536155687532252,25,0.05,0.23260574871173037,-0.6333795561469905,False,True,0.96,0.04,1.0,1.0,False,0.0,0.0,0.9752421052631578,0.0,349
operational-sufficiency-v2,20260715,operational-envelope-v4,2.7,2.62,2.7800000000000002,0.08,1.5,0.1,500,0.05,100,141,33,5468,567.6391903229209,2.7540723719042384,25,0.05,0.16907581938409938,-0.7719184991968344,False,True,0.96,0.1111111111111111,1.0,1.0,True,0.64,0.15789473684210525,0.9770105263157893,0.0,349
operational-sufficiency-v2,20260715,operational-envelope-v4,2.7,2.62,2.7800000000000002,0.08,1.5,0.1,500,0.05,100,143,34,7608,555.6142575156133,2.744773381559657,25,0.05,0.11337974666210865,-0.9454645177399261,False,True,1.0,0.10714285714285714,1.0,1.0,False,0.0,0.0,0.9657263157894737,0.0,349
operational-sufficiency-v2,20260715,operational-envelope-v4,2.7,2.62,2.7800000000000002,0.08,1.5,0.1,500,0.05,100,144,35,3329,447.26893551244933,2.650568735856493,25,0.05,0.15685931630879033,-0.8044896822493426,False,True,0.92,0.041666666666666664,1.0,1.0,False,0.0,0.0,0.984842105263158,0.0,349
operational-sufficiency-v2,20260715,operational-envelope-v4,2.7,2.62,2.7800000000000002,0.08,1.5,0.1,500,0.05,100,150,36,3329,582.1541019111249,2.765037961885176,25,0.05,0.11189180625592769,-0.9512017153315827,False,True,0.8,0.13043478260869565,1.0,1.0,True,0.56,0.17647058823529413,0.9845894736842107,0.0,349
operational-sufficiency-v2,20260715,operational-envelope-v4,2.7,2.62,2.7800000000000002,0.08,1.5,0.1,500,0.05,100,156,37,3329,450.5517493391384,2.65374468024671,25,0.05,0.2548747688172353,-0.5936731551380589,False,True,0.92,0.11538461538461539,1.0,1.0,True,0.48,0.2,0.9829052631578946,0.0,349
operational-sufficiency-v2,20260715,operational-envelope-v4,2.7,2.62,2.7800000000000002,0.08,1.5,0.1,500,0.05,100,157,38,4042,549.8716301609659,2.740261313458242,25,0.05,0.12899536189324518,-0.8894259047424753,False,True,0.92,0.08,1.0,1.0,True,0.68,0.05555555555555555,0.9923368421052632,0.0,349
operational-sufficiency-v2,20260715,operational-envelope-v4,2.7,2.62,2.7800000000000002,0.08,1.5,0.1,500,0.05,100,158,39,4755,587.0809803047761,2.768698010743046,25,0.05,0.04667652573412015,-1.3309014771907859,False,True,0.88,0.12,1.0,1.0,False,0.0,0.0,0.9963789473684211,0.0,349
operational-sufficiency-v2,20260715,operational-envelope-v4,2.7,2.62,2.7800000000000002,0.08,1.5,0.1,500,0.05,100,162,40,3329,472.96963040297624,2.674833255385078,25,0.05,0.1653859314411473,-0.7815014364844394,False,True,0.8,0.0,1.0,1.0,False,0.0,0.0,0.9905684210526315,0.0,349
operational-sufficiency-v2,20260715,operational-envelope-v4,2.7,2.62,2.7800000000000002,0.08,1.5,0.1,500,0.05,100,168,41,3329,480.03824590043297,2.6812758401293695,25,0.05,0.20750945918069116,-0.6829621014755306,False,True,0.8,0.13043478260869565,1.0,1.0,True,0.4,0.16666666666666666,0.9813894736842105,0.0,349
operational-sufficiency-v2,20260715,operational-envelope-v4,2.7,2.62,2.7800000000000002,0.08,1.5,0.1,500,0.05,100,169,42,4042,585.4451050219957,2.767486179162921,25,0.05,0.09239330034180572,-1.0343595193651072,False,True,0.88,0.08333333333333333,1.0,1.0,True,0.56,0.06666666666666667,0.9880421052631578,0.0,349
operational-sufficiency-v2,20260715,operational-envelope-v4,2.7,2.62,2.7800000000000002,0.08,1.5,0.1,500,0.05,100,170,43,4755,527.4117538229578,2.7221498041900114,25,0.05,0.12312703094077977,-0.9096465928874339,False,True,0.92,0.08,1.0,1.0,True,0.36,0.18181818181818182,0.9769263157894738,0.0,349
operational-sufficiency-v2,20260715,operational-envelope-v4,2.7,2.62,2.7800000000000002,0.08,1.5,0.1,500,0.05,100,175,44,4042,518.3591513777908,2.7146307701962513,25,0.05,0.204618076090654,-0.6890560030790741,False,True,0.88,0.12,1.0,1.0,True,0.68,0.10526315789473684,0.9938526315789474,0.0,349
operational-sufficiency-v2,20260715,operational-envelope-v4,2.7,2.62,2.7800000000000002,0.08,1.5,0.1,500,0.05,100,176,45,4755,590.6035250739222,2.7712960347651654,25,0.05,0.10023814806624674,-0.9989669656775093,False,True,0.8,0.2857142857142857,1.0,1.0,True,0.32,0.3333333333333333,0.9866105263157895,0.0,349
operational-sufficiency-v2,20260715,operational-envelope-v4,2.7,2.62,2.7800000000000002,0.08,1.5,0.1,500,0.05,100,181,46,4042,598.0798317820658,2.7767591575476365,25,0.05,0.09358146473424048,-1.0288101615266152,False,True,0.8,0.09090909090909091,1.0,1.0,True,0.28,0.2222222222222222,0.9823157894736841,0.0,349
operational-sufficiency-v2,20260715,operational-envelope-v4,2.7,2.62,2.7800000000000002,0.08,1.5,0.1,500,0.05,100,187,47,4042,435.8622435818666,2.639349250035713,25,0.05,0.11139589430498346,-0.9531308155675768,False,True,0.92,0.14814814814814814,1.0,1.0,True,0.64,0.058823529411764705,0.9872,0.0,349
operational-sufficiency-v2,20260715,operational-envelope-v4,2.7,2.62,2.7800000000000002,0.08,1.5,0.1,500,0.05,100,188,48,4755,511.40864828420183,2.708768067981183,25,0.05,0.20707681271328315,-0.6838685282163848,False,True,0.88,0.0,1.0,1.0,False,0.0,0.0,0.9925052631578947,0.0,349
operational-sufficiency-v2,20260715,operational-envelope-v4,2.7,2.62,2.7800000000000002,0.08,1.5,0.1,500,0.05,100,192,49,3329,512.7321280958238,2.7098905314399464,25,0.05,0.12618025430702567,-0.8990086016405546,False,False,0.0,0.0,1.0,1.0,True,0.56,0.0,0.9882105263157893,0.0,349
operational-sufficiency-v2,20260715,operational-envelope-v4,2.7,2.62,2.7800000000000002,0.08,1.5,0.1,500,0.05,100,194,50,4755,425.4539148533182,2.628852524211797,25,0.05,0.13638440959681494,-0.865235272003977,False,True,0.76,0.05,1.0,1.0,True,0.24,0.14285714285714285,0.9777684210526316,0.0,349
operational-sufficiency-v2,20260715,operational-envelope-v4,2.7,2.62,2.7800000000000002,0.08,1.5,0.1,500,0.05,100,195,51,5468,421.29104171953617,2.624582224441027,25,0.05,0.13442162392937165,-0.8715308622509292,False,True,0.96,0.04,1.0,1.0,True,0.48,0.07692307692307693,0.9727157894736842,0.0,349
operational-sufficiency-v2,20260715,operational-envelope-v4,2.7,2.62,2.7800000000000002,0.08,1.5,0.1,500,0.05,100,199,52,4042,430.47571193558616,2.633948652955952,25,0.05,0.2751276721263932,-0.5604657264136543,False,True,0.88,0.0,1.0,1.0,True,0.12,0.0,0.990821052631579,0.0,349
operational-sufficiency-v2,20260715,operational-envelope-v4,2.7,2.62,2.7800000000000002,0.08,1.5,0.1,500,0.05,100,200,53,4755,571.4232304284,2.756957892052656,25,0.05,0.11159128132799821,-0.9523697356767135,False,False,0.0,0.0,1.0,1.0,True,0.2,0.0,0.9675789473684211,0.0,349
operational-sufficiency-v2,20260715,operational-envelope-v4,2.7,2.62,2.7800000000000002,0.08,1.5,0.1,500,0.05,100,204,54,3329,563.7406963129835,2.7510793875720054,25,0.05,0.22939748170436697,-0.6394113540367579,False,True,0.92,0.11538461538461539,1.0,1.0,True,0.48,0.14285714285714285,0.9909894736842105,0.0,349
operational-sufficiency-v2,20260715,operational-envelope-v4,2.7,2.62,2.7800000000000002,0.08,1.5,0.1,500,0.05,100,210,55,3329,425.7656689078725,2.6291706397115817,25,0.05,0.06851900410944971,-1.1641889579206794,False,False,0.0,0.0,1.0,1.0,False,0.0,0.0,0.9864421052631579,0.0,349
operational-sufficiency-v2,20260715,operational-envelope-v4,2.7,2.62,2.7800000000000002,0.08,1.5,0.1,500,0.05,100,212,56,4755,562.5475137230726,2.750159209585692,25,0.05,0.1022455181138194,-0.9903557200061677,False,True,0.92,0.14814814814814814,1.0,1.0,True,0.72,0.14285714285714285,0.9914947368421052,0.0,349
operational-sufficiency-v2,20260715,operational-envelope-v4,2.7,2.62,2.7800000000000002,0.08,1.5,0.1,500,0.05,100,216,57,3329,496.99191631929926,2.696349324897371,25,0.05,0.18628057364916673,-0.729832433331726,False,True,0.88,0.12,1.0,1.0,True,0.56,0.125,0.9837473684210526,0.0,349
operational-sufficiency-v2,20260715,operational-envelope-v4,2.7,2.62,2.7800000000000002,0.08,1.5,0.1,500,0.05,100,217,58,4042,540.5697082549397,2.7328517056129535,25,0.05,0.040620939308014074,-1.3912500383026847,False,True,0.88,0.0,1.0,1.0,False,0.0,0.0,0.9528421052631579,0.0,349
operational-sufficiency-v2,20260715,operational-envelope-v4,2.7,2.62,2.7800000000000002,0.08,1.5,0.1,500,0.05,100,222,59,3329,480.50574567164387,2.6816985851337436,25,0.05,0.1437596947988427,-0.8423628579032505,False,False,0.0,0.0,1.0,1.0,False,0.0,0.0,0.9712842105263157,0.0,349
operational-sufficiency-v2,20260715,operational-envelope-v4,2.7,2.62,2.7800000000000002,0.08,1.5,0.1,500,0.05,100,223,60,4042,442.082858627948,2.6455036758477024,25,0.05,0.05126898984710141,-1.2901452393794095,False,True,1.0,0.07407407407407407,1.0,1.0,True,0.64,0.0,0.9954526315789474,0.0,349
operational-sufficiency-v2,20260715,operational-envelope-v4,2.7,2.62,2.7800000000000002,0.08,1.5,0.1,500,0.05,100,224,61,4755,479.63796579177864,2.680913552411143,25,0.05,0.07892280227272915,-1.102797502867681,False,True,0.96,0.0,1.0,1.0,True,0.64,0.0,0.9901473684210526,0.0,349
operational-sufficiency-v2,20260715,operational-envelope-v4,2.7,2.62,2.7800000000000002,0.08,1.5,0.1,500,0.05,100,226,62,6419,463.9821046962509,2.666501230594657,25,0.05,0.14878072420702027,-0.8274533316449296,False,True,0.88,0.043478260869565216,1.0,1.0,True,0.48,0.07692307692307693,0.970021052631579,0.0,349
operational-sufficiency-v2,20260715,operational-envelope-v4,2.7,2.62,2.7800000000000002,0.08,1.5,0.1,500,0.05,100,228,63,3329,426.0317277490719,2.6294419434061123,25,0.05,0.2267643411671115,-0.6444252374859937,False,True,0.92,0.28125,1.0,1.0,True,0.72,0.25,0.9906526315789473,0.0,349
operational-sufficiency-v2,20260715,operational-envelope-v4,2.7,2.62,2.7800000000000002,0.08,1.5,0.1,500,0.05,100,232,64,6419,462.2648183366603,2.6648908417753816,25,0.05,0.022891065030606277,-1.6403340008529717,False,True,0.96,0.04,1.0,1.0,True,0.68,0.05555555555555555,0.9964631578947367,0.0,349
operational-sufficiency-v2,20260715,operational-envelope-v4,2.7,2.62,2.7800000000000002,0.08,1.5,0.1,500,0.05,100,235,65,4042,512.4111424261208,2.709618564947679,25,0.05,0.10002429282490209,-0.9998945104146332,False,True,0.92,0.041666666666666664,1.0,1.0,False,0.0,0.0,0.973221052631579,0.0,349
operational-sufficiency-v2,20260715,operational-envelope-v4,2.7,2.62,2.7800000000000002,0.08,1.5,0.1,500,0.05,100,238,66,6419,469.3762791468638,2.67152113789161,25,0.05,0.05450170291145336,-1.2635899279344887,False,True,0.96,0.0,1.0,1.0,True,0.4,0.0,0.9887999999999999,0.0,349
operational-sufficiency-v2,20260715,operational-envelope-v4,2.7,2.62,2.7800000000000002,0.08,1.5,0.1,500,0.05,100,242,67,4755,442.2149655341781,2.6456334359788625,25,0.05,0.18884241081091152,-0.7239004638900487,False,True,0.96,0.1111111111111111,1.0,1.0,True,0.48,0.2,0.9786105263157896,0.0,349
operational-sufficiency-v2,20260715,operational-envelope-v4,2.7,2.62,2.7800000000000002,0.08,1.5,0.1,500,0.05,100,244,68,6419,597.053195247456,2.7760130268969294,25,0.05,0.18636202264762156,-0.7296425846590283,False,True,0.96,0.0,1.0,1.0,True,0.4,0.0,0.9674105263157895,0.0,349
operational-sufficiency-v2,20260715,operational-envelope-v4,2.7,2.62,2.7800000000000002,0.08,1.5,0.1,500,0.05,100,246,69,3329,456.4385378193855,2.659382305456362,25,0.05,0.06961303974139918,-1.1573094018074805,False,False,0.0,0.0,1.0,1.0,False,0.0,0.0,0.9722105263157894,0.0,349
operational-sufficiency-v2,20260715,operational-envelope-v4,2.7,2.62,2.7800000000000002,0.08,1.5,0.1,500,0.05,100,252,70,3329,460.4044948372875,2.6631395549088883,25,0.05,0.14544497748874063,-0.8373012712308532,False,True,0.92,0.14814814814814814,1.0,1.0,True,0.76,0.17391304347826086,0.984842105263158,0.0,349
operational-sufficiency-v2,20260715,operational-envelope-v4,2.7,2.62,2.7800000000000002,0.08,1.5,0.1,500,0.05,100,253,71,4042,456.8490383965213,2.659772715119466,25,0.05,0.14376518703330407,-0.8423462663157331,False,True,0.84,0.08695652173913043,1.0,1.0,True,0.44,0.08333333333333333,0.9960421052631577,0.0,349
operational-sufficiency-v2,20260715,operational-envelope-v4,2.7,2.62,2.7800000000000002,0.08,1.5,0.1,500,0.05,100,254,72,4755,575.9282979851864,2.760368417923702,25,0.05,0.06549107288955544,-1.183817894802578,False,True,0.96,0.07692307692307693,1.0,1.0,True,0.6,0.0625,0.9858526315789474,0.0,349
operational-sufficiency-v2,20260715,operational-envelope-v4,2.7,2.62,2.7800000000000002,0.08,1.5,0.1,500,0.05,100,258,73,3329,512.0045598802006,2.7092738287922193,25,0.05,0.31839866568443864,-0.4970287609315408,False,True,0.88,0.15384615384615385,1.0,1.0,True,0.32,0.2727272727272727,0.983578947368421,0.0,349
operational-sufficiency-v2,20260715,operational-envelope-v4,2.7,2.62,2.7800000000000002,0.08,1.5,0.1,500,0.05,100,259,74,4042,419.6667441265071,2.6229045555479575,25,0.05,0.11707964676520896,-0.9315185965231105,False,False,0.0,0.0,1.0,1.0,False,0.0,0.0,0.9831578947368422,0.0,349
operational-sufficiency-v2,20260715,operational-envelope-v4,2.7,2.62,2.7800000000000002,0.08,1.5,0.1,500,0.05,100,262,75,6419,530.7156476354238,2.7248618925691566,25,0.05,0.09826606525043859,-1.0075964335300889,False,False,0.0,0.0,1.0,1.0,False,0.0,0.0,0.976757894736842,0.0,349
operational-sufficiency-v2,20260715,operational-envelope-v4,2.7,2.62,2.7800000000000002,0.08,1.5,0.1,500,0.05,100,264,76,3329,587.6501971028372,2.7691188861543843,25,0.05,0.27681652179967353,-0.5578079925668141,False,True,0.8,0.16666666666666666,1.0,1.0,True,0.56,0.2222222222222222,0.9846736842105264,0.0,349
operational-sufficiency-v2,20260715,operational-envelope-v4,2.7,2.62,2.7800000000000002,0.08,1.5,0.1,500,0.05,100,265,77,4042,439.73264668139973,2.643188709757206,25,0.05,0.07056361829693378,-1.1514191579484736,False,True,0.96,0.14285714285714285,1.0,1.0,True,0.56,0.125,0.9879578947368423,0.0,349
operational-sufficiency-v2,20260715,operational-envelope-v4,2.7,2.62,2.7800000000000002,0.08,1.5,0.1,500,0.05,100,266,78,4755,591.7903681155556,2.7721678923752973,25,0.05,0.14165561301265703,-0.8487662121627674,False,True,0.92,0.11538461538461539,1.0,1.0,False,0.0,0.0,0.9702736842105262,0.0,349
operational-sufficiency-v2,20260715,operational-envelope-v4,2.7,2.62,2.7800000000000002,0.08,1.5,0.1,500,0.05,100,277,79,4042,459.5427151002773,2.662325885842154,25,0.05,0.08220145113999544,-1.0851205155921921,False,True,0.92,0.0,1.0,1.0,True,0.28,0.0,0.9897263157894737,0.0,349
operational-sufficiency-v2,20260715,operational-envelope-v4,2.7,2.62,2.7800000000000002,0.08,1.5,0.1,500,0.05,100,282,80,3329,559.5128984800738,2.747810102793148,25,0.05,0.1436649701074148,-0.8426491131714957,False,True,0.96,0.0,1.0,1.0,True,0.36,0.0,0.9818947368421053,0.0,349
operational-sufficiency-v2,20260715,operational-envelope-v4,2.7,2.62,2.7800000000000002,0.08,1.5,0.1,500,0.05,100,289,81,4042,565.5322520796526,2.752457377609505,25,0.05,0.1699040110656697,-0.7697963682579437,False,True,0.92,0.11538461538461539,1.0,1.0,True,0.64,0.1111111111111111,0.9858526315789473,0.0,349
operational-sufficiency-v2,20260715,operational-envelope-v4,2.7,2.62,2.7800000000000002,0.08,1.5,0.1,500,0.05,100,290,82,4755,437.27949370690095,2.6407591115118985,25,0.05,0.1259049428222574,-0.8999572198659732,False,True,0.96,0.25,1.0,1.0,True,0.76,0.2962962962962963,0.9766736842105262,0.0,349
operational-sufficiency-v2,20260715,operational-envelope-v4,2.7,2.62,2.7800000000000002,0.08,1.5,0.1,500,0.05,100,295,83,4042,562.3895366831425,2.7500372319921276,25,0.05,0.1456008389755834,-0.836836122540725,False,True,0.92,0.0,1.0,1.0,True,0.44,0.0,0.9873684210526315,0.0,349
operational-sufficiency-v2,20260715,operational-envelope-v4,2.7,2.62,2.7800000000000002,0.08,1.5,0.1,500,0.05,100,300,84,3329,516.0424399517591,2.712685419997228,25,0.05,0.14072774925482667,-0.8516202582155473,False,True,0.88,0.12,1.0,1.0,True,0.48,0.14285714285714285,0.9836631578947369,0.0,349
operational-sufficiency-v2,20260715,operational-envelope-v4,2.7,2.62,2.7800000000000002,0.08,1.5,0.1,500,0.05,100,301,85,4042,584.8619880457336,2.7670533961651045,25,0.05,0.1181159644826462,-0.9276913994385669,False,True,0.84,0.045454545454545456,1.0,1.0,True,0.52,0.07142857142857142,0.9779368421052632,0.0,349
operational-sufficiency-v2,20260715,operational-envelope-v4,2.7,2.62,2.7800000000000002,0.08,1.5,0.1,500,0.05,100,303,86,5468,573.1800176646921,2.7582910415138118,25,0.05,0.13187577931071595,-0.879834960917712,False,True,1.0,0.2647058823529412,1.0,1.0,True,0.52,0.1875,0.9551999999999999,0.0,349
operational-sufficiency-v2,20260715,operational-envelope-v4,2.7,2.62,2.7800000000000002,0.08,1.5,0.1,500,0.05,100,306,87,3329,591.698053168092,2.77210014034386,25,0.05,0.08617667003934357,-1.0646102915365665,False,True,0.88,0.08333333333333333,1.0,1.0,True,0.48,0.07692307692307693,0.9897263157894737,0.0,349
operational-sufficiency-v2,20260715,operational-envelope-v4,2.7,2.62,2.7800000000000002,0.08,1.5,0.1,500,0.05,100,307,88,4042,499.93719128373573,2.698915445951427,25,0.05,0.19429464328160004,-0.7115391727677488,False,True,0.84,0.08695652173913043,1.0,1.0,True,0.52,0.13333333333333333,0.9722105263157895,0.0,349
operational-sufficiency-v2,20260715,operational-envelope-v4,2.7,2.62,2.7800000000000002,0.08,1.5,0.1,500,0.05,100,319,89,4042,460.46412022911113,2.6631957952416845,25,0.05,0.07457626800511494,-1.1273993536823892,False,False,0.0,0.0,1.0,1.0,False,0.0,0.0,0.9778526315789473,0.0,349
operational-sufficiency-v2,20260715,operational-envelope-v4,2.7,2.62,2.7800000000000002,0.08,1.5,0.1,500,0.05,100,320,90,4755,602.3211688070344,2.779828126883891,25,0.05,0.17262503081882535,-0.7628962308785138,False,True,0.92,0.23333333333333334,1.0,1.0,True,0.52,0.3157894736842105,0.9744842105263157,0.0,349
operational-sufficiency-v2,20260715,operational-envelope-v4,2.7,2.62,2.7800000000000002,0.08,1.5,0.1,500,0.05,100,322,91,6419,578.9567756479098,2.7626461409323886,25,0.05,0.053413624339896125,-1.2723479523170655,False,True,0.92,0.0,1.0,1.0,True,0.56,0.0,0.9665684210526316,0.0,349
operational-sufficiency-v2,20260715,operational-envelope-v4,2.7,2.62,2.7800000000000002,0.08,1.5,0.1,500,0.05,100,323,92,7608,442.9600212135451,2.646364531302426,25,0.05,0.07577091476279692,-1.120497469593163,False,True,1.0,0.2857142857142857,1.0,1.0,True,0.68,0.32,0.9845052631578948,0.0,349
operational-sufficiency-v2,20260715,operational-envelope-v4,2.7,2.62,2.7800000000000002,0.08,1.5,0.1,500,0.05,100,325,93,4042,594.5719367282027,2.774204407035575,25,0.05,0.1002615208027956,-0.9988657121381556,False,True,0.96,0.07692307692307693,1.0,1.0,True,0.6,0.0625,0.9845052631578948,0.0,349
operational-sufficiency-v2,20260715,operational-envelope-v4,2.7,2.62,2.7800000000000002,0.08,1.5,0.1,500,0.05,100,331,94,4042,546.7917406241413,2.737821945858385,25,0.05,0.17263306147808338,-0.7628760276098272,False,True,0.92,0.17857142857142858,1.0,1.0,True,0.64,0.2,0.9434947368421053,0.0,349
operational-sufficiency-v2,20260715,operational-envelope-v4,2.7,2.62,2.7800000000000002,0.08,1.5,0.1,500,0.05,100,332,95,4755,556.1812740022449,2.745216362567696,25,0.05,0.0908211062363878,-1.04181321252718,False,True,0.92,0.14814814814814814,1.0,1.0,True,0.6,0.21052631578947367,0.9867789473684211,0.0,349
operational-sufficiency-v2,20260715,operational-envelope-v4,2.7,2.62,2.7800000000000002,0.08,1.5,0.1,500,0.05,100,342,96,3329,485.2342029947947,2.685951405649552,25,0.05,0.07372061903983855,-1.1324110266209346,False,False,0.0,0.0,1.0,1.0,False,0.0,0.0,0.9919157894736843,0.0,349
operational-sufficiency-v2,20260715,operational-envelope-v4,2.7,2.62,2.7800000000000002,0.08,1.5,0.1,500,0.05,100,343,97,4042,554.4532373992722,2.7438649236216057,25,0.05,0.08542203490152418,-1.0684300871356418,False,True,0.88,0.08333333333333333,1.0,1.0,True,0.4,0.09090909090909091,0.9904842105263159,0.0,349
operational-sufficiency-v2,20260715,operational-envelope-v4,2.7,2.62,2.7800000000000002,0.08,1.5,0.1,500,0.05,100,344,98,4755,523.731055957961,2.7191083272550833,25,0.05,0.08585268633930165,-1.066246111171876,False,True,0.96,0.04,1.0,1.0,True,0.48,0.07692307692307693,0.9861052631578947,0.0,349
operational-sufficiency-v2,20260715,operational-envelope-v4,2.7,2.62,2.7800000000000002,0.08,1.5,0.1,500,0.05,100,348,99,3329,568.8209110930621,2.7549755536243055,25,0.05,0.32307355939973054,-0.4906985835381334,False,True,0.92,0.0,1.0,1.0,True,0.36,0.0,0.9813894736842106,0.0,349
operational-sufficiency-v2,20260715,operational-envelope-v4,3.0,2.92,3.08,0.08,0.0,0.1,500,0.05,100,1,0,850,850.0,2.929418925714293,25,0.05,0.23501762632197415,-0.6288995644206067,False,True,1.0,0.0,1.0,1.0,True,0.52,0.0,0.9904,0.0,200
operational-sufficiency-v2,20260715,operational-envelope-v4,3.0,2.92,3.08,0.08,0.0,0.1,500,0.05,100,2,1,1000,1000.0,3.0,25,0.05,0.1998001998001998,-0.6994040818153374,False,True,1.0,0.10714285714285714,1.0,1.0,True,0.52,0.13333333333333333,0.9675789473684211,0.0,200
operational-sufficiency-v2,20260715,operational-envelope-v4,3.0,2.92,3.08,0.08,0.0,0.1,500,0.05,100,3,2,1150,1150.0,3.060697840353612,25,0.05,0.1737619461337967,-0.7600453279658106,False,True,1.0,0.07407407407407407,1.0,1.0,True,0.44,0.0,0.9884631578947368,0.0,200
operational-sufficiency-v2,20260715,operational-envelope-v4,3.0,2.92,3.08,0.08,0.0,0.1,500,0.05,100,7,3,850,850.0,2.929418925714293,25,0.05,0.23501762632197415,-0.6288995644206067,False,True,1.0,0.16666666666666666,1.0,1.0,True,0.64,0.15789473684210525,0.9708631578947369,0.0,200
operational-sufficiency-v2,20260715,operational-envelope-v4,3.0,2.92,3.08,0.08,0.0,0.1,500,0.05,100,8,4,1000,1000.0,3.0,25,0.05,0.1998001998001998,-0.6994040818153374,False,True,1.0,0.07407407407407407,1.0,1.0,True,0.64,0.058823529411764705,0.9837473684210526,0.0,200
operational-sufficiency-v2,20260715,operational-envelope-v4,3.0,2.92,3.08,0.08,0.0,0.1,500,0.05,100,9,5,1150,1150.0,3.060697840353612,25,0.05,0.1737619461337967,-0.7600453279658106,False,True,1.0,0.13793103448275862,1.0,1.0,True,0.36,0.18181818181818182,0.9553684210526314,0.0,200
operational-sufficiency-v2,20260715,operational-envelope-v4,3.0,2.92,3.08,0.08,0.0,0.1,500,0.05,100,13,6,850,850.0,2.929418925714293,25,0.05,0.23501762632197415,-0.6288995644206067,False,True,1.0,0.07407407407407407,1.0,1.0,True,0.56,0.125,0.9858526315789474,0.0,200
operational-sufficiency-v2,20260715,operational-envelope-v4,3.0,2.92,3.08,0.08,0.0,0.1,500,0.05,100,14,7,1000,1000.0,3.0,25,0.05,0.1998001998001998,-0.6994040818153374,False,True,1.0,0.0,1.0,1.0,True,0.52,0.0,0.9808842105263159,0.0,200
operational-sufficiency-v2,20260715,operational-envelope-v4,3.0,2.92,3.08,0.08,0.0,0.1,500,0.05,100,15,8,1150,1150.0,3.060697840353612,25,0.05,0.1737619461337967,-0.7600453279658106,False,True,1.0,0.07407407407407407,1.0,1.0,True,0.64,0.0,0.9805473684210527,0.0,200
operational-sufficiency-v2,20260715,operational-envelope-v4,3.0,2.92,3.08,0.08,0.0,0.1,500,0.05,100,19,9,850,850.0,2.929418925714293,25,0.05,0.23501762632197415,-0.6288995644206067,False,True,1.0,0.1935483870967742,1.0,1.0,True,0.72,0.25,0.9820631578947367,0.0,200
operational-sufficiency-v2,20260715,operational-envelope-v4,3.0,2.92,3.08,0.08,0.0,0.1,500,0.05,100,20,10,1000,1000.0,3.0,25,0.05,0.1998001998001998,-0.6994040818153374,False,True,1.0,0.0,1.0,1.0,True,0.32,0.0,0.9747368421052631,0.0,200
operational-sufficiency-v2,20260715,operational-envelope-v4,3.0,2.92,3.08,0.08,0.0,0.1,500,0.05,100,21,11,1150,1150.0,3.060697840353612,25,0.05,0.1737619461337967,-0.7600453279658106,False,True,1.0,0.10714285714285714,1.0,1.0,True,0.72,0.14285714285714285,0.9874526315789474,0.0,200
operational-sufficiency-v2,20260715,operational-envelope-v4,3.0,2.92,3.08,0.08,0.0,0.1,500,0.05,100,25,12,850,850.0,2.929418925714293,25,0.05,0.23501762632197415,-0.6288995644206067,False,True,1.0,0.10714285714285714,1.0,1.0,True,0.76,0.13636363636363635,0.9913263157894738,0.0,200
operational-sufficiency-v2,20260715,operational-envelope-v4,3.0,2.92,3.08,0.08,0.0,0.1,500,0.05,100,26,13,1000,1000.0,3.0,25,0.05,0.1998001998001998,-0.6994040818153374,False,True,1.0,0.038461538461538464,1.0,1.0,True,0.52,0.0,0.9805473684210527,0.0,200
operational-sufficiency-v2,20260715,operational-envelope-v4,3.0,2.92,3.08,0.08,0.0,0.1,500,0.05,100,27,14,1150,1150.0,3.060697840353612,25,0.05,0.1737619461337967,-0.7600453279658106,False,True,1.0,0.16666666666666666,1.0,1.0,True,0.88,0.18518518518518517,0.9968,0.0,200
operational-sufficiency-v2,20260715,operational-envelope-v4,3.0,2.92,3.08,0.08,0.0,0.1,500,0.05,100,31,15,850,850.0,2.929418925714293,25,0.05,0.23501762632197415,-0.6288995644206067,False,True,1.0,0.16666666666666666,1.0,1.0,True,0.8,0.2,0.9962105263157894,0.0,200
operational-sufficiency-v2,20260715,operational-envelope-v4,3.0,2.92,3.08,0.08,0.0,0.1,500,0.05,100,32,16,1000,1000.0,3.0,25,0.05,0.1998001998001998,-0.6994040818153374,False,True,1.0,0.13793103448275862,1.0,1.0,True,0.48,0.0,0.9745684210526316,0.0,200
operational-sufficiency-v2,20260715,operational-envelope-v4,3.0,2.92,3.08,0.08,0.0,0.1,500,0.05,100,33,17,1150,1150.0,3.060697840353612,25,0.05,0.1737619461337967,-0.7600453279658106,False,True,1.0,0.07407407407407407,1.0,1.0,True,0.88,0.08333333333333333,0.9950315789473685,0.0,200
operational-sufficiency-v2,20260715,operational-envelope-v4,3.0,2.92,3.08,0.08,0.0,0.1,500,0.05,100,37,18,850,850.0,2.929418925714293,25,0.05,0.23501762632197415,-0.6288995644206067,False,True,1.0,0.21875,1.0,1.0,True,0.52,0.0,0.982821052631579,0.0,200
operational-sufficiency-v2,20260715,operational-envelope-v4,3.0,2.92,3.08,0.08,0.0,0.1,500,0.05,100,38,19,1000,1000.0,3.0,25,0.05,0.1998001998001998,-0.6994040818153374,False,True,1.0,0.038461538461538464,1.0,1.0,True,0.4,0.09090909090909091,0.9895578947368421,0.0,200
operational-sufficiency-v2,20260715,operational-envelope-v4,3.0,2.92,3.08,0.08,0.0,0.1,500,0.05,100,39,20,1150,1150.0,3.060697840353612,25,0.05,0.1737619461337967,-0.7600453279658106,False,True,1.0,0.07407407407407407,1.0,1.0,True,0.68,0.10526315789473684,0.9917473684210526,0.0,200
operational-sufficiency-v2,20260715,operational-envelope-v4,3.0,2.92,3.08,0.08,0.0,0.1,500,0.05,100,43,21,850,850.0,2.929418925714293,25,0.05,0.23501762632197415,-0.6288995644206067,False,True,1.0,0.07407407407407407,1.0,1.0,True,0.44,0.08333333333333333,0.9765894736842106,0.0,200
operational-sufficiency-v2,20260715,operational-envelope-v4,3.0,2.92,3.08,0.08,0.0,0.1,500,0.05,100,44,22,1000,1000.0,3.0,25,0.05,0.1998001998001998,-0.6994040818153374,False,True,1.0,0.21875,1.0,1.0,True,0.52,0.1875,0.9786947368421052,0.0,200
operational-sufficiency-v2,20260715,operational-envelope-v4,3.0,2.92,3.08,0.08,0.0,0.1,500,0.05,100,45,23,1150,1150.0,3.060697840353612,25,0.05,0.1737619461337967,-0.7600453279658106,False,True,1.0,0.10714285714285714,1.0,1.0,True,0.68,0.05555555555555555,0.9902315789473684,0.0,200
operational-sufficiency-v2,20260715,operational-envelope-v4,3.0,2.92,3.08,0.08,0.0,0.1,500,0.05,100,49,24,850,850.0,2.929418925714293,25,0.05,0.23501762632197415,-0.6288995644206067,False,True,1.0,0.10714285714285714,1.0,1.0,True,0.76,0.05,0.9855157894736842,0.0,200
operational-sufficiency-v2,20260715,operational-envelope-v4,3.0,2.92,3.08,0.08,0.0,0.1,500,0.05,100,50,25,1000,1000.0,3.0,25,0.05,0.1998001998001998,-0.6994040818153374,False,True,1.0,0.07407407407407407,1.0,1.0,False,0.0,0.0,0.9901473684210527,0.0,200
operational-sufficiency-v2,20260715,operational-envelope-v4,3.0,2.92,3.08,0.08,0.0,0.1,500,0.05,100,51,26,1150,1150.0,3.060697840353612,25,0.05,0.1737619461337967,-0.7600453279658106,False,True,1.0,0.10714285714285714,1.0,1.0,False,0.0,0.0,0.974821052631579,0.0,200
operational-sufficiency-v2,20260715,operational-envelope-v4,3.0,2.92,3.08,0.08,0.0,0.1,500,0.05,100,55,27,850,850.0,2.929418925714293,25,0.05,0.23501762632197415,-0.6288995644206067,False,True,1.0,0.07407407407407407,1.0,1.0,False,0.0,0.0,0.9706105263157895,0.0,200
operational-sufficiency-v2,20260715,operational-envelope-v4,3.0,2.92,3.08,0.08,0.0,0.1,500,0.05,100,56,28,1000,1000.0,3.0,25,0.05,0.1998001998001998,-0.6994040818153374,False,True,1.0,0.038461538461538464,1.0,1.0,True,0.28,0.0,0.9809684210526316,0.0,200
operational-sufficiency-v2,20260715,operational-envelope-v4,3.0,2.92,3.08,0.08,0.0,0.1,500,0.05,100,57,29,1150,1150.0,3.060697840353612,25,0.05,0.1737619461337967,-0.7600453279658106,False,True,1.0,0.07407407407407407,1.0,1.0,True,0.64,0.1111111111111111,0.9942736842105265,0.0,200
operational-sufficiency-v2,20260715,operational-envelope-v4,3.0,2.92,3.08,0.08,0.0,0.1,500,0.05,100,61,30,850,850.0,2.929418925714293,25,0.05,0.23501762632197415,-0.6288995644206067,False,True,1.0,0.07407407407407407,1.0,1.0,True,0.24,0.0,0.9834105263157895,0.0,200
operational-sufficiency-v2,20260715,operational-envelope-v4,3.0,2.92,3.08,0.08,0.0,0.1,500,0.05,100,62,31,1000,1000.0,3.0,25,0.05,0.1998001998001998,-0.6994040818153374,False,True,1.0,0.07407407407407407,1.0,1.0,True,0.64,0.058823529411764705,0.9845894736842105,0.0,200
operational-sufficiency-v2,20260715,operational-envelope-v4,3.0,2.92,3.08,0.08,0.0,0.1,500,0.05,100,63,32,1150,1150.0,3.060697840353612,25,0.05,0.1737619461337967,-0.7600453279658106,False,True,1.0,0.0,1.0,1.0,True,0.64,0.0,0.9881263157894736,0.0,200
operational-sufficiency-v2,20260715,operational-envelope-v4,3.0,2.92,3.08,0.08,0.0,0.1,500,0.05,100,67,33,850,850.0,2.929418925714293,25,0.05,0.23501762632197415,-0.6288995644206067,False,True,1.0,0.038461538461538464,1.0,1.0,True,0.32,0.0,0.975578947368421,0.0,200
operational-sufficiency-v2,20260715,operational-envelope-v4,3.0,2.92,3.08,0.08,0.0,0.1,500,0.05,100,68,34,1000,1000.0,3.0,25,0.05,0.1998001998001998,-0.6994040818153374,False,True,1.0,0.038461538461538464,1.0,1.0,True,0.6,0.0625,0.9912421052631578,0.0,200
operational-sufficiency-v2,20260715,operational-envelope-v4,3.0,2.92,3.08,0.08,0.0,0.1,500,0.05,100,69,35,1150,1150.0,3.060697840353612,25,0.05,0.1737619461337967,-0.7600453279658106,False,True,1.0,0.10714285714285714,1.0,1.0,True,0.76,0.09523809523809523,0.9954526315789474,0.0,200
operational-sufficiency-v2,20260715,operational-envelope-v4,3.0,2.92,3.08,0.08,0.0,0.1,500,0.05,100,73,36,850,850.0,2.929418925714293,25,0.05,0.23501762632197415,-0.6288995644206067,False,True,1.0,0.0,1.0,1.0,True,0.6,0.0,0.9716210526315789,0.0,200
operational-sufficiency-v2,20260715,operational-envelope-v4,3.0,2.92,3.08,0.08,0.0,0.1,500,0.05,100,74,37,1000,1000.0,3.0,25,0.05,0.1998001998001998,-0.6994040818153374,False,True,1.0,0.0,1.0,1.0,True,0.52,0.0,0.9830736842105263,0.0,200
operational-sufficiency-v2,20260715,operational-envelope-v4,3.0,2.92,3.08,0.08,0.0,0.1,500,0.05,100,75,38,1150,1150.0,3.060697840353612,25,0.05,0.1737619461337967,-0.7600453279658106,False,True,1.0,0.0,1.0,1.0,True,0.52,0.0,0.9951157894736844,0.0,200
operational-sufficiency-v2,20260715,operational-envelope-v4,3.0,2.92,3.08,0.08,0.0,0.1,500,0.05,100,79,39,850,850.0,2.929418925714293,25,0.05,0.23501762632197415,-0.6288995644206067,False,True,1.0,0.038461538461538464,1.0,1.0,True,0.48,0.0,0.9953684210526315,0.0,200
operational-sufficiency-v2,20260715,operational-envelope-v4,3.0,2.92,3.08,0.08,0.0,0.1,500,0.05,100,80,40,1000,1000.0,3.0,25,0.05,0.1998001998001998,-0.6994040818153374,False,True,1.0,0.07407407407407407,1.0,1.0,True,0.56,0.0,0.9811368421052632,0.0,200
operational-sufficiency-v2,20260715,operational-envelope-v4,3.0,2.92,3.08,0.08,0.0,0.1,500,0.05,100,81,41,1150,1150.0,3.060697840353612,25,0.05,0.1737619461337967,-0.7600453279658106,False,True,1.0,0.0,1.0,1.0,True,0.52,0.0,0.9768421052631578,0.0,200
operational-sufficiency-v2,20260715,operational-envelope-v4,3.0,2.92,3.08,0.08,0.0,0.1,500,0.05,100,85,42,850,850.0,2.929418925714293,25,0.05,0.23501762632197415,-0.6288995644206067,False,True,1.0,0.038461538461538464,1.0,1.0,True,0.56,0.0,0.9893052631578948,0.0,200
operational-sufficiency-v2,20260715,operational-envelope-v4,3.0,2.92,3.08,0.08,0.0,0.1,500,0.05,100,86,43,1000,1000.0,3.0,25,0.05,0.1998001998001998,-0.6994040818153374,False,True,1.0,0.038461538461538464,1.0,1.0,True,0.48,0.07692307692307693,0.9880421052631579,0.0,200
operational-sufficiency-v2,20260715,operational-envelope-v4,3.0,2.92,3.08,0.08,0.0,0.1,500,0.05,100,87,44,1150,1150.0,3.060697840353612,25,0.05,0.1737619461337967,-0.7600453279658106,False,True,1.0,0.13793103448275862,1.0,1.0,True,0.64,0.2,0.9802947368421053,0.0,200
operational-sufficiency-v2,20260715,operational-envelope-v4,3.0,2.92,3.08,0.08,0.0,0.1,500,0.05,100,91,45,850,850.0,2.929418925714293,25,0.05,0.23501762632197415,-0.6288995644206067,False,True,1.0,0.038461538461538464,1.0,1.0,True,0.52,0.0,0.9734736842105264,0.0,200
operational-sufficiency-v2,20260715,operational-envelope-v4,3.0,2.92,3.08,0.08,0.0,0.1,500,0.05,100,92,46,1000,1000.0,3.0,25,0.05,0.1998001998001998,-0.6994040818153374,False,True,1.0,0.07407407407407407,1.0,1.0,True,0.56,0.125,0.9843368421052632,0.0,200
operational-sufficiency-v2,20260715,operational-envelope-v4,3.0,2.92,3.08,0.08,0.0,0.1,500,0.05,100,93,47,1150,1150.0,3.060697840353612,25,0.05,0.1737619461337967,-0.7600453279658106,False,True,1.0,0.0,1.0,1.0,True,0.52,0.0,0.980378947368421,0.0,200
operational-sufficiency-v2,20260715,operational-envelope-v4,3.0,2.92,3.08,0.08,0.0,0.1,500,0.05,100,97,48,850,850.0,2.929418925714293,25,0.05,0.23501762632197415,-0.6288995644206067,False,True,1.0,0.16666666666666666,1.0,1.0,False,0.0,0.0,0.991157894736842,0.0,200
operational-sufficiency-v2,20260715,operational-envelope-v4,3.0,2.92,3.08,0.08,0.0,0.1,500,0.05,100,98,49,1000,1000.0,3.0,25,0.05,0.1998001998001998,-0.6994040818153374,False,True,1.0,0.038461538461538464,1.0,1.0,False,0.0,0.0,0.9616000000000001,0.0,200
operational-sufficiency-v2,20260715,operational-envelope-v4,3.0,2.92,3.08,0.08,0.0,0.1,500,0.05,100,99,50,1150,1150.0,3.060697840353612,25,0.05,0.1737619461337967,-0.7600453279658106,False,True,1.0,0.07407407407407407,1.0,1.0,False,0.0,0.0,0.9510736842105263,0.0,200
operational-sufficiency-v2,20260715,operational-envelope-v4,3.0,2.92,3.08,0.08,0.0,0.1,500,0.05,100,103,51,850,850.0,2.929418925714293,25,0.05,0.23501762632197415,-0.6288995644206067,False,True,1.0,0.13793103448275862,1.0,1.0,True,0.52,0.13333333333333333,0.9840000000000001,0.0,200
operational-sufficiency-v2,20260715,operational-envelope-v4,3.0,2.92,3.08,0.08,0.0,0.1,500,0.05,100,104,52,1000,1000.0,3.0,25,0.05,0.1998001998001998,-0.6994040818153374,False,True,1.0,0.07407407407407407,1.0,1.0,True,0.76,0.09523809523809523,0.9722947368421053,0.0,200
operational-sufficiency-v2,20260715,operational-envelope-v4,3.0,2.92,3.08,0.08,0.0,0.1,500,0.05,100,105,53,1150,1150.0,3.060697840353612,25,0.05,0.1737619461337967,-0.7600453279658106,False,True,1.0,0.10714285714285714,1.0,1.0,True,0.6,0.11764705882352941,0.9816421052631579,0.0,200
operational-sufficiency-v2,20260715,operational-envelope-v4,3.0,2.92,3.08,0.08,0.0,0.1,500,0.05,100,109,54,850,850.0,2.929418925714293,25,0.05,0.23501762632197415,-0.6288995644206067,False,True,1.0,0.07407407407407407,1.0,1.0,True,0.32,0.0,0.9850947368421054,0.0,200
operational-sufficiency-v2,20260715,operational-envelope-v4,3.0,2.92,3.08,0.08,0.0,0.1,500,0.05,100,110,55,1000,1000.0,3.0,25,0.05,0.1998001998001998,-0.6994040818153374,False,True,1.0,0.10714285714285714,1.0,1.0,True,0.8,0.13043478260869565,0.9903157894736841,0.0,200
operational-sufficiency-v2,20260715,operational-envelope-v4,3.0,2.92,3.08,0.08,0.0,0.1,500,0.05,100,111,56,1150,1150.0,3.060697840353612,25,0.05,0.1737619461337967,-0.7600453279658106,False,True,1.0,0.10714285714285714,1.0,1.0,True,0.56,0.0,0.9836631578947368,0.0,200
operational-sufficiency-v2,20260715,operational-envelope-v4,3.0,2.92,3.08,0.08,0.0,0.1,500,0.05,100,115,57,850,850.0,2.929418925714293,25,0.05,0.23501762632197415,-0.6288995644206067,False,True,1.0,0.0,1.0,1.0,True,0.52,0.0,0.9827368421052631,0.0,200
operational-sufficiency-v2,20260715,operational-envelope-v4,3.0,2.92,3.08,0.08,0.0,0.1,500,0.05,100,116,58,1000,1000.0,3.0,25,0.05,0.1998001998001998,-0.6994040818153374,False,True,1.0,0.375,1.0,1.0,True,0.88,0.40540540540540543,0.978021052631579,0.0,200
operational-sufficiency-v2,20260715,operational-envelope-v4,3.0,2.92,3.08,0.08,0.0,0.1,500,0.05,100,117,59,1150,1150.0,3.060697840353612,25,0.05,0.1737619461337967,-0.7600453279658106,False,True,1.0,0.038461538461538464,1.0,1.0,True,0.6,0.0625,0.9854315789473685,0.0,200
operational-sufficiency-v2,20260715,operational-envelope-v4,3.0,2.92,3.08,0.08,0.0,0.1,500,0.05,100,121,60,850,850.0,2.929418925714293,25,0.05,0.23501762632197415,-0.6288995644206067,False,True,1.0,0.0,1.0,1.0,False,0.0,0.0,0.9893052631578947,0.0,200
operational-sufficiency-v2,20260715,operational-envelope-v4,3.0,2.92,3.08,0.08,0.0,0.1,500,0.05,100,122,61,1000,1000.0,3.0,25,0.05,0.1998001998001998,-0.6994040818153374,False,True,1.0,0.07407407407407407,1.0,1.0,True,0.64,0.058823529411764705,0.9966315789473684,0.0,200
operational-sufficiency-v2,20260715,operational-envelope-v4,3.0,2.92,3.08,0.08,0.0,0.1,500,0.05,100,123,62,1150,1150.0,3.060697840353612,25,0.05,0.1737619461337967,-0.7600453279658106,False,True,1.0,0.07407407407407407,1.0,1.0,True,0.68,0.05555555555555555,0.9615157894736842,0.0,200
operational-sufficiency-v2,20260715,operational-envelope-v4,3.0,2.92,3.08,0.08,0.0,0.1,500,0.05,100,127,63,850,850.0,2.929418925714293,25,0.05,0.23501762632197415,-0.6288995644206067,False,True,1.0,0.21875,1.0,1.0,False,0.0,0.0,0.952757894736842,0.0,200
operational-sufficiency-v2,20260715,operational-envelope-v4,3.0,2.92,3.08,0.08,0.0,0.1,500,0.05,100,128,64,1000,1000.0,3.0,25,0.05,0.1998001998001998,-0.6994040818153374,False,True,1.0,0.07407407407407407,1.0,1.0,True,0.72,0.1,0.994778947368421,0.0,200
operational-sufficiency-v2,20260715,operational-envelope-v4,3.0,2.92,3.08,0.08,0.0,0.1,500,0.05,100,129,65,1150,1150.0,3.060697840353612,25,0.05,0.1737619461337967,-0.7600453279658106,False,True,1.0,0.0,1.0,1.0,True,0.56,0.0,0.9789473684210526,0.0,200
operational-sufficiency-v2,20260715,operational-envelope-v4,3.0,2.92,3.08,0.08,0.0,0.1,500,0.05,100,133,66,850,850.0,2.929418925714293,25,0.05,0.23501762632197415,-0.6288995644206067,False,True,1.0,0.16666666666666666,1.0,1.0,True,0.36,0.1,0.9797894736842107,0.0,200
operational-sufficiency-v2,20260715,operational-envelope-v4,3.0,2.92,3.08,0.08,0.0,0.1,500,0.05,100,134,67,1000,1000.0,3.0,25,0.05,0.1998001998001998,-0.6994040818153374,False,True,1.0,0.038461538461538464,1.0,1.0,True,0.32,0.0,0.9523368421052631,0.0,200
operational-sufficiency-v2,20260715,operational-envelope-v4,3.0,2.92,3.08,0.08,0.0,0.1,500,0.05,100,135,68,1150,1150.0,3.060697840353612,25,0.05,0.1737619461337967,-0.7600453279658106,False,True,1.0,0.13793103448275862,1.0,1.0,True,0.48,0.0,0.9910736842105262,0.0,200
operational-sufficiency-v2,20260715,operational-envelope-v4,3.0,2.92,3.08,0.08,0.0,0.1,500,0.05,100,139,69,850,850.0,2.929418925714293,25,0.05,0.23501762632197415,-0.6288995644206067,False,True,1.0,0.07407407407407407,1.0,1.0,True,0.68,0.10526315789473684,0.9845052631578948,0.0,200
operational-sufficiency-v2,20260715,operational-envelope-v4,3.0,2.92,3.08,0.08,0.0,0.1,500,0.05,100,140,70,1000,1000.0,3.0,25,0.05,0.1998001998001998,-0.6994040818153374,False,True,1.0,0.038461538461538464,1.0,1.0,True,0.48,0.0,0.9742315789473684,0.0,200
operational-sufficiency-v2,20260715,operational-envelope-v4,3.0,2.92,3.08,0.08,0.0,0.1,500,0.05,100,141,71,1150,1150.0,3.060697840353612,25,0.05,0.1737619461337967,-0.7600453279658106,False,True,1.0,0.10714285714285714,1.0,1.0,True,0.72,0.1,0.9863578947368421,0.0,200
operational-sufficiency-v2,20260715,operational-envelope-v4,3.0,2.92,3.08,0.08,0.0,0.1,500,0.05,100,145,72,850,850.0,2.929418925714293,25,0.05,0.23501762632197415,-0.6288995644206067,False,True,1.0,0.0,1.0,1.0,True,0.48,0.0,0.9779368421052632,0.0,200
operational-sufficiency-v2,20260715,operational-envelope-v4,3.0,2.92,3.08,0.08,0.0,0.1,500,0.05,100,146,73,1000,1000.0,3.0,25,0.05,0.1998001998001998,-0.6994040818153374,False,True,1.0,0.038461538461538464,1.0,1.0,True,0.52,0.0,0.9943578947368422,0.0,200
operational-sufficiency-v2,20260715,operational-envelope-v4,3.0,2.92,3.08,0.08,0.0,0.1,500,0.05,100,147,74,1150,1150.0,3.060697840353612,25,0.05,0.1737619461337967,-0.7600453279658106,False,True,1.0,0.038461538461538464,1.0,1.0,True,0.52,0.07142857142857142,0.9876210526315791,0.0,200
operational-sufficiency-v2,20260715,operational-envelope-v4,3.0,2.92,3.08,0.08,0.0,0.1,500,0.05,100,151,75,850,850.0,2.929418925714293,25,0.05,0.23501762632197415,-0.6288995644206067,False,True,1.0,0.0,1.0,1.0,True,0.48,0.0,0.9873684210526315,0.0,200
operational-sufficiency-v2,20260715,operational-envelope-v4,3.0,2.92,3.08,0.08,0.0,0.1,500,0.05,100,152,76,1000,1000.0,3.0,25,0.05,0.1998001998001998,-0.6994040818153374,False,True,1.0,0.038461538461538464,1.0,1.0,True,0.36,0.0,0.9823157894736844,0.0,200
operational-sufficiency-v2,20260715,operational-envelope-v4,3.0,2.92,3.08,0.08,0.0,0.1,500,0.05,100,153,77,1150,1150.0,3.060697840353612,25,0.05,0.1737619461337967,-0.7600453279658106,False,True,1.0,0.16666666666666666,1.0,1.0,True,0.92,0.17857142857142858,0.9949473684210526,0.0,200
operational-sufficiency-v2,20260715,operational-envelope-v4,3.0,2.92,3.08,0.08,0.0,0.1,500,0.05,100,157,78,850,850.0,2.929418925714293,25,0.05,0.23501762632197415,-0.6288995644206067,False,True,1.0,0.0,1.0,1.0,True,0.56,0.0,0.9836631578947369,0.0,200
operational-sufficiency-v2,20260715,operational-envelope-v4,3.0,2.92,3.08,0.08,0.0,0.1,500,0.05,100,158,79,1000,1000.0,3.0,25,0.05,0.1998001998001998,-0.6994040818153374,False,True,1.0,0.0,1.0,1.0,True,0.4,0.0,0.9793684210526317,0.0,200
operational-sufficiency-v2,20260715,operational-envelope-v4,3.0,2.92,3.08,0.08,0.0,0.1,500,0.05,100,159,80,1150,1150.0,3.060697840353612,25,0.05,0.1737619461337967,-0.7600453279658106,False,True,1.0,0.038461538461538464,1.0,1.0,True,0.68,0.05555555555555555,0.989642105263158,0.0,200
operational-sufficiency-v2,20260715,operational-envelope-v4,3.0,2.92,3.08,0.08,0.0,0.1,500,0.05,100,163,81,850,850.0,2.929418925714293,25,0.05,0.23501762632197415,-0.6288995644206067,False,True,1.0,0.038461538461538464,1.0,1.0,True,0.48,0.07692307692307693,0.9934315789473683,0.0,200
operational-sufficiency-v2,20260715,operational-envelope-v4,3.0,2.92,3.08,0.08,0.0,0.1,500,0.05,100,164,82,1000,1000.0,3.0,25,0.05,0.1998001998001998,-0.6994040818153374,False,True,1.0,0.07407407407407407,1.0,1.0,True,0.52,0.13333333333333333,0.9661473684210526,0.0,200
operational-sufficiency-v2,20260715,operational-envelope-v4,3.0,2.92,3.08,0.08,0.0,0.1,500,0.05,100,165,83,1150,1150.0,3.060697840353612,25,0.05,0.1737619461337967,-0.7600453279658106,False,True,1.0,0.21875,1.0,1.0,True,0.68,0.19047619047619047,0.976421052631579,0.0,200
operational-sufficiency-v2,20260715,operational-envelope-v4,3.0,2.92,3.08,0.08,0.0,0.1,500,0.05,100,169,84,850,850.0,2.929418925714293,25,0.05,0.23501762632197415,-0.6288995644206067,False,True,1.0,0.10714285714285714,1.0,1.0,True,0.68,0.15,0.9894736842105264,0.0,200
operational-sufficiency-v2,20260715,operational-envelope-v4,3.0,2.92,3.08,0.08,0.0,0.1,500,0.05,100,170,85,1000,1000.0,3.0,25,0.05,0.1998001998001998,-0.6994040818153374,False,True,1.0,0.0,1.0,1.0,True,0.72,0.0,0.9943578947368421,0.0,200
operational-sufficiency-v2,20260715,operational-envelope-v4,3.0,2.92,3.08,0.08,0.0,0.1,500,0.05,100,171,86,1150,1150.0,3.060697840353612,25,0.05,0.1737619461337967,-0.7600453279658106,False,True,1.0,0.0,1.0,1.0,True,0.44,0.0,0.9948631578947368,0.0,200
operational-sufficiency-v2,20260715,operational-envelope-v4,3.0,2.92,3.08,0.08,0.0,0.1,500,0.05,100,175,87,850,850.0,2.929418925714293,25,0.05,0.23501762632197415,-0.6288995644206067,False,True,1.0,0.07407407407407407,1.0,1.0,True,0.6,0.0625,0.9749894736842105,0.0,200
operational-sufficiency-v2,20260715,operational-envelope-v4,3.0,2.92,3.08,0.08,0.0,0.1,500,0.05,100,176,88,1000,1000.0,3.0,25,0.05,0.1998001998001998,-0.6994040818153374,False,True,1.0,0.10714285714285714,1.0,1.0,True,0.52,0.0,0.9781052631578947,0.0,200
operational-sufficiency-v2,20260715,operational-envelope-v4,3.0,2.92,3.08,0.08,0.0,0.1,500,0.05,100,177,89,1150,1150.0,3.060697840353612,25,0.05,0.1737619461337967,-0.7600453279658106,False,True,1.0,0.038461538461538464,1.0,1.0,True,0.6,0.0,0.9770105263157896,0.0,200
operational-sufficiency-v2,20260715,operational-envelope-v4,3.0,2.92,3.08,0.08,0.0,0.1,500,0.05,100,181,90,850,850.0,2.929418925714293,25,0.05,0.23501762632197415,-0.6288995644206067,False,True,1.0,0.0,1.0,1.0,True,0.52,0.0,0.9874526315789474,0.0,200
operational-sufficiency-v2,20260715,operational-envelope-v4,3.0,2.92,3.08,0.08,0.0,0.1,500,0.05,100,182,91,1000,1000.0,3.0,25,0.05,0.1998001998001998,-0.6994040818153374,False,True,1.0,0.0,1.0,1.0,True,0.48,0.0,0.9922526315789475,0.0,200
operational-sufficiency-v2,20260715,operational-envelope-v4,3.0,2.92,3.08,0.08,0.0,0.1,500,0.05,100,183,92,1150,1150.0,3.060697840353612,25,0.05,0.1737619461337967,-0.7600453279658106,False,True,1.0,0.07407407407407407,1.0,1.0,True,0.68,0.05555555555555555,0.9826526315789473,0.0,200
operational-sufficiency-v2,20260715,operational-envelope-v4,3.0,2.92,3.08,0.08,0.0,0.1,500,0.05,100,187,93,850,850.0,2.929418925714293,25,0.05,0.23501762632197415,-0.6288995644206067,False,True,1.0,0.10714285714285714,1.0,1.0,True,0.76,0.13636363636363635,0.9892210526315789,0.0,200
operational-sufficiency-v2,20260715,operational-envelope-v4,3.0,2.92,3.08,0.08,0.0,0.1,500,0.05,100,188,94,1000,1000.0,3.0,25,0.05,0.1998001998001998,-0.6994040818153374,False,True,1.0,0.24242424242424243,1.0,1.0,True,0.72,0.3076923076923077,0.9695157894736842,0.0,200
operational-sufficiency-v2,20260715,operational-envelope-v4,3.0,2.92,3.08,0.08,0.0,0.1,500,0.05,100,189,95,1150,1150.0,3.060697840353612,25,0.05,0.1737619461337967,-0.7600453279658106,False,True,1.0,0.0,1.0,1.0,True,0.2,0.0,0.9955368421052632,0.0,200
operational-sufficiency-v2,20260715,operational-envelope-v4,3.0,2.92,3.08,0.08,0.0,0.1,500,0.05,100,193,96,850,850.0,2.929418925714293,25,0.05,0.23501762632197415,-0.6288995644206067,False,True,1.0,0.0,1.0,1.0,True,0.44,0.0,0.9889684210526315,0.0,200
operational-sufficiency-v2,20260715,operational-envelope-v4,3.0,2.92,3.08,0.08,0.0,0.1,500,0.05,100,194,97,1000,1000.0,3.0,25,0.05,0.1998001998001998,-0.6994040818153374,False,True,1.0,0.10714285714285714,1.0,1.0,True,0.64,0.15789473684210525,0.9869473684210526,0.0,200
operational-sufficiency-v2,20260715,operational-envelope-v4,3.0,2.92,3.08,0.08,0.0,0.1,500,0.05,100,195,98,1150,1150.0,3.060697840353612,25,0.05,0.1737619461337967,-0.7600453279658106,False,True,1.0,0.038461538461538464,1.0,1.0,True,0.56,0.06666666666666667,0.9877894736842106,0.0,200
operational-sufficiency-v2,20260715,operational-envelope-v4,3.0,2.92,3.08,0.08,0.0,0.1,500,0.05,100,199,99,850,850.0,2.929418925714293,25,0.05,0.23501762632197415,-0.6288995644206067,False,True,1.0,0.24242424242424243,1.0,1.0,True,0.64,0.3333333333333333,0.9684210526315788,0.0,200
operational-sufficiency-v2,20260715,operational-envelope-v4,3.0,2.92,3.08,0.08,0.5,0.1,500,0.05,100,1,0,1091,836.8576238132296,2.9226515769277044,25,0.05,0.33445588491140316,-0.4756611580248069,False,True,1.0,0.13793103448275862,1.0,1.0,True,0.64,0.2,0.9902315789473686,0.0,201
operational-sufficiency-v2,20260715,operational-envelope-v4,3.0,2.92,3.08,0.08,0.5,0.1,500,0.05,100,2,1,1284,992.7356132077207,2.996833601956245,25,0.05,0.27192270861094114,-0.5655545224139397,False,True,1.0,0.038461538461538464,1.0,1.0,False,0.0,0.0,0.9640421052631578,0.0,201
operational-sufficiency-v2,20260715,operational-envelope-v4,3.0,2.92,3.08,0.08,0.5,0.1,500,0.05,100,3,2,1477,1160.2399243763082,3.0645478056566606,25,0.05,0.22876687882538496,-0.640606853063504,False,True,1.0,0.10714285714285714,1.0,1.0,True,0.72,0.14285714285714285,0.9884631578947368,0.0,201
operational-sufficiency-v2,20260715,operational-envelope-v4,3.0,2.92,3.08,0.08,0.5,0.1,500,0.05,100,7,3,1091,851.4817406950909,2.9301753393210626,25,0.05,0.3747444192824431,-0.42626482597237586,False,True,1.0,0.038461538461538464,1.0,1.0,False,0.0,0.0,0.9722105263157895,0.0,201
operational-sufficiency-v2,20260715,operational-envelope-v4,3.0,2.92,3.08,0.08,0.5,0.1,500,0.05,100,8,4,1284,990.5603230863544,2.9958809283206205,25,0.05,0.29623346789148797,-0.5283658772817265,False,True,1.0,0.13793103448275862,1.0,1.0,True,0.76,0.17391304347826086,0.9968,0.0,201
operational-sufficiency-v2,20260715,operational-envelope-v4,3.0,2.92,3.08,0.08,0.5,0.1,500,0.05,100,9,5,1477,1153.88767571494,3.0621635348236795,25,0.05,0.2694674129008502,-0.5694937471861213,False,True,1.0,0.0,1.0,1.0,True,0.64,0.0,0.9961263157894737,0.0,201
operational-sufficiency-v2,20260715,operational-envelope-v4,3.0,2.92,3.08,0.08,0.5,0.1,500,0.05,100,13,6,1091,860.0132132433787,2.9345051237954336,25,0.05,0.34982853249509527,-0.4561447717589232,False,True,1.0,0.038461538461538464,1.0,1.0,False,0.0,0.0,0.9812210526315789,0.0,201
operational-sufficiency-v2,20260715,operational-envelope-v4,3.0,2.92,3.08,0.08,0.5,0.1,500,0.05,100,14,7,1284,1006.7690883609517,3.0029298725891196,25,0.05,0.3197992050299659,-0.49512262017555086,False,True,1.0,0.13793103448275862,1.0,1.0,True,0.4,0.0,0.9925052631578947,0.0,201
operational-sufficiency-v2,20260715,operational-envelope-v4,3.0,2.92,3.08,0.08,0.5,0.1,500,0.05,100,15,8,1477,1146.0873349561846,3.0592177133070795,25,0.05,0.2801922917127519,-0.5525438166329162,False,True,1.0,0.07407407407407407,1.0,1.0,True,0.4,0.0,0.978863157894737,0.0,201
operational-sufficiency-v2,20260715,operational-envelope-v4,3.0,2.92,3.08,0.08,0.5,0.1,500,0.05,100,19,9,1091,849.9353402614754,2.929385887554557,25,0.05,0.3384830614973817,-0.47046305957050344,False,True,1.0,0.07407407407407407,1.0,1.0,True,0.52,0.13333333333333333,0.9765894736842106,0.0,201
operational-sufficiency-v2,20260715,operational-envelope-v4,3.0,2.92,3.08,0.08,0.5,0.1,500,0.05,100,20,10,1284,1009.4826727929534,3.0040988689210755,25,0.05,0.2765833109480205,-0.5581740287887101,False,True,1.0,0.07407407407407407,1.0,1.0,True,0.6,0.0,0.9927578947368422,0.0,201
operational-sufficiency-v2,20260715,operational-envelope-v4,3.0,2.92,3.08,0.08,0.5,0.1,500,0.05,100,21,11,1477,1173.200423006861,3.069372210896916,25,0.05,0.21999666288541592,-0.6575839069116183,False,True,1.0,0.038461538461538464,1.0,1.0,True,0.4,0.09090909090909091,0.9612631578947368,0.0,201
operational-sufficiency-v2,20260715,operational-envelope-v4,3.0,2.92,3.08,0.08,0.5,0.1,500,0.05,100,25,12,1091,866.9843264072581,2.9380112462462584,25,0.05,0.3811894857233256,-0.41885908693013274,False,True,1.0,0.0,1.0,1.0,True,0.4,0.0,0.9610947368421052,0.0,201
operational-sufficiency-v2,20260715,operational-envelope-v4,3.0,2.92,3.08,0.08,0.5,0.1,500,0.05,100,26,13,1284,1017.7347267818636,3.007634593611861,25,0.05,0.27932466513129056,-0.5538907132160926,False,True,1.0,0.07407407407407407,1.0,1.0,True,0.48,0.0,0.9664,0.0,201
operational-sufficiency-v2,20260715,operational-envelope-v4,3.0,2.92,3.08,0.08,0.5,0.1,500,0.05,100,27,14,1477,1158.6034818958415,3.0639348293295137,25,0.05,0.26629740990994355,-0.5746330576214775,False,True,1.0,0.13793103448275862,1.0,1.0,True,0.48,0.2,0.9714526315789475,0.0,201
operational-sufficiency-v2,20260715,operational-envelope-v4,3.0,2.92,3.08,0.08,0.5,0.1,500,0.05,100,31,15,1091,841.5374645813256,2.925073455188554,25,0.05,0.36056994232672396,-0.44301047957069806,False,True,1.0,0.07407407407407407,1.0,1.0,True,0.68,0.05555555555555555,0.9813052631578948,0.0,201
operational-sufficiency-v2,20260715,operational-envelope-v4,3.0,2.92,3.08,0.08,0.5,0.1,500,0.05,100,32,16,1284,998.8475587094373,2.9994992124872297,25,0.05,0.3072641844616215,-0.5124880593244404,False,True,1.0,0.1935483870967742,1.0,1.0,True,0.52,0.1875,0.9877052631578949,0.0,201
operational-sufficiency-v2,20260715,operational-envelope-v4,3.0,2.92,3.08,0.08,0.5,0.1,500,0.05,100,33,17,1477,1158.2216559929436,3.0637916809481656,25,0.05,0.2483242997541307,-0.6049807805148273,False,True,1.0,0.07407407407407407,1.0,1.0,True,0.36,0.0,0.9829894736842106,0.0,201
operational-sufficiency-v2,20260715,operational-envelope-v4,3.0,2.92,3.08,0.08,0.5,0.1,500,0.05,100,37,18,1091,869.0671175110474,2.939053318035649,25,0.05,0.31080000725028495,-0.5075189797399821,False,True,1.0,0.16666666666666666,1.0,1.0,True,0.8,0.16666666666666666,0.9890526315789474,0.0,201
operational-sufficiency-v2,20260715,operational-envelope-v4,3.0,2.92,3.08,0.08,0.5,0.1,500,0.05,100,38,19,1284,1000.6701631284183,3.000290950667328,25,0.05,0.2641448268727237,-0.5781578903059456,False,True,1.0,0.0,1.0,1.0,True,0.4,0.0,0.9883789473684211,0.0,201
operational-sufficiency-v2,20260715,operational-envelope-v4,3.0,2.92,3.08,0.08,0.5,0.1,500,0.05,100,39,20,1477,1158.5787937078064,3.0639255750348084,25,0.05,0.2605445275023897,-0.5841180443566488,False,True,1.0,0.0,1.0,1.0,True,0.6,0.0,0.9570526315789474,0.0,201
operational-sufficiency-v2,20260715,operational-envelope-v4,3.0,2.92,3.08,0.08,0.5,0.1,500,0.05,100,43,21,1091,848.231013437484,2.9285141473013985,25,0.05,0.3340673447468719,-0.4761659747939692,False,True,1.0,0.1935483870967742,1.0,1.0,True,0.72,0.25,0.9621052631578948,0.0,201
operational-sufficiency-v2,20260715,operational-envelope-v4,3.0,2.92,3.08,0.08,0.5,0.1,500,0.05,100,44,22,1284,980.1446136883743,2.9912901576245563,25,0.05,0.3433313948310354,-0.4642864821015616,False,True,1.0,0.1935483870967742,1.0,1.0,True,0.52,0.1875,0.9856842105263156,0.0,201
operational-sufficiency-v2,20260715,operational-envelope-v4,3.0,2.92,3.08,0.08,0.5,0.1,500,0.05,100,45,23,1477,1158.2454552037975,3.063800604766594,25,0.05,0.2852258179597067,-0.5448111657418041,False,True,1.0,0.07407407407407407,1.0,1.0,True,0.48,0.14285714285714285,0.9861894736842105,0.0,201
operational-sufficiency-v2,20260715,operational-envelope-v4,3.0,2.92,3.08,0.08,0.5,0.1,500,0.05,100,49,24,1091,864.0823956827163,2.9365551571596433,25,0.05,0.4072494587296297,-0.3901394842346556,False,True,1.0,0.13793103448275862,1.0,1.0,True,0.64,0.15789473684210525,0.9929263157894737,0.0,201
operational-sufficiency-v2,20260715,operational-envelope-v4,3.0,2.92,3.08,0.08,0.5,0.1,500,0.05,100,50,25,1284,976.0408582513245,2.9894679981397263,25,0.05,0.3130809262564754,-0.5043433899809361,False,True,1.0,0.16666666666666666,1.0,1.0,True,0.56,0.17647058823529413,0.9926736842105263,0.0,201
operational-sufficiency-v2,20260715,operational-envelope-v4,3.0,2.92,3.08,0.08,0.5,0.1,500,0.05,100,51,26,1477,1169.5574138100637,3.068021546272462,25,0.05,0.26750918098107335,-0.5726613082932345,False,True,1.0,0.07407407407407407,1.0,1.0,True,0.52,0.07142857142857142,0.9770105263157894,0.0,201
operational-sufficiency-v2,20260715,operational-envelope-v4,3.0,2.92,3.08,0.08,0.5,0.1,500,0.05,100,55,27,1091,839.8322891303534,2.9241925679937077,25,0.05,0.3161963979821931,-0.5000430817326126,False,True,1.0,0.038461538461538464,1.0,1.0,False,0.0,0.0,0.987621052631579,0.0,201
operational-sufficiency-v2,20260715,operational-envelope-v4,3.0,2.92,3.08,0.08,0.5,0.1,500,0.05,100,56,28,1284,993.6466825463008,2.997231986914637,25,0.05,0.3604155054434158,-0.44319653349857224,False,True,1.0,0.0,1.0,1.0,True,0.48,0.0,0.9728842105263158,0.0,201
operational-sufficiency-v2,20260715,operational-envelope-v4,3.0,2.92,3.08,0.08,0.5,0.1,500,0.05,100,57,29,1477,1142.70031437946,3.0579323468636277,25,0.05,0.22521291882011021,-0.6474067008039742,False,True,1.0,0.13793103448275862,1.0,1.0,True,0.6,0.0625,0.9839157894736843,0.0,201
operational-sufficiency-v2,20260715,operational-envelope-v4,3.0,2.92,3.08,0.08,0.5,0.1,500,0.05,100,61,30,1091,834.7682435805413,2.921565919190656,25,0.05,0.3297679964539337,-0.4817914943490928,False,True,1.0,0.10714285714285714,1.0,1.0,True,0.6,0.0625,0.9938526315789474,0.0,201
operational-sufficiency-v2,20260715,operational-envelope-v4,3.0,2.92,3.08,0.08,0.5,0.1,500,0.05,100,62,31,1284,995.4713458839983,2.9980287636064586,25,0.05,0.24846331470819,-0.6047377252241227,False,True,1.0,0.07407407407407407,1.0,1.0,True,0.4,0.0,0.9760000000000001,0.0,201
operational-sufficiency-v2,20260715,operational-envelope-v4,3.0,2.92,3.08,0.08,0.5,0.1,500,0.05,100,63,32,1477,1142.5556321122824,3.0578773554650103,25,0.05,0.28193055104167136,-0.5498578598151825,False,True,1.0,0.0,1.0,1.0,True,0.44,0.0,0.9915789473684211,0.0,201
operational-sufficiency-v2,20260715,operational-envelope-v4,3.0,2.92,3.08,0.08,0.5,0.1,500,0.05,100,67,33,1091,859.2389896937952,2.9341139757864347,25,0.05,0.37137153905829023,-0.430191382512118,False,True,1.0,0.0,1.0,1.0,False,0.0,0.0,0.9754947368421054,0.0,201
operational-sufficiency-v2,20260715,operational-envelope-v4,3.0,2.92,3.08,0.08,0.5,0.1,500,0.05,100,68,34,1284,987.9938883789988,2.9947542580982702,25,0.05,0.37660538315278513,-0.42411347652105047,False,True,1.0,0.0,1.0,1.0,True,0.6,0.0,0.9856842105263158,0.0,201
operational-sufficiency-v2,20260715,operational-envelope-v4,3.0,2.92,3.08,0.08,0.5,0.1,500,0.05,100,69,35,1477,1140.892457621532,3.0572447090433523,25,0.05,0.30203538048107076,-0.5199421807259639,False,True,1.0,0.10714285714285714,1.0,1.0,True,0.48,0.14285714285714285,0.9733894736842106,0.0,201
operational-sufficiency-v2,20260715,operational-envelope-v4,3.0,2.92,3.08,0.08,0.5,0.1,500,0.05,100,73,36,1091,837.291478010501,2.922876670962445,25,0.05,0.3422369395142869,-0.4656731164740437,False,True,1.0,0.10714285714285714,1.0,1.0,True,0.6,0.11764705882352941,0.9878736842105263,0.0,201
operational-sufficiency-v2,20260715,operational-envelope-v4,3.0,2.92,3.08,0.08,0.5,0.1,500,0.05,100,74,37,1284,995.886638414305,2.9982099055792477,25,0.05,0.2612958903328518,-0.5828674208115209,False,True,1.0,0.1935483870967742,1.0,1.0,True,0.8,0.16666666666666666,0.9864421052631579,0.0,201
operational-sufficiency-v2,20260715,operational-envelope-v4,3.0,2.92,3.08,0.08,0.5,0.1,500,0.05,100,75,38,1477,1169.3496423739693,3.0679443871667234,25,0.05,0.29164835153600566,-0.5351404739599717,False,False,0.0,0.0,1.0,1.0,False,0.0,0.0,0.9828210526315789,0.0,201
operational-sufficiency-v2,20260715,operational-envelope-v4,3.0,2.92,3.08,0.08,0.5,0.1,500,0.05,100,79,39,1091,860.1544734050067,2.934576452316858,25,0.05,0.3228675852892551,-0.49097555435308093,False,True,1.0,0.038461538461538464,1.0,1.0,True,0.64,0.058823529411764705,0.989642105263158,0.0,201
operational-sufficiency-v2,20260715,operational-envelope-v4,3.0,2.92,3.08,0.08,0.5,0.1,500,0.05,100,80,40,1284,1039.9584950271587,3.017016006856117,25,0.05,0.275875876050958,-0.5592862747147731,False,True,1.0,0.0,1.0,1.0,True,0.4,0.0,0.9818105263157894,0.0,201
operational-sufficiency-v2,20260715,operational-envelope-v4,3.0,2.92,3.08,0.08,0.5,0.1,500,0.05,100,81,41,1477,1110.297580940769,3.0454393935973374,25,0.05,0.2920854089205129,-0.534490137595369,False,True,1.0,0.13793103448275862,1.0,1.0,True,0.64,0.15789473684210525,0.9735578947368421,0.0,201
operational-sufficiency-v2,20260715,operational-envelope-v4,3.0,2.92,3.08,0.08,0.5,0.1,500,0.05,100,85,42,1091,867.2367138798986,2.9381376551467353,25,0.05,0.40958469555224475,-0.3876562794770145,False,True,1.0,0.16666666666666666,1.0,1.0,True,0.72,0.1,0.9910736842105262,0.0,201
operational-sufficiency-v2,20260715,operational-envelope-v4,3.0,2.92,3.08,0.08,0.5,0.1,500,0.05,100,86,43,1284,1004.2450635617103,3.0018397056034316,25,0.05,0.3141343079775627,-0.502884629817105,False,True,1.0,0.16666666666666666,1.0,1.0,True,0.72,0.21739130434782608,0.9779368421052632,0.0,201
operational-sufficiency-v2,20260715,operational-envelope-v4,3.0,2.92,3.08,0.08,0.5,0.1,500,0.05,100,87,44,1477,1141.7410473146615,3.0575676148776068,25,0.05,0.2282231084968325,-0.6416403836489379,False,True,1.0,0.07407407407407407,1.0,1.0,True,0.6,0.11764705882352941,0.9854315789473685,0.0,201
operational-sufficiency-v2,20260715,operational-envelope-v4,3.0,2.92,3.08,0.08,0.5,0.1,500,0.05,100,91,45,1091,854.714919344358,2.9318212847856024,25,0.05,0.438316552740948,-0.3582121281863035,False,True,1.0,0.0,1.0,1.0,True,0.56,0.0,0.9879578947368421,0.0,201
operational-sufficiency-v2,20260715,operational-envelope-v4,3.0,2.92,3.08,0.08,0.5,0.1,500,0.05,100,92,46,1284,985.9460376775104,2.9938531459957676,25,0.05,0.33735641025461405,-0.471911033213572,False,True,1.0,0.07407407407407407,1.0,1.0,True,0.16,0.0,0.9831578947368422,0.0,201
operational-sufficiency-v2,20260715,operational-envelope-v4,3.0,2.92,3.08,0.08,0.5,0.1,500,0.05,100,93,47,1477,1175.7908423876122,3.0703300733764385,25,0.05,0.2572174236977322,-0.5896996159986634,False,True,1.0,0.038461538461538464,1.0,1.0,True,0.68,0.0,0.9925052631578947,0.0,201
operational-sufficiency-v2,20260715,operational-envelope-v4,3.0,2.92,3.08,0.08,0.5,0.1,500,0.05,100,97,48,1091,854.3535479645599,2.9316376273119493,25,0.05,0.37432637062582075,-0.42674957653542966,False,True,1.0,0.13793103448275862,1.0,1.0,True,0.72,0.14285714285714285,0.9840000000000001,0.0,201
operational-sufficiency-v2,20260715,operational-envelope-v4,3.0,2.92,3.08,0.08,0.5,0.1,500,0.05,100,98,49,1284,1003.5435785083446,3.001536236310074,25,0.05,0.2558390203735242,-0.592033216540255,False,True,1.0,0.038461538461538464,1.0,1.0,True,0.44,0.0,0.987621052631579,0.0,201
operational-sufficiency-v2,20260715,operational-envelope-v4,3.0,2.92,3.08,0.08,0.5,0.1,500,0.05,100,99,50,1477,1135.800343078688,3.0553019955300065,25,0.05,0.2375643278156673,-0.6242187715860303,False,True,1.0,0.0,1.0,1.0,False,0.0,0.0,0.9906526315789473,0.0,201
operational-sufficiency-v2,20260715,operational-envelope-v4,3.0,2.92,3.08,0.08,0.5,0.1,500,0.05,100,103,51,1091,867.889585565239,2.93846447698536,25,0.05,0.3061761736437527,-0.5140286087313379,False,True,1.0,0.21875,1.0,1.0,True,0.72,0.1,0.9885473684210527,0.0,201
operational-sufficiency-v2,20260715,operational-envelope-v4,3.0,2.92,3.08,0.08,0.5,0.1,500,0.05,100,104,52,1284,994.4064479477488,2.997563931702623,25,0.05,0.29612672216082336,-0.5285224005696675,False,True,1.0,0.0,1.0,1.0,True,0.88,0.0,0.9937684210526316,0.0,201
operational-sufficiency-v2,20260715,operational-envelope-v4,3.0,2.92,3.08,0.08,0.5,0.1,500,0.05,100,105,53,1477,1134.7802471367488,3.054911767523732,25,0.05,0.2536276517064671,-0.5958033993357642,False,True,1.0,0.0,1.0,1.0,True,0.32,0.0,0.9782736842105263,0.0,201
operational-sufficiency-v2,20260715,operational-envelope-v4,3.0,2.92,3.08,0.08,0.5,0.1,500,0.05,100,109,54,1091,849.0721359891754,2.9289445888672803,25,0.05,0.37255960978958574,-0.42880422994519424,False,True,1.0,0.07407407407407407,1.0,1.0,False,0.0,0.0,0.9689263157894737,0.0,201
operational-sufficiency-v2,20260715,operational-envelope-v4,3.0,2.92,3.08,0.08,0.5,0.1,500,0.05,100,110,55,1284,998.8973082064059,2.9995208428088724,25,0.05,0.25199624416886623,-0.5986059320315186,False,True,1.0,0.07407407407407407,1.0,1.0,True,0.72,0.1,0.9879578947368421,0.0,201
operational-sufficiency-v2,20260715,operational-envelope-v4,3.0,2.92,3.08,0.08,0.5,0.1,500,0.05,100,111,56,1477,1164.9521261872928,3.066308078357839,25,0.05,0.27411008264251274,-0.5620749894314191,False,True,1.0,0.0,1.0,1.0,True,0.52,0.0,0.9906526315789473,0.0,201
operational-sufficiency-v2,20260715,operational-envelope-v4,3.0,2.92,3.08,0.08,0.5,0.1,500,0.05,100,115,57,1091,856.0709191255013,2.9325097442438173,25,0.05,0.3711957563068021,-0.43039699749378385,False,True,1.0,0.0,1.0,1.0,True,0.36,0.0,0.9819789473684211,0.0,201
operational-sufficiency-v2,20260715,operational-envelope-v4,3.0,2.92,3.08,0.08,0.5,0.1,500,0.05,100,116,58,1284,1002.2405743823839,3.0009719805993185,25,0.05,0.3302510416688953,-0.48115580387137696,False,True,1.0,0.07407407407407407,1.0,1.0,True,0.52,0.0,0.9691789473684211,0.0,201
operational-sufficiency-v2,20260715,operational-envelope-v4,3.0,2.92,3.08,0.08,0.5,0.1,500,0.05,100,117,59,1477,1114.6299102272615,3.0471306928314,25,0.05,0.26722910320100246,-0.5731162457798871,False,True,1.0,0.13793103448275862,1.0,1.0,True,0.72,0.14285714285714285,0.9805473684210526,0.0,201
operational-sufficiency-v2,20260715,operational-envelope-v4,3.0,2.92,3.08,0.08,0.5,0.1,500,0.05,100,121,60,1091,865.2511354297615,2.9371421778714604,25,0.05,0.34855057246123033,-0.4577341996394257,False,True,1.0,0.13793103448275862,1.0,1.0,True,0.6,0.16666666666666666,0.9808,0.0,201
operational-sufficiency-v2,20260715,operational-envelope-v4,3.0,2.92,3.08,0.08,0.5,0.1,500,0.05,100,122,61,1284,1010.6272664892147,3.0045910112246563,25,0.05,0.2826582329693024,-0.5487383603504571,False,True,1.0,0.0,1.0,1.0,True,0.56,0.0,0.9681684210526317,0.0,201
operational-sufficiency-v2,20260715,operational-envelope-v4,3.0,2.92,3.08,0.08,0.5,0.1,500,0.05,100,123,62,1477,1164.9407588422207,3.066303840587708,25,0.05,0.28556519252847484,-0.5442947297182019,False,True,1.0,0.21875,1.0,1.0,True,0.68,0.2608695652173913,0.983157894736842,0.0,201
operational-sufficiency-v2,20260715,operational-envelope-v4,3.0,2.92,3.08,0.08,0.5,0.1,500,0.05,100,127,63,1091,848.6175384148521,2.928712003105924,25,0.05,0.3820589908709294,-0.41786957574856665,False,True,1.0,0.07407407407407407,1.0,1.0,True,0.48,0.0,0.9841684210526316,0.0,201
operational-sufficiency-v2,20260715,operational-envelope-v4,3.0,2.92,3.08,0.08,0.5,0.1,500,0.05,100,128,64,1284,1018.4018452538664,3.0079191775494145,25,0.05,0.35851479864993047,-0.44549291296868476,False,True,1.0,0.038461538461538464,1.0,1.0,True,0.6,0.0625,0.9941052631578947,0.0,201
operational-sufficiency-v2,20260715,operational-envelope-v4,3.0,2.92,3.08,0.08,0.5,0.1,500,0.05,100,129,65,1477,1124.5703857478989,3.0509866426843075,25,0.05,0.19936243476069596,-0.7003566710648746,False,True,1.0,0.13793103448275862,1.0,1.0,True,0.6,0.16666666666666666,0.9921684210526316,0.0,201
operational-sufficiency-v2,20260715,operational-envelope-v4,3.0,2.92,3.08,0.08,0.5,0.1,500,0.05,100,133,66,1091,846.3763967021571,2.927563543484895,25,0.05,0.4432512156170859,-0.35335006467218033,False,True,1.0,0.13793103448275862,1.0,1.0,True,0.48,0.0,0.9916631578947368,0.0,201
operational-sufficiency-v2,20260715,operational-envelope-v4,3.0,2.92,3.08,0.08,0.5,0.1,500,0.05,100,134,67,1284,1020.2093035612311,3.008689279660647,25,0.05,0.2912759997575821,-0.5356952984216058,False,True,1.0,0.13793103448275862,1.0,1.0,True,0.76,0.17391304347826086,0.992421052631579,0.0,201
operational-sufficiency-v2,20260715,operational-envelope-v4,3.0,2.92,3.08,0.08,0.5,0.1,500,0.05,100,135,68,1477,1101.583911106645,3.042017584321644,25,0.05,0.25731331503092475,-0.58953774004368,False,True,1.0,0.038461538461538464,1.0,1.0,True,0.48,0.0,0.9781894736842105,0.0,201
operational-sufficiency-v2,20260715,operational-envelope-v4,3.0,2.92,3.08,0.08,0.5,0.1,500,0.05,100,139,69,1091,848.5664891103766,2.9286858769688804,25,0.05,0.40393175521675945,-0.39369200329621695,False,True,1.0,0.16666666666666666,1.0,1.0,True,0.4,0.0,0.9766736842105262,0.0,201
operational-sufficiency-v2,20260715,operational-envelope-v4,3.0,2.92,3.08,0.08,0.5,0.1,500,0.05,100,140,70,1284,1021.3758580790741,3.0091855883668375,25,0.05,0.2803749884709718,-0.552260731267178,False,True,1.0,0.10714285714285714,1.0,1.0,True,0.68,0.15,0.9847578947368422,0.0,201
operational-sufficiency-v2,20260715,operational-envelope-v4,3.0,2.92,3.08,0.08,0.5,0.1,500,0.05,100,141,71,1477,1107.4196102059395,3.044312209738333,25,0.05,0.2298067738205807,-0.6386371741266622,False,True,1.0,0.1935483870967742,1.0,1.0,True,0.64,0.23809523809523808,0.9651368421052632,0.0,201
operational-sufficiency-v2,20260715,operational-envelope-v4,3.0,2.92,3.08,0.08,0.5,0.1,500,0.05,100,146,72,1284,996.9243722235059,2.99866221350544,25,0.05,0.287298577861992,-0.5416665237756056,False,True,1.0,0.0,1.0,1.0,True,0.52,0.0,0.9779368421052632,0.0,201
operational-sufficiency-v2,20260715,operational-envelope-v4,3.0,2.92,3.08,0.08,0.5,0.1,500,0.05,100,147,73,1477,1153.4914578859111,3.062014382726424,25,0.05,0.27082137098459497,-0.5673170677030269,False,True,1.0,0.13793103448275862,1.0,1.0,True,0.8,0.16666666666666666,0.9674105263157895,0.0,201
operational-sufficiency-v2,20260715,operational-envelope-v4,3.0,2.92,3.08,0.08,0.5,0.1,500,0.05,100,151,74,1091,877.2097982203603,2.9431034739964446,25,0.05,0.4056563808857796,-0.3918416882755809,False,True,1.0,0.07407407407407407,1.0,1.0,False,0.0,0.0,0.9509052631578947,0.0,201
operational-sufficiency-v2,20260715,operational-envelope-v4,3.0,2.92,3.08,0.08,0.5,0.1,500,0.05,100,152,75,1284,995.7329446809597,2.9981428763724716,25,0.05,0.3276032735018325,-0.4846517673002653,False,True,1.0,0.13793103448275862,1.0,1.0,True,0.64,0.2,0.9904,0.0,201
operational-sufficiency-v2,20260715,operational-envelope-v4,3.0,2.92,3.08,0.08,0.5,0.1,500,0.05,100,153,76,1477,1109.5281177975799,3.0451383126514875,25,0.05,0.28747407787894713,-0.5414013104237007,False,True,1.0,0.038461538461538464,1.0,1.0,False,0.0,0.0,0.9936842105263157,0.0,201
operational-sufficiency-v2,20260715,operational-envelope-v4,3.0,2.92,3.08,0.08,0.5,0.1,500,0.05,100,157,77,1091,845.9638580674499,2.927351809165311,25,0.05,0.30516284656535314,-0.5154683426498496,False,True,1.0,0.07407407407407407,1.0,1.0,True,0.48,0.0,0.9848421052631577,0.0,201
operational-sufficiency-v2,20260715,operational-envelope-v4,3.0,2.92,3.08,0.08,0.5,0.1,500,0.05,100,158,78,1284,997.1478620906157,2.9987595624527685,25,0.05,0.2750029257504526,-0.5606626856951271,False,True,1.0,0.0,1.0,1.0,True,0.36,0.0,0.9696000000000001,0.0,201
operational-sufficiency-v2,20260715,operational-envelope-v4,3.0,2.92,3.08,0.08,0.5,0.1,500,0.05,100,159,79,1477,1154.473354356925,3.0623839137024835,25,0.05,0.23799320491029405,-0.623435442574126,False,True,1.0,0.07407407407407407,1.0,1.0,True,0.76,0.05,0.9973052631578948,0.0,201
operational-sufficiency-v2,20260715,operational-envelope-v4,3.0,2.92,3.08,0.08,0.5,0.1,500,0.05,100,163,80,1091,852.5981998633988,2.9307444113626993,25,0.05,0.3978036820332632,-0.4003312014043236,False,True,1.0,0.10714285714285714,1.0,1.0,True,0.76,0.13636363636363635,0.9906526315789473,0.0,201
operational-sufficiency-v2,20260715,operational-envelope-v4,3.0,2.92,3.08,0.08,0.5,0.1,500,0.05,100,164,81,1284,1022.5280095150882,3.0096752132184856,25,0.05,0.274206593933198,-0.5619221058033647,False,True,1.0,0.10714285714285714,1.0,1.0,True,0.72,0.05263157894736842,0.9880421052631578,0.0,201
operational-sufficiency-v2,20260715,operational-envelope-v4,3.0,2.92,3.08,0.08,0.5,0.1,500,0.05,100,165,82,1477,1142.0331749767138,3.0576787199343975,25,0.05,0.23929137886263027,-0.6210729477711536,False,True,1.0,0.13793103448275862,1.0,1.0,True,0.52,0.07142857142857142,0.9818947368421054,0.0,201
operational-sufficiency-v2,20260715,operational-envelope-v4,3.0,2.92,3.08,0.08,0.5,0.1,500,0.05,100,169,83,1091,847.8438947144675,2.928315897180064,25,0.05,0.3521735877727983,-0.45324321825703123,False,True,1.0,0.10714285714285714,1.0,1.0,True,0.32,0.0,0.9824842105263158,0.0,201
operational-sufficiency-v2,20260715,operational-envelope-v4,3.0,2.92,3.08,0.08,0.5,0.1,500,0.05,100,170,84,1284,995.3197083183056,2.9979626036164206,25,0.05,0.3368517796513939,-0.47256115384569974,False,True,1.0,0.0,1.0,1.0,True,0.52,0.0,0.9898105263157895,0.0,201
operational-sufficiency-v2,20260715,operational-envelope-v4,3.0,2.92,3.08,0.08,0.5,0.1,500,0.05,100,171,85,1477,1149.2424918640747,3.0604116751348527,25,0.05,0.2515774688308916,-0.5993282567107869,False,True,1.0,0.0,1.0,1.0,False,0.0,0.0,0.9961263157894737,0.0,201
operational-sufficiency-v2,20260715,operational-envelope-v4,3.0,2.92,3.08,0.08,0.5,0.1,500,0.05,100,175,86,1091,853.5482635633102,2.931228083162067,25,0.05,0.33410500059772474,-0.4761170241650843,False,True,1.0,0.038461538461538464,1.0,1.0,True,0.64,0.0,0.9916631578947368,0.0,201
operational-sufficiency-v2,20260715,operational-envelope-v4,3.0,2.92,3.08,0.08,0.5,0.1,500,0.05,100,176,87,1284,1012.0432713506926,3.0051990817795455,25,0.05,0.23951895965176587,-0.6206601033507163,False,True,1.0,0.07407407407407407,1.0,1.0,True,0.48,0.14285714285714285,0.9870315789473685,0.0,201
operational-sufficiency-v2,20260715,operational-envelope-v4,3.0,2.92,3.08,0.08,0.5,0.1,500,0.05,100,177,88,1477,1141.0958424062915,3.057322123016033,25,0.05,0.2536985542088829,-0.5956820077522279,False,True,1.0,0.13793103448275862,1.0,1.0,True,0.6,0.11764705882352941,0.9913263157894737,0.0,201
operational-sufficiency-v2,20260715,operational-envelope-v4,3.0,2.92,3.08,0.08,0.5,0.1,500,0.05,100,181,89,1091,844.2670269583449,2.926479828134201,25,0.05,0.3979946785783893,-0.4001227346587028,False,True,1.0,0.0,1.0,1.0,True,0.6,0.0,0.9981473684210528,0.0,201
operational-sufficiency-v2,20260715,operational-envelope-v4,3.0,2.92,3.08,0.08,0.5,0.1,500,0.05,100,182,90,1284,1005.3984769114394,3.0023382229753484,25,0.05,0.3050901258851589,-0.515571847890148,False,True,1.0,0.10714285714285714,1.0,1.0,True,0.64,0.15789473684210525,0.9939368421052631,0.0,201
operational-sufficiency-v2,20260715,operational-envelope-v4,3.0,2.92,3.08,0.08,0.5,0.1,500,0.05,100,183,91,1477,1132.5592829466063,3.054060944091259,25,0.05,0.253246422411984,-0.5964566811610028,False,True,1.0,0.1935483870967742,1.0,1.0,True,0.6,0.11764705882352941,0.988378947368421,0.0,201
operational-sufficiency-v2,20260715,operational-envelope-v4,3.0,2.92,3.08,0.08,0.5,0.1,500,0.05,100,187,92,1091,839.4833084580063,2.92401206543339,25,0.05,0.37512561753381807,-0.42582327662858027,False,True,1.0,0.13793103448275862,1.0,1.0,False,0.0,0.0,0.9776000000000002,0.0,201
operational-sufficiency-v2,20260715,operational-envelope-v4,3.0,2.92,3.08,0.08,0.5,0.1,500,0.05,100,188,93,1284,989.5557294584277,2.9954402576780734,25,0.05,0.30130574495106976,-0.5209925876204949,False,True,1.0,0.07407407407407407,1.0,1.0,True,0.76,0.09523809523809523,0.9925894736842105,0.0,201
operational-sufficiency-v2,20260715,operational-envelope-v4,3.0,2.92,3.08,0.08,0.5,0.1,500,0.05,100,189,94,1477,1165.444515964394,3.0664916026235844,25,0.05,0.27257471421294305,-0.5645144345876622,False,True,1.0,0.038461538461538464,1.0,1.0,True,0.44,0.0,0.9879578947368421,0.0,201
operational-sufficiency-v2,20260715,operational-envelope-v4,3.0,2.92,3.08,0.08,0.5,0.1,500,0.05,100,193,95,1091,837.5216041796484,2.9229960186402177,25,0.05,0.4010574145045844,-0.39679345027849333,False,True,1.0,0.07407407407407407,1.0,1.0,True,0.68,0.10526315789473684,0.994442105263158,0.0,201
operational-sufficiency-v2,20260715,operational-envelope-v4,3.0,2.92,3.08,0.08,0.5,0.1,500,0.05,100,194,96,1284,982.7982313582552,2.9924643662532597,25,0.05,0.2599383430209188,-0.5851296538034145,False,True,1.0,0.038461538461538464,1.0,1.0,True,0.6,0.0625,0.9881263157894736,0.0,201
operational-sufficiency-v2,20260715,operational-envelope-v4,3.0,2.92,3.08,0.08,0.5,0.1,500,0.05,100,195,97,1477,1159.6014566202196,3.064308752217391,25,0.05,0.1790608865593591,-0.7469992695756873,False,True,1.0,0.1935483870967742,1.0,1.0,True,0.48,0.14285714285714285,0.9512421052631579,0.0,201
operational-sufficiency-v2,20260715,operational-envelope-v4,3.0,2.92,3.08,0.08,0.5,0.1,500,0.05,100,199,98,1091,847.8494430963598,2.9283187392406953,25,0.05,0.35400013456504487,-0.45099657288707845,False,True,1.0,0.13793103448275862,1.0,1.0,True,0.72,0.18181818181818182,0.964378947368421,0.0,201
operational-sufficiency-v2,20260715,operational-envelope-v4,3.0,2.92,3.08,0.08,0.5,0.1,500,0.05,100,200,99,1284,1010.1445309552113,3.0043835168575144,25,0.05,0.2731070624454496,-0.5636670690238366,False,True,1.0,0.13793103448275862,1.0,1.0,True,0.68,0.19047619047619047,0.9687578947368423,0.0,201
operational-sufficiency-v2,20260715,operational-envelope-v4,3.0,2.92,3.08,0.08,1.0,0.1,500,0.05,100,1,0,2311,833.9437865204271,2.9211367772243375,25,0.05,0.22970432371572194,-0.6388308300195725,False,True,1.0,0.10714285714285714,1.0,1.0,True,0.64,0.058823529411764705,0.9897263157894737,0.0,237
operational-sufficiency-v2,20260715,operational-envelope-v4,3.0,2.92,3.08,0.08,1.0,0.1,500,0.05,100,2,1,2718,1092.2594812499979,3.0383258232481056,25,0.05,0.10331591375638156,-0.9858327789229263,False,True,1.0,0.038461538461538464,1.0,1.0,True,0.68,0.05555555555555555,0.9973052631578948,0.0,237
operational-sufficiency-v2,20260715,operational-envelope-v4,3.0,2.92,3.08,0.08,1.0,0.1,500,0.05,100,8,2,2718,1071.4773842750076,3.0299830087999444,25,0.05,0.2571985363108916,-0.5897315072638022,False,True,0.96,0.14285714285714285,1.0,1.0,True,0.44,0.08333333333333333,0.9885473684210527,0.0,237
operational-sufficiency-v2,20260715,operational-envelope-v4,3.0,2.92,3.08,0.08,1.0,0.1,500,0.05,100,9,3,3126,1162.1896325175885,3.0652769969326585,25,0.05,0.24931204741598662,-0.6032567347338236,False,True,1.0,0.1935483870967742,1.0,1.0,True,0.8,0.2,0.9933473684210525,0.0,237
operational-sufficiency-v2,20260715,operational-envelope-v4,3.0,2.92,3.08,0.08,1.0,0.1,500,0.05,100,13,4,2311,974.5671499406077,2.9888117683832953,25,0.05,0.14559532651032678,-0.8368525652932518,False,True,0.96,0.0,1.0,1.0,True,0.32,0.0,0.9820631578947367,0.0,237
operational-sufficiency-v2,20260715,operational-envelope-v4,3.0,2.92,3.08,0.08,1.0,0.1,500,0.05,100,14,5,2718,998.1739176629912,2.999206217540693,25,0.05,0.2847699499847814,-0.5455058410335613,False,True,1.0,0.10714285714285714,1.0,1.0,True,0.56,0.125,0.9701894736842105,0.0,237
operational-sufficiency-v2,20260715,operational-envelope-v4,3.0,2.92,3.08,0.08,1.0,0.1,500,0.05,100,19,6,2311,852.802579792736,2.930848505458359,25,0.05,0.14295831402337555,-0.8447905823173412,False,True,1.0,0.13793103448275862,1.0,1.0,True,0.68,0.19047619047619047,0.9779368421052631,0.0,237
operational-sufficiency-v2,20260715,operational-envelope-v4,3.0,2.92,3.08,0.08,1.0,0.1,500,0.05,100,20,7,2718,1082.7574367306158,3.0345311752880293,25,0.05,0.19481470004726728,-0.7103782758529739,False,True,0.96,0.14285714285714285,1.0,1.0,False,0.0,0.0,0.9822315789473685,0.0,237
operational-sufficiency-v2,20260715,operational-envelope-v4,3.0,2.92,3.08,0.08,1.0,0.1,500,0.05,100,26,8,2718,1046.52500858497,3.019749611041336,25,0.05,0.1995681638660861,-0.6999087383995641,False,True,1.0,0.2647058823529412,1.0,1.0,True,0.64,0.36,0.9681684210526317,0.0,237
operational-sufficiency-v2,20260715,operational-envelope-v4,3.0,2.92,3.08,0.08,1.0,0.1,500,0.05,100,27,9,3126,1124.8482069334634,3.0510939203682854,25,0.05,0.22510792729854082,-0.6476092108129308,False,True,0.96,0.14285714285714285,1.0,1.0,True,0.56,0.17647058823529413,0.9814736842105263,0.0,237
operational-sufficiency-v2,20260715,operational-envelope-v4,3.0,2.92,3.08,0.08,1.0,0.1,500,0.05,100,31,10,2311,867.990786183524,2.9385151151178617,25,0.05,0.247777253041799,-0.6059385661273221,False,True,0.96,0.04,1.0,1.0,True,0.76,0.05,0.9932631578947368,0.0,237
operational-sufficiency-v2,20260715,operational-envelope-v4,3.0,2.92,3.08,0.08,1.0,0.1,500,0.05,100,32,11,2718,870.7420024144909,2.9398894942434453,25,0.05,0.20503486977310706,-0.6881722732747698,False,True,1.0,0.038461538461538464,1.0,1.0,True,0.56,0.0,0.9893894736842106,0.0,237
operational-sufficiency-v2,20260715,operational-envelope-v4,3.0,2.92,3.08,0.08,1.0,0.1,500,0.05,100,33,12,3126,1071.0523622193032,3.0298107033874264,25,0.05,0.1862309623067117,-0.7299481126077523,False,True,1.0,0.038461538461538464,1.0,1.0,True,0.4,0.09090909090909091,0.9909052631578947,0.0,237
operational-sufficiency-v2,20260715,operational-envelope-v4,3.0,2.92,3.08,0.08,1.0,0.1,500,0.05,100,37,13,2311,883.7944646825733,2.9463512771930747,25,0.05,0.22743651168067447,-0.6431398142807343,False,True,1.0,0.10714285714285714,1.0,1.0,True,0.36,0.18181818181818182,0.9589052631578947,0.0,237
operational-sufficiency-v2,20260715,operational-envelope-v4,3.0,2.92,3.08,0.08,1.0,0.1,500,0.05,100,38,14,2718,1005.0438181372319,3.0021849966424425,25,0.05,0.1741826674482811,-0.7589950629108806,False,True,1.0,0.0,1.0,1.0,True,0.16,0.0,0.9706105263157895,0.0,237
operational-sufficiency-v2,20260715,operational-envelope-v4,3.0,2.92,3.08,0.08,1.0,0.1,500,0.05,100,39,15,3126,1032.9433412955889,3.014076500379716,25,0.05,0.11204226769321554,-0.950618109803096,False,True,1.0,0.13793103448275862,1.0,1.0,True,0.84,0.16,0.9918315789473685,0.0,237
operational-sufficiency-v2,20260715,operational-envelope-v4,3.0,2.92,3.08,0.08,1.0,0.1,500,0.05,100,44,16,2718,1007.3940206023448,3.003199368769942,25,0.05,0.19639610359776016,-0.7068671326528267,False,True,1.0,0.24242424242424243,1.0,1.0,True,0.68,0.2608695652173913,0.9699368421052631,0.0,237
operational-sufficiency-v2,20260715,operational-envelope-v4,3.0,2.92,3.08,0.08,1.0,0.1,500,0.05,100,45,17,3126,1198.749611348373,3.0787284793743117,25,0.05,0.1744354802518354,-0.7583651747337485,False,True,1.0,0.07407407407407407,1.0,1.0,True,0.6,0.0625,0.9893894736842106,0.0,237
operational-sufficiency-v2,20260715,operational-envelope-v4,3.0,2.92,3.08,0.08,1.0,0.1,500,0.05,100,49,18,2311,851.0080569644782,2.929933671810381,25,0.05,0.13517706457492323,-0.8690969886718909,False,True,1.0,0.0,1.0,1.0,True,0.68,0.0,0.996378947368421,0.0,237
operational-sufficiency-v2,20260715,operational-envelope-v4,3.0,2.92,3.08,0.08,1.0,0.1,500,0.05,100,50,19,2718,1085.3280019281085,3.035561008138573,25,0.05,0.17895002483536093,-0.7472682370009427,False,True,1.0,0.2647058823529412,1.0,1.0,True,0.6,0.375,0.9779368421052632,0.0,237
operational-sufficiency-v2,20260715,operational-envelope-v4,3.0,2.92,3.08,0.08,1.0,0.1,500,0.05,100,51,20,3126,1051.2626246676368,3.0217112243023476,25,0.05,0.12221405384118428,-0.9128788501104024,False,True,1.0,0.10714285714285714,1.0,1.0,True,0.76,0.13636363636363635,0.9962947368421052,0.0,237
operational-sufficiency-v2,20260715,operational-envelope-v4,3.0,2.92,3.08,0.08,1.0,0.1,500,0.05,100,55,21,2311,913.6691854020371,2.9607889780522676,25,0.05,0.2806129698134955,-0.5518922599353872,False,True,0.96,0.2,1.0,1.0,True,0.52,0.2777777777777778,0.9749894736842105,0.0,237
operational-sufficiency-v2,20260715,operational-envelope-v4,3.0,2.92,3.08,0.08,1.0,0.1,500,0.05,100,56,22,2718,1138.0633777580779,3.056166448213871,25,0.05,0.2749674170653229,-0.5607187659046668,False,True,0.96,0.2,1.0,1.0,True,0.28,0.0,0.9931789473684209,0.0,237
operational-sufficiency-v2,20260715,operational-envelope-v4,3.0,2.92,3.08,0.08,1.0,0.1,500,0.05,100,57,23,3126,1036.6969679844246,3.0156518283612983,25,0.05,0.18599499793290186,-0.7304987353484813,False,True,0.96,0.07692307692307693,1.0,1.0,False,0.0,0.0,0.9843368421052631,0.0,237
operational-sufficiency-v2,20260715,operational-envelope-v4,3.0,2.92,3.08,0.08,1.0,0.1,500,0.05,100,58,24,3670,1129.024611079052,3.0527034090102902,25,0.05,0.27651254218250154,-0.5582851649845423,False,True,1.0,0.16666666666666666,1.0,1.0,True,0.64,0.1111111111111111,0.9847578947368422,0.0,237
operational-sufficiency-v2,20260715,operational-envelope-v4,3.0,2.92,3.08,0.08,1.0,0.1,500,0.05,100,61,25,2311,874.383156804718,2.941701783231192,25,0.05,0.2811350212884936,-0.551085050497264,False,True,0.92,0.0,1.0,1.0,True,0.72,0.0,0.9839157894736843,0.0,237
operational-sufficiency-v2,20260715,operational-envelope-v4,3.0,2.92,3.08,0.08,1.0,0.1,500,0.05,100,62,26,2718,983.5665580635672,2.9928037540079555,25,0.05,0.21237530071903077,-0.6728959931704638,False,True,1.0,0.16666666666666666,1.0,1.0,True,0.84,0.16,0.9897263157894737,0.0,237
operational-sufficiency-v2,20260715,operational-envelope-v4,3.0,2.92,3.08,0.08,1.0,0.1,500,0.05,100,67,27,2311,969.1695235032179,2.9863997488595215,25,0.05,0.3061889762786734,-0.5140104492599787,False,True,0.96,0.07692307692307693,1.0,1.0,True,0.44,0.0,0.9790315789473685,0.0,237
operational-sufficiency-v2,20260715,operational-envelope-v4,3.0,2.92,3.08,0.08,1.0,0.1,500,0.05,100,68,28,2718,1142.1484286301559,3.057722546594828,25,0.05,0.21066482780158463,-0.6764079673191298,False,True,0.96,0.07692307692307693,1.0,1.0,True,0.56,0.0,0.9838315789473685,0.0,237
operational-sufficiency-v2,20260715,operational-envelope-v4,3.0,2.92,3.08,0.08,1.0,0.1,500,0.05,100,73,29,2311,929.6892643319138,2.96833781593439,25,0.05,0.2637505654391722,-0.5788066006351074,False,True,1.0,0.038461538461538464,1.0,1.0,True,0.44,0.0,0.9834947368421054,0.0,237
operational-sufficiency-v2,20260715,operational-envelope-v4,3.0,2.92,3.08,0.08,1.0,0.1,500,0.05,100,74,30,2718,1119.6122882815164,3.049067656410388,25,0.05,0.20546746214622602,-0.6872569432729838,False,True,1.0,0.10714285714285714,1.0,1.0,True,0.72,0.05263157894736842,0.9877894736842106,0.0,237
operational-sufficiency-v2,20260715,operational-envelope-v4,3.0,2.92,3.08,0.08,1.0,0.1,500,0.05,100,79,31,2311,894.3716999851566,2.9515180486654105,25,0.05,0.21860523051581607,-0.6603394510003124,False,True,1.0,0.13793103448275862,1.0,1.0,True,0.68,0.05555555555555555,0.9898947368421053,0.0,237
operational-sufficiency-v2,20260715,operational-envelope-v4,3.0,2.92,3.08,0.08,1.0,0.1,500,0.05,100,80,32,2718,1053.5815119176714,3.0226681410894676,25,0.05,0.1769431392392629,-0.7521662719543787,False,True,0.96,0.0,1.0,1.0,True,0.48,0.0,0.9936000000000001,0.0,237
operational-sufficiency-v2,20260715,operational-envelope-v4,3.0,2.92,3.08,0.08,1.0,0.1,500,0.05,100,85,33,2311,842.4032558037903,2.925520036685132,25,0.05,0.10586120125652729,-0.9752631821743263,False,True,0.96,0.0,1.0,1.0,True,0.44,0.0,0.9948631578947368,0.0,237
operational-sufficiency-v2,20260715,operational-envelope-v4,3.0,2.92,3.08,0.08,1.0,0.1,500,0.05,100,86,34,2718,1060.7220181976693,3.025601583919555,25,0.05,0.17190815075142737,-0.764703531442969,False,True,1.0,0.07407407407407407,1.0,1.0,True,0.56,0.0,0.9886315789473684,0.0,237
operational-sufficiency-v2,20260715,operational-envelope-v4,3.0,2.92,3.08,0.08,1.0,0.1,500,0.05,100,87,35,3126,1188.3447935601362,3.0749424677621313,25,0.05,0.11148013885785095,-0.9528024990082411,False,True,0.96,0.07692307692307693,1.0,1.0,True,0.2,0.0,0.9834947368421052,0.0,237
operational-sufficiency-v2,20260715,operational-envelope-v4,3.0,2.92,3.08,0.08,1.0,0.1,500,0.05,100,91,36,2311,851.7838465740585,2.930329399754788,25,0.05,0.22645002560297775,-0.6450276258786556,False,True,1.0,0.16666666666666666,1.0,1.0,True,0.68,0.19047619047619047,0.9829894736842105,0.0,237
operational-sufficiency-v2,20260715,operational-envelope-v4,3.0,2.92,3.08,0.08,1.0,0.1,500,0.05,100,92,37,2718,1011.3672124735716,3.0049088701264495,25,0.05,0.11028713477506423,-0.9574751459647982,False,True,1.0,0.0,1.0,1.0,True,0.04,0.0,0.9624421052631579,0.0,237
operational-sufficiency-v2,20260715,operational-envelope-v4,3.0,2.92,3.08,0.08,1.0,0.1,500,0.05,100,93,38,3126,1104.0486703310746,3.0429882190365762,25,0.05,0.11510231891707043,-0.9389159267373423,False,True,1.0,0.038461538461538464,1.0,1.0,True,0.56,0.06666666666666667,0.996378947368421,0.0,237
operational-sufficiency-v2,20260715,operational-envelope-v4,3.0,2.92,3.08,0.08,1.0,0.1,500,0.05,100,94,39,3670,1152.2244836854052,3.061537099337388,25,0.05,0.08905797311149644,-1.0503271932886666,False,True,1.0,0.0,1.0,1.0,True,0.56,0.0,0.9733894736842106,0.0,237
operational-sufficiency-v2,20260715,operational-envelope-v4,3.0,2.92,3.08,0.08,1.0,0.1,500,0.05,100,98,40,2718,1043.803519137944,3.018618756726774,25,0.05,0.10981279912922122,-0.9593470381441862,False,True,1.0,0.21875,1.0,1.0,True,0.6,0.3181818181818182,0.9741473684210525,0.0,237
operational-sufficiency-v2,20260715,operational-envelope-v4,3.0,2.92,3.08,0.08,1.0,0.1,500,0.05,100,99,41,3126,1005.0352020438446,3.002181273483526,25,0.05,0.19240682796651587,-0.7157795201590998,False,True,0.96,0.1111111111111111,1.0,1.0,True,0.32,0.1111111111111111,0.9815578947368421,0.0,237
operational-sufficiency-v2,20260715,operational-envelope-v4,3.0,2.92,3.08,0.08,1.0,0.1,500,0.05,100,103,42,2311,878.5708460289088,2.943776787799274,25,0.05,0.1512147263917611,-0.8204059120144057,False,True,0.96,0.1111111111111111,1.0,1.0,True,0.64,0.058823529411764705,0.9776842105263158,0.0,237
operational-sufficiency-v2,20260715,operational-envelope-v4,3.0,2.92,3.08,0.08,1.0,0.1,500,0.05,100,104,43,2718,915.6145675055542,2.9617126937195746,25,0.05,0.1843356909509484,-0.7343905688375344,False,True,1.0,0.07407407407407407,1.0,1.0,True,0.64,0.1111111111111111,0.9872,0.0,237
operational-sufficiency-v2,20260715,operational-envelope-v4,3.0,2.92,3.08,0.08,1.0,0.1,500,0.05,100,105,44,3126,1159.8553851256502,3.0644038432293574,25,0.05,0.12887666572611875,-0.8898257084321,False,True,1.0,0.0,1.0,1.0,True,0.44,0.0,0.9825684210526314,0.0,237
operational-sufficiency-v2,20260715,operational-envelope-v4,3.0,2.92,3.08,0.08,1.0,0.1,500,0.05,100,109,45,2311,917.2864384030897,2.9625049727398634,25,0.05,0.20561806649256104,-0.6869387290088779,False,True,1.0,0.038461538461538464,1.0,1.0,True,0.64,0.058823529411764705,0.9806315789473685,0.0,237
operational-sufficiency-v2,20260715,operational-envelope-v4,3.0,2.92,3.08,0.08,1.0,0.1,500,0.05,100,110,46,2718,1014.9877290757541,3.0064607917793778,25,0.05,0.13991438885030805,-0.8541376201975649,False,True,1.0,0.10714285714285714,1.0,1.0,True,0.72,0.1,0.9812210526315789,0.0,237
operational-sufficiency-v2,20260715,operational-envelope-v4,3.0,2.92,3.08,0.08,1.0,0.1,500,0.05,100,111,47,3126,1001.5984773428889,3.0006936556406316,25,0.05,0.19935654441725717,-0.700369502877684,False,True,1.0,0.1935483870967742,1.0,1.0,True,0.4,0.2857142857142857,0.9805473684210526,0.0,237
operational-sufficiency-v2,20260715,operational-envelope-v4,3.0,2.92,3.08,0.08,1.0,0.1,500,0.05,100,116,48,2718,1110.0952885319614,3.0453602594239872,25,0.05,0.2233566477906162,-0.6510011170411845,False,True,1.0,0.038461538461538464,1.0,1.0,True,0.64,0.058823529411764705,0.9861894736842106,0.0,237
operational-sufficiency-v2,20260715,operational-envelope-v4,3.0,2.92,3.08,0.08,1.0,0.1,500,0.05,100,117,49,3126,1181.2699427890836,3.072349153555535,25,0.05,0.0931302933036314,-1.030909029280147,False,True,1.0,0.07407407407407407,1.0,1.0,True,0.48,0.14285714285714285,0.985178947368421,0.0,237
operational-sufficiency-v2,20260715,operational-envelope-v4,3.0,2.92,3.08,0.08,1.0,0.1,500,0.05,100,121,50,2311,908.8903920656218,2.9585115124945145,25,0.05,0.2237966370585427,-0.6501464438036079,False,True,0.96,0.1724137931034483,1.0,1.0,True,0.52,0.13333333333333333,0.9776842105263158,0.0,237
operational-sufficiency-v2,20260715,operational-envelope-v4,3.0,2.92,3.08,0.08,1.0,0.1,500,0.05,100,122,51,2718,1023.0311163812029,3.0098888433574547,25,0.05,0.15110951949527832,-0.8207081754091986,False,True,1.0,0.16666666666666666,1.0,1.0,True,0.4,0.16666666666666666,0.9634526315789473,0.0,237
operational-sufficiency-v2,20260715,operational-envelope-v4,3.0,2.92,3.08,0.08,1.0,0.1,500,0.05,100,123,52,3126,1116.2646463584808,3.0477671702535463,25,0.05,0.1445738285941085,-0.8399103178704735,False,True,1.0,0.07407407407407407,1.0,1.0,True,0.32,0.2,0.9882947368421054,0.0,237
operational-sufficiency-v2,20260715,operational-envelope-v4,3.0,2.92,3.08,0.08,1.0,0.1,500,0.05,100,127,53,2311,935.9780485637845,2.9712656633754873,25,0.05,0.2507028125268672,-0.6008407938517274,False,True,1.0,0.07407407407407407,1.0,1.0,True,0.68,0.05555555555555555,0.9904,0.0,237
operational-sufficiency-v2,20260715,operational-envelope-v4,3.0,2.92,3.08,0.08,1.0,0.1,500,0.05,100,128,54,2718,898.8684749191508,2.953696149135154,25,0.05,0.13337543433343924,-0.8749241532971169,False,True,0.96,0.1111111111111111,1.0,1.0,True,0.4,0.09090909090909091,0.975242105263158,0.0,237
operational-sufficiency-v2,20260715,operational-envelope-v4,3.0,2.92,3.08,0.08,1.0,0.1,500,0.05,100,129,55,3126,1200.7712832618893,3.0794602931009467,25,0.05,0.2141359019994516,-0.6693105128405534,False,True,1.0,0.038461538461538464,1.0,1.0,True,0.16,0.2,0.9698526315789473,0.0,237
operational-sufficiency-v2,20260715,operational-envelope-v4,3.0,2.92,3.08,0.08,1.0,0.1,500,0.05,100,133,56,2311,864.6087703409638,2.936819636577423,25,0.05,0.15127424674181936,-0.8202350009252702,False,True,1.0,0.038461538461538464,1.0,1.0,True,0.84,0.0,0.9877052631578949,0.0,237
operational-sufficiency-v2,20260715,operational-envelope-v4,3.0,2.92,3.08,0.08,1.0,0.1,500,0.05,100,134,57,2718,1067.4713703649431,3.0283562360537277,25,0.05,0.2834211660860096,-0.5475677194692755,False,True,1.0,0.10714285714285714,1.0,1.0,True,0.52,0.13333333333333333,0.9875368421052632,0.0,237
operational-sufficiency-v2,20260715,operational-envelope-v4,3.0,2.92,3.08,0.08,1.0,0.1,500,0.05,100,135,58,3126,1174.7777375076896,3.069955707880407,25,0.05,0.19361764518307387,-0.7130550661575806,False,True,1.0,0.10714285714285714,1.0,1.0,True,0.52,0.1875,0.9696842105263157,0.0,237
operational-sufficiency-v2,20260715,operational-envelope-v4,3.0,2.92,3.08,0.08,1.0,0.1,500,0.05,100,139,59,2311,848.0659220964652,2.928429612268482,25,0.05,0.19001788674541897,-0.7212055161565949,False,True,1.0,0.07407407407407407,1.0,1.0,True,0.76,0.09523809523809523,0.9922526315789473,0.0,237
operational-sufficiency-v2,20260715,operational-envelope-v4,3.0,2.92,3.08,0.08,1.0,0.1,500,0.05,100,140,60,2718,979.8340050223086,2.991152507520065,25,0.05,0.26908312267602685,-0.5701135410267776,False,False,0.0,0.0,1.0,1.0,True,0.52,0.0,0.9936842105263157,0.0,237
operational-sufficiency-v2,20260715,operational-envelope-v4,3.0,2.92,3.08,0.08,1.0,0.1,500,0.05,100,145,61,2311,852.8947379087138,2.9308954349585177,25,0.05,0.21159807279752946,-0.674488292105708,False,True,0.92,0.0,1.0,1.0,True,0.6,0.0,0.9881263157894736,0.0,237
operational-sufficiency-v2,20260715,operational-envelope-v4,3.0,2.92,3.08,0.08,1.0,0.1,500,0.05,100,146,62,2718,1014.230738084574,3.006136768485789,25,0.05,0.17581462333479628,-0.7549450054312613,False,True,0.96,0.0,1.0,1.0,True,0.52,0.0,0.9797894736842104,0.0,237
operational-sufficiency-v2,20260715,operational-envelope-v4,3.0,2.92,3.08,0.08,1.0,0.1,500,0.05,100,147,63,3126,1147.8061351648132,3.0598685417745073,25,0.05,0.1967066537695791,-0.7061809494526088,False,True,1.0,0.038461538461538464,1.0,1.0,True,0.36,0.1,0.9670736842105263,0.0,237
operational-sufficiency-v2,20260715,operational-envelope-v4,3.0,2.92,3.08,0.08,1.0,0.1,500,0.05,100,151,64,2311,886.3305717812023,2.9475957294768307,25,0.05,0.19205827284002036,-0.7165669810195596,False,True,0.92,0.08,1.0,1.0,True,0.52,0.13333333333333333,0.9833263157894737,0.0,237
operational-sufficiency-v2,20260715,operational-envelope-v4,3.0,2.92,3.08,0.08,1.0,0.1,500,0.05,100,152,65,2718,1031.5521386038547,3.0134911837737306,25,0.05,0.10271003383818668,-0.9883871277006878,False,True,1.0,0.16666666666666666,1.0,1.0,True,0.68,0.22727272727272727,0.9779368421052632,0.0,237
operational-sufficiency-v2,20260715,operational-envelope-v4,3.0,2.92,3.08,0.08,1.0,0.1,500,0.05,100,153,66,3126,1139.2623766976678,3.0566237553605244,25,0.05,0.16970587584372326,-0.7703031205442696,False,True,1.0,0.13793103448275862,1.0,1.0,True,0.6,0.21052631578947367,0.9685052631578946,0.0,237
operational-sufficiency-v2,20260715,operational-envelope-v4,3.0,2.92,3.08,0.08,1.0,0.1,500,0.05,100,158,67,2718,843.441576467965,2.926055005246039,25,0.05,0.19584484032353627,-0.7080878657731711,False,True,1.0,0.07407407407407407,1.0,1.0,True,0.68,0.10526315789473684,0.9781052631578949,0.0,237
operational-sufficiency-v2,20260715,operational-envelope-v4,3.0,2.92,3.08,0.08,1.0,0.1,500,0.05,100,159,68,3126,1066.3316970012813,3.027892318921313,25,0.05,0.16868605424803962,-0.7729208202767436,False,True,0.96,0.04,1.0,1.0,True,0.76,0.05,0.9952842105263158,0.0,237
operational-sufficiency-v2,20260715,operational-envelope-v4,3.0,2.92,3.08,0.08,1.0,0.1,500,0.05,100,164,69,2718,918.8599106137916,2.963249303894267,25,0.05,0.18160482128497357,-0.7408726259158953,False,True,0.96,0.04,1.0,1.0,True,0.2,0.0,0.9914105263157894,0.0,237
operational-sufficiency-v2,20260715,operational-envelope-v4,3.0,2.92,3.08,0.08,1.0,0.1,500,0.05,100,170,70,2718,1035.374734963853,3.015097563195908,25,0.05,0.2516578552285075,-0.5991895090214555,False,True,1.0,0.10714285714285714,1.0,1.0,True,0.52,0.07142857142857142,0.9701052631578946,0.0,237
operational-sufficiency-v2,20260715,operational-envelope-v4,3.0,2.92,3.08,0.08,1.0,0.1,500,0.05,100,171,71,3126,1056.222210599566,3.0237552957404437,25,0.05,0.13331648813117433,-0.8751161351955794,False,True,1.0,0.038461538461538464,1.0,1.0,True,0.48,0.0,0.9813894736842105,0.0,237
operational-sufficiency-v2,20260715,operational-envelope-v4,3.0,2.92,3.08,0.08,1.0,0.1,500,0.05,100,172,72,3670,1085.1531515123131,3.0354910360305154,25,0.05,0.10982328478776525,-0.9593055707899424,False,True,0.96,0.1111111111111111,1.0,1.0,True,0.52,0.07142857142857142,0.987536842105263,0.0,237
operational-sufficiency-v2,20260715,operational-envelope-v4,3.0,2.92,3.08,0.08,1.0,0.1,500,0.05,100,175,73,2311,850.5464824068016,2.929698052811795,25,0.05,0.2448393285714172,-0.6111188201470714,False,True,1.0,0.038461538461538464,1.0,1.0,True,0.12,0.25,0.9889684210526315,0.0,237
operational-sufficiency-v2,20260715,operational-envelope-v4,3.0,2.92,3.08,0.08,1.0,0.1,500,0.05,100,176,74,2718,931.4920053031678,2.969179131838146,25,0.05,0.21071912199344855,-0.6762960519599052,False,True,1.0,0.13793103448275862,1.0,1.0,True,0.76,0.05,0.9939368421052631,0.0,237
operational-sufficiency-v2,20260715,operational-envelope-v4,3.0,2.92,3.08,0.08,1.0,0.1,500,0.05,100,177,75,3126,1199.8585243708899,3.0791300412915996,25,0.05,0.16417788576952758,-0.7846853413399428,False,True,1.0,0.13793103448275862,1.0,1.0,True,0.6,0.16666666666666666,0.9860210526315789,0.0,237
operational-sufficiency-v2,20260715,operational-envelope-v4,3.0,2.92,3.08,0.08,1.0,0.1,500,0.05,100,181,76,2311,911.2291699768135,2.959627613789654,25,0.05,0.20661598650363677,-0.6848360788390856,False,True,1.0,0.0,1.0,1.0,True,0.36,0.0,0.9891368421052631,0.0,237
operational-sufficiency-v2,20260715,operational-envelope-v4,3.0,2.92,3.08,0.08,1.0,0.1,500,0.05,100,182,77,2718,1091.3990545952938,3.037983573247544,25,0.05,0.21865126302825538,-0.6602480096311867,False,True,1.0,0.07407407407407407,1.0,1.0,True,0.72,0.05263157894736842,0.9953684210526315,0.0,237
operational-sufficiency-v2,20260715,operational-envelope-v4,3.0,2.92,3.08,0.08,1.0,0.1,500,0.05,100,187,78,2311,989.6014543193537,2.9954603248611673,25,0.05,0.28089080875406697,-0.5514624714523831,False,True,0.92,0.041666666666666664,1.0,1.0,True,0.28,0.0,0.9940210526315789,0.0,237
operational-sufficiency-v2,20260715,operational-envelope-v4,3.0,2.92,3.08,0.08,1.0,0.1,500,0.05,100,188,79,2718,1078.4605820814936,3.032804276191144,25,0.05,0.1157970065594321,-0.9363026673056797,False,True,1.0,0.13793103448275862,1.0,1.0,True,0.52,0.07142857142857142,0.9852631578947368,0.0,237
operational-sufficiency-v2,20260715,operational-envelope-v4,3.0,2.92,3.08,0.08,1.0,0.1,500,0.05,100,193,80,2311,962.3663283236605,2.9833404193203035,25,0.05,0.23975910536994027,-0.6202248905730188,False,True,0.96,0.2,1.0,1.0,True,0.84,0.2222222222222222,0.9948631578947368,0.0,237
operational-sufficiency-v2,20260715,operational-envelope-v4,3.0,2.92,3.08,0.08,1.0,0.1,500,0.05,100,194,81,2718,1058.0924219425874,3.0245236039814216,25,0.05,0.09875411592488546,-1.0054447945752794,False,True,1.0,0.038461538461538464,1.0,1.0,True,0.64,0.058823529411764705,0.9737263157894734,0.0,237
operational-sufficiency-v2,20260715,operational-envelope-v4,3.0,2.92,3.08,0.08,1.0,0.1,500,0.05,100,195,82,3126,1147.2718582850216,3.0596663407987186,25,0.05,0.2036648521357432,-0.6910839137616145,False,True,0.96,0.14285714285714285,1.0,1.0,False,0.0,0.0,0.989221052631579,0.0,237
operational-sufficiency-v2,20260715,operational-envelope-v4,3.0,2.92,3.08,0.08,1.0,0.1,500,0.05,100,199,83,2311,888.4602200426829,2.9486379874562214,25,0.05,0.24003655428612117,-0.6197226161388377,False,True,0.96,0.04,1.0,1.0,True,0.72,0.0,0.9690947368421052,0.0,237
operational-sufficiency-v2,20260715,operational-envelope-v4,3.0,2.92,3.08,0.08,1.0,0.1,500,0.05,100,200,84,2718,950.5528572522776,2.9779762716220155,25,0.05,0.1691721275515696,-0.7716711888601201,False,True,1.0,0.038461538461538464,1.0,1.0,True,0.56,0.06666666666666667,0.9969684210526316,0.0,237
operational-sufficiency-v2,20260715,operational-envelope-v4,3.0,2.92,3.08,0.08,1.0,0.1,500,0.05,100,205,85,2311,994.3859630732492,2.997554985099741,25,0.05,0.13571145485989286,-0.8673834937368302,False,False,0.0,0.0,1.0,1.0,False,0.0,0.0,0.9624421052631579,0.0,237
operational-sufficiency-v2,20260715,operational-envelope-v4,3.0,2.92,3.08,0.08,1.0,0.1,500,0.05,100,206,86,2718,1048.114159184689,3.020408587994891,25,0.05,0.20635776017909443,-0.6853791946344475,False,True,1.0,0.038461538461538464,1.0,1.0,True,0.68,0.05555555555555555,0.9970526315789475,0.0,237
operational-sufficiency-v2,20260715,operational-envelope-v4,3.0,2.92,3.08,0.08,1.0,0.1,500,0.05,100,207,87,3126,1171.000503896546,3.068557081954893,25,0.05,0.10728413308893082,-0.9694645037699927,False,True,1.0,0.1935483870967742,1.0,1.0,True,0.8,0.2,0.9840000000000001,0.0,237
operational-sufficiency-v2,20260715,operational-envelope-v4,3.0,2.92,3.08,0.08,1.0,0.1,500,0.05,100,208,88,3670,1194.3584142580567,3.077134673507435,25,0.05,0.1812230035236724,-0.7417866760338782,False,True,0.96,0.07692307692307693,1.0,1.0,True,0.64,0.058823529411764705,0.971957894736842,0.0,237
operational-sufficiency-v2,20260715,operational-envelope-v4,3.0,2.92,3.08,0.08,1.0,0.1,500,0.05,100,211,89,2311,932.1112271611768,2.969467739027938,25,0.05,0.16587652895380922,-0.7802150610339608,False,True,1.0,0.038461538461538464,1.0,1.0,True,0.56,0.0,0.9900631578947369,0.0,237
operational-sufficiency-v2,20260715,operational-envelope-v4,3.0,2.92,3.08,0.08,1.0,0.1,500,0.05,100,212,90,2718,890.2260534374449,2.949500300234691,25,0.05,0.17907985740912294,-0.7469532600918968,False,True,1.0,0.10714285714285714,1.0,1.0,True,0.56,0.17647058823529413,0.9891368421052631,0.0,237
operational-sufficiency-v2,20260715,operational-envelope-v4,3.0,2.92,3.08,0.08,1.0,0.1,500,0.05,100,213,91,3126,1068.8909238855313,3.0289333894262156,25,0.05,0.06518390051490115,-1.1858596555091891,False,True,0.96,0.07692307692307693,1.0,1.0,True,0.32,0.1111111111111111,0.9674105263157895,0.0,237
operational-sufficiency-v2,20260715,operational-envelope-v4,3.0,2.92,3.08,0.08,1.0,0.1,500,0.05,100,218,92,2718,1015.390653317098,3.0066331614011736,25,0.05,0.1285378157505055,-0.8909690843506413,False,True,0.96,0.0,1.0,1.0,True,0.2,0.0,0.9888000000000002,0.0,237
operational-sufficiency-v2,20260715,operational-envelope-v4,3.0,2.92,3.08,0.08,1.0,0.1,500,0.05,100,219,93,3126,1183.6681171578302,3.073229949775636,25,0.05,0.18229647824648534,-0.7392217213224883,False,True,1.0,0.07407407407407407,1.0,1.0,True,0.64,0.1111111111111111,0.9838315789473685,0.0,237
operational-sufficiency-v2,20260715,operational-envelope-v4,3.0,2.92,3.08,0.08,1.0,0.1,500,0.05,100,223,94,2311,919.7718020122998,2.963680091019518,25,0.05,0.2109232209024151,-0.6758756053973475,False,True,1.0,0.07407407407407407,1.0,1.0,False,0.0,0.0,0.9612631578947368,0.0,237
operational-sufficiency-v2,20260715,operational-envelope-v4,3.0,2.92,3.08,0.08,1.0,0.1,500,0.05,100,224,95,2718,1085.1384931051662,3.035485169477646,25,0.05,0.15927142366858202,-0.7978621379234471,False,True,1.0,0.0,1.0,1.0,True,0.36,0.0,0.9948631578947368,0.0,237
operational-sufficiency-v2,20260715,operational-envelope-v4,3.0,2.92,3.08,0.08,1.0,0.1,500,0.05,100,229,96,2311,966.3686684185827,2.9851428408202048,25,0.05,0.16605268962967723,-0.7797540855466735,False,True,1.0,0.07407407407407407,1.0,1.0,True,0.64,0.0,0.9786947368421053,0.0,237
operational-sufficiency-v2,20260715,operational-envelope-v4,3.0,2.92,3.08,0.08,1.0,0.1,500,0.05,100,230,97,2718,992.5635714152208,2.9967583318892395,25,0.05,0.19589086399126182,-0.7079858182712356,False,True,1.0,0.24242424242424243,1.0,1.0,False,0.0,0.0,0.9962105263157894,0.0,237
operational-sufficiency-v2,20260715,operational-envelope-v4,3.0,2.92,3.08,0.08,1.0,0.1,500,0.05,100,231,98,3126,1176.5171350031496,3.070598256699566,25,0.05,0.17535342845182347,-0.756085738518421,False,True,0.96,0.0,1.0,1.0,True,0.36,0.0,0.9684210526315788,0.0,237
operational-sufficiency-v2,20260715,operational-envelope-v4,3.0,2.92,3.08,0.08,1.0,0.1,500,0.05,100,236,99,2718,913.9159331321027,2.9609062488454625,25,0.05,0.14973495077921284,-0.8246768158299776,False,True,0.96,0.04,1.0,1.0,True,0.4,0.0,0.9962947368421052,0.0,237
operational-sufficiency-v2,20260715,operational-envelope-v4,3.0,2.92,3.08,0.08,1.5,0.1,500,0.05,100,0,0,6641,973.1069530686833,2.9881605756998764,25,0.05,0.03226790063100409,-1.4912292891368164,False,True,0.96,0.1724137931034483,1.0,1.0,True,0.48,0.25,0.9849263157894736,0.0,284
operational-sufficiency-v2,20260715,operational-envelope-v4,3.0,2.92,3.08,0.08,1.5,0.1,500,0.05,100,1,1,8065,962.7415638825286,2.983509721763407,25,0.05,0.06156520276669983,-1.2106646858290075,False,True,0.88,0.043478260869565216,1.0,1.0,True,0.68,0.05555555555555555,0.9888842105263157,0.0,284
operational-sufficiency-v2,20260715,operational-envelope-v4,3.0,2.92,3.08,0.08,1.5,0.1,500,0.05,100,2,2,9488,996.9901686128156,2.998690875725642,25,0.05,0.06635069019117568,-1.178154555170909,False,True,0.96,0.14285714285714285,1.0,1.0,True,0.32,0.1111111111111111,0.9355789473684211,0.0,284
operational-sufficiency-v2,20260715,operational-envelope-v4,3.0,2.92,3.08,0.08,1.5,0.1,500,0.05,100,7,3,8065,1123.113584492374,3.0504236802363187,25,0.05,0.09246989568950956,-1.0339996322760063,False,True,1.0,0.0,1.0,1.0,True,0.76,0.0,0.9946947368421053,0.0,284
operational-sufficiency-v2,20260715,operational-envelope-v4,3.0,2.92,3.08,0.08,1.5,0.1,500,0.05,100,8,4,9488,1010.1741660504688,3.004396257776421,25,0.05,0.02120754460629324,-1.6735096108642384,False,True,0.96,0.07692307692307693,1.0,1.0,True,0.64,0.058823529411764705,0.9959578947368422,0.0,284
operational-sufficiency-v2,20260715,operational-envelope-v4,3.0,2.92,3.08,0.08,1.5,0.1,500,0.05,100,12,5,6641,872.6815577428442,2.940855798179227,25,0.05,0.05721647172402787,-1.2424789266431229,False,True,0.92,0.17857142857142858,1.0,1.0,True,0.24,0.14285714285714285,0.9675789473684211,0.0,284
operational-sufficiency-v2,20260715,operational-envelope-v4,3.0,2.92,3.08,0.08,1.5,0.1,500,0.05,100,13,6,8065,854.3465719342036,2.931634081164262,25,0.05,0.08648281140616552,-1.0630702006650847,False,True,1.0,0.10714285714285714,1.0,1.0,True,0.32,0.1111111111111111,0.9781052631578947,0.0,284
operational-sufficiency-v2,20260715,operational-envelope-v4,3.0,2.92,3.08,0.08,1.5,0.1,500,0.05,100,14,7,9488,952.0534199092638,2.978661317419062,25,0.05,0.031538417325276,-1.5011601044169245,False,True,0.96,0.0,1.0,1.0,True,0.64,0.0,0.9956210526315789,0.0,284
operational-sufficiency-v2,20260715,operational-envelope-v4,3.0,2.92,3.08,0.08,1.5,0.1,500,0.05,100,19,8,8065,1083.1757042147046,3.034698910163242,25,0.05,0.0657182354126908,-1.1823141062354496,False,True,1.0,0.038461538461538464,1.0,1.0,True,0.72,0.05263157894736842,0.9939368421052631,0.0,284
operational-sufficiency-v2,20260715,operational-envelope-v4,3.0,2.92,3.08,0.08,1.5,0.1,500,0.05,100,24,9,6641,855.9001949450197,2.9324231252942954,25,0.05,0.08924248495908663,-1.0494283452797988,False,True,1.0,0.038461538461538464,1.0,1.0,True,0.6,0.0625,0.9730526315789474,0.0,284
operational-sufficiency-v2,20260715,operational-envelope-v4,3.0,2.92,3.08,0.08,1.5,0.1,500,0.05,100,25,10,8065,1031.788505712243,3.0135906854547625,25,0.05,0.03821914883074755,-1.4177189892387705,False,True,1.0,0.10714285714285714,1.0,1.0,True,0.44,0.0,0.9899789473684212,0.0,284
operational-sufficiency-v2,20260715,operational-envelope-v4,3.0,2.92,3.08,0.08,1.5,0.1,500,0.05,100,26,11,9488,1083.8044426372653,3.0349509269023316,25,0.05,0.09162024084524967,-1.0380085709137286,False,True,1.0,0.038461538461538464,1.0,1.0,True,0.36,0.0,0.9903157894736841,0.0,284
operational-sufficiency-v2,20260715,operational-envelope-v4,3.0,2.92,3.08,0.08,1.5,0.1,500,0.05,100,30,12,6641,873.2914826839886,2.941159224453237,25,0.05,0.030847198015372782,-1.510784278688368,False,True,0.76,0.09523809523809523,1.0,1.0,True,0.48,0.14285714285714285,0.9906526315789473,0.0,284
operational-sufficiency-v2,20260715,operational-envelope-v4,3.0,2.92,3.08,0.08,1.5,0.1,500,0.05,100,32,13,9488,1141.5679423334511,3.0575017643609974,25,0.05,0.05456113943618047,-1.2631165685994061,False,True,1.0,0.0,1.0,1.0,True,0.36,0.0,0.994778947368421,0.0,284
operational-sufficiency-v2,20260715,operational-envelope-v4,3.0,2.92,3.08,0.08,1.5,0.1,500,0.05,100,37,14,8065,1070.7267681191947,3.0296786601528054,25,0.05,0.05748391138419391,-1.2404536887845319,False,True,0.96,0.1111111111111111,1.0,1.0,False,0.0,0.0,0.9896421052631578,0.0,284
operational-sufficiency-v2,20260715,operational-envelope-v4,3.0,2.92,3.08,0.08,1.5,0.1,500,0.05,100,43,15,8065,1078.0937277565652,3.0326565193646275,25,0.05,0.07431191122250055,-1.1289415689634845,False,True,0.92,0.14814814814814814,1.0,1.0,True,0.6,0.16666666666666666,0.9709473684210527,0.0,284
operational-sufficiency-v2,20260715,operational-envelope-v4,3.0,2.92,3.08,0.08,1.5,0.1,500,0.05,100,50,16,9488,1001.4523282925488,3.0006302805869067,25,0.05,0.032014104781388386,-1.494658637957851,False,True,0.96,0.1111111111111111,1.0,1.0,True,0.6,0.16666666666666666,0.9697684210526315,0.0,284
operational-sufficiency-v2,20260715,operational-envelope-v4,3.0,2.92,3.08,0.08,1.5,0.1,500,0.05,100,51,17,10911,1091.7509055402973,3.038123560814116,25,0.05,0.060815177881519925,-1.2159880186291037,False,True,0.96,0.1111111111111111,1.0,1.0,True,0.4,0.09090909090909091,0.9882105263157895,0.0,284
operational-sufficiency-v2,20260715,operational-envelope-v4,3.0,2.92,3.08,0.08,1.5,0.1,500,0.05,100,56,18,9488,1098.7903510267722,3.0409148370297148,25,0.05,0.047429228493413224,-1.3239539397330855,False,True,0.92,0.0,1.0,1.0,True,0.4,0.0,0.9857684210526315,0.0,284
operational-sufficiency-v2,20260715,operational-envelope-v4,3.0,2.92,3.08,0.08,1.5,0.1,500,0.05,100,57,19,10911,1135.7248030177998,3.0552731104158135,25,0.05,0.05535499138399706,-1.2568432124945368,False,True,1.0,0.10714285714285714,1.0,1.0,True,0.6,0.11764705882352941,0.9886315789473684,0.0,284
operational-sufficiency-v2,20260715,operational-envelope-v4,3.0,2.92,3.08,0.08,1.5,0.1,500,0.05,100,59,20,15180,1106.8891833007858,3.0441041434712948,25,0.05,0.06638635539811955,-1.1779211734066,False,True,1.0,0.10714285714285714,1.0,1.0,True,0.6,0.0,0.9685052631578946,0.0,284
operational-sufficiency-v2,20260715,operational-envelope-v4,3.0,2.92,3.08,0.08,1.5,0.1,500,0.05,100,67,21,8065,995.8392586734526,2.9981892433384845,25,0.05,0.042592670516498496,-1.3706651292566214,False,True,0.96,0.0,1.0,1.0,True,0.36,0.0,0.985936842105263,0.0,284
operational-sufficiency-v2,20260715,operational-envelope-v4,3.0,2.92,3.08,0.08,1.5,0.1,500,0.05,100,72,22,6641,838.5803711170989,2.9235446925353537,25,0.05,0.10880932671583793,-0.9633338769942787,False,True,0.96,0.07692307692307693,1.0,1.0,True,0.64,0.1111111111111111,0.9926736842105264,0.0,284
operational-sufficiency-v2,20260715,operational-envelope-v4,3.0,2.92,3.08,0.08,1.5,0.1,500,0.05,100,73,23,8065,1100.2263158651804,3.0414820284508246,25,0.05,0.07243964750220475,-1.1400236716685788,False,True,1.0,0.16666666666666666,1.0,1.0,True,0.72,0.21739130434782608,0.9902315789473684,0.0,284
operational-sufficiency-v2,20260715,operational-envelope-v4,3.0,2.92,3.08,0.08,1.5,0.1,500,0.05,100,78,24,6641,1117.741819272072,3.048341499959887,25,0.05,0.1469026484249756,-0.8329703744889507,False,True,0.96,0.07692307692307693,1.0,1.0,True,0.72,0.1,0.9885473684210527,0.0,284
operational-sufficiency-v2,20260715,operational-envelope-v4,3.0,2.92,3.08,0.08,1.5,0.1,500,0.05,100,79,25,8065,1032.1137809495135,3.013727576859679,25,0.05,0.06677482055257905,-1.1753872704069928,False,True,1.0,0.0,1.0,1.0,True,0.6,0.0,0.9885473684210527,0.0,284
operational-sufficiency-v2,20260715,operational-envelope-v4,3.0,2.92,3.08,0.08,1.5,0.1,500,0.05,100,81,26,10911,1126.4346743293027,3.051706010617376,25,0.05,0.0076866571407909765,-2.1142624899705846,False,False,0.0,0.0,1.0,1.0,False,0.0,0.0,0.9744842105263157,0.0,284
operational-sufficiency-v2,20260715,operational-envelope-v4,3.0,2.92,3.08,0.08,1.5,0.1,500,0.05,100,97,27,8065,1108.7619160159406,3.044838300287053,25,0.05,0.07332087514099438,-1.1347723600404738,False,True,0.96,0.04,1.0,1.0,True,0.72,0.05263157894736842,0.9903157894736841,0.0,284
operational-sufficiency-v2,20260715,operational-envelope-v4,3.0,2.92,3.08,0.08,1.5,0.1,500,0.05,100,99,28,10911,1013.7290421215961,3.0059218886889743,25,0.05,0.05947900500782629,-1.2256363051673145,False,True,1.0,0.1935483870967742,1.0,1.0,True,0.52,0.23529411764705882,0.9746526315789474,0.0,284
operational-sufficiency-v2,20260715,operational-envelope-v4,3.0,2.92,3.08,0.08,1.5,0.1,500,0.05,100,102,29,6641,936.9757044084778,2.9717283298652277,25,0.05,0.06092986981562567,-1.2151697497996372,False,True,0.96,0.07692307692307693,1.0,1.0,True,0.44,0.0,0.984842105263158,0.0,284
operational-sufficiency-v2,20260715,operational-envelope-v4,3.0,2.92,3.08,0.08,1.5,0.1,500,0.05,100,104,30,9488,1033.9903389849194,3.0145164809773237,25,0.05,0.028831322182862235,-1.5401354407351235,False,True,1.0,0.07407407407407407,1.0,1.0,True,0.68,0.10526315789473684,0.9899789473684212,0.0,284
operational-sufficiency-v2,20260715,operational-envelope-v4,3.0,2.92,3.08,0.08,1.5,0.1,500,0.05,100,108,31,6641,930.0784117391361,2.968519563984154,25,0.05,0.028747409808549527,-1.54140127989715,False,True,0.92,0.0,1.0,1.0,True,0.72,0.0,0.9942736842105263,0.0,284
operational-sufficiency-v2,20260715,operational-envelope-v4,3.0,2.92,3.08,0.08,1.5,0.1,500,0.05,100,113,32,15180,1145.6184948657747,3.0590400162707923,25,0.05,0.00907609313794586,-2.0421010560783754,False,True,0.96,0.07692307692307693,1.0,1.0,True,0.36,0.18181818181818182,0.9606736842105263,0.0,284
operational-sufficiency-v2,20260715,operational-envelope-v4,3.0,2.92,3.08,0.08,1.5,0.1,500,0.05,100,114,33,6641,892.2679272494001,2.950495282463815,25,0.05,0.22745862208296685,-0.6430975960858005,False,True,0.92,0.0,1.0,1.0,True,0.52,0.0,0.9925894736842105,0.0,284
operational-sufficiency-v2,20260715,operational-envelope-v4,3.0,2.92,3.08,0.08,1.5,0.1,500,0.05,100,115,34,8065,1057.869474697636,3.024432085548363,25,0.05,0.03131734293746044,-1.5042150919700936,False,True,1.0,0.10714285714285714,1.0,1.0,True,0.56,0.17647058823529413,0.9823999999999999,0.0,284
operational-sufficiency-v2,20260715,operational-envelope-v4,3.0,2.92,3.08,0.08,1.5,0.1,500,0.05,100,116,35,9488,1152.3483664822836,3.061583790519344,25,0.05,0.052656226803199715,-1.2785502644335138,False,True,1.0,0.07407407407407407,1.0,1.0,True,0.6,0.0625,0.9865263157894737,0.0,284
operational-sufficiency-v2,20260715,operational-envelope-v4,3.0,2.92,3.08,0.08,1.5,0.1,500,0.05,100,118,36,12808,986.0318771912995,2.993890955371735,25,0.05,0.07151052873484251,-1.1456300108589266,False,True,1.0,0.10714285714285714,1.0,1.0,True,0.64,0.1111111111111111,0.9763368421052633,0.0,284
operational-sufficiency-v2,20260715,operational-envelope-v4,3.0,2.92,3.08,0.08,1.5,0.1,500,0.05,100,121,37,8065,1080.0476230366728,3.0334429054555163,25,0.05,0.08569121527992982,-1.0670636979251342,False,True,0.88,0.0,1.0,1.0,True,0.52,0.0,0.9861052631578948,0.0,284
operational-sufficiency-v2,20260715,operational-envelope-v4,3.0,2.92,3.08,0.08,1.5,0.1,500,0.05,100,122,38,9488,1033.5506720686972,3.01433177371643,25,0.05,0.08712821645554207,-1.0598411760318525,False,True,1.0,0.10714285714285714,1.0,1.0,True,0.52,0.0,0.9942736842105263,0.0,284
operational-sufficiency-v2,20260715,operational-envelope-v4,3.0,2.92,3.08,0.08,1.5,0.1,500,0.05,100,123,39,10911,1121.0252723912245,3.049615403439161,25,0.05,0.04830374703884497,-1.3160191786651607,False,True,0.92,0.11538461538461539,1.0,1.0,True,0.4,0.09090909090909091,0.9862736842105262,0.0,284
operational-sufficiency-v2,20260715,operational-envelope-v4,3.0,2.92,3.08,0.08,1.5,0.1,500,0.05,100,127,40,8065,1042.8233092051019,3.0182107299627443,25,0.05,0.02652561646051633,-1.5763345142206073,False,True,0.96,0.07692307692307693,1.0,1.0,True,0.4,0.09090909090909091,0.9693473684210526,0.0,284
operational-sufficiency-v2,20260715,operational-envelope-v4,3.0,2.92,3.08,0.08,1.5,0.1,500,0.05,100,129,41,10911,1167.9207833706705,3.0674133868588247,25,0.05,0.06784290546684862,-1.1684955610874341,False,True,0.96,0.1724137931034483,1.0,1.0,True,0.52,0.23529411764705882,0.9766736842105262,0.0,284
operational-sufficiency-v2,20260715,operational-envelope-v4,3.0,2.92,3.08,0.08,1.5,0.1,500,0.05,100,133,42,8065,1118.0088190747294,3.0484452293647015,25,0.05,0.05475367562825602,-1.2615867212095293,False,True,0.96,0.2,1.0,1.0,True,0.72,0.25,0.9682526315789474,0.0,284
operational-sufficiency-v2,20260715,operational-envelope-v4,3.0,2.92,3.08,0.08,1.5,0.1,500,0.05,100,140,43,9488,1041.2315208771518,3.0175473068976313,25,0.05,0.07362959790513277,-1.1329475712204173,False,True,1.0,0.038461538461538464,1.0,1.0,True,0.52,0.07142857142857142,0.9807999999999999,0.0,284
operational-sufficiency-v2,20260715,operational-envelope-v4,3.0,2.92,3.08,0.08,1.5,0.1,500,0.05,100,145,44,8065,935.418290544322,2.971005857559666,25,0.05,0.0480231526540019,-1.3185493325069593,False,True,1.0,0.16666666666666666,1.0,1.0,True,0.64,0.1111111111111111,0.9888842105263157,0.0,284
operational-sufficiency-v2,20260715,operational-envelope-v4,3.0,2.92,3.08,0.08,1.5,0.1,500,0.05,100,146,45,9488,985.5298032647972,2.9936697622509083,25,0.05,0.015131352499485788,-1.8201222513019042,False,True,0.88,0.18518518518518517,1.0,1.0,True,0.64,0.2,0.9875368421052632,0.0,284
operational-sufficiency-v2,20260715,operational-envelope-v4,3.0,2.92,3.08,0.08,1.5,0.1,500,0.05,100,148,46,12808,882.9408160033139,2.9459315935610215,25,0.05,0.02779285875568302,-1.5560667796722878,False,True,1.0,0.07407407407407407,1.0,1.0,True,0.44,0.0,0.9906526315789473,0.0,284
operational-sufficiency-v2,20260715,operational-envelope-v4,3.0,2.92,3.08,0.08,1.5,0.1,500,0.05,100,151,47,8065,1015.2522928022372,3.0065739789552146,25,0.05,0.05294302127516013,-1.2761912786430862,False,True,0.96,0.04,1.0,1.0,True,0.56,0.06666666666666667,0.9893894736842104,0.0,284
operational-sufficiency-v2,20260715,operational-envelope-v4,3.0,2.92,3.08,0.08,1.5,0.1,500,0.05,100,152,48,9488,1122.6402576040423,3.050240611856401,25,0.05,0.050493807172549116,-1.2967618827864964,False,True,0.96,0.04,1.0,1.0,True,0.44,0.08333333333333333,0.9823999999999999,0.0,284
operational-sufficiency-v2,20260715,operational-envelope-v4,3.0,2.92,3.08,0.08,1.5,0.1,500,0.05,100,158,49,9488,1054.2188158363958,3.0229307632932763,25,0.05,0.03616374097534967,-1.4417266500740182,False,False,0.0,0.0,1.0,1.0,False,0.0,0.0,0.9821473684210525,0.0,284
operational-sufficiency-v2,20260715,operational-envelope-v4,3.0,2.92,3.08,0.08,1.5,0.1,500,0.05,100,160,50,12808,1190.345068728593,3.0756728771244335,25,0.05,0.03183503446106188,-1.4970946756810593,False,True,1.0,0.10714285714285714,1.0,1.0,True,0.76,0.09523809523809523,0.9902315789473684,0.0,284
operational-sufficiency-v2,20260715,operational-envelope-v4,3.0,2.92,3.08,0.08,1.5,0.1,500,0.05,100,162,51,6641,931.260222793724,2.9690710531963878,25,0.05,0.13789234023686545,-0.8604598577201222,False,True,0.92,0.08,1.0,1.0,True,0.68,0.10526315789473684,0.9902315789473684,0.0,284
operational-sufficiency-v2,20260715,operational-envelope-v4,3.0,2.92,3.08,0.08,1.5,0.1,500,0.05,100,163,52,8065,1120.2395855399552,3.0493109151259836,25,0.05,0.062196912323938834,-1.2062311746976018,False,True,0.96,0.14285714285714285,1.0,1.0,True,0.64,0.0,0.9732210526315791,0.0,284
operational-sufficiency-v2,20260715,operational-envelope-v4,3.0,2.92,3.08,0.08,1.5,0.1,500,0.05,100,164,53,9488,1189.8574728889187,3.075494942531197,25,0.05,0.05665185579077354,-1.2467858590310936,False,True,1.0,0.10714285714285714,1.0,1.0,True,0.48,0.07692307692307693,0.9876210526315791,0.0,284
operational-sufficiency-v2,20260715,operational-envelope-v4,3.0,2.92,3.08,0.08,1.5,0.1,500,0.05,100,165,54,10911,1128.8976648300493,3.052654574684958,25,0.05,0.0535382863986956,-1.2713355334012433,False,True,1.0,0.0,1.0,1.0,False,0.0,0.0,0.975242105263158,0.0,284
operational-sufficiency-v2,20260715,operational-envelope-v4,3.0,2.92,3.08,0.08,1.5,0.1,500,0.05,100,168,55,6641,1015.6289596012688,3.0067350758327573,25,0.05,0.11921789815595227,-0.9236585391691677,False,True,1.0,0.1935483870967742,1.0,1.0,True,0.64,0.23809523809523808,0.9878736842105263,0.0,284
operational-sufficiency-v2,20260715,operational-envelope-v4,3.0,2.92,3.08,0.08,1.5,0.1,500,0.05,100,169,56,8065,949.0434629265036,2.9772861020763126,25,0.05,0.1273701492574802,-0.8949323422657812,False,True,0.96,0.2,1.0,1.0,True,0.64,0.2,0.9878736842105263,0.0,284
operational-sufficiency-v2,20260715,operational-envelope-v4,3.0,2.92,3.08,0.08,1.5,0.1,500,0.05,100,170,57,9488,1160.3811686248384,3.064600672191398,25,0.05,0.06661750038916048,-1.1764116668649034,False,True,0.96,0.14285714285714285,1.0,1.0,True,0.84,0.16,0.9954526315789474,0.0,284
operational-sufficiency-v2,20260715,operational-envelope-v4,3.0,2.92,3.08,0.08,1.5,0.1,500,0.05,100,174,58,6641,917.7929093603868,2.962744698120514,25,0.05,0.021988486626170412,-1.6578046602490588,False,True,1.0,0.038461538461538464,1.0,1.0,True,0.32,0.0,0.978021052631579,0.0,284
operational-sufficiency-v2,20260715,operational-envelope-v4,3.0,2.92,3.08,0.08,1.5,0.1,500,0.05,100,175,59,8065,1128.717026216253,3.0525850762416065,25,0.05,0.06914801927993253,-1.1602202555852659,False,True,1.0,0.0,1.0,1.0,True,0.12,0.0,0.984842105263158,0.0,284
operational-sufficiency-v2,20260715,operational-envelope-v4,3.0,2.92,3.08,0.08,1.5,0.1,500,0.05,100,176,60,9488,1160.3332534831368,3.0645827386779545,25,0.05,0.032301136176859924,-1.4907822013016385,False,True,1.0,0.0,1.0,1.0,True,0.44,0.0,0.9857684210526316,0.0,284
operational-sufficiency-v2,20260715,operational-envelope-v4,3.0,2.92,3.08,0.08,1.5,0.1,500,0.05,100,177,61,10911,1073.6664380226011,3.0308693776142794,25,0.05,0.06709382714752676,-1.1733174345118693,False,True,0.92,0.08,1.0,1.0,True,0.4,0.0,0.9668210526315789,0.0,284
operational-sufficiency-v2,20260715,operational-envelope-v4,3.0,2.92,3.08,0.08,1.5,0.1,500,0.05,100,181,62,8065,1124.3146961216887,3.050887887443218,25,0.05,0.07888800852783003,-1.1029890072593338,False,True,0.88,0.0,1.0,1.0,True,0.76,0.0,0.9941052631578947,0.0,284
operational-sufficiency-v2,20260715,operational-envelope-v4,3.0,2.92,3.08,0.08,1.5,0.1,500,0.05,100,184,63,12808,1118.5471583529113,3.0486542988311323,25,0.05,0.07127719898507254,-1.147049375318382,False,True,1.0,0.07407407407407407,1.0,1.0,True,0.56,0.0,0.9806315789473683,0.0,284
operational-sufficiency-v2,20260715,operational-envelope-v4,3.0,2.92,3.08,0.08,1.5,0.1,500,0.05,100,186,64,6641,867.8161449276854,2.938427725520989,25,0.05,0.12050498439419209,-0.918994989187669,False,True,0.92,0.041666666666666664,1.0,1.0,True,0.4,0.09090909090909091,0.9651368421052632,0.0,284
operational-sufficiency-v2,20260715,operational-envelope-v4,3.0,2.92,3.08,0.08,1.5,0.1,500,0.05,100,191,65,15180,1110.376203265446,3.045470145742942,25,0.05,0.062045224157862504,-1.207291642073567,False,True,0.96,0.07692307692307693,1.0,1.0,True,0.64,0.058823529411764705,0.982821052631579,0.0,284
operational-sufficiency-v2,20260715,operational-envelope-v4,3.0,2.92,3.08,0.08,1.5,0.1,500,0.05,100,192,66,6641,902.6693321209889,2.9555286877052556,25,0.05,0.06983974705285216,-1.1558973422370435,False,True,0.96,0.1724137931034483,1.0,1.0,True,0.6,0.21052631578947367,0.9894736842105263,0.0,284
operational-sufficiency-v2,20260715,operational-envelope-v4,3.0,2.92,3.08,0.08,1.5,0.1,500,0.05,100,193,67,8065,962.6645766070687,2.9834749912738507,25,0.05,0.023646368162664622,-1.6262355529403427,False,True,1.0,0.10714285714285714,1.0,1.0,True,0.64,0.15789473684210525,0.9763368421052632,0.0,284
operational-sufficiency-v2,20260715,operational-envelope-v4,3.0,2.92,3.08,0.08,1.5,0.1,500,0.05,100,194,68,9488,1078.420356183543,3.0327880769794007,25,0.05,0.09882212092604704,-1.0051458294934117,False,True,1.0,0.07407407407407407,1.0,1.0,True,0.56,0.0,0.9941052631578947,0.0,284
operational-sufficiency-v2,20260715,operational-envelope-v4,3.0,2.92,3.08,0.08,1.5,0.1,500,0.05,100,195,69,10911,979.675935789203,2.9910824404135754,25,0.05,0.010206258843069286,-1.991133421630754,False,True,1.0,0.038461538461538464,1.0,1.0,True,0.84,0.045454545454545456,0.9976421052631579,0.0,284
operational-sufficiency-v2,20260715,operational-envelope-v4,3.0,2.92,3.08,0.08,1.5,0.1,500,0.05,100,198,70,6641,871.2069028083909,2.940121307794226,25,0.05,0.014001864575693045,-1.853814127106416,False,True,0.96,0.1111111111111111,1.0,1.0,True,0.32,0.1111111111111111,0.9866105263157894,0.0,284
operational-sufficiency-v2,20260715,operational-envelope-v4,3.0,2.92,3.08,0.08,1.5,0.1,500,0.05,100,199,71,8065,870.3058884291395,2.9396719219385403,25,0.05,0.048780409994789484,-1.311754553802395,False,True,1.0,0.0,1.0,1.0,False,0.0,0.0,0.9966315789473684,0.0,284
operational-sufficiency-v2,20260715,operational-envelope-v4,3.0,2.92,3.08,0.08,1.5,0.1,500,0.05,100,201,72,10911,1107.1636097487194,3.044211802957112,25,0.05,0.07453299024146887,-1.1276514546543797,False,True,1.0,0.07407407407407407,1.0,1.0,True,0.56,0.125,0.9874526315789474,0.0,284
operational-sufficiency-v2,20260715,operational-envelope-v4,3.0,2.92,3.08,0.08,1.5,0.1,500,0.05,100,208,73,12808,1017.9919311531866,3.00774433569275,25,0.05,0.055631102566441444,-1.2546823325852134,False,True,1.0,0.13793103448275862,1.0,1.0,True,0.68,0.19047619047619047,0.9834947368421052,0.0,284
operational-sufficiency-v2,20260715,operational-envelope-v4,3.0,2.92,3.08,0.08,1.5,0.1,500,0.05,100,211,74,8065,1040.4991343019133,3.0172417232136155,25,0.05,0.09459138806935631,-1.0241484014862459,False,True,0.96,0.14285714285714285,1.0,1.0,True,0.36,0.18181818181818182,0.9716210526315788,0.0,284
operational-sufficiency-v2,20260715,operational-envelope-v4,3.0,2.92,3.08,0.08,1.5,0.1,500,0.05,100,212,75,9488,1096.7566487822435,3.0401102758745093,25,0.05,0.029290052862120695,-1.533279844511416,False,True,0.96,0.1724137931034483,1.0,1.0,True,0.72,0.21739130434782608,0.9915789473684211,0.0,284
operational-sufficiency-v2,20260715,operational-envelope-v4,3.0,2.92,3.08,0.08,1.5,0.1,500,0.05,100,216,76,6641,1120.2664108984177,3.049321314656424,25,0.05,0.07446457384530361,-1.1280502915829784,False,True,0.92,0.041666666666666664,1.0,1.0,False,0.0,0.0,0.9802947368421053,0.0,284
operational-sufficiency-v2,20260715,operational-envelope-v4,3.0,2.92,3.08,0.08,1.5,0.1,500,0.05,100,217,77,8065,1037.6763919206742,3.016061936252951,25,0.05,0.04525985289874455,-1.3442868619006747,False,True,0.92,0.17857142857142858,1.0,1.0,True,0.48,0.14285714285714285,0.9824,0.0,284
operational-sufficiency-v2,20260715,operational-envelope-v4,3.0,2.92,3.08,0.08,1.5,0.1,500,0.05,100,218,78,9488,873.5900676345301,2.94130768763626,25,0.05,0.06789778148507343,-1.1681444157715033,False,True,1.0,0.07407407407407407,1.0,1.0,True,0.68,0.05555555555555555,0.9770947368421052,0.0,284
operational-sufficiency-v2,20260715,operational-envelope-v4,3.0,2.92,3.08,0.08,1.5,0.1,500,0.05,100,229,79,8065,1176.1376244622572,3.0704581432090507,25,0.05,0.04655181798833426,-1.3320633538473103,False,True,1.0,0.13793103448275862,1.0,1.0,True,0.64,0.058823529411764705,0.9913263157894737,0.0,284
operational-sufficiency-v2,20260715,operational-envelope-v4,3.0,2.92,3.08,0.08,1.5,0.1,500,0.05,100,230,80,9488,996.0567936563945,2.9982841019461692,25,0.05,0.041427709026066475,-1.3827090827492041,False,True,0.92,0.041666666666666664,1.0,1.0,True,0.52,0.0,0.9775999999999999,0.0,284
operational-sufficiency-v2,20260715,operational-envelope-v4,3.0,2.92,3.08,0.08,1.5,0.1,500,0.05,100,235,81,8065,861.1899804304879,2.935098968354116,25,0.05,0.13044582663815346,-0.8845698107532111,False,True,1.0,0.21875,1.0,1.0,True,0.6,0.21052631578947367,0.9814736842105263,0.0,284
operational-sufficiency-v2,20260715,operational-envelope-v4,3.0,2.92,3.08,0.08,1.5,0.1,500,0.05,100,240,82,6641,960.0500579512899,2.9822938781700277,25,0.05,0.0683652927131251,-1.1651643223830486,False,True,1.0,0.0,1.0,1.0,True,0.48,0.0,0.9875368421052632,0.0,284
operational-sufficiency-v2,20260715,operational-envelope-v4,3.0,2.92,3.08,0.08,1.5,0.1,500,0.05,100,241,83,8065,981.954070843149,2.9920911749092927,25,0.05,0.03348602872800768,-1.4751363545138434,False,True,0.96,0.14285714285714285,1.0,1.0,False,0.0,0.0,0.992,0.0,284
operational-sufficiency-v2,20260715,operational-envelope-v4,3.0,2.92,3.08,0.08,1.5,0.1,500,0.05,100,242,84,9488,1015.5996676207008,3.006722550068444,25,0.05,0.05236496838401525,-1.2809591543406214,False,True,1.0,0.07407407407407407,1.0,1.0,True,0.52,0.07142857142857142,0.9856,0.0,284
operational-sufficiency-v2,20260715,operational-envelope-v4,3.0,2.92,3.08,0.08,1.5,0.1,500,0.05,100,243,85,10911,1196.8584739649207,3.0780427990196677,25,0.05,0.026675693653714815,-1.5738842787052196,False,True,1.0,0.13793103448275862,1.0,1.0,True,0.8,0.09090909090909091,0.9882947368421052,0.0,284
operational-sufficiency-v2,20260715,operational-envelope-v4,3.0,2.92,3.08,0.08,1.5,0.1,500,0.05,100,245,86,15180,955.6330995530013,2.9802911836733528,25,0.05,0.0182416367732042,-1.7389361961787209,False,True,0.96,0.04,1.0,1.0,True,0.76,0.05,0.9989052631578949,0.0,284
operational-sufficiency-v2,20260715,operational-envelope-v4,3.0,2.92,3.08,0.08,1.5,0.1,500,0.05,100,247,87,8065,877.3038041689528,2.943150012552456,25,0.05,0.06443737945294228,-1.190862129833645,False,True,0.96,0.1111111111111111,1.0,1.0,True,0.4,0.0,0.9573894736842103,0.0,284
operational-sufficiency-v2,20260715,operational-envelope-v4,3.0,2.92,3.08,0.08,1.5,0.1,500,0.05,100,249,88,10911,1138.637716861013,3.0563855655227057,25,0.05,0.008064814552974526,-2.093405614579523,False,True,1.0,0.13793103448275862,1.0,1.0,True,0.84,0.16,0.9962947368421052,0.0,284
operational-sufficiency-v2,20260715,operational-envelope-v4,3.0,2.92,3.08,0.08,1.5,0.1,500,0.05,100,255,89,10911,1116.556103816632,3.047880550036938,25,0.05,0.03009398639922674,-1.5215202796405982,False,True,1.0,0.10714285714285714,1.0,1.0,True,0.48,0.14285714285714285,0.9755789473684211,0.0,284
operational-sufficiency-v2,20260715,operational-envelope-v4,3.0,2.92,3.08,0.08,1.5,0.1,500,0.05,100,260,90,9488,1177.2283400743224,3.0708607085666713,25,0.05,0.05810649116285531,-1.2357753492148031,False,True,1.0,0.10714285714285714,1.0,1.0,True,0.48,0.14285714285714285,0.9742315789473684,0.0,284
operational-sufficiency-v2,20260715,operational-envelope-v4,3.0,2.92,3.08,0.08,1.5,0.1,500,0.05,100,261,91,10911,908.3880895950258,2.9582714312972924,25,0.05,0.10004855554536182,-0.999789177124793,False,True,0.96,0.04,1.0,1.0,True,0.72,0.0,0.976842105263158,0.0,284
operational-sufficiency-v2,20260715,operational-envelope-v4,3.0,2.92,3.08,0.08,1.5,0.1,500,0.05,100,265,92,8065,949.9972655022747,2.977722355205709,25,0.05,0.045704445186064646,-1.3400415586632946,False,True,0.96,0.3333333333333333,1.0,1.0,True,0.76,0.36666666666666664,0.9928421052631579,0.0,284
operational-sufficiency-v2,20260715,operational-envelope-v4,3.0,2.92,3.08,0.08,1.5,0.1,500,0.05,100,267,93,10911,932.2707153446038,2.9695420422987224,25,0.05,0.025652214557854457,-1.5908751362543092,False,True,1.0,0.1935483870967742,1.0,1.0,False,0.0,0.0,0.9697684210526316,0.0,284
operational-sufficiency-v2,20260715,operational-envelope-v4,3.0,2.92,3.08,0.08,1.5,0.1,500,0.05,100,271,94,8065,853.7030733138567,2.9313068448758686,25,0.05,0.029636511572956145,-1.5281729172168508,False,False,0.0,0.0,1.0,1.0,True,0.64,0.058823529411764705,0.9931789473684212,0.0,284
operational-sufficiency-v2,20260715,operational-envelope-v4,3.0,2.92,3.08,0.08,1.5,0.1,500,0.05,100,276,95,6641,927.1492668834532,2.9671496592418043,25,0.05,0.040022110009381724,-1.3977000186164759,False,True,1.0,0.038461538461538464,1.0,1.0,True,0.68,0.05555555555555555,0.9850947368421052,0.0,284
operational-sufficiency-v2,20260715,operational-envelope-v4,3.0,2.92,3.08,0.08,1.5,0.1,500,0.05,100,277,96,8065,1053.942840393371,3.022817057959174,25,0.05,0.09116727815074437,-1.0401610111075792,False,True,1.0,0.038461538461538464,1.0,1.0,True,0.28,0.0,0.9902315789473684,0.0,284
operational-sufficiency-v2,20260715,operational-envelope-v4,3.0,2.92,3.08,0.08,1.5,0.1,500,0.05,100,278,97,9488,973.11536056525,2.988164327922158,25,0.05,0.052525277471566774,-1.2796316446992198,False,True,1.0,0.038461538461538464,1.0,1.0,True,0.4,0.09090909090909091,0.9590736842105264,0.0,284
operational-sufficiency-v2,20260715,operational-envelope-v4,3.0,2.92,3.08,0.08,1.5,0.1,500,0.05,100,282,98,6641,886.8480200949907,2.947849200790727,25,0.05,0.1713695604372723,-0.7660663172327391,False,True,1.0,0.24242424242424243,1.0,1.0,True,0.64,0.30434782608695654,0.9871999999999999,0.0,284
operational-sufficiency-v2,20260715,operational-envelope-v4,3.0,2.92,3.08,0.08,1.5,0.1,500,0.05,100,283,99,8065,1024.0979679221275,3.0103415043867288,25,0.05,0.09755392975369533,-1.010755231282586,False,True,0.92,0.08,1.0,1.0,True,0.48,0.07692307692307693,0.9801263157894737,0.0,284
